chunk,feature,importance_gain,importance_split
1,f001_AMT_CREDIT-d-CNT_CHILDREN,3231.8018674850464,292
1,f001_AMT_ANNUITY-d-AMT_INCOME_TOTAL,11505.736746311188,960
1,f001_AMT_GOODS_PRICE-d-CNT_CHILDREN,2753.4845671653748,259
1,f001_AMT_CREDIT-d-AMT_ANNUITY,29558.02852678299,1755
1,f001_AMT_CREDIT-d-CNT_FAM_MEMBERS,5435.719878196716,465
1,f001_AMT_CREDIT,6511.893916130066,457
1,f001_AMT_GOODS_PRICE-d-CNT_FAM_MEMBERS,4159.939576625824,367
1,f001_AMT_GOODS_PRICE-s-AMT_CREDIT,10565.921384811401,638
1,f001_AMT_GOODS_PRICE-d-cnt_adults,5865.16305065155,465
1,f001_AMT_GOODS_PRICE-d-AMT_CREDIT,11703.121389389038,567
1,f001_AMT_GOODS_PRICE-d-AMT_ANNUITY,13927.06151676178,833
1,f001_AMT_GOODS_PRICE-s-AMT_CREDIT-d-AMT_INCOME_TOTAL,6761.91233587265,503
1,f001_AMT_INCOME_TOTAL_by_ORGANIZATION_TYPE,364.4669613838196,35
1,f001_CODE_GENDER,6412.728844165802,299
1,f001_AMT_GOODS_PRICE,8653.466433048248,582
1,f001_CNT_CHILDREN-d-CNT_FAM_MEMBERS,224.4212589263916,23
1,f001_APARTMENTS_AVG,1835.2817811965942,164
1,f001_APARTMENTS_MEDI,1751.379828453064,164
1,f001_APARTMENTS_MODE,2507.1556100845337,233
1,f001_DAYS_BIRTH,5068.469947338104,357
1,f001_DAYS_EMPLOYED-s-DAYS_BIRTH-d-DAYS_ID_PUBLISH-s-DAYS_BIRTH,5328.501544952393,480
1,f001_DAYS_EMPLOYED,10732.426713466644,552
1,f001_DAYS_EMPLOYED-d-DAYS_BIRTH,6958.685456037521,521
1,f001_DAYS_ID_PUBLISH-s-DAYS_BIRTH,9709.223378896713,732
1,f001_DAYS_EMPLOYED-s-DAYS_BIRTH-d-DAYS_LAST_PHONE_CHANGE-s-DAYS_BIRTH,5435.030164241791,437
1,f001_DAYS_ID_PUBLISH,9242.752223968506,726
1,f001_DAYS_LAST_PHONE_CHANGE-d-DAYS_BIRTH,5591.759623527527,489
1,f001_DAYS_ID_PUBLISH-s-DAYS_EMPLOYED,4763.152971506119,436
1,f001_DAYS_LAST_PHONE_CHANGE-s-DAYS_BIRTH,5031.97651720047,422
1,f001_DEF_60_CNT_SOCIAL_CIRCLE,897.2953400611877,64
1,f001_DAYS_LAST_PHONE_CHANGE-s-DAYS_ID_PUBLISH,5848.584342002869,531
1,f001_DEF_30_CNT_SOCIAL_CIRCLE,1276.8712258338928,89
1,f001_DAYS_LAST_PHONE_CHANGE-s-DAYS_REGISTRATION,6125.55078458786,556
1,f001_DAYS_REGISTRATION-s-DAYS_BIRTH,6407.571144580841,582
1,f001_DAYS_LAST_PHONE_CHANGE-s-DAYS_EMPLOYED,5889.3127908706665,467
1,f001_DAYS_LAST_PHONE_CHANGE,6746.773046970367,553
1,f001_DAYS_REGISTRATION,6176.500088691711,560
1,f001_DEF_30_CNT_SOCIAL_CIRCLE-d-OBS_30_CNT_SOCIAL_CIRCLE,3385.098379135132,254
1,f001_EXT_SOURCES_1-2-3,3903.5136771202087,339
1,f001_ELEVATORS_AVG,796.1824498176575,73
1,f001_DEF_60_CNT_SOCIAL_CIRCLE-d-OBS_60_CNT_SOCIAL_CIRCLE,3178.479019165039,239
1,f001_ELEVATORS_MODE,366.20882272720337,34
1,f001_EXT_SOURCES_1-2,5976.068430900574,495
1,f001_ELEVATORS_MEDI,368.004273891449,31
1,f001_EXT_SOURCES_2-1-3,4520.16440820694,366
1,f001_EXT_SOURCES_sum,33967.727224349976,714
1,f001_EXT_SOURCES_2-3,11816.395784378052,855
1,f001_EXT_SOURCES_prod,11245.77217721939,425
1,f001_FLAG_DOCUMENT_6,24.002920150756836,3
1,f001_FLAG_WORK_PHONE,2244.547354698181,168
1,f001_FLAG_DOCUMENT_3,978.3499550819397,47
1,f001_FLAG_EMP_PHONE,0.0,0
1,f001_FLAG_PHONE,819.788957118988,76
1,f001_EXT_SOURCE_1,8622.675295591354,662
1,f001_EXT_SOURCES_mean,145710.60785889626,1055
1,f001_LIVE_CITY_NOT_WORK_CITY,194.28840112686157,19
1,f001_EXT_SOURCE_3,26672.222702264786,1226
1,f001_EXT_SOURCE_2,20919.792786598206,947
1,f001_EXT_SOURCES_std,6701.428740024567,554
1,f001_FLOORSMAX_MODE,358.022180557251,31
1,f001_HOUR_APPR_PROCESS_START,2251.241039276123,214
1,f001_FLOORSMIN_MEDI,905.7619915008545,83
1,f001_FLOORSMAX_MEDI,600.4367218017578,56
1,f001_FLOORSMIN_MODE,652.0182795524597,62
1,f001_FLOORSMAX_AVG,1006.0380411148071,83
1,f001_REGION_RATING_CLIENT,967.1275720596313,79
1,f001_FLOORSMIN_AVG,873.2169885635376,83
1,f001_LIVINGAREA_MEDI,1907.450105190277,166
1,f001_LIVINGAREA_AVG,2394.187286376953,208
1,f001_LIVINGAREA_MODE,2814.8115878105164,252
1,f001_REG_CITY_NOT_LIVE_CITY,606.4973425865173,50
1,f001_OWN_CAR_AGE-d-DAYS_EMPLOYED,4302.93101978302,345
1,f001_REGION_RATING_CLIENT_W_CITY,1711.5300164222717,124
1,f001_REGION_POPULATION_RELATIVE,6866.060761213303,638
1,f001_REG_CITY_NOT_WORK_CITY,445.9854073524475,38
1,f001_OWN_CAR_AGE-s-DAYS_BIRTH,3706.512302875519,320
1,f001_OWN_CAR_AGE-s-DAYS_EMPLOYED,5585.654736042023,375
1,f001_OWN_CAR_AGE-d-DAYS_BIRTH,5501.21022939682,415
1,f001_alldocs_kurt,4057.9675736427307,192
1,f001_OWN_CAR_AGE,3049.6050157546997,217
1,f001_alldocs_std,167.12677001953125,17
1,f001_alldocs_skew,668.7371220588684,34
1,f001_TOTALAREA_MODE,3987.415165901184,341
1,f001_age,5487.530077457428,354
1,f002_NAME_CONTRACT_TYPE,152.8743190765381,12
1,f001_building_score_avg_sum,1276.89883518219,104
1,f002_NAME_HOUSING_TYPE,445.82194805145264,47
1,f001_age_finish_payment,5895.245419025421,431
1,f001_building_score_mode_sum,1380.4176602363586,119
1,f002_HOUSETYPE_MODE,338.2951216697693,28
1,f001_building_score_avg_mean,2882.2507848739624,244
1,f001_building_score_medi_mean,2734.5532784461975,234
1,f002_FONDKAPREMONT_MODE,318.20090913772583,34
1,f001_building_score_medi_sum,1499.0593709945679,116
1,f001_building_score_mode_mean,3681.2978162765503,313
1,f002_NAME_INCOME_TYPE,662.8869996070862,48
1,f002_NAME_EDUCATION_TYPE,805.4481596946716,37
1,f001_maxwell_feature,5051.159888744354,330
1,f002_WALLSMATERIAL_MODE,488.15906143188477,50
1,f003_NAME_EDUCATION_TYPE_ta,7766.503161430359,416
1,f003_ORGANIZATION_TYPE_ta,5491.371445417404,410
1,f003_NAME_FAMILY_STATUS_ta,5924.754980564117,459
1,f002_ORGANIZATION_TYPE,58796.75794506073,4039
1,f003_OCCUPATION_TYPE_ta,10787.030254244804,732
1,f003_NAME_INCOME_TYPE_ta,2204.7170944213867,174
1,f003_NAME_HOUSING_TYPE_ta,2175.0884532928467,198
1,f103_active_AMT_ANNUITY_d_app_AMT_CREDIT_pctchange_std_div_mean,154.9303297996521,16
1,f103_active_AMT_ANNUITY_d_app_AMT_ANNUITY_pctchange_std_div_mean,70.83164882659912,7
1,f103_active_AMT_ANNUITY_d_app_AMT_ANNUITY_mean,410.0177888870239,36
1,f103_active_AMT_ANNUITY_d_app_AMT_ANNUITY_max,528.9767289161682,47
1,f103_active_AMT_ANNUITY_d_app_AMT_ANNUITY_min,509.7329626083374,47
1,f103_active_AMT_ANNUITY_d_app_AMT_CREDIT_min,590.5839500427246,57
1,f103_active_AMT_ANNUITY_d_app_AMT_CREDIT_mean,463.7195415496826,43
1,f103_active_AMT_ANNUITY_d_app_AMT_INCOME_TOTAL_std,112.97935152053833,10
1,f103_active_AMT_ANNUITY_d_app_AMT_GOODS_PRICE_pctchange_std_div_mean,79.24272060394287,9
1,f103_active_AMT_ANNUITY_d_app_AMT_INCOME_TOTAL_pctchange_std_div_mean,0.0,0
1,f103_active_AMT_ANNUITY_max,630.4083218574524,62
1,f103_active_AMT_ANNUITY_mean,442.10112285614014,44
1,f103_active_AMT_ANNUITY_min,526.0696897506714,51
1,f103_active_AMT_ANNUITY_s_app_AMT_ANNUITY_d_app_AMT_INCOME_TOTAL_max,635.6174211502075,52
1,f103_active_AMT_ANNUITY_s_app_AMT_ANNUITY_d_app_AMT_INCOME_TOTAL_mean,493.17766857147217,45
1,f103_active_AMT_ANNUITY_s_app_AMT_ANNUITY_d_app_AMT_INCOME_TOTAL_min,545.1797094345093,50
1,f103_active_AMT_ANNUITY_s_app_AMT_ANNUITY_d_app_AMT_INCOME_TOTAL_pctchange_std_div_mean,59.27813005447388,6
1,f103_active_AMT_ANNUITY_m_app_AMT_GOODS_PRICE_d_app_AMT_INCOME_TOTAL_std,32.474899768829346,4
1,f103_active_AMT_ANNUITY_s_app_AMT_ANNUITY_d_app_AMT_INCOME_TOTAL_std,9.574899673461914,1
1,f103_active_AMT_ANNUITY_s_app_AMT_ANNUITY_pctchange_std_div_mean,55.972639083862305,5
1,f103_active_AMT_ANNUITY_s_app_AMT_ANNUITY_max,500.5824899673462,48
1,f103_active_AMT_ANNUITY_s_app_AMT_ANNUITY_mean,559.5198407173157,56
1,f103_active_AMT_ANNUITY_s_app_AMT_ANNUITY_min,810.5398888587952,75
1,f103_active_AMT_ANNUITY_s_app_AMT_CREDIT_d_app_AMT_INCOME_TOTAL_std,10.09060001373291,1
1,f103_active_AMT_APPLICATION_d_app_AMT_ANNUITY_diff_std,35.5482497215271,3
1,f103_active_AMT_ANNUITY_s_app_AMT_GOODS_PRICE_max,995.9203472137451,94
1,f103_active_AMT_ANNUITY_s_app_AMT_GOODS_PRICE_min,816.6102437973022,74
1,f103_active_AMT_APPLICATION_d_app_AMT_ANNUITY_diff_max,178.923020362854,16
1,f103_active_AMT_ANNUITY_s_app_AMT_GOODS_PRICE_mean,514.3399143218994,47
1,f103_active_AMT_APPLICATION_d_app_AMT_ANNUITY_diff_std_div_mean,75.70458936691284,7
1,f103_active_AMT_APPLICATION_d_app_AMT_ANNUITY_min,482.7290029525757,42
1,f103_active_AMT_APPLICATION_d_app_AMT_ANNUITY_diff_mean,203.78244972229004,19
1,f103_active_AMT_APPLICATION_d_app_AMT_ANNUITY_pctchange_std,0.0,0
1,f103_active_AMT_APPLICATION_d_app_AMT_CREDIT_max,313.53533029556274,31
1,f103_active_AMT_APPLICATION_d_app_AMT_CREDIT_diff_max,238.9460186958313,22
1,f103_active_AMT_APPLICATION_d_app_AMT_CREDIT_min,563.9519476890564,49
1,f103_active_AMT_APPLICATION_d_app_AMT_CREDIT_pctchange_std,8.549189567565918,1
1,f103_active_AMT_APPLICATION_d_app_AMT_ANNUITY_diff_min,152.06097888946533,14
1,f103_active_AMT_APPLICATION_d_app_AMT_CREDIT_diff_min,145.7476887702942,14
1,f103_active_AMT_APPLICATION_d_app_AMT_ANNUITY_max,324.0685682296753,29
1,f103_active_AMT_APPLICATION_d_app_AMT_CREDIT_diff_std,37.45639991760254,2
1,f103_active_AMT_APPLICATION_d_app_AMT_CREDIT_diff_mean,196.89668989181519,19
1,f103_active_AMT_APPLICATION_d_app_AMT_CREDIT_mean,230.0789713859558,20
1,f103_active_AMT_APPLICATION_d_app_AMT_GOODS_PRICE_mean,495.66163301467896,48
1,f103_active_AMT_APPLICATION_d_app_AMT_GOODS_PRICE_diff_mean,144.27881050109863,12
1,f103_active_AMT_APPLICATION_d_app_AMT_INCOME_TOTAL_diff_min,236.93465042114258,22
1,f103_active_AMT_APPLICATION_d_app_AMT_GOODS_PRICE_min,515.3028807640076,48
1,f103_active_AMT_APPLICATION_d_app_AMT_GOODS_PRICE_pctchange_std,17.362380027770996,2
1,f103_active_AMT_APPLICATION_d_app_AMT_INCOME_TOTAL_diff_std_div_mean,144.2759690284729,13
1,f103_active_AMT_APPLICATION_d_app_AMT_ANNUITY_mean,389.1672282218933,32
1,f103_active_AMT_APPLICATION_m_app_AMT_GOODS_PRICE_d_app_AMT_INCOME_TOTAL_max_div_min,72.90497922897339,5
1,f103_active_AMT_APPLICATION_m_app_AMT_GOODS_PRICE_d_app_AMT_INCOME_TOTAL_diff_mean,262.0470886230469,25
1,f103_active_AMT_APPLICATION_d_app_AMT_INCOME_TOTAL_pctchange_std,0.0,0
1,f103_active_AMT_APPLICATION_m_app_AMT_GOODS_PRICE_d_app_AMT_INCOME_TOTAL_std_div_mean,111.06877040863037,10
1,f103_active_AMT_APPLICATION_m_app_AMT_GOODS_PRICE_d_app_AMT_INCOME_TOTAL_pctchange_std,23.60347080230713,2
1,f103_active_AMT_APPLICATION_d_app_AMT_INCOME_TOTAL_min,767.917911529541,70
1,f103_active_AMT_APPLICATION_d_app_AMT_INCOME_TOTAL_diff_mean,122.37052202224731,11
1,f103_active_AMT_APPLICATION_d_app_AMT_GOODS_PRICE_diff_min,215.35532760620117,20
1,f103_active_AMT_APPLICATION_s_app_AMT_ANNUITY_d_app_AMT_INCOME_TOTAL_diff_min,78.663321018219,6
1,f103_active_AMT_APPLICATION_m_app_AMT_GOODS_PRICE_d_app_AMT_INCOME_TOTAL_diff_min,70.67538976669312,6
1,f103_active_AMT_APPLICATION_s_app_AMT_ANNUITY_d_app_AMT_INCOME_TOTAL_min,561.511182308197,49
1,f103_active_AMT_APPLICATION_s_app_AMT_ANNUITY_d_app_AMT_INCOME_TOTAL_pctchange_std,24.772990226745605,3
1,f103_active_AMT_APPLICATION_s_app_AMT_ANNUITY_d_app_AMT_INCOME_TOTAL_pctchange_std_div_mean,101.7866587638855,11
1,f103_active_AMT_APPLICATION_mean,185.88457918167114,15
1,f103_active_AMT_APPLICATION_s_app_AMT_ANNUITY_d_app_AMT_INCOME_TOTAL_diff_mean,35.38892984390259,4
1,f103_active_AMT_APPLICATION_s_app_AMT_ANNUITY_max,340.08904123306274,32
1,f103_active_AMT_APPLICATION_min,208.47547101974487,19
1,f103_active_AMT_APPLICATION_s_app_AMT_ANNUITY_diff_mean,222.5998878479004,20
1,f103_active_AMT_APPLICATION_max,123.93976926803589,11
1,f103_active_AMT_APPLICATION_s_app_AMT_ANNUITY_diff_min,152.60253953933716,15
1,f103_active_AMT_APPLICATION_s_app_AMT_ANNUITY_pctchange_std_div_mean,36.78951930999756,4
1,f103_active_AMT_APPLICATION_s_app_AMT_ANNUITY_diff_std_div_mean,0.0,0
1,f103_active_AMT_APPLICATION_s_app_AMT_ANNUITY_mean,163.51738929748535,15
1,f103_active_AMT_APPLICATION_s_app_AMT_ANNUITY_diff_max,246.72171020507812,21
1,f103_active_AMT_APPLICATION_s_app_AMT_ANNUITY_pctchange_std,0.0,0
1,f103_active_AMT_APPLICATION_s_app_AMT_ANNUITY_std,16.792879581451416,2
1,f103_active_AMT_APPLICATION_s_app_AMT_CREDIT_d_app_AMT_INCOME_TOTAL_diff_std_div_mean,14.532400131225586,1
1,f103_active_AMT_APPLICATION_s_app_AMT_CREDIT_d_app_AMT_INCOME_TOTAL_mean,768.411860704422,69
1,f103_active_AMT_APPLICATION_s_app_AMT_ANNUITY_min,259.45061111450195,23
1,f103_active_AMT_APPLICATION_s_app_AMT_CREDIT_d_app_AMT_INCOME_TOTAL_diff_mean,11.210000038146973,1
1,f103_active_AMT_APPLICATION_s_app_AMT_CREDIT_d_app_AMT_INCOME_TOTAL_min,675.997456073761,60
1,f103_active_AMT_APPLICATION_s_app_AMT_CREDIT_d_app_AMT_INCOME_TOTAL_diff_min,10.926300048828125,1
1,f103_active_AMT_APPLICATION_s_app_AMT_CREDIT_d_app_AMT_INCOME_TOTAL_pctchange_std_div_mean,55.298099994659424,5
1,f103_active_AMT_APPLICATION_s_app_AMT_CREDIT_d_app_AMT_INCOME_TOTAL_std_div_mean,117.73109006881714,14
1,f103_active_AMT_APPLICATION_s_app_AMT_CREDIT_diff_mean,65.1678786277771,7
1,f103_active_AMT_APPLICATION_s_app_AMT_CREDIT_diff_max,106.32113933563232,10
1,f103_active_AMT_APPLICATION_s_app_AMT_CREDIT_diff_std_div_mean,10.166999816894531,1
1,f103_active_AMT_APPLICATION_s_app_AMT_CREDIT_pctchange_std_div_mean,8.084090232849121,1
1,f103_active_AMT_APPLICATION_s_app_AMT_CREDIT_std,9.801690101623535,1
1,f103_active_AMT_APPLICATION_s_app_AMT_GOODS_PRICE_diff_mean,29.058560371398926,4
1,f103_active_AMT_APPLICATION_s_app_AMT_CREDIT_diff_min,18.0126895904541,2
1,f103_active_AMT_APPLICATION_s_app_AMT_GOODS_PRICE_diff_max,23.027079582214355,2
1,f103_active_AMT_APPLICATION_s_app_AMT_CREDIT_std_div_mean,27.032769680023193,3
1,f103_active_AMT_APPLICATION_s_app_AMT_GOODS_PRICE_diff_min,56.84265947341919,6
1,f103_active_AMT_APPLICATION_s_app_AMT_GOODS_PRICE_pctchange_std,0.0,0
1,f103_active_AMT_APPLICATION_s_app_AMT_GOODS_PRICE_std_div_mean,33.621270179748535,3
1,f103_active_AMT_APPLICATION_s_app_AMT_GOODS_PRICE_max_div_min,12.087499618530273,1
1,f103_active_AMT_APPLICATION_s_app_AMT_INCOME_TOTAL_diff_mean,9.99153995513916,1
1,f103_active_AMT_APPLICATION_s_app_AMT_GOODS_PRICE_std,18.124249935150146,2
1,f103_active_AMT_APPLICATION_s_app_AMT_INCOME_TOTAL_diff_min,8.237549781799316,1
1,f103_active_AMT_APPLICATION_s_app_AMT_INCOME_TOTAL_diff_max,0.0,0
1,f103_active_AMT_APPLICATION_s_app_AMT_INCOME_TOTAL_diff_std_div_mean,0.0,0
1,f103_active_AMT_APPLICATION_s_app_AMT_INCOME_TOTAL_max,394.8292193412781,37
1,f103_active_AMT_APPLICATION_s_app_AMT_INCOME_TOTAL_std,0.0,0
1,f103_active_AMT_CREDIT_d_AMT_ANNUITY_diff_min,790.4900908470154,73
1,f103_active_AMT_CREDIT_d_AMT_ANNUITY_diff_std,225.80051565170288,22
1,f103_active_AMT_APPLICATION_s_app_AMT_INCOME_TOTAL_min,360.5657525062561,31
1,f103_active_AMT_CREDIT_d_AMT_ANNUITY_diff_std_div_mean,96.5610580444336,9
1,f103_active_AMT_APPLICATION_s_app_AMT_INCOME_TOTAL_std_div_mean,96.50076866149902,9
1,f103_active_AMT_APPLICATION_s_app_AMT_INCOME_TOTAL_mean,332.34247303009033,31
1,f103_active_AMT_CREDIT_d_AMT_ANNUITY_diff_mean,632.7340440750122,58
1,f103_active_AMT_APPLICATION_std,0.0,0
1,f103_active_AMT_CREDIT_d_AMT_ANNUITY_min,1108.294033050537,106
1,f103_active_AMT_CREDIT_d_AMT_ANNUITY_pctchange_max,816.4122838973999,78
1,f103_active_AMT_CREDIT_d_AMT_ANNUITY_diff_max,785.5813393592834,75
1,f103_active_AMT_CREDIT_d_AMT_ANNUITY_max,1226.5863456726074,102
1,f103_active_AMT_CREDIT_d_AMT_ANNUITY_mean,853.7147841453552,78
1,f103_active_AMT_CREDIT_d_AMT_ANNUITY_pctchange_min,780.4829931259155,71
1,f103_active_AMT_CREDIT_d_AMT_ANNUITY_pctchange_mean,489.7786068916321,46
1,f103_active_AMT_CREDIT_d_AMT_APPLICATION_diff_std,36.13798999786377,3
1,f103_active_AMT_CREDIT_d_AMT_APPLICATION_mean,588.2997140884399,46
1,f103_active_AMT_CREDIT_d_AMT_APPLICATION_pctchange_std_div_mean,112.68474864959717,9
1,f103_active_AMT_CREDIT_d_AMT_APPLICATION_max,733.474561214447,67
1,f103_active_AMT_CREDIT_d_AMT_APPLICATION_pctchange_std,18.800070762634277,2
1,f103_active_AMT_CREDIT_d_app_AMT_ANNUITY_diff_std_div_mean,147.0698390007019,14
1,f103_active_AMT_CREDIT_d_app_AMT_ANNUITY_diff_max,436.5060706138611,45
1,f103_active_AMT_CREDIT_d_AMT_APPLICATION_min,726.7540111541748,65
1,f103_active_AMT_CREDIT_d_app_AMT_ANNUITY_max,395.65024852752686,37
1,f103_active_AMT_CREDIT_d_app_AMT_ANNUITY_diff_min,372.4916615486145,36
1,f103_active_AMT_CREDIT_d_app_AMT_ANNUITY_min,432.50237131118774,42
1,f103_active_AMT_CREDIT_d_app_AMT_ANNUITY_mean,409.75289726257324,38
1,f103_active_AMT_CREDIT_d_app_AMT_ANNUITY_diff_mean,230.3940291404724,24
1,f103_active_AMT_CREDIT_d_app_AMT_ANNUITY_pctchange_std,23.190500259399414,2
1,f103_active_AMT_CREDIT_d_app_AMT_CREDIT_diff_std,53.252389907836914,6
1,f103_active_AMT_CREDIT_d_app_AMT_CREDIT_diff_max,401.1075005531311,40
1,f103_active_AMT_CREDIT_d_app_AMT_CREDIT_diff_mean,216.4658980369568,20
1,f103_active_AMT_CREDIT_d_app_AMT_CREDIT_diff_std_div_mean,25.090200424194336,2
1,f103_active_AMT_CREDIT_d_app_AMT_CREDIT_mean,338.2560386657715,29
1,f103_active_AMT_CREDIT_d_app_AMT_CREDIT_diff_min,333.93540382385254,30
1,f103_active_AMT_CREDIT_d_app_AMT_CREDIT_pctchange_std,36.59432029724121,4
1,f103_active_AMT_CREDIT_d_app_AMT_GOODS_PRICE_diff_mean,301.24546813964844,29
1,f103_active_AMT_CREDIT_d_app_AMT_CREDIT_max,534.2119317054749,48
1,f103_active_AMT_CREDIT_d_app_AMT_GOODS_PRICE_diff_min,379.4231491088867,37
1,f103_active_AMT_CREDIT_d_app_AMT_CREDIT_min,435.2591919898987,40
1,f103_active_AMT_CREDIT_d_app_AMT_GOODS_PRICE_pctchange_std,19.77767038345337,2
1,f103_active_AMT_CREDIT_d_app_AMT_GOODS_PRICE_diff_std_div_mean,82.97334957122803,8
1,f103_active_AMT_CREDIT_d_app_AMT_INCOME_TOTAL_diff_std_div_mean,7.520899772644043,1
1,f103_active_AMT_CREDIT_d_app_AMT_GOODS_PRICE_min,450.93800926208496,38
1,f103_active_AMT_CREDIT_d_app_AMT_INCOME_TOTAL_diff_min,421.8379740715027,37
1,f103_active_AMT_CREDIT_d_app_AMT_INCOME_TOTAL_std,162.66326999664307,18
1,f103_active_AMT_CREDIT_d_app_AMT_INCOME_TOTAL_pctchange_std,0.0,0
1,f103_active_AMT_CREDIT_d_total_debt_diff_std,167.56254053115845,18
1,f103_active_AMT_CREDIT_d_total_debt_diff_std_div_mean,30.247900009155273,2
1,f103_active_AMT_CREDIT_d_total_debt_diff_mean,1095.3626799583435,96
1,f103_active_AMT_CREDIT_d_total_debt_max_div_min,65.65266847610474,6
1,f103_active_AMT_CREDIT_d_total_debt_mean,2719.252640247345,146
1,f103_active_AMT_CREDIT_d_total_debt_pctchange_std,185.05395984649658,19
1,f103_active_AMT_CREDIT_d_total_debt_diff_min,1040.7253413200378,101
1,f103_active_AMT_CREDIT_d_total_debt_max,2232.6149072647095,144
1,f103_active_AMT_CREDIT_d_total_debt_std_div_mean,74.70995044708252,8
1,f103_active_AMT_CREDIT_d_total_debt_pctchange_std_div_mean,136.4278802871704,14
1,f103_active_AMT_CREDIT_m_app_AMT_GOODS_PRICE_d_app_AMT_INCOME_TOTAL_diff_std_div_mean,32.83499050140381,3
1,f103_active_AMT_CREDIT_d_total_debt_std,75.92932939529419,9
1,f103_active_AMT_CREDIT_d_total_debt_min,2716.511311531067,141
1,f103_active_AMT_CREDIT_d_total_debt_pctchange_min,948.3073415756226,92
1,f103_active_AMT_CREDIT_max,417.50669145584106,38
1,f103_active_AMT_CREDIT_m_app_AMT_GOODS_PRICE_d_app_AMT_INCOME_TOTAL_std,188.25414037704468,19
1,f103_active_AMT_CREDIT_m_app_AMT_GOODS_PRICE_d_app_AMT_INCOME_TOTAL_diff_min,135.3589301109314,13
1,f103_active_AMT_CREDIT_min,323.69760942459106,31
1,f103_active_AMT_CREDIT_mean,328.58865880966187,32
1,f103_active_AMT_CREDIT_s_app_AMT_ANNUITY_d_app_AMT_INCOME_TOTAL_diff_std_div_mean,0.0,0
1,f103_active_AMT_CREDIT_s_app_AMT_ANNUITY_d_app_AMT_INCOME_TOTAL_std,24.87764024734497,3
1,f103_active_AMT_CREDIT_s_app_AMT_ANNUITY_d_app_AMT_INCOME_TOTAL_diff_min,84.46386909484863,8
1,f103_active_AMT_CREDIT_s_app_AMT_ANNUITY_diff_std_div_mean,0.0,0
1,f103_active_AMT_CREDIT_s_app_AMT_ANNUITY_diff_min,321.4490704536438,29
1,f103_active_AMT_CREDIT_s_app_AMT_ANNUITY_mean,250.91879081726074,23
1,f103_active_AMT_CREDIT_s_app_AMT_ANNUITY_diff_mean,199.97763967514038,20
1,f103_active_AMT_CREDIT_s_app_AMT_ANNUITY_max,327.27581214904785,30
1,f103_active_AMT_CREDIT_s_app_AMT_CREDIT_d_app_AMT_INCOME_TOTAL_std,14.295299530029297,1
1,f103_active_AMT_CREDIT_s_app_AMT_ANNUITY_min,262.82754135131836,24
1,f103_active_AMT_CREDIT_s_app_AMT_CREDIT_d_app_AMT_INCOME_TOTAL_diff_min,14.481840133666992,2
1,f103_active_AMT_CREDIT_s_app_AMT_CREDIT_d_app_AMT_INCOME_TOTAL_diff_std_div_mean,0.0,0
1,f103_active_AMT_CREDIT_s_app_AMT_CREDIT_diff_mean,97.66806030273438,8
1,f103_active_AMT_CREDIT_s_app_AMT_CREDIT_diff_std_div_mean,0.0,0
1,f103_active_AMT_CREDIT_s_app_AMT_GOODS_PRICE_diff_mean,252.58837938308716,24
1,f103_active_AMT_CREDIT_s_app_AMT_CREDIT_diff_min,68.6367998123169,7
1,f103_active_AMT_CREDIT_s_app_AMT_GOODS_PRICE_diff_std_div_mean,0.0,0
1,f103_active_AMT_CREDIT_s_app_AMT_GOODS_PRICE_diff_min,102.3454999923706,9
1,f103_active_AMT_CREDIT_s_app_AMT_INCOME_TOTAL_diff_mean,9.142459869384766,1
1,f103_active_AMT_CREDIT_s_app_AMT_INCOME_TOTAL_max,432.26554775238037,39
1,f103_active_AMT_CREDIT_s_app_AMT_INCOME_TOTAL_diff_std_div_mean,0.0,0
1,f103_active_AMT_CREDIT_s_app_AMT_INCOME_TOTAL_diff_min,10.1318998336792,1
1,f103_active_AMT_CREDIT_s_app_AMT_INCOME_TOTAL_mean,201.9350905418396,19
1,f103_active_AMT_DOWN_PAYMENT_d_AMT_GOODS_PRICE_diff_std_div_mean,69.4813404083252,8
1,f103_active_AMT_CREDIT_s_app_AMT_INCOME_TOTAL_min,478.83210849761963,42
1,f103_active_AMT_DOWN_PAYMENT_d_AMT_GOODS_PRICE_max_div_min,0.0,0
1,f103_active_AMT_DOWN_PAYMENT_d_AMT_GOODS_PRICE_std_div_mean,0.0,0
1,f103_active_AMT_DOWN_PAYMENT_d_AMT_GOODS_PRICE_pctchange_std_div_mean,0.0,0
1,f103_active_AMT_DOWN_PAYMENT_d_AMT_GOODS_PRICE_diff_max,247.1660885810852,27
1,f103_active_AMT_DOWN_PAYMENT_d_AMT_GOODS_PRICE_pctchange_std,0.0,0
1,f103_active_AMT_DOWN_PAYMENT_max_div_min,9.437419891357422,1
1,f103_active_AMT_DOWN_PAYMENT_std_div_mean,0.0,0
1,f103_active_AMT_DOWN_PAYMENT_d_AMT_GOODS_PRICE_pctchange_max,0.0,0
1,f103_active_AMT_DOWN_PAYMENT_d_AMT_GOODS_PRICE_pctchange_min,9.136500358581543,1
1,f103_active_AMT_DOWN_PAYMENT_d_AMT_GOODS_PRICE_pctchange_mean,0.0,0
1,f103_active_AMT_GOODS_PRICE_d_AMT_ANNUITY_pctchange_std,43.74745988845825,5
1,f103_active_AMT_GOODS_PRICE_d_AMT_ANNUITY_diff_min,776.6632285118103,69
1,f103_active_AMT_GOODS_PRICE_d_AMT_ANNUITY_diff_mean,553.9765496253967,50
1,f103_active_AMT_GOODS_PRICE_d_AMT_ANNUITY_diff_max,564.895528793335,51
1,f103_active_AMT_GOODS_PRICE_d_AMT_ANNUITY_max,884.3082618713379,84
1,f103_active_AMT_GOODS_PRICE_d_AMT_CREDIT_diff_std,35.19586944580078,4
1,f103_active_AMT_GOODS_PRICE_d_AMT_ANNUITY_pctchange_max,633.6344704627991,65
1,f103_active_AMT_GOODS_PRICE_d_AMT_ANNUITY_mean,1005.5002589225769,86
1,f103_active_AMT_GOODS_PRICE_d_AMT_ANNUITY_pctchange_mean,713.5622606277466,63
1,f103_active_AMT_GOODS_PRICE_d_AMT_ANNUITY_pctchange_min,696.2279567718506,62
1,f103_active_AMT_GOODS_PRICE_d_AMT_ANNUITY_min,724.7384495735168,67
1,f103_active_AMT_GOODS_PRICE_d_AMT_ANNUITY_max_div_min,50.258620738983154,4
1,f103_active_AMT_GOODS_PRICE_d_AMT_CREDIT_pctchange_std_div_mean,82.67518997192383,8
1,f103_active_AMT_GOODS_PRICE_d_AMT_CREDIT_max,392.83269929885864,38
1,f103_active_AMT_GOODS_PRICE_d_AMT_ANNUITY_std,220.35708141326904,23
1,f103_active_AMT_GOODS_PRICE_d_AMT_ANNUITY_std_div_mean,149.8908805847168,16
1,f103_active_AMT_GOODS_PRICE_d_app_AMT_ANNUITY_diff_std,15.25970983505249,2
1,f103_active_AMT_GOODS_PRICE_d_app_AMT_ANNUITY_pctchange_std,6.935979843139648,1
1,f103_active_AMT_GOODS_PRICE_d_AMT_CREDIT_pctchange_std,7.786719799041748,1
1,f103_active_AMT_GOODS_PRICE_d_app_AMT_ANNUITY_diff_min,151.75248908996582,15
1,f103_active_AMT_GOODS_PRICE_d_app_AMT_ANNUITY_mean,84.72396945953369,8
1,f103_active_AMT_GOODS_PRICE_d_AMT_CREDIT_min,364.0474886894226,30
1,f103_active_AMT_GOODS_PRICE_d_AMT_CREDIT_mean,333.94846057891846,29
1,f103_active_AMT_GOODS_PRICE_d_app_AMT_ANNUITY_diff_mean,160.146240234375,13
1,f103_active_AMT_GOODS_PRICE_d_app_AMT_CREDIT_diff_std,68.98750972747803,4
1,f103_active_AMT_GOODS_PRICE_d_app_AMT_ANNUITY_max,131.4634189605713,10
1,f103_active_AMT_GOODS_PRICE_d_app_AMT_ANNUITY_min,178.3818507194519,16
1,f103_active_AMT_GOODS_PRICE_d_app_AMT_ANNUITY_diff_max,276.0325617790222,26
1,f103_active_AMT_GOODS_PRICE_d_app_AMT_CREDIT_diff_max,174.14835166931152,18
1,f103_active_AMT_GOODS_PRICE_d_app_AMT_CREDIT_pctchange_std,0.0,0
1,f103_active_AMT_GOODS_PRICE_d_app_AMT_CREDIT_diff_min,223.2016477584839,21
1,f103_active_AMT_GOODS_PRICE_d_app_AMT_CREDIT_min,90.2689995765686,9
1,f103_active_AMT_GOODS_PRICE_d_app_AMT_CREDIT_max,109.67763042449951,9
1,f103_active_AMT_GOODS_PRICE_d_app_AMT_CREDIT_diff_mean,131.07630109786987,13
1,f103_active_AMT_GOODS_PRICE_d_app_AMT_CREDIT_mean,64.23160076141357,6
1,f103_active_AMT_GOODS_PRICE_d_app_AMT_GOODS_PRICE_mean,122.56879043579102,12
1,f103_active_AMT_GOODS_PRICE_d_app_AMT_GOODS_PRICE_diff_min,162.88885068893433,13
1,f103_active_AMT_GOODS_PRICE_d_app_AMT_GOODS_PRICE_diff_mean,225.98627758026123,23
1,f103_active_AMT_GOODS_PRICE_d_app_AMT_GOODS_PRICE_min,171.0655493736267,19
1,f103_active_AMT_GOODS_PRICE_d_app_AMT_GOODS_PRICE_diff_max,308.75605821609497,25
1,f103_active_AMT_GOODS_PRICE_d_app_AMT_GOODS_PRICE_pctchange_std,0.0,0
1,f103_active_AMT_GOODS_PRICE_d_total_debt_diff_std_div_mean,21.44159984588623,2
1,f103_active_AMT_GOODS_PRICE_d_app_AMT_INCOME_TOTAL_diff_mean,183.04030990600586,17
1,f103_active_AMT_GOODS_PRICE_d_app_AMT_INCOME_TOTAL_pctchange_std,0.0,0
1,f103_active_AMT_GOODS_PRICE_d_app_AMT_INCOME_TOTAL_min,188.94041919708252,18
1,f103_active_AMT_GOODS_PRICE_d_app_AMT_INCOME_TOTAL_diff_min,152.5952091217041,16
1,f103_active_AMT_GOODS_PRICE_d_app_AMT_INCOME_TOTAL_diff_std_div_mean,18.62060022354126,2
1,f103_active_AMT_GOODS_PRICE_d_total_debt_std,180.37648963928223,19
1,f103_active_AMT_GOODS_PRICE_d_total_debt_diff_std,107.24650001525879,11
1,f103_active_AMT_GOODS_PRICE_d_total_debt_pctchange_std_div_mean,97.47281169891357,6
1,f103_active_AMT_GOODS_PRICE_d_total_debt_max_div_min,88.49505138397217,7
1,f103_active_AMT_GOODS_PRICE_d_total_debt_max,1887.6659965515137,133
1,f103_active_AMT_GOODS_PRICE_d_total_debt_pctchange_std,77.48526954650879,8
1,f103_active_AMT_GOODS_PRICE_d_total_debt_mean,1718.2976655960083,112
1,f103_active_AMT_GOODS_PRICE_m_app_AMT_GOODS_PRICE_d_app_AMT_INCOME_TOTAL_std_div_mean,0.0,0
1,f103_active_AMT_GOODS_PRICE_m_app_AMT_GOODS_PRICE_d_app_AMT_INCOME_TOTAL_max_div_min,17.768589973449707,2
1,f103_active_AMT_GOODS_PRICE_d_total_debt_min,2472.015944957733,135
1,f103_active_AMT_GOODS_PRICE_d_total_debt_std_div_mean,133.43046760559082,12
1,f103_active_AMT_GOODS_PRICE_s_app_AMT_ANNUITY_d_app_AMT_INCOME_TOTAL_pctchange_std_div_mean,65.3161301612854,7
1,f103_active_AMT_GOODS_PRICE_min,97.87069034576416,11
1,f103_active_AMT_GOODS_PRICE_m_app_AMT_GOODS_PRICE_d_app_AMT_INCOME_TOTAL_pctchange_std,56.07309007644653,7
1,f103_active_AMT_GOODS_PRICE_m_app_AMT_GOODS_PRICE_d_app_AMT_INCOME_TOTAL_diff_mean,109.68800830841064,9
1,f103_active_AMT_GOODS_PRICE_max,48.99180030822754,4
1,f103_active_AMT_GOODS_PRICE_m_app_AMT_GOODS_PRICE_d_app_AMT_INCOME_TOTAL_diff_min,81.16617918014526,8
1,f103_active_AMT_GOODS_PRICE_s_app_AMT_ANNUITY_d_app_AMT_INCOME_TOTAL_diff_min,44.33835029602051,4
1,f103_active_AMT_GOODS_PRICE_s_app_AMT_ANNUITY_d_app_AMT_INCOME_TOTAL_pctchange_std,49.186089515686035,5
1,f103_active_AMT_GOODS_PRICE_s_app_AMT_ANNUITY_d_app_AMT_INCOME_TOTAL_min,193.6555528640747,19
1,f103_active_AMT_GOODS_PRICE_s_app_AMT_ANNUITY_d_app_AMT_INCOME_TOTAL_diff_mean,77.70314025878906,8
1,f103_active_AMT_GOODS_PRICE_mean,60.55922031402588,5
1,f103_active_AMT_GOODS_PRICE_s_app_AMT_ANNUITY_diff_mean,104.94141960144043,9
1,f103_active_AMT_GOODS_PRICE_s_app_AMT_ANNUITY_diff_min,124.72932052612305,12
1,f103_active_AMT_GOODS_PRICE_s_app_AMT_ANNUITY_mean,122.71625137329102,12
1,f103_active_AMT_GOODS_PRICE_s_app_AMT_ANNUITY_pctchange_std_div_mean,0.0,0
1,f103_active_AMT_GOODS_PRICE_s_app_AMT_ANNUITY_diff_max,179.280930519104,19
1,f103_active_AMT_GOODS_PRICE_s_app_AMT_ANNUITY_std,0.0,0
1,f103_active_AMT_GOODS_PRICE_s_app_AMT_ANNUITY_pctchange_std,0.0,0
1,f103_active_AMT_GOODS_PRICE_s_app_AMT_CREDIT_d_app_AMT_INCOME_TOTAL_diff_std_div_mean,12.859600067138672,1
1,f103_active_AMT_GOODS_PRICE_s_app_AMT_ANNUITY_max,129.5479917526245,10
1,f103_active_AMT_GOODS_PRICE_s_app_AMT_ANNUITY_min,92.55597066879272,8
1,f103_active_AMT_GOODS_PRICE_s_app_AMT_CREDIT_d_app_AMT_INCOME_TOTAL_min,193.85469007492065,17
1,f103_active_AMT_GOODS_PRICE_s_app_AMT_CREDIT_d_app_AMT_INCOME_TOTAL_mean,182.06219959259033,16
1,f103_active_AMT_GOODS_PRICE_s_app_AMT_CREDIT_diff_mean,50.44105052947998,5
1,f103_active_AMT_GOODS_PRICE_s_app_AMT_CREDIT_std,0.0,0
1,f103_active_AMT_GOODS_PRICE_s_app_AMT_CREDIT_d_app_AMT_INCOME_TOTAL_std_div_mean,21.004050254821777,2
1,f103_active_AMT_GOODS_PRICE_s_app_AMT_CREDIT_d_app_AMT_INCOME_TOTAL_pctchange_std_div_mean,66.41005039215088,6
1,f103_active_AMT_GOODS_PRICE_s_app_AMT_CREDIT_d_app_AMT_INCOME_TOTAL_diff_min,11.781399726867676,1
1,f103_active_AMT_GOODS_PRICE_s_app_AMT_CREDIT_diff_max,107.55319023132324,10
1,f103_active_AMT_GOODS_PRICE_s_app_AMT_CREDIT_d_app_AMT_INCOME_TOTAL_diff_mean,19.93004035949707,2
1,f103_active_AMT_GOODS_PRICE_s_app_AMT_CREDIT_std_div_mean,0.0,0
1,f103_active_AMT_GOODS_PRICE_s_app_AMT_CREDIT_diff_min,75.75846099853516,3
1,f103_active_AMT_GOODS_PRICE_s_app_AMT_CREDIT_pctchange_std_div_mean,36.74166965484619,4
1,f103_active_AMT_GOODS_PRICE_s_app_AMT_GOODS_PRICE_diff_max,51.8660192489624,5
1,f103_active_AMT_GOODS_PRICE_s_app_AMT_GOODS_PRICE_diff_min,11.190099716186523,1
1,f103_active_AMT_GOODS_PRICE_s_app_AMT_GOODS_PRICE_std,0.0,0
1,f103_active_AMT_GOODS_PRICE_s_app_AMT_GOODS_PRICE_diff_mean,42.702059268951416,4
1,f103_active_AMT_GOODS_PRICE_s_app_AMT_GOODS_PRICE_pctchange_std,7.962480068206787,1
1,f103_active_AMT_GOODS_PRICE_s_app_AMT_INCOME_TOTAL_diff_max,9.159119606018066,1
1,f103_active_AMT_GOODS_PRICE_s_app_AMT_GOODS_PRICE_max_div_min,0.0,0
1,f103_active_AMT_GOODS_PRICE_s_app_AMT_GOODS_PRICE_std_div_mean,0.0,0
1,f103_active_AMT_GOODS_PRICE_s_app_AMT_INCOME_TOTAL_min,95.20152950286865,9
1,f103_active_AMT_GOODS_PRICE_s_app_AMT_INCOME_TOTAL_max,149.91322898864746,11
1,f103_active_AMT_GOODS_PRICE_s_app_AMT_INCOME_TOTAL_std,0.0,0
1,f103_active_AMT_GOODS_PRICE_s_app_AMT_INCOME_TOTAL_diff_mean,0.0,0
1,f103_active_AMT_GOODS_PRICE_s_app_AMT_INCOME_TOTAL_diff_min,0.0,0
1,f103_active_AMT_GOODS_PRICE_std,0.0,0
1,f103_active_CNT_PAYMENT_max,348.64684009552,22
1,f103_active_AMT_GOODS_PRICE_s_app_AMT_INCOME_TOTAL_mean,74.01259994506836,5
1,f103_active_DAYS_DECISION_d_app_DAYS_BIRTH_std_div_mean,36.37292003631592,4
1,f103_active_AMT_GOODS_PRICE_s_app_AMT_INCOME_TOTAL_std_div_mean,16.70718002319336,2
1,f103_active_CNT_PAYMENT_std,100.96922063827515,9
1,f103_active_CNT_PAYMENT_min,328.3273096084595,27
1,f103_active_CODE_REJECT_REASON_XAP_sum,0.0,0
1,f103_active_DAYS_DECISION_d_app_DAYS_BIRTH_max,1389.20508146286,119
1,f103_active_CNT_PAYMENT_mean,685.6465082168579,55
1,f103_active_DAYS_DECISION_d_app_DAYS_BIRTH_mean,1141.2685189247131,109
1,f103_active_DAYS_DECISION_d_app_DAYS_ID_PUBLISH_std_div_mean,28.728529930114746,3
1,f103_active_DAYS_DECISION_d_app_DAYS_EMPLOYED_mean,734.3978309631348,64
1,f103_active_DAYS_DECISION_d_app_DAYS_REGISTRATION_std_div_mean,0.0,0
1,f103_active_DAYS_DECISION_d_app_DAYS_LAST_PHONE_CHANGE_std_div_mean,170.8695707321167,18
1,f103_active_DAYS_DECISION_d_app_DAYS_BIRTH_min,973.3940920829773,95
1,f103_active_DAYS_DECISION_d_app_DAYS_EMPLOYED_min,680.9955620765686,64
1,f103_active_DAYS_DECISION_d_app_DAYS_EMPLOYED_max,836.4980316162109,80
1,f103_active_DAYS_DECISION_s_app_DAYS_EMPLOYED_std,79.3428602218628,8
1,f103_active_DAYS_DECISION_d_app_DAYS_REGISTRATION_std,230.15225458145142,20
1,f103_active_DAYS_DECISION_s_app_DAYS_BIRTH_std,0.0,0
1,f103_active_DAYS_DECISION_s_app_DAYS_BIRTH_max,664.1353769302368,61
1,f103_active_DAYS_DECISION_s_app_DAYS_BIRTH_min,668.7017755508423,58
1,f103_active_DAYS_DECISION_s_app_DAYS_EMPLOYED_max,565.4320702552795,54
1,f103_active_DAYS_DECISION_s_app_DAYS_EMPLOYED_min,551.3552103042603,52
1,f103_active_DAYS_DECISION_s_app_DAYS_ID_PUBLISH_mean,953.4258832931519,84
1,f103_active_DAYS_DECISION_s_app_DAYS_ID_PUBLISH_std_div_mean,81.12096977233887,9
1,f103_active_DAYS_DECISION_s_app_DAYS_ID_PUBLISH_std,9.001199722290039,1
1,f103_active_DAYS_DECISION_s_app_DAYS_ID_PUBLISH_min,766.7199687957764,74
1,f103_active_DAYS_DECISION_s_app_DAYS_EMPLOYED_mean,392.7203516960144,34
1,f103_active_DAYS_DECISION_s_app_DAYS_BIRTH_mean,353.4583592414856,36
1,f103_active_DAYS_DECISION_s_app_DAYS_ID_PUBLISH_max,602.8999090194702,58
1,f103_active_DAYS_DECISION_s_app_DAYS_LAST_PHONE_CHANGE_max,791.525803565979,75
1,f103_active_DAYS_DECISION_s_app_DAYS_REGISTRATION_std,8.653129577636719,1
1,f103_active_DAYS_FIRST_DRAWING_d_app_DAYS_BIRTH_max,0.0,0
1,f103_active_DAYS_DECISION_s_app_DAYS_LAST_PHONE_CHANGE_std,0.0,0
1,f103_active_DAYS_DECISION_s_app_DAYS_REGISTRATION_max,1154.4491562843323,97
1,f103_active_DAYS_DECISION_s_app_DAYS_LAST_PHONE_CHANGE_min,710.3585572242737,65
1,f103_active_DAYS_DECISION_s_app_DAYS_REGISTRATION_mean,927.3515920639038,83
1,f103_active_DAYS_DECISION_s_app_DAYS_LAST_PHONE_CHANGE_std_div_mean,161.36517238616943,17
1,f103_active_DAYS_FIRST_DRAWING_d_app_DAYS_BIRTH_std,0.0,0
1,f103_active_DAYS_DECISION_s_app_DAYS_REGISTRATION_min,686.6971201896667,66
1,f103_active_DAYS_FIRST_DRAWING_d_app_DAYS_EMPLOYED_mean,0.0,0
1,f103_active_DAYS_FIRST_DRAWING_d_app_DAYS_BIRTH_std_div_mean,0.0,0
1,f103_active_DAYS_DECISION_s_app_DAYS_LAST_PHONE_CHANGE_mean,748.5108804702759,69
1,f103_active_DAYS_FIRST_DRAWING_d_app_DAYS_BIRTH_min,0.0,0
1,f103_active_DAYS_FIRST_DRAWING_d_app_DAYS_EMPLOYED_min,0.0,0
1,f103_active_DAYS_FIRST_DRAWING_d_app_DAYS_EMPLOYED_std,0.0,0
1,f103_active_DAYS_FIRST_DRAWING_d_app_DAYS_EMPLOYED_max,0.0,0
1,f103_active_DAYS_FIRST_DRAWING_d_app_DAYS_BIRTH_max_div_min,0.0,0
1,f103_active_DAYS_FIRST_DRAWING_d_app_DAYS_LAST_PHONE_CHANGE_max_div_min,0.0,0
1,f103_active_DAYS_FIRST_DRAWING_d_app_DAYS_EMPLOYED_max_div_min,0.0,0
1,f103_active_DAYS_FIRST_DRAWING_d_app_DAYS_BIRTH_mean,0.0,0
1,f103_active_DAYS_FIRST_DRAWING_d_app_DAYS_ID_PUBLISH_std,0.0,0
1,f103_active_DAYS_FIRST_DRAWING_d_app_DAYS_LAST_PHONE_CHANGE_max,0.0,0
1,f103_active_DAYS_FIRST_DRAWING_d_app_DAYS_LAST_PHONE_CHANGE_mean,0.0,0
1,f103_active_DAYS_FIRST_DRAWING_d_app_DAYS_ID_PUBLISH_max,0.0,0
1,f103_active_DAYS_FIRST_DRAWING_d_app_DAYS_ID_PUBLISH_min,0.0,0
1,f103_active_DAYS_FIRST_DRAWING_d_app_DAYS_EMPLOYED_std_div_mean,0.0,0
1,f103_active_DAYS_FIRST_DRAWING_d_app_DAYS_ID_PUBLISH_mean,0.0,0
1,f103_active_DAYS_FIRST_DRAWING_d_app_DAYS_ID_PUBLISH_max_div_min,0.0,0
1,f103_active_DAYS_FIRST_DRAWING_d_app_DAYS_ID_PUBLISH_std_div_mean,0.0,0
1,f103_active_DAYS_FIRST_DRAWING_d_app_DAYS_REGISTRATION_std,0.0,0
1,f103_active_DAYS_FIRST_DRAWING_d_app_DAYS_REGISTRATION_min,0.0,0
1,f103_active_DAYS_FIRST_DRAWING_d_app_DAYS_LAST_PHONE_CHANGE_min,0.0,0
2,f103_active_DAYS_FIRST_DRAWING_s_app_DAYS_BIRTH_std,0.0,0
2,f103_active_DAYS_FIRST_DRAWING_s_app_DAYS_BIRTH_max,0.0,0
2,f103_active_DAYS_FIRST_DRAWING_d_app_DAYS_REGISTRATION_max_div_min,0.0,0
2,f103_active_DAYS_FIRST_DRAWING_s_app_DAYS_BIRTH_max_div_min,0.0,0
2,f103_active_DAYS_FIRST_DRAWING_s_DAYS_DECISIONS_max,0.0,0
2,f103_active_DAYS_FIRST_DRAWING_d_app_DAYS_LAST_PHONE_CHANGE_std,0.0,0
2,f103_active_DAYS_FIRST_DRAWING_d_app_DAYS_LAST_PHONE_CHANGE_std_div_mean,0.0,0
2,f103_active_DAYS_FIRST_DRAWING_d_app_DAYS_REGISTRATION_std_div_mean,0.0,0
2,f103_active_DAYS_FIRST_DRAWING_s_DAYS_DECISIONS_std_div_mean,0.0,0
2,f103_active_DAYS_FIRST_DRAWING_d_app_DAYS_REGISTRATION_max,0.0,0
2,f103_active_DAYS_FIRST_DRAWING_s_app_DAYS_BIRTH_min,0.0,0
2,f103_active_DAYS_FIRST_DRAWING_s_DAYS_DECISIONS_min,0.0,0
2,f103_active_DAYS_FIRST_DRAWING_d_app_DAYS_REGISTRATION_mean,0.0,0
2,f103_active_DAYS_FIRST_DRAWING_s_app_DAYS_BIRTH_mean,0.0,0
2,f103_active_DAYS_FIRST_DRAWING_s_app_DAYS_ID_PUBLISH_max,0.0,0
2,f103_active_DAYS_FIRST_DRAWING_s_DAYS_DECISIONS_max_div_min,0.0,0
2,f103_active_DAYS_FIRST_DRAWING_s_DAYS_DECISIONS_mean,0.0,0
2,f103_active_DAYS_FIRST_DRAWING_s_DAYS_DECISIONS_std,0.0,0
2,f103_active_DAYS_FIRST_DRAWING_s_app_DAYS_ID_PUBLISH_max_div_min,0.0,0
2,f103_active_DAYS_FIRST_DRAWING_s_app_DAYS_EMPLOYED_std,0.0,0
2,f103_active_DAYS_FIRST_DRAWING_s_app_DAYS_EMPLOYED_max_div_min,0.0,0
2,f103_active_DAYS_FIRST_DRAWING_s_app_DAYS_BIRTH_std_div_mean,0.0,0
2,f103_active_DAYS_FIRST_DRAWING_s_app_DAYS_EMPLOYED_max,0.0,0
2,f103_active_DAYS_FIRST_DRAWING_s_app_DAYS_EMPLOYED_std_div_mean,0.0,0
2,f103_active_DAYS_FIRST_DRAWING_s_app_DAYS_EMPLOYED_mean,0.0,0
2,f103_active_DAYS_FIRST_DRAWING_s_app_DAYS_LAST_PHONE_CHANGE_max_div_min,0.0,0
2,f103_active_DAYS_FIRST_DRAWING_s_app_DAYS_LAST_PHONE_CHANGE_std_div_mean,0.0,0
2,f103_active_DAYS_FIRST_DRAWING_s_app_DAYS_EMPLOYED_min,0.0,0
2,f103_active_DAYS_FIRST_DRAWING_s_app_DAYS_ID_PUBLISH_mean,0.0,0
2,f103_active_DAYS_FIRST_DRAWING_s_app_DAYS_LAST_PHONE_CHANGE_min,0.0,0
2,f103_active_DAYS_FIRST_DRAWING_s_app_DAYS_LAST_PHONE_CHANGE_std,0.0,0
2,f103_active_DAYS_FIRST_DRAWING_s_app_DAYS_ID_PUBLISH_std_div_mean,0.0,0
2,f103_active_DAYS_FIRST_DRAWING_s_app_DAYS_ID_PUBLISH_min,0.0,0
2,f103_active_DAYS_FIRST_DRAWING_s_app_DAYS_LAST_PHONE_CHANGE_mean,0.0,0
2,f103_active_DAYS_FIRST_DRAWING_s_app_DAYS_LAST_PHONE_CHANGE_max,0.0,0
2,f103_active_DAYS_FIRST_DRAWING_s_app_DAYS_ID_PUBLISH_std,0.0,0
2,f103_active_DAYS_FIRST_DRAWING_s_app_DAYS_REGISTRATION_mean,0.0,0
2,f103_active_DAYS_FIRST_DRAWING_s_app_DAYS_REGISTRATION_max_div_min,0.0,0
2,f103_active_DAYS_FIRST_DRAWING_s_app_DAYS_REGISTRATION_std_div_mean,0.0,0
2,f103_active_DAYS_FIRST_DRAWING_s_app_DAYS_REGISTRATION_min,0.0,0
2,f103_active_DAYS_FIRST_DRAWING_s_app_DAYS_REGISTRATION_max,0.0,0
2,f103_active_DAYS_FIRST_DRAWING_s_app_DAYS_REGISTRATION_std,0.0,0
2,f103_active_DAYS_FIRST_DUE_d_app_DAYS_BIRTH_std_div_mean,168.1683692932129,15
2,f103_active_DAYS_FIRST_DUE_d_app_DAYS_BIRTH_max,1243.5432096719742,139
2,f103_active_DAYS_FIRST_DUE_d_app_DAYS_BIRTH_min,1159.4298784732819,126
2,f103_active_DAYS_FIRST_DUE_d_app_DAYS_EMPLOYED_mean,737.1285243034363,83
2,f103_active_DAYS_FIRST_DUE_d_app_DAYS_BIRTH_mean,1374.73424243927,152
2,f103_active_DAYS_FIRST_DUE_d_app_DAYS_EMPLOYED_min,783.3709950447083,87
2,f103_active_DAYS_FIRST_DUE_d_app_DAYS_REGISTRATION_std,432.09502267837524,52
2,f103_active_DAYS_FIRST_DUE_d_app_DAYS_ID_PUBLISH_std_div_mean,71.00480079650879,9
2,f103_active_DAYS_FIRST_DUE_d_app_DAYS_REGISTRATION_std_div_mean,44.06047058105469,6
2,f103_active_DAYS_FIRST_DUE_d_app_DAYS_EMPLOYED_max,810.4386777877808,85
2,f103_active_DAYS_FIRST_DUE_d_app_DAYS_LAST_PHONE_CHANGE_std_div_mean,267.129590511322,31
2,f103_active_DAYS_FIRST_DUE_s_DAYS_FIRST_DRAWING_std,0.0,0
2,f103_active_DAYS_FIRST_DUE_s_DAYS_FIRST_DRAWING_min,0.0,0
2,f103_active_DAYS_FIRST_DUE_s_DAYS_FIRST_DRAWING_max,0.0,0
2,f103_active_DAYS_FIRST_DUE_s_DAYS_FIRST_DRAWING_mean,0.0,0
2,f103_active_DAYS_FIRST_DUE_s_DAYS_FIRST_DRAWING_std_div_mean,0.0,0
2,f103_active_DAYS_FIRST_DUE_s_DAYS_FIRST_DRAWING_max_div_min,0.0,0
2,f103_active_DAYS_FIRST_DUE_s_app_DAYS_BIRTH_std,249.20491981506348,32
2,f103_active_DAYS_FIRST_DUE_s_app_DAYS_EMPLOYED_std,70.91134929656982,10
2,f103_active_DAYS_FIRST_DUE_s_app_DAYS_EMPLOYED_mean,550.2101292610168,59
2,f103_active_DAYS_FIRST_DUE_s_app_DAYS_BIRTH_min,544.8067903518677,58
2,f103_active_DAYS_FIRST_DUE_s_app_DAYS_BIRTH_max,708.0404076576233,78
2,f103_active_DAYS_FIRST_DUE_s_app_DAYS_BIRTH_mean,396.3763060569763,41
2,f103_active_DAYS_FIRST_DUE_s_app_DAYS_ID_PUBLISH_max,917.4759531021118,111
2,f103_active_DAYS_FIRST_DUE_s_app_DAYS_LAST_PHONE_CHANGE_std,22.85059928894043,3
2,f103_active_DAYS_FIRST_DUE_s_app_DAYS_ID_PUBLISH_std,14.872079849243164,2
2,f103_active_DAYS_FIRST_DUE_s_app_DAYS_EMPLOYED_max,480.18427085876465,51
2,f103_active_DAYS_FIRST_DUE_s_app_DAYS_EMPLOYED_min,508.6701498031616,58
2,f103_active_DAYS_FIRST_DUE_s_app_DAYS_LAST_PHONE_CHANGE_std_div_mean,290.35584104061127,39
2,f103_active_DAYS_FIRST_DUE_s_app_DAYS_ID_PUBLISH_mean,782.1970477104187,84
2,f103_active_DAYS_FIRST_DUE_s_app_DAYS_LAST_PHONE_CHANGE_mean,1104.893321275711,125
2,f103_active_DAYS_FIRST_DUE_s_app_DAYS_REGISTRATION_std,0.0,0
2,f103_active_DAYS_FIRST_DUE_s_app_DAYS_LAST_PHONE_CHANGE_min,934.1707372665405,102
2,f103_active_DAYS_FIRST_DUE_s_app_DAYS_ID_PUBLISH_min,940.3390965461731,104
2,f103_active_DAYS_FIRST_DUE_s_app_DAYS_LAST_PHONE_CHANGE_max,1102.583860874176,121
2,f103_active_DAYS_LAST_DUE_1ST_VERSION_d_app_DAYS_BIRTH_std,245.6284990310669,29
2,f103_active_DAYS_FIRST_DUE_s_app_DAYS_REGISTRATION_min,895.6512327194214,102
2,f103_active_DAYS_LAST_DUE_1ST_VERSION_d_app_DAYS_EMPLOYED_mean,1274.2430655956268,144
2,f103_active_DAYS_FIRST_DUE_s_app_DAYS_REGISTRATION_max,816.7351131439209,90
2,f103_active_DAYS_LAST_DUE_1ST_VERSION_d_app_DAYS_BIRTH_mean,1505.5337042808533,156
2,f103_active_DAYS_FIRST_DUE_s_app_DAYS_REGISTRATION_mean,620.8476197719574,69
2,f103_active_DAYS_LAST_DUE_1ST_VERSION_d_app_DAYS_BIRTH_max,1704.0454001426697,182
2,f103_active_DAYS_LAST_DUE_1ST_VERSION_d_app_DAYS_LAST_PHONE_CHANGE_std_div_mean,240.10865020751953,32
2,f103_active_DAYS_LAST_DUE_1ST_VERSION_d_app_DAYS_BIRTH_min,1259.4330053329468,139
2,f103_active_DAYS_LAST_DUE_1ST_VERSION_d_app_DAYS_EMPLOYED_max,1428.2966840267181,156
2,f103_active_DAYS_LAST_DUE_1ST_VERSION_d_app_DAYS_EMPLOYED_min,1218.1478180885315,125
2,f103_active_DAYS_LAST_DUE_1ST_VERSION_s_DAYS_FIRST_DRAWING_mean,0.0,0
2,f103_active_DAYS_LAST_DUE_1ST_VERSION_s_DAYS_FIRST_DRAWING_min,0.0,0
2,f103_active_DAYS_LAST_DUE_1ST_VERSION_s_DAYS_FIRST_DRAWING_std,0.0,0
2,f103_active_DAYS_LAST_DUE_1ST_VERSION_s_DAYS_FIRST_DRAWING_std_div_mean,0.0,0
2,f103_active_DAYS_LAST_DUE_1ST_VERSION_s_DAYS_FIRST_DRAWING_max_div_min,0.0,0
2,f103_active_DAYS_LAST_DUE_1ST_VERSION_d_app_DAYS_REGISTRATION_std,158.10911083221436,19
2,f103_active_DAYS_LAST_DUE_1ST_VERSION_s_DAYS_DECISIONS_max,215.22314977645874,25
2,f103_active_DAYS_LAST_DUE_1ST_VERSION_s_DAYS_DECISIONS_mean,357.4904899597168,37
2,f103_active_DAYS_LAST_DUE_1ST_VERSION_s_DAYS_FIRST_DRAWING_max,0.0,0
2,f103_active_DAYS_LAST_DUE_1ST_VERSION_s_app_DAYS_BIRTH_std,130.1638798713684,13
2,f103_active_DAYS_LAST_DUE_1ST_VERSION_s_DAYS_DECISIONS_min,594.5554008483887,69
2,f103_active_DAYS_LAST_DUE_1ST_VERSION_s_DAYS_DECISIONS_std,76.17810916900635,9
2,f103_active_DAYS_LAST_DUE_1ST_VERSION_s_app_DAYS_BIRTH_std_div_mean,136.83271980285645,18
2,f103_active_DAYS_LAST_DUE_1ST_VERSION_s_DAYS_FIRST_DUE_std,7.528820037841797,1
2,f103_active_DAYS_LAST_DUE_1ST_VERSION_s_DAYS_FIRST_DUE_max,0.0,0
2,f103_active_DAYS_LAST_DUE_1ST_VERSION_s_DAYS_FIRST_DUE_mean,17.336209774017334,2
2,f103_active_DAYS_LAST_DUE_1ST_VERSION_s_app_DAYS_BIRTH_mean,983.8788304328918,101
2,f103_active_DAYS_LAST_DUE_1ST_VERSION_s_app_DAYS_BIRTH_max,808.1857886314392,86
2,f103_active_DAYS_LAST_DUE_1ST_VERSION_s_app_DAYS_EMPLOYED_std,14.922120094299316,2
2,f103_active_DAYS_LAST_DUE_1ST_VERSION_s_DAYS_FIRST_DUE_min,44.38594055175781,5
2,f103_active_DAYS_LAST_DUE_1ST_VERSION_s_app_DAYS_EMPLOYED_mean,933.0735669136047,98
2,f103_active_DAYS_LAST_DUE_1ST_VERSION_s_app_DAYS_ID_PUBLISH_max,1335.6465668678284,149
2,f103_active_DAYS_LAST_DUE_1ST_VERSION_s_app_DAYS_LAST_PHONE_CHANGE_std_div_mean,104.807870388031,15
2,f103_active_DAYS_LAST_DUE_1ST_VERSION_s_app_DAYS_BIRTH_min,832.6004190444946,85
2,f103_active_DAYS_LAST_DUE_1ST_VERSION_s_app_DAYS_ID_PUBLISH_std,28.199650764465332,4
2,f103_active_DAYS_LAST_DUE_1ST_VERSION_s_app_DAYS_ID_PUBLISH_mean,797.3006942272186,91
2,f103_active_DAYS_LAST_DUE_1ST_VERSION_s_app_DAYS_LAST_PHONE_CHANGE_std,0.0,0
2,f103_active_DAYS_LAST_DUE_1ST_VERSION_s_app_DAYS_EMPLOYED_min,904.2590763568878,104
2,f103_active_DAYS_LAST_DUE_1ST_VERSION_s_app_DAYS_EMPLOYED_max,1158.025122642517,127
2,f103_active_DAYS_LAST_DUE_1ST_VERSION_s_app_DAYS_LAST_PHONE_CHANGE_max,1168.1372529268265,134
2,f103_active_DAYS_LAST_DUE_1ST_VERSION_s_app_DAYS_ID_PUBLISH_min,1291.223468542099,152
2,f103_active_DAYS_LAST_DUE_1ST_VERSION_s_app_DAYS_LAST_PHONE_CHANGE_min,1003.7401671409607,115
2,f103_active_DAYS_LAST_DUE_1ST_VERSION_s_app_DAYS_REGISTRATION_max,1005.3310413360596,114
2,f103_active_DAYS_LAST_DUE_1ST_VERSION_s_app_DAYS_LAST_PHONE_CHANGE_mean,1389.663330078125,150
2,f103_active_DAYS_LAST_DUE_1ST_VERSION_s_app_DAYS_REGISTRATION_std_div_mean,200.81075048446655,24
2,f103_active_DAYS_LAST_DUE_d_app_DAYS_BIRTH_min,1025.7937531471252,107
2,f103_active_DAYS_LAST_DUE_1ST_VERSION_s_app_DAYS_REGISTRATION_std,0.0,0
2,f103_active_DAYS_LAST_DUE_d_app_DAYS_LAST_PHONE_CHANGE_std_div_mean,69.00048017501831,10
2,f103_active_DAYS_LAST_DUE_1ST_VERSION_s_app_DAYS_REGISTRATION_min,952.0096302032471,103
2,f103_active_DAYS_LAST_DUE_d_app_DAYS_BIRTH_max,668.5062320232391,76
2,f103_active_DAYS_LAST_DUE_1ST_VERSION_s_app_DAYS_REGISTRATION_mean,730.0673127174377,83
2,f103_active_DAYS_LAST_DUE_d_app_DAYS_BIRTH_mean,712.9807817935944,76
2,f103_active_DAYS_LAST_DUE_d_app_DAYS_REGISTRATION_std_div_mean,22.349130630493164,3
2,f103_active_DAYS_LAST_DUE_d_app_DAYS_EMPLOYED_max,611.670590877533,62
2,f103_active_DAYS_LAST_DUE_d_app_DAYS_EMPLOYED_mean,542.4647397994995,62
2,f103_active_DAYS_LAST_DUE_s_DAYS_DECISIONS_std,53.71127986907959,7
2,f103_active_DAYS_LAST_DUE_d_app_DAYS_EMPLOYED_min,640.4349212646484,67
2,f103_active_DAYS_LAST_DUE_d_app_DAYS_ID_PUBLISH_std,76.76835918426514,8
2,f103_active_DAYS_LAST_DUE_s_DAYS_FIRST_DRAWING_max_div_min,0.0,0
2,f103_active_DAYS_LAST_DUE_s_DAYS_FIRST_DRAWING_mean,0.0,0
2,f103_active_DAYS_LAST_DUE_s_DAYS_DECISIONS_max,378.1597409248352,36
2,f103_active_DAYS_LAST_DUE_s_DAYS_FIRST_DRAWING_min,0.0,0
2,f103_active_DAYS_LAST_DUE_s_DAYS_DECISIONS_min,241.94643878936768,23
2,f103_active_DAYS_LAST_DUE_s_DAYS_FIRST_DRAWING_std,0.0,0
2,f103_active_DAYS_LAST_DUE_s_DAYS_FIRST_DUE_std,24.332560062408447,4
2,f103_active_DAYS_LAST_DUE_s_DAYS_DECISIONS_mean,232.17172956466675,26
2,f103_active_DAYS_LAST_DUE_s_DAYS_FIRST_DRAWING_std_div_mean,0.0,0
2,f103_active_DAYS_LAST_DUE_s_DAYS_FIRST_DUE_mean,24.781039714813232,3
2,f103_active_DAYS_LAST_DUE_s_app_DAYS_BIRTH_std,49.833499908447266,6
2,f103_active_DAYS_LAST_DUE_s_DAYS_FIRST_DUE_min,14.35221004486084,2
2,f103_active_DAYS_LAST_DUE_s_app_DAYS_EMPLOYED_std,0.0,0
2,f103_active_DAYS_LAST_DUE_s_DAYS_LAST_DUE_1ST_VERSION_max_div_min,145.1395606994629,16
2,f103_active_DAYS_LAST_DUE_s_DAYS_FIRST_DUE_max,67.0844087600708,8
2,f103_active_DAYS_LAST_DUE_s_DAYS_FIRST_DRAWING_max,0.0,0
2,f103_active_DAYS_LAST_DUE_s_app_DAYS_BIRTH_max,669.8637928962708,65
2,f103_active_DAYS_LAST_DUE_s_app_DAYS_EMPLOYED_max,415.92472076416016,43
2,f103_active_DAYS_LAST_DUE_s_app_DAYS_BIRTH_mean,351.73137044906616,36
2,f103_active_DAYS_LAST_DUE_s_DAYS_LAST_DUE_1ST_VERSION_min,211.43507051467896,21
2,f103_active_DAYS_LAST_DUE_s_DAYS_LAST_DUE_1ST_VERSION_mean,269.7279601097107,28
2,f103_active_DAYS_LAST_DUE_s_app_DAYS_ID_PUBLISH_std,0.0,0
2,f103_active_DAYS_LAST_DUE_s_DAYS_LAST_DUE_1ST_VERSION_max,377.5696802139282,35
2,f103_active_DAYS_LAST_DUE_s_app_DAYS_EMPLOYED_mean,274.4661183357239,33
2,f103_active_DAYS_LAST_DUE_s_app_DAYS_LAST_PHONE_CHANGE_max,663.7879285812378,68
2,f103_active_DAYS_LAST_DUE_s_app_DAYS_BIRTH_min,621.823748588562,56
2,f103_active_DAYS_LAST_DUE_s_app_DAYS_EMPLOYED_min,386.5601387023926,43
2,f103_active_DAYS_LAST_DUE_s_app_DAYS_LAST_PHONE_CHANGE_std_div_mean,101.17395162582397,12
2,f103_active_DAYS_LAST_DUE_s_app_DAYS_ID_PUBLISH_max,657.8713853359222,74
2,f103_active_DAYS_LAST_DUE_s_app_DAYS_LAST_PHONE_CHANGE_std,0.0,0
2,f103_active_DAYS_LAST_DUE_s_app_DAYS_REGISTRATION_std,5.332890033721924,1
2,f103_active_DAYS_TERMINATION_d_app_DAYS_BIRTH_std_div_mean,28.67326021194458,4
2,f103_active_DAYS_LAST_DUE_s_app_DAYS_LAST_PHONE_CHANGE_mean,439.0916209220886,49
2,f103_active_DAYS_LAST_DUE_s_app_DAYS_ID_PUBLISH_mean,396.68371200561523,43
2,f103_active_DAYS_LAST_DUE_s_app_DAYS_ID_PUBLISH_min,460.87387704849243,52
2,f103_active_DAYS_LAST_DUE_s_app_DAYS_REGISTRATION_max,478.4680572748184,54
2,f103_active_DAYS_LAST_DUE_s_app_DAYS_REGISTRATION_mean,534.9430894851685,65
2,f103_active_DAYS_LAST_DUE_s_app_DAYS_LAST_PHONE_CHANGE_min,448.8440020084381,54
2,f103_active_DAYS_LAST_DUE_s_app_DAYS_REGISTRATION_min,371.07140731811523,43
2,f103_active_DAYS_TERMINATION_d_app_DAYS_BIRTH_mean,676.0317003726959,71
2,f103_active_DAYS_TERMINATION_d_app_DAYS_EMPLOYED_min,605.9077625274658,67
2,f103_active_DAYS_TERMINATION_d_app_DAYS_EMPLOYED_mean,417.9577703475952,46
2,f103_active_DAYS_TERMINATION_d_app_DAYS_BIRTH_max,543.1483488082886,60
2,f103_active_DAYS_TERMINATION_d_app_DAYS_EMPLOYED_std_div_mean,158.44516944885254,20
2,f103_active_DAYS_TERMINATION_d_app_DAYS_ID_PUBLISH_std,90.4734697341919,13
2,f103_active_DAYS_TERMINATION_d_app_DAYS_BIRTH_min,908.9845628738403,91
2,f103_active_DAYS_TERMINATION_d_app_DAYS_EMPLOYED_max,604.064444065094,58
2,f103_active_DAYS_TERMINATION_d_app_DAYS_ID_PUBLISH_std_div_mean,18.771389961242676,3
2,f103_active_DAYS_TERMINATION_s_DAYS_FIRST_DRAWING_std,0.0,0
2,f103_active_DAYS_TERMINATION_s_DAYS_FIRST_DRAWING_max_div_min,0.0,0
2,f103_active_DAYS_TERMINATION_d_app_DAYS_LAST_PHONE_CHANGE_std_div_mean,42.46038007736206,6
2,f103_active_DAYS_TERMINATION_s_DAYS_FIRST_DRAWING_min,0.0,0
2,f103_active_DAYS_TERMINATION_d_app_DAYS_REGISTRATION_std_div_mean,15.411380290985107,2
2,f103_active_DAYS_TERMINATION_s_DAYS_FIRST_DRAWING_mean,0.0,0
2,f103_active_DAYS_TERMINATION_s_DAYS_DECISIONS_max,671.3295092582703,76
2,f103_active_DAYS_TERMINATION_s_DAYS_DECISIONS_std,75.75486040115356,9
2,f103_active_DAYS_TERMINATION_s_DAYS_FIRST_DRAWING_max,0.0,0
2,f103_active_DAYS_TERMINATION_s_DAYS_FIRST_DRAWING_std_div_mean,0.0,0
2,f103_active_DAYS_TERMINATION_s_DAYS_DECISIONS_mean,495.8015865087509,50
2,f103_active_DAYS_TERMINATION_s_DAYS_FIRST_DUE_std,59.48485994338989,7
2,f103_active_DAYS_TERMINATION_s_DAYS_LAST_DUE_1ST_VERSION_mean,947.4654688835144,104
2,f103_active_DAYS_TERMINATION_s_DAYS_LAST_DUE_1ST_VERSION_max_div_min,116.76516962051392,12
2,f103_active_DAYS_TERMINATION_s_DAYS_DECISIONS_min,453.5904200077057,54
2,f103_active_DAYS_TERMINATION_s_DAYS_FIRST_DUE_max,714.5778303146362,79
2,f103_active_DAYS_TERMINATION_s_DAYS_FIRST_DUE_mean,426.28113079071045,52
2,f103_active_DAYS_TERMINATION_s_DAYS_FIRST_DUE_min,527.6326174736023,57
2,f103_active_DAYS_TERMINATION_s_app_DAYS_EMPLOYED_std,46.70201063156128,6
2,f103_active_DAYS_TERMINATION_s_app_DAYS_BIRTH_std,23.784460067749023,3
2,f103_active_DAYS_TERMINATION_s_app_DAYS_BIRTH_max,481.46317768096924,46
2,f103_active_DAYS_TERMINATION_s_DAYS_LAST_DUE_1ST_VERSION_max,1253.319907426834,138
2,f103_active_DAYS_TERMINATION_s_app_DAYS_BIRTH_mean,365.59720182418823,34
2,f103_active_DAYS_TERMINATION_s_app_DAYS_EMPLOYED_mean,366.9184408187866,40
2,f103_active_DAYS_TERMINATION_s_DAYS_LAST_DUE_1ST_VERSION_min,713.1769564151764,84
2,f103_active_DAYS_TERMINATION_s_app_DAYS_BIRTH_min,445.35286808013916,46
2,f103_active_DAYS_TERMINATION_s_app_DAYS_EMPLOYED_max,385.3569393157959,45
2,f103_active_DAYS_TERMINATION_s_app_DAYS_ID_PUBLISH_std,0.0,0
2,f103_active_DAYS_TERMINATION_s_app_DAYS_EMPLOYED_min,340.9233908653259,37
2,f103_active_DAYS_TERMINATION_s_app_DAYS_LAST_PHONE_CHANGE_max,378.5776877403259,43
2,f103_active_DAYS_TERMINATION_s_app_DAYS_ID_PUBLISH_max,593.8885216712952,69
2,f103_active_DAYS_TERMINATION_s_app_DAYS_ID_PUBLISH_std_div_mean,89.09546041488647,11
2,f103_active_DAYS_TERMINATION_s_app_DAYS_ID_PUBLISH_mean,620.7465510368347,63
2,f103_active_DAYS_TERMINATION_s_app_DAYS_ID_PUBLISH_min,463.2751474380493,48
2,f103_active_DAYS_TERMINATION_s_app_DAYS_LAST_PHONE_CHANGE_std,0.0,0
2,f103_active_DAYS_TERMINATION_s_app_DAYS_LAST_PHONE_CHANGE_min,668.0075922012329,66
2,f103_active_DAYS_TERMINATION_s_app_DAYS_LAST_PHONE_CHANGE_mean,414.1497688293457,40
2,f103_active_DAYS_TERMINATION_s_app_DAYS_LAST_PHONE_CHANGE_std_div_mean,58.08685064315796,6
2,f103_active_DAYS_TERMINATION_s_app_DAYS_REGISTRATION_min,394.47403144836426,43
2,f103_active_DAYS_TERMINATION_s_app_DAYS_REGISTRATION_std,0.0,0
2,f103_active_DAYS_TERMINATION_s_app_DAYS_REGISTRATION_max,384.22065019607544,45
2,f103_active_DAYS_TERMINATION_s_app_DAYS_REGISTRATION_mean,381.462607383728,40
2,f103_active_HOUR_APPR_PROCESS_START_max,1421.388918876648,153
2,f103_active_HOUR_APPR_PROCESS_START_min,1020.7380023002625,110
2,f103_active_HOUR_APPR_PROCESS_START_mean,1507.15966629982,160
2,f103_active_NAME_CASH_LOAN_PURPOSE_Other_mean,47.89649057388306,6
2,f103_active_NAME_CASH_LOAN_PURPOSE_Repairs_mean,78.88336944580078,9
2,f103_active_NAME_CASH_LOAN_PURPOSE_Other_sum,8.227829933166504,1
2,f103_active_NAME_CLIENT_TYPE_New_mean,330.1725401878357,32
2,f103_active_NAME_CASH_LOAN_PURPOSE_Repairs_sum,20.224000453948975,2
2,f103_active_NAME_CASH_LOAN_PURPOSE_Urgent_needs_mean,0.0,0
2,f103_active_NAME_CASH_LOAN_PURPOSE_Urgent_needs_sum,0.0,0
2,f103_active_NAME_CASH_LOAN_PURPOSE_XNA_mean,103.39180088043213,10
2,f103_active_NAME_CLIENT_TYPE_New_sum,40.40989017486572,5
2,f103_active_NAME_GOODS_CATEGORY_Furniture_sum,11.977930068969727,2
2,f103_active_NAME_CONTRACT_STATUS_Approved_sum,0.0,0
2,f103_active_NAME_PRODUCT_TYPE_x_sell_mean,130.54204034805298,12
2,f103_active_NAME_GOODS_CATEGORY_Mobile_sum,23.74728012084961,3
2,f103_active_NAME_YIELD_GROUP_high_mean,118.67160081863403,7
2,f103_active_NAME_SELLER_INDUSTRY_Connectivity_sum,15.960720539093018,2
2,f103_active_NAME_PRODUCT_TYPE_walk_in_mean,62.95430898666382,8
2,f103_active_NAME_YIELD_GROUP_low_action_sum,0.0,0
2,f103_active_NAME_PRODUCT_TYPE_walk_in_sum,0.0,0
2,f103_active_NAME_YIELD_GROUP_low_action_mean,0.0,0
2,f103_active_NAME_YIELD_GROUP_low_normal_mean,108.68558979034424,12
2,f103_active_PRODUCT_COMBINATION_POS_household_with_interest_sum,197.78806924819946,20
2,f103_active_NAME_YIELD_GROUP_high_sum,67.00720119476318,2
2,f103_active_NAME_YIELD_GROUP_low_normal_sum,39.70283031463623,4
2,f103_active_PRODUCT_COMBINATION_POS_household_with_interest_mean,664.4422798156738,65
2,f103_active_RATE_DOWN_PAYMENT_max_div_min,36.07338047027588,4
2,f103_active_RATE_DOWN_PAYMENT_std_div_mean,0.0,0
2,f103_active_PREV_COUNT,0.0,0
2,f103_active_RATE_INTEREST_PRIMARY_max,0.0,0
2,f103_active_RATE_INTEREST_PRIVILEGED_min,0.0,0
2,f103_active_RATE_INTEREST_PRIMARY_std_div_mean,0.0,0
2,f103_active_RATE_INTEREST_PRIMARY_std,0.0,0
2,f103_active_RATE_INTEREST_PRIVILEGED_std_div_mean,0.0,0
2,f103_active_SELLERPLACE_AREA_std_div_mean,24.99348020553589,4
2,f103_active_amt_unpaid_std,172.50561046600342,23
2,f103_active_RATE_INTEREST_PRIVILEGED_std,0.0,0
2,f103_active_RATE_INTEREST_PRIMARY_min,0.0,0
2,f103_active_RATE_INTEREST_PRIVILEGED_mean,0.0,0
2,f103_active_RATE_INTEREST_PRIMARY_mean,0.0,0
2,f103_active_amt_paid_min,1648.613792181015,183
2,f103_active_RATE_INTEREST_PRIVILEGED_max,0.0,0
2,f103_active_amt_paid_mean,1745.0449678897858,190
2,f103_active_active_sum,0.0,0
2,f103_active_amt_unpaid_max,1216.676107659936,141
2,f103_active_cnt_paid_ratio_max,727.9968414306641,80
2,f103_active_cnt_paid_std_div_mean,81.3789496421814,10
2,f103_active_cnt_unpaid_std,18.409469604492188,3
2,f103_active_amt_unpaid_sum,1085.2030549049377,123
2,f103_active_cnt_paid_ratio_min,713.7073981761932,76
2,f103_active_completed_max_div_min,0.0,0
2,f103_active_cnt_paid_std,49.66812992095947,6
2,f103_active_cnt_paid_ratio_mean,638.4322481155396,70
2,f103_active_cnt_unpaid_max,192.15169048309326,21
2,f103_active_completed_std_div_mean,0.0,0
2,f103_active_cnt_unpaid_mean,363.4748902320862,43
2,f103_active_cnt_paid_sum,1007.2732238769531,108
2,f103_active_cnt_unpaid_min,377.12584114074707,44
2,f103_active_cnt_unpaid_sum,647.0960516929626,72
2,f103_active_interest_rate_diff_min,2011.74546957016,231
2,f103_active_interest_rate_diff_max,2598.415330171585,284
2,f103_active_interest_rate_max,2461.1903042793274,216
2,f103_active_total_debt_diff_std_div_mean,346.2373504638672,43
2,f103_active_interest_rate_diff_mean,1780.349350452423,207
2,f103_active_interest_rate_mean,1933.1786077022552,169
2,f103_active_total_debt_pctchange_std_div_mean,366.6239490509033,47
2,f103_active_interest_rate_min,2077.5426441431046,202
2,f103_active_total_debt_max_div_min,105.9442708492279,14
2,f103_active_total_debt_std,397.4255704879761,51
2,f103_approved_AMT_ANNUITY_d_app_AMT_ANNUITY_diff_std,1287.6963248252869,149
2,f103_approved_AMT_ANNUITY_d_app_AMT_ANNUITY_max,2749.6043176651,277
2,f103_approved_AMT_ANNUITY_d_app_AMT_ANNUITY_mean,2354.3184670209885,219
2,f103_approved_AMT_ANNUITY_d_app_AMT_ANNUITY_min,2735.39269387722,270
2,f103_approved_AMT_ANNUITY_d_app_AMT_CREDIT_max,2640.1983523368835,268
2,f103_approved_AMT_ANNUITY_d_app_AMT_CREDIT_diff_std,1049.7810111045837,122
2,f103_approved_AMT_ANNUITY_d_app_AMT_CREDIT_std,2083.0152928829193,240
2,f103_approved_AMT_ANNUITY_d_app_AMT_GOODS_PRICE_diff_std,1083.6767795085907,121
2,f103_approved_AMT_ANNUITY_d_app_AMT_CREDIT_mean,2008.496951814741,207
2,f103_approved_AMT_ANNUITY_d_app_AMT_CREDIT_min,2832.488692522049,297
2,f103_approved_AMT_ANNUITY_d_app_AMT_GOODS_PRICE_mean,2514.7589027881622,262
2,f103_approved_AMT_ANNUITY_d_app_AMT_GOODS_PRICE_min,3442.2714126110077,369
2,f103_approved_AMT_ANNUITY_d_app_AMT_GOODS_PRICE_max,2622.315187931061,284
2,f103_approved_AMT_ANNUITY_d_app_AMT_INCOME_TOTAL_max,4380.4810799360275,460
2,f103_approved_AMT_ANNUITY_d_app_AMT_INCOME_TOTAL_mean,3984.1920726299286,430
2,f103_approved_AMT_ANNUITY_d_app_AMT_INCOME_TOTAL_min,4038.286064386368,414
2,f103_approved_AMT_ANNUITY_max,2803.6109951734543,281
2,f103_approved_AMT_ANNUITY_min,3390.178597331047,357
2,f103_approved_AMT_ANNUITY_s_app_AMT_ANNUITY_d_app_AMT_INCOME_TOTAL_min,3694.3901698589325,359
2,f103_approved_AMT_ANNUITY_mean,3512.7699394226074,352
2,f103_approved_AMT_ANNUITY_s_app_AMT_ANNUITY_diff_std,1265.9093117713928,141
2,f103_approved_AMT_ANNUITY_s_app_AMT_ANNUITY_d_app_AMT_INCOME_TOTAL_pctchange_std,1786.5023770332336,203
2,f103_approved_AMT_ANNUITY_s_app_AMT_ANNUITY_d_app_AMT_INCOME_TOTAL_max,4460.955721139908,393
2,f103_approved_AMT_ANNUITY_s_app_AMT_ANNUITY_min,3824.3940148353577,381
2,f103_approved_AMT_ANNUITY_s_app_AMT_ANNUITY_d_app_AMT_INCOME_TOTAL_mean,4019.7196097373962,332
2,f103_approved_AMT_ANNUITY_s_app_AMT_ANNUITY_pctchange_std,643.8479523658752,73
2,f103_approved_AMT_ANNUITY_s_app_AMT_ANNUITY_mean,3017.3364667892456,300
2,f103_approved_AMT_ANNUITY_s_app_AMT_ANNUITY_max,3851.2865147590637,405
2,f103_approved_AMT_ANNUITY_s_app_AMT_GOODS_PRICE_diff_std,729.3428177833557,90
2,f103_approved_AMT_ANNUITY_s_app_AMT_CREDIT_max,4712.906280517578,389
2,f103_approved_AMT_ANNUITY_s_app_AMT_CREDIT_mean,3798.1292377710342,326
2,f103_approved_AMT_ANNUITY_s_app_AMT_CREDIT_diff_std,419.723228931427,49
2,f103_approved_AMT_ANNUITY_s_app_AMT_GOODS_PRICE_mean,5184.5772495269775,425
2,f103_approved_AMT_ANNUITY_s_app_AMT_GOODS_PRICE_min,8211.089590787888,601
2,f103_approved_AMT_ANNUITY_s_app_AMT_CREDIT_min,4199.884916543961,366
2,f103_approved_AMT_ANNUITY_s_app_AMT_INCOME_TOTAL_diff_std,100.04631042480469,11
2,f103_approved_AMT_ANNUITY_s_app_AMT_GOODS_PRICE_max,5077.780964016914,405
2,f103_approved_AMT_APPLICATION_d_app_AMT_CREDIT_min,2815.734230518341,274
2,f103_approved_AMT_APPLICATION_d_app_AMT_ANNUITY_mean,2653.2213180065155,230
2,f103_approved_AMT_APPLICATION_d_app_AMT_ANNUITY_min,2267.9993059635162,197
2,f103_approved_AMT_APPLICATION_d_app_AMT_CREDIT_mean,2308.7034137248993,213
2,f103_approved_AMT_APPLICATION_s_app_AMT_ANNUITY_d_app_AMT_INCOME_TOTAL_pctchange_std_div_mean,1297.9813022613525,156
2,f103_approved_AMT_APPLICATION_mean,2087.2514321804047,199
2,f103_approved_AMT_APPLICATION_min,2362.6785349845886,222
2,f103_approved_AMT_APPLICATION_s_app_AMT_ANNUITY_min,1943.274478673935,200
2,f103_approved_AMT_APPLICATION_s_app_AMT_CREDIT_d_app_AMT_INCOME_TOTAL_pctchange_std_div_mean,1116.9548816680908,130
2,f103_approved_AMT_APPLICATION_s_app_AMT_GOODS_PRICE_std_div_mean,1536.1599879264832,175
2,f103_approved_AMT_APPLICATION_s_app_AMT_ANNUITY_mean,1726.810448884964,175
2,f103_approved_AMT_CREDIT_d_AMT_APPLICATION_diff_std,1616.5117077827454,195
2,f103_approved_AMT_CREDIT_d_AMT_ANNUITY_std,2034.6819446086884,227
2,f103_approved_AMT_CREDIT_d_AMT_APPLICATION_max,2489.936082839966,274
2,f103_approved_AMT_CREDIT_d_AMT_APPLICATION_min,2285.1034321784973,245
2,f103_approved_AMT_CREDIT_d_AMT_APPLICATION_mean,2546.8844928741455,249
2,f103_approved_AMT_CREDIT_d_AMT_APPLICATION_std,1983.7808711528778,225
2,f103_approved_AMT_CREDIT_d_total_debt_diff_std,1458.2670369148254,166
2,f103_approved_AMT_CREDIT_d_app_AMT_ANNUITY_diff_std_div_mean,2078.4031975269318,226
2,f103_approved_AMT_CREDIT_d_total_debt_max_div_min,1040.4318873882294,112
2,f103_approved_AMT_CREDIT_d_total_debt_std,1529.268497467041,158
2,f103_approved_AMT_CREDIT_d_total_debt_diff_min,10151.333431959152,929
2,f103_approved_AMT_CREDIT_d_total_debt_mean,5662.469418287277,408
2,f103_approved_AMT_CREDIT_d_total_debt_max,4988.9089295864105,480
2,f103_approved_AMT_CREDIT_s_app_AMT_ANNUITY_d_app_AMT_INCOME_TOTAL_pctchange_std,2373.4027469158173,266
2,f103_approved_AMT_CREDIT_d_total_debt_std_div_mean,1552.052711725235,169
2,f103_approved_AMT_CREDIT_d_total_debt_pctchange_std,1767.6385354995728,182
2,f103_approved_AMT_CREDIT_d_total_debt_min,7921.061331748962,506
2,f103_approved_AMT_CREDIT_s_app_AMT_ANNUITY_diff_std_div_mean,743.5062909126282,79
2,f103_approved_AMT_CREDIT_s_app_AMT_ANNUITY_d_app_AMT_INCOME_TOTAL_std_div_mean,2213.507022380829,250
2,f103_approved_AMT_CREDIT_s_app_AMT_ANNUITY_pctchange_std,644.2019596099854,71
2,f103_approved_AMT_CREDIT_s_app_AMT_CREDIT_diff_std_div_mean,246.926109790802,27
2,f103_approved_AMT_CREDIT_s_app_AMT_ANNUITY_std_div_mean,519.0784883499146,60
2,f103_approved_AMT_CREDIT_s_app_AMT_GOODS_PRICE_diff_std_div_mean,430.14230155944824,49
2,f103_approved_AMT_DOWN_PAYMENT_d_AMT_GOODS_PRICE_diff_std_div_mean,675.0859308242798,82
2,f103_approved_AMT_DOWN_PAYMENT_d_AMT_GOODS_PRICE_diff_std,1026.38170003891,121
2,f103_approved_AMT_GOODS_PRICE_d_AMT_ANNUITY_std_div_mean,2138.758908033371,241
2,f103_approved_AMT_GOODS_PRICE_d_AMT_ANNUITY_std,1809.4069592952728,205
2,f103_approved_AMT_CREDIT_s_app_AMT_INCOME_TOTAL_diff_std_div_mean,15.445859909057617,2
2,f103_approved_AMT_GOODS_PRICE_d_AMT_CREDIT_max,2336.285999059677,241
2,f103_approved_AMT_GOODS_PRICE_d_AMT_CREDIT_mean,2853.350935459137,279
2,f103_approved_AMT_GOODS_PRICE_d_app_AMT_CREDIT_mean,2238.4315209388733,229
2,f103_approved_AMT_GOODS_PRICE_d_app_AMT_ANNUITY_mean,2365.2640132904053,216
2,f103_approved_AMT_GOODS_PRICE_d_AMT_CREDIT_min,2407.4896442890167,242
2,f103_approved_AMT_GOODS_PRICE_d_app_AMT_CREDIT_min,2555.6527495384216,260
2,f103_approved_AMT_GOODS_PRICE_d_app_AMT_ANNUITY_min,2506.7983989715576,229
2,f103_approved_AMT_GOODS_PRICE_d_total_debt_diff_std,1265.629029750824,142
2,f103_approved_AMT_GOODS_PRICE_d_total_debt_std,1595.5360174179077,169
2,f103_approved_AMT_GOODS_PRICE_d_total_debt_max,4973.6435441970825,398
2,f103_approved_AMT_GOODS_PRICE_d_total_debt_min,8389.0665397048,454
2,f103_approved_AMT_GOODS_PRICE_d_total_debt_std_div_mean,1503.7223722934723,166
2,f103_approved_AMT_GOODS_PRICE_d_total_debt_mean,8798.086878299713,487
2,f103_approved_AMT_GOODS_PRICE_s_app_AMT_ANNUITY_d_app_AMT_INCOME_TOTAL_pctchange_std_div_mean,1073.0121035575867,121
2,f103_approved_AMT_GOODS_PRICE_s_app_AMT_CREDIT_d_app_AMT_INCOME_TOTAL_pctchange_std_div_mean,927.4319105148315,106
2,f103_approved_AMT_GOODS_PRICE_d_total_debt_pctchange_std,1773.6393520832062,207
2,f103_approved_AMT_GOODS_PRICE_s_app_AMT_ANNUITY_mean,2145.1961240768433,208
2,f103_approved_AMT_GOODS_PRICE_s_app_AMT_ANNUITY_min,1878.1203427314758,184
2,f103_approved_AMT_GOODS_PRICE_min,1748.3815155029297,179
2,f103_approved_AMT_GOODS_PRICE_mean,1468.7341570854187,155
2,f103_approved_CNT_PAYMENT_std_div_mean,1118.1230878829956,125
2,f103_approved_AMT_GOODS_PRICE_s_app_AMT_GOODS_PRICE_std_div_mean,799.5292103290558,98
2,f103_approved_CNT_PAYMENT_std,497.85542011260986,57
2,f103_approved_CNT_PAYMENT_max,509.77145290374756,57
2,f103_approved_DAYS_DECISION_d_app_DAYS_EMPLOYED_std_div_mean,1803.3908814191818,200
2,f103_approved_CNT_PAYMENT_mean,1189.1011140346527,132
2,f103_approved_DAYS_DECISION_d_app_DAYS_EMPLOYED_max,2383.1185961961746,178
2,f103_approved_CNT_PAYMENT_min,748.9666471481323,84
2,f103_approved_DAYS_DECISION_d_app_DAYS_EMPLOYED_mean,4315.593903541565,176
2,f103_approved_DAYS_DECISION_d_app_DAYS_BIRTH_mean,2271.4549674987793,246
2,f103_approved_DAYS_DECISION_d_app_DAYS_BIRTH_max,2255.095750808716,247
2,f103_approved_DAYS_DECISION_d_app_DAYS_BIRTH_min,2909.8748033046722,314
2,f103_approved_DAYS_DECISION_d_app_DAYS_EMPLOYED_std,1663.8963016271591,172
2,f103_approved_DAYS_DECISION_d_app_DAYS_EMPLOYED_min,5104.67103099823,216
2,f103_approved_DAYS_DECISION_s_app_DAYS_BIRTH_max,3965.97052526474,255
2,f103_approved_DAYS_DECISION_s_app_DAYS_BIRTH_min,3340.419595718384,244
2,f103_approved_DAYS_DECISION_s_app_DAYS_EMPLOYED_mean,1582.3165011405945,157
2,f103_approved_DAYS_DECISION_s_app_DAYS_ID_PUBLISH_max,4137.218958377838,411
2,f103_approved_DAYS_DECISION_s_app_DAYS_LAST_PHONE_CHANGE_min,3783.2781853675842,308
2,f103_approved_DAYS_DECISION_s_app_DAYS_BIRTH_mean,3159.675258874893,234
2,f103_approved_DAYS_DECISION_s_app_DAYS_ID_PUBLISH_min,4234.614852428436,419
2,f103_approved_DAYS_DECISION_s_app_DAYS_EMPLOYED_max,2536.6855635643005,246
2,f103_approved_DAYS_DECISION_s_app_DAYS_EMPLOYED_min,1783.3509287834167,187
2,f103_approved_DAYS_DECISION_s_app_DAYS_ID_PUBLISH_max_div_min,1874.6919914484024,218
2,f103_approved_DAYS_DECISION_s_app_DAYS_LAST_PHONE_CHANGE_mean,4567.8737988471985,358
2,f103_approved_DAYS_DECISION_s_app_DAYS_ID_PUBLISH_mean,3545.983815550804,355
2,f103_approved_DAYS_DECISION_s_app_DAYS_LAST_PHONE_CHANGE_max,5658.835376262665,377
2,f103_approved_DAYS_DECISION_s_app_DAYS_REGISTRATION_max,4113.168384313583,406
2,f103_approved_DAYS_DECISION_s_app_DAYS_REGISTRATION_min,3981.3077112436295,383
2,f103_approved_DAYS_FIRST_DRAWING_d_app_DAYS_EMPLOYED_std,0.0,0
2,f103_approved_DAYS_DECISION_s_app_DAYS_REGISTRATION_mean,3048.09623336792,312
2,f103_approved_DAYS_FIRST_DRAWING_d_app_DAYS_EMPLOYED_std_div_mean,0.0,0
2,f103_approved_DAYS_FIRST_DRAWING_d_app_DAYS_LAST_PHONE_CHANGE_std,0.0,0
2,f103_approved_DAYS_FIRST_DRAWING_d_app_DAYS_BIRTH_std_div_mean,0.0,0
2,f103_approved_DAYS_FIRST_DRAWING_d_app_DAYS_ID_PUBLISH_std_div_mean,0.0,0
2,f103_approved_DAYS_FIRST_DRAWING_d_app_DAYS_ID_PUBLISH_std,0.0,0
2,f103_approved_DAYS_FIRST_DRAWING_d_app_DAYS_BIRTH_std,0.0,0
2,f103_approved_DAYS_FIRST_DRAWING_d_app_DAYS_ID_PUBLISH_max,1853.3317465782166,180
2,f103_approved_DAYS_FIRST_DRAWING_d_app_DAYS_REGISTRATION_std,0.0,0
2,f103_approved_DAYS_FIRST_DRAWING_d_app_DAYS_LAST_PHONE_CHANGE_std_div_mean,0.0,0
2,f103_approved_DAYS_FIRST_DRAWING_d_app_DAYS_ID_PUBLISH_mean,520.916111946106,50
2,f103_approved_DAYS_FIRST_DRAWING_d_app_DAYS_ID_PUBLISH_min,77.40632820129395,7
2,f103_approved_DAYS_FIRST_DRAWING_d_app_DAYS_REGISTRATION_std_div_mean,0.0,0
2,f103_approved_DAYS_FIRST_DRAWING_s_DAYS_DECISIONS_std_div_mean,0.0,0
2,f103_approved_DAYS_FIRST_DRAWING_s_app_DAYS_BIRTH_max,829.0066628456116,92
2,f103_approved_DAYS_FIRST_DRAWING_s_app_DAYS_BIRTH_std_div_mean,0.0,0
2,f103_approved_DAYS_FIRST_DRAWING_s_app_DAYS_BIRTH_mean,319.796817779541,27
2,f103_approved_DAYS_FIRST_DRAWING_s_app_DAYS_EMPLOYED_std,0.0,0
2,f103_approved_DAYS_FIRST_DRAWING_s_app_DAYS_BIRTH_min,146.91340160369873,11
2,f103_approved_DAYS_FIRST_DRAWING_s_DAYS_DECISIONS_std,0.0,0
2,f103_approved_DAYS_FIRST_DRAWING_s_app_DAYS_EMPLOYED_std_div_mean,0.0,0
2,f103_approved_DAYS_FIRST_DRAWING_s_app_DAYS_BIRTH_std,0.0,0
2,f103_approved_DAYS_FIRST_DRAWING_s_app_DAYS_EMPLOYED_min,1196.4769208431244,124
2,f103_approved_DAYS_FIRST_DRAWING_s_app_DAYS_EMPLOYED_max,414.94142723083496,47
2,f103_approved_DAYS_FIRST_DRAWING_s_app_DAYS_ID_PUBLISH_min,1315.647268295288,121
2,f103_approved_DAYS_FIRST_DRAWING_s_app_DAYS_ID_PUBLISH_std,0.0,0
2,f103_approved_DAYS_FIRST_DRAWING_s_app_DAYS_EMPLOYED_mean,91.41642999649048,10
2,f103_approved_DAYS_FIRST_DRAWING_s_app_DAYS_LAST_PHONE_CHANGE_std_div_mean,0.0,0
2,f103_approved_DAYS_FIRST_DRAWING_s_app_DAYS_LAST_PHONE_CHANGE_std,0.0,0
2,f103_approved_DAYS_FIRST_DRAWING_s_app_DAYS_ID_PUBLISH_max,397.44986867904663,39
2,f103_approved_DAYS_FIRST_DRAWING_s_app_DAYS_LAST_PHONE_CHANGE_mean,1552.7572765350342,140
2,f103_approved_DAYS_FIRST_DRAWING_s_app_DAYS_ID_PUBLISH_std_div_mean,0.0,0
2,f103_approved_DAYS_FIRST_DRAWING_s_app_DAYS_LAST_PHONE_CHANGE_max,359.4651107788086,37
2,f103_approved_DAYS_FIRST_DRAWING_s_app_DAYS_ID_PUBLISH_mean,117.17003059387207,10
2,f103_approved_DAYS_FIRST_DRAWING_s_app_DAYS_LAST_PHONE_CHANGE_min,59.215829849243164,9
2,f103_approved_DAYS_FIRST_DRAWING_s_app_DAYS_REGISTRATION_max,1415.8887248039246,137
2,f103_approved_DAYS_FIRST_DRAWING_s_app_DAYS_REGISTRATION_std_div_mean,0.0,0
2,f103_approved_DAYS_FIRST_DRAWING_s_app_DAYS_REGISTRATION_std,0.0,0
2,f103_approved_DAYS_FIRST_DRAWING_s_app_DAYS_REGISTRATION_mean,663.4596900939941,56
2,f103_approved_DAYS_FIRST_DUE_d_app_DAYS_EMPLOYED_std,1974.9710466861725,219
2,f103_approved_DAYS_FIRST_DRAWING_s_app_DAYS_REGISTRATION_min,114.49112033843994,13
2,f103_approved_DAYS_FIRST_DUE_d_app_DAYS_BIRTH_min,3702.535556077957,386
2,f103_approved_DAYS_FIRST_DUE_d_app_DAYS_BIRTH_mean,2865.4875036478043,302
2,f103_approved_DAYS_FIRST_DUE_d_app_DAYS_BIRTH_max,3082.288284778595,333
2,f103_approved_DAYS_FIRST_DUE_d_app_DAYS_EMPLOYED_std_div_mean,2011.3573553562164,222
2,f103_approved_DAYS_FIRST_DUE_d_app_DAYS_EMPLOYED_mean,3081.228021144867,216
2,f103_approved_DAYS_FIRST_DUE_d_app_DAYS_EMPLOYED_min,3564.772310733795,320
2,f103_approved_DAYS_FIRST_DUE_d_app_DAYS_EMPLOYED_max,3396.047463476658,305
2,f103_approved_DAYS_FIRST_DUE_s_DAYS_FIRST_DRAWING_std,0.0,0
2,f103_approved_DAYS_FIRST_DUE_s_DAYS_DECISIONS_max,1923.4576544761658,201
2,f103_approved_DAYS_FIRST_DUE_s_DAYS_DECISIONS_mean,2201.3348519802094,222
2,f103_approved_DAYS_FIRST_DUE_s_DAYS_DECISIONS_std_div_mean,1247.6752705574036,145
2,f103_approved_DAYS_FIRST_DUE_s_DAYS_FIRST_DRAWING_std_div_mean,0.0,0
2,f103_approved_DAYS_FIRST_DUE_d_app_DAYS_REGISTRATION_std,2233.332428455353,242
2,f103_approved_DAYS_FIRST_DUE_s_DAYS_DECISIONS_std,733.7415056228638,77
2,f103_approved_DAYS_FIRST_DUE_s_DAYS_DECISIONS_min,1611.9864983558655,167
2,f103_approved_DAYS_FIRST_DUE_s_app_DAYS_EMPLOYED_mean,3317.4989691972733,334
2,f103_approved_DAYS_FIRST_DUE_s_app_DAYS_BIRTH_max,4149.847402572632,374
3,f103_approved_DAYS_FIRST_DUE_s_app_DAYS_BIRTH_mean,5110.977005720139,271
3,f103_approved_DAYS_FIRST_DUE_s_app_DAYS_BIRTH_min,4905.899390459061,248
3,f103_approved_DAYS_FIRST_DUE_s_app_DAYS_EMPLOYED_max,4195.865859508514,325
3,f103_approved_DAYS_FIRST_DUE_s_app_DAYS_LAST_PHONE_CHANGE_mean,3479.7104635238647,287
3,f103_approved_DAYS_FIRST_DUE_s_app_DAYS_REGISTRATION_max,2182.116643667221,224
3,f103_approved_DAYS_FIRST_DUE_s_app_DAYS_ID_PUBLISH_mean,2505.217981338501,230
3,f103_approved_DAYS_FIRST_DUE_s_app_DAYS_EMPLOYED_min,3955.0664377212524,305
3,f103_approved_DAYS_FIRST_DUE_s_app_DAYS_LAST_PHONE_CHANGE_max,3753.8655877113342,322
3,f103_approved_DAYS_FIRST_DUE_s_app_DAYS_LAST_PHONE_CHANGE_min,4275.7579436302185,312
3,f103_approved_DAYS_FIRST_DUE_s_app_DAYS_ID_PUBLISH_max,2758.676420688629,258
3,f103_approved_DAYS_FIRST_DUE_s_app_DAYS_ID_PUBLISH_min,2951.313801765442,258
3,f103_approved_DAYS_FIRST_DUE_s_app_DAYS_REGISTRATION_mean,1946.9207980632782,195
3,f103_approved_DAYS_LAST_DUE_1ST_VERSION_d_app_DAYS_EMPLOYED_std,1403.6927609443665,151
3,f103_approved_DAYS_LAST_DUE_1ST_VERSION_d_app_DAYS_BIRTH_min,4726.488172888756,376
3,f103_approved_DAYS_LAST_DUE_1ST_VERSION_s_DAYS_FIRST_DRAWING_std_div_mean,0.0,0
3,f103_approved_DAYS_LAST_DUE_1ST_VERSION_s_DAYS_FIRST_DRAWING_max,0.0,0
3,f103_approved_DAYS_LAST_DUE_1ST_VERSION_s_DAYS_FIRST_DRAWING_min,0.0,0
3,f103_approved_DAYS_LAST_DUE_1ST_VERSION_s_DAYS_FIRST_DRAWING_mean,0.0,0
3,f103_approved_DAYS_LAST_DUE_1ST_VERSION_d_app_DAYS_REGISTRATION_std,1301.021460533142,153
3,f103_approved_DAYS_LAST_DUE_1ST_VERSION_d_app_DAYS_BIRTH_std,577.6204118728638,62
3,f103_approved_DAYS_LAST_DUE_1ST_VERSION_d_app_DAYS_LAST_PHONE_CHANGE_std,1308.7462062835693,136
3,f103_approved_DAYS_FIRST_DUE_s_app_DAYS_REGISTRATION_min,2210.7141633033752,214
3,f103_approved_DAYS_LAST_DUE_1ST_VERSION_s_DAYS_DECISIONS_max,1893.328432559967,150
3,f103_approved_DAYS_LAST_DUE_1ST_VERSION_d_app_DAYS_BIRTH_mean,3196.714677453041,300
3,f103_approved_DAYS_LAST_DUE_1ST_VERSION_s_DAYS_DECISIONS_mean,1811.8175740242004,154
3,f103_approved_DAYS_LAST_DUE_1ST_VERSION_s_DAYS_DECISIONS_min,1785.7952690124512,172
3,f103_approved_DAYS_LAST_DUE_1ST_VERSION_s_DAYS_FIRST_DRAWING_std,0.0,0
3,f103_approved_DAYS_LAST_DUE_1ST_VERSION_s_DAYS_FIRST_DRAWING_max_div_min,0.0,0
3,f103_approved_DAYS_LAST_DUE_1ST_VERSION_s_DAYS_DECISIONS_std_div_mean,917.5337920188904,100
3,f103_approved_DAYS_LAST_DUE_1ST_VERSION_s_DAYS_FIRST_DUE_std,207.4158582687378,20
3,f103_approved_DAYS_LAST_DUE_1ST_VERSION_s_DAYS_DECISIONS_std,527.1338887214661,54
3,f103_approved_DAYS_LAST_DUE_1ST_VERSION_s_DAYS_FIRST_DUE_std_div_mean,664.7090969085693,72
3,f103_approved_DAYS_LAST_DUE_1ST_VERSION_s_app_DAYS_EMPLOYED_std,676.7419624328613,75
3,f103_approved_DAYS_LAST_DUE_1ST_VERSION_s_DAYS_FIRST_DUE_mean,320.13391971588135,36
3,f103_approved_DAYS_LAST_DUE_1ST_VERSION_s_app_DAYS_BIRTH_min,3057.512157559395,234
3,f103_approved_DAYS_LAST_DUE_1ST_VERSION_s_DAYS_FIRST_DUE_max,324.7202124595642,19
3,f103_approved_DAYS_LAST_DUE_1ST_VERSION_s_app_DAYS_BIRTH_std_div_mean,753.560239315033,82
3,f103_approved_DAYS_LAST_DUE_1ST_VERSION_s_app_DAYS_BIRTH_std,227.6917109489441,26
3,f103_approved_DAYS_LAST_DUE_1ST_VERSION_s_app_DAYS_BIRTH_mean,2182.5666959285736,200
3,f103_approved_DAYS_LAST_DUE_1ST_VERSION_s_app_DAYS_BIRTH_max_div_min,507.66819858551025,53
3,f103_approved_DAYS_LAST_DUE_1ST_VERSION_s_app_DAYS_EMPLOYED_min,2386.161879301071,232
3,f103_approved_DAYS_LAST_DUE_1ST_VERSION_s_app_DAYS_ID_PUBLISH_min,2566.928504228592,276
3,f103_approved_DAYS_LAST_DUE_1ST_VERSION_s_app_DAYS_BIRTH_max,2220.19291138649,219
3,f103_approved_DAYS_LAST_DUE_1ST_VERSION_s_app_DAYS_ID_PUBLISH_std,54.964720249176025,6
3,f103_approved_DAYS_LAST_DUE_1ST_VERSION_s_DAYS_FIRST_DUE_min,162.2402105331421,15
3,f103_approved_DAYS_LAST_DUE_1ST_VERSION_s_app_DAYS_ID_PUBLISH_mean,2082.8297443389893,224
3,f103_approved_DAYS_LAST_DUE_1ST_VERSION_s_app_DAYS_EMPLOYED_mean,2060.610725402832,209
3,f103_approved_DAYS_LAST_DUE_1ST_VERSION_s_app_DAYS_ID_PUBLISH_max,2680.5003151893616,277
3,f103_approved_DAYS_LAST_DUE_1ST_VERSION_s_app_DAYS_REGISTRATION_std,7.307139873504639,1
3,f103_approved_DAYS_LAST_DUE_1ST_VERSION_s_app_DAYS_LAST_PHONE_CHANGE_std,0.0,0
3,f103_approved_DAYS_LAST_DUE_1ST_VERSION_s_app_DAYS_EMPLOYED_max,2458.3816101551056,239
3,f103_approved_DAYS_LAST_DUE_1ST_VERSION_s_app_DAYS_LAST_PHONE_CHANGE_max,2535.120694875717,268
3,f103_approved_DAYS_LAST_DUE_1ST_VERSION_s_app_DAYS_LAST_PHONE_CHANGE_min,2711.543262243271,280
3,f103_approved_DAYS_LAST_DUE_1ST_VERSION_s_app_DAYS_REGISTRATION_max,2643.4217660427094,269
3,f103_approved_DAYS_LAST_DUE_d_app_DAYS_EMPLOYED_std_div_mean,913.9117205142975,100
3,f103_approved_DAYS_LAST_DUE_1ST_VERSION_s_app_DAYS_LAST_PHONE_CHANGE_mean,2036.4630284309387,220
3,f103_approved_DAYS_LAST_DUE_d_app_DAYS_EMPLOYED_std,882.9325008392334,96
3,f103_approved_DAYS_LAST_DUE_d_app_DAYS_BIRTH_mean,2600.234663963318,277
3,f103_approved_DAYS_LAST_DUE_1ST_VERSION_s_app_DAYS_REGISTRATION_min,2136.7478742599487,216
3,f103_approved_DAYS_LAST_DUE_d_app_DAYS_BIRTH_min,2842.714213952422,308
3,f103_approved_DAYS_LAST_DUE_1ST_VERSION_s_app_DAYS_REGISTRATION_mean,2013.5320808887482,199
3,f103_approved_DAYS_LAST_DUE_d_app_DAYS_EMPLOYED_mean,3593.578870534897,257
3,f103_approved_DAYS_LAST_DUE_d_app_DAYS_BIRTH_max,2975.0279092788696,324
3,f103_approved_DAYS_LAST_DUE_s_DAYS_FIRST_DRAWING_std_div_mean,0.0,0
3,f103_approved_DAYS_LAST_DUE_s_DAYS_FIRST_DRAWING_std,0.0,0
3,f103_approved_DAYS_LAST_DUE_d_app_DAYS_REGISTRATION_std,912.922200679779,100
3,f103_approved_DAYS_LAST_DUE_d_app_DAYS_EMPLOYED_max,3762.583076953888,311
3,f103_approved_DAYS_LAST_DUE_s_DAYS_FIRST_DUE_std_div_mean,1264.970876455307,144
3,f103_approved_DAYS_LAST_DUE_s_DAYS_LAST_DUE_1ST_VERSION_std,509.21261072158813,63
3,f103_approved_DAYS_LAST_DUE_s_DAYS_LAST_DUE_1ST_VERSION_max,606.8155629634857,63
3,f103_approved_DAYS_LAST_DUE_s_DAYS_LAST_DUE_1ST_VERSION_min,772.9781587123871,80
3,f103_approved_DAYS_LAST_DUE_s_app_DAYS_BIRTH_max,1674.334902048111,169
3,f103_approved_DAYS_LAST_DUE_s_DAYS_LAST_DUE_1ST_VERSION_mean,803.4334487915039,82
3,f103_approved_DAYS_LAST_DUE_s_app_DAYS_EMPLOYED_mean,1106.21533203125,107
3,f103_approved_DAYS_LAST_DUE_s_app_DAYS_BIRTH_min,1246.7817597389221,130
3,f103_approved_DAYS_LAST_DUE_s_app_DAYS_EMPLOYED_max,1540.737619638443,148
3,f103_approved_DAYS_LAST_DUE_s_app_DAYS_EMPLOYED_min,1520.1714284420013,153
3,f103_approved_DAYS_LAST_DUE_s_app_DAYS_LAST_PHONE_CHANGE_mean,1392.0263640880585,149
3,f103_approved_DAYS_LAST_DUE_s_app_DAYS_LAST_PHONE_CHANGE_max,2077.5387959480286,192
3,f103_approved_DAYS_LAST_DUE_s_app_DAYS_ID_PUBLISH_min,1373.6665015220642,145
3,f103_approved_DAYS_LAST_DUE_s_app_DAYS_BIRTH_mean,1244.766248703003,117
3,f103_approved_DAYS_LAST_DUE_s_app_DAYS_LAST_PHONE_CHANGE_min,1987.157775402069,202
3,f103_approved_DAYS_LAST_DUE_s_app_DAYS_ID_PUBLISH_max,1763.11514210701,177
3,f103_approved_DAYS_LAST_DUE_s_app_DAYS_ID_PUBLISH_mean,1355.4774277210236,137
3,f103_approved_DAYS_TERMINATION_d_app_DAYS_EMPLOYED_std_div_mean,1001.7516264915466,109
3,f103_approved_DAYS_LAST_DUE_s_app_DAYS_REGISTRATION_min,1318.9767308235168,142
3,f103_approved_DAYS_TERMINATION_d_app_DAYS_EMPLOYED_std,669.9660811424255,80
3,f103_approved_DAYS_LAST_DUE_s_app_DAYS_REGISTRATION_mean,1096.373303413391,112
3,f103_approved_DAYS_LAST_DUE_s_app_DAYS_REGISTRATION_max,1657.2655711174011,181
3,f103_approved_DAYS_TERMINATION_d_app_DAYS_BIRTH_mean,2944.1301000118256,300
3,f103_approved_DAYS_TERMINATION_d_app_DAYS_BIRTH_min,3497.9854984283447,352
3,f103_approved_DAYS_TERMINATION_d_app_DAYS_EMPLOYED_max,2163.884112715721,214
3,f103_approved_DAYS_TERMINATION_d_app_DAYS_BIRTH_max,2632.6865673065186,276
3,f103_approved_DAYS_TERMINATION_s_DAYS_FIRST_DRAWING_std_div_mean,0.0,0
3,f103_approved_DAYS_TERMINATION_d_app_DAYS_REGISTRATION_std,670.4152307510376,75
3,f103_approved_DAYS_TERMINATION_d_app_DAYS_EMPLOYED_mean,2999.001144886017,232
3,f103_approved_DAYS_TERMINATION_s_DAYS_FIRST_DRAWING_std,0.0,0
3,f103_approved_DAYS_TERMINATION_s_DAYS_LAST_DUE_1ST_VERSION_std,797.0102288722992,88
3,f103_approved_DAYS_TERMINATION_s_DAYS_LAST_DUE_1ST_VERSION_mean,3411.648121714592,302
3,f103_approved_DAYS_TERMINATION_s_DAYS_LAST_DUE_1ST_VERSION_min,3469.1807510852814,310
3,f103_approved_DAYS_TERMINATION_s_DAYS_LAST_DUE_std,628.7168302536011,76
3,f103_approved_DAYS_TERMINATION_s_DAYS_LAST_DUE_1ST_VERSION_max,5087.854047775269,440
3,f103_approved_DAYS_TERMINATION_s_app_DAYS_EMPLOYED_std_div_mean,723.7244100570679,84
3,f103_approved_DAYS_TERMINATION_s_app_DAYS_EMPLOYED_max,1740.4293270111084,163
3,f103_approved_DAYS_TERMINATION_s_app_DAYS_BIRTH_max,1626.1873428821564,154
3,f103_approved_DAYS_TERMINATION_s_app_DAYS_EMPLOYED_min,1363.2224209308624,145
3,f103_approved_DAYS_TERMINATION_s_app_DAYS_EMPLOYED_mean,1129.298377752304,111
3,f103_approved_DAYS_TERMINATION_s_app_DAYS_BIRTH_min,1322.9163491725922,133
3,f103_approved_DAYS_TERMINATION_s_app_DAYS_BIRTH_mean,1239.3402495384216,125
3,f103_approved_DAYS_TERMINATION_s_app_DAYS_ID_PUBLISH_min,1623.1838779449463,159
3,f103_approved_DAYS_TERMINATION_s_app_DAYS_ID_PUBLISH_mean,1373.960443019867,148
3,f103_approved_DAYS_TERMINATION_s_app_DAYS_REGISTRATION_std_div_mean,1007.1668047904968,111
3,f103_approved_DAYS_TERMINATION_s_app_DAYS_LAST_PHONE_CHANGE_min,2300.2419090270996,234
3,f103_approved_DAYS_TERMINATION_s_app_DAYS_LAST_PHONE_CHANGE_mean,1915.1481523513794,197
3,f103_approved_DAYS_TERMINATION_s_app_DAYS_LAST_PHONE_CHANGE_std_div_mean,1185.5238999128342,128
3,f103_approved_DAYS_TERMINATION_s_app_DAYS_ID_PUBLISH_max,1899.5560216903687,204
3,f103_approved_DAYS_TERMINATION_s_app_DAYS_LAST_PHONE_CHANGE_max,2413.717200756073,233
3,f103_approved_DAYS_TERMINATION_s_app_DAYS_REGISTRATION_min,1825.6575496196747,175
3,f103_approved_HOUR_APPR_PROCESS_START_max,3408.2983708381653,304
3,f103_approved_DAYS_TERMINATION_s_app_DAYS_REGISTRATION_mean,1582.4544515609741,159
3,f103_approved_HOUR_APPR_PROCESS_START_mean,4602.1087641716,385
3,f103_approved_DAYS_TERMINATION_s_app_DAYS_REGISTRATION_max,1819.1139650344849,190
3,f103_approved_HOUR_APPR_PROCESS_START_min,2740.2714953422546,248
3,f103_approved_NAME_CASH_LOAN_PURPOSE_XNA_mean,767.2331674098969,81
3,f103_approved_NAME_CASH_LOAN_PURPOSE_Repairs_mean,220.56687879562378,24
3,f103_approved_NAME_CASH_LOAN_PURPOSE_Repairs_sum,76.51689863204956,6
3,f103_approved_NAME_CLIENT_TYPE_Refreshed_sum,99.13723039627075,12
3,f103_approved_NAME_CONTRACT_TYPE_Revolving_loans_sum,0.0,0
3,f103_approved_NAME_CLIENT_TYPE_New_mean,2114.036609172821,93
3,f103_approved_NAME_CLIENT_TYPE_New_sum,884.559250831604,39
3,f103_approved_NAME_CLIENT_TYPE_Refreshed_mean,311.46324253082275,31
3,f103_approved_NAME_CONTRACT_TYPE_Revolving_loans_mean,0.0,0
3,f103_approved_NAME_CLIENT_TYPE_Repeater_mean,622.8115525245667,63
3,f103_approved_NAME_GOODS_CATEGORY_Furniture_mean,284.0035581588745,34
3,f103_approved_NAME_GOODS_CATEGORY_Mobile_sum,78.59043073654175,7
3,f103_approved_NAME_GOODS_CATEGORY_Furniture_sum,82.58751153945923,10
3,f103_approved_NAME_GOODS_CATEGORY_Mobile_mean,316.08602142333984,33
3,f103_approved_NAME_PORTFOLIO_Cards_sum,0.0,0
3,f103_approved_NAME_PORTFOLIO_Cards_mean,0.0,0
3,f103_approved_NAME_PAYMENT_TYPE_Cash_through_the_bank_mean,560.8422946929932,62
3,f103_approved_NAME_PAYMENT_TYPE_XNA_sum,300.50028944015503,27
3,f103_approved_NAME_PAYMENT_TYPE_XNA_mean,502.8569903373718,54
3,f103_approved_NAME_PRODUCT_TYPE_walk_in_sum,214.49099016189575,18
3,f103_approved_NAME_SELLER_INDUSTRY_Connectivity_sum,92.49677848815918,12
3,f103_approved_NAME_PRODUCT_TYPE_walk_in_mean,808.5189909934998,50
3,f103_approved_NAME_SELLER_INDUSTRY_Connectivity_mean,413.1669354438782,44
3,f103_approved_NAME_SELLER_INDUSTRY_Furniture_sum,0.0,0
3,f103_approved_NAME_SELLER_INDUSTRY_Furniture_mean,64.81733989715576,8
3,f103_approved_NAME_YIELD_GROUP_XNA_sum,0.0,0
3,f103_approved_NAME_YIELD_GROUP_high_mean,1690.2923154830933,53
3,f103_approved_NAME_YIELD_GROUP_low_action_sum,67.28750133514404,8
3,f103_approved_NAME_YIELD_GROUP_high_sum,626.747344493866,20
3,f103_approved_NAME_YIELD_GROUP_low_action_mean,338.7812213897705,35
3,f103_approved_NAME_YIELD_GROUP_XNA_mean,14.483720302581787,2
3,f103_approved_NAME_YIELD_GROUP_middle_mean,991.4403314590454,105
3,f103_approved_NAME_YIELD_GROUP_low_normal_sum,208.73154973983765,26
3,f103_approved_PRODUCT_COMBINATION_POS_mobile_with_interest_mean,192.4952826499939,21
3,f103_approved_PRODUCT_COMBINATION_Card_Street_mean,138.79814958572388,16
3,f103_approved_NAME_YIELD_GROUP_low_normal_mean,398.6585898399353,44
3,f103_approved_PRODUCT_COMBINATION_Card_Street_sum,34.42576026916504,4
3,f103_approved_RATE_INTEREST_PRIVILEGED_max,22.569350242614746,3
3,f103_approved_PRODUCT_COMBINATION_POS_industry_with_interest_sum,114.71881055831909,16
3,f103_approved_RATE_DOWN_PAYMENT_std,997.1834659576416,107
3,f103_approved_PRODUCT_COMBINATION_POS_mobile_with_interest_sum,11.874849796295166,2
3,f103_approved_PRODUCT_COMBINATION_POS_industry_with_interest_mean,233.24912071228027,24
3,f103_approved_RATE_INTEREST_PRIMARY_std_div_mean,0.0,0
3,f103_approved_RATE_INTEREST_PRIVILEGED_mean,10.626060009002686,2
3,f103_approved_RATE_INTEREST_PRIVILEGED_min,13.51796007156372,2
3,f103_approved_RATE_INTEREST_PRIVILEGED_std,0.0,0
3,f103_approved_RATE_INTEREST_PRIVILEGED_std_div_mean,0.0,0
3,f103_approved_amt_unpaid_std,513.6171123981476,54
3,f103_approved_active_std_div_mean,206.9240198135376,22
3,f103_approved_active_std,198.40682983398438,21
3,f103_approved_active_sum,42.23995065689087,6
3,f103_approved_amt_unpaid_max,1005.7993011474609,109
3,f103_approved_amt_unpaid_mean,1160.2365555763245,125
3,f103_approved_cnt_paid_ratio_max_div_min,536.9640307426453,56
3,f103_approved_cnt_paid_ratio_std,366.8068103790283,40
3,f103_approved_cnt_paid_ratio_max,692.2359862327576,70
3,f103_approved_cnt_paid_ratio_mean,752.2228198051453,75
3,f103_approved_cnt_paid_ratio_min,943.8398313522339,76
3,f103_approved_amt_unpaid_sum,1185.703119277954,127
3,f103_approved_cnt_unpaid_std_div_mean,453.58758068084717,55
3,f103_approved_cnt_unpaid_std,305.5867214202881,27
3,f103_approved_cnt_paid_std,829.482871055603,96
3,f103_approved_cnt_paid_ratio_std_div_mean,348.0987403392792,40
3,f103_approved_cnt_unpaid_mean,756.8328914642334,67
3,f103_approved_cnt_unpaid_max,717.5366961956024,57
3,f103_approved_completed_std_div_mean,144.12027072906494,15
3,f103_approved_cnt_unpaid_sum,1326.1682529449463,100
3,f103_approved_completed_max,0.0,0
3,f103_approved_completed_sum,85.12406921386719,10
3,f103_approved_completed_min,12.46720027923584,1
3,f103_approved_cnt_unpaid_min,455.53055906295776,51
3,f103_approved_completed_mean,82.66604042053223,8
3,f103_approved_interest_rate_max,5315.714208841324,425
3,f103_approved_interest_rate_min,10859.538252353668,534
3,f103_approved_interest_rate_mean,4819.928211688995,418
3,f103_approved_interest_rate_std_div_mean,2340.129707336426,264
3,f103_approved_interest_rate_std,1802.4132018089294,199
3,f103_completed_AMT_ANNUITY_d_app_AMT_ANNUITY_diff_std,242.97974967956543,29
3,f103_approved_total_debt_diff_std,1984.0613536834717,231
3,f103_approved_total_debt_std_div_mean,2071.1772031784058,235
3,f103_approved_total_debt_pctchange_std_div_mean,1427.4098238945007,171
3,f103_completed_AMT_ANNUITY_d_app_AMT_ANNUITY_diff_max,1062.8139910697937,113
3,f103_approved_total_debt_std,1712.914314031601,183
3,f103_completed_AMT_ANNUITY_d_app_AMT_CREDIT_std,151.04830026626587,19
3,f103_completed_AMT_ANNUITY_d_app_AMT_ANNUITY_max,2043.5715780258179,185
3,f103_completed_AMT_ANNUITY_d_app_AMT_CREDIT_max,1414.620822161436,127
3,f103_completed_AMT_ANNUITY_d_app_AMT_ANNUITY_min,1769.251995563507,167
3,f103_completed_AMT_ANNUITY_d_app_AMT_ANNUITY_mean,1781.447184085846,164
3,f103_completed_AMT_ANNUITY_d_app_AMT_ANNUITY_std,160.14876079559326,19
3,f103_completed_AMT_ANNUITY_d_app_AMT_CREDIT_diff_std,149.75754165649414,18
3,f103_completed_AMT_ANNUITY_d_app_AMT_GOODS_PRICE_diff_std,290.79971837997437,34
3,f103_completed_AMT_ANNUITY_d_app_AMT_CREDIT_min,1830.7746572494507,186
3,f103_completed_AMT_ANNUITY_d_app_AMT_CREDIT_diff_max,973.815661907196,105
3,f103_completed_AMT_ANNUITY_d_app_AMT_CREDIT_mean,1501.8949599266052,128
3,f103_completed_AMT_ANNUITY_d_app_AMT_GOODS_PRICE_max,1348.5916738510132,138
3,f103_completed_AMT_ANNUITY_d_app_AMT_INCOME_TOTAL_diff_std,367.27358984947205,45
3,f103_completed_AMT_ANNUITY_d_app_AMT_GOODS_PRICE_std,357.19851875305176,45
3,f103_completed_AMT_ANNUITY_d_app_AMT_GOODS_PRICE_mean,1250.9624936580658,125
3,f103_completed_AMT_ANNUITY_d_app_AMT_GOODS_PRICE_diff_max,970.2516870498657,106
3,f103_completed_AMT_ANNUITY_d_app_AMT_INCOME_TOTAL_diff_max,713.8273315429688,76
3,f103_completed_AMT_ANNUITY_d_app_AMT_GOODS_PRICE_min,1475.617990732193,163
3,f103_completed_AMT_ANNUITY_d_app_AMT_INCOME_TOTAL_std,297.1362919807434,32
3,f103_completed_AMT_ANNUITY_d_app_AMT_INCOME_TOTAL_min,2009.9873485565186,204
3,f103_completed_AMT_ANNUITY_d_app_AMT_INCOME_TOTAL_diff_mean,868.3282670974731,92
3,f103_completed_AMT_ANNUITY_d_app_AMT_INCOME_TOTAL_max,2384.9098834991455,229
3,f103_completed_AMT_ANNUITY_m_app_AMT_GOODS_PRICE_d_app_AMT_INCOME_TOTAL_diff_std,217.91510128974915,28
3,f103_completed_AMT_ANNUITY_m_app_AMT_GOODS_PRICE_d_app_AMT_INCOME_TOTAL_diff_max,477.53356885910034,48
3,f103_completed_AMT_ANNUITY_d_app_AMT_INCOME_TOTAL_mean,2033.003900527954,213
3,f103_completed_AMT_ANNUITY_m_app_AMT_GOODS_PRICE_d_app_AMT_INCOME_TOTAL_std,187.66147756576538,20
3,f103_completed_AMT_ANNUITY_s_app_AMT_ANNUITY_d_app_AMT_INCOME_TOTAL_diff_std,134.72666025161743,16
3,f103_completed_AMT_ANNUITY_m_app_AMT_GOODS_PRICE_d_app_AMT_INCOME_TOTAL_diff_mean,630.1596221923828,70
3,f103_completed_AMT_ANNUITY_s_app_AMT_ANNUITY_d_app_AMT_INCOME_TOTAL_diff_mean,251.82419967651367,27
3,f103_completed_AMT_ANNUITY_max,2327.869178533554,219
3,f103_completed_AMT_ANNUITY_mean,2224.9534306526184,197
3,f103_completed_AMT_ANNUITY_s_app_AMT_ANNUITY_d_app_AMT_INCOME_TOTAL_diff_max,134.66859912872314,15
3,f103_completed_AMT_ANNUITY_s_app_AMT_ANNUITY_diff_mean,1184.2672109603882,135
3,f103_completed_AMT_ANNUITY_min,2415.5411434173584,257
3,f103_completed_AMT_ANNUITY_s_app_AMT_ANNUITY_d_app_AMT_INCOME_TOTAL_std,43.27048063278198,6
3,f103_completed_AMT_ANNUITY_s_app_AMT_ANNUITY_diff_max,762.7799181938171,77
3,f103_completed_AMT_ANNUITY_s_app_AMT_ANNUITY_d_app_AMT_INCOME_TOTAL_mean,2335.269615650177,194
3,f103_completed_AMT_ANNUITY_s_app_AMT_ANNUITY_d_app_AMT_INCOME_TOTAL_pctchange_mean,1402.4249267578125,156
3,f103_completed_AMT_ANNUITY_s_app_AMT_ANNUITY_d_app_AMT_INCOME_TOTAL_max,2362.207277536392,212
3,f103_completed_AMT_ANNUITY_s_app_AMT_ANNUITY_d_app_AMT_INCOME_TOTAL_pctchange_max,1652.9127378463745,179
3,f103_completed_AMT_ANNUITY_s_app_AMT_ANNUITY_pctchange_mean,490.9574418067932,54
3,f103_completed_AMT_ANNUITY_s_app_AMT_ANNUITY_diff_std,232.7190408706665,27
3,f103_completed_AMT_ANNUITY_s_app_AMT_CREDIT_d_app_AMT_INCOME_TOTAL_diff_std,29.32943105697632,3
3,f103_completed_AMT_ANNUITY_s_app_AMT_ANNUITY_pctchange_max,430.80905866622925,48
3,f103_completed_AMT_ANNUITY_s_app_AMT_ANNUITY_min,2346.5949506759644,221
3,f103_completed_AMT_ANNUITY_s_app_AMT_ANNUITY_d_app_AMT_INCOME_TOTAL_min,2675.9842488765717,246
3,f103_completed_AMT_ANNUITY_s_app_AMT_ANNUITY_std,280.2910695075989,32
3,f103_completed_AMT_ANNUITY_s_app_AMT_ANNUITY_max,2626.81426858902,249
3,f103_completed_AMT_ANNUITY_s_app_AMT_CREDIT_d_app_AMT_INCOME_TOTAL_pctchange_std,278.51252698898315,32
3,f103_completed_AMT_ANNUITY_s_app_AMT_CREDIT_diff_std,104.11140155792236,10
3,f103_completed_AMT_ANNUITY_s_app_AMT_CREDIT_d_app_AMT_INCOME_TOTAL_std,5.561669826507568,1
3,f103_completed_AMT_ANNUITY_s_app_AMT_CREDIT_diff_max,294.56660985946655,32
3,f103_completed_AMT_ANNUITY_s_app_AMT_CREDIT_diff_mean,375.9552597999573,45
3,f103_completed_AMT_ANNUITY_s_app_AMT_ANNUITY_d_app_AMT_INCOME_TOTAL_pctchange_min,2131.1272077560425,212
3,f103_completed_AMT_ANNUITY_s_app_AMT_ANNUITY_mean,2112.0132257938385,190
3,f103_completed_AMT_ANNUITY_s_app_AMT_CREDIT_d_app_AMT_INCOME_TOTAL_diff_mean,51.31736898422241,7
3,f103_completed_AMT_ANNUITY_s_app_AMT_CREDIT_d_app_AMT_INCOME_TOTAL_diff_max,25.136659622192383,4
3,f103_completed_AMT_ANNUITY_s_app_AMT_CREDIT_max,3046.6715059280396,256
3,f103_completed_AMT_ANNUITY_s_app_AMT_ANNUITY_pctchange_min,683.1878113746643,64
3,f103_completed_AMT_ANNUITY_s_app_AMT_GOODS_PRICE_diff_std,59.25209951400757,5
3,f103_completed_AMT_ANNUITY_s_app_AMT_CREDIT_mean,2364.649386882782,215
3,f103_completed_AMT_ANNUITY_s_app_AMT_CREDIT_pctchange_std,80.91575050354004,10
3,f103_completed_AMT_ANNUITY_s_app_AMT_CREDIT_std,25.176159858703613,3
3,f103_completed_AMT_ANNUITY_s_app_AMT_CREDIT_min,2829.6409845352173,258
3,f103_completed_AMT_ANNUITY_s_app_AMT_GOODS_PRICE_diff_mean,353.85973930358887,37
3,f103_completed_AMT_ANNUITY_s_app_AMT_GOODS_PRICE_diff_max,255.21352815628052,27
3,f103_completed_AMT_ANNUITY_s_app_AMT_GOODS_PRICE_max,4459.8365268707275,344
3,f103_completed_AMT_ANNUITY_s_app_AMT_GOODS_PRICE_mean,3301.655778169632,256
3,f103_completed_AMT_ANNUITY_s_app_AMT_INCOME_TOTAL_diff_mean,71.74620962142944,7
3,f103_completed_AMT_ANNUITY_s_app_AMT_GOODS_PRICE_std,66.04904985427856,8
3,f103_completed_AMT_ANNUITY_s_app_AMT_INCOME_TOTAL_diff_max,73.02672958374023,7
3,f103_completed_AMT_ANNUITY_s_app_AMT_INCOME_TOTAL_diff_std,35.52578926086426,4
3,f103_completed_AMT_ANNUITY_s_app_AMT_INCOME_TOTAL_std,10.23009967803955,1
3,f103_completed_AMT_ANNUITY_s_app_AMT_GOODS_PRICE_min,3612.6661891937256,298
3,f103_completed_AMT_APPLICATION_d_app_AMT_ANNUITY_diff_std,142.82562160491943,16
3,f103_completed_AMT_APPLICATION_d_app_AMT_ANNUITY_std,191.2088804244995,23
3,f103_completed_AMT_APPLICATION_d_app_AMT_ANNUITY_diff_max,616.165908575058,64
3,f103_completed_AMT_APPLICATION_d_app_AMT_CREDIT_diff_std,107.3675389289856,12
3,f103_completed_AMT_APPLICATION_d_app_AMT_ANNUITY_max,962.6328403949738,83
3,f103_completed_AMT_ANNUITY_std,15.838499546051025,2
3,f103_completed_AMT_APPLICATION_d_app_AMT_ANNUITY_min,940.6666903495789,89
3,f103_completed_AMT_APPLICATION_d_app_AMT_ANNUITY_mean,606.5316109657288,55
3,f103_completed_AMT_APPLICATION_d_app_AMT_ANNUITY_pctchange_std,217.19774961471558,27
3,f103_completed_AMT_APPLICATION_d_app_AMT_GOODS_PRICE_diff_std,63.54612922668457,8
3,f103_completed_AMT_APPLICATION_d_app_AMT_CREDIT_diff_max,619.6015386581421,63
3,f103_completed_AMT_APPLICATION_d_app_AMT_CREDIT_pctchange_std,74.46405982971191,10
3,f103_completed_AMT_APPLICATION_d_app_AMT_GOODS_PRICE_pctchange_std,57.586289405822754,8
3,f103_completed_AMT_APPLICATION_d_app_AMT_CREDIT_mean,896.0478119850159,82
3,f103_completed_AMT_APPLICATION_d_app_AMT_GOODS_PRICE_diff_max,1069.337103843689,111
3,f103_completed_AMT_APPLICATION_d_app_AMT_CREDIT_min,592.4748001098633,60
3,f103_completed_AMT_APPLICATION_d_app_AMT_CREDIT_max,1001.2286205291748,88
3,f103_completed_AMT_APPLICATION_d_app_AMT_CREDIT_std,159.42640018463135,21
3,f103_completed_AMT_APPLICATION_d_app_AMT_INCOME_TOTAL_diff_std,101.88705015182495,11
3,f103_completed_AMT_APPLICATION_d_app_AMT_GOODS_PRICE_std,259.7519021034241,31
3,f103_completed_AMT_APPLICATION_d_app_AMT_GOODS_PRICE_min,1160.760670185089,118
3,f103_completed_AMT_APPLICATION_d_app_AMT_INCOME_TOTAL_diff_mean,682.9235191345215,72
3,f103_completed_AMT_APPLICATION_d_app_AMT_GOODS_PRICE_max,1230.9429366588593,121
3,f103_completed_AMT_APPLICATION_d_app_AMT_GOODS_PRICE_mean,956.5967798233032,101
3,f103_completed_AMT_APPLICATION_d_app_AMT_INCOME_TOTAL_pctchange_std,60.83106994628906,8
3,f103_completed_AMT_APPLICATION_d_app_AMT_INCOME_TOTAL_diff_min,797.3437910079956,87
3,f103_completed_AMT_APPLICATION_d_app_AMT_INCOME_TOTAL_max,1310.7926769256592,127
3,f103_completed_AMT_APPLICATION_d_app_AMT_INCOME_TOTAL_diff_max,396.1150097846985,42
3,f103_completed_AMT_APPLICATION_m_app_AMT_GOODS_PRICE_d_app_AMT_INCOME_TOTAL_diff_std,45.37484931945801,6
3,f103_completed_AMT_APPLICATION_d_app_AMT_INCOME_TOTAL_std,130.85796928405762,13
3,f103_completed_AMT_APPLICATION_m_app_AMT_GOODS_PRICE_d_app_AMT_INCOME_TOTAL_diff_min,628.8613694906235,60
3,f103_completed_AMT_APPLICATION_d_app_AMT_INCOME_TOTAL_mean,1016.1835803985596,106
3,f103_completed_AMT_APPLICATION_m_app_AMT_GOODS_PRICE_d_app_AMT_INCOME_TOTAL_diff_max,311.7464017868042,29
3,f103_completed_AMT_APPLICATION_m_app_AMT_GOODS_PRICE_d_app_AMT_INCOME_TOTAL_diff_mean,393.7258491516113,44
3,f103_completed_AMT_APPLICATION_d_app_AMT_INCOME_TOTAL_min,1286.6177606582642,133
3,f103_completed_AMT_APPLICATION_m_app_AMT_GOODS_PRICE_d_app_AMT_INCOME_TOTAL_std,202.54527115821838,22
3,f103_completed_AMT_APPLICATION_s_app_AMT_ANNUITY_d_app_AMT_INCOME_TOTAL_diff_std,33.696279525756836,4
3,f103_completed_AMT_APPLICATION_max,1147.8548913002014,113
3,f103_completed_AMT_APPLICATION_s_app_AMT_ANNUITY_d_app_AMT_INCOME_TOTAL_diff_min,183.28525829315186,22
3,f103_completed_AMT_APPLICATION_mean,1060.4116387367249,111
3,f103_completed_AMT_APPLICATION_s_app_AMT_ANNUITY_d_app_AMT_INCOME_TOTAL_diff_mean,134.17668914794922,15
3,f103_completed_AMT_APPLICATION_s_app_AMT_ANNUITY_d_app_AMT_INCOME_TOTAL_max,771.5896501541138,77
3,f103_completed_AMT_APPLICATION_s_app_AMT_ANNUITY_diff_std,218.70515966415405,29
3,f103_completed_AMT_APPLICATION_s_app_AMT_ANNUITY_d_app_AMT_INCOME_TOTAL_std,66.79684019088745,9
3,f103_completed_AMT_APPLICATION_s_app_AMT_ANNUITY_diff_max,786.9739686250687,83
3,f103_completed_AMT_APPLICATION_min,1623.9614868164062,173
3,f103_completed_AMT_APPLICATION_s_app_AMT_ANNUITY_d_app_AMT_INCOME_TOTAL_diff_max,240.17993879318237,21
3,f103_completed_AMT_APPLICATION_s_app_AMT_ANNUITY_mean,1195.7803077697754,113
3,f103_completed_AMT_APPLICATION_s_app_AMT_ANNUITY_d_app_AMT_INCOME_TOTAL_min,1092.3250288963318,110
3,f103_completed_AMT_APPLICATION_s_app_AMT_ANNUITY_diff_mean,733.1166715621948,76
3,f103_completed_AMT_APPLICATION_s_app_AMT_CREDIT_d_app_AMT_INCOME_TOTAL_diff_std,39.44348955154419,6
3,f103_completed_AMT_APPLICATION_s_app_AMT_ANNUITY_d_app_AMT_INCOME_TOTAL_mean,837.2268109321594,81
3,f103_completed_AMT_APPLICATION_s_app_AMT_ANNUITY_max,970.4524538516998,97
3,f103_completed_AMT_APPLICATION_s_app_AMT_ANNUITY_std,298.1621699333191,37
3,f103_completed_AMT_APPLICATION_s_app_AMT_CREDIT_d_app_AMT_INCOME_TOTAL_std,28.710240364074707,4
3,f103_completed_AMT_APPLICATION_s_app_AMT_CREDIT_d_app_AMT_INCOME_TOTAL_diff_max,160.88659954071045,18
3,f103_completed_AMT_APPLICATION_s_app_AMT_CREDIT_d_app_AMT_INCOME_TOTAL_diff_min,249.76837825775146,28
3,f103_completed_AMT_APPLICATION_s_app_AMT_CREDIT_d_app_AMT_INCOME_TOTAL_diff_mean,98.8521499633789,10
3,f103_completed_AMT_APPLICATION_s_app_AMT_ANNUITY_min,1202.6362400054932,119
3,f103_completed_AMT_APPLICATION_s_app_AMT_CREDIT_d_app_AMT_INCOME_TOTAL_pctchange_std_div_mean,363.97627210617065,44
3,f103_completed_AMT_APPLICATION_s_app_AMT_GOODS_PRICE_diff_std,56.545910358428955,6
3,f103_completed_AMT_APPLICATION_s_app_AMT_CREDIT_diff_max,183.90488862991333,22
3,f103_completed_AMT_APPLICATION_s_app_AMT_CREDIT_diff_mean,174.5187406539917,19
3,f103_completed_AMT_APPLICATION_s_app_AMT_CREDIT_diff_std,53.50774049758911,7
3,f103_completed_AMT_APPLICATION_s_app_AMT_CREDIT_std,89.39872980117798,11
3,f103_completed_AMT_APPLICATION_s_app_AMT_CREDIT_pctchange_std_div_mean,141.30762100219727,18
3,f103_completed_AMT_APPLICATION_s_app_AMT_INCOME_TOTAL_diff_std,0.0,0
3,f103_completed_AMT_APPLICATION_s_app_AMT_GOODS_PRICE_diff_mean,382.1826410293579,45
3,f103_completed_AMT_APPLICATION_s_app_AMT_GOODS_PRICE_diff_max,336.1316611766815,35
3,f103_completed_AMT_APPLICATION_s_app_AMT_INCOME_TOTAL_diff_mean,74.64803981781006,7
3,f103_completed_AMT_APPLICATION_s_app_AMT_INCOME_TOTAL_diff_max,5.996880054473877,1
3,f103_completed_AMT_APPLICATION_s_app_AMT_INCOME_TOTAL_std,31.81589984893799,5
3,f103_completed_AMT_APPLICATION_std,13.197839736938477,2
3,f103_completed_AMT_APPLICATION_s_app_AMT_GOODS_PRICE_std,117.91549873352051,16
3,f103_completed_AMT_APPLICATION_s_app_AMT_INCOME_TOTAL_max,1403.41193151474,148
3,f103_completed_AMT_APPLICATION_s_app_AMT_INCOME_TOTAL_pctchange_std_div_mean,611.3917486667633,77
3,f103_completed_AMT_APPLICATION_s_app_AMT_INCOME_TOTAL_mean,1565.0003914833069,168
3,f103_completed_AMT_CREDIT_d_AMT_ANNUITY_diff_max,1410.5225777626038,155
3,f103_completed_AMT_CREDIT_d_AMT_ANNUITY_pctchange_max,1328.7008600234985,142
3,f103_completed_AMT_CREDIT_d_AMT_ANNUITY_diff_mean,1465.255927324295,148
3,f103_completed_AMT_APPLICATION_s_app_AMT_INCOME_TOTAL_min,1487.778716802597,159
3,f103_completed_AMT_CREDIT_d_AMT_ANNUITY_std_div_mean,598.8181459903717,72
3,f103_completed_AMT_CREDIT_d_AMT_APPLICATION_min,2711.424338579178,218
3,f103_completed_AMT_CREDIT_d_AMT_APPLICATION_max,2225.8149585723877,199
3,f103_completed_AMT_CREDIT_d_app_AMT_ANNUITY_diff_max,840.1571583747864,92
3,f103_completed_AMT_CREDIT_d_AMT_APPLICATION_mean,2415.8880898952484,190
3,f103_completed_AMT_CREDIT_d_app_AMT_ANNUITY_max,795.8244392871857,90
3,f103_completed_AMT_CREDIT_d_app_AMT_ANNUITY_mean,990.7415218353271,96
3,f103_completed_AMT_CREDIT_d_app_AMT_CREDIT_diff_max,624.9857842922211,66
3,f103_completed_AMT_CREDIT_d_app_AMT_ANNUITY_diff_std,337.4034423828125,41
3,f103_completed_AMT_CREDIT_d_app_AMT_CREDIT_diff_std,482.84900093078613,55
3,f103_completed_AMT_CREDIT_d_app_AMT_ANNUITY_std,225.66163873672485,29
3,f103_completed_AMT_CREDIT_d_app_AMT_ANNUITY_min,1306.255377292633,136
3,f103_completed_AMT_CREDIT_d_app_AMT_GOODS_PRICE_diff_std,276.95646953582764,35
3,f103_completed_AMT_CREDIT_d_app_AMT_CREDIT_max,1014.6570944786072,100
3,f103_completed_AMT_CREDIT_d_app_AMT_CREDIT_std,270.94638872146606,30
3,f103_completed_AMT_CREDIT_d_app_AMT_CREDIT_mean,981.7477902173996,103
3,f103_completed_AMT_CREDIT_d_app_AMT_GOODS_PRICE_diff_max,947.7373464107513,92
3,f103_completed_AMT_CREDIT_d_app_AMT_CREDIT_min,820.5573606491089,89
3,f103_completed_AMT_CREDIT_d_app_AMT_GOODS_PRICE_max,1132.4477734565735,124
3,f103_completed_AMT_CREDIT_d_app_AMT_INCOME_TOTAL_diff_std,236.28557968139648,29
3,f103_completed_AMT_CREDIT_d_app_AMT_GOODS_PRICE_std,400.50457096099854,46
3,f103_completed_AMT_CREDIT_d_app_AMT_INCOME_TOTAL_diff_min,372.1073398590088,41
3,f103_completed_AMT_CREDIT_d_app_AMT_GOODS_PRICE_mean,1174.1573390960693,115
3,f103_completed_AMT_CREDIT_d_app_AMT_GOODS_PRICE_min,1410.1271409988403,144
3,f103_completed_AMT_CREDIT_d_app_AMT_INCOME_TOTAL_diff_max,353.4113073348999,32
3,f103_completed_AMT_CREDIT_d_app_AMT_INCOME_TOTAL_std,241.4541392326355,30
3,f103_completed_AMT_CREDIT_d_app_AMT_INCOME_TOTAL_max,1385.2910299301147,141
3,f103_completed_AMT_CREDIT_d_app_AMT_INCOME_TOTAL_diff_mean,212.39894914627075,21
3,f103_completed_AMT_CREDIT_d_total_debt_diff_std,368.9821400642395,49
3,f103_completed_AMT_CREDIT_d_app_AMT_INCOME_TOTAL_mean,1131.4953003525734,119
3,f103_completed_AMT_CREDIT_d_total_debt_pctchange_std,569.429690361023,65
3,f103_completed_AMT_CREDIT_d_total_debt_mean,3019.3248336315155,256
3,f103_completed_AMT_CREDIT_d_total_debt_diff_min,1696.715982079506,173
3,f103_completed_AMT_CREDIT_d_app_AMT_INCOME_TOTAL_min,1404.5587921142578,151
3,f103_completed_AMT_CREDIT_d_total_debt_diff_mean,1593.4730126857758,148
3,f103_completed_AMT_CREDIT_m_app_AMT_GOODS_PRICE_d_app_AMT_INCOME_TOTAL_diff_max,377.35869002342224,42
3,f103_completed_AMT_CREDIT_d_total_debt_diff_max,1810.3160672187805,173
3,f103_completed_AMT_CREDIT_d_total_debt_std,655.8982467651367,73
3,f103_completed_AMT_CREDIT_d_total_debt_std_div_mean,674.3498587608337,67
3,f103_completed_AMT_CREDIT_d_total_debt_max,2960.234500646591,284
3,f103_completed_AMT_CREDIT_d_total_debt_pctchange_max,2965.842047214508,215
3,f103_completed_AMT_CREDIT_d_total_debt_min,3594.2037897109985,315
3,f103_completed_AMT_CREDIT_m_app_AMT_GOODS_PRICE_d_app_AMT_INCOME_TOTAL_diff_std,99.03694796562195,14
3,f103_completed_AMT_CREDIT_d_total_debt_pctchange_mean,2228.2078182697296,189
3,f103_completed_AMT_CREDIT_d_total_debt_pctchange_min,1704.4408447742462,148
3,f103_completed_AMT_CREDIT_m_app_AMT_GOODS_PRICE_d_app_AMT_INCOME_TOTAL_diff_min,567.2040510177612,56
3,f103_completed_AMT_CREDIT_m_app_AMT_GOODS_PRICE_d_app_AMT_INCOME_TOTAL_diff_mean,274.2253694534302,33
3,f103_completed_AMT_CREDIT_m_app_AMT_GOODS_PRICE_d_app_AMT_INCOME_TOTAL_std,126.62216901779175,14
3,f103_completed_AMT_CREDIT_s_app_AMT_ANNUITY_d_app_AMT_INCOME_TOTAL_pctchange_std_div_mean,378.03539085388184,44
3,f103_completed_AMT_CREDIT_s_app_AMT_ANNUITY_d_app_AMT_INCOME_TOTAL_diff_max,260.09142780303955,23
3,f103_completed_AMT_CREDIT_s_app_AMT_ANNUITY_d_app_AMT_INCOME_TOTAL_diff_std,83.98680973052979,10
3,f103_completed_AMT_CREDIT_max,903.8173969835043,100
3,f103_completed_AMT_CREDIT_mean,839.3536124229431,86
3,f103_completed_AMT_CREDIT_s_app_AMT_ANNUITY_d_app_AMT_INCOME_TOTAL_max,818.9470100402832,88
3,f103_completed_AMT_CREDIT_s_app_AMT_ANNUITY_d_app_AMT_INCOME_TOTAL_diff_mean,359.6162190437317,35
3,f103_completed_AMT_CREDIT_s_app_AMT_ANNUITY_d_app_AMT_INCOME_TOTAL_mean,731.2911720275879,74
3,f103_completed_AMT_CREDIT_s_app_AMT_ANNUITY_d_app_AMT_INCOME_TOTAL_min,1076.9774179458618,110
3,f103_completed_AMT_CREDIT_s_app_AMT_ANNUITY_d_app_AMT_INCOME_TOTAL_diff_min,417.05046939849854,45
3,f103_completed_AMT_CREDIT_min,1043.7345833778381,111
3,f103_completed_AMT_CREDIT_s_app_AMT_ANNUITY_d_app_AMT_INCOME_TOTAL_std,202.3893599510193,27
3,f103_completed_AMT_CREDIT_s_app_AMT_ANNUITY_diff_std,234.29773998260498,29
3,f103_completed_AMT_CREDIT_s_app_AMT_ANNUITY_d_app_AMT_INCOME_TOTAL_std_div_mean,650.6630182266235,77
3,f103_completed_AMT_CREDIT_s_app_AMT_ANNUITY_diff_max,407.4571509361267,41
3,f103_completed_AMT_CREDIT_s_app_AMT_ANNUITY_min,944.2001399993896,94
3,f103_completed_AMT_CREDIT_s_app_AMT_CREDIT_d_app_AMT_INCOME_TOTAL_diff_max,203.56785011291504,20
3,f103_completed_AMT_CREDIT_s_app_AMT_ANNUITY_max,911.7109246253967,103
3,f103_completed_AMT_CREDIT_s_app_AMT_ANNUITY_diff_mean,371.45053815841675,35
3,f103_completed_AMT_CREDIT_s_app_AMT_ANNUITY_std_div_mean,234.32743978500366,27
3,f103_completed_AMT_CREDIT_s_app_AMT_CREDIT_d_app_AMT_INCOME_TOTAL_diff_mean,230.38978958129883,23
3,f103_completed_AMT_CREDIT_s_app_AMT_ANNUITY_pctchange_std_div_mean,139.67446994781494,19
3,f103_completed_AMT_CREDIT_s_app_AMT_ANNUITY_mean,837.0057022571564,89
3,f103_completed_AMT_CREDIT_s_app_AMT_ANNUITY_std,178.57404041290283,22
3,f103_completed_AMT_CREDIT_s_app_AMT_CREDIT_d_app_AMT_INCOME_TOTAL_diff_std,47.221970558166504,7
3,f103_completed_AMT_CREDIT_s_app_AMT_CREDIT_diff_std,77.15218877792358,9
3,f103_completed_AMT_CREDIT_s_app_AMT_CREDIT_diff_max,289.1930584907532,25
3,f103_completed_AMT_CREDIT_s_app_AMT_CREDIT_d_app_AMT_INCOME_TOTAL_std,62.807469844818115,9
3,f103_completed_AMT_CREDIT_s_app_AMT_CREDIT_d_app_AMT_INCOME_TOTAL_diff_min,380.54813861846924,37
3,f103_completed_AMT_CREDIT_s_app_AMT_CREDIT_diff_mean,260.17552042007446,27
3,f103_completed_AMT_CREDIT_s_app_AMT_GOODS_PRICE_std,55.920490741729736,7
3,f103_completed_AMT_CREDIT_s_app_AMT_GOODS_PRICE_diff_std,87.3714599609375,13
3,f103_completed_AMT_CREDIT_s_app_AMT_CREDIT_std,24.150209426879883,3
3,f103_completed_AMT_CREDIT_s_app_AMT_GOODS_PRICE_diff_mean,477.7854709625244,51
3,f103_completed_AMT_CREDIT_s_app_AMT_GOODS_PRICE_diff_max,573.7847881317139,62
3,f103_completed_AMT_CREDIT_s_app_AMT_INCOME_TOTAL_diff_std,7.808740139007568,1
3,f103_completed_AMT_CREDIT_s_app_AMT_INCOME_TOTAL_std,0.0,0
3,f103_completed_AMT_CREDIT_s_app_AMT_INCOME_TOTAL_mean,1102.99685049057,113
3,f103_completed_AMT_CREDIT_s_app_AMT_INCOME_TOTAL_diff_mean,423.46112060546875,40
3,f103_completed_AMT_CREDIT_std,2.4264299869537354,1
3,f103_completed_AMT_CREDIT_s_app_AMT_INCOME_TOTAL_max,1102.704238653183,116
3,f103_completed_AMT_CREDIT_s_app_AMT_INCOME_TOTAL_diff_max,145.1767497062683,17
3,f103_completed_AMT_GOODS_PRICE_d_AMT_ANNUITY_diff_mean,1828.7452955245972,184
3,f103_completed_AMT_GOODS_PRICE_d_AMT_ANNUITY_diff_max,1461.069574356079,159
3,f103_completed_AMT_CREDIT_s_app_AMT_INCOME_TOTAL_min,1152.4462296962738,119
3,f103_completed_AMT_GOODS_PRICE_d_AMT_ANNUITY_diff_min,1592.499498128891,177
3,f103_completed_AMT_DOWN_PAYMENT_d_AMT_GOODS_PRICE_diff_std,421.7822985649109,52
3,f103_completed_AMT_GOODS_PRICE_d_AMT_ANNUITY_max,2452.68761408329,268
3,f103_completed_AMT_GOODS_PRICE_d_AMT_ANNUITY_mean,2258.3787050247192,235
3,f103_completed_AMT_GOODS_PRICE_d_AMT_ANNUITY_std_div_mean,675.0076003074646,81
3,f103_completed_AMT_GOODS_PRICE_d_AMT_ANNUITY_pctchange_max,1421.4542689323425,158
3,f103_completed_AMT_GOODS_PRICE_d_AMT_ANNUITY_pctchange_mean,1499.8785560131073,168
3,f103_completed_AMT_GOODS_PRICE_d_AMT_ANNUITY_min,1794.4264640808105,202
3,f103_completed_AMT_GOODS_PRICE_d_AMT_CREDIT_max,2353.3623661994934,198
3,f103_completed_AMT_GOODS_PRICE_d_app_AMT_ANNUITY_pctchange_std,10.175800323486328,1
3,f103_completed_AMT_GOODS_PRICE_d_app_AMT_ANNUITY_diff_std,136.9838104248047,18
3,f103_completed_AMT_GOODS_PRICE_d_AMT_CREDIT_mean,2505.970638513565,195
3,f103_completed_AMT_GOODS_PRICE_d_app_AMT_ANNUITY_mean,755.9837183952332,59
3,f103_completed_AMT_GOODS_PRICE_d_AMT_CREDIT_min,2055.827314853668,189
3,f103_completed_AMT_GOODS_PRICE_d_app_AMT_ANNUITY_std,38.91334915161133,5
3,f103_completed_AMT_GOODS_PRICE_d_app_AMT_CREDIT_diff_max,564.8392325043678,61
3,f103_completed_AMT_GOODS_PRICE_d_app_AMT_ANNUITY_diff_max,457.3906798362732,48
3,f103_completed_AMT_GOODS_PRICE_d_app_AMT_ANNUITY_max,751.9164686203003,65
3,f103_completed_AMT_GOODS_PRICE_d_app_AMT_ANNUITY_min,667.0004825592041,76
3,f103_completed_AMT_GOODS_PRICE_d_app_AMT_CREDIT_diff_std,70.44376993179321,7
3,f103_completed_AMT_GOODS_PRICE_d_app_AMT_CREDIT_min,771.4030728340149,75
3,f103_completed_AMT_GOODS_PRICE_d_app_AMT_CREDIT_pctchange_std,19.30317974090576,2
3,f103_completed_AMT_GOODS_PRICE_d_app_AMT_CREDIT_std,117.06233930587769,12
3,f103_completed_AMT_GOODS_PRICE_d_app_AMT_CREDIT_max,1030.8201339244843,90
3,f103_completed_AMT_GOODS_PRICE_d_app_AMT_CREDIT_mean,999.6433682441711,81
3,f103_completed_AMT_GOODS_PRICE_d_app_AMT_GOODS_PRICE_diff_std,56.728840827941895,7
4,f103_completed_AMT_GOODS_PRICE_d_app_AMT_INCOME_TOTAL_diff_std,340.8594889640808,48
4,f103_completed_AMT_GOODS_PRICE_d_app_AMT_GOODS_PRICE_pctchange_std,487.05333948135376,72
4,f103_completed_AMT_GOODS_PRICE_d_app_AMT_INCOME_TOTAL_pctchange_std,318.43007016181946,42
4,f103_completed_AMT_GOODS_PRICE_d_app_AMT_INCOME_TOTAL_std,394.15340065956116,55
4,f103_completed_AMT_GOODS_PRICE_d_app_AMT_INCOME_TOTAL_diff_max,1432.4772200584412,171
4,f103_completed_AMT_GOODS_PRICE_d_app_AMT_GOODS_PRICE_std,647.2620502710342,85
4,f103_completed_AMT_GOODS_PRICE_d_app_AMT_INCOME_TOTAL_diff_mean,1439.9596424102783,153
4,f103_completed_AMT_GOODS_PRICE_d_app_AMT_INCOME_TOTAL_diff_min,1106.2434586286545,135
4,f103_completed_AMT_GOODS_PRICE_d_app_AMT_GOODS_PRICE_diff_max,2786.0401589870453,333
4,f103_completed_AMT_GOODS_PRICE_d_app_AMT_GOODS_PRICE_min,3476.787947177887,403
4,f103_completed_AMT_GOODS_PRICE_d_app_AMT_GOODS_PRICE_mean,4076.883243560791,441
4,f103_completed_AMT_GOODS_PRICE_d_app_AMT_GOODS_PRICE_max,4923.717220067978,492
4,f103_completed_AMT_GOODS_PRICE_d_total_debt_pctchange_std,631.8643176555634,93
4,f103_completed_AMT_GOODS_PRICE_d_app_AMT_INCOME_TOTAL_max,2413.054398536682,269
4,f103_completed_AMT_GOODS_PRICE_d_app_AMT_INCOME_TOTAL_mean,2118.101479768753,234
4,f103_completed_AMT_GOODS_PRICE_d_app_AMT_INCOME_TOTAL_min,2764.151401758194,314
4,f103_completed_AMT_GOODS_PRICE_d_total_debt_pctchange_max,4261.991281032562,452
4,f103_completed_AMT_GOODS_PRICE_d_total_debt_max,5820.552295923233,558
4,f103_completed_AMT_GOODS_PRICE_m_app_AMT_GOODS_PRICE_d_app_AMT_INCOME_TOTAL_diff_std,120.4533998966217,17
4,f103_completed_AMT_GOODS_PRICE_d_total_debt_std_div_mean,756.458660364151,98
4,f103_completed_AMT_GOODS_PRICE_d_total_debt_std,980.1341614723206,129
4,f103_completed_AMT_GOODS_PRICE_d_total_debt_pctchange_min,3880.341851711273,437
4,f103_completed_AMT_GOODS_PRICE_d_total_debt_min,5404.926320075989,547
4,f103_completed_AMT_GOODS_PRICE_d_total_debt_mean,5948.3683989048,559
4,f103_completed_AMT_GOODS_PRICE_d_total_debt_pctchange_mean,3818.185094475746,410
4,f103_completed_AMT_GOODS_PRICE_m_app_AMT_GOODS_PRICE_d_app_AMT_INCOME_TOTAL_std,262.5165891647339,38
4,f103_completed_AMT_GOODS_PRICE_s_app_AMT_ANNUITY_d_app_AMT_INCOME_TOTAL_diff_std,65.21814012527466,10
4,f103_completed_AMT_GOODS_PRICE_m_app_AMT_GOODS_PRICE_d_app_AMT_INCOME_TOTAL_diff_max,797.7409710884094,90
4,f103_completed_AMT_GOODS_PRICE_m_app_AMT_GOODS_PRICE_d_app_AMT_INCOME_TOTAL_diff_min,793.0678606033325,95
4,f103_completed_AMT_GOODS_PRICE_m_app_AMT_GOODS_PRICE_d_app_AMT_INCOME_TOTAL_diff_mean,874.6190388202667,101
4,f103_completed_AMT_GOODS_PRICE_max,2081.240416765213,218
4,f103_completed_AMT_GOODS_PRICE_mean,2028.2190442085266,211
4,f103_completed_AMT_GOODS_PRICE_s_app_AMT_ANNUITY_d_app_AMT_INCOME_TOTAL_diff_min,294.78141021728516,34
4,f103_completed_AMT_GOODS_PRICE_s_app_AMT_ANNUITY_d_app_AMT_INCOME_TOTAL_std,118.71591997146606,16
4,f103_completed_AMT_GOODS_PRICE_s_app_AMT_ANNUITY_d_app_AMT_INCOME_TOTAL_diff_max,329.82543992996216,39
4,f103_completed_AMT_GOODS_PRICE_s_app_AMT_ANNUITY_d_app_AMT_INCOME_TOTAL_max,2189.185890197754,236
4,f103_completed_AMT_GOODS_PRICE_min,3076.442529797554,345
4,f103_completed_AMT_GOODS_PRICE_s_app_AMT_ANNUITY_diff_std,509.4212896823883,72
4,f103_completed_AMT_GOODS_PRICE_s_app_AMT_ANNUITY_d_app_AMT_INCOME_TOTAL_diff_mean,285.2963399887085,32
4,f103_completed_AMT_GOODS_PRICE_s_app_AMT_ANNUITY_mean,2923.566830396652,286
4,f103_completed_AMT_GOODS_PRICE_s_app_AMT_ANNUITY_d_app_AMT_INCOME_TOTAL_mean,2183.584368944168,241
4,f103_completed_AMT_GOODS_PRICE_s_app_AMT_ANNUITY_max,2513.802808046341,242
4,f103_completed_AMT_GOODS_PRICE_s_app_AMT_ANNUITY_d_app_AMT_INCOME_TOTAL_min,2532.0494906902313,298
4,f103_completed_AMT_GOODS_PRICE_s_app_AMT_ANNUITY_diff_min,1289.9753946065903,157
4,f103_completed_AMT_GOODS_PRICE_s_app_AMT_ANNUITY_diff_max,1207.4280698299408,141
4,f103_completed_AMT_GOODS_PRICE_s_app_AMT_ANNUITY_diff_mean,1222.064841747284,143
4,f103_completed_AMT_GOODS_PRICE_s_app_AMT_ANNUITY_min,3075.4188257455826,336
4,f103_completed_AMT_GOODS_PRICE_s_app_AMT_CREDIT_d_app_AMT_INCOME_TOTAL_diff_max,304.7923707962036,32
4,f103_completed_AMT_GOODS_PRICE_s_app_AMT_ANNUITY_std,573.485312461853,75
4,f103_completed_AMT_GOODS_PRICE_s_app_AMT_CREDIT_d_app_AMT_INCOME_TOTAL_diff_std,121.52893018722534,18
4,f103_completed_AMT_GOODS_PRICE_s_app_AMT_CREDIT_d_app_AMT_INCOME_TOTAL_diff_mean,169.7483994960785,22
4,f103_completed_AMT_GOODS_PRICE_s_app_AMT_CREDIT_d_app_AMT_INCOME_TOTAL_pctchange_std_div_mean,482.87862837314606,62
4,f103_completed_AMT_GOODS_PRICE_s_app_AMT_CREDIT_d_app_AMT_INCOME_TOTAL_diff_min,374.9002089500427,42
4,f103_completed_AMT_GOODS_PRICE_s_app_AMT_CREDIT_diff_max,571.417755484581,63
4,f103_completed_AMT_GOODS_PRICE_s_app_AMT_CREDIT_diff_std,101.16750907897949,13
4,f103_completed_AMT_GOODS_PRICE_s_app_AMT_CREDIT_d_app_AMT_INCOME_TOTAL_std,68.89550018310547,10
4,f103_completed_AMT_GOODS_PRICE_s_app_AMT_CREDIT_diff_mean,331.01642894744873,39
4,f103_completed_AMT_GOODS_PRICE_s_app_AMT_GOODS_PRICE_diff_std,104.56706953048706,15
4,f103_completed_AMT_GOODS_PRICE_s_app_AMT_CREDIT_pctchange_std_div_mean,200.85546922683716,27
4,f103_completed_AMT_GOODS_PRICE_s_app_AMT_CREDIT_diff_min,330.68782091140747,37
4,f103_completed_AMT_GOODS_PRICE_s_app_AMT_GOODS_PRICE_diff_min,795.4975919723511,84
4,f103_completed_AMT_GOODS_PRICE_s_app_AMT_GOODS_PRICE_diff_max,492.70159244537354,58
4,f103_completed_AMT_GOODS_PRICE_s_app_AMT_CREDIT_std,203.40975046157837,27
4,f103_completed_AMT_GOODS_PRICE_s_app_AMT_INCOME_TOTAL_diff_std,11.92261028289795,2
4,f103_completed_AMT_GOODS_PRICE_s_app_AMT_INCOME_TOTAL_std,58.628990173339844,7
4,f103_completed_AMT_GOODS_PRICE_s_app_AMT_GOODS_PRICE_std,190.60466957092285,28
4,f103_completed_AMT_GOODS_PRICE_s_app_AMT_GOODS_PRICE_diff_mean,763.5402407646179,77
4,f103_completed_AMT_GOODS_PRICE_s_app_AMT_INCOME_TOTAL_diff_max,117.68555927276611,14
4,f103_completed_AMT_GOODS_PRICE_s_app_AMT_INCOME_TOTAL_diff_mean,71.20391893386841,8
4,f103_completed_AMT_GOODS_PRICE_s_app_AMT_INCOME_TOTAL_max,2868.0986071825027,339
4,f103_completed_AMT_GOODS_PRICE_s_app_AMT_INCOME_TOTAL_pctchange_std_div_mean,840.0644681453705,121
4,f103_completed_AMT_GOODS_PRICE_s_app_AMT_INCOME_TOTAL_diff_min,109.43673944473267,15
4,f103_completed_AMT_GOODS_PRICE_s_app_AMT_INCOME_TOTAL_mean,3066.9190522432327,357
4,f103_completed_CNT_PAYMENT_std,104.51256036758423,15
4,f103_completed_CNT_PAYMENT_std_div_mean,108.21007013320923,14
4,f103_completed_AMT_GOODS_PRICE_std,12.110440254211426,2
4,f103_completed_AMT_GOODS_PRICE_s_app_AMT_INCOME_TOTAL_min,3233.061856508255,379
4,f103_completed_CHANNEL_TYPE_Credit_and_cash_offices_sum,301.12172985076904,37
4,f103_completed_DAYS_DECISION_d_app_DAYS_EMPLOYED_mean,1435.1303088665009,116
4,f103_completed_DAYS_DECISION_d_app_DAYS_BIRTH_std_div_mean,294.9768908023834,39
4,f103_completed_DAYS_DECISION_d_app_DAYS_BIRTH_max,2073.8846271038055,248
4,f103_completed_DAYS_DECISION_d_app_DAYS_EMPLOYED_std,326.51051139831543,45
4,f103_completed_DAYS_DECISION_d_app_DAYS_BIRTH_min,2520.8957023620605,263
4,f103_completed_DAYS_DECISION_d_app_DAYS_EMPLOYED_max,1272.8658682107925,134
4,f103_completed_DAYS_DECISION_d_app_DAYS_EMPLOYED_std_div_mean,268.10823917388916,38
4,f103_completed_DAYS_DECISION_d_app_DAYS_BIRTH_mean,1966.7949848175049,226
4,f103_completed_DAYS_DECISION_d_app_DAYS_ID_PUBLISH_std_div_mean,107.51039028167725,15
4,f103_completed_DAYS_DECISION_d_app_DAYS_REGISTRATION_std_div_mean,52.779029846191406,7
4,f103_completed_DAYS_DECISION_d_app_DAYS_EMPLOYED_min,6522.815642118454,196
4,f103_completed_DAYS_DECISION_d_app_DAYS_REGISTRATION_std,313.42948150634766,42
4,f103_completed_DAYS_DECISION_d_app_DAYS_LAST_PHONE_CHANGE_std_div_mean,520.9400279521942,74
4,f103_completed_DAYS_DECISION_s_app_DAYS_BIRTH_max,1071.626657962799,108
4,f103_completed_DAYS_DECISION_s_app_DAYS_EMPLOYED_std,428.45703983306885,55
4,f103_completed_DAYS_DECISION_s_app_DAYS_BIRTH_std,143.04802989959717,16
4,f103_completed_DAYS_DECISION_d_app_DAYS_LAST_PHONE_CHANGE_max_div_min,622.5117166042328,77
4,f103_completed_DAYS_DECISION_s_app_DAYS_ID_PUBLISH_std,25.770919799804688,4
4,f103_completed_DAYS_DECISION_s_app_DAYS_EMPLOYED_max,987.490332365036,109
4,f103_completed_DAYS_DECISION_s_app_DAYS_EMPLOYED_min,951.0074138641357,105
4,f103_completed_DAYS_DECISION_s_app_DAYS_BIRTH_mean,642.7398895137012,70
4,f103_completed_DAYS_DECISION_s_app_DAYS_EMPLOYED_mean,663.5139639377594,75
4,f103_completed_DAYS_DECISION_s_app_DAYS_BIRTH_min,698.4653315544128,81
4,f103_completed_DAYS_FIRST_DRAWING_d_app_DAYS_BIRTH_max,0.0,0
4,f103_completed_DAYS_DECISION_s_app_DAYS_ID_PUBLISH_min,1212.3160531520844,138
4,f103_completed_DAYS_DECISION_s_app_DAYS_ID_PUBLISH_max_div_min,687.8505945205688,92
4,f103_completed_DAYS_DECISION_s_app_DAYS_ID_PUBLISH_mean,1429.935951590538,160
4,f103_completed_DAYS_DECISION_s_app_DAYS_LAST_PHONE_CHANGE_mean,1166.5607566833496,112
4,f103_completed_DAYS_DECISION_s_app_DAYS_LAST_PHONE_CHANGE_max,1920.4459595680237,155
4,f103_completed_DAYS_DECISION_s_app_DAYS_ID_PUBLISH_max,1394.3196915388107,145
4,f103_completed_DAYS_FIRST_DRAWING_d_app_DAYS_EMPLOYED_mean,0.0,0
4,f103_completed_DAYS_DECISION_s_app_DAYS_LAST_PHONE_CHANGE_std,11.984999656677246,1
4,f103_completed_DAYS_DECISION_s_app_DAYS_REGISTRATION_std_div_mean,489.5985383987427,64
4,f103_completed_DAYS_DECISION_s_app_DAYS_REGISTRATION_std,0.0,0
4,f103_completed_DAYS_DECISION_s_app_DAYS_REGISTRATION_max,1118.3437461853027,123
4,f103_completed_DAYS_FIRST_DRAWING_d_app_DAYS_BIRTH_max_div_min,0.0,0
4,f103_completed_DAYS_DECISION_s_app_DAYS_LAST_PHONE_CHANGE_min,1180.5308516025543,116
4,f103_completed_DAYS_FIRST_DRAWING_d_app_DAYS_BIRTH_std_div_mean,0.0,0
4,f103_completed_DAYS_FIRST_DRAWING_d_app_DAYS_BIRTH_mean,0.0,0
4,f103_completed_DAYS_DECISION_s_app_DAYS_REGISTRATION_min,1016.6168720722198,116
4,f103_completed_DAYS_DECISION_s_app_DAYS_REGISTRATION_mean,844.6086993217468,96
4,f103_completed_DAYS_FIRST_DRAWING_d_app_DAYS_EMPLOYED_min,0.0,0
4,f103_completed_DAYS_FIRST_DRAWING_d_app_DAYS_EMPLOYED_max_div_min,0.0,0
4,f103_completed_DAYS_FIRST_DRAWING_d_app_DAYS_LAST_PHONE_CHANGE_max_div_min,0.0,0
4,f103_completed_DAYS_FIRST_DRAWING_d_app_DAYS_BIRTH_min,0.0,0
4,f103_completed_DAYS_FIRST_DRAWING_d_app_DAYS_EMPLOYED_max,0.0,0
4,f103_completed_DAYS_FIRST_DRAWING_d_app_DAYS_LAST_PHONE_CHANGE_max,0.0,0
4,f103_completed_DAYS_FIRST_DRAWING_d_app_DAYS_ID_PUBLISH_max_div_min,0.0,0
4,f103_completed_DAYS_FIRST_DRAWING_d_app_DAYS_EMPLOYED_std,0.0,0
4,f103_completed_DAYS_FIRST_DRAWING_d_app_DAYS_BIRTH_std,0.0,0
4,f103_completed_DAYS_FIRST_DRAWING_d_app_DAYS_ID_PUBLISH_std_div_mean,0.0,0
4,f103_completed_DAYS_FIRST_DRAWING_d_app_DAYS_ID_PUBLISH_std,0.0,0
4,f103_completed_DAYS_FIRST_DRAWING_d_app_DAYS_ID_PUBLISH_max,0.0,0
4,f103_completed_DAYS_FIRST_DRAWING_d_app_DAYS_ID_PUBLISH_min,0.0,0
4,f103_completed_DAYS_FIRST_DRAWING_d_app_DAYS_ID_PUBLISH_mean,0.0,0
4,f103_completed_DAYS_FIRST_DRAWING_d_app_DAYS_REGISTRATION_min,0.0,0
4,f103_completed_DAYS_FIRST_DRAWING_d_app_DAYS_LAST_PHONE_CHANGE_mean,0.0,0
4,f103_completed_DAYS_FIRST_DRAWING_s_DAYS_DECISIONS_max,0.0,0
4,f103_completed_DAYS_FIRST_DRAWING_d_app_DAYS_EMPLOYED_std_div_mean,0.0,0
4,f103_completed_DAYS_FIRST_DRAWING_d_app_DAYS_REGISTRATION_max,0.0,0
4,f103_completed_DAYS_FIRST_DRAWING_d_app_DAYS_LAST_PHONE_CHANGE_std,0.0,0
4,f103_completed_DAYS_FIRST_DRAWING_d_app_DAYS_LAST_PHONE_CHANGE_std_div_mean,0.0,0
4,f103_completed_DAYS_FIRST_DRAWING_d_app_DAYS_REGISTRATION_std_div_mean,0.0,0
4,f103_completed_DAYS_FIRST_DRAWING_d_app_DAYS_REGISTRATION_std,0.0,0
4,f103_completed_DAYS_FIRST_DRAWING_d_app_DAYS_REGISTRATION_max_div_min,0.0,0
4,f103_completed_DAYS_FIRST_DRAWING_d_app_DAYS_REGISTRATION_mean,0.0,0
4,f103_completed_DAYS_FIRST_DRAWING_d_app_DAYS_LAST_PHONE_CHANGE_min,0.0,0
4,f103_completed_DAYS_FIRST_DRAWING_s_DAYS_DECISIONS_mean,0.0,0
4,f103_completed_DAYS_FIRST_DRAWING_s_app_DAYS_BIRTH_mean,0.0,0
4,f103_completed_DAYS_FIRST_DRAWING_s_app_DAYS_BIRTH_max,0.0,0
4,f103_completed_DAYS_FIRST_DRAWING_s_DAYS_DECISIONS_max_div_min,0.0,0
4,f103_completed_DAYS_FIRST_DRAWING_s_app_DAYS_BIRTH_max_div_min,0.0,0
4,f103_completed_DAYS_FIRST_DRAWING_s_app_DAYS_BIRTH_min,0.0,0
4,f103_completed_DAYS_FIRST_DRAWING_s_DAYS_DECISIONS_std,0.0,0
4,f103_completed_DAYS_FIRST_DRAWING_s_app_DAYS_BIRTH_std,0.0,0
4,f103_completed_DAYS_FIRST_DRAWING_s_app_DAYS_EMPLOYED_std,0.0,0
4,f103_completed_DAYS_FIRST_DRAWING_s_app_DAYS_ID_PUBLISH_mean,0.0,0
4,f103_completed_DAYS_FIRST_DRAWING_s_DAYS_DECISIONS_min,0.0,0
4,f103_completed_DAYS_FIRST_DRAWING_s_DAYS_DECISIONS_std_div_mean,0.0,0
4,f103_completed_DAYS_FIRST_DRAWING_s_app_DAYS_BIRTH_std_div_mean,0.0,0
4,f103_completed_DAYS_FIRST_DRAWING_s_app_DAYS_EMPLOYED_std_div_mean,0.0,0
4,f103_completed_DAYS_FIRST_DRAWING_s_app_DAYS_EMPLOYED_mean,0.0,0
4,f103_completed_DAYS_FIRST_DRAWING_s_app_DAYS_EMPLOYED_max_div_min,0.0,0
4,f103_completed_DAYS_FIRST_DRAWING_s_app_DAYS_EMPLOYED_min,0.0,0
4,f103_completed_DAYS_FIRST_DRAWING_s_app_DAYS_ID_PUBLISH_max,0.0,0
4,f103_completed_DAYS_FIRST_DRAWING_s_app_DAYS_EMPLOYED_max,0.0,0
4,f103_completed_DAYS_FIRST_DRAWING_s_app_DAYS_ID_PUBLISH_max_div_min,0.0,0
4,f103_completed_DAYS_FIRST_DRAWING_s_app_DAYS_REGISTRATION_max,0.0,0
4,f103_completed_DAYS_FIRST_DRAWING_s_app_DAYS_ID_PUBLISH_min,0.0,0
4,f103_completed_DAYS_FIRST_DRAWING_s_app_DAYS_LAST_PHONE_CHANGE_max,0.0,0
4,f103_completed_DAYS_FIRST_DRAWING_s_app_DAYS_LAST_PHONE_CHANGE_min,0.0,0
4,f103_completed_DAYS_FIRST_DRAWING_s_app_DAYS_REGISTRATION_std_div_mean,0.0,0
4,f103_completed_DAYS_FIRST_DRAWING_s_app_DAYS_LAST_PHONE_CHANGE_std_div_mean,0.0,0
4,f103_completed_DAYS_FIRST_DRAWING_s_app_DAYS_LAST_PHONE_CHANGE_mean,0.0,0
4,f103_completed_DAYS_FIRST_DRAWING_s_app_DAYS_ID_PUBLISH_std,0.0,0
4,f103_completed_DAYS_FIRST_DRAWING_s_app_DAYS_LAST_PHONE_CHANGE_max_div_min,0.0,0
4,f103_completed_DAYS_FIRST_DRAWING_s_app_DAYS_REGISTRATION_std,0.0,0
4,f103_completed_DAYS_FIRST_DRAWING_s_app_DAYS_ID_PUBLISH_std_div_mean,0.0,0
4,f103_completed_DAYS_FIRST_DRAWING_s_app_DAYS_LAST_PHONE_CHANGE_std,0.0,0
4,f103_completed_DAYS_FIRST_DRAWING_s_app_DAYS_REGISTRATION_max_div_min,0.0,0
4,f103_completed_DAYS_FIRST_DRAWING_s_app_DAYS_REGISTRATION_mean,0.0,0
4,f103_completed_DAYS_FIRST_DRAWING_s_app_DAYS_REGISTRATION_min,0.0,0
4,f103_completed_DAYS_FIRST_DUE_d_app_DAYS_EMPLOYED_std,258.0560507774353,35
4,f103_completed_DAYS_FIRST_DUE_d_app_DAYS_BIRTH_min,2732.6500883102417,299
4,f103_completed_DAYS_FIRST_DUE_d_app_DAYS_EMPLOYED_std_div_mean,281.7318494319916,35
4,f103_completed_DAYS_FIRST_DUE_d_app_DAYS_EMPLOYED_mean,1590.400188446045,129
4,f103_completed_DAYS_FIRST_DUE_d_app_DAYS_BIRTH_max,2133.6995766162872,244
4,f103_completed_DAYS_FIRST_DUE_d_app_DAYS_BIRTH_mean,1758.1817696094513,199
4,f103_completed_DAYS_FIRST_DUE_d_app_DAYS_REGISTRATION_std,579.5488398075104,72
4,f103_completed_DAYS_FIRST_DUE_d_app_DAYS_LAST_PHONE_CHANGE_std_div_mean,495.0325417518616,59
4,f103_completed_DAYS_FIRST_DUE_s_DAYS_FIRST_DRAWING_min,0.0,0
4,f103_completed_DAYS_FIRST_DUE_d_app_DAYS_EMPLOYED_max,1129.702525138855,128
4,f103_completed_DAYS_FIRST_DUE_d_app_DAYS_EMPLOYED_min,4955.074464082718,231
4,f103_completed_DAYS_FIRST_DUE_d_app_DAYS_LAST_PHONE_CHANGE_max_div_min,596.1167814731598,72
4,f103_completed_DAYS_FIRST_DUE_s_DAYS_FIRST_DRAWING_max,0.0,0
4,f103_completed_DAYS_FIRST_DUE_s_DAYS_DECISIONS_std,206.92979073524475,29
4,f103_completed_DAYS_FIRST_DUE_s_DAYS_DECISIONS_mean,1451.7174897193909,168
4,f103_completed_DAYS_FIRST_DUE_s_DAYS_FIRST_DRAWING_mean,0.0,0
4,f103_completed_DAYS_FIRST_DUE_s_DAYS_FIRST_DRAWING_std,0.0,0
4,f103_completed_DAYS_FIRST_DUE_s_DAYS_FIRST_DRAWING_std_div_mean,0.0,0
4,f103_completed_DAYS_FIRST_DUE_s_DAYS_DECISIONS_min,1104.0863289833069,130
4,f103_completed_DAYS_FIRST_DUE_s_DAYS_DECISIONS_max,1268.6905314922333,162
4,f103_completed_DAYS_FIRST_DUE_s_DAYS_FIRST_DRAWING_max_div_min,0.0,0
4,f103_completed_DAYS_FIRST_DUE_s_app_DAYS_BIRTH_std,467.0650100708008,54
4,f103_completed_DAYS_FIRST_DUE_s_DAYS_DECISIONS_std_div_mean,557.026650428772,72
4,f103_completed_DAYS_FIRST_DUE_s_app_DAYS_EMPLOYED_std,159.18162035942078,18
4,f103_completed_DAYS_FIRST_DUE_s_app_DAYS_BIRTH_mean,844.5144693851471,86
4,f103_completed_DAYS_FIRST_DUE_s_app_DAYS_BIRTH_max,982.1895705461502,100
4,f103_completed_DAYS_FIRST_DUE_s_app_DAYS_ID_PUBLISH_std_div_mean,612.9223704338074,78
4,f103_completed_DAYS_FIRST_DUE_s_app_DAYS_LAST_PHONE_CHANGE_std,51.49235916137695,6
4,f103_completed_DAYS_FIRST_DUE_s_app_DAYS_ID_PUBLISH_max,1475.0389370918274,154
4,f103_completed_DAYS_FIRST_DUE_s_app_DAYS_EMPLOYED_min,681.7827835083008,75
4,f103_completed_DAYS_FIRST_DUE_s_app_DAYS_EMPLOYED_mean,609.6043186187744,72
4,f103_completed_DAYS_FIRST_DUE_s_app_DAYS_BIRTH_min,690.2887187004089,81
4,f103_completed_DAYS_FIRST_DUE_s_app_DAYS_ID_PUBLISH_std,0.0,0
4,f103_completed_DAYS_FIRST_DUE_s_app_DAYS_ID_PUBLISH_mean,782.8477227687836,88
4,f103_completed_DAYS_FIRST_DUE_s_app_DAYS_EMPLOYED_max,1115.1754693984985,120
4,f103_completed_DAYS_FIRST_DUE_s_app_DAYS_ID_PUBLISH_min,921.2986476421356,104
4,f103_completed_DAYS_FIRST_DUE_s_app_DAYS_REGISTRATION_std,26.865400314331055,2
4,f103_completed_DAYS_LAST_DUE_1ST_VERSION_d_app_DAYS_BIRTH_mean,2951.9002616405487,354
4,f103_completed_DAYS_FIRST_DUE_s_app_DAYS_LAST_PHONE_CHANGE_min,1288.5253503322601,147
4,f103_completed_DAYS_FIRST_DUE_s_app_DAYS_LAST_PHONE_CHANGE_max,2065.24149954319,200
4,f103_completed_DAYS_LAST_DUE_1ST_VERSION_d_app_DAYS_EMPLOYED_std,617.2367992401123,78
4,f103_completed_DAYS_FIRST_DUE_s_app_DAYS_REGISTRATION_mean,769.3416700363159,85
4,f103_completed_DAYS_LAST_DUE_1ST_VERSION_d_app_DAYS_BIRTH_max,2800.85955119133,330
4,f103_completed_DAYS_FIRST_DUE_s_app_DAYS_LAST_PHONE_CHANGE_mean,1410.2376418113708,148
4,f103_completed_DAYS_FIRST_DUE_s_app_DAYS_REGISTRATION_max,1059.9896807670593,115
4,f103_completed_DAYS_FIRST_DUE_s_app_DAYS_REGISTRATION_min,981.8875696659088,110
4,f103_completed_DAYS_LAST_DUE_1ST_VERSION_d_app_DAYS_EMPLOYED_max,1741.4670462608337,208
4,f103_completed_DAYS_LAST_DUE_1ST_VERSION_d_app_DAYS_EMPLOYED_mean,1608.527727842331,193
4,f103_completed_DAYS_LAST_DUE_1ST_VERSION_d_app_DAYS_EMPLOYED_std_div_mean,1002.1978013515472,116
4,f103_completed_DAYS_LAST_DUE_1ST_VERSION_d_app_DAYS_REGISTRATION_std,891.3317592144012,112
4,f103_completed_DAYS_LAST_DUE_1ST_VERSION_d_app_DAYS_BIRTH_min,3760.9442462325096,440
4,f103_completed_DAYS_LAST_DUE_1ST_VERSION_d_app_DAYS_EMPLOYED_min,2343.914116382599,280
4,f103_completed_DAYS_LAST_DUE_1ST_VERSION_s_DAYS_FIRST_DRAWING_max,0.0,0
4,f103_completed_DAYS_LAST_DUE_1ST_VERSION_s_DAYS_FIRST_DRAWING_min,0.0,0
4,f103_completed_DAYS_LAST_DUE_1ST_VERSION_s_DAYS_FIRST_DRAWING_std_div_mean,0.0,0
4,f103_completed_DAYS_LAST_DUE_1ST_VERSION_s_DAYS_FIRST_DRAWING_mean,0.0,0
4,f103_completed_DAYS_LAST_DUE_1ST_VERSION_s_DAYS_FIRST_DRAWING_max_div_min,0.0,0
4,f103_completed_DAYS_LAST_DUE_1ST_VERSION_s_DAYS_FIRST_DRAWING_std,0.0,0
4,f103_completed_DAYS_LAST_DUE_1ST_VERSION_s_DAYS_DECISIONS_std,819.7735874652863,100
4,f103_completed_DAYS_LAST_DUE_1ST_VERSION_s_DAYS_DECISIONS_std_div_mean,546.8202886581421,70
4,f103_completed_DAYS_LAST_DUE_1ST_VERSION_s_DAYS_FIRST_DUE_std_div_mean,211.4202103614807,27
4,f103_completed_DAYS_LAST_DUE_1ST_VERSION_s_DAYS_FIRST_DUE_std,10.898669719696045,2
4,f103_completed_DAYS_LAST_DUE_1ST_VERSION_s_app_DAYS_BIRTH_max,1531.7521419525146,157
4,f103_completed_DAYS_LAST_DUE_1ST_VERSION_s_app_DAYS_EMPLOYED_mean,1285.4705283641815,161
4,f103_completed_DAYS_LAST_DUE_1ST_VERSION_s_app_DAYS_BIRTH_min,1059.3826081752777,118
4,f103_completed_DAYS_LAST_DUE_1ST_VERSION_s_app_DAYS_BIRTH_mean,1261.5496406555176,127
4,f103_completed_DAYS_LAST_DUE_1ST_VERSION_s_app_DAYS_ID_PUBLISH_mean,1588.3027369976044,179
4,f103_completed_DAYS_LAST_DUE_1ST_VERSION_s_app_DAYS_EMPLOYED_min,1186.2838517427444,138
4,f103_completed_DAYS_LAST_DUE_1ST_VERSION_s_app_DAYS_LAST_PHONE_CHANGE_max,2149.2795243263245,226
4,f103_completed_DAYS_LAST_DUE_1ST_VERSION_s_app_DAYS_EMPLOYED_max,1412.855898976326,174
4,f103_completed_DAYS_LAST_DUE_1ST_VERSION_s_app_DAYS_LAST_PHONE_CHANGE_mean,1827.0155391693115,197
4,f103_completed_DAYS_LAST_DUE_1ST_VERSION_s_app_DAYS_ID_PUBLISH_max,1642.5858426094055,192
4,f103_completed_DAYS_LAST_DUE_1ST_VERSION_s_app_DAYS_REGISTRATION_mean,1152.5947949886322,141
4,f103_completed_DAYS_LAST_DUE_1ST_VERSION_s_app_DAYS_ID_PUBLISH_min,1439.1856784820557,172
4,f103_completed_DAYS_LAST_DUE_1ST_VERSION_s_app_DAYS_REGISTRATION_max,1515.5173032283783,184
4,f103_completed_DAYS_LAST_DUE_d_app_DAYS_BIRTH_max,2520.4701516628265,286
4,f103_completed_DAYS_LAST_DUE_1ST_VERSION_s_app_DAYS_LAST_PHONE_CHANGE_min,2132.9445719718933,242
4,f103_completed_DAYS_LAST_DUE_d_app_DAYS_BIRTH_mean,2215.7428315877914,254
4,f103_completed_DAYS_LAST_DUE_d_app_DAYS_EMPLOYED_std_div_mean,472.90363121032715,58
4,f103_completed_DAYS_LAST_DUE_1ST_VERSION_s_app_DAYS_REGISTRATION_min,1553.8484432697296,179
4,f103_completed_DAYS_LAST_DUE_d_app_DAYS_EMPLOYED_min,1511.3699369430542,172
4,f103_completed_DAYS_LAST_DUE_d_app_DAYS_EMPLOYED_std,448.5184488296509,61
4,f103_completed_DAYS_LAST_DUE_d_app_DAYS_BIRTH_min,2669.306849002838,313
4,f103_completed_DAYS_LAST_DUE_d_app_DAYS_REGISTRATION_std,697.7572140693665,89
4,f103_completed_DAYS_LAST_DUE_s_DAYS_FIRST_DRAWING_min,0.0,0
4,f103_completed_DAYS_LAST_DUE_d_app_DAYS_EMPLOYED_mean,1281.494861125946,144
4,f103_completed_DAYS_LAST_DUE_s_DAYS_FIRST_DRAWING_max_div_min,0.0,0
4,f103_completed_DAYS_LAST_DUE_s_DAYS_LAST_DUE_1ST_VERSION_std,163.27969932556152,24
4,f103_completed_DAYS_LAST_DUE_s_DAYS_FIRST_DRAWING_mean,0.0,0
4,f103_completed_DAYS_LAST_DUE_s_app_DAYS_EMPLOYED_min,1116.5261526107788,138
4,f103_completed_DAYS_LAST_DUE_s_DAYS_FIRST_DRAWING_std_div_mean,0.0,0
4,f103_completed_DAYS_LAST_DUE_s_app_DAYS_EMPLOYED_max,1046.8952474594116,124
4,f103_completed_DAYS_LAST_DUE_s_app_DAYS_ID_PUBLISH_mean,1281.3581558465958,137
4,f103_completed_DAYS_LAST_DUE_s_app_DAYS_BIRTH_max,1412.1019778251648,127
4,f103_completed_DAYS_LAST_DUE_s_app_DAYS_EMPLOYED_mean,824.2507771253586,95
4,f103_completed_DAYS_LAST_DUE_s_app_DAYS_LAST_PHONE_CHANGE_max,1612.1665687561035,173
4,f103_completed_DAYS_LAST_DUE_s_app_DAYS_LAST_PHONE_CHANGE_mean,1259.9266856908798,139
4,f103_completed_DAYS_LAST_DUE_s_app_DAYS_ID_PUBLISH_max,1710.6628136634827,198
4,f103_completed_DAYS_LAST_DUE_s_app_DAYS_ID_PUBLISH_min,1603.7062468528748,189
4,f103_completed_DAYS_LAST_DUE_s_app_DAYS_REGISTRATION_max,1458.7804880142212,164
4,f103_completed_DAYS_LAST_DUE_d_app_DAYS_EMPLOYED_max,1145.8946149349213,130
4,f103_completed_DAYS_LAST_DUE_s_app_DAYS_LAST_PHONE_CHANGE_min,1888.8954014778137,208
4,f103_completed_DAYS_LAST_DUE_s_app_DAYS_BIRTH_mean,1165.1382355690002,105
4,f103_completed_DAYS_TERMINATION_d_app_DAYS_EMPLOYED_std,500.6590781211853,62
4,f103_completed_DAYS_LAST_DUE_s_app_DAYS_REGISTRATION_mean,992.4873430728912,120
4,f103_completed_DAYS_LAST_DUE_s_app_DAYS_REGISTRATION_min,985.2384505271912,112
4,f103_completed_DAYS_TERMINATION_d_app_DAYS_BIRTH_max,3370.6277449578047,390
4,f103_completed_DAYS_LAST_DUE_s_app_DAYS_LAST_PHONE_CHANGE_std_div_mean,803.933831691742,101
4,f103_completed_DAYS_LAST_DUE_s_DAYS_FIRST_DRAWING_std,0.0,0
4,f103_completed_DAYS_LAST_DUE_s_DAYS_FIRST_DRAWING_max,0.0,0
4,f103_completed_DAYS_TERMINATION_d_app_DAYS_EMPLOYED_mean,1652.658760547638,175
4,f103_completed_DAYS_TERMINATION_d_app_DAYS_EMPLOYED_min,1887.66237783432,218
4,f103_completed_DAYS_TERMINATION_d_app_DAYS_EMPLOYED_max,1356.636841058731,158
4,f103_completed_DAYS_LAST_DUE_s_app_DAYS_BIRTH_min,1202.3718011379242,127
4,f103_completed_DAYS_TERMINATION_s_DAYS_FIRST_DRAWING_min,0.0,0
4,f103_completed_DAYS_TERMINATION_d_app_DAYS_BIRTH_min,2759.8887293338776,331
4,f103_completed_DAYS_TERMINATION_d_app_DAYS_EMPLOYED_std_div_mean,525.5670709609985,67
4,f103_completed_DAYS_TERMINATION_s_DAYS_FIRST_DRAWING_max_div_min,0.0,0
4,f103_completed_DAYS_TERMINATION_s_DAYS_FIRST_DRAWING_mean,0.0,0
4,f103_completed_DAYS_TERMINATION_s_DAYS_LAST_DUE_1ST_VERSION_std,912.3615692853928,119
4,f103_completed_DAYS_TERMINATION_s_DAYS_FIRST_DRAWING_std,0.0,0
4,f103_completed_DAYS_TERMINATION_d_app_DAYS_REGISTRATION_std,707.8225898742676,84
4,f103_completed_DAYS_TERMINATION_s_DAYS_FIRST_DRAWING_std_div_mean,0.0,0
4,f103_completed_DAYS_TERMINATION_d_app_DAYS_BIRTH_mean,2919.0725848674774,322
4,f103_completed_DAYS_TERMINATION_s_DAYS_FIRST_DRAWING_max,0.0,0
4,f103_completed_DAYS_TERMINATION_s_app_DAYS_BIRTH_max,1730.583596587181,173
4,f103_completed_DAYS_TERMINATION_s_app_DAYS_BIRTH_mean,1334.7643995285034,140
4,f103_completed_DAYS_TERMINATION_s_app_DAYS_ID_PUBLISH_mean,1439.1547414064407,156
4,f103_completed_DAYS_TERMINATION_s_app_DAYS_EMPLOYED_max,1329.7885067462921,155
4,f103_completed_DAYS_TERMINATION_s_app_DAYS_EMPLOYED_mean,1004.6040811538696,113
4,f103_completed_DAYS_TERMINATION_s_app_DAYS_EMPLOYED_min,1331.5376183986664,150
4,f103_completed_DAYS_TERMINATION_s_app_DAYS_ID_PUBLISH_max,1734.5949178040028,198
4,f103_completed_DAYS_TERMINATION_s_app_DAYS_BIRTH_min,1376.9335980415344,143
4,f103_completed_DAYS_TERMINATION_s_app_DAYS_EMPLOYED_std_div_mean,624.111251950264,85
4,f103_completed_DAYS_TERMINATION_s_app_DAYS_LAST_PHONE_CHANGE_std_div_mean,392.6301727294922,50
4,f103_completed_DAYS_TERMINATION_s_app_DAYS_ID_PUBLISH_min,1969.6709098815918,214
4,f103_completed_DAYS_TERMINATION_s_app_DAYS_LAST_PHONE_CHANGE_mean,2102.088350057602,213
4,f103_completed_HOUR_APPR_PROCESS_START_max,3370.9879477620125,332
4,f103_completed_DAYS_TERMINATION_s_app_DAYS_LAST_PHONE_CHANGE_max,2871.922724843025,294
4,f103_completed_HOUR_APPR_PROCESS_START_mean,4013.4736182689667,420
4,f103_completed_DAYS_TERMINATION_s_app_DAYS_LAST_PHONE_CHANGE_min,2423.4531189203262,270
4,f103_completed_DAYS_TERMINATION_s_app_DAYS_REGISTRATION_mean,1449.362773180008,158
4,f103_completed_DAYS_TERMINATION_s_app_DAYS_REGISTRATION_max,1986.0837602615356,235
4,f103_completed_NAME_CASH_LOAN_PURPOSE_XNA_mean,150.40943956375122,17
4,f103_completed_DAYS_TERMINATION_s_app_DAYS_REGISTRATION_min,1720.583600282669,207
4,f103_completed_NAME_CASH_LOAN_PURPOSE_XNA_sum,36.588629722595215,5
4,f103_completed_NAME_CLIENT_TYPE_New_sum,592.3273284435272,30
4,f103_completed_NAME_CLIENT_TYPE_Refreshed_sum,59.59447956085205,8
4,f103_completed_NAME_CLIENT_TYPE_Repeater_sum,243.89066982269287,28
4,f103_completed_NAME_CLIENT_TYPE_New_mean,1901.999541759491,90
4,f103_completed_NAME_CLIENT_TYPE_Repeater_mean,429.44127559661865,42
4,f103_completed_NAME_GOODS_CATEGORY_Auto_Accessories_sum,313.1362085342407,37
4,f103_completed_NAME_GOODS_CATEGORY_Mobile_mean,478.72657012939453,58
4,f103_completed_NAME_CLIENT_TYPE_Refreshed_mean,286.7772936820984,35
4,f103_completed_NAME_GOODS_CATEGORY_Furniture_sum,37.36588954925537,5
4,f103_completed_NAME_GOODS_CATEGORY_Furniture_mean,179.9740390777588,24
4,f103_completed_NAME_GOODS_CATEGORY_Mobile_sum,105.76672983169556,14
4,f103_completed_NAME_PRODUCT_TYPE_walk_in_mean,289.61020946502686,36
4,f103_completed_NAME_SELLER_INDUSTRY_Connectivity_mean,299.6807208061218,33
4,f103_completed_NAME_PRODUCT_TYPE_walk_in_sum,52.04781937599182,7
4,f103_completed_NAME_PRODUCT_TYPE_x_sell_mean,210.31222939491272,25
4,f103_completed_NAME_PRODUCT_TYPE_x_sell_sum,72.71010112762451,7
4,f103_completed_NAME_SELLER_INDUSTRY_XNA_sum,115.91738891601562,15
4,f103_completed_NAME_SELLER_INDUSTRY_Connectivity_sum,121.49447083473206,15
4,f103_completed_NAME_YIELD_GROUP_high_sum,44.72138023376465,5
4,f103_completed_NAME_YIELD_GROUP_low_action_mean,107.16096019744873,12
4,f103_completed_NAME_YIELD_GROUP_low_normal_mean,182.63546180725098,21
4,f103_completed_NAME_YIELD_GROUP_high_mean,27.873539924621582,3
4,f103_completed_NAME_YIELD_GROUP_low_normal_sum,66.68384003639221,10
4,f103_completed_NAME_YIELD_GROUP_middle_sum,208.55172109603882,26
4,f103_completed_NAME_YIELD_GROUP_low_action_sum,10.553899765014648,1
4,f103_completed_NAME_YIELD_GROUP_middle_mean,876.9494013786316,101
4,f103_completed_PRODUCT_COMBINATION_POS_mobile_with_interest_mean,226.52646827697754,25
4,f103_completed_RATE_INTEREST_PRIMARY_std_div_mean,0.0,0
4,f103_completed_RATE_INTEREST_PRIVILEGED_mean,58.98469018936157,10
4,f103_completed_RATE_INTEREST_PRIVILEGED_std,0.0,0
4,f103_completed_PRODUCT_COMBINATION_POS_industry_with_interest_sum,145.29959964752197,18
4,f103_completed_RATE_INTEREST_PRIVILEGED_std_div_mean,0.0,0
4,f103_completed_RATE_INTEREST_PRIVILEGED_min,12.166950225830078,2
4,f103_completed_PRODUCT_COMBINATION_POS_mobile_with_interest_sum,37.86177968978882,4
4,f103_completed_RATE_INTEREST_PRIVILEGED_max,8.62341022491455,1
4,f103_completed_active_max_div_min,0.0,0
4,f103_completed_amt_unpaid_max_div_min,0.0,0
4,f103_completed_amt_unpaid_std_div_mean,0.0,0
4,f103_completed_amt_paid_std,430.153079867363,59
4,f103_completed_active_std_div_mean,0.0,0
4,f103_completed_cnt_unpaid_std_div_mean,0.0,0
4,f103_completed_cnt_unpaid_max_div_min,0.0,0
4,f103_completed_amt_paid_max,969.6129553318024,107
4,f103_completed_amt_paid_mean,1106.0987584590912,120
4,f103_completed_amt_paid_min,1545.6813984513283,187
4,f103_completed_amt_paid_sum,2039.3373143076897,243
4,f103_completed_interest_rate_diff_std,1146.6034891605377,149
4,f103_completed_cnt_paid_std,0.0,0
4,f103_completed_interest_rate_min,4007.839782834053,464
4,f103_completed_cnt_paid_std_div_mean,4.9586501121521,1
4,f103_completed_total_debt_max,1061.7161316871643,130
4,f103_completed_total_debt_diff_min,2445.698351174593,267
4,f103_completed_total_debt_diff_mean,2355.615899205208,254
4,f103_completed_interest_rate_mean,3011.3829321861267,356
4,f103_completed_interest_rate_max,4140.019435763359,492
4,f103_completed_total_debt_diff_max,2202.414882659912,245
4,f103_completed_total_debt_std,103.05104970932007,15
4,f103_completed_total_debt_mean,905.3713102340698,104
4,f103_completed_total_debt_pctchange_std_div_mean,528.4000282287598,73
4,f103_nyg_high_AMT_ANNUITY_d_app_AMT_ANNUITY_max_div_min,442.80519914627075,44
4,f103_nyg_high_AMT_ANNUITY_d_app_AMT_ANNUITY_diff_max,1264.5007717609406,165
4,f103_nyg_high_AMT_ANNUITY_d_app_AMT_ANNUITY_diff_std,888.2640562057495,107
4,f103_nyg_high_AMT_ANNUITY_d_app_AMT_ANNUITY_diff_mean,1215.819510936737,142
4,f103_completed_total_debt_min,1475.2139416337013,179
4,f103_nyg_high_AMT_ANNUITY_d_app_AMT_CREDIT_diff_max,1210.0370063781738,147
4,f103_nyg_high_AMT_ANNUITY_d_app_AMT_CREDIT_diff_std,249.3155996799469,33
4,f103_nyg_high_AMT_ANNUITY_d_app_AMT_ANNUITY_pctchange_mean,899.338472366333,116
4,f103_nyg_high_AMT_ANNUITY_d_app_AMT_ANNUITY_std_div_mean,561.6459279060364,68
4,f103_nyg_high_AMT_ANNUITY_d_app_AMT_ANNUITY_min,2860.9983637332916,312
4,f103_nyg_high_AMT_ANNUITY_d_app_AMT_ANNUITY_pctchange_max,1395.483703136444,158
4,f103_nyg_high_AMT_ANNUITY_d_app_AMT_CREDIT_pctchange_max,450.76560854911804,56
4,f103_nyg_high_AMT_ANNUITY_d_app_AMT_CREDIT_min,2176.7572593688965,212
4,f103_nyg_high_AMT_ANNUITY_d_app_AMT_CREDIT_pctchange_mean,265.10040950775146,33
4,f103_nyg_high_AMT_ANNUITY_d_app_AMT_CREDIT_mean,2068.5967535972595,230
4,f103_nyg_high_AMT_ANNUITY_d_app_AMT_CREDIT_max_div_min,103.2607889175415,9
4,f103_nyg_high_AMT_ANNUITY_d_app_AMT_CREDIT_std,549.5378170013428,53
4,f103_nyg_high_AMT_ANNUITY_d_app_AMT_GOODS_PRICE_diff_std,416.47693824768066,57
4,f103_nyg_high_AMT_ANNUITY_d_app_AMT_CREDIT_std_div_mean,207.81841850280762,23
4,f103_nyg_high_AMT_ANNUITY_d_app_AMT_GOODS_PRICE_diff_max,1267.5101392269135,161
4,f103_nyg_high_AMT_ANNUITY_d_app_AMT_GOODS_PRICE_pctchange_max,571.1752805709839,77
4,f103_nyg_high_AMT_ANNUITY_d_app_AMT_GOODS_PRICE_pctchange_mean,543.4091510772705,66
4,f103_nyg_high_AMT_ANNUITY_d_app_AMT_GOODS_PRICE_min,2289.8765392303467,286
4,f103_nyg_high_AMT_ANNUITY_d_app_AMT_GOODS_PRICE_std,286.61798000335693,32
4,f103_nyg_high_AMT_ANNUITY_d_app_AMT_INCOME_TOTAL_diff_max,693.6879196166992,80
4,f103_nyg_high_AMT_ANNUITY_d_app_AMT_GOODS_PRICE_std_div_mean,360.1232223510742,34
4,f103_nyg_high_AMT_ANNUITY_d_app_AMT_INCOME_TOTAL_diff_mean,882.0627212524414,108
4,f103_nyg_high_AMT_ANNUITY_d_app_AMT_GOODS_PRICE_max_div_min,446.0084810256958,31
4,f103_nyg_high_AMT_ANNUITY_d_app_AMT_INCOME_TOTAL_pctchange_mean,35.87163066864014,4
4,f103_nyg_high_AMT_ANNUITY_d_app_AMT_INCOME_TOTAL_pctchange_max,124.8173999786377,12
4,f103_nyg_high_AMT_ANNUITY_d_app_AMT_INCOME_TOTAL_max_div_min,21.051380157470703,3
4,f103_nyg_high_AMT_ANNUITY_d_app_AMT_INCOME_TOTAL_std,530.3216300010681,69
4,f103_nyg_high_AMT_ANNUITY_m_app_AMT_GOODS_PRICE_d_app_AMT_INCOME_TOTAL_diff_mean,580.6292104721069,73
4,f103_nyg_high_AMT_ANNUITY_d_app_AMT_INCOME_TOTAL_std_div_mean,59.71419954299927,7
4,f103_nyg_high_AMT_ANNUITY_d_app_AMT_INCOME_TOTAL_max,3955.6986631155014,445
4,f103_nyg_high_AMT_ANNUITY_m_app_AMT_GOODS_PRICE_d_app_AMT_INCOME_TOTAL_pctchange_std,307.7010096311569,42
4,f103_nyg_high_AMT_ANNUITY_m_app_AMT_GOODS_PRICE_d_app_AMT_INCOME_TOTAL_std,266.8914604187012,35
4,f103_nyg_high_AMT_ANNUITY_m_app_AMT_GOODS_PRICE_d_app_AMT_INCOME_TOTAL_std_div_mean,478.6559810638428,45
4,f103_nyg_high_AMT_ANNUITY_m_app_AMT_GOODS_PRICE_d_app_AMT_INCOME_TOTAL_diff_max,488.92889499664307,59
4,f103_nyg_high_AMT_ANNUITY_s_app_AMT_ANNUITY_d_app_AMT_INCOME_TOTAL_diff_mean,256.01064014434814,34
4,f103_nyg_high_AMT_ANNUITY_max_div_min,0.0,0
4,f103_nyg_high_AMT_ANNUITY_s_app_AMT_ANNUITY_std_div_mean,856.4618103504181,95
4,f103_nyg_high_AMT_ANNUITY_s_app_AMT_ANNUITY_d_app_AMT_INCOME_TOTAL_std,108.47597074508667,8
4,f103_nyg_high_AMT_ANNUITY_s_app_AMT_ANNUITY_d_app_AMT_INCOME_TOTAL_min,3387.0829581022263,362
4,f103_nyg_high_AMT_ANNUITY_s_app_AMT_ANNUITY_d_app_AMT_INCOME_TOTAL_diff_max,158.49338054656982,18
4,f103_nyg_high_AMT_ANNUITY_s_app_AMT_ANNUITY_diff_max,1059.3935370445251,132
4,f103_nyg_high_AMT_ANNUITY_s_app_AMT_ANNUITY_diff_mean,900.4081802368164,112
4,f103_nyg_high_AMT_ANNUITY_s_app_AMT_ANNUITY_d_app_AMT_INCOME_TOTAL_std_div_mean,346.3155598640442,35
4,f103_nyg_high_AMT_ANNUITY_s_app_AMT_CREDIT_d_app_AMT_INCOME_TOTAL_std_div_mean,584.5267114639282,53
4,f103_nyg_high_AMT_ANNUITY_s_app_AMT_CREDIT_d_app_AMT_INCOME_TOTAL_pctchange_std_div_mean,687.8400411605835,89
4,f103_nyg_high_AMT_ANNUITY_s_app_AMT_CREDIT_d_app_AMT_INCOME_TOTAL_diff_mean,45.98726987838745,6
4,f103_nyg_high_AMT_ANNUITY_s_app_AMT_CREDIT_d_app_AMT_INCOME_TOTAL_std,96.64291095733643,10
4,f103_nyg_high_AMT_ANNUITY_s_app_AMT_CREDIT_pctchange_std,290.91421818733215,36
4,f103_nyg_high_AMT_ANNUITY_s_app_AMT_CREDIT_d_app_AMT_INCOME_TOTAL_pctchange_std,127.45372009277344,11
4,f103_nyg_high_AMT_ANNUITY_s_app_AMT_CREDIT_diff_mean,376.66915249824524,48
4,f103_nyg_high_AMT_ANNUITY_s_app_AMT_CREDIT_d_app_AMT_INCOME_TOTAL_diff_max,65.15484070777893,10
4,f103_nyg_high_AMT_ANNUITY_s_app_AMT_CREDIT_diff_max,609.768828868866,66
4,f103_nyg_high_AMT_ANNUITY_s_app_AMT_CREDIT_min,5143.966763138771,241
4,f103_nyg_high_AMT_ANNUITY_s_app_AMT_CREDIT_pctchange_std_div_mean,178.02617979049683,22
4,f103_nyg_high_AMT_ANNUITY_s_app_AMT_CREDIT_std_div_mean,94.75761938095093,12
4,f103_nyg_high_AMT_ANNUITY_s_app_AMT_GOODS_PRICE_diff_mean,509.51575207710266,69
4,f103_nyg_high_AMT_ANNUITY_s_app_AMT_CREDIT_mean,2389.0841049551964,152
4,f103_nyg_high_AMT_ANNUITY_s_app_AMT_CREDIT_max,3236.1586611270905,229
4,f103_nyg_high_AMT_ANNUITY_s_app_AMT_GOODS_PRICE_min,4077.2404494285583,275
4,f103_nyg_high_AMT_ANNUITY_s_app_AMT_GOODS_PRICE_pctchange_std,187.40221047401428,21
4,f103_nyg_high_AMT_ANNUITY_s_app_AMT_GOODS_PRICE_std_div_mean,85.61109972000122,11
4,f103_nyg_high_AMT_ANNUITY_s_app_AMT_GOODS_PRICE_diff_max,511.46002197265625,58
4,f103_nyg_high_AMT_ANNUITY_s_app_AMT_GOODS_PRICE_mean,5224.253319263458,222
4,f103_nyg_high_AMT_ANNUITY_s_app_AMT_GOODS_PRICE_max,3809.6935930252075,183
4,f103_nyg_high_AMT_ANNUITY_s_app_AMT_INCOME_TOTAL_pctchange_min,615.4671697616577,73
4,f103_nyg_high_AMT_ANNUITY_s_app_AMT_INCOME_TOTAL_diff_max,163.2870683670044,20
4,f103_nyg_high_AMT_ANNUITY_s_app_AMT_INCOME_TOTAL_pctchange_std_div_mean,611.5983183383942,77
4,f103_nyg_high_AMT_ANNUITY_s_app_AMT_INCOME_TOTAL_mean,2408.146227836609,308
4,f103_nyg_high_AMT_ANNUITY_s_app_AMT_INCOME_TOTAL_diff_mean,127.31505966186523,17
4,f103_nyg_high_AMT_ANNUITY_s_app_AMT_INCOME_TOTAL_max_div_min,365.3627405166626,44
4,f103_nyg_high_AMT_APPLICATION_d_app_AMT_ANNUITY_diff_max,1417.3221855163574,165
4,f103_nyg_high_AMT_ANNUITY_s_app_AMT_INCOME_TOTAL_std_div_mean,452.5185968875885,62
4,f103_nyg_high_AMT_ANNUITY_std_div_mean,18.78516960144043,2
4,f103_nyg_high_AMT_APPLICATION_d_app_AMT_ANNUITY_pctchange_std,796.2275815010071,104
4,f103_nyg_high_AMT_ANNUITY_s_app_AMT_INCOME_TOTAL_max,2975.8583446741104,370
4,f103_nyg_high_AMT_APPLICATION_d_app_AMT_ANNUITY_diff_mean,1354.2537779808044,171
4,f103_nyg_high_AMT_APPLICATION_d_app_AMT_ANNUITY_pctchange_mean,1637.9292969703674,184
4,f103_nyg_high_AMT_APPLICATION_d_app_AMT_ANNUITY_max,2868.34077501297,333
4,f103_nyg_high_AMT_APPLICATION_d_app_AMT_ANNUITY_pctchange_min,1495.8808621168137,178
4,f103_nyg_high_AMT_APPLICATION_d_app_AMT_ANNUITY_pctchange_max,1379.0341894626617,154
4,f103_nyg_high_AMT_APPLICATION_d_app_AMT_CREDIT_diff_std_div_mean,740.4848120212555,103
4,f103_nyg_high_AMT_APPLICATION_d_app_AMT_ANNUITY_std,766.824595451355,82
4,f103_nyg_high_AMT_APPLICATION_d_app_AMT_ANNUITY_std_div_mean,629.4035730361938,55
4,f103_nyg_high_AMT_APPLICATION_d_app_AMT_CREDIT_diff_mean,1496.9040126800537,189
4,f103_nyg_high_AMT_APPLICATION_d_app_AMT_ANNUITY_max_div_min,672.5833005905151,53
4,f103_nyg_high_AMT_APPLICATION_d_app_AMT_CREDIT_pctchange_min,479.3302812576294,60
4,f103_nyg_high_AMT_APPLICATION_d_app_AMT_CREDIT_pctchange_max,451.15077114105225,55
4,f103_nyg_high_AMT_APPLICATION_d_app_AMT_CREDIT_pctchange_std,302.87254190444946,38
4,f103_nyg_high_AMT_APPLICATION_d_app_AMT_CREDIT_pctchange_mean,566.6646916866302,64
4,f103_nyg_high_AMT_APPLICATION_d_app_AMT_CREDIT_diff_max,1209.0909218788147,156
5,f103_nyg_high_AMT_APPLICATION_d_app_AMT_GOODS_PRICE_std_div_mean,283.4497389793396,45
5,f103_nyg_high_AMT_APPLICATION_d_app_AMT_GOODS_PRICE_pctchange_std,354.44201016426086,56
5,f103_nyg_high_AMT_APPLICATION_d_app_AMT_GOODS_PRICE_pctchange_std_div_mean,303.1336302757263,45
5,f103_nyg_high_AMT_APPLICATION_d_app_AMT_GOODS_PRICE_pctchange_max,1145.2412884235382,148
5,f103_nyg_high_AMT_APPLICATION_d_app_AMT_CREDIT_std_div_mean,81.07510042190552,13
5,f103_nyg_high_AMT_APPLICATION_d_app_AMT_GOODS_PRICE_diff_max,801.6086204051971,115
5,f103_nyg_high_AMT_APPLICATION_d_app_AMT_GOODS_PRICE_diff_mean,834.4611213207245,125
5,f103_nyg_high_AMT_APPLICATION_d_app_AMT_GOODS_PRICE_max_div_min,176.55215978622437,21
5,f103_nyg_high_AMT_APPLICATION_d_app_AMT_GOODS_PRICE_pctchange_min,1105.9400882720947,154
5,f103_nyg_high_AMT_APPLICATION_d_app_AMT_INCOME_TOTAL_diff_max,666.192395105958,93
5,f103_nyg_high_AMT_APPLICATION_d_app_AMT_GOODS_PRICE_diff_std_div_mean,225.02372097969055,32
5,f103_nyg_high_AMT_APPLICATION_d_app_AMT_CREDIT_max_div_min,108.91276836395264,8
5,f103_nyg_high_AMT_APPLICATION_d_app_AMT_INCOME_TOTAL_diff_std,146.68620014190674,23
5,f103_nyg_high_AMT_APPLICATION_d_app_AMT_GOODS_PRICE_pctchange_mean,1002.8496370315552,137
5,f103_nyg_high_AMT_APPLICATION_d_app_AMT_INCOME_TOTAL_diff_mean,594.3237106800079,86
5,f103_nyg_high_AMT_APPLICATION_d_app_AMT_INCOME_TOTAL_pctchange_std,120.97622060775757,19
5,f103_nyg_high_AMT_APPLICATION_d_app_AMT_INCOME_TOTAL_max,1067.085059762001,153
5,f103_nyg_high_AMT_APPLICATION_d_app_AMT_INCOME_TOTAL_mean,1009.3301000595093,140
5,f103_nyg_high_AMT_APPLICATION_d_app_AMT_INCOME_TOTAL_pctchange_max,467.39820885658264,63
5,f103_nyg_high_AMT_APPLICATION_d_app_AMT_INCOME_TOTAL_min,1197.9250605106354,161
5,f103_nyg_high_AMT_APPLICATION_d_app_AMT_INCOME_TOTAL_max_div_min,14.676830291748047,2
5,f103_nyg_high_AMT_APPLICATION_d_app_AMT_INCOME_TOTAL_std_div_mean,29.063129901885986,4
5,f103_nyg_high_AMT_APPLICATION_d_app_AMT_INCOME_TOTAL_pctchange_std_div_mean,517.8271977901459,76
5,f103_nyg_high_AMT_APPLICATION_d_app_AMT_INCOME_TOTAL_pctchange_mean,456.55218982696533,65
5,f103_nyg_high_AMT_APPLICATION_d_app_AMT_INCOME_TOTAL_pctchange_min,414.0908393859863,64
5,f103_nyg_high_AMT_APPLICATION_d_app_AMT_INCOME_TOTAL_std,262.96276903152466,32
5,f103_nyg_high_AMT_APPLICATION_m_app_AMT_GOODS_PRICE_d_app_AMT_INCOME_TOTAL_diff_std,61.116859912872314,10
5,f103_nyg_high_AMT_APPLICATION_m_app_AMT_GOODS_PRICE_d_app_AMT_INCOME_TOTAL_pctchange_std_div_mean,328.0319697856903,51
5,f103_nyg_high_AMT_APPLICATION_m_app_AMT_GOODS_PRICE_d_app_AMT_INCOME_TOTAL_diff_max,297.1310017108917,45
5,f103_nyg_high_AMT_APPLICATION_m_app_AMT_GOODS_PRICE_d_app_AMT_INCOME_TOTAL_mean,1598.5553904771805,236
5,f103_nyg_high_AMT_APPLICATION_m_app_AMT_GOODS_PRICE_d_app_AMT_INCOME_TOTAL_max,1569.3427369594574,219
5,f103_nyg_high_AMT_APPLICATION_m_app_AMT_GOODS_PRICE_d_app_AMT_INCOME_TOTAL_std,84.05091047286987,12
5,f103_nyg_high_AMT_APPLICATION_m_app_AMT_GOODS_PRICE_d_app_AMT_INCOME_TOTAL_diff_mean,354.7828392982483,50
5,f103_nyg_high_AMT_APPLICATION_m_app_AMT_GOODS_PRICE_d_app_AMT_INCOME_TOTAL_pctchange_std,290.559720993042,46
5,f103_nyg_high_AMT_APPLICATION_m_app_AMT_GOODS_PRICE_d_app_AMT_INCOME_TOTAL_std_div_mean,540.4514605998993,79
5,f103_nyg_high_AMT_APPLICATION_m_app_AMT_GOODS_PRICE_d_app_AMT_INCOME_TOTAL_diff_std_div_mean,272.0779411792755,46
5,f103_nyg_high_AMT_APPLICATION_m_app_AMT_GOODS_PRICE_d_app_AMT_INCOME_TOTAL_pctchange_max,2445.8661987781525,360
5,f103_nyg_high_AMT_APPLICATION_s_app_AMT_ANNUITY_d_app_AMT_INCOME_TOTAL_diff_std,69.00476026535034,11
5,f103_nyg_high_AMT_APPLICATION_max_div_min,0.0,0
5,f103_nyg_high_AMT_APPLICATION_s_app_AMT_ANNUITY_d_app_AMT_INCOME_TOTAL_diff_max,190.3222006559372,27
5,f103_nyg_high_AMT_APPLICATION_s_app_AMT_ANNUITY_d_app_AMT_INCOME_TOTAL_std,124.0157699584961,12
5,f103_nyg_high_AMT_APPLICATION_s_app_AMT_ANNUITY_d_app_AMT_INCOME_TOTAL_max,1064.8027931451797,143
5,f103_nyg_high_AMT_APPLICATION_max,1086.0837631225586,165
5,f103_nyg_high_AMT_APPLICATION_mean,958.6695771813393,143
5,f103_nyg_high_AMT_APPLICATION_s_app_AMT_ANNUITY_d_app_AMT_INCOME_TOTAL_diff_mean,145.30316996574402,21
5,f103_nyg_high_AMT_APPLICATION_s_app_AMT_ANNUITY_diff_mean,700.123850107193,105
5,f103_nyg_high_AMT_APPLICATION_s_app_AMT_ANNUITY_d_app_AMT_INCOME_TOTAL_mean,801.6284365653992,109
5,f103_nyg_high_AMT_APPLICATION_s_app_AMT_ANNUITY_diff_max,582.1708498001099,87
5,f103_nyg_high_AMT_APPLICATION_s_app_AMT_ANNUITY_d_app_AMT_INCOME_TOTAL_min,1625.9500937461853,205
5,f103_nyg_high_AMT_APPLICATION_s_app_AMT_ANNUITY_std,373.472008228302,53
5,f103_nyg_high_AMT_APPLICATION_s_app_AMT_CREDIT_d_app_AMT_INCOME_TOTAL_diff_max,138.48783993721008,20
5,f103_nyg_high_AMT_APPLICATION_s_app_AMT_CREDIT_d_app_AMT_INCOME_TOTAL_std,15.709710121154785,2
5,f103_nyg_high_AMT_APPLICATION_s_app_AMT_CREDIT_d_app_AMT_INCOME_TOTAL_diff_std,49.11859893798828,6
5,f103_nyg_high_AMT_APPLICATION_s_app_AMT_ANNUITY_max,1397.4895997047424,194
5,f103_nyg_high_AMT_APPLICATION_s_app_AMT_CREDIT_d_app_AMT_INCOME_TOTAL_diff_mean,111.06799983978271,16
5,f103_nyg_high_AMT_APPLICATION_s_app_AMT_ANNUITY_mean,1488.8893103599548,191
5,f103_nyg_high_AMT_APPLICATION_s_app_AMT_CREDIT_max,1305.062421321869,174
5,f103_nyg_high_AMT_APPLICATION_s_app_AMT_CREDIT_std,139.82214093208313,21
5,f103_nyg_high_AMT_APPLICATION_s_app_AMT_CREDIT_d_app_AMT_INCOME_TOTAL_max,2427.350883960724,320
5,f103_nyg_high_AMT_APPLICATION_s_app_AMT_CREDIT_diff_max,199.86058044433594,31
5,f103_nyg_high_AMT_APPLICATION_s_app_AMT_CREDIT_diff_mean,231.81500005722046,35
5,f103_nyg_high_AMT_APPLICATION_s_app_AMT_GOODS_PRICE_diff_mean,212.45862984657288,33
5,f103_nyg_high_AMT_APPLICATION_s_app_AMT_CREDIT_mean,1324.3662886619568,179
5,f103_nyg_high_AMT_APPLICATION_s_app_AMT_GOODS_PRICE_mean,1533.9103873968124,192
5,f103_nyg_high_AMT_APPLICATION_s_app_AMT_GOODS_PRICE_max,1689.6520609855652,208
5,f103_nyg_high_AMT_APPLICATION_s_app_AMT_GOODS_PRICE_std_div_mean,286.99010825157166,36
5,f103_nyg_high_AMT_APPLICATION_s_app_AMT_GOODS_PRICE_diff_max,170.30209112167358,27
5,f103_nyg_high_AMT_APPLICATION_s_app_AMT_GOODS_PRICE_min,2239.9598677158356,292
5,f103_nyg_high_AMT_APPLICATION_s_app_AMT_GOODS_PRICE_pctchange_max,782.3467965126038,113
5,f103_nyg_high_AMT_APPLICATION_s_app_AMT_GOODS_PRICE_std,129.01408910751343,14
5,f103_nyg_high_AMT_APPLICATION_s_app_AMT_INCOME_TOTAL_diff_mean,29.88931965827942,5
5,f103_nyg_high_AMT_APPLICATION_s_app_AMT_CREDIT_min,1908.2370438575745,246
5,f103_nyg_high_AMT_APPLICATION_s_app_AMT_GOODS_PRICE_pctchange_std,201.82976913452148,29
5,f103_nyg_high_AMT_APPLICATION_s_app_AMT_INCOME_TOTAL_max_div_min,988.8314678668976,129
5,f103_nyg_high_AMT_APPLICATION_s_app_AMT_INCOME_TOTAL_max,1215.539738535881,173
5,f103_nyg_high_AMT_APPLICATION_s_app_AMT_INCOME_TOTAL_std_div_mean,744.0522592067719,98
5,f103_nyg_high_AMT_APPLICATION_s_app_AMT_INCOME_TOTAL_std,10.100700378417969,1
5,f103_nyg_high_AMT_APPLICATION_std_div_mean,9.372949838638306,2
5,f103_nyg_high_AMT_APPLICATION_s_app_AMT_INCOME_TOTAL_diff_max,78.39832067489624,11
5,f103_nyg_high_AMT_APPLICATION_s_app_AMT_INCOME_TOTAL_pctchange_std,609.4708502292633,86
5,f103_nyg_high_AMT_APPLICATION_s_app_AMT_INCOME_TOTAL_min,1933.6022074222565,277
5,f103_nyg_high_AMT_CREDIT_d_AMT_ANNUITY_diff_std,719.7323007583618,109
5,f103_nyg_high_AMT_APPLICATION_s_app_AMT_INCOME_TOTAL_mean,1366.9348528385162,188
5,f103_nyg_high_AMT_CREDIT_d_AMT_ANNUITY_max_div_min,369.01749897003174,60
5,f103_nyg_high_AMT_CREDIT_d_AMT_ANNUITY_min,2242.9508743286133,328
5,f103_nyg_high_AMT_CREDIT_d_AMT_ANNUITY_diff_max,1736.669427871704,265
5,f103_nyg_high_AMT_APPLICATION_std,0.0,0
5,f103_nyg_high_AMT_CREDIT_d_AMT_ANNUITY_diff_mean,2790.0843647122383,383
5,f103_nyg_high_AMT_CREDIT_d_AMT_ANNUITY_mean,2120.5203177928925,236
5,f103_nyg_high_AMT_CREDIT_d_AMT_ANNUITY_pctchange_max,1736.2200407981873,265
5,f103_nyg_high_AMT_CREDIT_d_AMT_APPLICATION_diff_mean,2077.2981929183006,302
5,f103_nyg_high_AMT_CREDIT_d_AMT_ANNUITY_max,3326.8618726730347,306
5,f103_nyg_high_AMT_CREDIT_d_AMT_ANNUITY_pctchange_std,707.2806603908539,105
5,f103_nyg_high_AMT_CREDIT_d_AMT_ANNUITY_std,615.364467382431,76
5,f103_nyg_high_AMT_CREDIT_d_AMT_APPLICATION_pctchange_max,1371.5129870176315,192
5,f103_nyg_high_AMT_CREDIT_d_AMT_APPLICATION_mean,1816.2532247304916,260
5,f103_nyg_high_AMT_CREDIT_d_AMT_APPLICATION_diff_max,1862.1716176271439,268
5,f103_nyg_high_AMT_CREDIT_d_AMT_APPLICATION_diff_std,874.7489793300629,132
5,f103_nyg_high_AMT_CREDIT_d_AMT_APPLICATION_diff_std_div_mean,553.4690930843353,88
5,f103_nyg_high_AMT_CREDIT_d_AMT_APPLICATION_max_div_min,499.680109500885,66
5,f103_nyg_high_AMT_CREDIT_d_AMT_ANNUITY_pctchange_mean,2354.4786381721497,326
5,f103_nyg_high_AMT_CREDIT_d_AMT_APPLICATION_max,1837.6897403001785,274
5,f103_nyg_high_AMT_CREDIT_d_app_AMT_ANNUITY_diff_mean,1342.9710569381714,177
5,f103_nyg_high_AMT_CREDIT_d_AMT_APPLICATION_std,637.1226766109467,101
5,f103_nyg_high_AMT_CREDIT_d_app_AMT_ANNUITY_pctchange_mean,1206.4959907531738,165
5,f103_nyg_high_AMT_CREDIT_d_app_AMT_ANNUITY_pctchange_min,1274.1591682434082,184
5,f103_nyg_high_AMT_CREDIT_d_AMT_APPLICATION_min,1556.0406104326248,238
5,f103_nyg_high_AMT_CREDIT_d_app_AMT_ANNUITY_pctchange_std,361.2564328312874,56
5,f103_nyg_high_AMT_CREDIT_d_app_AMT_ANNUITY_std,271.1844205856323,39
5,f103_nyg_high_AMT_CREDIT_d_app_AMT_ANNUITY_pctchange_max,957.6251620054245,127
5,f103_nyg_high_AMT_CREDIT_d_app_AMT_ANNUITY_max,1768.4417600631714,238
5,f103_nyg_high_AMT_CREDIT_d_app_AMT_ANNUITY_max_div_min,152.16156029701233,22
5,f103_nyg_high_AMT_CREDIT_d_app_AMT_CREDIT_max_div_min,52.44380068778992,4
5,f103_nyg_high_AMT_CREDIT_d_app_AMT_CREDIT_diff_mean,924.5187900066376,138
5,f103_nyg_high_AMT_CREDIT_d_app_AMT_ANNUITY_std_div_mean,480.1519832611084,58
5,f103_nyg_high_AMT_CREDIT_d_app_AMT_CREDIT_std,279.3377408981323,44
5,f103_nyg_high_AMT_CREDIT_d_app_AMT_ANNUITY_diff_max,1281.7164919376373,182
5,f103_nyg_high_AMT_CREDIT_d_app_AMT_CREDIT_pctchange_std,104.25101947784424,20
5,f103_nyg_high_AMT_CREDIT_d_app_AMT_CREDIT_std_div_mean,281.0916314125061,37
5,f103_nyg_high_AMT_CREDIT_d_app_AMT_CREDIT_pctchange_min,389.16468119621277,56
5,f103_nyg_high_AMT_CREDIT_d_app_AMT_CREDIT_diff_max,818.8672864437103,119
5,f103_nyg_high_AMT_CREDIT_d_app_AMT_GOODS_PRICE_std_div_mean,80.29528021812439,13
5,f103_nyg_high_AMT_CREDIT_d_app_AMT_GOODS_PRICE_max_div_min,210.33526992797852,17
5,f103_nyg_high_AMT_CREDIT_d_app_AMT_GOODS_PRICE_diff_max,868.2901808023453,128
5,f103_nyg_high_AMT_CREDIT_d_app_AMT_GOODS_PRICE_max,2152.2507457733154,296
5,f103_nyg_high_AMT_CREDIT_d_app_AMT_GOODS_PRICE_std,335.3898286819458,52
5,f103_nyg_high_AMT_CREDIT_d_app_AMT_GOODS_PRICE_pctchange_std,75.6091194152832,10
5,f103_nyg_high_AMT_CREDIT_d_app_AMT_GOODS_PRICE_pctchange_max,596.2445199489594,79
5,f103_nyg_high_AMT_CREDIT_d_app_AMT_CREDIT_pctchange_max,212.6195285320282,31
5,f103_nyg_high_AMT_CREDIT_d_app_AMT_INCOME_TOTAL_diff_std,482.53608298301697,77
5,f103_nyg_high_AMT_CREDIT_d_app_AMT_INCOME_TOTAL_diff_mean,1195.864098072052,170
5,f103_nyg_high_AMT_CREDIT_d_app_AMT_INCOME_TOTAL_diff_max,713.6253819465637,101
5,f103_nyg_high_AMT_CREDIT_d_app_AMT_ANNUITY_mean,2540.747101664543,322
5,f103_nyg_high_AMT_CREDIT_d_app_AMT_GOODS_PRICE_pctchange_mean,614.4868907928467,84
5,f103_nyg_high_AMT_CREDIT_d_app_AMT_GOODS_PRICE_diff_mean,1029.0915999412537,145
5,f103_nyg_high_AMT_CREDIT_d_app_AMT_CREDIT_pctchange_mean,236.44190979003906,35
5,f103_nyg_high_AMT_CREDIT_d_app_AMT_INCOME_TOTAL_min,1493.0153923034668,209
5,f103_nyg_high_AMT_CREDIT_d_app_AMT_INCOME_TOTAL_pctchange_max,275.32167291641235,35
5,f103_nyg_high_AMT_CREDIT_d_app_AMT_INCOME_TOTAL_pctchange_std,18.42023992538452,3
5,f103_nyg_high_AMT_CREDIT_d_app_AMT_INCOME_TOTAL_pctchange_mean,67.36285042762756,11
5,f103_nyg_high_AMT_CREDIT_d_total_debt_diff_min,1940.1051973104477,275
5,f103_nyg_high_AMT_CREDIT_d_app_AMT_INCOME_TOTAL_max_div_min,24.330700397491455,4
5,f103_nyg_high_AMT_CREDIT_d_app_AMT_GOODS_PRICE_pctchange_min,618.8932183980942,92
5,f103_nyg_high_AMT_CREDIT_d_app_AMT_INCOME_TOTAL_std_div_mean,52.12290954589844,8
5,f103_nyg_high_AMT_CREDIT_d_app_AMT_INCOME_TOTAL_mean,1095.5122710466385,157
5,f103_nyg_high_AMT_CREDIT_d_total_debt_diff_std,855.6187419891357,123
5,f103_nyg_high_AMT_CREDIT_d_app_AMT_INCOME_TOTAL_max,1303.8284106254578,180
5,f103_nyg_high_AMT_CREDIT_d_total_debt_diff_mean,1857.4566323757172,272
5,f103_nyg_high_AMT_CREDIT_d_app_AMT_INCOME_TOTAL_std,263.77969002723694,39
5,f103_nyg_high_AMT_CREDIT_d_app_AMT_INCOME_TOTAL_pctchange_min,134.1677007675171,18
5,f103_nyg_high_AMT_CREDIT_d_total_debt_pctchange_min,1873.2726290225983,266
5,f103_nyg_high_AMT_CREDIT_d_total_debt_pctchange_mean,2561.835661292076,347
5,f103_nyg_high_AMT_CREDIT_d_total_debt_max_div_min,215.12809109687805,37
5,f103_nyg_high_AMT_CREDIT_d_total_debt_pctchange_std,584.0376279354095,86
5,f103_nyg_high_AMT_CREDIT_m_app_AMT_GOODS_PRICE_d_app_AMT_INCOME_TOTAL_diff_std,131.41830825805664,22
5,f103_nyg_high_AMT_CREDIT_d_total_debt_std,367.47615933418274,55
5,f103_nyg_high_AMT_CREDIT_d_total_debt_std_div_mean,457.6898293495178,70
5,f103_nyg_high_AMT_CREDIT_m_app_AMT_GOODS_PRICE_d_app_AMT_INCOME_TOTAL_diff_mean,603.2820887565613,93
5,f103_nyg_high_AMT_CREDIT_d_total_debt_max,2608.268882751465,384
5,f103_nyg_high_AMT_CREDIT_d_total_debt_min,5413.782559037209,347
5,f103_nyg_high_AMT_CREDIT_d_total_debt_mean,2916.5660222172737,327
5,f103_nyg_high_AMT_CREDIT_m_app_AMT_GOODS_PRICE_d_app_AMT_INCOME_TOTAL_max,1207.2077977657318,174
5,f103_nyg_high_AMT_CREDIT_m_app_AMT_GOODS_PRICE_d_app_AMT_INCOME_TOTAL_std,160.22534894943237,22
5,f103_nyg_high_AMT_CREDIT_mean,1259.5976207256317,178
5,f103_nyg_high_AMT_CREDIT_m_app_AMT_GOODS_PRICE_d_app_AMT_INCOME_TOTAL_mean,1318.1556811332703,185
5,f103_nyg_high_AMT_CREDIT_m_app_AMT_GOODS_PRICE_d_app_AMT_INCOME_TOTAL_diff_max,511.11608052253723,72
5,f103_nyg_high_AMT_CREDIT_s_app_AMT_ANNUITY_d_app_AMT_INCOME_TOTAL_diff_mean,254.8895092010498,37
5,f103_nyg_high_AMT_CREDIT_max_div_min,0.0,0
5,f103_nyg_high_AMT_CREDIT_s_app_AMT_ANNUITY_d_app_AMT_INCOME_TOTAL_diff_max,171.27884936332703,26
5,f103_nyg_high_AMT_CREDIT_m_app_AMT_GOODS_PRICE_d_app_AMT_INCOME_TOTAL_min,1624.8282306194305,233
5,f103_nyg_high_AMT_CREDIT_s_app_AMT_ANNUITY_d_app_AMT_INCOME_TOTAL_diff_std,94.74905014038086,14
5,f103_nyg_high_AMT_CREDIT_max,1071.416945695877,154
5,f103_nyg_high_AMT_CREDIT_s_app_AMT_ANNUITY_diff_std,402.3636705875397,64
5,f103_nyg_high_AMT_CREDIT_s_app_AMT_ANNUITY_d_app_AMT_INCOME_TOTAL_pctchange_std_div_mean,587.4248487949371,90
5,f103_nyg_high_AMT_CREDIT_s_app_AMT_ANNUITY_d_app_AMT_INCOME_TOTAL_mean,824.0485904216766,112
5,f103_nyg_high_AMT_CREDIT_min,1698.119084596634,245
5,f103_nyg_high_AMT_CREDIT_s_app_AMT_ANNUITY_d_app_AMT_INCOME_TOTAL_max,831.6888778209686,119
5,f103_nyg_high_AMT_CREDIT_s_app_AMT_ANNUITY_d_app_AMT_INCOME_TOTAL_min,1230.487630367279,165
5,f103_nyg_high_AMT_CREDIT_s_app_AMT_ANNUITY_diff_mean,826.5470106601715,117
5,f103_nyg_high_AMT_CREDIT_s_app_AMT_ANNUITY_pctchange_std_div_mean,171.0361294746399,30
5,f103_nyg_high_AMT_CREDIT_s_app_AMT_ANNUITY_d_app_AMT_INCOME_TOTAL_std,42.170979499816895,6
5,f103_nyg_high_AMT_CREDIT_s_app_AMT_CREDIT_d_app_AMT_INCOME_TOTAL_diff_std,9.016459941864014,2
5,f103_nyg_high_AMT_CREDIT_s_app_AMT_ANNUITY_diff_max,705.6880357265472,109
5,f103_nyg_high_AMT_CREDIT_s_app_AMT_ANNUITY_mean,1382.976444721222,171
5,f103_nyg_high_AMT_CREDIT_s_app_AMT_ANNUITY_max,1179.6880667209625,162
5,f103_nyg_high_AMT_CREDIT_s_app_AMT_CREDIT_d_app_AMT_INCOME_TOTAL_diff_max,79.68227863311768,8
5,f103_nyg_high_AMT_CREDIT_s_app_AMT_ANNUITY_std,210.48316049575806,36
5,f103_nyg_high_AMT_CREDIT_s_app_AMT_CREDIT_d_app_AMT_INCOME_TOTAL_diff_mean,91.82908129692078,15
5,f103_nyg_high_AMT_CREDIT_s_app_AMT_ANNUITY_min,1698.0750260353088,233
5,f103_nyg_high_AMT_CREDIT_s_app_AMT_CREDIT_d_app_AMT_INCOME_TOTAL_std,35.4365496635437,6
5,f103_nyg_high_AMT_CREDIT_s_app_AMT_CREDIT_d_app_AMT_INCOME_TOTAL_max,1940.2222323417664,276
5,f103_nyg_high_AMT_CREDIT_s_app_AMT_CREDIT_diff_std,132.7629005908966,21
5,f103_nyg_high_AMT_CREDIT_s_app_AMT_CREDIT_diff_max,271.09070110321045,40
5,f103_nyg_high_AMT_CREDIT_s_app_AMT_CREDIT_diff_mean,244.77938222885132,37
5,f103_nyg_high_AMT_CREDIT_s_app_AMT_CREDIT_min,1777.5168182253838,233
5,f103_nyg_high_AMT_CREDIT_s_app_AMT_CREDIT_max,1386.9658484458923,187
5,f103_nyg_high_AMT_CREDIT_s_app_AMT_CREDIT_mean,1109.05889159441,152
5,f103_nyg_high_AMT_CREDIT_s_app_AMT_CREDIT_std,101.76018977165222,17
5,f103_nyg_high_AMT_CREDIT_s_app_AMT_GOODS_PRICE_diff_max,394.6432592868805,53
5,f103_nyg_high_AMT_CREDIT_s_app_AMT_GOODS_PRICE_mean,1505.9635125398636,201
5,f103_nyg_high_AMT_CREDIT_s_app_AMT_GOODS_PRICE_diff_mean,350.05634927749634,52
5,f103_nyg_high_AMT_CREDIT_s_app_AMT_GOODS_PRICE_min,2177.374908208847,278
5,f103_nyg_high_AMT_CREDIT_s_app_AMT_GOODS_PRICE_max,1663.917409658432,230
5,f103_nyg_high_AMT_CREDIT_s_app_AMT_GOODS_PRICE_std,97.35284972190857,10
5,f103_nyg_high_AMT_CREDIT_s_app_AMT_GOODS_PRICE_diff_std,77.588858127594,9
5,f103_nyg_high_AMT_CREDIT_s_app_AMT_INCOME_TOTAL_diff_std,5.319769859313965,1
5,f103_nyg_high_AMT_CREDIT_s_app_AMT_INCOME_TOTAL_diff_mean,43.831390380859375,7
5,f103_nyg_high_AMT_CREDIT_s_app_AMT_INCOME_TOTAL_max,1076.891847729683,158
5,f103_nyg_high_AMT_CREDIT_s_app_AMT_INCOME_TOTAL_diff_max,84.52914905548096,11
5,f103_nyg_high_AMT_CREDIT_s_app_AMT_INCOME_TOTAL_min,1589.0624494552612,228
5,f103_nyg_high_AMT_CREDIT_s_app_AMT_INCOME_TOTAL_mean,1277.003077507019,188
5,f103_nyg_high_AMT_CREDIT_s_app_AMT_INCOME_TOTAL_std_div_mean,630.8861303329468,95
5,f103_nyg_high_AMT_DOWN_PAYMENT_d_AMT_GOODS_PRICE_diff_std_div_mean,168.74669122695923,27
5,f103_nyg_high_AMT_CREDIT_std_div_mean,81.79047107696533,13
5,f103_nyg_high_AMT_CREDIT_std,12.120709896087646,2
5,f103_nyg_high_AMT_DOWN_PAYMENT_d_AMT_GOODS_PRICE_max,611.7220475673676,96
5,f103_nyg_high_AMT_CREDIT_s_app_AMT_INCOME_TOTAL_std,4.84188985824585,1
5,f103_nyg_high_AMT_DOWN_PAYMENT_d_AMT_GOODS_PRICE_pctchange_std_div_mean,0.0,0
5,f103_nyg_high_AMT_DOWN_PAYMENT_min,726.5994703769684,109
5,f103_nyg_high_AMT_DOWN_PAYMENT_d_AMT_GOODS_PRICE_std,117.14995050430298,20
5,f103_nyg_high_AMT_DOWN_PAYMENT_d_AMT_GOODS_PRICE_std_div_mean,33.74026012420654,6
5,f103_nyg_high_AMT_DOWN_PAYMENT_d_AMT_GOODS_PRICE_min,566.3932428359985,87
5,f103_nyg_high_AMT_DOWN_PAYMENT_d_AMT_GOODS_PRICE_mean,504.4706827402115,74
5,f103_nyg_high_AMT_DOWN_PAYMENT_mean,757.4579617977142,115
5,f103_nyg_high_AMT_GOODS_PRICE_d_AMT_ANNUITY_diff_max,2502.151984810829,363
5,f103_nyg_high_AMT_GOODS_PRICE_d_AMT_ANNUITY_max_div_min,136.74337077140808,22
5,f103_nyg_high_AMT_GOODS_PRICE_d_AMT_ANNUITY_diff_std,595.0413844585419,90
5,f103_nyg_high_AMT_GOODS_PRICE_d_AMT_ANNUITY_max,1912.3220961093903,278
5,f103_nyg_high_AMT_GOODS_PRICE_d_AMT_ANNUITY_mean,1977.4884343147278,298
5,f103_nyg_high_AMT_DOWN_PAYMENT_std_div_mean,5.514860153198242,1
5,f103_nyg_high_AMT_GOODS_PRICE_d_AMT_ANNUITY_pctchange_std,542.8084573745728,89
5,f103_nyg_high_AMT_GOODS_PRICE_d_AMT_ANNUITY_min,2313.984040737152,320
5,f103_nyg_high_AMT_GOODS_PRICE_d_AMT_ANNUITY_pctchange_mean,2397.41073846817,332
5,f103_nyg_high_AMT_GOODS_PRICE_d_AMT_ANNUITY_std_div_mean,479.15840101242065,74
5,f103_nyg_high_AMT_GOODS_PRICE_d_AMT_CREDIT_max,1145.2966477870941,161
5,f103_nyg_high_AMT_GOODS_PRICE_d_AMT_ANNUITY_std,718.9384984970093,94
5,f103_nyg_high_AMT_DOWN_PAYMENT_d_AMT_GOODS_PRICE_pctchange_std,0.0,0
5,f103_nyg_high_AMT_DOWN_PAYMENT_std,137.85767030715942,23
5,f103_nyg_high_AMT_DOWN_PAYMENT_d_AMT_GOODS_PRICE_diff_std,216.4123203754425,33
5,f103_nyg_high_AMT_GOODS_PRICE_d_AMT_ANNUITY_pctchange_max,1960.2420792877674,284
5,f103_nyg_high_AMT_GOODS_PRICE_d_AMT_CREDIT_mean,1269.3671352863312,173
5,f103_nyg_high_AMT_GOODS_PRICE_d_AMT_CREDIT_max_div_min,103.95055985450745,14
5,f103_nyg_high_AMT_DOWN_PAYMENT_max,919.8189702033997,127
5,f103_nyg_high_AMT_GOODS_PRICE_d_AMT_CREDIT_min,1165.9351505041122,160
5,f103_nyg_high_AMT_GOODS_PRICE_d_AMT_CREDIT_diff_min,1810.6538726091385,282
5,f103_nyg_high_AMT_GOODS_PRICE_d_AMT_CREDIT_pctchange_mean,1750.6781210899353,261
5,f103_nyg_high_AMT_GOODS_PRICE_d_AMT_CREDIT_diff_mean,1567.236768603325,242
5,f103_nyg_high_AMT_GOODS_PRICE_d_AMT_CREDIT_diff_std_div_mean,454.8513798713684,74
5,f103_nyg_high_AMT_GOODS_PRICE_d_app_AMT_ANNUITY_pctchange_min,230.04714059829712,36
5,f103_nyg_high_AMT_GOODS_PRICE_d_app_AMT_ANNUITY_pctchange_mean,211.72642040252686,33
5,f103_nyg_high_AMT_GOODS_PRICE_d_app_AMT_ANNUITY_pctchange_max,326.7557010650635,42
5,f103_nyg_high_AMT_GOODS_PRICE_d_app_AMT_ANNUITY_diff_mean,889.0622882843018,127
5,f103_nyg_high_AMT_GOODS_PRICE_d_AMT_CREDIT_pctchange_min,903.1710311174393,131
5,f103_nyg_high_AMT_GOODS_PRICE_d_app_AMT_ANNUITY_diff_max,1092.3379006385803,157
5,f103_nyg_high_AMT_GOODS_PRICE_d_app_AMT_ANNUITY_max_div_min,0.0,0
5,f103_nyg_high_AMT_GOODS_PRICE_d_app_AMT_ANNUITY_std_div_mean,21.733749866485596,4
5,f103_nyg_high_AMT_GOODS_PRICE_d_app_AMT_ANNUITY_max,2475.135441303253,321
5,f103_nyg_high_AMT_GOODS_PRICE_d_app_AMT_ANNUITY_pctchange_std,90.60284876823425,15
5,f103_nyg_high_AMT_GOODS_PRICE_d_app_AMT_ANNUITY_std,375.41837882995605,52
5,f103_nyg_high_AMT_GOODS_PRICE_d_app_AMT_CREDIT_diff_std_div_mean,107.14211988449097,17
5,f103_nyg_high_AMT_GOODS_PRICE_d_app_AMT_CREDIT_pctchange_std,34.408599615097046,5
5,f103_nyg_high_AMT_GOODS_PRICE_d_app_AMT_CREDIT_diff_mean,904.2209968566895,135
5,f103_nyg_high_AMT_GOODS_PRICE_d_app_AMT_CREDIT_diff_max,689.5973761081696,99
5,f103_nyg_high_AMT_GOODS_PRICE_d_app_AMT_CREDIT_pctchange_mean,58.18594980239868,9
5,f103_nyg_high_AMT_GOODS_PRICE_d_app_AMT_GOODS_PRICE_max_div_min,21.439759731292725,3
5,f103_nyg_high_AMT_GOODS_PRICE_d_app_AMT_CREDIT_std_div_mean,0.0,0
5,f103_nyg_high_AMT_GOODS_PRICE_d_app_AMT_CREDIT_pctchange_max,55.35084056854248,8
5,f103_nyg_high_AMT_GOODS_PRICE_d_app_AMT_CREDIT_pctchange_min,70.40148115158081,9
5,f103_nyg_high_AMT_GOODS_PRICE_d_app_AMT_CREDIT_max_div_min,0.0,0
5,f103_nyg_high_AMT_GOODS_PRICE_d_app_AMT_GOODS_PRICE_pctchange_std,20.65280055999756,2
5,f103_nyg_high_AMT_GOODS_PRICE_d_app_AMT_GOODS_PRICE_pctchange_std_div_mean,74.11089873313904,11
5,f103_nyg_high_AMT_GOODS_PRICE_d_app_AMT_GOODS_PRICE_pctchange_mean,118.17012023925781,19
5,f103_nyg_high_AMT_GOODS_PRICE_d_app_AMT_GOODS_PRICE_diff_mean,560.7459123134613,84
5,f103_nyg_high_AMT_GOODS_PRICE_d_app_AMT_GOODS_PRICE_diff_max,549.7418293952942,79
5,f103_nyg_high_AMT_GOODS_PRICE_d_app_AMT_GOODS_PRICE_std_div_mean,34.60611081123352,3
5,f103_nyg_high_AMT_GOODS_PRICE_d_app_AMT_GOODS_PRICE_pctchange_min,110.2455506324768,16
5,f103_nyg_high_AMT_GOODS_PRICE_d_app_AMT_GOODS_PRICE_diff_std_div_mean,80.11933994293213,14
5,f103_nyg_high_AMT_GOODS_PRICE_d_app_AMT_INCOME_TOTAL_mean,283.2192988395691,43
5,f103_nyg_high_AMT_GOODS_PRICE_d_app_AMT_INCOME_TOTAL_max,334.56279945373535,49
5,f103_nyg_high_AMT_GOODS_PRICE_d_app_AMT_GOODS_PRICE_pctchange_max,141.72395038604736,17
5,f103_nyg_high_AMT_GOODS_PRICE_d_app_AMT_INCOME_TOTAL_diff_std,168.5178301334381,25
5,f103_nyg_high_AMT_GOODS_PRICE_d_app_AMT_INCOME_TOTAL_diff_mean,463.6315507888794,66
5,f103_nyg_high_AMT_GOODS_PRICE_d_app_AMT_INCOME_TOTAL_max_div_min,0.0,0
5,f103_nyg_high_AMT_GOODS_PRICE_d_app_AMT_INCOME_TOTAL_std_div_mean,0.0,0
5,f103_nyg_high_AMT_GOODS_PRICE_d_app_AMT_INCOME_TOTAL_pctchange_max,0.0,0
5,f103_nyg_high_AMT_GOODS_PRICE_d_app_AMT_INCOME_TOTAL_diff_max,430.3729205131531,63
5,f103_nyg_high_AMT_GOODS_PRICE_d_app_AMT_INCOME_TOTAL_min,441.24368810653687,60
5,f103_nyg_high_AMT_GOODS_PRICE_d_app_AMT_INCOME_TOTAL_pctchange_min,20.061450004577637,2
5,f103_nyg_high_AMT_GOODS_PRICE_d_app_AMT_INCOME_TOTAL_std,23.022169589996338,3
5,f103_nyg_high_AMT_GOODS_PRICE_d_app_AMT_INCOME_TOTAL_pctchange_std_div_mean,158.99068999290466,22
5,f103_nyg_high_AMT_GOODS_PRICE_d_total_debt_diff_mean,2088.1965968608856,297
5,f103_nyg_high_AMT_GOODS_PRICE_d_app_AMT_INCOME_TOTAL_pctchange_std,6.4051899909973145,1
5,f103_nyg_high_AMT_GOODS_PRICE_d_app_AMT_INCOME_TOTAL_pctchange_mean,6.251999855041504,1
5,f103_nyg_high_AMT_GOODS_PRICE_d_total_debt_max_div_min,193.43486785888672,29
5,f103_nyg_high_AMT_GOODS_PRICE_d_total_debt_mean,4795.012701749802,339
5,f103_nyg_high_AMT_GOODS_PRICE_d_total_debt_std_div_mean,675.1548182964325,95
5,f103_nyg_high_AMT_GOODS_PRICE_d_total_debt_diff_min,2294.4849268198013,327
5,f103_nyg_high_AMT_GOODS_PRICE_m_app_AMT_GOODS_PRICE_d_app_AMT_INCOME_TOTAL_diff_max,269.1516296863556,39
5,f103_nyg_high_AMT_GOODS_PRICE_d_total_debt_max,3076.8436908721924,372
5,f103_nyg_high_AMT_GOODS_PRICE_d_total_debt_min,7701.003833055496,338
5,f103_nyg_high_AMT_GOODS_PRICE_m_app_AMT_GOODS_PRICE_d_app_AMT_INCOME_TOTAL_diff_mean,177.97454047203064,28
5,f103_nyg_high_AMT_GOODS_PRICE_d_total_debt_pctchange_mean,2041.9359375238419,293
5,f103_nyg_high_AMT_GOODS_PRICE_d_total_debt_pctchange_std,595.8235006332397,82
5,f103_nyg_high_AMT_GOODS_PRICE_m_app_AMT_GOODS_PRICE_d_app_AMT_INCOME_TOTAL_pctchange_max,1101.1363668441772,162
5,f103_nyg_high_AMT_GOODS_PRICE_m_app_AMT_GOODS_PRICE_d_app_AMT_INCOME_TOTAL_diff_std_div_mean,77.34040975570679,12
5,f103_nyg_high_AMT_GOODS_PRICE_d_total_debt_pctchange_min,1854.820309996605,256
5,f103_nyg_high_AMT_GOODS_PRICE_m_app_AMT_GOODS_PRICE_d_app_AMT_INCOME_TOTAL_diff_std,97.30710887908936,10
5,f103_nyg_high_AMT_GOODS_PRICE_m_app_AMT_GOODS_PRICE_d_app_AMT_INCOME_TOTAL_mean,462.54722142219543,75
5,f103_nyg_high_AMT_GOODS_PRICE_m_app_AMT_GOODS_PRICE_d_app_AMT_INCOME_TOTAL_pctchange_std,202.19019961357117,32
5,f103_nyg_high_AMT_GOODS_PRICE_m_app_AMT_GOODS_PRICE_d_app_AMT_INCOME_TOTAL_std_div_mean,70.50798010826111,12
5,f103_nyg_high_AMT_GOODS_PRICE_s_app_AMT_ANNUITY_d_app_AMT_INCOME_TOTAL_diff_max,165.1806890964508,23
5,f103_nyg_high_AMT_GOODS_PRICE_m_app_AMT_GOODS_PRICE_d_app_AMT_INCOME_TOTAL_pctchange_std_div_mean,281.91006875038147,46
5,f103_nyg_high_AMT_GOODS_PRICE_m_app_AMT_GOODS_PRICE_d_app_AMT_INCOME_TOTAL_std,22.62142038345337,3
5,f103_nyg_high_AMT_GOODS_PRICE_max,281.3368401527405,48
5,f103_nyg_high_AMT_GOODS_PRICE_s_app_AMT_ANNUITY_d_app_AMT_INCOME_TOTAL_diff_std,62.46305990219116,9
5,f103_nyg_high_AMT_GOODS_PRICE_max_div_min,0.0,0
5,f103_nyg_high_AMT_GOODS_PRICE_mean,245.034770488739,41
5,f103_nyg_high_AMT_GOODS_PRICE_m_app_AMT_GOODS_PRICE_d_app_AMT_INCOME_TOTAL_max,410.01052069664,58
5,f103_nyg_high_AMT_GOODS_PRICE_s_app_AMT_ANNUITY_d_app_AMT_INCOME_TOTAL_min,545.188310623169,67
5,f103_nyg_high_AMT_GOODS_PRICE_s_app_AMT_ANNUITY_d_app_AMT_INCOME_TOTAL_diff_mean,98.07366061210632,14
5,f103_nyg_high_AMT_GOODS_PRICE_s_app_AMT_ANNUITY_d_app_AMT_INCOME_TOTAL_mean,196.30644965171814,27
5,f103_nyg_high_AMT_GOODS_PRICE_s_app_AMT_ANNUITY_diff_mean,430.5355602502823,65
5,f103_nyg_high_AMT_GOODS_PRICE_s_app_AMT_ANNUITY_d_app_AMT_INCOME_TOTAL_std,15.451399803161621,2
5,f103_nyg_high_AMT_GOODS_PRICE_s_app_AMT_ANNUITY_mean,576.1419684886932,77
5,f103_nyg_high_AMT_GOODS_PRICE_s_app_AMT_ANNUITY_max,414.23079842329025,57
5,f103_nyg_high_AMT_GOODS_PRICE_s_app_AMT_ANNUITY_diff_max,372.61638879776,57
5,f103_nyg_high_AMT_GOODS_PRICE_s_app_AMT_CREDIT_d_app_AMT_INCOME_TOTAL_diff_std,45.285749435424805,7
5,f103_nyg_high_AMT_GOODS_PRICE_s_app_AMT_ANNUITY_diff_std,238.66423058509827,39
5,f103_nyg_high_AMT_GOODS_PRICE_s_app_AMT_CREDIT_d_app_AMT_INCOME_TOTAL_diff_max,112.52378988265991,17
5,f103_nyg_high_AMT_GOODS_PRICE_s_app_AMT_CREDIT_d_app_AMT_INCOME_TOTAL_std,3.877429962158203,1
5,f103_nyg_high_AMT_GOODS_PRICE_s_app_AMT_CREDIT_diff_mean,197.0190896987915,25
5,f103_nyg_high_AMT_GOODS_PRICE_s_app_AMT_CREDIT_d_app_AMT_INCOME_TOTAL_max,732.9063823223114,102
5,f103_nyg_high_AMT_GOODS_PRICE_s_app_AMT_CREDIT_diff_max,129.64613008499146,20
5,f103_nyg_high_AMT_GOODS_PRICE_s_app_AMT_ANNUITY_d_app_AMT_INCOME_TOTAL_max,400.684278011322,52
5,f103_nyg_high_AMT_GOODS_PRICE_s_app_AMT_CREDIT_max,404.05823945999146,56
5,f103_nyg_high_AMT_GOODS_PRICE_s_app_AMT_CREDIT_d_app_AMT_INCOME_TOTAL_diff_mean,56.35465955734253,10
5,f103_nyg_high_AMT_GOODS_PRICE_s_app_AMT_CREDIT_diff_std,112.46301817893982,15
5,f103_nyg_high_AMT_GOODS_PRICE_s_app_AMT_CREDIT_min,634.483252286911,74
5,f103_nyg_high_AMT_GOODS_PRICE_s_app_AMT_ANNUITY_std,4.302060127258301,1
5,f103_nyg_high_AMT_GOODS_PRICE_s_app_AMT_CREDIT_std,0.0,0
5,f103_nyg_high_AMT_GOODS_PRICE_s_app_AMT_GOODS_PRICE_max,463.3073513507843,51
5,f103_nyg_high_AMT_GOODS_PRICE_s_app_AMT_GOODS_PRICE_diff_std,35.989540100097656,5
5,f103_nyg_high_AMT_GOODS_PRICE_s_app_AMT_GOODS_PRICE_diff_mean,168.45376873016357,25
5,f103_nyg_high_AMT_GOODS_PRICE_s_app_AMT_CREDIT_mean,320.53249883651733,44
5,f103_nyg_high_AMT_GOODS_PRICE_s_app_AMT_GOODS_PRICE_min,595.4985909461975,82
5,f103_nyg_high_AMT_GOODS_PRICE_s_app_AMT_GOODS_PRICE_mean,407.07818269729614,54
5,f103_nyg_high_AMT_GOODS_PRICE_s_app_AMT_GOODS_PRICE_pctchange_max,382.7259683609009,53
5,f103_nyg_high_AMT_GOODS_PRICE_s_app_AMT_GOODS_PRICE_pctchange_std,96.17700099945068,14
5,f103_nyg_high_AMT_GOODS_PRICE_s_app_AMT_GOODS_PRICE_diff_max,202.55171990394592,28
5,f103_nyg_high_AMT_GOODS_PRICE_s_app_AMT_INCOME_TOTAL_diff_max,29.76360034942627,5
5,f103_nyg_high_AMT_GOODS_PRICE_s_app_AMT_GOODS_PRICE_std,0.0,0
5,f103_nyg_high_AMT_GOODS_PRICE_s_app_AMT_INCOME_TOTAL_max,331.227511882782,56
5,f103_nyg_high_AMT_GOODS_PRICE_s_app_AMT_GOODS_PRICE_std_div_mean,0.0,0
5,f103_nyg_high_AMT_GOODS_PRICE_s_app_AMT_INCOME_TOTAL_pctchange_std,506.71422004699707,71
5,f103_nyg_high_AMT_GOODS_PRICE_s_app_AMT_INCOME_TOTAL_min,496.0658485889435,71
5,f103_nyg_high_AMT_GOODS_PRICE_s_app_AMT_INCOME_TOTAL_max_div_min,246.53253269195557,32
5,f103_nyg_high_AMT_GOODS_PRICE_s_app_AMT_INCOME_TOTAL_diff_mean,53.43119931221008,9
5,f103_nyg_high_AMT_GOODS_PRICE_s_app_AMT_INCOME_TOTAL_std,0.0,0
5,f103_nyg_high_AMT_GOODS_PRICE_std,0.0,0
5,f103_nyg_high_AMT_GOODS_PRICE_s_app_AMT_INCOME_TOTAL_diff_std,28.053840160369873,5
5,f103_nyg_high_AMT_GOODS_PRICE_s_app_AMT_INCOME_TOTAL_mean,416.1950032711029,58
5,f103_nyg_high_AMT_GOODS_PRICE_s_app_AMT_INCOME_TOTAL_std_div_mean,203.0440502166748,29
5,f103_nyg_high_AMT_GOODS_PRICE_std_div_mean,0.0,0
5,f103_nyg_high_CHANNEL_TYPE_Credit_and_cash_offices_sum,384.4426119327545,59
5,f103_nyg_high_CHANNEL_TYPE_AP+_(Cash_loan)_sum,347.71226978302,48
5,f103_nyg_high_CNT_PAYMENT_mean,252.57700061798096,30
5,f103_nyg_high_CHANNEL_TYPE_Contact_center_sum,52.47064924240112,9
5,f103_nyg_high_CHANNEL_TYPE_Country_wide_mean,408.5086889266968,62
5,f103_nyg_high_CNT_PAYMENT_std,288.47298192977905,38
5,f103_nyg_high_CNT_PAYMENT_min,36.15353965759277,6
5,f103_nyg_high_CNT_PAYMENT_std_div_mean,181.69585013389587,28
5,f103_nyg_high_CNT_PAYMENT_max_div_min,13.576319694519043,2
5,f103_nyg_high_CNT_PAYMENT_max,166.23111248016357,5
5,f103_nyg_high_CODE_REJECT_REASON_SCOFR_mean,0.0,0
5,f103_nyg_high_CODE_REJECT_REASON_LIMIT_sum,45.30658006668091,7
5,f103_nyg_high_CODE_REJECT_REASON_HC_mean,464.308137178421,63
5,f103_nyg_high_CODE_REJECT_REASON_SCOFR_sum,0.0,0
5,f103_nyg_high_DAYS_DECISION_d_app_DAYS_BIRTH_max_div_min,134.9304699897766,22
5,f103_nyg_high_CODE_REJECT_REASON_LIMIT_mean,895.0590491294861,78
5,f103_nyg_high_CODE_REJECT_REASON_HC_sum,83.2726502418518,15
5,f103_nyg_high_CODE_REJECT_REASON_XAP_sum,243.7594711780548,33
5,f103_nyg_high_CODE_REJECT_REASON_XNA_sum,0.0,0
5,f103_nyg_high_DAYS_DECISION_d_app_DAYS_BIRTH_min,3319.664562225342,475
5,f103_nyg_high_DAYS_DECISION_d_app_DAYS_BIRTH_mean,3425.5520631074905,487
5,f103_nyg_high_DAYS_DECISION_d_app_DAYS_BIRTH_max,3717.727348089218,527
5,f103_nyg_high_DAYS_DECISION_d_app_DAYS_BIRTH_std_div_mean,334.0074338912964,43
5,f103_nyg_high_DAYS_DECISION_d_app_DAYS_LAST_PHONE_CHANGE_std_div_mean,474.65330743789673,67
5,f103_nyg_high_DAYS_DECISION_s_app_DAYS_BIRTH_min,4101.863532304764,516
5,f103_nyg_high_DAYS_DECISION_d_app_DAYS_EMPLOYED_max_div_min,232.61876964569092,34
5,f103_nyg_high_DAYS_DECISION_d_app_DAYS_REGISTRATION_max,3083.931533575058,459
5,f103_nyg_high_DAYS_DECISION_d_app_DAYS_ID_PUBLISH_std_div_mean,102.87373924255371,12
5,f103_nyg_high_CODE_REJECT_REASON_XAP_mean,1170.3946849107742,94
5,f103_nyg_high_DAYS_DECISION_d_app_DAYS_ID_PUBLISH_max_div_min,23.18970036506653,4
5,f103_nyg_high_DAYS_DECISION_d_app_DAYS_REGISTRATION_std,683.3136200904846,97
5,f103_nyg_high_DAYS_DECISION_d_app_DAYS_LAST_PHONE_CHANGE_max_div_min,762.638818025589,98
5,f103_nyg_high_DAYS_DECISION_s_app_DAYS_EMPLOYED_mean,4718.213381052017,527
5,f103_nyg_high_DAYS_DECISION_d_app_DAYS_REGISTRATION_std_div_mean,73.21963047981262,12
5,f103_nyg_high_DAYS_DECISION_s_app_DAYS_BIRTH_mean,2578.7558089494705,361
5,f103_nyg_high_DAYS_DECISION_d_app_DAYS_REGISTRATION_max_div_min,41.709189891815186,6
5,f103_nyg_high_DAYS_DECISION_s_app_DAYS_EMPLOYED_std,676.1965308189392,80
5,f103_nyg_high_DAYS_DECISION_s_app_DAYS_BIRTH_max,2621.448450922966,352
5,f103_nyg_high_DAYS_DECISION_s_app_DAYS_ID_PUBLISH_max,3843.237926363945,543
5,f103_nyg_high_DAYS_DECISION_s_app_DAYS_EMPLOYED_max,4470.997763633728,511
5,f103_nyg_high_DAYS_DECISION_s_app_DAYS_BIRTH_std,212.43645095825195,29
5,f103_nyg_high_DAYS_DECISION_d_app_DAYS_REGISTRATION_mean,3393.313289642334,469
5,f103_nyg_high_DAYS_DECISION_s_app_DAYS_LAST_PHONE_CHANGE_mean,3747.2645097970963,410
5,f103_nyg_high_DAYS_DECISION_s_app_DAYS_EMPLOYED_min,4256.760774254799,488
5,f103_nyg_high_DAYS_FIRST_DRAWING_d_app_DAYS_BIRTH_max_div_min,0.0,0
5,f103_nyg_high_DAYS_DECISION_s_app_DAYS_ID_PUBLISH_mean,2868.3438715934753,413
5,f103_nyg_high_DAYS_DECISION_s_app_DAYS_LAST_PHONE_CHANGE_min,4551.123085021973,365
5,f103_nyg_high_DAYS_DECISION_s_app_DAYS_ID_PUBLISH_min,2984.20658159256,429
5,f103_nyg_high_DAYS_DECISION_s_app_DAYS_LAST_PHONE_CHANGE_max,3855.2362800836563,349
5,f103_nyg_high_DAYS_DECISION_s_app_DAYS_REGISTRATION_std_div_mean,762.5333182811737,100
5,f103_nyg_high_DAYS_DECISION_s_app_DAYS_LAST_PHONE_CHANGE_std,38.898120164871216,7
5,f103_nyg_high_DAYS_DECISION_s_app_DAYS_REGISTRATION_min,2409.254516720772,352
5,f103_nyg_high_DAYS_DECISION_s_app_DAYS_REGISTRATION_max,2399.5032132864,335
5,f103_nyg_high_DAYS_DECISION_s_app_DAYS_ID_PUBLISH_std,18.484100341796875,3
5,f103_nyg_high_DAYS_FIRST_DRAWING_d_app_DAYS_BIRTH_min,0.0,0
5,f103_nyg_high_DAYS_FIRST_DRAWING_d_app_DAYS_BIRTH_mean,0.0,0
5,f103_nyg_high_DAYS_FIRST_DRAWING_d_app_DAYS_ID_PUBLISH_max,0.0,0
5,f103_nyg_high_DAYS_FIRST_DRAWING_d_app_DAYS_BIRTH_std_div_mean,0.0,0
5,f103_nyg_high_DAYS_FIRST_DRAWING_d_app_DAYS_BIRTH_max,0.0,0
5,f103_nyg_high_DAYS_FIRST_DRAWING_d_app_DAYS_EMPLOYED_std,0.0,0
5,f103_nyg_high_DAYS_FIRST_DRAWING_d_app_DAYS_EMPLOYED_min,0.0,0
5,f103_nyg_high_DAYS_FIRST_DRAWING_d_app_DAYS_ID_PUBLISH_max_div_min,0.0,0
5,f103_nyg_high_DAYS_DECISION_s_app_DAYS_REGISTRATION_std,0.0,0
5,f103_nyg_high_DAYS_FIRST_DRAWING_d_app_DAYS_BIRTH_std,0.0,0
5,f103_nyg_high_DAYS_DECISION_s_app_DAYS_REGISTRATION_mean,1899.2481733560562,282
5,f103_nyg_high_DAYS_FIRST_DRAWING_d_app_DAYS_EMPLOYED_mean,0.0,0
5,f103_nyg_high_DAYS_FIRST_DRAWING_d_app_DAYS_EMPLOYED_max,0.0,0
5,f103_nyg_high_DAYS_FIRST_DRAWING_d_app_DAYS_ID_PUBLISH_min,0.0,0
5,f103_nyg_high_DAYS_FIRST_DRAWING_d_app_DAYS_LAST_PHONE_CHANGE_mean,0.0,0
5,f103_nyg_high_DAYS_FIRST_DRAWING_d_app_DAYS_EMPLOYED_max_div_min,0.0,0
5,f103_nyg_high_DAYS_FIRST_DRAWING_d_app_DAYS_EMPLOYED_std_div_mean,0.0,0
5,f103_nyg_high_DAYS_FIRST_DRAWING_d_app_DAYS_LAST_PHONE_CHANGE_std,0.0,0
5,f103_nyg_high_DAYS_FIRST_DRAWING_d_app_DAYS_LAST_PHONE_CHANGE_max,0.0,0
5,f103_nyg_high_DAYS_FIRST_DRAWING_d_app_DAYS_LAST_PHONE_CHANGE_std_div_mean,0.0,0
5,f103_nyg_high_DAYS_FIRST_DRAWING_d_app_DAYS_LAST_PHONE_CHANGE_max_div_min,0.0,0
5,f103_nyg_high_DAYS_FIRST_DRAWING_d_app_DAYS_ID_PUBLISH_mean,0.0,0
5,f103_nyg_high_DAYS_FIRST_DRAWING_s_DAYS_DECISIONS_min,0.0,0
5,f103_nyg_high_DAYS_FIRST_DRAWING_d_app_DAYS_LAST_PHONE_CHANGE_min,0.0,0
5,f103_nyg_high_DAYS_FIRST_DRAWING_d_app_DAYS_REGISTRATION_std_div_mean,0.0,0
5,f103_nyg_high_DAYS_FIRST_DRAWING_d_app_DAYS_ID_PUBLISH_std_div_mean,0.0,0
5,f103_nyg_high_DAYS_FIRST_DRAWING_s_DAYS_DECISIONS_max_div_min,0.0,0
5,f103_nyg_high_DAYS_FIRST_DRAWING_d_app_DAYS_REGISTRATION_max,0.0,0
5,f103_nyg_high_DAYS_FIRST_DRAWING_d_app_DAYS_REGISTRATION_min,0.0,0
5,f103_nyg_high_DAYS_FIRST_DRAWING_s_DAYS_DECISIONS_mean,0.0,0
5,f103_nyg_high_DAYS_FIRST_DRAWING_d_app_DAYS_ID_PUBLISH_std,0.0,0
5,f103_nyg_high_DAYS_FIRST_DRAWING_s_app_DAYS_EMPLOYED_max,0.0,0
5,f103_nyg_high_DAYS_FIRST_DRAWING_d_app_DAYS_REGISTRATION_std,0.0,0
5,f103_nyg_high_DAYS_FIRST_DRAWING_s_app_DAYS_EMPLOYED_max_div_min,0.0,0
5,f103_nyg_high_DAYS_FIRST_DRAWING_s_app_DAYS_BIRTH_std,0.0,0
5,f103_nyg_high_DAYS_FIRST_DRAWING_d_app_DAYS_REGISTRATION_mean,0.0,0
5,f103_nyg_high_DAYS_FIRST_DRAWING_s_DAYS_DECISIONS_max,0.0,0
5,f103_nyg_high_DAYS_FIRST_DRAWING_s_app_DAYS_BIRTH_max,0.0,0
5,f103_nyg_high_DAYS_FIRST_DRAWING_d_app_DAYS_REGISTRATION_max_div_min,0.0,0
5,f103_nyg_high_DAYS_FIRST_DRAWING_s_app_DAYS_BIRTH_std_div_mean,0.0,0
5,f103_nyg_high_DAYS_FIRST_DRAWING_s_DAYS_DECISIONS_std_div_mean,0.0,0
5,f103_nyg_high_DAYS_FIRST_DRAWING_s_app_DAYS_BIRTH_mean,0.0,0
5,f103_nyg_high_DAYS_FIRST_DRAWING_s_DAYS_DECISIONS_std,0.0,0
5,f103_nyg_high_DAYS_FIRST_DRAWING_s_app_DAYS_EMPLOYED_mean,0.0,0
5,f103_nyg_high_DAYS_FIRST_DRAWING_s_app_DAYS_BIRTH_min,0.0,0
5,f103_nyg_high_DAYS_FIRST_DRAWING_s_app_DAYS_ID_PUBLISH_mean,0.0,0
5,f103_nyg_high_DAYS_FIRST_DRAWING_s_app_DAYS_ID_PUBLISH_std,0.0,0
5,f103_nyg_high_DAYS_FIRST_DRAWING_s_app_DAYS_EMPLOYED_min,0.0,0
5,f103_nyg_high_DAYS_FIRST_DRAWING_s_app_DAYS_BIRTH_max_div_min,0.0,0
5,f103_nyg_high_DAYS_FIRST_DRAWING_s_app_DAYS_EMPLOYED_std,0.0,0
5,f103_nyg_high_DAYS_FIRST_DRAWING_s_app_DAYS_LAST_PHONE_CHANGE_max,0.0,0
5,f103_nyg_high_DAYS_FIRST_DRAWING_s_app_DAYS_ID_PUBLISH_max,0.0,0
5,f103_nyg_high_DAYS_FIRST_DRAWING_s_app_DAYS_LAST_PHONE_CHANGE_mean,0.0,0
5,f103_nyg_high_DAYS_FIRST_DRAWING_s_app_DAYS_LAST_PHONE_CHANGE_max_div_min,0.0,0
5,f103_nyg_high_DAYS_FIRST_DRAWING_s_app_DAYS_ID_PUBLISH_max_div_min,0.0,0
5,f103_nyg_high_DAYS_FIRST_DRAWING_s_app_DAYS_ID_PUBLISH_min,0.0,0
5,f103_nyg_high_DAYS_FIRST_DRAWING_s_app_DAYS_REGISTRATION_mean,0.0,0
5,f103_nyg_high_DAYS_FIRST_DRAWING_s_app_DAYS_LAST_PHONE_CHANGE_std,0.0,0
5,f103_nyg_high_DAYS_FIRST_DRAWING_s_app_DAYS_ID_PUBLISH_std_div_mean,0.0,0
5,f103_nyg_high_DAYS_FIRST_DRAWING_s_app_DAYS_EMPLOYED_std_div_mean,0.0,0
5,f103_nyg_high_DAYS_FIRST_DRAWING_s_app_DAYS_REGISTRATION_max,0.0,0
5,f103_nyg_high_DAYS_FIRST_DRAWING_s_app_DAYS_LAST_PHONE_CHANGE_min,0.0,0
5,f103_nyg_high_DAYS_FIRST_DRAWING_s_app_DAYS_REGISTRATION_max_div_min,0.0,0
6,f103_nyg_high_DAYS_FIRST_DUE_d_app_DAYS_EMPLOYED_std_div_mean,180.34773111343384,28
6,f103_nyg_high_DAYS_FIRST_DUE_d_app_DAYS_EMPLOYED_std,158.79160022735596,24
6,f103_nyg_high_DAYS_FIRST_DRAWING_s_app_DAYS_LAST_PHONE_CHANGE_std_div_mean,0.0,0
6,f103_nyg_high_DAYS_FIRST_DRAWING_s_app_DAYS_REGISTRATION_std_div_mean,0.0,0
6,f103_nyg_high_DAYS_FIRST_DUE_d_app_DAYS_BIRTH_std_div_mean,84.0385491847992,15
6,f103_nyg_high_DAYS_FIRST_DUE_d_app_DAYS_ID_PUBLISH_std_div_mean,84.49465036392212,11
6,f103_nyg_high_DAYS_FIRST_DUE_d_app_DAYS_BIRTH_min,3291.490688085556,493
6,f103_nyg_high_DAYS_FIRST_DRAWING_s_app_DAYS_REGISTRATION_std,0.0,0
6,f103_nyg_high_DAYS_FIRST_DRAWING_s_app_DAYS_REGISTRATION_min,0.0,0
6,f103_nyg_high_DAYS_FIRST_DUE_d_app_DAYS_BIRTH_mean,2752.3857355713844,401
6,f103_nyg_high_DAYS_FIRST_DUE_d_app_DAYS_LAST_PHONE_CHANGE_std_div_mean,166.09326815605164,27
6,f103_nyg_high_DAYS_FIRST_DUE_s_DAYS_DECISIONS_std_div_mean,24.880370140075684,4
6,f103_nyg_high_DAYS_FIRST_DUE_s_DAYS_FIRST_DRAWING_max,0.0,0
6,f103_nyg_high_DAYS_FIRST_DUE_d_app_DAYS_REGISTRATION_std_div_mean,43.274590492248535,7
6,f103_nyg_high_DAYS_FIRST_DUE_s_DAYS_FIRST_DRAWING_max_div_min,0.0,0
6,f103_nyg_high_DAYS_FIRST_DUE_d_app_DAYS_BIRTH_max,3132.562782406807,458
6,f103_nyg_high_DAYS_FIRST_DUE_d_app_DAYS_LAST_PHONE_CHANGE_max,3126.991974234581,467
6,f103_nyg_high_DAYS_FIRST_DUE_s_DAYS_DECISIONS_std,11.493589878082275,2
6,f103_nyg_high_DAYS_FIRST_DUE_d_app_DAYS_REGISTRATION_std,341.5162582397461,43
6,f103_nyg_high_DAYS_FIRST_DUE_d_app_DAYS_LAST_PHONE_CHANGE_mean,3291.972845196724,453
6,f103_nyg_high_DAYS_FIRST_DUE_s_DAYS_FIRST_DRAWING_std_div_mean,0.0,0
6,f103_nyg_high_DAYS_FIRST_DUE_s_app_DAYS_BIRTH_std,345.2299404144287,51
6,f103_nyg_high_DAYS_FIRST_DUE_s_DAYS_FIRST_DRAWING_mean,0.0,0
6,f103_nyg_high_DAYS_FIRST_DUE_s_DAYS_FIRST_DRAWING_std,0.0,0
6,f103_nyg_high_DAYS_FIRST_DUE_d_app_DAYS_LAST_PHONE_CHANGE_min,3263.966994404793,433
6,f103_nyg_high_DAYS_FIRST_DUE_s_app_DAYS_EMPLOYED_std,97.23513889312744,14
6,f103_nyg_high_DAYS_FIRST_DUE_s_DAYS_FIRST_DRAWING_min,0.0,0
6,f103_nyg_high_DAYS_FIRST_DUE_s_app_DAYS_BIRTH_mean,1215.3317272663116,173
6,f103_nyg_high_DAYS_FIRST_DUE_s_app_DAYS_EMPLOYED_std_div_mean,137.2622194290161,22
6,f103_nyg_high_DAYS_FIRST_DUE_s_app_DAYS_BIRTH_min,1310.5196776390076,189
6,f103_nyg_high_DAYS_FIRST_DUE_s_app_DAYS_ID_PUBLISH_std_div_mean,328.6202301979065,54
6,f103_nyg_high_DAYS_FIRST_DUE_s_app_DAYS_ID_PUBLISH_std,4.958250045776367,1
6,f103_nyg_high_DAYS_FIRST_DUE_s_app_DAYS_EMPLOYED_mean,2156.306009888649,293
6,f103_nyg_high_DAYS_FIRST_DUE_s_app_DAYS_ID_PUBLISH_mean,1632.3968451023102,248
6,f103_nyg_high_DAYS_FIRST_DUE_s_app_DAYS_BIRTH_max,1557.3473081588745,215
6,f103_nyg_high_DAYS_FIRST_DUE_s_app_DAYS_ID_PUBLISH_min,1597.8809368014336,237
6,f103_nyg_high_DAYS_FIRST_DUE_s_app_DAYS_EMPLOYED_max,1879.500330209732,253
6,f103_nyg_high_DAYS_FIRST_DUE_s_app_DAYS_LAST_PHONE_CHANGE_min,1960.306791305542,264
6,f103_nyg_high_DAYS_FIRST_DUE_s_app_DAYS_REGISTRATION_max_div_min,116.7873101234436,18
6,f103_nyg_high_DAYS_FIRST_DUE_s_app_DAYS_LAST_PHONE_CHANGE_max,1876.8179494142532,211
6,f103_nyg_high_DAYS_FIRST_DUE_s_app_DAYS_EMPLOYED_min,1957.3185729980469,260
6,f103_nyg_high_DAYS_FIRST_DUE_s_app_DAYS_LAST_PHONE_CHANGE_std,6.108160018920898,1
6,f103_nyg_high_DAYS_LAST_DUE_1ST_VERSION_d_app_DAYS_BIRTH_std,102.85655975341797,18
6,f103_nyg_high_DAYS_FIRST_DUE_s_app_DAYS_REGISTRATION_std,0.0,0
6,f103_nyg_high_DAYS_FIRST_DUE_s_app_DAYS_ID_PUBLISH_max,1533.4636926651,218
6,f103_nyg_high_DAYS_FIRST_DUE_s_app_DAYS_REGISTRATION_std_div_mean,201.72469854354858,31
6,f103_nyg_high_DAYS_FIRST_DUE_s_app_DAYS_LAST_PHONE_CHANGE_mean,1084.7846057415009,162
6,f103_nyg_high_DAYS_LAST_DUE_1ST_VERSION_d_app_DAYS_BIRTH_mean,2378.9774010181427,339
6,f103_nyg_high_DAYS_LAST_DUE_1ST_VERSION_d_app_DAYS_EMPLOYED_std_div_mean,273.54045128822327,42
6,f103_nyg_high_DAYS_FIRST_DUE_s_app_DAYS_REGISTRATION_max,1791.1223149299622,266
6,f103_nyg_high_DAYS_FIRST_DUE_s_app_DAYS_REGISTRATION_min,1262.1241106987,182
6,f103_nyg_high_DAYS_FIRST_DUE_s_app_DAYS_REGISTRATION_mean,1015.8334937095642,152
6,f103_nyg_high_DAYS_LAST_DUE_1ST_VERSION_d_app_DAYS_EMPLOYED_std,177.94464802742004,26
6,f103_nyg_high_DAYS_LAST_DUE_1ST_VERSION_s_DAYS_DECISIONS_std_div_mean,120.78772974014282,18
6,f103_nyg_high_DAYS_LAST_DUE_1ST_VERSION_d_app_DAYS_BIRTH_max,2635.4536494612694,392
6,f103_nyg_high_DAYS_LAST_DUE_1ST_VERSION_s_DAYS_DECISIONS_std,78.83605027198792,14
6,f103_nyg_high_DAYS_LAST_DUE_1ST_VERSION_s_DAYS_DECISIONS_mean,1501.6491692066193,186
6,f103_nyg_high_DAYS_LAST_DUE_1ST_VERSION_s_DAYS_DECISIONS_max_div_min,22.620709896087646,4
6,f103_nyg_high_DAYS_LAST_DUE_1ST_VERSION_s_DAYS_FIRST_DRAWING_mean,0.0,0
6,f103_nyg_high_DAYS_LAST_DUE_1ST_VERSION_s_DAYS_DECISIONS_max,923.8903130292892,113
6,f103_nyg_high_DAYS_LAST_DUE_1ST_VERSION_d_app_DAYS_BIRTH_min,2319.2529106140137,336
6,f103_nyg_high_DAYS_LAST_DUE_1ST_VERSION_d_app_DAYS_REGISTRATION_std,151.7225296497345,23
6,f103_nyg_high_DAYS_LAST_DUE_1ST_VERSION_s_DAYS_DECISIONS_min,1273.9158313274384,165
6,f103_nyg_high_DAYS_LAST_DUE_1ST_VERSION_s_DAYS_FIRST_DRAWING_max_div_min,0.0,0
6,f103_nyg_high_DAYS_LAST_DUE_1ST_VERSION_s_DAYS_FIRST_DRAWING_std_div_mean,0.0,0
6,f103_nyg_high_DAYS_LAST_DUE_1ST_VERSION_s_DAYS_FIRST_DRAWING_std,0.0,0
6,f103_nyg_high_DAYS_LAST_DUE_1ST_VERSION_s_DAYS_FIRST_DRAWING_min,0.0,0
6,f103_nyg_high_DAYS_LAST_DUE_1ST_VERSION_s_DAYS_FIRST_DUE_std,8.167519569396973,1
6,f103_nyg_high_DAYS_LAST_DUE_1ST_VERSION_s_DAYS_FIRST_DUE_mean,135.36834025382996,18
6,f103_nyg_high_DAYS_LAST_DUE_1ST_VERSION_s_app_DAYS_BIRTH_std_div_mean,70.20703935623169,12
6,f103_nyg_high_DAYS_LAST_DUE_1ST_VERSION_s_app_DAYS_BIRTH_max_div_min,103.81648015975952,14
6,f103_nyg_high_DAYS_LAST_DUE_1ST_VERSION_s_app_DAYS_BIRTH_max,1379.533699274063,211
6,f103_nyg_high_DAYS_LAST_DUE_1ST_VERSION_s_DAYS_FIRST_DUE_min,155.72634077072144,15
6,f103_nyg_high_DAYS_LAST_DUE_1ST_VERSION_s_DAYS_FIRST_DRAWING_max,0.0,0
6,f103_nyg_high_DAYS_LAST_DUE_1ST_VERSION_s_app_DAYS_EMPLOYED_max,1901.1787804365158,276
6,f103_nyg_high_DAYS_LAST_DUE_1ST_VERSION_s_app_DAYS_EMPLOYED_std_div_mean,304.89084935188293,49
6,f103_nyg_high_DAYS_LAST_DUE_1ST_VERSION_s_DAYS_FIRST_DUE_max,75.97804021835327,11
6,f103_nyg_high_DAYS_LAST_DUE_1ST_VERSION_s_app_DAYS_BIRTH_min,1306.2307612895966,205
6,f103_nyg_high_DAYS_LAST_DUE_1ST_VERSION_s_app_DAYS_BIRTH_std,133.61960983276367,20
6,f103_nyg_high_DAYS_LAST_DUE_1ST_VERSION_s_DAYS_FIRST_DUE_std_div_mean,77.73711061477661,14
6,f103_nyg_high_DAYS_LAST_DUE_1ST_VERSION_s_DAYS_FIRST_DUE_max_div_min,22.197279930114746,4
6,f103_nyg_high_DAYS_LAST_DUE_1ST_VERSION_s_app_DAYS_ID_PUBLISH_std,50.58195972442627,7
6,f103_nyg_high_DAYS_LAST_DUE_1ST_VERSION_s_app_DAYS_EMPLOYED_std,11.456860065460205,2
6,f103_nyg_high_DAYS_LAST_DUE_1ST_VERSION_s_app_DAYS_BIRTH_mean,1100.830485343933,155
6,f103_nyg_high_DAYS_LAST_DUE_1ST_VERSION_s_app_DAYS_ID_PUBLISH_min,1859.1176464557648,287
6,f103_nyg_high_DAYS_LAST_DUE_1ST_VERSION_s_app_DAYS_EMPLOYED_min,2050.8571014404297,291
6,f103_nyg_high_DAYS_LAST_DUE_1ST_VERSION_s_app_DAYS_ID_PUBLISH_max,2240.3491275310516,336
6,f103_nyg_high_DAYS_LAST_DUE_1ST_VERSION_s_app_DAYS_LAST_PHONE_CHANGE_std_div_mean,245.05546021461487,39
6,f103_nyg_high_DAYS_LAST_DUE_1ST_VERSION_s_app_DAYS_LAST_PHONE_CHANGE_std,0.0,0
6,f103_nyg_high_DAYS_LAST_DUE_1ST_VERSION_s_app_DAYS_ID_PUBLISH_mean,1445.2166064977646,227
6,f103_nyg_high_DAYS_LAST_DUE_1ST_VERSION_s_app_DAYS_REGISTRATION_min,1562.0679243206978,238
6,f103_nyg_high_DAYS_LAST_DUE_1ST_VERSION_s_app_DAYS_LAST_PHONE_CHANGE_mean,1753.002422451973,251
6,f103_nyg_high_DAYS_LAST_DUE_1ST_VERSION_s_app_DAYS_REGISTRATION_max,1381.1020834445953,219
6,f103_nyg_high_DAYS_LAST_DUE_1ST_VERSION_s_app_DAYS_REGISTRATION_max_div_min,130.02323079109192,18
6,f103_nyg_high_DAYS_LAST_DUE_1ST_VERSION_s_app_DAYS_REGISTRATION_std,0.0,0
6,f103_nyg_high_DAYS_LAST_DUE_d_app_DAYS_BIRTH_std_div_mean,21.40368962287903,4
6,f103_nyg_high_DAYS_LAST_DUE_1ST_VERSION_s_app_DAYS_LAST_PHONE_CHANGE_max,1905.660278916359,280
6,f103_nyg_high_DAYS_LAST_DUE_1ST_VERSION_s_app_DAYS_LAST_PHONE_CHANGE_max_div_min,175.91914081573486,30
6,f103_nyg_high_DAYS_LAST_DUE_1ST_VERSION_s_app_DAYS_EMPLOYED_mean,1465.0826116800308,221
6,f103_nyg_high_DAYS_LAST_DUE_1ST_VERSION_s_app_DAYS_LAST_PHONE_CHANGE_min,2003.839848279953,298
6,f103_nyg_high_DAYS_LAST_DUE_d_app_DAYS_BIRTH_max_div_min,21.329650402069092,3
6,f103_nyg_high_DAYS_LAST_DUE_1ST_VERSION_s_app_DAYS_ID_PUBLISH_max_div_min,214.40881037712097,34
6,f103_nyg_high_DAYS_LAST_DUE_d_app_DAYS_EMPLOYED_std_div_mean,51.65165996551514,10
6,f103_nyg_high_DAYS_LAST_DUE_1ST_VERSION_s_app_DAYS_REGISTRATION_mean,1248.3077211976051,185
6,f103_nyg_high_DAYS_LAST_DUE_d_app_DAYS_EMPLOYED_max_div_min,46.63456988334656,6
6,f103_nyg_high_DAYS_LAST_DUE_d_app_DAYS_ID_PUBLISH_std_div_mean,9.534509658813477,1
6,f103_nyg_high_DAYS_LAST_DUE_d_app_DAYS_ID_PUBLISH_std,214.6484010219574,36
6,f103_nyg_high_DAYS_LAST_DUE_d_app_DAYS_EMPLOYED_std,102.25855040550232,16
6,f103_nyg_high_DAYS_LAST_DUE_d_app_DAYS_LAST_PHONE_CHANGE_std,262.6049406528473,41
6,f103_nyg_high_DAYS_LAST_DUE_d_app_DAYS_LAST_PHONE_CHANGE_std_div_mean,69.6493706703186,11
6,f103_nyg_high_DAYS_LAST_DUE_d_app_DAYS_LAST_PHONE_CHANGE_max_div_min,107.61651992797852,14
6,f103_nyg_high_DAYS_LAST_DUE_d_app_DAYS_REGISTRATION_max_div_min,5.132460117340088,1
6,f103_nyg_high_DAYS_LAST_DUE_d_app_DAYS_ID_PUBLISH_max_div_min,11.987879753112793,2
6,f103_nyg_high_DAYS_LAST_DUE_s_DAYS_FIRST_DRAWING_max_div_min,0.0,0
6,f103_nyg_high_DAYS_LAST_DUE_d_app_DAYS_REGISTRATION_std_div_mean,14.744549751281738,2
6,f103_nyg_high_DAYS_LAST_DUE_d_app_DAYS_REGISTRATION_max,3720.965594291687,526
6,f103_nyg_high_DAYS_LAST_DUE_s_DAYS_DECISIONS_std,61.33524036407471,9
6,f103_nyg_high_DAYS_LAST_DUE_s_DAYS_FIRST_DRAWING_max,0.0,0
6,f103_nyg_high_DAYS_LAST_DUE_d_app_DAYS_REGISTRATION_std,226.0446698665619,33
6,f103_nyg_high_DAYS_LAST_DUE_s_DAYS_DECISIONS_min,889.722318649292,129
6,f103_nyg_high_DAYS_LAST_DUE_s_DAYS_FIRST_DRAWING_min,0.0,0
6,f103_nyg_high_DAYS_LAST_DUE_s_DAYS_FIRST_DRAWING_mean,0.0,0
6,f103_nyg_high_DAYS_LAST_DUE_s_DAYS_FIRST_DRAWING_std,0.0,0
6,f103_nyg_high_DAYS_LAST_DUE_s_DAYS_FIRST_DUE_std,15.535069942474365,2
6,f103_nyg_high_DAYS_LAST_DUE_s_DAYS_DECISIONS_max,1144.4450433254242,164
6,f103_nyg_high_DAYS_LAST_DUE_s_DAYS_FIRST_DRAWING_std_div_mean,0.0,0
6,f103_nyg_high_DAYS_LAST_DUE_s_DAYS_DECISIONS_mean,1052.1459801197052,155
6,f103_nyg_high_DAYS_LAST_DUE_s_DAYS_LAST_DUE_1ST_VERSION_std,162.89629983901978,25
6,f103_nyg_high_DAYS_LAST_DUE_s_DAYS_FIRST_DUE_min,122.6329095363617,20
6,f103_nyg_high_DAYS_LAST_DUE_s_DAYS_FIRST_DUE_max,87.63629984855652,15
6,f103_nyg_high_DAYS_LAST_DUE_s_DAYS_FIRST_DUE_max_div_min,143.72061944007874,22
6,f103_nyg_high_DAYS_LAST_DUE_s_DAYS_LAST_DUE_1ST_VERSION_min,404.50651836395264,56
6,f103_nyg_high_DAYS_LAST_DUE_s_app_DAYS_BIRTH_min,1475.0316369533539,183
6,f103_nyg_high_DAYS_LAST_DUE_s_DAYS_LAST_DUE_1ST_VERSION_std_div_mean,156.41060876846313,24
6,f103_nyg_high_DAYS_LAST_DUE_s_DAYS_FIRST_DUE_mean,165.1161208152771,25
6,f103_nyg_high_DAYS_LAST_DUE_s_app_DAYS_BIRTH_mean,922.0707106590271,114
6,f103_nyg_high_DAYS_LAST_DUE_s_DAYS_LAST_DUE_1ST_VERSION_mean,354.83359813690186,52
6,f103_nyg_high_DAYS_LAST_DUE_s_DAYS_LAST_DUE_1ST_VERSION_max,381.1517584323883,53
6,f103_nyg_high_DAYS_LAST_DUE_s_app_DAYS_BIRTH_max,812.8193000555038,113
6,f103_nyg_high_DAYS_LAST_DUE_s_app_DAYS_EMPLOYED_std,92.83116030693054,17
6,f103_nyg_high_DAYS_LAST_DUE_s_app_DAYS_EMPLOYED_std_div_mean,228.94058775901794,33
6,f103_nyg_high_DAYS_LAST_DUE_s_DAYS_LAST_DUE_1ST_VERSION_max_div_min,245.88127946853638,37
6,f103_nyg_high_DAYS_LAST_DUE_s_app_DAYS_LAST_PHONE_CHANGE_std,49.55471992492676,7
6,f103_nyg_high_DAYS_LAST_DUE_s_app_DAYS_BIRTH_std,11.046900272369385,2
6,f103_nyg_high_DAYS_LAST_DUE_s_app_DAYS_EMPLOYED_max,1833.1034420728683,219
6,f103_nyg_high_DAYS_LAST_DUE_s_app_DAYS_EMPLOYED_min,1409.2322890162468,185
6,f103_nyg_high_DAYS_LAST_DUE_s_app_DAYS_REGISTRATION_std_div_mean,122.09472131729126,20
6,f103_nyg_high_DAYS_LAST_DUE_s_app_DAYS_ID_PUBLISH_max,1502.8125228881836,213
6,f103_nyg_high_DAYS_LAST_DUE_s_app_DAYS_ID_PUBLISH_std,8.415980339050293,1
6,f103_nyg_high_DAYS_LAST_DUE_s_app_DAYS_EMPLOYED_mean,1286.759353429079,181
6,f103_nyg_high_DAYS_LAST_DUE_s_app_DAYS_LAST_PHONE_CHANGE_min,1165.2810111045837,177
6,f103_nyg_high_DAYS_LAST_DUE_s_app_DAYS_LAST_PHONE_CHANGE_mean,1021.2059284448624,151
6,f103_nyg_high_DAYS_LAST_DUE_s_app_DAYS_ID_PUBLISH_min,1239.8924915790558,189
6,f103_nyg_high_DAYS_LAST_DUE_s_app_DAYS_LAST_PHONE_CHANGE_max,1496.663827419281,211
6,f103_nyg_high_DAYS_LAST_DUE_s_app_DAYS_REGISTRATION_min,1258.8676807880402,183
6,f103_nyg_high_DAYS_LAST_DUE_s_app_DAYS_REGISTRATION_std,0.0,0
6,f103_nyg_high_DAYS_LAST_DUE_s_app_DAYS_ID_PUBLISH_mean,777.6197197437286,114
6,f103_nyg_high_DAYS_TERMINATION_d_app_DAYS_EMPLOYED_std_div_mean,100.13332986831665,17
6,f103_nyg_high_DAYS_TERMINATION_d_app_DAYS_EMPLOYED_std,111.01111888885498,17
6,f103_nyg_high_DAYS_TERMINATION_d_app_DAYS_ID_PUBLISH_std_div_mean,43.07148027420044,7
6,f103_nyg_high_DAYS_TERMINATION_d_app_DAYS_EMPLOYED_max_div_min,34.855860233306885,6
6,f103_nyg_high_DAYS_TERMINATION_d_app_DAYS_BIRTH_std_div_mean,14.232170104980469,2
6,f103_nyg_high_DAYS_TERMINATION_d_app_DAYS_BIRTH_max_div_min,28.155710220336914,5
6,f103_nyg_high_DAYS_TERMINATION_d_app_DAYS_ID_PUBLISH_std,122.65778028964996,20
6,f103_nyg_high_DAYS_TERMINATION_d_app_DAYS_ID_PUBLISH_max_div_min,10.696029663085938,2
6,f103_nyg_high_DAYS_TERMINATION_d_app_DAYS_LAST_PHONE_CHANGE_std,171.044429063797,28
6,f103_nyg_high_DAYS_TERMINATION_d_app_DAYS_REGISTRATION_std,187.12255001068115,28
6,f103_nyg_high_DAYS_TERMINATION_d_app_DAYS_REGISTRATION_max_div_min,25.434939861297607,5
6,f103_nyg_high_DAYS_LAST_DUE_s_app_DAYS_REGISTRATION_mean,824.6602969169617,118
6,f103_nyg_high_DAYS_LAST_DUE_s_app_DAYS_REGISTRATION_max,948.6423215866089,146
6,f103_nyg_high_DAYS_TERMINATION_s_DAYS_FIRST_DRAWING_max_div_min,0.0,0
6,f103_nyg_high_DAYS_TERMINATION_d_app_DAYS_REGISTRATION_max,4102.253393918276,577
6,f103_nyg_high_DAYS_TERMINATION_d_app_DAYS_LAST_PHONE_CHANGE_max_div_min,72.64191007614136,11
6,f103_nyg_high_DAYS_TERMINATION_s_DAYS_DECISIONS_mean,1616.4893335103989,227
6,f103_nyg_high_DAYS_TERMINATION_s_DAYS_DECISIONS_min,1533.1504524946213,223
6,f103_nyg_high_DAYS_TERMINATION_s_DAYS_FIRST_DRAWING_min,0.0,0
6,f103_nyg_high_DAYS_TERMINATION_d_app_DAYS_REGISTRATION_std_div_mean,0.0,0
6,f103_nyg_high_DAYS_TERMINATION_s_DAYS_DECISIONS_max,2164.1428728103638,276
6,f103_nyg_high_DAYS_TERMINATION_d_app_DAYS_LAST_PHONE_CHANGE_std_div_mean,141.04747104644775,20
6,f103_nyg_high_DAYS_TERMINATION_s_DAYS_FIRST_DRAWING_mean,0.0,0
6,f103_nyg_high_DAYS_TERMINATION_s_DAYS_FIRST_DUE_std,151.87945079803467,24
6,f103_nyg_high_DAYS_TERMINATION_s_DAYS_DECISIONS_std,123.63814163208008,17
6,f103_nyg_high_DAYS_TERMINATION_s_DAYS_FIRST_DRAWING_std,0.0,0
6,f103_nyg_high_DAYS_TERMINATION_s_DAYS_FIRST_DUE_max,1588.3711891174316,249
6,f103_nyg_high_DAYS_TERMINATION_s_DAYS_LAST_DUE_1ST_VERSION_std,177.20693945884705,23
6,f103_nyg_high_DAYS_TERMINATION_s_DAYS_LAST_DUE_1ST_VERSION_min,2310.6684131622314,312
6,f103_nyg_high_DAYS_TERMINATION_s_DAYS_FIRST_DUE_mean,1550.5703899860382,244
6,f103_nyg_high_DAYS_TERMINATION_s_DAYS_LAST_DUE_1ST_VERSION_std_div_mean,284.4228103160858,41
6,f103_nyg_high_DAYS_TERMINATION_s_DAYS_LAST_DUE_std_div_mean,319.0166606903076,51
6,f103_nyg_high_DAYS_TERMINATION_s_DAYS_LAST_DUE_1ST_VERSION_mean,2312.575457572937,296
6,f103_nyg_high_DAYS_TERMINATION_s_app_DAYS_BIRTH_max,1300.2870775461197,165
6,f103_nyg_high_DAYS_TERMINATION_s_DAYS_FIRST_DRAWING_std_div_mean,0.0,0
6,f103_nyg_high_DAYS_TERMINATION_s_DAYS_FIRST_DRAWING_max,0.0,0
6,f103_nyg_high_DAYS_TERMINATION_s_DAYS_LAST_DUE_1ST_VERSION_max,2474.6319345235825,327
6,f103_nyg_high_DAYS_TERMINATION_s_app_DAYS_EMPLOYED_std,28.635571002960205,5
6,f103_nyg_high_DAYS_TERMINATION_s_DAYS_FIRST_DUE_min,1562.7288191318512,243
6,f103_nyg_high_DAYS_TERMINATION_s_app_DAYS_BIRTH_std,6.126840114593506,1
6,f103_nyg_high_DAYS_TERMINATION_s_app_DAYS_ID_PUBLISH_std,0.0,0
6,f103_nyg_high_DAYS_TERMINATION_s_app_DAYS_EMPLOYED_std_div_mean,49.01257014274597,9
6,f103_nyg_high_DAYS_TERMINATION_s_app_DAYS_BIRTH_mean,847.455970287323,123
6,f103_nyg_high_DAYS_TERMINATION_s_app_DAYS_BIRTH_min,827.3734605312347,119
6,f103_nyg_high_DAYS_TERMINATION_s_app_DAYS_LAST_PHONE_CHANGE_std,12.611260414123535,2
6,f103_nyg_high_DAYS_TERMINATION_s_app_DAYS_ID_PUBLISH_std_div_mean,222.04732036590576,36
6,f103_nyg_high_DAYS_TERMINATION_s_app_DAYS_EMPLOYED_mean,1116.8733172416687,161
6,f103_nyg_high_DAYS_TERMINATION_s_app_DAYS_ID_PUBLISH_max,1248.070229768753,192
6,f103_nyg_high_DAYS_TERMINATION_s_app_DAYS_EMPLOYED_min,1236.5240522623062,173
6,f103_nyg_high_DAYS_TERMINATION_s_app_DAYS_EMPLOYED_max,1087.6419386863708,149
6,f103_nyg_high_DAYS_TERMINATION_s_app_DAYS_REGISTRATION_mean,1157.540103316307,166
6,f103_nyg_high_DAYS_TERMINATION_s_app_DAYS_REGISTRATION_std_div_mean,54.97218132019043,8
6,f103_nyg_high_DAYS_TERMINATION_s_app_DAYS_ID_PUBLISH_mean,1076.569461464882,157
6,f103_nyg_high_DAYS_TERMINATION_s_app_DAYS_LAST_PHONE_CHANGE_min,1459.4741666316986,215
6,f103_nyg_high_DAYS_TERMINATION_s_app_DAYS_REGISTRATION_std,0.0,0
6,f103_nyg_high_DAYS_TERMINATION_s_app_DAYS_LAST_PHONE_CHANGE_max,1525.9004981517792,217
6,f103_nyg_high_DAYS_TERMINATION_s_app_DAYS_ID_PUBLISH_min,1081.815550327301,152
6,f103_nyg_high_DAYS_TERMINATION_s_app_DAYS_LAST_PHONE_CHANGE_mean,1138.9998281002045,169
6,f103_nyg_high_DAYS_TERMINATION_s_app_DAYS_REGISTRATION_min,1131.4445989131927,158
6,f103_nyg_high_DAYS_TERMINATION_s_app_DAYS_REGISTRATION_max,1031.089588880539,147
6,f103_nyg_high_HOUR_APPR_PROCESS_START_min,2032.182650566101,257
6,f103_nyg_high_HOUR_APPR_PROCESS_START_max_div_min,558.9316197633743,81
6,f103_nyg_high_HOUR_APPR_PROCESS_START_std_div_mean,1488.0901310443878,221
6,f103_nyg_high_HOUR_APPR_PROCESS_START_mean,3286.573715567589,444
6,f103_nyg_high_NAME_CASH_LOAN_PURPOSE_Medicine_sum,258.1365497112274,42
6,f103_nyg_high_HOUR_APPR_PROCESS_START_max,2003.421097457409,286
6,f103_nyg_high_NAME_CASH_LOAN_PURPOSE_Buying_a_new_car_mean,0.0,0
6,f103_nyg_high_NAME_CLIENT_TYPE_New_sum,531.7086203098297,36
6,f103_nyg_high_NAME_CASH_LOAN_PURPOSE_Repairs_sum,254.32037091255188,33
6,f103_nyg_high_NAME_CASH_LOAN_PURPOSE_Repairs_mean,384.52416014671326,49
6,f103_nyg_high_NAME_CASH_LOAN_PURPOSE_Urgent_needs_sum,135.09313988685608,20
6,f103_nyg_high_NAME_CONTRACT_STATUS_Approved_sum,121.31125974655151,18
6,f103_nyg_high_NAME_CLIENT_TYPE_New_mean,1022.9906435012817,55
6,f103_nyg_high_NAME_CASH_LOAN_PURPOSE_XAP_mean,387.35457241535187,51
6,f103_nyg_high_NAME_CASH_LOAN_PURPOSE_XAP_sum,322.26271772384644,47
6,f103_nyg_high_NAME_CONTRACT_STATUS_Refused_sum,291.32841873168945,33
6,f103_nyg_high_NAME_CLIENT_TYPE_Refreshed_mean,206.83812832832336,25
6,f103_nyg_high_NAME_CONTRACT_STATUS_Approved_mean,243.57239961624146,25
6,f103_nyg_high_NAME_CONTRACT_STATUS_Refused_mean,794.7890693545341,59
6,f103_nyg_high_NAME_CONTRACT_TYPE_Consumer_loans_sum,101.3036003112793,15
6,f103_nyg_high_NAME_CONTRACT_TYPE_Cash_loans_sum,104.11041951179504,18
6,f103_nyg_high_NAME_CLIENT_TYPE_Repeater_sum,403.5733722448349,54
6,f103_nyg_high_NAME_CONTRACT_TYPE_Consumer_loans_mean,108.63854885101318,11
6,f103_nyg_high_NAME_GOODS_CATEGORY_XNA_sum,22.59776020050049,4
6,f103_nyg_high_NAME_GOODS_CATEGORY_XNA_mean,0.0,0
6,f103_nyg_high_NAME_PORTFOLIO_Cash_mean,0.0,0
6,f103_nyg_high_NAME_CONTRACT_TYPE_Cash_loans_mean,0.0,0
6,f103_nyg_high_NAME_PRODUCT_TYPE_walk_in_mean,544.0308505296707,71
6,f103_nyg_high_NAME_PORTFOLIO_Cash_sum,7.909019947052002,1
6,f103_nyg_high_NAME_PRODUCT_TYPE_walk_in_sum,449.20745158195496,49
6,f103_nyg_high_NAME_PRODUCT_TYPE_XNA_mean,0.0,0
6,f103_nyg_high_NAME_PORTFOLIO_POS_mean,0.0,0
6,f103_nyg_high_NAME_PAYMENT_TYPE_Cash_through_the_bank_sum,291.58929991722107,43
6,f103_nyg_high_NAME_PAYMENT_TYPE_XNA_sum,395.6875786781311,57
6,f103_nyg_high_NAME_PRODUCT_TYPE_XNA_sum,20.342459678649902,3
6,f103_nyg_high_NAME_PORTFOLIO_POS_sum,13.694299697875977,1
6,f103_nyg_high_NAME_SELLER_INDUSTRY_Consumer_electronics_mean,129.77850914001465,21
6,f103_nyg_high_NAME_SELLER_INDUSTRY_Consumer_electronics_sum,153.17082500457764,3
6,f103_nyg_high_NAME_SELLER_INDUSTRY_XNA_sum,266.10330033302307,48
6,f103_nyg_high_NAME_SELLER_INDUSTRY_XNA_mean,406.9931126832962,56
6,f103_nyg_high_PREV_COUNT,110.25443983078003,16
6,f103_nyg_high_NAME_YIELD_GROUP_high_sum,48.671809673309326,7
6,f103_nyg_high_PRODUCT_COMBINATION_POS_household_with_interest_sum,221.8635175228119,9
6,f103_nyg_high_RATE_DOWN_PAYMENT_max,1901.9967770576477,195
6,f103_nyg_high_PRODUCT_COMBINATION_POS_household_with_interest_mean,622.2020127773285,30
6,f103_nyg_high_RATE_DOWN_PAYMENT_std,319.2037272453308,45
6,f103_nyg_high_RATE_INTEREST_PRIMARY_mean,0.0,0
6,f103_nyg_high_RATE_INTEREST_PRIMARY_std_div_mean,0.0,0
6,f103_nyg_high_RATE_INTEREST_PRIVILEGED_max_div_min,0.0,0
6,f103_nyg_high_RATE_INTEREST_PRIVILEGED_max,0.0,0
6,f103_nyg_high_RATE_INTEREST_PRIMARY_max_div_min,0.0,0
6,f103_nyg_high_RATE_DOWN_PAYMENT_mean,2862.0479321181774,167
6,f103_nyg_high_RATE_INTEREST_PRIVILEGED_mean,0.0,0
6,f103_nyg_high_RATE_INTEREST_PRIMARY_std,0.0,0
6,f103_nyg_high_RATE_INTEREST_PRIVILEGED_min,0.0,0
6,f103_nyg_high_RATE_INTEREST_PRIMARY_max,0.0,0
6,f103_nyg_high_RATE_INTEREST_PRIMARY_min,0.0,0
6,f103_nyg_high_RATE_DOWN_PAYMENT_min,5665.018421411514,191
6,f103_nyg_high_RATE_DOWN_PAYMENT_std_div_mean,83.56857991218567,15
6,f103_nyg_high_RATE_INTEREST_PRIVILEGED_std_div_mean,0.0,0
6,f103_nyg_high_active_std_div_mean,103.03706073760986,16
6,f103_nyg_high_RATE_INTEREST_PRIVILEGED_std,0.0,0
6,f103_nyg_high_SELLERPLACE_AREA_std,555.6909277439117,86
6,f103_nyg_high_active_mean,35.95699977874756,2
6,f103_nyg_high_active_sum,0.0,0
6,f103_nyg_high_active_std,69.65348863601685,11
6,f103_nyg_high_active_max,0.0,0
6,f103_nyg_high_active_min,16.795559883117676,3
6,f103_nyg_high_WEEKDAY_APPR_PROCESS_START_TUESDAY_sum,282.3539400100708,44
6,f103_nyg_high_amt_paid_std_div_mean,224.14934945106506,36
6,f103_nyg_high_amt_paid_std,377.4672613143921,61
6,f103_nyg_high_amt_unpaid_mean,698.627649307251,95
6,f103_nyg_high_amt_unpaid_max,535.7095098495483,79
6,f103_nyg_high_amt_paid_max,3384.5725400447845,481
6,f103_nyg_high_amt_paid_max_div_min,63.14827013015747,11
6,f103_nyg_high_cnt_paid_ratio_max,358.3376884460449,56
6,f103_nyg_high_amt_unpaid_std,96.08470964431763,16
6,f103_nyg_high_amt_unpaid_sum,406.9442105293274,60
6,f103_nyg_high_amt_paid_mean,3187.1222677230835,443
6,f103_nyg_high_cnt_paid_max_div_min,47.02372932434082,7
6,f103_nyg_high_cnt_paid_max,579.8020176887512,84
6,f103_nyg_high_cnt_paid_ratio_std_div_mean,19.4965500831604,4
6,f103_nyg_high_cnt_paid_mean,819.9063459634781,117
6,f103_nyg_high_cnt_paid_min,641.7583501338959,88
6,f103_nyg_high_cnt_paid_std_div_mean,158.79841828346252,28
6,f103_nyg_high_cnt_paid_ratio_max_div_min,7.420629978179932,1
6,f103_nyg_high_cnt_paid_ratio_std,57.072280406951904,7
6,f103_nyg_high_cnt_paid_std,201.8277997970581,32
6,f103_nyg_high_amt_unpaid_min,698.8210518360138,104
6,f103_nyg_high_cnt_paid_ratio_min,377.49137008190155,53
6,f103_nyg_high_cnt_unpaid_max,349.4596390724182,34
6,f103_nyg_high_cnt_unpaid_mean,374.0359401702881,36
6,f103_nyg_high_cnt_paid_ratio_mean,303.3745291233063,47
6,f103_nyg_high_cnt_unpaid_std,25.62809991836548,4
6,f103_nyg_high_completed_std_div_mean,108.49950933456421,18
6,f103_nyg_high_cnt_unpaid_std_div_mean,0.0,0
6,f103_nyg_high_cnt_unpaid_sum,220.73253917694092,24
6,f103_nyg_high_cnt_unpaid_min,163.91670835018158,24
6,f103_nyg_high_completed_mean,3963.115189552307,52
6,f103_nyg_high_interest_rate_diff_std,1678.0124018192291,246
6,f103_nyg_high_completed_sum,26.40049934387207,1
6,f103_nyg_high_interest_rate_diff_min,4319.61994767189,659
6,f103_nyg_high_interest_rate_max_div_min,641.9164876937866,100
6,f103_nyg_high_completed_min,1629.6823086738586,14
6,f103_nyg_high_completed_max,0.0,0
6,f103_nyg_high_interest_rate_pctchange_min,2925.0320267677307,423
6,f103_nyg_high_interest_rate_pctchange_mean,3988.896737098694,574
6,f103_nyg_high_total_debt_diff_max,3720.534945130348,549
6,f103_nyg_high_interest_rate_std_div_mean,1611.7525396347046,225
6,f103_nyg_high_total_debt_pctchange_max,2993.4366740584373,442
6,f103_nyg_high_total_debt_diff_mean,3368.9746667146683,504
6,f103_nyg_high_total_debt_max_div_min,900.1441416740417,97
6,f103_nyg_high_total_debt_diff_std,1541.5708305835724,244
6,f103_nyg_high_interest_rate_pctchange_max,4780.296845436096,704
6,f103_nyg_high_total_debt_min,3668.908200442791,532
6,f103_nyg_high_total_debt_max,3557.371567606926,462
6,f103_nyg_high_total_debt_std,1393.3578565120697,178
6,f103_nyg_high_total_debt_pctchange_mean,2938.1585116386414,430
6,f103_nyg_low_action_AMT_ANNUITY_d_app_AMT_ANNUITY_diff_max,423.56129813194275,75
6,f103_nyg_high_total_debt_mean,2841.100158929825,414
6,f103_nyg_low_action_AMT_ANNUITY_d_app_AMT_ANNUITY_diff_std,33.39880990982056,6
6,f103_nyg_high_total_debt_std_div_mean,1465.2467391490936,208
6,f103_nyg_low_action_AMT_ANNUITY_d_app_AMT_ANNUITY_diff_mean,500.134290933609,82
6,f103_nyg_high_total_debt_pctchange_std,1019.8067593574524,172
6,f103_nyg_high_total_debt_pctchange_std_div_mean,1079.0625820159912,179
6,f103_nyg_low_action_AMT_ANNUITY_d_app_AMT_ANNUITY_diff_min,510.9395887851715,89
6,f103_nyg_low_action_AMT_ANNUITY_d_app_AMT_ANNUITY_mean,765.0953106582165,121
6,f103_nyg_low_action_AMT_ANNUITY_d_app_AMT_ANNUITY_pctchange_std_div_mean,97.71845054626465,16
6,f103_nyg_low_action_AMT_ANNUITY_d_app_AMT_ANNUITY_pctchange_std,23.550699710845947,4
6,f103_nyg_low_action_AMT_ANNUITY_d_app_AMT_ANNUITY_std_div_mean,258.16728830337524,39
6,f103_nyg_high_total_debt_pctchange_min,3451.9132916927338,536
6,f103_nyg_low_action_AMT_ANNUITY_d_app_AMT_ANNUITY_pctchange_mean,351.0116308927536,59
6,f103_nyg_low_action_AMT_ANNUITY_d_app_AMT_ANNUITY_max,908.3088166117668,138
6,f103_nyg_low_action_AMT_ANNUITY_d_app_AMT_ANNUITY_pctchange_max,477.7771213054657,82
6,f103_nyg_low_action_AMT_ANNUITY_d_app_AMT_ANNUITY_min,1108.0221518278122,175
6,f103_nyg_low_action_AMT_ANNUITY_d_app_AMT_ANNUITY_std,119.85364890098572,18
6,f103_nyg_low_action_AMT_ANNUITY_d_app_AMT_CREDIT_diff_std,42.83317947387695,7
6,f103_nyg_low_action_AMT_ANNUITY_d_app_AMT_CREDIT_diff_max,443.60223972797394,79
6,f103_nyg_low_action_AMT_ANNUITY_d_app_AMT_CREDIT_diff_min,425.1407812833786,79
6,f103_nyg_low_action_AMT_ANNUITY_d_app_AMT_CREDIT_pctchange_std,0.0,0
6,f103_nyg_low_action_AMT_ANNUITY_d_app_AMT_CREDIT_diff_mean,463.85977852344513,75
6,f103_nyg_low_action_AMT_ANNUITY_d_app_AMT_ANNUITY_pctchange_min,428.6984814405441,79
6,f103_nyg_low_action_AMT_ANNUITY_d_app_AMT_CREDIT_std,120.3482608795166,20
6,f103_nyg_low_action_AMT_ANNUITY_d_app_AMT_CREDIT_pctchange_max,100.44116020202637,17
6,f103_nyg_low_action_AMT_ANNUITY_d_app_AMT_CREDIT_std_div_mean,85.55507040023804,14
6,f103_nyg_low_action_AMT_ANNUITY_d_app_AMT_CREDIT_max,1094.698751091957,181
6,f103_nyg_low_action_AMT_ANNUITY_d_app_AMT_CREDIT_pctchange_mean,113.67732882499695,18
6,f103_nyg_low_action_AMT_ANNUITY_d_app_AMT_CREDIT_mean,697.4090069532394,112
6,f103_nyg_low_action_AMT_ANNUITY_d_app_AMT_CREDIT_pctchange_std_div_mean,34.09901976585388,5
6,f103_nyg_low_action_AMT_ANNUITY_d_app_AMT_CREDIT_pctchange_min,212.86955976486206,36
6,f103_nyg_low_action_AMT_ANNUITY_d_app_AMT_GOODS_PRICE_pctchange_std,0.0,0
6,f103_nyg_low_action_AMT_ANNUITY_d_app_AMT_GOODS_PRICE_diff_std,27.33681035041809,5
6,f103_nyg_low_action_AMT_ANNUITY_d_app_AMT_GOODS_PRICE_pctchange_std_div_mean,40.49081039428711,7
6,f103_nyg_low_action_AMT_ANNUITY_d_app_AMT_CREDIT_min,1160.8418371081352,189
6,f103_nyg_low_action_AMT_ANNUITY_d_app_AMT_GOODS_PRICE_std,50.83397960662842,9
6,f103_nyg_low_action_AMT_ANNUITY_d_app_AMT_GOODS_PRICE_max,861.8774850964546,139
6,f103_nyg_low_action_AMT_ANNUITY_d_app_AMT_GOODS_PRICE_std_div_mean,103.36663913726807,15
6,f103_nyg_low_action_AMT_ANNUITY_d_app_AMT_GOODS_PRICE_mean,643.6804360151291,107
6,f103_nyg_low_action_AMT_ANNUITY_d_app_AMT_GOODS_PRICE_diff_mean,362.5311088562012,64
6,f103_nyg_low_action_AMT_ANNUITY_d_app_AMT_GOODS_PRICE_diff_min,379.1569119691849,68
6,f103_nyg_low_action_AMT_ANNUITY_d_app_AMT_GOODS_PRICE_diff_max,353.13786828517914,60
6,f103_nyg_low_action_AMT_ANNUITY_d_app_AMT_GOODS_PRICE_pctchange_mean,160.89614915847778,27
6,f103_nyg_low_action_AMT_ANNUITY_d_app_AMT_INCOME_TOTAL_diff_std,22.143880367279053,4
6,f103_nyg_low_action_AMT_ANNUITY_d_app_AMT_INCOME_TOTAL_diff_max,246.61822831630707,47
6,f103_nyg_low_action_AMT_ANNUITY_d_app_AMT_GOODS_PRICE_pctchange_min,132.24136900901794,25
6,f103_nyg_low_action_AMT_ANNUITY_d_app_AMT_INCOME_TOTAL_pctchange_std,0.0,0
6,f103_nyg_low_action_AMT_ANNUITY_d_app_AMT_GOODS_PRICE_min,933.5971615314484,164
6,f103_nyg_low_action_AMT_ANNUITY_d_app_AMT_INCOME_TOTAL_pctchange_std_div_mean,12.036410331726074,2
6,f103_nyg_low_action_AMT_ANNUITY_d_app_AMT_GOODS_PRICE_pctchange_max,167.88413906097412,30
6,f103_nyg_low_action_AMT_ANNUITY_d_app_AMT_INCOME_TOTAL_std,82.06130981445312,12
6,f103_nyg_low_action_AMT_ANNUITY_d_app_AMT_INCOME_TOTAL_mean,1198.1283433437347,202
6,f103_nyg_low_action_AMT_ANNUITY_d_app_AMT_INCOME_TOTAL_diff_min,332.44910979270935,65
6,f103_nyg_low_action_AMT_ANNUITY_d_app_AMT_INCOME_TOTAL_max,1236.5210763812065,205
6,f103_nyg_low_action_AMT_ANNUITY_m_app_AMT_GOODS_PRICE_d_app_AMT_INCOME_TOTAL_diff_std,0.0,0
6,f103_nyg_low_action_AMT_ANNUITY_d_app_AMT_INCOME_TOTAL_pctchange_max,29.342490196228027,6
6,f103_nyg_low_action_AMT_ANNUITY_d_app_AMT_INCOME_TOTAL_pctchange_min,13.83467960357666,3
6,f103_nyg_low_action_AMT_ANNUITY_d_app_AMT_INCOME_TOTAL_diff_mean,325.4605417251587,56
6,f103_nyg_low_action_AMT_ANNUITY_d_app_AMT_INCOME_TOTAL_pctchange_mean,22.852140426635742,5
6,f103_nyg_low_action_AMT_ANNUITY_d_app_AMT_INCOME_TOTAL_std_div_mean,0.0,0
6,f103_nyg_low_action_AMT_ANNUITY_d_app_AMT_INCOME_TOTAL_min,1032.6355075240135,188
6,f103_nyg_low_action_AMT_ANNUITY_m_app_AMT_GOODS_PRICE_d_app_AMT_INCOME_TOTAL_diff_mean,196.56130027770996,35
6,f103_nyg_low_action_AMT_ANNUITY_m_app_AMT_GOODS_PRICE_d_app_AMT_INCOME_TOTAL_pctchange_std,20.020299911499023,4
6,f103_nyg_low_action_AMT_ANNUITY_m_app_AMT_GOODS_PRICE_d_app_AMT_INCOME_TOTAL_std,84.63553977012634,13
6,f103_nyg_low_action_AMT_ANNUITY_m_app_AMT_GOODS_PRICE_d_app_AMT_INCOME_TOTAL_diff_max,150.02297335863113,28
6,f103_nyg_low_action_AMT_ANNUITY_m_app_AMT_GOODS_PRICE_d_app_AMT_INCOME_TOTAL_diff_min,194.08048939704895,36
6,f103_nyg_low_action_AMT_ANNUITY_m_app_AMT_GOODS_PRICE_d_app_AMT_INCOME_TOTAL_pctchange_std_div_mean,11.244410037994385,2
6,f103_nyg_low_action_AMT_ANNUITY_s_app_AMT_ANNUITY_d_app_AMT_INCOME_TOTAL_diff_std,13.322230339050293,2
6,f103_nyg_low_action_AMT_ANNUITY_m_app_AMT_GOODS_PRICE_d_app_AMT_INCOME_TOTAL_std_div_mean,80.54986834526062,11
6,f103_nyg_low_action_AMT_ANNUITY_mean,897.4510209560394,152
6,f103_nyg_low_action_AMT_ANNUITY_s_app_AMT_ANNUITY_d_app_AMT_INCOME_TOTAL_pctchange_std_div_mean,56.96111035346985,11
6,f103_nyg_low_action_AMT_ANNUITY_s_app_AMT_ANNUITY_d_app_AMT_INCOME_TOTAL_diff_min,48.18949031829834,8
6,f103_nyg_low_action_AMT_ANNUITY_s_app_AMT_ANNUITY_d_app_AMT_INCOME_TOTAL_diff_max,36.269020080566406,6
6,f103_nyg_low_action_AMT_ANNUITY_max,1070.6716324687004,171
6,f103_nyg_low_action_AMT_ANNUITY_s_app_AMT_ANNUITY_d_app_AMT_INCOME_TOTAL_diff_mean,32.72647953033447,6
6,f103_nyg_low_action_AMT_ANNUITY_s_app_AMT_ANNUITY_d_app_AMT_INCOME_TOTAL_max,1017.0340138673782,140
6,f103_nyg_low_action_AMT_ANNUITY_s_app_AMT_ANNUITY_d_app_AMT_INCOME_TOTAL_mean,946.7981233384926,134
6,f103_nyg_low_action_AMT_ANNUITY_s_app_AMT_ANNUITY_diff_std,21.698669910430908,4
6,f103_nyg_low_action_AMT_ANNUITY_s_app_AMT_ANNUITY_diff_mean,316.6771012544632,52
6,f103_nyg_low_action_AMT_ANNUITY_s_app_AMT_ANNUITY_d_app_AMT_INCOME_TOTAL_min,1552.8191565275192,224
6,f103_nyg_low_action_AMT_ANNUITY_min,1274.3502501249313,217
6,f103_nyg_low_action_AMT_ANNUITY_s_app_AMT_ANNUITY_diff_max,280.32183718681335,50
6,f103_nyg_low_action_AMT_ANNUITY_s_app_AMT_ANNUITY_max,990.058067381382,170
6,f103_nyg_low_action_AMT_ANNUITY_s_app_AMT_ANNUITY_d_app_AMT_INCOME_TOTAL_std,25.56323003768921,5
6,f103_nyg_low_action_AMT_ANNUITY_s_app_AMT_ANNUITY_mean,1064.745436668396,177
6,f103_nyg_low_action_AMT_ANNUITY_s_app_AMT_ANNUITY_pctchange_std_div_mean,22.998850345611572,4
6,f103_nyg_low_action_AMT_ANNUITY_s_app_AMT_CREDIT_d_app_AMT_INCOME_TOTAL_diff_std,0.0,0
6,f103_nyg_low_action_AMT_ANNUITY_s_app_AMT_CREDIT_d_app_AMT_INCOME_TOTAL_std_div_mean,82.99266982078552,15
6,f103_nyg_low_action_AMT_ANNUITY_s_app_AMT_ANNUITY_std,183.22933101654053,31
6,f103_nyg_low_action_AMT_ANNUITY_s_app_AMT_ANNUITY_min,1015.1614108681679,170
6,f103_nyg_low_action_AMT_ANNUITY_s_app_AMT_ANNUITY_diff_min,387.3375587463379,63
6,f103_nyg_low_action_AMT_ANNUITY_s_app_AMT_CREDIT_d_app_AMT_INCOME_TOTAL_diff_max,10.497010231018066,2
6,f103_nyg_low_action_AMT_ANNUITY_s_app_AMT_CREDIT_d_app_AMT_INCOME_TOTAL_diff_mean,17.915289402008057,2
6,f103_nyg_low_action_AMT_ANNUITY_s_app_AMT_CREDIT_d_app_AMT_INCOME_TOTAL_pctchange_std,32.13903069496155,7
6,f103_nyg_low_action_AMT_ANNUITY_s_app_AMT_CREDIT_d_app_AMT_INCOME_TOTAL_pctchange_std_div_mean,18.211520195007324,3
6,f103_nyg_low_action_AMT_ANNUITY_s_app_AMT_CREDIT_d_app_AMT_INCOME_TOTAL_std,5.235290050506592,1
6,f103_nyg_low_action_AMT_ANNUITY_s_app_AMT_CREDIT_d_app_AMT_INCOME_TOTAL_diff_min,5.004849910736084,1
6,f103_nyg_low_action_AMT_ANNUITY_s_app_AMT_CREDIT_diff_mean,151.84086990356445,26
6,f103_nyg_low_action_AMT_ANNUITY_s_app_AMT_CREDIT_pctchange_std,20.513530254364014,4
6,f103_nyg_low_action_AMT_ANNUITY_s_app_AMT_GOODS_PRICE_diff_std,16.90138006210327,3
6,f103_nyg_low_action_AMT_ANNUITY_s_app_AMT_CREDIT_diff_min,199.91175150871277,32
6,f103_nyg_low_action_AMT_ANNUITY_s_app_AMT_CREDIT_diff_std,0.0,0
6,f103_nyg_low_action_AMT_ANNUITY_s_app_AMT_CREDIT_diff_max,105.89298093318939,20
6,f103_nyg_low_action_AMT_ANNUITY_s_app_AMT_CREDIT_max,1395.9773594737053,233
6,f103_nyg_low_action_AMT_ANNUITY_s_app_AMT_CREDIT_std,49.99511957168579,9
6,f103_nyg_low_action_AMT_ANNUITY_s_app_AMT_CREDIT_pctchange_std_div_mean,11.087499618530273,1
6,f103_nyg_low_action_AMT_ANNUITY_s_app_AMT_CREDIT_mean,1007.0402583479881,167
6,f103_nyg_low_action_AMT_ANNUITY_s_app_AMT_CREDIT_std_div_mean,18.612539768218994,3
6,f103_nyg_low_action_AMT_ANNUITY_s_app_AMT_CREDIT_min,850.2745670080185,138
6,f103_nyg_low_action_AMT_ANNUITY_s_app_AMT_GOODS_PRICE_pctchange_std_div_mean,9.609990119934082,2
6,f103_nyg_low_action_AMT_ANNUITY_s_app_AMT_GOODS_PRICE_max,1875.9877662807703,284
6,f103_nyg_low_action_AMT_ANNUITY_s_app_AMT_GOODS_PRICE_pctchange_std,0.0,0
6,f103_nyg_low_action_AMT_ANNUITY_s_app_AMT_GOODS_PRICE_diff_min,94.25996971130371,19
6,f103_nyg_low_action_AMT_ANNUITY_s_app_AMT_GOODS_PRICE_diff_max,153.3261797428131,22
6,f103_nyg_low_action_AMT_ANNUITY_s_app_AMT_GOODS_PRICE_std_div_mean,27.00268030166626,4
6,f103_nyg_low_action_AMT_ANNUITY_s_app_AMT_GOODS_PRICE_diff_mean,125.35473012924194,23
6,f103_nyg_low_action_AMT_ANNUITY_s_app_AMT_INCOME_TOTAL_diff_std,7.437650203704834,1
6,f103_nyg_low_action_AMT_ANNUITY_s_app_AMT_GOODS_PRICE_std,161.29519033432007,24
6,f103_nyg_low_action_AMT_ANNUITY_s_app_AMT_GOODS_PRICE_min,1589.260934740305,244
6,f103_nyg_low_action_AMT_ANNUITY_s_app_AMT_GOODS_PRICE_mean,958.8514622449875,143
6,f103_nyg_low_action_AMT_ANNUITY_s_app_AMT_INCOME_TOTAL_std_div_mean,130.35550117492676,18
6,f103_nyg_low_action_AMT_ANNUITY_s_app_AMT_INCOME_TOTAL_pctchange_std,10.397019863128662,3
6,f103_nyg_low_action_AMT_ANNUITY_std,0.0,0
6,f103_nyg_low_action_AMT_ANNUITY_s_app_AMT_INCOME_TOTAL_diff_mean,47.62463998794556,8
6,f103_nyg_low_action_AMT_ANNUITY_s_app_AMT_INCOME_TOTAL_std,5.859189987182617,1
6,f103_nyg_low_action_AMT_ANNUITY_s_app_AMT_INCOME_TOTAL_diff_max,14.154120445251465,2
6,f103_nyg_low_action_AMT_ANNUITY_s_app_AMT_INCOME_TOTAL_diff_min,25.267759799957275,4
6,f103_nyg_low_action_AMT_ANNUITY_s_app_AMT_INCOME_TOTAL_mean,1499.7980089187622,270
6,f103_nyg_low_action_AMT_ANNUITY_s_app_AMT_INCOME_TOTAL_min,1256.5355949997902,230
6,f103_nyg_low_action_AMT_ANNUITY_s_app_AMT_INCOME_TOTAL_pctchange_std_div_mean,54.75828981399536,9
6,f103_nyg_low_action_AMT_ANNUITY_std_div_mean,0.0,0
6,f103_nyg_low_action_AMT_APPLICATION_d_app_AMT_ANNUITY_mean,1488.4993535876274,252
6,f103_nyg_low_action_AMT_APPLICATION_d_app_AMT_ANNUITY_diff_max,917.6077647209167,161
6,f103_nyg_low_action_AMT_APPLICATION_d_app_AMT_ANNUITY_diff_std,73.79161977767944,15
6,f103_nyg_low_action_AMT_APPLICATION_d_app_AMT_ANNUITY_diff_mean,588.8141096830368,106
6,f103_nyg_low_action_AMT_APPLICATION_d_app_AMT_ANNUITY_pctchange_std,35.88290977478027,5
6,f103_nyg_low_action_AMT_ANNUITY_s_app_AMT_INCOME_TOTAL_pctchange_min,271.8910117149353,48
6,f103_nyg_low_action_AMT_APPLICATION_d_app_AMT_CREDIT_diff_max,1188.8108472824097,198
6,f103_nyg_low_action_AMT_APPLICATION_d_app_AMT_ANNUITY_diff_min,888.5972119569778,155
6,f103_nyg_low_action_AMT_APPLICATION_d_app_AMT_ANNUITY_max,1194.399839580059,212
6,f103_nyg_low_action_AMT_APPLICATION_d_app_AMT_ANNUITY_std_div_mean,136.63848996162415,25
6,f103_nyg_low_action_AMT_APPLICATION_d_app_AMT_ANNUITY_pctchange_mean,811.6490113735199,145
6,f103_nyg_low_action_AMT_APPLICATION_d_app_AMT_CREDIT_min,2360.9010357260704,392
6,f103_nyg_low_action_AMT_APPLICATION_d_app_AMT_ANNUITY_pctchange_min,901.9481410384178,158
7,f103_nyg_low_action_AMT_APPLICATION_d_app_AMT_GOODS_PRICE_diff_std,3.3950600624084473,1
7,f103_nyg_low_action_AMT_APPLICATION_d_app_AMT_CREDIT_diff_std,0.0,0
7,f103_nyg_low_action_AMT_APPLICATION_d_app_AMT_CREDIT_pctchange_std,10.836870431900024,3
7,f103_nyg_low_action_AMT_APPLICATION_d_app_AMT_CREDIT_mean,770.5223580598831,164
7,f103_nyg_low_action_AMT_APPLICATION_d_app_AMT_CREDIT_pctchange_max,296.073756493628,68
7,f103_nyg_low_action_AMT_APPLICATION_d_app_AMT_CREDIT_max,805.2487175576389,180
7,f103_nyg_low_action_AMT_APPLICATION_d_app_AMT_ANNUITY_min,1159.7746273875237,257
7,f103_nyg_low_action_AMT_APPLICATION_d_app_AMT_CREDIT_std_div_mean,15.382390022277832,3
7,f103_nyg_low_action_AMT_APPLICATION_d_app_AMT_CREDIT_diff_mean,141.4455907344818,34
7,f103_nyg_low_action_AMT_APPLICATION_d_app_AMT_ANNUITY_pctchange_max,154.65691089630127,28
7,f103_nyg_low_action_AMT_APPLICATION_d_app_AMT_GOODS_PRICE_diff_mean,159.2714991569519,30
7,f103_nyg_low_action_AMT_APPLICATION_d_app_AMT_CREDIT_diff_min,151.09481438994408,30
7,f103_nyg_low_action_AMT_APPLICATION_d_app_AMT_CREDIT_pctchange_min,303.8563313484192,63
7,f103_nyg_low_action_AMT_APPLICATION_d_app_AMT_GOODS_PRICE_pctchange_mean,203.52623796463013,44
7,f103_nyg_low_action_AMT_APPLICATION_d_app_AMT_GOODS_PRICE_std_div_mean,3.2262799739837646,1
7,f103_nyg_low_action_AMT_APPLICATION_d_app_AMT_GOODS_PRICE_diff_max,218.65660071372986,41
7,f103_nyg_low_action_AMT_APPLICATION_d_app_AMT_CREDIT_pctchange_mean,161.09540033340454,36
7,f103_nyg_low_action_AMT_APPLICATION_d_app_AMT_GOODS_PRICE_max,723.272707387805,163
7,f103_nyg_low_action_AMT_APPLICATION_d_app_AMT_GOODS_PRICE_min,1217.5524524748325,260
7,f103_nyg_low_action_AMT_APPLICATION_d_app_AMT_GOODS_PRICE_pctchange_max,60.75164985656738,13
7,f103_nyg_low_action_AMT_APPLICATION_d_app_AMT_GOODS_PRICE_diff_min,343.50758171081543,73
7,f103_nyg_low_action_AMT_APPLICATION_d_app_AMT_INCOME_TOTAL_diff_std,6.979259729385376,2
7,f103_nyg_low_action_AMT_APPLICATION_d_app_AMT_GOODS_PRICE_pctchange_std,0.0,0
7,f103_nyg_low_action_AMT_APPLICATION_d_app_AMT_GOODS_PRICE_mean,841.9222645759583,169
7,f103_nyg_low_action_AMT_APPLICATION_d_app_AMT_INCOME_TOTAL_pctchange_std,0.0,0
7,f103_nyg_low_action_AMT_APPLICATION_d_app_AMT_INCOME_TOTAL_diff_mean,166.37480986118317,36
7,f103_nyg_low_action_AMT_APPLICATION_d_app_AMT_INCOME_TOTAL_diff_min,158.46964120864868,35
7,f103_nyg_low_action_AMT_APPLICATION_d_app_AMT_GOODS_PRICE_pctchange_min,177.2393501996994,33
7,f103_nyg_low_action_AMT_APPLICATION_d_app_AMT_INCOME_TOTAL_diff_max,104.31296944618225,19
7,f103_nyg_low_action_AMT_APPLICATION_d_app_AMT_INCOME_TOTAL_std,5.9746599197387695,1
7,f103_nyg_low_action_AMT_APPLICATION_m_app_AMT_GOODS_PRICE_d_app_AMT_INCOME_TOTAL_diff_std,0.0,0
7,f103_nyg_low_action_AMT_APPLICATION_d_app_AMT_INCOME_TOTAL_mean,558.1429547071457,117
7,f103_nyg_low_action_AMT_APPLICATION_d_app_AMT_INCOME_TOTAL_pctchange_mean,32.86400055885315,6
7,f103_nyg_low_action_AMT_APPLICATION_d_app_AMT_INCOME_TOTAL_pctchange_max,26.262059450149536,4
7,f103_nyg_low_action_AMT_APPLICATION_d_app_AMT_INCOME_TOTAL_pctchange_min,75.75524282455444,17
7,f103_nyg_low_action_AMT_APPLICATION_m_app_AMT_GOODS_PRICE_d_app_AMT_INCOME_TOTAL_pctchange_std,3.3599300384521484,1
7,f103_nyg_low_action_AMT_APPLICATION_d_app_AMT_INCOME_TOTAL_max,584.1374484747648,135
7,f103_nyg_low_action_AMT_APPLICATION_d_app_AMT_INCOME_TOTAL_min,695.0146809220314,165
7,f103_nyg_low_action_AMT_APPLICATION_m_app_AMT_GOODS_PRICE_d_app_AMT_INCOME_TOTAL_diff_min,125.08892977237701,33
7,f103_nyg_low_action_AMT_APPLICATION_m_app_AMT_GOODS_PRICE_d_app_AMT_INCOME_TOTAL_std,16.371830224990845,3
7,f103_nyg_low_action_AMT_APPLICATION_m_app_AMT_GOODS_PRICE_d_app_AMT_INCOME_TOTAL_diff_mean,60.366259813308716,12
7,f103_nyg_low_action_AMT_APPLICATION_s_app_AMT_ANNUITY_d_app_AMT_INCOME_TOTAL_diff_std,0.0,0
7,f103_nyg_low_action_AMT_APPLICATION_d_app_AMT_INCOME_TOTAL_std_div_mean,0.0,0
7,f103_nyg_low_action_AMT_APPLICATION_s_app_AMT_ANNUITY_d_app_AMT_INCOME_TOTAL_diff_min,31.835359573364258,7
7,f103_nyg_low_action_AMT_APPLICATION_s_app_AMT_ANNUITY_d_app_AMT_INCOME_TOTAL_diff_mean,6.15667986869812,2
7,f103_nyg_low_action_AMT_APPLICATION_m_app_AMT_GOODS_PRICE_d_app_AMT_INCOME_TOTAL_diff_max,46.974289655685425,11
7,f103_nyg_low_action_AMT_APPLICATION_s_app_AMT_ANNUITY_d_app_AMT_INCOME_TOTAL_pctchange_std,5.423279762268066,1
7,f103_nyg_low_action_AMT_APPLICATION_mean,768.5906044244766,177
7,f103_nyg_low_action_AMT_APPLICATION_s_app_AMT_ANNUITY_d_app_AMT_INCOME_TOTAL_diff_max,10.625710010528564,3
7,f103_nyg_low_action_AMT_APPLICATION_s_app_AMT_ANNUITY_d_app_AMT_INCOME_TOTAL_std_div_mean,19.5930597782135,4
7,f103_nyg_low_action_AMT_APPLICATION_s_app_AMT_ANNUITY_d_app_AMT_INCOME_TOTAL_min,784.1243407130241,170
7,f103_nyg_low_action_AMT_APPLICATION_min,831.786033987999,193
7,f103_nyg_low_action_AMT_APPLICATION_s_app_AMT_ANNUITY_diff_std,4.862450122833252,1
7,f103_nyg_low_action_AMT_APPLICATION_s_app_AMT_ANNUITY_d_app_AMT_INCOME_TOTAL_mean,823.2665870189667,165
7,f103_nyg_low_action_AMT_APPLICATION_max,781.5896369814873,180
7,f103_nyg_low_action_AMT_APPLICATION_s_app_AMT_ANNUITY_d_app_AMT_INCOME_TOTAL_max,504.04995334148407,119
7,f103_nyg_low_action_AMT_APPLICATION_s_app_AMT_ANNUITY_d_app_AMT_INCOME_TOTAL_std,3.6399600505828857,1
7,f103_nyg_low_action_AMT_APPLICATION_s_app_AMT_ANNUITY_d_app_AMT_INCOME_TOTAL_pctchange_std_div_mean,0.0,0
7,f103_nyg_low_action_AMT_APPLICATION_s_app_AMT_ANNUITY_std,5.420149803161621,1
7,f103_nyg_low_action_AMT_APPLICATION_s_app_AMT_ANNUITY_diff_min,227.49689334630966,46
7,f103_nyg_low_action_AMT_APPLICATION_s_app_AMT_ANNUITY_max,960.6639208644629,227
7,f103_nyg_low_action_AMT_APPLICATION_s_app_AMT_ANNUITY_diff_mean,184.31003522872925,39
7,f103_nyg_low_action_AMT_APPLICATION_s_app_AMT_CREDIT_d_app_AMT_INCOME_TOTAL_diff_std,0.0,0
7,f103_nyg_low_action_AMT_APPLICATION_s_app_AMT_CREDIT_d_app_AMT_INCOME_TOTAL_diff_max,11.476369857788086,2
7,f103_nyg_low_action_AMT_APPLICATION_s_app_AMT_ANNUITY_diff_max,149.18440985679626,33
7,f103_nyg_low_action_AMT_APPLICATION_s_app_AMT_ANNUITY_pctchange_std_div_mean,4.177060127258301,1
7,f103_nyg_low_action_AMT_APPLICATION_s_app_AMT_ANNUITY_pctchange_std,0.0,0
7,f103_nyg_low_action_AMT_APPLICATION_s_app_AMT_ANNUITY_min,793.9427513927221,179
7,f103_nyg_low_action_AMT_APPLICATION_s_app_AMT_ANNUITY_std_div_mean,9.147589921951294,3
7,f103_nyg_low_action_AMT_APPLICATION_s_app_AMT_CREDIT_d_app_AMT_INCOME_TOTAL_std,0.0,0
7,f103_nyg_low_action_AMT_APPLICATION_s_app_AMT_CREDIT_d_app_AMT_INCOME_TOTAL_diff_mean,11.887200117111206,3
7,f103_nyg_low_action_AMT_APPLICATION_s_app_AMT_CREDIT_d_app_AMT_INCOME_TOTAL_diff_min,11.92490005493164,3
7,f103_nyg_low_action_AMT_APPLICATION_s_app_AMT_CREDIT_d_app_AMT_INCOME_TOTAL_pctchange_max,696.5461703538895,141
7,f103_nyg_low_action_AMT_APPLICATION_s_app_AMT_CREDIT_diff_std,0.0,0
7,f103_nyg_low_action_AMT_APPLICATION_s_app_AMT_ANNUITY_mean,811.3021022081375,163
7,f103_nyg_low_action_AMT_APPLICATION_s_app_AMT_CREDIT_d_app_AMT_INCOME_TOTAL_max,1189.2343503832817,267
7,f103_nyg_low_action_AMT_APPLICATION_s_app_AMT_CREDIT_diff_max,36.29083013534546,9
7,f103_nyg_low_action_AMT_APPLICATION_s_app_AMT_CREDIT_d_app_AMT_INCOME_TOTAL_pctchange_min,554.977679848671,124
7,f103_nyg_low_action_AMT_APPLICATION_s_app_AMT_CREDIT_d_app_AMT_INCOME_TOTAL_mean,811.6973006725311,180
7,f103_nyg_low_action_AMT_APPLICATION_s_app_AMT_CREDIT_d_app_AMT_INCOME_TOTAL_pctchange_mean,490.5208113193512,103
7,f103_nyg_low_action_AMT_APPLICATION_s_app_AMT_CREDIT_diff_min,42.52419900894165,9
7,f103_nyg_low_action_AMT_APPLICATION_s_app_AMT_CREDIT_std,3.2228899002075195,1
7,f103_nyg_low_action_AMT_APPLICATION_s_app_AMT_CREDIT_pctchange_mean,158.23720026016235,30
7,f103_nyg_low_action_AMT_APPLICATION_s_app_AMT_CREDIT_pctchange_max,232.7512583732605,49
7,f103_nyg_low_action_AMT_APPLICATION_s_app_AMT_GOODS_PRICE_diff_std,0.0,0
7,f103_nyg_low_action_AMT_APPLICATION_s_app_AMT_CREDIT_diff_mean,78.8323404788971,12
7,f103_nyg_low_action_AMT_APPLICATION_s_app_AMT_GOODS_PRICE_diff_max,58.74902081489563,12
7,f103_nyg_low_action_AMT_APPLICATION_s_app_AMT_CREDIT_d_app_AMT_INCOME_TOTAL_min,1046.7508119940758,244
7,f103_nyg_low_action_AMT_APPLICATION_s_app_AMT_INCOME_TOTAL_pctchange_std,0.0,0
7,f103_nyg_low_action_AMT_APPLICATION_s_app_AMT_GOODS_PRICE_diff_min,42.53989619016647,11
7,f103_nyg_low_action_AMT_APPLICATION_s_app_AMT_GOODS_PRICE_std,3.7350199222564697,1
7,f103_nyg_low_action_AMT_APPLICATION_s_app_AMT_INCOME_TOTAL_diff_mean,7.1568098068237305,2
7,f103_nyg_low_action_AMT_APPLICATION_s_app_AMT_CREDIT_pctchange_min,174.13419950008392,37
7,f103_nyg_low_action_AMT_APPLICATION_s_app_AMT_INCOME_TOTAL_diff_max,2.828619956970215,1
7,f103_nyg_low_action_AMT_APPLICATION_s_app_AMT_GOODS_PRICE_diff_mean,65.61663007736206,15
7,f103_nyg_low_action_AMT_APPLICATION_s_app_AMT_INCOME_TOTAL_pctchange_std_div_mean,81.75180983543396,16
7,f103_nyg_low_action_AMT_CREDIT_d_AMT_ANNUITY_diff_std,4.7619099617004395,1
7,f103_nyg_low_action_AMT_APPLICATION_s_app_AMT_INCOME_TOTAL_diff_std,0.0,0
7,f103_nyg_low_action_AMT_APPLICATION_s_app_AMT_INCOME_TOTAL_mean,793.2808609604836,173
7,f103_nyg_low_action_AMT_APPLICATION_s_app_AMT_GOODS_PRICE_pctchange_std,6.855309963226318,1
7,f103_nyg_low_action_AMT_APPLICATION_s_app_AMT_INCOME_TOTAL_diff_min,0.0,0
7,f103_nyg_low_action_AMT_APPLICATION_std,0.0,0
7,f103_nyg_low_action_AMT_APPLICATION_s_app_AMT_INCOME_TOTAL_std_div_mean,89.74491953849792,20
7,f103_nyg_low_action_AMT_APPLICATION_s_app_AMT_INCOME_TOTAL_min,1053.6120480895042,231
7,f103_nyg_low_action_AMT_APPLICATION_s_app_AMT_INCOME_TOTAL_max,739.05379986763,182
7,f103_nyg_low_action_AMT_APPLICATION_std_div_mean,0.0,0
7,f103_nyg_low_action_AMT_APPLICATION_s_app_AMT_INCOME_TOTAL_std,0.0,0
7,f103_nyg_low_action_AMT_CREDIT_d_AMT_ANNUITY_diff_min,807.0574126243591,179
7,f103_nyg_low_action_AMT_CREDIT_d_AMT_ANNUITY_diff_mean,859.6505633592606,178
7,f103_nyg_low_action_AMT_CREDIT_d_AMT_ANNUITY_max_div_min,28.200459480285645,5
7,f103_nyg_low_action_AMT_CREDIT_d_AMT_ANNUITY_diff_max,898.2892425656319,197
7,f103_nyg_low_action_AMT_CREDIT_d_AMT_APPLICATION_diff_std,1.6021499633789062,1
7,f103_nyg_low_action_AMT_CREDIT_d_AMT_ANNUITY_pctchange_mean,669.8763805627823,139
7,f103_nyg_low_action_AMT_CREDIT_d_AMT_ANNUITY_pctchange_max,782.8143648505211,165
7,f103_nyg_low_action_AMT_CREDIT_d_AMT_APPLICATION_max,1758.538273602724,361
7,f103_nyg_low_action_AMT_CREDIT_d_AMT_ANNUITY_pctchange_min,940.4574357019737,193
7,f103_nyg_low_action_AMT_CREDIT_d_AMT_APPLICATION_std,121.08036005496979,25
7,f103_nyg_low_action_AMT_CREDIT_d_AMT_APPLICATION_min,1345.3630147874355,307
7,f103_nyg_low_action_AMT_CREDIT_d_AMT_APPLICATION_pctchange_std,0.0,0
7,f103_nyg_low_action_AMT_CREDIT_d_app_AMT_ANNUITY_diff_std,3.756540060043335,1
7,f103_nyg_low_action_AMT_CREDIT_d_AMT_APPLICATION_std_div_mean,25.063100337982178,4
7,f103_nyg_low_action_AMT_CREDIT_d_AMT_APPLICATION_pctchange_mean,1277.9986733794212,277
7,f103_nyg_low_action_AMT_CREDIT_d_AMT_APPLICATION_pctchange_max,1004.7136571407318,222
7,f103_nyg_low_action_AMT_CREDIT_d_AMT_APPLICATION_mean,909.2943316102028,206
7,f103_nyg_low_action_AMT_CREDIT_d_AMT_APPLICATION_max_div_min,27.277100205421448,6
7,f103_nyg_low_action_AMT_CREDIT_d_app_AMT_ANNUITY_std_div_mean,44.71737027168274,8
7,f103_nyg_low_action_AMT_CREDIT_d_app_AMT_ANNUITY_pctchange_std,0.0,0
7,f103_nyg_low_action_AMT_CREDIT_d_app_AMT_ANNUITY_diff_max,703.4569603204727,138
7,f103_nyg_low_action_AMT_CREDIT_d_app_AMT_ANNUITY_mean,878.4280870556831,193
7,f103_nyg_low_action_AMT_CREDIT_d_app_AMT_ANNUITY_diff_min,521.4124373197556,116
7,f103_nyg_low_action_AMT_CREDIT_d_app_AMT_ANNUITY_max,1068.4395038038492,238
7,f103_nyg_low_action_AMT_CREDIT_d_app_AMT_ANNUITY_diff_mean,466.23023986816406,97
7,f103_nyg_low_action_AMT_CREDIT_d_app_AMT_CREDIT_diff_max,356.5528209209442,75
7,f103_nyg_low_action_AMT_CREDIT_d_app_AMT_CREDIT_diff_std,0.0,0
7,f103_nyg_low_action_AMT_CREDIT_d_app_AMT_ANNUITY_min,1129.072433590889,246
7,f103_nyg_low_action_AMT_CREDIT_d_app_AMT_ANNUITY_pctchange_max,354.80232410132885,90
7,f103_nyg_low_action_AMT_CREDIT_d_app_AMT_CREDIT_pctchange_std,0.0,0
7,f103_nyg_low_action_AMT_CREDIT_d_app_AMT_ANNUITY_pctchange_min,617.2037186473608,129
7,f103_nyg_low_action_AMT_CREDIT_d_app_AMT_CREDIT_pctchange_max,128.11523985862732,25
7,f103_nyg_low_action_AMT_CREDIT_d_app_AMT_CREDIT_std_div_mean,3.0181100368499756,1
7,f103_nyg_low_action_AMT_CREDIT_d_app_AMT_ANNUITY_pctchange_mean,335.11275842785835,80
7,f103_nyg_low_action_AMT_CREDIT_d_app_AMT_CREDIT_max,844.8358104079962,193
7,f103_nyg_low_action_AMT_CREDIT_d_app_AMT_CREDIT_diff_mean,378.667870759964,73
7,f103_nyg_low_action_AMT_CREDIT_d_app_AMT_CREDIT_mean,585.3087204694748,124
7,f103_nyg_low_action_AMT_CREDIT_d_app_AMT_GOODS_PRICE_diff_mean,241.52928018569946,55
7,f103_nyg_low_action_AMT_CREDIT_d_app_AMT_CREDIT_pctchange_mean,126.74332218430936,27
7,f103_nyg_low_action_AMT_CREDIT_d_app_AMT_CREDIT_diff_min,325.59068155288696,70
7,f103_nyg_low_action_AMT_CREDIT_d_app_AMT_GOODS_PRICE_diff_std,0.0,0
7,f103_nyg_low_action_AMT_CREDIT_d_app_AMT_CREDIT_pctchange_min,158.59886980056763,33
7,f103_nyg_low_action_AMT_CREDIT_d_app_AMT_CREDIT_min,894.2517638802528,199
7,f103_nyg_low_action_AMT_CREDIT_d_app_AMT_GOODS_PRICE_pctchange_mean,99.4469004869461,25
7,f103_nyg_low_action_AMT_CREDIT_d_app_AMT_INCOME_TOTAL_diff_std,0.0,0
7,f103_nyg_low_action_AMT_CREDIT_d_app_AMT_GOODS_PRICE_pctchange_max,85.6589105129242,19
7,f103_nyg_low_action_AMT_CREDIT_d_app_AMT_GOODS_PRICE_diff_max,288.16659224033356,58
7,f103_nyg_low_action_AMT_CREDIT_d_app_AMT_GOODS_PRICE_max,1004.5935794115067,206
7,f103_nyg_low_action_AMT_CREDIT_d_app_AMT_INCOME_TOTAL_pctchange_std,0.0,0
7,f103_nyg_low_action_AMT_CREDIT_d_app_AMT_GOODS_PRICE_min,956.8102796077728,204
7,f103_nyg_low_action_AMT_CREDIT_d_app_AMT_GOODS_PRICE_pctchange_std_div_mean,29.201210021972656,5
7,f103_nyg_low_action_AMT_CREDIT_d_app_AMT_GOODS_PRICE_diff_min,258.33749094605446,58
7,f103_nyg_low_action_AMT_CREDIT_d_app_AMT_INCOME_TOTAL_diff_min,337.8285171985626,74
7,f103_nyg_low_action_AMT_CREDIT_d_app_AMT_INCOME_TOTAL_diff_mean,293.2383020222187,65
7,f103_nyg_low_action_AMT_CREDIT_d_app_AMT_GOODS_PRICE_pctchange_std,15.466959714889526,3
7,f103_nyg_low_action_AMT_CREDIT_d_app_AMT_GOODS_PRICE_pctchange_min,169.8328001499176,36
7,f103_nyg_low_action_AMT_CREDIT_d_app_AMT_INCOME_TOTAL_pctchange_mean,11.392640113830566,4
7,f103_nyg_low_action_AMT_CREDIT_d_app_AMT_INCOME_TOTAL_max,907.4197683930397,197
7,f103_nyg_low_action_AMT_CREDIT_d_total_debt_diff_max,781.6223440766335,157
7,f103_nyg_low_action_AMT_CREDIT_d_app_AMT_INCOME_TOTAL_pctchange_max,37.14234018325806,7
7,f103_nyg_low_action_AMT_CREDIT_d_app_AMT_GOODS_PRICE_mean,725.4981974363327,158
7,f103_nyg_low_action_AMT_CREDIT_d_app_AMT_INCOME_TOTAL_min,812.0837731957436,191
7,f103_nyg_low_action_AMT_CREDIT_d_app_AMT_INCOME_TOTAL_std,29.536700010299683,7
7,f103_nyg_low_action_AMT_CREDIT_d_total_debt_diff_mean,732.8017157316208,144
7,f103_nyg_low_action_AMT_CREDIT_d_total_debt_diff_min,733.8772900700569,156
7,f103_nyg_low_action_AMT_CREDIT_d_app_AMT_GOODS_PRICE_std_div_mean,6.742350101470947,1
7,f103_nyg_low_action_AMT_CREDIT_d_app_AMT_INCOME_TOTAL_diff_max,259.2738382220268,59
7,f103_nyg_low_action_AMT_CREDIT_d_app_AMT_INCOME_TOTAL_mean,770.5907494425774,167
7,f103_nyg_low_action_AMT_CREDIT_d_app_AMT_INCOME_TOTAL_std_div_mean,15.642540454864502,2
7,f103_nyg_low_action_AMT_CREDIT_d_total_debt_pctchange_std,10.295940160751343,2
7,f103_nyg_low_action_AMT_CREDIT_d_total_debt_pctchange_min,452.4830314517021,97
7,f103_nyg_low_action_AMT_CREDIT_m_app_AMT_GOODS_PRICE_d_app_AMT_INCOME_TOTAL_diff_mean,101.29154074192047,20
7,f103_nyg_low_action_AMT_CREDIT_m_app_AMT_GOODS_PRICE_d_app_AMT_INCOME_TOTAL_pctchange_std_div_mean,19.022109985351562,4
7,f103_nyg_low_action_AMT_CREDIT_d_app_AMT_INCOME_TOTAL_pctchange_min,28.557169675827026,5
7,f103_nyg_low_action_AMT_CREDIT_d_total_debt_pctchange_max,642.1374969482422,134
7,f103_nyg_low_action_AMT_CREDIT_m_app_AMT_GOODS_PRICE_d_app_AMT_INCOME_TOTAL_pctchange_std,5.551869869232178,1
7,f103_nyg_low_action_AMT_CREDIT_s_app_AMT_ANNUITY_d_app_AMT_INCOME_TOTAL_diff_std,0.0,0
7,f103_nyg_low_action_AMT_CREDIT_d_total_debt_std,61.373990058898926,11
7,f103_nyg_low_action_AMT_CREDIT_m_app_AMT_GOODS_PRICE_d_app_AMT_INCOME_TOTAL_std,69.64979076385498,9
7,f103_nyg_low_action_AMT_CREDIT_d_total_debt_pctchange_mean,502.19966265559196,106
7,f103_nyg_low_action_AMT_CREDIT_m_app_AMT_GOODS_PRICE_d_app_AMT_INCOME_TOTAL_diff_max,110.87880086898804,24
7,f103_nyg_low_action_AMT_CREDIT_d_total_debt_std_div_mean,113.85914945602417,17
7,f103_nyg_low_action_AMT_CREDIT_m_app_AMT_GOODS_PRICE_d_app_AMT_INCOME_TOTAL_diff_min,157.13846921920776,35
7,f103_nyg_low_action_AMT_CREDIT_max,963.4255534559488,232
7,f103_nyg_low_action_AMT_CREDIT_m_app_AMT_GOODS_PRICE_d_app_AMT_INCOME_TOTAL_diff_std,0.0,0
7,f103_nyg_low_action_AMT_CREDIT_s_app_AMT_ANNUITY_d_app_AMT_INCOME_TOTAL_diff_mean,42.8550705909729,8
7,f103_nyg_low_action_AMT_CREDIT_s_app_AMT_ANNUITY_d_app_AMT_INCOME_TOTAL_diff_min,25.269699573516846,5
7,f103_nyg_low_action_AMT_CREDIT_mean,752.3257070183754,176
7,f103_nyg_low_action_AMT_CREDIT_s_app_AMT_ANNUITY_d_app_AMT_INCOME_TOTAL_pctchange_std_div_mean,24.001019954681396,5
7,f103_nyg_low_action_AMT_CREDIT_s_app_AMT_ANNUITY_d_app_AMT_INCOME_TOTAL_diff_max,33.728830218315125,8
7,f103_nyg_low_action_AMT_CREDIT_min,930.5271079540253,217
7,f103_nyg_low_action_AMT_CREDIT_s_app_AMT_ANNUITY_d_app_AMT_INCOME_TOTAL_max,714.700258731842,159
7,f103_nyg_low_action_AMT_CREDIT_s_app_AMT_ANNUITY_d_app_AMT_INCOME_TOTAL_std,0.0,0
7,f103_nyg_low_action_AMT_CREDIT_s_app_AMT_ANNUITY_d_app_AMT_INCOME_TOTAL_pctchange_std,12.5455002784729,2
7,f103_nyg_low_action_AMT_CREDIT_s_app_AMT_ANNUITY_d_app_AMT_INCOME_TOTAL_std_div_mean,47.34543037414551,9
7,f103_nyg_low_action_AMT_CREDIT_s_app_AMT_ANNUITY_diff_std,0.0,0
7,f103_nyg_low_action_AMT_CREDIT_s_app_AMT_ANNUITY_d_app_AMT_INCOME_TOTAL_max_div_min,21.187569856643677,4
7,f103_nyg_low_action_AMT_CREDIT_s_app_AMT_ANNUITY_mean,749.1680659651756,167
7,f103_nyg_low_action_AMT_CREDIT_s_app_AMT_ANNUITY_diff_min,356.20962846279144,72
7,f103_nyg_low_action_AMT_CREDIT_s_app_AMT_ANNUITY_std,61.18975043296814,10
7,f103_nyg_low_action_AMT_CREDIT_s_app_AMT_ANNUITY_d_app_AMT_INCOME_TOTAL_mean,513.8387573957443,115
7,f103_nyg_low_action_AMT_CREDIT_s_app_AMT_ANNUITY_d_app_AMT_INCOME_TOTAL_min,733.3728136122227,161
7,f103_nyg_low_action_AMT_CREDIT_s_app_AMT_ANNUITY_max,778.3173571825027,166
7,f103_nyg_low_action_AMT_CREDIT_s_app_AMT_ANNUITY_diff_mean,249.77408957481384,53
7,f103_nyg_low_action_AMT_CREDIT_s_app_AMT_CREDIT_d_app_AMT_INCOME_TOTAL_diff_std,0.0,0
7,f103_nyg_low_action_AMT_CREDIT_s_app_AMT_ANNUITY_max_div_min,4.5818400382995605,1
7,f103_nyg_low_action_AMT_CREDIT_s_app_AMT_ANNUITY_pctchange_std,4.214560031890869,1
7,f103_nyg_low_action_AMT_CREDIT_s_app_AMT_CREDIT_d_app_AMT_INCOME_TOTAL_max,924.7392333745956,216
7,f103_nyg_low_action_AMT_CREDIT_s_app_AMT_ANNUITY_diff_max,319.9815833568573,67
7,f103_nyg_low_action_AMT_CREDIT_s_app_AMT_ANNUITY_pctchange_std_div_mean,0.0,0
7,f103_nyg_low_action_AMT_CREDIT_s_app_AMT_ANNUITY_std_div_mean,21.085540056228638,4
7,f103_nyg_low_action_AMT_CREDIT_s_app_AMT_CREDIT_d_app_AMT_INCOME_TOTAL_diff_max,12.552939891815186,3
7,f103_nyg_low_action_AMT_CREDIT_s_app_AMT_CREDIT_diff_mean,117.02712035179138,25
7,f103_nyg_low_action_AMT_CREDIT_s_app_AMT_CREDIT_d_app_AMT_INCOME_TOTAL_diff_min,11.445870161056519,3
7,f103_nyg_low_action_AMT_CREDIT_s_app_AMT_CREDIT_d_app_AMT_INCOME_TOTAL_mean,717.5202842652798,159
7,f103_nyg_low_action_AMT_CREDIT_s_app_AMT_CREDIT_d_app_AMT_INCOME_TOTAL_diff_mean,23.180569887161255,6
7,f103_nyg_low_action_AMT_CREDIT_s_app_AMT_CREDIT_diff_max,74.88295030593872,16
7,f103_nyg_low_action_AMT_CREDIT_s_app_AMT_ANNUITY_min,848.1800476312637,186
7,f103_nyg_low_action_AMT_CREDIT_s_app_AMT_CREDIT_d_app_AMT_INCOME_TOTAL_min,868.7994143366814,198
7,f103_nyg_low_action_AMT_CREDIT_s_app_AMT_CREDIT_diff_std,0.0,0
7,f103_nyg_low_action_AMT_CREDIT_s_app_AMT_CREDIT_d_app_AMT_INCOME_TOTAL_std,0.0,0
7,f103_nyg_low_action_AMT_CREDIT_s_app_AMT_CREDIT_diff_min,77.62028002738953,19
7,f103_nyg_low_action_AMT_CREDIT_s_app_AMT_GOODS_PRICE_diff_max,52.17702013254166,12
7,f103_nyg_low_action_AMT_CREDIT_s_app_AMT_GOODS_PRICE_pctchange_std,0.0,0
7,f103_nyg_low_action_AMT_CREDIT_s_app_AMT_CREDIT_std,42.46051001548767,6
7,f103_nyg_low_action_AMT_CREDIT_s_app_AMT_GOODS_PRICE_diff_std,0.0,0
7,f103_nyg_low_action_AMT_CREDIT_s_app_AMT_GOODS_PRICE_diff_mean,90.36769008636475,18
7,f103_nyg_low_action_AMT_CREDIT_s_app_AMT_INCOME_TOTAL_diff_std,0.0,0
7,f103_nyg_low_action_AMT_CREDIT_s_app_AMT_GOODS_PRICE_pctchange_std_div_mean,0.0,0
7,f103_nyg_low_action_AMT_CREDIT_s_app_AMT_GOODS_PRICE_std,29.46444010734558,5
7,f103_nyg_low_action_AMT_CREDIT_s_app_AMT_GOODS_PRICE_diff_min,136.57774949073792,27
7,f103_nyg_low_action_AMT_CREDIT_s_app_AMT_INCOME_TOTAL_pctchange_std,34.25926995277405,6
7,f103_nyg_low_action_AMT_CREDIT_s_app_AMT_INCOME_TOTAL_max,954.6287297010422,211
7,f103_nyg_low_action_AMT_CREDIT_s_app_AMT_INCOME_TOTAL_diff_max,21.568180322647095,5
7,f103_nyg_low_action_AMT_CREDIT_s_app_AMT_INCOME_TOTAL_diff_mean,7.309169769287109,1
7,f103_nyg_low_action_AMT_CREDIT_std_div_mean,0.0,0
7,f103_nyg_low_action_AMT_CREDIT_std,2.9949700832366943,1
7,f103_nyg_low_action_AMT_DOWN_PAYMENT_d_AMT_GOODS_PRICE_pctchange_std_div_mean,0.0,0
7,f103_nyg_low_action_AMT_CREDIT_s_app_AMT_INCOME_TOTAL_std,0.0,0
7,f103_nyg_low_action_AMT_CREDIT_s_app_AMT_INCOME_TOTAL_diff_min,4.10191011428833,1
7,f103_nyg_low_action_AMT_CREDIT_s_app_AMT_INCOME_TOTAL_min,1179.7114709615707,251
7,f103_nyg_low_action_AMT_CREDIT_s_app_AMT_INCOME_TOTAL_mean,814.2403473556042,178
7,f103_nyg_low_action_AMT_DOWN_PAYMENT_d_AMT_GOODS_PRICE_max_div_min,2.906589984893799,1
7,f103_nyg_low_action_AMT_DOWN_PAYMENT_d_AMT_GOODS_PRICE_pctchange_std,0.0,0
7,f103_nyg_low_action_AMT_DOWN_PAYMENT_std_div_mean,0.0,0
7,f103_nyg_low_action_AMT_DOWN_PAYMENT_d_AMT_GOODS_PRICE_std,0.0,0
7,f103_nyg_low_action_AMT_DOWN_PAYMENT_d_AMT_GOODS_PRICE_diff_max_div_min,62.47816050052643,17
7,f103_nyg_low_action_AMT_DOWN_PAYMENT_d_AMT_GOODS_PRICE_diff_std,10.681479930877686,3
7,f103_nyg_low_action_AMT_DOWN_PAYMENT_d_AMT_GOODS_PRICE_max,64.72583985328674,15
7,f103_nyg_low_action_AMT_DOWN_PAYMENT_max_div_min,3.669909954071045,1
7,f103_nyg_low_action_AMT_GOODS_PRICE_d_AMT_ANNUITY_diff_max,962.3266687989235,197
7,f103_nyg_low_action_AMT_DOWN_PAYMENT_d_AMT_GOODS_PRICE_min,22.552996039390564,7
7,f103_nyg_low_action_AMT_DOWN_PAYMENT_d_AMT_GOODS_PRICE_std_div_mean,0.0,0
7,f103_nyg_low_action_AMT_DOWN_PAYMENT_d_AMT_GOODS_PRICE_mean,47.331520080566406,9
7,f103_nyg_low_action_AMT_DOWN_PAYMENT_d_AMT_GOODS_PRICE_pctchange_max,73.10280990600586,20
7,f103_nyg_low_action_AMT_GOODS_PRICE_d_AMT_ANNUITY_diff_max_div_min,75.20721006393433,17
7,f103_nyg_low_action_AMT_GOODS_PRICE_d_AMT_ANNUITY_diff_std,24.464829921722412,5
7,f103_nyg_low_action_AMT_GOODS_PRICE_d_AMT_ANNUITY_pctchange_std_div_mean,3.740139961242676,1
7,f103_nyg_low_action_AMT_GOODS_PRICE_d_AMT_ANNUITY_max_div_min,99.55975997447968,18
7,f103_nyg_low_action_AMT_GOODS_PRICE_d_AMT_ANNUITY_diff_mean,763.0257310569286,153
7,f103_nyg_low_action_AMT_GOODS_PRICE_d_AMT_ANNUITY_pctchange_max,657.6390501260757,142
7,f103_nyg_low_action_AMT_GOODS_PRICE_d_AMT_ANNUITY_diff_min,684.9325488805771,135
7,f103_nyg_low_action_AMT_GOODS_PRICE_d_AMT_ANNUITY_pctchange_mean,477.3282594680786,107
7,f103_nyg_low_action_AMT_GOODS_PRICE_d_AMT_CREDIT_diff_std,0.0,0
7,f103_nyg_low_action_AMT_GOODS_PRICE_d_AMT_CREDIT_pctchange_std,6.301219940185547,1
7,f103_nyg_low_action_AMT_GOODS_PRICE_d_AMT_ANNUITY_pctchange_min,681.863932043314,153
7,f103_nyg_low_action_AMT_GOODS_PRICE_d_AMT_CREDIT_diff_min,900.4693378210068,206
7,f103_nyg_low_action_AMT_GOODS_PRICE_d_AMT_CREDIT_max_div_min,17.372490167617798,3
7,f103_nyg_low_action_AMT_GOODS_PRICE_d_AMT_CREDIT_max,582.8480843901634,139
7,f103_nyg_low_action_AMT_GOODS_PRICE_d_AMT_CREDIT_std_div_mean,10.16135025024414,2
7,f103_nyg_low_action_AMT_GOODS_PRICE_d_AMT_CREDIT_min,749.1818901896477,172
7,f103_nyg_low_action_AMT_GOODS_PRICE_d_app_AMT_ANNUITY_diff_std,0.0,0
7,f103_nyg_low_action_AMT_GOODS_PRICE_d_AMT_CREDIT_std,16.8094699382782,4
7,f103_nyg_low_action_AMT_GOODS_PRICE_d_AMT_CREDIT_mean,719.7223805189133,155
7,f103_nyg_low_action_AMT_GOODS_PRICE_d_app_AMT_ANNUITY_max,1119.4552868008614,241
7,f103_nyg_low_action_AMT_GOODS_PRICE_d_app_AMT_ANNUITY_diff_mean,258.2531108856201,54
7,f103_nyg_low_action_AMT_GOODS_PRICE_d_app_AMT_ANNUITY_diff_max,315.6761003732681,69
7,f103_nyg_low_action_AMT_GOODS_PRICE_d_app_AMT_ANNUITY_pctchange_mean,10.490840196609497,2
7,f103_nyg_low_action_AMT_GOODS_PRICE_d_app_AMT_ANNUITY_diff_min,273.05752968788147,55
7,f103_nyg_low_action_AMT_GOODS_PRICE_d_app_AMT_ANNUITY_pctchange_std,0.0,0
7,f103_nyg_low_action_AMT_GOODS_PRICE_d_app_AMT_CREDIT_diff_std,3.808259963989258,1
7,f103_nyg_low_action_AMT_GOODS_PRICE_d_app_AMT_ANNUITY_min,397.5767650604248,85
7,f103_nyg_low_action_AMT_GOODS_PRICE_d_app_AMT_ANNUITY_mean,1163.7076408267021,228
7,f103_nyg_low_action_AMT_GOODS_PRICE_d_app_AMT_ANNUITY_pctchange_min,14.52973985671997,3
7,f103_nyg_low_action_AMT_GOODS_PRICE_d_app_AMT_CREDIT_pctchange_std,0.0,0
7,f103_nyg_low_action_AMT_GOODS_PRICE_d_app_AMT_ANNUITY_std_div_mean,0.0,0
7,f103_nyg_low_action_AMT_GOODS_PRICE_d_app_AMT_CREDIT_diff_max,239.62328910827637,48
7,f103_nyg_low_action_AMT_GOODS_PRICE_d_app_AMT_ANNUITY_pctchange_max,28.82556962966919,5
7,f103_nyg_low_action_AMT_GOODS_PRICE_d_app_AMT_CREDIT_mean,177.75029051303864,41
7,f103_nyg_low_action_AMT_GOODS_PRICE_d_app_AMT_CREDIT_std_div_mean,0.0,0
7,f103_nyg_low_action_AMT_GOODS_PRICE_d_app_AMT_CREDIT_max,338.93045473098755,63
7,f103_nyg_low_action_AMT_GOODS_PRICE_d_app_AMT_CREDIT_diff_min,142.75837993621826,25
7,f103_nyg_low_action_AMT_GOODS_PRICE_d_app_AMT_CREDIT_diff_mean,93.66346096992493,18
7,f103_nyg_low_action_AMT_GOODS_PRICE_d_app_AMT_CREDIT_pctchange_max,0.0,0
7,f103_nyg_low_action_AMT_GOODS_PRICE_d_app_AMT_GOODS_PRICE_diff_max,125.96255147457123,28
7,f103_nyg_low_action_AMT_GOODS_PRICE_d_app_AMT_CREDIT_pctchange_min,16.96257996559143,4
7,f103_nyg_low_action_AMT_GOODS_PRICE_d_app_AMT_GOODS_PRICE_diff_std,5.904160022735596,1
7,f103_nyg_low_action_AMT_GOODS_PRICE_d_app_AMT_CREDIT_min,858.4280543923378,177
7,f103_nyg_low_action_AMT_GOODS_PRICE_d_app_AMT_CREDIT_pctchange_mean,9.519829988479614,3
7,f103_nyg_low_action_AMT_GOODS_PRICE_d_app_AMT_GOODS_PRICE_max,279.5938832759857,60
7,f103_nyg_low_action_AMT_GOODS_PRICE_d_app_AMT_GOODS_PRICE_min,343.02573359012604,69
7,f103_nyg_low_action_AMT_GOODS_PRICE_d_app_AMT_GOODS_PRICE_pctchange_max,10.203500032424927,3
7,f103_nyg_low_action_AMT_GOODS_PRICE_d_app_AMT_GOODS_PRICE_mean,228.98675417900085,46
7,f103_nyg_low_action_AMT_GOODS_PRICE_d_app_AMT_INCOME_TOTAL_diff_mean,106.01217937469482,22
7,f103_nyg_low_action_AMT_GOODS_PRICE_d_app_AMT_GOODS_PRICE_pctchange_std,0.0,0
7,f103_nyg_low_action_AMT_GOODS_PRICE_d_app_AMT_GOODS_PRICE_diff_min,102.2604193687439,24
7,f103_nyg_low_action_AMT_GOODS_PRICE_d_app_AMT_GOODS_PRICE_std_div_mean,0.0,0
7,f103_nyg_low_action_AMT_GOODS_PRICE_d_app_AMT_GOODS_PRICE_diff_mean,92.3671805858612,20
7,f103_nyg_low_action_AMT_GOODS_PRICE_d_app_AMT_GOODS_PRICE_pctchange_min,4.167438089847565,2
7,f103_nyg_low_action_AMT_GOODS_PRICE_d_app_AMT_INCOME_TOTAL_diff_max,134.16289043426514,27
7,f103_nyg_low_action_AMT_GOODS_PRICE_d_app_AMT_GOODS_PRICE_pctchange_mean,19.257969856262207,4
7,f103_nyg_low_action_AMT_GOODS_PRICE_d_app_AMT_INCOME_TOTAL_diff_std,0.0,0
7,f103_nyg_low_action_AMT_GOODS_PRICE_d_app_AMT_INCOME_TOTAL_pctchange_max,0.0,0
7,f103_nyg_low_action_AMT_GOODS_PRICE_d_app_AMT_INCOME_TOTAL_mean,154.10364365577698,35
7,f103_nyg_low_action_AMT_GOODS_PRICE_d_total_debt_diff_std,43.619399547576904,9
7,f103_nyg_low_action_AMT_GOODS_PRICE_d_app_AMT_INCOME_TOTAL_std_div_mean,0.0,0
7,f103_nyg_low_action_AMT_GOODS_PRICE_d_app_AMT_INCOME_TOTAL_pctchange_std,0.0,0
7,f103_nyg_low_action_AMT_GOODS_PRICE_d_app_AMT_INCOME_TOTAL_max,228.68943011760712,49
7,f103_nyg_low_action_AMT_GOODS_PRICE_d_total_debt_diff_max_div_min,64.65885066986084,13
7,f103_nyg_low_action_AMT_GOODS_PRICE_d_app_AMT_INCOME_TOTAL_std,0.0,0
7,f103_nyg_low_action_AMT_GOODS_PRICE_d_app_AMT_INCOME_TOTAL_pctchange_mean,0.0,0
7,f103_nyg_low_action_AMT_GOODS_PRICE_d_app_AMT_INCOME_TOTAL_pctchange_min,11.899679899215698,4
7,f103_nyg_low_action_AMT_GOODS_PRICE_d_total_debt_pctchange_std,57.11217999458313,11
7,f103_nyg_low_action_AMT_GOODS_PRICE_d_app_AMT_INCOME_TOTAL_diff_min,48.1115403175354,11
7,f103_nyg_low_action_AMT_GOODS_PRICE_d_total_debt_diff_min,564.9143215417862,134
7,f103_nyg_low_action_AMT_GOODS_PRICE_d_app_AMT_INCOME_TOTAL_min,185.795139670372,40
7,f103_nyg_low_action_AMT_GOODS_PRICE_d_total_debt_diff_mean,650.1956523656845,140
7,f103_nyg_low_action_AMT_GOODS_PRICE_d_total_debt_pctchange_max_div_min,27.489299774169922,5
7,f103_nyg_low_action_AMT_GOODS_PRICE_d_total_debt_max,2296.8911315500736,522
7,f103_nyg_low_action_AMT_GOODS_PRICE_d_total_debt_diff_max,769.1836099624634,159
7,f103_nyg_low_action_AMT_GOODS_PRICE_d_total_debt_pctchange_mean,576.0409594774246,115
7,f103_nyg_low_action_AMT_GOODS_PRICE_d_total_debt_pctchange_std_div_mean,7.262670040130615,1
7,f103_nyg_low_action_AMT_GOODS_PRICE_d_total_debt_min,2299.2321959137917,506
7,f103_nyg_low_action_AMT_GOODS_PRICE_d_total_debt_pctchange_max,782.2515640258789,163
7,f103_nyg_low_action_AMT_GOODS_PRICE_m_app_AMT_GOODS_PRICE_d_app_AMT_INCOME_TOTAL_diff_min,30.73855996131897,7
7,f103_nyg_low_action_AMT_GOODS_PRICE_d_total_debt_pctchange_min,532.7421272397041,121
7,f103_nyg_low_action_AMT_GOODS_PRICE_m_app_AMT_GOODS_PRICE_d_app_AMT_INCOME_TOTAL_diff_std,0.0,0
7,f103_nyg_low_action_AMT_GOODS_PRICE_d_total_debt_mean,1712.5741198062897,395
7,f103_nyg_low_action_AMT_GOODS_PRICE_d_total_debt_std,68.2520203590393,15
7,f103_nyg_low_action_AMT_GOODS_PRICE_m_app_AMT_GOODS_PRICE_d_app_AMT_INCOME_TOTAL_pctchange_std,5.2784600257873535,1
7,f103_nyg_low_action_AMT_GOODS_PRICE_s_app_AMT_ANNUITY_d_app_AMT_INCOME_TOTAL_diff_std,6.485459804534912,1
7,f103_nyg_low_action_AMT_GOODS_PRICE_d_total_debt_std_div_mean,66.55055928230286,16
7,f103_nyg_low_action_AMT_GOODS_PRICE_m_app_AMT_GOODS_PRICE_d_app_AMT_INCOME_TOTAL_diff_max,46.25185036659241,10
7,f103_nyg_low_action_AMT_GOODS_PRICE_m_app_AMT_GOODS_PRICE_d_app_AMT_INCOME_TOTAL_std,0.0,0
7,f103_nyg_low_action_AMT_GOODS_PRICE_m_app_AMT_GOODS_PRICE_d_app_AMT_INCOME_TOTAL_diff_mean,35.52543020248413,8
7,f103_nyg_low_action_AMT_GOODS_PRICE_s_app_AMT_ANNUITY_d_app_AMT_INCOME_TOTAL_pctchange_std,0.0,0
7,f103_nyg_low_action_AMT_GOODS_PRICE_max,263.281043022871,59
7,f103_nyg_low_action_AMT_GOODS_PRICE_s_app_AMT_ANNUITY_d_app_AMT_INCOME_TOTAL_diff_max,33.90708923339844,6
7,f103_nyg_low_action_AMT_GOODS_PRICE_min,299.27740532159805,71
7,f103_nyg_low_action_AMT_GOODS_PRICE_s_app_AMT_ANNUITY_d_app_AMT_INCOME_TOTAL_std_div_mean,4.261940002441406,1
7,f103_nyg_low_action_AMT_GOODS_PRICE_s_app_AMT_ANNUITY_diff_std,0.0,0
7,f103_nyg_low_action_AMT_GOODS_PRICE_s_app_AMT_ANNUITY_d_app_AMT_INCOME_TOTAL_min,150.9572793841362,39
7,f103_nyg_low_action_AMT_GOODS_PRICE_mean,209.91810184717178,49
7,f103_nyg_low_action_AMT_GOODS_PRICE_s_app_AMT_ANNUITY_d_app_AMT_INCOME_TOTAL_diff_min,4.966969966888428,1
7,f103_nyg_low_action_AMT_GOODS_PRICE_s_app_AMT_ANNUITY_d_app_AMT_INCOME_TOTAL_diff_mean,8.150089979171753,2
7,f103_nyg_low_action_AMT_GOODS_PRICE_s_app_AMT_ANNUITY_d_app_AMT_INCOME_TOTAL_max,221.3884904384613,46
7,f103_nyg_low_action_AMT_GOODS_PRICE_s_app_AMT_ANNUITY_d_app_AMT_INCOME_TOTAL_mean,145.6238203048706,32
7,f103_nyg_low_action_AMT_GOODS_PRICE_s_app_AMT_ANNUITY_d_app_AMT_INCOME_TOTAL_std,0.0,0
7,f103_nyg_low_action_AMT_GOODS_PRICE_s_app_AMT_ANNUITY_pctchange_std,0.0,0
7,f103_nyg_low_action_AMT_GOODS_PRICE_s_app_AMT_ANNUITY_d_app_AMT_INCOME_TOTAL_pctchange_std_div_mean,0.0,0
7,f103_nyg_low_action_AMT_GOODS_PRICE_s_app_AMT_ANNUITY_diff_min,81.07031905651093,17
7,f103_nyg_low_action_AMT_GOODS_PRICE_s_app_AMT_ANNUITY_std,0.0,0
7,f103_nyg_low_action_AMT_GOODS_PRICE_s_app_AMT_ANNUITY_diff_max,148.8147611618042,34
7,f103_nyg_low_action_AMT_GOODS_PRICE_s_app_AMT_ANNUITY_diff_mean,64.6650402545929,15
7,f103_nyg_low_action_AMT_GOODS_PRICE_s_app_AMT_ANNUITY_max,307.22372806072235,59
7,f103_nyg_low_action_AMT_GOODS_PRICE_s_app_AMT_ANNUITY_pctchange_std_div_mean,0.0,0
7,f103_nyg_low_action_AMT_GOODS_PRICE_s_app_AMT_CREDIT_d_app_AMT_INCOME_TOTAL_diff_std,0.0,0
7,f103_nyg_low_action_AMT_GOODS_PRICE_s_app_AMT_ANNUITY_min,164.09818947315216,41
7,f103_nyg_low_action_AMT_GOODS_PRICE_s_app_AMT_CREDIT_d_app_AMT_INCOME_TOTAL_mean,270.5478992462158,56
7,f103_nyg_low_action_AMT_GOODS_PRICE_s_app_AMT_ANNUITY_std_div_mean,0.0,0
7,f103_nyg_low_action_AMT_GOODS_PRICE_s_app_AMT_ANNUITY_mean,253.37895047664642,46
7,f103_nyg_low_action_AMT_GOODS_PRICE_s_app_AMT_CREDIT_d_app_AMT_INCOME_TOTAL_std,0.0,0
7,f103_nyg_low_action_AMT_GOODS_PRICE_s_app_AMT_CREDIT_d_app_AMT_INCOME_TOTAL_diff_min,0.0,0
7,f103_nyg_low_action_AMT_GOODS_PRICE_s_app_AMT_CREDIT_d_app_AMT_INCOME_TOTAL_max,245.80324959754944,58
7,f103_nyg_low_action_AMT_GOODS_PRICE_s_app_AMT_CREDIT_diff_max,35.35993957519531,5
7,f103_nyg_low_action_AMT_GOODS_PRICE_s_app_AMT_CREDIT_d_app_AMT_INCOME_TOTAL_diff_max,30.505000114440918,7
7,f103_nyg_low_action_AMT_GOODS_PRICE_s_app_AMT_CREDIT_d_app_AMT_INCOME_TOTAL_diff_mean,0.0,0
7,f103_nyg_low_action_AMT_GOODS_PRICE_s_app_AMT_CREDIT_diff_std,0.0,0
7,f103_nyg_low_action_AMT_GOODS_PRICE_s_app_AMT_CREDIT_d_app_AMT_INCOME_TOTAL_pctchange_mean,271.30157935619354,53
7,f103_nyg_low_action_AMT_GOODS_PRICE_s_app_AMT_CREDIT_diff_mean,22.806952714920044,6
7,f103_nyg_low_action_AMT_GOODS_PRICE_s_app_AMT_CREDIT_d_app_AMT_INCOME_TOTAL_min,390.068399310112,88
7,f103_nyg_low_action_AMT_GOODS_PRICE_s_app_AMT_CREDIT_d_app_AMT_INCOME_TOTAL_pctchange_min,353.3477692604065,76
7,f103_nyg_low_action_AMT_GOODS_PRICE_s_app_AMT_CREDIT_d_app_AMT_INCOME_TOTAL_pctchange_max,332.146910905838,75
7,f103_nyg_low_action_AMT_GOODS_PRICE_s_app_AMT_CREDIT_pctchange_max,141.66029131412506,27
7,f103_nyg_low_action_AMT_GOODS_PRICE_s_app_AMT_GOODS_PRICE_diff_mean,32.159811556339264,7
7,f103_nyg_low_action_AMT_GOODS_PRICE_s_app_AMT_CREDIT_diff_min,14.454590320587158,3
7,f103_nyg_low_action_AMT_GOODS_PRICE_s_app_AMT_CREDIT_std,0.0,0
7,f103_nyg_low_action_AMT_GOODS_PRICE_s_app_AMT_GOODS_PRICE_diff_max,44.36258029937744,9
7,f103_nyg_low_action_AMT_GOODS_PRICE_s_app_AMT_CREDIT_pctchange_mean,69.84928733110428,14
7,f103_nyg_low_action_AMT_GOODS_PRICE_s_app_AMT_GOODS_PRICE_pctchange_std,0.0,0
7,f103_nyg_low_action_AMT_GOODS_PRICE_s_app_AMT_GOODS_PRICE_diff_std,0.0,0
7,f103_nyg_low_action_AMT_GOODS_PRICE_s_app_AMT_CREDIT_pctchange_min,51.33744141459465,14
7,f103_nyg_low_action_AMT_GOODS_PRICE_s_app_AMT_INCOME_TOTAL_diff_std,0.0,0
7,f103_nyg_low_action_AMT_GOODS_PRICE_s_app_AMT_GOODS_PRICE_std,0.0,0
7,f103_nyg_low_action_AMT_GOODS_PRICE_s_app_AMT_INCOME_TOTAL_diff_mean,0.0,0
7,f103_nyg_low_action_AMT_GOODS_PRICE_s_app_AMT_GOODS_PRICE_diff_min,31.191529989242554,7
7,f103_nyg_low_action_AMT_GOODS_PRICE_s_app_AMT_INCOME_TOTAL_diff_max,16.911719799041748,3
7,f103_nyg_low_action_AMT_GOODS_PRICE_s_app_AMT_INCOME_TOTAL_diff_min,0.0,0
7,f103_nyg_low_action_AMT_GOODS_PRICE_s_app_AMT_INCOME_TOTAL_mean,263.31397956609726,56
7,f103_nyg_low_action_AMT_GOODS_PRICE_s_app_AMT_INCOME_TOTAL_pctchange_std,0.0,0
7,f103_nyg_low_action_AMT_GOODS_PRICE_s_app_AMT_INCOME_TOTAL_std,0.0,0
7,f103_nyg_low_action_AMT_GOODS_PRICE_s_app_AMT_INCOME_TOTAL_std_div_mean,26.533090114593506,4
7,f103_nyg_low_action_AMT_GOODS_PRICE_s_app_AMT_INCOME_TOTAL_min,330.99852108955383,73
7,f103_nyg_low_action_AMT_GOODS_PRICE_std_div_mean,0.0,0
7,f103_nyg_low_action_AMT_GOODS_PRICE_s_app_AMT_INCOME_TOTAL_pctchange_std_div_mean,149.07973885536194,29
7,f103_nyg_low_action_AMT_GOODS_PRICE_std,0.0,0
7,f103_nyg_low_action_AMT_GOODS_PRICE_s_app_AMT_INCOME_TOTAL_max,185.06603795289993,45
7,f103_nyg_low_action_CHANNEL_TYPE_Regional___Local_mean,398.32495975494385,98
7,f103_nyg_low_action_CHANNEL_TYPE_Regional___Local_sum,77.08358061313629,21
7,f103_nyg_low_action_CNT_PAYMENT_std,16.04943013191223,3
7,f103_nyg_low_action_CHANNEL_TYPE_Credit_and_cash_offices_mean,79.62400031089783,18
7,f103_nyg_low_action_CODE_REJECT_REASON_XAP_sum,45.114869117736816,9
7,f103_nyg_low_action_CODE_REJECT_REASON_LIMIT_mean,29.79011034965515,5
7,f103_nyg_low_action_CODE_REJECT_REASON_XAP_mean,466.9686105251312,66
7,f103_nyg_low_action_CODE_REJECT_REASON_SCO_mean,48.90680980682373,10
7,f103_nyg_low_action_DAYS_DECISION_d_app_DAYS_BIRTH_std_div_mean,55.76884055137634,9
7,f103_nyg_low_action_CODE_REJECT_REASON_SCOFR_sum,0.0,0
7,f103_nyg_low_action_CODE_REJECT_REASON_LIMIT_sum,8.45609974861145,2
7,f103_nyg_low_action_CODE_REJECT_REASON_VERIF_mean,0.0,0
7,f103_nyg_low_action_DAYS_DECISION_d_app_DAYS_BIRTH_min,2214.0339873731136,527
7,f103_nyg_low_action_CODE_REJECT_REASON_SCO_sum,12.622889995574951,3
7,f103_nyg_low_action_DAYS_DECISION_d_app_DAYS_BIRTH_max,1940.0391000509262,471
7,f103_nyg_low_action_DAYS_DECISION_d_app_DAYS_ID_PUBLISH_std_div_mean,7.3052802085876465,1
7,f103_nyg_low_action_DAYS_DECISION_d_app_DAYS_EMPLOYED_max,2224.9037870764732,407
7,f103_nyg_low_action_DAYS_DECISION_d_app_DAYS_EMPLOYED_mean,2044.4593729376793,417
7,f103_nyg_low_action_DAYS_DECISION_d_app_DAYS_ID_PUBLISH_std,45.60537004470825,8
7,f103_nyg_low_action_DAYS_DECISION_d_app_DAYS_BIRTH_mean,2132.3566005527973,471
7,f103_nyg_low_action_DAYS_DECISION_d_app_DAYS_EMPLOYED_std_div_mean,3.789940118789673,1
7,f103_nyg_low_action_DAYS_DECISION_d_app_DAYS_LAST_PHONE_CHANGE_max,2086.2613781690598,421
7,f103_nyg_low_action_DAYS_DECISION_d_app_DAYS_LAST_PHONE_CHANGE_std_div_mean,130.50984001159668,20
7,f103_nyg_low_action_DAYS_DECISION_d_app_DAYS_EMPLOYED_min,2123.9547547516413,397
7,f103_nyg_low_action_DAYS_DECISION_d_app_DAYS_LAST_PHONE_CHANGE_mean,1332.9227838218212,275
7,f103_nyg_low_action_DAYS_DECISION_s_app_DAYS_BIRTH_max,2806.49720877409,605
7,f103_nyg_low_action_DAYS_DECISION_s_app_DAYS_BIRTH_mean,1971.6081671118736,402
7,f103_nyg_low_action_DAYS_DECISION_s_app_DAYS_BIRTH_std,7.388689994812012,2
7,f103_nyg_low_action_DAYS_DECISION_d_app_DAYS_REGISTRATION_std_div_mean,0.0,0
7,f103_nyg_low_action_DAYS_DECISION_s_app_DAYS_EMPLOYED_std,8.130879878997803,2
7,f103_nyg_low_action_DAYS_DECISION_d_app_DAYS_LAST_PHONE_CHANGE_min,1790.1481660604477,376
7,f103_nyg_low_action_DAYS_DECISION_s_app_DAYS_ID_PUBLISH_std,0.0,0
7,f103_nyg_low_action_DAYS_DECISION_s_app_DAYS_BIRTH_min,1974.8260577619076,389
7,f103_nyg_low_action_DAYS_DECISION_s_app_DAYS_EMPLOYED_mean,1907.5174982398748,464
7,f103_nyg_low_action_DAYS_DECISION_s_app_DAYS_EMPLOYED_max,1638.0728969573975,387
7,f103_nyg_low_action_DAYS_DECISION_s_app_DAYS_ID_PUBLISH_max,2698.151750460267,641
7,f103_nyg_low_action_DAYS_DECISION_s_app_DAYS_LAST_PHONE_CHANGE_max,1362.1788583993912,297
7,f103_nyg_low_action_DAYS_DECISION_s_app_DAYS_REGISTRATION_std,0.0,0
7,f103_nyg_low_action_DAYS_DECISION_s_app_DAYS_EMPLOYED_min,1527.7731422185898,369
7,f103_nyg_low_action_DAYS_DECISION_s_app_DAYS_LAST_PHONE_CHANGE_mean,974.1955707073212,209
7,f103_nyg_low_action_DAYS_DECISION_s_app_DAYS_LAST_PHONE_CHANGE_min,977.4374465383589,189
7,f103_nyg_low_action_DAYS_DECISION_s_app_DAYS_ID_PUBLISH_mean,2230.6208195984364,522
7,f103_nyg_low_action_DAYS_DECISION_s_app_DAYS_LAST_PHONE_CHANGE_std,0.0,0
7,f103_nyg_low_action_DAYS_DECISION_s_app_DAYS_ID_PUBLISH_min,1892.6661667823792,447
7,f103_nyg_low_action_DAYS_FIRST_DRAWING_d_app_DAYS_BIRTH_max_div_min,0.0,0
7,f103_nyg_low_action_DAYS_FIRST_DRAWING_d_app_DAYS_EMPLOYED_max,0.0,0
7,f103_nyg_low_action_DAYS_FIRST_DRAWING_d_app_DAYS_BIRTH_min,0.0,0
7,f103_nyg_low_action_DAYS_DECISION_s_app_DAYS_REGISTRATION_mean,3420.503125578165,794
7,f103_nyg_low_action_DAYS_FIRST_DRAWING_d_app_DAYS_EMPLOYED_max_div_min,0.0,0
7,f103_nyg_low_action_DAYS_FIRST_DRAWING_d_app_DAYS_EMPLOYED_mean,0.0,0
7,f103_nyg_low_action_DAYS_FIRST_DRAWING_d_app_DAYS_BIRTH_max,0.0,0
7,f103_nyg_low_action_DAYS_DECISION_s_app_DAYS_REGISTRATION_max,2013.859431989491,449
7,f103_nyg_low_action_DAYS_FIRST_DRAWING_d_app_DAYS_BIRTH_mean,0.0,0
7,f103_nyg_low_action_DAYS_DECISION_s_app_DAYS_REGISTRATION_min,1688.4610087573528,386
7,f103_nyg_low_action_DAYS_FIRST_DRAWING_d_app_DAYS_BIRTH_std_div_mean,0.0,0
7,f103_nyg_low_action_DAYS_FIRST_DRAWING_d_app_DAYS_ID_PUBLISH_mean,0.0,0
7,f103_nyg_low_action_DAYS_FIRST_DRAWING_d_app_DAYS_EMPLOYED_std,0.0,0
7,f103_nyg_low_action_DAYS_FIRST_DRAWING_d_app_DAYS_LAST_PHONE_CHANGE_max,0.0,0
7,f103_nyg_low_action_DAYS_FIRST_DRAWING_d_app_DAYS_EMPLOYED_std_div_mean,0.0,0
7,f103_nyg_low_action_DAYS_FIRST_DRAWING_d_app_DAYS_ID_PUBLISH_std,0.0,0
7,f103_nyg_low_action_DAYS_FIRST_DRAWING_d_app_DAYS_EMPLOYED_min,0.0,0
7,f103_nyg_low_action_DAYS_FIRST_DRAWING_d_app_DAYS_ID_PUBLISH_max,0.0,0
7,f103_nyg_low_action_DAYS_FIRST_DRAWING_d_app_DAYS_BIRTH_std,0.0,0
7,f103_nyg_low_action_DAYS_FIRST_DRAWING_d_app_DAYS_REGISTRATION_min,0.0,0
7,f103_nyg_low_action_DAYS_FIRST_DRAWING_d_app_DAYS_ID_PUBLISH_std_div_mean,0.0,0
7,f103_nyg_low_action_DAYS_FIRST_DRAWING_d_app_DAYS_REGISTRATION_max,0.0,0
8,f103_nyg_low_action_DAYS_FIRST_DRAWING_d_app_DAYS_LAST_PHONE_CHANGE_max_div_min,0.0,0
8,f103_nyg_low_action_DAYS_FIRST_DRAWING_d_app_DAYS_LAST_PHONE_CHANGE_std_div_mean,0.0,0
8,f103_nyg_low_action_DAYS_FIRST_DRAWING_s_DAYS_DECISIONS_std,0.0,0
8,f103_nyg_low_action_DAYS_FIRST_DRAWING_d_app_DAYS_REGISTRATION_max_div_min,0.0,0
8,f103_nyg_low_action_DAYS_FIRST_DRAWING_d_app_DAYS_ID_PUBLISH_min,0.0,0
8,f103_nyg_low_action_DAYS_FIRST_DRAWING_s_DAYS_DECISIONS_min,0.0,0
8,f103_nyg_low_action_DAYS_FIRST_DRAWING_d_app_DAYS_LAST_PHONE_CHANGE_std,0.0,0
8,f103_nyg_low_action_DAYS_FIRST_DRAWING_d_app_DAYS_REGISTRATION_std,0.0,0
8,f103_nyg_low_action_DAYS_FIRST_DRAWING_s_app_DAYS_BIRTH_max,0.0,0
8,f103_nyg_low_action_DAYS_FIRST_DRAWING_d_app_DAYS_ID_PUBLISH_max_div_min,0.0,0
8,f103_nyg_low_action_DAYS_FIRST_DRAWING_d_app_DAYS_LAST_PHONE_CHANGE_min,0.0,0
8,f103_nyg_low_action_DAYS_FIRST_DRAWING_d_app_DAYS_LAST_PHONE_CHANGE_mean,0.0,0
8,f103_nyg_low_action_DAYS_FIRST_DRAWING_d_app_DAYS_REGISTRATION_mean,0.0,0
8,f103_nyg_low_action_DAYS_FIRST_DRAWING_s_app_DAYS_BIRTH_min,0.0,0
8,f103_nyg_low_action_DAYS_FIRST_DRAWING_s_app_DAYS_BIRTH_mean,0.0,0
8,f103_nyg_low_action_DAYS_FIRST_DRAWING_s_app_DAYS_BIRTH_max_div_min,0.0,0
8,f103_nyg_low_action_DAYS_FIRST_DRAWING_s_app_DAYS_EMPLOYED_min,0.0,0
8,f103_nyg_low_action_DAYS_FIRST_DRAWING_s_app_DAYS_EMPLOYED_max,0.0,0
8,f103_nyg_low_action_DAYS_FIRST_DRAWING_s_DAYS_DECISIONS_std_div_mean,0.0,0
8,f103_nyg_low_action_DAYS_FIRST_DRAWING_s_DAYS_DECISIONS_max,0.0,0
8,f103_nyg_low_action_DAYS_FIRST_DRAWING_d_app_DAYS_REGISTRATION_std_div_mean,0.0,0
8,f103_nyg_low_action_DAYS_FIRST_DRAWING_s_app_DAYS_EMPLOYED_max_div_min,0.0,0
8,f103_nyg_low_action_DAYS_FIRST_DRAWING_s_DAYS_DECISIONS_max_div_min,0.0,0
8,f103_nyg_low_action_DAYS_FIRST_DRAWING_s_app_DAYS_EMPLOYED_mean,0.0,0
8,f103_nyg_low_action_DAYS_FIRST_DRAWING_s_app_DAYS_BIRTH_std_div_mean,0.0,0
8,f103_nyg_low_action_DAYS_FIRST_DRAWING_s_app_DAYS_LAST_PHONE_CHANGE_min,0.0,0
8,f103_nyg_low_action_DAYS_FIRST_DRAWING_s_app_DAYS_EMPLOYED_std,0.0,0
8,f103_nyg_low_action_DAYS_FIRST_DRAWING_s_app_DAYS_EMPLOYED_std_div_mean,0.0,0
8,f103_nyg_low_action_DAYS_FIRST_DRAWING_s_app_DAYS_BIRTH_std,0.0,0
8,f103_nyg_low_action_DAYS_FIRST_DRAWING_s_app_DAYS_LAST_PHONE_CHANGE_mean,0.0,0
8,f103_nyg_low_action_DAYS_FIRST_DRAWING_s_app_DAYS_ID_PUBLISH_std,0.0,0
8,f103_nyg_low_action_DAYS_FIRST_DRAWING_s_app_DAYS_ID_PUBLISH_max_div_min,0.0,0
8,f103_nyg_low_action_DAYS_FIRST_DRAWING_s_DAYS_DECISIONS_mean,0.0,0
8,f103_nyg_low_action_DAYS_FIRST_DRAWING_s_app_DAYS_ID_PUBLISH_min,0.0,0
8,f103_nyg_low_action_DAYS_FIRST_DRAWING_s_app_DAYS_ID_PUBLISH_max,0.0,0
8,f103_nyg_low_action_DAYS_FIRST_DRAWING_s_app_DAYS_LAST_PHONE_CHANGE_max,0.0,0
8,f103_nyg_low_action_DAYS_FIRST_DRAWING_s_app_DAYS_ID_PUBLISH_mean,0.0,0
8,f103_nyg_low_action_DAYS_FIRST_DRAWING_s_app_DAYS_LAST_PHONE_CHANGE_std,0.0,0
8,f103_nyg_low_action_DAYS_FIRST_DRAWING_s_app_DAYS_REGISTRATION_max,0.0,0
8,f103_nyg_low_action_DAYS_FIRST_DRAWING_s_app_DAYS_LAST_PHONE_CHANGE_std_div_mean,0.0,0
8,f103_nyg_low_action_DAYS_FIRST_DRAWING_s_app_DAYS_REGISTRATION_mean,0.0,0
8,f103_nyg_low_action_DAYS_FIRST_DRAWING_s_app_DAYS_LAST_PHONE_CHANGE_max_div_min,0.0,0
8,f103_nyg_low_action_DAYS_FIRST_DRAWING_s_app_DAYS_REGISTRATION_min,0.0,0
8,f103_nyg_low_action_DAYS_FIRST_DRAWING_s_app_DAYS_REGISTRATION_std_div_mean,0.0,0
8,f103_nyg_low_action_DAYS_FIRST_DRAWING_s_app_DAYS_REGISTRATION_max_div_min,0.0,0
8,f103_nyg_low_action_DAYS_FIRST_DUE_d_app_DAYS_BIRTH_std_div_mean,0.0,0
8,f103_nyg_low_action_DAYS_FIRST_DRAWING_s_app_DAYS_ID_PUBLISH_std_div_mean,0.0,0
8,f103_nyg_low_action_DAYS_FIRST_DUE_d_app_DAYS_BIRTH_mean,1181.8858969807625,209
8,f103_nyg_low_action_DAYS_FIRST_DUE_d_app_DAYS_EMPLOYED_std,0.0,0
8,f103_nyg_low_action_DAYS_FIRST_DUE_d_app_DAYS_BIRTH_max_div_min,9.25387954711914,1
8,f103_nyg_low_action_DAYS_FIRST_DRAWING_s_app_DAYS_REGISTRATION_std,0.0,0
8,f103_nyg_low_action_DAYS_FIRST_DUE_d_app_DAYS_EMPLOYED_min,1594.9275382757187,208
8,f103_nyg_low_action_DAYS_FIRST_DUE_d_app_DAYS_BIRTH_max,1138.9109962582588,217
8,f103_nyg_low_action_DAYS_FIRST_DUE_d_app_DAYS_ID_PUBLISH_std_div_mean,0.0,0
8,f103_nyg_low_action_DAYS_FIRST_DUE_d_app_DAYS_EMPLOYED_max,1185.8815360665321,170
8,f103_nyg_low_action_DAYS_FIRST_DUE_d_app_DAYS_ID_PUBLISH_std,0.0,0
8,f103_nyg_low_action_DAYS_FIRST_DUE_d_app_DAYS_LAST_PHONE_CHANGE_min,1962.9256545901299,323
8,f103_nyg_low_action_DAYS_FIRST_DUE_d_app_DAYS_BIRTH_min,1260.9153399765491,229
8,f103_nyg_low_action_DAYS_FIRST_DUE_d_app_DAYS_EMPLOYED_mean,1109.7290343046188,129
8,f103_nyg_low_action_DAYS_FIRST_DUE_d_app_DAYS_REGISTRATION_std_div_mean,0.0,0
8,f103_nyg_low_action_DAYS_FIRST_DUE_d_app_DAYS_LAST_PHONE_CHANGE_max,1266.0814008414745,233
8,f103_nyg_low_action_DAYS_FIRST_DUE_d_app_DAYS_ID_PUBLISH_max_div_min,0.0,0
8,f103_nyg_low_action_DAYS_FIRST_DUE_d_app_DAYS_LAST_PHONE_CHANGE_std_div_mean,0.0,0
8,f103_nyg_low_action_DAYS_FIRST_DUE_d_app_DAYS_LAST_PHONE_CHANGE_mean,963.1818021535873,179
8,f103_nyg_low_action_DAYS_FIRST_DUE_d_app_DAYS_REGISTRATION_std,0.0,0
8,f103_nyg_low_action_DAYS_FIRST_DUE_d_app_DAYS_LAST_PHONE_CHANGE_max_div_min,9.319589614868164,1
8,f103_nyg_low_action_DAYS_FIRST_DUE_d_app_DAYS_REGISTRATION_max_div_min,0.0,0
8,f103_nyg_low_action_DAYS_FIRST_DUE_s_DAYS_FIRST_DRAWING_min,0.0,0
8,f103_nyg_low_action_DAYS_FIRST_DUE_s_DAYS_FIRST_DRAWING_mean,0.0,0
8,f103_nyg_low_action_DAYS_FIRST_DUE_s_DAYS_DECISIONS_std_div_mean,0.0,0
8,f103_nyg_low_action_DAYS_FIRST_DUE_s_app_DAYS_EMPLOYED_std,0.0,0
8,f103_nyg_low_action_DAYS_FIRST_DUE_s_DAYS_FIRST_DRAWING_std,0.0,0
8,f103_nyg_low_action_DAYS_FIRST_DUE_s_DAYS_FIRST_DRAWING_std_div_mean,0.0,0
8,f103_nyg_low_action_DAYS_FIRST_DUE_s_DAYS_DECISIONS_std,0.0,0
8,f103_nyg_low_action_DAYS_FIRST_DUE_s_DAYS_FIRST_DRAWING_max_div_min,0.0,0
8,f103_nyg_low_action_DAYS_FIRST_DUE_s_DAYS_FIRST_DRAWING_max,0.0,0
8,f103_nyg_low_action_DAYS_FIRST_DUE_s_app_DAYS_EMPLOYED_mean,619.5469691753387,115
8,f103_nyg_low_action_DAYS_FIRST_DUE_s_app_DAYS_BIRTH_std,0.0,0
8,f103_nyg_low_action_DAYS_FIRST_DUE_s_app_DAYS_BIRTH_max,829.3540705442429,134
8,f103_nyg_low_action_DAYS_FIRST_DUE_s_app_DAYS_EMPLOYED_max,475.4311713576317,91
8,f103_nyg_low_action_DAYS_FIRST_DUE_s_app_DAYS_BIRTH_min,937.9292188882828,115
8,f103_nyg_low_action_DAYS_FIRST_DUE_s_app_DAYS_BIRTH_mean,482.3165714740753,75
8,f103_nyg_low_action_DAYS_FIRST_DUE_s_app_DAYS_ID_PUBLISH_mean,877.4693015813828,162
8,f103_nyg_low_action_DAYS_FIRST_DUE_s_app_DAYS_ID_PUBLISH_max,919.9187222719193,165
8,f103_nyg_low_action_DAYS_FIRST_DUE_s_app_DAYS_ID_PUBLISH_std,0.0,0
8,f103_nyg_low_action_DAYS_FIRST_DUE_s_app_DAYS_ID_PUBLISH_min,554.7501223087311,96
8,f103_nyg_low_action_DAYS_FIRST_DUE_s_app_DAYS_EMPLOYED_min,570.5018003433943,103
8,f103_nyg_low_action_DAYS_FIRST_DUE_s_app_DAYS_LAST_PHONE_CHANGE_std,0.0,0
8,f103_nyg_low_action_DAYS_FIRST_DUE_s_app_DAYS_EMPLOYED_std_div_mean,0.0,0
8,f103_nyg_low_action_DAYS_FIRST_DUE_s_app_DAYS_LAST_PHONE_CHANGE_mean,795.2579892873764,136
8,f103_nyg_low_action_DAYS_FIRST_DUE_s_app_DAYS_LAST_PHONE_CHANGE_max,1056.5648761093616,164
8,f103_nyg_low_action_DAYS_FIRST_DUE_s_app_DAYS_REGISTRATION_std,0.0,0
8,f103_nyg_low_action_DAYS_FIRST_DUE_s_app_DAYS_LAST_PHONE_CHANGE_std_div_mean,0.0,0
8,f103_nyg_low_action_DAYS_FIRST_DUE_s_app_DAYS_LAST_PHONE_CHANGE_min,640.5704909563065,113
8,f103_nyg_low_action_DAYS_FIRST_DUE_s_app_DAYS_REGISTRATION_min,1217.419675797224,212
8,f103_nyg_low_action_DAYS_FIRST_DUE_s_app_DAYS_REGISTRATION_max,895.1030098199844,154
8,f103_nyg_low_action_DAYS_LAST_DUE_1ST_VERSION_d_app_DAYS_EMPLOYED_std,0.0,0
8,f103_nyg_low_action_DAYS_LAST_DUE_1ST_VERSION_d_app_DAYS_BIRTH_max,2356.630860686302,388
8,f103_nyg_low_action_DAYS_FIRST_DUE_s_app_DAYS_REGISTRATION_mean,739.6990509033203,126
8,f103_nyg_low_action_DAYS_LAST_DUE_1ST_VERSION_d_app_DAYS_REGISTRATION_std,0.0,0
8,f103_nyg_low_action_DAYS_LAST_DUE_1ST_VERSION_d_app_DAYS_ID_PUBLISH_std,0.0,0
8,f103_nyg_low_action_DAYS_LAST_DUE_1ST_VERSION_d_app_DAYS_BIRTH_std,0.0,0
8,f103_nyg_low_action_DAYS_LAST_DUE_1ST_VERSION_d_app_DAYS_LAST_PHONE_CHANGE_std,0.0,0
8,f103_nyg_low_action_DAYS_LAST_DUE_1ST_VERSION_d_app_DAYS_BIRTH_mean,1750.1344544887543,280
8,f103_nyg_low_action_DAYS_LAST_DUE_1ST_VERSION_s_DAYS_DECISIONS_std_div_mean,0.0,0
8,f103_nyg_low_action_DAYS_LAST_DUE_1ST_VERSION_s_DAYS_FIRST_DRAWING_std,0.0,0
8,f103_nyg_low_action_DAYS_LAST_DUE_1ST_VERSION_s_DAYS_FIRST_DRAWING_mean,0.0,0
8,f103_nyg_low_action_DAYS_LAST_DUE_1ST_VERSION_s_DAYS_DECISIONS_std,0.0,0
8,f103_nyg_low_action_DAYS_LAST_DUE_1ST_VERSION_s_DAYS_FIRST_DRAWING_max,0.0,0
8,f103_nyg_low_action_DAYS_LAST_DUE_1ST_VERSION_s_DAYS_FIRST_DRAWING_min,0.0,0
8,f103_nyg_low_action_DAYS_LAST_DUE_1ST_VERSION_s_app_DAYS_EMPLOYED_std_div_mean,0.0,0
8,f103_nyg_low_action_DAYS_LAST_DUE_1ST_VERSION_s_DAYS_FIRST_DUE_std,0.0,0
8,f103_nyg_low_action_DAYS_LAST_DUE_1ST_VERSION_s_app_DAYS_BIRTH_mean,1231.3767665028572,193
8,f103_nyg_low_action_DAYS_LAST_DUE_1ST_VERSION_s_app_DAYS_BIRTH_max,985.7611219882965,141
8,f103_nyg_low_action_DAYS_LAST_DUE_1ST_VERSION_s_DAYS_FIRST_DRAWING_max_div_min,0.0,0
8,f103_nyg_low_action_DAYS_LAST_DUE_1ST_VERSION_s_app_DAYS_EMPLOYED_mean,1021.4359501898289,180
8,f103_nyg_low_action_DAYS_LAST_DUE_1ST_VERSION_s_app_DAYS_EMPLOYED_max_div_min,0.0,0
8,f103_nyg_low_action_DAYS_LAST_DUE_1ST_VERSION_s_DAYS_FIRST_DUE_std_div_mean,0.0,0
8,f103_nyg_low_action_DAYS_LAST_DUE_1ST_VERSION_s_DAYS_FIRST_DRAWING_std_div_mean,0.0,0
8,f103_nyg_low_action_DAYS_LAST_DUE_1ST_VERSION_s_app_DAYS_EMPLOYED_max,797.1335854530334,131
8,f103_nyg_low_action_DAYS_LAST_DUE_1ST_VERSION_s_app_DAYS_ID_PUBLISH_max,923.6967520713806,169
8,f103_nyg_low_action_DAYS_LAST_DUE_1ST_VERSION_s_app_DAYS_ID_PUBLISH_std_div_mean,0.0,0
8,f103_nyg_low_action_DAYS_LAST_DUE_1ST_VERSION_s_app_DAYS_EMPLOYED_min,618.2906086444855,118
8,f103_nyg_low_action_DAYS_LAST_DUE_1ST_VERSION_s_app_DAYS_ID_PUBLISH_mean,797.2055088281631,141
8,f103_nyg_low_action_DAYS_LAST_DUE_1ST_VERSION_s_app_DAYS_ID_PUBLISH_min,832.1482923030853,146
8,f103_nyg_low_action_DAYS_LAST_DUE_1ST_VERSION_s_app_DAYS_BIRTH_std_div_mean,0.0,0
8,f103_nyg_low_action_DAYS_LAST_DUE_d_app_DAYS_EMPLOYED_std,0.0,0
8,f103_nyg_low_action_DAYS_LAST_DUE_d_app_DAYS_BIRTH_mean,551.1284400224686,94
8,f103_nyg_low_action_DAYS_LAST_DUE_d_app_DAYS_BIRTH_max,447.50942945480347,82
8,f103_nyg_low_action_DAYS_LAST_DUE_1ST_VERSION_s_app_DAYS_REGISTRATION_min,1152.6108947396278,214
8,f103_nyg_low_action_DAYS_LAST_DUE_1ST_VERSION_s_app_DAYS_REGISTRATION_max,1043.3148750662804,166
8,f103_nyg_low_action_DAYS_LAST_DUE_1ST_VERSION_s_app_DAYS_LAST_PHONE_CHANGE_min,836.2211493253708,153
8,f103_nyg_low_action_DAYS_LAST_DUE_d_app_DAYS_BIRTH_std_div_mean,0.0,0
8,f103_nyg_low_action_DAYS_LAST_DUE_1ST_VERSION_s_app_DAYS_REGISTRATION_mean,790.6464065313339,125
8,f103_nyg_low_action_DAYS_LAST_DUE_1ST_VERSION_s_app_DAYS_LAST_PHONE_CHANGE_mean,662.2288054823875,117
8,f103_nyg_low_action_DAYS_LAST_DUE_d_app_DAYS_ID_PUBLISH_std,0.0,0
8,f103_nyg_low_action_DAYS_LAST_DUE_d_app_DAYS_EMPLOYED_min,610.7396492958069,103
8,f103_nyg_low_action_DAYS_LAST_DUE_1ST_VERSION_s_app_DAYS_BIRTH_min,703.0162491798401,108
8,f103_nyg_low_action_DAYS_LAST_DUE_d_app_DAYS_BIRTH_min,499.11824429035187,88
8,f103_nyg_low_action_DAYS_LAST_DUE_d_app_DAYS_LAST_PHONE_CHANGE_std,0.0,0
8,f103_nyg_low_action_DAYS_LAST_DUE_d_app_DAYS_EMPLOYED_mean,337.4488694667816,62
8,f103_nyg_low_action_DAYS_LAST_DUE_1ST_VERSION_s_app_DAYS_LAST_PHONE_CHANGE_max,610.2453025579453,121
8,f103_nyg_low_action_DAYS_LAST_DUE_1ST_VERSION_s_app_DAYS_LAST_PHONE_CHANGE_std_div_mean,0.0,0
8,f103_nyg_low_action_DAYS_LAST_DUE_d_app_DAYS_EMPLOYED_max,341.2750598192215,59
8,f103_nyg_low_action_DAYS_LAST_DUE_d_app_DAYS_ID_PUBLISH_std_div_mean,0.0,0
8,f103_nyg_low_action_DAYS_LAST_DUE_d_app_DAYS_LAST_PHONE_CHANGE_mean,401.88546085357666,71
8,f103_nyg_low_action_DAYS_LAST_DUE_d_app_DAYS_EMPLOYED_std_div_mean,0.0,0
8,f103_nyg_low_action_DAYS_LAST_DUE_d_app_DAYS_REGISTRATION_std,0.0,0
8,f103_nyg_low_action_DAYS_LAST_DUE_d_app_DAYS_REGISTRATION_std_div_mean,0.0,0
8,f103_nyg_low_action_DAYS_LAST_DUE_d_app_DAYS_LAST_PHONE_CHANGE_min,602.4872004985809,97
8,f103_nyg_low_action_DAYS_LAST_DUE_d_app_DAYS_LAST_PHONE_CHANGE_std_div_mean,0.0,0
8,f103_nyg_low_action_DAYS_LAST_DUE_s_DAYS_FIRST_DRAWING_min,0.0,0
8,f103_nyg_low_action_DAYS_LAST_DUE_s_DAYS_FIRST_DUE_std_div_mean,0.0,0
8,f103_nyg_low_action_DAYS_LAST_DUE_s_DAYS_FIRST_DRAWING_std,0.0,0
8,f103_nyg_low_action_DAYS_LAST_DUE_d_app_DAYS_LAST_PHONE_CHANGE_max,394.48561775684357,75
8,f103_nyg_low_action_DAYS_LAST_DUE_s_DAYS_FIRST_DRAWING_max,0.0,0
8,f103_nyg_low_action_DAYS_LAST_DUE_s_DAYS_DECISIONS_std,0.0,0
8,f103_nyg_low_action_DAYS_LAST_DUE_s_DAYS_FIRST_DRAWING_mean,0.0,0
8,f103_nyg_low_action_DAYS_LAST_DUE_s_DAYS_FIRST_DRAWING_max_div_min,0.0,0
8,f103_nyg_low_action_DAYS_LAST_DUE_s_DAYS_FIRST_DRAWING_std_div_mean,0.0,0
8,f103_nyg_low_action_DAYS_LAST_DUE_s_DAYS_DECISIONS_std_div_mean,0.0,0
8,f103_nyg_low_action_DAYS_LAST_DUE_s_app_DAYS_BIRTH_std,0.0,0
8,f103_nyg_low_action_DAYS_LAST_DUE_s_DAYS_LAST_DUE_1ST_VERSION_std_div_mean,0.0,0
8,f103_nyg_low_action_DAYS_LAST_DUE_s_DAYS_LAST_DUE_1ST_VERSION_std,0.0,0
8,f103_nyg_low_action_DAYS_LAST_DUE_s_DAYS_FIRST_DUE_std,0.0,0
8,f103_nyg_low_action_DAYS_LAST_DUE_s_DAYS_LAST_DUE_1ST_VERSION_max_div_min,188.3176704645157,35
8,f103_nyg_low_action_DAYS_LAST_DUE_s_app_DAYS_BIRTH_min,570.2256868481636,104
8,f103_nyg_low_action_DAYS_LAST_DUE_s_app_DAYS_BIRTH_mean,237.32698917388916,40
8,f103_nyg_low_action_DAYS_LAST_DUE_s_app_DAYS_EMPLOYED_std,0.0,0
8,f103_nyg_low_action_DAYS_LAST_DUE_s_app_DAYS_EMPLOYED_mean,451.65356582403183,82
8,f103_nyg_low_action_DAYS_LAST_DUE_s_app_DAYS_REGISTRATION_std,0.0,0
8,f103_nyg_low_action_DAYS_LAST_DUE_s_app_DAYS_LAST_PHONE_CHANGE_max,471.8817471265793,78
8,f103_nyg_low_action_DAYS_LAST_DUE_s_app_DAYS_ID_PUBLISH_std,0.0,0
8,f103_nyg_low_action_DAYS_LAST_DUE_s_app_DAYS_EMPLOYED_max,378.0083804130554,67
8,f103_nyg_low_action_DAYS_LAST_DUE_s_app_DAYS_LAST_PHONE_CHANGE_std,0.0,0
8,f103_nyg_low_action_DAYS_LAST_DUE_s_app_DAYS_EMPLOYED_std_div_mean,0.0,0
8,f103_nyg_low_action_DAYS_LAST_DUE_s_app_DAYS_ID_PUBLISH_min,503.25876891613007,91
8,f103_nyg_low_action_DAYS_LAST_DUE_s_app_DAYS_BIRTH_max,360.766300201416,64
8,f103_nyg_low_action_DAYS_LAST_DUE_s_app_DAYS_EMPLOYED_min,269.16141986846924,50
8,f103_nyg_low_action_DAYS_LAST_DUE_s_app_DAYS_LAST_PHONE_CHANGE_mean,247.8469705581665,39
8,f103_nyg_low_action_DAYS_LAST_DUE_s_app_DAYS_ID_PUBLISH_mean,384.14929842948914,67
8,f103_nyg_low_action_DAYS_LAST_DUE_s_app_DAYS_REGISTRATION_max,579.9772517085075,101
8,f103_nyg_low_action_DAYS_LAST_DUE_s_app_DAYS_REGISTRATION_min,439.0190398693085,75
8,f103_nyg_low_action_DAYS_LAST_DUE_s_app_DAYS_ID_PUBLISH_max,430.3709405660629,72
8,f103_nyg_low_action_DAYS_TERMINATION_d_app_DAYS_BIRTH_std_div_mean,0.0,0
8,f103_nyg_low_action_DAYS_TERMINATION_d_app_DAYS_BIRTH_max,420.54220843315125,81
8,f103_nyg_low_action_DAYS_LAST_DUE_s_app_DAYS_REGISTRATION_mean,177.53342008590698,33
8,f103_nyg_low_action_DAYS_LAST_DUE_s_app_DAYS_LAST_PHONE_CHANGE_min,322.9086592197418,52
8,f103_nyg_low_action_DAYS_TERMINATION_d_app_DAYS_ID_PUBLISH_std,0.0,0
8,f103_nyg_low_action_DAYS_TERMINATION_d_app_DAYS_EMPLOYED_std,0.0,0
8,f103_nyg_low_action_DAYS_TERMINATION_d_app_DAYS_ID_PUBLISH_std_div_mean,0.0,0
8,f103_nyg_low_action_DAYS_TERMINATION_d_app_DAYS_EMPLOYED_max,409.4439500570297,72
8,f103_nyg_low_action_DAYS_TERMINATION_d_app_DAYS_BIRTH_mean,278.9994900226593,51
8,f103_nyg_low_action_DAYS_TERMINATION_d_app_DAYS_BIRTH_min,558.4151511192322,96
8,f103_nyg_low_action_DAYS_TERMINATION_d_app_DAYS_LAST_PHONE_CHANGE_mean,547.3638269901276,100
8,f103_nyg_low_action_DAYS_TERMINATION_d_app_DAYS_EMPLOYED_mean,320.06617999076843,56
8,f103_nyg_low_action_DAYS_TERMINATION_d_app_DAYS_LAST_PHONE_CHANGE_std_div_mean,0.0,0
8,f103_nyg_low_action_DAYS_TERMINATION_d_app_DAYS_REGISTRATION_std,0.0,0
8,f103_nyg_low_action_DAYS_TERMINATION_d_app_DAYS_LAST_PHONE_CHANGE_std,0.0,0
8,f103_nyg_low_action_DAYS_TERMINATION_s_DAYS_FIRST_DRAWING_max_div_min,0.0,0
8,f103_nyg_low_action_DAYS_TERMINATION_s_DAYS_FIRST_DRAWING_mean,0.0,0
8,f103_nyg_low_action_DAYS_TERMINATION_d_app_DAYS_EMPLOYED_min,637.4272207021713,100
8,f103_nyg_low_action_DAYS_TERMINATION_s_DAYS_DECISIONS_std,0.0,0
8,f103_nyg_low_action_DAYS_TERMINATION_d_app_DAYS_REGISTRATION_std_div_mean,0.0,0
8,f103_nyg_low_action_DAYS_TERMINATION_d_app_DAYS_LAST_PHONE_CHANGE_max,288.3324110507965,51
8,f103_nyg_low_action_DAYS_TERMINATION_s_DAYS_DECISIONS_std_div_mean,0.0,0
8,f103_nyg_low_action_DAYS_TERMINATION_s_DAYS_FIRST_DUE_std_div_mean,0.0,0
8,f103_nyg_low_action_DAYS_TERMINATION_s_DAYS_FIRST_DRAWING_max,0.0,0
8,f103_nyg_low_action_DAYS_TERMINATION_s_DAYS_FIRST_DRAWING_std,0.0,0
8,f103_nyg_low_action_DAYS_TERMINATION_s_DAYS_FIRST_DUE_std,0.0,0
8,f103_nyg_low_action_DAYS_TERMINATION_s_DAYS_LAST_DUE_std,0.0,0
8,f103_nyg_low_action_DAYS_TERMINATION_s_DAYS_LAST_DUE_1ST_VERSION_std,0.0,0
8,f103_nyg_low_action_DAYS_TERMINATION_s_DAYS_FIRST_DRAWING_min,0.0,0
8,f103_nyg_low_action_DAYS_TERMINATION_d_app_DAYS_LAST_PHONE_CHANGE_min,422.52522897720337,81
8,f103_nyg_low_action_DAYS_TERMINATION_s_DAYS_FIRST_DRAWING_std_div_mean,0.0,0
8,f103_nyg_low_action_DAYS_TERMINATION_s_DAYS_LAST_DUE_1ST_VERSION_std_div_mean,0.0,0
8,f103_nyg_low_action_DAYS_TERMINATION_s_app_DAYS_ID_PUBLISH_std_div_mean,0.0,0
8,f103_nyg_low_action_DAYS_TERMINATION_s_app_DAYS_EMPLOYED_max,354.2105004787445,65
8,f103_nyg_low_action_DAYS_TERMINATION_s_app_DAYS_BIRTH_max,506.43332755565643,94
8,f103_nyg_low_action_DAYS_TERMINATION_s_DAYS_LAST_DUE_std_div_mean,0.0,0
8,f103_nyg_low_action_DAYS_TERMINATION_s_app_DAYS_BIRTH_std,0.0,0
8,f103_nyg_low_action_DAYS_TERMINATION_s_app_DAYS_EMPLOYED_std_div_mean,0.0,0
8,f103_nyg_low_action_DAYS_TERMINATION_s_app_DAYS_EMPLOYED_std,0.0,0
8,f103_nyg_low_action_DAYS_TERMINATION_s_app_DAYS_ID_PUBLISH_std,0.0,0
8,f103_nyg_low_action_DAYS_TERMINATION_s_app_DAYS_EMPLOYED_mean,272.9840101003647,48
8,f103_nyg_low_action_DAYS_TERMINATION_s_app_DAYS_ID_PUBLISH_max,596.5728676319122,89
8,f103_nyg_low_action_DAYS_TERMINATION_s_app_DAYS_EMPLOYED_min,244.1559193134308,45
8,f103_nyg_low_action_DAYS_TERMINATION_s_app_DAYS_REGISTRATION_max,588.4812190532684,103
8,f103_nyg_low_action_DAYS_TERMINATION_s_app_DAYS_REGISTRATION_std,0.0,0
8,f103_nyg_low_action_DAYS_TERMINATION_s_app_DAYS_ID_PUBLISH_mean,489.4905596971512,79
8,f103_nyg_low_action_DAYS_TERMINATION_s_app_DAYS_BIRTH_min,283.19091987609863,53
8,f103_nyg_low_action_DAYS_TERMINATION_s_app_DAYS_LAST_PHONE_CHANGE_max,571.5122127532959,98
8,f103_nyg_low_action_DAYS_TERMINATION_s_app_DAYS_LAST_PHONE_CHANGE_min,519.1759071350098,99
8,f103_nyg_low_action_DAYS_TERMINATION_s_app_DAYS_LAST_PHONE_CHANGE_mean,224.78051960468292,41
8,f103_nyg_low_action_HOUR_APPR_PROCESS_START_std,211.84089875221252,36
8,f103_nyg_low_action_DAYS_TERMINATION_s_app_DAYS_REGISTRATION_mean,360.3122613430023,60
8,f103_nyg_low_action_NAME_CASH_LOAN_PURPOSE_Buying_a_home_mean,0.0,0
8,f103_nyg_low_action_DAYS_TERMINATION_s_app_DAYS_BIRTH_mean,319.9680404663086,54
8,f103_nyg_low_action_NAME_CASH_LOAN_PURPOSE_XAP_sum,45.66792964935303,5
8,f103_nyg_low_action_NAME_CLIENT_TYPE_New_mean,95.39222931861877,17
8,f103_nyg_low_action_NAME_CASH_LOAN_PURPOSE_Buying_a_home_sum,0.0,0
8,f103_nyg_low_action_DAYS_TERMINATION_s_app_DAYS_LAST_PHONE_CHANGE_std,0.0,0
8,f103_nyg_low_action_HOUR_APPR_PROCESS_START_std_div_mean,183.76523089408875,33
8,f103_nyg_low_action_NAME_CLIENT_TYPE_Refreshed_mean,135.23439049720764,23
8,f103_nyg_low_action_NAME_CASH_LOAN_PURPOSE_XAP_mean,22.206010341644287,4
8,f103_nyg_low_action_DAYS_TERMINATION_s_app_DAYS_ID_PUBLISH_min,253.21953612565994,46
8,f103_nyg_low_action_DAYS_TERMINATION_s_app_DAYS_REGISTRATION_min,248.46793055534363,44
8,f103_nyg_low_action_NAME_CONTRACT_STATUS_Approved_mean,131.34499490261078,22
8,f103_nyg_low_action_NAME_CASH_LOAN_PURPOSE_XNA_mean,104.20627093315125,18
8,f103_nyg_low_action_NAME_CONTRACT_TYPE_Cash_loans_mean,5.528240203857422,1
8,f103_nyg_low_action_NAME_CONTRACT_STATUS_Approved_sum,4.61860990524292,1
8,f103_nyg_low_action_NAME_CONTRACT_STATUS_Refused_sum,62.96382975578308,11
8,f103_nyg_low_action_NAME_CONTRACT_STATUS_Refused_mean,155.53985023498535,25
8,f103_nyg_low_action_NAME_CLIENT_TYPE_New_sum,24.371559619903564,4
8,f103_nyg_low_action_NAME_GOODS_CATEGORY_Audio_Video_mean,178.0423402786255,32
8,f103_nyg_low_action_NAME_CLIENT_TYPE_Refreshed_sum,22.75548028945923,5
8,f103_nyg_low_action_NAME_CONTRACT_TYPE_Consumer_loans_mean,7.8935301303863525,2
8,f103_nyg_low_action_NAME_GOODS_CATEGORY_Furniture_sum,25.493720054626465,4
8,f103_nyg_low_action_NAME_GOODS_CATEGORY_Computers_mean,317.6700699329376,54
8,f103_nyg_low_action_NAME_CONTRACT_TYPE_Consumer_loans_sum,0.0,0
8,f103_nyg_low_action_NAME_GOODS_CATEGORY_Mobile_sum,6.006760120391846,1
8,f103_nyg_low_action_NAME_GOODS_CATEGORY_Mobile_mean,0.0,0
8,f103_nyg_low_action_NAME_GOODS_CATEGORY_Furniture_mean,125.76188850402832,19
8,f103_nyg_low_action_NAME_GOODS_CATEGORY_XNA_mean,42.98330998420715,8
8,f103_nyg_low_action_NAME_GOODS_CATEGORY_Medical_Supplies_sum,0.0,0
8,f103_nyg_low_action_NAME_PAYMENT_TYPE_Cash_through_the_bank_sum,172.67161059379578,31
8,f103_nyg_low_action_NAME_GOODS_CATEGORY_Medical_Supplies_mean,0.0,0
8,f103_nyg_low_action_NAME_PORTFOLIO_Cash_mean,0.0,0
8,f103_nyg_low_action_NAME_GOODS_CATEGORY_Computers_sum,40.570250034332275,7
8,f103_nyg_low_action_NAME_PORTFOLIO_POS_sum,18.947640419006348,2
8,f103_nyg_low_action_NAME_PRODUCT_TYPE_XNA_mean,0.0,0
8,f103_nyg_low_action_NAME_SELLER_INDUSTRY_Furniture_mean,81.33660960197449,13
8,f103_nyg_low_action_NAME_PORTFOLIO_POS_mean,24.159029960632324,5
8,f103_nyg_low_action_NAME_SELLER_INDUSTRY_Industry_sum,0.0,0
8,f103_nyg_low_action_NAME_PRODUCT_TYPE_x_sell_mean,71.93020951747894,13
8,f103_nyg_low_action_NAME_PRODUCT_TYPE_XNA_sum,0.0,0
8,f103_nyg_low_action_NAME_SELLER_INDUSTRY_Furniture_sum,43.52846002578735,8
8,f103_nyg_low_action_NAME_SELLER_INDUSTRY_Consumer_electronics_sum,65.82984042167664,10
8,f103_nyg_low_action_NAME_SELLER_INDUSTRY_Industry_mean,0.0,0
8,f103_nyg_low_action_NAME_SELLER_INDUSTRY_Consumer_electronics_mean,210.81505942344666,32
8,f103_nyg_low_action_NAME_SELLER_INDUSTRY_XNA_mean,65.73224925994873,11
8,f103_nyg_low_action_RATE_DOWN_PAYMENT_max_div_min,26.426969528198242,5
8,f103_nyg_low_action_PRODUCT_COMBINATION_POS_industry_without_interest_sum,66.60969972610474,12
8,f103_nyg_low_action_PRODUCT_COMBINATION_POS_household_without_interest_mean,315.8821885585785,36
8,f103_nyg_low_action_PRODUCT_COMBINATION_POS_others_without_interest_mean,0.0,0
8,f103_nyg_low_action_PRODUCT_COMBINATION_POS_industry_without_interest_mean,60.075079917907715,11
8,f103_nyg_low_action_RATE_DOWN_PAYMENT_std_div_mean,0.0,0
8,f103_nyg_low_action_PRODUCT_COMBINATION_POS_household_without_interest_sum,56.855199575424194,8
8,f103_nyg_low_action_RATE_DOWN_PAYMENT_mean,56.602829933166504,10
8,f103_nyg_low_action_RATE_DOWN_PAYMENT_max,193.90426087379456,33
8,f103_nyg_low_action_RATE_INTEREST_PRIMARY_min,0.0,0
8,f103_nyg_low_action_RATE_INTEREST_PRIMARY_max_div_min,0.0,0
8,f103_nyg_low_action_RATE_DOWN_PAYMENT_std,4.763579845428467,1
8,f103_nyg_low_action_RATE_INTEREST_PRIMARY_std,0.0,0
8,f103_nyg_low_action_RATE_INTEREST_PRIMARY_mean,0.0,0
8,f103_nyg_low_action_PRODUCT_COMBINATION_POS_others_without_interest_sum,0.0,0
8,f103_nyg_low_action_RATE_INTEREST_PRIMARY_max,0.0,0
8,f103_nyg_low_action_RATE_DOWN_PAYMENT_min,36.60205006599426,7
8,f103_nyg_low_action_RATE_INTEREST_PRIMARY_std_div_mean,0.0,0
8,f103_nyg_low_action_RATE_INTEREST_PRIVILEGED_max_div_min,0.0,0
8,f103_nyg_low_action_RATE_INTEREST_PRIVILEGED_std_div_mean,0.0,0
8,f103_nyg_low_action_RATE_INTEREST_PRIVILEGED_std,0.0,0
8,f103_nyg_low_action_SELLERPLACE_AREA_std,49.891929626464844,9
8,f103_nyg_low_action_RATE_INTEREST_PRIVILEGED_min,0.0,0
8,f103_nyg_low_action_RATE_INTEREST_PRIVILEGED_mean,0.0,0
8,f103_nyg_low_action_WEEKDAY_APPR_PROCESS_START_SATURDAY_mean,303.52265882492065,50
8,f103_nyg_low_action_active_std_div_mean,55.859519958496094,9
8,f103_nyg_low_action_RATE_INTEREST_PRIVILEGED_max,0.0,0
8,f103_nyg_low_action_WEEKDAY_APPR_PROCESS_START_MONDAY_sum,389.22040939331055,63
8,f103_nyg_low_action_amt_paid_sum,1238.3701419830322,220
8,f103_nyg_low_action_active_std,83.28484034538269,16
8,f103_nyg_low_action_WEEKDAY_APPR_PROCESS_START_SATURDAY_sum,59.89272999763489,11
8,f103_nyg_low_action_amt_paid_max,1069.255682528019,182
8,f103_nyg_low_action_amt_paid_std_div_mean,0.0,0
8,f103_nyg_low_action_WEEKDAY_APPR_PROCESS_START_WEDNESDAY_mean,306.5342483520508,50
8,f103_nyg_low_action_amt_paid_min,1080.7184494137764,195
8,f103_nyg_low_action_cnt_paid_ratio_std_div_mean,0.0,0
8,f103_nyg_low_action_amt_unpaid_std_div_mean,0.0,0
8,f103_nyg_low_action_cnt_paid_ratio_std,0.0,0
8,f103_nyg_low_action_cnt_paid_std,0.0,0
8,f103_nyg_low_action_amt_paid_mean,913.0438839197159,156
8,f103_nyg_low_action_cnt_paid_std_div_mean,0.0,0
8,f103_nyg_low_action_completed_std_div_mean,6.342450141906738,1
8,f103_nyg_low_action_cnt_unpaid_std_div_mean,0.0,0
8,f103_nyg_low_action_completed_std,48.367860317230225,6
8,f103_nyg_low_action_completed_max,25.411499977111816,2
8,f103_nyg_low_action_completed_mean,37.84161043167114,8
8,f103_nyg_low_action_interest_rate_diff_std,89.05995035171509,17
8,f103_nyg_low_action_interest_rate_diff_min,3419.055107206106,605
8,f103_nyg_low_action_completed_sum,4.568749904632568,1
8,f103_nyg_low_action_total_debt_diff_std,51.457990407943726,11
8,f103_nyg_low_action_interest_rate_std_div_mean,218.41232872009277,40
8,f103_nyg_low_action_interest_rate_pctchange_std,78.8204698562622,17
8,f103_nyg_low_action_total_debt_std,368.1981325149536,58
8,f103_nyg_low_action_total_debt_max,1206.6446060836315,225
8,f103_nyg_low_action_total_debt_pctchange_std,87.97793054580688,16
8,f103_nyg_low_action_total_debt_diff_min,1084.5326989293098,199
8,f103_nyg_low_action_total_debt_mean,1087.1399030685425,201
8,f103_nyg_low_action_total_debt_diff_mean,1044.8487348556519,193
8,f103_nyg_low_action_total_debt_std_div_mean,148.62849044799805,26
8,f103_nyg_low_action_total_debt_pctchange_std_div_mean,32.45025014877319,7
8,f103_nyg_low_action_total_debt_diff_max,1195.9900206327438,218
8,f103_nyg_low_action_total_debt_pctchange_mean,1109.8905184268951,189
8,f103_nyg_low_action_total_debt_min,1302.4785204529762,234
8,f103_nyg_low_action_total_debt_pctchange_min,1248.7150967419147,228
8,f103_nyg_low_normal_AMT_ANNUITY_d_app_AMT_ANNUITY_diff_max,2012.1345534324646,343
8,f103_nyg_low_action_total_debt_pctchange_max,1093.6626476049423,187
8,f103_nyg_low_normal_AMT_ANNUITY_d_app_AMT_ANNUITY_pctchange_std,670.9831409454346,115
8,f103_nyg_low_normal_AMT_ANNUITY_d_app_AMT_ANNUITY_diff_mean,1942.1953617334366,325
8,f103_nyg_low_normal_AMT_ANNUITY_d_app_AMT_ANNUITY_max,2782.6205226182938,442
8,f103_nyg_low_normal_AMT_ANNUITY_d_app_AMT_ANNUITY_mean,3031.677515745163,448
8,f103_nyg_low_normal_AMT_ANNUITY_d_app_AMT_CREDIT_diff_max,1222.6146692037582,200
8,f103_nyg_low_normal_AMT_ANNUITY_d_app_AMT_ANNUITY_std_div_mean,685.8358523845673,113
8,f103_nyg_low_normal_AMT_ANNUITY_d_app_AMT_ANNUITY_diff_min,1852.6049193143845,318
8,f103_nyg_low_normal_AMT_ANNUITY_d_app_AMT_ANNUITY_std,844.0345966815948,141
8,f103_nyg_low_normal_AMT_ANNUITY_d_app_AMT_ANNUITY_min,3574.0260939598083,533
8,f103_nyg_low_normal_AMT_ANNUITY_d_app_AMT_ANNUITY_pctchange_mean,2453.756007671356,409
8,f103_nyg_low_normal_AMT_ANNUITY_d_app_AMT_CREDIT_diff_min,1642.1788128763437,282
8,f103_nyg_low_normal_AMT_ANNUITY_d_app_AMT_ANNUITY_pctchange_min,2111.5781459212303,343
8,f103_nyg_low_normal_AMT_ANNUITY_d_app_AMT_CREDIT_std_div_mean,344.64137053489685,58
8,f103_nyg_low_normal_AMT_ANNUITY_d_app_AMT_CREDIT_std,783.0945258140564,126
8,f103_nyg_low_normal_AMT_ANNUITY_d_app_AMT_CREDIT_mean,3062.023903489113,457
8,f103_nyg_low_normal_AMT_ANNUITY_d_app_AMT_CREDIT_diff_mean,1023.1700632572174,164
8,f103_nyg_low_normal_AMT_ANNUITY_d_app_AMT_CREDIT_pctchange_std,269.5780019760132,45
8,f103_nyg_low_normal_AMT_ANNUITY_d_app_AMT_CREDIT_pctchange_mean,1043.4139775037766,161
8,f103_nyg_low_normal_AMT_ANNUITY_d_app_AMT_CREDIT_pctchange_min,1004.4100938141346,153
8,f103_nyg_low_normal_AMT_ANNUITY_d_app_AMT_CREDIT_max,2686.933341860771,428
8,f103_nyg_low_normal_AMT_ANNUITY_d_app_AMT_CREDIT_min,2824.5953738093376,451
8,f103_nyg_low_normal_AMT_ANNUITY_d_app_AMT_GOODS_PRICE_diff_max,1575.1703921556473,261
8,f103_nyg_low_normal_AMT_ANNUITY_d_app_AMT_GOODS_PRICE_pctchange_std,197.14892101287842,33
8,f103_nyg_low_normal_AMT_ANNUITY_d_app_AMT_INCOME_TOTAL_diff_std,675.0986890792847,123
8,f103_nyg_low_normal_AMT_ANNUITY_d_app_AMT_GOODS_PRICE_std_div_mean,174.4082293510437,29
8,f103_nyg_low_normal_AMT_ANNUITY_d_app_AMT_GOODS_PRICE_diff_mean,1668.7874279022217,265
8,f103_nyg_low_normal_AMT_ANNUITY_d_app_AMT_GOODS_PRICE_pctchange_mean,744.2282193899155,113
8,f103_nyg_low_normal_AMT_ANNUITY_d_app_AMT_GOODS_PRICE_diff_min,1881.4570240974426,308
8,f103_nyg_low_normal_AMT_ANNUITY_d_app_AMT_GOODS_PRICE_std,620.0843825340271,104
8,f103_nyg_low_normal_AMT_ANNUITY_d_app_AMT_GOODS_PRICE_pctchange_min,774.8733217120171,132
8,f103_nyg_low_normal_AMT_ANNUITY_d_app_AMT_GOODS_PRICE_min,2985.939221262932,492
8,f103_nyg_low_normal_AMT_ANNUITY_d_app_AMT_GOODS_PRICE_max,2816.5427412986755,449
8,f103_nyg_low_normal_AMT_ANNUITY_d_app_AMT_GOODS_PRICE_mean,2458.9016735851765,406
8,f103_nyg_low_normal_AMT_ANNUITY_d_app_AMT_INCOME_TOTAL_diff_mean,1336.006902217865,232
8,f103_nyg_low_normal_AMT_ANNUITY_d_app_AMT_INCOME_TOTAL_pctchange_std,87.4236798286438,14
8,f103_nyg_low_normal_AMT_ANNUITY_d_app_AMT_INCOME_TOTAL_diff_max,1820.1183941364288,314
8,f103_nyg_low_normal_AMT_ANNUITY_d_app_AMT_INCOME_TOTAL_diff_min,1601.26531624794,277
8,f103_nyg_low_normal_AMT_ANNUITY_d_app_AMT_INCOME_TOTAL_max,4100.422720789909,633
8,f103_nyg_low_normal_AMT_ANNUITY_d_app_AMT_INCOME_TOTAL_mean,3527.056147813797,566
8,f103_nyg_low_normal_AMT_ANNUITY_m_app_AMT_GOODS_PRICE_d_app_AMT_INCOME_TOTAL_diff_std,284.0722601413727,48
8,f103_nyg_low_normal_AMT_ANNUITY_d_app_AMT_INCOME_TOTAL_std_div_mean,94.3185408115387,15
8,f103_nyg_low_normal_AMT_ANNUITY_d_app_AMT_INCOME_TOTAL_pctchange_mean,247.77313923835754,36
8,f103_nyg_low_normal_AMT_ANNUITY_d_app_AMT_INCOME_TOTAL_pctchange_min,313.1660997867584,45
8,f103_nyg_low_normal_AMT_ANNUITY_m_app_AMT_GOODS_PRICE_d_app_AMT_INCOME_TOTAL_diff_max,945.4065868854523,158
8,f103_nyg_low_normal_AMT_ANNUITY_d_app_AMT_INCOME_TOTAL_min,4308.3053886294365,687
8,f103_nyg_low_normal_AMT_ANNUITY_s_app_AMT_ANNUITY_d_app_AMT_INCOME_TOTAL_diff_std,174.85258102416992,29
8,f103_nyg_low_normal_AMT_ANNUITY_m_app_AMT_GOODS_PRICE_d_app_AMT_INCOME_TOTAL_diff_mean,686.9358592033386,111
8,f103_nyg_low_normal_AMT_ANNUITY_min,3883.1821521520615,610
8,f103_nyg_low_normal_AMT_ANNUITY_max,3420.7855526804924,543
8,f103_nyg_low_normal_AMT_ANNUITY_mean,3199.9896475076675,522
8,f103_nyg_low_normal_AMT_ANNUITY_m_app_AMT_GOODS_PRICE_d_app_AMT_INCOME_TOTAL_diff_min,754.1976872086525,127
8,f103_nyg_low_normal_AMT_ANNUITY_s_app_AMT_ANNUITY_d_app_AMT_INCOME_TOTAL_diff_min,270.1821393966675,47
8,f103_nyg_low_normal_AMT_ANNUITY_s_app_AMT_ANNUITY_d_app_AMT_INCOME_TOTAL_diff_mean,303.52051067352295,48
8,f103_nyg_low_normal_AMT_ANNUITY_s_app_AMT_ANNUITY_d_app_AMT_INCOME_TOTAL_min,3262.5871775746346,534
8,f103_nyg_low_normal_AMT_ANNUITY_s_app_AMT_ANNUITY_d_app_AMT_INCOME_TOTAL_max,3321.9060267210007,540
8,f103_nyg_low_normal_AMT_ANNUITY_s_app_AMT_ANNUITY_d_app_AMT_INCOME_TOTAL_diff_max,440.4747726917267,73
8,f103_nyg_low_normal_AMT_ANNUITY_s_app_AMT_ANNUITY_d_app_AMT_INCOME_TOTAL_mean,2669.705950908363,442
8,f103_nyg_low_normal_AMT_ANNUITY_s_app_AMT_ANNUITY_diff_max,1773.8008440732956,294
8,f103_nyg_low_normal_AMT_ANNUITY_s_app_AMT_ANNUITY_diff_mean,1646.1093207597733,269
8,f103_nyg_low_normal_AMT_ANNUITY_s_app_AMT_ANNUITY_diff_std,439.85661029815674,75
8,f103_nyg_low_normal_AMT_ANNUITY_s_app_AMT_ANNUITY_min,3532.1750229001045,549
8,f103_nyg_low_normal_AMT_ANNUITY_s_app_AMT_ANNUITY_diff_min,1547.5794900655746,267
8,f103_nyg_low_normal_AMT_ANNUITY_s_app_AMT_ANNUITY_mean,3148.458824902773,488
8,f103_nyg_low_normal_AMT_ANNUITY_s_app_AMT_ANNUITY_max,3241.660803258419,520
8,f103_nyg_low_normal_AMT_ANNUITY_s_app_AMT_CREDIT_d_app_AMT_INCOME_TOTAL_diff_max,182.8158402442932,27
8,f103_nyg_low_normal_AMT_ANNUITY_s_app_AMT_CREDIT_d_app_AMT_INCOME_TOTAL_diff_std,17.124069690704346,4
8,f103_nyg_low_normal_AMT_ANNUITY_s_app_AMT_CREDIT_d_app_AMT_INCOME_TOTAL_diff_min,124.45485067367554,23
8,f103_nyg_low_normal_AMT_ANNUITY_s_app_AMT_CREDIT_d_app_AMT_INCOME_TOTAL_pctchange_min,1176.919207572937,192
8,f103_nyg_low_normal_AMT_ANNUITY_s_app_AMT_CREDIT_d_app_AMT_INCOME_TOTAL_diff_mean,130.9345304965973,22
8,f103_nyg_low_normal_AMT_ANNUITY_s_app_AMT_CREDIT_diff_std,122.01065039634705,22
8,f103_nyg_low_normal_AMT_ANNUITY_s_app_AMT_CREDIT_diff_mean,516.4746005535126,76
8,f103_nyg_low_normal_AMT_ANNUITY_s_app_AMT_CREDIT_diff_min,736.9407522678375,125
8,f103_nyg_low_normal_AMT_ANNUITY_s_app_AMT_CREDIT_diff_max,824.5117571353912,123
8,f103_nyg_low_normal_AMT_ANNUITY_s_app_AMT_CREDIT_d_app_AMT_INCOME_TOTAL_pctchange_mean,1313.9842706918716,222
8,f103_nyg_low_normal_AMT_ANNUITY_s_app_AMT_CREDIT_min,3571.6863093078136,565
8,f103_nyg_low_normal_AMT_ANNUITY_s_app_AMT_CREDIT_pctchange_mean,342.0712387561798,57
8,f103_nyg_low_normal_AMT_ANNUITY_s_app_AMT_GOODS_PRICE_diff_std,238.18368911743164,42
8,f103_nyg_low_normal_AMT_ANNUITY_s_app_AMT_CREDIT_pctchange_min,373.52961254119873,65
8,f103_nyg_low_normal_AMT_ANNUITY_s_app_AMT_GOODS_PRICE_diff_mean,728.5998611450195,111
8,f103_nyg_low_normal_AMT_ANNUITY_s_app_AMT_CREDIT_max,3298.092193067074,542
8,f103_nyg_low_normal_AMT_ANNUITY_s_app_AMT_CREDIT_mean,3105.743463873863,476
8,f103_nyg_low_normal_AMT_ANNUITY_s_app_AMT_GOODS_PRICE_mean,3888.872210621834,557
8,f103_nyg_low_normal_AMT_ANNUITY_s_app_AMT_GOODS_PRICE_diff_min,581.6222552657127,103
8,f103_nyg_low_normal_AMT_ANNUITY_s_app_AMT_GOODS_PRICE_diff_max,632.9726514816284,104
8,f103_nyg_low_normal_AMT_ANNUITY_s_app_AMT_GOODS_PRICE_min,4597.817457556725,649
8,f103_nyg_low_normal_AMT_ANNUITY_s_app_AMT_GOODS_PRICE_max,3543.7882059067488,533
8,f103_nyg_low_normal_AMT_ANNUITY_s_app_AMT_INCOME_TOTAL_diff_mean,130.73898935317993,16
8,f103_nyg_low_normal_AMT_ANNUITY_s_app_AMT_INCOME_TOTAL_diff_std,20.30299997329712,3
8,f103_nyg_low_normal_AMT_APPLICATION_d_app_AMT_ANNUITY_diff_std,446.1557409763336,80
8,f103_nyg_low_normal_AMT_ANNUITY_s_app_AMT_INCOME_TOTAL_std_div_mean,1388.1697487831116,235
8,f103_nyg_low_normal_AMT_ANNUITY_s_app_AMT_INCOME_TOTAL_diff_min,178.69365072250366,31
8,f103_nyg_low_normal_AMT_ANNUITY_s_app_AMT_INCOME_TOTAL_diff_max,176.88650107383728,30
8,f103_nyg_low_normal_AMT_ANNUITY_std_div_mean,48.281880378723145,8
8,f103_nyg_low_normal_AMT_APPLICATION_d_app_AMT_ANNUITY_pctchange_std,609.6875517368317,96
8,f103_nyg_low_normal_AMT_APPLICATION_d_app_AMT_ANNUITY_diff_std_div_mean,581.992320895195,107
8,f103_nyg_low_normal_AMT_APPLICATION_d_app_AMT_ANNUITY_std_div_mean,1057.8195440769196,164
8,f103_nyg_low_normal_AMT_APPLICATION_d_app_AMT_CREDIT_pctchange_std,349.7935607433319,49
8,f103_nyg_low_normal_AMT_APPLICATION_d_app_AMT_GOODS_PRICE_std_div_mean,586.9044704437256,97
8,f103_nyg_low_normal_AMT_APPLICATION_d_app_AMT_GOODS_PRICE_pctchange_std,205.52955985069275,37
8,f103_nyg_low_normal_AMT_APPLICATION_m_app_AMT_GOODS_PRICE_d_app_AMT_INCOME_TOTAL_diff_std_div_mean,327.46102023124695,54
8,f103_nyg_low_normal_AMT_APPLICATION_d_app_AMT_INCOME_TOTAL_diff_std,754.9131102561951,126
8,f103_nyg_low_normal_AMT_APPLICATION_d_app_AMT_GOODS_PRICE_pctchange_std_div_mean,603.31576192379,112
8,f103_nyg_low_normal_AMT_APPLICATION_d_app_AMT_INCOME_TOTAL_std,751.2593188285828,126
8,f103_nyg_low_normal_AMT_APPLICATION_m_app_AMT_GOODS_PRICE_d_app_AMT_INCOME_TOTAL_diff_std,252.92132258415222,44
8,f103_nyg_low_normal_AMT_APPLICATION_d_app_AMT_INCOME_TOTAL_pctchange_std,86.94439029693604,16
8,f103_nyg_low_normal_AMT_APPLICATION_s_app_AMT_ANNUITY_d_app_AMT_INCOME_TOTAL_diff_std,155.87640953063965,26
8,f103_nyg_low_normal_AMT_APPLICATION_m_app_AMT_GOODS_PRICE_d_app_AMT_INCOME_TOTAL_std,374.39307951927185,62
8,f103_nyg_low_normal_AMT_APPLICATION_s_app_AMT_ANNUITY_d_app_AMT_INCOME_TOTAL_std,120.25292992591858,19
8,f103_nyg_low_normal_AMT_APPLICATION_s_app_AMT_ANNUITY_diff_std,761.8076016902924,121
8,f103_nyg_low_normal_AMT_APPLICATION_s_app_AMT_CREDIT_d_app_AMT_INCOME_TOTAL_diff_std_div_mean,149.01365840435028,28
8,f103_nyg_low_normal_AMT_APPLICATION_s_app_AMT_ANNUITY_d_app_AMT_INCOME_TOTAL_diff_std_div_mean,57.757500648498535,10
8,f103_nyg_low_normal_AMT_APPLICATION_s_app_AMT_CREDIT_diff_std,196.3977198600769,32
8,f103_nyg_low_normal_AMT_APPLICATION_s_app_AMT_ANNUITY_std,688.6944704055786,120
8,f103_nyg_low_normal_AMT_APPLICATION_s_app_AMT_CREDIT_d_app_AMT_INCOME_TOTAL_diff_std,84.90988969802856,15
8,f103_nyg_low_normal_AMT_APPLICATION_s_app_AMT_CREDIT_d_app_AMT_INCOME_TOTAL_std,241.02802896499634,41
8,f103_nyg_low_normal_AMT_APPLICATION_s_app_AMT_GOODS_PRICE_diff_std,96.98077984154224,18
8,f103_nyg_low_normal_AMT_APPLICATION_s_app_AMT_CREDIT_std,239.87505888938904,40
8,f103_nyg_low_normal_AMT_APPLICATION_s_app_AMT_INCOME_TOTAL_diff_std,28.961320400238037,5
8,f103_nyg_low_normal_AMT_APPLICATION_std,86.70765042304993,16
8,f103_nyg_low_normal_AMT_CREDIT_d_AMT_ANNUITY_diff_std,1279.0445214509964,221
8,f103_nyg_low_normal_AMT_CREDIT_d_AMT_ANNUITY_mean,4749.793810237199,744
8,f103_nyg_low_normal_AMT_APPLICATION_s_app_AMT_GOODS_PRICE_std,42.260239362716675,9
8,f103_nyg_low_normal_AMT_APPLICATION_s_app_AMT_INCOME_TOTAL_std,9.174599647521973,1
8,f103_nyg_low_normal_AMT_CREDIT_d_AMT_ANNUITY_pctchange_std,876.7501702308655,157
8,f103_nyg_low_normal_AMT_CREDIT_d_AMT_ANNUITY_max,5814.876870214939,876
8,f103_nyg_low_normal_AMT_CREDIT_d_AMT_ANNUITY_min,5458.0470715761185,873
8,f103_nyg_low_normal_AMT_CREDIT_d_AMT_APPLICATION_mean,5367.195598244667,663
8,f103_nyg_low_normal_AMT_CREDIT_d_app_AMT_ANNUITY_diff_std,597.3532290458679,104
8,f103_nyg_low_normal_AMT_CREDIT_d_AMT_APPLICATION_std,734.9857548475266,131
8,f103_nyg_low_normal_AMT_CREDIT_d_AMT_APPLICATION_min,3687.3129385113716,581
8,f103_nyg_low_normal_AMT_CREDIT_d_app_AMT_ANNUITY_pctchange_std,832.3681493997574,136
8,f103_nyg_low_normal_AMT_CREDIT_d_AMT_APPLICATION_std_div_mean,886.0424325466156,152
8,f103_nyg_low_normal_AMT_CREDIT_d_AMT_APPLICATION_max,4175.100954532623,619
9,f103_nyg_low_normal_AMT_CREDIT_d_app_AMT_INCOME_TOTAL_diff_std,326.2968509197235,52
9,f103_nyg_low_normal_AMT_CREDIT_d_app_AMT_INCOME_TOTAL_std,414.8429205417633,60
9,f103_nyg_low_normal_AMT_CREDIT_d_total_debt_std,560.128701210022,86
9,f103_nyg_low_normal_AMT_CREDIT_d_total_debt_max,2250.110339283943,317
9,f103_nyg_low_normal_AMT_CREDIT_d_total_debt_std_div_mean,558.5358818769455,85
9,f103_nyg_low_normal_AMT_CREDIT_m_app_AMT_GOODS_PRICE_d_app_AMT_INCOME_TOTAL_diff_std,73.88068044185638,13
9,f103_nyg_low_normal_AMT_CREDIT_d_app_AMT_INCOME_TOTAL_pctchange_std,268.4912691116333,46
9,f103_nyg_low_normal_AMT_CREDIT_d_total_debt_mean,2035.9319468736649,281
9,f103_nyg_low_normal_AMT_CREDIT_d_app_AMT_GOODS_PRICE_pctchange_std,66.17779016494751,11
9,f103_nyg_low_normal_AMT_CREDIT_d_app_AMT_CREDIT_pctchange_std,34.64483976364136,5
9,f103_nyg_low_normal_AMT_CREDIT_d_app_AMT_CREDIT_pctchange_std_div_mean,362.16109824180603,63
9,f103_nyg_low_normal_AMT_CREDIT_d_total_debt_pctchange_mean,2985.644735097885,412
9,f103_nyg_low_normal_AMT_CREDIT_d_total_debt_pctchange_max,3134.86783015728,422
9,f103_nyg_low_normal_AMT_CREDIT_s_app_AMT_ANNUITY_d_app_AMT_INCOME_TOTAL_pctchange_std,225.1849101781845,39
9,f103_nyg_low_normal_AMT_CREDIT_s_app_AMT_ANNUITY_d_app_AMT_INCOME_TOTAL_pctchange_max,3536.9961604475975,507
9,f103_nyg_low_normal_AMT_CREDIT_s_app_AMT_ANNUITY_d_app_AMT_INCOME_TOTAL_diff_std,41.229350566864014,6
9,f103_nyg_low_normal_AMT_CREDIT_s_app_AMT_ANNUITY_d_app_AMT_INCOME_TOTAL_std,141.01316022872925,22
9,f103_nyg_low_normal_AMT_CREDIT_d_total_debt_pctchange_min,3536.670226454735,470
9,f103_nyg_low_normal_AMT_CREDIT_s_app_AMT_ANNUITY_d_app_AMT_INCOME_TOTAL_pctchange_min,4031.3965286016464,571
9,f103_nyg_low_normal_AMT_CREDIT_d_total_debt_min,2482.822983980179,328
9,f103_nyg_low_normal_AMT_CREDIT_s_app_AMT_ANNUITY_pctchange_mean,2982.93359708786,426
9,f103_nyg_low_normal_AMT_CREDIT_s_app_AMT_ANNUITY_d_app_AMT_INCOME_TOTAL_pctchange_mean,865.3236510753632,123
9,f103_nyg_low_normal_AMT_CREDIT_s_app_AMT_ANNUITY_diff_std,243.87266206741333,38
9,f103_nyg_low_normal_AMT_CREDIT_s_app_AMT_CREDIT_d_app_AMT_INCOME_TOTAL_diff_std,0.0,0
9,f103_nyg_low_normal_AMT_CREDIT_s_app_AMT_ANNUITY_pctchange_max,1102.1740703582764,158
9,f103_nyg_low_normal_AMT_CREDIT_m_app_AMT_GOODS_PRICE_d_app_AMT_INCOME_TOTAL_std,37.55039978027344,6
9,f103_nyg_low_normal_AMT_CREDIT_s_app_AMT_ANNUITY_std,493.24991106987,73
9,f103_nyg_low_normal_AMT_CREDIT_s_app_AMT_ANNUITY_pctchange_min,1270.310960546136,177
9,f103_nyg_low_normal_AMT_CREDIT_s_app_AMT_CREDIT_std,123.28384065628052,19
9,f103_nyg_low_normal_AMT_CREDIT_s_app_AMT_CREDIT_d_app_AMT_INCOME_TOTAL_std,16.637589931488037,3
9,f103_nyg_low_normal_AMT_CREDIT_s_app_AMT_ANNUITY_pctchange_std,31.84222984313965,5
9,f103_nyg_low_normal_AMT_CREDIT_s_app_AMT_INCOME_TOTAL_diff_std,41.733320474624634,9
9,f103_nyg_low_normal_AMT_DOWN_PAYMENT_d_AMT_GOODS_PRICE_pctchange_std,0.0,0
9,f103_nyg_low_normal_AMT_DOWN_PAYMENT_d_AMT_GOODS_PRICE_pctchange_std_div_mean,0.0,0
9,f103_nyg_low_normal_AMT_CREDIT_s_app_AMT_GOODS_PRICE_diff_std,27.138970136642456,5
9,f103_nyg_low_normal_AMT_CREDIT_s_app_AMT_CREDIT_diff_std,22.923540115356445,4
9,f103_nyg_low_normal_AMT_CREDIT_s_app_AMT_GOODS_PRICE_std,143.7980101108551,19
9,f103_nyg_low_normal_AMT_CREDIT_std,39.65385055541992,6
9,f103_nyg_low_normal_AMT_DOWN_PAYMENT_d_AMT_GOODS_PRICE_diff_std,70.85179996490479,11
9,f103_nyg_low_normal_AMT_GOODS_PRICE_d_AMT_ANNUITY_max,2864.9380300045013,406
9,f103_nyg_low_normal_AMT_GOODS_PRICE_d_AMT_ANNUITY_diff_std,442.70855140686035,73
9,f103_nyg_low_normal_AMT_GOODS_PRICE_d_AMT_ANNUITY_pctchange_std,395.18486189842224,69
9,f103_nyg_low_normal_AMT_CREDIT_s_app_AMT_INCOME_TOTAL_std,4.582009792327881,1
9,f103_nyg_low_normal_AMT_GOODS_PRICE_d_AMT_ANNUITY_min,2447.051055908203,347
9,f103_nyg_low_normal_AMT_GOODS_PRICE_d_AMT_ANNUITY_std,344.7762485742569,60
9,f103_nyg_low_normal_AMT_GOODS_PRICE_d_AMT_ANNUITY_mean,2142.7602303028107,301
9,f103_nyg_low_normal_AMT_GOODS_PRICE_d_AMT_CREDIT_diff_std,459.2292711734772,73
9,f103_nyg_low_normal_AMT_GOODS_PRICE_d_app_AMT_ANNUITY_diff_std,447.7846214771271,72
9,f103_nyg_low_normal_AMT_GOODS_PRICE_d_app_AMT_ANNUITY_std_div_mean,437.9694986343384,59
9,f103_nyg_low_normal_AMT_GOODS_PRICE_d_app_AMT_ANNUITY_diff_std_div_mean,237.50322031974792,35
9,f103_nyg_low_normal_AMT_GOODS_PRICE_d_AMT_CREDIT_mean,3421.390537381172,416
9,f103_nyg_low_normal_AMT_GOODS_PRICE_d_AMT_CREDIT_min,3309.9616347551346,417
9,f103_nyg_low_normal_AMT_GOODS_PRICE_d_app_AMT_ANNUITY_pctchange_std,370.87989926338196,57
9,f103_nyg_low_normal_AMT_GOODS_PRICE_d_AMT_CREDIT_max,2738.5003564357758,367
9,f103_nyg_low_normal_AMT_GOODS_PRICE_d_app_AMT_GOODS_PRICE_pctchange_std_div_mean,439.0110387802124,69
9,f103_nyg_low_normal_AMT_GOODS_PRICE_d_app_AMT_GOODS_PRICE_pctchange_std,166.65642046928406,25
9,f103_nyg_low_normal_AMT_GOODS_PRICE_d_app_AMT_CREDIT_pctchange_std,37.47316932678223,5
9,f103_nyg_low_normal_AMT_GOODS_PRICE_d_app_AMT_CREDIT_std_div_mean,304.84315824508667,44
9,f103_nyg_low_normal_AMT_GOODS_PRICE_d_app_AMT_INCOME_TOTAL_std_div_mean,94.47273921966553,12
9,f103_nyg_low_normal_AMT_GOODS_PRICE_d_app_AMT_INCOME_TOTAL_pctchange_std,39.48529076576233,5
9,f103_nyg_low_normal_AMT_GOODS_PRICE_d_total_debt_pctchange_min,2968.193660378456,431
9,f103_nyg_low_normal_AMT_GOODS_PRICE_d_total_debt_pctchange_std_div_mean,701.9927389621735,109
9,f103_nyg_low_normal_AMT_GOODS_PRICE_d_app_AMT_GOODS_PRICE_std_div_mean,95.11475944519043,13
9,f103_nyg_low_normal_AMT_GOODS_PRICE_d_app_AMT_INCOME_TOTAL_diff_std,512.1348292827606,79
9,f103_nyg_low_normal_AMT_GOODS_PRICE_d_total_debt_pctchange_max,2805.775519967079,410
9,f103_nyg_low_normal_AMT_GOODS_PRICE_d_app_AMT_INCOME_TOTAL_std,333.8891899585724,52
9,f103_nyg_low_normal_AMT_GOODS_PRICE_d_total_debt_mean,2561.0047919750214,344
9,f103_nyg_low_normal_AMT_GOODS_PRICE_d_total_debt_min,3047.952669978142,401
9,f103_nyg_low_normal_AMT_GOODS_PRICE_d_total_debt_pctchange_mean,2632.225791335106,371
9,f103_nyg_low_normal_AMT_GOODS_PRICE_m_app_AMT_GOODS_PRICE_d_app_AMT_INCOME_TOTAL_diff_std,293.12216997146606,42
9,f103_nyg_low_normal_AMT_GOODS_PRICE_m_app_AMT_GOODS_PRICE_d_app_AMT_INCOME_TOTAL_std,176.9907603263855,30
9,f103_nyg_low_normal_AMT_GOODS_PRICE_m_app_AMT_GOODS_PRICE_d_app_AMT_INCOME_TOTAL_diff_std_div_mean,117.43673038482666,19
9,f103_nyg_low_normal_AMT_GOODS_PRICE_d_total_debt_max,2837.4302904605865,403
9,f103_nyg_low_normal_AMT_GOODS_PRICE_d_total_debt_std_div_mean,512.8172917366028,87
9,f103_nyg_low_normal_AMT_GOODS_PRICE_s_app_AMT_ANNUITY_diff_std,281.48854994773865,45
9,f103_nyg_low_normal_AMT_GOODS_PRICE_s_app_AMT_ANNUITY_d_app_AMT_INCOME_TOTAL_diff_std_div_mean,97.32239997386932,17
9,f103_nyg_low_normal_AMT_GOODS_PRICE_s_app_AMT_ANNUITY_std,240.27442002296448,33
9,f103_nyg_low_normal_AMT_GOODS_PRICE_s_app_AMT_ANNUITY_d_app_AMT_INCOME_TOTAL_diff_std,77.72060108184814,11
9,f103_nyg_low_normal_AMT_GOODS_PRICE_s_app_AMT_CREDIT_d_app_AMT_INCOME_TOTAL_diff_std,48.985148906707764,9
9,f103_nyg_low_normal_AMT_GOODS_PRICE_s_app_AMT_CREDIT_d_app_AMT_INCOME_TOTAL_diff_std_div_mean,18.868380308151245,3
9,f103_nyg_low_normal_AMT_GOODS_PRICE_s_app_AMT_ANNUITY_d_app_AMT_INCOME_TOTAL_std,72.00724935531616,11
9,f103_nyg_low_normal_AMT_GOODS_PRICE_s_app_AMT_CREDIT_d_app_AMT_INCOME_TOTAL_std,103.12400984764099,17
9,f103_nyg_low_normal_AMT_GOODS_PRICE_s_app_AMT_CREDIT_diff_std,83.28761100769043,10
9,f103_nyg_low_normal_AMT_GOODS_PRICE_s_app_AMT_CREDIT_d_app_AMT_INCOME_TOTAL_std_div_mean,707.0719509124756,107
9,f103_nyg_low_normal_AMT_GOODS_PRICE_s_app_AMT_CREDIT_std_div_mean,259.9086608886719,37
9,f103_nyg_low_normal_AMT_GOODS_PRICE_s_app_AMT_CREDIT_std,62.06539011001587,10
9,f103_nyg_low_normal_AMT_GOODS_PRICE_s_app_AMT_GOODS_PRICE_diff_std,77.42286968231201,11
9,f103_nyg_low_normal_AMT_GOODS_PRICE_s_app_AMT_GOODS_PRICE_std,47.88648986816406,7
9,f103_nyg_low_normal_AMT_GOODS_PRICE_s_app_AMT_INCOME_TOTAL_diff_std,28.6980197429657,5
9,f103_nyg_low_normal_AMT_GOODS_PRICE_std_div_mean,50.020769119262695,8
9,f103_nyg_low_normal_AMT_GOODS_PRICE_std,0.0,0
9,f103_nyg_low_normal_CNT_PAYMENT_mean,198.9075710773468,27
9,f103_nyg_low_normal_CNT_PAYMENT_min,140.38675022125244,15
9,f103_nyg_low_normal_AMT_GOODS_PRICE_s_app_AMT_INCOME_TOTAL_std,0.0,0
9,f103_nyg_low_normal_CNT_PAYMENT_std,180.53088283538818,23
9,f103_nyg_low_normal_CNT_PAYMENT_max,37.44643020629883,5
9,f103_nyg_low_normal_CODE_REJECT_REASON_LIMIT_mean,666.1872599124908,64
9,f103_nyg_low_normal_CODE_REJECT_REASON_LIMIT_sum,94.63464117050171,8
9,f103_nyg_low_normal_DAYS_DECISION_d_app_DAYS_BIRTH_min,2743.662696301937,409
9,f103_nyg_low_normal_CODE_REJECT_REASON_XAP_mean,208.58392125368118,25
9,f103_nyg_low_normal_CODE_REJECT_REASON_SCO_mean,313.71744203567505,42
9,f103_nyg_low_normal_CODE_REJECT_REASON_XAP_sum,21.126070022583008,4
9,f103_nyg_low_normal_CODE_REJECT_REASON_HC_mean,203.505389213562,27
9,f103_nyg_low_normal_DAYS_DECISION_d_app_DAYS_BIRTH_mean,2150.6088585853577,325
9,f103_nyg_low_normal_DAYS_DECISION_d_app_DAYS_EMPLOYED_std_div_mean,509.5197002887726,78
9,f103_nyg_low_normal_DAYS_DECISION_d_app_DAYS_EMPLOYED_std,510.15494334697723,75
9,f103_nyg_low_normal_DAYS_DECISION_d_app_DAYS_BIRTH_max,2372.110013127327,349
9,f103_nyg_low_normal_DAYS_DECISION_d_app_DAYS_LAST_PHONE_CHANGE_std,818.2556533813477,121
9,f103_nyg_low_normal_DAYS_DECISION_d_app_DAYS_EMPLOYED_mean,1782.8100794553757,225
9,f103_nyg_low_normal_DAYS_DECISION_s_app_DAYS_BIRTH_mean,2026.8109678030014,272
9,f103_nyg_low_normal_DAYS_DECISION_d_app_DAYS_EMPLOYED_max,1684.8371189832687,228
9,f103_nyg_low_normal_DAYS_DECISION_s_app_DAYS_BIRTH_min,1917.05885887146,246
9,f103_nyg_low_normal_DAYS_DECISION_d_app_DAYS_EMPLOYED_min,2460.655938744545,256
9,f103_nyg_low_normal_DAYS_DECISION_s_app_DAYS_BIRTH_max,1817.3506507873535,239
9,f103_nyg_low_normal_DAYS_DECISION_s_app_DAYS_EMPLOYED_min,1568.9970911741257,230
9,f103_nyg_low_normal_DAYS_DECISION_s_app_DAYS_ID_PUBLISH_min,2195.7270772755146,325
9,f103_nyg_low_normal_DAYS_DECISION_s_app_DAYS_ID_PUBLISH_max,2284.765845298767,329
9,f103_nyg_low_normal_DAYS_DECISION_s_app_DAYS_EMPLOYED_max,1410.8928804397583,211
9,f103_nyg_low_normal_DAYS_DECISION_s_app_DAYS_EMPLOYED_mean,1085.5515277385712,155
9,f103_nyg_low_normal_DAYS_FIRST_DRAWING_d_app_DAYS_BIRTH_std_div_mean,0.0,0
9,f103_nyg_low_normal_DAYS_FIRST_DRAWING_d_app_DAYS_BIRTH_max_div_min,0.0,0
9,f103_nyg_low_normal_DAYS_FIRST_DRAWING_d_app_DAYS_BIRTH_min,0.0,0
9,f103_nyg_low_normal_DAYS_DECISION_s_app_DAYS_REGISTRATION_max,2117.227823495865,311
9,f103_nyg_low_normal_DAYS_FIRST_DRAWING_d_app_DAYS_BIRTH_max,0.0,0
9,f103_nyg_low_normal_DAYS_DECISION_s_app_DAYS_LAST_PHONE_CHANGE_min,1875.588376402855,282
9,f103_nyg_low_normal_DAYS_FIRST_DRAWING_d_app_DAYS_BIRTH_mean,0.0,0
9,f103_nyg_low_normal_DAYS_DECISION_s_app_DAYS_REGISTRATION_mean,1611.2806375026703,238
9,f103_nyg_low_normal_DAYS_FIRST_DRAWING_d_app_DAYS_EMPLOYED_mean,0.0,0
9,f103_nyg_low_normal_DAYS_DECISION_s_app_DAYS_LAST_PHONE_CHANGE_mean,1538.584443807602,229
9,f103_nyg_low_normal_DAYS_FIRST_DRAWING_d_app_DAYS_EMPLOYED_min,0.0,0
9,f103_nyg_low_normal_DAYS_DECISION_s_app_DAYS_LAST_PHONE_CHANGE_max,2116.562215089798,294
9,f103_nyg_low_normal_DAYS_FIRST_DRAWING_d_app_DAYS_ID_PUBLISH_min,0.0,0
9,f103_nyg_low_normal_DAYS_FIRST_DRAWING_d_app_DAYS_ID_PUBLISH_std,0.0,0
9,f103_nyg_low_normal_DAYS_FIRST_DRAWING_d_app_DAYS_EMPLOYED_std,0.0,0
9,f103_nyg_low_normal_DAYS_FIRST_DRAWING_d_app_DAYS_EMPLOYED_max_div_min,0.0,0
9,f103_nyg_low_normal_DAYS_DECISION_s_app_DAYS_ID_PUBLISH_mean,1651.8605608940125,243
9,f103_nyg_low_normal_DAYS_FIRST_DRAWING_d_app_DAYS_LAST_PHONE_CHANGE_max_div_min,0.0,0
9,f103_nyg_low_normal_DAYS_FIRST_DRAWING_d_app_DAYS_ID_PUBLISH_max,0.0,0
9,f103_nyg_low_normal_DAYS_FIRST_DRAWING_d_app_DAYS_LAST_PHONE_CHANGE_std,0.0,0
9,f103_nyg_low_normal_DAYS_FIRST_DRAWING_d_app_DAYS_LAST_PHONE_CHANGE_mean,0.0,0
9,f103_nyg_low_normal_DAYS_FIRST_DRAWING_d_app_DAYS_ID_PUBLISH_mean,0.0,0
9,f103_nyg_low_normal_DAYS_FIRST_DRAWING_d_app_DAYS_ID_PUBLISH_max_div_min,0.0,0
9,f103_nyg_low_normal_DAYS_FIRST_DRAWING_d_app_DAYS_REGISTRATION_max,0.0,0
9,f103_nyg_low_normal_DAYS_FIRST_DRAWING_d_app_DAYS_BIRTH_std,0.0,0
9,f103_nyg_low_normal_DAYS_FIRST_DRAWING_d_app_DAYS_REGISTRATION_max_div_min,0.0,0
9,f103_nyg_low_normal_DAYS_FIRST_DRAWING_d_app_DAYS_REGISTRATION_std_div_mean,0.0,0
9,f103_nyg_low_normal_DAYS_FIRST_DRAWING_d_app_DAYS_EMPLOYED_max,0.0,0
9,f103_nyg_low_normal_DAYS_FIRST_DRAWING_d_app_DAYS_ID_PUBLISH_std_div_mean,0.0,0
9,f103_nyg_low_normal_DAYS_FIRST_DRAWING_s_DAYS_DECISIONS_max,0.0,0
9,f103_nyg_low_normal_DAYS_FIRST_DRAWING_d_app_DAYS_LAST_PHONE_CHANGE_std_div_mean,0.0,0
9,f103_nyg_low_normal_DAYS_FIRST_DRAWING_d_app_DAYS_REGISTRATION_mean,0.0,0
9,f103_nyg_low_normal_DAYS_FIRST_DRAWING_d_app_DAYS_LAST_PHONE_CHANGE_max,0.0,0
9,f103_nyg_low_normal_DAYS_FIRST_DRAWING_d_app_DAYS_REGISTRATION_std,0.0,0
9,f103_nyg_low_normal_DAYS_FIRST_DRAWING_s_DAYS_DECISIONS_mean,0.0,0
9,f103_nyg_low_normal_DAYS_FIRST_DRAWING_s_app_DAYS_BIRTH_max,0.0,0
9,f103_nyg_low_normal_DAYS_FIRST_DRAWING_s_app_DAYS_BIRTH_std_div_mean,0.0,0
9,f103_nyg_low_normal_DAYS_FIRST_DRAWING_s_app_DAYS_BIRTH_min,0.0,0
9,f103_nyg_low_normal_DAYS_FIRST_DRAWING_d_app_DAYS_EMPLOYED_std_div_mean,0.0,0
9,f103_nyg_low_normal_DAYS_FIRST_DRAWING_s_DAYS_DECISIONS_std,0.0,0
9,f103_nyg_low_normal_DAYS_FIRST_DRAWING_s_DAYS_DECISIONS_min,0.0,0
9,f103_nyg_low_normal_DAYS_FIRST_DRAWING_s_app_DAYS_EMPLOYED_min,0.0,0
9,f103_nyg_low_normal_DAYS_FIRST_DRAWING_d_app_DAYS_LAST_PHONE_CHANGE_min,0.0,0
9,f103_nyg_low_normal_DAYS_FIRST_DRAWING_d_app_DAYS_REGISTRATION_min,0.0,0
9,f103_nyg_low_normal_DAYS_FIRST_DRAWING_s_app_DAYS_BIRTH_mean,0.0,0
9,f103_nyg_low_normal_DAYS_FIRST_DRAWING_s_DAYS_DECISIONS_max_div_min,0.0,0
9,f103_nyg_low_normal_DAYS_DECISION_s_app_DAYS_REGISTRATION_min,1381.7758516073227,208
9,f103_nyg_low_normal_DAYS_FIRST_DRAWING_s_app_DAYS_BIRTH_std,0.0,0
9,f103_nyg_low_normal_DAYS_FIRST_DRAWING_s_app_DAYS_EMPLOYED_max_div_min,0.0,0
9,f103_nyg_low_normal_DAYS_FIRST_DRAWING_s_app_DAYS_LAST_PHONE_CHANGE_max_div_min,0.0,0
9,f103_nyg_low_normal_DAYS_FIRST_DRAWING_s_app_DAYS_EMPLOYED_mean,0.0,0
9,f103_nyg_low_normal_DAYS_FIRST_DRAWING_s_app_DAYS_ID_PUBLISH_std_div_mean,0.0,0
9,f103_nyg_low_normal_DAYS_FIRST_DRAWING_s_DAYS_DECISIONS_std_div_mean,0.0,0
9,f103_nyg_low_normal_DAYS_FIRST_DRAWING_s_app_DAYS_LAST_PHONE_CHANGE_max,0.0,0
9,f103_nyg_low_normal_DAYS_FIRST_DRAWING_s_app_DAYS_EMPLOYED_std,0.0,0
9,f103_nyg_low_normal_DAYS_FIRST_DRAWING_s_app_DAYS_EMPLOYED_std_div_mean,0.0,0
9,f103_nyg_low_normal_DAYS_FIRST_DRAWING_s_app_DAYS_EMPLOYED_max,0.0,0
9,f103_nyg_low_normal_DAYS_FIRST_DRAWING_s_app_DAYS_ID_PUBLISH_min,0.0,0
9,f103_nyg_low_normal_DAYS_FIRST_DRAWING_s_app_DAYS_BIRTH_max_div_min,0.0,0
9,f103_nyg_low_normal_DAYS_FIRST_DRAWING_s_app_DAYS_ID_PUBLISH_mean,0.0,0
9,f103_nyg_low_normal_DAYS_FIRST_DRAWING_s_app_DAYS_REGISTRATION_min,0.0,0
9,f103_nyg_low_normal_DAYS_FIRST_DRAWING_s_app_DAYS_LAST_PHONE_CHANGE_std_div_mean,0.0,0
9,f103_nyg_low_normal_DAYS_FIRST_DRAWING_s_app_DAYS_ID_PUBLISH_std,0.0,0
9,f103_nyg_low_normal_DAYS_FIRST_DRAWING_s_app_DAYS_REGISTRATION_std,0.0,0
9,f103_nyg_low_normal_DAYS_FIRST_DRAWING_s_app_DAYS_ID_PUBLISH_max,0.0,0
9,f103_nyg_low_normal_DAYS_FIRST_DRAWING_s_app_DAYS_LAST_PHONE_CHANGE_std,0.0,0
9,f103_nyg_low_normal_DAYS_FIRST_DRAWING_s_app_DAYS_ID_PUBLISH_max_div_min,0.0,0
9,f103_nyg_low_normal_DAYS_FIRST_DRAWING_s_app_DAYS_LAST_PHONE_CHANGE_mean,0.0,0
9,f103_nyg_low_normal_DAYS_FIRST_DRAWING_s_app_DAYS_REGISTRATION_mean,0.0,0
9,f103_nyg_low_normal_DAYS_FIRST_DRAWING_s_app_DAYS_REGISTRATION_max,0.0,0
9,f103_nyg_low_normal_DAYS_FIRST_DRAWING_s_app_DAYS_REGISTRATION_std_div_mean,0.0,0
9,f103_nyg_low_normal_DAYS_FIRST_DRAWING_s_app_DAYS_LAST_PHONE_CHANGE_min,0.0,0
9,f103_nyg_low_normal_DAYS_FIRST_DRAWING_s_app_DAYS_REGISTRATION_max_div_min,0.0,0
9,f103_nyg_low_normal_DAYS_FIRST_DUE_d_app_DAYS_BIRTH_mean,1778.1019162237644,265
9,f103_nyg_low_normal_DAYS_FIRST_DUE_d_app_DAYS_EMPLOYED_mean,2316.978588938713,199
9,f103_nyg_low_normal_DAYS_FIRST_DUE_d_app_DAYS_EMPLOYED_max,1983.1271296739578,180
9,f103_nyg_low_normal_DAYS_FIRST_DUE_d_app_DAYS_BIRTH_min,2012.9138818979263,299
9,f103_nyg_low_normal_DAYS_FIRST_DUE_d_app_DAYS_LAST_PHONE_CHANGE_std,72.87362003326416,12
9,f103_nyg_low_normal_DAYS_FIRST_DUE_s_DAYS_FIRST_DRAWING_max_div_min,0.0,0
9,f103_nyg_low_normal_DAYS_FIRST_DUE_s_DAYS_FIRST_DRAWING_max,0.0,0
9,f103_nyg_low_normal_DAYS_FIRST_DUE_d_app_DAYS_EMPLOYED_std,85.09421968460083,14
9,f103_nyg_low_normal_DAYS_FIRST_DUE_d_app_DAYS_EMPLOYED_min,2446.08243060112,181
9,f103_nyg_low_normal_DAYS_FIRST_DUE_d_app_DAYS_BIRTH_max,2210.772971868515,315
9,f103_nyg_low_normal_DAYS_FIRST_DUE_s_DAYS_FIRST_DRAWING_mean,0.0,0
9,f103_nyg_low_normal_DAYS_FIRST_DUE_s_DAYS_DECISIONS_std_div_mean,51.97614026069641,9
9,f103_nyg_low_normal_DAYS_FIRST_DUE_s_DAYS_FIRST_DRAWING_min,0.0,0
9,f103_nyg_low_normal_DAYS_FIRST_DUE_s_DAYS_DECISIONS_std,3.835330009460449,1
9,f103_nyg_low_normal_DAYS_FIRST_DUE_s_DAYS_FIRST_DRAWING_std_div_mean,0.0,0
9,f103_nyg_low_normal_DAYS_FIRST_DUE_s_DAYS_FIRST_DRAWING_std,0.0,0
9,f103_nyg_low_normal_DAYS_FIRST_DUE_s_app_DAYS_EMPLOYED_std,129.43701028823853,21
9,f103_nyg_low_normal_DAYS_FIRST_DUE_s_app_DAYS_BIRTH_std,11.944939851760864,3
9,f103_nyg_low_normal_DAYS_FIRST_DUE_s_DAYS_DECISIONS_mean,1012.5413944721222,140
9,f103_nyg_low_normal_DAYS_FIRST_DUE_s_DAYS_DECISIONS_max,726.2790503501892,109
9,f103_nyg_low_normal_DAYS_FIRST_DUE_s_DAYS_DECISIONS_min,1004.8232696056366,146
9,f103_nyg_low_normal_DAYS_FIRST_DUE_s_app_DAYS_BIRTH_max,1557.2120625972748,160
9,f103_nyg_low_normal_DAYS_FIRST_DUE_s_app_DAYS_EMPLOYED_max,998.5784523487091,147
9,f103_nyg_low_normal_DAYS_FIRST_DUE_s_app_DAYS_BIRTH_mean,1002.4284944534302,92
9,f103_nyg_low_normal_DAYS_FIRST_DUE_s_app_DAYS_EMPLOYED_mean,929.8444879055023,139
9,f103_nyg_low_normal_DAYS_FIRST_DUE_s_app_DAYS_BIRTH_min,756.5481944084167,80
9,f103_nyg_low_normal_DAYS_FIRST_DUE_s_app_DAYS_ID_PUBLISH_std,0.0,0
9,f103_nyg_low_normal_DAYS_FIRST_DUE_s_app_DAYS_EMPLOYED_min,808.7301211357117,116
9,f103_nyg_low_normal_DAYS_FIRST_DUE_s_app_DAYS_LAST_PHONE_CHANGE_std_div_mean,112.55201029777527,20
9,f103_nyg_low_normal_DAYS_FIRST_DUE_s_app_DAYS_ID_PUBLISH_min,1310.8842564821243,193
9,f103_nyg_low_normal_DAYS_FIRST_DUE_s_app_DAYS_REGISTRATION_max,1204.9981521368027,170
9,f103_nyg_low_normal_DAYS_FIRST_DUE_s_app_DAYS_ID_PUBLISH_mean,1188.1572662591934,175
9,f103_nyg_low_normal_DAYS_FIRST_DUE_s_app_DAYS_ID_PUBLISH_max,1252.752269268036,193
9,f103_nyg_low_normal_DAYS_FIRST_DUE_s_app_DAYS_LAST_PHONE_CHANGE_std,0.0,0
9,f103_nyg_low_normal_DAYS_FIRST_DUE_s_app_DAYS_LAST_PHONE_CHANGE_min,1920.024428486824,289
9,f103_nyg_low_normal_DAYS_LAST_DUE_1ST_VERSION_d_app_DAYS_BIRTH_std,89.05043983459473,14
9,f103_nyg_low_normal_DAYS_FIRST_DUE_s_app_DAYS_LAST_PHONE_CHANGE_mean,1408.6570762395859,211
9,f103_nyg_low_normal_DAYS_FIRST_DUE_s_app_DAYS_REGISTRATION_min,1192.1004344820976,173
9,f103_nyg_low_normal_DAYS_FIRST_DUE_s_app_DAYS_REGISTRATION_std_div_mean,162.12284016609192,24
9,f103_nyg_low_normal_DAYS_FIRST_DUE_s_app_DAYS_REGISTRATION_mean,821.9078595638275,127
9,f103_nyg_low_normal_DAYS_LAST_DUE_1ST_VERSION_d_app_DAYS_BIRTH_std_div_mean,33.23548984527588,6
9,f103_nyg_low_normal_DAYS_FIRST_DUE_s_app_DAYS_LAST_PHONE_CHANGE_max,1757.0104835033417,236
9,f103_nyg_low_normal_DAYS_FIRST_DUE_s_app_DAYS_REGISTRATION_std,0.0,0
9,f103_nyg_low_normal_DAYS_LAST_DUE_1ST_VERSION_d_app_DAYS_BIRTH_min,2158.2395577430725,289
9,f103_nyg_low_normal_DAYS_LAST_DUE_1ST_VERSION_d_app_DAYS_EMPLOYED_std,98.33442044258118,18
9,f103_nyg_low_normal_DAYS_LAST_DUE_1ST_VERSION_d_app_DAYS_LAST_PHONE_CHANGE_std_div_mean,58.43281078338623,9
9,f103_nyg_low_normal_DAYS_LAST_DUE_1ST_VERSION_d_app_DAYS_BIRTH_max,2086.1708285808563,295
9,f103_nyg_low_normal_DAYS_LAST_DUE_1ST_VERSION_d_app_DAYS_ID_PUBLISH_std_div_mean,6.048329830169678,1
9,f103_nyg_low_normal_DAYS_LAST_DUE_1ST_VERSION_s_DAYS_FIRST_DRAWING_max,0.0,0
9,f103_nyg_low_normal_DAYS_LAST_DUE_1ST_VERSION_s_DAYS_FIRST_DUE_std,32.10441970825195,4
9,f103_nyg_low_normal_DAYS_LAST_DUE_1ST_VERSION_d_app_DAYS_BIRTH_mean,1495.4429959058762,202
9,f103_nyg_low_normal_DAYS_LAST_DUE_1ST_VERSION_s_DAYS_FIRST_DRAWING_max_div_min,0.0,0
9,f103_nyg_low_normal_DAYS_LAST_DUE_1ST_VERSION_d_app_DAYS_LAST_PHONE_CHANGE_std,78.00648021697998,11
9,f103_nyg_low_normal_DAYS_LAST_DUE_1ST_VERSION_s_DAYS_DECISIONS_std_div_mean,37.578529357910156,6
9,f103_nyg_low_normal_DAYS_LAST_DUE_1ST_VERSION_s_DAYS_DECISIONS_std,92.66415023803711,13
9,f103_nyg_low_normal_DAYS_LAST_DUE_1ST_VERSION_s_DAYS_DECISIONS_mean,1310.5383217334747,165
9,f103_nyg_low_normal_DAYS_LAST_DUE_1ST_VERSION_s_DAYS_FIRST_DRAWING_min,0.0,0
9,f103_nyg_low_normal_DAYS_LAST_DUE_1ST_VERSION_s_DAYS_DECISIONS_min,895.157989025116,120
9,f103_nyg_low_normal_DAYS_LAST_DUE_1ST_VERSION_d_app_DAYS_REGISTRATION_std_div_mean,25.54591941833496,3
9,f103_nyg_low_normal_DAYS_LAST_DUE_1ST_VERSION_s_DAYS_DECISIONS_max,827.7842088341713,105
9,f103_nyg_low_normal_DAYS_LAST_DUE_1ST_VERSION_s_DAYS_FIRST_DUE_std_div_mean,38.66858911514282,6
9,f103_nyg_low_normal_DAYS_LAST_DUE_1ST_VERSION_s_DAYS_FIRST_DRAWING_std_div_mean,0.0,0
9,f103_nyg_low_normal_DAYS_LAST_DUE_1ST_VERSION_s_DAYS_FIRST_DRAWING_std,0.0,0
9,f103_nyg_low_normal_DAYS_LAST_DUE_1ST_VERSION_s_DAYS_FIRST_DRAWING_mean,0.0,0
9,f103_nyg_low_normal_DAYS_LAST_DUE_1ST_VERSION_s_DAYS_FIRST_DUE_mean,30.7977294921875,5
9,f103_nyg_low_normal_DAYS_LAST_DUE_1ST_VERSION_s_DAYS_FIRST_DUE_min,57.50944137573242,8
9,f103_nyg_low_normal_DAYS_LAST_DUE_1ST_VERSION_s_app_DAYS_BIRTH_std_div_mean,81.33441948890686,14
9,f103_nyg_low_normal_DAYS_LAST_DUE_1ST_VERSION_s_DAYS_FIRST_DUE_max,12.250279903411865,2
9,f103_nyg_low_normal_DAYS_LAST_DUE_1ST_VERSION_s_app_DAYS_BIRTH_std,69.29065036773682,10
9,f103_nyg_low_normal_DAYS_LAST_DUE_1ST_VERSION_s_app_DAYS_EMPLOYED_min,1488.9945503473282,229
9,f103_nyg_low_normal_DAYS_LAST_DUE_1ST_VERSION_s_app_DAYS_EMPLOYED_max,1708.1983654499054,251
9,f103_nyg_low_normal_DAYS_LAST_DUE_1ST_VERSION_s_app_DAYS_ID_PUBLISH_std,9.484339714050293,2
9,f103_nyg_low_normal_DAYS_LAST_DUE_1ST_VERSION_s_app_DAYS_BIRTH_mean,1091.9634848833084,167
9,f103_nyg_low_normal_DAYS_LAST_DUE_1ST_VERSION_s_app_DAYS_EMPLOYED_mean,1308.6983786821365,198
9,f103_nyg_low_normal_DAYS_LAST_DUE_1ST_VERSION_s_app_DAYS_BIRTH_min,1188.6779634952545,179
9,f103_nyg_low_normal_DAYS_LAST_DUE_1ST_VERSION_s_app_DAYS_BIRTH_max,1340.92529463768,185
9,f103_nyg_low_normal_DAYS_LAST_DUE_1ST_VERSION_s_app_DAYS_EMPLOYED_std,0.0,0
9,f103_nyg_low_normal_DAYS_LAST_DUE_1ST_VERSION_s_app_DAYS_ID_PUBLISH_std_div_mean,46.01626014709473,8
9,f103_nyg_low_normal_DAYS_LAST_DUE_1ST_VERSION_s_app_DAYS_LAST_PHONE_CHANGE_std,0.0,0
9,f103_nyg_low_normal_DAYS_LAST_DUE_1ST_VERSION_s_app_DAYS_ID_PUBLISH_max,1826.5180612802505,268
9,f103_nyg_low_normal_DAYS_LAST_DUE_1ST_VERSION_s_app_DAYS_REGISTRATION_std,0.0,0
9,f103_nyg_low_normal_DAYS_LAST_DUE_1ST_VERSION_s_app_DAYS_ID_PUBLISH_mean,1508.2850041389465,223
9,f103_nyg_low_normal_DAYS_LAST_DUE_1ST_VERSION_s_app_DAYS_ID_PUBLISH_min,1696.5939791202545,261
9,f103_nyg_low_normal_DAYS_LAST_DUE_1ST_VERSION_s_app_DAYS_REGISTRATION_min,1693.4482696056366,250
9,f103_nyg_low_normal_DAYS_LAST_DUE_d_app_DAYS_BIRTH_mean,987.1095404624939,147
9,f103_nyg_low_normal_DAYS_LAST_DUE_1ST_VERSION_s_app_DAYS_REGISTRATION_max,1565.3606796264648,227
9,f103_nyg_low_normal_DAYS_LAST_DUE_1ST_VERSION_s_app_DAYS_REGISTRATION_mean,1500.4927061200142,220
9,f103_nyg_low_normal_DAYS_LAST_DUE_d_app_DAYS_EMPLOYED_min,1276.4180480241776,174
9,f103_nyg_low_normal_DAYS_LAST_DUE_d_app_DAYS_BIRTH_max,1291.85224878788,199
9,f103_nyg_low_normal_DAYS_LAST_DUE_d_app_DAYS_BIRTH_min,1479.964112997055,219
9,f103_nyg_low_normal_DAYS_LAST_DUE_d_app_DAYS_EMPLOYED_max,822.1559698581696,124
9,f103_nyg_low_normal_DAYS_LAST_DUE_d_app_DAYS_EMPLOYED_mean,965.575204372406,123
9,f103_nyg_low_normal_DAYS_LAST_DUE_s_DAYS_FIRST_DRAWING_max_div_min,0.0,0
9,f103_nyg_low_normal_DAYS_LAST_DUE_s_DAYS_FIRST_DRAWING_mean,0.0,0
9,f103_nyg_low_normal_DAYS_LAST_DUE_d_app_DAYS_EMPLOYED_std,23.32156991958618,4
9,f103_nyg_low_normal_DAYS_LAST_DUE_d_app_DAYS_LAST_PHONE_CHANGE_max,2254.047519683838,329
9,f103_nyg_low_normal_DAYS_LAST_DUE_s_DAYS_DECISIONS_std_div_mean,81.8040099143982,13
9,f103_nyg_low_normal_DAYS_LAST_DUE_s_DAYS_FIRST_DRAWING_max,0.0,0
9,f103_nyg_low_normal_DAYS_LAST_DUE_s_DAYS_FIRST_DRAWING_min,0.0,0
9,f103_nyg_low_normal_DAYS_LAST_DUE_d_app_DAYS_LAST_PHONE_CHANGE_std,35.09679985046387,5
9,f103_nyg_low_normal_DAYS_LAST_DUE_s_DAYS_FIRST_DRAWING_std_div_mean,0.0,0
9,f103_nyg_low_normal_DAYS_LAST_DUE_d_app_DAYS_LAST_PHONE_CHANGE_mean,2337.84769821167,351
9,f103_nyg_low_normal_DAYS_LAST_DUE_s_DAYS_FIRST_DRAWING_std,0.0,0
9,f103_nyg_low_normal_DAYS_LAST_DUE_s_DAYS_FIRST_DUE_max,126.6668291091919,17
9,f103_nyg_low_normal_DAYS_LAST_DUE_s_DAYS_DECISIONS_max,984.2104301452637,146
9,f103_nyg_low_normal_DAYS_LAST_DUE_s_DAYS_DECISIONS_min,1165.5532023906708,177
9,f103_nyg_low_normal_DAYS_LAST_DUE_s_DAYS_FIRST_DUE_std_div_mean,11.681960105895996,2
9,f103_nyg_low_normal_DAYS_LAST_DUE_s_app_DAYS_BIRTH_std,34.644360065460205,5
9,f103_nyg_low_normal_DAYS_LAST_DUE_s_DAYS_DECISIONS_mean,676.2288417816162,103
9,f103_nyg_low_normal_DAYS_LAST_DUE_s_DAYS_LAST_DUE_1ST_VERSION_std_div_mean,5.272359848022461,1
9,f103_nyg_low_normal_DAYS_LAST_DUE_s_app_DAYS_EMPLOYED_std,25.720979690551758,3
9,f103_nyg_low_normal_DAYS_LAST_DUE_s_DAYS_LAST_DUE_1ST_VERSION_std,11.527289867401123,2
9,f103_nyg_low_normal_DAYS_LAST_DUE_s_DAYS_FIRST_DUE_min,60.956259965896606,10
9,f103_nyg_low_normal_DAYS_LAST_DUE_s_DAYS_LAST_DUE_1ST_VERSION_max,366.19039154052734,52
9,f103_nyg_low_normal_DAYS_LAST_DUE_s_DAYS_FIRST_DUE_mean,41.27436923980713,7
9,f103_nyg_low_normal_DAYS_LAST_DUE_s_app_DAYS_ID_PUBLISH_std,0.0,0
9,f103_nyg_low_normal_DAYS_LAST_DUE_s_DAYS_LAST_DUE_1ST_VERSION_mean,352.41542053222656,46
9,f103_nyg_low_normal_DAYS_LAST_DUE_s_app_DAYS_BIRTH_min,912.4992427825928,123
9,f103_nyg_low_normal_DAYS_LAST_DUE_s_DAYS_LAST_DUE_1ST_VERSION_min,245.0067207813263,37
9,f103_nyg_low_normal_DAYS_LAST_DUE_s_app_DAYS_BIRTH_mean,501.4934296607971,71
9,f103_nyg_low_normal_DAYS_LAST_DUE_s_app_DAYS_BIRTH_max,727.5854306221008,107
9,f103_nyg_low_normal_DAYS_LAST_DUE_s_app_DAYS_ID_PUBLISH_max,1284.3286106586456,192
9,f103_nyg_low_normal_DAYS_LAST_DUE_s_app_DAYS_ID_PUBLISH_std_div_mean,28.248239994049072,4
9,f103_nyg_low_normal_DAYS_LAST_DUE_s_app_DAYS_ID_PUBLISH_mean,793.5871305465698,116
9,f103_nyg_low_normal_DAYS_LAST_DUE_s_app_DAYS_EMPLOYED_mean,696.1409494876862,105
9,f103_nyg_low_normal_DAYS_LAST_DUE_s_app_DAYS_LAST_PHONE_CHANGE_std_div_mean,10.544820308685303,2
9,f103_nyg_low_normal_DAYS_LAST_DUE_s_app_DAYS_LAST_PHONE_CHANGE_std,0.0,0
9,f103_nyg_low_normal_DAYS_LAST_DUE_s_app_DAYS_REGISTRATION_std,0.0,0
9,f103_nyg_low_normal_DAYS_LAST_DUE_s_app_DAYS_EMPLOYED_min,513.9136099815369,82
9,f103_nyg_low_normal_DAYS_LAST_DUE_s_app_DAYS_ID_PUBLISH_min,679.2180290222168,97
9,f103_nyg_low_normal_DAYS_LAST_DUE_s_app_DAYS_REGISTRATION_std_div_mean,27.45939016342163,5
9,f103_nyg_low_normal_DAYS_LAST_DUE_s_app_DAYS_REGISTRATION_min,1026.1537499427795,151
9,f103_nyg_low_normal_DAYS_LAST_DUE_s_app_DAYS_EMPLOYED_max,793.4824349284172,118
9,f103_nyg_low_normal_DAYS_LAST_DUE_s_app_DAYS_REGISTRATION_max,916.5420380830765,131
9,f103_nyg_low_normal_DAYS_TERMINATION_d_app_DAYS_EMPLOYED_std,26.88619041442871,5
9,f103_nyg_low_normal_DAYS_LAST_DUE_s_app_DAYS_LAST_PHONE_CHANGE_mean,751.2847611904144,109
9,f103_nyg_low_normal_DAYS_LAST_DUE_s_app_DAYS_LAST_PHONE_CHANGE_min,826.4199955463409,126
9,f103_nyg_low_normal_DAYS_LAST_DUE_s_app_DAYS_LAST_PHONE_CHANGE_max,679.1385402679443,100
9,f103_nyg_low_normal_DAYS_TERMINATION_d_app_DAYS_BIRTH_max,1433.6606087684631,208
9,f103_nyg_low_normal_DAYS_LAST_DUE_s_app_DAYS_REGISTRATION_mean,538.0656789541245,78
9,f103_nyg_low_normal_DAYS_TERMINATION_d_app_DAYS_EMPLOYED_mean,773.0962198972702,118
9,f103_nyg_low_normal_DAYS_TERMINATION_d_app_DAYS_BIRTH_min,1390.20088660717,205
9,f103_nyg_low_normal_DAYS_TERMINATION_d_app_DAYS_EMPLOYED_min,1056.1771585941315,167
9,f103_nyg_low_normal_DAYS_TERMINATION_d_app_DAYS_EMPLOYED_max,859.0240981578827,125
9,f103_nyg_low_normal_DAYS_TERMINATION_d_app_DAYS_BIRTH_mean,973.3804804086685,149
9,f103_nyg_low_normal_DAYS_TERMINATION_s_DAYS_FIRST_DRAWING_max,0.0,0
9,f103_nyg_low_normal_DAYS_TERMINATION_d_app_DAYS_LAST_PHONE_CHANGE_std,30.17354965209961,5
9,f103_nyg_low_normal_DAYS_TERMINATION_s_DAYS_FIRST_DRAWING_min,0.0,0
9,f103_nyg_low_normal_DAYS_TERMINATION_s_DAYS_DECISIONS_std_div_mean,28.81417989730835,4
9,f103_nyg_low_normal_DAYS_TERMINATION_s_DAYS_FIRST_DRAWING_mean,0.0,0
9,f103_nyg_low_normal_DAYS_TERMINATION_d_app_DAYS_LAST_PHONE_CHANGE_max,2343.191023349762,353
9,f103_nyg_low_normal_DAYS_TERMINATION_s_DAYS_FIRST_DRAWING_std,0.0,0
9,f103_nyg_low_normal_DAYS_TERMINATION_s_DAYS_FIRST_DRAWING_max_div_min,0.0,0
9,f103_nyg_low_normal_DAYS_TERMINATION_s_DAYS_FIRST_DRAWING_std_div_mean,0.0,0
9,f103_nyg_low_normal_DAYS_TERMINATION_s_DAYS_DECISIONS_mean,1000.0089509487152,149
9,f103_nyg_low_normal_DAYS_TERMINATION_s_DAYS_FIRST_DUE_max,1159.973519563675,179
9,f103_nyg_low_normal_DAYS_TERMINATION_s_DAYS_FIRST_DUE_std_div_mean,20.075250148773193,4
9,f103_nyg_low_normal_DAYS_TERMINATION_s_DAYS_DECISIONS_max,1030.4658489227295,162
9,f103_nyg_low_normal_DAYS_TERMINATION_s_DAYS_FIRST_DUE_min,1209.0866703987122,191
9,f103_nyg_low_normal_DAYS_TERMINATION_s_DAYS_FIRST_DUE_mean,630.3524886369705,95
9,f103_nyg_low_normal_DAYS_TERMINATION_s_DAYS_LAST_DUE_max,1073.1667323112488,165
9,f103_nyg_low_normal_DAYS_TERMINATION_s_DAYS_LAST_DUE_1ST_VERSION_min,1898.4851752519608,271
9,f103_nyg_low_normal_DAYS_TERMINATION_s_app_DAYS_BIRTH_std,24.054869651794434,4
9,f103_nyg_low_normal_DAYS_TERMINATION_s_DAYS_LAST_DUE_std_div_mean,31.48235034942627,5
9,f103_nyg_low_normal_DAYS_TERMINATION_s_DAYS_LAST_DUE_1ST_VERSION_max,1851.8400820493698,254
9,f103_nyg_low_normal_DAYS_TERMINATION_s_DAYS_LAST_DUE_std,11.81210994720459,2
9,f103_nyg_low_normal_DAYS_TERMINATION_s_DAYS_LAST_DUE_1ST_VERSION_std,28.535789489746094,5
9,f103_nyg_low_normal_DAYS_TERMINATION_s_app_DAYS_EMPLOYED_std,0.0,0
9,f103_nyg_low_normal_DAYS_TERMINATION_s_app_DAYS_BIRTH_mean,760.5777082443237,117
9,f103_nyg_low_normal_DAYS_TERMINATION_s_DAYS_LAST_DUE_min,1487.6549742221832,219
9,f103_nyg_low_normal_DAYS_TERMINATION_s_DAYS_LAST_DUE_mean,1076.6389478445053,161
9,f103_nyg_low_normal_DAYS_TERMINATION_s_DAYS_LAST_DUE_1ST_VERSION_mean,1362.1089494228363,185
9,f103_nyg_low_normal_DAYS_TERMINATION_s_app_DAYS_BIRTH_min,584.9852883815765,78
9,f103_nyg_low_normal_DAYS_TERMINATION_s_app_DAYS_EMPLOYED_mean,587.5527191162109,91
9,f103_nyg_low_normal_DAYS_TERMINATION_s_app_DAYS_EMPLOYED_max,857.0300757884979,117
9,f103_nyg_low_normal_DAYS_TERMINATION_s_app_DAYS_ID_PUBLISH_min,916.8666183948517,139
9,f103_nyg_low_normal_DAYS_TERMINATION_s_app_DAYS_EMPLOYED_min,666.7410292625427,95
9,f103_nyg_low_normal_DAYS_TERMINATION_s_app_DAYS_ID_PUBLISH_std,0.0,0
9,f103_nyg_low_normal_DAYS_TERMINATION_s_app_DAYS_BIRTH_max,668.8905489444733,98
9,f103_nyg_low_normal_DAYS_TERMINATION_s_app_DAYS_LAST_PHONE_CHANGE_std,0.0,0
9,f103_nyg_low_normal_DAYS_TERMINATION_s_app_DAYS_LAST_PHONE_CHANGE_std_div_mean,42.29385948181152,7
9,f103_nyg_low_normal_DAYS_TERMINATION_s_app_DAYS_ID_PUBLISH_mean,844.0145498514175,124
9,f103_nyg_low_normal_DAYS_TERMINATION_s_app_DAYS_LAST_PHONE_CHANGE_min,1159.604186117649,180
9,f103_nyg_low_normal_DAYS_TERMINATION_s_app_DAYS_ID_PUBLISH_max,846.7164999246597,133
9,f103_nyg_low_normal_DAYS_TERMINATION_s_app_DAYS_LAST_PHONE_CHANGE_mean,818.2906901836395,116
9,f103_nyg_low_normal_HOUR_APPR_PROCESS_START_std_div_mean,423.2477797269821,71
9,f103_nyg_low_normal_DAYS_TERMINATION_s_app_DAYS_REGISTRATION_std_div_mean,11.339380264282227,2
9,f103_nyg_low_normal_DAYS_TERMINATION_s_app_DAYS_REGISTRATION_max,1189.6476131677628,177
9,f103_nyg_low_normal_DAYS_TERMINATION_s_app_DAYS_REGISTRATION_std,0.0,0
9,f103_nyg_low_normal_DAYS_TERMINATION_s_app_DAYS_REGISTRATION_mean,895.9711209535599,128
9,f103_nyg_low_normal_DAYS_TERMINATION_s_app_DAYS_LAST_PHONE_CHANGE_max,1005.4641807079315,151
9,f103_nyg_low_normal_DAYS_TERMINATION_s_app_DAYS_REGISTRATION_min,967.875036239624,143
9,f103_nyg_low_normal_HOUR_APPR_PROCESS_START_min,1594.681753873825,237
9,f103_nyg_low_normal_HOUR_APPR_PROCESS_START_mean,2828.3513600826263,389
9,f103_nyg_low_normal_NAME_CASH_LOAN_PURPOSE_Education_sum,0.0,0
9,f103_nyg_low_normal_NAME_CASH_LOAN_PURPOSE_Car_repairs_sum,0.0,0
9,f103_nyg_low_normal_HOUR_APPR_PROCESS_START_max,2124.594797566533,311
9,f103_nyg_low_normal_NAME_CONTRACT_STATUS_Approved_sum,34.55195951461792,6
9,f103_nyg_low_normal_NAME_CASH_LOAN_PURPOSE_XNA_sum,120.30297017097473,21
9,f103_nyg_low_normal_NAME_CLIENT_TYPE_New_mean,207.3904688358307,24
9,f103_nyg_low_normal_NAME_CONTRACT_STATUS_Approved_mean,393.02298974990845,37
9,f103_nyg_low_normal_NAME_CASH_LOAN_PURPOSE_XAP_mean,215.80232048034668,29
9,f103_nyg_low_normal_NAME_CLIENT_TYPE_Refreshed_sum,184.4635305404663,25
9,f103_nyg_low_normal_NAME_CLIENT_TYPE_New_sum,4.722939968109131,1
9,f103_nyg_low_normal_NAME_CLIENT_TYPE_Refreshed_mean,341.02388882637024,53
9,f103_nyg_low_normal_NAME_CASH_LOAN_PURPOSE_XNA_mean,192.8062915802002,21
9,f103_nyg_low_normal_NAME_CONTRACT_STATUS_Refused_mean,240.93716049194336,24
9,f103_nyg_low_normal_NAME_CONTRACT_TYPE_Consumer_loans_mean,39.88703966140747,5
9,f103_nyg_low_normal_NAME_CONTRACT_TYPE_Cash_loans_mean,46.59700012207031,5
9,f103_nyg_low_normal_NAME_PRODUCT_TYPE_XNA_mean,0.0,0
9,f103_nyg_low_normal_NAME_GOODS_CATEGORY_XNA_mean,12.68533992767334,2
9,f103_nyg_low_normal_NAME_PRODUCT_TYPE_x_sell_mean,290.23046112060547,31
9,f103_nyg_low_normal_NAME_CONTRACT_STATUS_Refused_sum,70.5547285079956,6
9,f103_nyg_low_normal_NAME_PORTFOLIO_POS_mean,0.0,0
9,f103_nyg_low_normal_NAME_PORTFOLIO_Cash_mean,0.0,0
9,f103_nyg_low_normal_NAME_PRODUCT_TYPE_x_sell_sum,151.69590044021606,19
9,f103_nyg_low_normal_NAME_PRODUCT_TYPE_walk_in_sum,31.58754014968872,5
9,f103_nyg_low_normal_NAME_PRODUCT_TYPE_walk_in_mean,165.93652057647705,20
9,f103_nyg_low_normal_NAME_SELLER_INDUSTRY_Consumer_electronics_mean,448.892131626606,59
9,f103_nyg_low_normal_PRODUCT_COMBINATION_POS_household_with_interest_mean,408.9433581829071,56
9,f103_nyg_low_normal_PRODUCT_COMBINATION_POS_household_with_interest_sum,56.511109828948975,8
9,f103_nyg_low_normal_RATE_INTEREST_PRIMARY_std,0.0,0
9,f103_nyg_low_normal_RATE_INTEREST_PRIMARY_max_div_min,0.0,0
9,f103_nyg_low_normal_RATE_INTEREST_PRIMARY_max,0.0,0
9,f103_nyg_low_normal_RATE_INTEREST_PRIMARY_mean,0.0,0
9,f103_nyg_low_normal_RATE_INTEREST_PRIVILEGED_mean,0.0,0
9,f103_nyg_low_normal_RATE_INTEREST_PRIVILEGED_max,0.0,0
9,f103_nyg_low_normal_RATE_INTEREST_PRIVILEGED_std,0.0,0
9,f103_nyg_low_normal_RATE_INTEREST_PRIMARY_std_div_mean,0.0,0
9,f103_nyg_low_normal_RATE_INTEREST_PRIVILEGED_min,0.0,0
9,f103_nyg_low_normal_RATE_INTEREST_PRIVILEGED_max_div_min,0.0,0
9,f103_nyg_low_normal_RATE_INTEREST_PRIMARY_min,0.0,0
9,f103_nyg_low_normal_RATE_INTEREST_PRIVILEGED_std_div_mean,0.0,0
9,f103_nyg_low_normal_amt_unpaid_std_div_mean,14.132570266723633,2
9,f103_nyg_low_normal_active_std_div_mean,71.77731990814209,11
9,f103_nyg_low_normal_amt_paid_max,2938.909581184387,400
9,f103_nyg_low_normal_SELLERPLACE_AREA_std,92.73619937896729,15
9,f103_nyg_low_normal_cnt_paid_ratio_std,40.86142015457153,8
9,f103_nyg_low_normal_amt_paid_min,3159.5157520771027,440
9,f103_nyg_low_normal_amt_paid_mean,2728.1730403900146,366
9,f103_nyg_low_normal_amt_unpaid_std,57.12766075134277,8
9,f103_nyg_low_normal_amt_paid_sum,2689.142947137356,336
9,f103_nyg_low_normal_cnt_paid_ratio_std_div_mean,70.48162961006165,11
9,f103_nyg_low_normal_cnt_paid_ratio_mean,592.1015598773956,79
9,f103_nyg_low_normal_cnt_paid_ratio_min,588.6014828681946,89
9,f103_nyg_low_normal_cnt_unpaid_std,38.940070152282715,5
9,f103_nyg_low_normal_cnt_unpaid_std_div_mean,4.594870090484619,1
9,f103_nyg_low_normal_cnt_unpaid_min,405.9801285266876,53
9,f103_nyg_low_normal_cnt_paid_ratio_max,386.7835810184479,57
9,f103_nyg_low_normal_cnt_unpaid_mean,391.826030254364,57
9,f103_nyg_low_normal_cnt_paid_sum,841.775007724762,132
9,f103_nyg_low_normal_cnt_unpaid_max,455.5036084651947,56
9,f103_nyg_low_normal_completed_sum,8.479840278625488,1
9,f103_nyg_low_normal_completed_std,45.265230655670166,6
9,f103_nyg_low_normal_interest_rate_pctchange_mean,2416.123927950859,363
9,f103_nyg_low_normal_interest_rate_diff_max,2313.2067815065384,348
9,f103_nyg_low_normal_interest_rate_diff_mean,1736.637636423111,268
9,f103_nyg_low_normal_completed_max,0.0,0
9,f103_nyg_low_normal_total_debt_diff_std,549.1035268306732,83
9,f103_nyg_low_normal_completed_mean,57.068769454956055,8
9,f103_nyg_low_normal_completed_min,0.0,0
9,f103_nyg_low_normal_interest_rate_pctchange_max,1929.0519932508469,276
9,f103_nyg_low_normal_interest_rate_diff_min,3121.393340885639,457
9,f103_nyg_low_normal_interest_rate_pctchange_min,1970.6068264245987,292
9,f103_nyg_low_normal_interest_rate_pctchange_std,610.7991588115692,102
9,f103_nyg_low_normal_total_debt_pctchange_std,884.6323462724686,126
9,f103_nyg_low_normal_total_debt_std,390.2622618675232,53
9,f103_nyg_middle_AMT_ANNUITY_d_app_AMT_ANNUITY_pctchange_std_div_mean,1798.289239525795,320
9,f103_nyg_middle_AMT_ANNUITY_d_app_AMT_ANNUITY_diff_max,3663.83224119246,656
9,f103_nyg_middle_AMT_ANNUITY_d_app_AMT_ANNUITY_pctchange_std,1417.310402750969,254
9,f103_nyg_middle_AMT_ANNUITY_d_app_AMT_CREDIT_pctchange_std,473.7107994556427,92
9,f103_nyg_middle_AMT_ANNUITY_d_app_AMT_CREDIT_pctchange_std_div_mean,628.6188673377037,111
9,f103_nyg_middle_AMT_ANNUITY_d_app_AMT_GOODS_PRICE_pctchange_std_div_mean,607.1717004776001,109
9,f103_nyg_middle_AMT_ANNUITY_d_app_AMT_ANNUITY_pctchange_max,2933.643109753728,529
9,f103_nyg_middle_AMT_ANNUITY_d_app_AMT_CREDIT_pctchange_max,1481.9576976299286,230
9,f103_nyg_middle_AMT_ANNUITY_d_app_AMT_GOODS_PRICE_pctchange_max,2272.520158559084,381
9,f103_nyg_middle_AMT_ANNUITY_d_app_AMT_INCOME_TOTAL_pctchange_std,170.4347004890442,35
9,f103_nyg_middle_AMT_ANNUITY_d_app_AMT_GOODS_PRICE_pctchange_std,706.3709715604782,128
9,f103_nyg_middle_AMT_ANNUITY_d_app_AMT_INCOME_TOTAL_pctchange_std_div_mean,116.71092927455902,19
9,f103_nyg_middle_AMT_ANNUITY_s_app_AMT_ANNUITY_d_app_AMT_INCOME_TOTAL_pctchange_max,3274.2989521635463,574
9,f103_nyg_middle_AMT_ANNUITY_d_app_AMT_INCOME_TOTAL_pctchange_max,463.99549198150635,68
9,f103_nyg_middle_AMT_ANNUITY_s_app_AMT_ANNUITY_d_app_AMT_INCOME_TOTAL_pctchange_max_div_min,1269.9011274576187,231
9,f103_nyg_middle_AMT_ANNUITY_s_app_AMT_ANNUITY_d_app_AMT_INCOME_TOTAL_pctchange_std,2248.8605707883835,383
9,f103_nyg_middle_AMT_ANNUITY_s_app_AMT_ANNUITY_pctchange_std,814.5430215597153,134
9,f103_nyg_middle_AMT_ANNUITY_s_app_AMT_ANNUITY_d_app_AMT_INCOME_TOTAL_pctchange_mean,3238.450358569622,531
9,f103_nyg_middle_AMT_ANNUITY_s_app_AMT_ANNUITY_d_app_AMT_INCOME_TOTAL_pctchange_min,3366.793797492981,585
9,f103_nyg_middle_AMT_ANNUITY_s_app_AMT_ANNUITY_pctchange_max,942.123586088419,164
9,f103_nyg_middle_AMT_ANNUITY_s_app_AMT_ANNUITY_pctchange_max_div_min,428.8338792324066,75
10,f103_nyg_middle_AMT_APPLICATION_d_app_AMT_ANNUITY_diff_std_div_mean,205.67016983032227,31
10,f103_nyg_middle_AMT_ANNUITY_s_app_AMT_GOODS_PRICE_std,677.1405229568481,94
10,f103_nyg_middle_AMT_ANNUITY_s_app_AMT_INCOME_TOTAL_std,301.41681027412415,47
10,f103_nyg_middle_AMT_APPLICATION_d_app_AMT_ANNUITY_diff_std,180.3994903564453,26
10,f103_nyg_middle_AMT_ANNUITY_s_app_AMT_ANNUITY_pctchange_min,4229.893088817596,545
10,f103_nyg_middle_AMT_ANNUITY_s_app_AMT_ANNUITY_std,218.65489053726196,29
10,f103_nyg_middle_AMT_ANNUITY_s_app_AMT_ANNUITY_pctchange_mean,4143.327529132366,551
10,f103_nyg_middle_AMT_ANNUITY_s_app_AMT_GOODS_PRICE_mean,3578.5465700626373,389
10,f103_nyg_middle_AMT_ANNUITY_s_app_AMT_GOODS_PRICE_min,4323.782363772392,472
10,f103_nyg_middle_AMT_ANNUITY_s_app_AMT_GOODS_PRICE_max,4247.966393709183,454
10,f103_nyg_middle_AMT_ANNUITY_s_app_AMT_CREDIT_std,69.37226009368896,9
10,f103_nyg_middle_AMT_ANNUITY_std,7.759550094604492,2
10,f103_nyg_middle_AMT_APPLICATION_d_app_AMT_ANNUITY_std,241.71624851226807,30
10,f103_nyg_middle_AMT_APPLICATION_d_app_AMT_CREDIT_diff_std,396.87991040945053,53
10,f103_nyg_middle_AMT_APPLICATION_d_app_AMT_ANNUITY_pctchange_std,369.3778796195984,48
10,f103_nyg_middle_AMT_APPLICATION_d_app_AMT_ANNUITY_pctchange_max,2147.919929742813,263
10,f103_nyg_middle_AMT_APPLICATION_d_app_AMT_CREDIT_diff_max,756.8691343069077,97
10,f103_nyg_middle_AMT_APPLICATION_d_app_AMT_CREDIT_diff_std_div_mean,92.74690008163452,15
10,f103_nyg_middle_AMT_APPLICATION_d_app_AMT_ANNUITY_diff_max,1489.766608953476,187
10,f103_nyg_middle_AMT_APPLICATION_d_app_AMT_GOODS_PRICE_diff_std,240.57563996315002,30
10,f103_nyg_middle_AMT_APPLICATION_d_app_AMT_GOODS_PRICE_diff_std_div_mean,206.72394037246704,27
10,f103_nyg_middle_AMT_APPLICATION_d_app_AMT_CREDIT_diff_mean,1348.1176649332047,169
10,f103_nyg_middle_AMT_APPLICATION_d_app_AMT_GOODS_PRICE_diff_max,1048.1204690933228,126
10,f103_nyg_middle_AMT_APPLICATION_d_app_AMT_CREDIT_pctchange_std,265.71204948425293,37
10,f103_nyg_middle_AMT_APPLICATION_d_app_AMT_GOODS_PRICE_diff_mean,1613.2855112552643,207
10,f103_nyg_middle_AMT_APPLICATION_d_app_AMT_CREDIT_std,283.1651179790497,37
10,f103_nyg_middle_AMT_APPLICATION_d_app_AMT_INCOME_TOTAL_diff_max,1085.9274483919144,130
10,f103_nyg_middle_AMT_APPLICATION_d_app_AMT_GOODS_PRICE_pctchange_max,1022.2854390144348,132
10,f103_nyg_middle_AMT_APPLICATION_d_app_AMT_GOODS_PRICE_std,238.97785019874573,37
10,f103_nyg_middle_AMT_APPLICATION_d_app_AMT_INCOME_TOTAL_max,706.7732014656067,85
10,f103_nyg_middle_AMT_APPLICATION_d_app_AMT_INCOME_TOTAL_std,215.56576013565063,29
10,f103_nyg_middle_AMT_APPLICATION_m_app_AMT_GOODS_PRICE_d_app_AMT_INCOME_TOTAL_diff_max,476.81441950798035,60
10,f103_nyg_middle_AMT_APPLICATION_d_app_AMT_INCOME_TOTAL_pctchange_max,305.0892608165741,41
10,f103_nyg_middle_AMT_APPLICATION_d_app_AMT_CREDIT_pctchange_max,114.1850004196167,13
10,f103_nyg_middle_AMT_APPLICATION_d_app_AMT_GOODS_PRICE_pctchange_std,138.64655876159668,20
10,f103_nyg_middle_AMT_APPLICATION_d_app_AMT_INCOME_TOTAL_min,982.2365708351135,115
10,f103_nyg_middle_AMT_APPLICATION_d_app_AMT_INCOME_TOTAL_pctchange_std,94.88130950927734,13
10,f103_nyg_middle_AMT_APPLICATION_d_app_AMT_INCOME_TOTAL_diff_std,297.07129979133606,38
10,f103_nyg_middle_AMT_APPLICATION_max,852.4243297576904,109
10,f103_nyg_middle_AMT_APPLICATION_m_app_AMT_GOODS_PRICE_d_app_AMT_INCOME_TOTAL_std,144.79281973838806,20
10,f103_nyg_middle_AMT_APPLICATION_m_app_AMT_GOODS_PRICE_d_app_AMT_INCOME_TOTAL_max,1807.9222362041473,213
10,f103_nyg_middle_AMT_APPLICATION_s_app_AMT_ANNUITY_d_app_AMT_INCOME_TOTAL_diff_std,71.89496982097626,11
10,f103_nyg_middle_AMT_APPLICATION_m_app_AMT_GOODS_PRICE_d_app_AMT_INCOME_TOTAL_diff_std,230.30231976509094,24
10,f103_nyg_middle_AMT_APPLICATION_s_app_AMT_ANNUITY_d_app_AMT_INCOME_TOTAL_std,39.00706958770752,6
10,f103_nyg_middle_AMT_APPLICATION_mean,843.1143250465393,102
10,f103_nyg_middle_AMT_APPLICATION_s_app_AMT_ANNUITY_diff_std,118.5333092212677,19
10,f103_nyg_middle_AMT_APPLICATION_s_app_AMT_ANNUITY_diff_max,922.5023908615112,122
10,f103_nyg_middle_AMT_APPLICATION_s_app_AMT_ANNUITY_max,874.7679657936096,105
10,f103_nyg_middle_AMT_APPLICATION_s_app_AMT_ANNUITY_mean,937.2044193744659,106
10,f103_nyg_middle_AMT_APPLICATION_s_app_AMT_CREDIT_d_app_AMT_INCOME_TOTAL_pctchange_max_div_min,713.7727007865906,91
10,f103_nyg_middle_AMT_APPLICATION_s_app_AMT_ANNUITY_d_app_AMT_INCOME_TOTAL_min,1138.6296713352203,130
10,f103_nyg_middle_AMT_APPLICATION_d_app_AMT_INCOME_TOTAL_mean,665.275351524353,81
10,f103_nyg_middle_AMT_APPLICATION_s_app_AMT_ANNUITY_std,119.10937929153442,17
10,f103_nyg_middle_AMT_APPLICATION_s_app_AMT_ANNUITY_d_app_AMT_INCOME_TOTAL_max,919.9958472251892,106
10,f103_nyg_middle_AMT_APPLICATION_s_app_AMT_CREDIT_diff_std,29.914420127868652,4
10,f103_nyg_middle_AMT_APPLICATION_s_app_AMT_CREDIT_d_app_AMT_INCOME_TOTAL_diff_max,212.8314986228943,25
10,f103_nyg_middle_AMT_APPLICATION_s_app_AMT_CREDIT_d_app_AMT_INCOME_TOTAL_diff_std,39.17164993286133,5
10,f103_nyg_middle_AMT_APPLICATION_s_app_AMT_ANNUITY_d_app_AMT_INCOME_TOTAL_diff_max,112.94073057174683,13
10,f103_nyg_middle_AMT_APPLICATION_s_app_AMT_ANNUITY_d_app_AMT_INCOME_TOTAL_mean,701.4803884029388,78
10,f103_nyg_middle_AMT_APPLICATION_s_app_AMT_CREDIT_d_app_AMT_INCOME_TOTAL_std,103.35910940170288,14
10,f103_nyg_middle_AMT_APPLICATION_s_app_AMT_CREDIT_min,1761.9304185509682,190
10,f103_nyg_middle_AMT_APPLICATION_s_app_AMT_CREDIT_pctchange_max_div_min,172.70367097854614,21
10,f103_nyg_middle_AMT_APPLICATION_s_app_AMT_CREDIT_max,1186.4550590515137,134
10,f103_nyg_middle_AMT_APPLICATION_s_app_AMT_CREDIT_diff_max,324.687970161438,42
10,f103_nyg_middle_AMT_APPLICATION_s_app_AMT_CREDIT_std,71.01412963867188,10
10,f103_nyg_middle_AMT_APPLICATION_s_app_AMT_GOODS_PRICE_diff_std,56.64268922805786,8
10,f103_nyg_middle_AMT_APPLICATION_s_app_AMT_GOODS_PRICE_diff_max,306.3192791938782,40
10,f103_nyg_middle_AMT_APPLICATION_s_app_AMT_GOODS_PRICE_max,899.1817736625671,109
10,f103_nyg_middle_AMT_APPLICATION_s_app_AMT_GOODS_PRICE_std,55.7185001373291,8
10,f103_nyg_middle_AMT_APPLICATION_s_app_AMT_CREDIT_mean,1336.568512916565,142
10,f103_nyg_middle_AMT_APPLICATION_s_app_AMT_INCOME_TOTAL_mean,948.206216096878,119
10,f103_nyg_middle_AMT_APPLICATION_s_app_AMT_GOODS_PRICE_min,1215.087500333786,141
10,f103_nyg_middle_AMT_APPLICATION_s_app_AMT_INCOME_TOTAL_max,990.7960832118988,120
10,f103_nyg_middle_AMT_APPLICATION_s_app_AMT_INCOME_TOTAL_std,5.67864990234375,1
10,f103_nyg_middle_AMT_APPLICATION_s_app_AMT_GOODS_PRICE_mean,782.8978977203369,89
10,f103_nyg_middle_AMT_APPLICATION_s_app_AMT_INCOME_TOTAL_diff_std,23.159080266952515,3
10,f103_nyg_middle_AMT_APPLICATION_std,0.0,0
10,f103_nyg_middle_AMT_APPLICATION_s_app_AMT_INCOME_TOTAL_diff_max,22.031800270080566,2
10,f103_nyg_middle_AMT_APPLICATION_s_app_AMT_INCOME_TOTAL_min,1038.5537328720093,128
10,f103_nyg_middle_AMT_CREDIT_d_AMT_ANNUITY_diff_max,5611.157341718674,712
10,f103_nyg_middle_AMT_CREDIT_d_AMT_ANNUITY_max,2735.7047350406647,295
10,f103_nyg_middle_AMT_CREDIT_d_AMT_ANNUITY_diff_std,1007.5134603977203,148
10,f103_nyg_middle_AMT_CREDIT_d_AMT_ANNUITY_std,553.5931925773621,73
10,f103_nyg_middle_AMT_CREDIT_d_AMT_APPLICATION_std,871.3246420621872,125
10,f103_nyg_middle_AMT_CREDIT_d_AMT_ANNUITY_min,2807.4759175777435,330
10,f103_nyg_middle_AMT_CREDIT_d_AMT_APPLICATION_max,2582.249332666397,255
10,f103_nyg_middle_AMT_CREDIT_d_AMT_ANNUITY_mean,2358.4328413009644,257
10,f103_nyg_middle_AMT_CREDIT_d_AMT_APPLICATION_mean,1812.9213321208954,205
10,f103_nyg_middle_AMT_CREDIT_d_app_AMT_ANNUITY_diff_mean,2044.0289683938026,246
10,f103_nyg_middle_AMT_CREDIT_d_app_AMT_ANNUITY_diff_std,373.9613301753998,51
10,f103_nyg_middle_AMT_CREDIT_d_AMT_APPLICATION_min,1880.5853643417358,230
10,f103_nyg_middle_AMT_CREDIT_d_app_AMT_ANNUITY_pctchange_std,619.11161673069,89
10,f103_nyg_middle_AMT_CREDIT_d_app_AMT_ANNUITY_pctchange_max,2456.4391654133797,305
10,f103_nyg_middle_AMT_CREDIT_d_app_AMT_ANNUITY_diff_max,1791.4499024152756,216
10,f103_nyg_middle_AMT_CREDIT_d_app_AMT_ANNUITY_std,507.0682394504547,68
10,f103_nyg_middle_AMT_CREDIT_d_app_AMT_CREDIT_pctchange_std,273.40369987487793,34
10,f103_nyg_middle_AMT_CREDIT_d_app_AMT_CREDIT_diff_std,308.5659682750702,44
10,f103_nyg_middle_AMT_CREDIT_d_app_AMT_CREDIT_diff_max,1179.5173034667969,147
10,f103_nyg_middle_AMT_CREDIT_d_app_AMT_CREDIT_std,297.2140393257141,39
10,f103_nyg_middle_AMT_CREDIT_d_app_AMT_GOODS_PRICE_diff_std,252.04951119422913,34
10,f103_nyg_middle_AMT_CREDIT_d_app_AMT_CREDIT_pctchange_max,804.0556995868683,99
10,f103_nyg_middle_AMT_CREDIT_d_app_AMT_CREDIT_diff_mean,1514.0006947517395,181
10,f103_nyg_middle_AMT_CREDIT_d_app_AMT_GOODS_PRICE_diff_max,1372.7370495796204,166
10,f103_nyg_middle_AMT_CREDIT_d_app_AMT_GOODS_PRICE_diff_mean,1262.099044919014,160
10,f103_nyg_middle_AMT_CREDIT_d_app_AMT_GOODS_PRICE_std,416.355197429657,51
10,f103_nyg_middle_AMT_CREDIT_d_app_AMT_INCOME_TOTAL_diff_std,405.4524898529053,53
10,f103_nyg_middle_AMT_CREDIT_d_app_AMT_GOODS_PRICE_max,2102.421352624893,264
10,f103_nyg_middle_AMT_CREDIT_d_app_AMT_GOODS_PRICE_pctchange_std,512.6736359596252,67
10,f103_nyg_middle_AMT_CREDIT_d_app_AMT_GOODS_PRICE_pctchange_max,992.9261150360107,131
10,f103_nyg_middle_AMT_CREDIT_d_app_AMT_GOODS_PRICE_mean,2062.893375515938,261
10,f103_nyg_middle_AMT_CREDIT_d_app_AMT_INCOME_TOTAL_pctchange_std,60.629050731658936,9
10,f103_nyg_middle_AMT_CREDIT_d_app_AMT_INCOME_TOTAL_diff_max,1182.5032658576965,139
10,f103_nyg_middle_AMT_CREDIT_d_app_AMT_INCOME_TOTAL_diff_mean,1680.2251982688904,193
10,f103_nyg_middle_AMT_CREDIT_d_app_AMT_INCOME_TOTAL_mean,1128.8839802742004,139
10,f103_nyg_middle_AMT_CREDIT_d_app_AMT_INCOME_TOTAL_std,282.49314045906067,40
10,f103_nyg_middle_AMT_CREDIT_d_app_AMT_INCOME_TOTAL_pctchange_max,107.54013061523438,14
10,f103_nyg_middle_AMT_CREDIT_d_app_AMT_INCOME_TOTAL_min,1630.199405670166,181
10,f103_nyg_middle_AMT_CREDIT_d_total_debt_diff_std_div_mean,1326.2591089010239,172
10,f103_nyg_middle_AMT_CREDIT_d_app_AMT_INCOME_TOTAL_max,1277.0190258026123,162
10,f103_nyg_middle_AMT_CREDIT_d_total_debt_max_div_min,304.01987981796265,43
10,f103_nyg_middle_AMT_CREDIT_d_total_debt_min,3672.0648016929626,335
10,f103_nyg_middle_AMT_CREDIT_d_total_debt_mean,2538.810559988022,290
10,f103_nyg_middle_AMT_CREDIT_d_total_debt_diff_std,586.6265680789948,82
10,f103_nyg_middle_AMT_CREDIT_d_total_debt_pctchange_std,809.0077378749847,113
10,f103_nyg_middle_AMT_CREDIT_d_total_debt_max,2351.3727099895477,289
10,f103_nyg_middle_AMT_CREDIT_d_total_debt_std,265.63309931755066,41
10,f103_nyg_middle_AMT_CREDIT_m_app_AMT_GOODS_PRICE_d_app_AMT_INCOME_TOTAL_diff_max,675.1225385665894,73
10,f103_nyg_middle_AMT_CREDIT_m_app_AMT_GOODS_PRICE_d_app_AMT_INCOME_TOTAL_diff_std,245.55462789535522,29
10,f103_nyg_middle_AMT_CREDIT_m_app_AMT_GOODS_PRICE_d_app_AMT_INCOME_TOTAL_diff_mean,696.1931028366089,89
10,f103_nyg_middle_AMT_CREDIT_m_app_AMT_GOODS_PRICE_d_app_AMT_INCOME_TOTAL_pctchange_std_div_mean,1399.8510291576385,199
10,f103_nyg_middle_AMT_CREDIT_d_total_debt_std_div_mean,295.8778803348541,43
10,f103_nyg_middle_AMT_CREDIT_m_app_AMT_GOODS_PRICE_d_app_AMT_INCOME_TOTAL_max,1850.308188676834,239
10,f103_nyg_middle_AMT_CREDIT_m_app_AMT_GOODS_PRICE_d_app_AMT_INCOME_TOTAL_mean,2008.7143886089325,264
10,f103_nyg_middle_AMT_CREDIT_m_app_AMT_GOODS_PRICE_d_app_AMT_INCOME_TOTAL_std,167.33781051635742,23
10,f103_nyg_middle_AMT_CREDIT_max,1218.3662991523743,156
10,f103_nyg_middle_AMT_CREDIT_min,1859.810685634613,233
10,f103_nyg_middle_AMT_CREDIT_m_app_AMT_GOODS_PRICE_d_app_AMT_INCOME_TOTAL_std_div_mean,740.235997915268,103
10,f103_nyg_middle_AMT_CREDIT_m_app_AMT_GOODS_PRICE_d_app_AMT_INCOME_TOTAL_pctchange_std,605.8526592254639,89
10,f103_nyg_middle_AMT_CREDIT_s_app_AMT_ANNUITY_d_app_AMT_INCOME_TOTAL_diff_max,300.27284145355225,33
10,f103_nyg_middle_AMT_CREDIT_s_app_AMT_ANNUITY_d_app_AMT_INCOME_TOTAL_std,42.530330181121826,5
10,f103_nyg_middle_AMT_CREDIT_mean,1063.789451122284,134
10,f103_nyg_middle_AMT_CREDIT_s_app_AMT_ANNUITY_d_app_AMT_INCOME_TOTAL_diff_std,96.20491170883179,10
10,f103_nyg_middle_AMT_CREDIT_s_app_AMT_ANNUITY_d_app_AMT_INCOME_TOTAL_mean,1030.6639621257782,125
10,f103_nyg_middle_AMT_CREDIT_s_app_AMT_ANNUITY_d_app_AMT_INCOME_TOTAL_min,1356.5370959043503,167
10,f103_nyg_middle_AMT_CREDIT_s_app_AMT_ANNUITY_d_app_AMT_INCOME_TOTAL_diff_mean,350.60272908210754,43
10,f103_nyg_middle_AMT_CREDIT_s_app_AMT_ANNUITY_d_app_AMT_INCOME_TOTAL_max,1291.9985077381134,160
10,f103_nyg_middle_AMT_CREDIT_s_app_AMT_ANNUITY_pctchange_max_div_min,565.3499705791473,76
10,f103_nyg_middle_AMT_CREDIT_s_app_AMT_ANNUITY_diff_std,328.6132388114929,48
10,f103_nyg_middle_AMT_CREDIT_s_app_AMT_ANNUITY_diff_max,1010.0193524360657,124
10,f103_nyg_middle_AMT_CREDIT_s_app_AMT_ANNUITY_diff_mean,1693.5389194488525,218
10,f103_nyg_middle_AMT_CREDIT_s_app_AMT_ANNUITY_d_app_AMT_INCOME_TOTAL_pctchange_max_div_min,135.72311925888062,19
10,f103_nyg_middle_AMT_CREDIT_s_app_AMT_CREDIT_d_app_AMT_INCOME_TOTAL_diff_std,42.47785973548889,6
10,f103_nyg_middle_AMT_CREDIT_s_app_AMT_ANNUITY_min,1792.335531592369,205
10,f103_nyg_middle_AMT_CREDIT_s_app_AMT_ANNUITY_mean,1089.9787991046906,126
10,f103_nyg_middle_AMT_CREDIT_s_app_AMT_ANNUITY_std,268.4782693386078,39
10,f103_nyg_middle_AMT_CREDIT_s_app_AMT_ANNUITY_max,1123.1185083389282,145
10,f103_nyg_middle_AMT_CREDIT_s_app_AMT_CREDIT_diff_std,118.76134181022644,17
10,f103_nyg_middle_AMT_CREDIT_s_app_AMT_CREDIT_d_app_AMT_INCOME_TOTAL_diff_mean,138.87671852111816,17
10,f103_nyg_middle_AMT_CREDIT_s_app_AMT_CREDIT_d_app_AMT_INCOME_TOTAL_pctchange_std,646.5285904407501,97
10,f103_nyg_middle_AMT_CREDIT_s_app_AMT_CREDIT_d_app_AMT_INCOME_TOTAL_diff_max,32.5567193031311,5
10,f103_nyg_middle_AMT_CREDIT_s_app_AMT_CREDIT_d_app_AMT_INCOME_TOTAL_std,64.87360954284668,10
10,f103_nyg_middle_AMT_CREDIT_s_app_AMT_CREDIT_std,97.75116968154907,13
10,f103_nyg_middle_AMT_CREDIT_s_app_AMT_CREDIT_max,1782.702076435089,207
10,f103_nyg_middle_AMT_CREDIT_s_app_AMT_CREDIT_diff_max,385.2046413421631,43
10,f103_nyg_middle_AMT_CREDIT_s_app_AMT_GOODS_PRICE_diff_max,330.10012090206146,45
10,f103_nyg_middle_AMT_CREDIT_s_app_AMT_GOODS_PRICE_diff_std,184.80708169937134,25
10,f103_nyg_middle_AMT_CREDIT_s_app_AMT_CREDIT_pctchange_std,196.5141897201538,25
10,f103_nyg_middle_AMT_CREDIT_s_app_AMT_CREDIT_min,2424.6337718963623,263
10,f103_nyg_middle_AMT_CREDIT_s_app_AMT_CREDIT_mean,1684.1067910194397,179
10,f103_nyg_middle_AMT_CREDIT_s_app_AMT_GOODS_PRICE_mean,1106.8086984157562,134
10,f103_nyg_middle_AMT_CREDIT_s_app_AMT_GOODS_PRICE_diff_mean,762.1915621757507,98
10,f103_nyg_middle_AMT_CREDIT_s_app_AMT_INCOME_TOTAL_diff_max,79.34428977966309,8
10,f103_nyg_middle_AMT_CREDIT_s_app_AMT_INCOME_TOTAL_diff_std,32.050689697265625,3
10,f103_nyg_middle_AMT_CREDIT_s_app_AMT_GOODS_PRICE_min,1555.7356102466583,187
10,f103_nyg_middle_AMT_CREDIT_s_app_AMT_INCOME_TOTAL_mean,1404.8088026046753,171
10,f103_nyg_middle_AMT_CREDIT_s_app_AMT_INCOME_TOTAL_diff_mean,390.5517418384552,49
10,f103_nyg_middle_AMT_CREDIT_std,36.86205005645752,5
10,f103_nyg_middle_AMT_CREDIT_s_app_AMT_INCOME_TOTAL_max,1556.4743914604187,195
10,f103_nyg_middle_AMT_CREDIT_s_app_AMT_INCOME_TOTAL_min,1447.19367146492,183
10,f103_nyg_middle_AMT_CREDIT_s_app_AMT_GOODS_PRICE_std,91.40952897071838,14
10,f103_nyg_middle_AMT_CREDIT_s_app_AMT_CREDIT_diff_mean,63.95008945465088,6
10,f103_nyg_middle_AMT_DOWN_PAYMENT_d_AMT_GOODS_PRICE_pctchange_max_div_min,594.671929359436,74
10,f103_nyg_middle_AMT_DOWN_PAYMENT_max_div_min,326.6141097545624,53
10,f103_nyg_middle_AMT_DOWN_PAYMENT_d_AMT_GOODS_PRICE_min,864.0679590702057,118
10,f103_nyg_middle_AMT_DOWN_PAYMENT_d_AMT_GOODS_PRICE_max,904.690752029419,117
10,f103_nyg_middle_AMT_GOODS_PRICE_d_AMT_ANNUITY_pctchange_std_div_mean,824.3701329231262,116
10,f103_nyg_middle_AMT_GOODS_PRICE_d_AMT_ANNUITY_diff_std,1067.8273017406464,146
10,f103_nyg_middle_AMT_DOWN_PAYMENT_d_AMT_GOODS_PRICE_mean,700.1866474151611,95
10,f103_nyg_middle_AMT_CREDIT_s_app_AMT_GOODS_PRICE_pctchange_std_div_mean,255.9423897266388,36
10,f103_nyg_middle_AMT_GOODS_PRICE_d_AMT_ANNUITY_std,727.0572898387909,103
10,f103_nyg_middle_AMT_CREDIT_s_app_AMT_GOODS_PRICE_max,1195.7204265594482,152
10,f103_nyg_middle_AMT_CREDIT_s_app_AMT_GOODS_PRICE_std_div_mean,276.45784044265747,39
10,f103_nyg_middle_AMT_CREDIT_s_app_AMT_GOODS_PRICE_pctchange_std,165.8254302740097,23
10,f103_nyg_middle_AMT_GOODS_PRICE_d_AMT_CREDIT_max,1972.3368508815765,242
10,f103_nyg_middle_AMT_GOODS_PRICE_d_AMT_ANNUITY_max,2364.7904901504517,289
10,f103_nyg_middle_AMT_GOODS_PRICE_d_AMT_ANNUITY_min,2176.4250583052635,285
10,f103_nyg_middle_AMT_GOODS_PRICE_d_AMT_ANNUITY_mean,1979.5299515128136,246
10,f103_nyg_middle_AMT_GOODS_PRICE_d_AMT_CREDIT_mean,2519.021862387657,255
10,f103_nyg_middle_AMT_GOODS_PRICE_d_app_AMT_ANNUITY_diff_max,1109.7261548042297,151
10,f103_nyg_middle_AMT_CREDIT_s_app_AMT_INCOME_TOTAL_std,16.79669952392578,1
10,f103_nyg_middle_AMT_GOODS_PRICE_d_app_AMT_ANNUITY_diff_std,220.67684197425842,35
10,f103_nyg_middle_AMT_GOODS_PRICE_d_app_AMT_ANNUITY_pctchange_max,35.89282989501953,6
10,f103_nyg_middle_AMT_GOODS_PRICE_d_AMT_CREDIT_min,2044.154517173767,217
10,f103_nyg_middle_AMT_GOODS_PRICE_d_app_AMT_ANNUITY_diff_std_div_mean,240.48037004470825,33
10,f103_nyg_middle_AMT_GOODS_PRICE_d_app_AMT_ANNUITY_std,101.95401000976562,15
10,f103_nyg_middle_AMT_GOODS_PRICE_d_app_AMT_ANNUITY_pctchange_std,30.263639450073242,2
10,f103_nyg_middle_AMT_GOODS_PRICE_d_app_AMT_CREDIT_diff_std_div_mean,58.93604040145874,8
10,f103_nyg_middle_AMT_GOODS_PRICE_d_app_AMT_CREDIT_diff_mean,802.0512683391571,104
10,f103_nyg_middle_AMT_GOODS_PRICE_d_app_AMT_CREDIT_diff_std,264.2100200653076,36
10,f103_nyg_middle_AMT_GOODS_PRICE_d_app_AMT_CREDIT_pctchange_std,42.19271945953369,6
10,f103_nyg_middle_AMT_GOODS_PRICE_d_app_AMT_GOODS_PRICE_diff_std,147.18413925170898,19
10,f103_nyg_middle_AMT_GOODS_PRICE_d_app_AMT_CREDIT_diff_max,776.4627676010132,99
10,f103_nyg_middle_AMT_GOODS_PRICE_d_app_AMT_GOODS_PRICE_pctchange_max,114.62764048576355,14
10,f103_nyg_middle_AMT_GOODS_PRICE_d_app_AMT_GOODS_PRICE_diff_mean,1111.1369416713715,139
10,f103_nyg_middle_AMT_GOODS_PRICE_d_app_AMT_GOODS_PRICE_diff_max,915.7791588306427,111
10,f103_nyg_middle_AMT_GOODS_PRICE_d_app_AMT_GOODS_PRICE_pctchange_std,66.87033987045288,10
10,f103_nyg_middle_AMT_GOODS_PRICE_d_app_AMT_CREDIT_std,136.96953964233398,19
10,f103_nyg_middle_AMT_GOODS_PRICE_d_app_AMT_INCOME_TOTAL_diff_std,119.82388067245483,17
10,f103_nyg_middle_AMT_GOODS_PRICE_d_app_AMT_GOODS_PRICE_diff_std_div_mean,113.40504932403564,16
10,f103_nyg_middle_AMT_GOODS_PRICE_d_app_AMT_INCOME_TOTAL_max,687.2858514785767,81
10,f103_nyg_middle_AMT_GOODS_PRICE_d_app_AMT_INCOME_TOTAL_diff_max,804.5123088359833,96
10,f103_nyg_middle_AMT_GOODS_PRICE_d_app_AMT_GOODS_PRICE_std,219.34683895111084,29
10,f103_nyg_middle_AMT_GOODS_PRICE_d_app_AMT_INCOME_TOTAL_pctchange_std,37.187790393829346,4
10,f103_nyg_middle_AMT_GOODS_PRICE_d_app_AMT_INCOME_TOTAL_std,60.723849296569824,10
10,f103_nyg_middle_AMT_GOODS_PRICE_d_app_AMT_INCOME_TOTAL_mean,734.8409601449966,86
10,f103_nyg_middle_AMT_GOODS_PRICE_d_app_AMT_INCOME_TOTAL_min,1024.7988195419312,128
10,f103_nyg_middle_AMT_GOODS_PRICE_d_total_debt_pctchange_std,810.3878915309906,116
10,f103_nyg_middle_AMT_GOODS_PRICE_d_app_AMT_INCOME_TOTAL_pctchange_max,32.352699756622314,5
10,f103_nyg_middle_AMT_GOODS_PRICE_d_app_AMT_CREDIT_pctchange_max,12.064819812774658,2
10,f103_nyg_middle_AMT_GOODS_PRICE_d_total_debt_mean,3231.1674716472626,305
10,f103_nyg_middle_AMT_GOODS_PRICE_d_total_debt_std_div_mean,731.772269487381,108
10,f103_nyg_middle_AMT_GOODS_PRICE_d_total_debt_diff_std_div_mean,1078.9626289606094,144
10,f103_nyg_middle_AMT_GOODS_PRICE_d_total_debt_min,2541.232645750046,250
10,f103_nyg_middle_AMT_GOODS_PRICE_d_total_debt_max,2369.727328181267,302
10,f103_nyg_middle_AMT_GOODS_PRICE_m_app_AMT_GOODS_PRICE_d_app_AMT_INCOME_TOTAL_std,123.02703952789307,15
10,f103_nyg_middle_AMT_GOODS_PRICE_m_app_AMT_GOODS_PRICE_d_app_AMT_INCOME_TOTAL_diff_std,168.5355978012085,21
10,f103_nyg_middle_AMT_GOODS_PRICE_m_app_AMT_GOODS_PRICE_d_app_AMT_INCOME_TOTAL_diff_max,342.373459815979,42
10,f103_nyg_middle_AMT_GOODS_PRICE_m_app_AMT_GOODS_PRICE_d_app_AMT_INCOME_TOTAL_max,2009.2028015851974,239
10,f103_nyg_middle_AMT_GOODS_PRICE_mean,798.9589407444,100
10,f103_nyg_middle_AMT_GOODS_PRICE_max,928.1585466265678,118
10,f103_nyg_middle_AMT_GOODS_PRICE_s_app_AMT_ANNUITY_d_app_AMT_INCOME_TOTAL_diff_std,63.20830035209656,11
10,f103_nyg_middle_AMT_GOODS_PRICE_s_app_AMT_ANNUITY_diff_std,206.08219063282013,29
10,f103_nyg_middle_AMT_GOODS_PRICE_s_app_AMT_ANNUITY_diff_max,663.8384866714478,85
10,f103_nyg_middle_AMT_GOODS_PRICE_s_app_AMT_ANNUITY_d_app_AMT_INCOME_TOTAL_mean,695.7168889045715,83
10,f103_nyg_middle_AMT_GOODS_PRICE_s_app_AMT_ANNUITY_d_app_AMT_INCOME_TOTAL_min,1109.5769691467285,128
10,f103_nyg_middle_AMT_GOODS_PRICE_s_app_AMT_ANNUITY_d_app_AMT_INCOME_TOTAL_diff_max,231.69881963729858,29
10,f103_nyg_middle_AMT_GOODS_PRICE_s_app_AMT_ANNUITY_d_app_AMT_INCOME_TOTAL_max,805.4903814792633,99
10,f103_nyg_middle_AMT_GOODS_PRICE_s_app_AMT_ANNUITY_d_app_AMT_INCOME_TOTAL_std,14.150699615478516,1
10,f103_nyg_middle_AMT_GOODS_PRICE_s_app_AMT_CREDIT_d_app_AMT_INCOME_TOTAL_diff_std,18.59816026687622,3
10,f103_nyg_middle_AMT_GOODS_PRICE_s_app_AMT_ANNUITY_std,35.79826021194458,5
10,f103_nyg_middle_AMT_GOODS_PRICE_s_app_AMT_CREDIT_d_app_AMT_INCOME_TOTAL_diff_max,138.76342868804932,17
10,f103_nyg_middle_AMT_GOODS_PRICE_s_app_AMT_ANNUITY_max,801.1920292377472,100
10,f103_nyg_middle_AMT_GOODS_PRICE_s_app_AMT_ANNUITY_mean,912.8417792320251,106
10,f103_nyg_middle_AMT_GOODS_PRICE_s_app_AMT_CREDIT_d_app_AMT_INCOME_TOTAL_pctchange_max_div_min,512.6060945987701,55
10,f103_nyg_middle_AMT_GOODS_PRICE_s_app_AMT_CREDIT_pctchange_max_div_min,58.298110485076904,7
10,f103_nyg_middle_AMT_GOODS_PRICE_s_app_AMT_CREDIT_d_app_AMT_INCOME_TOTAL_std,82.0773696899414,11
10,f103_nyg_middle_AMT_GOODS_PRICE_s_app_AMT_CREDIT_diff_max,215.09029030799866,28
10,f103_nyg_middle_AMT_GOODS_PRICE_s_app_AMT_CREDIT_min,1548.4822630882263,171
10,f103_nyg_middle_AMT_GOODS_PRICE_s_app_AMT_CREDIT_diff_std,60.71117925643921,9
10,f103_nyg_middle_AMT_GOODS_PRICE_s_app_AMT_GOODS_PRICE_diff_std,38.88703989982605,6
10,f103_nyg_middle_AMT_GOODS_PRICE_s_app_AMT_CREDIT_max,1310.678708076477,147
10,f103_nyg_middle_AMT_GOODS_PRICE_s_app_AMT_CREDIT_mean,1274.7565281391144,138
10,f103_nyg_middle_AMT_GOODS_PRICE_s_app_AMT_CREDIT_std,0.0,0
10,f103_nyg_middle_AMT_GOODS_PRICE_s_app_AMT_GOODS_PRICE_diff_max,179.46096014976501,25
10,f103_nyg_middle_AMT_GOODS_PRICE_s_app_AMT_GOODS_PRICE_max,1161.5616648197174,135
10,f103_nyg_middle_AMT_GOODS_PRICE_s_app_AMT_GOODS_PRICE_std,9.308459758758545,2
10,f103_nyg_middle_AMT_GOODS_PRICE_s_app_AMT_GOODS_PRICE_min,1002.8896346092224,125
10,f103_nyg_middle_AMT_GOODS_PRICE_s_app_AMT_INCOME_TOTAL_diff_std,0.0,0
10,f103_nyg_middle_AMT_GOODS_PRICE_s_app_AMT_GOODS_PRICE_mean,625.6621589660645,71
10,f103_nyg_middle_AMT_GOODS_PRICE_s_app_AMT_INCOME_TOTAL_diff_max,0.0,0
10,f103_nyg_middle_AMT_GOODS_PRICE_std,0.0,0
10,f103_nyg_middle_AMT_GOODS_PRICE_s_app_AMT_INCOME_TOTAL_std,0.0,0
10,f103_nyg_middle_AMT_GOODS_PRICE_s_app_AMT_INCOME_TOTAL_mean,819.3400716781616,98
10,f103_nyg_middle_AMT_GOODS_PRICE_s_app_AMT_INCOME_TOTAL_min,1098.049358844757,144
10,f103_nyg_middle_AMT_GOODS_PRICE_s_app_AMT_INCOME_TOTAL_max,709.4246311187744,95
10,f103_nyg_middle_CNT_PAYMENT_std,107.56741046905518,15
10,f103_nyg_middle_CNT_PAYMENT_max,163.63748002052307,13
10,f103_nyg_middle_CHANNEL_TYPE_Contact_center_sum,63.88272047042847,10
10,f103_nyg_middle_CNT_PAYMENT_mean,366.1899528503418,43
10,f103_nyg_middle_CODE_REJECT_REASON_LIMIT_mean,992.3578372001648,67
10,f103_nyg_middle_CODE_REJECT_REASON_LIMIT_sum,226.22630882263184,22
10,f103_nyg_middle_CNT_PAYMENT_min,15.395289897918701,2
10,f103_nyg_middle_DAYS_DECISION_d_app_DAYS_BIRTH_max,2180.535537004471,286
10,f103_nyg_middle_DAYS_DECISION_d_app_DAYS_BIRTH_std_div_mean,311.25621151924133,39
10,f103_nyg_middle_CODE_REJECT_REASON_XAP_mean,452.00819158554077,47
10,f103_nyg_middle_DAYS_DECISION_d_app_DAYS_ID_PUBLISH_std_div_mean,172.55337190628052,21
10,f103_nyg_middle_DAYS_DECISION_d_app_DAYS_EMPLOYED_max,2363.0827214717865,202
10,f103_nyg_middle_DAYS_DECISION_d_app_DAYS_EMPLOYED_mean,1913.9497623443604,191
10,f103_nyg_middle_DAYS_DECISION_d_app_DAYS_BIRTH_mean,2128.734665632248,272
10,f103_nyg_middle_DAYS_DECISION_d_app_DAYS_BIRTH_min,2612.2913752794266,335
10,f103_nyg_middle_DAYS_DECISION_d_app_DAYS_EMPLOYED_min,2424.2402160167694,248
10,f103_nyg_middle_DAYS_DECISION_d_app_DAYS_LAST_PHONE_CHANGE_std_div_mean,825.9455261230469,105
10,f103_nyg_middle_DAYS_DECISION_d_app_DAYS_REGISTRATION_std_div_mean,88.64275991916656,10
10,f103_nyg_middle_DAYS_DECISION_s_app_DAYS_EMPLOYED_std,605.583841085434,75
10,f103_nyg_middle_DAYS_DECISION_s_app_DAYS_BIRTH_mean,2430.424604654312,234
10,f103_nyg_middle_DAYS_DECISION_s_app_DAYS_EMPLOYED_max,1613.8611028194427,186
10,f103_nyg_middle_DAYS_DECISION_s_app_DAYS_EMPLOYED_mean,1372.0289583206177,164
10,f103_nyg_middle_DAYS_DECISION_s_app_DAYS_EMPLOYED_min,1367.6242953538895,169
10,f103_nyg_middle_DAYS_DECISION_s_app_DAYS_BIRTH_max,2340.8619854450226,250
10,f103_nyg_middle_DAYS_DECISION_s_app_DAYS_BIRTH_std,146.2019603252411,21
10,f103_nyg_middle_DAYS_DECISION_s_app_DAYS_ID_PUBLISH_std,63.71562051773071,10
10,f103_nyg_middle_DAYS_DECISION_s_app_DAYS_ID_PUBLISH_std_div_mean,646.0813117027283,76
10,f103_nyg_middle_DAYS_DECISION_s_app_DAYS_BIRTH_min,2724.0380716323853,222
10,f103_nyg_middle_DAYS_DECISION_s_app_DAYS_LAST_PHONE_CHANGE_std,41.06709003448486,5
10,f103_nyg_middle_DAYS_DECISION_s_app_DAYS_ID_PUBLISH_min,2107.367249250412,276
10,f103_nyg_middle_DAYS_DECISION_s_app_DAYS_ID_PUBLISH_max_div_min,541.4459950327873,73
10,f103_nyg_middle_DAYS_FIRST_DRAWING_d_app_DAYS_BIRTH_max,0.0,0
10,f103_nyg_middle_DAYS_DECISION_s_app_DAYS_LAST_PHONE_CHANGE_mean,2330.891328692436,247
10,f103_nyg_middle_DAYS_DECISION_s_app_DAYS_LAST_PHONE_CHANGE_max,2497.8361144065857,288
10,f103_nyg_middle_DAYS_DECISION_s_app_DAYS_ID_PUBLISH_max,2436.54022026062,302
10,f103_nyg_middle_DAYS_DECISION_s_app_DAYS_ID_PUBLISH_mean,1713.348239183426,211
10,f103_nyg_middle_DAYS_FIRST_DRAWING_d_app_DAYS_EMPLOYED_min,0.0,0
10,f103_nyg_middle_DAYS_FIRST_DRAWING_d_app_DAYS_BIRTH_min,0.0,0
10,f103_nyg_middle_DAYS_DECISION_s_app_DAYS_REGISTRATION_std_div_mean,1097.2964619398117,137
10,f103_nyg_middle_DAYS_DECISION_s_app_DAYS_REGISTRATION_mean,2025.5147907435894,253
10,f103_nyg_middle_DAYS_FIRST_DRAWING_d_app_DAYS_EMPLOYED_mean,0.0,0
10,f103_nyg_middle_DAYS_FIRST_DRAWING_d_app_DAYS_BIRTH_max_div_min,0.0,0
10,f103_nyg_middle_DAYS_DECISION_s_app_DAYS_REGISTRATION_std,12.420499801635742,1
10,f103_nyg_middle_DAYS_DECISION_s_app_DAYS_LAST_PHONE_CHANGE_min,2345.5176978111267,259
10,f103_nyg_middle_DAYS_FIRST_DRAWING_d_app_DAYS_BIRTH_std,0.0,0
10,f103_nyg_middle_DAYS_FIRST_DRAWING_d_app_DAYS_ID_PUBLISH_mean,0.0,0
10,f103_nyg_middle_DAYS_FIRST_DRAWING_d_app_DAYS_EMPLOYED_max,0.0,0
10,f103_nyg_middle_DAYS_FIRST_DRAWING_d_app_DAYS_ID_PUBLISH_std,0.0,0
10,f103_nyg_middle_DAYS_DECISION_s_app_DAYS_REGISTRATION_min,2331.606780767441,283
10,f103_nyg_middle_DAYS_DECISION_s_app_DAYS_REGISTRATION_max,2212.96918964386,267
10,f103_nyg_middle_DAYS_FIRST_DRAWING_d_app_DAYS_EMPLOYED_std,0.0,0
10,f103_nyg_middle_DAYS_FIRST_DRAWING_d_app_DAYS_EMPLOYED_max_div_min,0.0,0
10,f103_nyg_middle_DAYS_FIRST_DRAWING_d_app_DAYS_BIRTH_mean,0.0,0
10,f103_nyg_middle_DAYS_FIRST_DRAWING_d_app_DAYS_ID_PUBLISH_max_div_min,0.0,0
10,f103_nyg_middle_DAYS_FIRST_DRAWING_d_app_DAYS_BIRTH_std_div_mean,0.0,0
10,f103_nyg_middle_DAYS_FIRST_DRAWING_d_app_DAYS_LAST_PHONE_CHANGE_max,0.0,0
10,f103_nyg_middle_DAYS_FIRST_DRAWING_d_app_DAYS_EMPLOYED_std_div_mean,0.0,0
10,f103_nyg_middle_DAYS_FIRST_DRAWING_d_app_DAYS_REGISTRATION_std_div_mean,0.0,0
10,f103_nyg_middle_DAYS_FIRST_DRAWING_d_app_DAYS_LAST_PHONE_CHANGE_mean,0.0,0
10,f103_nyg_middle_DAYS_FIRST_DRAWING_d_app_DAYS_REGISTRATION_std,0.0,0
10,f103_nyg_middle_DAYS_FIRST_DRAWING_d_app_DAYS_LAST_PHONE_CHANGE_min,0.0,0
10,f103_nyg_middle_DAYS_FIRST_DRAWING_d_app_DAYS_ID_PUBLISH_std_div_mean,0.0,0
10,f103_nyg_middle_DAYS_FIRST_DRAWING_d_app_DAYS_LAST_PHONE_CHANGE_max_div_min,0.0,0
10,f103_nyg_middle_DAYS_FIRST_DRAWING_d_app_DAYS_ID_PUBLISH_min,0.0,0
10,f103_nyg_middle_DAYS_FIRST_DRAWING_d_app_DAYS_LAST_PHONE_CHANGE_std,0.0,0
10,f103_nyg_middle_DAYS_FIRST_DRAWING_s_DAYS_DECISIONS_std_div_mean,0.0,0
10,f103_nyg_middle_DAYS_FIRST_DRAWING_d_app_DAYS_ID_PUBLISH_max,0.0,0
10,f103_nyg_middle_DAYS_FIRST_DRAWING_d_app_DAYS_REGISTRATION_mean,0.0,0
10,f103_nyg_middle_DAYS_FIRST_DRAWING_d_app_DAYS_REGISTRATION_max_div_min,0.0,0
10,f103_nyg_middle_DAYS_FIRST_DRAWING_s_app_DAYS_BIRTH_max_div_min,0.0,0
10,f103_nyg_middle_DAYS_FIRST_DRAWING_s_DAYS_DECISIONS_max,0.0,0
10,f103_nyg_middle_DAYS_FIRST_DRAWING_d_app_DAYS_REGISTRATION_max,0.0,0
10,f103_nyg_middle_DAYS_FIRST_DRAWING_d_app_DAYS_REGISTRATION_min,0.0,0
10,f103_nyg_middle_DAYS_FIRST_DRAWING_d_app_DAYS_LAST_PHONE_CHANGE_std_div_mean,0.0,0
10,f103_nyg_middle_DAYS_FIRST_DRAWING_s_app_DAYS_BIRTH_std,0.0,0
10,f103_nyg_middle_DAYS_FIRST_DRAWING_s_DAYS_DECISIONS_mean,0.0,0
10,f103_nyg_middle_DAYS_FIRST_DRAWING_s_DAYS_DECISIONS_min,0.0,0
10,f103_nyg_middle_DAYS_FIRST_DRAWING_s_app_DAYS_EMPLOYED_max_div_min,0.0,0
10,f103_nyg_middle_DAYS_FIRST_DRAWING_s_app_DAYS_BIRTH_max,0.0,0
10,f103_nyg_middle_DAYS_FIRST_DRAWING_s_app_DAYS_EMPLOYED_min,0.0,0
10,f103_nyg_middle_DAYS_FIRST_DRAWING_s_app_DAYS_BIRTH_min,0.0,0
10,f103_nyg_middle_DAYS_FIRST_DRAWING_s_app_DAYS_ID_PUBLISH_max_div_min,0.0,0
10,f103_nyg_middle_DAYS_FIRST_DRAWING_s_app_DAYS_BIRTH_mean,0.0,0
10,f103_nyg_middle_DAYS_FIRST_DRAWING_s_DAYS_DECISIONS_std,0.0,0
10,f103_nyg_middle_DAYS_FIRST_DRAWING_s_DAYS_DECISIONS_max_div_min,0.0,0
10,f103_nyg_middle_DAYS_FIRST_DRAWING_s_app_DAYS_ID_PUBLISH_max,0.0,0
10,f103_nyg_middle_DAYS_FIRST_DRAWING_s_app_DAYS_EMPLOYED_mean,0.0,0
10,f103_nyg_middle_DAYS_FIRST_DRAWING_s_app_DAYS_LAST_PHONE_CHANGE_max_div_min,0.0,0
10,f103_nyg_middle_DAYS_FIRST_DRAWING_s_app_DAYS_EMPLOYED_std_div_mean,0.0,0
10,f103_nyg_middle_DAYS_FIRST_DRAWING_s_app_DAYS_LAST_PHONE_CHANGE_std,0.0,0
10,f103_nyg_middle_DAYS_FIRST_DRAWING_s_app_DAYS_EMPLOYED_max,0.0,0
10,f103_nyg_middle_DAYS_FIRST_DRAWING_s_app_DAYS_ID_PUBLISH_std,0.0,0
10,f103_nyg_middle_DAYS_FIRST_DRAWING_s_app_DAYS_BIRTH_std_div_mean,0.0,0
10,f103_nyg_middle_DAYS_FIRST_DRAWING_s_app_DAYS_ID_PUBLISH_std_div_mean,0.0,0
10,f103_nyg_middle_DAYS_FIRST_DRAWING_s_app_DAYS_ID_PUBLISH_mean,0.0,0
10,f103_nyg_middle_DAYS_FIRST_DRAWING_s_app_DAYS_EMPLOYED_std,0.0,0
10,f103_nyg_middle_DAYS_FIRST_DRAWING_s_app_DAYS_LAST_PHONE_CHANGE_mean,0.0,0
10,f103_nyg_middle_DAYS_FIRST_DRAWING_s_app_DAYS_LAST_PHONE_CHANGE_std_div_mean,0.0,0
10,f103_nyg_middle_DAYS_FIRST_DRAWING_s_app_DAYS_REGISTRATION_min,0.0,0
10,f103_nyg_middle_DAYS_FIRST_DRAWING_s_app_DAYS_REGISTRATION_max,0.0,0
10,f103_nyg_middle_DAYS_FIRST_DRAWING_s_app_DAYS_REGISTRATION_std,0.0,0
10,f103_nyg_middle_DAYS_FIRST_DRAWING_s_app_DAYS_ID_PUBLISH_min,0.0,0
10,f103_nyg_middle_DAYS_FIRST_DRAWING_s_app_DAYS_LAST_PHONE_CHANGE_min,0.0,0
10,f103_nyg_middle_DAYS_FIRST_DRAWING_s_app_DAYS_REGISTRATION_max_div_min,0.0,0
10,f103_nyg_middle_DAYS_FIRST_DRAWING_s_app_DAYS_REGISTRATION_mean,0.0,0
10,f103_nyg_middle_DAYS_FIRST_DRAWING_s_app_DAYS_REGISTRATION_std_div_mean,0.0,0
10,f103_nyg_middle_DAYS_FIRST_DRAWING_s_app_DAYS_LAST_PHONE_CHANGE_max,0.0,0
10,f103_nyg_middle_DAYS_FIRST_DUE_d_app_DAYS_BIRTH_std_div_mean,375.1237301826477,52
10,f103_nyg_middle_DAYS_FIRST_DUE_d_app_DAYS_BIRTH_min,2975.7497061491013,385
10,f103_nyg_middle_DAYS_FIRST_DUE_d_app_DAYS_BIRTH_max,2327.7387993335724,300
10,f103_nyg_middle_DAYS_FIRST_DUE_d_app_DAYS_BIRTH_mean,2112.7194381952286,257
10,f103_nyg_middle_DAYS_FIRST_DUE_d_app_DAYS_LAST_PHONE_CHANGE_std_div_mean,500.28041315078735,74
10,f103_nyg_middle_DAYS_FIRST_DUE_d_app_DAYS_ID_PUBLISH_std,409.2591586112976,60
10,f103_nyg_middle_DAYS_FIRST_DUE_d_app_DAYS_EMPLOYED_max,1760.6552102565765,205
10,f103_nyg_middle_DAYS_FIRST_DUE_d_app_DAYS_EMPLOYED_mean,1796.4648096561432,173
10,f103_nyg_middle_DAYS_FIRST_DUE_d_app_DAYS_EMPLOYED_min,2317.0573601722717,219
10,f103_nyg_middle_DAYS_FIRST_DUE_d_app_DAYS_ID_PUBLISH_std_div_mean,147.66583013534546,21
10,f103_nyg_middle_DAYS_FIRST_DUE_d_app_DAYS_REGISTRATION_std_div_mean,84.67400074005127,10
10,f103_nyg_middle_DAYS_FIRST_DUE_s_DAYS_FIRST_DRAWING_std,0.0,0
10,f103_nyg_middle_DAYS_FIRST_DUE_s_DAYS_FIRST_DRAWING_std_div_mean,0.0,0
10,f103_nyg_middle_DAYS_FIRST_DUE_s_DAYS_FIRST_DRAWING_max_div_min,0.0,0
10,f103_nyg_middle_DAYS_FIRST_DUE_s_DAYS_FIRST_DRAWING_min,0.0,0
10,f103_nyg_middle_DAYS_FIRST_DUE_s_DAYS_FIRST_DRAWING_mean,0.0,0
10,f103_nyg_middle_DAYS_FIRST_DUE_s_DAYS_FIRST_DRAWING_max,0.0,0
10,f103_nyg_middle_DAYS_FIRST_DUE_s_app_DAYS_BIRTH_std,520.7522506713867,70
10,f103_nyg_middle_DAYS_FIRST_DUE_s_app_DAYS_EMPLOYED_std,101.16295003890991,14
10,f103_nyg_middle_DAYS_FIRST_DUE_s_app_DAYS_EMPLOYED_min,1503.9270769357681,178
10,f103_nyg_middle_DAYS_FIRST_DUE_s_app_DAYS_EMPLOYED_max,1586.2085025310516,196
10,f103_nyg_middle_DAYS_FIRST_DUE_s_app_DAYS_BIRTH_mean,1303.0405652821064,153
10,f103_nyg_middle_DAYS_FIRST_DUE_s_app_DAYS_BIRTH_max,1347.3216667175293,149
10,f103_nyg_middle_DAYS_FIRST_DUE_s_app_DAYS_ID_PUBLISH_std,45.175729751586914,6
10,f103_nyg_middle_DAYS_FIRST_DUE_s_app_DAYS_BIRTH_min,1475.9097666740417,156
10,f103_nyg_middle_DAYS_FIRST_DUE_s_app_DAYS_ID_PUBLISH_max,2106.8963856697083,264
10,f103_nyg_middle_DAYS_FIRST_DUE_s_app_DAYS_ID_PUBLISH_std_div_mean,391.10874032974243,59
10,f103_nyg_middle_DAYS_FIRST_DUE_s_app_DAYS_EMPLOYED_mean,1242.7505497932434,154
10,f103_nyg_middle_DAYS_FIRST_DUE_s_app_DAYS_LAST_PHONE_CHANGE_std,25.543020725250244,3
10,f103_nyg_middle_DAYS_FIRST_DUE_s_app_DAYS_ID_PUBLISH_mean,2139.763313770294,254
10,f103_nyg_middle_DAYS_FIRST_DUE_s_app_DAYS_LAST_PHONE_CHANGE_min,1881.7597437500954,239
10,f103_nyg_middle_DAYS_FIRST_DUE_s_app_DAYS_ID_PUBLISH_min,2050.745985507965,250
10,f103_nyg_middle_DAYS_FIRST_DUE_s_app_DAYS_REGISTRATION_std,4.884220123291016,1
10,f103_nyg_middle_DAYS_FIRST_DUE_s_app_DAYS_LAST_PHONE_CHANGE_mean,2262.933118581772,262
10,f103_nyg_middle_DAYS_FIRST_DUE_s_app_DAYS_REGISTRATION_min,1614.0679403543472,195
10,f103_nyg_middle_DAYS_FIRST_DUE_s_app_DAYS_REGISTRATION_max,1585.6450719833374,196
10,f103_nyg_middle_DAYS_LAST_DUE_1ST_VERSION_d_app_DAYS_EMPLOYED_std,564.4010305404663,82
10,f103_nyg_middle_DAYS_LAST_DUE_1ST_VERSION_d_app_DAYS_BIRTH_max,2654.1392995119095,330
10,f103_nyg_middle_DAYS_LAST_DUE_1ST_VERSION_d_app_DAYS_BIRTH_mean,2225.1005977392197,256
10,f103_nyg_middle_DAYS_FIRST_DUE_s_app_DAYS_LAST_PHONE_CHANGE_max,2712.8785977363586,287
10,f103_nyg_middle_DAYS_LAST_DUE_1ST_VERSION_d_app_DAYS_BIRTH_std,281.3285994529724,43
10,f103_nyg_middle_DAYS_LAST_DUE_1ST_VERSION_s_DAYS_FIRST_DRAWING_mean,0.0,0
10,f103_nyg_middle_DAYS_LAST_DUE_1ST_VERSION_d_app_DAYS_REGISTRATION_std,390.31597995758057,60
10,f103_nyg_middle_DAYS_FIRST_DUE_s_app_DAYS_REGISTRATION_mean,1678.3527314662933,205
10,f103_nyg_middle_DAYS_LAST_DUE_1ST_VERSION_s_DAYS_DECISIONS_max,1382.8974440097809,147
10,f103_nyg_middle_DAYS_LAST_DUE_1ST_VERSION_d_app_DAYS_BIRTH_min,2792.058688879013,325
10,f103_nyg_middle_DAYS_LAST_DUE_1ST_VERSION_s_DAYS_FIRST_DRAWING_min,0.0,0
10,f103_nyg_middle_DAYS_LAST_DUE_1ST_VERSION_s_DAYS_FIRST_DRAWING_max_div_min,0.0,0
10,f103_nyg_middle_DAYS_LAST_DUE_1ST_VERSION_s_DAYS_FIRST_DRAWING_std,0.0,0
10,f103_nyg_middle_DAYS_LAST_DUE_1ST_VERSION_s_DAYS_FIRST_DRAWING_std_div_mean,0.0,0
10,f103_nyg_middle_DAYS_LAST_DUE_1ST_VERSION_s_DAYS_FIRST_DRAWING_max,0.0,0
10,f103_nyg_middle_DAYS_LAST_DUE_1ST_VERSION_s_DAYS_DECISIONS_mean,960.3950324058533,115
10,f103_nyg_middle_DAYS_LAST_DUE_1ST_VERSION_s_DAYS_DECISIONS_std_div_mean,303.14458084106445,44
10,f103_nyg_middle_DAYS_LAST_DUE_1ST_VERSION_s_app_DAYS_BIRTH_std,371.02924132347107,59
10,f103_nyg_middle_DAYS_LAST_DUE_1ST_VERSION_s_DAYS_FIRST_DUE_max,131.2206802368164,18
10,f103_nyg_middle_DAYS_LAST_DUE_1ST_VERSION_s_DAYS_FIRST_DUE_std,36.934579849243164,5
10,f103_nyg_middle_DAYS_LAST_DUE_1ST_VERSION_s_DAYS_DECISIONS_std,260.4502201080322,35
10,f103_nyg_middle_DAYS_LAST_DUE_1ST_VERSION_s_DAYS_DECISIONS_min,1236.3164625167847,144
10,f103_nyg_middle_DAYS_LAST_DUE_1ST_VERSION_s_DAYS_FIRST_DUE_min,107.43893098831177,13
10,f103_nyg_middle_DAYS_LAST_DUE_1ST_VERSION_s_app_DAYS_EMPLOYED_std,48.086090087890625,9
10,f103_nyg_middle_DAYS_LAST_DUE_1ST_VERSION_s_DAYS_FIRST_DUE_std_div_mean,75.6176598072052,11
10,f103_nyg_middle_DAYS_LAST_DUE_1ST_VERSION_s_app_DAYS_BIRTH_min,1986.4421834945679,240
10,f103_nyg_middle_DAYS_LAST_DUE_1ST_VERSION_s_app_DAYS_BIRTH_max,1885.2913173437119,222
10,f103_nyg_middle_DAYS_LAST_DUE_1ST_VERSION_s_app_DAYS_EMPLOYED_mean,1857.9545197486877,230
10,f103_nyg_middle_DAYS_LAST_DUE_1ST_VERSION_s_app_DAYS_BIRTH_std_div_mean,253.91461968421936,38
10,f103_nyg_middle_DAYS_LAST_DUE_1ST_VERSION_s_DAYS_FIRST_DUE_mean,114.08217978477478,16
10,f103_nyg_middle_DAYS_LAST_DUE_1ST_VERSION_s_app_DAYS_BIRTH_mean,1833.5271427631378,210
10,f103_nyg_middle_DAYS_LAST_DUE_1ST_VERSION_s_app_DAYS_ID_PUBLISH_mean,2047.0141651630402,269
10,f103_nyg_middle_DAYS_LAST_DUE_1ST_VERSION_s_app_DAYS_EMPLOYED_min,1878.0672543048859,244
10,f103_nyg_middle_DAYS_LAST_DUE_1ST_VERSION_s_app_DAYS_ID_PUBLISH_std,43.22588014602661,7
10,f103_nyg_middle_DAYS_LAST_DUE_1ST_VERSION_s_app_DAYS_EMPLOYED_max,1940.7561248540878,258
10,f103_nyg_middle_DAYS_LAST_DUE_1ST_VERSION_s_app_DAYS_LAST_PHONE_CHANGE_std,17.01563024520874,2
10,f103_nyg_middle_DAYS_LAST_DUE_1ST_VERSION_s_app_DAYS_ID_PUBLISH_max,2343.001866042614,298
10,f103_nyg_middle_DAYS_LAST_DUE_1ST_VERSION_s_app_DAYS_ID_PUBLISH_min,2426.4085121154785,321
10,f103_nyg_middle_DAYS_LAST_DUE_1ST_VERSION_s_app_DAYS_REGISTRATION_std,11.949490070343018,2
10,f103_nyg_middle_DAYS_LAST_DUE_d_app_DAYS_BIRTH_mean,3704.324457168579,462
10,f103_nyg_middle_DAYS_LAST_DUE_1ST_VERSION_s_app_DAYS_REGISTRATION_max,2540.478828549385,322
10,f103_nyg_middle_DAYS_LAST_DUE_1ST_VERSION_s_app_DAYS_REGISTRATION_min,1945.3969225883484,241
10,f103_nyg_middle_DAYS_LAST_DUE_d_app_DAYS_BIRTH_max,4125.196466207504,518
10,f103_nyg_middle_DAYS_LAST_DUE_1ST_VERSION_s_app_DAYS_LAST_PHONE_CHANGE_min,4182.187726318836,526
10,f103_nyg_middle_DAYS_LAST_DUE_d_app_DAYS_EMPLOYED_std_div_mean,274.65080070495605,41
10,f103_nyg_middle_DAYS_LAST_DUE_1ST_VERSION_s_app_DAYS_REGISTRATION_mean,1704.46868622303,226
10,f103_nyg_middle_DAYS_LAST_DUE_d_app_DAYS_BIRTH_std_div_mean,312.55104994773865,46
10,f103_nyg_middle_DAYS_LAST_DUE_d_app_DAYS_LAST_PHONE_CHANGE_std_div_mean,259.60497975349426,33
10,f103_nyg_middle_DAYS_LAST_DUE_d_app_DAYS_EMPLOYED_min,2614.1705669164658,343
10,f103_nyg_middle_DAYS_LAST_DUE_d_app_DAYS_EMPLOYED_mean,2652.889523744583,338
10,f103_nyg_middle_DAYS_LAST_DUE_d_app_DAYS_BIRTH_min,4042.5492095947266,506
10,f103_nyg_middle_DAYS_LAST_DUE_d_app_DAYS_LAST_PHONE_CHANGE_std,277.5637104511261,46
10,f103_nyg_middle_DAYS_LAST_DUE_d_app_DAYS_ID_PUBLISH_std,251.0014307498932,40
10,f103_nyg_middle_DAYS_LAST_DUE_d_app_DAYS_ID_PUBLISH_std_div_mean,244.13536882400513,34
10,f103_nyg_middle_DAYS_LAST_DUE_d_app_DAYS_REGISTRATION_std,549.2332916259766,83
10,f103_nyg_middle_DAYS_LAST_DUE_d_app_DAYS_EMPLOYED_max,2904.085741043091,361
10,f103_nyg_middle_DAYS_LAST_DUE_s_DAYS_FIRST_DRAWING_mean,0.0,0
10,f103_nyg_middle_DAYS_LAST_DUE_d_app_DAYS_REGISTRATION_std_div_mean,55.5046010017395,9
10,f103_nyg_middle_DAYS_LAST_DUE_s_DAYS_FIRST_DRAWING_max,0.0,0
10,f103_nyg_middle_DAYS_LAST_DUE_s_DAYS_FIRST_DRAWING_min,0.0,0
10,f103_nyg_middle_DAYS_LAST_DUE_s_DAYS_FIRST_DRAWING_std,0.0,0
10,f103_nyg_middle_DAYS_LAST_DUE_s_DAYS_FIRST_DRAWING_std_div_mean,0.0,0
11,f103_nyg_middle_DAYS_LAST_DUE_s_app_DAYS_EMPLOYED_std,371.53843903541565,52
11,f103_nyg_middle_DAYS_LAST_DUE_s_DAYS_FIRST_DRAWING_max_div_min,0.0,0
11,f103_nyg_middle_DAYS_LAST_DUE_s_DAYS_FIRST_DUE_std_div_mean,408.41179943084717,63
11,f103_nyg_middle_DAYS_LAST_DUE_s_DAYS_LAST_DUE_1ST_VERSION_min,729.2739598751068,95
11,f103_nyg_middle_DAYS_LAST_DUE_s_app_DAYS_BIRTH_std,81.74308967590332,13
11,f103_nyg_middle_DAYS_LAST_DUE_s_DAYS_LAST_DUE_1ST_VERSION_std_div_mean,399.84920024871826,60
11,f103_nyg_middle_DAYS_LAST_DUE_s_app_DAYS_BIRTH_mean,2048.9830265641212,246
11,f103_nyg_middle_DAYS_LAST_DUE_s_DAYS_DECISIONS_std_div_mean,318.38863027095795,46
11,f103_nyg_middle_DAYS_LAST_DUE_s_DAYS_LAST_DUE_1ST_VERSION_std,107.02414035797119,19
11,f103_nyg_middle_DAYS_LAST_DUE_s_app_DAYS_BIRTH_max,2656.157249763608,274
11,f103_nyg_middle_DAYS_LAST_DUE_s_DAYS_LAST_DUE_1ST_VERSION_mean,975.9109654426575,100
11,f103_nyg_middle_DAYS_LAST_DUE_s_app_DAYS_EMPLOYED_max,2256.66442720592,279
11,f103_nyg_middle_DAYS_LAST_DUE_s_app_DAYS_ID_PUBLISH_std,4.966169834136963,1
11,f103_nyg_middle_DAYS_LAST_DUE_s_app_DAYS_LAST_PHONE_CHANGE_max,1905.2348673343658,244
11,f103_nyg_middle_DAYS_LAST_DUE_s_DAYS_LAST_DUE_1ST_VERSION_max,504.9004205465317,64
11,f103_nyg_middle_DAYS_LAST_DUE_s_app_DAYS_BIRTH_min,2529.022670984268,253
11,f103_nyg_middle_DAYS_LAST_DUE_s_app_DAYS_ID_PUBLISH_mean,1937.5126538276672,236
11,f103_nyg_middle_DAYS_LAST_DUE_s_app_DAYS_EMPLOYED_min,1669.7323815822601,217
11,f103_nyg_middle_DAYS_LAST_DUE_s_app_DAYS_ID_PUBLISH_max,2036.970279455185,267
11,f103_nyg_middle_DAYS_LAST_DUE_s_app_DAYS_ID_PUBLISH_min,1800.6331170797348,236
11,f103_nyg_middle_DAYS_LAST_DUE_s_app_DAYS_LAST_PHONE_CHANGE_mean,1621.2874767780304,193
11,f103_nyg_middle_DAYS_LAST_DUE_s_app_DAYS_EMPLOYED_mean,1398.215866446495,163
11,f103_nyg_middle_DAYS_LAST_DUE_s_app_DAYS_REGISTRATION_std,5.7846999168396,1
11,f103_nyg_middle_DAYS_LAST_DUE_s_app_DAYS_LAST_PHONE_CHANGE_std,0.0,0
11,f103_nyg_middle_DAYS_LAST_DUE_s_app_DAYS_LAST_PHONE_CHANGE_std_div_mean,550.1783587932587,85
11,f103_nyg_middle_DAYS_LAST_DUE_s_app_DAYS_LAST_PHONE_CHANGE_min,2319.4323287010193,260
11,f103_nyg_middle_DAYS_LAST_DUE_s_app_DAYS_REGISTRATION_min,1949.5973082780838,271
11,f103_nyg_middle_DAYS_LAST_DUE_s_app_DAYS_REGISTRATION_max,1755.9763494729996,222
11,f103_nyg_middle_DAYS_TERMINATION_d_app_DAYS_BIRTH_std_div_mean,281.17752981185913,40
11,f103_nyg_middle_DAYS_TERMINATION_d_app_DAYS_BIRTH_max,3588.991390943527,465
11,f103_nyg_middle_DAYS_TERMINATION_d_app_DAYS_ID_PUBLISH_std,429.536091029644,67
11,f103_nyg_middle_DAYS_TERMINATION_d_app_DAYS_EMPLOYED_max,2604.27753598243,330
11,f103_nyg_middle_DAYS_LAST_DUE_s_app_DAYS_REGISTRATION_mean,1716.6399046182632,225
11,f103_nyg_middle_DAYS_TERMINATION_d_app_DAYS_BIRTH_min,3014.620570540428,414
11,f103_nyg_middle_DAYS_TERMINATION_d_app_DAYS_EMPLOYED_min,2330.78655564785,294
11,f103_nyg_middle_DAYS_TERMINATION_d_app_DAYS_EMPLOYED_mean,2230.15899515152,271
11,f103_nyg_middle_DAYS_TERMINATION_d_app_DAYS_BIRTH_mean,3067.3331518769264,411
11,f103_nyg_middle_DAYS_TERMINATION_d_app_DAYS_ID_PUBLISH_std_div_mean,221.16720008850098,32
11,f103_nyg_middle_DAYS_TERMINATION_d_app_DAYS_EMPLOYED_std_div_mean,283.8098609447479,42
11,f103_nyg_middle_DAYS_TERMINATION_d_app_DAYS_LAST_PHONE_CHANGE_std_div_mean,355.7349228858948,54
11,f103_nyg_middle_DAYS_TERMINATION_s_DAYS_FIRST_DRAWING_max_div_min,0.0,0
11,f103_nyg_middle_DAYS_TERMINATION_d_app_DAYS_LAST_PHONE_CHANGE_std,326.6025106906891,50
11,f103_nyg_middle_DAYS_TERMINATION_s_DAYS_FIRST_DRAWING_max,0.0,0
11,f103_nyg_middle_DAYS_TERMINATION_s_DAYS_DECISIONS_std_div_mean,324.29256892204285,50
11,f103_nyg_middle_DAYS_TERMINATION_d_app_DAYS_REGISTRATION_std,386.11662912368774,56
11,f103_nyg_middle_DAYS_TERMINATION_d_app_DAYS_REGISTRATION_std_div_mean,79.75647974014282,11
11,f103_nyg_middle_DAYS_TERMINATION_s_DAYS_FIRST_DRAWING_min,0.0,0
11,f103_nyg_middle_DAYS_TERMINATION_s_DAYS_LAST_DUE_1ST_VERSION_max,3532.9592567384243,420
11,f103_nyg_middle_DAYS_TERMINATION_s_DAYS_FIRST_DRAWING_std,0.0,0
11,f103_nyg_middle_DAYS_TERMINATION_s_DAYS_LAST_DUE_1ST_VERSION_mean,3077.7561275959015,348
11,f103_nyg_middle_DAYS_TERMINATION_s_DAYS_FIRST_DRAWING_mean,0.0,0
11,f103_nyg_middle_DAYS_TERMINATION_s_DAYS_FIRST_DRAWING_std_div_mean,0.0,0
11,f103_nyg_middle_DAYS_TERMINATION_s_app_DAYS_EMPLOYED_std,129.43189907073975,20
11,f103_nyg_middle_DAYS_TERMINATION_s_DAYS_FIRST_DUE_std_div_mean,737.8970019817352,103
11,f103_nyg_middle_DAYS_TERMINATION_s_DAYS_LAST_DUE_1ST_VERSION_std,315.66123819351196,51
11,f103_nyg_middle_DAYS_TERMINATION_s_app_DAYS_BIRTH_max,2400.7435032129288,259
11,f103_nyg_middle_DAYS_TERMINATION_s_DAYS_LAST_DUE_1ST_VERSION_min,2654.714574098587,329
11,f103_nyg_middle_DAYS_TERMINATION_s_app_DAYS_BIRTH_std,20.46382987499237,4
11,f103_nyg_middle_DAYS_TERMINATION_s_app_DAYS_BIRTH_mean,1912.1777532100677,222
11,f103_nyg_middle_DAYS_TERMINATION_s_app_DAYS_EMPLOYED_std_div_mean,415.19595098495483,67
11,f103_nyg_middle_DAYS_TERMINATION_s_app_DAYS_EMPLOYED_max,1827.7505077123642,202
11,f103_nyg_middle_DAYS_TERMINATION_s_app_DAYS_EMPLOYED_min,1154.724223613739,145
11,f103_nyg_middle_DAYS_TERMINATION_s_app_DAYS_EMPLOYED_mean,1137.2775880098343,126
11,f103_nyg_middle_DAYS_TERMINATION_s_app_DAYS_BIRTH_min,1846.2813341617584,199
11,f103_nyg_middle_DAYS_TERMINATION_s_app_DAYS_ID_PUBLISH_std,7.042759895324707,1
11,f103_nyg_middle_DAYS_TERMINATION_s_app_DAYS_LAST_PHONE_CHANGE_max,2489.0006630420685,280
11,f103_nyg_middle_DAYS_TERMINATION_s_app_DAYS_ID_PUBLISH_mean,1585.3570976257324,204
11,f103_nyg_middle_DAYS_TERMINATION_s_app_DAYS_REGISTRATION_std,4.162909984588623,1
11,f103_nyg_middle_DAYS_TERMINATION_s_app_DAYS_ID_PUBLISH_max,1642.1362070441246,213
11,f103_nyg_middle_DAYS_TERMINATION_s_app_DAYS_LAST_PHONE_CHANGE_mean,1738.903457403183,213
11,f103_nyg_middle_DAYS_TERMINATION_s_app_DAYS_ID_PUBLISH_min,1577.3410884439945,208
11,f103_nyg_middle_DAYS_TERMINATION_s_app_DAYS_LAST_PHONE_CHANGE_std,0.0,0
11,f103_nyg_middle_DAYS_TERMINATION_s_app_DAYS_LAST_PHONE_CHANGE_min,2570.8190252780914,285
11,f103_nyg_middle_DAYS_TERMINATION_s_app_DAYS_REGISTRATION_std_div_mean,614.9411191940308,95
11,f103_nyg_middle_HOUR_APPR_PROCESS_START_std,613.1556706428528,87
11,f103_nyg_middle_HOUR_APPR_PROCESS_START_max_div_min,664.2839105129242,91
11,f103_nyg_middle_DAYS_TERMINATION_s_app_DAYS_REGISTRATION_min,1607.2719000577927,212
11,f103_nyg_middle_DAYS_TERMINATION_s_app_DAYS_REGISTRATION_mean,1747.7261309623718,219
11,f103_nyg_middle_DAYS_TERMINATION_s_app_DAYS_REGISTRATION_max,1374.6667717695236,186
11,f103_nyg_middle_HOUR_APPR_PROCESS_START_min,2852.3028290867805,365
11,f103_nyg_middle_HOUR_APPR_PROCESS_START_mean,4028.588333249092,485
11,f103_nyg_middle_HOUR_APPR_PROCESS_START_std_div_mean,1161.985987663269,166
11,f103_nyg_middle_NAME_CASH_LOAN_PURPOSE_Repairs_mean,287.77071952819824,36
11,f103_nyg_middle_NAME_CASH_LOAN_PURPOSE_XNA_mean,633.5433599948883,68
11,f103_nyg_middle_NAME_CASH_LOAN_PURPOSE_Repairs_sum,13.312059879302979,2
11,f103_nyg_middle_NAME_CLIENT_TYPE_New_mean,609.7060670852661,57
11,f103_nyg_middle_NAME_CONTRACT_STATUS_Approved_mean,74.51882982254028,11
11,f103_nyg_middle_NAME_CLIENT_TYPE_New_sum,245.0135498046875,20
11,f103_nyg_middle_NAME_CONTRACT_STATUS_Refused_mean,111.2978789806366,16
11,f103_nyg_middle_NAME_GOODS_CATEGORY_Computers_sum,455.6865794658661,63
11,f103_nyg_middle_NAME_CONTRACT_STATUS_Refused_sum,104.82482862472534,16
11,f103_nyg_middle_NAME_PAYMENT_TYPE_Cash_through_the_bank_mean,983.8239588737488,104
11,f103_nyg_middle_NAME_GOODS_CATEGORY_Audio_Video_sum,661.8434643745422,74
11,f103_nyg_middle_NAME_PAYMENT_TYPE_XNA_sum,63.83833932876587,9
11,f103_nyg_middle_NAME_PRODUCT_TYPE_walk_in_sum,39.39825963973999,6
11,f103_nyg_middle_NAME_PAYMENT_TYPE_XNA_mean,521.786280632019,57
11,f103_nyg_middle_NAME_PRODUCT_TYPE_x_sell_mean,752.5885226726532,72
11,f103_nyg_middle_NAME_PRODUCT_TYPE_walk_in_mean,168.62675833702087,21
11,f103_nyg_middle_NFLAG_LAST_APPL_IN_DAY_std_div_mean,0.0,0
11,f103_nyg_middle_PREV_COUNT,55.33243989944458,9
11,f103_nyg_middle_NAME_SELLER_INDUSTRY_Consumer_electronics_sum,460.3259298801422,50
11,f103_nyg_middle_NAME_YIELD_GROUP_middle_sum,99.78419923782349,13
11,f103_nyg_middle_RATE_INTEREST_PRIVILEGED_std_div_mean,0.0,0
11,f103_nyg_middle_PRODUCT_COMBINATION_POS_household_with_interest_sum,647.8269927501678,71
11,f103_nyg_middle_RATE_INTEREST_PRIMARY_std_div_mean,0.0,0
11,f103_nyg_middle_RATE_INTEREST_PRIVILEGED_max,60.758309841156006,10
11,f103_nyg_middle_RATE_DOWN_PAYMENT_mean,1238.4500632286072,161
11,f103_nyg_middle_RATE_DOWN_PAYMENT_min,1498.3027710914612,198
11,f103_nyg_middle_RATE_INTEREST_PRIVILEGED_mean,50.52390003204346,9
11,f103_nyg_middle_RATE_INTEREST_PRIVILEGED_std,0.0,0
11,f103_nyg_middle_RATE_DOWN_PAYMENT_max,1578.9044787883759,196
11,f103_nyg_middle_RATE_INTEREST_PRIVILEGED_min,24.465900421142578,4
11,f103_nyg_middle_active_std_div_mean,127.5236701965332,20
11,f103_nyg_middle_amt_unpaid_max_div_min,130.6901879310608,16
11,f103_nyg_middle_amt_paid_std,1033.5916001796722,151
11,f103_nyg_middle_active_mean,165.8343596458435,21
11,f103_nyg_middle_active_min,30.79590940475464,4
11,f103_nyg_middle_active_max,22.00357961654663,3
11,f103_nyg_middle_amt_unpaid_std,464.88963866233826,54
11,f103_nyg_middle_amt_unpaid_std_div_mean,164.64598083496094,21
11,f103_nyg_middle_active_sum,0.0,0
11,f103_nyg_middle_cnt_unpaid_max_div_min,119.02699184417725,16
11,f103_nyg_middle_amt_unpaid_max,847.6743407249451,99
11,f103_nyg_middle_cnt_paid_ratio_max,705.6550880670547,93
11,f103_nyg_middle_cnt_paid_min,1100.4633162021637,144
11,f103_nyg_middle_cnt_paid_max,1128.3573846817017,143
11,f103_nyg_middle_cnt_paid_ratio_std_div_mean,280.26347160339355,40
11,f103_nyg_middle_cnt_paid_mean,1443.1141183376312,193
11,f103_nyg_middle_amt_unpaid_sum,1082.8660292625427,131
11,f103_nyg_middle_amt_unpaid_mean,779.8102340102196,105
11,f103_nyg_middle_cnt_paid_ratio_std,246.9380202293396,35
11,f103_nyg_middle_cnt_unpaid_std_div_mean,106.96595025062561,18
11,f103_nyg_middle_cnt_unpaid_std,252.43407011032104,34
11,f103_nyg_middle_cnt_paid_ratio_mean,1072.4610602855682,115
11,f103_nyg_middle_cnt_paid_ratio_min,1203.2597334384918,122
11,f103_nyg_middle_amt_unpaid_min,997.2631994485855,128
11,f103_nyg_middle_interest_rate_diff_std,1731.2696537971497,242
11,f103_nyg_middle_cnt_unpaid_min,482.79281973838806,65
11,f103_nyg_middle_cnt_unpaid_max,927.8672721385956,92
11,f103_nyg_middle_cnt_unpaid_sum,1131.5568594932556,114
11,f103_nyg_middle_completed_std_div_mean,182.88308143615723,25
11,f103_nyg_middle_completed_mean,251.53042221069336,28
11,f103_nyg_middle_completed_max,0.0,0
11,f103_nyg_middle_completed_sum,25.153749704360962,4
11,f103_nyg_middle_cnt_unpaid_mean,903.06172144413,99
11,f103_nyg_middle_completed_min,23.291359901428223,4
11,f103_nyg_middle_interest_rate_diff_min,3991.5448775291443,514
11,f103_nyg_middle_interest_rate_diff_mean,3979.842101931572,517
11,f103_nyg_middle_total_debt_diff_std,1343.765682220459,181
11,f103_nyg_middle_total_debt_diff_mean,4499.605696797371,581
11,f103_nyg_middle_total_debt_min,4057.2728593349457,532
11,f103_nyg_middle_total_debt_diff_max,4045.14746850729,512
11,f103_nyg_middle_interest_rate_pctchange_min,3685.0397382974625,484
11,f103_nyg_middle_total_debt_pctchange_std,1889.5198225975037,257
11,f103_nyg_middle_total_debt_pctchange_std_div_mean,1166.2187121212482,177
11,f103_nyg_middle_total_debt_std,1410.4943815469742,209
11,f103_nyg_middle_total_debt_max,3423.599172234535,461
11,f103_nyg_middle_total_debt_mean,3406.320156097412,443
11,f103_nyg_middle_total_debt_pctchange_max,4938.924928307533,667
11,f103_refused_AMT_ANNUITY_d_app_AMT_ANNUITY_mean,971.939980506897,121
11,f103_refused_AMT_ANNUITY_d_app_AMT_ANNUITY_pctchange_max,1858.222752571106,244
11,f103_refused_AMT_ANNUITY_d_app_AMT_ANNUITY_min,1336.4162983894348,155
11,f103_refused_AMT_ANNUITY_d_app_AMT_ANNUITY_max_div_min,382.55183148384094,46
11,f103_refused_AMT_ANNUITY_d_app_AMT_ANNUITY_max,1129.5447824001312,139
11,f103_refused_AMT_ANNUITY_d_app_AMT_ANNUITY_diff_std,672.7126970291138,89
11,f103_refused_AMT_ANNUITY_d_app_AMT_CREDIT_max_div_min,202.65431189537048,22
11,f103_refused_AMT_ANNUITY_d_app_AMT_CREDIT_min,1062.684892654419,135
11,f103_refused_AMT_ANNUITY_d_app_AMT_CREDIT_diff_std,387.7096185684204,51
11,f103_refused_AMT_ANNUITY_d_app_AMT_CREDIT_mean,1006.3858046531677,126
11,f103_refused_AMT_ANNUITY_d_app_AMT_ANNUITY_std_div_mean,501.2992603778839,62
11,f103_refused_AMT_ANNUITY_d_app_AMT_CREDIT_std,428.59635877609253,60
11,f103_refused_AMT_ANNUITY_d_app_AMT_CREDIT_std_div_mean,215.84642052650452,28
11,f103_refused_AMT_ANNUITY_d_app_AMT_GOODS_PRICE_pctchange_max,806.287494957447,108
11,f103_refused_AMT_ANNUITY_d_app_AMT_GOODS_PRICE_diff_std,301.5200295448303,41
11,f103_refused_AMT_ANNUITY_d_app_AMT_GOODS_PRICE_max_div_min,64.22654986381531,10
11,f103_refused_AMT_ANNUITY_d_app_AMT_CREDIT_max,1289.0480644702911,154
11,f103_refused_AMT_ANNUITY_d_app_AMT_CREDIT_pctchange_max,460.6500165462494,57
11,f103_refused_AMT_ANNUITY_d_app_AMT_GOODS_PRICE_mean,1103.4157800674438,140
11,f103_refused_AMT_ANNUITY_d_app_AMT_GOODS_PRICE_std_div_mean,90.3154091835022,13
11,f103_refused_AMT_ANNUITY_d_app_AMT_GOODS_PRICE_min,1166.942253112793,157
11,f103_refused_AMT_ANNUITY_d_app_AMT_INCOME_TOTAL_max_div_min,35.55133056640625,5
11,f103_refused_AMT_ANNUITY_d_app_AMT_INCOME_TOTAL_std_div_mean,47.09953022003174,7
11,f103_refused_AMT_ANNUITY_d_app_AMT_GOODS_PRICE_max,1306.8128383159637,162
11,f103_refused_AMT_ANNUITY_m_app_AMT_GOODS_PRICE_d_app_AMT_INCOME_TOTAL_pctchange_max_div_min,537.1609706878662,67
11,f103_refused_AMT_ANNUITY_max_div_min,18.994829654693604,2
11,f103_refused_AMT_ANNUITY_mean,1042.2989616394043,146
11,f103_refused_AMT_ANNUITY_m_app_AMT_GOODS_PRICE_d_app_AMT_INCOME_TOTAL_std_div_mean,436.04476165771484,58
11,f103_refused_AMT_ANNUITY_max,1265.2665144205093,173
11,f103_refused_AMT_ANNUITY_s_app_AMT_ANNUITY_d_app_AMT_INCOME_TOTAL_max,1419.3953895568848,174
11,f103_refused_AMT_ANNUITY_s_app_AMT_ANNUITY_d_app_AMT_INCOME_TOTAL_mean,1100.4084446430206,137
11,f103_refused_AMT_ANNUITY_s_app_AMT_ANNUITY_d_app_AMT_INCOME_TOTAL_min,1170.9951733350754,128
11,f103_refused_AMT_ANNUITY_s_app_AMT_ANNUITY_diff_std,600.6423411369324,81
11,f103_refused_AMT_ANNUITY_s_app_AMT_ANNUITY_mean,1525.9565200805664,180
11,f103_refused_AMT_ANNUITY_m_app_AMT_GOODS_PRICE_d_app_AMT_INCOME_TOTAL_pctchange_mean,1594.2132458686829,204
11,f103_refused_AMT_ANNUITY_s_app_AMT_ANNUITY_min,1566.1581938266754,211
11,f103_refused_AMT_ANNUITY_s_app_AMT_CREDIT_d_app_AMT_INCOME_TOTAL_diff_max,1156.2863389253616,161
11,f103_refused_AMT_ANNUITY_s_app_AMT_CREDIT_d_app_AMT_INCOME_TOTAL_pctchange_max_div_min,323.78905057907104,47
11,f103_refused_AMT_ANNUITY_s_app_AMT_CREDIT_d_app_AMT_INCOME_TOTAL_std_div_mean,592.5256915092468,80
11,f103_refused_AMT_ANNUITY_s_app_AMT_CREDIT_diff_std,235.32120990753174,31
11,f103_refused_AMT_ANNUITY_d_app_AMT_INCOME_TOTAL_diff_max,664.6244480609894,95
11,f103_refused_AMT_ANNUITY_s_app_AMT_ANNUITY_d_app_AMT_INCOME_TOTAL_diff_max,201.89019799232483,31
11,f103_refused_AMT_ANNUITY_d_app_AMT_INCOME_TOTAL_min,1522.4640822410583,208
11,f103_refused_AMT_ANNUITY_s_app_AMT_CREDIT_mean,1323.5905430316925,155
11,f103_refused_AMT_ANNUITY_s_app_AMT_CREDIT_min,1076.6712882518768,134
11,f103_refused_AMT_ANNUITY_d_app_AMT_INCOME_TOTAL_pctchange_max,111.99355983734131,17
11,f103_refused_AMT_ANNUITY_m_app_AMT_GOODS_PRICE_d_app_AMT_INCOME_TOTAL_pctchange_std,344.051659822464,51
11,f103_refused_AMT_ANNUITY_s_app_AMT_CREDIT_pctchange_max_div_min,62.96451950073242,9
11,f103_refused_AMT_ANNUITY_m_app_AMT_GOODS_PRICE_d_app_AMT_INCOME_TOTAL_diff_max,561.149218082428,78
11,f103_refused_AMT_ANNUITY_s_app_AMT_CREDIT_d_app_AMT_INCOME_TOTAL_pctchange_mean,1740.33873462677,191
11,f103_refused_AMT_ANNUITY_s_app_AMT_CREDIT_max,1374.8991149663925,179
11,f103_refused_AMT_ANNUITY_s_app_AMT_GOODS_PRICE_diff_std,314.8314106464386,42
11,f103_refused_AMT_ANNUITY_min,1312.6368621587753,146
11,f103_refused_AMT_ANNUITY_s_app_AMT_CREDIT_pctchange_mean,599.4108109474182,84
11,f103_refused_AMT_ANNUITY_s_app_AMT_CREDIT_pctchange_std,456.2216486930847,61
11,f103_refused_AMT_ANNUITY_s_app_AMT_CREDIT_d_app_AMT_INCOME_TOTAL_pctchange_std,106.10608100891113,16
11,f103_refused_AMT_ANNUITY_s_app_AMT_CREDIT_std_div_mean,176.46092891693115,22
11,f103_refused_AMT_ANNUITY_s_app_AMT_GOODS_PRICE_pctchange_std,126.60283041000366,17
11,f103_refused_AMT_ANNUITY_s_app_AMT_GOODS_PRICE_pctchange_max_div_min,122.81127882003784,17
11,f103_refused_AMT_ANNUITY_s_app_AMT_GOODS_PRICE_mean,1957.1479699611664,195
11,f103_refused_AMT_ANNUITY_s_app_AMT_GOODS_PRICE_min,2753.0725038051605,250
11,f103_refused_AMT_ANNUITY_s_app_AMT_GOODS_PRICE_max,2010.2045559883118,201
11,f103_refused_AMT_ANNUITY_s_app_AMT_GOODS_PRICE_pctchange_mean,537.9706428050995,67
11,f103_refused_AMT_ANNUITY_s_app_AMT_GOODS_PRICE_std_div_mean,188.5437512397766,26
11,f103_refused_AMT_ANNUITY_s_app_AMT_INCOME_TOTAL_max_div_min,561.9900197982788,72
11,f103_refused_AMT_ANNUITY_s_app_AMT_INCOME_TOTAL_mean,1514.0809849500656,200
11,f103_refused_AMT_ANNUITY_s_app_AMT_INCOME_TOTAL_max,1856.1128497123718,254
11,f103_refused_AMT_ANNUITY_s_app_AMT_INCOME_TOTAL_pctchange_std_div_mean,696.8339021205902,95
11,f103_refused_AMT_ANNUITY_s_app_AMT_INCOME_TOTAL_min,1549.7757279872894,214
11,f103_refused_AMT_ANNUITY_s_app_AMT_INCOME_TOTAL_diff_std,68.7873694896698,9
11,f103_refused_AMT_APPLICATION_d_app_AMT_ANNUITY_diff_std,392.99624967575073,47
11,f103_refused_AMT_ANNUITY_std_div_mean,83.82673072814941,12
11,f103_refused_AMT_APPLICATION_d_app_AMT_ANNUITY_diff_std_div_mean,158.9550495147705,24
11,f103_refused_AMT_ANNUITY_s_app_AMT_INCOME_TOTAL_pctchange_max_div_min,236.55495977401733,37
11,f103_refused_AMT_APPLICATION_d_app_AMT_ANNUITY_max,676.4014074802399,90
11,f103_refused_AMT_APPLICATION_d_app_AMT_ANNUITY_mean,618.3952879905701,76
11,f103_refused_AMT_APPLICATION_d_app_AMT_ANNUITY_max_div_min,67.11170935630798,7
11,f103_refused_AMT_APPLICATION_d_app_AMT_ANNUITY_std_div_mean,251.09306716918945,34
11,f103_refused_AMT_APPLICATION_d_app_AMT_ANNUITY_pctchange_std,410.53766226768494,54
11,f103_refused_AMT_APPLICATION_d_app_AMT_ANNUITY_min,783.7180182933807,94
11,f103_refused_AMT_APPLICATION_d_app_AMT_CREDIT_mean,432.51774990558624,56
11,f103_refused_AMT_APPLICATION_d_app_AMT_CREDIT_max_div_min,37.420690059661865,5
11,f103_refused_AMT_APPLICATION_d_app_AMT_CREDIT_diff_std,241.31393814086914,31
11,f103_refused_AMT_APPLICATION_d_app_AMT_CREDIT_diff_std_div_mean,246.48348903656006,32
11,f103_refused_AMT_APPLICATION_d_app_AMT_CREDIT_min,470.0404884815216,60
11,f103_refused_AMT_APPLICATION_d_app_AMT_GOODS_PRICE_max,687.6165583133698,87
11,f103_refused_AMT_APPLICATION_d_app_AMT_CREDIT_pctchange_std,218.90148091316223,28
11,f103_refused_AMT_APPLICATION_d_app_AMT_CREDIT_max,464.16763973236084,62
11,f103_refused_AMT_APPLICATION_d_app_AMT_CREDIT_std_div_mean,137.0221085548401,19
11,f103_refused_AMT_APPLICATION_d_app_AMT_GOODS_PRICE_diff_std,227.9099292755127,31
11,f103_refused_AMT_APPLICATION_d_app_AMT_GOODS_PRICE_min,536.8223705291748,74
11,f103_refused_AMT_APPLICATION_d_app_AMT_GOODS_PRICE_max_div_min,49.63261032104492,6
11,f103_refused_AMT_APPLICATION_d_app_AMT_GOODS_PRICE_std_div_mean,160.03033900260925,19
11,f103_refused_AMT_APPLICATION_d_app_AMT_GOODS_PRICE_pctchange_std,205.8923101425171,28
11,f103_refused_AMT_APPLICATION_d_app_AMT_GOODS_PRICE_mean,426.8895192146301,55
11,f103_refused_AMT_APPLICATION_d_app_AMT_INCOME_TOTAL_min,560.9848997592926,80
11,f103_refused_AMT_APPLICATION_d_app_AMT_INCOME_TOTAL_max_div_min,0.0,0
11,f103_refused_AMT_APPLICATION_d_app_AMT_INCOME_TOTAL_mean,588.0571897029877,78
11,f103_refused_AMT_APPLICATION_m_app_AMT_GOODS_PRICE_d_app_AMT_INCOME_TOTAL_diff_std,260.8034520149231,34
11,f103_refused_AMT_APPLICATION_d_app_AMT_INCOME_TOTAL_diff_std,61.882320404052734,9
11,f103_refused_AMT_APPLICATION_m_app_AMT_GOODS_PRICE_d_app_AMT_INCOME_TOTAL_diff_std_div_mean,174.31597185134888,21
11,f103_refused_AMT_APPLICATION_m_app_AMT_GOODS_PRICE_d_app_AMT_INCOME_TOTAL_pctchange_std,529.9836502075195,73
11,f103_refused_AMT_APPLICATION_d_app_AMT_INCOME_TOTAL_pctchange_std,133.53900051116943,14
11,f103_refused_AMT_APPLICATION_m_app_AMT_GOODS_PRICE_d_app_AMT_INCOME_TOTAL_min,794.805721282959,113
11,f103_refused_AMT_APPLICATION_m_app_AMT_GOODS_PRICE_d_app_AMT_INCOME_TOTAL_max_div_min,296.90455889701843,42
11,f103_refused_AMT_APPLICATION_d_app_AMT_INCOME_TOTAL_std_div_mean,53.40723896026611,7
11,f103_refused_AMT_APPLICATION_min,322.43979048728943,45
11,f103_refused_AMT_APPLICATION_mean,429.72233843803406,56
11,f103_refused_AMT_APPLICATION_max_div_min,4.583390235900879,1
11,f103_refused_AMT_APPLICATION_s_app_AMT_ANNUITY_d_app_AMT_INCOME_TOTAL_max_div_min,268.55284786224365,36
11,f103_refused_AMT_APPLICATION_s_app_AMT_ANNUITY_d_app_AMT_INCOME_TOTAL_mean,450.94553804397583,59
11,f103_refused_AMT_APPLICATION_max,415.3762615919113,59
11,f103_refused_AMT_APPLICATION_s_app_AMT_ANNUITY_d_app_AMT_INCOME_TOTAL_diff_std,36.44287061691284,5
11,f103_refused_AMT_APPLICATION_s_app_AMT_ANNUITY_max_div_min,58.389450550079346,9
11,f103_refused_AMT_APPLICATION_s_app_AMT_ANNUITY_d_app_AMT_INCOME_TOTAL_min,408.8846571445465,56
11,f103_refused_AMT_APPLICATION_s_app_AMT_ANNUITY_diff_std,161.56767797470093,24
11,f103_refused_AMT_APPLICATION_s_app_AMT_ANNUITY_mean,466.3328812122345,54
11,f103_refused_AMT_APPLICATION_s_app_AMT_CREDIT_d_app_AMT_INCOME_TOTAL_diff_std,69.33395957946777,10
11,f103_refused_AMT_APPLICATION_s_app_AMT_ANNUITY_max,336.48313093185425,46
11,f103_refused_AMT_APPLICATION_s_app_AMT_ANNUITY_min,833.8261847496033,87
11,f103_refused_AMT_APPLICATION_s_app_AMT_CREDIT_d_app_AMT_INCOME_TOTAL_min,872.8176934719086,107
11,f103_refused_AMT_APPLICATION_s_app_AMT_CREDIT_diff_std,64.19037961959839,7
11,f103_refused_AMT_APPLICATION_s_app_AMT_GOODS_PRICE_diff_std,82.61577105522156,9
11,f103_refused_AMT_APPLICATION_s_app_AMT_GOODS_PRICE_max_div_min,120.08704042434692,15
11,f103_refused_AMT_APPLICATION_s_app_AMT_CREDIT_d_app_AMT_INCOME_TOTAL_mean,905.6326146125793,109
11,f103_refused_AMT_APPLICATION_s_app_AMT_GOODS_PRICE_pctchange_std,228.00163745880127,27
11,f103_refused_AMT_APPLICATION_s_app_AMT_INCOME_TOTAL_diff_std,23.1955304145813,3
11,f103_refused_AMT_CREDIT_d_AMT_ANNUITY_diff_mean,2167.5294778347015,295
11,f103_refused_AMT_APPLICATION_s_app_AMT_INCOME_TOTAL_min,591.8715693950653,83
11,f103_refused_AMT_APPLICATION_s_app_AMT_INCOME_TOTAL_max,671.6252374649048,88
11,f103_refused_AMT_CREDIT_d_AMT_ANNUITY_diff_min,1883.175882935524,262
11,f103_refused_AMT_APPLICATION_std_div_mean,16.726990699768066,2
11,f103_refused_AMT_APPLICATION_s_app_AMT_INCOME_TOTAL_mean,494.43032693862915,68
11,f103_refused_AMT_CREDIT_d_AMT_ANNUITY_min,1056.9596902132034,145
11,f103_refused_AMT_CREDIT_d_AMT_ANNUITY_max_div_min,315.7599391937256,41
11,f103_refused_AMT_CREDIT_d_AMT_ANNUITY_pctchange_min,1993.7170206308365,269
11,f103_refused_AMT_CREDIT_d_AMT_APPLICATION_diff_std,553.7708187103271,77
11,f103_refused_AMT_CREDIT_d_AMT_APPLICATION_diff_max,2262.1996287107468,310
11,f103_refused_AMT_CREDIT_d_AMT_APPLICATION_pctchange_std,945.5496397018433,135
11,f103_refused_AMT_CREDIT_d_AMT_APPLICATION_pctchange_max,1968.827435016632,281
11,f103_refused_AMT_CREDIT_d_AMT_APPLICATION_max_div_min,496.4229598045349,57
11,f103_refused_AMT_CREDIT_d_AMT_APPLICATION_mean,872.538251876831,119
11,f103_refused_AMT_CREDIT_d_AMT_APPLICATION_max,913.7942180633545,119
11,f103_refused_AMT_CREDIT_d_AMT_APPLICATION_std,424.5860786437988,58
11,f103_refused_AMT_CREDIT_d_app_AMT_ANNUITY_diff_std,410.1568202972412,54
11,f103_refused_AMT_CREDIT_d_app_AMT_ANNUITY_max,564.3804566860199,78
11,f103_refused_AMT_CREDIT_d_app_AMT_ANNUITY_mean,601.2873287200928,83
11,f103_refused_AMT_CREDIT_d_app_AMT_ANNUITY_std_div_mean,655.0592012405396,88
11,f103_refused_AMT_CREDIT_d_AMT_APPLICATION_std_div_mean,430.23362016677856,57
11,f103_refused_AMT_CREDIT_d_app_AMT_CREDIT_min,742.3719975948334,89
11,f103_refused_AMT_CREDIT_d_app_AMT_CREDIT_mean,439.95370984077454,59
11,f103_refused_AMT_CREDIT_d_app_AMT_CREDIT_diff_std,271.683012008667,41
11,f103_refused_AMT_CREDIT_d_app_AMT_ANNUITY_max_div_min,237.87383103370667,30
11,f103_refused_AMT_CREDIT_d_app_AMT_ANNUITY_min,804.5536515712738,92
11,f103_refused_AMT_CREDIT_d_app_AMT_CREDIT_max_div_min,88.55153942108154,13
11,f103_refused_AMT_CREDIT_d_app_AMT_CREDIT_max,734.0133603811264,95
11,f103_refused_AMT_CREDIT_d_app_AMT_GOODS_PRICE_diff_std,331.5373101234436,44
11,f103_refused_AMT_CREDIT_d_app_AMT_CREDIT_std_div_mean,176.22789096832275,24
11,f103_refused_AMT_CREDIT_d_app_AMT_GOODS_PRICE_max,646.824761390686,80
11,f103_refused_AMT_CREDIT_d_app_AMT_GOODS_PRICE_min,766.2120609283447,103
11,f103_refused_AMT_CREDIT_d_app_AMT_GOODS_PRICE_mean,528.7145266532898,72
11,f103_refused_AMT_CREDIT_d_app_AMT_INCOME_TOTAL_diff_std,366.9208415746689,51
11,f103_refused_AMT_CREDIT_d_app_AMT_GOODS_PRICE_max_div_min,220.45657205581665,20
11,f103_refused_AMT_CREDIT_d_app_AMT_INCOME_TOTAL_max_div_min,12.205090045928955,2
11,f103_refused_AMT_CREDIT_d_app_AMT_GOODS_PRICE_std_div_mean,330.4044601917267,40
11,f103_refused_AMT_CREDIT_d_app_AMT_INCOME_TOTAL_min,543.8699617385864,81
11,f103_refused_AMT_CREDIT_d_total_debt_diff_max,1350.1746908426285,188
11,f103_refused_AMT_CREDIT_d_total_debt_diff_mean,977.2673190534115,127
11,f103_refused_AMT_CREDIT_d_total_debt_diff_min,840.7464901208878,126
11,f103_refused_AMT_CREDIT_d_app_AMT_INCOME_TOTAL_std_div_mean,6.361400127410889,1
11,f103_refused_AMT_CREDIT_d_total_debt_mean,2400.159678339958,201
11,f103_refused_AMT_CREDIT_d_total_debt_diff_std,575.3150868415833,82
11,f103_refused_AMT_CREDIT_d_total_debt_pctchange_std,347.1355392932892,52
11,f103_refused_AMT_CREDIT_d_total_debt_pctchange_min,873.6321184635162,127
11,f103_refused_AMT_CREDIT_d_total_debt_max_div_min,657.488049685955,90
11,f103_refused_AMT_CREDIT_d_total_debt_min,3456.851907491684,253
11,f103_refused_AMT_CREDIT_d_total_debt_max,2013.8955647349358,240
11,f103_refused_AMT_CREDIT_d_total_debt_pctchange_mean,1434.0032877922058,198
11,f103_refused_AMT_CREDIT_d_total_debt_std_div_mean,447.6499786376953,60
11,f103_refused_AMT_CREDIT_m_app_AMT_GOODS_PRICE_d_app_AMT_INCOME_TOTAL_max_div_min,439.26280665397644,60
11,f103_refused_AMT_CREDIT_m_app_AMT_GOODS_PRICE_d_app_AMT_INCOME_TOTAL_diff_std_div_mean,583.0877439975739,77
11,f103_refused_AMT_CREDIT_d_total_debt_std,627.0504388809204,88
11,f103_refused_AMT_CREDIT_m_app_AMT_GOODS_PRICE_d_app_AMT_INCOME_TOTAL_diff_std,263.9078903198242,30
11,f103_refused_AMT_CREDIT_mean,331.7635090351105,43
11,f103_refused_AMT_CREDIT_m_app_AMT_GOODS_PRICE_d_app_AMT_INCOME_TOTAL_min,729.4125897884369,100
11,f103_refused_AMT_CREDIT_s_app_AMT_ANNUITY_d_app_AMT_INCOME_TOTAL_min,433.81101989746094,59
11,f103_refused_AMT_CREDIT_max,541.4340188503265,70
11,f103_refused_AMT_CREDIT_s_app_AMT_ANNUITY_d_app_AMT_INCOME_TOTAL_diff_std,123.2810206413269,14
11,f103_refused_AMT_CREDIT_max_div_min,0.0,0
11,f103_refused_AMT_CREDIT_s_app_AMT_ANNUITY_diff_std,348.6552691459656,48
11,f103_refused_AMT_CREDIT_s_app_AMT_ANNUITY_d_app_AMT_INCOME_TOTAL_max_div_min,458.4370787143707,57
11,f103_refused_AMT_CREDIT_s_app_AMT_ANNUITY_max_div_min,126.80475044250488,15
11,f103_refused_AMT_CREDIT_s_app_AMT_ANNUITY_max,591.9135217666626,80
11,f103_refused_AMT_CREDIT_min,521.1152236461639,64
11,f103_refused_AMT_CREDIT_s_app_AMT_ANNUITY_d_app_AMT_INCOME_TOTAL_mean,850.4003391265869,105
11,f103_refused_AMT_CREDIT_s_app_AMT_CREDIT_d_app_AMT_INCOME_TOTAL_diff_std,24.753780841827393,2
11,f103_refused_AMT_CREDIT_s_app_AMT_ANNUITY_min,557.350569486618,66
11,f103_refused_AMT_CREDIT_s_app_AMT_CREDIT_d_app_AMT_INCOME_TOTAL_min,669.8215396404266,90
11,f103_refused_AMT_CREDIT_s_app_AMT_CREDIT_d_app_AMT_INCOME_TOTAL_diff_std_div_mean,438.91822028160095,65
11,f103_refused_AMT_CREDIT_s_app_AMT_ANNUITY_mean,470.54883217811584,56
11,f103_refused_AMT_CREDIT_s_app_AMT_CREDIT_d_app_AMT_INCOME_TOTAL_mean,856.8202030658722,118
11,f103_refused_AMT_CREDIT_s_app_AMT_GOODS_PRICE_max_div_min,138.52940130233765,18
11,f103_refused_AMT_CREDIT_s_app_AMT_INCOME_TOTAL_diff_std,217.92347955703735,31
11,f103_refused_AMT_CREDIT_s_app_AMT_CREDIT_diff_std,51.832590103149414,7
11,f103_refused_AMT_CREDIT_s_app_AMT_INCOME_TOTAL_pctchange_std,840.6435148715973,117
11,f103_refused_AMT_CREDIT_s_app_AMT_GOODS_PRICE_diff_std,174.70094871520996,25
11,f103_refused_AMT_CREDIT_s_app_AMT_INCOME_TOTAL_min,545.4444196224213,73
11,f103_refused_AMT_DOWN_PAYMENT_d_AMT_GOODS_PRICE_max_div_min,5.527790069580078,1
11,f103_refused_AMT_DOWN_PAYMENT_d_AMT_GOODS_PRICE_pctchange_std,24.393270015716553,3
11,f103_refused_AMT_CREDIT_std_div_mean,41.45424008369446,6
11,f103_refused_AMT_CREDIT_s_app_AMT_INCOME_TOTAL_mean,796.3261504173279,99
11,f103_refused_AMT_DOWN_PAYMENT_d_AMT_GOODS_PRICE_diff_std,375.70109009742737,53
11,f103_refused_AMT_DOWN_PAYMENT_max_div_min,33.918100357055664,5
11,f103_refused_AMT_GOODS_PRICE_d_AMT_ANNUITY_diff_std,997.2782697677612,141
11,f103_refused_AMT_DOWN_PAYMENT_d_AMT_GOODS_PRICE_pctchange_std_div_mean,6.776750087738037,1
11,f103_refused_AMT_GOODS_PRICE_d_AMT_ANNUITY_diff_mean,1855.4238333702087,260
11,f103_refused_AMT_GOODS_PRICE_d_AMT_ANNUITY_min,1127.1336388587952,150
11,f103_refused_AMT_GOODS_PRICE_d_AMT_ANNUITY_diff_min,1832.3030997514725,245
11,f103_refused_AMT_GOODS_PRICE_d_AMT_ANNUITY_pctchange_std,863.1028387546539,122
11,f103_refused_AMT_GOODS_PRICE_d_AMT_ANNUITY_max_div_min,384.8874583244324,48
11,f103_refused_AMT_GOODS_PRICE_d_AMT_ANNUITY_std,667.1717486381531,95
11,f103_refused_AMT_GOODS_PRICE_d_AMT_ANNUITY_mean,1394.823719739914,180
11,f103_refused_AMT_GOODS_PRICE_d_AMT_ANNUITY_pctchange_std_div_mean,1292.7294540405273,180
11,f103_refused_AMT_GOODS_PRICE_d_AMT_ANNUITY_std_div_mean,557.7695301771164,78
11,f103_refused_AMT_GOODS_PRICE_d_AMT_CREDIT_min,548.5227324962616,76
11,f103_refused_AMT_GOODS_PRICE_d_AMT_CREDIT_max_div_min,219.7480809688568,31
11,f103_refused_AMT_GOODS_PRICE_d_app_AMT_ANNUITY_diff_std,245.11166882514954,29
11,f103_refused_AMT_GOODS_PRICE_d_AMT_CREDIT_mean,1176.7256888151169,157
11,f103_refused_AMT_GOODS_PRICE_d_AMT_CREDIT_std_div_mean,478.370569229126,62
11,f103_refused_AMT_GOODS_PRICE_d_app_AMT_ANNUITY_diff_std_div_mean,107.17069053649902,15
11,f103_refused_AMT_GOODS_PRICE_d_app_AMT_CREDIT_diff_std,300.83584785461426,34
11,f103_refused_AMT_GOODS_PRICE_d_app_AMT_ANNUITY_max,382.748610496521,50
11,f103_refused_AMT_GOODS_PRICE_d_app_AMT_ANNUITY_min,658.5709300041199,82
11,f103_refused_AMT_GOODS_PRICE_d_app_AMT_CREDIT_max,374.54637360572815,48
11,f103_refused_AMT_GOODS_PRICE_d_app_AMT_ANNUITY_pctchange_std,141.26040971279144,21
11,f103_refused_AMT_GOODS_PRICE_d_app_AMT_ANNUITY_mean,361.6340594291687,51
11,f103_refused_AMT_GOODS_PRICE_d_app_AMT_ANNUITY_max_div_min,54.56399965286255,6
11,f103_refused_AMT_GOODS_PRICE_d_app_AMT_ANNUITY_std_div_mean,194.68089056015015,24
11,f103_refused_AMT_GOODS_PRICE_d_app_AMT_CREDIT_diff_std_div_mean,166.86498081684113,27
11,f103_refused_AMT_GOODS_PRICE_d_app_AMT_CREDIT_max_div_min,6.386899948120117,1
11,f103_refused_AMT_GOODS_PRICE_d_app_AMT_CREDIT_pctchange_std,47.265310764312744,7
11,f103_refused_AMT_GOODS_PRICE_d_app_AMT_CREDIT_min,376.9503700733185,48
11,f103_refused_AMT_GOODS_PRICE_d_app_AMT_CREDIT_std_div_mean,143.5543086528778,17
11,f103_refused_AMT_GOODS_PRICE_d_app_AMT_CREDIT_mean,336.0052897930145,47
11,f103_refused_AMT_GOODS_PRICE_d_app_AMT_GOODS_PRICE_min,384.57223892211914,52
11,f103_refused_AMT_GOODS_PRICE_d_app_AMT_GOODS_PRICE_max_div_min,12.43179988861084,2
11,f103_refused_AMT_GOODS_PRICE_d_app_AMT_GOODS_PRICE_mean,331.9618270397186,47
11,f103_refused_AMT_GOODS_PRICE_d_app_AMT_GOODS_PRICE_diff_std,191.17794060707092,26
11,f103_refused_AMT_GOODS_PRICE_d_app_AMT_GOODS_PRICE_max,243.7485475540161,33
11,f103_refused_AMT_GOODS_PRICE_d_app_AMT_GOODS_PRICE_std_div_mean,120.39527010917664,15
11,f103_refused_AMT_GOODS_PRICE_d_app_AMT_INCOME_TOTAL_mean,263.9101414680481,39
11,f103_refused_AMT_GOODS_PRICE_d_app_AMT_GOODS_PRICE_pctchange_std,89.1437292098999,12
11,f103_refused_AMT_GOODS_PRICE_d_app_AMT_INCOME_TOTAL_diff_std,160.7762794494629,21
11,f103_refused_AMT_GOODS_PRICE_d_app_AMT_INCOME_TOTAL_pctchange_std,75.02266931533813,10
11,f103_refused_AMT_GOODS_PRICE_d_app_AMT_INCOME_TOTAL_std_div_mean,34.30892896652222,5
11,f103_refused_AMT_GOODS_PRICE_d_app_AMT_INCOME_TOTAL_max_div_min,0.0,0
11,f103_refused_AMT_GOODS_PRICE_d_total_debt_diff_min,1449.1372272968292,194
11,f103_refused_AMT_GOODS_PRICE_d_app_AMT_INCOME_TOTAL_min,299.6778712272644,38
11,f103_refused_AMT_GOODS_PRICE_d_total_debt_diff_mean,1023.1368584632874,137
11,f103_refused_AMT_GOODS_PRICE_d_total_debt_max,2210.8700380325317,238
11,f103_refused_AMT_GOODS_PRICE_d_total_debt_max_div_min,311.7154186964035,44
11,f103_refused_AMT_GOODS_PRICE_d_total_debt_diff_max,1426.3404800891876,195
11,f103_refused_AMT_GOODS_PRICE_d_total_debt_pctchange_std,645.0199911594391,90
11,f103_refused_AMT_GOODS_PRICE_d_total_debt_mean,2591.845432281494,200
11,f103_refused_AMT_GOODS_PRICE_d_total_debt_min,2311.8886008262634,190
11,f103_refused_AMT_GOODS_PRICE_d_total_debt_std_div_mean,461.1560821533203,63
11,f103_refused_AMT_GOODS_PRICE_d_total_debt_pctchange_mean,1022.2030003070831,142
11,f103_refused_AMT_GOODS_PRICE_m_app_AMT_GOODS_PRICE_d_app_AMT_INCOME_TOTAL_diff_std,56.73667001724243,8
11,f103_refused_AMT_GOODS_PRICE_d_total_debt_pctchange_min,1008.8940228223801,141
11,f103_refused_AMT_GOODS_PRICE_d_total_debt_std,594.1556704044342,85
11,f103_refused_AMT_GOODS_PRICE_m_app_AMT_GOODS_PRICE_d_app_AMT_INCOME_TOTAL_pctchange_std,438.7991907596588,68
11,f103_refused_AMT_GOODS_PRICE_d_total_debt_pctchange_std_div_mean,657.892792224884,95
11,f103_refused_AMT_GOODS_PRICE_m_app_AMT_GOODS_PRICE_d_app_AMT_INCOME_TOTAL_diff_std_div_mean,241.30004024505615,35
11,f103_refused_AMT_GOODS_PRICE_m_app_AMT_GOODS_PRICE_d_app_AMT_INCOME_TOTAL_min,589.9482100009918,78
11,f103_refused_AMT_GOODS_PRICE_m_app_AMT_GOODS_PRICE_d_app_AMT_INCOME_TOTAL_max_div_min,216.4639778137207,25
11,f103_refused_AMT_GOODS_PRICE_min,299.59504866600037,40
11,f103_refused_AMT_GOODS_PRICE_max,205.26966857910156,28
11,f103_refused_AMT_GOODS_PRICE_max_div_min,0.0,0
11,f103_refused_AMT_GOODS_PRICE_s_app_AMT_ANNUITY_d_app_AMT_INCOME_TOTAL_min,383.5305805206299,53
11,f103_refused_AMT_GOODS_PRICE_s_app_AMT_ANNUITY_d_app_AMT_INCOME_TOTAL_mean,355.1517310142517,45
11,f103_refused_AMT_GOODS_PRICE_mean,250.69284009933472,30
11,f103_refused_AMT_GOODS_PRICE_s_app_AMT_ANNUITY_d_app_AMT_INCOME_TOTAL_max_div_min,198.057119846344,28
11,f103_refused_AMT_GOODS_PRICE_s_app_AMT_ANNUITY_max,342.68541979789734,39
11,f103_refused_AMT_GOODS_PRICE_s_app_AMT_ANNUITY_d_app_AMT_INCOME_TOTAL_diff_std,63.96527934074402,8
11,f103_refused_AMT_GOODS_PRICE_s_app_AMT_ANNUITY_mean,303.7873384952545,37
11,f103_refused_AMT_GOODS_PRICE_s_app_AMT_ANNUITY_diff_std,146.11488103866577,20
11,f103_refused_AMT_GOODS_PRICE_s_app_AMT_CREDIT_d_app_AMT_INCOME_TOTAL_diff_std,42.07694935798645,6
11,f103_refused_AMT_GOODS_PRICE_s_app_AMT_CREDIT_d_app_AMT_INCOME_TOTAL_min,493.9089205265045,65
11,f103_refused_AMT_GOODS_PRICE_s_app_AMT_ANNUITY_min,502.0000318288803,61
11,f103_refused_AMT_GOODS_PRICE_s_app_AMT_CREDIT_d_app_AMT_INCOME_TOTAL_mean,567.7990386486053,68
11,f103_refused_AMT_GOODS_PRICE_s_app_AMT_ANNUITY_max_div_min,37.548969745635986,5
11,f103_refused_AMT_GOODS_PRICE_s_app_AMT_CREDIT_d_app_AMT_INCOME_TOTAL_max_div_min,492.5215814113617,65
11,f103_refused_AMT_GOODS_PRICE_s_app_AMT_CREDIT_max_div_min,212.05126857757568,23
11,f103_refused_AMT_GOODS_PRICE_s_app_AMT_CREDIT_diff_std,6.393579959869385,1
11,f103_refused_AMT_GOODS_PRICE_s_app_AMT_GOODS_PRICE_pctchange_std,173.7548508644104,23
11,f103_refused_AMT_GOODS_PRICE_s_app_AMT_GOODS_PRICE_diff_std,29.546169757843018,3
11,f103_refused_AMT_GOODS_PRICE_s_app_AMT_INCOME_TOTAL_diff_std,27.297470092773438,4
11,f103_refused_AMT_GOODS_PRICE_s_app_AMT_GOODS_PRICE_max_div_min,58.546441078186035,7
11,f103_refused_AMT_GOODS_PRICE_s_app_AMT_INCOME_TOTAL_max,457.08628702163696,54
11,f103_refused_AMT_GOODS_PRICE_s_app_AMT_INCOME_TOTAL_min,440.44612979888916,57
11,f103_refused_CHANNEL_TYPE_AP+_(Cash_loan)_sum,364.8397283554077,43
11,f103_refused_CHANNEL_TYPE_AP+_(Cash_loan)_mean,235.5438208580017,27
11,f103_refused_AMT_GOODS_PRICE_std_div_mean,18.495570182800293,3
11,f103_refused_AMT_GOODS_PRICE_s_app_AMT_INCOME_TOTAL_mean,335.59077882766724,42
11,f103_refused_CNT_PAYMENT_max,500.3458926677704,61
11,f103_refused_CHANNEL_TYPE_Contact_center_sum,102.60985898971558,12
11,f103_refused_CHANNEL_TYPE_Credit_and_cash_offices_mean,799.242880821228,88
11,f103_refused_CHANNEL_TYPE_Regional___Local_mean,113.7806396484375,16
11,f103_refused_CHANNEL_TYPE_Channel_of_corporate_sales_mean,0.0,0
11,f103_refused_CHANNEL_TYPE_Country_wide_mean,495.6273384094238,60
11,f103_refused_CNT_PAYMENT_max_div_min,151.68851041793823,22
11,f103_refused_CODE_REJECT_REASON_SCOFR_sum,65.88201093673706,7
11,f103_refused_CHANNEL_TYPE_Country_wide_sum,151.78918886184692,17
11,f103_refused_CNT_PAYMENT_std_div_mean,336.63196992874146,44
11,f103_refused_CODE_REJECT_REASON_LIMIT_sum,525.2205364704132,54
11,f103_refused_CODE_REJECT_REASON_HC_mean,1383.853176355362,107
11,f103_refused_DAYS_DECISION_d_app_DAYS_BIRTH_max_div_min,2015.8385910987854,192
11,f103_refused_DAYS_DECISION_d_app_DAYS_BIRTH_mean,8171.478907227516,422
11,f103_refused_CODE_REJECT_REASON_SCOFR_mean,506.77320098876953,62
11,f103_refused_DAYS_DECISION_d_app_DAYS_BIRTH_min,4175.3134952783585,399
11,f103_refused_CODE_REJECT_REASON_LIMIT_mean,872.5331933498383,68
12,f103_refused_DAYS_DECISION_d_app_DAYS_EMPLOYED_max,12474.614795088768,1344
12,f103_refused_DAYS_DECISION_d_app_DAYS_ID_PUBLISH_max_div_min,1012.6260273456573,206
12,f103_refused_DAYS_DECISION_d_app_DAYS_EMPLOYED_max_div_min,1173.8773320913315,242
12,f103_refused_DAYS_DECISION_d_app_DAYS_ID_PUBLISH_std_div_mean,1396.3072973489761,280
12,f103_refused_DAYS_DECISION_d_app_DAYS_EMPLOYED_std,3096.85322868824,573
12,f103_refused_DAYS_DECISION_d_app_DAYS_BIRTH_max,14043.981701672077,2768
12,f103_refused_DAYS_DECISION_d_app_DAYS_EMPLOYED_std_div_mean,1602.9357950687408,324
12,f103_refused_DAYS_DECISION_d_app_DAYS_EMPLOYED_mean,7015.738592803478,1076
12,f103_refused_DAYS_DECISION_d_app_DAYS_EMPLOYED_min,6725.59990157187,1247
12,f103_refused_DAYS_DECISION_d_app_DAYS_BIRTH_std_div_mean,442.998361825943,85
12,f103_refused_DAYS_DECISION_d_app_DAYS_REGISTRATION_max_div_min,404.38100934028625,81
12,f103_refused_DAYS_DECISION_d_app_DAYS_LAST_PHONE_CHANGE_max_div_min,2620.312217593193,487
12,f103_refused_DAYS_DECISION_d_app_DAYS_REGISTRATION_std,3362.4835027456284,642
12,f103_refused_DAYS_DECISION_d_app_DAYS_LAST_PHONE_CHANGE_std_div_mean,2707.765435218811,516
12,f103_refused_DAYS_DECISION_s_app_DAYS_BIRTH_min,8332.588758856058,1547
12,f103_refused_DAYS_DECISION_d_app_DAYS_REGISTRATION_std_div_mean,137.82397937774658,25
12,f103_refused_DAYS_DECISION_s_app_DAYS_BIRTH_std,1454.0844798088074,289
12,f103_refused_DAYS_DECISION_s_app_DAYS_BIRTH_mean,6616.500195175409,1249
12,f103_refused_DAYS_DECISION_s_app_DAYS_BIRTH_max,6976.302779678255,1351
12,f103_refused_DAYS_DECISION_s_app_DAYS_EMPLOYED_max,6401.334559030831,1313
12,f103_refused_DAYS_DECISION_s_app_DAYS_EMPLOYED_std,648.8142683506012,141
12,f103_refused_DAYS_DECISION_s_app_DAYS_ID_PUBLISH_max,8083.527459922712,1717
12,f103_refused_DAYS_DECISION_s_app_DAYS_ID_PUBLISH_mean,6922.689099550247,1397
12,f103_refused_DAYS_DECISION_s_app_DAYS_REGISTRATION_max,8730.75860902667,1830
12,f103_refused_DAYS_DECISION_s_app_DAYS_LAST_PHONE_CHANGE_std_div_mean,4097.4506033062935,824
12,f103_refused_DAYS_DECISION_s_app_DAYS_EMPLOYED_min,5564.5404859781265,1138
12,f103_refused_DAYS_DECISION_s_app_DAYS_ID_PUBLISH_min,6965.897724203765,1433
12,f103_refused_DAYS_DECISION_s_app_DAYS_EMPLOYED_mean,4900.969761073589,1021
12,f103_refused_DAYS_FIRST_DRAWING_d_app_DAYS_BIRTH_std_div_mean,0.0,0
12,f103_refused_DAYS_DECISION_s_app_DAYS_ID_PUBLISH_std,309.2294909954071,50
12,f103_refused_DAYS_DECISION_s_app_DAYS_LAST_PHONE_CHANGE_std,248.66003012657166,52
12,f103_refused_DAYS_DECISION_s_app_DAYS_LAST_PHONE_CHANGE_mean,7545.578885614872,1529
12,f103_refused_DAYS_DECISION_s_app_DAYS_LAST_PHONE_CHANGE_min,9012.034468263388,1714
12,f103_refused_DAYS_FIRST_DRAWING_d_app_DAYS_EMPLOYED_max,0.0,0
12,f103_refused_DAYS_FIRST_DRAWING_d_app_DAYS_BIRTH_max,0.0,0
12,f103_refused_DAYS_FIRST_DRAWING_d_app_DAYS_BIRTH_min,0.0,0
12,f103_refused_DAYS_DECISION_s_app_DAYS_LAST_PHONE_CHANGE_max,8165.982857108116,1595
12,f103_refused_DAYS_DECISION_s_app_DAYS_REGISTRATION_min,7518.904119320214,1541
12,f103_refused_DAYS_DECISION_s_app_DAYS_REGISTRATION_mean,5637.137428164482,1171
12,f103_refused_DAYS_DECISION_s_app_DAYS_REGISTRATION_max_div_min,1933.0028994083405,400
12,f103_refused_DAYS_FIRST_DRAWING_d_app_DAYS_BIRTH_mean,0.0,0
12,f103_refused_DAYS_FIRST_DRAWING_d_app_DAYS_ID_PUBLISH_std,0.0,0
12,f103_refused_DAYS_FIRST_DRAWING_d_app_DAYS_BIRTH_max_div_min,0.0,0
12,f103_refused_DAYS_FIRST_DRAWING_d_app_DAYS_ID_PUBLISH_max,0.0,0
12,f103_refused_DAYS_FIRST_DRAWING_d_app_DAYS_EMPLOYED_max_div_min,0.0,0
12,f103_refused_DAYS_FIRST_DRAWING_d_app_DAYS_BIRTH_std,0.0,0
12,f103_refused_DAYS_FIRST_DRAWING_d_app_DAYS_ID_PUBLISH_mean,0.0,0
12,f103_refused_DAYS_FIRST_DRAWING_d_app_DAYS_ID_PUBLISH_std_div_mean,0.0,0
12,f103_refused_DAYS_FIRST_DRAWING_d_app_DAYS_ID_PUBLISH_max_div_min,0.0,0
12,f103_refused_DAYS_DECISION_s_app_DAYS_REGISTRATION_std,115.1643488407135,21
12,f103_refused_DAYS_FIRST_DRAWING_d_app_DAYS_EMPLOYED_min,0.0,0
12,f103_refused_DAYS_DECISION_s_app_DAYS_REGISTRATION_std_div_mean,2900.3070052862167,566
12,f103_refused_DAYS_FIRST_DRAWING_d_app_DAYS_EMPLOYED_std_div_mean,0.0,0
12,f103_refused_DAYS_FIRST_DRAWING_d_app_DAYS_LAST_PHONE_CHANGE_max,0.0,0
12,f103_refused_DAYS_FIRST_DRAWING_d_app_DAYS_REGISTRATION_max_div_min,0.0,0
12,f103_refused_DAYS_FIRST_DRAWING_d_app_DAYS_ID_PUBLISH_min,0.0,0
12,f103_refused_DAYS_FIRST_DRAWING_d_app_DAYS_LAST_PHONE_CHANGE_min,0.0,0
12,f103_refused_DAYS_FIRST_DRAWING_d_app_DAYS_LAST_PHONE_CHANGE_mean,0.0,0
12,f103_refused_DAYS_FIRST_DRAWING_d_app_DAYS_REGISTRATION_max,0.0,0
12,f103_refused_DAYS_FIRST_DRAWING_s_app_DAYS_BIRTH_max_div_min,0.0,0
12,f103_refused_DAYS_FIRST_DRAWING_d_app_DAYS_EMPLOYED_mean,0.0,0
12,f103_refused_DAYS_FIRST_DRAWING_d_app_DAYS_EMPLOYED_std,0.0,0
12,f103_refused_DAYS_FIRST_DRAWING_d_app_DAYS_REGISTRATION_mean,0.0,0
12,f103_refused_DAYS_FIRST_DRAWING_d_app_DAYS_LAST_PHONE_CHANGE_std_div_mean,0.0,0
12,f103_refused_DAYS_FIRST_DRAWING_d_app_DAYS_LAST_PHONE_CHANGE_std,0.0,0
12,f103_refused_DAYS_FIRST_DRAWING_d_app_DAYS_LAST_PHONE_CHANGE_max_div_min,0.0,0
12,f103_refused_DAYS_FIRST_DRAWING_d_app_DAYS_REGISTRATION_std,0.0,0
12,f103_refused_DAYS_FIRST_DRAWING_d_app_DAYS_REGISTRATION_min,0.0,0
12,f103_refused_DAYS_FIRST_DRAWING_s_app_DAYS_BIRTH_max,0.0,0
12,f103_refused_DAYS_FIRST_DRAWING_s_DAYS_DECISIONS_mean,0.0,0
12,f103_refused_DAYS_FIRST_DRAWING_s_app_DAYS_BIRTH_min,0.0,0
12,f103_refused_DAYS_FIRST_DRAWING_s_DAYS_DECISIONS_max,0.0,0
12,f103_refused_DAYS_FIRST_DRAWING_s_DAYS_DECISIONS_std,0.0,0
12,f103_refused_DAYS_FIRST_DRAWING_s_app_DAYS_EMPLOYED_mean,0.0,0
12,f103_refused_DAYS_FIRST_DRAWING_d_app_DAYS_REGISTRATION_std_div_mean,0.0,0
12,f103_refused_DAYS_FIRST_DRAWING_s_DAYS_DECISIONS_std_div_mean,0.0,0
12,f103_refused_DAYS_FIRST_DRAWING_s_DAYS_DECISIONS_max_div_min,0.0,0
12,f103_refused_DAYS_FIRST_DRAWING_s_DAYS_DECISIONS_min,0.0,0
12,f103_refused_DAYS_FIRST_DRAWING_s_app_DAYS_EMPLOYED_min,0.0,0
12,f103_refused_DAYS_FIRST_DRAWING_s_app_DAYS_ID_PUBLISH_min,0.0,0
12,f103_refused_DAYS_FIRST_DRAWING_s_app_DAYS_BIRTH_mean,0.0,0
12,f103_refused_DAYS_FIRST_DRAWING_s_app_DAYS_EMPLOYED_max,0.0,0
12,f103_refused_DAYS_FIRST_DRAWING_s_app_DAYS_BIRTH_std_div_mean,0.0,0
12,f103_refused_DAYS_FIRST_DRAWING_s_app_DAYS_EMPLOYED_std,0.0,0
12,f103_refused_DAYS_FIRST_DRAWING_s_app_DAYS_EMPLOYED_max_div_min,0.0,0
12,f103_refused_DAYS_FIRST_DRAWING_s_app_DAYS_LAST_PHONE_CHANGE_min,0.0,0
12,f103_refused_DAYS_FIRST_DRAWING_s_app_DAYS_BIRTH_std,0.0,0
12,f103_refused_DAYS_FIRST_DRAWING_s_app_DAYS_LAST_PHONE_CHANGE_max_div_min,0.0,0
12,f103_refused_DAYS_FIRST_DRAWING_s_app_DAYS_LAST_PHONE_CHANGE_max,0.0,0
12,f103_refused_DAYS_FIRST_DRAWING_s_app_DAYS_REGISTRATION_std_div_mean,0.0,0
12,f103_refused_DAYS_FIRST_DRAWING_s_app_DAYS_EMPLOYED_std_div_mean,0.0,0
12,f103_refused_DAYS_FIRST_DRAWING_s_app_DAYS_ID_PUBLISH_mean,0.0,0
12,f103_refused_DAYS_FIRST_DRAWING_s_app_DAYS_ID_PUBLISH_std_div_mean,0.0,0
12,f103_refused_DAYS_FIRST_DRAWING_s_app_DAYS_REGISTRATION_std,0.0,0
12,f103_refused_DAYS_FIRST_DRAWING_s_app_DAYS_REGISTRATION_max_div_min,0.0,0
12,f103_refused_DAYS_FIRST_DRAWING_s_app_DAYS_ID_PUBLISH_max_div_min,0.0,0
12,f103_refused_DAYS_FIRST_DRAWING_s_app_DAYS_REGISTRATION_mean,0.0,0
12,f103_refused_DAYS_FIRST_DRAWING_s_app_DAYS_LAST_PHONE_CHANGE_std_div_mean,0.0,0
12,f103_refused_DAYS_FIRST_DRAWING_s_app_DAYS_REGISTRATION_max,0.0,0
12,f103_refused_DAYS_FIRST_DUE_d_app_DAYS_BIRTH_max_div_min,0.0,0
12,f103_refused_DAYS_FIRST_DRAWING_s_app_DAYS_LAST_PHONE_CHANGE_std,0.0,0
12,f103_refused_DAYS_FIRST_DRAWING_s_app_DAYS_REGISTRATION_min,0.0,0
12,f103_refused_DAYS_FIRST_DUE_d_app_DAYS_BIRTH_std_div_mean,0.0,0
12,f103_refused_DAYS_FIRST_DUE_d_app_DAYS_EMPLOYED_mean,0.0,0
12,f103_refused_DAYS_FIRST_DUE_d_app_DAYS_EMPLOYED_std_div_mean,0.0,0
12,f103_refused_DAYS_FIRST_DUE_d_app_DAYS_EMPLOYED_min,0.0,0
12,f103_refused_DAYS_FIRST_DUE_d_app_DAYS_BIRTH_std,0.0,0
12,f103_refused_DAYS_FIRST_DUE_d_app_DAYS_EMPLOYED_max_div_min,0.0,0
12,f103_refused_DAYS_FIRST_DUE_d_app_DAYS_BIRTH_mean,0.0,0
12,f103_refused_DAYS_FIRST_DUE_d_app_DAYS_ID_PUBLISH_max_div_min,0.0,0
12,f103_refused_DAYS_FIRST_DUE_d_app_DAYS_EMPLOYED_std,0.0,0
12,f103_refused_DAYS_FIRST_DUE_d_app_DAYS_BIRTH_min,0.0,0
12,f103_refused_DAYS_FIRST_DUE_d_app_DAYS_BIRTH_max,0.0,0
12,f103_refused_DAYS_FIRST_DUE_d_app_DAYS_ID_PUBLISH_min,0.0,0
12,f103_refused_DAYS_FIRST_DUE_s_DAYS_DECISIONS_max_div_min,0.0,0
12,f103_refused_DAYS_FIRST_DUE_d_app_DAYS_LAST_PHONE_CHANGE_max_div_min,0.0,0
12,f103_refused_DAYS_FIRST_DUE_d_app_DAYS_LAST_PHONE_CHANGE_mean,0.0,0
12,f103_refused_DAYS_FIRST_DUE_d_app_DAYS_LAST_PHONE_CHANGE_min,0.0,0
12,f103_refused_DAYS_FIRST_DUE_d_app_DAYS_ID_PUBLISH_std,0.0,0
12,f103_refused_DAYS_FIRST_DUE_d_app_DAYS_EMPLOYED_max,0.0,0
12,f103_refused_DAYS_FIRST_DRAWING_s_app_DAYS_ID_PUBLISH_max,0.0,0
12,f103_refused_DAYS_FIRST_DRAWING_s_app_DAYS_LAST_PHONE_CHANGE_mean,0.0,0
12,f103_refused_DAYS_FIRST_DUE_d_app_DAYS_REGISTRATION_max,0.0,0
12,f103_refused_DAYS_FIRST_DRAWING_s_app_DAYS_ID_PUBLISH_std,0.0,0
12,f103_refused_DAYS_FIRST_DUE_d_app_DAYS_REGISTRATION_std,0.0,0
12,f103_refused_DAYS_FIRST_DUE_d_app_DAYS_ID_PUBLISH_std_div_mean,0.0,0
12,f103_refused_DAYS_FIRST_DUE_d_app_DAYS_LAST_PHONE_CHANGE_max,0.0,0
12,f103_refused_DAYS_FIRST_DUE_d_app_DAYS_ID_PUBLISH_max,0.0,0
12,f103_refused_DAYS_FIRST_DUE_d_app_DAYS_LAST_PHONE_CHANGE_std_div_mean,0.0,0
12,f103_refused_DAYS_FIRST_DUE_d_app_DAYS_ID_PUBLISH_mean,0.0,0
12,f103_refused_DAYS_FIRST_DUE_d_app_DAYS_REGISTRATION_mean,0.0,0
12,f103_refused_DAYS_FIRST_DUE_d_app_DAYS_REGISTRATION_min,0.0,0
12,f103_refused_DAYS_FIRST_DUE_s_DAYS_DECISIONS_mean,0.0,0
12,f103_refused_DAYS_FIRST_DUE_s_DAYS_DECISIONS_max,0.0,0
12,f103_refused_DAYS_FIRST_DUE_d_app_DAYS_REGISTRATION_std_div_mean,0.0,0
12,f103_refused_DAYS_FIRST_DUE_d_app_DAYS_REGISTRATION_max_div_min,0.0,0
12,f103_refused_DAYS_FIRST_DUE_s_DAYS_FIRST_DRAWING_max_div_min,0.0,0
12,f103_refused_DAYS_FIRST_DUE_d_app_DAYS_LAST_PHONE_CHANGE_std,0.0,0
12,f103_refused_DAYS_FIRST_DUE_s_DAYS_FIRST_DRAWING_std_div_mean,0.0,0
12,f103_refused_DAYS_FIRST_DUE_s_app_DAYS_EMPLOYED_max,0.0,0
12,f103_refused_DAYS_FIRST_DUE_s_DAYS_FIRST_DRAWING_std,0.0,0
12,f103_refused_DAYS_FIRST_DUE_s_DAYS_FIRST_DRAWING_min,0.0,0
12,f103_refused_DAYS_FIRST_DUE_s_DAYS_DECISIONS_min,0.0,0
12,f103_refused_DAYS_FIRST_DUE_s_app_DAYS_EMPLOYED_min,0.0,0
12,f103_refused_DAYS_FIRST_DUE_s_app_DAYS_BIRTH_mean,0.0,0
12,f103_refused_DAYS_FIRST_DUE_s_DAYS_FIRST_DRAWING_max,0.0,0
12,f103_refused_DAYS_FIRST_DUE_s_DAYS_FIRST_DRAWING_mean,0.0,0
12,f103_refused_DAYS_FIRST_DUE_s_app_DAYS_EMPLOYED_mean,0.0,0
12,f103_refused_DAYS_FIRST_DUE_s_DAYS_DECISIONS_std_div_mean,0.0,0
12,f103_refused_DAYS_FIRST_DUE_s_DAYS_DECISIONS_std,0.0,0
12,f103_refused_DAYS_FIRST_DUE_s_app_DAYS_LAST_PHONE_CHANGE_max,0.0,0
12,f103_refused_DAYS_FIRST_DUE_s_app_DAYS_BIRTH_std_div_mean,0.0,0
12,f103_refused_DAYS_FIRST_DUE_s_app_DAYS_EMPLOYED_max_div_min,0.0,0
12,f103_refused_DAYS_FIRST_DUE_s_app_DAYS_BIRTH_max_div_min,0.0,0
12,f103_refused_DAYS_FIRST_DUE_s_app_DAYS_BIRTH_max,0.0,0
12,f103_refused_DAYS_FIRST_DUE_s_app_DAYS_BIRTH_std,0.0,0
12,f103_refused_DAYS_FIRST_DUE_s_app_DAYS_BIRTH_min,0.0,0
12,f103_refused_DAYS_FIRST_DUE_s_app_DAYS_ID_PUBLISH_std,0.0,0
12,f103_refused_DAYS_FIRST_DUE_s_app_DAYS_ID_PUBLISH_max_div_min,0.0,0
12,f103_refused_DAYS_FIRST_DUE_s_app_DAYS_REGISTRATION_mean,0.0,0
12,f103_refused_DAYS_FIRST_DUE_s_app_DAYS_LAST_PHONE_CHANGE_max_div_min,0.0,0
12,f103_refused_DAYS_FIRST_DUE_s_app_DAYS_ID_PUBLISH_std_div_mean,0.0,0
12,f103_refused_DAYS_FIRST_DUE_s_app_DAYS_ID_PUBLISH_mean,0.0,0
12,f103_refused_DAYS_FIRST_DUE_s_app_DAYS_ID_PUBLISH_min,0.0,0
12,f103_refused_DAYS_FIRST_DUE_s_app_DAYS_EMPLOYED_std,0.0,0
12,f103_refused_DAYS_FIRST_DUE_s_app_DAYS_ID_PUBLISH_max,0.0,0
12,f103_refused_DAYS_FIRST_DUE_s_app_DAYS_LAST_PHONE_CHANGE_min,0.0,0
12,f103_refused_DAYS_FIRST_DUE_s_app_DAYS_EMPLOYED_std_div_mean,0.0,0
12,f103_refused_DAYS_FIRST_DUE_s_app_DAYS_REGISTRATION_max_div_min,0.0,0
12,f103_refused_DAYS_FIRST_DUE_s_app_DAYS_LAST_PHONE_CHANGE_mean,0.0,0
12,f103_refused_DAYS_FIRST_DUE_s_app_DAYS_REGISTRATION_min,0.0,0
12,f103_refused_DAYS_LAST_DUE_1ST_VERSION_d_app_DAYS_BIRTH_max,0.0,0
12,f103_refused_DAYS_FIRST_DUE_s_app_DAYS_LAST_PHONE_CHANGE_std,0.0,0
12,f103_refused_DAYS_FIRST_DUE_s_app_DAYS_REGISTRATION_std,0.0,0
12,f103_refused_DAYS_LAST_DUE_1ST_VERSION_d_app_DAYS_EMPLOYED_min,0.0,0
12,f103_refused_DAYS_FIRST_DUE_s_app_DAYS_LAST_PHONE_CHANGE_std_div_mean,0.0,0
12,f103_refused_DAYS_FIRST_DUE_s_app_DAYS_REGISTRATION_std_div_mean,0.0,0
12,f103_refused_DAYS_LAST_DUE_1ST_VERSION_d_app_DAYS_EMPLOYED_max_div_min,0.0,0
12,f103_refused_DAYS_LAST_DUE_1ST_VERSION_d_app_DAYS_BIRTH_max_div_min,0.0,0
12,f103_refused_DAYS_FIRST_DUE_s_app_DAYS_REGISTRATION_max,0.0,0
12,f103_refused_DAYS_LAST_DUE_1ST_VERSION_d_app_DAYS_BIRTH_min,0.0,0
12,f103_refused_DAYS_LAST_DUE_1ST_VERSION_d_app_DAYS_EMPLOYED_std,0.0,0
12,f103_refused_DAYS_LAST_DUE_1ST_VERSION_d_app_DAYS_EMPLOYED_mean,0.0,0
12,f103_refused_DAYS_LAST_DUE_1ST_VERSION_d_app_DAYS_EMPLOYED_max,0.0,0
12,f103_refused_DAYS_LAST_DUE_1ST_VERSION_d_app_DAYS_BIRTH_std,0.0,0
12,f103_refused_DAYS_LAST_DUE_1ST_VERSION_d_app_DAYS_BIRTH_std_div_mean,0.0,0
12,f103_refused_DAYS_LAST_DUE_1ST_VERSION_d_app_DAYS_ID_PUBLISH_std,0.0,0
12,f103_refused_DAYS_LAST_DUE_1ST_VERSION_d_app_DAYS_BIRTH_mean,0.0,0
12,f103_refused_DAYS_LAST_DUE_1ST_VERSION_d_app_DAYS_EMPLOYED_std_div_mean,0.0,0
12,f103_refused_DAYS_LAST_DUE_1ST_VERSION_d_app_DAYS_LAST_PHONE_CHANGE_max,0.0,0
12,f103_refused_DAYS_LAST_DUE_1ST_VERSION_d_app_DAYS_ID_PUBLISH_min,0.0,0
12,f103_refused_DAYS_LAST_DUE_1ST_VERSION_d_app_DAYS_REGISTRATION_std_div_mean,0.0,0
12,f103_refused_DAYS_LAST_DUE_1ST_VERSION_d_app_DAYS_ID_PUBLISH_max,0.0,0
12,f103_refused_DAYS_LAST_DUE_1ST_VERSION_d_app_DAYS_ID_PUBLISH_mean,0.0,0
12,f103_refused_DAYS_LAST_DUE_1ST_VERSION_d_app_DAYS_REGISTRATION_max,0.0,0
12,f103_refused_DAYS_LAST_DUE_1ST_VERSION_d_app_DAYS_ID_PUBLISH_std_div_mean,0.0,0
12,f103_refused_DAYS_LAST_DUE_1ST_VERSION_d_app_DAYS_LAST_PHONE_CHANGE_max_div_min,0.0,0
12,f103_refused_DAYS_LAST_DUE_1ST_VERSION_d_app_DAYS_REGISTRATION_min,0.0,0
12,f103_refused_DAYS_LAST_DUE_1ST_VERSION_d_app_DAYS_ID_PUBLISH_max_div_min,0.0,0
12,f103_refused_DAYS_LAST_DUE_1ST_VERSION_d_app_DAYS_LAST_PHONE_CHANGE_mean,0.0,0
12,f103_refused_DAYS_LAST_DUE_1ST_VERSION_d_app_DAYS_LAST_PHONE_CHANGE_min,0.0,0
12,f103_refused_DAYS_LAST_DUE_1ST_VERSION_d_app_DAYS_REGISTRATION_mean,0.0,0
12,f103_refused_DAYS_LAST_DUE_1ST_VERSION_d_app_DAYS_REGISTRATION_max_div_min,0.0,0
12,f103_refused_DAYS_LAST_DUE_1ST_VERSION_d_app_DAYS_LAST_PHONE_CHANGE_std_div_mean,0.0,0
12,f103_refused_DAYS_LAST_DUE_1ST_VERSION_s_DAYS_DECISIONS_mean,0.0,0
12,f103_refused_DAYS_LAST_DUE_1ST_VERSION_d_app_DAYS_REGISTRATION_std,0.0,0
12,f103_refused_DAYS_LAST_DUE_1ST_VERSION_s_DAYS_FIRST_DRAWING_mean,0.0,0
12,f103_refused_DAYS_LAST_DUE_1ST_VERSION_s_DAYS_DECISIONS_max,0.0,0
12,f103_refused_DAYS_LAST_DUE_1ST_VERSION_d_app_DAYS_LAST_PHONE_CHANGE_std,0.0,0
12,f103_refused_DAYS_LAST_DUE_1ST_VERSION_s_DAYS_FIRST_DUE_max,0.0,0
12,f103_refused_DAYS_LAST_DUE_1ST_VERSION_s_DAYS_DECISIONS_std,0.0,0
12,f103_refused_DAYS_LAST_DUE_1ST_VERSION_s_DAYS_FIRST_DRAWING_max_div_min,0.0,0
12,f103_refused_DAYS_LAST_DUE_1ST_VERSION_s_DAYS_FIRST_DRAWING_min,0.0,0
12,f103_refused_DAYS_LAST_DUE_1ST_VERSION_s_DAYS_DECISIONS_std_div_mean,0.0,0
12,f103_refused_DAYS_LAST_DUE_1ST_VERSION_s_DAYS_DECISIONS_min,0.0,0
12,f103_refused_DAYS_LAST_DUE_1ST_VERSION_s_DAYS_DECISIONS_max_div_min,0.0,0
12,f103_refused_DAYS_LAST_DUE_1ST_VERSION_s_DAYS_FIRST_DRAWING_max,0.0,0
12,f103_refused_DAYS_LAST_DUE_1ST_VERSION_s_app_DAYS_BIRTH_max,0.0,0
12,f103_refused_DAYS_LAST_DUE_1ST_VERSION_s_DAYS_FIRST_DRAWING_std,0.0,0
12,f103_refused_DAYS_LAST_DUE_1ST_VERSION_s_DAYS_FIRST_DUE_std,0.0,0
12,f103_refused_DAYS_LAST_DUE_1ST_VERSION_s_app_DAYS_EMPLOYED_min,0.0,0
12,f103_refused_DAYS_LAST_DUE_1ST_VERSION_s_DAYS_FIRST_DUE_std_div_mean,0.0,0
12,f103_refused_DAYS_LAST_DUE_1ST_VERSION_s_DAYS_FIRST_DUE_min,0.0,0
12,f103_refused_DAYS_LAST_DUE_1ST_VERSION_s_app_DAYS_EMPLOYED_mean,0.0,0
12,f103_refused_DAYS_LAST_DUE_1ST_VERSION_s_DAYS_FIRST_DUE_max_div_min,0.0,0
12,f103_refused_DAYS_LAST_DUE_1ST_VERSION_s_DAYS_FIRST_DRAWING_std_div_mean,0.0,0
12,f103_refused_DAYS_LAST_DUE_1ST_VERSION_s_DAYS_FIRST_DUE_mean,0.0,0
12,f103_refused_DAYS_LAST_DUE_1ST_VERSION_s_app_DAYS_BIRTH_max_div_min,0.0,0
12,f103_refused_DAYS_LAST_DUE_1ST_VERSION_s_app_DAYS_BIRTH_std,0.0,0
12,f103_refused_DAYS_LAST_DUE_1ST_VERSION_s_app_DAYS_BIRTH_min,0.0,0
12,f103_refused_DAYS_LAST_DUE_1ST_VERSION_s_app_DAYS_EMPLOYED_max_div_min,0.0,0
12,f103_refused_DAYS_LAST_DUE_1ST_VERSION_s_app_DAYS_EMPLOYED_std_div_mean,0.0,0
12,f103_refused_DAYS_LAST_DUE_1ST_VERSION_s_app_DAYS_BIRTH_mean,0.0,0
12,f103_refused_DAYS_LAST_DUE_1ST_VERSION_s_app_DAYS_ID_PUBLISH_std,0.0,0
12,f103_refused_DAYS_LAST_DUE_1ST_VERSION_s_app_DAYS_EMPLOYED_max,0.0,0
12,f103_refused_DAYS_LAST_DUE_1ST_VERSION_s_app_DAYS_ID_PUBLISH_min,0.0,0
12,f103_refused_DAYS_LAST_DUE_1ST_VERSION_s_app_DAYS_ID_PUBLISH_mean,0.0,0
12,f103_refused_DAYS_LAST_DUE_1ST_VERSION_s_app_DAYS_ID_PUBLISH_std_div_mean,0.0,0
12,f103_refused_DAYS_LAST_DUE_1ST_VERSION_s_app_DAYS_BIRTH_std_div_mean,0.0,0
12,f103_refused_DAYS_LAST_DUE_d_app_DAYS_BIRTH_max,0.0,0
12,f103_refused_DAYS_LAST_DUE_1ST_VERSION_s_app_DAYS_LAST_PHONE_CHANGE_max_div_min,0.0,0
12,f103_refused_DAYS_LAST_DUE_1ST_VERSION_s_app_DAYS_LAST_PHONE_CHANGE_max,0.0,0
12,f103_refused_DAYS_LAST_DUE_1ST_VERSION_s_app_DAYS_ID_PUBLISH_max,0.0,0
12,f103_refused_DAYS_LAST_DUE_1ST_VERSION_s_app_DAYS_LAST_PHONE_CHANGE_mean,0.0,0
12,f103_refused_DAYS_LAST_DUE_1ST_VERSION_s_app_DAYS_EMPLOYED_std,0.0,0
12,f103_refused_DAYS_LAST_DUE_1ST_VERSION_s_app_DAYS_LAST_PHONE_CHANGE_min,0.0,0
12,f103_refused_DAYS_LAST_DUE_d_app_DAYS_BIRTH_max_div_min,0.0,0
12,f103_refused_DAYS_LAST_DUE_1ST_VERSION_s_app_DAYS_ID_PUBLISH_max_div_min,0.0,0
12,f103_refused_DAYS_LAST_DUE_1ST_VERSION_s_app_DAYS_REGISTRATION_std,0.0,0
12,f103_refused_DAYS_LAST_DUE_1ST_VERSION_s_app_DAYS_REGISTRATION_mean,0.0,0
12,f103_refused_DAYS_LAST_DUE_1ST_VERSION_s_app_DAYS_REGISTRATION_std_div_mean,0.0,0
12,f103_refused_DAYS_LAST_DUE_d_app_DAYS_EMPLOYED_max,0.0,0
12,f103_refused_DAYS_LAST_DUE_1ST_VERSION_s_app_DAYS_REGISTRATION_max_div_min,0.0,0
12,f103_refused_DAYS_LAST_DUE_1ST_VERSION_s_app_DAYS_LAST_PHONE_CHANGE_std_div_mean,0.0,0
12,f103_refused_DAYS_LAST_DUE_1ST_VERSION_s_app_DAYS_REGISTRATION_max,0.0,0
12,f103_refused_DAYS_LAST_DUE_1ST_VERSION_s_app_DAYS_REGISTRATION_min,0.0,0
12,f103_refused_DAYS_LAST_DUE_d_app_DAYS_EMPLOYED_max_div_min,0.0,0
12,f103_refused_DAYS_LAST_DUE_d_app_DAYS_BIRTH_std,0.0,0
12,f103_refused_DAYS_LAST_DUE_d_app_DAYS_ID_PUBLISH_max,0.0,0
12,f103_refused_DAYS_LAST_DUE_d_app_DAYS_EMPLOYED_mean,0.0,0
12,f103_refused_DAYS_LAST_DUE_1ST_VERSION_s_app_DAYS_LAST_PHONE_CHANGE_std,0.0,0
12,f103_refused_DAYS_LAST_DUE_d_app_DAYS_BIRTH_std_div_mean,0.0,0
12,f103_refused_DAYS_LAST_DUE_d_app_DAYS_EMPLOYED_std_div_mean,0.0,0
12,f103_refused_DAYS_LAST_DUE_d_app_DAYS_EMPLOYED_std,0.0,0
12,f103_refused_DAYS_LAST_DUE_d_app_DAYS_EMPLOYED_min,0.0,0
12,f103_refused_DAYS_LAST_DUE_d_app_DAYS_ID_PUBLISH_min,0.0,0
12,f103_refused_DAYS_LAST_DUE_d_app_DAYS_BIRTH_min,0.0,0
12,f103_refused_DAYS_LAST_DUE_d_app_DAYS_BIRTH_mean,0.0,0
12,f103_refused_DAYS_LAST_DUE_d_app_DAYS_ID_PUBLISH_std_div_mean,0.0,0
12,f103_refused_DAYS_LAST_DUE_d_app_DAYS_ID_PUBLISH_max_div_min,0.0,0
12,f103_refused_DAYS_LAST_DUE_d_app_DAYS_LAST_PHONE_CHANGE_min,0.0,0
12,f103_refused_DAYS_LAST_DUE_d_app_DAYS_LAST_PHONE_CHANGE_mean,0.0,0
12,f103_refused_DAYS_LAST_DUE_d_app_DAYS_ID_PUBLISH_std,0.0,0
12,f103_refused_DAYS_LAST_DUE_d_app_DAYS_LAST_PHONE_CHANGE_max_div_min,0.0,0
12,f103_refused_DAYS_LAST_DUE_d_app_DAYS_LAST_PHONE_CHANGE_max,0.0,0
12,f103_refused_DAYS_LAST_DUE_d_app_DAYS_ID_PUBLISH_mean,0.0,0
12,f103_refused_DAYS_LAST_DUE_d_app_DAYS_LAST_PHONE_CHANGE_std,0.0,0
12,f103_refused_DAYS_LAST_DUE_d_app_DAYS_REGISTRATION_std_div_mean,0.0,0
12,f103_refused_DAYS_LAST_DUE_d_app_DAYS_REGISTRATION_max,0.0,0
12,f103_refused_DAYS_LAST_DUE_d_app_DAYS_REGISTRATION_mean,0.0,0
12,f103_refused_DAYS_LAST_DUE_d_app_DAYS_REGISTRATION_std,0.0,0
12,f103_refused_DAYS_LAST_DUE_d_app_DAYS_LAST_PHONE_CHANGE_std_div_mean,0.0,0
12,f103_refused_DAYS_LAST_DUE_s_DAYS_FIRST_DRAWING_std,0.0,0
12,f103_refused_DAYS_LAST_DUE_s_DAYS_FIRST_DRAWING_mean,0.0,0
12,f103_refused_DAYS_LAST_DUE_s_DAYS_FIRST_DRAWING_max,0.0,0
12,f103_refused_DAYS_LAST_DUE_s_DAYS_DECISIONS_std_div_mean,0.0,0
12,f103_refused_DAYS_LAST_DUE_d_app_DAYS_REGISTRATION_max_div_min,0.0,0
12,f103_refused_DAYS_LAST_DUE_s_DAYS_DECISIONS_std,0.0,0
12,f103_refused_DAYS_LAST_DUE_d_app_DAYS_REGISTRATION_min,0.0,0
12,f103_refused_DAYS_LAST_DUE_s_DAYS_DECISIONS_max_div_min,0.0,0
12,f103_refused_DAYS_LAST_DUE_s_DAYS_DECISIONS_max,0.0,0
12,f103_refused_DAYS_LAST_DUE_s_DAYS_FIRST_DRAWING_min,0.0,0
12,f103_refused_DAYS_LAST_DUE_s_DAYS_DECISIONS_min,0.0,0
12,f103_refused_DAYS_LAST_DUE_s_DAYS_FIRST_DRAWING_std_div_mean,0.0,0
12,f103_refused_DAYS_LAST_DUE_s_DAYS_DECISIONS_mean,0.0,0
12,f103_refused_DAYS_LAST_DUE_s_DAYS_FIRST_DRAWING_max_div_min,0.0,0
12,f103_refused_DAYS_LAST_DUE_s_DAYS_FIRST_DUE_mean,0.0,0
12,f103_refused_DAYS_LAST_DUE_s_DAYS_FIRST_DUE_max_div_min,0.0,0
12,f103_refused_DAYS_LAST_DUE_s_DAYS_FIRST_DUE_min,0.0,0
12,f103_refused_DAYS_LAST_DUE_s_DAYS_FIRST_DUE_std_div_mean,0.0,0
12,f103_refused_DAYS_LAST_DUE_s_DAYS_FIRST_DUE_std,0.0,0
12,f103_refused_DAYS_LAST_DUE_s_DAYS_LAST_DUE_1ST_VERSION_max,0.0,0
12,f103_refused_DAYS_LAST_DUE_s_app_DAYS_BIRTH_std_div_mean,0.0,0
12,f103_refused_DAYS_LAST_DUE_s_app_DAYS_BIRTH_max,0.0,0
12,f103_refused_DAYS_LAST_DUE_s_DAYS_LAST_DUE_1ST_VERSION_max_div_min,0.0,0
12,f103_refused_DAYS_LAST_DUE_s_DAYS_FIRST_DUE_max,0.0,0
12,f103_refused_DAYS_LAST_DUE_s_DAYS_LAST_DUE_1ST_VERSION_min,0.0,0
12,f103_refused_DAYS_LAST_DUE_s_DAYS_LAST_DUE_1ST_VERSION_mean,0.0,0
12,f103_refused_DAYS_LAST_DUE_s_app_DAYS_EMPLOYED_max,0.0,0
12,f103_refused_DAYS_LAST_DUE_s_app_DAYS_BIRTH_min,0.0,0
12,f103_refused_DAYS_LAST_DUE_s_DAYS_LAST_DUE_1ST_VERSION_std_div_mean,0.0,0
12,f103_refused_DAYS_LAST_DUE_s_app_DAYS_EMPLOYED_std,0.0,0
12,f103_refused_DAYS_LAST_DUE_s_app_DAYS_BIRTH_std,0.0,0
12,f103_refused_DAYS_LAST_DUE_s_app_DAYS_EMPLOYED_max_div_min,0.0,0
12,f103_refused_DAYS_LAST_DUE_s_app_DAYS_BIRTH_mean,0.0,0
12,f103_refused_DAYS_LAST_DUE_s_app_DAYS_EMPLOYED_std_div_mean,0.0,0
12,f103_refused_DAYS_LAST_DUE_s_app_DAYS_ID_PUBLISH_max,0.0,0
12,f103_refused_DAYS_LAST_DUE_s_app_DAYS_LAST_PHONE_CHANGE_min,0.0,0
12,f103_refused_DAYS_LAST_DUE_s_DAYS_LAST_DUE_1ST_VERSION_std,0.0,0
12,f103_refused_DAYS_LAST_DUE_s_app_DAYS_BIRTH_max_div_min,0.0,0
12,f103_refused_DAYS_LAST_DUE_s_app_DAYS_ID_PUBLISH_std,0.0,0
12,f103_refused_DAYS_LAST_DUE_s_app_DAYS_ID_PUBLISH_std_div_mean,0.0,0
12,f103_refused_DAYS_LAST_DUE_s_app_DAYS_EMPLOYED_mean,0.0,0
12,f103_refused_DAYS_LAST_DUE_s_app_DAYS_ID_PUBLISH_min,0.0,0
12,f103_refused_DAYS_LAST_DUE_s_app_DAYS_LAST_PHONE_CHANGE_mean,0.0,0
12,f103_refused_DAYS_LAST_DUE_s_app_DAYS_ID_PUBLISH_mean,0.0,0
12,f103_refused_DAYS_LAST_DUE_s_app_DAYS_LAST_PHONE_CHANGE_std_div_mean,0.0,0
12,f103_refused_DAYS_LAST_DUE_s_app_DAYS_EMPLOYED_min,0.0,0
12,f103_refused_DAYS_LAST_DUE_s_app_DAYS_LAST_PHONE_CHANGE_std,0.0,0
12,f103_refused_DAYS_LAST_DUE_s_app_DAYS_ID_PUBLISH_max_div_min,0.0,0
12,f103_refused_DAYS_LAST_DUE_s_app_DAYS_REGISTRATION_min,0.0,0
12,f103_refused_DAYS_TERMINATION_d_app_DAYS_EMPLOYED_max_div_min,0.0,0
12,f103_refused_DAYS_LAST_DUE_s_app_DAYS_REGISTRATION_max,0.0,0
12,f103_refused_DAYS_TERMINATION_d_app_DAYS_BIRTH_min,0.0,0
12,f103_refused_DAYS_LAST_DUE_s_app_DAYS_LAST_PHONE_CHANGE_max_div_min,0.0,0
12,f103_refused_DAYS_LAST_DUE_s_app_DAYS_LAST_PHONE_CHANGE_max,0.0,0
12,f103_refused_DAYS_TERMINATION_d_app_DAYS_BIRTH_std,0.0,0
12,f103_refused_DAYS_LAST_DUE_s_app_DAYS_REGISTRATION_mean,0.0,0
12,f103_refused_DAYS_LAST_DUE_s_app_DAYS_REGISTRATION_max_div_min,0.0,0
12,f103_refused_DAYS_TERMINATION_d_app_DAYS_BIRTH_max,0.0,0
12,f103_refused_DAYS_LAST_DUE_s_app_DAYS_REGISTRATION_std_div_mean,0.0,0
12,f103_refused_DAYS_TERMINATION_d_app_DAYS_EMPLOYED_std,0.0,0
12,f103_refused_DAYS_LAST_DUE_s_app_DAYS_REGISTRATION_std,0.0,0
12,f103_refused_DAYS_TERMINATION_d_app_DAYS_EMPLOYED_max,0.0,0
12,f103_refused_DAYS_TERMINATION_d_app_DAYS_BIRTH_std_div_mean,0.0,0
12,f103_refused_DAYS_TERMINATION_d_app_DAYS_ID_PUBLISH_mean,0.0,0
12,f103_refused_DAYS_TERMINATION_d_app_DAYS_BIRTH_max_div_min,0.0,0
12,f103_refused_DAYS_TERMINATION_d_app_DAYS_BIRTH_mean,0.0,0
12,f103_refused_DAYS_TERMINATION_d_app_DAYS_ID_PUBLISH_std,0.0,0
12,f103_refused_DAYS_TERMINATION_d_app_DAYS_EMPLOYED_mean,0.0,0
12,f103_refused_DAYS_TERMINATION_d_app_DAYS_REGISTRATION_min,0.0,0
12,f103_refused_DAYS_TERMINATION_d_app_DAYS_EMPLOYED_std_div_mean,0.0,0
12,f103_refused_DAYS_TERMINATION_d_app_DAYS_ID_PUBLISH_std_div_mean,0.0,0
12,f103_refused_DAYS_TERMINATION_d_app_DAYS_ID_PUBLISH_max_div_min,0.0,0
12,f103_refused_DAYS_TERMINATION_d_app_DAYS_ID_PUBLISH_max,0.0,0
12,f103_refused_DAYS_TERMINATION_d_app_DAYS_EMPLOYED_min,0.0,0
12,f103_refused_DAYS_TERMINATION_d_app_DAYS_ID_PUBLISH_min,0.0,0
12,f103_refused_DAYS_TERMINATION_d_app_DAYS_LAST_PHONE_CHANGE_max,0.0,0
12,f103_refused_DAYS_TERMINATION_d_app_DAYS_LAST_PHONE_CHANGE_min,0.0,0
12,f103_refused_DAYS_TERMINATION_d_app_DAYS_REGISTRATION_mean,0.0,0
12,f103_refused_DAYS_TERMINATION_d_app_DAYS_LAST_PHONE_CHANGE_std,0.0,0
12,f103_refused_DAYS_TERMINATION_d_app_DAYS_LAST_PHONE_CHANGE_std_div_mean,0.0,0
12,f103_refused_DAYS_TERMINATION_d_app_DAYS_REGISTRATION_max_div_min,0.0,0
12,f103_refused_DAYS_TERMINATION_d_app_DAYS_REGISTRATION_max,0.0,0
12,f103_refused_DAYS_TERMINATION_d_app_DAYS_LAST_PHONE_CHANGE_max_div_min,0.0,0
12,f103_refused_DAYS_TERMINATION_d_app_DAYS_LAST_PHONE_CHANGE_mean,0.0,0
12,f103_refused_DAYS_TERMINATION_s_DAYS_DECISIONS_max,0.0,0
12,f103_refused_DAYS_TERMINATION_s_DAYS_DECISIONS_std_div_mean,0.0,0
12,f103_refused_DAYS_TERMINATION_d_app_DAYS_REGISTRATION_std_div_mean,0.0,0
12,f103_refused_DAYS_TERMINATION_s_DAYS_DECISIONS_min,0.0,0
12,f103_refused_DAYS_TERMINATION_s_DAYS_FIRST_DRAWING_max,0.0,0
12,f103_refused_DAYS_TERMINATION_s_DAYS_FIRST_DRAWING_max_div_min,0.0,0
12,f103_refused_DAYS_TERMINATION_s_DAYS_DECISIONS_std,0.0,0
12,f103_refused_DAYS_TERMINATION_s_DAYS_DECISIONS_mean,0.0,0
12,f103_refused_DAYS_TERMINATION_s_DAYS_FIRST_DRAWING_std_div_mean,0.0,0
12,f103_refused_DAYS_TERMINATION_d_app_DAYS_REGISTRATION_std,0.0,0
12,f103_refused_DAYS_TERMINATION_s_DAYS_FIRST_DUE_std_div_mean,0.0,0
12,f103_refused_DAYS_TERMINATION_s_DAYS_DECISIONS_max_div_min,0.0,0
12,f103_refused_DAYS_TERMINATION_s_DAYS_FIRST_DUE_min,0.0,0
12,f103_refused_DAYS_TERMINATION_s_DAYS_FIRST_DRAWING_min,0.0,0
12,f103_refused_DAYS_TERMINATION_s_DAYS_FIRST_DUE_std,0.0,0
12,f103_refused_DAYS_TERMINATION_s_DAYS_FIRST_DRAWING_mean,0.0,0
12,f103_refused_DAYS_TERMINATION_s_DAYS_LAST_DUE_mean,0.0,0
12,f103_refused_DAYS_TERMINATION_s_DAYS_FIRST_DRAWING_std,0.0,0
12,f103_refused_DAYS_TERMINATION_s_DAYS_FIRST_DUE_max,0.0,0
12,f103_refused_DAYS_TERMINATION_s_DAYS_LAST_DUE_1ST_VERSION_std_div_mean,0.0,0
12,f103_refused_DAYS_TERMINATION_s_DAYS_LAST_DUE_max_div_min,0.0,0
12,f103_refused_DAYS_TERMINATION_s_DAYS_FIRST_DUE_mean,0.0,0
12,f103_refused_DAYS_TERMINATION_s_DAYS_FIRST_DUE_max_div_min,0.0,0
12,f103_refused_DAYS_TERMINATION_s_DAYS_LAST_DUE_1ST_VERSION_min,0.0,0
12,f103_refused_DAYS_TERMINATION_s_DAYS_LAST_DUE_max,0.0,0
12,f103_refused_DAYS_TERMINATION_s_DAYS_LAST_DUE_1ST_VERSION_std,0.0,0
12,f103_refused_DAYS_TERMINATION_s_DAYS_LAST_DUE_1ST_VERSION_max,0.0,0
12,f103_refused_DAYS_TERMINATION_s_app_DAYS_EMPLOYED_max,0.0,0
12,f103_refused_DAYS_TERMINATION_s_DAYS_LAST_DUE_min,0.0,0
12,f103_refused_DAYS_TERMINATION_s_DAYS_LAST_DUE_1ST_VERSION_max_div_min,0.0,0
12,f103_refused_DAYS_TERMINATION_s_DAYS_LAST_DUE_1ST_VERSION_mean,0.0,0
12,f103_refused_DAYS_TERMINATION_s_app_DAYS_BIRTH_max,0.0,0
12,f103_refused_DAYS_TERMINATION_s_app_DAYS_BIRTH_max_div_min,0.0,0
12,f103_refused_DAYS_TERMINATION_s_app_DAYS_EMPLOYED_max_div_min,0.0,0
12,f103_refused_DAYS_TERMINATION_s_app_DAYS_BIRTH_std,0.0,0
12,f103_refused_DAYS_TERMINATION_s_app_DAYS_BIRTH_min,0.0,0
12,f103_refused_DAYS_TERMINATION_s_app_DAYS_BIRTH_mean,0.0,0
12,f103_refused_DAYS_TERMINATION_s_DAYS_LAST_DUE_std_div_mean,0.0,0
12,f103_refused_DAYS_TERMINATION_s_app_DAYS_BIRTH_std_div_mean,0.0,0
12,f103_refused_DAYS_TERMINATION_s_app_DAYS_EMPLOYED_std,0.0,0
12,f103_refused_DAYS_TERMINATION_s_DAYS_LAST_DUE_std,0.0,0
12,f103_refused_DAYS_TERMINATION_s_app_DAYS_ID_PUBLISH_max,0.0,0
12,f103_refused_DAYS_TERMINATION_s_app_DAYS_ID_PUBLISH_max_div_min,0.0,0
12,f103_refused_DAYS_TERMINATION_s_app_DAYS_ID_PUBLISH_mean,0.0,0
12,f103_refused_DAYS_TERMINATION_s_app_DAYS_EMPLOYED_std_div_mean,0.0,0
12,f103_refused_DAYS_TERMINATION_s_app_DAYS_EMPLOYED_mean,0.0,0
12,f103_refused_DAYS_TERMINATION_s_app_DAYS_ID_PUBLISH_std,0.0,0
12,f103_refused_DAYS_TERMINATION_s_app_DAYS_LAST_PHONE_CHANGE_std,0.0,0
12,f103_refused_DAYS_TERMINATION_s_app_DAYS_ID_PUBLISH_std_div_mean,0.0,0
12,f103_refused_DAYS_TERMINATION_s_app_DAYS_ID_PUBLISH_min,0.0,0
12,f103_refused_DAYS_TERMINATION_s_app_DAYS_EMPLOYED_min,0.0,0
12,f103_refused_DAYS_TERMINATION_s_app_DAYS_LAST_PHONE_CHANGE_min,0.0,0
12,f103_refused_DAYS_TERMINATION_s_app_DAYS_REGISTRATION_min,0.0,0
12,f103_refused_DAYS_TERMINATION_s_app_DAYS_LAST_PHONE_CHANGE_max,0.0,0
12,f103_refused_DAYS_TERMINATION_s_app_DAYS_REGISTRATION_mean,0.0,0
12,f103_refused_DAYS_TERMINATION_s_app_DAYS_LAST_PHONE_CHANGE_mean,0.0,0
12,f103_refused_DAYS_TERMINATION_s_app_DAYS_LAST_PHONE_CHANGE_std_div_mean,0.0,0
12,f103_refused_DAYS_TERMINATION_s_app_DAYS_LAST_PHONE_CHANGE_max_div_min,0.0,0
12,f103_refused_DAYS_TERMINATION_s_app_DAYS_REGISTRATION_max,0.0,0
12,f103_refused_DAYS_TERMINATION_s_app_DAYS_REGISTRATION_std,0.0,0
12,f103_refused_DAYS_TERMINATION_s_app_DAYS_REGISTRATION_max_div_min,0.0,0
12,f103_refused_DAYS_TERMINATION_s_app_DAYS_REGISTRATION_std_div_mean,0.0,0
12,f103_refused_HOUR_APPR_PROCESS_START_std,2754.8659883141518,596
12,f103_refused_HOUR_APPR_PROCESS_START_min,4184.692203879356,880
12,f103_refused_HOUR_APPR_PROCESS_START_max_div_min,1770.6919207572937,370
12,f103_refused_HOUR_APPR_PROCESS_START_mean,8030.183072984219,1607
12,f103_refused_HOUR_APPR_PROCESS_START_std_div_mean,4362.23390519619,886
12,f103_refused_NAME_CASH_LOAN_PURPOSE_Urgent_needs_mean,528.8010227680206,118
12,f103_refused_NAME_CASH_LOAN_PURPOSE_Repairs_mean,973.6656901836395,183
12,f103_refused_NAME_CASH_LOAN_PURPOSE_Urgent_needs_sum,36.428369760513306,10
12,f103_refused_NAME_CASH_LOAN_PURPOSE_Repairs_sum,230.8124496936798,57
12,f103_refused_NAME_CLIENT_TYPE_Repeater_sum,1277.9468740224838,271
12,f103_refused_NAME_CONTRACT_TYPE_Cash_loans_sum,1205.7451779842377,232
12,f103_refused_NAME_CONTRACT_TYPE_Revolving_loans_sum,570.1125214099884,109
12,f103_refused_NAME_CASH_LOAN_PURPOSE_XAP_sum,919.9368333220482,202
12,f103_refused_NAME_CASH_LOAN_PURPOSE_XNA_mean,1569.8490450382233,325
12,f103_refused_NAME_CONTRACT_STATUS_Refused_sum,582.7134819030762,118
12,f103_refused_NAME_PAYMENT_TYPE_XNA_mean,1708.6775926351547,338
12,f103_refused_NAME_GOODS_CATEGORY_XNA_sum,776.5195415019989,160
12,f103_refused_NAME_GOODS_CATEGORY_Jewelry_sum,0.0,0
12,f103_refused_NAME_GOODS_CATEGORY_Computers_sum,412.588618516922,87
12,f103_refused_NAME_PAYMENT_TYPE_Cash_through_the_bank_mean,2013.3882580399513,377
12,f103_refused_NAME_PAYMENT_TYPE_XNA_sum,716.6456097364426,121
12,f103_refused_NAME_PORTFOLIO_Cards_sum,584.8524622917175,121
12,f103_refused_NAME_PRODUCT_TYPE_x_sell_mean,1568.722840309143,313
12,f103_refused_NAME_PRODUCT_TYPE_walk_in_sum,1191.2975698709488,224
12,f103_refused_NAME_PORTFOLIO_Cash_sum,903.4306782484055,194
12,f103_refused_NAME_PRODUCT_TYPE_walk_in_mean,1868.3037614822388,364
12,f103_refused_NAME_SELLER_INDUSTRY_Jewelry_mean,0.0,0
12,f103_refused_NAME_SELLER_INDUSTRY_Connectivity_mean,1187.5212931632996,225
12,f103_refused_NAME_SELLER_INDUSTRY_Connectivity_sum,551.9595873355865,107
12,f103_refused_NAME_SELLER_INDUSTRY_Jewelry_sum,0.0,0
12,f103_refused_NAME_SELLER_INDUSTRY_Furniture_mean,200.88184142112732,51
12,f103_refused_NAME_PRODUCT_TYPE_x_sell_sum,710.6819506883621,151
12,f103_refused_NAME_YIELD_GROUP_low_action_mean,680.5705314874649,147
12,f103_refused_NAME_SELLER_INDUSTRY_XNA_sum,1199.8564910888672,252
12,f103_refused_NAME_TYPE_SUITE_Family_mean,534.285670042038,120
12,f103_refused_NAME_YIELD_GROUP_high_sum,1415.3813852667809,188
12,f103_refused_NAME_YIELD_GROUP_low_normal_sum,687.7981040477753,144
12,f103_refused_NAME_YIELD_GROUP_XNA_sum,1157.8603671193123,229
12,f103_refused_NAME_YIELD_GROUP_middle_mean,1512.237700343132,306
12,f103_refused_NAME_YIELD_GROUP_high_mean,3441.2397079467773,415
12,f103_refused_NAME_YIELD_GROUP_low_normal_mean,1032.8169014453888,231
12,f103_refused_RATE_INTEREST_PRIMARY_std,0.0,0
12,f103_refused_PREV_COUNT,167.4942982196808,34
12,f103_refused_PRODUCT_COMBINATION_Card_Street_mean,680.6574306488037,154
12,f103_refused_RATE_INTEREST_PRIMARY_max_div_min,0.0,0
12,f103_refused_RATE_INTEREST_PRIMARY_min,0.0,0
12,f103_refused_PRODUCT_COMBINATION_Card_Street_sum,158.3580403327942,37
12,f103_refused_PRODUCT_COMBINATION_POS_mobile_with_interest_sum,234.9186407327652,55
12,f103_refused_RATE_INTEREST_PRIMARY_std_div_mean,0.0,0
12,f103_refused_RATE_DOWN_PAYMENT_max_div_min,469.23676109313965,106
12,f103_refused_RATE_INTEREST_PRIVILEGED_min,0.0,0
12,f103_refused_RATE_INTEREST_PRIVILEGED_std,0.0,0
13,f103_refused_amt_paid_max,0.0,0
13,f103_refused_active_max_div_min,0.0,0
13,f103_refused_amt_paid_mean,0.0,0
13,f103_refused_RATE_INTEREST_PRIMARY_mean,0.0,0
13,f103_refused_amt_paid_std,0.0,0
13,f103_refused_RATE_INTEREST_PRIVILEGED_max_div_min,0.0,0
13,f103_refused_RATE_INTEREST_PRIVILEGED_mean,0.0,0
13,f103_refused_RATE_INTEREST_PRIMARY_max,0.0,0
13,f103_refused_RATE_INTEREST_PRIVILEGED_max,0.0,0
13,f103_refused_SELLERPLACE_AREA_std_div_mean,4619.380437642336,1256
13,f103_refused_active_std_div_mean,0.0,0
13,f103_refused_RATE_INTEREST_PRIVILEGED_std_div_mean,0.0,0
13,f103_refused_amt_paid_min,0.0,0
13,f103_refused_amt_paid_std_div_mean,0.0,0
13,f103_refused_amt_unpaid_max,0.0,0
13,f103_refused_WEEKDAY_APPR_PROCESS_START_TUESDAY_sum,2167.0291486606,618
13,f103_refused_cnt_paid_max,0.0,0
13,f103_refused_amt_unpaid_min,0.0,0
13,f103_refused_amt_unpaid_std,0.0,0
13,f103_refused_amt_unpaid_mean,0.0,0
13,f103_refused_amt_paid_max_div_min,0.0,0
13,f103_refused_cnt_paid_max_div_min,0.0,0
13,f103_refused_amt_unpaid_std_div_mean,0.0,0
13,f103_refused_cnt_paid_std,0.0,0
13,f103_refused_cnt_paid_ratio_std_div_mean,0.0,0
13,f103_refused_amt_unpaid_max_div_min,0.0,0
13,f103_refused_cnt_paid_ratio_mean,0.0,0
13,f103_refused_cnt_unpaid_mean,0.0,0
13,f103_refused_cnt_paid_mean,0.0,0
13,f103_refused_cnt_paid_ratio_max,0.0,0
13,f103_refused_cnt_paid_std_div_mean,0.0,0
13,f103_refused_cnt_paid_ratio_std,0.0,0
13,f103_refused_cnt_unpaid_max,0.0,0
13,f103_refused_cnt_paid_ratio_min,0.0,0
13,f103_refused_cnt_unpaid_max_div_min,0.0,0
13,f103_refused_cnt_paid_min,0.0,0
13,f103_refused_cnt_paid_ratio_max_div_min,0.0,0
13,f103_refused_completed_std_div_mean,0.0,0
13,f103_refused_completed_max_div_min,0.0,0
13,f103_refused_cnt_unpaid_min,0.0,0
13,f103_refused_cnt_unpaid_std_div_mean,0.0,0
13,f103_refused_cnt_unpaid_std,0.0,0
13,f103_refused_interest_rate_diff_std,10833.280030133203,3142
13,f103_refused_interest_rate_diff_min,16075.003271088004,4478
13,f103_refused_interest_rate_pctchange_min,10636.126275802031,3093
13,f103_refused_interest_rate_diff_max,17012.371098498814,5095
13,f103_refused_interest_rate_max,22308.373232117854,4169
13,f103_refused_interest_rate_std_div_mean,6462.059789925814,1744
13,f103_refused_interest_rate_max_div_min,5035.0748144984245,1280
13,f103_refused_total_debt_diff_std,7149.104986697435,1994
13,f103_refused_total_debt_pctchange_std,7365.7246351242065,2041
13,f103_refused_interest_rate_std,5538.927394688129,1507
13,f103_refused_interest_rate_pctchange_std_div_mean,10424.042411308736,2868
13,f103_refused_total_debt_max_div_min,5910.122641801834,1577
13,f103_refused_total_debt_std_div_mean,7694.4639475643635,2110
13,f103_refused_total_debt_min,19789.187746159732,5684
