chunk,feature,importance_gain,importance_split
1,f001_AMT_GOODS_PRICE-d-AMT_CREDIT,10245.974208831787,391
1,f001_AMT_CREDIT-d-CNT_CHILDREN,2132.4180455207825,181
1,f001_AMT_CREDIT-d-CNT_FAM_MEMBERS,3411.716045856476,268
1,f001_AMT_CREDIT,1499.4699530601501,98
1,f001_AMT_GOODS_PRICE-d-CNT_FAM_MEMBERS,2835.283612728119,214
1,f001_AMT_GOODS_PRICE-d-CNT_CHILDREN,1636.7906694412231,131
1,f001_AMT_ANNUITY-d-AMT_INCOME_TOTAL,4732.723648548126,373
1,f001_AMT_GOODS_PRICE-d-cnt_adults,3732.5237789154053,281
1,f001_AMT_GOODS_PRICE-d-AMT_ANNUITY,11497.1963763237,563
1,f001_AMT_GOODS_PRICE-s-AMT_CREDIT,7389.07431602478,390
1,f001_AMT_CREDIT-d-AMT_ANNUITY,20280.165387630463,1077
1,f001_AMT_GOODS_PRICE-s-AMT_CREDIT-d-AMT_INCOME_TOTAL,4525.6080803871155,282
1,f001_AMT_INCOME_TOTAL_by_ORGANIZATION_TYPE,191.678936958313,15
1,f001_CNT_CHILDREN-d-CNT_FAM_MEMBERS,151.58427906036377,12
1,f001_CODE_GENDER,5711.58195066452,241
1,f001_AMT_GOODS_PRICE,4062.3172640800476,220
1,f001_DAYS_BIRTH,3683.531985282898,217
1,f001_APARTMENTS_MEDI,1220.7550101280212,100
1,f001_APARTMENTS_AVG,1358.2468919754028,108
1,f001_APARTMENTS_MODE,1709.4498128890991,133
1,f001_DAYS_EMPLOYED-d-DAYS_BIRTH,5854.178747177124,354
1,f001_DAYS_EMPLOYED-s-DAYS_BIRTH-d-DAYS_LAST_PHONE_CHANGE-s-DAYS_BIRTH,3582.208384037018,262
1,f001_DAYS_EMPLOYED-s-DAYS_BIRTH-d-DAYS_ID_PUBLISH-s-DAYS_BIRTH,2823.737886428833,230
1,f001_DAYS_EMPLOYED,8322.772364139557,314
1,f001_DAYS_ID_PUBLISH-s-DAYS_BIRTH,6789.316494941711,438
1,f001_DAYS_ID_PUBLISH,6912.810849189758,467
1,f001_DAYS_LAST_PHONE_CHANGE-s-DAYS_BIRTH,3560.0303562283516,256
1,f001_DAYS_ID_PUBLISH-s-DAYS_EMPLOYED,2889.0461988449097,235
1,f001_DAYS_LAST_PHONE_CHANGE-d-DAYS_BIRTH,3345.9613032341003,266
1,f001_DAYS_LAST_PHONE_CHANGE,4106.024374485016,298
1,f001_DAYS_LAST_PHONE_CHANGE-s-DAYS_REGISTRATION,3722.396973133087,302
1,f001_DAYS_LAST_PHONE_CHANGE-s-DAYS_EMPLOYED,3437.2286529541016,250
1,f001_DAYS_LAST_PHONE_CHANGE-s-DAYS_ID_PUBLISH,3147.1527609825134,272
1,f001_DEF_60_CNT_SOCIAL_CIRCLE,730.7959856987,48
1,f001_DAYS_REGISTRATION-s-DAYS_BIRTH,4113.84317111969,323
1,f001_DEF_30_CNT_SOCIAL_CIRCLE,1154.2493906021118,66
1,f001_DEF_30_CNT_SOCIAL_CIRCLE-d-OBS_30_CNT_SOCIAL_CIRCLE,2805.8929743766785,174
1,f001_DEF_60_CNT_SOCIAL_CIRCLE-d-OBS_60_CNT_SOCIAL_CIRCLE,2110.4357833862305,138
1,f001_EXT_SOURCES_1-2-3,2962.9554114341736,240
1,f001_ELEVATORS_MODE,251.508451461792,23
1,f001_DAYS_REGISTRATION,3771.231812477112,309
1,f001_ELEVATORS_MEDI,288.3568506240845,21
1,f001_EXT_SOURCES_1-2,3871.7596864700317,290
1,f001_ELEVATORS_AVG,681.8769326210022,55
1,f001_EXT_SOURCES_std,5352.269721984863,378
1,f001_EXT_SOURCE_1,6756.245297908783,458
1,f001_EXT_SOURCE_2,19289.69468355179,691
1,f001_EXT_SOURCES_prod,9386.386370182037,287
1,f001_EXT_SOURCES_2-3,9180.87072467804,574
1,f001_EXT_SOURCES_2-1-3,2381.411696434021,185
1,f001_EXT_SOURCES_sum,29881.451856136322,492
1,f001_EXT_SOURCE_3,25148.716304302216,839
1,f001_EXT_SOURCES_mean,143841.52790355682,895
1,f001_FLAG_PHONE,416.972128868103,37
1,f001_FLAG_DOCUMENT_6,53.71597909927368,5
1,f001_FLAG_WORK_PHONE,2054.0174908638,141
1,f001_FLAG_EMP_PHONE,0.0,0
1,f001_FLAG_DOCUMENT_3,700.783130645752,29
1,f001_LIVE_CITY_NOT_WORK_CITY,90.72797107696533,8
1,f001_FLOORSMAX_AVG,615.5740022659302,50
1,f001_HOUR_APPR_PROCESS_START,1520.5909895896912,125
1,f001_FLOORSMAX_MODE,209.76871061325073,18
1,f001_FLOORSMIN_MODE,426.4004616737366,34
1,f001_FLOORSMAX_MEDI,333.1772503852844,28
1,f001_FLOORSMIN_MEDI,427.1610507965088,35
1,f001_LIVINGAREA_AVG,1282.5238628387451,101
1,f001_LIVINGAREA_MEDI,1416.2124304771423,104
1,f001_FLOORSMIN_AVG,761.4886717796326,59
1,f001_OWN_CAR_AGE-s-DAYS_EMPLOYED,4251.939743518829,257
1,f001_LIVINGAREA_MODE,1617.5627217292786,138
1,f001_REGION_RATING_CLIENT,848.7812795639038,57
1,f001_REGION_RATING_CLIENT_W_CITY,1365.90238904953,93
1,f001_REG_CITY_NOT_WORK_CITY,262.0678300857544,20
1,f001_OWN_CAR_AGE,2788.1426968574524,167
1,f001_REGION_POPULATION_RELATIVE,5131.279482841492,417
1,f001_REG_CITY_NOT_LIVE_CITY,501.626193523407,37
1,f001_OWN_CAR_AGE-d-DAYS_EMPLOYED,2906.8262338638306,188
1,f001_OWN_CAR_AGE-d-DAYS_BIRTH,3952.0611782073975,253
1,f001_OWN_CAR_AGE-s-DAYS_BIRTH,2802.6425080299377,204
1,f001_age_finish_payment,4597.766506195068,272
1,f001_alldocs_kurt,2955.0465235710144,135
1,f001_alldocs_skew,489.28269958496094,25
1,f001_alldocs_std,227.9075927734375,21
1,f001_TOTALAREA_MODE,2286.546386241913,169
1,f001_age,3208.067063808441,197
1,f001_building_score_avg_sum,1051.2666172981262,74
1,f002_NAME_CONTRACT_TYPE,34.34530067443848,3
1,f001_building_score_medi_sum,604.5790977478027,48
1,f001_building_score_mode_sum,1031.919011592865,79
1,f002_NAME_HOUSING_TYPE,242.66263008117676,21
1,f002_FONDKAPREMONT_MODE,135.6476697921753,14
1,f001_building_score_medi_mean,2296.2459444999695,164
1,f002_NAME_EDUCATION_TYPE,953.0611510276794,39
1,f001_building_score_avg_mean,1962.22900056839,150
1,f002_ORGANIZATION_TYPE,55839.38445997238,3552
1,f002_NAME_INCOME_TYPE,565.0686388015747,40
1,f002_WALLSMATERIAL_MODE,262.8062024116516,25
1,f001_building_score_mode_mean,2351.0033679008484,178
1,f002_HOUSETYPE_MODE,383.234082698822,32
1,f003_NAME_FAMILY_STATUS_ta,5016.651133060455,339
1,f003_NAME_HOUSING_TYPE_ta,1495.618423461914,126
1,f003_ORGANIZATION_TYPE_ta,3793.7268676757812,246
1,f003_NAME_INCOME_TYPE_ta,1788.4836463928223,125
1,f003_NAME_EDUCATION_TYPE_ta,5962.486310958862,273
1,f001_maxwell_feature,4847.222404956818,225
1,f003_OCCUPATION_TYPE_ta,8514.37600851059,472
1,f101_active_AMT_ANNUITY_d_app_AMT_ANNUITY_max,580.5960140228271,48
1,f101_active_AMT_ANNUITY_d_app_AMT_ANNUITY_min,819.7729716300964,64
1,f101_active_AMT_ANNUITY_d_app_AMT_CREDIT_min,915.007682800293,71
1,f101_active_AMT_ANNUITY_d_app_AMT_ANNUITY_mean,719.3990077972412,55
1,f101_active_AMT_ANNUITY_d_app_AMT_CREDIT_max,642.813901424408,54
1,f101_active_AMT_ANNUITY_d_app_AMT_CREDIT_mean,611.759521484375,48
1,f101_active_AMT_ANNUITY_min,1101.3002009391785,88
1,f101_active_AMT_ANNUITY_max,1113.9571814537048,88
1,f101_active_AMT_ANNUITY_s_app_AMT_ANNUITY_d_app_AMT_INCOME_TOTAL_min,1217.9800267219543,89
1,f101_active_AMT_ANNUITY_mean,792.7497673034668,64
1,f101_active_AMT_ANNUITY_s_app_AMT_ANNUITY_d_app_AMT_INCOME_TOTAL_mean,562.8019733428955,48
1,f101_active_AMT_ANNUITY_s_app_AMT_ANNUITY_min,1001.4451308250427,74
1,f101_active_AMT_ANNUITY_s_app_AMT_ANNUITY_d_app_AMT_INCOME_TOTAL_max,715.0972013473511,59
1,f101_active_AMT_ANNUITY_s_app_AMT_ANNUITY_mean,892.538055896759,69
1,f101_active_AMT_ANNUITY_s_app_AMT_GOODS_PRICE_max,843.1297407150269,68
1,f101_active_AMT_ANNUITY_s_app_AMT_ANNUITY_max,792.2584714889526,67
1,f101_active_AMT_ANNUITY_s_app_AMT_GOODS_PRICE_mean,680.7148404121399,55
1,f101_active_AMT_APPLICATION_d_app_AMT_ANNUITY_mean,276.36539936065674,23
1,f101_active_AMT_ANNUITY_s_app_AMT_GOODS_PRICE_min,614.0269093513489,53
1,f101_active_AMT_APPLICATION_d_app_AMT_CREDIT_min,663.8187389373779,55
1,f101_active_AMT_APPLICATION_d_app_AMT_ANNUITY_min,485.12155866622925,36
1,f101_active_AMT_APPLICATION_d_app_AMT_CREDIT_mean,457.57507944107056,35
1,f101_active_AMT_APPLICATION_d_app_AMT_INCOME_TOTAL_pctchange_std_div_mean,416.4584813117981,36
1,f101_active_AMT_APPLICATION_mean,399.9146490097046,30
1,f101_active_AMT_APPLICATION_d_app_AMT_GOODS_PRICE_pctchange_std_div_mean,113.58600044250488,9
1,f101_active_AMT_APPLICATION_s_app_AMT_ANNUITY_d_app_AMT_INCOME_TOTAL_pctchange_std_div_mean,248.3260293006897,23
1,f101_active_AMT_APPLICATION_s_app_AMT_ANNUITY_max,450.2420997619629,31
1,f101_active_AMT_APPLICATION_s_app_AMT_ANNUITY_mean,278.5333890914917,23
1,f101_active_AMT_APPLICATION_min,308.9587869644165,25
1,f101_active_AMT_APPLICATION_s_app_AMT_INCOME_TOTAL_mean,397.35839080810547,31
1,f101_active_AMT_APPLICATION_s_app_AMT_INCOME_TOTAL_min,530.6798229217529,40
1,f101_active_AMT_APPLICATION_s_app_AMT_ANNUITY_min,425.2704710960388,34
1,f101_active_AMT_APPLICATION_s_app_AMT_INCOME_TOTAL_max,404.03271770477295,33
1,f101_active_AMT_APPLICATION_s_app_AMT_CREDIT_d_app_AMT_INCOME_TOTAL_pctchange_std_div_mean,199.11161994934082,19
1,f101_active_AMT_CREDIT_d_AMT_ANNUITY_diff_std,467.2769103050232,41
1,f101_active_AMT_CREDIT_d_AMT_ANNUITY_diff_std_div_mean,586.1626119613647,52
1,f101_active_AMT_CREDIT_d_AMT_ANNUITY_std_div_mean,566.9021501541138,49
1,f101_active_AMT_CREDIT_d_AMT_ANNUITY_pctchange_std,472.9650716781616,41
1,f101_active_AMT_CREDIT_d_AMT_APPLICATION_diff_std,282.492600440979,24
1,f101_active_AMT_CREDIT_d_AMT_APPLICATION_max,1634.616569519043,85
1,f101_active_AMT_CREDIT_d_AMT_APPLICATION_mean,1002.423237323761,68
1,f101_active_AMT_CREDIT_d_AMT_APPLICATION_min,647.5957903862,51
1,f101_active_AMT_CREDIT_d_AMT_APPLICATION_std_div_mean,326.1640672683716,25
1,f101_active_AMT_CREDIT_d_AMT_APPLICATION_std,331.9149112701416,30
1,f101_active_AMT_CREDIT_d_app_AMT_ANNUITY_min,575.8883180618286,42
1,f101_active_AMT_CREDIT_d_app_AMT_ANNUITY_pctchange_std,381.39594984054565,33
1,f101_active_AMT_CREDIT_d_app_AMT_GOODS_PRICE_pctchange_std,114.7950701713562,10
1,f101_active_AMT_CREDIT_d_app_AMT_INCOME_TOTAL_pctchange_std,39.1983699798584,4
1,f101_active_AMT_CREDIT_d_app_AMT_CREDIT_pctchange_std,17.513439655303955,2
1,f101_active_AMT_CREDIT_d_total_debt_max_div_min,192.04159832000732,16
1,f101_active_AMT_CREDIT_d_total_debt_diff_min,1525.9706897735596,124
1,f101_active_AMT_CREDIT_d_total_debt_max,2239.2925338745117,136
1,f101_active_AMT_CREDIT_d_total_debt_diff_mean,1132.9277119636536,92
1,f101_active_AMT_CREDIT_d_total_debt_diff_max,1244.0575323104858,97
1,f101_active_AMT_CREDIT_d_total_debt_mean,4403.205768108368,196
1,f101_active_AMT_CREDIT_d_total_debt_std_div_mean,311.35273933410645,28
1,f101_active_AMT_CREDIT_d_total_debt_std,477.45472860336304,41
1,f101_active_AMT_CREDIT_d_total_debt_pctchange_mean,946.4142694473267,73
1,f101_active_AMT_CREDIT_d_total_debt_pctchange_min,1395.815143585205,111
1,f101_active_AMT_CREDIT_d_total_debt_min,3902.785439491272,165
1,f101_active_AMT_CREDIT_s_app_AMT_INCOME_TOTAL_max,943.1486840248108,76
1,f101_active_AMT_DOWN_PAYMENT_d_AMT_GOODS_PRICE_diff_std,135.1934199333191,11
1,f101_active_AMT_CREDIT_s_app_AMT_INCOME_TOTAL_mean,653.7982082366943,51
1,f101_active_AMT_CREDIT_s_app_AMT_INCOME_TOTAL_min,608.0233397483826,51
1,f101_active_AMT_DOWN_PAYMENT_d_AMT_GOODS_PRICE_max,83.39567995071411,8
1,f101_active_AMT_DOWN_PAYMENT_d_AMT_GOODS_PRICE_mean,153.1452293395996,13
1,f101_active_AMT_DOWN_PAYMENT_d_AMT_GOODS_PRICE_diff_std_div_mean,73.68236970901489,6
1,f101_active_AMT_DOWN_PAYMENT_d_AMT_GOODS_PRICE_pctchange_std,0.0,0
1,f101_active_AMT_DOWN_PAYMENT_d_AMT_GOODS_PRICE_std,66.15503978729248,6
1,f101_active_AMT_DOWN_PAYMENT_std_div_mean,0.0,0
1,f101_active_AMT_DOWN_PAYMENT_std,29.891170501708984,3
1,f101_active_AMT_DOWN_PAYMENT_d_AMT_GOODS_PRICE_std_div_mean,0.0,0
1,f101_active_AMT_GOODS_PRICE_d_AMT_ANNUITY_diff_std,245.31709718704224,23
1,f101_active_AMT_GOODS_PRICE_d_AMT_ANNUITY_pctchange_std,474.55957078933716,45
1,f101_active_AMT_GOODS_PRICE_d_AMT_ANNUITY_pctchange_std_div_mean,564.9837999343872,51
1,f101_active_AMT_GOODS_PRICE_d_AMT_CREDIT_max,839.6313424110413,65
1,f101_active_AMT_GOODS_PRICE_d_AMT_CREDIT_std_div_mean,357.93997955322266,26
1,f101_active_AMT_GOODS_PRICE_d_AMT_CREDIT_min,1004.8612260818481,75
1,f101_active_AMT_GOODS_PRICE_d_app_AMT_ANNUITY_min,392.93489122390747,30
1,f101_active_AMT_GOODS_PRICE_d_AMT_CREDIT_mean,1192.001732826233,85
1,f101_active_AMT_GOODS_PRICE_d_app_AMT_ANNUITY_pctchange_std,334.4361901283264,29
1,f101_active_AMT_GOODS_PRICE_d_app_AMT_ANNUITY_mean,398.39561891555786,33
1,f101_active_AMT_GOODS_PRICE_d_app_AMT_CREDIT_mean,380.77283811569214,30
1,f101_active_AMT_GOODS_PRICE_d_app_AMT_GOODS_PRICE_pctchange_std_div_mean,91.90477085113525,8
1,f101_active_AMT_GOODS_PRICE_d_app_AMT_CREDIT_pctchange_std,44.369750022888184,5
1,f101_active_AMT_GOODS_PRICE_d_app_AMT_CREDIT_min,530.3668298721313,44
1,f101_active_AMT_GOODS_PRICE_d_app_AMT_GOODS_PRICE_pctchange_std,120.5507001876831,9
1,f101_active_AMT_GOODS_PRICE_d_total_debt_max,4319.548546791077,216
1,f101_active_AMT_GOODS_PRICE_d_app_AMT_INCOME_TOTAL_pctchange_std,29.574231147766113,3
1,f101_active_AMT_GOODS_PRICE_d_app_AMT_INCOME_TOTAL_pctchange_std_div_mean,40.34869956970215,3
1,f101_active_AMT_GOODS_PRICE_d_total_debt_min,3905.598632335663,172
1,f101_active_AMT_GOODS_PRICE_d_total_debt_std_div_mean,589.7875509262085,49
1,f101_active_AMT_GOODS_PRICE_min,297.2347311973572,24
1,f101_active_AMT_GOODS_PRICE_d_total_debt_mean,5088.401292800903,184
1,f101_active_AMT_GOODS_PRICE_s_app_AMT_ANNUITY_d_app_AMT_INCOME_TOTAL_pctchange_std_div_mean,360.36732959747314,28
1,f101_active_AMT_GOODS_PRICE_mean,304.53053092956543,24
1,f101_active_AMT_GOODS_PRICE_s_app_AMT_ANNUITY_mean,337.62728118896484,27
1,f101_active_AMT_GOODS_PRICE_s_app_AMT_ANNUITY_min,347.60665225982666,27
1,f101_active_AMT_GOODS_PRICE_s_app_AMT_ANNUITY_max,420.8105502128601,34
1,f101_active_AMT_GOODS_PRICE_s_app_AMT_INCOME_TOTAL_mean,337.1607608795166,29
1,f101_active_AMT_GOODS_PRICE_s_app_AMT_INCOME_TOTAL_max,416.25683975219727,33
1,f101_active_AMT_GOODS_PRICE_s_app_AMT_CREDIT_d_app_AMT_INCOME_TOTAL_pctchange_std_div_mean,513.038191318512,44
1,f101_active_CHANNEL_TYPE_AP+_(Cash_loan)_sum,504.0851197242737,40
1,f101_active_DAYS_DECISION_d_app_DAYS_BIRTH_std_div_mean,170.09159994125366,16
1,f101_active_CNT_PAYMENT_max,11.441800117492676,1
1,f101_active_AMT_GOODS_PRICE_s_app_AMT_INCOME_TOTAL_min,498.9587984085083,40
1,f101_active_CNT_PAYMENT_mean,90.66072940826416,8
1,f101_active_DAYS_DECISION_d_app_DAYS_BIRTH_max,789.9856276512146,66
1,f101_active_CNT_PAYMENT_min,49.44566059112549,4
1,f101_active_DAYS_DECISION_d_app_DAYS_EMPLOYED_max,874.7995882034302,73
1,f101_active_DAYS_DECISION_d_app_DAYS_ID_PUBLISH_std_div_mean,104.42588901519775,10
1,f101_active_DAYS_DECISION_d_app_DAYS_BIRTH_min,930.7374567985535,79
1,f101_active_DAYS_DECISION_d_app_DAYS_BIRTH_mean,680.5718107223511,58
1,f101_active_DAYS_DECISION_d_app_DAYS_EMPLOYED_mean,467.90044832229614,38
1,f101_active_DAYS_DECISION_d_app_DAYS_LAST_PHONE_CHANGE_std_div_mean,436.54690885543823,34
1,f101_active_DAYS_DECISION_d_app_DAYS_REGISTRATION_std_div_mean,0.0,0
1,f101_active_DAYS_DECISION_d_app_DAYS_EMPLOYED_std_div_mean,171.05947875976562,14
1,f101_active_DAYS_DECISION_d_app_DAYS_EMPLOYED_min,679.4798307418823,51
1,f101_active_DAYS_DECISION_s_app_DAYS_EMPLOYED_min,469.90822076797485,37
1,f101_active_DAYS_DECISION_s_app_DAYS_EMPLOYED_std_div_mean,291.19599056243896,23
1,f101_active_DAYS_DECISION_s_app_DAYS_BIRTH_max,413.52461099624634,33
1,f101_active_DAYS_DECISION_s_app_DAYS_EMPLOYED_mean,373.43690967559814,28
1,f101_active_DAYS_DECISION_s_app_DAYS_ID_PUBLISH_mean,361.6771683692932,29
1,f101_active_DAYS_DECISION_s_app_DAYS_BIRTH_min,240.46985340118408,20
1,f101_active_DAYS_DECISION_s_app_DAYS_EMPLOYED_max,527.1385803222656,41
1,f101_active_DAYS_DECISION_s_app_DAYS_LAST_PHONE_CHANGE_max,727.8692212104797,53
1,f101_active_DAYS_DECISION_s_app_DAYS_REGISTRATION_max,273.7705612182617,23
1,f101_active_DAYS_DECISION_s_app_DAYS_BIRTH_mean,177.35721969604492,13
1,f101_active_DAYS_DECISION_s_app_DAYS_ID_PUBLISH_min,699.7782864570618,57
1,f101_active_DAYS_FIRST_DUE_d_app_DAYS_BIRTH_std_div_mean,364.0139093399048,28
1,f101_active_DAYS_DECISION_s_app_DAYS_LAST_PHONE_CHANGE_mean,477.844970703125,37
1,f101_active_DAYS_DECISION_s_app_DAYS_ID_PUBLISH_max,687.5153913497925,55
1,f101_active_DAYS_DECISION_s_app_DAYS_LAST_PHONE_CHANGE_min,848.706648349762,65
1,f101_active_DAYS_FIRST_DUE_d_app_DAYS_BIRTH_max,708.9558792114258,57
1,f101_active_DAYS_DECISION_s_app_DAYS_REGISTRATION_min,379.1428003311157,30
1,f101_active_DAYS_FIRST_DUE_d_app_DAYS_EMPLOYED_mean,622.125168800354,52
1,f101_active_DAYS_DECISION_s_app_DAYS_REGISTRATION_mean,332.4268970489502,28
1,f101_active_DAYS_FIRST_DUE_d_app_DAYS_EMPLOYED_std_div_mean,199.52349996566772,17
1,f101_active_DAYS_FIRST_DUE_d_app_DAYS_BIRTH_mean,903.4506015777588,73
1,f101_active_DAYS_FIRST_DUE_d_app_DAYS_ID_PUBLISH_std_div_mean,117.2105712890625,10
1,f101_active_DAYS_FIRST_DUE_d_app_DAYS_EMPLOYED_max,809.8415713310242,64
1,f101_active_DAYS_FIRST_DUE_d_app_DAYS_REGISTRATION_std_div_mean,64.06260967254639,6
1,f101_active_DAYS_FIRST_DUE_d_app_DAYS_LAST_PHONE_CHANGE_std_div_mean,437.4501280784607,38
1,f101_active_DAYS_FIRST_DUE_d_app_DAYS_BIRTH_min,952.4244704246521,81
1,f101_active_DAYS_FIRST_DUE_s_app_DAYS_BIRTH_mean,507.51926612854004,37
1,f101_active_DAYS_FIRST_DUE_d_app_DAYS_EMPLOYED_min,735.0337920188904,57
1,f101_active_DAYS_FIRST_DUE_s_app_DAYS_BIRTH_max,527.200222492218,39
1,f101_active_DAYS_FIRST_DUE_s_app_DAYS_EMPLOYED_std_div_mean,469.88023853302,39
1,f101_active_DAYS_FIRST_DUE_s_app_DAYS_EMPLOYED_min,379.19385719299316,31
1,f101_active_DAYS_FIRST_DUE_s_app_DAYS_EMPLOYED_mean,416.5917477607727,34
1,f101_active_DAYS_FIRST_DUE_s_app_DAYS_ID_PUBLISH_max,697.1478672027588,52
1,f101_active_DAYS_FIRST_DUE_s_app_DAYS_BIRTH_min,311.05214834213257,26
1,f101_active_DAYS_FIRST_DUE_s_app_DAYS_REGISTRATION_max,315.18910217285156,26
1,f101_active_DAYS_FIRST_DUE_s_app_DAYS_ID_PUBLISH_min,466.48990964889526,40
1,f101_active_DAYS_FIRST_DUE_s_app_DAYS_LAST_PHONE_CHANGE_max,635.2456784248352,50
1,f101_active_DAYS_FIRST_DUE_s_app_DAYS_EMPLOYED_max,464.5891399383545,40
1,f101_active_DAYS_FIRST_DUE_s_app_DAYS_ID_PUBLISH_mean,333.62195920944214,24
1,f101_active_DAYS_FIRST_DUE_s_app_DAYS_LAST_PHONE_CHANGE_min,777.6714887619019,60
1,f101_active_DAYS_LAST_DUE_1ST_VERSION_d_app_DAYS_BIRTH_std,199.75731086730957,15
1,f101_active_DAYS_FIRST_DUE_s_app_DAYS_LAST_PHONE_CHANGE_mean,511.4368505477905,45
1,f101_active_DAYS_FIRST_DUE_s_app_DAYS_REGISTRATION_mean,369.57285833358765,29
1,f101_active_DAYS_LAST_DUE_1ST_VERSION_d_app_DAYS_EMPLOYED_std_div_mean,338.503071308136,29
1,f101_active_DAYS_LAST_DUE_1ST_VERSION_d_app_DAYS_EMPLOYED_std,279.0705895423889,24
1,f101_active_DAYS_FIRST_DUE_s_app_DAYS_REGISTRATION_min,600.6234588623047,46
1,f101_active_DAYS_LAST_DUE_1ST_VERSION_d_app_DAYS_EMPLOYED_max,966.8509621620178,75
1,f101_active_DAYS_LAST_DUE_1ST_VERSION_d_app_DAYS_BIRTH_min,1660.5280208587646,115
1,f101_active_DAYS_LAST_DUE_1ST_VERSION_d_app_DAYS_BIRTH_mean,2105.664004802704,140
1,f101_active_DAYS_LAST_DUE_1ST_VERSION_d_app_DAYS_EMPLOYED_mean,1187.5427083969116,83
1,f101_active_DAYS_LAST_DUE_1ST_VERSION_d_app_DAYS_BIRTH_max,1403.1983652114868,114
1,f101_active_DAYS_LAST_DUE_1ST_VERSION_d_app_DAYS_EMPLOYED_min,1065.7227296829224,82
1,f101_active_DAYS_LAST_DUE_1ST_VERSION_s_DAYS_DECISIONS_mean,696.7725200653076,54
1,f101_active_DAYS_LAST_DUE_1ST_VERSION_s_DAYS_FIRST_DUE_max,75.88494110107422,6
1,f101_active_DAYS_LAST_DUE_1ST_VERSION_s_DAYS_DECISIONS_min,927.3655610084534,72
1,f101_active_DAYS_LAST_DUE_1ST_VERSION_s_DAYS_FIRST_DUE_mean,261.6429920196533,14
1,f101_active_DAYS_LAST_DUE_1ST_VERSION_s_DAYS_FIRST_DUE_min,72.61660099029541,6
1,f101_active_DAYS_LAST_DUE_1ST_VERSION_s_DAYS_DECISIONS_max,579.1186666488647,39
1,f101_active_DAYS_LAST_DUE_1ST_VERSION_s_app_DAYS_BIRTH_std,354.3556418418884,29
1,f101_active_DAYS_LAST_DUE_1ST_VERSION_s_app_DAYS_EMPLOYED_std_div_mean,292.63769912719727,25
1,f101_active_DAYS_LAST_DUE_1ST_VERSION_s_app_DAYS_EMPLOYED_std,75.88664054870605,5
1,f101_active_DAYS_LAST_DUE_1ST_VERSION_s_app_DAYS_BIRTH_std_div_mean,158.03936958312988,11
1,f101_active_DAYS_LAST_DUE_1ST_VERSION_s_app_DAYS_BIRTH_mean,650.2287101745605,54
1,f101_active_DAYS_LAST_DUE_1ST_VERSION_s_app_DAYS_BIRTH_max_div_min,288.2297296524048,19
1,f101_active_DAYS_LAST_DUE_1ST_VERSION_s_app_DAYS_EMPLOYED_max,811.8664345741272,65
1,f101_active_DAYS_LAST_DUE_1ST_VERSION_s_app_DAYS_LAST_PHONE_CHANGE_std,57.71020030975342,3
1,f101_active_DAYS_LAST_DUE_1ST_VERSION_s_app_DAYS_ID_PUBLISH_std,16.524499893188477,1
1,f101_active_DAYS_LAST_DUE_1ST_VERSION_s_app_DAYS_BIRTH_max,600.7146415710449,49
1,f101_active_DAYS_LAST_DUE_1ST_VERSION_s_app_DAYS_ID_PUBLISH_max,773.3758773803711,65
1,f101_active_DAYS_LAST_DUE_1ST_VERSION_s_app_DAYS_EMPLOYED_min,653.7974901199341,52
1,f101_active_DAYS_LAST_DUE_1ST_VERSION_s_app_DAYS_ID_PUBLISH_std_div_mean,356.65277099609375,27
1,f101_active_DAYS_LAST_DUE_1ST_VERSION_s_app_DAYS_BIRTH_min,744.4630575180054,61
1,f101_active_DAYS_LAST_DUE_1ST_VERSION_s_app_DAYS_ID_PUBLISH_min,1247.1895818710327,100
1,f101_active_DAYS_LAST_DUE_1ST_VERSION_s_app_DAYS_EMPLOYED_max_div_min,242.07505130767822,19
1,f101_active_DAYS_LAST_DUE_1ST_VERSION_s_app_DAYS_EMPLOYED_mean,591.9349465370178,52
1,f101_active_DAYS_LAST_DUE_1ST_VERSION_s_app_DAYS_LAST_PHONE_CHANGE_min,1376.1728467941284,111
1,f101_active_DAYS_LAST_DUE_1ST_VERSION_s_app_DAYS_LAST_PHONE_CHANGE_std_div_mean,453.25126028060913,42
1,f101_active_DAYS_LAST_DUE_1ST_VERSION_s_app_DAYS_REGISTRATION_std,0.0,0
1,f101_active_DAYS_LAST_DUE_d_app_DAYS_BIRTH_max,513.3141703605652,40
1,f101_active_DAYS_LAST_DUE_1ST_VERSION_s_app_DAYS_LAST_PHONE_CHANGE_mean,948.7095184326172,72
1,f101_active_DAYS_LAST_DUE_1ST_VERSION_s_app_DAYS_LAST_PHONE_CHANGE_max,1081.8598363399506,90
1,f101_active_DAYS_LAST_DUE_1ST_VERSION_s_app_DAYS_REGISTRATION_min,628.0788764953613,55
1,f101_active_DAYS_LAST_DUE_d_app_DAYS_BIRTH_mean,874.5330176353455,61
1,f101_active_DAYS_LAST_DUE_1ST_VERSION_s_app_DAYS_REGISTRATION_max,915.4433069229126,74
1,f101_active_DAYS_LAST_DUE_d_app_DAYS_EMPLOYED_std,126.95026016235352,12
1,f101_active_DAYS_LAST_DUE_d_app_DAYS_EMPLOYED_mean,247.18498134613037,20
1,f101_active_DAYS_LAST_DUE_1ST_VERSION_s_app_DAYS_ID_PUBLISH_mean,828.6464023590088,68
1,f101_active_DAYS_LAST_DUE_1ST_VERSION_s_app_DAYS_REGISTRATION_mean,713.0340747833252,59
1,f101_active_DAYS_LAST_DUE_d_app_DAYS_BIRTH_min,1443.6318097114563,103
1,f101_active_DAYS_LAST_DUE_d_app_DAYS_EMPLOYED_max,244.65038967132568,18
1,f101_active_DAYS_LAST_DUE_1ST_VERSION_s_app_DAYS_REGISTRATION_std_div_mean,597.2935905456543,46
1,f101_active_DAYS_LAST_DUE_d_app_DAYS_EMPLOYED_min,608.0610871315002,43
1,f101_active_DAYS_LAST_DUE_s_DAYS_FIRST_DUE_max_div_min,333.7763967514038,29
1,f101_active_DAYS_LAST_DUE_s_DAYS_LAST_DUE_1ST_VERSION_max,859.7196893692017,60
1,f101_active_DAYS_LAST_DUE_s_DAYS_LAST_DUE_1ST_VERSION_std_div_mean,283.01638889312744,30
1,f101_active_DAYS_LAST_DUE_s_app_DAYS_BIRTH_min,261.6919803619385,22
1,f101_active_DAYS_LAST_DUE_s_DAYS_LAST_DUE_1ST_VERSION_mean,465.10312843322754,40
1,f101_active_DAYS_LAST_DUE_s_DAYS_LAST_DUE_1ST_VERSION_min,402.810329914093,35
1,f101_active_DAYS_LAST_DUE_s_app_DAYS_BIRTH_mean,188.42716026306152,17
1,f101_active_DAYS_LAST_DUE_s_app_DAYS_ID_PUBLISH_max,293.91212034225464,26
1,f101_active_DAYS_LAST_DUE_s_app_DAYS_EMPLOYED_max,214.28496170043945,18
1,f101_active_DAYS_LAST_DUE_s_app_DAYS_BIRTH_max,305.18479776382446,25
1,f101_active_DAYS_LAST_DUE_s_app_DAYS_LAST_PHONE_CHANGE_std_div_mean,179.2115387916565,14
1,f101_active_DAYS_LAST_DUE_s_app_DAYS_EMPLOYED_min,262.3027901649475,22
1,f101_active_DAYS_LAST_DUE_s_app_DAYS_ID_PUBLISH_mean,317.82529878616333,24
1,f101_active_DAYS_LAST_DUE_s_app_DAYS_EMPLOYED_mean,165.39449977874756,13
1,f101_active_DAYS_LAST_DUE_s_app_DAYS_LAST_PHONE_CHANGE_max,383.21423053741455,34
1,f101_active_DAYS_LAST_DUE_s_app_DAYS_LAST_PHONE_CHANGE_mean,372.02665996551514,31
1,f101_active_DAYS_LAST_DUE_s_app_DAYS_LAST_PHONE_CHANGE_min,477.7535982131958,38
1,f101_active_DAYS_LAST_DUE_s_app_DAYS_REGISTRATION_max,443.9617700576782,37
1,f101_active_DAYS_LAST_DUE_s_app_DAYS_ID_PUBLISH_min,342.59928274154663,31
1,f101_active_DAYS_LAST_DUE_s_app_DAYS_REGISTRATION_max_div_min,273.6364965438843,23
1,f101_active_DAYS_LAST_DUE_s_app_DAYS_REGISTRATION_min,352.7963705062866,28
1,f101_active_DAYS_LAST_DUE_s_app_DAYS_REGISTRATION_mean,209.75457000732422,19
1,f101_active_DAYS_TERMINATION_d_app_DAYS_BIRTH_mean,383.3736786842346,32
1,f101_active_DAYS_TERMINATION_d_app_DAYS_EMPLOYED_std,125.9519910812378,9
1,f101_active_DAYS_TERMINATION_d_app_DAYS_BIRTH_min,1038.0815529823303,79
1,f101_active_DAYS_TERMINATION_d_app_DAYS_BIRTH_max,533.8146896362305,44
1,f101_active_DAYS_TERMINATION_d_app_DAYS_EMPLOYED_min,375.1123695373535,29
1,f101_active_DAYS_TERMINATION_d_app_DAYS_EMPLOYED_mean,364.9104404449463,27
1,f101_active_DAYS_TERMINATION_s_DAYS_LAST_DUE_1ST_VERSION_mean,1048.484341621399,82
1,f101_active_DAYS_TERMINATION_s_DAYS_LAST_DUE_1ST_VERSION_max,1158.9557089805603,93
1,f101_active_DAYS_TERMINATION_d_app_DAYS_EMPLOYED_max,440.6080017089844,28
1,f101_active_DAYS_TERMINATION_s_DAYS_LAST_DUE_1ST_VERSION_std_div_mean,317.31402015686035,29
1,f101_active_DAYS_TERMINATION_s_app_DAYS_EMPLOYED_mean,194.7796483039856,18
1,f101_active_DAYS_TERMINATION_s_DAYS_LAST_DUE_1ST_VERSION_min,947.3434929847717,75
1,f101_active_DAYS_TERMINATION_s_app_DAYS_BIRTH_max,444.539710521698,34
1,f101_active_DAYS_TERMINATION_s_app_DAYS_EMPLOYED_max,305.7352514266968,24
1,f101_active_DAYS_TERMINATION_s_app_DAYS_EMPLOYED_min,422.43795013427734,35
1,f101_active_DAYS_TERMINATION_s_app_DAYS_LAST_PHONE_CHANGE_max,596.0258965492249,49
1,f101_active_DAYS_TERMINATION_s_app_DAYS_BIRTH_mean,262.4154586791992,19
1,f101_active_DAYS_TERMINATION_s_app_DAYS_ID_PUBLISH_max,251.9338297843933,23
1,f101_active_DAYS_TERMINATION_s_app_DAYS_BIRTH_min,285.27789974212646,24
1,f101_active_DAYS_TERMINATION_s_app_DAYS_LAST_PHONE_CHANGE_mean,303.0736083984375,25
1,f101_active_DAYS_TERMINATION_s_app_DAYS_ID_PUBLISH_mean,230.04278945922852,21
1,f101_active_DAYS_TERMINATION_s_app_DAYS_REGISTRATION_min,362.77330780029297,31
1,f101_active_DAYS_TERMINATION_s_app_DAYS_ID_PUBLISH_min,420.73297023773193,35
1,f101_active_DAYS_TERMINATION_s_app_DAYS_REGISTRATION_max,257.1186695098877,24
1,f101_active_DAYS_TERMINATION_s_app_DAYS_LAST_PHONE_CHANGE_std_div_mean,260.8265619277954,23
1,f101_active_DAYS_TERMINATION_s_app_DAYS_REGISTRATION_mean,155.19232082366943,13
1,f101_active_DAYS_TERMINATION_s_app_DAYS_LAST_PHONE_CHANGE_min,582.2406210899353,44
1,f101_active_HOUR_APPR_PROCESS_START_min,394.44044971466064,33
1,f101_active_HOUR_APPR_PROCESS_START_max,441.0452094078064,39
1,f101_active_HOUR_APPR_PROCESS_START_mean,892.3343515396118,80
1,f101_active_NAME_CASH_LOAN_PURPOSE_Other_sum,9.337980270385742,1
1,f101_active_NAME_CASH_LOAN_PURPOSE_Repairs_mean,117.96769046783447,10
1,f101_active_NAME_CASH_LOAN_PURPOSE_Urgent_needs_mean,27.691659927368164,3
1,f101_active_NAME_CLIENT_TYPE_Refreshed_sum,29.84928035736084,3
1,f101_active_NAME_CLIENT_TYPE_Refreshed_mean,90.0403904914856,9
1,f101_active_NAME_CASH_LOAN_PURPOSE_Urgent_needs_sum,0.0,0
1,f101_active_NAME_CLIENT_TYPE_New_sum,208.158127784729,14
1,f101_active_NAME_CASH_LOAN_PURPOSE_Repairs_sum,12.559499740600586,1
1,f101_active_NAME_PRODUCT_TYPE_walk_in_sum,24.705599784851074,2
1,f101_active_NAME_CLIENT_TYPE_New_mean,817.1849298477173,53
1,f101_active_NAME_PRODUCT_TYPE_walk_in_mean,144.10251903533936,13
1,f101_active_NAME_YIELD_GROUP_low_action_mean,32.194419860839844,3
1,f101_active_NAME_YIELD_GROUP_low_normal_sum,9.937179565429688,1
1,f101_active_NAME_YIELD_GROUP_high_sum,0.0,0
1,f101_active_RATE_DOWN_PAYMENT_std_div_mean,9.845270156860352,1
1,f101_active_NAME_YIELD_GROUP_high_mean,177.62354183197021,11
1,f101_active_NAME_YIELD_GROUP_low_action_sum,23.103449821472168,2
1,f101_active_NAME_YIELD_GROUP_low_normal_mean,132.43866157531738,11
1,f101_active_RATE_DOWN_PAYMENT_std,53.95972156524658,5
1,f101_active_RATE_INTEREST_PRIMARY_max,8.124030113220215,1
1,f101_active_RATE_INTEREST_PRIMARY_std_div_mean,0.0,0
1,f101_active_RATE_INTEREST_PRIMARY_mean,0.0,0
1,f101_active_RATE_INTEREST_PRIVILEGED_mean,22.468289852142334,3
1,f101_active_RATE_DOWN_PAYMENT_max,134.21145153045654,12
1,f101_active_RATE_INTEREST_PRIVILEGED_max,9.75702953338623,1
1,f101_active_RATE_INTEREST_PRIMARY_min,0.0,0
1,f101_active_RATE_INTEREST_PRIVILEGED_std_div_mean,0.0,0
1,f101_active_RATE_DOWN_PAYMENT_mean,79.48115968704224,7
1,f101_active_RATE_INTEREST_PRIVILEGED_min,0.0,0
1,f101_active_RATE_INTEREST_PRIVILEGED_std,0.0,0
1,f101_active_amt_unpaid_std,1483.1904473304749,107
1,f101_active_cnt_paid_std_div_mean,409.1904516220093,36
1,f101_active_cnt_unpaid_std,224.03193950653076,17
1,f101_active_cnt_paid_ratio_mean,1191.048502445221,92
1,f101_active_cnt_paid_ratio_max,921.0999121665955,76
1,f101_active_cnt_unpaid_min,583.0518574714661,45
1,f101_active_cnt_unpaid_mean,1148.0915293693542,73
1,f101_active_cnt_paid_sum,804.4464178085327,60
1,f101_active_cnt_paid_ratio_min,1165.9258975982666,88
1,f101_active_cnt_unpaid_sum,1269.1515736579895,91
1,f101_active_cnt_unpaid_max,978.3601551055908,58
1,f101_active_interest_rate_mean,1867.214328289032,136
1,f101_active_interest_rate_max,2835.534547805786,173
1,f101_active_interest_rate_min,1751.6381750106812,129
1,f101_approved_AMT_ANNUITY_d_app_AMT_ANNUITY_diff_max,1688.1269779205322,118
1,f101_approved_AMT_ANNUITY_d_app_AMT_ANNUITY_mean,3664.008981704712,210
1,f101_approved_AMT_ANNUITY_d_app_AMT_ANNUITY_max,3642.9884696006775,194
1,f101_approved_AMT_ANNUITY_d_app_AMT_ANNUITY_diff_std,2426.5290961265564,170
1,f101_approved_AMT_ANNUITY_d_app_AMT_CREDIT_diff_max,1107.1739683151245,85
1,f101_approved_AMT_ANNUITY_d_app_AMT_CREDIT_diff_std,2162.7682576179504,158
1,f101_approved_AMT_ANNUITY_d_app_AMT_CREDIT_min,3030.8390312194824,245
1,f101_approved_AMT_ANNUITY_d_app_AMT_ANNUITY_min,3730.5147552490234,284
1,f101_approved_AMT_ANNUITY_d_app_AMT_CREDIT_max,2195.948898792267,134
1,f101_approved_AMT_ANNUITY_d_app_AMT_CREDIT_mean,2746.5318818092346,174
1,f101_approved_AMT_ANNUITY_d_app_AMT_ANNUITY_std,2323.4000182151794,189
1,f101_approved_AMT_ANNUITY_d_app_AMT_GOODS_PRICE_diff_max,1057.7953662872314,80
1,f101_approved_AMT_ANNUITY_d_app_AMT_CREDIT_std,2212.552834510803,180
1,f101_approved_AMT_ANNUITY_d_app_AMT_GOODS_PRICE_mean,2098.7862601280212,154
1,f101_approved_AMT_ANNUITY_d_app_AMT_GOODS_PRICE_diff_std,2119.5403203964233,159
1,f101_approved_AMT_ANNUITY_d_app_AMT_GOODS_PRICE_max,1951.311794757843,133
1,f101_approved_AMT_ANNUITY_m_app_AMT_GOODS_PRICE_d_app_AMT_INCOME_TOTAL_pctchange_min,717.5903277397156,54
1,f101_approved_AMT_ANNUITY_d_app_AMT_INCOME_TOTAL_mean,3536.0225353240967,269
1,f101_approved_AMT_ANNUITY_m_app_AMT_GOODS_PRICE_d_app_AMT_INCOME_TOTAL_diff_max,1270.9497413635254,100
1,f101_approved_AMT_ANNUITY_d_app_AMT_INCOME_TOTAL_max,2928.4821605682373,224
1,f101_approved_AMT_ANNUITY_d_app_AMT_INCOME_TOTAL_diff_max,1093.0906825065613,79
1,f101_approved_AMT_ANNUITY_m_app_AMT_GOODS_PRICE_d_app_AMT_INCOME_TOTAL_max_div_min,666.0401911735535,49
1,f101_approved_AMT_ANNUITY_s_app_AMT_ANNUITY_d_app_AMT_INCOME_TOTAL_diff_max,897.2345633506775,69
1,f101_approved_AMT_ANNUITY_max,2425.562235355377,195
1,f101_approved_AMT_ANNUITY_s_app_AMT_ANNUITY_d_app_AMT_INCOME_TOTAL_max,3717.286907196045,220
1,f101_approved_AMT_ANNUITY_mean,3239.45344042778,261
1,f101_approved_AMT_ANNUITY_min,3959.104335308075,312
1,f101_approved_AMT_ANNUITY_s_app_AMT_ANNUITY_d_app_AMT_INCOME_TOTAL_min,4019.1233773231506,300
1,f101_approved_AMT_ANNUITY_s_app_AMT_ANNUITY_mean,4149.204588890076,274
1,f101_approved_AMT_ANNUITY_s_app_AMT_ANNUITY_std,762.7793207168579,63
1,f101_approved_AMT_ANNUITY_s_app_AMT_ANNUITY_diff_max,675.3597536087036,53
1,f101_approved_AMT_ANNUITY_s_app_AMT_ANNUITY_diff_std,1118.4908685684204,80
1,f101_approved_AMT_ANNUITY_s_app_AMT_ANNUITY_max,3527.252004623413,214
1,f101_approved_AMT_ANNUITY_s_app_AMT_ANNUITY_d_app_AMT_INCOME_TOTAL_mean,3203.915406227112,210
1,f101_approved_AMT_ANNUITY_s_app_AMT_CREDIT_max_div_min,846.4240026473999,64
1,f101_approved_AMT_ANNUITY_s_app_AMT_CREDIT_d_app_AMT_INCOME_TOTAL_max_div_min,713.4962725639343,53
1,f101_approved_AMT_ANNUITY_s_app_AMT_CREDIT_diff_max,999.0503244400024,66
1,f101_approved_AMT_ANNUITY_s_app_AMT_CREDIT_diff_std,1155.0417857170105,95
1,f101_approved_AMT_ANNUITY_s_app_AMT_CREDIT_max,2076.938223361969,132
1,f101_approved_AMT_ANNUITY_s_app_AMT_CREDIT_d_app_AMT_INCOME_TOTAL_diff_max,742.6912803649902,62
1,f101_approved_AMT_ANNUITY_s_app_AMT_GOODS_PRICE_max_div_min,751.6408658027649,57
1,f101_approved_AMT_ANNUITY_s_app_AMT_CREDIT_std,700.1207661628723,60
1,f101_approved_AMT_ANNUITY_s_app_AMT_CREDIT_min,1869.8951749801636,124
1,f101_approved_AMT_ANNUITY_s_app_AMT_CREDIT_mean,1803.5929379463196,110
1,f101_approved_AMT_ANNUITY_s_app_AMT_GOODS_PRICE_diff_max,797.6434288024902,65
1,f101_approved_AMT_ANNUITY_s_app_AMT_GOODS_PRICE_min,3188.776734828949,203
1,f101_approved_AMT_ANNUITY_s_app_AMT_INCOME_TOTAL_diff_max,817.7984972000122,65
1,f101_approved_AMT_ANNUITY_s_app_AMT_GOODS_PRICE_diff_std,1115.745186805725,88
1,f101_approved_AMT_ANNUITY_s_app_AMT_GOODS_PRICE_mean,1836.1522326469421,129
1,f101_approved_AMT_ANNUITY_s_app_AMT_GOODS_PRICE_max,1937.7230730056763,134
1,f101_approved_AMT_ANNUITY_s_app_AMT_GOODS_PRICE_std,1243.8443956375122,108
1,f101_approved_AMT_ANNUITY_s_app_AMT_GOODS_PRICE_pctchange_min,785.4602918624878,58
1,f101_approved_AMT_ANNUITY_s_app_AMT_INCOME_TOTAL_std,877.4337611198425,71
1,f101_approved_AMT_ANNUITY_std,1019.1294136047363,77
1,f101_approved_AMT_ANNUITY_s_app_AMT_INCOME_TOTAL_max_div_min,1837.26758146286,140
1,f101_approved_AMT_ANNUITY_s_app_AMT_INCOME_TOTAL_diff_std,760.7246956825256,59
1,f101_approved_AMT_APPLICATION_d_app_AMT_ANNUITY_diff_max,3124.0096039772034,237
1,f101_approved_AMT_APPLICATION_d_app_AMT_ANNUITY_mean,2255.970777988434,167
1,f101_approved_AMT_APPLICATION_d_app_AMT_ANNUITY_max,2980.076428413391,174
1,f101_approved_AMT_APPLICATION_d_app_AMT_CREDIT_diff_max,3389.683741569519,249
1,f101_approved_AMT_APPLICATION_d_app_AMT_CREDIT_mean,2286.2750601768494,171
1,f101_approved_AMT_APPLICATION_d_app_AMT_CREDIT_max,2210.711989879608,159
1,f101_approved_AMT_APPLICATION_d_app_AMT_INCOME_TOTAL_max,2420.079264163971,177
1,f101_approved_AMT_APPLICATION_d_app_AMT_GOODS_PRICE_max,1919.3325819969177,151
1,f101_approved_AMT_APPLICATION_s_app_AMT_ANNUITY_d_app_AMT_INCOME_TOTAL_max,2367.4837684631348,180
1,f101_approved_AMT_APPLICATION_max,2560.7050490379333,173
1,f101_approved_AMT_APPLICATION_mean,2955.6258878707886,234
1,f101_approved_AMT_APPLICATION_s_app_AMT_ANNUITY_max,2684.6817531585693,166
2,f101_approved_AMT_APPLICATION_s_app_AMT_GOODS_PRICE_diff_max,689.476833820343,52
2,f101_approved_AMT_APPLICATION_s_app_AMT_INCOME_TOTAL_diff_max,404.45248889923096,33
2,f101_approved_AMT_APPLICATION_s_app_AMT_INCOME_TOTAL_max,1469.1194624900818,121
2,f101_approved_AMT_APPLICATION_s_app_AMT_CREDIT_diff_max,368.347270488739,30
2,f101_approved_AMT_APPLICATION_s_app_AMT_ANNUITY_diff_max,618.2553386688232,49
2,f101_approved_AMT_APPLICATION_s_app_AMT_GOODS_PRICE_min,3335.3991265296936,173
2,f101_approved_AMT_CREDIT_d_AMT_APPLICATION_max,2723.0602855682373,205
2,f101_approved_AMT_APPLICATION_s_app_AMT_CREDIT_min,2691.5906739234924,137
2,f101_approved_AMT_APPLICATION_s_app_AMT_ANNUITY_mean,1371.9674010276794,95
2,f101_approved_AMT_CREDIT_d_AMT_ANNUITY_min,2793.4986782073975,218
2,f101_approved_AMT_CREDIT_d_AMT_ANNUITY_max_div_min,2426.0361185073853,194
2,f101_approved_AMT_APPLICATION_s_app_AMT_GOODS_PRICE_mean,2125.421743631363,127
2,f101_approved_AMT_CREDIT_d_AMT_APPLICATION_min,1432.1962938308716,115
2,f101_approved_AMT_CREDIT_d_AMT_APPLICATION_mean,4107.3326597213745,223
2,f101_approved_AMT_CREDIT_d_total_debt_mean,4847.788413524628,289
2,f101_approved_AMT_CREDIT_d_total_debt_max,3445.5660424232483,278
2,f101_approved_AMT_CREDIT_d_app_AMT_CREDIT_max,1813.3811802864075,133
2,f101_approved_AMT_CREDIT_d_total_debt_diff_std,1932.8392415046692,162
2,f101_approved_AMT_CREDIT_d_app_AMT_ANNUITY_max,3100.416229724884,181
2,f101_approved_AMT_CREDIT_d_total_debt_min,6161.221145153046,296
2,f101_approved_AMT_CREDIT_d_app_AMT_ANNUITY_mean,3966.6755924224854,246
2,f101_approved_AMT_CREDIT_d_total_debt_std,3598.1427545547485,257
2,f101_approved_AMT_CREDIT_d_total_debt_std_div_mean,3803.7174224853516,224
2,f101_approved_AMT_CREDIT_d_total_debt_pctchange_std,2161.1301016807556,175
2,f101_approved_AMT_CREDIT_mean,1346.1514687538147,103
2,f101_approved_AMT_CREDIT_max,1436.341661453247,106
2,f101_approved_AMT_CREDIT_s_app_AMT_CREDIT_min,2750.658999443054,180
2,f101_approved_AMT_CREDIT_s_app_AMT_ANNUITY_max,1103.1555633544922,81
2,f101_approved_AMT_CREDIT_s_app_AMT_GOODS_PRICE_min,2958.107298851013,183
2,f101_approved_AMT_CREDIT_s_app_AMT_ANNUITY_mean,1340.7610082626343,103
2,f101_approved_AMT_CREDIT_s_app_AMT_INCOME_TOTAL_max,1861.6470012664795,149
2,f101_approved_AMT_DOWN_PAYMENT_d_AMT_GOODS_PRICE_max,1356.6456480026245,104
2,f101_approved_AMT_CREDIT_s_app_AMT_GOODS_PRICE_mean,2747.5681495666504,184
2,f101_approved_AMT_DOWN_PAYMENT_d_AMT_GOODS_PRICE_mean,1532.4333901405334,125
2,f101_approved_AMT_DOWN_PAYMENT_d_AMT_GOODS_PRICE_diff_std,1963.9505915641785,157
2,f101_approved_AMT_DOWN_PAYMENT_d_AMT_GOODS_PRICE_diff_min,2880.762421131134,236
2,f101_approved_AMT_DOWN_PAYMENT_max,2524.478721141815,162
2,f101_approved_AMT_DOWN_PAYMENT_d_AMT_GOODS_PRICE_std,1810.9957928657532,146
2,f101_approved_AMT_DOWN_PAYMENT_mean,1838.6442351341248,138
2,f101_approved_AMT_GOODS_PRICE_d_AMT_CREDIT_max,932.4790558815002,79
2,f101_approved_AMT_DOWN_PAYMENT_std,2190.0769391059875,168
2,f101_approved_AMT_GOODS_PRICE_d_AMT_CREDIT_mean,2276.244306564331,169
2,f101_approved_AMT_GOODS_PRICE_d_AMT_CREDIT_min,2240.64909696579,163
2,f101_approved_AMT_GOODS_PRICE_d_app_AMT_ANNUITY_max,2749.2984614372253,141
2,f101_approved_AMT_GOODS_PRICE_d_app_AMT_ANNUITY_diff_max,1907.990740776062,147
2,f101_approved_AMT_GOODS_PRICE_d_app_AMT_ANNUITY_mean,3599.3357243537903,200
2,f101_approved_AMT_GOODS_PRICE_d_app_AMT_CREDIT_mean,2416.1255674362183,163
2,f101_approved_AMT_GOODS_PRICE_d_app_AMT_CREDIT_diff_max,1726.8923072814941,133
2,f101_approved_AMT_GOODS_PRICE_d_app_AMT_GOODS_PRICE_max,1446.4965372085571,120
2,f101_approved_AMT_GOODS_PRICE_d_app_AMT_GOODS_PRICE_diff_max,1935.3981919288635,154
2,f101_approved_AMT_GOODS_PRICE_d_app_AMT_CREDIT_max,1704.7515420913696,125
2,f101_approved_AMT_GOODS_PRICE_d_app_AMT_INCOME_TOTAL_max,1751.4392232894897,149
2,f101_approved_AMT_GOODS_PRICE_d_total_debt_pctchange_std,2182.298185825348,172
2,f101_approved_AMT_GOODS_PRICE_d_total_debt_max,8373.867616653442,274
2,f101_approved_AMT_GOODS_PRICE_max,1182.0409808158875,92
2,f101_approved_AMT_GOODS_PRICE_d_total_debt_mean,19537.760747909546,385
2,f101_approved_AMT_GOODS_PRICE_d_total_debt_min,6985.635475158691,345
2,f101_approved_AMT_GOODS_PRICE_d_total_debt_std_div_mean,3550.982045650482,268
2,f101_approved_AMT_GOODS_PRICE_s_app_AMT_ANNUITY_diff_max,391.2798504829407,31
2,f101_approved_AMT_GOODS_PRICE_mean,1414.1842169761658,103
2,f101_approved_AMT_GOODS_PRICE_s_app_AMT_ANNUITY_max,1311.730136871338,97
2,f101_approved_AMT_GOODS_PRICE_s_app_AMT_ANNUITY_d_app_AMT_INCOME_TOTAL_max,1757.2229533195496,131
2,f101_approved_AMT_GOODS_PRICE_s_app_AMT_ANNUITY_mean,1159.1835355758667,82
2,f101_approved_AMT_GOODS_PRICE_s_app_AMT_CREDIT_min,1968.0562810897827,115
2,f101_approved_AMT_GOODS_PRICE_s_app_AMT_CREDIT_diff_max,415.1119375228882,32
2,f101_approved_AMT_GOODS_PRICE_s_app_AMT_GOODS_PRICE_diff_max,644.6375994682312,54
2,f101_approved_AMT_GOODS_PRICE_s_app_AMT_GOODS_PRICE_min,3219.2967553138733,173
2,f101_approved_AMT_GOODS_PRICE_s_app_AMT_INCOME_TOTAL_diff_max,486.49232006073,41
2,f101_approved_AMT_GOODS_PRICE_s_app_AMT_INCOME_TOTAL_max,1303.8084335327148,104
2,f101_approved_AMT_GOODS_PRICE_s_app_AMT_GOODS_PRICE_mean,2873.6679062843323,160
2,f101_approved_CHANNEL_TYPE_AP+_(Cash_loan)_mean,2157.4930753707886,133
2,f101_approved_CHANNEL_TYPE_Country_wide_sum,568.3867425918579,48
2,f101_approved_CNT_PAYMENT_mean,951.2050728797913,76
2,f101_approved_CHANNEL_TYPE_Stone_sum,1061.6141390800476,87
2,f101_approved_CNT_PAYMENT_std,1335.6858911514282,109
2,f101_approved_CODE_REJECT_REASON_XAP_sum,42.06229019165039,4
2,f101_approved_CNT_PAYMENT_min,84.6117000579834,7
2,f101_approved_DAYS_DECISION_d_app_DAYS_EMPLOYED_mean,1993.6484746932983,136
2,f101_approved_DAYS_DECISION_d_app_DAYS_EMPLOYED_min,2374.6236052513123,150
2,f101_approved_DAYS_DECISION_d_app_DAYS_EMPLOYED_std_div_mean,2472.802354812622,191
2,f101_approved_DAYS_DECISION_s_app_DAYS_BIRTH_max,7485.161839008331,145
2,f101_approved_DAYS_DECISION_d_app_DAYS_BIRTH_min,4429.490757465363,323
2,f101_approved_DAYS_DECISION_s_app_DAYS_EMPLOYED_min,815.2940516471863,60
2,f101_approved_DAYS_DECISION_s_app_DAYS_BIRTH_mean,1794.914001941681,97
2,f101_approved_DAYS_DECISION_s_app_DAYS_BIRTH_max_div_min,1187.7226929664612,95
2,f101_approved_DAYS_DECISION_s_app_DAYS_BIRTH_std,564.8723993301392,44
2,f101_approved_DAYS_DECISION_s_app_DAYS_EMPLOYED_max,3255.8576130867004,146
2,f101_approved_DAYS_DECISION_s_app_DAYS_EMPLOYED_mean,1470.9015941619873,92
2,f101_approved_DAYS_DECISION_s_app_DAYS_ID_PUBLISH_max,2696.8864569664,191
2,f101_approved_DAYS_DECISION_s_app_DAYS_BIRTH_min,816.4815955162048,62
2,f101_approved_DAYS_DECISION_s_app_DAYS_LAST_PHONE_CHANGE_mean,1930.86035490036,140
2,f101_approved_DAYS_DECISION_s_app_DAYS_EMPLOYED_std,552.3392910957336,46
2,f101_approved_DAYS_FIRST_DRAWING_d_app_DAYS_BIRTH_max,5079.309438228607,177
2,f101_approved_DAYS_DECISION_s_app_DAYS_ID_PUBLISH_std,711.6329045295715,55
2,f101_approved_DAYS_FIRST_DRAWING_d_app_DAYS_BIRTH_std_div_mean,0.0,0
2,f101_approved_DAYS_FIRST_DRAWING_d_app_DAYS_EMPLOYED_std,0.0,0
2,f101_approved_DAYS_DECISION_s_app_DAYS_ID_PUBLISH_mean,1859.3738312721252,128
2,f101_approved_DAYS_DECISION_s_app_DAYS_LAST_PHONE_CHANGE_max,4156.458664417267,168
2,f101_approved_DAYS_DECISION_s_app_DAYS_ID_PUBLISH_min,1291.2895522117615,97
2,f101_approved_DAYS_DECISION_s_app_DAYS_REGISTRATION_max,1407.1568794250488,108
2,f101_approved_DAYS_FIRST_DRAWING_d_app_DAYS_EMPLOYED_std_div_mean,0.0,0
2,f101_approved_DAYS_FIRST_DRAWING_d_app_DAYS_BIRTH_std,0.0,0
2,f101_approved_DAYS_DECISION_s_app_DAYS_LAST_PHONE_CHANGE_std,579.1404972076416,44
2,f101_approved_DAYS_DECISION_s_app_DAYS_REGISTRATION_std,559.1050610542297,44
2,f101_approved_DAYS_DECISION_s_app_DAYS_REGISTRATION_mean,932.5060615539551,74
2,f101_approved_DAYS_DECISION_s_app_DAYS_REGISTRATION_min,1218.1631197929382,99
2,f101_approved_DAYS_FIRST_DRAWING_d_app_DAYS_ID_PUBLISH_std_div_mean,0.0,0
2,f101_approved_DAYS_FIRST_DRAWING_d_app_DAYS_ID_PUBLISH_std,0.0,0
2,f101_approved_DAYS_FIRST_DRAWING_d_app_DAYS_BIRTH_mean,4532.237696170807,130
2,f101_approved_DAYS_FIRST_DRAWING_d_app_DAYS_LAST_PHONE_CHANGE_std,0.0,0
2,f101_approved_DAYS_FIRST_DRAWING_d_app_DAYS_REGISTRATION_std,0.0,0
2,f101_approved_DAYS_FIRST_DRAWING_d_app_DAYS_BIRTH_min,6881.74782037735,211
2,f101_approved_DAYS_FIRST_DRAWING_d_app_DAYS_LAST_PHONE_CHANGE_std_div_mean,0.0,0
2,f101_approved_DAYS_FIRST_DRAWING_s_app_DAYS_BIRTH_std_div_mean,0.0,0
2,f101_approved_DAYS_FIRST_DRAWING_d_app_DAYS_REGISTRATION_std_div_mean,0.0,0
2,f101_approved_DAYS_FIRST_DRAWING_s_DAYS_DECISIONS_std,0.0,0
2,f101_approved_DAYS_FIRST_DRAWING_s_app_DAYS_BIRTH_std,0.0,0
2,f101_approved_DAYS_FIRST_DRAWING_s_DAYS_DECISIONS_std_div_mean,0.0,0
2,f101_approved_DAYS_FIRST_DRAWING_s_app_DAYS_EMPLOYED_std,0.0,0
2,f101_approved_DAYS_FIRST_DRAWING_s_DAYS_DECISIONS_max,2400.170320034027,133
2,f101_approved_DAYS_FIRST_DRAWING_s_app_DAYS_EMPLOYED_std_div_mean,0.0,0
2,f101_approved_DAYS_FIRST_DRAWING_s_DAYS_DECISIONS_mean,1090.3423476219177,60
2,f101_approved_DAYS_FIRST_DRAWING_s_DAYS_DECISIONS_min,1435.8399105072021,84
2,f101_approved_DAYS_FIRST_DRAWING_s_app_DAYS_BIRTH_max,1320.8300485610962,98
2,f101_approved_DAYS_FIRST_DRAWING_s_app_DAYS_BIRTH_min,956.5698947906494,78
2,f101_approved_DAYS_FIRST_DRAWING_s_app_DAYS_LAST_PHONE_CHANGE_std,0.0,0
2,f101_approved_DAYS_FIRST_DRAWING_s_app_DAYS_ID_PUBLISH_std,0.0,0
2,f101_approved_DAYS_FIRST_DRAWING_s_app_DAYS_ID_PUBLISH_std_div_mean,0.0,0
2,f101_approved_DAYS_FIRST_DRAWING_s_app_DAYS_EMPLOYED_min,1472.6022763252258,109
2,f101_approved_DAYS_FIRST_DRAWING_s_app_DAYS_BIRTH_mean,543.1264452934265,37
2,f101_approved_DAYS_FIRST_DRAWING_s_app_DAYS_LAST_PHONE_CHANGE_std_div_mean,0.0,0
2,f101_approved_DAYS_FIRST_DRAWING_s_app_DAYS_EMPLOYED_max,781.7356061935425,56
2,f101_approved_DAYS_FIRST_DRAWING_s_app_DAYS_EMPLOYED_mean,343.2428617477417,31
2,f101_approved_DAYS_FIRST_DRAWING_s_app_DAYS_REGISTRATION_std_div_mean,0.0,0
2,f101_approved_DAYS_FIRST_DRAWING_s_app_DAYS_REGISTRATION_std,0.0,0
2,f101_approved_DAYS_FIRST_DRAWING_s_app_DAYS_REGISTRATION_max_div_min,0.0,0
2,f101_approved_DAYS_FIRST_DUE_d_app_DAYS_EMPLOYED_mean,1969.8098754882812,133
2,f101_approved_DAYS_FIRST_DUE_s_DAYS_FIRST_DRAWING_std,0.0,0
2,f101_approved_DAYS_FIRST_DUE_d_app_DAYS_EMPLOYED_std_div_mean,2274.6135807037354,178
2,f101_approved_DAYS_FIRST_DUE_d_app_DAYS_BIRTH_min,2641.357871055603,194
2,f101_approved_DAYS_FIRST_DUE_s_DAYS_DECISIONS_std_div_mean,4725.683646678925,344
2,f101_approved_DAYS_FIRST_DUE_d_app_DAYS_EMPLOYED_min,3731.4238233566284,161
2,f101_approved_DAYS_FIRST_DUE_s_DAYS_FIRST_DRAWING_std_div_mean,0.0,0
2,f101_approved_DAYS_FIRST_DUE_s_app_DAYS_BIRTH_max,7405.0037450790405,150
2,f101_approved_DAYS_FIRST_DUE_s_app_DAYS_EMPLOYED_mean,1351.8022031784058,93
2,f101_approved_DAYS_FIRST_DUE_s_app_DAYS_EMPLOYED_max,4143.363560199738,184
2,f101_approved_DAYS_FIRST_DUE_s_app_DAYS_BIRTH_min,1509.9547595977783,102
2,f101_approved_DAYS_FIRST_DUE_s_app_DAYS_BIRTH_max_div_min,1513.0487604141235,116
2,f101_approved_DAYS_FIRST_DUE_s_app_DAYS_ID_PUBLISH_max,3910.6790227890015,223
2,f101_approved_DAYS_FIRST_DUE_s_app_DAYS_EMPLOYED_min,1071.0657205581665,79
2,f101_approved_DAYS_FIRST_DUE_s_app_DAYS_BIRTH_mean,1103.5817503929138,90
2,f101_approved_DAYS_FIRST_DUE_s_app_DAYS_EMPLOYED_std,701.7419309616089,50
2,f101_approved_DAYS_FIRST_DUE_s_app_DAYS_ID_PUBLISH_min,1934.4925789833069,148
2,f101_approved_DAYS_FIRST_DUE_s_app_DAYS_LAST_PHONE_CHANGE_max,4998.014913082123,275
2,f101_approved_DAYS_FIRST_DUE_s_app_DAYS_BIRTH_std,795.3175783157349,59
2,f101_approved_DAYS_FIRST_DUE_s_app_DAYS_LAST_PHONE_CHANGE_max_div_min,2898.5864777565002,241
2,f101_approved_DAYS_FIRST_DUE_s_app_DAYS_ID_PUBLISH_mean,1625.623390197754,115
2,f101_approved_DAYS_FIRST_DUE_s_app_DAYS_LAST_PHONE_CHANGE_mean,2381.884692668915,178
2,f101_approved_DAYS_FIRST_DUE_s_app_DAYS_LAST_PHONE_CHANGE_std,683.8130822181702,48
2,f101_approved_DAYS_FIRST_DUE_s_app_DAYS_REGISTRATION_mean,1356.324372768402,102
2,f101_approved_DAYS_FIRST_DUE_s_app_DAYS_REGISTRATION_min,1170.4293160438538,93
2,f101_approved_DAYS_LAST_DUE_1ST_VERSION_d_app_DAYS_BIRTH_mean,5251.911124229431,291
2,f101_approved_DAYS_FIRST_DUE_s_app_DAYS_ID_PUBLISH_std,849.4462814331055,57
2,f101_approved_DAYS_FIRST_DUE_s_app_DAYS_REGISTRATION_max,1547.1676006317139,116
2,f101_approved_DAYS_FIRST_DUE_s_app_DAYS_REGISTRATION_std,844.7203826904297,62
2,f101_approved_DAYS_LAST_DUE_1ST_VERSION_d_app_DAYS_BIRTH_max,4798.916339874268,280
2,f101_approved_DAYS_LAST_DUE_1ST_VERSION_d_app_DAYS_EMPLOYED_std,3014.3991265296936,214
2,f101_approved_DAYS_LAST_DUE_1ST_VERSION_s_DAYS_FIRST_DRAWING_max_div_min,0.0,0
2,f101_approved_DAYS_LAST_DUE_1ST_VERSION_s_DAYS_FIRST_DRAWING_max,0.0,0
2,f101_approved_DAYS_LAST_DUE_1ST_VERSION_s_DAYS_FIRST_DRAWING_min,0.0,0
2,f101_approved_DAYS_LAST_DUE_1ST_VERSION_s_DAYS_DECISIONS_min,1678.2033648490906,138
2,f101_approved_DAYS_LAST_DUE_1ST_VERSION_s_DAYS_FIRST_DRAWING_mean,0.0,0
2,f101_approved_DAYS_LAST_DUE_1ST_VERSION_s_DAYS_FIRST_DUE_mean,888.1961331367493,70
2,f101_approved_DAYS_LAST_DUE_1ST_VERSION_s_DAYS_FIRST_DUE_std,1242.9581894874573,97
2,f101_approved_DAYS_LAST_DUE_1ST_VERSION_s_DAYS_FIRST_DUE_min,91.85833978652954,8
2,f101_approved_DAYS_LAST_DUE_1ST_VERSION_s_DAYS_DECISIONS_std,1735.788586616516,138
2,f101_approved_DAYS_LAST_DUE_1ST_VERSION_s_DAYS_DECISIONS_mean,1815.3276710510254,152
2,f101_approved_DAYS_LAST_DUE_1ST_VERSION_s_app_DAYS_EMPLOYED_max,3740.9153275489807,201
2,f101_approved_DAYS_LAST_DUE_1ST_VERSION_s_app_DAYS_BIRTH_max,2977.75812625885,160
2,f101_approved_DAYS_LAST_DUE_1ST_VERSION_s_app_DAYS_BIRTH_min,1488.6862440109253,114
2,f101_approved_DAYS_LAST_DUE_1ST_VERSION_s_app_DAYS_BIRTH_max_div_min,1461.0063767433167,116
2,f101_approved_DAYS_LAST_DUE_1ST_VERSION_s_app_DAYS_EMPLOYED_min,1662.7302742004395,119
2,f101_approved_DAYS_LAST_DUE_1ST_VERSION_s_app_DAYS_BIRTH_mean,1371.909010887146,97
2,f101_approved_DAYS_LAST_DUE_1ST_VERSION_s_app_DAYS_ID_PUBLISH_max,2739.18736410141,202
2,f101_approved_DAYS_LAST_DUE_1ST_VERSION_s_app_DAYS_REGISTRATION_min,1307.164146900177,107
2,f101_approved_DAYS_LAST_DUE_1ST_VERSION_s_app_DAYS_EMPLOYED_mean,1801.0005731582642,128
2,f101_approved_DAYS_LAST_DUE_1ST_VERSION_s_app_DAYS_LAST_PHONE_CHANGE_max,2900.2756876945496,214
2,f101_approved_DAYS_LAST_DUE_1ST_VERSION_s_app_DAYS_ID_PUBLISH_mean,1957.0206003189087,141
2,f101_approved_DAYS_LAST_DUE_1ST_VERSION_s_app_DAYS_REGISTRATION_mean,1554.5556483268738,120
2,f101_approved_DAYS_LAST_DUE_1ST_VERSION_s_app_DAYS_REGISTRATION_max,1954.1901121139526,153
2,f101_approved_DAYS_LAST_DUE_1ST_VERSION_s_app_DAYS_LAST_PHONE_CHANGE_mean,2431.576346874237,193
2,f101_approved_DAYS_LAST_DUE_d_app_DAYS_EMPLOYED_mean,1375.341166973114,105
2,f101_approved_DAYS_LAST_DUE_d_app_DAYS_BIRTH_max_div_min,802.4125823974609,60
2,f101_approved_DAYS_LAST_DUE_d_app_DAYS_BIRTH_min,5746.730916500092,414
2,f101_approved_DAYS_LAST_DUE_s_DAYS_FIRST_DRAWING_std,0.0,0
2,f101_approved_DAYS_LAST_DUE_s_DAYS_FIRST_DRAWING_std_div_mean,0.0,0
2,f101_approved_DAYS_LAST_DUE_d_app_DAYS_EMPLOYED_std_div_mean,1990.5504484176636,156
2,f101_approved_DAYS_LAST_DUE_d_app_DAYS_ID_PUBLISH_max_div_min,992.4204730987549,71
2,f101_approved_DAYS_LAST_DUE_s_DAYS_FIRST_DRAWING_max,1300.78857421875,96
2,f101_approved_DAYS_LAST_DUE_d_app_DAYS_EMPLOYED_min,3755.4507722854614,194
2,f101_approved_DAYS_LAST_DUE_d_app_DAYS_REGISTRATION_max_div_min,894.8725714683533,60
2,f101_approved_DAYS_LAST_DUE_d_app_DAYS_LAST_PHONE_CHANGE_max_div_min,2526.540895462036,189
2,f101_approved_DAYS_LAST_DUE_s_DAYS_FIRST_DRAWING_mean,618.8708486557007,49
2,f101_approved_DAYS_LAST_DUE_s_DAYS_FIRST_DRAWING_min,669.2061591148376,58
2,f101_approved_DAYS_LAST_DUE_s_DAYS_LAST_DUE_1ST_VERSION_mean,1253.9391741752625,94
2,f101_approved_DAYS_LAST_DUE_s_DAYS_LAST_DUE_1ST_VERSION_std_div_mean,2879.4369502067566,234
2,f101_approved_DAYS_LAST_DUE_s_DAYS_LAST_DUE_1ST_VERSION_max,367.8019914627075,34
2,f101_approved_DAYS_LAST_DUE_s_DAYS_FIRST_DUE_max,2423.450469017029,197
2,f101_approved_DAYS_LAST_DUE_s_app_DAYS_BIRTH_max_div_min,791.3881740570068,56
2,f101_approved_DAYS_LAST_DUE_s_DAYS_LAST_DUE_1ST_VERSION_std,1793.715449810028,144
2,f101_approved_DAYS_LAST_DUE_s_DAYS_LAST_DUE_1ST_VERSION_max_div_min,596.1226305961609,55
2,f101_approved_DAYS_LAST_DUE_s_app_DAYS_EMPLOYED_std,735.8232917785645,52
2,f101_approved_DAYS_LAST_DUE_s_app_DAYS_BIRTH_max,5187.922530174255,158
2,f101_approved_DAYS_LAST_DUE_s_app_DAYS_BIRTH_mean,1483.5855965614319,93
2,f101_approved_DAYS_LAST_DUE_s_app_DAYS_BIRTH_min,1128.335858821869,86
2,f101_approved_DAYS_LAST_DUE_s_app_DAYS_EMPLOYED_min,1173.618911743164,84
2,f101_approved_DAYS_LAST_DUE_s_app_DAYS_EMPLOYED_max,3068.897901535034,129
2,f101_approved_DAYS_LAST_DUE_s_DAYS_LAST_DUE_1ST_VERSION_min,949.4253377914429,74
2,f101_approved_DAYS_LAST_DUE_s_app_DAYS_EMPLOYED_mean,1338.7446508407593,84
2,f101_approved_DAYS_LAST_DUE_s_app_DAYS_ID_PUBLISH_min,1642.2861604690552,133
2,f101_approved_DAYS_LAST_DUE_s_app_DAYS_ID_PUBLISH_max,2454.847882270813,177
2,f101_approved_DAYS_LAST_DUE_s_app_DAYS_BIRTH_std,616.6288890838623,47
2,f101_approved_DAYS_LAST_DUE_s_app_DAYS_ID_PUBLISH_std,451.7972812652588,35
2,f101_approved_DAYS_LAST_DUE_s_app_DAYS_ID_PUBLISH_mean,1476.7838687896729,115
2,f101_approved_DAYS_LAST_DUE_s_app_DAYS_LAST_PHONE_CHANGE_max,4021.633132457733,209
2,f101_approved_DAYS_LAST_DUE_s_app_DAYS_LAST_PHONE_CHANGE_mean,2466.241334915161,179
2,f101_approved_DAYS_LAST_DUE_s_app_DAYS_REGISTRATION_std,426.2074317932129,32
2,f101_approved_DAYS_TERMINATION_d_app_DAYS_BIRTH_max_div_min,662.238899230957,54
2,f101_approved_DAYS_LAST_DUE_s_app_DAYS_LAST_PHONE_CHANGE_std,564.4794416427612,40
2,f101_approved_DAYS_LAST_DUE_s_app_DAYS_REGISTRATION_mean,1165.5261912345886,91
2,f101_approved_DAYS_TERMINATION_d_app_DAYS_EMPLOYED_mean,1694.2962231636047,139
2,f101_approved_DAYS_LAST_DUE_s_app_DAYS_REGISTRATION_min,1243.2840328216553,101
2,f101_approved_DAYS_LAST_DUE_s_app_DAYS_REGISTRATION_max,1621.2543630599976,121
2,f101_approved_DAYS_TERMINATION_d_app_DAYS_EMPLOYED_std_div_mean,1992.452624797821,161
2,f101_approved_DAYS_TERMINATION_d_app_DAYS_ID_PUBLISH_max_div_min,513.4038319587708,42
2,f101_approved_DAYS_TERMINATION_d_app_DAYS_EMPLOYED_min,2726.2573432922363,191
2,f101_approved_DAYS_TERMINATION_s_DAYS_FIRST_DRAWING_std,0.0,0
2,f101_approved_DAYS_TERMINATION_s_DAYS_FIRST_DRAWING_std_div_mean,0.0,0
2,f101_approved_DAYS_TERMINATION_d_app_DAYS_LAST_PHONE_CHANGE_max_div_min,2559.925266265869,198
2,f101_approved_DAYS_TERMINATION_s_DAYS_FIRST_DRAWING_min,392.0153503417969,36
2,f101_approved_DAYS_TERMINATION_s_DAYS_FIRST_DRAWING_mean,160.17693901062012,14
2,f101_approved_DAYS_TERMINATION_d_app_DAYS_REGISTRATION_max_div_min,590.3919305801392,49
2,f101_approved_DAYS_TERMINATION_s_DAYS_FIRST_DRAWING_max,31.59061908721924,3
2,f101_approved_DAYS_TERMINATION_s_DAYS_LAST_DUE_1ST_VERSION_mean,3871.935842514038,265
2,f101_approved_DAYS_TERMINATION_s_DAYS_LAST_DUE_1ST_VERSION_max,5430.042483329773,375
2,f101_approved_DAYS_TERMINATION_s_DAYS_LAST_DUE_1ST_VERSION_min,3932.8498373031616,266
2,f101_approved_DAYS_TERMINATION_s_DAYS_LAST_DUE_1ST_VERSION_std,2227.7307176589966,171
2,f101_approved_DAYS_TERMINATION_s_app_DAYS_BIRTH_max,2019.4793319702148,104
2,f101_approved_DAYS_TERMINATION_s_app_DAYS_EMPLOYED_max,2591.974433898926,140
2,f101_approved_DAYS_TERMINATION_s_app_DAYS_BIRTH_min,1302.3553867340088,94
2,f101_approved_DAYS_TERMINATION_s_app_DAYS_BIRTH_max_div_min,841.9451470375061,65
2,f101_approved_DAYS_TERMINATION_s_app_DAYS_BIRTH_mean,1397.3494725227356,108
2,f101_approved_DAYS_TERMINATION_s_app_DAYS_EMPLOYED_std,626.7768220901489,46
2,f101_approved_DAYS_TERMINATION_s_app_DAYS_EMPLOYED_mean,1126.8026494979858,83
2,f101_approved_DAYS_TERMINATION_s_app_DAYS_ID_PUBLISH_mean,1436.8086485862732,113
2,f101_approved_DAYS_TERMINATION_s_app_DAYS_EMPLOYED_min,1262.071222782135,89
2,f101_approved_DAYS_TERMINATION_s_app_DAYS_ID_PUBLISH_std,706.191089630127,54
2,f101_approved_DAYS_TERMINATION_s_app_DAYS_ID_PUBLISH_max,2359.7628955841064,171
2,f101_approved_DAYS_TERMINATION_s_app_DAYS_BIRTH_std,541.2920031547546,39
2,f101_approved_DAYS_TERMINATION_s_app_DAYS_REGISTRATION_max,1715.5139546394348,135
2,f101_approved_DAYS_TERMINATION_s_app_DAYS_LAST_PHONE_CHANGE_mean,2111.30495595932,171
2,f101_approved_DAYS_TERMINATION_s_app_DAYS_ID_PUBLISH_min,1642.4276027679443,127
2,f101_approved_DAYS_TERMINATION_s_app_DAYS_LAST_PHONE_CHANGE_max,2963.7360558509827,195
2,f101_approved_DAYS_TERMINATION_s_app_DAYS_REGISTRATION_min,981.1367402076721,82
2,f101_approved_HOUR_APPR_PROCESS_START_max,4538.829161167145,216
2,f101_approved_DAYS_TERMINATION_s_app_DAYS_LAST_PHONE_CHANGE_std,441.33992195129395,34
2,f101_approved_DAYS_TERMINATION_s_app_DAYS_REGISTRATION_mean,1315.9815964698792,105
2,f101_approved_NAME_CLIENT_TYPE_New_mean,3476.229688644409,141
2,f101_approved_HOUR_APPR_PROCESS_START_mean,9322.708340168,515
2,f101_approved_DAYS_TERMINATION_s_app_DAYS_REGISTRATION_std,427.0121307373047,32
2,f101_approved_NAME_CASH_LOAN_PURPOSE_XAP_sum,348.3276991844177,32
2,f101_approved_NAME_CLIENT_TYPE_New_sum,799.3632707595825,27
2,f101_approved_NAME_CASH_LOAN_PURPOSE_XNA_sum,293.7906994819641,27
2,f101_approved_NAME_CLIENT_TYPE_Refreshed_sum,425.9565382003784,38
2,f101_approved_NAME_CONTRACT_STATUS_Approved_sum,48.36541938781738,4
2,f101_approved_NAME_CLIENT_TYPE_Repeater_mean,570.9158883094788,45
2,f101_approved_NAME_CLIENT_TYPE_Refreshed_mean,548.9929022789001,48
2,f101_approved_NAME_CLIENT_TYPE_Repeater_sum,128.78434038162231,12
2,f101_approved_NAME_GOODS_CATEGORY_Furniture_sum,108.81690979003906,11
2,f101_approved_NAME_GOODS_CATEGORY_Consumer_Electronics_sum,177.29064083099365,18
2,f101_approved_NAME_CONTRACT_TYPE_Revolving_loans_sum,43.02268886566162,3
2,f101_approved_NAME_CONTRACT_TYPE_Consumer_loans_sum,179.3563904762268,14
2,f101_approved_NAME_CONTRACT_TYPE_Revolving_loans_mean,187.59675979614258,13
2,f101_approved_NAME_GOODS_CATEGORY_Mobile_mean,907.2847604751587,73
2,f101_approved_NAME_PRODUCT_TYPE_walk_in_mean,844.1396288871765,59
2,f101_approved_NAME_GOODS_CATEGORY_Furniture_mean,583.1763892173767,51
2,f101_approved_NAME_PAYMENT_TYPE_Cash_through_the_bank_sum,202.4081335067749,17
2,f101_approved_NAME_PORTFOLIO_Cards_sum,20.526249885559082,2
2,f101_approved_NAME_PORTFOLIO_Cards_mean,53.53880023956299,2
2,f101_approved_NAME_PAYMENT_TYPE_Cash_through_the_bank_mean,683.5096521377563,55
2,f101_approved_NAME_PRODUCT_TYPE_walk_in_sum,277.5286831855774,23
2,f101_approved_NAME_PORTFOLIO_POS_sum,140.3049783706665,10
2,f101_approved_NAME_PRODUCT_TYPE_XNA_sum,133.1048402786255,11
2,f101_approved_NAME_SELLER_INDUSTRY_Furniture_mean,383.5935893058777,32
2,f101_approved_NAME_PAYMENT_TYPE_XNA_mean,587.7034907341003,49
2,f101_approved_NAME_SELLER_INDUSTRY_Furniture_sum,51.651790142059326,5
2,f101_approved_NAME_PRODUCT_TYPE_x_sell_sum,331.18897914886475,30
2,f101_approved_NAME_PRODUCT_TYPE_x_sell_mean,1819.3999118804932,116
2,f101_approved_NAME_TYPE_SUITE_Family_sum,462.4656505584717,40
2,f101_approved_NAME_SELLER_INDUSTRY_Consumer_electronics_sum,550.4612078666687,42
2,f101_approved_NAME_YIELD_GROUP_XNA_sum,32.49440002441406,1
2,f101_approved_NAME_SELLER_INDUSTRY_Connectivity_mean,1642.906913280487,120
2,f101_approved_NAME_YIELD_GROUP_low_action_mean,889.9802279472351,61
2,f101_approved_NAME_YIELD_GROUP_low_action_sum,116.8666000366211,9
2,f101_approved_NAME_YIELD_GROUP_XNA_mean,45.71799850463867,2
2,f101_approved_NAME_YIELD_GROUP_low_normal_mean,840.7438564300537,67
2,f101_approved_NAME_TYPE_SUITE_Unaccompanied_sum,1028.3403086662292,92
2,f101_approved_PRODUCT_COMBINATION_POS_industry_without_interest_sum,215.75350093841553,20
2,f101_approved_PRODUCT_COMBINATION_Card_Street_sum,16.792299270629883,1
2,f101_approved_PRODUCT_COMBINATION_Card_Street_mean,61.923749923706055,6
2,f101_approved_NAME_YIELD_GROUP_low_normal_sum,247.88786935806274,26
2,f101_approved_NAME_YIELD_GROUP_middle_sum,633.4688010215759,54
2,f101_approved_NAME_YIELD_GROUP_high_mean,1774.1935319900513,117
2,f101_approved_PRODUCT_COMBINATION_POS_industry_with_interest_sum,125.29472064971924,11
2,f101_approved_PRODUCT_COMBINATION_POS_industry_with_interest_mean,451.51805353164673,35
2,f101_approved_PRODUCT_COMBINATION_POS_household_without_interest_mean,205.66022062301636,16
2,f101_approved_PRODUCT_COMBINATION_POS_household_with_interest_sum,1042.8742370605469,79
2,f101_approved_PRODUCT_COMBINATION_POS_mobile_with_interest_mean,579.793032169342,43
2,f101_approved_PREV_COUNT,65.01794147491455,6
2,f101_approved_RATE_INTEREST_PRIMARY_std,0.0,0
2,f101_approved_RATE_INTEREST_PRIMARY_std_div_mean,0.0,0
2,f101_approved_RATE_INTEREST_PRIVILEGED_max,94.50043964385986,8
2,f101_approved_PRODUCT_COMBINATION_POS_household_without_interest_sum,38.56762981414795,4
2,f101_approved_RATE_DOWN_PAYMENT_max,943.3931670188904,69
2,f101_approved_RATE_INTEREST_PRIVILEGED_std,0.0,0
2,f101_approved_RATE_INTEREST_PRIVILEGED_min,56.72577953338623,5
2,f101_approved_RATE_INTEREST_PRIVILEGED_std_div_mean,0.0,0
2,f101_approved_RATE_DOWN_PAYMENT_mean,1412.545211315155,124
2,f101_approved_RATE_INTEREST_PRIVILEGED_mean,42.70488977432251,5
2,f101_approved_RATE_INTEREST_PRIVILEGED_max_div_min,0.0,0
2,f101_approved_RATE_DOWN_PAYMENT_std,1600.5821261405945,125
2,f101_approved_active_mean,146.4557604789734,10
2,f101_approved_WEEKDAY_APPR_PROCESS_START_SATURDAY_sum,570.2070784568787,55
2,f101_approved_amt_paid_sum,4640.0681800842285,169
2,f101_approved_active_std_div_mean,760.9554986953735,62
2,f101_approved_cnt_paid_max_div_min,1701.6337356567383,142
2,f101_approved_active_std,355.51355028152466,29
2,f101_approved_amt_unpaid_std,1301.6294713020325,106
2,f101_approved_amt_paid_max,2776.834822177887,212
2,f101_approved_cnt_paid_min,766.5827779769897,64
2,f101_approved_amt_unpaid_std_div_mean,802.6076078414917,71
2,f101_approved_amt_unpaid_mean,1243.4547281265259,93
2,f101_approved_cnt_paid_ratio_max,202.25685167312622,15
2,f101_approved_cnt_paid_ratio_std,1478.3020992279053,112
2,f101_approved_cnt_paid_ratio_mean,1932.5028376579285,123
2,f101_approved_cnt_paid_ratio_std_div_mean,2022.0304446220398,132
2,f101_approved_cnt_paid_sum,1679.4414944648743,127
2,f101_approved_completed_max,0.0,0
2,f101_approved_cnt_unpaid_std_div_mean,978.935791015625,83
2,f101_approved_completed_mean,210.59673690795898,14
2,f101_approved_cnt_unpaid_max,1510.323800086975,105
2,f101_approved_cnt_unpaid_min,139.6429181098938,14
2,f101_approved_cnt_unpaid_sum,1409.6419653892517,100
2,f101_approved_cnt_unpaid_mean,1567.3942852020264,105
2,f101_approved_cnt_unpaid_std,2685.535924434662,156
2,f101_approved_interest_rate_max,2424.7662625312805,191
2,f101_approved_completed_sum,164.20712900161743,14
2,f101_approved_interest_rate_diff_std,2881.8973813056946,235
2,f101_approved_completed_std_div_mean,628.3129782676697,46
2,f101_approved_interest_rate_min,8616.751224040985,335
2,f101_approved_interest_rate_mean,3220.4825854301453,244
2,f101_completed_AMT_ANNUITY_d_app_AMT_ANNUITY_min,3200.665732860565,220
2,f101_approved_interest_rate_std,3570.785903930664,282
2,f101_completed_AMT_ANNUITY_d_app_AMT_ANNUITY_diff_max,1025.972237586975,81
2,f101_completed_AMT_ANNUITY_d_app_AMT_ANNUITY_mean,2382.481454372406,146
2,f101_completed_AMT_ANNUITY_d_app_AMT_ANNUITY_diff_std,636.3312759399414,48
2,f101_completed_AMT_ANNUITY_d_app_AMT_ANNUITY_max,2759.438805103302,167
2,f101_completed_AMT_ANNUITY_d_app_AMT_ANNUITY_max_div_min,249.48173141479492,21
2,f101_completed_AMT_ANNUITY_d_app_AMT_CREDIT_max_div_min,277.7147927284241,24
2,f101_completed_AMT_ANNUITY_d_app_AMT_CREDIT_diff_max,800.4591226577759,63
2,f101_completed_AMT_ANNUITY_d_app_AMT_ANNUITY_std,1527.2942032814026,120
2,f101_completed_AMT_ANNUITY_d_app_AMT_CREDIT_diff_std,853.3452477455139,73
2,f101_completed_AMT_ANNUITY_d_app_AMT_CREDIT_min,2208.987542629242,170
2,f101_completed_AMT_ANNUITY_d_app_AMT_CREDIT_mean,1631.0097908973694,119
2,f101_completed_AMT_ANNUITY_d_app_AMT_CREDIT_max,1689.5606350898743,124
2,f101_completed_AMT_ANNUITY_d_app_AMT_CREDIT_std,1066.586100578308,83
2,f101_completed_AMT_ANNUITY_d_app_AMT_GOODS_PRICE_diff_std,986.614990234375,83
2,f101_completed_AMT_ANNUITY_d_app_AMT_GOODS_PRICE_mean,1361.5985832214355,108
2,f101_completed_AMT_ANNUITY_d_app_AMT_GOODS_PRICE_diff_max,738.0698790550232,54
2,f101_completed_AMT_ANNUITY_d_app_AMT_GOODS_PRICE_max_div_min,535.4889221191406,41
2,f101_completed_AMT_ANNUITY_d_app_AMT_GOODS_PRICE_max,1450.9722809791565,111
2,f101_completed_AMT_ANNUITY_d_app_AMT_GOODS_PRICE_std,1152.9875378608704,91
2,f101_completed_AMT_ANNUITY_d_app_AMT_INCOME_TOTAL_diff_max,439.57862854003906,33
2,f101_completed_AMT_ANNUITY_d_app_AMT_INCOME_TOTAL_diff_mean,624.0799894332886,50
2,f101_completed_AMT_ANNUITY_d_app_AMT_INCOME_TOTAL_mean,2678.9618244171143,214
2,f101_completed_AMT_ANNUITY_d_app_AMT_INCOME_TOTAL_std,543.0752711296082,47
2,f101_completed_AMT_ANNUITY_d_app_AMT_INCOME_TOTAL_max,2670.6698083877563,216
2,f101_completed_AMT_ANNUITY_m_app_AMT_GOODS_PRICE_d_app_AMT_INCOME_TOTAL_max_div_min,282.49753189086914,20
2,f101_completed_AMT_ANNUITY_d_app_AMT_INCOME_TOTAL_max_div_min,305.71637058258057,23
2,f101_completed_AMT_ANNUITY_m_app_AMT_GOODS_PRICE_d_app_AMT_INCOME_TOTAL_diff_mean,826.5908675193787,69
2,f101_completed_AMT_ANNUITY_m_app_AMT_GOODS_PRICE_d_app_AMT_INCOME_TOTAL_diff_max,519.8231401443481,45
2,f101_completed_AMT_ANNUITY_m_app_AMT_GOODS_PRICE_d_app_AMT_INCOME_TOTAL_pctchange_min,342.52377223968506,29
2,f101_completed_AMT_ANNUITY_m_app_AMT_GOODS_PRICE_d_app_AMT_INCOME_TOTAL_std,885.0873999595642,71
2,f101_completed_AMT_ANNUITY_max,2139.0555806159973,159
2,f101_completed_AMT_ANNUITY_max_div_min,270.32632875442505,22
2,f101_completed_AMT_ANNUITY_s_app_AMT_ANNUITY_d_app_AMT_INCOME_TOTAL_max,4271.316613197327,204
2,f101_completed_AMT_ANNUITY_s_app_AMT_ANNUITY_d_app_AMT_INCOME_TOTAL_diff_max,383.5319905281067,32
2,f101_completed_AMT_ANNUITY_min,2596.083112716675,203
2,f101_completed_AMT_ANNUITY_s_app_AMT_ANNUITY_d_app_AMT_INCOME_TOTAL_diff_mean,430.20927906036377,32
2,f101_completed_AMT_ANNUITY_s_app_AMT_ANNUITY_d_app_AMT_INCOME_TOTAL_std,570.7252244949341,45
2,f101_completed_AMT_ANNUITY_mean,2532.824499130249,171
2,f101_completed_AMT_ANNUITY_s_app_AMT_ANNUITY_d_app_AMT_INCOME_TOTAL_pctchange_std,755.5724635124207,67
2,f101_completed_AMT_ANNUITY_s_app_AMT_ANNUITY_d_app_AMT_INCOME_TOTAL_mean,3481.963436603546,219
2,f101_completed_AMT_ANNUITY_s_app_AMT_ANNUITY_d_app_AMT_INCOME_TOTAL_pctchange_max,1600.5530695915222,125
2,f101_completed_AMT_ANNUITY_s_app_AMT_ANNUITY_max,3389.3962745666504,223
2,f101_completed_AMT_ANNUITY_s_app_AMT_ANNUITY_d_app_AMT_INCOME_TOTAL_min,3109.5065741539,229
2,f101_completed_AMT_ANNUITY_s_app_AMT_ANNUITY_d_app_AMT_INCOME_TOTAL_pctchange_mean,1591.8228611946106,130
2,f101_completed_AMT_ANNUITY_s_app_AMT_ANNUITY_mean,4360.846377372742,279
2,f101_completed_AMT_ANNUITY_s_app_AMT_ANNUITY_diff_std,393.40968084335327,34
2,f101_completed_AMT_ANNUITY_s_app_AMT_ANNUITY_diff_mean,599.2764286994934,46
2,f101_completed_AMT_ANNUITY_s_app_AMT_ANNUITY_diff_max,284.8390083312988,25
2,f101_completed_AMT_ANNUITY_s_app_AMT_ANNUITY_pctchange_std,806.0734648704529,68
2,f101_completed_AMT_ANNUITY_s_app_AMT_ANNUITY_std,600.2036685943604,44
2,f101_completed_AMT_ANNUITY_s_app_AMT_ANNUITY_pctchange_mean,1358.3616786003113,108
2,f101_completed_AMT_ANNUITY_s_app_AMT_CREDIT_d_app_AMT_INCOME_TOTAL_diff_max,636.4410524368286,49
2,f101_completed_AMT_ANNUITY_s_app_AMT_ANNUITY_pctchange_max,1363.6261382102966,110
2,f101_completed_AMT_ANNUITY_s_app_AMT_CREDIT_d_app_AMT_INCOME_TOTAL_diff_mean,458.4522371292114,34
2,f101_completed_AMT_ANNUITY_s_app_AMT_CREDIT_d_app_AMT_INCOME_TOTAL_max_div_min,342.417688369751,27
2,f101_completed_AMT_ANNUITY_s_app_AMT_CREDIT_diff_max,332.37218284606934,28
2,f101_completed_AMT_ANNUITY_s_app_AMT_CREDIT_d_app_AMT_INCOME_TOTAL_std,498.4471092224121,39
2,f101_completed_AMT_ANNUITY_s_app_AMT_CREDIT_diff_mean,381.63157653808594,31
2,f101_completed_AMT_ANNUITY_s_app_AMT_CREDIT_d_app_AMT_INCOME_TOTAL_pctchange_std,450.86507844924927,39
2,f101_completed_AMT_ANNUITY_s_app_AMT_CREDIT_diff_std,474.8138608932495,42
2,f101_completed_AMT_ANNUITY_s_app_AMT_CREDIT_max_div_min,336.0328025817871,26
2,f101_completed_AMT_ANNUITY_s_app_AMT_CREDIT_min,3315.7733759880066,200
2,f101_completed_AMT_ANNUITY_s_app_AMT_CREDIT_max,2878.742735385895,195
2,f101_completed_AMT_ANNUITY_s_app_AMT_CREDIT_mean,2830.00172662735,182
2,f101_completed_AMT_ANNUITY_s_app_AMT_CREDIT_pctchange_std,627.9944534301758,50
2,f101_completed_AMT_ANNUITY_s_app_AMT_GOODS_PRICE_diff_std,664.4549531936646,59
2,f101_completed_AMT_ANNUITY_s_app_AMT_CREDIT_std,272.61920261383057,23
2,f101_completed_AMT_ANNUITY_s_app_AMT_GOODS_PRICE_min,6933.412148952484,333
2,f101_completed_AMT_ANNUITY_s_app_AMT_GOODS_PRICE_diff_mean,701.1705679893494,58
2,f101_completed_AMT_ANNUITY_s_app_AMT_GOODS_PRICE_diff_max,392.9319190979004,31
2,f101_completed_AMT_ANNUITY_s_app_AMT_GOODS_PRICE_mean,4916.858652114868,242
2,f101_completed_AMT_ANNUITY_s_app_AMT_GOODS_PRICE_max_div_min,460.9237656593323,35
2,f101_completed_AMT_ANNUITY_s_app_AMT_INCOME_TOTAL_diff_std,294.5832190513611,25
2,f101_completed_AMT_ANNUITY_s_app_AMT_GOODS_PRICE_max,2904.492694377899,177
2,f101_completed_AMT_ANNUITY_s_app_AMT_GOODS_PRICE_pctchange_min,436.77112197875977,33
2,f101_completed_AMT_ANNUITY_s_app_AMT_GOODS_PRICE_std,619.4655294418335,52
2,f101_completed_AMT_ANNUITY_s_app_AMT_INCOME_TOTAL_diff_max,469.50157833099365,39
2,f101_completed_AMT_ANNUITY_s_app_AMT_INCOME_TOTAL_std,206.08496761322021,16
2,f101_completed_AMT_ANNUITY_s_app_AMT_INCOME_TOTAL_max_div_min,847.3299627304077,64
2,f101_completed_AMT_ANNUITY_s_app_AMT_INCOME_TOTAL_diff_mean,401.6830983161926,34
2,f101_completed_AMT_APPLICATION_d_app_AMT_ANNUITY_diff_mean,1775.726839542389,139
2,f101_completed_AMT_APPLICATION_d_app_AMT_ANNUITY_diff_max,1090.2704033851624,96
2,f101_completed_AMT_ANNUITY_std,259.95202922821045,21
2,f101_completed_AMT_APPLICATION_d_app_AMT_ANNUITY_mean,3082.115212917328,172
2,f101_completed_AMT_APPLICATION_d_app_AMT_ANNUITY_max,3758.9378032684326,178
2,f101_completed_AMT_APPLICATION_d_app_AMT_ANNUITY_max_div_min,298.98747730255127,24
2,f101_completed_AMT_APPLICATION_d_app_AMT_ANNUITY_std,1111.987621307373,89
2,f101_completed_AMT_APPLICATION_d_app_AMT_ANNUITY_pctchange_max,624.8756265640259,49
2,f101_completed_AMT_APPLICATION_d_app_AMT_CREDIT_diff_std,1717.652123451233,145
2,f101_completed_AMT_APPLICATION_d_app_AMT_ANNUITY_min,3450.4579577445984,222
2,f101_completed_AMT_APPLICATION_d_app_AMT_CREDIT_max_div_min,250.28560304641724,18
2,f101_completed_AMT_APPLICATION_d_app_AMT_CREDIT_max,2243.078411579132,131
2,f101_completed_AMT_APPLICATION_d_app_AMT_CREDIT_diff_max,1304.8016347885132,96
2,f101_completed_AMT_APPLICATION_d_app_AMT_CREDIT_mean,2036.0937609672546,134
2,f101_completed_AMT_APPLICATION_d_app_AMT_GOODS_PRICE_diff_max,1364.3619828224182,105
2,f101_completed_AMT_APPLICATION_d_app_AMT_CREDIT_min,2432.1317281723022,172
2,f101_completed_AMT_APPLICATION_d_app_AMT_CREDIT_std,958.872528553009,77
2,f101_completed_AMT_APPLICATION_d_app_AMT_CREDIT_pctchange_max,514.0625796318054,40
2,f101_completed_AMT_APPLICATION_d_app_AMT_GOODS_PRICE_max_div_min,432.0289707183838,34
2,f101_completed_AMT_APPLICATION_d_app_AMT_GOODS_PRICE_mean,1786.9002928733826,136
2,f101_completed_AMT_APPLICATION_d_app_AMT_GOODS_PRICE_pctchange_max,759.0472292900085,59
2,f101_completed_AMT_APPLICATION_d_app_AMT_GOODS_PRICE_max,1757.278663635254,142
2,f101_completed_AMT_APPLICATION_d_app_AMT_GOODS_PRICE_std,1227.3110089302063,101
2,f101_completed_AMT_APPLICATION_d_app_AMT_INCOME_TOTAL_diff_mean,1133.3185877799988,83
2,f101_completed_AMT_APPLICATION_d_app_AMT_INCOME_TOTAL_max_div_min,296.0684700012207,22
2,f101_completed_AMT_APPLICATION_d_app_AMT_INCOME_TOTAL_diff_max,460.39213609695435,36
2,f101_completed_AMT_APPLICATION_d_app_AMT_INCOME_TOTAL_mean,2543.9165291786194,211
2,f101_completed_AMT_APPLICATION_d_app_AMT_INCOME_TOTAL_max,2316.8607807159424,178
2,f101_completed_AMT_APPLICATION_d_app_AMT_INCOME_TOTAL_pctchange_max,550.1224403381348,44
2,f101_completed_AMT_APPLICATION_m_app_AMT_GOODS_PRICE_d_app_AMT_INCOME_TOTAL_diff_mean,1249.9676251411438,92
2,f101_completed_AMT_APPLICATION_min,3269.083088874817,237
2,f101_completed_AMT_APPLICATION_m_app_AMT_GOODS_PRICE_d_app_AMT_INCOME_TOTAL_diff_max,500.9702091217041,38
2,f101_completed_AMT_APPLICATION_d_app_AMT_INCOME_TOTAL_std,1440.859163761139,121
2,f101_completed_AMT_APPLICATION_s_app_AMT_ANNUITY_d_app_AMT_INCOME_TOTAL_diff_mean,754.3859477043152,55
2,f101_completed_AMT_APPLICATION_mean,2556.962025642395,173
2,f101_completed_AMT_APPLICATION_max_div_min,224.6463918685913,18
2,f101_completed_AMT_APPLICATION_s_app_AMT_ANNUITY_d_app_AMT_INCOME_TOTAL_diff_max,412.9414005279541,33
3,f101_completed_AMT_APPLICATION_s_app_AMT_ANNUITY_diff_max,383.64949798583984,34
3,f101_completed_AMT_APPLICATION_s_app_AMT_CREDIT_d_app_AMT_INCOME_TOTAL_diff_max,788.3609776496887,63
3,f101_completed_AMT_APPLICATION_max,1149.1403217315674,70
3,f101_completed_AMT_APPLICATION_s_app_AMT_ANNUITY_d_app_AMT_INCOME_TOTAL_max,1183.5264658927917,89
3,f101_completed_AMT_APPLICATION_s_app_AMT_ANNUITY_diff_mean,534.6723027229309,41
3,f101_completed_AMT_APPLICATION_s_app_AMT_CREDIT_d_app_AMT_INCOME_TOTAL_diff_mean,1539.4042177200317,122
3,f101_completed_AMT_APPLICATION_s_app_AMT_ANNUITY_std,121.11846876144409,11
3,f101_completed_AMT_APPLICATION_s_app_AMT_ANNUITY_d_app_AMT_INCOME_TOTAL_mean,1332.263683795929,108
3,f101_completed_AMT_APPLICATION_s_app_AMT_ANNUITY_d_app_AMT_INCOME_TOTAL_std,299.20724058151245,27
3,f101_completed_AMT_APPLICATION_s_app_AMT_ANNUITY_max,1265.7659797668457,87
3,f101_completed_AMT_APPLICATION_s_app_AMT_ANNUITY_mean,1869.384153842926,112
3,f101_completed_AMT_APPLICATION_m_app_AMT_GOODS_PRICE_d_app_AMT_INCOME_TOTAL_std,543.9346714019775,49
3,f101_completed_AMT_APPLICATION_s_app_AMT_CREDIT_diff_max,157.84001064300537,16
3,f101_completed_AMT_APPLICATION_s_app_AMT_GOODS_PRICE_diff_max,356.00322008132935,32
3,f101_completed_AMT_APPLICATION_s_app_AMT_CREDIT_diff_mean,448.52251148223877,37
3,f101_completed_AMT_APPLICATION_s_app_AMT_GOODS_PRICE_min,4684.031330108643,282
3,f101_completed_AMT_APPLICATION_s_app_AMT_CREDIT_min,3997.0654277801514,261
3,f101_completed_AMT_APPLICATION_s_app_AMT_CREDIT_std,248.4298391342163,23
3,f101_completed_AMT_APPLICATION_s_app_AMT_INCOME_TOTAL_diff_mean,498.548388004303,41
3,f101_completed_AMT_APPLICATION_s_app_AMT_GOODS_PRICE_diff_mean,829.3890762329102,58
3,f101_completed_AMT_APPLICATION_s_app_AMT_GOODS_PRICE_mean,2458.5459718704224,168
3,f101_completed_AMT_APPLICATION_s_app_AMT_CREDIT_d_app_AMT_INCOME_TOTAL_std,269.08333921432495,26
3,f101_completed_AMT_APPLICATION_s_app_AMT_INCOME_TOTAL_diff_max,186.68510007858276,16
3,f101_completed_AMT_APPLICATION_s_app_AMT_GOODS_PRICE_std,364.1832504272461,31
3,f101_completed_AMT_APPLICATION_s_app_AMT_INCOME_TOTAL_std,271.7553014755249,23
3,f101_completed_AMT_APPLICATION_s_app_AMT_INCOME_TOTAL_max,1800.0677037239075,164
3,f101_completed_AMT_CREDIT_d_AMT_ANNUITY_diff_max,2179.2154865264893,195
3,f101_completed_AMT_APPLICATION_std,298.985791683197,25
3,f101_completed_AMT_CREDIT_d_AMT_APPLICATION_min,2749.8009557724,161
3,f101_completed_AMT_CREDIT_d_AMT_APPLICATION_max,4230.571533203125,338
3,f101_completed_AMT_CREDIT_d_AMT_ANNUITY_pctchange_max,2382.2820143699646,215
3,f101_completed_AMT_CREDIT_d_AMT_ANNUITY_max_div_min,1316.8471088409424,124
3,f101_completed_AMT_CREDIT_d_AMT_APPLICATION_max_div_min,1343.3300700187683,122
3,f101_completed_AMT_CREDIT_d_AMT_ANNUITY_max,3406.294857978821,298
3,f101_completed_AMT_CREDIT_d_AMT_APPLICATION_mean,3523.492738723755,250
3,f101_completed_AMT_CREDIT_d_app_AMT_ANNUITY_max,2525.1637563705444,178
3,f101_completed_AMT_CREDIT_d_app_AMT_ANNUITY_diff_max,1387.1890707015991,127
3,f101_completed_AMT_CREDIT_d_app_AMT_ANNUITY_min,4235.323858261108,326
3,f101_completed_AMT_CREDIT_d_app_AMT_ANNUITY_mean,3302.9421076774597,239
3,f101_completed_AMT_CREDIT_d_app_AMT_ANNUITY_std,1468.678246974945,134
3,f101_completed_AMT_CREDIT_d_app_AMT_ANNUITY_max_div_min,296.4538016319275,26
3,f101_completed_AMT_CREDIT_d_app_AMT_CREDIT_max_div_min,262.472270488739,22
3,f101_completed_AMT_CREDIT_d_app_AMT_ANNUITY_pctchange_max,621.8471007347107,56
3,f101_completed_AMT_CREDIT_d_app_AMT_CREDIT_diff_max,1338.2987656593323,112
3,f101_completed_AMT_CREDIT_d_app_AMT_CREDIT_max,2592.32368183136,194
3,f101_completed_AMT_CREDIT_d_app_AMT_CREDIT_mean,1905.7457251548767,159
3,f101_completed_AMT_CREDIT_d_app_AMT_CREDIT_std,1163.494797706604,101
3,f101_completed_AMT_CREDIT_d_app_AMT_CREDIT_pctchange_max,449.0203628540039,43
3,f101_completed_AMT_CREDIT_d_app_AMT_GOODS_PRICE_max_div_min,682.3641490936279,53
3,f101_completed_AMT_CREDIT_d_app_AMT_GOODS_PRICE_mean,2194.9264998435974,180
3,f101_completed_AMT_CREDIT_d_app_AMT_GOODS_PRICE_diff_max,1188.0909633636475,97
3,f101_completed_AMT_CREDIT_d_app_AMT_GOODS_PRICE_std,1536.4975862503052,131
3,f101_completed_AMT_CREDIT_d_app_AMT_INCOME_TOTAL_diff_max,494.24045038223267,43
3,f101_completed_AMT_CREDIT_d_app_AMT_GOODS_PRICE_pctchange_max,892.7195615768433,79
3,f101_completed_AMT_CREDIT_d_app_AMT_GOODS_PRICE_max,2226.086660861969,194
3,f101_completed_AMT_CREDIT_d_app_AMT_INCOME_TOTAL_diff_mean,532.0796217918396,46
3,f101_completed_AMT_CREDIT_d_app_AMT_INCOME_TOTAL_mean,2276.2150654792786,199
3,f101_completed_AMT_CREDIT_d_app_AMT_INCOME_TOTAL_max_div_min,335.7643904685974,32
3,f101_completed_AMT_CREDIT_d_app_AMT_INCOME_TOTAL_max,1723.1061267852783,150
3,f101_completed_AMT_CREDIT_d_total_debt_diff_std,2086.3834710121155,184
3,f101_completed_AMT_CREDIT_d_total_debt_max,5288.740646362305,414
3,f101_completed_AMT_CREDIT_d_app_AMT_INCOME_TOTAL_std,707.6354475021362,67
3,f101_completed_AMT_CREDIT_d_app_AMT_INCOME_TOTAL_pctchange_max,650.903172492981,59
3,f101_completed_AMT_CREDIT_d_total_debt_pctchange_std,3107.6702704429626,259
3,f101_completed_AMT_CREDIT_d_total_debt_mean,5594.297011375427,399
3,f101_completed_AMT_CREDIT_d_total_debt_pctchange_mean,6818.0084047317505,524
3,f101_completed_AMT_CREDIT_d_total_debt_min,3902.7715792655945,336
3,f101_completed_AMT_CREDIT_d_total_debt_max_div_min,2010.8319158554077,181
3,f101_completed_AMT_CREDIT_d_total_debt_std_div_mean,2897.5409088134766,252
3,f101_completed_AMT_CREDIT_m_app_AMT_GOODS_PRICE_d_app_AMT_INCOME_TOTAL_diff_max,373.920850276947,34
3,f101_completed_AMT_CREDIT_m_app_AMT_GOODS_PRICE_d_app_AMT_INCOME_TOTAL_diff_mean,926.9187202453613,86
3,f101_completed_AMT_CREDIT_m_app_AMT_GOODS_PRICE_d_app_AMT_INCOME_TOTAL_std,670.8060607910156,62
3,f101_completed_AMT_CREDIT_max,1294.4285807609558,110
3,f101_completed_AMT_CREDIT_s_app_AMT_ANNUITY_d_app_AMT_INCOME_TOTAL_diff_max,445.65457105636597,37
3,f101_completed_AMT_CREDIT_s_app_AMT_ANNUITY_d_app_AMT_INCOME_TOTAL_diff_mean,743.4955711364746,63
3,f101_completed_AMT_CREDIT_max_div_min,253.5572509765625,21
3,f101_completed_AMT_CREDIT_mean,1889.6716485023499,165
3,f101_completed_AMT_CREDIT_s_app_AMT_ANNUITY_diff_max,360.48555278778076,29
3,f101_completed_AMT_CREDIT_s_app_AMT_ANNUITY_d_app_AMT_INCOME_TOTAL_max,1388.3353219032288,115
3,f101_completed_AMT_CREDIT_s_app_AMT_ANNUITY_d_app_AMT_INCOME_TOTAL_mean,1807.9157643318176,163
3,f101_completed_AMT_CREDIT_s_app_AMT_ANNUITY_diff_mean,694.3016848564148,58
3,f101_completed_AMT_CREDIT_s_app_AMT_ANNUITY_std,300.3245897293091,26
3,f101_completed_AMT_CREDIT_s_app_AMT_ANNUITY_max,1721.903380393982,138
3,f101_completed_AMT_CREDIT_s_app_AMT_CREDIT_d_app_AMT_INCOME_TOTAL_diff_max,308.3387770652771,25
3,f101_completed_AMT_CREDIT_s_app_AMT_ANNUITY_d_app_AMT_INCOME_TOTAL_std,360.9559807777405,35
3,f101_completed_AMT_CREDIT_s_app_AMT_ANNUITY_mean,1553.8597588539124,133
3,f101_completed_AMT_CREDIT_s_app_AMT_CREDIT_d_app_AMT_INCOME_TOTAL_diff_mean,542.2877888679504,49
3,f101_completed_AMT_CREDIT_s_app_AMT_CREDIT_diff_max,216.62251949310303,20
3,f101_completed_AMT_CREDIT_s_app_AMT_CREDIT_min,5261.343710899353,367
3,f101_completed_AMT_CREDIT_s_app_AMT_CREDIT_diff_mean,513.223391532898,44
3,f101_completed_AMT_CREDIT_s_app_AMT_CREDIT_d_app_AMT_INCOME_TOTAL_std,591.8222117424011,50
3,f101_completed_AMT_CREDIT_s_app_AMT_GOODS_PRICE_diff_max,511.6148805618286,43
3,f101_completed_AMT_CREDIT_s_app_AMT_INCOME_TOTAL_diff_max,330.66192054748535,28
3,f101_completed_AMT_CREDIT_s_app_AMT_GOODS_PRICE_diff_mean,776.7364406585693,70
3,f101_completed_AMT_CREDIT_s_app_AMT_GOODS_PRICE_mean,4032.4766898155212,282
3,f101_completed_AMT_CREDIT_s_app_AMT_GOODS_PRICE_min,6253.289290904999,363
3,f101_completed_AMT_CREDIT_s_app_AMT_CREDIT_std,471.69135999679565,41
3,f101_completed_AMT_CREDIT_s_app_AMT_GOODS_PRICE_std,801.9133877754211,67
3,f101_completed_AMT_CREDIT_s_app_AMT_INCOME_TOTAL_max,2481.67528963089,227
3,f101_completed_AMT_CREDIT_s_app_AMT_INCOME_TOTAL_diff_mean,490.72745275497437,43
3,f101_completed_AMT_CREDIT_std,484.94074153900146,41
3,f101_completed_AMT_DOWN_PAYMENT_d_AMT_GOODS_PRICE_mean,1964.4766664505005,177
3,f101_completed_AMT_DOWN_PAYMENT_d_AMT_GOODS_PRICE_diff_min,3144.0971336364746,292
3,f101_completed_AMT_CREDIT_s_app_AMT_INCOME_TOTAL_std,403.9373621940613,38
3,f101_completed_AMT_DOWN_PAYMENT_max,4052.021520614624,249
3,f101_completed_AMT_DOWN_PAYMENT_mean,2705.945550441742,220
3,f101_completed_AMT_GOODS_PRICE_d_AMT_ANNUITY_diff_max,2546.755452632904,222
3,f101_completed_AMT_DOWN_PAYMENT_d_AMT_GOODS_PRICE_max,1623.7166156768799,146
3,f101_completed_AMT_DOWN_PAYMENT_std,3149.6043124198914,260
3,f101_completed_AMT_GOODS_PRICE_d_AMT_ANNUITY_pctchange_max,2809.5599389076233,253
3,f101_completed_AMT_GOODS_PRICE_d_AMT_CREDIT_max_div_min,1105.920398235321,102
3,f101_completed_AMT_GOODS_PRICE_d_AMT_ANNUITY_mean,3362.841163635254,305
3,f101_completed_AMT_GOODS_PRICE_d_AMT_CREDIT_mean,2894.6899943351746,213
3,f101_completed_AMT_GOODS_PRICE_d_AMT_ANNUITY_max_div_min,1497.0677814483643,129
3,f101_completed_AMT_GOODS_PRICE_d_AMT_ANNUITY_max,3767.378866672516,335
3,f101_completed_AMT_GOODS_PRICE_d_AMT_CREDIT_max,1923.7620334625244,150
3,f101_completed_AMT_GOODS_PRICE_d_app_AMT_ANNUITY_min,5178.325474262238,358
3,f101_completed_AMT_GOODS_PRICE_d_app_AMT_ANNUITY_pctchange_max,584.2080769538879,53
3,f101_completed_AMT_GOODS_PRICE_d_app_AMT_ANNUITY_diff_mean,1833.1230239868164,156
3,f101_completed_AMT_GOODS_PRICE_d_app_AMT_ANNUITY_diff_max,1470.9657278060913,130
3,f101_completed_AMT_GOODS_PRICE_d_app_AMT_ANNUITY_mean,6538.431389331818,310
3,f101_completed_AMT_GOODS_PRICE_d_app_AMT_ANNUITY_max_div_min,362.96901655197144,33
3,f101_completed_AMT_GOODS_PRICE_d_app_AMT_ANNUITY_max,4527.765061378479,255
3,f101_completed_AMT_GOODS_PRICE_d_app_AMT_CREDIT_diff_std,2367.3208928108215,215
3,f101_completed_AMT_GOODS_PRICE_d_app_AMT_CREDIT_max,3461.2421646118164,237
3,f101_completed_AMT_GOODS_PRICE_d_app_AMT_CREDIT_diff_mean,2162.184805870056,181
3,f101_completed_AMT_GOODS_PRICE_d_app_AMT_CREDIT_diff_max,1383.505886554718,122
3,f101_completed_AMT_GOODS_PRICE_d_app_AMT_ANNUITY_std,1648.406653881073,148
3,f101_completed_AMT_GOODS_PRICE_d_app_AMT_CREDIT_min,3842.2926201820374,309
3,f101_completed_AMT_GOODS_PRICE_d_app_AMT_CREDIT_max_div_min,270.6724190711975,23
3,f101_completed_AMT_GOODS_PRICE_d_app_AMT_CREDIT_pctchange_max,460.1974220275879,43
3,f101_completed_AMT_GOODS_PRICE_d_app_AMT_CREDIT_std,1221.536367893219,99
3,f101_completed_AMT_GOODS_PRICE_d_app_AMT_GOODS_PRICE_max_div_min,676.9539499282837,62
3,f101_completed_AMT_GOODS_PRICE_d_app_AMT_CREDIT_mean,3027.278827905655,215
3,f101_completed_AMT_GOODS_PRICE_d_app_AMT_GOODS_PRICE_mean,2017.1388311386108,173
3,f101_completed_AMT_GOODS_PRICE_d_app_AMT_GOODS_PRICE_max,2525.376353740692,206
3,f101_completed_AMT_GOODS_PRICE_d_app_AMT_INCOME_TOTAL_diff_max,405.0635781288147,36
3,f101_completed_AMT_GOODS_PRICE_d_app_AMT_GOODS_PRICE_std,1445.4789814949036,126
3,f101_completed_AMT_GOODS_PRICE_d_app_AMT_GOODS_PRICE_diff_max,1290.5867657661438,113
3,f101_completed_AMT_GOODS_PRICE_d_app_AMT_GOODS_PRICE_pctchange_max,1031.3463506698608,92
3,f101_completed_AMT_GOODS_PRICE_d_app_AMT_INCOME_TOTAL_max,1747.2609014511108,157
3,f101_completed_AMT_GOODS_PRICE_d_app_AMT_INCOME_TOTAL_max_div_min,327.78404712677,28
3,f101_completed_AMT_GOODS_PRICE_d_app_AMT_INCOME_TOTAL_mean,2437.9781680107117,215
3,f101_completed_AMT_GOODS_PRICE_d_app_AMT_INCOME_TOTAL_diff_mean,439.41175746917725,32
3,f101_completed_AMT_GOODS_PRICE_d_app_AMT_INCOME_TOTAL_std,233.61806869506836,21
3,f101_completed_AMT_GOODS_PRICE_d_app_AMT_INCOME_TOTAL_pctchange_max,712.1660385131836,58
3,f101_completed_AMT_GOODS_PRICE_d_total_debt_min,4867.19353055954,348
3,f101_completed_AMT_GOODS_PRICE_d_total_debt_max,10344.951569080353,406
3,f101_completed_AMT_GOODS_PRICE_d_total_debt_mean,7864.6104464530945,403
3,f101_completed_AMT_GOODS_PRICE_d_total_debt_max_div_min,1716.004430770874,150
3,f101_completed_AMT_GOODS_PRICE_d_total_debt_pctchange_std,3227.3870549201965,273
3,f101_completed_AMT_GOODS_PRICE_m_app_AMT_GOODS_PRICE_d_app_AMT_INCOME_TOTAL_diff_max,402.0020694732666,33
3,f101_completed_AMT_GOODS_PRICE_max,1246.945279598236,89
3,f101_completed_AMT_GOODS_PRICE_mean,1983.034351825714,154
3,f101_completed_AMT_GOODS_PRICE_m_app_AMT_GOODS_PRICE_d_app_AMT_INCOME_TOTAL_std,387.47332191467285,34
3,f101_completed_AMT_GOODS_PRICE_m_app_AMT_GOODS_PRICE_d_app_AMT_INCOME_TOTAL_diff_mean,749.2447967529297,62
3,f101_completed_AMT_GOODS_PRICE_s_app_AMT_ANNUITY_d_app_AMT_INCOME_TOTAL_diff_max,372.7062397003174,32
3,f101_completed_AMT_GOODS_PRICE_min,3400.83872795105,301
3,f101_completed_AMT_GOODS_PRICE_max_div_min,203.59619045257568,19
3,f101_completed_AMT_GOODS_PRICE_s_app_AMT_ANNUITY_d_app_AMT_INCOME_TOTAL_diff_mean,391.6272487640381,29
3,f101_completed_AMT_GOODS_PRICE_s_app_AMT_ANNUITY_d_app_AMT_INCOME_TOTAL_mean,1494.9906964302063,111
3,f101_completed_AMT_GOODS_PRICE_s_app_AMT_ANNUITY_d_app_AMT_INCOME_TOTAL_max,963.6783394813538,79
3,f101_completed_AMT_GOODS_PRICE_s_app_AMT_ANNUITY_d_app_AMT_INCOME_TOTAL_std,310.47712898254395,29
3,f101_completed_AMT_GOODS_PRICE_s_app_AMT_ANNUITY_diff_mean,341.54442071914673,26
3,f101_completed_AMT_GOODS_PRICE_s_app_AMT_ANNUITY_max,1523.6911590099335,103
3,f101_completed_AMT_GOODS_PRICE_s_app_AMT_ANNUITY_std,209.10245752334595,18
3,f101_completed_AMT_GOODS_PRICE_s_app_AMT_ANNUITY_mean,1440.7407722473145,94
3,f101_completed_AMT_GOODS_PRICE_s_app_AMT_ANNUITY_diff_max,363.212833404541,30
3,f101_completed_AMT_GOODS_PRICE_s_app_AMT_CREDIT_d_app_AMT_INCOME_TOTAL_diff_max,428.0606770515442,35
3,f101_completed_AMT_GOODS_PRICE_s_app_AMT_CREDIT_diff_mean,452.0041308403015,40
3,f101_completed_AMT_GOODS_PRICE_s_app_AMT_CREDIT_d_app_AMT_INCOME_TOTAL_diff_mean,459.367760181427,34
3,f101_completed_AMT_GOODS_PRICE_s_app_AMT_CREDIT_d_app_AMT_INCOME_TOTAL_std,246.2520899772644,22
3,f101_completed_AMT_GOODS_PRICE_s_app_AMT_CREDIT_min,3598.6771273612976,240
3,f101_completed_AMT_GOODS_PRICE_s_app_AMT_CREDIT_diff_max,219.61915159225464,18
3,f101_completed_AMT_GOODS_PRICE_s_app_AMT_CREDIT_std,90.34680032730103,9
3,f101_completed_AMT_GOODS_PRICE_s_app_AMT_GOODS_PRICE_diff_max,337.6979298591614,31
3,f101_completed_AMT_GOODS_PRICE_s_app_AMT_GOODS_PRICE_mean,2287.224015235901,150
3,f101_completed_AMT_GOODS_PRICE_s_app_AMT_GOODS_PRICE_diff_mean,638.8856735229492,51
3,f101_completed_AMT_GOODS_PRICE_s_app_AMT_GOODS_PRICE_min,4991.335768699646,310
3,f101_completed_AMT_GOODS_PRICE_s_app_AMT_INCOME_TOTAL_diff_max,320.8545413017273,27
3,f101_completed_AMT_GOODS_PRICE_std,209.9407114982605,21
3,f101_completed_AMT_GOODS_PRICE_s_app_AMT_GOODS_PRICE_std,354.79280853271484,31
3,f101_completed_AMT_GOODS_PRICE_s_app_AMT_INCOME_TOTAL_max,1748.6038627624512,153
3,f101_completed_AMT_GOODS_PRICE_s_app_AMT_INCOME_TOTAL_diff_mean,314.8789987564087,25
3,f101_completed_AMT_GOODS_PRICE_s_app_AMT_INCOME_TOTAL_std,193.0763807296753,15
3,f101_completed_CHANNEL_TYPE_Credit_and_cash_offices_sum,519.8033437728882,45
3,f101_completed_CHANNEL_TYPE_Country_wide_sum,829.7453498840332,81
3,f101_completed_CNT_PAYMENT_min,106.2574896812439,11
3,f101_completed_CODE_REJECT_REASON_XAP_sum,86.27743864059448,9
3,f101_completed_CNT_PAYMENT_max_div_min,83.88938999176025,7
3,f101_completed_CHANNEL_TYPE_Stone_sum,923.1350502967834,88
3,f101_completed_DAYS_DECISION_d_app_DAYS_EMPLOYED_max,1448.1195607185364,126
3,f101_completed_DAYS_DECISION_d_app_DAYS_EMPLOYED_std_div_mean,977.1635398864746,87
3,f101_completed_DAYS_DECISION_d_app_DAYS_BIRTH_max_div_min,469.26939153671265,34
3,f101_completed_DAYS_DECISION_d_app_DAYS_BIRTH_min,3416.6271595954895,274
3,f101_completed_DAYS_DECISION_d_app_DAYS_BIRTH_std_div_mean,252.23233890533447,21
3,f101_completed_DAYS_DECISION_d_app_DAYS_ID_PUBLISH_max_div_min,354.65348052978516,29
3,f101_completed_DAYS_DECISION_d_app_DAYS_EMPLOYED_max_div_min,719.5246114730835,59
3,f101_completed_DAYS_DECISION_d_app_DAYS_EMPLOYED_min,13772.740492343903,204
3,f101_completed_DAYS_DECISION_d_app_DAYS_EMPLOYED_mean,1304.408341884613,105
3,f101_completed_DAYS_DECISION_d_app_DAYS_ID_PUBLISH_std_div_mean,420.63734912872314,32
3,f101_completed_DAYS_DECISION_d_app_DAYS_LAST_PHONE_CHANGE_max_div_min,1611.7533874511719,131
3,f101_completed_DAYS_DECISION_d_app_DAYS_REGISTRATION_max_div_min,430.14825105667114,34
3,f101_completed_DAYS_DECISION_s_app_DAYS_BIRTH_mean,1168.5913729667664,86
3,f101_completed_DAYS_DECISION_s_app_DAYS_BIRTH_min,1175.318265914917,97
3,f101_completed_DAYS_DECISION_d_app_DAYS_LAST_PHONE_CHANGE_std_div_mean,1429.0435042381287,126
3,f101_completed_DAYS_DECISION_d_app_DAYS_REGISTRATION_std_div_mean,546.2292637825012,42
3,f101_completed_DAYS_DECISION_s_app_DAYS_ID_PUBLISH_mean,1357.7551469802856,117
3,f101_completed_DAYS_DECISION_s_app_DAYS_EMPLOYED_max,2363.720402240753,130
3,f101_completed_DAYS_DECISION_s_app_DAYS_BIRTH_max,5341.18062210083,169
3,f101_completed_DAYS_DECISION_s_app_DAYS_BIRTH_std,473.05643033981323,39
3,f101_completed_DAYS_DECISION_s_app_DAYS_EMPLOYED_mean,1153.5952496528625,86
3,f101_completed_DAYS_DECISION_s_app_DAYS_BIRTH_max_div_min,1079.8553204536438,89
3,f101_completed_DAYS_DECISION_s_app_DAYS_EMPLOYED_min,1249.5306792259216,105
3,f101_completed_DAYS_DECISION_s_app_DAYS_ID_PUBLISH_max,2622.4763708114624,188
3,f101_completed_DAYS_DECISION_s_app_DAYS_EMPLOYED_std,516.7695689201355,41
3,f101_completed_DAYS_DECISION_s_app_DAYS_ID_PUBLISH_std,435.5828881263733,40
3,f101_completed_DAYS_FIRST_DRAWING_d_app_DAYS_BIRTH_max,0.0,0
3,f101_completed_DAYS_DECISION_s_app_DAYS_ID_PUBLISH_min,1450.9494495391846,125
3,f101_completed_DAYS_FIRST_DRAWING_d_app_DAYS_EMPLOYED_max_div_min,0.0,0
3,f101_completed_DAYS_FIRST_DRAWING_d_app_DAYS_BIRTH_max_div_min,0.0,0
3,f101_completed_DAYS_DECISION_s_app_DAYS_REGISTRATION_max,1685.8469767570496,143
3,f101_completed_DAYS_FIRST_DRAWING_d_app_DAYS_EMPLOYED_max,0.0,0
3,f101_completed_DAYS_FIRST_DRAWING_d_app_DAYS_BIRTH_mean,0.0,0
3,f101_completed_DAYS_DECISION_s_app_DAYS_LAST_PHONE_CHANGE_mean,1804.8426609039307,146
3,f101_completed_DAYS_DECISION_s_app_DAYS_LAST_PHONE_CHANGE_max,3470.4320940971375,208
3,f101_completed_DAYS_DECISION_s_app_DAYS_LAST_PHONE_CHANGE_std,411.00468015670776,31
3,f101_completed_DAYS_DECISION_s_app_DAYS_REGISTRATION_mean,939.6427750587463,73
3,f101_completed_DAYS_FIRST_DRAWING_d_app_DAYS_ID_PUBLISH_max_div_min,0.0,0
3,f101_completed_DAYS_FIRST_DRAWING_d_app_DAYS_BIRTH_min,0.0,0
3,f101_completed_DAYS_FIRST_DRAWING_d_app_DAYS_REGISTRATION_max,0.0,0
3,f101_completed_DAYS_FIRST_DRAWING_d_app_DAYS_EMPLOYED_mean,0.0,0
3,f101_completed_DAYS_FIRST_DRAWING_d_app_DAYS_LAST_PHONE_CHANGE_max,0.0,0
3,f101_completed_DAYS_DECISION_s_app_DAYS_REGISTRATION_min,1053.5993609428406,97
3,f101_completed_DAYS_FIRST_DRAWING_d_app_DAYS_LAST_PHONE_CHANGE_max_div_min,0.0,0
3,f101_completed_DAYS_FIRST_DRAWING_d_app_DAYS_ID_PUBLISH_max,0.0,0
3,f101_completed_DAYS_FIRST_DRAWING_d_app_DAYS_LAST_PHONE_CHANGE_min,0.0,0
3,f101_completed_DAYS_DECISION_s_app_DAYS_REGISTRATION_std,425.238157749176,36
3,f101_completed_DAYS_FIRST_DRAWING_s_app_DAYS_BIRTH_max,0.0,0
3,f101_completed_DAYS_FIRST_DRAWING_s_DAYS_DECISIONS_mean,0.0,0
3,f101_completed_DAYS_FIRST_DRAWING_d_app_DAYS_EMPLOYED_min,0.0,0
3,f101_completed_DAYS_FIRST_DRAWING_d_app_DAYS_REGISTRATION_min,0.0,0
3,f101_completed_DAYS_FIRST_DRAWING_d_app_DAYS_ID_PUBLISH_mean,0.0,0
3,f101_completed_DAYS_FIRST_DRAWING_d_app_DAYS_LAST_PHONE_CHANGE_mean,0.0,0
3,f101_completed_DAYS_FIRST_DRAWING_d_app_DAYS_ID_PUBLISH_min,0.0,0
3,f101_completed_DAYS_FIRST_DRAWING_s_DAYS_DECISIONS_max,0.0,0
3,f101_completed_DAYS_FIRST_DRAWING_s_app_DAYS_EMPLOYED_min,0.0,0
3,f101_completed_DAYS_FIRST_DRAWING_s_app_DAYS_BIRTH_mean,0.0,0
3,f101_completed_DAYS_FIRST_DRAWING_d_app_DAYS_REGISTRATION_mean,0.0,0
3,f101_completed_DAYS_FIRST_DRAWING_d_app_DAYS_REGISTRATION_max_div_min,0.0,0
3,f101_completed_DAYS_FIRST_DRAWING_s_DAYS_DECISIONS_min,0.0,0
3,f101_completed_DAYS_FIRST_DRAWING_s_app_DAYS_BIRTH_max_div_min,0.0,0
3,f101_completed_DAYS_FIRST_DRAWING_s_app_DAYS_EMPLOYED_max,0.0,0
3,f101_completed_DAYS_FIRST_DRAWING_s_app_DAYS_LAST_PHONE_CHANGE_max,0.0,0
3,f101_completed_DAYS_FIRST_DRAWING_s_app_DAYS_BIRTH_min,0.0,0
3,f101_completed_DAYS_FIRST_DRAWING_s_app_DAYS_ID_PUBLISH_max_div_min,0.0,0
3,f101_completed_DAYS_FIRST_DRAWING_s_app_DAYS_LAST_PHONE_CHANGE_max_div_min,0.0,0
3,f101_completed_DAYS_FIRST_DRAWING_s_app_DAYS_LAST_PHONE_CHANGE_mean,0.0,0
3,f101_completed_DAYS_FIRST_DRAWING_s_app_DAYS_ID_PUBLISH_max,0.0,0
3,f101_completed_DAYS_FIRST_DRAWING_s_app_DAYS_EMPLOYED_max_div_min,0.0,0
3,f101_completed_DAYS_FIRST_DRAWING_s_app_DAYS_ID_PUBLISH_min,0.0,0
3,f101_completed_DAYS_FIRST_DRAWING_s_app_DAYS_EMPLOYED_mean,0.0,0
3,f101_completed_DAYS_FIRST_DRAWING_s_app_DAYS_REGISTRATION_min,0.0,0
3,f101_completed_DAYS_FIRST_DRAWING_s_app_DAYS_ID_PUBLISH_mean,0.0,0
3,f101_completed_DAYS_FIRST_DRAWING_s_app_DAYS_LAST_PHONE_CHANGE_min,0.0,0
3,f101_completed_DAYS_FIRST_DRAWING_s_app_DAYS_REGISTRATION_max,0.0,0
3,f101_completed_DAYS_FIRST_DRAWING_s_app_DAYS_REGISTRATION_max_div_min,0.0,0
3,f101_completed_DAYS_FIRST_DRAWING_s_app_DAYS_REGISTRATION_mean,0.0,0
3,f101_completed_DAYS_FIRST_DUE_d_app_DAYS_BIRTH_max_div_min,304.94391918182373,27
3,f101_completed_DAYS_FIRST_DUE_d_app_DAYS_EMPLOYED_max,1323.7633147239685,121
3,f101_completed_DAYS_FIRST_DUE_d_app_DAYS_EMPLOYED_mean,1311.6241850852966,118
3,f101_completed_DAYS_FIRST_DUE_d_app_DAYS_ID_PUBLISH_max_div_min,348.66897916793823,27
3,f101_completed_DAYS_FIRST_DUE_d_app_DAYS_BIRTH_min,3076.5037039630115,243
3,f101_completed_DAYS_FIRST_DUE_d_app_DAYS_EMPLOYED_min,6139.916659355164,152
3,f101_completed_DAYS_FIRST_DUE_d_app_DAYS_EMPLOYED_std_div_mean,883.4925932884216,79
3,f101_completed_DAYS_FIRST_DUE_d_app_DAYS_EMPLOYED_max_div_min,782.2949433326721,70
3,f101_completed_DAYS_FIRST_DUE_d_app_DAYS_LAST_PHONE_CHANGE_max_div_min,1381.1196885108948,113
3,f101_completed_DAYS_FIRST_DUE_d_app_DAYS_BIRTH_std_div_mean,451.6915969848633,38
3,f101_completed_DAYS_FIRST_DUE_s_DAYS_DECISIONS_min,2918.602161884308,235
3,f101_completed_DAYS_FIRST_DUE_d_app_DAYS_LAST_PHONE_CHANGE_std_div_mean,1234.7954154014587,112
3,f101_completed_DAYS_FIRST_DUE_s_DAYS_FIRST_DRAWING_max_div_min,0.0,0
3,f101_completed_DAYS_FIRST_DUE_s_DAYS_FIRST_DRAWING_mean,0.0,0
3,f101_completed_DAYS_FIRST_DUE_s_DAYS_FIRST_DRAWING_min,0.0,0
3,f101_completed_DAYS_FIRST_DUE_d_app_DAYS_REGISTRATION_max_div_min,419.5110001564026,30
3,f101_completed_DAYS_FIRST_DUE_d_app_DAYS_ID_PUBLISH_std_div_mean,269.2403507232666,22
3,f101_completed_DAYS_FIRST_DUE_s_DAYS_FIRST_DRAWING_max,0.0,0
3,f101_completed_DAYS_FIRST_DUE_s_app_DAYS_BIRTH_mean,1079.4285559654236,85
3,f101_completed_DAYS_FIRST_DUE_d_app_DAYS_REGISTRATION_std_div_mean,468.89673233032227,44
3,f101_completed_DAYS_FIRST_DUE_s_app_DAYS_EMPLOYED_min,1355.6261978149414,119
3,f101_completed_DAYS_FIRST_DUE_s_app_DAYS_BIRTH_max,3904.546727180481,140
3,f101_completed_DAYS_FIRST_DUE_s_app_DAYS_BIRTH_min,1157.6732239723206,95
3,f101_completed_DAYS_FIRST_DUE_s_app_DAYS_BIRTH_max_div_min,811.7860817909241,75
3,f101_completed_DAYS_FIRST_DUE_s_app_DAYS_ID_PUBLISH_mean,1561.3305439949036,125
3,f101_completed_DAYS_FIRST_DUE_s_app_DAYS_EMPLOYED_std,453.6870803833008,40
3,f101_completed_DAYS_FIRST_DUE_s_app_DAYS_BIRTH_std,230.42635202407837,20
3,f101_completed_DAYS_FIRST_DUE_s_app_DAYS_EMPLOYED_max,2722.463173389435,158
3,f101_completed_DAYS_FIRST_DUE_s_app_DAYS_EMPLOYED_mean,1239.6544799804688,102
3,f101_completed_DAYS_FIRST_DUE_s_app_DAYS_ID_PUBLISH_max,2796.2442259788513,195
3,f101_completed_DAYS_FIRST_DUE_s_app_DAYS_REGISTRATION_mean,1119.816562652588,93
3,f101_completed_DAYS_FIRST_DUE_s_app_DAYS_LAST_PHONE_CHANGE_max_div_min,2926.649146080017,260
3,f101_completed_DAYS_FIRST_DUE_s_app_DAYS_LAST_PHONE_CHANGE_std,425.3833918571472,37
3,f101_completed_DAYS_FIRST_DUE_s_app_DAYS_REGISTRATION_min,1104.3316669464111,93
3,f101_completed_DAYS_FIRST_DUE_s_app_DAYS_ID_PUBLISH_min,1247.058777332306,107
3,f101_completed_DAYS_FIRST_DUE_s_app_DAYS_REGISTRATION_max,1807.455523967743,144
3,f101_completed_DAYS_FIRST_DUE_s_app_DAYS_LAST_PHONE_CHANGE_max,3562.4498524665833,210
3,f101_completed_DAYS_FIRST_DUE_s_app_DAYS_LAST_PHONE_CHANGE_mean,1877.8137755393982,158
3,f101_completed_DAYS_FIRST_DUE_s_app_DAYS_ID_PUBLISH_std,342.6307110786438,29
3,f101_completed_DAYS_FIRST_DUE_s_app_DAYS_REGISTRATION_std,408.3260326385498,30
3,f101_completed_DAYS_LAST_DUE_1ST_VERSION_s_DAYS_FIRST_DRAWING_min,0.0,0
3,f101_completed_DAYS_LAST_DUE_1ST_VERSION_d_app_DAYS_EMPLOYED_mean,2293.7266330718994,189
3,f101_completed_DAYS_LAST_DUE_1ST_VERSION_d_app_DAYS_BIRTH_min,5553.690237998962,390
3,f101_completed_DAYS_LAST_DUE_1ST_VERSION_d_app_DAYS_EMPLOYED_min,2810.3836393356323,246
3,f101_completed_DAYS_LAST_DUE_1ST_VERSION_d_app_DAYS_EMPLOYED_std_div_mean,2485.006362438202,228
3,f101_completed_DAYS_LAST_DUE_1ST_VERSION_s_DAYS_FIRST_DRAWING_max,0.0,0
3,f101_completed_DAYS_LAST_DUE_1ST_VERSION_s_DAYS_FIRST_DRAWING_mean,0.0,0
3,f101_completed_DAYS_LAST_DUE_1ST_VERSION_s_DAYS_FIRST_DRAWING_max_div_min,0.0,0
3,f101_completed_DAYS_LAST_DUE_1ST_VERSION_s_DAYS_DECISIONS_max_div_min,1178.5009264945984,109
3,f101_completed_DAYS_LAST_DUE_1ST_VERSION_s_DAYS_DECISIONS_min,2635.496262550354,238
3,f101_completed_DAYS_LAST_DUE_1ST_VERSION_s_DAYS_FIRST_DUE_min,233.006769657135,21
3,f101_completed_DAYS_LAST_DUE_1ST_VERSION_s_app_DAYS_BIRTH_std,510.58046102523804,47
3,f101_completed_DAYS_LAST_DUE_1ST_VERSION_s_app_DAYS_BIRTH_max_div_min,975.3412551879883,84
3,f101_completed_DAYS_LAST_DUE_1ST_VERSION_s_app_DAYS_BIRTH_min,1434.04834318161,119
3,f101_completed_DAYS_LAST_DUE_1ST_VERSION_s_DAYS_FIRST_DUE_max_div_min,424.9377193450928,41
3,f101_completed_DAYS_LAST_DUE_1ST_VERSION_s_app_DAYS_BIRTH_max,2295.195182323456,135
3,f101_completed_DAYS_LAST_DUE_1ST_VERSION_s_app_DAYS_ID_PUBLISH_min,1784.714343070984,151
3,f101_completed_DAYS_LAST_DUE_1ST_VERSION_s_app_DAYS_EMPLOYED_mean,1177.0007982254028,95
3,f101_completed_DAYS_LAST_DUE_1ST_VERSION_s_app_DAYS_BIRTH_mean,1498.6503944396973,119
3,f101_completed_DAYS_LAST_DUE_1ST_VERSION_s_app_DAYS_EMPLOYED_max,2128.788017272949,153
3,f101_completed_DAYS_LAST_DUE_1ST_VERSION_s_app_DAYS_ID_PUBLISH_mean,1433.3870196342468,118
3,f101_completed_DAYS_LAST_DUE_1ST_VERSION_s_app_DAYS_ID_PUBLISH_max,2856.4479370117188,233
3,f101_completed_DAYS_LAST_DUE_1ST_VERSION_s_app_DAYS_EMPLOYED_min,1128.4885258674622,99
3,f101_completed_DAYS_LAST_DUE_1ST_VERSION_s_app_DAYS_LAST_PHONE_CHANGE_mean,2163.8107619285583,187
3,f101_completed_DAYS_LAST_DUE_1ST_VERSION_s_app_DAYS_REGISTRATION_max,1804.9767060279846,147
3,f101_completed_DAYS_LAST_DUE_1ST_VERSION_s_app_DAYS_ID_PUBLISH_std,591.5457797050476,53
3,f101_completed_DAYS_LAST_DUE_1ST_VERSION_s_app_DAYS_LAST_PHONE_CHANGE_max,2474.6136775016785,191
3,f101_completed_DAYS_LAST_DUE_1ST_VERSION_s_app_DAYS_EMPLOYED_std,469.9936275482178,41
3,f101_completed_DAYS_LAST_DUE_1ST_VERSION_s_app_DAYS_REGISTRATION_mean,932.5023469924927,77
3,f101_completed_DAYS_LAST_DUE_1ST_VERSION_s_app_DAYS_REGISTRATION_min,1334.6042642593384,113
3,f101_completed_DAYS_LAST_DUE_1ST_VERSION_s_app_DAYS_LAST_PHONE_CHANGE_std,463.43383026123047,46
3,f101_completed_DAYS_LAST_DUE_d_app_DAYS_BIRTH_min,4463.135989665985,344
3,f101_completed_DAYS_LAST_DUE_d_app_DAYS_BIRTH_std_div_mean,633.1104521751404,55
3,f101_completed_DAYS_LAST_DUE_1ST_VERSION_s_app_DAYS_REGISTRATION_std,373.61689949035645,34
3,f101_completed_DAYS_LAST_DUE_d_app_DAYS_ID_PUBLISH_max_div_min,352.10122203826904,31
3,f101_completed_DAYS_LAST_DUE_d_app_DAYS_BIRTH_max_div_min,564.403450012207,44
3,f101_completed_DAYS_LAST_DUE_d_app_DAYS_EMPLOYED_min,1648.9744777679443,133
3,f101_completed_DAYS_LAST_DUE_d_app_DAYS_ID_PUBLISH_std_div_mean,721.6321578025818,65
3,f101_completed_DAYS_LAST_DUE_d_app_DAYS_EMPLOYED_mean,1962.2351489067078,147
3,f101_completed_DAYS_LAST_DUE_d_app_DAYS_REGISTRATION_max_div_min,636.4819779396057,49
3,f101_completed_DAYS_LAST_DUE_s_DAYS_FIRST_DRAWING_max,0.0,0
3,f101_completed_DAYS_LAST_DUE_s_DAYS_FIRST_DRAWING_min,0.0,0
3,f101_completed_DAYS_LAST_DUE_s_DAYS_FIRST_DRAWING_max_div_min,0.0,0
3,f101_completed_DAYS_LAST_DUE_s_DAYS_FIRST_DRAWING_mean,0.0,0
3,f101_completed_DAYS_LAST_DUE_d_app_DAYS_LAST_PHONE_CHANGE_std_div_mean,1666.1324605941772,149
3,f101_completed_DAYS_LAST_DUE_d_app_DAYS_LAST_PHONE_CHANGE_max_div_min,2160.972307920456,171
3,f101_completed_DAYS_LAST_DUE_d_app_DAYS_EMPLOYED_std_div_mean,1066.7397594451904,95
3,f101_completed_DAYS_LAST_DUE_s_DAYS_DECISIONS_max,4501.77508354187,404
3,f101_completed_DAYS_LAST_DUE_d_app_DAYS_REGISTRATION_std_div_mean,394.4139108657837,38
3,f101_completed_DAYS_LAST_DUE_s_DAYS_FIRST_DUE_max,1229.2567019462585,110
3,f101_completed_DAYS_LAST_DUE_s_DAYS_FIRST_DUE_max_div_min,2451.7549266815186,214
3,f101_completed_DAYS_LAST_DUE_s_DAYS_LAST_DUE_1ST_VERSION_max,1920.4975538253784,175
3,f101_completed_DAYS_LAST_DUE_s_DAYS_LAST_DUE_1ST_VERSION_max_div_min,1800.0663800239563,160
3,f101_completed_DAYS_LAST_DUE_s_app_DAYS_BIRTH_min,1468.7020559310913,119
3,f101_completed_DAYS_LAST_DUE_s_app_DAYS_BIRTH_std,515.6585998535156,46
3,f101_completed_DAYS_LAST_DUE_s_app_DAYS_BIRTH_max_div_min,903.9547190666199,83
3,f101_completed_DAYS_LAST_DUE_s_app_DAYS_BIRTH_max,3358.520751953125,176
3,f101_completed_DAYS_LAST_DUE_s_app_DAYS_BIRTH_mean,1736.006908416748,126
3,f101_completed_DAYS_LAST_DUE_s_DAYS_LAST_DUE_1ST_VERSION_std,4236.853303909302,335
3,f101_completed_DAYS_LAST_DUE_s_app_DAYS_ID_PUBLISH_min,1738.8688478469849,152
3,f101_completed_DAYS_LAST_DUE_s_app_DAYS_ID_PUBLISH_std,633.6283659934998,56
3,f101_completed_DAYS_LAST_DUE_s_app_DAYS_EMPLOYED_mean,1169.4189190864563,96
3,f101_completed_DAYS_LAST_DUE_s_app_DAYS_ID_PUBLISH_mean,1374.0410227775574,115
3,f101_completed_DAYS_LAST_DUE_s_app_DAYS_EMPLOYED_std,493.8282608985901,43
3,f101_completed_DAYS_LAST_DUE_s_app_DAYS_EMPLOYED_max,2370.691650390625,143
3,f101_completed_DAYS_LAST_DUE_s_app_DAYS_EMPLOYED_min,1293.2197198867798,112
3,f101_completed_DAYS_LAST_DUE_s_app_DAYS_LAST_PHONE_CHANGE_std,489.5031769275665,44
3,f101_completed_DAYS_LAST_DUE_s_app_DAYS_ID_PUBLISH_max,2641.532890319824,195
3,f101_completed_DAYS_LAST_DUE_s_app_DAYS_LAST_PHONE_CHANGE_max,3417.8195600509644,228
3,f101_completed_DAYS_LAST_DUE_s_app_DAYS_REGISTRATION_max,1930.354992389679,158
3,f101_completed_DAYS_LAST_DUE_s_app_DAYS_REGISTRATION_mean,1464.1971907615662,128
3,f101_completed_DAYS_LAST_DUE_s_app_DAYS_LAST_PHONE_CHANGE_mean,1903.6161527633667,170
3,f101_completed_DAYS_TERMINATION_d_app_DAYS_BIRTH_std_div_mean,391.9539031982422,35
3,f101_completed_DAYS_TERMINATION_d_app_DAYS_ID_PUBLISH_max_div_min,396.6373200416565,35
3,f101_completed_DAYS_TERMINATION_d_app_DAYS_BIRTH_min,6297.749894142151,452
3,f101_completed_DAYS_TERMINATION_d_app_DAYS_EMPLOYED_std_div_mean,1413.581307888031,122
3,f101_completed_DAYS_TERMINATION_d_app_DAYS_EMPLOYED_min,2218.230204105377,181
3,f101_completed_DAYS_LAST_DUE_s_app_DAYS_REGISTRATION_min,1279.9506397247314,111
3,f101_completed_DAYS_TERMINATION_d_app_DAYS_EMPLOYED_mean,1880.6376266479492,154
3,f101_completed_DAYS_LAST_DUE_s_app_DAYS_REGISTRATION_std,420.69292879104614,36
3,f101_completed_DAYS_TERMINATION_d_app_DAYS_BIRTH_max_div_min,399.49569749832153,36
3,f101_completed_DAYS_TERMINATION_s_DAYS_FIRST_DRAWING_mean,0.0,0
3,f101_completed_DAYS_TERMINATION_d_app_DAYS_LAST_PHONE_CHANGE_std_div_mean,1737.8390054702759,152
3,f101_completed_DAYS_TERMINATION_d_app_DAYS_REGISTRATION_max_div_min,595.0382313728333,47
3,f101_completed_DAYS_TERMINATION_s_DAYS_FIRST_DRAWING_max_div_min,0.0,0
3,f101_completed_DAYS_TERMINATION_d_app_DAYS_ID_PUBLISH_std_div_mean,467.7404317855835,38
3,f101_completed_DAYS_TERMINATION_d_app_DAYS_LAST_PHONE_CHANGE_max_div_min,2019.634771823883,166
3,f101_completed_DAYS_TERMINATION_s_DAYS_FIRST_DRAWING_min,0.0,0
3,f101_completed_DAYS_TERMINATION_s_DAYS_FIRST_DRAWING_max,0.0,0
3,f101_completed_DAYS_TERMINATION_d_app_DAYS_REGISTRATION_std_div_mean,618.6614179611206,59
3,f101_completed_DAYS_TERMINATION_s_DAYS_DECISIONS_max_div_min,2036.35338306427,180
3,f101_completed_DAYS_TERMINATION_s_app_DAYS_BIRTH_mean,1575.9415354728699,128
3,f101_completed_DAYS_TERMINATION_s_app_DAYS_BIRTH_min,1900.5890970230103,156
3,f101_completed_DAYS_TERMINATION_s_app_DAYS_BIRTH_max,2632.7014026641846,162
3,f101_completed_DAYS_TERMINATION_s_app_DAYS_ID_PUBLISH_max,2811.272838115692,224
3,f101_completed_DAYS_TERMINATION_s_app_DAYS_BIRTH_std,463.8926272392273,40
3,f101_completed_DAYS_TERMINATION_s_app_DAYS_EMPLOYED_mean,1385.0691375732422,110
3,f101_completed_DAYS_TERMINATION_s_app_DAYS_BIRTH_max_div_min,922.6271915435791,82
3,f101_completed_DAYS_TERMINATION_s_app_DAYS_ID_PUBLISH_std,631.3707098960876,53
3,f101_completed_DAYS_TERMINATION_s_app_DAYS_ID_PUBLISH_mean,1888.929639339447,162
3,f101_completed_DAYS_TERMINATION_s_app_DAYS_EMPLOYED_min,1762.546332359314,154
3,f101_completed_DAYS_TERMINATION_s_app_DAYS_LAST_PHONE_CHANGE_max,3718.812831878662,276
3,f101_completed_DAYS_TERMINATION_s_app_DAYS_EMPLOYED_max,2758.874178469181,178
3,f101_completed_DAYS_TERMINATION_s_app_DAYS_ID_PUBLISH_min,1852.740818977356,159
3,f101_completed_DAYS_TERMINATION_s_app_DAYS_EMPLOYED_std,396.9148693084717,35
3,f101_completed_DAYS_TERMINATION_s_app_DAYS_LAST_PHONE_CHANGE_mean,3034.430389881134,258
3,f101_completed_DAYS_TERMINATION_s_app_DAYS_LAST_PHONE_CHANGE_std,519.0539202690125,40
3,f101_completed_HOUR_APPR_PROCESS_START_max_div_min,2462.1938099861145,214
3,f101_completed_DAYS_TERMINATION_s_app_DAYS_REGISTRATION_max,2088.738130092621,184
3,f101_completed_DAYS_TERMINATION_s_app_DAYS_REGISTRATION_min,1802.992744922638,152
3,f101_completed_HOUR_APPR_PROCESS_START_max,6511.448312282562,360
3,f101_completed_DAYS_TERMINATION_s_app_DAYS_REGISTRATION_std,386.99447774887085,34
3,f101_completed_HOUR_APPR_PROCESS_START_mean,8422.462725162506,559
3,f101_completed_DAYS_TERMINATION_s_app_DAYS_REGISTRATION_mean,1655.4450497627258,144
3,f101_completed_NAME_CASH_LOAN_PURPOSE_XAP_sum,194.30502891540527,18
3,f101_completed_NAME_CLIENT_TYPE_Refreshed_sum,313.57208013534546,29
3,f101_completed_NAME_CASH_LOAN_PURPOSE_XNA_sum,125.1096305847168,13
3,f101_completed_NAME_CLIENT_TYPE_Refreshed_mean,647.5055379867554,56
3,f101_completed_NAME_CLIENT_TYPE_Repeater_sum,200.4044704437256,20
3,f101_completed_NAME_CLIENT_TYPE_New_sum,709.4201970100403,31
3,f101_completed_NAME_CLIENT_TYPE_Repeater_mean,553.9608297348022,45
3,f101_completed_NAME_CONTRACT_TYPE_Cash_loans_sum,132.53409004211426,11
3,f101_completed_NAME_CONTRACT_STATUS_Approved_sum,54.11215019226074,6
3,f101_completed_NAME_CLIENT_TYPE_New_mean,3797.753201007843,176
3,f101_completed_NAME_GOODS_CATEGORY_Consumer_Electronics_sum,259.4437098503113,28
3,f101_completed_NAME_CONTRACT_TYPE_Consumer_loans_sum,103.48902034759521,9
3,f101_completed_NAME_GOODS_CATEGORY_Furniture_sum,66.80360984802246,7
3,f101_completed_NAME_GOODS_CATEGORY_Furniture_mean,519.9260506629944,48
3,f101_completed_NAME_PAYMENT_TYPE_Cash_through_the_bank_sum,393.9545021057129,36
3,f101_completed_NAME_GOODS_CATEGORY_Mobile_mean,1101.2317566871643,100
3,f101_completed_NAME_PORTFOLIO_Cash_sum,92.95287036895752,8
3,f101_completed_NAME_PORTFOLIO_POS_sum,107.45161151885986,10
3,f101_completed_NAME_PRODUCT_TYPE_walk_in_mean,1496.4037199020386,93
3,f101_completed_NAME_PRODUCT_TYPE_x_sell_sum,170.75904941558838,14
3,f101_completed_NAME_PRODUCT_TYPE_XNA_sum,148.80300903320312,13
3,f101_completed_NAME_GOODS_CATEGORY_XNA_sum,152.71383047103882,13
3,f101_completed_NAME_SELLER_INDUSTRY_Connectivity_mean,1392.8499102592468,110
3,f101_completed_NAME_PRODUCT_TYPE_x_sell_mean,464.38526725769043,42
3,f101_completed_NAME_SELLER_INDUSTRY_Furniture_sum,19.336050033569336,2
3,f101_completed_NAME_SELLER_INDUSTRY_Furniture_mean,276.60114002227783,27
3,f101_completed_NAME_TYPE_SUITE_Family_sum,338.2810263633728,34
3,f101_completed_NAME_SELLER_INDUSTRY_Consumer_electronics_sum,473.7050709724426,47
3,f101_completed_NAME_YIELD_GROUP_low_action_sum,400.0725598335266,32
3,f101_completed_NAME_SELLER_INDUSTRY_XNA_sum,201.37865114212036,19
3,f101_completed_NAME_YIELD_GROUP_high_mean,2451.4905343055725,146
3,f101_completed_NAME_TYPE_SUITE_Unaccompanied_sum,962.5977396965027,93
3,f101_completed_NAME_YIELD_GROUP_middle_sum,474.640585899353,45
3,f101_completed_PRODUCT_COMBINATION_POS_industry_with_interest_mean,513.6600403785706,46
3,f101_completed_NAME_YIELD_GROUP_low_normal_sum,182.11203813552856,18
3,f101_completed_PRODUCT_COMBINATION_POS_industry_with_interest_sum,168.5092692375183,17
3,f101_completed_PRODUCT_COMBINATION_POS_industry_without_interest_sum,200.1138472557068,20
3,f101_completed_NAME_YIELD_GROUP_low_normal_mean,893.7460107803345,84
3,f101_completed_PREV_COUNT,32.69841957092285,4
3,f101_completed_PRODUCT_COMBINATION_POS_household_without_interest_sum,127.4139313697815,13
3,f101_completed_RATE_INTEREST_PRIMARY_std,0.0,0
3,f101_completed_RATE_INTEREST_PRIVILEGED_max_div_min,0.0,0
3,f101_completed_PRODUCT_COMBINATION_POS_household_with_interest_sum,857.5544114112854,78
3,f101_completed_PRODUCT_COMBINATION_POS_mobile_with_interest_mean,925.3081398010254,76
3,f101_completed_RATE_DOWN_PAYMENT_max,1350.0291442871094,113
3,f101_completed_RATE_INTEREST_PRIVILEGED_std,0.0,0
3,f101_completed_RATE_INTEREST_PRIVILEGED_min,0.0,0
3,f101_completed_RATE_INTEREST_PRIMARY_std_div_mean,0.0,0
3,f101_completed_RATE_INTEREST_PRIVILEGED_mean,0.0,0
3,f101_completed_RATE_INTEREST_PRIVILEGED_std_div_mean,0.0,0
3,f101_completed_RATE_DOWN_PAYMENT_mean,1529.8931632041931,131
3,f101_completed_WEEKDAY_APPR_PROCESS_START_SATURDAY_sum,724.1900815963745,72
3,f101_completed_amt_paid_mean,1749.9444885253906,158
3,f101_completed_amt_paid_max_div_min,1401.649540901184,112
3,f101_completed_amt_paid_max,1950.6479496955872,168
3,f101_completed_cnt_paid_max_div_min,99.0948715209961,8
3,f101_completed_amt_paid_sum,2251.873263835907,178
3,f101_completed_completed_sum,48.16995048522949,4
4,f101_completed_cnt_paid_min,3167.6915674209595,299
4,f101_completed_total_debt_pctchange_std_div_mean,4466.968613147736,411
4,f101_completed_total_debt_diff_mean,8206.077845573425,629
4,f101_completed_total_debt_max_div_min,5152.999839305878,335
4,f101_completed_interest_rate_max_div_min,5345.039134025574,336
4,f101_completed_total_debt_diff_max,6406.316052913666,534
4,f101_completed_interest_rate_max,5377.245735645294,531
4,f101_completed_interest_rate_std_div_mean,7263.077565670013,595
4,f101_completed_total_debt_mean,7257.9707016944885,623
4,f101_completed_interest_rate_mean,6964.637689113617,593
4,f101_completed_interest_rate_min,10861.571202278137,661
4,f101_completed_cnt_paid_sum,4470.5659165382385,382
4,f101_completed_total_debt_max,11793.176322937012,669
4,f101_nyg_high_AMT_ANNUITY_d_app_AMT_CREDIT_pctchange_std,933.2177891731262,95
4,f101_nyg_high_AMT_ANNUITY_d_app_AMT_GOODS_PRICE_diff_max,1917.5381498336792,189
4,f101_nyg_high_AMT_ANNUITY_d_app_AMT_CREDIT_pctchange_mean,815.2785873413086,70
4,f101_nyg_high_AMT_ANNUITY_d_app_AMT_ANNUITY_max_div_min,554.4341835975647,49
4,f101_nyg_high_AMT_ANNUITY_d_app_AMT_ANNUITY_pctchange_std,312.4117398262024,29
4,f101_nyg_high_AMT_ANNUITY_d_app_AMT_CREDIT_pctchange_max,539.091329574585,57
4,f101_nyg_high_AMT_ANNUITY_d_app_AMT_CREDIT_max_div_min,268.51943826675415,22
4,f101_nyg_high_AMT_ANNUITY_d_app_AMT_ANNUITY_pctchange_max,689.9977498054504,68
4,f101_nyg_high_AMT_ANNUITY_d_app_AMT_ANNUITY_pctchange_mean,908.4885110855103,88
4,f101_nyg_high_AMT_ANNUITY_d_app_AMT_ANNUITY_diff_max,1673.0330896377563,163
4,f101_nyg_high_AMT_ANNUITY_d_app_AMT_GOODS_PRICE_max_div_min,624.3719100952148,53
4,f101_nyg_high_AMT_ANNUITY_d_app_AMT_INCOME_TOTAL_diff_std,1065.1559777259827,108
4,f101_nyg_high_AMT_ANNUITY_d_app_AMT_INCOME_TOTAL_diff_mean,527.5427603721619,50
4,f101_nyg_high_AMT_ANNUITY_d_app_AMT_GOODS_PRICE_pctchange_std,484.45580863952637,47
4,f101_nyg_high_AMT_ANNUITY_d_app_AMT_GOODS_PRICE_pctchange_max,790.2812004089355,75
4,f101_nyg_high_AMT_ANNUITY_d_app_AMT_INCOME_TOTAL_diff_max,431.41655826568604,44
4,f101_nyg_high_AMT_ANNUITY_d_app_AMT_INCOME_TOTAL_pctchange_mean,645.270929813385,60
4,f101_nyg_high_AMT_ANNUITY_d_app_AMT_GOODS_PRICE_pctchange_mean,755.4370203018188,72
4,f101_nyg_high_AMT_ANNUITY_d_app_AMT_INCOME_TOTAL_max_div_min,266.4201693534851,27
4,f101_nyg_high_AMT_ANNUITY_d_app_AMT_INCOME_TOTAL_mean,2499.062868118286,247
4,f101_nyg_high_AMT_ANNUITY_d_app_AMT_INCOME_TOTAL_max,2271.0262002944946,225
4,f101_nyg_high_AMT_ANNUITY_d_app_AMT_INCOME_TOTAL_pctchange_max,719.5175538063049,67
4,f101_nyg_high_AMT_ANNUITY_d_app_AMT_INCOME_TOTAL_std,541.8576827049255,52
4,f101_nyg_high_AMT_ANNUITY_m_app_AMT_GOODS_PRICE_d_app_AMT_INCOME_TOTAL_diff_mean,876.7881541252136,82
4,f101_nyg_high_AMT_ANNUITY_d_app_AMT_INCOME_TOTAL_pctchange_std,58.480751037597656,5
4,f101_nyg_high_AMT_ANNUITY_m_app_AMT_GOODS_PRICE_d_app_AMT_INCOME_TOTAL_diff_max,665.7812495231628,62
4,f101_nyg_high_AMT_ANNUITY_m_app_AMT_GOODS_PRICE_d_app_AMT_INCOME_TOTAL_diff_std,834.3398423194885,83
4,f101_nyg_high_AMT_ANNUITY_s_app_AMT_ANNUITY_d_app_AMT_INCOME_TOTAL_diff_mean,597.9758591651917,61
4,f101_nyg_high_AMT_ANNUITY_s_app_AMT_ANNUITY_d_app_AMT_INCOME_TOTAL_pctchange_std,1561.7707314491272,157
4,f101_nyg_high_AMT_ANNUITY_m_app_AMT_GOODS_PRICE_d_app_AMT_INCOME_TOTAL_std,752.6211099624634,71
4,f101_nyg_high_AMT_ANNUITY_max_div_min,348.57397747039795,28
4,f101_nyg_high_AMT_ANNUITY_max,3009.4521510601044,282
4,f101_nyg_high_AMT_ANNUITY_s_app_AMT_ANNUITY_d_app_AMT_INCOME_TOTAL_diff_max,513.6696290969849,46
4,f101_nyg_high_AMT_ANNUITY_s_app_AMT_ANNUITY_d_app_AMT_INCOME_TOTAL_diff_std,233.35404014587402,24
4,f101_nyg_high_AMT_ANNUITY_s_app_AMT_ANNUITY_d_app_AMT_INCOME_TOTAL_std,592.9161128997803,52
4,f101_nyg_high_AMT_ANNUITY_s_app_AMT_ANNUITY_diff_max,489.4679322242737,47
4,f101_nyg_high_AMT_ANNUITY_s_app_AMT_ANNUITY_std,430.4421911239624,38
4,f101_nyg_high_AMT_ANNUITY_s_app_AMT_ANNUITY_pctchange_std,649.0254020690918,65
4,f101_nyg_high_AMT_ANNUITY_s_app_AMT_CREDIT_d_app_AMT_INCOME_TOTAL_diff_std,68.11454010009766,6
4,f101_nyg_high_AMT_ANNUITY_s_app_AMT_ANNUITY_diff_mean,648.8769812583923,65
4,f101_nyg_high_AMT_ANNUITY_s_app_AMT_CREDIT_diff_max,605.4261531829834,55
4,f101_nyg_high_AMT_ANNUITY_s_app_AMT_CREDIT_d_app_AMT_INCOME_TOTAL_diff_max,416.0904803276062,41
4,f101_nyg_high_AMT_ANNUITY_s_app_AMT_CREDIT_d_app_AMT_INCOME_TOTAL_diff_mean,488.8009991645813,49
4,f101_nyg_high_AMT_ANNUITY_s_app_AMT_CREDIT_diff_mean,768.9334177970886,74
4,f101_nyg_high_AMT_ANNUITY_s_app_AMT_CREDIT_d_app_AMT_INCOME_TOTAL_std,558.7252717018127,52
4,f101_nyg_high_AMT_ANNUITY_s_app_AMT_CREDIT_max,3241.26988363266,235
4,f101_nyg_high_AMT_ANNUITY_s_app_AMT_CREDIT_std,319.89110565185547,34
4,f101_nyg_high_AMT_ANNUITY_s_app_AMT_CREDIT_mean,2868.601950645447,208
4,f101_nyg_high_AMT_ANNUITY_s_app_AMT_GOODS_PRICE_diff_mean,896.127281665802,93
4,f101_nyg_high_AMT_ANNUITY_s_app_AMT_CREDIT_min,2584.352882385254,192
4,f101_nyg_high_AMT_ANNUITY_s_app_AMT_GOODS_PRICE_max,3023.0616788864136,234
4,f101_nyg_high_AMT_ANNUITY_s_app_AMT_GOODS_PRICE_mean,3785.1917395591736,280
4,f101_nyg_high_AMT_ANNUITY_s_app_AMT_GOODS_PRICE_std,663.9335436820984,64
4,f101_nyg_high_AMT_ANNUITY_s_app_AMT_INCOME_TOTAL_diff_mean,588.8709683418274,58
4,f101_nyg_high_AMT_ANNUITY_s_app_AMT_GOODS_PRICE_diff_max,775.8462905883789,81
4,f101_nyg_high_AMT_ANNUITY_s_app_AMT_GOODS_PRICE_min,5786.40870654583,398
4,f101_nyg_high_AMT_ANNUITY_s_app_AMT_INCOME_TOTAL_diff_max,367.0458912849426,36
4,f101_nyg_high_AMT_ANNUITY_s_app_AMT_INCOME_TOTAL_std_div_mean,1361.7343463897705,131
4,f101_nyg_high_AMT_ANNUITY_s_app_AMT_INCOME_TOTAL_max,3139.6549065113068,303
4,f101_nyg_high_AMT_ANNUITY_s_app_AMT_INCOME_TOTAL_max_div_min,692.8167204856873,68
4,f101_nyg_high_AMT_ANNUITY_s_app_AMT_INCOME_TOTAL_std,415.2504405975342,44
4,f101_nyg_high_AMT_ANNUITY_std,427.2344675064087,38
4,f101_nyg_high_AMT_ANNUITY_s_app_AMT_INCOME_TOTAL_mean,2958.96758890152,290
4,f101_nyg_high_AMT_APPLICATION_d_app_AMT_ANNUITY_diff_max,958.1318612098694,93
4,f101_nyg_high_AMT_APPLICATION_d_app_AMT_ANNUITY_diff_std,782.917911529541,71
4,f101_nyg_high_AMT_APPLICATION_d_app_AMT_ANNUITY_pctchange_max,296.8837103843689,23
4,f101_nyg_high_AMT_APPLICATION_d_app_AMT_ANNUITY_max,1264.4537987709045,106
4,f101_nyg_high_AMT_APPLICATION_d_app_AMT_CREDIT_diff_max,566.9638876914978,52
4,f101_nyg_high_AMT_APPLICATION_d_app_AMT_ANNUITY_pctchange_mean,422.744921207428,36
4,f101_nyg_high_AMT_APPLICATION_d_app_AMT_ANNUITY_pctchange_std,1074.9239015579224,101
4,f101_nyg_high_AMT_APPLICATION_d_app_AMT_ANNUITY_max_div_min,93.78304100036621,7
4,f101_nyg_high_AMT_APPLICATION_d_app_AMT_ANNUITY_mean,2147.54287481308,160
4,f101_nyg_high_AMT_APPLICATION_d_app_AMT_ANNUITY_std_div_mean,118.0020694732666,12
4,f101_nyg_high_AMT_APPLICATION_d_app_AMT_ANNUITY_std,535.2218656539917,48
4,f101_nyg_high_AMT_APPLICATION_d_app_AMT_CREDIT_max_div_min,39.98049974441528,4
4,f101_nyg_high_AMT_APPLICATION_d_app_AMT_CREDIT_pctchange_max,161.4952793121338,17
4,f101_nyg_high_AMT_APPLICATION_d_app_AMT_CREDIT_pctchange_std,489.03482007980347,48
4,f101_nyg_high_AMT_APPLICATION_d_app_AMT_GOODS_PRICE_diff_max,768.1893343925476,75
4,f101_nyg_high_AMT_APPLICATION_d_app_AMT_CREDIT_std,415.6706418991089,43
4,f101_nyg_high_AMT_APPLICATION_d_app_AMT_CREDIT_std_div_mean,223.28091382980347,21
4,f101_nyg_high_AMT_APPLICATION_d_app_AMT_CREDIT_pctchange_mean,165.25992059707642,17
4,f101_nyg_high_AMT_APPLICATION_d_app_AMT_GOODS_PRICE_pctchange_std,279.0561509132385,24
4,f101_nyg_high_AMT_APPLICATION_d_app_AMT_GOODS_PRICE_pctchange_mean,437.6085481643677,39
4,f101_nyg_high_AMT_APPLICATION_d_app_AMT_GOODS_PRICE_pctchange_max,342.6787414550781,32
4,f101_nyg_high_AMT_APPLICATION_d_app_AMT_GOODS_PRICE_max_div_min,203.5331597328186,18
4,f101_nyg_high_AMT_APPLICATION_d_app_AMT_INCOME_TOTAL_diff_mean,398.08989238739014,38
4,f101_nyg_high_AMT_APPLICATION_d_app_AMT_GOODS_PRICE_std_div_mean,348.35870695114136,37
4,f101_nyg_high_AMT_APPLICATION_d_app_AMT_GOODS_PRICE_max,1117.7008538246155,102
4,f101_nyg_high_AMT_APPLICATION_d_app_AMT_INCOME_TOTAL_diff_std,319.4897389411926,30
4,f101_nyg_high_AMT_APPLICATION_d_app_AMT_INCOME_TOTAL_pctchange_std,81.78350019454956,8
4,f101_nyg_high_AMT_APPLICATION_d_app_AMT_INCOME_TOTAL_pctchange_mean,215.7274684906006,21
4,f101_nyg_high_AMT_APPLICATION_d_app_AMT_INCOME_TOTAL_max,842.1323828697205,81
4,f101_nyg_high_AMT_APPLICATION_d_app_AMT_GOODS_PRICE_std,268.3544611930847,27
4,f101_nyg_high_AMT_APPLICATION_d_app_AMT_INCOME_TOTAL_diff_max,235.96527099609375,22
4,f101_nyg_high_AMT_APPLICATION_d_app_AMT_INCOME_TOTAL_pctchange_max,189.5416088104248,19
4,f101_nyg_high_AMT_APPLICATION_d_app_AMT_INCOME_TOTAL_max_div_min,40.843159675598145,2
4,f101_nyg_high_AMT_APPLICATION_m_app_AMT_GOODS_PRICE_d_app_AMT_INCOME_TOTAL_diff_std,193.91668128967285,15
4,f101_nyg_high_AMT_APPLICATION_d_app_AMT_INCOME_TOTAL_std,191.41238975524902,16
4,f101_nyg_high_AMT_APPLICATION_d_app_AMT_INCOME_TOTAL_mean,698.5959920883179,69
4,f101_nyg_high_AMT_APPLICATION_d_app_AMT_INCOME_TOTAL_min,1525.203537940979,144
4,f101_nyg_high_AMT_APPLICATION_m_app_AMT_GOODS_PRICE_d_app_AMT_INCOME_TOTAL_pctchange_std_div_mean,824.5129308700562,85
4,f101_nyg_high_AMT_APPLICATION_m_app_AMT_GOODS_PRICE_d_app_AMT_INCOME_TOTAL_diff_mean,476.7036781311035,43
4,f101_nyg_high_AMT_APPLICATION_d_app_AMT_INCOME_TOTAL_std_div_mean,184.68106031417847,18
4,f101_nyg_high_AMT_APPLICATION_m_app_AMT_GOODS_PRICE_d_app_AMT_INCOME_TOTAL_max,950.211841583252,90
4,f101_nyg_high_AMT_APPLICATION_m_app_AMT_GOODS_PRICE_d_app_AMT_INCOME_TOTAL_diff_max,349.59769201278687,34
4,f101_nyg_high_AMT_APPLICATION_m_app_AMT_GOODS_PRICE_d_app_AMT_INCOME_TOTAL_std_div_mean,797.7716598510742,85
4,f101_nyg_high_AMT_APPLICATION_max,757.2711024284363,72
4,f101_nyg_high_AMT_APPLICATION_m_app_AMT_GOODS_PRICE_d_app_AMT_INCOME_TOTAL_std,217.04299974441528,22
4,f101_nyg_high_AMT_APPLICATION_s_app_AMT_ANNUITY_d_app_AMT_INCOME_TOTAL_diff_std,52.791141510009766,4
4,f101_nyg_high_AMT_APPLICATION_mean,1089.6755275726318,106
4,f101_nyg_high_AMT_APPLICATION_s_app_AMT_ANNUITY_d_app_AMT_INCOME_TOTAL_diff_mean,409.0884485244751,39
4,f101_nyg_high_AMT_APPLICATION_s_app_AMT_ANNUITY_d_app_AMT_INCOME_TOTAL_diff_max,273.9820375442505,24
4,f101_nyg_high_AMT_APPLICATION_s_app_AMT_ANNUITY_d_app_AMT_INCOME_TOTAL_std,118.38537168502808,10
4,f101_nyg_high_AMT_APPLICATION_s_app_AMT_ANNUITY_d_app_AMT_INCOME_TOTAL_max,661.8472700119019,59
4,f101_nyg_high_AMT_APPLICATION_s_app_AMT_ANNUITY_diff_std,579.6887402534485,57
4,f101_nyg_high_AMT_APPLICATION_max_div_min,25.210450172424316,2
4,f101_nyg_high_AMT_APPLICATION_s_app_AMT_ANNUITY_d_app_AMT_INCOME_TOTAL_mean,742.4433965682983,73
4,f101_nyg_high_AMT_APPLICATION_s_app_AMT_ANNUITY_diff_max,266.89031982421875,22
4,f101_nyg_high_AMT_APPLICATION_s_app_AMT_ANNUITY_max,1009.9564070701599,88
4,f101_nyg_high_AMT_APPLICATION_s_app_AMT_CREDIT_d_app_AMT_INCOME_TOTAL_diff_max,227.12832117080688,22
4,f101_nyg_high_AMT_APPLICATION_s_app_AMT_CREDIT_d_app_AMT_INCOME_TOTAL_diff_std,72.04257011413574,8
4,f101_nyg_high_AMT_APPLICATION_s_app_AMT_ANNUITY_mean,923.7570724487305,91
4,f101_nyg_high_AMT_APPLICATION_s_app_AMT_ANNUITY_std,80.26489067077637,8
4,f101_nyg_high_AMT_APPLICATION_s_app_AMT_CREDIT_d_app_AMT_INCOME_TOTAL_diff_mean,267.4453902244568,28
4,f101_nyg_high_AMT_APPLICATION_s_app_AMT_CREDIT_d_app_AMT_INCOME_TOTAL_pctchange_std_div_mean,1018.5597710609436,98
4,f101_nyg_high_AMT_APPLICATION_s_app_AMT_CREDIT_diff_max,183.71426248550415,17
4,f101_nyg_high_AMT_APPLICATION_s_app_AMT_CREDIT_d_app_AMT_INCOME_TOTAL_std,139.89278984069824,12
4,f101_nyg_high_AMT_APPLICATION_s_app_AMT_CREDIT_diff_std,97.21424961090088,11
4,f101_nyg_high_AMT_APPLICATION_s_app_AMT_GOODS_PRICE_diff_std,173.75985956192017,16
4,f101_nyg_high_AMT_APPLICATION_s_app_AMT_CREDIT_min,1473.819387435913,115
4,f101_nyg_high_AMT_APPLICATION_s_app_AMT_CREDIT_max,1201.6474390029907,95
4,f101_nyg_high_AMT_APPLICATION_s_app_AMT_CREDIT_mean,1139.3756790161133,87
4,f101_nyg_high_AMT_APPLICATION_s_app_AMT_CREDIT_std,97.74865961074829,11
4,f101_nyg_high_AMT_APPLICATION_s_app_AMT_GOODS_PRICE_diff_max,211.75731992721558,21
4,f101_nyg_high_AMT_APPLICATION_s_app_AMT_GOODS_PRICE_max,1215.9471011161804,98
4,f101_nyg_high_AMT_APPLICATION_s_app_AMT_GOODS_PRICE_pctchange_std_div_mean,463.07170820236206,45
4,f101_nyg_high_AMT_APPLICATION_s_app_AMT_GOODS_PRICE_std,253.7772216796875,24
4,f101_nyg_high_AMT_APPLICATION_s_app_AMT_GOODS_PRICE_mean,956.1009216308594,80
4,f101_nyg_high_AMT_APPLICATION_s_app_AMT_GOODS_PRICE_min,1108.7279124259949,93
4,f101_nyg_high_AMT_APPLICATION_s_app_AMT_INCOME_TOTAL_diff_std,0.0,0
4,f101_nyg_high_AMT_APPLICATION_s_app_AMT_INCOME_TOTAL_std,82.11230945587158,8
4,f101_nyg_high_AMT_APPLICATION_s_app_AMT_INCOME_TOTAL_diff_max,158.45231819152832,15
4,f101_nyg_high_AMT_APPLICATION_s_app_AMT_INCOME_TOTAL_max,680.038950920105,70
4,f101_nyg_high_AMT_APPLICATION_std,79.7325291633606,8
4,f101_nyg_high_AMT_CREDIT_d_AMT_ANNUITY_diff_std,1731.0949606895447,168
4,f101_nyg_high_AMT_APPLICATION_s_app_AMT_INCOME_TOTAL_min,1243.3567276000977,121
4,f101_nyg_high_AMT_CREDIT_d_AMT_ANNUITY_diff_max,2087.476291179657,213
4,f101_nyg_high_AMT_APPLICATION_s_app_AMT_INCOME_TOTAL_mean,734.948570728302,69
4,f101_nyg_high_AMT_APPLICATION_std_div_mean,144.1933789253235,14
4,f101_nyg_high_AMT_CREDIT_d_AMT_ANNUITY_std,1459.0519618988037,132
4,f101_nyg_high_AMT_CREDIT_d_AMT_ANNUITY_max,1900.631191253662,182
4,f101_nyg_high_AMT_CREDIT_d_AMT_ANNUITY_max_div_min,917.5401530265808,87
4,f101_nyg_high_AMT_CREDIT_d_AMT_ANNUITY_pctchange_std,1277.1298327445984,138
4,f101_nyg_high_AMT_CREDIT_d_AMT_ANNUITY_min,2680.585690975189,265
4,f101_nyg_high_AMT_CREDIT_d_AMT_ANNUITY_pctchange_max,2570.610508918762,253
4,f101_nyg_high_AMT_CREDIT_d_AMT_APPLICATION_max,2430.614812374115,199
4,f101_nyg_high_AMT_CREDIT_d_AMT_APPLICATION_mean,2777.7575464248657,215
4,f101_nyg_high_AMT_CREDIT_d_AMT_APPLICATION_diff_mean,1617.2311606407166,165
4,f101_nyg_high_AMT_CREDIT_d_AMT_ANNUITY_mean,2179.8087272644043,204
4,f101_nyg_high_AMT_CREDIT_d_AMT_APPLICATION_diff_max,2180.746307373047,219
4,f101_nyg_high_AMT_CREDIT_d_AMT_APPLICATION_pctchange_max,1243.6817483901978,117
4,f101_nyg_high_AMT_CREDIT_d_app_AMT_ANNUITY_diff_mean,1531.6123757362366,146
4,f101_nyg_high_AMT_CREDIT_d_AMT_APPLICATION_min,1837.4908106327057,168
4,f101_nyg_high_AMT_CREDIT_d_app_AMT_ANNUITY_diff_max,892.2249255180359,87
4,f101_nyg_high_AMT_CREDIT_d_app_AMT_ANNUITY_max,1387.9604949951172,122
4,f101_nyg_high_AMT_CREDIT_d_app_AMT_ANNUITY_diff_std,748.1218767166138,77
4,f101_nyg_high_AMT_CREDIT_d_app_AMT_ANNUITY_pctchange_max,529.0405502319336,52
4,f101_nyg_high_AMT_CREDIT_d_app_AMT_ANNUITY_max_div_min,288.4282922744751,22
4,f101_nyg_high_AMT_CREDIT_d_app_AMT_ANNUITY_pctchange_std,1313.7207913398743,119
4,f101_nyg_high_AMT_CREDIT_d_app_AMT_ANNUITY_std,959.7356867790222,86
4,f101_nyg_high_AMT_CREDIT_d_app_AMT_ANNUITY_std_div_mean,305.5785412788391,30
4,f101_nyg_high_AMT_CREDIT_d_app_AMT_ANNUITY_mean,1767.8835620880127,157
4,f101_nyg_high_AMT_CREDIT_d_app_AMT_CREDIT_max_div_min,196.5671510696411,19
4,f101_nyg_high_AMT_CREDIT_d_app_AMT_CREDIT_diff_max,801.4059906005859,74
4,f101_nyg_high_AMT_CREDIT_d_app_AMT_ANNUITY_pctchange_mean,434.79169034957886,43
4,f101_nyg_high_AMT_CREDIT_d_app_AMT_CREDIT_pctchange_mean,482.1946396827698,46
4,f101_nyg_high_AMT_CREDIT_d_app_AMT_CREDIT_diff_std,813.8832716941833,81
4,f101_nyg_high_AMT_CREDIT_d_app_AMT_CREDIT_pctchange_std,354.2700934410095,37
4,f101_nyg_high_AMT_CREDIT_d_app_AMT_CREDIT_pctchange_max,399.8303003311157,35
4,f101_nyg_high_AMT_CREDIT_d_app_AMT_CREDIT_mean,1688.3527131080627,158
4,f101_nyg_high_AMT_CREDIT_d_app_AMT_GOODS_PRICE_diff_max,1121.0122575759888,112
4,f101_nyg_high_AMT_CREDIT_d_app_AMT_CREDIT_std,644.4463000297546,65
4,f101_nyg_high_AMT_CREDIT_d_app_AMT_CREDIT_max,1534.7722721099854,148
4,f101_nyg_high_AMT_CREDIT_d_app_AMT_GOODS_PRICE_diff_std,877.6349987983704,86
4,f101_nyg_high_AMT_CREDIT_d_app_AMT_GOODS_PRICE_std,892.7916507720947,82
4,f101_nyg_high_AMT_CREDIT_d_app_AMT_CREDIT_std_div_mean,396.59453105926514,35
4,f101_nyg_high_AMT_CREDIT_d_app_AMT_GOODS_PRICE_pctchange_max,549.4866662025452,55
4,f101_nyg_high_AMT_CREDIT_d_app_AMT_GOODS_PRICE_pctchange_std,320.9839811325073,36
4,f101_nyg_high_AMT_CREDIT_d_app_AMT_GOODS_PRICE_max_div_min,357.42436170578003,28
4,f101_nyg_high_AMT_CREDIT_d_app_AMT_INCOME_TOTAL_diff_std,791.6748723983765,74
4,f101_nyg_high_AMT_CREDIT_d_app_AMT_GOODS_PRICE_pctchange_mean,643.3148880004883,67
4,f101_nyg_high_AMT_CREDIT_d_app_AMT_GOODS_PRICE_max,1307.9086360931396,120
4,f101_nyg_high_AMT_CREDIT_d_app_AMT_GOODS_PRICE_std_div_mean,572.2984104156494,51
4,f101_nyg_high_AMT_CREDIT_d_app_AMT_INCOME_TOTAL_diff_max,367.2340693473816,34
4,f101_nyg_high_AMT_CREDIT_d_app_AMT_INCOME_TOTAL_std,336.91841983795166,33
4,f101_nyg_high_AMT_CREDIT_d_app_AMT_GOODS_PRICE_mean,1559.2487063407898,147
4,f101_nyg_high_AMT_CREDIT_d_app_AMT_INCOME_TOTAL_diff_mean,476.0854387283325,48
4,f101_nyg_high_AMT_CREDIT_d_app_AMT_INCOME_TOTAL_max,1459.2797212600708,136
4,f101_nyg_high_AMT_CREDIT_d_app_AMT_INCOME_TOTAL_pctchange_std,42.00086975097656,4
4,f101_nyg_high_AMT_CREDIT_d_app_AMT_INCOME_TOTAL_max_div_min,115.26624011993408,12
4,f101_nyg_high_AMT_CREDIT_d_app_AMT_INCOME_TOTAL_pctchange_mean,429.8058772087097,43
4,f101_nyg_high_AMT_CREDIT_d_app_AMT_INCOME_TOTAL_std_div_mean,268.0509696006775,25
4,f101_nyg_high_AMT_CREDIT_d_app_AMT_INCOME_TOTAL_pctchange_max,675.8886804580688,60
4,f101_nyg_high_AMT_CREDIT_d_app_AMT_INCOME_TOTAL_mean,1057.7877836227417,96
4,f101_nyg_high_AMT_CREDIT_d_total_debt_diff_std,1473.2602801322937,152
4,f101_nyg_high_AMT_CREDIT_d_total_debt_diff_min,2125.0957531929016,210
4,f101_nyg_high_AMT_CREDIT_d_app_AMT_INCOME_TOTAL_min,1970.4795408248901,197
4,f101_nyg_high_AMT_CREDIT_m_app_AMT_GOODS_PRICE_d_app_AMT_INCOME_TOTAL_diff_max,474.3008680343628,44
4,f101_nyg_high_AMT_CREDIT_d_total_debt_std,1394.9434399604797,141
4,f101_nyg_high_AMT_CREDIT_d_total_debt_diff_mean,2922.000905752182,286
4,f101_nyg_high_AMT_CREDIT_d_total_debt_max_div_min,955.6267704963684,82
4,f101_nyg_high_AMT_CREDIT_d_total_debt_max,3003.576250076294,270
4,f101_nyg_high_AMT_CREDIT_d_total_debt_mean,2943.3496494293213,240
4,f101_nyg_high_AMT_CREDIT_m_app_AMT_GOODS_PRICE_d_app_AMT_INCOME_TOTAL_diff_std,405.24763679504395,36
4,f101_nyg_high_AMT_CREDIT_d_total_debt_pctchange_std,1155.0987963676453,121
4,f101_nyg_high_AMT_CREDIT_d_total_debt_pctchange_min,2238.1022968292236,210
4,f101_nyg_high_AMT_CREDIT_d_total_debt_std_div_mean,1359.6179699897766,137
4,f101_nyg_high_AMT_CREDIT_d_total_debt_min,7507.011202335358,339
4,f101_nyg_high_AMT_CREDIT_m_app_AMT_GOODS_PRICE_d_app_AMT_INCOME_TOTAL_max,1605.1614971160889,157
4,f101_nyg_high_AMT_CREDIT_m_app_AMT_GOODS_PRICE_d_app_AMT_INCOME_TOTAL_diff_mean,753.7970080375671,67
4,f101_nyg_high_AMT_CREDIT_m_app_AMT_GOODS_PRICE_d_app_AMT_INCOME_TOTAL_std,379.87246656417847,37
4,f101_nyg_high_AMT_CREDIT_m_app_AMT_GOODS_PRICE_d_app_AMT_INCOME_TOTAL_mean,2283.33815908432,218
4,f101_nyg_high_AMT_CREDIT_max,1026.4492769241333,97
4,f101_nyg_high_AMT_CREDIT_max_div_min,149.98329257965088,12
4,f101_nyg_high_AMT_CREDIT_s_app_AMT_ANNUITY_d_app_AMT_INCOME_TOTAL_diff_max,428.95656967163086,40
4,f101_nyg_high_AMT_CREDIT_s_app_AMT_ANNUITY_d_app_AMT_INCOME_TOTAL_diff_std,168.43589162826538,16
4,f101_nyg_high_AMT_CREDIT_s_app_AMT_ANNUITY_d_app_AMT_INCOME_TOTAL_max,1451.7843203544617,132
4,f101_nyg_high_AMT_CREDIT_s_app_AMT_ANNUITY_d_app_AMT_INCOME_TOTAL_diff_mean,542.3028073310852,55
4,f101_nyg_high_AMT_CREDIT_mean,1351.2130217552185,127
4,f101_nyg_high_AMT_CREDIT_s_app_AMT_ANNUITY_d_app_AMT_INCOME_TOTAL_std,357.6087279319763,35
4,f101_nyg_high_AMT_CREDIT_min,2252.909311771393,219
4,f101_nyg_high_AMT_CREDIT_s_app_AMT_ANNUITY_d_app_AMT_INCOME_TOTAL_mean,1342.5195446014404,128
4,f101_nyg_high_AMT_CREDIT_s_app_AMT_ANNUITY_diff_std,763.8740739822388,71
4,f101_nyg_high_AMT_CREDIT_s_app_AMT_ANNUITY_diff_mean,450.2399616241455,47
4,f101_nyg_high_AMT_CREDIT_s_app_AMT_ANNUITY_diff_max,331.6374125480652,33
4,f101_nyg_high_AMT_CREDIT_s_app_AMT_ANNUITY_d_app_AMT_INCOME_TOTAL_min,3108.059262752533,255
4,f101_nyg_high_AMT_CREDIT_s_app_AMT_ANNUITY_max,903.5297088623047,85
4,f101_nyg_high_AMT_CREDIT_s_app_AMT_CREDIT_d_app_AMT_INCOME_TOTAL_diff_std,79.87083959579468,7
4,f101_nyg_high_AMT_CREDIT_s_app_AMT_ANNUITY_min,3022.047502040863,230
4,f101_nyg_high_AMT_CREDIT_s_app_AMT_ANNUITY_std,244.69337034225464,23
4,f101_nyg_high_AMT_CREDIT_s_app_AMT_ANNUITY_mean,1136.987051486969,105
4,f101_nyg_high_AMT_CREDIT_s_app_AMT_CREDIT_d_app_AMT_INCOME_TOTAL_diff_max,282.03973150253296,30
4,f101_nyg_high_AMT_CREDIT_s_app_AMT_CREDIT_d_app_AMT_INCOME_TOTAL_diff_mean,525.976628780365,53
4,f101_nyg_high_AMT_CREDIT_s_app_AMT_CREDIT_diff_std,315.87238073349,30
4,f101_nyg_high_AMT_CREDIT_s_app_AMT_CREDIT_diff_mean,466.7954840660095,45
4,f101_nyg_high_AMT_CREDIT_s_app_AMT_CREDIT_d_app_AMT_INCOME_TOTAL_std_div_mean,1031.4542880058289,103
4,f101_nyg_high_AMT_CREDIT_s_app_AMT_CREDIT_d_app_AMT_INCOME_TOTAL_std,377.03211307525635,35
4,f101_nyg_high_AMT_CREDIT_s_app_AMT_CREDIT_d_app_AMT_INCOME_TOTAL_max,3645.324438095093,304
4,f101_nyg_high_AMT_CREDIT_s_app_AMT_CREDIT_diff_max,273.6735506057739,28
4,f101_nyg_high_AMT_CREDIT_s_app_AMT_GOODS_PRICE_diff_mean,736.7921886444092,72
4,f101_nyg_high_AMT_CREDIT_s_app_AMT_CREDIT_min,1917.5460605621338,151
4,f101_nyg_high_AMT_CREDIT_s_app_AMT_CREDIT_mean,1451.4639105796814,126
4,f101_nyg_high_AMT_CREDIT_s_app_AMT_CREDIT_max,1458.4680151939392,130
4,f101_nyg_high_AMT_CREDIT_s_app_AMT_GOODS_PRICE_diff_std,325.5521001815796,31
4,f101_nyg_high_AMT_CREDIT_s_app_AMT_CREDIT_std_div_mean,1097.6128106117249,104
4,f101_nyg_high_AMT_CREDIT_s_app_AMT_GOODS_PRICE_mean,1543.8966398239136,127
4,f101_nyg_high_AMT_CREDIT_s_app_AMT_GOODS_PRICE_diff_max,394.6638207435608,37
4,f101_nyg_high_AMT_CREDIT_s_app_AMT_CREDIT_std,236.49513053894043,22
4,f101_nyg_high_AMT_CREDIT_s_app_AMT_GOODS_PRICE_max,2295.8744354248047,200
4,f101_nyg_high_AMT_CREDIT_s_app_AMT_GOODS_PRICE_std,290.5511636734009,31
4,f101_nyg_high_AMT_CREDIT_s_app_AMT_GOODS_PRICE_min,1836.5579891204834,155
4,f101_nyg_high_AMT_CREDIT_s_app_AMT_INCOME_TOTAL_diff_std,103.65517997741699,11
4,f101_nyg_high_AMT_CREDIT_s_app_AMT_INCOME_TOTAL_diff_mean,390.6392903327942,38
4,f101_nyg_high_AMT_CREDIT_s_app_AMT_INCOME_TOTAL_diff_max,327.30799865722656,30
4,f101_nyg_high_AMT_CREDIT_s_app_AMT_INCOME_TOTAL_mean,1204.109917640686,113
4,f101_nyg_high_AMT_CREDIT_s_app_AMT_INCOME_TOTAL_max,1149.0559477806091,111
4,f101_nyg_high_AMT_CREDIT_s_app_AMT_INCOME_TOTAL_std,210.65588998794556,21
4,f101_nyg_high_AMT_DOWN_PAYMENT_d_AMT_GOODS_PRICE_diff_std,1737.4737792015076,155
4,f101_nyg_high_AMT_CREDIT_std,154.49402952194214,15
4,f101_nyg_high_AMT_CREDIT_s_app_AMT_INCOME_TOTAL_min,1683.9531726837158,162
4,f101_nyg_high_AMT_DOWN_PAYMENT_d_AMT_GOODS_PRICE_max,1662.0307669639587,161
4,f101_nyg_high_AMT_DOWN_PAYMENT_d_AMT_GOODS_PRICE_diff_max,1997.803066253662,202
4,f101_nyg_high_AMT_CREDIT_std_div_mean,360.9062690734863,34
4,f101_nyg_high_AMT_DOWN_PAYMENT_std_div_mean,1453.7227482795715,151
4,f101_nyg_high_AMT_DOWN_PAYMENT_d_AMT_GOODS_PRICE_std_div_mean,1113.729702949524,115
4,f101_nyg_high_AMT_DOWN_PAYMENT_d_AMT_GOODS_PRICE_std,1658.5094356536865,165
4,f101_nyg_high_AMT_DOWN_PAYMENT_d_AMT_GOODS_PRICE_mean,1603.020310640335,145
4,f101_nyg_high_AMT_DOWN_PAYMENT_max,2169.5947136878967,174
4,f101_nyg_high_AMT_DOWN_PAYMENT_d_AMT_GOODS_PRICE_min,1089.3430948257446,105
4,f101_nyg_high_AMT_GOODS_PRICE_d_AMT_ANNUITY_diff_min,3821.2220215797424,355
4,f101_nyg_high_AMT_GOODS_PRICE_d_AMT_ANNUITY_pctchange_std,1259.3483667373657,127
4,f101_nyg_high_AMT_GOODS_PRICE_d_AMT_ANNUITY_diff_std,1635.9977750778198,164
4,f101_nyg_high_AMT_DOWN_PAYMENT_mean,2472.6313078403473,187
4,f101_nyg_high_AMT_DOWN_PAYMENT_std,1338.854732990265,128
4,f101_nyg_high_AMT_DOWN_PAYMENT_min,1025.6460180282593,101
4,f101_nyg_high_AMT_GOODS_PRICE_d_AMT_ANNUITY_std,2166.8372411727905,215
4,f101_nyg_high_AMT_GOODS_PRICE_d_AMT_ANNUITY_mean,2731.8478140830994,265
4,f101_nyg_high_AMT_GOODS_PRICE_d_AMT_ANNUITY_pctchange_max,2441.067090988159,243
4,f101_nyg_high_AMT_GOODS_PRICE_d_AMT_ANNUITY_max_div_min,1265.9906992912292,118
4,f101_nyg_high_AMT_GOODS_PRICE_d_AMT_ANNUITY_max,2885.9067482948303,282
4,f101_nyg_high_AMT_GOODS_PRICE_d_AMT_CREDIT_diff_std,2050.217870235443,206
4,f101_nyg_high_AMT_GOODS_PRICE_d_AMT_CREDIT_max,1990.7596635818481,182
4,f101_nyg_high_AMT_GOODS_PRICE_d_AMT_CREDIT_pctchange_mean,2043.467468738556,192
4,f101_nyg_high_AMT_GOODS_PRICE_d_AMT_CREDIT_diff_min,1336.3168315887451,128
4,f101_nyg_high_AMT_GOODS_PRICE_d_AMT_CREDIT_pctchange_min,1355.9647908210754,130
4,f101_nyg_high_AMT_GOODS_PRICE_d_AMT_CREDIT_diff_mean,2081.2073369026184,205
4,f101_nyg_high_AMT_GOODS_PRICE_d_AMT_CREDIT_min,2355.451157093048,189
4,f101_nyg_high_AMT_GOODS_PRICE_d_AMT_CREDIT_mean,3119.847267627716,201
4,f101_nyg_high_AMT_GOODS_PRICE_d_app_AMT_ANNUITY_mean,2010.62077999115,149
4,f101_nyg_high_AMT_GOODS_PRICE_d_app_AMT_ANNUITY_diff_std,837.6347088813782,86
4,f101_nyg_high_AMT_GOODS_PRICE_d_app_AMT_ANNUITY_max,1212.1606302261353,101
4,f101_nyg_high_AMT_GOODS_PRICE_d_app_AMT_ANNUITY_pctchange_max,115.71703004837036,12
4,f101_nyg_high_AMT_GOODS_PRICE_d_app_AMT_ANNUITY_max_div_min,71.27654027938843,7
4,f101_nyg_high_AMT_GOODS_PRICE_d_app_AMT_ANNUITY_std_div_mean,141.67172145843506,14
4,f101_nyg_high_AMT_GOODS_PRICE_d_app_AMT_ANNUITY_diff_max,940.3753323554993,93
4,f101_nyg_high_AMT_GOODS_PRICE_d_app_AMT_ANNUITY_pctchange_std,38.41599941253662,4
4,f101_nyg_high_AMT_GOODS_PRICE_d_app_AMT_ANNUITY_std,542.5678377151489,48
4,f101_nyg_high_AMT_GOODS_PRICE_d_app_AMT_CREDIT_pctchange_max,145.33406972885132,12
4,f101_nyg_high_AMT_GOODS_PRICE_d_app_AMT_ANNUITY_pctchange_mean,331.08737659454346,29
4,f101_nyg_high_AMT_GOODS_PRICE_d_app_AMT_CREDIT_std,423.69829177856445,40
4,f101_nyg_high_AMT_GOODS_PRICE_d_app_AMT_CREDIT_pctchange_std,36.03357982635498,4
4,f101_nyg_high_AMT_GOODS_PRICE_d_app_AMT_CREDIT_diff_max,683.5006694793701,67
4,f101_nyg_high_AMT_GOODS_PRICE_d_app_AMT_CREDIT_max_div_min,75.85777950286865,8
4,f101_nyg_high_AMT_GOODS_PRICE_d_app_AMT_GOODS_PRICE_pctchange_mean,649.7978072166443,64
4,f101_nyg_high_AMT_GOODS_PRICE_d_app_AMT_CREDIT_std_div_mean,95.39795112609863,10
4,f101_nyg_high_AMT_GOODS_PRICE_d_app_AMT_GOODS_PRICE_pctchange_max,341.50624990463257,35
4,f101_nyg_high_AMT_GOODS_PRICE_d_app_AMT_GOODS_PRICE_pctchange_std,175.84813833236694,13
4,f101_nyg_high_AMT_GOODS_PRICE_d_app_AMT_GOODS_PRICE_diff_max,733.5237903594971,75
4,f101_nyg_high_AMT_GOODS_PRICE_d_app_AMT_CREDIT_pctchange_mean,234.10975980758667,22
4,f101_nyg_high_AMT_GOODS_PRICE_d_app_AMT_INCOME_TOTAL_diff_max,262.81487941741943,25
4,f101_nyg_high_AMT_GOODS_PRICE_d_app_AMT_GOODS_PRICE_max,1108.681761264801,104
4,f101_nyg_high_AMT_GOODS_PRICE_d_app_AMT_INCOME_TOTAL_diff_std,343.6485800743103,34
4,f101_nyg_high_AMT_GOODS_PRICE_d_app_AMT_GOODS_PRICE_std,394.4218602180481,35
4,f101_nyg_high_AMT_GOODS_PRICE_d_app_AMT_INCOME_TOTAL_diff_mean,272.78654050827026,25
4,f101_nyg_high_AMT_GOODS_PRICE_d_app_AMT_GOODS_PRICE_max_div_min,333.83068084716797,20
4,f101_nyg_high_AMT_GOODS_PRICE_d_app_AMT_INCOME_TOTAL_pctchange_std,0.0,0
4,f101_nyg_high_AMT_GOODS_PRICE_d_app_AMT_GOODS_PRICE_std_div_mean,275.5494713783264,22
4,f101_nyg_high_AMT_GOODS_PRICE_d_app_AMT_INCOME_TOTAL_max_div_min,21.087870597839355,2
4,f101_nyg_high_AMT_GOODS_PRICE_d_app_AMT_INCOME_TOTAL_pctchange_max,422.23908519744873,34
4,f101_nyg_high_AMT_GOODS_PRICE_d_app_AMT_INCOME_TOTAL_min,1519.9859371185303,140
4,f101_nyg_high_AMT_GOODS_PRICE_d_total_debt_diff_min,2070.6963787078857,190
4,f101_nyg_high_AMT_GOODS_PRICE_d_app_AMT_INCOME_TOTAL_pctchange_mean,261.4722104072571,25
4,f101_nyg_high_AMT_GOODS_PRICE_d_app_AMT_INCOME_TOTAL_mean,683.7351388931274,61
4,f101_nyg_high_AMT_GOODS_PRICE_d_app_AMT_INCOME_TOTAL_std_div_mean,105.67419910430908,12
4,f101_nyg_high_AMT_GOODS_PRICE_d_app_AMT_INCOME_TOTAL_max,896.2936973571777,85
4,f101_nyg_high_AMT_GOODS_PRICE_d_total_debt_pctchange_std,1529.5271391868591,160
4,f101_nyg_high_AMT_GOODS_PRICE_d_app_AMT_INCOME_TOTAL_std,152.45410108566284,15
4,f101_nyg_high_AMT_GOODS_PRICE_d_total_debt_diff_mean,2182.174186229706,209
4,f101_nyg_high_AMT_GOODS_PRICE_d_total_debt_max,3318.663761138916,265
4,f101_nyg_high_AMT_GOODS_PRICE_m_app_AMT_GOODS_PRICE_d_app_AMT_INCOME_TOTAL_diff_std,169.87583923339844,17
4,f101_nyg_high_AMT_GOODS_PRICE_d_total_debt_pctchange_mean,2577.8811163902283,245
4,f101_nyg_high_AMT_GOODS_PRICE_d_total_debt_pctchange_min,2390.1132683753967,223
4,f101_nyg_high_AMT_GOODS_PRICE_d_total_debt_mean,11374.414031982422,352
4,f101_nyg_high_AMT_GOODS_PRICE_d_total_debt_max_div_min,1208.3816285133362,117
4,f101_nyg_high_AMT_GOODS_PRICE_d_total_debt_min,9165.11027956009,293
4,f101_nyg_high_AMT_GOODS_PRICE_m_app_AMT_GOODS_PRICE_d_app_AMT_INCOME_TOTAL_diff_max,266.7427091598511,29
4,f101_nyg_high_AMT_GOODS_PRICE_d_total_debt_std_div_mean,1829.5168175697327,181
4,f101_nyg_high_AMT_GOODS_PRICE_m_app_AMT_GOODS_PRICE_d_app_AMT_INCOME_TOTAL_std,292.0323600769043,30
4,f101_nyg_high_AMT_GOODS_PRICE_m_app_AMT_GOODS_PRICE_d_app_AMT_INCOME_TOTAL_diff_mean,477.83615922927856,47
4,f101_nyg_high_AMT_GOODS_PRICE_m_app_AMT_GOODS_PRICE_d_app_AMT_INCOME_TOTAL_max,1032.9234085083008,94
4,f101_nyg_high_AMT_GOODS_PRICE_m_app_AMT_GOODS_PRICE_d_app_AMT_INCOME_TOTAL_pctchange_std_div_mean,1060.8299441337585,108
4,f101_nyg_high_AMT_GOODS_PRICE_m_app_AMT_GOODS_PRICE_d_app_AMT_INCOME_TOTAL_std_div_mean,822.6375298500061,82
4,f101_nyg_high_AMT_GOODS_PRICE_s_app_AMT_ANNUITY_d_app_AMT_INCOME_TOTAL_diff_std,108.93490028381348,10
4,f101_nyg_high_AMT_GOODS_PRICE_max,831.2226014137268,85
4,f101_nyg_high_AMT_GOODS_PRICE_s_app_AMT_ANNUITY_d_app_AMT_INCOME_TOTAL_std,167.02710056304932,16
4,f101_nyg_high_AMT_GOODS_PRICE_max_div_min,83.94357061386108,8
4,f101_nyg_high_AMT_GOODS_PRICE_s_app_AMT_ANNUITY_d_app_AMT_INCOME_TOTAL_diff_max,169.633770942688,16
4,f101_nyg_high_AMT_GOODS_PRICE_s_app_AMT_ANNUITY_d_app_AMT_INCOME_TOTAL_mean,973.1691007614136,84
4,f101_nyg_high_AMT_GOODS_PRICE_s_app_AMT_ANNUITY_d_app_AMT_INCOME_TOTAL_diff_mean,470.54314851760864,41
4,f101_nyg_high_AMT_GOODS_PRICE_s_app_AMT_ANNUITY_d_app_AMT_INCOME_TOTAL_max,572.7948017120361,52
4,f101_nyg_high_AMT_GOODS_PRICE_mean,1036.070999622345,98
4,f101_nyg_high_AMT_GOODS_PRICE_s_app_AMT_ANNUITY_std,97.78976011276245,10
4,f101_nyg_high_AMT_GOODS_PRICE_s_app_AMT_ANNUITY_diff_max,194.1680793762207,18
4,f101_nyg_high_AMT_GOODS_PRICE_s_app_AMT_ANNUITY_diff_std,372.1060185432434,44
4,f101_nyg_high_AMT_GOODS_PRICE_s_app_AMT_ANNUITY_mean,982.109121799469,89
4,f101_nyg_high_AMT_GOODS_PRICE_s_app_AMT_ANNUITY_max,988.3666663169861,83
4,f101_nyg_high_AMT_GOODS_PRICE_s_app_AMT_CREDIT_d_app_AMT_INCOME_TOTAL_diff_mean,337.10445976257324,37
4,f101_nyg_high_AMT_GOODS_PRICE_s_app_AMT_CREDIT_d_app_AMT_INCOME_TOTAL_diff_max,176.2737603187561,19
4,f101_nyg_high_AMT_GOODS_PRICE_s_app_AMT_CREDIT_d_app_AMT_INCOME_TOTAL_std,173.56528043746948,16
4,f101_nyg_high_AMT_GOODS_PRICE_s_app_AMT_CREDIT_d_app_AMT_INCOME_TOTAL_diff_std,35.20800018310547,3
4,f101_nyg_high_AMT_GOODS_PRICE_s_app_AMT_CREDIT_diff_std,54.74292993545532,6
4,f101_nyg_high_AMT_GOODS_PRICE_s_app_AMT_CREDIT_d_app_AMT_INCOME_TOTAL_pctchange_std_div_mean,1065.9889678955078,103
4,f101_nyg_high_AMT_GOODS_PRICE_s_app_AMT_CREDIT_diff_max,256.79301834106445,25
4,f101_nyg_high_AMT_GOODS_PRICE_s_app_AMT_CREDIT_max,1057.989432811737,89
4,f101_nyg_high_AMT_GOODS_PRICE_s_app_AMT_CREDIT_min,1331.3737845420837,87
4,f101_nyg_high_AMT_GOODS_PRICE_s_app_AMT_CREDIT_mean,969.143837928772,78
4,f101_nyg_high_AMT_GOODS_PRICE_s_app_AMT_GOODS_PRICE_diff_std,158.27808094024658,18
4,f101_nyg_high_AMT_GOODS_PRICE_s_app_AMT_GOODS_PRICE_diff_max,262.840500831604,27
4,f101_nyg_high_AMT_GOODS_PRICE_s_app_AMT_INCOME_TOTAL_diff_std,33.51411056518555,3
4,f101_nyg_high_AMT_GOODS_PRICE_s_app_AMT_CREDIT_std,128.4157009124756,13
4,f101_nyg_high_AMT_GOODS_PRICE_s_app_AMT_GOODS_PRICE_pctchange_std_div_mean,315.60745096206665,34
4,f101_nyg_high_AMT_GOODS_PRICE_s_app_AMT_GOODS_PRICE_mean,880.1813826560974,80
4,f101_nyg_high_AMT_GOODS_PRICE_s_app_AMT_GOODS_PRICE_max,856.6912288665771,78
4,f101_nyg_high_AMT_GOODS_PRICE_s_app_AMT_INCOME_TOTAL_diff_max,251.49293899536133,24
4,f101_nyg_high_AMT_GOODS_PRICE_s_app_AMT_GOODS_PRICE_min,988.4449710845947,88
4,f101_nyg_high_AMT_GOODS_PRICE_s_app_AMT_GOODS_PRICE_std,301.1605529785156,29
4,f101_nyg_high_AMT_GOODS_PRICE_std_div_mean,57.38494062423706,6
4,f101_nyg_high_AMT_GOODS_PRICE_s_app_AMT_INCOME_TOTAL_std,102.5012903213501,9
4,f101_nyg_high_AMT_GOODS_PRICE_s_app_AMT_INCOME_TOTAL_max,900.9527840614319,88
4,f101_nyg_high_AMT_GOODS_PRICE_s_app_AMT_INCOME_TOTAL_mean,774.7020792961121,73
4,f101_nyg_high_AMT_GOODS_PRICE_s_app_AMT_INCOME_TOTAL_min,1028.6932191848755,95
4,f101_nyg_high_CHANNEL_TYPE_AP+_(Cash_loan)_sum,272.5308699607849,18
4,f101_nyg_high_AMT_GOODS_PRICE_std,93.27624940872192,8
4,f101_nyg_high_CHANNEL_TYPE_Contact_center_sum,51.03726005554199,6
4,f101_nyg_high_CHANNEL_TYPE_AP+_(Cash_loan)_mean,943.0412993431091,70
4,f101_nyg_high_CHANNEL_TYPE_Contact_center_mean,164.0967502593994,21
4,f101_nyg_high_CHANNEL_TYPE_Credit_and_cash_offices_sum,256.64285135269165,28
4,f101_nyg_high_CNT_PAYMENT_std_div_mean,1251.5607070922852,119
4,f101_nyg_high_CHANNEL_TYPE_Credit_and_cash_offices_mean,769.3361592292786,69
4,f101_nyg_high_CNT_PAYMENT_max,171.44993782043457,11
4,f101_nyg_high_CHANNEL_TYPE_Stone_mean,812.6492891311646,81
4,f101_nyg_high_CNT_PAYMENT_std,647.7879610061646,61
4,f101_nyg_high_CNT_PAYMENT_mean,740.5998382568359,64
4,f101_nyg_high_CODE_REJECT_REASON_HC_sum,313.64381313323975,31
4,f101_nyg_high_CNT_PAYMENT_min,141.54083919525146,15
4,f101_nyg_high_CNT_PAYMENT_max_div_min,279.29633712768555,23
4,f101_nyg_high_CODE_REJECT_REASON_LIMIT_mean,599.1929879188538,57
4,f101_nyg_high_CODE_REJECT_REASON_LIMIT_sum,251.20000886917114,20
4,f101_nyg_high_CODE_REJECT_REASON_HC_mean,848.8882431983948,77
4,f101_nyg_high_CODE_REJECT_REASON_XAP_mean,2323.0008869171143,135
4,f101_nyg_high_DAYS_DECISION_d_app_DAYS_BIRTH_std_div_mean,663.5570812225342,67
4,f101_nyg_high_DAYS_DECISION_d_app_DAYS_BIRTH_min,7541.31981253624,497
4,f101_nyg_high_DAYS_DECISION_d_app_DAYS_BIRTH_max,5264.593759059906,409
4,f101_nyg_high_DAYS_DECISION_d_app_DAYS_BIRTH_mean,8324.116561412811,538
4,f101_nyg_high_DAYS_DECISION_d_app_DAYS_EMPLOYED_std_div_mean,1512.4271817207336,150
4,f101_nyg_high_DAYS_DECISION_d_app_DAYS_ID_PUBLISH_std_div_mean,693.5558276176453,68
4,f101_nyg_high_DAYS_DECISION_s_app_DAYS_BIRTH_min,8845.81047964096,496
4,f101_nyg_high_DAYS_DECISION_d_app_DAYS_LAST_PHONE_CHANGE_std_div_mean,1944.4523100852966,184
4,f101_nyg_high_DAYS_DECISION_d_app_DAYS_LAST_PHONE_CHANGE_max_div_min,4930.687078475952,391
4,f101_nyg_high_DAYS_DECISION_s_app_DAYS_EMPLOYED_max,8600.416259646416,612
4,f101_nyg_high_DAYS_DECISION_s_app_DAYS_BIRTH_max,7396.2552371025085,429
4,f101_nyg_high_DAYS_DECISION_s_app_DAYS_ID_PUBLISH_std,813.3062777519226,69
4,f101_nyg_high_DAYS_DECISION_s_app_DAYS_EMPLOYED_std,727.5749287605286,70
4,f101_nyg_high_DAYS_DECISION_s_app_DAYS_BIRTH_std,799.8045082092285,73
4,f101_nyg_high_DAYS_DECISION_s_app_DAYS_BIRTH_mean,7468.894450187683,448
4,f101_nyg_high_DAYS_DECISION_d_app_DAYS_REGISTRATION_std_div_mean,898.0769152641296,89
4,f101_nyg_high_DAYS_DECISION_s_app_DAYS_REGISTRATION_max,4726.674864053726,433
4,f101_nyg_high_DAYS_DECISION_s_app_DAYS_EMPLOYED_min,5653.983711004257,459
4,f101_nyg_high_DAYS_FIRST_DRAWING_d_app_DAYS_EMPLOYED_mean,0.0,0
4,f101_nyg_high_DAYS_FIRST_DRAWING_d_app_DAYS_BIRTH_mean,0.0,0
4,f101_nyg_high_DAYS_DECISION_s_app_DAYS_EMPLOYED_mean,5512.323904037476,417
4,f101_nyg_high_DAYS_DECISION_s_app_DAYS_LAST_PHONE_CHANGE_std,669.5035796165466,63
4,f101_nyg_high_DAYS_DECISION_s_app_DAYS_REGISTRATION_mean,3704.104781627655,346
4,f101_nyg_high_DAYS_FIRST_DRAWING_d_app_DAYS_EMPLOYED_max_div_min,0.0,0
4,f101_nyg_high_DAYS_FIRST_DRAWING_d_app_DAYS_BIRTH_min,0.0,0
4,f101_nyg_high_DAYS_FIRST_DRAWING_d_app_DAYS_EMPLOYED_max,0.0,0
4,f101_nyg_high_DAYS_FIRST_DRAWING_d_app_DAYS_BIRTH_max_div_min,0.0,0
4,f101_nyg_high_DAYS_FIRST_DRAWING_d_app_DAYS_LAST_PHONE_CHANGE_max_div_min,0.0,0
4,f101_nyg_high_DAYS_FIRST_DRAWING_d_app_DAYS_BIRTH_max,0.0,0
4,f101_nyg_high_DAYS_FIRST_DRAWING_d_app_DAYS_ID_PUBLISH_min,0.0,0
4,f101_nyg_high_DAYS_FIRST_DRAWING_d_app_DAYS_EMPLOYED_min,0.0,0
4,f101_nyg_high_DAYS_DECISION_s_app_DAYS_REGISTRATION_std,629.24445104599,60
4,f101_nyg_high_DAYS_FIRST_DRAWING_d_app_DAYS_ID_PUBLISH_max_div_min,0.0,0
4,f101_nyg_high_DAYS_FIRST_DRAWING_d_app_DAYS_REGISTRATION_max,0.0,0
4,f101_nyg_high_DAYS_FIRST_DRAWING_d_app_DAYS_ID_PUBLISH_max,0.0,0
4,f101_nyg_high_DAYS_FIRST_DRAWING_d_app_DAYS_LAST_PHONE_CHANGE_min,0.0,0
4,f101_nyg_high_DAYS_FIRST_DRAWING_d_app_DAYS_LAST_PHONE_CHANGE_max,0.0,0
4,f101_nyg_high_DAYS_FIRST_DRAWING_d_app_DAYS_ID_PUBLISH_mean,0.0,0
4,f101_nyg_high_DAYS_DECISION_s_app_DAYS_REGISTRATION_min,3339.407790184021,331
4,f101_nyg_high_DAYS_FIRST_DRAWING_d_app_DAYS_LAST_PHONE_CHANGE_mean,0.0,0
4,f101_nyg_high_DAYS_FIRST_DRAWING_d_app_DAYS_REGISTRATION_max_div_min,0.0,0
4,f101_nyg_high_DAYS_FIRST_DRAWING_s_DAYS_DECISIONS_min,0.0,0
4,f101_nyg_high_DAYS_FIRST_DRAWING_d_app_DAYS_REGISTRATION_min,0.0,0
4,f101_nyg_high_DAYS_FIRST_DRAWING_s_app_DAYS_BIRTH_max_div_min,0.0,0
4,f101_nyg_high_DAYS_FIRST_DRAWING_s_app_DAYS_ID_PUBLISH_min,0.0,0
4,f101_nyg_high_DAYS_FIRST_DRAWING_d_app_DAYS_REGISTRATION_mean,0.0,0
4,f101_nyg_high_DAYS_FIRST_DRAWING_s_DAYS_DECISIONS_mean,0.0,0
4,f101_nyg_high_DAYS_FIRST_DRAWING_s_app_DAYS_BIRTH_min,0.0,0
4,f101_nyg_high_DAYS_FIRST_DRAWING_s_app_DAYS_LAST_PHONE_CHANGE_max_div_min,0.0,0
4,f101_nyg_high_DAYS_FIRST_DRAWING_s_DAYS_DECISIONS_max,0.0,0
4,f101_nyg_high_DAYS_FIRST_DRAWING_s_app_DAYS_BIRTH_max,0.0,0
4,f101_nyg_high_DAYS_FIRST_DRAWING_s_app_DAYS_BIRTH_mean,0.0,0
4,f101_nyg_high_DAYS_FIRST_DRAWING_s_app_DAYS_EMPLOYED_min,0.0,0
4,f101_nyg_high_DAYS_FIRST_DRAWING_s_app_DAYS_EMPLOYED_max,0.0,0
4,f101_nyg_high_DAYS_FIRST_DRAWING_s_app_DAYS_LAST_PHONE_CHANGE_max,0.0,0
4,f101_nyg_high_DAYS_FIRST_DRAWING_s_app_DAYS_ID_PUBLISH_max_div_min,0.0,0
4,f101_nyg_high_DAYS_FIRST_DRAWING_s_app_DAYS_ID_PUBLISH_max,0.0,0
5,f101_nyg_high_DAYS_FIRST_DRAWING_s_app_DAYS_REGISTRATION_max_div_min,0.0,0
5,f101_nyg_high_DAYS_FIRST_DRAWING_s_app_DAYS_REGISTRATION_mean,0.0,0
5,f101_nyg_high_DAYS_FIRST_DRAWING_s_app_DAYS_LAST_PHONE_CHANGE_mean,0.0,0
5,f101_nyg_high_DAYS_FIRST_DRAWING_s_app_DAYS_EMPLOYED_mean,0.0,0
5,f101_nyg_high_DAYS_FIRST_DRAWING_s_app_DAYS_REGISTRATION_min,0.0,0
5,f101_nyg_high_DAYS_FIRST_DRAWING_s_app_DAYS_REGISTRATION_max,0.0,0
5,f101_nyg_high_DAYS_FIRST_DRAWING_s_app_DAYS_ID_PUBLISH_mean,0.0,0
5,f101_nyg_high_DAYS_FIRST_DRAWING_s_app_DAYS_LAST_PHONE_CHANGE_min,0.0,0
5,f101_nyg_high_DAYS_FIRST_DRAWING_s_app_DAYS_EMPLOYED_max_div_min,0.0,0
5,f101_nyg_high_DAYS_FIRST_DUE_d_app_DAYS_BIRTH_min,2957.714574456215,328
5,f101_nyg_high_DAYS_FIRST_DUE_d_app_DAYS_BIRTH_max,2132.3960177898407,222
5,f101_nyg_high_DAYS_FIRST_DUE_d_app_DAYS_BIRTH_std_div_mean,1915.8482956886292,208
5,f101_nyg_high_DAYS_FIRST_DUE_d_app_DAYS_ID_PUBLISH_std_div_mean,663.8587183952332,67
5,f101_nyg_high_DAYS_FIRST_DUE_d_app_DAYS_EMPLOYED_std,1859.6722466945648,201
5,f101_nyg_high_DAYS_FIRST_DUE_d_app_DAYS_EMPLOYED_std_div_mean,1314.2203431129456,142
5,f101_nyg_high_DAYS_FIRST_DUE_d_app_DAYS_EMPLOYED_max,4575.696042299271,296
5,f101_nyg_high_DAYS_FIRST_DUE_d_app_DAYS_LAST_PHONE_CHANGE_std_div_mean,2975.4993085861206,320
5,f101_nyg_high_DAYS_FIRST_DUE_d_app_DAYS_REGISTRATION_std_div_mean,651.6287512779236,71
5,f101_nyg_high_DAYS_FIRST_DUE_d_app_DAYS_BIRTH_mean,2606.2260806560516,271
5,f101_nyg_high_DAYS_FIRST_DUE_s_DAYS_FIRST_DRAWING_max,0.0,0
5,f101_nyg_high_DAYS_FIRST_DUE_d_app_DAYS_EMPLOYED_mean,4371.851116895676,319
5,f101_nyg_high_DAYS_FIRST_DUE_s_DAYS_FIRST_DRAWING_mean,0.0,0
5,f101_nyg_high_DAYS_FIRST_DUE_s_DAYS_FIRST_DRAWING_max_div_min,0.0,0
5,f101_nyg_high_DAYS_FIRST_DUE_s_DAYS_FIRST_DRAWING_min,0.0,0
5,f101_nyg_high_DAYS_FIRST_DUE_s_app_DAYS_BIRTH_min,3339.5002003908157,221
5,f101_nyg_high_DAYS_FIRST_DUE_s_app_DAYS_REGISTRATION_max,2340.1891343593597,223
5,f101_nyg_high_DAYS_FIRST_DUE_s_app_DAYS_EMPLOYED_min,2036.7308354377747,203
5,f101_nyg_high_DAYS_FIRST_DUE_s_app_DAYS_EMPLOYED_max,3782.790593147278,297
5,f101_nyg_high_DAYS_FIRST_DUE_s_app_DAYS_BIRTH_mean,2799.3050332069397,198
5,f101_nyg_high_DAYS_FIRST_DUE_s_app_DAYS_EMPLOYED_mean,1493.2832094430923,141
5,f101_nyg_high_DAYS_FIRST_DUE_s_app_DAYS_BIRTH_max,4459.773292541504,271
5,f101_nyg_high_DAYS_LAST_DUE_1ST_VERSION_d_app_DAYS_BIRTH_max,3193.8521156311035,254
5,f101_nyg_high_DAYS_FIRST_DUE_s_app_DAYS_REGISTRATION_min,1827.8383102416992,186
5,f101_nyg_high_DAYS_LAST_DUE_1ST_VERSION_d_app_DAYS_BIRTH_mean,7839.063165068626,305
5,f101_nyg_high_DAYS_LAST_DUE_1ST_VERSION_d_app_DAYS_BIRTH_std,2713.1268014907837,284
5,f101_nyg_high_DAYS_FIRST_DUE_s_app_DAYS_REGISTRATION_mean,1637.4923887252808,171
5,f101_nyg_high_DAYS_LAST_DUE_1ST_VERSION_s_DAYS_FIRST_DRAWING_max_div_min,0.0,0
5,f101_nyg_high_DAYS_LAST_DUE_1ST_VERSION_s_DAYS_DECISIONS_max_div_min,1162.7619724273682,122
5,f101_nyg_high_DAYS_LAST_DUE_1ST_VERSION_s_DAYS_DECISIONS_mean,3676.589160680771,354
5,f101_nyg_high_DAYS_LAST_DUE_1ST_VERSION_d_app_DAYS_EMPLOYED_std,1775.0336294174194,196
5,f101_nyg_high_DAYS_LAST_DUE_1ST_VERSION_s_DAYS_DECISIONS_min,3608.7299838885665,334
5,f101_nyg_high_DAYS_LAST_DUE_1ST_VERSION_d_app_DAYS_BIRTH_min,5441.493417263031,294
5,f101_nyg_high_DAYS_LAST_DUE_1ST_VERSION_s_DAYS_DECISIONS_max,2638.3603291511536,267
5,f101_nyg_high_DAYS_LAST_DUE_1ST_VERSION_s_DAYS_FIRST_DRAWING_mean,0.0,0
5,f101_nyg_high_DAYS_LAST_DUE_1ST_VERSION_s_DAYS_FIRST_DRAWING_min,0.0,0
5,f101_nyg_high_DAYS_LAST_DUE_1ST_VERSION_s_DAYS_FIRST_DRAWING_max,0.0,0
5,f101_nyg_high_DAYS_LAST_DUE_1ST_VERSION_s_DAYS_DECISIONS_std_div_mean,1568.657662153244,173
5,f101_nyg_high_DAYS_LAST_DUE_1ST_VERSION_s_DAYS_DECISIONS_std,1369.3832676410675,143
5,f101_nyg_high_DAYS_LAST_DUE_1ST_VERSION_s_DAYS_FIRST_DUE_max,248.30953693389893,25
5,f101_nyg_high_DAYS_LAST_DUE_1ST_VERSION_s_DAYS_FIRST_DUE_std,478.37413907051086,54
5,f101_nyg_high_DAYS_LAST_DUE_1ST_VERSION_s_DAYS_FIRST_DUE_std_div_mean,910.2214913368225,104
5,f101_nyg_high_DAYS_LAST_DUE_1ST_VERSION_s_DAYS_FIRST_DUE_max_div_min,521.2999033927917,63
5,f101_nyg_high_DAYS_LAST_DUE_1ST_VERSION_s_DAYS_FIRST_DUE_min,231.43742179870605,26
5,f101_nyg_high_DAYS_LAST_DUE_1ST_VERSION_s_app_DAYS_BIRTH_mean,2088.301380634308,198
5,f101_nyg_high_DAYS_LAST_DUE_1ST_VERSION_s_app_DAYS_EMPLOYED_max,2936.8939332962036,275
5,f101_nyg_high_DAYS_LAST_DUE_1ST_VERSION_s_app_DAYS_EMPLOYED_mean,1534.95369887352,146
5,f101_nyg_high_DAYS_LAST_DUE_1ST_VERSION_s_DAYS_FIRST_DUE_mean,852.8759140968323,81
5,f101_nyg_high_DAYS_LAST_DUE_1ST_VERSION_s_app_DAYS_BIRTH_max,3255.487698316574,265
5,f101_nyg_high_DAYS_LAST_DUE_1ST_VERSION_s_app_DAYS_EMPLOYED_min,1847.676285982132,201
5,f101_nyg_high_DAYS_LAST_DUE_1ST_VERSION_s_app_DAYS_BIRTH_min,2139.298705101013,202
5,f101_nyg_high_DAYS_LAST_DUE_1ST_VERSION_s_app_DAYS_REGISTRATION_min,1820.6085851192474,186
5,f101_nyg_high_DAYS_LAST_DUE_d_app_DAYS_BIRTH_std_div_mean,817.7944264411926,87
5,f101_nyg_high_DAYS_LAST_DUE_d_app_DAYS_ID_PUBLISH_std_div_mean,346.92540884017944,42
5,f101_nyg_high_DAYS_LAST_DUE_d_app_DAYS_EMPLOYED_std,1305.6884789466858,139
5,f101_nyg_high_DAYS_LAST_DUE_d_app_DAYS_EMPLOYED_max,1833.4370684623718,187
5,f101_nyg_high_DAYS_LAST_DUE_1ST_VERSION_s_app_DAYS_REGISTRATION_mean,1644.1561207771301,179
5,f101_nyg_high_DAYS_LAST_DUE_1ST_VERSION_s_app_DAYS_REGISTRATION_max,2712.3756551742554,280
5,f101_nyg_high_DAYS_LAST_DUE_d_app_DAYS_BIRTH_max,3267.9423322677612,277
5,f101_nyg_high_DAYS_LAST_DUE_d_app_DAYS_EMPLOYED_std_div_mean,840.0349736213684,96
5,f101_nyg_high_DAYS_LAST_DUE_d_app_DAYS_BIRTH_mean,2938.1704540252686,248
5,f101_nyg_high_DAYS_LAST_DUE_d_app_DAYS_LAST_PHONE_CHANGE_std_div_mean,1543.7582049369812,165
5,f101_nyg_high_DAYS_LAST_DUE_s_DAYS_FIRST_DRAWING_max,0.0,0
5,f101_nyg_high_DAYS_LAST_DUE_d_app_DAYS_BIRTH_min,2923.0898385047913,284
5,f101_nyg_high_DAYS_LAST_DUE_s_DAYS_FIRST_DRAWING_max_div_min,0.0,0
5,f101_nyg_high_DAYS_LAST_DUE_s_DAYS_FIRST_DRAWING_min,0.0,0
5,f101_nyg_high_DAYS_LAST_DUE_s_DAYS_FIRST_DRAWING_mean,0.0,0
5,f101_nyg_high_DAYS_LAST_DUE_d_app_DAYS_REGISTRATION_std_div_mean,318.27337884902954,35
5,f101_nyg_high_DAYS_LAST_DUE_s_DAYS_LAST_DUE_1ST_VERSION_std,1640.474784374237,176
5,f101_nyg_high_DAYS_LAST_DUE_s_app_DAYS_BIRTH_mean,1558.0091083049774,139
5,f101_nyg_high_DAYS_LAST_DUE_s_DAYS_LAST_DUE_1ST_VERSION_max,477.84181213378906,55
5,f101_nyg_high_DAYS_LAST_DUE_s_DAYS_LAST_DUE_1ST_VERSION_mean,1349.2539405822754,131
5,f101_nyg_high_DAYS_LAST_DUE_s_app_DAYS_BIRTH_min,2020.7593269348145,176
5,f101_nyg_high_DAYS_LAST_DUE_s_app_DAYS_EMPLOYED_min,1369.105801820755,145
5,f101_nyg_high_DAYS_LAST_DUE_s_DAYS_LAST_DUE_1ST_VERSION_min,838.9325931072235,79
5,f101_nyg_high_DAYS_LAST_DUE_s_app_DAYS_BIRTH_max,3127.433488845825,205
5,f101_nyg_high_DAYS_LAST_DUE_s_app_DAYS_EMPLOYED_max,1656.7617239952087,158
5,f101_nyg_high_DAYS_LAST_DUE_s_app_DAYS_REGISTRATION_max,1674.6817905902863,171
5,f101_nyg_high_DAYS_LAST_DUE_s_app_DAYS_EMPLOYED_mean,1131.5160326957703,109
5,f101_nyg_high_DAYS_TERMINATION_d_app_DAYS_BIRTH_std_div_mean,824.0861372947693,86
5,f101_nyg_high_DAYS_TERMINATION_d_app_DAYS_EMPLOYED_std,971.7635798454285,108
5,f101_nyg_high_DAYS_TERMINATION_d_app_DAYS_BIRTH_mean,3286.9744203090668,274
5,f101_nyg_high_DAYS_TERMINATION_d_app_DAYS_BIRTH_max,3439.3975653648376,283
5,f101_nyg_high_DAYS_LAST_DUE_s_app_DAYS_REGISTRATION_min,1541.346525669098,169
5,f101_nyg_high_DAYS_LAST_DUE_s_app_DAYS_REGISTRATION_mean,1153.7008275985718,126
5,f101_nyg_high_DAYS_TERMINATION_d_app_DAYS_EMPLOYED_std_div_mean,740.3950634002686,84
5,f101_nyg_high_DAYS_TERMINATION_d_app_DAYS_BIRTH_min,3309.536125898361,312
5,f101_nyg_high_DAYS_TERMINATION_d_app_DAYS_EMPLOYED_max,2240.6120138168335,224
5,f101_nyg_high_DAYS_TERMINATION_s_DAYS_FIRST_DRAWING_mean,0.0,0
5,f101_nyg_high_DAYS_TERMINATION_d_app_DAYS_REGISTRATION_std_div_mean,388.16011095046997,46
5,f101_nyg_high_DAYS_TERMINATION_d_app_DAYS_LAST_PHONE_CHANGE_std_div_mean,1419.5762658119202,145
5,f101_nyg_high_DAYS_TERMINATION_d_app_DAYS_ID_PUBLISH_std_div_mean,251.57474040985107,29
5,f101_nyg_high_DAYS_TERMINATION_s_DAYS_FIRST_DRAWING_min,0.0,0
5,f101_nyg_high_DAYS_TERMINATION_s_DAYS_FIRST_DRAWING_max,0.0,0
5,f101_nyg_high_DAYS_TERMINATION_s_DAYS_FIRST_DRAWING_max_div_min,0.0,0
5,f101_nyg_high_DAYS_TERMINATION_s_DAYS_LAST_DUE_1ST_VERSION_std,2461.143009662628,255
5,f101_nyg_high_DAYS_TERMINATION_s_DAYS_LAST_DUE_1ST_VERSION_min,4377.946844577789,393
5,f101_nyg_high_DAYS_TERMINATION_s_DAYS_LAST_DUE_1ST_VERSION_max,5287.53693985939,506
5,f101_nyg_high_DAYS_TERMINATION_s_DAYS_LAST_DUE_1ST_VERSION_mean,4633.850953578949,437
5,f101_nyg_high_DAYS_TERMINATION_s_app_DAYS_BIRTH_min,1893.6665239334106,172
5,f101_nyg_high_DAYS_TERMINATION_s_app_DAYS_EMPLOYED_max,1873.6345429420471,177
5,f101_nyg_high_DAYS_TERMINATION_s_app_DAYS_EMPLOYED_std_div_mean,2639.362663269043,284
5,f101_nyg_high_DAYS_TERMINATION_s_app_DAYS_EMPLOYED_min,1404.0850296020508,136
5,f101_nyg_high_DAYS_TERMINATION_s_app_DAYS_BIRTH_max,1713.6845393180847,167
5,f101_nyg_high_DAYS_TERMINATION_s_app_DAYS_BIRTH_mean,1444.427836894989,146
5,f101_nyg_high_DAYS_TERMINATION_s_app_DAYS_EMPLOYED_mean,1166.5101404190063,117
5,f101_nyg_high_DAYS_TERMINATION_s_app_DAYS_REGISTRATION_mean,1612.3392958641052,162
5,f101_nyg_high_DAYS_TERMINATION_s_app_DAYS_REGISTRATION_min,1879.7329778671265,196
5,f101_nyg_high_DAYS_TERMINATION_s_app_DAYS_REGISTRATION_max,1910.2237396240234,202
5,f101_nyg_high_HOUR_APPR_PROCESS_START_std_div_mean,4421.869840145111,468
5,f101_nyg_high_HOUR_APPR_PROCESS_START_max,2900.5284016132355,295
5,f101_nyg_high_HOUR_APPR_PROCESS_START_max_div_min,1905.1024432182312,197
5,f101_nyg_high_HOUR_APPR_PROCESS_START_mean,5984.93176484108,550
5,f101_nyg_high_NAME_CASH_LOAN_PURPOSE_Other_sum,156.91425037384033,22
5,f101_nyg_high_HOUR_APPR_PROCESS_START_min,3090.5613532066345,262
5,f101_nyg_high_NAME_CASH_LOAN_PURPOSE_Urgent_needs_sum,95.90851974487305,9
5,f101_nyg_high_NAME_CASH_LOAN_PURPOSE_Repairs_sum,271.24450731277466,25
5,f101_nyg_high_NAME_CASH_LOAN_PURPOSE_Repairs_mean,795.1679453849792,66
5,f101_nyg_high_NAME_CASH_LOAN_PURPOSE_Urgent_needs_mean,577.8382530212402,52
5,f101_nyg_high_NAME_CLIENT_TYPE_New_sum,4130.657466411591,199
5,f101_nyg_high_NAME_CONTRACT_STATUS_Refused_sum,585.4019284248352,44
5,f101_nyg_high_NAME_CONTRACT_STATUS_Approved_mean,1331.581541776657,73
5,f101_nyg_high_NAME_CASH_LOAN_PURPOSE_XAP_mean,58.48762035369873,7
5,f101_nyg_high_NAME_CASH_LOAN_PURPOSE_XNA_sum,513.9454703330994,56
5,f101_nyg_high_NAME_CONTRACT_STATUS_Refused_mean,1544.4286642074585,92
5,f101_nyg_high_NAME_CONTRACT_TYPE_Consumer_loans_mean,22.84484052658081,3
5,f101_nyg_high_NAME_CONTRACT_TYPE_Cash_loans_mean,83.53144073486328,9
5,f101_nyg_high_NAME_GOODS_CATEGORY_Consumer_Electronics_mean,622.711932182312,69
5,f101_nyg_high_NAME_CONTRACT_TYPE_Cash_loans_sum,89.39865922927856,10
5,f101_nyg_high_NAME_PAYMENT_TYPE_Cash_through_the_bank_sum,429.7798900604248,49
5,f101_nyg_high_NAME_GOODS_CATEGORY_XNA_sum,161.01705932617188,19
5,f101_nyg_high_NAME_PRODUCT_TYPE_XNA_mean,99.96747064590454,10
5,f101_nyg_high_NAME_PORTFOLIO_Cash_mean,69.44285011291504,9
5,f101_nyg_high_NAME_GOODS_CATEGORY_XNA_mean,296.5185799598694,31
5,f101_nyg_high_NAME_PRODUCT_TYPE_x_sell_sum,355.17587900161743,35
5,f101_nyg_high_NAME_PORTFOLIO_Cash_sum,36.30203056335449,5
5,f101_nyg_high_NAME_PORTFOLIO_POS_mean,50.9818000793457,6
5,f101_nyg_high_NAME_SELLER_INDUSTRY_Consumer_electronics_mean,924.6616904735565,97
5,f101_nyg_high_NAME_PRODUCT_TYPE_walk_in_mean,1411.684284210205,104
5,f101_nyg_high_NAME_PRODUCT_TYPE_walk_in_sum,389.2663197517395,32
5,f101_nyg_high_NAME_SELLER_INDUSTRY_XNA_sum,260.8056116104126,28
5,f101_nyg_high_NAME_SELLER_INDUSTRY_Consumer_electronics_sum,280.58039140701294,34
5,f101_nyg_high_NAME_SELLER_INDUSTRY_XNA_mean,578.9836850166321,60
5,f101_nyg_high_PREV_COUNT,87.97345113754272,10
5,f101_nyg_high_PRODUCT_COMBINATION_POS_household_with_interest_sum,273.0382180213928,34
5,f101_nyg_high_NAME_TYPE_SUITE_Children_mean,231.6855001449585,27
5,f101_nyg_high_PRODUCT_COMBINATION_POS_household_with_interest_mean,870.5517325401306,88
5,f101_nyg_high_NAME_YIELD_GROUP_high_sum,94.40612030029297,11
5,f101_nyg_high_RATE_DOWN_PAYMENT_std_div_mean,2585.6247695684433,271
5,f101_nyg_high_RATE_DOWN_PAYMENT_std,3201.680506706238,349
5,f101_nyg_high_RATE_DOWN_PAYMENT_min,2633.290099143982,249
5,f101_nyg_high_active_mean,57.1397590637207,4
5,f101_nyg_high_RATE_DOWN_PAYMENT_mean,5865.907789230347,405
5,f101_nyg_high_active_std,242.87918138504028,24
5,f101_nyg_high_RATE_DOWN_PAYMENT_max,5723.280418872833,451
5,f101_nyg_high_active_sum,40.114540100097656,5
5,f101_nyg_high_active_min,0.0,0
5,f101_nyg_high_amt_paid_std_div_mean,2677.28930413723,294
5,f101_nyg_high_active_max,0.0,0
5,f101_nyg_high_amt_paid_max,5179.338310480118,482
5,f101_nyg_high_amt_unpaid_std_div_mean,289.8380618095398,35
5,f101_nyg_high_amt_paid_std,2255.4032850265503,251
5,f101_nyg_high_amt_unpaid_std,496.4105887413025,57
5,f101_nyg_high_amt_unpaid_mean,644.0989804267883,71
5,f101_nyg_high_amt_unpaid_max,527.6884288787842,60
5,f101_nyg_high_amt_unpaid_min,308.2001996040344,36
5,f101_nyg_high_amt_paid_mean,5953.952217340469,541
5,f101_nyg_high_cnt_paid_ratio_max_div_min,246.49281978607178,30
5,f101_nyg_high_cnt_paid_ratio_mean,450.35102224349976,47
5,f101_nyg_high_cnt_paid_mean,1620.7605030536652,172
5,f101_nyg_high_cnt_paid_min,622.8741002082825,66
5,f101_nyg_high_amt_unpaid_sum,421.97455167770386,49
5,f101_nyg_high_cnt_paid_ratio_std_div_mean,414.2253770828247,49
5,f101_nyg_high_cnt_paid_ratio_max,382.1676788330078,40
5,f101_nyg_high_cnt_paid_std,1732.0934371948242,192
5,f101_nyg_high_cnt_paid_ratio_min,415.28322982788086,45
5,f101_nyg_high_cnt_paid_ratio_std,315.35615062713623,37
5,f101_nyg_high_cnt_paid_max,857.308671951294,96
5,f101_nyg_high_cnt_unpaid_std,355.7143211364746,38
5,f101_nyg_high_cnt_unpaid_std_div_mean,201.99464988708496,25
5,f101_nyg_high_cnt_unpaid_mean,486.5950970649719,46
5,f101_nyg_high_cnt_unpaid_max,531.5937519073486,35
5,f101_nyg_high_completed_sum,202.14365816116333,24
5,f101_nyg_high_cnt_unpaid_min,244.77701139450073,29
5,f101_nyg_high_cnt_unpaid_sum,801.6772689819336,50
5,f101_nyg_high_completed_mean,9195.208730697632,91
5,f101_nyg_high_completed_std,562.594940662384,53
5,f101_nyg_high_completed_min,1536.6367149353027,12
5,f101_nyg_high_completed_std_div_mean,513.3544578552246,53
5,f101_nyg_high_completed_max,19.881999969482422,1
5,f101_nyg_high_interest_rate_diff_min,3843.5078852176666,383
5,f101_nyg_high_interest_rate_diff_std,3334.5574905872345,363
5,f101_nyg_high_total_debt_diff_mean,4368.344710826874,445
5,f101_nyg_high_interest_rate_diff_mean,4365.828424215317,433
5,f101_nyg_high_total_debt_diff_std,3440.909167766571,359
5,f101_nyg_high_total_debt_diff_max,3807.4767870903015,413
5,f101_nyg_low_action_AMT_ANNUITY_d_app_AMT_ANNUITY_diff_max,715.9842119216919,78
5,f101_nyg_low_action_AMT_ANNUITY_d_app_AMT_ANNUITY_diff_std,348.68695878982544,37
5,f101_nyg_high_total_debt_pctchange_max,4060.280168533325,421
5,f101_nyg_high_interest_rate_pctchange_min,3380.563539981842,364
5,f101_nyg_high_interest_rate_pctchange_mean,4554.6961789131165,451
5,f101_nyg_high_total_debt_pctchange_mean,3834.3521332740784,387
5,f101_nyg_high_total_debt_std,3223.518552303314,324
5,f101_nyg_low_action_AMT_ANNUITY_d_app_AMT_ANNUITY_pctchange_std,151.0779082775116,18
5,f101_nyg_high_total_debt_max_div_min,2108.0451040267944,206
5,f101_nyg_high_total_debt_min,6501.037167072296,603
5,f101_nyg_high_total_debt_mean,3849.209211587906,380
5,f101_nyg_high_total_debt_max,4617.244278669357,384
5,f101_nyg_low_action_AMT_ANNUITY_d_app_AMT_CREDIT_diff_std,117.22667121887207,14
5,f101_nyg_high_total_debt_pctchange_std,2827.8179092407227,300
5,f101_nyg_high_total_debt_std_div_mean,3716.754702091217,389
5,f101_nyg_low_action_AMT_ANNUITY_d_app_AMT_ANNUITY_std_div_mean,435.3776297569275,51
5,f101_nyg_high_total_debt_pctchange_min,4176.525292873383,452
5,f101_nyg_low_action_AMT_ANNUITY_d_app_AMT_ANNUITY_min,1684.202910900116,173
5,f101_nyg_low_action_AMT_ANNUITY_d_app_AMT_ANNUITY_mean,878.4954161643982,88
5,f101_nyg_low_action_AMT_ANNUITY_d_app_AMT_ANNUITY_max,1134.1503806114197,111
5,f101_nyg_low_action_AMT_ANNUITY_d_app_AMT_CREDIT_pctchange_std,15.066229820251465,2
5,f101_nyg_low_action_AMT_ANNUITY_d_app_AMT_CREDIT_std,133.87140893936157,17
5,f101_nyg_low_action_AMT_ANNUITY_d_app_AMT_ANNUITY_std,581.1647615432739,65
5,f101_nyg_low_action_AMT_ANNUITY_d_app_AMT_CREDIT_max,1040.008918762207,107
5,f101_nyg_low_action_AMT_ANNUITY_d_app_AMT_GOODS_PRICE_diff_std,107.69921875,11
5,f101_nyg_low_action_AMT_ANNUITY_d_app_AMT_GOODS_PRICE_pctchange_std,75.76381969451904,10
5,f101_nyg_low_action_AMT_ANNUITY_d_app_AMT_CREDIT_std_div_mean,194.59179067611694,23
5,f101_nyg_low_action_AMT_ANNUITY_d_app_AMT_CREDIT_min,1032.7511019706726,116
5,f101_nyg_low_action_AMT_ANNUITY_d_app_AMT_CREDIT_mean,920.8370382785797,100
5,f101_nyg_low_action_AMT_ANNUITY_d_app_AMT_GOODS_PRICE_max,893.747799873352,99
5,f101_nyg_low_action_AMT_ANNUITY_d_app_AMT_GOODS_PRICE_std,216.58359813690186,23
5,f101_nyg_low_action_AMT_ANNUITY_d_app_AMT_INCOME_TOTAL_diff_std,142.47695922851562,17
5,f101_nyg_low_action_AMT_ANNUITY_d_app_AMT_GOODS_PRICE_std_div_mean,106.08730030059814,13
5,f101_nyg_low_action_AMT_ANNUITY_d_app_AMT_INCOME_TOTAL_diff_max,509.1586604118347,53
5,f101_nyg_low_action_AMT_ANNUITY_d_app_AMT_INCOME_TOTAL_min,1498.943781375885,157
5,f101_nyg_low_action_AMT_ANNUITY_d_app_AMT_GOODS_PRICE_mean,907.2680962085724,101
5,f101_nyg_low_action_AMT_ANNUITY_d_app_AMT_INCOME_TOTAL_pctchange_std,0.0,0
5,f101_nyg_low_action_AMT_ANNUITY_d_app_AMT_INCOME_TOTAL_std,369.75414180755615,37
5,f101_nyg_low_action_AMT_ANNUITY_d_app_AMT_INCOME_TOTAL_std_div_mean,26.477800369262695,1
5,f101_nyg_low_action_AMT_ANNUITY_d_app_AMT_INCOME_TOTAL_diff_mean,391.9311293363571,46
5,f101_nyg_low_action_AMT_ANNUITY_d_app_AMT_INCOME_TOTAL_diff_min,778.5695114135742,88
5,f101_nyg_low_action_AMT_ANNUITY_d_app_AMT_INCOME_TOTAL_mean,1138.5738806724548,123
5,f101_nyg_low_action_AMT_ANNUITY_d_app_AMT_INCOME_TOTAL_max,1083.7294385433197,121
5,f101_nyg_low_action_AMT_ANNUITY_m_app_AMT_GOODS_PRICE_d_app_AMT_INCOME_TOTAL_diff_std,94.90515041351318,11
5,f101_nyg_low_action_AMT_ANNUITY_m_app_AMT_GOODS_PRICE_d_app_AMT_INCOME_TOTAL_diff_max,298.1381103992462,32
5,f101_nyg_low_action_AMT_ANNUITY_m_app_AMT_GOODS_PRICE_d_app_AMT_INCOME_TOTAL_diff_mean,226.42801904678345,24
5,f101_nyg_low_action_AMT_ANNUITY_m_app_AMT_GOODS_PRICE_d_app_AMT_INCOME_TOTAL_diff_min,334.3775589466095,38
5,f101_nyg_low_action_AMT_ANNUITY_m_app_AMT_GOODS_PRICE_d_app_AMT_INCOME_TOTAL_std,140.62809038162231,16
5,f101_nyg_low_action_AMT_ANNUITY_m_app_AMT_GOODS_PRICE_d_app_AMT_INCOME_TOTAL_pctchange_std_div_mean,128.58956861495972,16
5,f101_nyg_low_action_AMT_ANNUITY_s_app_AMT_ANNUITY_d_app_AMT_INCOME_TOTAL_diff_min,130.62579011917114,13
5,f101_nyg_low_action_AMT_ANNUITY_s_app_AMT_ANNUITY_d_app_AMT_INCOME_TOTAL_diff_max,103.84840059280396,11
5,f101_nyg_low_action_AMT_ANNUITY_min,1386.6325035095215,152
5,f101_nyg_low_action_AMT_ANNUITY_mean,1173.7580952644348,115
5,f101_nyg_low_action_AMT_ANNUITY_max,1373.1090550422668,143
5,f101_nyg_low_action_AMT_ANNUITY_s_app_AMT_ANNUITY_d_app_AMT_INCOME_TOTAL_diff_std,35.21023082733154,4
5,f101_nyg_low_action_AMT_ANNUITY_s_app_AMT_ANNUITY_d_app_AMT_INCOME_TOTAL_std,39.03936004638672,5
5,f101_nyg_low_action_AMT_ANNUITY_s_app_AMT_ANNUITY_d_app_AMT_INCOME_TOTAL_diff_mean,72.84031963348389,9
5,f101_nyg_low_action_AMT_ANNUITY_s_app_AMT_ANNUITY_diff_mean,701.8329973220825,80
5,f101_nyg_low_action_AMT_ANNUITY_s_app_AMT_ANNUITY_d_app_AMT_INCOME_TOTAL_max,1499.325397491455,143
5,f101_nyg_low_action_AMT_ANNUITY_s_app_AMT_ANNUITY_d_app_AMT_INCOME_TOTAL_min,1899.0825003962964,175
5,f101_nyg_low_action_AMT_ANNUITY_s_app_AMT_CREDIT_d_app_AMT_INCOME_TOTAL_diff_std,14.290140151977539,2
5,f101_nyg_low_action_AMT_ANNUITY_s_app_AMT_ANNUITY_d_app_AMT_INCOME_TOTAL_mean,1349.8633556365967,125
5,f101_nyg_low_action_AMT_ANNUITY_s_app_AMT_ANNUITY_diff_std,149.66786003112793,17
5,f101_nyg_low_action_AMT_ANNUITY_s_app_AMT_ANNUITY_diff_max,608.1473097801208,70
5,f101_nyg_low_action_AMT_ANNUITY_s_app_AMT_ANNUITY_std,403.56422901153564,44
5,f101_nyg_low_action_AMT_ANNUITY_s_app_AMT_ANNUITY_mean,1162.5473895072937,125
5,f101_nyg_low_action_AMT_ANNUITY_s_app_AMT_ANNUITY_max,1002.9895479679108,110
5,f101_nyg_low_action_AMT_ANNUITY_s_app_AMT_ANNUITY_min,1354.8125493526459,147
5,f101_nyg_low_action_AMT_ANNUITY_s_app_AMT_CREDIT_d_app_AMT_INCOME_TOTAL_diff_max,29.263100147247314,4
5,f101_nyg_low_action_AMT_ANNUITY_s_app_AMT_CREDIT_diff_std,43.41460943222046,6
5,f101_nyg_low_action_AMT_ANNUITY_s_app_AMT_CREDIT_d_app_AMT_INCOME_TOTAL_diff_mean,12.345710277557373,2
5,f101_nyg_low_action_AMT_ANNUITY_s_app_AMT_CREDIT_d_app_AMT_INCOME_TOTAL_diff_min,99.62217044830322,11
5,f101_nyg_low_action_AMT_ANNUITY_s_app_AMT_CREDIT_std,68.930100440979,9
5,f101_nyg_low_action_AMT_ANNUITY_s_app_AMT_CREDIT_d_app_AMT_INCOME_TOTAL_std_div_mean,104.78827047348022,11
5,f101_nyg_low_action_AMT_ANNUITY_s_app_AMT_CREDIT_d_app_AMT_INCOME_TOTAL_std,42.737380504608154,4
5,f101_nyg_low_action_AMT_ANNUITY_s_app_AMT_CREDIT_max,1965.0164852142334,188
5,f101_nyg_low_action_AMT_ANNUITY_s_app_AMT_CREDIT_pctchange_std_div_mean,59.591429710388184,8
5,f101_nyg_low_action_AMT_ANNUITY_s_app_AMT_CREDIT_d_app_AMT_INCOME_TOTAL_pctchange_std_div_mean,7.421239852905273,1
5,f101_nyg_low_action_AMT_ANNUITY_s_app_AMT_CREDIT_diff_max,217.35550928115845,28
5,f101_nyg_low_action_AMT_ANNUITY_s_app_AMT_CREDIT_diff_mean,226.40092277526855,24
5,f101_nyg_low_action_AMT_ANNUITY_s_app_AMT_CREDIT_std_div_mean,67.29950904846191,9
5,f101_nyg_low_action_AMT_ANNUITY_s_app_AMT_GOODS_PRICE_diff_mean,317.1558017730713,35
5,f101_nyg_low_action_AMT_ANNUITY_s_app_AMT_GOODS_PRICE_mean,1810.8565545082092,166
5,f101_nyg_low_action_AMT_ANNUITY_s_app_AMT_CREDIT_mean,1144.9485216140747,118
5,f101_nyg_low_action_AMT_ANNUITY_s_app_AMT_GOODS_PRICE_pctchange_std_div_mean,16.555190086364746,2
5,f101_nyg_low_action_AMT_ANNUITY_s_app_AMT_GOODS_PRICE_diff_max,230.14842081069946,24
5,f101_nyg_low_action_AMT_ANNUITY_s_app_AMT_CREDIT_min,1311.2592883110046,149
5,f101_nyg_low_action_AMT_ANNUITY_s_app_AMT_GOODS_PRICE_diff_std,36.62545967102051,5
5,f101_nyg_low_action_AMT_ANNUITY_s_app_AMT_INCOME_TOTAL_diff_std,17.88683032989502,2
5,f101_nyg_low_action_AMT_ANNUITY_s_app_AMT_GOODS_PRICE_std,114.2449312210083,15
5,f101_nyg_low_action_AMT_ANNUITY_s_app_AMT_INCOME_TOTAL_diff_max,83.00232934951782,11
5,f101_nyg_low_action_AMT_ANNUITY_s_app_AMT_GOODS_PRICE_max,1714.8588562011719,168
5,f101_nyg_low_action_AMT_ANNUITY_s_app_AMT_INCOME_TOTAL_pctchange_std_div_mean,369.4440493583679,48
5,f101_nyg_low_action_AMT_ANNUITY_std_div_mean,16.867579460144043,2
5,f101_nyg_low_action_AMT_ANNUITY_s_app_AMT_INCOME_TOTAL_diff_mean,14.490220069885254,2
5,f101_nyg_low_action_AMT_ANNUITY_s_app_AMT_GOODS_PRICE_min,2390.9209036827087,214
5,f101_nyg_low_action_AMT_APPLICATION_d_app_AMT_ANNUITY_diff_std,80.76338958740234,11
5,f101_nyg_low_action_AMT_ANNUITY_std,20.92506980895996,3
5,f101_nyg_low_action_AMT_ANNUITY_s_app_AMT_INCOME_TOTAL_std,6.3709797859191895,1
5,f101_nyg_low_action_AMT_APPLICATION_d_app_AMT_GOODS_PRICE_diff_std,33.99685049057007,5
5,f101_nyg_low_action_AMT_APPLICATION_d_app_AMT_ANNUITY_diff_max,1049.8568840026855,117
5,f101_nyg_low_action_AMT_APPLICATION_d_app_AMT_CREDIT_diff_std,17.77836036682129,2
5,f101_nyg_low_action_AMT_APPLICATION_d_app_AMT_ANNUITY_pctchange_std,142.88892793655396,18
5,f101_nyg_low_action_AMT_APPLICATION_d_app_AMT_CREDIT_pctchange_std,16.2085599899292,2
5,f101_nyg_low_action_AMT_APPLICATION_d_app_AMT_GOODS_PRICE_pctchange_std,41.66427159309387,7
5,f101_nyg_low_action_AMT_APPLICATION_d_app_AMT_INCOME_TOTAL_pctchange_std,0.0,0
5,f101_nyg_low_action_AMT_APPLICATION_d_app_AMT_INCOME_TOTAL_diff_min,649.7995805740356,71
5,f101_nyg_low_action_AMT_APPLICATION_m_app_AMT_GOODS_PRICE_d_app_AMT_INCOME_TOTAL_diff_min,282.49053835868835,35
5,f101_nyg_low_action_AMT_APPLICATION_m_app_AMT_GOODS_PRICE_d_app_AMT_INCOME_TOTAL_diff_mean,322.22626066207886,34
5,f101_nyg_low_action_AMT_APPLICATION_d_app_AMT_INCOME_TOTAL_diff_mean,201.78679037094116,20
5,f101_nyg_low_action_AMT_APPLICATION_s_app_AMT_ANNUITY_d_app_AMT_INCOME_TOTAL_diff_mean,6.977250099182129,1
5,f101_nyg_low_action_AMT_APPLICATION_s_app_AMT_ANNUITY_diff_std,80.98370027542114,10
5,f101_nyg_low_action_AMT_APPLICATION_s_app_AMT_ANNUITY_diff_max,700.7158526182175,74
5,f101_nyg_low_action_AMT_APPLICATION_s_app_AMT_ANNUITY_d_app_AMT_INCOME_TOTAL_std_div_mean,443.41798162460327,48
5,f101_nyg_low_action_AMT_APPLICATION_s_app_AMT_ANNUITY_d_app_AMT_INCOME_TOTAL_diff_min,67.75110912322998,8
5,f101_nyg_low_action_AMT_APPLICATION_s_app_AMT_ANNUITY_diff_mean,467.85290145874023,59
5,f101_nyg_low_action_AMT_APPLICATION_s_app_AMT_ANNUITY_std_div_mean,94.3054609298706,11
5,f101_nyg_low_action_AMT_APPLICATION_s_app_AMT_CREDIT_d_app_AMT_INCOME_TOTAL_diff_min,46.086480140686035,6
5,f101_nyg_low_action_AMT_APPLICATION_s_app_AMT_CREDIT_diff_max,240.429030418396,27
5,f101_nyg_low_action_AMT_APPLICATION_s_app_AMT_CREDIT_diff_std,21.75543975830078,2
5,f101_nyg_low_action_AMT_APPLICATION_s_app_AMT_CREDIT_diff_mean,114.48588943481445,14
5,f101_nyg_low_action_AMT_APPLICATION_s_app_AMT_CREDIT_d_app_AMT_INCOME_TOTAL_diff_mean,30.93379020690918,3
5,f101_nyg_low_action_AMT_APPLICATION_s_app_AMT_INCOME_TOTAL_diff_max,45.00582027435303,5
5,f101_nyg_low_action_AMT_APPLICATION_s_app_AMT_GOODS_PRICE_diff_max,138.76942110061646,17
5,f101_nyg_low_action_AMT_APPLICATION_s_app_AMT_GOODS_PRICE_diff_std,5.9938201904296875,1
5,f101_nyg_low_action_AMT_APPLICATION_s_app_AMT_GOODS_PRICE_diff_mean,153.0432095527649,18
5,f101_nyg_low_action_AMT_APPLICATION_s_app_AMT_INCOME_TOTAL_diff_std,7.376689910888672,1
5,f101_nyg_low_action_AMT_APPLICATION_s_app_AMT_INCOME_TOTAL_diff_mean,8.53816032409668,1
5,f101_nyg_low_action_AMT_CREDIT_d_AMT_ANNUITY_diff_std,252.70711851119995,30
5,f101_nyg_low_action_AMT_APPLICATION_s_app_AMT_INCOME_TOTAL_pctchange_std_div_mean,210.89830875396729,24
5,f101_nyg_low_action_AMT_CREDIT_d_AMT_ANNUITY_pctchange_std,212.10539054870605,22
5,f101_nyg_low_action_AMT_CREDIT_d_AMT_ANNUITY_std,376.58863067626953,42
5,f101_nyg_low_action_AMT_CREDIT_d_AMT_ANNUITY_max,1517.0033580064774,158
5,f101_nyg_low_action_AMT_CREDIT_d_AMT_ANNUITY_min,1879.282220363617,185
5,f101_nyg_low_action_AMT_CREDIT_d_AMT_APPLICATION_pctchange_std,548.1704874038696,67
5,f101_nyg_low_action_AMT_CREDIT_d_AMT_ANNUITY_mean,1132.610169172287,120
5,f101_nyg_low_action_AMT_CREDIT_d_AMT_ANNUITY_std_div_mean,402.6290020942688,46
5,f101_nyg_low_action_AMT_CREDIT_d_AMT_APPLICATION_std,355.4411401748657,35
5,f101_nyg_low_action_AMT_CREDIT_d_AMT_APPLICATION_diff_max,645.7122416496277,74
5,f101_nyg_low_action_AMT_CREDIT_d_AMT_APPLICATION_mean,907.6671061515808,82
5,f101_nyg_low_action_AMT_CREDIT_d_AMT_APPLICATION_pctchange_max_div_min,208.1182131767273,24
5,f101_nyg_low_action_AMT_CREDIT_d_AMT_APPLICATION_std_div_mean,169.06948852539062,19
5,f101_nyg_low_action_AMT_CREDIT_d_AMT_APPLICATION_diff_max_div_min,108.45788049697876,13
5,f101_nyg_low_action_AMT_CREDIT_d_AMT_APPLICATION_diff_mean,802.8471393585205,87
5,f101_nyg_low_action_AMT_CREDIT_d_AMT_APPLICATION_max,1596.2047171592712,110
5,f101_nyg_low_action_AMT_CREDIT_d_AMT_APPLICATION_min,782.1935980319977,80
5,f101_nyg_low_action_AMT_CREDIT_d_app_AMT_ANNUITY_diff_std,134.70471048355103,17
5,f101_nyg_low_action_AMT_CREDIT_d_app_AMT_GOODS_PRICE_diff_std,100.74842071533203,12
5,f101_nyg_low_action_AMT_CREDIT_d_app_AMT_CREDIT_pctchange_std,94.38356876373291,12
5,f101_nyg_low_action_AMT_CREDIT_d_app_AMT_ANNUITY_pctchange_std,10.124899864196777,1
5,f101_nyg_low_action_AMT_CREDIT_d_app_AMT_CREDIT_diff_std,115.71235942840576,15
5,f101_nyg_low_action_AMT_CREDIT_d_app_AMT_GOODS_PRICE_pctchange_std,43.79578971862793,5
5,f101_nyg_low_action_AMT_CREDIT_m_app_AMT_GOODS_PRICE_d_app_AMT_INCOME_TOTAL_pctchange_std_div_mean,214.98630094528198,26
5,f101_nyg_low_action_AMT_CREDIT_d_app_AMT_INCOME_TOTAL_pctchange_std,19.859750270843506,3
5,f101_nyg_low_action_AMT_CREDIT_s_app_AMT_ANNUITY_d_app_AMT_INCOME_TOTAL_std_div_mean,539.9987087249756,59
5,f101_nyg_low_action_AMT_CREDIT_d_total_debt_pctchange_std_div_mean,258.09049892425537,32
5,f101_nyg_low_action_AMT_CREDIT_d_total_debt_diff_std,396.7477307319641,45
5,f101_nyg_low_action_AMT_CREDIT_d_total_debt_diff_min,1819.4715518951416,197
5,f101_nyg_low_action_AMT_CREDIT_s_app_AMT_GOODS_PRICE_diff_std,91.73821067810059,13
5,f101_nyg_low_action_AMT_CREDIT_s_app_AMT_CREDIT_d_app_AMT_INCOME_TOTAL_pctchange_std_div_mean,557.2516222000122,56
5,f101_nyg_low_action_AMT_CREDIT_s_app_AMT_CREDIT_diff_std,55.62363958358765,7
5,f101_nyg_low_action_AMT_CREDIT_s_app_AMT_ANNUITY_diff_std,0.0,0
5,f101_nyg_low_action_AMT_CREDIT_s_app_AMT_ANNUITY_std_div_mean,125.23997068405151,15
5,f101_nyg_low_action_AMT_DOWN_PAYMENT_d_AMT_GOODS_PRICE_pctchange_std,16.187429904937744,2
5,f101_nyg_low_action_AMT_DOWN_PAYMENT_d_AMT_GOODS_PRICE_pctchange_std_div_mean,22.14498996734619,3
5,f101_nyg_low_action_AMT_CREDIT_s_app_AMT_INCOME_TOTAL_diff_std,0.0,0
5,f101_nyg_low_action_AMT_CREDIT_s_app_AMT_CREDIT_pctchange_std_div_mean,126.33356046676636,14
5,f101_nyg_low_action_AMT_DOWN_PAYMENT_d_AMT_GOODS_PRICE_std_div_mean,51.98791027069092,8
5,f101_nyg_low_action_AMT_CREDIT_s_app_AMT_GOODS_PRICE_pctchange_std_div_mean,67.25142002105713,6
5,f101_nyg_low_action_AMT_DOWN_PAYMENT_d_AMT_GOODS_PRICE_diff_std,249.24719953536987,32
5,f101_nyg_low_action_AMT_DOWN_PAYMENT_std_div_mean,41.92242956161499,5
5,f101_nyg_low_action_AMT_DOWN_PAYMENT_d_AMT_GOODS_PRICE_pctchange_min,296.3208088874817,35
5,f101_nyg_low_action_AMT_DOWN_PAYMENT_d_AMT_GOODS_PRICE_pctchange_mean,251.55261039733887,32
5,f101_nyg_low_action_AMT_GOODS_PRICE_d_AMT_ANNUITY_diff_std,191.62196969985962,25
5,f101_nyg_low_action_AMT_DOWN_PAYMENT_d_AMT_GOODS_PRICE_diff_min,1007.6443223953247,120
5,f101_nyg_low_action_AMT_GOODS_PRICE_d_AMT_ANNUITY_pctchange_std_div_mean,240.73657846450806,29
5,f101_nyg_low_action_AMT_GOODS_PRICE_d_AMT_ANNUITY_pctchange_std,170.7250199317932,20
5,f101_nyg_low_action_AMT_GOODS_PRICE_d_AMT_ANNUITY_std_div_mean,363.9914209842682,46
5,f101_nyg_low_action_AMT_GOODS_PRICE_d_AMT_ANNUITY_min,1302.6111788749695,150
5,f101_nyg_low_action_AMT_GOODS_PRICE_d_AMT_ANNUITY_mean,1435.489158153534,162
5,f101_nyg_low_action_AMT_GOODS_PRICE_d_AMT_CREDIT_max,464.16334199905396,50
5,f101_nyg_low_action_AMT_GOODS_PRICE_d_AMT_CREDIT_pctchange_max,771.9871656894684,91
5,f101_nyg_low_action_AMT_GOODS_PRICE_d_app_AMT_ANNUITY_diff_std,58.2568302154541,7
5,f101_nyg_low_action_AMT_GOODS_PRICE_d_AMT_CREDIT_pctchange_mean,740.6208672523499,81
5,f101_nyg_low_action_AMT_GOODS_PRICE_d_AMT_CREDIT_std,160.02475929260254,19
5,f101_nyg_low_action_AMT_GOODS_PRICE_d_AMT_CREDIT_min,1099.8020882606506,91
5,f101_nyg_low_action_AMT_GOODS_PRICE_d_AMT_CREDIT_mean,775.4444885253906,74
5,f101_nyg_low_action_AMT_GOODS_PRICE_d_app_AMT_CREDIT_pctchange_std,6.1678900718688965,1
5,f101_nyg_low_action_AMT_GOODS_PRICE_d_app_AMT_CREDIT_diff_std,32.80961990356445,5
5,f101_nyg_low_action_AMT_GOODS_PRICE_d_app_AMT_ANNUITY_pctchange_std,0.0,0
5,f101_nyg_low_action_AMT_GOODS_PRICE_d_AMT_CREDIT_pctchange_min,792.2820925712585,90
5,f101_nyg_low_action_AMT_GOODS_PRICE_d_AMT_CREDIT_std_div_mean,140.16583037376404,17
5,f101_nyg_low_action_AMT_GOODS_PRICE_d_app_AMT_GOODS_PRICE_pctchange_std,25.265328884124756,3
5,f101_nyg_low_action_AMT_GOODS_PRICE_d_app_AMT_INCOME_TOTAL_pctchange_std,0.0,0
5,f101_nyg_low_action_AMT_GOODS_PRICE_d_app_AMT_GOODS_PRICE_diff_std,63.8219199180603,10
5,f101_nyg_low_action_AMT_GOODS_PRICE_d_total_debt_diff_std,365.6367988586426,41
5,f101_nyg_low_action_AMT_GOODS_PRICE_d_app_AMT_INCOME_TOTAL_diff_mean,372.93854236602783,41
5,f101_nyg_low_action_AMT_GOODS_PRICE_d_total_debt_diff_max,907.8740491867065,105
5,f101_nyg_low_action_AMT_GOODS_PRICE_d_app_AMT_INCOME_TOTAL_diff_min,369.21686029434204,38
5,f101_nyg_low_action_AMT_GOODS_PRICE_d_total_debt_pctchange_mean,732.8239994049072,79
5,f101_nyg_low_action_AMT_GOODS_PRICE_d_total_debt_diff_mean,664.5131497383118,76
5,f101_nyg_low_action_AMT_GOODS_PRICE_d_total_debt_diff_min,894.9893002510071,97
5,f101_nyg_low_action_AMT_GOODS_PRICE_d_total_debt_pctchange_min,829.929830789566,86
5,f101_nyg_low_action_AMT_GOODS_PRICE_d_total_debt_max,1489.5092234611511,154
5,f101_nyg_low_action_AMT_GOODS_PRICE_d_total_debt_pctchange_max,798.1597738265991,86
5,f101_nyg_low_action_AMT_GOODS_PRICE_m_app_AMT_GOODS_PRICE_d_app_AMT_INCOME_TOTAL_diff_mean,216.43767070770264,27
5,f101_nyg_low_action_AMT_GOODS_PRICE_m_app_AMT_GOODS_PRICE_d_app_AMT_INCOME_TOTAL_diff_min,141.42997884750366,19
5,f101_nyg_low_action_AMT_GOODS_PRICE_d_total_debt_mean,1427.8261365890503,146
5,f101_nyg_low_action_AMT_GOODS_PRICE_d_total_debt_pctchange_std_div_mean,392.0736417770386,49
5,f101_nyg_low_action_AMT_GOODS_PRICE_d_total_debt_min,1849.2892870903015,182
5,f101_nyg_low_action_AMT_GOODS_PRICE_s_app_AMT_ANNUITY_d_app_AMT_INCOME_TOTAL_diff_mean,132.41713047027588,15
5,f101_nyg_low_action_AMT_GOODS_PRICE_s_app_AMT_ANNUITY_diff_std,112.18200063705444,15
5,f101_nyg_low_action_AMT_GOODS_PRICE_s_app_AMT_CREDIT_d_app_AMT_INCOME_TOTAL_diff_min,27.506600379943848,3
5,f101_nyg_low_action_AMT_GOODS_PRICE_s_app_AMT_ANNUITY_std_div_mean,101.41731071472168,12
5,f101_nyg_low_action_AMT_GOODS_PRICE_s_app_AMT_ANNUITY_d_app_AMT_INCOME_TOTAL_diff_min,36.48549032211304,5
5,f101_nyg_low_action_AMT_GOODS_PRICE_s_app_AMT_ANNUITY_d_app_AMT_INCOME_TOTAL_std_div_mean,12.730489730834961,2
5,f101_nyg_low_action_AMT_GOODS_PRICE_s_app_AMT_GOODS_PRICE_diff_std,17.57863998413086,2
5,f101_nyg_low_action_AMT_GOODS_PRICE_s_app_AMT_CREDIT_diff_std,14.855299472808838,2
5,f101_nyg_low_action_AMT_GOODS_PRICE_s_app_AMT_INCOME_TOTAL_diff_std,7.153540134429932,1
5,f101_nyg_low_action_AMT_GOODS_PRICE_s_app_AMT_INCOME_TOTAL_pctchange_std_div_mean,303.75570011138916,35
5,f101_nyg_low_action_AMT_GOODS_PRICE_s_app_AMT_CREDIT_d_app_AMT_INCOME_TOTAL_diff_mean,27.66174030303955,3
5,f101_nyg_low_action_CHANNEL_TYPE_Credit_and_cash_offices_mean,378.88595151901245,42
5,f101_nyg_low_action_CNT_PAYMENT_std_div_mean,51.9176607131958,6
5,f101_nyg_low_action_CNT_PAYMENT_std,99.87900066375732,12
5,f101_nyg_low_action_CNT_PAYMENT_mean,89.48223066329956,9
5,f101_nyg_low_action_CHANNEL_TYPE_Regional___Local_mean,700.4160189628601,72
5,f101_nyg_low_action_CODE_REJECT_REASON_LIMIT_sum,13.951339721679688,2
5,f101_nyg_low_action_CNT_PAYMENT_min,64.94037961959839,6
5,f101_nyg_low_action_CODE_REJECT_REASON_SCOFR_sum,0.0,0
5,f101_nyg_low_action_CODE_REJECT_REASON_LIMIT_mean,135.28277015686035,16
5,f101_nyg_low_action_CODE_REJECT_REASON_HC_mean,408.37591075897217,40
5,f101_nyg_low_action_CODE_REJECT_REASON_XAP_sum,37.919349193573,3
5,f101_nyg_low_action_CODE_REJECT_REASON_SCOFR_mean,0.0,0
5,f101_nyg_low_action_DAYS_DECISION_d_app_DAYS_BIRTH_std_div_mean,430.8877010345459,51
5,f101_nyg_low_action_CODE_REJECT_REASON_XAP_mean,966.5606002807617,78
5,f101_nyg_low_action_DAYS_DECISION_d_app_DAYS_ID_PUBLISH_std_div_mean,133.71770095825195,16
5,f101_nyg_low_action_DAYS_DECISION_d_app_DAYS_BIRTH_std,170.03886938095093,21
5,f101_nyg_low_action_CODE_REJECT_REASON_SCO_mean,149.92292976379395,16
5,f101_nyg_low_action_DAYS_DECISION_d_app_DAYS_BIRTH_mean,1945.2440855503082,199
5,f101_nyg_low_action_DAYS_DECISION_d_app_DAYS_EMPLOYED_mean,1296.7242770195007,121
5,f101_nyg_low_action_DAYS_DECISION_d_app_DAYS_LAST_PHONE_CHANGE_std_div_mean,473.6771082878113,53
5,f101_nyg_low_action_DAYS_DECISION_s_app_DAYS_EMPLOYED_std,202.4115777015686,20
5,f101_nyg_low_action_DAYS_DECISION_d_app_DAYS_REGISTRATION_std_div_mean,74.49476051330566,9
5,f101_nyg_low_action_DAYS_DECISION_d_app_DAYS_BIRTH_min,1632.9527826309204,179
5,f101_nyg_low_action_DAYS_DECISION_d_app_DAYS_EMPLOYED_min,2167.7821593284607,133
5,f101_nyg_low_action_DAYS_DECISION_s_app_DAYS_ID_PUBLISH_std,61.17239952087402,8
5,f101_nyg_low_action_DAYS_DECISION_s_app_DAYS_BIRTH_std,0.0,0
5,f101_nyg_low_action_DAYS_DECISION_s_app_DAYS_BIRTH_std_div_mean,184.21053981781006,23
5,f101_nyg_low_action_DAYS_DECISION_s_app_DAYS_BIRTH_max,1331.7544741630554,124
5,f101_nyg_low_action_DAYS_DECISION_s_app_DAYS_EMPLOYED_mean,1290.297508239746,130
5,f101_nyg_low_action_DAYS_DECISION_s_app_DAYS_EMPLOYED_max,1620.1263093948364,148
5,f101_nyg_low_action_DAYS_DECISION_s_app_DAYS_BIRTH_min,1518.803068637848,164
5,f101_nyg_low_action_DAYS_DECISION_s_app_DAYS_BIRTH_mean,1043.1841397285461,111
5,f101_nyg_low_action_DAYS_DECISION_s_app_DAYS_LAST_PHONE_CHANGE_max,2129.8948397636414,223
5,f101_nyg_low_action_DAYS_DECISION_s_app_DAYS_ID_PUBLISH_max,1972.462860584259,214
5,f101_nyg_low_action_DAYS_DECISION_s_app_DAYS_EMPLOYED_min,1291.0502889156342,146
5,f101_nyg_low_action_DAYS_DECISION_s_app_DAYS_ID_PUBLISH_min,1970.9610508680344,207
5,f101_nyg_low_action_DAYS_DECISION_s_app_DAYS_LAST_PHONE_CHANGE_std,15.382920265197754,2
5,f101_nyg_low_action_DAYS_DECISION_s_app_DAYS_REGISTRATION_std,0.0,0
5,f101_nyg_low_action_DAYS_DECISION_s_app_DAYS_ID_PUBLISH_mean,1928.8749127388,193
5,f101_nyg_low_action_DAYS_DECISION_s_app_DAYS_LAST_PHONE_CHANGE_min,1452.595627784729,159
5,f101_nyg_low_action_DAYS_DECISION_s_app_DAYS_LAST_PHONE_CHANGE_mean,1629.6214570999146,166
5,f101_nyg_low_action_DAYS_DECISION_s_app_DAYS_REGISTRATION_mean,1712.3806698322296,184
5,f101_nyg_low_action_DAYS_DECISION_s_app_DAYS_REGISTRATION_max,1865.1091157197952,197
5,f101_nyg_low_action_DAYS_FIRST_DUE_d_app_DAYS_EMPLOYED_std_div_mean,230.85616970062256,31
5,f101_nyg_low_action_DAYS_FIRST_DUE_d_app_DAYS_EMPLOYED_max,1158.6049003601074,125
5,f101_nyg_low_action_DAYS_DECISION_s_app_DAYS_REGISTRATION_min,1769.7144309282303,196
5,f101_nyg_low_action_DAYS_FIRST_DUE_d_app_DAYS_EMPLOYED_mean,1952.1035816669464,164
5,f101_nyg_low_action_DAYS_FIRST_DUE_d_app_DAYS_BIRTH_min,1818.5697758197784,198
5,f101_nyg_low_action_DAYS_FIRST_DUE_d_app_DAYS_LAST_PHONE_CHANGE_std,602.8457083702087,68
5,f101_nyg_low_action_DAYS_FIRST_DUE_s_app_DAYS_BIRTH_mean,1850.1267185211182,171
5,f101_nyg_low_action_DAYS_FIRST_DUE_s_app_DAYS_BIRTH_min,1562.3298300504684,169
5,f101_nyg_low_action_DAYS_FIRST_DUE_s_app_DAYS_BIRTH_max,2388.9426674842834,184
5,f101_nyg_low_action_DAYS_FIRST_DUE_d_app_DAYS_BIRTH_mean,2500.030515432358,270
5,f101_nyg_low_action_DAYS_FIRST_DUE_d_app_DAYS_EMPLOYED_min,2179.3624997138977,156
6,f101_nyg_low_action_DAYS_FIRST_DUE_s_app_DAYS_ID_PUBLISH_max,1354.4233615398407,91
6,f101_nyg_low_action_DAYS_FIRST_DUE_s_app_DAYS_EMPLOYED_max,1754.6019682884216,108
6,f101_nyg_low_action_DAYS_LAST_DUE_1ST_VERSION_d_app_DAYS_EMPLOYED_std_div_mean,101.94732093811035,12
6,f101_nyg_low_action_DAYS_FIRST_DUE_s_app_DAYS_ID_PUBLISH_mean,888.971267580986,79
6,f101_nyg_low_action_DAYS_FIRST_DUE_s_app_DAYS_EMPLOYED_min,806.3082385063171,57
6,f101_nyg_low_action_DAYS_FIRST_DUE_s_app_DAYS_LAST_PHONE_CHANGE_min,817.2521705627441,86
6,f101_nyg_low_action_DAYS_FIRST_DUE_s_app_DAYS_REGISTRATION_max,960.1875319480896,85
6,f101_nyg_low_action_DAYS_FIRST_DUE_s_app_DAYS_EMPLOYED_mean,840.5340201854706,64
6,f101_nyg_low_action_DAYS_FIRST_DUE_s_app_DAYS_REGISTRATION_mean,686.4677867889404,63
6,f101_nyg_low_action_DAYS_FIRST_DUE_s_app_DAYS_LAST_PHONE_CHANGE_mean,733.4148035049438,70
6,f101_nyg_low_action_DAYS_FIRST_DUE_s_app_DAYS_ID_PUBLISH_min,1351.7693536281586,96
6,f101_nyg_low_action_DAYS_FIRST_DUE_s_app_DAYS_LAST_PHONE_CHANGE_max,1207.2076120376587,102
6,f101_nyg_low_action_DAYS_LAST_DUE_1ST_VERSION_d_app_DAYS_BIRTH_std_div_mean,438.5813612937927,49
6,f101_nyg_low_action_DAYS_FIRST_DUE_s_app_DAYS_REGISTRATION_min,946.0101022720337,77
6,f101_nyg_low_action_DAYS_LAST_DUE_1ST_VERSION_d_app_DAYS_REGISTRATION_std_div_mean,169.73962926864624,16
6,f101_nyg_low_action_DAYS_LAST_DUE_1ST_VERSION_d_app_DAYS_LAST_PHONE_CHANGE_std_div_mean,334.9824800491333,38
6,f101_nyg_low_action_DAYS_LAST_DUE_1ST_VERSION_d_app_DAYS_ID_PUBLISH_std_div_mean,75.13086891174316,7
6,f101_nyg_low_action_DAYS_LAST_DUE_1ST_VERSION_s_app_DAYS_EMPLOYED_std,539.9027900695801,66
6,f101_nyg_low_action_DAYS_LAST_DUE_1ST_VERSION_s_app_DAYS_BIRTH_std,193.64126062393188,23
6,f101_nyg_low_action_DAYS_LAST_DUE_1ST_VERSION_s_app_DAYS_BIRTH_max,3039.0115218162537,139
6,f101_nyg_low_action_DAYS_LAST_DUE_1ST_VERSION_s_app_DAYS_BIRTH_mean,1950.9058866500854,110
6,f101_nyg_low_action_DAYS_LAST_DUE_1ST_VERSION_s_app_DAYS_LAST_PHONE_CHANGE_std,46.63938045501709,4
6,f101_nyg_low_action_DAYS_LAST_DUE_1ST_VERSION_s_app_DAYS_ID_PUBLISH_std,16.32112979888916,2
6,f101_nyg_low_action_DAYS_LAST_DUE_1ST_VERSION_s_app_DAYS_EMPLOYED_max,912.527054309845,72
6,f101_nyg_low_action_DAYS_LAST_DUE_1ST_VERSION_s_app_DAYS_ID_PUBLISH_max,464.9350686073303,47
6,f101_nyg_low_action_DAYS_LAST_DUE_1ST_VERSION_s_app_DAYS_ID_PUBLISH_min,758.0350878238678,81
6,f101_nyg_low_action_DAYS_LAST_DUE_1ST_VERSION_s_app_DAYS_EMPLOYED_min,693.9750728607178,69
6,f101_nyg_low_action_DAYS_LAST_DUE_1ST_VERSION_s_app_DAYS_LAST_PHONE_CHANGE_max,1116.3983867168427,108
6,f101_nyg_low_action_DAYS_LAST_DUE_1ST_VERSION_s_app_DAYS_EMPLOYED_mean,547.3097891807556,50
6,f101_nyg_low_action_DAYS_LAST_DUE_1ST_VERSION_s_app_DAYS_BIRTH_min,1674.707419872284,112
6,f101_nyg_low_action_DAYS_LAST_DUE_1ST_VERSION_s_app_DAYS_ID_PUBLISH_mean,585.304545879364,56
6,f101_nyg_low_action_DAYS_LAST_DUE_1ST_VERSION_s_app_DAYS_REGISTRATION_std,0.0,0
6,f101_nyg_low_action_DAYS_LAST_DUE_1ST_VERSION_s_app_DAYS_LAST_PHONE_CHANGE_mean,728.9189777374268,71
6,f101_nyg_low_action_DAYS_LAST_DUE_1ST_VERSION_s_app_DAYS_REGISTRATION_min,495.5852539539337,54
6,f101_nyg_low_action_DAYS_LAST_DUE_1ST_VERSION_s_app_DAYS_LAST_PHONE_CHANGE_min,696.8836410045624,81
6,f101_nyg_low_action_DAYS_LAST_DUE_1ST_VERSION_s_app_DAYS_REGISTRATION_max,507.6970844268799,51
6,f101_nyg_low_action_DAYS_LAST_DUE_d_app_DAYS_BIRTH_std_div_mean,23.03166961669922,3
6,f101_nyg_low_action_DAYS_LAST_DUE_d_app_DAYS_ID_PUBLISH_std_div_mean,12.981599807739258,1
6,f101_nyg_low_action_DAYS_LAST_DUE_1ST_VERSION_s_app_DAYS_REGISTRATION_mean,405.0968589782715,40
6,f101_nyg_low_action_DAYS_LAST_DUE_d_app_DAYS_EMPLOYED_min,725.0727844238281,59
6,f101_nyg_low_action_DAYS_LAST_DUE_d_app_DAYS_EMPLOYED_max,440.83089876174927,49
6,f101_nyg_low_action_DAYS_LAST_DUE_d_app_DAYS_EMPLOYED_mean,290.52196979522705,33
6,f101_nyg_low_action_DAYS_LAST_DUE_d_app_DAYS_BIRTH_std,16.164180278778076,2
6,f101_nyg_low_action_DAYS_LAST_DUE_s_DAYS_FIRST_DUE_std,19.53757953643799,2
6,f101_nyg_low_action_DAYS_LAST_DUE_d_app_DAYS_REGISTRATION_std_div_mean,0.0,0
6,f101_nyg_low_action_DAYS_LAST_DUE_d_app_DAYS_LAST_PHONE_CHANGE_std_div_mean,38.03343057632446,5
6,f101_nyg_low_action_DAYS_LAST_DUE_s_DAYS_DECISIONS_std,21.007530212402344,3
6,f101_nyg_low_action_DAYS_LAST_DUE_s_app_DAYS_BIRTH_std,65.27779912948608,7
6,f101_nyg_low_action_DAYS_LAST_DUE_s_DAYS_LAST_DUE_1ST_VERSION_std_div_mean,62.46323013305664,8
6,f101_nyg_low_action_DAYS_LAST_DUE_s_app_DAYS_EMPLOYED_std,26.642210483551025,3
6,f101_nyg_low_action_DAYS_LAST_DUE_s_app_DAYS_BIRTH_std_div_mean,25.47188901901245,3
6,f101_nyg_low_action_DAYS_LAST_DUE_s_DAYS_LAST_DUE_1ST_VERSION_max_div_min,59.72902870178223,7
6,f101_nyg_low_action_DAYS_LAST_DUE_s_app_DAYS_BIRTH_max,441.7886481285095,43
6,f101_nyg_low_action_DAYS_LAST_DUE_s_app_DAYS_BIRTH_min,278.41558837890625,29
6,f101_nyg_low_action_DAYS_LAST_DUE_s_app_DAYS_ID_PUBLISH_mean,206.06822061538696,23
6,f101_nyg_low_action_DAYS_LAST_DUE_s_app_DAYS_LAST_PHONE_CHANGE_std,0.0,0
6,f101_nyg_low_action_DAYS_LAST_DUE_s_app_DAYS_EMPLOYED_max,379.24680852890015,34
6,f101_nyg_low_action_DAYS_LAST_DUE_s_app_DAYS_BIRTH_mean,281.6207432746887,25
6,f101_nyg_low_action_DAYS_LAST_DUE_s_app_DAYS_EMPLOYED_min,291.68280029296875,28
6,f101_nyg_low_action_DAYS_LAST_DUE_s_app_DAYS_ID_PUBLISH_max,442.0621724128723,48
6,f101_nyg_low_action_DAYS_LAST_DUE_s_app_DAYS_REGISTRATION_std,0.0,0
6,f101_nyg_low_action_DAYS_LAST_DUE_s_app_DAYS_EMPLOYED_mean,536.6879529953003,47
6,f101_nyg_low_action_DAYS_LAST_DUE_s_app_DAYS_ID_PUBLISH_std,0.0,0
6,f101_nyg_low_action_DAYS_LAST_DUE_s_app_DAYS_LAST_PHONE_CHANGE_mean,302.43696880340576,32
6,f101_nyg_low_action_DAYS_LAST_DUE_s_app_DAYS_LAST_PHONE_CHANGE_max,515.8405694961548,54
6,f101_nyg_low_action_DAYS_LAST_DUE_s_app_DAYS_REGISTRATION_max,457.5614902973175,48
6,f101_nyg_low_action_DAYS_TERMINATION_d_app_DAYS_BIRTH_std,31.879700183868408,4
6,f101_nyg_low_action_DAYS_LAST_DUE_s_app_DAYS_LAST_PHONE_CHANGE_min,271.86703968048096,27
6,f101_nyg_low_action_DAYS_TERMINATION_d_app_DAYS_BIRTH_std_div_mean,6.3736701011657715,1
6,f101_nyg_low_action_DAYS_LAST_DUE_s_app_DAYS_ID_PUBLISH_min,433.11583137512207,47
6,f101_nyg_low_action_DAYS_LAST_DUE_s_app_DAYS_REGISTRATION_min,365.8314609527588,37
6,f101_nyg_low_action_DAYS_LAST_DUE_s_app_DAYS_REGISTRATION_mean,201.60031700134277,21
6,f101_nyg_low_action_DAYS_TERMINATION_d_app_DAYS_LAST_PHONE_CHANGE_std_div_mean,50.11960029602051,6
6,f101_nyg_low_action_DAYS_TERMINATION_d_app_DAYS_ID_PUBLISH_std_div_mean,7.098999977111816,1
6,f101_nyg_low_action_DAYS_TERMINATION_d_app_DAYS_REGISTRATION_std_div_mean,7.813940048217773,1
6,f101_nyg_low_action_DAYS_TERMINATION_d_app_DAYS_EMPLOYED_mean,362.18227910995483,40
6,f101_nyg_low_action_DAYS_TERMINATION_d_app_DAYS_EMPLOYED_min,591.8801441192627,61
6,f101_nyg_low_action_DAYS_TERMINATION_d_app_DAYS_EMPLOYED_max,466.22197341918945,49
6,f101_nyg_low_action_DAYS_TERMINATION_s_app_DAYS_BIRTH_std,25.095680713653564,3
6,f101_nyg_low_action_DAYS_TERMINATION_s_DAYS_FIRST_DUE_std,51.70043992996216,6
6,f101_nyg_low_action_DAYS_TERMINATION_s_DAYS_DECISIONS_std,122.20128965377808,15
6,f101_nyg_low_action_DAYS_TERMINATION_s_app_DAYS_BIRTH_std_div_mean,40.45611047744751,5
6,f101_nyg_low_action_DAYS_TERMINATION_s_app_DAYS_BIRTH_max,385.8582091331482,36
6,f101_nyg_low_action_DAYS_TERMINATION_s_app_DAYS_EMPLOYED_std,7.76639986038208,1
6,f101_nyg_low_action_DAYS_TERMINATION_s_app_DAYS_BIRTH_mean,337.6560196876526,35
6,f101_nyg_low_action_DAYS_TERMINATION_s_app_DAYS_EMPLOYED_min,275.05182218551636,29
6,f101_nyg_low_action_DAYS_TERMINATION_s_app_DAYS_ID_PUBLISH_std,6.725399971008301,1
6,f101_nyg_low_action_DAYS_TERMINATION_s_app_DAYS_EMPLOYED_mean,307.1674289703369,26
6,f101_nyg_low_action_DAYS_TERMINATION_s_app_DAYS_ID_PUBLISH_max,327.07234048843384,37
6,f101_nyg_low_action_DAYS_TERMINATION_s_app_DAYS_EMPLOYED_max,429.6939015388489,37
6,f101_nyg_low_action_DAYS_TERMINATION_s_app_DAYS_REGISTRATION_std,0.0,0
6,f101_nyg_low_action_DAYS_TERMINATION_s_app_DAYS_REGISTRATION_max,359.27865982055664,35
6,f101_nyg_low_action_DAYS_TERMINATION_s_app_DAYS_ID_PUBLISH_mean,301.83415126800537,33
6,f101_nyg_low_action_DAYS_TERMINATION_s_app_DAYS_ID_PUBLISH_min,409.7671422958374,42
6,f101_nyg_low_action_DAYS_TERMINATION_s_app_DAYS_BIRTH_min,375.30498218536377,39
6,f101_nyg_low_action_DAYS_TERMINATION_s_app_DAYS_LAST_PHONE_CHANGE_std,0.0,0
6,f101_nyg_low_action_DAYS_TERMINATION_s_app_DAYS_LAST_PHONE_CHANGE_min,383.2120976448059,40
6,f101_nyg_low_action_DAYS_TERMINATION_s_app_DAYS_LAST_PHONE_CHANGE_mean,301.54122018814087,27
6,f101_nyg_low_action_DAYS_TERMINATION_s_app_DAYS_REGISTRATION_mean,225.71439027786255,24
6,f101_nyg_low_action_HOUR_APPR_PROCESS_START_std_div_mean,479.33625078201294,48
6,f101_nyg_low_action_DAYS_TERMINATION_s_app_DAYS_LAST_PHONE_CHANGE_max,488.5528390407562,49
6,f101_nyg_low_action_HOUR_APPR_PROCESS_START_mean,1944.2837767601013,164
6,f101_nyg_low_action_DAYS_TERMINATION_s_app_DAYS_REGISTRATION_min,386.597514629364,36
6,f101_nyg_low_action_HOUR_APPR_PROCESS_START_max,1126.2616810798645,93
6,f101_nyg_low_action_HOUR_APPR_PROCESS_START_std,163.94682931900024,20
6,f101_nyg_low_action_HOUR_APPR_PROCESS_START_min,795.7990999221802,86
6,f101_nyg_low_action_NAME_CLIENT_TYPE_New_mean,192.75929975509644,21
6,f101_nyg_low_action_NAME_CLIENT_TYPE_New_sum,56.08020067214966,9
6,f101_nyg_low_action_NAME_CONTRACT_STATUS_Approved_sum,31.012670516967773,2
6,f101_nyg_low_action_NAME_CASH_LOAN_PURPOSE_XNA_mean,57.552720069885254,8
6,f101_nyg_low_action_NAME_CLIENT_TYPE_Refreshed_mean,243.66941022872925,26
6,f101_nyg_low_action_NAME_CONTRACT_STATUS_Approved_mean,214.35785055160522,20
6,f101_nyg_low_action_NAME_CONTRACT_STATUS_Refused_sum,142.6195502281189,14
6,f101_nyg_low_action_NAME_CLIENT_TYPE_Refreshed_sum,52.78275966644287,5
6,f101_nyg_low_action_NAME_GOODS_CATEGORY_Furniture_sum,152.9084882736206,10
6,f101_nyg_low_action_NAME_CONTRACT_STATUS_Refused_mean,1015.0858521461487,63
6,f101_nyg_low_action_NAME_GOODS_CATEGORY_Furniture_mean,374.6071529388428,33
6,f101_nyg_low_action_NAME_PRODUCT_TYPE_x_sell_mean,65.15829992294312,6
6,f101_nyg_low_action_PRODUCT_COMBINATION_POS_household_without_interest_mean,606.6872210502625,41
6,f101_nyg_low_action_NAME_SELLER_INDUSTRY_Furniture_mean,201.7574691772461,22
6,f101_nyg_low_action_NAME_SELLER_INDUSTRY_Furniture_sum,54.14037036895752,4
6,f101_nyg_low_action_RATE_DOWN_PAYMENT_std_div_mean,37.76638984680176,5
6,f101_nyg_low_action_NAME_SELLER_INDUSTRY_Consumer_electronics_mean,333.40264892578125,27
6,f101_nyg_low_action_SELLERPLACE_AREA_std_div_mean,477.42019033432007,50
6,f101_nyg_low_action_amt_paid_max,883.2631171941757,91
6,f101_nyg_low_action_amt_unpaid_std_div_mean,7.379199981689453,1
6,f101_nyg_low_action_amt_paid_min,1065.0701575279236,111
6,f101_nyg_low_action_amt_paid_mean,725.3936815261841,74
6,f101_nyg_low_action_amt_paid_sum,1126.5504570007324,107
6,f101_nyg_low_action_cnt_unpaid_std_div_mean,0.0,0
6,f101_nyg_low_action_cnt_paid_std,113.7942795753479,14
6,f101_nyg_low_action_completed_std,55.14142036437988,5
6,f101_nyg_low_action_completed_std_div_mean,57.00018930435181,7
6,f101_nyg_low_action_interest_rate_diff_std,454.3388600349426,52
6,f101_nyg_low_action_completed_sum,66.27217960357666,7
6,f101_nyg_low_action_total_debt_diff_std,565.038188457489,65
6,f101_nyg_low_action_total_debt_diff_max,1698.0434141159058,170
6,f101_nyg_low_action_interest_rate_pctchange_std,926.1638827323914,94
6,f101_nyg_low_action_total_debt_diff_std_div_mean,508.48224115371704,59
6,f101_nyg_low_action_total_debt_pctchange_std,584.4012689590454,64
6,f101_nyg_low_normal_AMT_ANNUITY_d_app_AMT_ANNUITY_diff_std,624.2932515144348,62
6,f101_nyg_low_normal_AMT_ANNUITY_d_app_AMT_ANNUITY_diff_max,1088.5277304649353,94
6,f101_nyg_low_normal_AMT_ANNUITY_d_app_AMT_ANNUITY_max,1981.5636401176453,168
6,f101_nyg_low_normal_AMT_ANNUITY_d_app_AMT_ANNUITY_std,1114.1627316474915,114
6,f101_nyg_low_normal_AMT_ANNUITY_d_app_AMT_ANNUITY_diff_mean,1441.121367931366,133
6,f101_nyg_low_normal_AMT_ANNUITY_d_app_AMT_ANNUITY_mean,3338.220561981201,254
6,f101_nyg_low_normal_AMT_ANNUITY_d_app_AMT_CREDIT_diff_mean,996.7491703033447,95
6,f101_nyg_low_normal_AMT_ANNUITY_d_app_AMT_CREDIT_diff_max,1214.0713777542114,113
6,f101_nyg_low_normal_AMT_ANNUITY_d_app_AMT_CREDIT_diff_std,709.0330290794373,72
6,f101_nyg_low_normal_AMT_ANNUITY_d_app_AMT_CREDIT_mean,3032.197183609009,248
6,f101_nyg_low_normal_AMT_ANNUITY_d_app_AMT_CREDIT_max,2226.6960945129395,193
6,f101_nyg_low_normal_AMT_ANNUITY_d_app_AMT_GOODS_PRICE_diff_max,1364.466998577118,124
6,f101_nyg_low_normal_AMT_ANNUITY_d_app_AMT_GOODS_PRICE_diff_std,529.4222822189331,51
6,f101_nyg_low_normal_AMT_ANNUITY_d_app_AMT_GOODS_PRICE_diff_mean,1510.5327134132385,133
6,f101_nyg_low_normal_AMT_ANNUITY_d_app_AMT_INCOME_TOTAL_diff_max,512.7369785308838,49
6,f101_nyg_low_normal_AMT_ANNUITY_d_app_AMT_INCOME_TOTAL_diff_mean,765.9461603164673,75
6,f101_nyg_low_normal_AMT_ANNUITY_d_app_AMT_GOODS_PRICE_max,1950.9569640159607,181
6,f101_nyg_low_normal_AMT_ANNUITY_m_app_AMT_GOODS_PRICE_d_app_AMT_INCOME_TOTAL_diff_max,738.1530265808105,66
6,f101_nyg_low_normal_AMT_ANNUITY_m_app_AMT_GOODS_PRICE_d_app_AMT_INCOME_TOTAL_diff_mean,822.8408169746399,77
6,f101_nyg_low_normal_AMT_ANNUITY_d_app_AMT_INCOME_TOTAL_max,3657.2000482082367,350
6,f101_nyg_low_normal_AMT_ANNUITY_s_app_AMT_ANNUITY_d_app_AMT_INCOME_TOTAL_max,3163.123481273651,241
6,f101_nyg_low_normal_AMT_ANNUITY_s_app_AMT_ANNUITY_d_app_AMT_INCOME_TOTAL_diff_mean,561.3770990371704,58
6,f101_nyg_low_normal_AMT_ANNUITY_min,3490.8899822235107,311
6,f101_nyg_low_normal_AMT_ANNUITY_max,2223.612430334091,191
6,f101_nyg_low_normal_AMT_ANNUITY_s_app_AMT_ANNUITY_d_app_AMT_INCOME_TOTAL_diff_max,742.9954924583435,64
6,f101_nyg_low_normal_AMT_ANNUITY_mean,2842.045811653137,248
6,f101_nyg_low_normal_AMT_ANNUITY_s_app_AMT_ANNUITY_diff_std,574.7882785797119,56
6,f101_nyg_low_normal_AMT_ANNUITY_s_app_AMT_ANNUITY_d_app_AMT_INCOME_TOTAL_pctchange_std,950.1023483276367,96
6,f101_nyg_low_normal_AMT_ANNUITY_s_app_AMT_ANNUITY_d_app_AMT_INCOME_TOTAL_mean,3295.0499811172485,231
6,f101_nyg_low_normal_AMT_ANNUITY_s_app_AMT_ANNUITY_d_app_AMT_INCOME_TOTAL_min,4037.2294921875,313
6,f101_nyg_low_normal_AMT_ANNUITY_s_app_AMT_ANNUITY_diff_mean,470.47843837738037,44
6,f101_nyg_low_normal_AMT_ANNUITY_s_app_AMT_ANNUITY_pctchange_std,205.72140216827393,22
6,f101_nyg_low_normal_AMT_ANNUITY_s_app_AMT_ANNUITY_mean,3313.7025958299637,267
6,f101_nyg_low_normal_AMT_ANNUITY_s_app_AMT_ANNUITY_diff_max,389.4990277290344,40
6,f101_nyg_low_normal_AMT_ANNUITY_s_app_AMT_ANNUITY_diff_min,798.6880683898926,77
6,f101_nyg_low_normal_AMT_ANNUITY_s_app_AMT_ANNUITY_max,2811.2794494628906,239
6,f101_nyg_low_normal_AMT_ANNUITY_s_app_AMT_CREDIT_d_app_AMT_INCOME_TOTAL_diff_mean,636.6072707176208,63
6,f101_nyg_low_normal_AMT_ANNUITY_s_app_AMT_CREDIT_diff_max,416.99375009536743,40
6,f101_nyg_low_normal_AMT_ANNUITY_s_app_AMT_CREDIT_d_app_AMT_INCOME_TOTAL_diff_max,620.3155102729797,60
6,f101_nyg_low_normal_AMT_ANNUITY_s_app_AMT_CREDIT_diff_mean,523.2294907569885,48
6,f101_nyg_low_normal_AMT_ANNUITY_s_app_AMT_CREDIT_diff_min,933.9795508384705,84
6,f101_nyg_low_normal_AMT_ANNUITY_s_app_AMT_CREDIT_diff_std,190.47288131713867,19
6,f101_nyg_low_normal_AMT_ANNUITY_s_app_AMT_CREDIT_max,2078.1143341064453,174
6,f101_nyg_low_normal_AMT_ANNUITY_s_app_AMT_GOODS_PRICE_diff_std,136.21839952468872,15
6,f101_nyg_low_normal_AMT_ANNUITY_s_app_AMT_CREDIT_min,2020.4906096458435,166
6,f101_nyg_low_normal_AMT_ANNUITY_s_app_AMT_CREDIT_mean,2313.735589027405,190
6,f101_nyg_low_normal_AMT_ANNUITY_s_app_AMT_GOODS_PRICE_diff_min,1155.416067123413,108
6,f101_nyg_low_normal_AMT_ANNUITY_s_app_AMT_GOODS_PRICE_diff_mean,812.7181730270386,75
6,f101_nyg_low_normal_AMT_ANNUITY_s_app_AMT_INCOME_TOTAL_diff_std,28.949609756469727,3
6,f101_nyg_low_normal_AMT_ANNUITY_s_app_AMT_GOODS_PRICE_mean,2451.640779018402,188
6,f101_nyg_low_normal_AMT_ANNUITY_s_app_AMT_GOODS_PRICE_diff_max,599.9223289489746,53
6,f101_nyg_low_normal_AMT_ANNUITY_s_app_AMT_INCOME_TOTAL_diff_mean,445.99613857269287,44
6,f101_nyg_low_normal_AMT_ANNUITY_s_app_AMT_INCOME_TOTAL_diff_max,504.2256889343262,48
6,f101_nyg_low_normal_AMT_ANNUITY_s_app_AMT_GOODS_PRICE_min,3713.508265018463,266
6,f101_nyg_low_normal_AMT_ANNUITY_s_app_AMT_GOODS_PRICE_max,2473.0924048423767,193
6,f101_nyg_low_normal_AMT_ANNUITY_s_app_AMT_INCOME_TOTAL_diff_min,700.2860870361328,66
6,f101_nyg_low_normal_AMT_ANNUITY_s_app_AMT_INCOME_TOTAL_std_div_mean,1613.563998222351,162
6,f101_nyg_low_normal_AMT_APPLICATION_s_app_AMT_GOODS_PRICE_max,1081.0280547142029,86
6,f101_nyg_low_normal_AMT_APPLICATION_s_app_AMT_CREDIT_mean,876.8308782577515,67
6,f101_nyg_low_normal_AMT_APPLICATION_s_app_AMT_CREDIT_min,689.3842458724976,67
6,f101_nyg_low_normal_AMT_APPLICATION_s_app_AMT_GOODS_PRICE_mean,894.4133424758911,75
6,f101_nyg_low_normal_AMT_APPLICATION_s_app_AMT_INCOME_TOTAL_pctchange_std,688.2029910087585,67
6,f101_nyg_low_normal_AMT_CREDIT_d_AMT_ANNUITY_max,2064.550880432129,172
6,f101_nyg_low_normal_AMT_APPLICATION_s_app_AMT_GOODS_PRICE_min,1025.2308068275452,85
6,f101_nyg_low_normal_AMT_CREDIT_d_AMT_ANNUITY_std,1326.186761856079,134
6,f101_nyg_low_normal_AMT_CREDIT_d_AMT_ANNUITY_min,1839.272850036621,168
6,f101_nyg_low_normal_AMT_CREDIT_d_AMT_ANNUITY_mean,1882.4232740402222,144
6,f101_nyg_low_normal_AMT_CREDIT_d_AMT_APPLICATION_min,1514.7029390335083,124
6,f101_nyg_low_normal_AMT_CREDIT_d_AMT_APPLICATION_max,3179.3726935386658,231
6,f101_nyg_low_normal_AMT_CREDIT_d_total_debt_diff_std,916.3473796844482,90
6,f101_nyg_low_normal_AMT_CREDIT_d_AMT_APPLICATION_mean,3275.425227165222,188
6,f101_nyg_low_normal_AMT_CREDIT_d_total_debt_min,2698.408837556839,228
6,f101_nyg_low_normal_AMT_CREDIT_d_total_debt_pctchange_std,783.4669232368469,80
6,f101_nyg_low_normal_AMT_CREDIT_d_total_debt_pctchange_mean,2729.95267534256,231
6,f101_nyg_low_normal_AMT_CREDIT_d_total_debt_pctchange_max,2869.596706390381,229
6,f101_nyg_low_normal_AMT_CREDIT_d_total_debt_max,2551.355124950409,242
6,f101_nyg_low_normal_AMT_CREDIT_d_total_debt_std_div_mean,1867.2214031219482,181
6,f101_nyg_low_normal_AMT_CREDIT_s_app_AMT_ANNUITY_d_app_AMT_INCOME_TOTAL_pctchange_std,1553.02534532547,147
6,f101_nyg_low_normal_AMT_CREDIT_d_total_debt_mean,2531.0200045108795,209
6,f101_nyg_low_normal_AMT_CREDIT_s_app_AMT_ANNUITY_pctchange_std,483.4565281867981,48
6,f101_nyg_low_normal_AMT_CREDIT_s_app_AMT_CREDIT_max,1351.8314169049263,121
6,f101_nyg_low_normal_AMT_CREDIT_s_app_AMT_GOODS_PRICE_max,1890.6087756156921,154
6,f101_nyg_low_normal_AMT_CREDIT_s_app_AMT_CREDIT_mean,1054.7912826538086,87
6,f101_nyg_low_normal_AMT_CREDIT_s_app_AMT_CREDIT_min,1193.5094413757324,104
6,f101_nyg_low_normal_AMT_CREDIT_s_app_AMT_GOODS_PRICE_min,1556.244954586029,131
6,f101_nyg_low_normal_AMT_DOWN_PAYMENT_d_AMT_GOODS_PRICE_diff_min,1744.8275790214539,151
6,f101_nyg_low_normal_AMT_CREDIT_s_app_AMT_GOODS_PRICE_mean,1424.7339997291565,115
6,f101_nyg_low_normal_AMT_DOWN_PAYMENT_d_AMT_GOODS_PRICE_diff_std,655.5786004066467,68
6,f101_nyg_low_normal_AMT_DOWN_PAYMENT_d_AMT_GOODS_PRICE_diff_mean,2666.093780517578,216
6,f101_nyg_low_normal_AMT_DOWN_PAYMENT_d_AMT_GOODS_PRICE_max,865.1766791343689,85
6,f101_nyg_low_normal_AMT_DOWN_PAYMENT_d_AMT_GOODS_PRICE_std,581.8394680023193,54
6,f101_nyg_low_normal_AMT_GOODS_PRICE_d_AMT_CREDIT_diff_std,1195.5657629966736,118
6,f101_nyg_low_normal_AMT_GOODS_PRICE_d_AMT_ANNUITY_mean,1944.4512820243835,170
6,f101_nyg_low_normal_AMT_GOODS_PRICE_d_AMT_ANNUITY_max,2150.226580142975,187
6,f101_nyg_low_normal_AMT_GOODS_PRICE_d_AMT_ANNUITY_min,1939.209511756897,190
6,f101_nyg_low_normal_AMT_GOODS_PRICE_d_AMT_CREDIT_max,1523.6515040397644,127
6,f101_nyg_low_normal_AMT_GOODS_PRICE_d_total_debt_pctchange_mean,2543.4650206565857,230
6,f101_nyg_low_normal_AMT_GOODS_PRICE_d_AMT_CREDIT_min,2472.242416858673,166
6,f101_nyg_low_normal_AMT_GOODS_PRICE_d_total_debt_diff_min,2730.0618369579315,240
6,f101_nyg_low_normal_AMT_GOODS_PRICE_d_AMT_CREDIT_mean,3020.775655269623,182
6,f101_nyg_low_normal_AMT_GOODS_PRICE_d_total_debt_max,3234.9246759414673,243
6,f101_nyg_low_normal_AMT_GOODS_PRICE_d_total_debt_pctchange_max,2934.6372327804565,236
6,f101_nyg_low_normal_AMT_GOODS_PRICE_d_total_debt_mean,3427.430614590645,246
6,f101_nyg_low_normal_AMT_GOODS_PRICE_s_app_AMT_CREDIT_min,925.2994446754456,73
6,f101_nyg_low_normal_AMT_GOODS_PRICE_d_total_debt_pctchange_min,1965.746711730957,180
6,f101_nyg_low_normal_AMT_GOODS_PRICE_s_app_AMT_CREDIT_mean,802.7919392585754,66
6,f101_nyg_low_normal_AMT_GOODS_PRICE_s_app_AMT_GOODS_PRICE_min,953.9128642082214,82
6,f101_nyg_low_normal_AMT_GOODS_PRICE_d_total_debt_min,4319.792084693909,260
6,f101_nyg_low_normal_CNT_PAYMENT_std,731.6363797187805,69
6,f101_nyg_low_normal_AMT_GOODS_PRICE_s_app_AMT_GOODS_PRICE_mean,822.201566696167,70
6,f101_nyg_low_normal_AMT_GOODS_PRICE_s_app_AMT_INCOME_TOTAL_pctchange_std,863.7131099700928,85
6,f101_nyg_low_normal_AMT_GOODS_PRICE_s_app_AMT_GOODS_PRICE_max,1145.3579771518707,94
6,f101_nyg_low_normal_CNT_PAYMENT_max,98.8069396018982,8
6,f101_nyg_low_normal_CNT_PAYMENT_min,92.92591953277588,10
6,f101_nyg_low_normal_CODE_REJECT_REASON_SCOFR_sum,0.0,0
6,f101_nyg_low_normal_CODE_REJECT_REASON_HC_sum,112.69495105743408,12
6,f101_nyg_low_normal_CODE_REJECT_REASON_LIMIT_mean,264.2215299606323,24
6,f101_nyg_low_normal_CODE_REJECT_REASON_HC_mean,720.8619985580444,64
6,f101_nyg_low_normal_CNT_PAYMENT_mean,1017.1074404716492,57
6,f101_nyg_low_normal_CODE_REJECT_REASON_SCOFR_mean,56.15075969696045,7
6,f101_nyg_low_normal_DAYS_DECISION_d_app_DAYS_BIRTH_std_div_mean,933.1263904571533,91
6,f101_nyg_low_normal_CODE_REJECT_REASON_XAP_sum,72.30044078826904,7
6,f101_nyg_low_normal_CODE_REJECT_REASON_XAP_mean,971.5481629371643,59
6,f101_nyg_low_normal_DAYS_DECISION_d_app_DAYS_EMPLOYED_std_div_mean,1161.571566104889,115
6,f101_nyg_low_normal_DAYS_DECISION_d_app_DAYS_ID_PUBLISH_std_div_mean,429.4052486419678,41
6,f101_nyg_low_normal_DAYS_DECISION_d_app_DAYS_LAST_PHONE_CHANGE_std_div_mean,1271.7187571525574,122
6,f101_nyg_low_normal_DAYS_DECISION_d_app_DAYS_EMPLOYED_min,2987.937931060791,247
6,f101_nyg_low_normal_DAYS_DECISION_s_app_DAYS_BIRTH_mean,1840.5022811889648,158
6,f101_nyg_low_normal_DAYS_DECISION_d_app_DAYS_REGISTRATION_std_div_mean,241.59282112121582,24
6,f101_nyg_low_normal_DAYS_DECISION_s_app_DAYS_EMPLOYED_std,1493.5451493263245,140
6,f101_nyg_low_normal_DAYS_DECISION_s_app_DAYS_BIRTH_max,2410.240957260132,191
6,f101_nyg_low_normal_DAYS_DECISION_s_app_DAYS_BIRTH_std,525.2762885093689,52
6,f101_nyg_low_normal_DAYS_DECISION_s_app_DAYS_LAST_PHONE_CHANGE_std,231.53509759902954,24
6,f101_nyg_low_normal_DAYS_DECISION_s_app_DAYS_ID_PUBLISH_mean,2385.191499233246,213
6,f101_nyg_low_normal_DAYS_DECISION_s_app_DAYS_EMPLOYED_max,4123.421738624573,272
6,f101_nyg_low_normal_DAYS_DECISION_s_app_DAYS_BIRTH_min,2207.002372980118,187
6,f101_nyg_low_normal_DAYS_DECISION_s_app_DAYS_ID_PUBLISH_max,2870.2270793914795,248
6,f101_nyg_low_normal_DAYS_DECISION_s_app_DAYS_EMPLOYED_mean,1872.7244963645935,170
6,f101_nyg_low_normal_DAYS_DECISION_s_app_DAYS_EMPLOYED_min,1272.6657269001007,119
6,f101_nyg_low_normal_DAYS_DECISION_s_app_DAYS_ID_PUBLISH_std,50.89908981323242,6
6,f101_nyg_low_normal_DAYS_DECISION_s_app_DAYS_REGISTRATION_std,7.761620044708252,1
6,f101_nyg_low_normal_DAYS_DECISION_s_app_DAYS_ID_PUBLISH_min,2071.0696671009064,185
6,f101_nyg_low_normal_DAYS_DECISION_s_app_DAYS_LAST_PHONE_CHANGE_mean,2804.92524433136,218
6,f101_nyg_low_normal_DAYS_DECISION_s_app_DAYS_LAST_PHONE_CHANGE_max,2958.317762851715,248
6,f101_nyg_low_normal_DAYS_FIRST_DUE_d_app_DAYS_EMPLOYED_mean,1817.13898229599,161
6,f101_nyg_low_normal_DAYS_FIRST_DUE_d_app_DAYS_EMPLOYED_std_div_mean,870.2982792854309,92
6,f101_nyg_low_normal_DAYS_DECISION_s_app_DAYS_REGISTRATION_max,2316.0991513729095,213
6,f101_nyg_low_normal_DAYS_FIRST_DUE_d_app_DAYS_BIRTH_min,3327.4932899475098,309
6,f101_nyg_low_normal_DAYS_DECISION_s_app_DAYS_REGISTRATION_mean,1720.9036684036255,151
6,f101_nyg_low_normal_DAYS_DECISION_s_app_DAYS_REGISTRATION_min,1771.7577033042908,166
6,f101_nyg_low_normal_DAYS_FIRST_DUE_d_app_DAYS_BIRTH_std,623.8986492156982,61
6,f101_nyg_low_normal_DAYS_FIRST_DUE_s_app_DAYS_BIRTH_std_div_mean,645.3390102386475,64
6,f101_nyg_low_normal_DAYS_FIRST_DUE_d_app_DAYS_EMPLOYED_min,3796.622536420822,206
6,f101_nyg_low_normal_DAYS_FIRST_DUE_s_DAYS_DECISIONS_mean,2044.597246646881,175
6,f101_nyg_low_normal_DAYS_FIRST_DUE_s_DAYS_DECISIONS_min,2091.552803039551,169
6,f101_nyg_low_normal_DAYS_FIRST_DUE_s_app_DAYS_BIRTH_mean,3584.7188625335693,93
6,f101_nyg_low_normal_DAYS_FIRST_DUE_s_app_DAYS_EMPLOYED_mean,1038.663911819458,89
6,f101_nyg_low_normal_DAYS_FIRST_DUE_s_app_DAYS_BIRTH_max,5693.264896392822,140
6,f101_nyg_low_normal_DAYS_FIRST_DUE_s_app_DAYS_EMPLOYED_max,2000.1050460338593,162
6,f101_nyg_low_normal_DAYS_FIRST_DUE_s_app_DAYS_BIRTH_min,1125.233304977417,95
6,f101_nyg_low_normal_DAYS_FIRST_DUE_s_app_DAYS_ID_PUBLISH_max,2611.6921038627625,191
6,f101_nyg_low_normal_DAYS_FIRST_DUE_s_app_DAYS_EMPLOYED_min,944.5320477485657,85
6,f101_nyg_low_normal_DAYS_FIRST_DUE_s_app_DAYS_LAST_PHONE_CHANGE_mean,2195.3825883865356,164
6,f101_nyg_low_normal_DAYS_FIRST_DUE_s_app_DAYS_ID_PUBLISH_mean,1664.2322673797607,149
6,f101_nyg_low_normal_DAYS_FIRST_DUE_s_app_DAYS_ID_PUBLISH_min,1985.2579565048218,176
6,f101_nyg_low_normal_DAYS_FIRST_DUE_s_app_DAYS_LAST_PHONE_CHANGE_max,3463.3158326148987,222
6,f101_nyg_low_normal_DAYS_FIRST_DUE_s_app_DAYS_REGISTRATION_max,1497.5723655223846,140
6,f101_nyg_low_normal_DAYS_FIRST_DUE_s_app_DAYS_REGISTRATION_min,1102.6558332443237,96
6,f101_nyg_low_normal_DAYS_LAST_DUE_1ST_VERSION_d_app_DAYS_BIRTH_std,665.457682132721,65
6,f101_nyg_low_normal_DAYS_FIRST_DUE_s_app_DAYS_LAST_PHONE_CHANGE_min,2072.5037388801575,188
6,f101_nyg_low_normal_DAYS_FIRST_DUE_s_app_DAYS_REGISTRATION_mean,896.837140083313,78
6,f101_nyg_low_normal_DAYS_FIRST_DUE_s_app_DAYS_LAST_PHONE_CHANGE_max_div_min,1131.1572470664978,112
6,f101_nyg_low_normal_DAYS_LAST_DUE_1ST_VERSION_d_app_DAYS_EMPLOYED_std,833.1666917800903,80
6,f101_nyg_low_normal_DAYS_LAST_DUE_1ST_VERSION_s_DAYS_DECISIONS_std_div_mean,592.6053290367126,57
6,f101_nyg_low_normal_DAYS_LAST_DUE_1ST_VERSION_s_DAYS_DECISIONS_std,886.6877446174622,73
6,f101_nyg_low_normal_DAYS_LAST_DUE_1ST_VERSION_s_DAYS_FIRST_DUE_std,431.90475034713745,39
6,f101_nyg_low_normal_DAYS_LAST_DUE_1ST_VERSION_s_app_DAYS_BIRTH_std_div_mean,706.1222915649414,68
6,f101_nyg_low_normal_DAYS_LAST_DUE_1ST_VERSION_s_DAYS_FIRST_DUE_std_div_mean,510.9683322906494,49
6,f101_nyg_low_normal_DAYS_LAST_DUE_1ST_VERSION_s_DAYS_DECISIONS_mean,2196.7364823818207,177
6,f101_nyg_low_normal_DAYS_LAST_DUE_1ST_VERSION_s_DAYS_DECISIONS_min,1582.0365891456604,119
6,f101_nyg_low_normal_DAYS_LAST_DUE_1ST_VERSION_s_app_DAYS_BIRTH_std,806.8828773498535,80
6,f101_nyg_low_normal_DAYS_LAST_DUE_1ST_VERSION_s_app_DAYS_EMPLOYED_std,197.17984914779663,19
6,f101_nyg_low_normal_DAYS_LAST_DUE_1ST_VERSION_s_app_DAYS_BIRTH_max,1519.3149347305298,127
6,f101_nyg_low_normal_DAYS_LAST_DUE_1ST_VERSION_s_DAYS_FIRST_DUE_mean,566.4404191970825,51
6,f101_nyg_low_normal_DAYS_LAST_DUE_1ST_VERSION_s_DAYS_FIRST_DUE_min,136.86830806732178,13
6,f101_nyg_low_normal_DAYS_LAST_DUE_1ST_VERSION_s_app_DAYS_BIRTH_min,1134.5697231292725,105
6,f101_nyg_low_normal_DAYS_LAST_DUE_1ST_VERSION_s_app_DAYS_ID_PUBLISH_max,2174.597310066223,195
6,f101_nyg_low_normal_DAYS_LAST_DUE_1ST_VERSION_s_app_DAYS_EMPLOYED_min,1153.0719561576843,103
6,f101_nyg_low_normal_DAYS_LAST_DUE_1ST_VERSION_s_app_DAYS_BIRTH_mean,1303.1387181282043,118
6,f101_nyg_low_normal_DAYS_LAST_DUE_1ST_VERSION_s_app_DAYS_EMPLOYED_max,1369.358760356903,125
6,f101_nyg_low_normal_DAYS_LAST_DUE_1ST_VERSION_s_app_DAYS_EMPLOYED_mean,1073.0155973434448,96
6,f101_nyg_low_normal_DAYS_LAST_DUE_1ST_VERSION_s_app_DAYS_LAST_PHONE_CHANGE_max,2019.4055438041687,179
6,f101_nyg_low_normal_DAYS_LAST_DUE_1ST_VERSION_s_app_DAYS_LAST_PHONE_CHANGE_std,129.57337999343872,14
6,f101_nyg_low_normal_DAYS_LAST_DUE_1ST_VERSION_s_app_DAYS_ID_PUBLISH_std,18.30089044570923,2
6,f101_nyg_low_normal_DAYS_LAST_DUE_1ST_VERSION_s_app_DAYS_REGISTRATION_std,19.397499084472656,1
6,f101_nyg_low_normal_DAYS_LAST_DUE_1ST_VERSION_s_app_DAYS_LAST_PHONE_CHANGE_mean,1685.5972728729248,147
6,f101_nyg_low_normal_DAYS_LAST_DUE_1ST_VERSION_s_app_DAYS_ID_PUBLISH_mean,1498.941400051117,133
6,f101_nyg_low_normal_DAYS_LAST_DUE_d_app_DAYS_BIRTH_mean,2042.674620628357,193
6,f101_nyg_low_normal_DAYS_LAST_DUE_1ST_VERSION_s_app_DAYS_REGISTRATION_min,1327.552341580391,127
6,f101_nyg_low_normal_DAYS_LAST_DUE_d_app_DAYS_BIRTH_min,2370.989414215088,229
6,f101_nyg_low_normal_DAYS_LAST_DUE_1ST_VERSION_s_app_DAYS_REGISTRATION_mean,911.2287034988403,88
6,f101_nyg_low_normal_DAYS_LAST_DUE_1ST_VERSION_s_app_DAYS_REGISTRATION_max,1736.2345328330994,168
6,f101_nyg_low_normal_DAYS_LAST_DUE_s_DAYS_LAST_DUE_1ST_VERSION_std,421.37786769866943,39
6,f101_nyg_low_normal_DAYS_LAST_DUE_s_DAYS_LAST_DUE_1ST_VERSION_max_div_min,334.565878868103,33
6,f101_nyg_low_normal_DAYS_LAST_DUE_d_app_DAYS_EMPLOYED_min,2124.5908765792847,113
6,f101_nyg_low_normal_DAYS_LAST_DUE_s_DAYS_LAST_DUE_1ST_VERSION_mean,1144.6274309158325,92
6,f101_nyg_low_normal_DAYS_LAST_DUE_d_app_DAYS_EMPLOYED_mean,1028.8342893123627,93
6,f101_nyg_low_normal_DAYS_LAST_DUE_s_app_DAYS_BIRTH_max,3524.10892534256,90
6,f101_nyg_low_normal_DAYS_LAST_DUE_s_DAYS_LAST_DUE_1ST_VERSION_max,615.4806628227234,53
6,f101_nyg_low_normal_DAYS_LAST_DUE_s_app_DAYS_ID_PUBLISH_mean,1009.2552435398102,90
6,f101_nyg_low_normal_DAYS_LAST_DUE_s_app_DAYS_BIRTH_min,1017.7620143890381,59
6,f101_nyg_low_normal_DAYS_LAST_DUE_s_app_DAYS_BIRTH_mean,1484.0512914657593,82
6,f101_nyg_low_normal_DAYS_LAST_DUE_s_app_DAYS_EMPLOYED_min,622.2133793830872,57
6,f101_nyg_low_normal_DAYS_LAST_DUE_s_app_DAYS_EMPLOYED_max,1832.44859790802,109
6,f101_nyg_low_normal_DAYS_LAST_DUE_s_app_DAYS_ID_PUBLISH_min,977.494948387146,95
6,f101_nyg_low_normal_DAYS_LAST_DUE_s_app_DAYS_EMPLOYED_mean,718.6110725402832,62
6,f101_nyg_low_normal_DAYS_LAST_DUE_s_app_DAYS_ID_PUBLISH_max,1318.617600440979,119
6,f101_nyg_low_normal_DAYS_LAST_DUE_s_app_DAYS_REGISTRATION_mean,802.6205568313599,77
6,f101_nyg_low_normal_DAYS_LAST_DUE_s_app_DAYS_LAST_PHONE_CHANGE_max,1463.0643339157104,126
6,f101_nyg_low_normal_DAYS_LAST_DUE_s_app_DAYS_LAST_PHONE_CHANGE_min,1129.964723110199,108
6,f101_nyg_low_normal_DAYS_LAST_DUE_s_app_DAYS_REGISTRATION_min,1148.9812440872192,106
6,f101_nyg_low_normal_DAYS_LAST_DUE_s_app_DAYS_LAST_PHONE_CHANGE_mean,1024.9083228111267,99
6,f101_nyg_low_normal_DAYS_TERMINATION_d_app_DAYS_BIRTH_mean,1337.7348833084106,127
6,f101_nyg_low_normal_DAYS_TERMINATION_d_app_DAYS_BIRTH_min,1588.853714466095,155
6,f101_nyg_low_normal_DAYS_LAST_DUE_s_app_DAYS_REGISTRATION_max,1178.2632341384888,102
6,f101_nyg_low_normal_DAYS_TERMINATION_d_app_DAYS_EMPLOYED_mean,1130.052433013916,104
6,f101_nyg_low_normal_DAYS_TERMINATION_s_DAYS_FIRST_DUE_std_div_mean,966.7180142402649,98
6,f101_nyg_low_normal_DAYS_TERMINATION_s_DAYS_DECISIONS_std_div_mean,887.6965374946594,85
6,f101_nyg_low_normal_DAYS_TERMINATION_s_DAYS_LAST_DUE_1ST_VERSION_std,544.5602006912231,59
6,f101_nyg_low_normal_DAYS_TERMINATION_s_DAYS_LAST_DUE_1ST_VERSION_max,2573.2467756271362,232
6,f101_nyg_low_normal_DAYS_TERMINATION_d_app_DAYS_EMPLOYED_min,1274.657223701477,109
6,f101_nyg_low_normal_DAYS_TERMINATION_s_DAYS_LAST_DUE_1ST_VERSION_mean,2275.545082807541,210
6,f101_nyg_low_normal_DAYS_TERMINATION_s_app_DAYS_LAST_PHONE_CHANGE_std_div_mean,1081.7411308288574,103
6,f101_nyg_low_normal_DAYS_TERMINATION_s_app_DAYS_BIRTH_mean,786.4753594398499,77
6,f101_nyg_low_normal_DAYS_TERMINATION_s_app_DAYS_BIRTH_min,839.3466467857361,78
6,f101_nyg_low_normal_DAYS_TERMINATION_s_app_DAYS_LAST_PHONE_CHANGE_mean,1132.9646353721619,108
6,f101_nyg_low_normal_DAYS_TERMINATION_s_app_DAYS_BIRTH_max,993.066846370697,84
6,f101_nyg_low_normal_DAYS_TERMINATION_s_app_DAYS_EMPLOYED_min,661.584902048111,67
6,f101_nyg_low_normal_DAYS_TERMINATION_s_app_DAYS_EMPLOYED_mean,544.6160702705383,51
6,f101_nyg_low_normal_DAYS_TERMINATION_s_app_DAYS_ID_PUBLISH_max,1301.8456802368164,113
6,f101_nyg_low_normal_DAYS_TERMINATION_s_app_DAYS_EMPLOYED_max,1100.0299005508423,97
6,f101_nyg_low_normal_DAYS_TERMINATION_s_app_DAYS_ID_PUBLISH_mean,1324.056881904602,118
6,f101_nyg_low_normal_DAYS_TERMINATION_s_app_DAYS_ID_PUBLISH_min,1009.4041752815247,96
6,f101_nyg_low_normal_DAYS_TERMINATION_s_app_DAYS_LAST_PHONE_CHANGE_min,1324.3359553813934,126
6,f101_nyg_low_normal_DAYS_TERMINATION_s_app_DAYS_REGISTRATION_max,1416.18727684021,128
6,f101_nyg_low_normal_DAYS_TERMINATION_s_app_DAYS_REGISTRATION_min,948.327862739563,86
6,f101_nyg_low_normal_HOUR_APPR_PROCESS_START_mean,4395.240728855133,349
6,f101_nyg_low_normal_DAYS_TERMINATION_s_app_DAYS_LAST_PHONE_CHANGE_max,1407.1680855751038,125
6,f101_nyg_low_normal_HOUR_APPR_PROCESS_START_min,2309.532602787018,183
6,f101_nyg_low_normal_DAYS_TERMINATION_s_app_DAYS_REGISTRATION_mean,740.6237788200378,71
6,f101_nyg_low_normal_HOUR_APPR_PROCESS_START_max,2632.9872477054596,205
6,f101_nyg_low_normal_NAME_CONTRACT_STATUS_Approved_mean,319.38124990463257,24
6,f101_nyg_low_normal_NAME_CLIENT_TYPE_Refreshed_mean,803.2432436943054,73
6,f101_nyg_low_normal_NAME_CLIENT_TYPE_Refreshed_sum,117.56577062606812,11
6,f101_nyg_low_normal_NAME_CONTRACT_STATUS_Refused_sum,174.31200885772705,13
6,f101_nyg_low_normal_NAME_CONTRACT_STATUS_Approved_sum,49.57225942611694,5
6,f101_nyg_low_normal_NAME_CONTRACT_STATUS_Refused_mean,855.6598010063171,47
6,f101_nyg_low_normal_RATE_DOWN_PAYMENT_std,478.6744899749756,46
6,f101_nyg_low_normal_NAME_PRODUCT_TYPE_walk_in_mean,360.3015089035034,28
6,f101_nyg_low_normal_NAME_PRODUCT_TYPE_x_sell_mean,1333.7178802490234,100
6,f101_nyg_low_normal_NAME_PRODUCT_TYPE_walk_in_sum,319.194899559021,27
6,f101_nyg_low_normal_SELLERPLACE_AREA_std_div_mean,1502.0716123580933,140
6,f101_nyg_low_normal_RATE_DOWN_PAYMENT_max,845.3580412864685,74
6,f101_nyg_low_normal_amt_paid_max,2950.153828859329,257
6,f101_nyg_low_normal_amt_unpaid_std_div_mean,292.2284369468689,31
6,f101_nyg_low_normal_active_std,293.38093996047974,27
6,f101_nyg_low_normal_amt_paid_mean,3391.4062764644623,296
6,f101_nyg_low_normal_amt_paid_sum,2983.235587120056,204
6,f101_nyg_low_normal_cnt_unpaid_std,775.040424823761,57
6,f101_nyg_low_normal_cnt_paid_ratio_std_div_mean,869.5736804008484,77
6,f101_nyg_low_normal_cnt_paid_ratio_mean,1864.01238489151,130
6,f101_nyg_low_normal_cnt_paid_max_div_min,775.1549949645996,75
6,f101_nyg_low_normal_amt_unpaid_std,502.66428995132446,42
6,f101_nyg_low_normal_amt_unpaid_min,1087.2763590812683,104
6,f101_nyg_low_normal_cnt_unpaid_std_div_mean,226.15614128112793,25
6,f101_nyg_low_normal_completed_std_div_mean,559.7438249588013,50
6,f101_nyg_low_normal_cnt_unpaid_mean,1267.6609377861023,90
6,f101_nyg_low_normal_cnt_paid_ratio_max,916.3298296928406,62
6,f101_nyg_low_normal_completed_mean,232.20008945465088,17
6,f101_nyg_low_normal_cnt_unpaid_min,426.80692434310913,35
6,f101_nyg_low_normal_interest_rate_diff_std_div_mean,1510.77601146698,149
6,f101_nyg_low_normal_cnt_paid_sum,869.9594230651855,82
6,f101_nyg_low_normal_completed_max,0.0,0
6,f101_nyg_low_normal_cnt_unpaid_max,1351.9260568618774,103
6,f101_nyg_low_normal_completed_sum,112.24584150314331,10
6,f101_nyg_low_normal_interest_rate_diff_min,2029.4454522132874,201
6,f101_nyg_low_normal_interest_rate_pctchange_max,1842.569679260254,163
6,f101_nyg_low_normal_completed_min,17.054930210113525,2
6,f101_nyg_low_normal_interest_rate_diff_mean,1910.0539894104004,187
6,f101_nyg_low_normal_interest_rate_diff_max,1673.0206904411316,156
6,f101_nyg_low_normal_total_debt_diff_std,839.0445113182068,81
6,f101_nyg_low_normal_total_debt_diff_max_div_min,1280.9673345088959,120
6,f101_nyg_low_normal_interest_rate_pctchange_mean,2304.100244998932,214
6,f101_nyg_low_normal_interest_rate_pctchange_std_div_mean,1667.7451519966125,163
6,f101_nyg_low_normal_interest_rate_pctchange_min,2122.1681089401245,208
6,f101_nyg_low_normal_total_debt_std,2430.8050150871277,219
6,f101_nyg_low_normal_total_debt_pctchange_max_div_min,1076.8826460838318,105
6,f101_nyg_middle_AMT_ANNUITY_s_app_AMT_ANNUITY_d_app_AMT_INCOME_TOTAL_pctchange_std,2957.82594704628,299
6,f101_nyg_middle_AMT_ANNUITY_s_app_AMT_CREDIT_max,4551.034788370132,301
6,f101_nyg_middle_AMT_ANNUITY_s_app_AMT_ANNUITY_pctchange_std,953.1240043640137,98
6,f101_nyg_middle_AMT_ANNUITY_s_app_AMT_CREDIT_min,4088.8625178337097,241
6,f101_nyg_middle_AMT_ANNUITY_s_app_AMT_CREDIT_mean,3551.9821672439575,248
6,f101_nyg_middle_AMT_ANNUITY_s_app_AMT_GOODS_PRICE_max,2367.999792098999,186
6,f101_nyg_middle_AMT_ANNUITY_s_app_AMT_GOODS_PRICE_mean,2972.694742202759,222
6,f101_nyg_middle_AMT_ANNUITY_s_app_AMT_GOODS_PRICE_min,4717.739623725414,306
6,f101_nyg_middle_AMT_APPLICATION_d_app_AMT_CREDIT_pctchange_std,1112.4651737213135,113
6,f101_nyg_middle_AMT_APPLICATION_d_app_AMT_INCOME_TOTAL_diff_std_div_mean,1721.1913757324219,180
6,f101_nyg_middle_AMT_APPLICATION_d_app_AMT_ANNUITY_pctchange_std,507.23173904418945,48
6,f101_nyg_middle_AMT_APPLICATION_d_app_AMT_GOODS_PRICE_pctchange_std,548.4588117599487,54
6,f101_nyg_middle_AMT_APPLICATION_d_app_AMT_INCOME_TOTAL_diff_std,1454.6519556045532,142
6,f101_nyg_middle_AMT_APPLICATION_d_app_AMT_INCOME_TOTAL_pctchange_std,178.4483027458191,20
6,f101_nyg_middle_AMT_APPLICATION_d_app_AMT_INCOME_TOTAL_std,713.1123905181885,69
6,f101_nyg_middle_AMT_APPLICATION_d_app_AMT_INCOME_TOTAL_mean,4189.556040048599,369
6,f101_nyg_middle_AMT_APPLICATION_d_app_AMT_INCOME_TOTAL_max,3445.311337709427,306
6,f101_nyg_middle_AMT_APPLICATION_m_app_AMT_GOODS_PRICE_d_app_AMT_INCOME_TOTAL_diff_std,732.7018713951111,73
6,f101_nyg_middle_AMT_APPLICATION_m_app_AMT_GOODS_PRICE_d_app_AMT_INCOME_TOTAL_pctchange_std,1188.074958562851,121
6,f101_nyg_middle_AMT_APPLICATION_m_app_AMT_GOODS_PRICE_d_app_AMT_INCOME_TOTAL_std,1340.6512098312378,125
6,f101_nyg_middle_AMT_APPLICATION_s_app_AMT_ANNUITY_d_app_AMT_INCOME_TOTAL_diff_std,468.71467113494873,38
6,f101_nyg_middle_AMT_APPLICATION_m_app_AMT_GOODS_PRICE_d_app_AMT_INCOME_TOTAL_max,2767.99059009552,262
6,f101_nyg_middle_AMT_APPLICATION_m_app_AMT_GOODS_PRICE_d_app_AMT_INCOME_TOTAL_min,2911.8635036945343,280
6,f101_nyg_middle_AMT_APPLICATION_m_app_AMT_GOODS_PRICE_d_app_AMT_INCOME_TOTAL_mean,3027.5549535751343,272
6,f101_nyg_middle_AMT_APPLICATION_s_app_AMT_ANNUITY_d_app_AMT_INCOME_TOTAL_std,1153.2265343666077,113
6,f101_nyg_middle_AMT_APPLICATION_s_app_AMT_ANNUITY_d_app_AMT_INCOME_TOTAL_mean,4820.566447138786,409
6,f101_nyg_middle_AMT_APPLICATION_s_app_AMT_ANNUITY_d_app_AMT_INCOME_TOTAL_max,4323.720590353012,348
6,f101_nyg_middle_AMT_APPLICATION_s_app_AMT_ANNUITY_std,1023.5584187507629,99
6,f101_nyg_middle_AMT_APPLICATION_s_app_AMT_CREDIT_d_app_AMT_INCOME_TOTAL_diff_std,188.3007311820984,16
6,f101_nyg_middle_AMT_APPLICATION_s_app_AMT_CREDIT_d_app_AMT_INCOME_TOTAL_pctchange_std,1335.4985132217407,131
6,f101_nyg_middle_AMT_APPLICATION_s_app_AMT_CREDIT_max,2700.121351480484,236
6,f101_nyg_middle_AMT_APPLICATION_s_app_AMT_CREDIT_d_app_AMT_INCOME_TOTAL_std,803.4800589084625,77
6,f101_nyg_middle_AMT_APPLICATION_s_app_AMT_CREDIT_pctchange_std,309.18668842315674,31
6,f101_nyg_middle_AMT_APPLICATION_s_app_AMT_CREDIT_min,2987.4066247940063,247
6,f101_nyg_middle_AMT_APPLICATION_s_app_AMT_CREDIT_std,764.2421507835388,76
6,f101_nyg_middle_AMT_APPLICATION_s_app_AMT_CREDIT_mean,2143.3659949302673,182
6,f101_nyg_middle_AMT_APPLICATION_s_app_AMT_GOODS_PRICE_pctchange_std,409.6861734390259,39
6,f101_nyg_middle_AMT_APPLICATION_s_app_AMT_GOODS_PRICE_max,4351.951020509005,296
6,f101_nyg_middle_AMT_APPLICATION_s_app_AMT_GOODS_PRICE_mean,3250.299020767212,236
6,f101_nyg_middle_AMT_APPLICATION_s_app_AMT_GOODS_PRICE_std,1013.3998837471008,100
6,f101_nyg_middle_AMT_APPLICATION_s_app_AMT_GOODS_PRICE_min,2497.998151779175,207
6,f101_nyg_middle_AMT_APPLICATION_s_app_AMT_INCOME_TOTAL_std,721.584813117981,73
6,f101_nyg_middle_AMT_APPLICATION_s_app_AMT_INCOME_TOTAL_pctchange_std,1796.6765999794006,177
7,f101_nyg_middle_AMT_CREDIT_d_AMT_ANNUITY_std,1723.0253229141235,159
7,f101_nyg_middle_AMT_CREDIT_d_app_AMT_CREDIT_pctchange_std,838.4387888908386,76
7,f101_nyg_middle_AMT_CREDIT_d_AMT_ANNUITY_pctchange_std_div_mean,2441.2375140190125,237
7,f101_nyg_middle_AMT_APPLICATION_std,293.87614822387695,30
7,f101_nyg_middle_AMT_CREDIT_d_AMT_APPLICATION_mean,4612.254348278046,252
7,f101_nyg_middle_AMT_CREDIT_d_AMT_APPLICATION_min,2006.7215418815613,146
7,f101_nyg_middle_AMT_CREDIT_d_AMT_APPLICATION_max,2715.150601863861,200
7,f101_nyg_middle_AMT_CREDIT_d_app_AMT_GOODS_PRICE_pctchange_std,489.8557515144348,46
7,f101_nyg_middle_AMT_CREDIT_d_app_AMT_ANNUITY_pctchange_std,189.0773687362671,19
7,f101_nyg_middle_AMT_CREDIT_d_AMT_ANNUITY_min,2612.394483566284,238
7,f101_nyg_middle_AMT_CREDIT_d_AMT_ANNUITY_mean,1847.2738716602325,149
7,f101_nyg_middle_AMT_CREDIT_d_AMT_ANNUITY_max,2261.3990144729614,202
7,f101_nyg_middle_AMT_CREDIT_d_app_AMT_INCOME_TOTAL_diff_max,994.8370013237,90
7,f101_nyg_middle_AMT_CREDIT_d_app_AMT_INCOME_TOTAL_pctchange_std,58.60078954696655,6
7,f101_nyg_middle_AMT_CREDIT_d_app_AMT_INCOME_TOTAL_diff_std,1036.571174621582,99
7,f101_nyg_middle_AMT_CREDIT_d_total_debt_diff_std,1291.7099223136902,124
7,f101_nyg_middle_AMT_CREDIT_d_app_AMT_INCOME_TOTAL_std,442.3947591781616,41
7,f101_nyg_middle_AMT_CREDIT_d_app_AMT_INCOME_TOTAL_max,1439.559133052826,130
7,f101_nyg_middle_AMT_CREDIT_d_app_AMT_INCOME_TOTAL_min,3048.128309249878,275
7,f101_nyg_middle_AMT_CREDIT_d_app_AMT_INCOME_TOTAL_mean,1710.8198428153992,157
7,f101_nyg_middle_AMT_CREDIT_d_total_debt_mean,3618.5578508377075,246
7,f101_nyg_middle_AMT_CREDIT_d_total_debt_pctchange_std,1544.56667470932,146
7,f101_nyg_middle_AMT_CREDIT_d_total_debt_max_div_min,1103.369017124176,103
7,f101_nyg_middle_AMT_CREDIT_d_total_debt_max,2659.3521513938904,260
7,f101_nyg_middle_AMT_CREDIT_d_total_debt_std,1061.5118579864502,102
7,f101_nyg_middle_AMT_CREDIT_d_total_debt_std_div_mean,1620.9074039459229,146
7,f101_nyg_middle_AMT_CREDIT_m_app_AMT_GOODS_PRICE_d_app_AMT_INCOME_TOTAL_diff_max,1066.1932864189148,97
7,f101_nyg_middle_AMT_CREDIT_m_app_AMT_GOODS_PRICE_d_app_AMT_INCOME_TOTAL_max,1463.921298980713,140
7,f101_nyg_middle_AMT_CREDIT_d_total_debt_min,5340.488923072815,278
7,f101_nyg_middle_AMT_CREDIT_m_app_AMT_GOODS_PRICE_d_app_AMT_INCOME_TOTAL_std,640.023998260498,63
7,f101_nyg_middle_AMT_CREDIT_m_app_AMT_GOODS_PRICE_d_app_AMT_INCOME_TOTAL_min,1614.5803909301758,152
7,f101_nyg_middle_AMT_CREDIT_max,1608.4322576522827,133
7,f101_nyg_middle_AMT_CREDIT_m_app_AMT_GOODS_PRICE_d_app_AMT_INCOME_TOTAL_pctchange_std,1472.4284181594849,143
7,f101_nyg_middle_AMT_CREDIT_m_app_AMT_GOODS_PRICE_d_app_AMT_INCOME_TOTAL_mean,1610.100420475006,144
7,f101_nyg_middle_AMT_CREDIT_m_app_AMT_GOODS_PRICE_d_app_AMT_INCOME_TOTAL_diff_std,440.23160123825073,44
7,f101_nyg_middle_AMT_CREDIT_mean,1624.1584248542786,141
7,f101_nyg_middle_AMT_CREDIT_s_app_AMT_ANNUITY_d_app_AMT_INCOME_TOTAL_diff_std,164.50855779647827,18
7,f101_nyg_middle_AMT_CREDIT_min,1951.4850652217865,169
7,f101_nyg_middle_AMT_CREDIT_s_app_AMT_ANNUITY_d_app_AMT_INCOME_TOTAL_diff_max,1083.247193813324,96
7,f101_nyg_middle_AMT_CREDIT_s_app_AMT_ANNUITY_d_app_AMT_INCOME_TOTAL_max,1339.3954634666443,120
7,f101_nyg_middle_AMT_CREDIT_s_app_AMT_ANNUITY_d_app_AMT_INCOME_TOTAL_mean,1404.8959374427795,117
7,f101_nyg_middle_AMT_CREDIT_s_app_AMT_ANNUITY_diff_max,766.192391872406,73
7,f101_nyg_middle_AMT_CREDIT_s_app_AMT_ANNUITY_diff_std,898.3304500579834,86
7,f101_nyg_middle_AMT_CREDIT_s_app_AMT_ANNUITY_d_app_AMT_INCOME_TOTAL_std,433.50088596343994,44
7,f101_nyg_middle_AMT_CREDIT_s_app_AMT_ANNUITY_d_app_AMT_INCOME_TOTAL_min,3103.395899295807,247
7,f101_nyg_middle_AMT_CREDIT_s_app_AMT_ANNUITY_min,3535.18976354599,280
7,f101_nyg_middle_AMT_CREDIT_s_app_AMT_ANNUITY_diff_mean,1234.058160662651,115
7,f101_nyg_middle_AMT_CREDIT_s_app_AMT_ANNUITY_max,1671.5144238471985,140
7,f101_nyg_middle_AMT_CREDIT_s_app_AMT_CREDIT_d_app_AMT_INCOME_TOTAL_diff_std,43.38002014160156,4
7,f101_nyg_middle_AMT_CREDIT_s_app_AMT_ANNUITY_std,271.1583390235901,28
7,f101_nyg_middle_AMT_CREDIT_s_app_AMT_CREDIT_d_app_AMT_INCOME_TOTAL_mean,3276.704640865326,273
7,f101_nyg_middle_AMT_CREDIT_s_app_AMT_ANNUITY_mean,2001.5123291015625,163
7,f101_nyg_middle_AMT_CREDIT_s_app_AMT_CREDIT_d_app_AMT_INCOME_TOTAL_diff_max,954.9581580162048,86
7,f101_nyg_middle_AMT_CREDIT_s_app_AMT_CREDIT_diff_std,293.96970987319946,28
7,f101_nyg_middle_AMT_CREDIT_s_app_AMT_CREDIT_diff_max,757.6359858512878,73
7,f101_nyg_middle_AMT_CREDIT_s_app_AMT_CREDIT_d_app_AMT_INCOME_TOTAL_pctchange_std,1328.463767528534,134
7,f101_nyg_middle_AMT_CREDIT_s_app_AMT_CREDIT_d_app_AMT_INCOME_TOTAL_max,3100.0901856422424,261
7,f101_nyg_middle_AMT_CREDIT_s_app_AMT_CREDIT_d_app_AMT_INCOME_TOTAL_std,343.245840549469,31
7,f101_nyg_middle_AMT_CREDIT_s_app_AMT_CREDIT_diff_mean,1154.8760714530945,113
7,f101_nyg_middle_AMT_CREDIT_s_app_AMT_CREDIT_pctchange_std,410.13739824295044,40
7,f101_nyg_middle_AMT_CREDIT_s_app_AMT_GOODS_PRICE_diff_std,354.75190925598145,32
7,f101_nyg_middle_AMT_CREDIT_s_app_AMT_CREDIT_max,1955.654202222824,161
7,f101_nyg_middle_AMT_CREDIT_s_app_AMT_CREDIT_min,2565.199914932251,209
7,f101_nyg_middle_AMT_CREDIT_s_app_AMT_GOODS_PRICE_max,2240.2370476722717,172
7,f101_nyg_middle_AMT_CREDIT_s_app_AMT_CREDIT_mean,1817.3630347251892,137
7,f101_nyg_middle_AMT_CREDIT_s_app_AMT_GOODS_PRICE_pctchange_std,371.8581295013428,37
7,f101_nyg_middle_AMT_CREDIT_s_app_AMT_GOODS_PRICE_std,552.5846314430237,52
7,f101_nyg_middle_AMT_CREDIT_s_app_AMT_CREDIT_std,220.43320178985596,22
7,f101_nyg_middle_AMT_CREDIT_s_app_AMT_GOODS_PRICE_diff_mean,1432.8296194076538,140
7,f101_nyg_middle_AMT_CREDIT_s_app_AMT_GOODS_PRICE_min,2790.009560108185,222
7,f101_nyg_middle_AMT_CREDIT_s_app_AMT_GOODS_PRICE_diff_max,1108.517951965332,102
7,f101_nyg_middle_AMT_CREDIT_s_app_AMT_GOODS_PRICE_mean,1897.038984298706,152
7,f101_nyg_middle_AMT_CREDIT_s_app_AMT_INCOME_TOTAL_diff_std,26.065269470214844,3
7,f101_nyg_middle_AMT_CREDIT_s_app_AMT_INCOME_TOTAL_diff_max,905.1252603530884,82
7,f101_nyg_middle_AMT_CREDIT_s_app_AMT_INCOME_TOTAL_diff_mean,1235.0633778572083,119
7,f101_nyg_middle_AMT_CREDIT_s_app_AMT_INCOME_TOTAL_std,304.38128089904785,29
7,f101_nyg_middle_AMT_CREDIT_std,188.58404159545898,16
7,f101_nyg_middle_AMT_DOWN_PAYMENT_d_AMT_GOODS_PRICE_mean,741.1246867179871,70
7,f101_nyg_middle_AMT_DOWN_PAYMENT_d_AMT_GOODS_PRICE_diff_std,1585.3778991699219,157
7,f101_nyg_middle_AMT_DOWN_PAYMENT_d_AMT_GOODS_PRICE_std_div_mean,696.1556220054626,62
7,f101_nyg_middle_AMT_DOWN_PAYMENT_max,1722.4739599227905,162
7,f101_nyg_middle_AMT_DOWN_PAYMENT_d_AMT_GOODS_PRICE_std,838.9674220085144,78
7,f101_nyg_middle_AMT_DOWN_PAYMENT_d_AMT_GOODS_PRICE_max,889.7366018295288,82
7,f101_nyg_middle_AMT_DOWN_PAYMENT_d_AMT_GOODS_PRICE_min,394.3303098678589,39
7,f101_nyg_middle_AMT_DOWN_PAYMENT_std_div_mean,1046.3273906707764,107
7,f101_nyg_middle_AMT_DOWN_PAYMENT_std,836.2947020530701,84
7,f101_nyg_middle_AMT_DOWN_PAYMENT_min,997.9569780826569,98
7,f101_nyg_middle_AMT_DOWN_PAYMENT_mean,1515.3023869991302,149
7,f101_nyg_middle_AMT_GOODS_PRICE_d_AMT_ANNUITY_mean,2068.417685985565,200
7,f101_nyg_middle_AMT_GOODS_PRICE_d_AMT_ANNUITY_min,2429.2894611358643,225
7,f101_nyg_middle_AMT_GOODS_PRICE_d_AMT_ANNUITY_diff_std_div_mean,1618.0187048912048,162
7,f101_nyg_middle_AMT_GOODS_PRICE_d_AMT_ANNUITY_max,2559.5625319480896,243
7,f101_nyg_middle_AMT_GOODS_PRICE_d_AMT_ANNUITY_pctchange_std_div_mean,1562.554283618927,168
7,f101_nyg_middle_AMT_GOODS_PRICE_d_AMT_CREDIT_min,2542.283507823944,194
7,f101_nyg_middle_AMT_GOODS_PRICE_d_AMT_CREDIT_max,1749.121696472168,144
7,f101_nyg_middle_AMT_GOODS_PRICE_d_AMT_CREDIT_mean,4157.976157665253,239
7,f101_nyg_middle_AMT_GOODS_PRICE_d_app_AMT_GOODS_PRICE_pctchange_std,735.4807438850403,69
7,f101_nyg_middle_AMT_GOODS_PRICE_d_app_AMT_CREDIT_pctchange_std,485.33029079437256,47
7,f101_nyg_middle_AMT_GOODS_PRICE_d_app_AMT_INCOME_TOTAL_diff_std_div_mean,1559.4446229934692,152
7,f101_nyg_middle_AMT_GOODS_PRICE_d_app_AMT_ANNUITY_pctchange_std,158.9410490989685,15
7,f101_nyg_middle_AMT_GOODS_PRICE_d_app_AMT_INCOME_TOTAL_diff_std,814.8673310279846,76
7,f101_nyg_middle_AMT_GOODS_PRICE_d_app_AMT_INCOME_TOTAL_pctchange_std,92.70469045639038,10
7,f101_nyg_middle_AMT_GOODS_PRICE_d_app_AMT_INCOME_TOTAL_mean,2037.09712266922,172
7,f101_nyg_middle_AMT_GOODS_PRICE_d_app_AMT_INCOME_TOTAL_max,1624.6141357421875,149
7,f101_nyg_middle_AMT_GOODS_PRICE_d_app_AMT_INCOME_TOTAL_std,465.4813108444214,41
7,f101_nyg_middle_AMT_GOODS_PRICE_d_total_debt_pctchange_std,2166.217098712921,204
7,f101_nyg_middle_AMT_GOODS_PRICE_d_total_debt_max,2852.1260986328125,227
7,f101_nyg_middle_AMT_GOODS_PRICE_d_total_debt_min,3530.5133266448975,225
7,f101_nyg_middle_AMT_GOODS_PRICE_d_total_debt_std_div_mean,1794.9417753219604,175
7,f101_nyg_middle_AMT_GOODS_PRICE_m_app_AMT_GOODS_PRICE_d_app_AMT_INCOME_TOTAL_max,1623.1874508857727,154
7,f101_nyg_middle_AMT_GOODS_PRICE_m_app_AMT_GOODS_PRICE_d_app_AMT_INCOME_TOTAL_diff_std,472.16939067840576,51
7,f101_nyg_middle_AMT_GOODS_PRICE_d_total_debt_mean,4933.590552806854,255
7,f101_nyg_middle_AMT_GOODS_PRICE_m_app_AMT_GOODS_PRICE_d_app_AMT_INCOME_TOTAL_mean,1751.5412101745605,162
7,f101_nyg_middle_AMT_GOODS_PRICE_m_app_AMT_GOODS_PRICE_d_app_AMT_INCOME_TOTAL_pctchange_std,1396.4513726234436,146
7,f101_nyg_middle_AMT_GOODS_PRICE_m_app_AMT_GOODS_PRICE_d_app_AMT_INCOME_TOTAL_std,558.2462372779846,56
7,f101_nyg_middle_AMT_GOODS_PRICE_m_app_AMT_GOODS_PRICE_d_app_AMT_INCOME_TOTAL_min,2223.565373659134,210
7,f101_nyg_middle_AMT_GOODS_PRICE_s_app_AMT_ANNUITY_d_app_AMT_INCOME_TOTAL_diff_std,129.54129076004028,15
7,f101_nyg_middle_AMT_GOODS_PRICE_s_app_AMT_ANNUITY_d_app_AMT_INCOME_TOTAL_max,2201.8151593208313,162
7,f101_nyg_middle_AMT_GOODS_PRICE_s_app_AMT_ANNUITY_d_app_AMT_INCOME_TOTAL_std,850.1217875480652,80
7,f101_nyg_middle_AMT_GOODS_PRICE_s_app_AMT_ANNUITY_d_app_AMT_INCOME_TOTAL_mean,2738.6189951896667,206
7,f101_nyg_middle_AMT_GOODS_PRICE_s_app_AMT_CREDIT_d_app_AMT_INCOME_TOTAL_diff_std,19.064860343933105,2
7,f101_nyg_middle_AMT_GOODS_PRICE_s_app_AMT_ANNUITY_std,322.4331307411194,30
7,f101_nyg_middle_AMT_GOODS_PRICE_s_app_AMT_CREDIT_mean,2478.2794404029846,199
7,f101_nyg_middle_AMT_GOODS_PRICE_s_app_AMT_CREDIT_d_app_AMT_INCOME_TOTAL_std,323.3669390678406,31
7,f101_nyg_middle_AMT_GOODS_PRICE_s_app_AMT_CREDIT_min,2736.1164045333862,219
7,f101_nyg_middle_AMT_GOODS_PRICE_s_app_AMT_CREDIT_std,223.92629098892212,20
7,f101_nyg_middle_AMT_GOODS_PRICE_s_app_AMT_CREDIT_max,1781.079969406128,148
7,f101_nyg_middle_AMT_GOODS_PRICE_s_app_AMT_GOODS_PRICE_pctchange_std,273.6458086967468,28
7,f101_nyg_middle_AMT_GOODS_PRICE_s_app_AMT_GOODS_PRICE_max,2292.7231783866882,183
7,f101_nyg_middle_AMT_GOODS_PRICE_s_app_AMT_GOODS_PRICE_mean,1967.7216730117798,167
7,f101_nyg_middle_AMT_GOODS_PRICE_s_app_AMT_GOODS_PRICE_std,524.821141242981,53
7,f101_nyg_middle_AMT_GOODS_PRICE_s_app_AMT_GOODS_PRICE_min,2462.1964955329895,201
7,f101_nyg_middle_AMT_GOODS_PRICE_s_app_AMT_INCOME_TOTAL_pctchange_std,2055.4464931488037,202
7,f101_nyg_middle_AMT_GOODS_PRICE_s_app_AMT_INCOME_TOTAL_std,244.68079948425293,24
7,f101_nyg_middle_AMT_GOODS_PRICE_std,178.2768783569336,19
7,f101_nyg_middle_CHANNEL_TYPE_Contact_center_sum,296.325541973114,28
7,f101_nyg_middle_CHANNEL_TYPE_AP+_(Cash_loan)_sum,553.8409085273743,51
7,f101_nyg_middle_CNT_PAYMENT_max,323.8476824760437,23
7,f101_nyg_middle_CNT_PAYMENT_min,75.72701025009155,8
7,f101_nyg_middle_CODE_REJECT_REASON_LIMIT_mean,568.0527410507202,43
7,f101_nyg_middle_CODE_REJECT_REASON_SCO_mean,138.46034002304077,15
7,f101_nyg_middle_CNT_PAYMENT_std,964.7400722503662,93
7,f101_nyg_middle_CODE_REJECT_REASON_HC_sum,93.75928068161011,10
7,f101_nyg_middle_CNT_PAYMENT_mean,616.786388874054,45
7,f101_nyg_middle_CODE_REJECT_REASON_XAP_mean,356.89030027389526,20
7,f101_nyg_middle_CODE_REJECT_REASON_SCOFR_sum,25.413220405578613,3
7,f101_nyg_middle_CODE_REJECT_REASON_SCO_sum,0.0,0
7,f101_nyg_middle_CODE_REJECT_REASON_LIMIT_sum,78.22520017623901,9
7,f101_nyg_middle_CODE_REJECT_REASON_HC_mean,162.31762218475342,16
7,f101_nyg_middle_CODE_REJECT_REASON_XAP_sum,83.95756912231445,8
7,f101_nyg_middle_DAYS_DECISION_d_app_DAYS_EMPLOYED_std_div_mean,1930.086362361908,184
7,f101_nyg_middle_DAYS_DECISION_s_app_DAYS_BIRTH_std,663.7125096321106,59
7,f101_nyg_middle_DAYS_DECISION_s_app_DAYS_BIRTH_max,4060.801706790924,215
7,f101_nyg_middle_DAYS_DECISION_s_app_DAYS_ID_PUBLISH_max,3516.2303495407104,277
7,f101_nyg_middle_DAYS_DECISION_s_app_DAYS_BIRTH_min,2315.808938026428,170
7,f101_nyg_middle_DAYS_DECISION_s_app_DAYS_EMPLOYED_std,612.553337097168,53
7,f101_nyg_middle_DAYS_DECISION_s_app_DAYS_EMPLOYED_mean,2755.6476669311523,230
7,f101_nyg_middle_DAYS_DECISION_s_app_DAYS_ID_PUBLISH_mean,2263.8398241996765,188
7,f101_nyg_middle_DAYS_DECISION_s_app_DAYS_BIRTH_mean,2660.1247733831406,168
7,f101_nyg_middle_DAYS_DECISION_s_app_DAYS_ID_PUBLISH_std,708.4709300994873,57
7,f101_nyg_middle_DAYS_DECISION_s_app_DAYS_EMPLOYED_max,3336.149672985077,220
7,f101_nyg_middle_DAYS_FIRST_DRAWING_d_app_DAYS_BIRTH_min,0.0,0
7,f101_nyg_middle_DAYS_FIRST_DRAWING_d_app_DAYS_BIRTH_max_div_min,0.0,0
7,f101_nyg_middle_DAYS_FIRST_DRAWING_d_app_DAYS_BIRTH_max,0.0,0
7,f101_nyg_middle_DAYS_DECISION_s_app_DAYS_EMPLOYED_min,2513.873445034027,204
7,f101_nyg_middle_DAYS_DECISION_s_app_DAYS_ID_PUBLISH_min,2352.473825931549,208
7,f101_nyg_middle_DAYS_DECISION_s_app_DAYS_LAST_PHONE_CHANGE_max,4457.245752811432,330
7,f101_nyg_middle_DAYS_DECISION_s_app_DAYS_LAST_PHONE_CHANGE_std,708.5924563407898,61
7,f101_nyg_middle_DAYS_FIRST_DRAWING_d_app_DAYS_EMPLOYED_mean,0.0,0
7,f101_nyg_middle_DAYS_FIRST_DRAWING_d_app_DAYS_BIRTH_mean,0.0,0
7,f101_nyg_middle_DAYS_DECISION_s_app_DAYS_REGISTRATION_mean,1501.8760743141174,132
7,f101_nyg_middle_DAYS_DECISION_s_app_DAYS_REGISTRATION_max,2084.915589928627,184
7,f101_nyg_middle_DAYS_DECISION_s_app_DAYS_LAST_PHONE_CHANGE_mean,3067.735185623169,258
7,f101_nyg_middle_DAYS_FIRST_DRAWING_d_app_DAYS_ID_PUBLISH_mean,0.0,0
7,f101_nyg_middle_DAYS_FIRST_DRAWING_d_app_DAYS_ID_PUBLISH_max_div_min,0.0,0
7,f101_nyg_middle_DAYS_FIRST_DRAWING_d_app_DAYS_EMPLOYED_max_div_min,0.0,0
7,f101_nyg_middle_DAYS_FIRST_DRAWING_d_app_DAYS_ID_PUBLISH_max,0.0,0
7,f101_nyg_middle_DAYS_FIRST_DRAWING_d_app_DAYS_ID_PUBLISH_min,0.0,0
7,f101_nyg_middle_DAYS_FIRST_DRAWING_d_app_DAYS_EMPLOYED_max,0.0,0
7,f101_nyg_middle_DAYS_DECISION_s_app_DAYS_REGISTRATION_std,628.0723190307617,57
7,f101_nyg_middle_DAYS_FIRST_DRAWING_d_app_DAYS_EMPLOYED_min,0.0,0
7,f101_nyg_middle_DAYS_FIRST_DRAWING_s_app_DAYS_BIRTH_max,0.0,0
7,f101_nyg_middle_DAYS_FIRST_DRAWING_d_app_DAYS_LAST_PHONE_CHANGE_max_div_min,0.0,0
7,f101_nyg_middle_DAYS_DECISION_s_app_DAYS_REGISTRATION_min,1664.4761500358582,151
7,f101_nyg_middle_DAYS_FIRST_DRAWING_d_app_DAYS_REGISTRATION_max,0.0,0
7,f101_nyg_middle_DAYS_FIRST_DRAWING_s_DAYS_DECISIONS_mean,0.0,0
7,f101_nyg_middle_DAYS_FIRST_DRAWING_s_app_DAYS_BIRTH_mean,0.0,0
7,f101_nyg_middle_DAYS_FIRST_DRAWING_d_app_DAYS_LAST_PHONE_CHANGE_max,0.0,0
7,f101_nyg_middle_DAYS_FIRST_DRAWING_d_app_DAYS_LAST_PHONE_CHANGE_min,0.0,0
7,f101_nyg_middle_DAYS_FIRST_DRAWING_d_app_DAYS_REGISTRATION_min,0.0,0
7,f101_nyg_middle_DAYS_FIRST_DRAWING_d_app_DAYS_LAST_PHONE_CHANGE_mean,0.0,0
7,f101_nyg_middle_DAYS_FIRST_DRAWING_s_DAYS_DECISIONS_min,0.0,0
7,f101_nyg_middle_DAYS_FIRST_DRAWING_s_app_DAYS_BIRTH_max_div_min,0.0,0
7,f101_nyg_middle_DAYS_FIRST_DRAWING_d_app_DAYS_REGISTRATION_max_div_min,0.0,0
7,f101_nyg_middle_DAYS_FIRST_DRAWING_s_app_DAYS_BIRTH_min,0.0,0
7,f101_nyg_middle_DAYS_FIRST_DRAWING_s_DAYS_DECISIONS_max,0.0,0
7,f101_nyg_middle_DAYS_FIRST_DRAWING_d_app_DAYS_REGISTRATION_mean,0.0,0
7,f101_nyg_middle_DAYS_FIRST_DRAWING_s_app_DAYS_LAST_PHONE_CHANGE_max,0.0,0
7,f101_nyg_middle_DAYS_FIRST_DRAWING_s_app_DAYS_REGISTRATION_max_div_min,0.0,0
7,f101_nyg_middle_DAYS_FIRST_DRAWING_s_app_DAYS_ID_PUBLISH_max,0.0,0
7,f101_nyg_middle_DAYS_FIRST_DRAWING_s_app_DAYS_LAST_PHONE_CHANGE_max_div_min,0.0,0
7,f101_nyg_middle_DAYS_FIRST_DRAWING_s_app_DAYS_ID_PUBLISH_mean,0.0,0
7,f101_nyg_middle_DAYS_FIRST_DRAWING_s_app_DAYS_EMPLOYED_max,0.0,0
7,f101_nyg_middle_DAYS_FIRST_DRAWING_s_app_DAYS_ID_PUBLISH_max_div_min,0.0,0
7,f101_nyg_middle_DAYS_FIRST_DRAWING_s_app_DAYS_REGISTRATION_max,0.0,0
7,f101_nyg_middle_DAYS_FIRST_DRAWING_s_app_DAYS_LAST_PHONE_CHANGE_min,0.0,0
7,f101_nyg_middle_DAYS_FIRST_DRAWING_s_app_DAYS_REGISTRATION_min,0.0,0
7,f101_nyg_middle_DAYS_FIRST_DRAWING_s_app_DAYS_EMPLOYED_min,0.0,0
7,f101_nyg_middle_DAYS_FIRST_DRAWING_s_app_DAYS_ID_PUBLISH_min,0.0,0
7,f101_nyg_middle_DAYS_FIRST_DRAWING_s_app_DAYS_EMPLOYED_max_div_min,0.0,0
7,f101_nyg_middle_DAYS_FIRST_DRAWING_s_app_DAYS_REGISTRATION_mean,0.0,0
7,f101_nyg_middle_DAYS_FIRST_DRAWING_s_app_DAYS_EMPLOYED_mean,0.0,0
7,f101_nyg_middle_DAYS_FIRST_DRAWING_s_app_DAYS_LAST_PHONE_CHANGE_mean,0.0,0
7,f101_nyg_middle_DAYS_FIRST_DUE_s_DAYS_FIRST_DRAWING_max,0.0,0
7,f101_nyg_middle_DAYS_FIRST_DUE_d_app_DAYS_EMPLOYED_mean,3351.726716041565,308
7,f101_nyg_middle_DAYS_FIRST_DUE_s_DAYS_FIRST_DRAWING_min,0.0,0
7,f101_nyg_middle_DAYS_FIRST_DUE_d_app_DAYS_EMPLOYED_std_div_mean,1368.0819602012634,145
7,f101_nyg_middle_DAYS_FIRST_DUE_s_DAYS_FIRST_DRAWING_mean,0.0,0
7,f101_nyg_middle_DAYS_FIRST_DUE_s_DAYS_DECISIONS_min,2084.679611682892,181
7,f101_nyg_middle_DAYS_FIRST_DUE_d_app_DAYS_EMPLOYED_min,5230.777172088623,349
7,f101_nyg_middle_DAYS_FIRST_DUE_s_DAYS_FIRST_DRAWING_max_div_min,0.0,0
7,f101_nyg_middle_DAYS_FIRST_DUE_s_app_DAYS_EMPLOYED_std,1794.280026435852,167
7,f101_nyg_middle_DAYS_FIRST_DUE_s_app_DAYS_BIRTH_max_div_min,707.358941078186,66
7,f101_nyg_middle_DAYS_FIRST_DUE_s_app_DAYS_BIRTH_std,466.38807225227356,46
7,f101_nyg_middle_DAYS_FIRST_DUE_s_app_DAYS_BIRTH_mean,1381.0837378501892,110
7,f101_nyg_middle_DAYS_FIRST_DUE_s_app_DAYS_ID_PUBLISH_std,210.85715866088867,23
7,f101_nyg_middle_DAYS_FIRST_DUE_s_app_DAYS_EMPLOYED_mean,1475.3041257858276,112
7,f101_nyg_middle_DAYS_FIRST_DUE_s_app_DAYS_ID_PUBLISH_max,2210.089276790619,179
7,f101_nyg_middle_DAYS_FIRST_DUE_s_app_DAYS_BIRTH_max,2522.5905804634094,154
7,f101_nyg_middle_DAYS_FIRST_DUE_s_app_DAYS_BIRTH_min,1422.3983478546143,123
7,f101_nyg_middle_DAYS_FIRST_DUE_s_app_DAYS_EMPLOYED_max,2858.526490688324,167
7,f101_nyg_middle_DAYS_FIRST_DUE_s_app_DAYS_EMPLOYED_min,1331.2269625663757,112
7,f101_nyg_middle_DAYS_FIRST_DUE_s_app_DAYS_LAST_PHONE_CHANGE_mean,3519.7733483314514,284
7,f101_nyg_middle_DAYS_FIRST_DUE_s_app_DAYS_REGISTRATION_std,58.68600130081177,5
7,f101_nyg_middle_DAYS_FIRST_DUE_s_app_DAYS_LAST_PHONE_CHANGE_std,10.756600379943848,1
7,f101_nyg_middle_DAYS_FIRST_DUE_s_app_DAYS_ID_PUBLISH_mean,1636.7324810028076,136
7,f101_nyg_middle_DAYS_FIRST_DUE_s_app_DAYS_ID_PUBLISH_min,1628.3861193656921,148
7,f101_nyg_middle_DAYS_FIRST_DUE_s_app_DAYS_LAST_PHONE_CHANGE_max,5716.114411830902,356
7,f101_nyg_middle_DAYS_FIRST_DUE_s_app_DAYS_REGISTRATION_min,1418.4380559921265,140
7,f101_nyg_middle_DAYS_LAST_DUE_1ST_VERSION_d_app_DAYS_BIRTH_min,5170.736743927002,383
7,f101_nyg_middle_DAYS_LAST_DUE_1ST_VERSION_d_app_DAYS_BIRTH_max,5284.665472507477,386
7,f101_nyg_middle_DAYS_FIRST_DUE_s_app_DAYS_REGISTRATION_mean,1067.2603421211243,101
7,f101_nyg_middle_DAYS_LAST_DUE_1ST_VERSION_d_app_DAYS_EMPLOYED_std,1440.067310333252,141
7,f101_nyg_middle_DAYS_FIRST_DUE_s_app_DAYS_REGISTRATION_max,1608.5193915367126,143
7,f101_nyg_middle_DAYS_LAST_DUE_1ST_VERSION_d_app_DAYS_BIRTH_mean,5490.632030010223,428
7,f101_nyg_middle_DAYS_LAST_DUE_1ST_VERSION_s_DAYS_FIRST_DRAWING_max_div_min,0.0,0
7,f101_nyg_middle_DAYS_LAST_DUE_1ST_VERSION_s_DAYS_FIRST_DRAWING_min,0.0,0
7,f101_nyg_middle_DAYS_LAST_DUE_1ST_VERSION_d_app_DAYS_BIRTH_std,924.0131025314331,93
7,f101_nyg_middle_DAYS_LAST_DUE_1ST_VERSION_s_DAYS_DECISIONS_min,1391.5975093841553,129
7,f101_nyg_middle_DAYS_LAST_DUE_1ST_VERSION_s_DAYS_FIRST_DRAWING_max,0.0,0
7,f101_nyg_middle_DAYS_LAST_DUE_1ST_VERSION_s_DAYS_FIRST_DRAWING_mean,0.0,0
7,f101_nyg_middle_DAYS_LAST_DUE_1ST_VERSION_s_DAYS_DECISIONS_std_div_mean,1552.7397093772888,153
7,f101_nyg_middle_DAYS_LAST_DUE_1ST_VERSION_s_DAYS_DECISIONS_mean,1286.2700667381287,114
7,f101_nyg_middle_DAYS_LAST_DUE_1ST_VERSION_s_DAYS_DECISIONS_max,1140.639256477356,104
7,f101_nyg_middle_DAYS_LAST_DUE_1ST_VERSION_s_DAYS_DECISIONS_std,1272.7231335639954,109
7,f101_nyg_middle_DAYS_LAST_DUE_1ST_VERSION_s_DAYS_FIRST_DUE_std,402.66226148605347,37
7,f101_nyg_middle_DAYS_LAST_DUE_1ST_VERSION_s_DAYS_FIRST_DUE_max,214.92621660232544,20
7,f101_nyg_middle_DAYS_LAST_DUE_1ST_VERSION_s_app_DAYS_BIRTH_std_div_mean,1246.4048700332642,125
7,f101_nyg_middle_DAYS_LAST_DUE_1ST_VERSION_s_DAYS_FIRST_DUE_min,141.49434995651245,13
7,f101_nyg_middle_DAYS_LAST_DUE_1ST_VERSION_s_app_DAYS_EMPLOYED_min,1773.942346572876,150
7,f101_nyg_middle_DAYS_LAST_DUE_1ST_VERSION_s_app_DAYS_BIRTH_min,1515.1606674194336,138
7,f101_nyg_middle_DAYS_LAST_DUE_1ST_VERSION_s_DAYS_FIRST_DUE_mean,389.7626609802246,38
7,f101_nyg_middle_DAYS_LAST_DUE_1ST_VERSION_s_app_DAYS_BIRTH_max,2543.5566024780273,176
7,f101_nyg_middle_DAYS_LAST_DUE_1ST_VERSION_s_app_DAYS_EMPLOYED_max,2400.262221813202,196
7,f101_nyg_middle_DAYS_LAST_DUE_1ST_VERSION_s_app_DAYS_ID_PUBLISH_max,2335.4067792892456,211
7,f101_nyg_middle_DAYS_LAST_DUE_1ST_VERSION_s_app_DAYS_BIRTH_mean,1382.6875224113464,120
7,f101_nyg_middle_DAYS_LAST_DUE_1ST_VERSION_s_app_DAYS_ID_PUBLISH_min,1804.6818766593933,174
7,f101_nyg_middle_DAYS_LAST_DUE_1ST_VERSION_s_app_DAYS_EMPLOYED_mean,1903.5453162193298,165
7,f101_nyg_middle_DAYS_LAST_DUE_1ST_VERSION_s_app_DAYS_ID_PUBLISH_mean,1583.9232664108276,143
7,f101_nyg_middle_DAYS_LAST_DUE_d_app_DAYS_BIRTH_std_div_mean,722.0399799346924,67
7,f101_nyg_middle_DAYS_LAST_DUE_1ST_VERSION_s_app_DAYS_REGISTRATION_min,1735.4759583473206,159
7,f101_nyg_middle_DAYS_LAST_DUE_1ST_VERSION_s_app_DAYS_REGISTRATION_mean,1309.8457107543945,121
7,f101_nyg_middle_DAYS_LAST_DUE_s_DAYS_FIRST_DRAWING_max,0.0,0
7,f101_nyg_middle_DAYS_LAST_DUE_d_app_DAYS_LAST_PHONE_CHANGE_std_div_mean,901.1413712501526,90
7,f101_nyg_middle_DAYS_LAST_DUE_s_DAYS_FIRST_DRAWING_max_div_min,0.0,0
7,f101_nyg_middle_DAYS_LAST_DUE_1ST_VERSION_s_app_DAYS_REGISTRATION_max,2218.104079246521,194
7,f101_nyg_middle_DAYS_LAST_DUE_d_app_DAYS_ID_PUBLISH_std_div_mean,182.58242988586426,19
7,f101_nyg_middle_DAYS_LAST_DUE_s_DAYS_FIRST_DRAWING_mean,0.0,0
7,f101_nyg_middle_DAYS_LAST_DUE_s_DAYS_FIRST_DRAWING_min,0.0,0
7,f101_nyg_middle_DAYS_LAST_DUE_d_app_DAYS_REGISTRATION_std_div_mean,194.17262887954712,20
7,f101_nyg_middle_DAYS_LAST_DUE_s_DAYS_LAST_DUE_1ST_VERSION_std_div_mean,1692.577980041504,170
7,f101_nyg_middle_DAYS_LAST_DUE_s_DAYS_LAST_DUE_1ST_VERSION_max_div_min,489.42245149612427,44
7,f101_nyg_middle_DAYS_LAST_DUE_s_app_DAYS_BIRTH_std,796.8350396156311,69
7,f101_nyg_middle_DAYS_LAST_DUE_s_DAYS_LAST_DUE_1ST_VERSION_std,945.7081065177917,74
7,f101_nyg_middle_DAYS_LAST_DUE_s_DAYS_LAST_DUE_1ST_VERSION_min,879.5504875183105,82
7,f101_nyg_middle_DAYS_LAST_DUE_s_DAYS_LAST_DUE_1ST_VERSION_mean,1090.633334159851,98
7,f101_nyg_middle_DAYS_LAST_DUE_s_app_DAYS_BIRTH_max,4569.640609264374,134
7,f101_nyg_middle_DAYS_LAST_DUE_s_DAYS_LAST_DUE_1ST_VERSION_max,679.3620433807373,62
7,f101_nyg_middle_DAYS_LAST_DUE_s_app_DAYS_BIRTH_mean,1960.5425367355347,76
7,f101_nyg_middle_DAYS_LAST_DUE_s_app_DAYS_EMPLOYED_min,1085.0994229316711,99
7,f101_nyg_middle_DAYS_LAST_DUE_s_app_DAYS_BIRTH_max_div_min,657.5517420768738,62
7,f101_nyg_middle_DAYS_LAST_DUE_s_app_DAYS_BIRTH_min,1278.19739818573,101
7,f101_nyg_middle_DAYS_LAST_DUE_s_app_DAYS_EMPLOYED_max,1592.4576625823975,130
7,f101_nyg_middle_DAYS_LAST_DUE_s_app_DAYS_ID_PUBLISH_std,261.0056071281433,25
7,f101_nyg_middle_DAYS_LAST_DUE_s_app_DAYS_EMPLOYED_std,72.25981092453003,7
7,f101_nyg_middle_DAYS_LAST_DUE_s_app_DAYS_LAST_PHONE_CHANGE_std,0.0,0
7,f101_nyg_middle_DAYS_LAST_DUE_s_app_DAYS_EMPLOYED_mean,922.4054708480835,75
7,f101_nyg_middle_DAYS_LAST_DUE_s_app_DAYS_LAST_PHONE_CHANGE_max,2372.6590280532837,202
7,f101_nyg_middle_DAYS_LAST_DUE_s_app_DAYS_ID_PUBLISH_min,1272.2294564247131,123
7,f101_nyg_middle_DAYS_LAST_DUE_s_app_DAYS_ID_PUBLISH_max,1544.6368656158447,140
7,f101_nyg_middle_DAYS_LAST_DUE_s_app_DAYS_ID_PUBLISH_mean,1155.3232083320618,108
7,f101_nyg_middle_DAYS_LAST_DUE_s_app_DAYS_ID_PUBLISH_std_div_mean,1635.9703469276428,161
7,f101_nyg_middle_DAYS_TERMINATION_d_app_DAYS_BIRTH_std_div_mean,633.4562311172485,64
7,f101_nyg_middle_DAYS_LAST_DUE_s_app_DAYS_LAST_PHONE_CHANGE_mean,2227.5170879364014,211
7,f101_nyg_middle_DAYS_LAST_DUE_s_app_DAYS_REGISTRATION_min,1198.4697761535645,103
7,f101_nyg_middle_DAYS_LAST_DUE_s_app_DAYS_REGISTRATION_std,6.788440227508545,1
7,f101_nyg_middle_DAYS_LAST_DUE_s_app_DAYS_REGISTRATION_max,944.4587559700012,85
7,f101_nyg_middle_DAYS_LAST_DUE_s_app_DAYS_REGISTRATION_mean,945.7718551158905,93
7,f101_nyg_middle_DAYS_TERMINATION_s_DAYS_FIRST_DRAWING_mean,0.0,0
7,f101_nyg_middle_DAYS_TERMINATION_d_app_DAYS_ID_PUBLISH_std_div_mean,243.80295991897583,24
7,f101_nyg_middle_DAYS_TERMINATION_d_app_DAYS_LAST_PHONE_CHANGE_std_div_mean,914.8019423484802,94
7,f101_nyg_middle_DAYS_TERMINATION_d_app_DAYS_REGISTRATION_std_div_mean,181.64979028701782,18
7,f101_nyg_middle_DAYS_TERMINATION_s_DAYS_DECISIONS_std_div_mean,1785.7493252754211,177
7,f101_nyg_middle_DAYS_TERMINATION_s_DAYS_FIRST_DRAWING_max,0.0,0
7,f101_nyg_middle_DAYS_TERMINATION_s_DAYS_FIRST_DRAWING_max_div_min,0.0,0
7,f101_nyg_middle_DAYS_TERMINATION_s_DAYS_FIRST_DRAWING_min,0.0,0
7,f101_nyg_middle_DAYS_TERMINATION_s_DAYS_LAST_DUE_1ST_VERSION_max,3866.3887701034546,342
7,f101_nyg_middle_DAYS_TERMINATION_s_app_DAYS_BIRTH_std,623.2424421310425,57
7,f101_nyg_middle_DAYS_TERMINATION_s_DAYS_LAST_DUE_1ST_VERSION_mean,2703.6430661678314,235
7,f101_nyg_middle_DAYS_TERMINATION_s_DAYS_LAST_DUE_1ST_VERSION_std,1446.8937997817993,134
7,f101_nyg_middle_DAYS_TERMINATION_s_app_DAYS_EMPLOYED_std,131.0852494239807,14
7,f101_nyg_middle_DAYS_TERMINATION_s_app_DAYS_BIRTH_max,2027.2019000053406,120
7,f101_nyg_middle_DAYS_TERMINATION_s_DAYS_LAST_DUE_1ST_VERSION_min,2851.109399795532,251
7,f101_nyg_middle_DAYS_TERMINATION_s_app_DAYS_BIRTH_mean,881.6235222816467,76
7,f101_nyg_middle_DAYS_TERMINATION_s_app_DAYS_ID_PUBLISH_std,75.69339084625244,7
7,f101_nyg_middle_DAYS_TERMINATION_s_app_DAYS_BIRTH_min,864.8929243087769,79
7,f101_nyg_middle_DAYS_TERMINATION_s_app_DAYS_BIRTH_max_div_min,536.1315522193909,53
7,f101_nyg_middle_DAYS_TERMINATION_s_app_DAYS_EMPLOYED_max,1699.1348609924316,123
7,f101_nyg_middle_DAYS_TERMINATION_s_app_DAYS_LAST_PHONE_CHANGE_std,12.324199676513672,1
7,f101_nyg_middle_DAYS_TERMINATION_s_app_DAYS_EMPLOYED_min,1442.9120221138,134
7,f101_nyg_middle_DAYS_TERMINATION_s_app_DAYS_ID_PUBLISH_min,1355.3111634254456,126
7,f101_nyg_middle_DAYS_TERMINATION_s_app_DAYS_ID_PUBLISH_max,1650.5256276130676,149
7,f101_nyg_middle_DAYS_TERMINATION_s_app_DAYS_ID_PUBLISH_mean,961.6835260391235,91
7,f101_nyg_middle_DAYS_TERMINATION_s_app_DAYS_LAST_PHONE_CHANGE_max,2185.6113963127136,194
7,f101_nyg_middle_DAYS_TERMINATION_s_app_DAYS_REGISTRATION_mean,1086.65788936615,99
7,f101_nyg_middle_DAYS_TERMINATION_s_app_DAYS_REGISTRATION_max,1269.675889968872,124
7,f101_nyg_middle_DAYS_TERMINATION_s_app_DAYS_EMPLOYED_mean,908.036114692688,83
7,f101_nyg_middle_DAYS_TERMINATION_s_app_DAYS_REGISTRATION_std,0.0,0
7,f101_nyg_middle_DAYS_TERMINATION_s_app_DAYS_LAST_PHONE_CHANGE_mean,2091.552647590637,182
7,f101_nyg_middle_DAYS_TERMINATION_s_app_DAYS_REGISTRATION_min,1098.0283517837524,108
7,f101_nyg_middle_HOUR_APPR_PROCESS_START_max,2725.240002155304,243
7,f101_nyg_middle_HOUR_APPR_PROCESS_START_mean,5723.922204613686,439
7,f101_nyg_middle_NAME_CASH_LOAN_PURPOSE_Other_sum,26.321239471435547,3
7,f101_nyg_middle_NAME_CASH_LOAN_PURPOSE_Other_mean,220.02332019805908,22
7,f101_nyg_middle_NAME_CASH_LOAN_PURPOSE_Repairs_sum,19.137100219726562,2
7,f101_nyg_middle_NAME_CLIENT_TYPE_New_sum,510.6230893135071,30
7,f101_nyg_middle_NAME_CASH_LOAN_PURPOSE_Urgent_needs_sum,9.910429954528809,1
7,f101_nyg_middle_NAME_CASH_LOAN_PURPOSE_Repairs_mean,82.59328126907349,7
7,f101_nyg_middle_NAME_CASH_LOAN_PURPOSE_Urgent_needs_mean,110.06241035461426,12
7,f101_nyg_middle_NAME_CONTRACT_STATUS_Refused_mean,271.8912773132324,19
7,f101_nyg_middle_NAME_CLIENT_TYPE_New_mean,3344.525125026703,177
7,f101_nyg_middle_NAME_CONTRACT_STATUS_Refused_sum,161.48576879501343,15
7,f101_nyg_middle_NAME_CONTRACT_STATUS_Approved_mean,342.68881368637085,20
7,f101_nyg_middle_NAME_CONTRACT_STATUS_Approved_sum,38.87036895751953,4
7,f101_nyg_middle_NAME_GOODS_CATEGORY_Furniture_mean,280.7698287963867,29
7,f101_nyg_middle_NAME_GOODS_CATEGORY_Furniture_sum,56.92504024505615,7
7,f101_nyg_middle_PRODUCT_COMBINATION_POS_industry_with_interest_sum,103.23122024536133,11
7,f101_nyg_middle_PRODUCT_COMBINATION_POS_industry_with_interest_mean,597.9310688972473,60
7,f101_nyg_middle_NAME_PRODUCT_TYPE_walk_in_mean,528.4597816467285,45
7,f101_nyg_middle_NAME_PRODUCT_TYPE_walk_in_sum,127.17035007476807,10
7,f101_nyg_middle_RATE_DOWN_PAYMENT_mean,884.5747122764587,74
7,f101_nyg_middle_RATE_INTEREST_PRIMARY_std_div_mean,0.0,0
7,f101_nyg_middle_RATE_INTEREST_PRIMARY_std,0.0,0
7,f101_nyg_middle_RATE_INTEREST_PRIVILEGED_std,0.0,0
7,f101_nyg_middle_RATE_DOWN_PAYMENT_max,847.3257694244385,73
7,f101_nyg_middle_RATE_INTEREST_PRIVILEGED_max,123.85653018951416,15
7,f101_nyg_middle_RATE_INTEREST_PRIVILEGED_std_div_mean,0.0,0
7,f101_nyg_middle_RATE_INTEREST_PRIVILEGED_min,95.89811944961548,11
7,f101_nyg_middle_RATE_INTEREST_PRIVILEGED_max_div_min,44.41567039489746,4
7,f101_nyg_middle_RATE_INTEREST_PRIVILEGED_mean,113.97000980377197,12
7,f101_nyg_middle_RATE_DOWN_PAYMENT_std_div_mean,590.2511696815491,58
7,f101_nyg_middle_RATE_DOWN_PAYMENT_std,716.9123687744141,69
7,f101_nyg_middle_active_mean,210.65403938293457,18
7,f101_nyg_middle_active_max,0.0,0
7,f101_nyg_middle_RATE_DOWN_PAYMENT_min,299.6068983078003,31
7,f101_nyg_middle_active_std_div_mean,371.56709337234497,35
7,f101_nyg_middle_active_std,276.13841104507446,26
7,f101_nyg_middle_amt_unpaid_max,787.9299359321594,69
7,f101_nyg_middle_active_sum,146.75084924697876,12
7,f101_nyg_middle_amt_unpaid_std_div_mean,408.93099451065063,43
7,f101_nyg_middle_cnt_paid_min,1336.9209699630737,122
7,f101_nyg_middle_amt_unpaid_std,1246.096809387207,98
7,f101_nyg_middle_amt_unpaid_sum,667.2131896018982,51
7,f101_nyg_middle_amt_unpaid_mean,764.3010020256042,63
7,f101_nyg_middle_cnt_paid_ratio_std_div_mean,554.613543510437,47
7,f101_nyg_middle_cnt_paid_ratio_std,610.3681168556213,55
7,f101_nyg_middle_cnt_paid_std,1166.458468914032,114
7,f101_nyg_middle_cnt_unpaid_std_div_mean,484.9284133911133,52
7,f101_nyg_middle_cnt_paid_ratio_mean,1233.3129987716675,103
7,f101_nyg_middle_cnt_unpaid_std,1324.0087566375732,81
7,f101_nyg_middle_cnt_paid_ratio_max,562.1254601478577,49
7,f101_nyg_middle_cnt_paid_ratio_min,1238.9623007774353,96
7,f101_nyg_middle_amt_unpaid_min,386.0465874671936,35
7,f101_nyg_middle_cnt_unpaid_sum,1258.9618496894836,81
7,f101_nyg_middle_completed_max,0.0,0
7,f101_nyg_middle_completed_mean,369.7321982383728,22
7,f101_nyg_middle_cnt_unpaid_max,578.3953084945679,43
7,f101_nyg_middle_cnt_unpaid_min,187.7289891242981,19
7,f101_nyg_middle_cnt_unpaid_mean,741.5195393562317,61
7,f101_nyg_middle_interest_rate_diff_std,2056.5575289726257,204
7,f101_nyg_middle_completed_std_div_mean,912.1844549179077,46
7,f101_nyg_middle_interest_rate_diff_mean,3666.018352985382,309
7,f101_nyg_middle_completed_min,5.995140075683594,1
7,f101_nyg_middle_interest_rate_diff_max,4470.40300488472,405
7,f101_nyg_middle_interest_rate_diff_min,2897.406699180603,261
7,f101_nyg_middle_completed_sum,140.1803798675537,13
7,f101_nyg_middle_total_debt_diff_std,1333.380440711975,128
7,f101_nyg_middle_total_debt_pctchange_std,1551.4694566726685,150
7,f101_nyg_middle_interest_rate_pctchange_min,2698.1222898960114,253
7,f101_nyg_middle_total_debt_pctchange_std_div_mean,1512.2611265182495,146
7,f101_nyg_middle_total_debt_std,1522.6556038856506,141
7,f101_nyg_middle_total_debt_max,1335.987932920456,123
7,f101_refused_AMT_ANNUITY_d_app_AMT_ANNUITY_std_div_mean,1820.7884364128113,169
7,f101_refused_AMT_ANNUITY_d_app_AMT_ANNUITY_pctchange_max,1830.811707019806,130
7,f101_nyg_middle_total_debt_min,2262.1747475862503,198
7,f101_nyg_middle_total_debt_mean,1555.8320155143738,139
7,f101_nyg_middle_total_debt_diff_max,3114.8893694877625,283
7,f101_nyg_middle_total_debt_pctchange_max,3474.566164493561,328
7,f101_refused_AMT_ANNUITY_d_app_AMT_ANNUITY_mean,2012.0268378257751,192
7,f101_refused_AMT_ANNUITY_d_app_AMT_ANNUITY_pctchange_std,1481.705768108368,143
7,f101_refused_AMT_ANNUITY_d_app_AMT_ANNUITY_min,1853.8899669647217,177
7,f101_refused_AMT_ANNUITY_d_app_AMT_ANNUITY_max_div_min,372.7364001274109,36
7,f101_refused_AMT_ANNUITY_d_app_AMT_CREDIT_max_div_min,311.8614387512207,26
7,f101_refused_AMT_ANNUITY_d_app_AMT_GOODS_PRICE_pctchange_std,592.0154094696045,55
7,f101_refused_AMT_ANNUITY_d_app_AMT_CREDIT_std_div_mean,571.1714520454407,60
7,f101_refused_AMT_ANNUITY_d_app_AMT_CREDIT_pctchange_max,1419.5260801315308,118
7,f101_refused_AMT_ANNUITY_d_app_AMT_CREDIT_min,2279.789731502533,210
7,f101_refused_AMT_ANNUITY_d_app_AMT_CREDIT_pctchange_std,391.3157272338867,40
7,f101_refused_AMT_ANNUITY_d_app_AMT_GOODS_PRICE_min,2108.5885977745056,206
7,f101_refused_AMT_ANNUITY_d_app_AMT_GOODS_PRICE_pctchange_max,2207.5591831207275,153
7,f101_refused_AMT_ANNUITY_d_app_AMT_GOODS_PRICE_std_div_mean,335.0293583869934,33
7,f101_refused_AMT_ANNUITY_d_app_AMT_INCOME_TOTAL_diff_max,865.1535501480103,85
7,f101_refused_AMT_ANNUITY_d_app_AMT_GOODS_PRICE_max_div_min,389.61679124832153,35
7,f101_refused_AMT_ANNUITY_d_app_AMT_INCOME_TOTAL_pctchange_std,58.909250259399414,7
7,f101_refused_AMT_ANNUITY_d_app_AMT_INCOME_TOTAL_max_div_min,244.32686805725098,22
7,f101_refused_AMT_ANNUITY_m_app_AMT_GOODS_PRICE_d_app_AMT_INCOME_TOTAL_pctchange_std_div_mean,1139.5133700370789,114
7,f101_refused_AMT_ANNUITY_m_app_AMT_GOODS_PRICE_d_app_AMT_INCOME_TOTAL_diff_max,1052.1802248954773,99
7,f101_refused_AMT_ANNUITY_d_app_AMT_INCOME_TOTAL_std_div_mean,93.45911979675293,12
7,f101_refused_AMT_ANNUITY_d_app_AMT_INCOME_TOTAL_pctchange_max,1209.5975279808044,99
7,f101_refused_AMT_ANNUITY_m_app_AMT_GOODS_PRICE_d_app_AMT_INCOME_TOTAL_max_div_min,781.3838105201721,75
7,f101_refused_AMT_ANNUITY_min,2447.3029346466064,233
7,f101_refused_AMT_ANNUITY_max_div_min,278.6161308288574,26
7,f101_refused_AMT_ANNUITY_s_app_AMT_ANNUITY_d_app_AMT_INCOME_TOTAL_min,4340.7339816093445,262
7,f101_refused_AMT_ANNUITY_s_app_AMT_ANNUITY_d_app_AMT_INCOME_TOTAL_diff_max,887.4355700016022,83
7,f101_refused_AMT_ANNUITY_s_app_AMT_ANNUITY_d_app_AMT_INCOME_TOTAL_mean,3229.5808787345886,267
7,f101_refused_AMT_ANNUITY_s_app_AMT_ANNUITY_min,3682.0526962280273,263
7,f101_refused_AMT_ANNUITY_s_app_AMT_CREDIT_d_app_AMT_INCOME_TOTAL_diff_max,914.0264995098114,87
7,f101_refused_AMT_ANNUITY_s_app_AMT_CREDIT_mean,3094.7283930778503,196
7,f101_refused_AMT_ANNUITY_s_app_AMT_CREDIT_d_app_AMT_INCOME_TOTAL_pctchange_std_div_mean,907.350191116333,93
7,f101_refused_AMT_ANNUITY_s_app_AMT_CREDIT_pctchange_std_div_mean,278.5662474632263,31
7,f101_refused_AMT_ANNUITY_s_app_AMT_CREDIT_d_app_AMT_INCOME_TOTAL_pctchange_min,1553.6587076187134,146
7,f101_refused_AMT_ANNUITY_s_app_AMT_CREDIT_max,2546.018264770508,174
7,f101_refused_AMT_ANNUITY_s_app_AMT_CREDIT_min,3027.8957941532135,186
7,f101_refused_AMT_ANNUITY_s_app_AMT_GOODS_PRICE_max_div_min,751.9031791687012,73
7,f101_refused_AMT_ANNUITY_s_app_AMT_GOODS_PRICE_min,4987.368721008301,213
7,f101_refused_AMT_ANNUITY_s_app_AMT_CREDIT_pctchange_min,1523.2935371398926,145
7,f101_refused_AMT_ANNUITY_s_app_AMT_GOODS_PRICE_pctchange_std_div_mean,399.5570731163025,41
7,f101_refused_AMT_ANNUITY_s_app_AMT_GOODS_PRICE_max,5869.0189752578735,211
7,f101_refused_AMT_ANNUITY_s_app_AMT_GOODS_PRICE_mean,4909.680123329163,242
7,f101_refused_AMT_ANNUITY_s_app_AMT_INCOME_TOTAL_max_div_min,1058.1984808444977,107
7,f101_refused_AMT_APPLICATION_d_app_AMT_ANNUITY_diff_std_div_mean,1544.1580982208252,138
7,f101_refused_AMT_APPLICATION_d_app_AMT_ANNUITY_max_div_min,772.395092010498,32
7,f101_refused_AMT_APPLICATION_d_app_AMT_ANNUITY_min,3239.459909439087,257
7,f101_refused_AMT_ANNUITY_std_div_mean,14.325799942016602,2
7,f101_refused_AMT_APPLICATION_d_app_AMT_ANNUITY_std_div_mean,2593.7339582443237,149
7,f101_refused_AMT_APPLICATION_d_app_AMT_CREDIT_std_div_mean,511.0553903579712,40
7,f101_refused_AMT_APPLICATION_d_app_AMT_CREDIT_min,2379.4960975646973,210
7,f101_refused_AMT_APPLICATION_d_app_AMT_CREDIT_max_div_min,446.367130279541,35
7,f101_refused_AMT_APPLICATION_d_app_AMT_GOODS_PRICE_std_div_mean,804.2481255531311,70
7,f101_refused_AMT_APPLICATION_d_app_AMT_GOODS_PRICE_max_div_min,692.4923295974731,60
7,f101_refused_AMT_APPLICATION_d_app_AMT_GOODS_PRICE_min,2876.9844986200333,266
7,f101_refused_AMT_APPLICATION_d_app_AMT_INCOME_TOTAL_std,2638.4563794136047,172
7,f101_refused_AMT_APPLICATION_m_app_AMT_GOODS_PRICE_d_app_AMT_INCOME_TOTAL_pctchange_std_div_mean,2164.411705493927,204
7,f101_refused_AMT_APPLICATION_d_app_AMT_INCOME_TOTAL_std_div_mean,551.1248326301575,17
7,f101_refused_AMT_APPLICATION_min,3216.0167322158813,265
7,f101_refused_AMT_APPLICATION_m_app_AMT_GOODS_PRICE_d_app_AMT_INCOME_TOTAL_pctchange_std,2486.614182472229,257
7,f101_refused_AMT_APPLICATION_d_app_AMT_INCOME_TOTAL_max_div_min,415.28641843795776,38
7,f101_refused_AMT_APPLICATION_m_app_AMT_GOODS_PRICE_d_app_AMT_INCOME_TOTAL_std,1303.763659477234,112
7,f101_refused_AMT_APPLICATION_s_app_AMT_ANNUITY_d_app_AMT_INCOME_TOTAL_diff_std_div_mean,1059.7283601760864,103
7,f101_refused_AMT_APPLICATION_max_div_min,433.68909978866577,30
8,f101_refused_AMT_CREDIT_d_AMT_ANNUITY_diff_min,5108.164446115494,590
8,f101_refused_AMT_CREDIT_d_AMT_ANNUITY_pctchange_min,5356.715078830719,609
8,f101_refused_AMT_APPLICATION_s_app_AMT_CREDIT_pctchange_std,1635.4639377593994,191
8,f101_refused_AMT_APPLICATION_s_app_AMT_GOODS_PRICE_pctchange_std_div_mean,2193.7290391921997,264
8,f101_refused_AMT_APPLICATION_s_app_AMT_ANNUITY_d_app_AMT_INCOME_TOTAL_std,1566.7176476716995,176
8,f101_refused_AMT_APPLICATION_s_app_AMT_CREDIT_d_app_AMT_INCOME_TOTAL_pctchange_std,477.0920271873474,50
8,f101_refused_AMT_CREDIT_d_AMT_APPLICATION_diff_std,3174.8674626350403,367
8,f101_refused_AMT_APPLICATION_s_app_AMT_CREDIT_d_app_AMT_INCOME_TOTAL_std,791.3234508037567,88
8,f101_refused_AMT_APPLICATION_s_app_AMT_GOODS_PRICE_pctchange_std,1743.9327549934387,202
8,f101_refused_AMT_APPLICATION_s_app_AMT_INCOME_TOTAL_min,3610.4428176879883,420
8,f101_refused_AMT_APPLICATION_s_app_AMT_ANNUITY_min,3923.5152440071106,409
8,f101_refused_AMT_APPLICATION_std_div_mean,1481.1605217456818,159
8,f101_refused_AMT_CREDIT_d_AMT_APPLICATION_std_div_mean,2351.111859560013,274
8,f101_refused_AMT_CREDIT_d_AMT_APPLICATION_max_div_min,929.2429530620575,109
8,f101_refused_AMT_CREDIT_d_AMT_APPLICATION_pctchange_max,4413.2427661418915,520
8,f101_refused_AMT_CREDIT_d_AMT_APPLICATION_min,2274.365091085434,258
8,f101_refused_AMT_CREDIT_d_AMT_APPLICATION_max,3388.505754470825,255
8,f101_refused_AMT_CREDIT_d_AMT_APPLICATION_mean,3193.539786338806,306
8,f101_refused_AMT_CREDIT_d_AMT_APPLICATION_std,1906.1909868717194,218
8,f101_refused_AMT_CREDIT_d_app_AMT_ANNUITY_max_div_min,351.0199294090271,36
8,f101_refused_AMT_CREDIT_d_AMT_APPLICATION_diff_max,4215.787931680679,504
8,f101_refused_AMT_CREDIT_d_app_AMT_ANNUITY_pctchange_std_div_mean,2602.221163749695,302
8,f101_refused_AMT_CREDIT_d_app_AMT_ANNUITY_min,4852.6852951049805,500
8,f101_refused_AMT_CREDIT_d_app_AMT_CREDIT_max_div_min,313.344699382782,34
8,f101_refused_AMT_CREDIT_d_app_AMT_ANNUITY_std_div_mean,1384.6215813159943,165
8,f101_refused_AMT_CREDIT_d_app_AMT_GOODS_PRICE_std_div_mean,969.7827899456024,106
8,f101_refused_AMT_CREDIT_d_app_AMT_INCOME_TOTAL_max_div_min,280.0596971511841,29
8,f101_refused_AMT_CREDIT_d_app_AMT_CREDIT_std_div_mean,325.5037031173706,37
8,f101_refused_AMT_CREDIT_d_app_AMT_CREDIT_pctchange_std_div_mean,950.7868704795837,117
8,f101_refused_AMT_CREDIT_d_app_AMT_GOODS_PRICE_max_div_min,746.2219071388245,79
8,f101_refused_AMT_CREDIT_d_total_debt_diff_std,2043.2469112873077,240
8,f101_refused_AMT_CREDIT_d_app_AMT_GOODS_PRICE_pctchange_std_div_mean,1190.4141829013824,145
8,f101_refused_AMT_CREDIT_d_app_AMT_INCOME_TOTAL_diff_max,2427.295087814331,274
8,f101_refused_AMT_CREDIT_d_app_AMT_INCOME_TOTAL_pctchange_std_div_mean,207.45814085006714,26
8,f101_refused_AMT_CREDIT_d_app_AMT_INCOME_TOTAL_std,1911.7744476795197,216
8,f101_refused_AMT_CREDIT_d_app_AMT_INCOME_TOTAL_max,4009.2110466957092,455
8,f101_refused_AMT_CREDIT_d_total_debt_pctchange_std,2329.8850429058075,273
8,f101_refused_AMT_CREDIT_d_app_AMT_INCOME_TOTAL_std_div_mean,148.3248896598816,17
8,f101_refused_AMT_CREDIT_d_total_debt_diff_min,3652.4755911827087,410
8,f101_refused_AMT_CREDIT_d_total_debt_diff_mean,4499.571594715118,519
8,f101_refused_AMT_CREDIT_d_total_debt_pctchange_min,3417.870110630989,376
8,f101_refused_AMT_CREDIT_d_total_debt_max,5677.754966974258,591
8,f101_refused_AMT_CREDIT_m_app_AMT_GOODS_PRICE_d_app_AMT_INCOME_TOTAL_max,4672.174256563187,542
8,f101_refused_AMT_CREDIT_d_total_debt_max_div_min,1719.5482454299927,205
8,f101_refused_AMT_CREDIT_d_total_debt_mean,4523.983072519302,423
8,f101_refused_AMT_CREDIT_d_total_debt_std,2213.581585407257,260
8,f101_refused_AMT_CREDIT_d_total_debt_std_div_mean,2092.1737508773804,250
8,f101_refused_AMT_CREDIT_d_total_debt_min,7930.169774532318,463
8,f101_refused_AMT_CREDIT_m_app_AMT_GOODS_PRICE_d_app_AMT_INCOME_TOTAL_std,879.5460300445557,95
8,f101_refused_AMT_CREDIT_m_app_AMT_GOODS_PRICE_d_app_AMT_INCOME_TOTAL_diff_max,3117.33536529541,345
8,f101_refused_AMT_CREDIT_m_app_AMT_GOODS_PRICE_d_app_AMT_INCOME_TOTAL_pctchange_std,2374.081536054611,276
8,f101_refused_AMT_CREDIT_s_app_AMT_ANNUITY_d_app_AMT_INCOME_TOTAL_diff_max,2494.1500220298767,271
8,f101_refused_AMT_CREDIT_max_div_min,364.14365005493164,40
8,f101_refused_AMT_CREDIT_s_app_AMT_ANNUITY_d_app_AMT_INCOME_TOTAL_max,3591.4502177238464,400
8,f101_refused_AMT_CREDIT_s_app_AMT_ANNUITY_d_app_AMT_INCOME_TOTAL_std,472.6945185661316,57
8,f101_refused_AMT_CREDIT_min,2986.7560362815857,351
8,f101_refused_AMT_CREDIT_s_app_AMT_ANNUITY_min,2632.973352909088,289
8,f101_refused_AMT_CREDIT_s_app_AMT_CREDIT_d_app_AMT_INCOME_TOTAL_std,111.21549081802368,14
8,f101_refused_AMT_CREDIT_s_app_AMT_CREDIT_d_app_AMT_INCOME_TOTAL_pctchange_std,2049.15353679657,232
8,f101_refused_AMT_CREDIT_s_app_AMT_CREDIT_d_app_AMT_INCOME_TOTAL_diff_max,2634.929044008255,281
8,f101_refused_AMT_CREDIT_s_app_AMT_CREDIT_pctchange_std,754.6067612171173,89
8,f101_refused_AMT_CREDIT_s_app_AMT_GOODS_PRICE_pctchange_std,754.0679512023926,85
8,f101_refused_AMT_CREDIT_s_app_AMT_GOODS_PRICE_max,4930.393803596497,515
8,f101_refused_AMT_CREDIT_s_app_AMT_CREDIT_max,5161.489265203476,546
8,f101_refused_AMT_DOWN_PAYMENT_d_AMT_GOODS_PRICE_std_div_mean,709.022162437439,90
8,f101_refused_AMT_CREDIT_std_div_mean,136.98696947097778,15
8,f101_refused_AMT_DOWN_PAYMENT_d_AMT_GOODS_PRICE_diff_std,1681.2766165733337,198
8,f101_refused_AMT_DOWN_PAYMENT_d_AMT_GOODS_PRICE_min,432.6012487411499,58
8,f101_refused_AMT_DOWN_PAYMENT_d_AMT_GOODS_PRICE_mean,688.1224131584167,78
8,f101_refused_AMT_DOWN_PAYMENT_d_AMT_GOODS_PRICE_max,632.5041518211365,71
8,f101_refused_AMT_DOWN_PAYMENT_std_div_mean,514.2092297077179,69
8,f101_refused_AMT_DOWN_PAYMENT_d_AMT_GOODS_PRICE_std,636.5862307548523,77
8,f101_refused_AMT_GOODS_PRICE_d_AMT_ANNUITY_diff_min,5560.201532840729,650
8,f101_refused_AMT_GOODS_PRICE_d_AMT_CREDIT_mean,2566.9082713127136,268
8,f101_refused_AMT_GOODS_PRICE_d_AMT_CREDIT_max,1901.210194349289,202
8,f101_refused_AMT_GOODS_PRICE_d_AMT_ANNUITY_max_div_min,3426.2946166992188,384
8,f101_refused_AMT_GOODS_PRICE_d_AMT_CREDIT_min,2364.169253349304,261
8,f101_refused_AMT_GOODS_PRICE_d_AMT_CREDIT_max_div_min,1520.7741389274597,164
8,f101_refused_AMT_GOODS_PRICE_d_app_AMT_ANNUITY_diff_std,2767.9895219802856,314
8,f101_refused_AMT_GOODS_PRICE_d_app_AMT_ANNUITY_std_div_mean,1396.7915692329407,158
8,f101_refused_AMT_GOODS_PRICE_d_app_AMT_ANNUITY_min,5268.567433357239,554
8,f101_refused_AMT_GOODS_PRICE_d_app_AMT_GOODS_PRICE_max_div_min,882.2687969207764,82
8,f101_refused_AMT_GOODS_PRICE_d_app_AMT_ANNUITY_max_div_min,347.5061683654785,38
8,f101_refused_AMT_GOODS_PRICE_d_app_AMT_CREDIT_max_div_min,447.743221282959,48
8,f101_refused_AMT_GOODS_PRICE_d_app_AMT_CREDIT_min,4689.841430187225,524
8,f101_refused_AMT_GOODS_PRICE_d_app_AMT_GOODS_PRICE_std_div_mean,786.7368583679199,90
8,f101_refused_AMT_GOODS_PRICE_d_total_debt_pctchange_std,2877.737528324127,334
8,f101_refused_AMT_GOODS_PRICE_d_app_AMT_INCOME_TOTAL_std_div_mean,219.16796016693115,28
8,f101_refused_AMT_GOODS_PRICE_d_app_AMT_INCOME_TOTAL_max_div_min,390.77759170532227,41
8,f101_refused_AMT_GOODS_PRICE_d_total_debt_min,9004.08107328415,488
8,f101_refused_AMT_GOODS_PRICE_d_app_AMT_CREDIT_std_div_mean,114.99478960037231,15
8,f101_refused_AMT_GOODS_PRICE_d_total_debt_std_div_mean,2564.0060935020447,299
8,f101_refused_AMT_GOODS_PRICE_d_total_debt_mean,7615.403812766075,464
8,f101_refused_AMT_GOODS_PRICE_d_total_debt_diff_min,4347.615961074829,492
8,f101_refused_AMT_GOODS_PRICE_d_total_debt_max_div_min,1959.0872812271118,215
8,f101_refused_AMT_GOODS_PRICE_d_total_debt_pctchange_min,3257.1148025989532,369
8,f101_refused_AMT_GOODS_PRICE_d_total_debt_max,6245.400880098343,567
8,f101_refused_AMT_GOODS_PRICE_m_app_AMT_GOODS_PRICE_d_app_AMT_INCOME_TOTAL_pctchange_std_div_mean,2210.1685287952423,264
8,f101_refused_AMT_GOODS_PRICE_max_div_min,417.9888300895691,48
8,f101_refused_AMT_GOODS_PRICE_min,2688.5777504444122,313
8,f101_refused_AMT_GOODS_PRICE_m_app_AMT_GOODS_PRICE_d_app_AMT_INCOME_TOTAL_pctchange_std,1566.494329214096,193
8,f101_refused_AMT_GOODS_PRICE_s_app_AMT_CREDIT_d_app_AMT_INCOME_TOTAL_pctchange_std,1492.9154796600342,173
8,f101_refused_AMT_GOODS_PRICE_s_app_AMT_ANNUITY_min,2105.395697593689,246
8,f101_refused_AMT_GOODS_PRICE_s_app_AMT_CREDIT_pctchange_std,545.3002398014069,66
8,f101_refused_AMT_GOODS_PRICE_s_app_AMT_GOODS_PRICE_pctchange_std,600.3977093696594,60
8,f101_refused_AMT_GOODS_PRICE_s_app_AMT_GOODS_PRICE_max,5491.599335312843,580
8,f101_refused_AMT_GOODS_PRICE_s_app_AMT_GOODS_PRICE_pctchange_std_div_mean,685.38205909729,77
8,f101_refused_AMT_GOODS_PRICE_s_app_AMT_INCOME_TOTAL_min,3479.866961956024,387
8,f101_refused_AMT_GOODS_PRICE_std_div_mean,370.64805793762207,42
8,f101_refused_CNT_PAYMENT_max,854.7981290817261,92
8,f101_refused_CHANNEL_TYPE_Contact_center_sum,421.75557017326355,44
8,f101_refused_CHANNEL_TYPE_AP+_(Cash_loan)_mean,1449.653582572937,115
8,f101_refused_CNT_PAYMENT_mean,2118.605528354645,243
8,f101_refused_CHANNEL_TYPE_Credit_and_cash_offices_sum,720.4345626831055,81
8,f101_refused_CHANNEL_TYPE_AP+_(Cash_loan)_sum,1034.4099769592285,69
8,f101_refused_CNT_PAYMENT_min,993.9093599319458,108
8,f101_refused_CODE_REJECT_REASON_SCOFR_sum,1149.342511177063,44
8,f101_refused_CODE_REJECT_REASON_LIMIT_sum,1704.8460431098938,164
8,f101_refused_CODE_REJECT_REASON_HC_sum,810.855010509491,93
8,f101_refused_CODE_REJECT_REASON_SCOFR_mean,3087.533401966095,113
8,f101_refused_CODE_REJECT_REASON_SCO_mean,941.5382723808289,103
8,f101_refused_DAYS_DECISION_d_app_DAYS_EMPLOYED_std_div_mean,3025.635308265686,254
8,f101_refused_DAYS_DECISION_d_app_DAYS_BIRTH_std_div_mean,2122.280219078064,230
8,f101_refused_DAYS_DECISION_d_app_DAYS_ID_PUBLISH_std_div_mean,820.3842482566833,76
8,f101_refused_DAYS_DECISION_d_app_DAYS_BIRTH_min,6914.377372264862,669
8,f101_refused_DAYS_DECISION_d_app_DAYS_BIRTH_mean,7558.61762547493,663
8,f101_refused_DAYS_DECISION_d_app_DAYS_BIRTH_max,6871.284938573837,672
8,f101_refused_DAYS_DECISION_d_app_DAYS_REGISTRATION_std_div_mean,798.7518291473389,87
8,f101_refused_DAYS_DECISION_s_app_DAYS_BIRTH_min,7423.543303966522,491
8,f101_refused_DAYS_DECISION_s_app_DAYS_BIRTH_max,10112.995167016983,646
8,f101_refused_DAYS_DECISION_d_app_DAYS_LAST_PHONE_CHANGE_std_div_mean,4377.813822746277,476
8,f101_refused_DAYS_DECISION_s_app_DAYS_BIRTH_mean,8590.404379606247,489
8,f101_refused_DAYS_DECISION_s_app_DAYS_EMPLOYED_std_div_mean,3264.8769845962524,347
8,f101_refused_DAYS_DECISION_s_app_DAYS_ID_PUBLISH_min,5133.564601182938,556
8,f101_refused_DAYS_DECISION_s_app_DAYS_ID_PUBLISH_max,5814.126387357712,597
8,f101_refused_DAYS_DECISION_s_app_DAYS_ID_PUBLISH_mean,4949.4023001194,551
8,f101_refused_DAYS_DECISION_s_app_DAYS_EMPLOYED_max,8154.538394212723,686
8,f101_refused_DAYS_DECISION_s_app_DAYS_EMPLOYED_mean,5339.940836429596,513
8,f101_refused_DAYS_DECISION_s_app_DAYS_EMPLOYED_min,5423.141968250275,529
8,f101_refused_HOUR_APPR_PROCESS_START_mean,5991.525147438049,606
8,f101_refused_HOUR_APPR_PROCESS_START_std,2920.728167295456,340
8,f101_refused_DAYS_DECISION_s_app_DAYS_REGISTRATION_min,4347.698942661285,510
8,f101_refused_DAYS_DECISION_s_app_DAYS_REGISTRATION_max,5094.754273891449,588
8,f101_refused_FLAG_LAST_APPL_PER_CONTRACT_max,59.620320320129395,8
8,f101_refused_DAYS_DECISION_s_app_DAYS_REGISTRATION_mean,4321.842666864395,495
8,f101_refused_HOUR_APPR_PROCESS_START_max_div_min,1950.4915895462036,197
8,f101_refused_HOUR_APPR_PROCESS_START_std_div_mean,3728.5963320732117,395
8,f101_refused_NAME_CASH_LOAN_PURPOSE_Other_mean,349.36403131484985,45
8,f101_refused_HOUR_APPR_PROCESS_START_min,3976.885710477829,348
8,f101_refused_NAME_CASH_LOAN_PURPOSE_Urgent_needs_mean,255.15657997131348,37
8,f101_refused_NAME_CASH_LOAN_PURPOSE_Repairs_sum,320.74807024002075,36
8,f101_refused_NAME_CASH_LOAN_PURPOSE_XAP_mean,516.0033721923828,47
8,f101_refused_NAME_CASH_LOAN_PURPOSE_Other_sum,51.465919971466064,6
8,f101_refused_NAME_CASH_LOAN_PURPOSE_XNA_sum,487.5630621910095,56
8,f101_refused_NAME_CASH_LOAN_PURPOSE_Urgent_needs_sum,25.750659704208374,5
8,f101_refused_NAME_CASH_LOAN_PURPOSE_XAP_sum,338.0532298088074,39
8,f101_refused_NAME_CONTRACT_STATUS_Refused_sum,257.77629232406616,32
8,f101_refused_NAME_CLIENT_TYPE_Repeater_sum,629.841509103775,77
8,f101_refused_NAME_GOODS_CATEGORY_XNA_mean,668.8544805049896,67
8,f101_refused_NAME_CONTRACT_TYPE_Cash_loans_mean,641.3326125144958,57
8,f101_refused_NAME_CONTRACT_TYPE_Cash_loans_sum,286.08199977874756,33
8,f101_refused_NAME_CONTRACT_TYPE_Revolving_loans_sum,234.82929182052612,28
8,f101_refused_NAME_CONTRACT_TYPE_Consumer_loans_mean,390.1954092979431,37
8,f101_refused_NAME_GOODS_CATEGORY_XNA_sum,391.3035373687744,48
8,f101_refused_NAME_PORTFOLIO_Cards_sum,152.1613688468933,21
8,f101_refused_NAME_PAYMENT_TYPE_Cash_through_the_bank_mean,1560.910765171051,123
8,f101_refused_NAME_PAYMENT_TYPE_Cash_through_the_bank_sum,450.1538414955139,52
8,f101_refused_NAME_PAYMENT_TYPE_XNA_mean,1198.449696779251,104
8,f101_refused_NAME_PRODUCT_TYPE_XNA_sum,1107.2212085723877,88
8,f101_refused_NAME_PORTFOLIO_XNA_mean,660.1314616203308,61
8,f101_refused_NAME_PORTFOLIO_XNA_sum,381.8769202232361,40
8,f101_refused_NAME_PRODUCT_TYPE_walk_in_mean,1164.1815757751465,124
8,f101_refused_NAME_PORTFOLIO_POS_mean,702.5848047733307,66
8,f101_refused_NAME_PAYMENT_TYPE_XNA_sum,422.8928828239441,48
8,f101_refused_NAME_PORTFOLIO_Cash_sum,224.0743489265442,27
8,f101_refused_NAME_SELLER_INDUSTRY_XNA_mean,1228.2518181800842,119
8,f101_refused_NAME_PRODUCT_TYPE_x_sell_mean,1234.6660706996918,131
8,f101_refused_NAME_SELLER_INDUSTRY_Consumer_electronics_mean,821.8279714584351,100
8,f101_refused_NAME_SELLER_INDUSTRY_Connectivity_sum,1036.5776329040527,97
8,f101_refused_NAME_PRODUCT_TYPE_walk_in_sum,299.6500496864319,37
8,f101_refused_NAME_TYPE_SUITE_Unaccompanied_sum,1241.6275057792664,144
8,f101_refused_NAME_SELLER_INDUSTRY_XNA_sum,356.85245180130005,44
8,f101_refused_NFLAG_LAST_APPL_IN_DAY_max,163.7929391860962,24
8,f101_refused_NAME_TYPE_SUITE_Family_mean,1286.80699634552,146
8,f101_refused_NAME_YIELD_GROUP_high_mean,854.5574028491974,91
8,f101_refused_NAME_YIELD_GROUP_XNA_sum,451.71811056137085,36
8,f101_refused_NAME_YIELD_GROUP_high_sum,488.0681290626526,59
8,f101_refused_PREV_COUNT,111.13453006744385,13
8,f101_refused_NAME_YIELD_GROUP_low_normal_mean,903.8500409126282,97
8,f101_refused_NAME_YIELD_GROUP_middle_sum,476.3486111164093,56
8,f101_refused_NAME_YIELD_GROUP_low_action_mean,294.4765009880066,40
8,f101_refused_PRODUCT_COMBINATION_Card_Street_sum,245.9257402420044,26
8,f101_refused_RATE_DOWN_PAYMENT_std_div_mean,433.0064492225647,57
8,f101_refused_RATE_DOWN_PAYMENT_std,624.950249671936,78
8,f101_refused_RATE_DOWN_PAYMENT_min,456.9772992134094,55
8,f101_refused_SELLERPLACE_AREA_std_div_mean,2758.5380392074585,275
8,f101_refused_RATE_DOWN_PAYMENT_max,726.4969511032104,85
8,f101_refused_PRODUCT_COMBINATION_Cash_sum,490.3885610103607,32
8,f101_refused_PRODUCT_COMBINATION_Cash_mean,1648.2931888103485,79
8,f101_refused_WEEKDAY_APPR_PROCESS_START_MONDAY_sum,691.7306399345398,85
8,f101_refused_WEEKDAY_APPR_PROCESS_START_FRIDAY_sum,697.2690567970276,87
8,f101_refused_WEEKDAY_APPR_PROCESS_START_WEDNESDAY_sum,568.4595293998718,74
8,f101_refused_RATE_DOWN_PAYMENT_mean,584.7215538024902,63
8,f101_refused_WEEKDAY_APPR_PROCESS_START_THURSDAY_sum,857.8028287887573,102
8,f101_refused_interest_rate_diff_std,5114.974472522736,584
8,f101_refused_interest_rate_diff_min,4979.8618050813675,568
8,f101_refused_interest_rate_diff_max,7112.33203625679,799
8,f101_refused_WEEKDAY_APPR_PROCESS_START_TUESDAY_sum,649.3834500312805,86
8,f101_refused_interest_rate_std_div_mean,2695.757095813751,299
8,f101_refused_interest_rate_std,2531.25559091568,298
8,f101_refused_interest_rate_max,3704.5636653900146,338
8,f101_refused_total_debt_std_div_mean,2482.512191295624,289
8,f101_refused_total_debt_std,2699.184050321579,308
8,f101_refused_total_debt_max_div_min,1737.7446899414062,197
