chunk,feature,importance_gain,importance_split
1,f001_AMT_ANNUITY-d-AMT_INCOME_TOTAL,12632.842234611511,1051
1,f001_AMT_CREDIT-d-CNT_CHILDREN,3960.5301699638367,336
1,f001_AMT_CREDIT-d-CNT_FAM_MEMBERS,6907.789286136627,580
1,f001_AMT_GOODS_PRICE-d-CNT_FAM_MEMBERS,5928.650476932526,493
1,f001_AMT_CREDIT-d-AMT_ANNUITY,25622.60861349106,1638
1,f001_AMT_GOODS_PRICE-d-AMT_CREDIT,13769.71598482132,711
1,f001_AMT_GOODS_PRICE-d-cnt_adults,5879.571706771851,488
1,f001_AMT_GOODS_PRICE-s-AMT_CREDIT,10217.327073097229,691
1,f001_AMT_GOODS_PRICE-d-AMT_ANNUITY,15604.635339736938,1018
1,f001_AMT_CREDIT,7755.576469898224,593
1,f001_AMT_GOODS_PRICE-s-AMT_CREDIT-d-AMT_INCOME_TOTAL,8704.521640777588,629
1,f001_AMT_GOODS_PRICE-d-CNT_CHILDREN,3096.240523815155,274
1,f001_AMT_INCOME_TOTAL_by_ORGANIZATION_TYPE,704.4724502563477,59
1,f001_CODE_GENDER,5775.50190448761,306
1,f001_AMT_GOODS_PRICE,8903.420098304749,649
1,f001_CNT_CHILDREN-d-CNT_FAM_MEMBERS,351.6406178474426,31
1,f001_APARTMENTS_AVG,2553.8194069862366,216
1,f001_APARTMENTS_MODE,3500.2735228538513,297
1,f001_APARTMENTS_MEDI,2006.4530482292175,177
1,f001_DAYS_BIRTH,4926.408534049988,371
1,f001_DAYS_EMPLOYED-s-DAYS_BIRTH-d-DAYS_ID_PUBLISH-s-DAYS_BIRTH,6583.212439060211,568
1,f001_DAYS_EMPLOYED-d-DAYS_BIRTH,8396.364130020142,619
1,f001_DAYS_ID_PUBLISH-s-DAYS_BIRTH,10619.144975662231,829
1,f001_DAYS_EMPLOYED,10835.323682785034,677
1,f001_DAYS_EMPLOYED-s-DAYS_BIRTH-d-DAYS_LAST_PHONE_CHANGE-s-DAYS_BIRTH,6985.079634189606,559
1,f001_DAYS_ID_PUBLISH,10817.684579372406,898
1,f001_DAYS_LAST_PHONE_CHANGE-s-DAYS_BIRTH,6916.175678253174,554
1,f001_DAYS_ID_PUBLISH-s-DAYS_EMPLOYED,5845.70615696907,515
1,f001_DAYS_LAST_PHONE_CHANGE,7341.641103744507,613
1,f001_DAYS_LAST_PHONE_CHANGE-d-DAYS_BIRTH,7453.999675750732,639
1,f001_DAYS_LAST_PHONE_CHANGE-s-DAYS_EMPLOYED,7201.443709373474,530
1,f001_DEF_30_CNT_SOCIAL_CIRCLE,1551.4714846611023,117
1,f001_DEF_60_CNT_SOCIAL_CIRCLE,822.6072731018066,65
1,f001_DAYS_LAST_PHONE_CHANGE-s-DAYS_REGISTRATION,7616.9791078567505,687
1,f001_DAYS_REGISTRATION-s-DAYS_BIRTH,7894.093817234039,671
1,f001_DAYS_REGISTRATION,8378.824180603027,727
1,f001_DEF_30_CNT_SOCIAL_CIRCLE-d-OBS_30_CNT_SOCIAL_CIRCLE,4062.034379005432,325
1,f001_DEF_60_CNT_SOCIAL_CIRCLE-d-OBS_60_CNT_SOCIAL_CIRCLE,3560.4351000785828,267
1,f001_ELEVATORS_AVG,917.7971205711365,81
1,f001_EXT_SOURCES_1-2,6799.649594783783,552
1,f001_ELEVATORS_MODE,574.9142594337463,50
1,f001_EXT_SOURCES_1-2-3,4489.8220953941345,399
1,f001_EXT_SOURCES_sum,35458.503311634064,841
1,f001_EXT_SOURCES_2-1-3,3877.9781646728516,303
1,f001_ELEVATORS_MEDI,442.6589012145996,38
1,f001_EXT_SOURCES_mean,121052.74585914612,1173
1,f001_EXT_SOURCE_3,28404.31488752365,1361
1,f001_EXT_SOURCE_2,23768.885327100754,1007
1,f001_FLAG_DOCUMENT_6,60.90673065185547,5
1,f001_EXT_SOURCE_1,9213.669444561005,712
1,f001_EXT_SOURCES_std,7870.648790359497,661
1,f001_EXT_SOURCES_prod,10322.276340007782,414
1,f001_EXT_SOURCES_2-3,13203.531173229218,973
1,f001_FLAG_EMP_PHONE,0.0,0
1,f001_FLAG_PHONE,858.4827780723572,81
1,f001_FLAG_DOCUMENT_3,1131.4844193458557,61
1,f001_FLAG_WORK_PHONE,2444.0229325294495,183
1,f001_LIVE_CITY_NOT_WORK_CITY,244.0772213935852,21
1,f001_FLOORSMAX_AVG,1124.4862279891968,93
1,f001_FLOORSMAX_MEDI,520.7127876281738,50
1,f001_FLOORSMIN_MODE,802.227548122406,76
1,f001_FLOORSMAX_MODE,492.24888610839844,41
1,f001_HOUR_APPR_PROCESS_START,3926.96319437027,354
1,f001_FLOORSMIN_MEDI,676.5252480506897,60
1,f001_REGION_RATING_CLIENT,825.4746589660645,69
1,f001_FLOORSMIN_AVG,1392.9875798225403,120
1,f001_LIVINGAREA_MEDI,2755.4183959960938,240
1,f001_REG_CITY_NOT_LIVE_CITY,901.3094096183777,74
1,f001_LIVINGAREA_MODE,3387.6009497642517,292
1,f001_REGION_RATING_CLIENT_W_CITY,1538.7240324020386,124
1,f001_OWN_CAR_AGE,3595.8118014335632,265
1,f001_REGION_POPULATION_RELATIVE,8548.5517578125,757
1,f001_OWN_CAR_AGE-s-DAYS_EMPLOYED,6252.2436599731445,462
1,f001_LIVINGAREA_AVG,3052.3239698410034,244
1,f001_OWN_CAR_AGE-d-DAYS_EMPLOYED,5225.783573627472,400
1,f001_OWN_CAR_AGE-s-DAYS_BIRTH,4548.4415645599365,397
1,f001_REG_CITY_NOT_WORK_CITY,536.8901214599609,43
1,f001_alldocs_skew,1029.9488797187805,64
1,f001_OWN_CAR_AGE-d-DAYS_BIRTH,5528.274651050568,449
1,f001_alldocs_kurt,2686.466076850891,151
1,f001_TOTALAREA_MODE,4221.153078556061,355
1,f001_alldocs_std,155.45278930664062,13
1,f001_age_finish_payment,5984.4308886528015,449
1,f001_age,4924.591600418091,368
1,f002_NAME_CONTRACT_TYPE,76.70486116409302,7
1,f001_building_score_avg_sum,1726.0693397521973,135
1,f001_building_score_medi_sum,1450.243019580841,113
1,f001_building_score_avg_mean,2949.352771282196,252
1,f002_FONDKAPREMONT_MODE,104.83254098892212,11
1,f002_NAME_EDUCATION_TYPE,1258.8188071250916,59
1,f001_building_score_mode_mean,4284.994202613831,349
1,f002_HOUSETYPE_MODE,362.87857007980347,32
1,f001_building_score_medi_mean,2995.643376350403,266
1,f001_building_score_mode_sum,1919.659963607788,151
1,f002_NAME_HOUSING_TYPE,356.94342851638794,33
1,f002_NAME_INCOME_TYPE,541.0458607673645,47
1,f104_active_AMT_ANNUITY_d_app_AMT_ANNUITY_diff_std,0.0,0
1,f002_ORGANIZATION_TYPE,40340.315194129944,2749
1,f002_WALLSMATERIAL_MODE,743.869752407074,67
1,f001_maxwell_feature,7015.938395500183,374
1,f003_NAME_EDUCATION_TYPE_ta,7071.9987025260925,445
1,f104_active_AMT_ANNUITY_d_app_AMT_ANNUITY_diff_min,126.6081223487854,12
1,f003_NAME_FAMILY_STATUS_ta,5217.485935688019,437
1,f003_NAME_HOUSING_TYPE_ta,2768.5874314308167,254
1,f104_active_AMT_ANNUITY_d_app_AMT_ANNUITY_diff_mean,167.7476406097412,17
1,f003_NAME_INCOME_TYPE_ta,3070.372143268585,253
1,f104_active_AMT_ANNUITY_d_app_AMT_ANNUITY_diff_max_div_min,19.93096923828125,2
1,f104_active_AMT_ANNUITY_d_app_AMT_ANNUITY_diff_max,203.9358606338501,20
1,f104_active_AMT_ANNUITY_d_app_AMT_ANNUITY_diff_std_div_mean,32.81204032897949,2
1,f003_ORGANIZATION_TYPE_ta,6573.540524959564,513
1,f104_active_AMT_ANNUITY_d_app_AMT_ANNUITY_pctchange_max_div_min,0.0,0
1,f104_active_AMT_ANNUITY_d_app_AMT_ANNUITY_max,108.54079914093018,9
1,f003_OCCUPATION_TYPE_ta,11901.544345378876,890
1,f104_active_AMT_ANNUITY_d_app_AMT_ANNUITY_mean,93.89281940460205,10
1,f104_active_AMT_ANNUITY_d_app_AMT_CREDIT_diff_std_div_mean,10.496100425720215,1
1,f104_active_AMT_ANNUITY_d_app_AMT_ANNUITY_min,192.9950704574585,17
1,f104_active_AMT_ANNUITY_d_app_AMT_CREDIT_diff_min,72.59909963607788,8
1,f104_active_AMT_ANNUITY_d_app_AMT_CREDIT_diff_max,187.8574709892273,16
1,f104_active_AMT_ANNUITY_d_app_AMT_CREDIT_max,113.63851022720337,10
1,f104_active_AMT_ANNUITY_d_app_AMT_CREDIT_std,0.0,0
1,f104_active_AMT_ANNUITY_d_app_AMT_CREDIT_diff_max_div_min,0.0,0
1,f001_DAYS_LAST_PHONE_CHANGE-s-DAYS_ID_PUBLISH,6666.910940170288,570
1,f104_active_AMT_ANNUITY_d_app_AMT_CREDIT_diff_mean,59.47142028808594,6
1,f104_active_AMT_ANNUITY_d_app_AMT_CREDIT_pctchange_max_div_min,0.0,0
1,f104_active_AMT_ANNUITY_d_app_AMT_GOODS_PRICE_diff_std_div_mean,0.0,0
1,f104_active_AMT_ANNUITY_d_app_AMT_CREDIT_mean,115.29116201400757,8
1,f104_active_AMT_ANNUITY_d_app_AMT_GOODS_PRICE_diff_mean,95.20658016204834,10
1,f104_active_AMT_ANNUITY_d_app_AMT_CREDIT_min,157.4140429496765,16
1,f104_active_AMT_ANNUITY_d_app_AMT_GOODS_PRICE_std,13.15149974822998,1
1,f104_active_AMT_ANNUITY_d_app_AMT_GOODS_PRICE_diff_max,136.43954801559448,12
1,f104_active_AMT_ANNUITY_d_app_AMT_GOODS_PRICE_min,539.2495293617249,47
1,f104_active_AMT_ANNUITY_d_app_AMT_GOODS_PRICE_diff_min,102.85075902938843,9
1,f104_active_AMT_ANNUITY_d_app_AMT_GOODS_PRICE_diff_max_div_min,0.0,0
1,f104_active_AMT_ANNUITY_d_app_AMT_INCOME_TOTAL_diff_std_div_mean,0.0,0
1,f104_active_AMT_ANNUITY_d_app_AMT_GOODS_PRICE_pctchange_max_div_min,0.0,0
1,f104_active_AMT_ANNUITY_d_app_AMT_INCOME_TOTAL_diff_std,8.728070259094238,1
1,f104_active_AMT_ANNUITY_d_app_AMT_INCOME_TOTAL_diff_max_div_min,0.0,0
1,f104_active_AMT_ANNUITY_d_app_AMT_INCOME_TOTAL_pctchange_max_div_min,0.0,0
1,f104_active_AMT_ANNUITY_m_app_AMT_GOODS_PRICE_d_app_AMT_INCOME_TOTAL_min,709.0199790000916,56
1,f104_active_AMT_ANNUITY_m_app_AMT_GOODS_PRICE_d_app_AMT_INCOME_TOTAL_diff_max_div_min,8.167280197143555,1
1,f104_active_AMT_ANNUITY_m_app_AMT_GOODS_PRICE_d_app_AMT_INCOME_TOTAL_diff_std,14.151000022888184,1
1,f104_active_AMT_ANNUITY_m_app_AMT_GOODS_PRICE_d_app_AMT_INCOME_TOTAL_pctchange_mean,51.69630002975464,6
1,f104_active_AMT_ANNUITY_m_app_AMT_GOODS_PRICE_d_app_AMT_INCOME_TOTAL_diff_std_div_mean,0.0,0
1,f104_active_AMT_ANNUITY_m_app_AMT_GOODS_PRICE_d_app_AMT_INCOME_TOTAL_max_div_min,12.508399963378906,1
1,f104_active_AMT_ANNUITY_m_app_AMT_GOODS_PRICE_d_app_AMT_INCOME_TOTAL_max,329.77830696105957,30
1,f104_active_AMT_ANNUITY_m_app_AMT_GOODS_PRICE_d_app_AMT_INCOME_TOTAL_pctchange_max,90.1224102973938,9
1,f104_active_AMT_ANNUITY_m_app_AMT_GOODS_PRICE_d_app_AMT_INCOME_TOTAL_pctchange_std,0.0,0
1,f104_active_AMT_ANNUITY_m_app_AMT_GOODS_PRICE_d_app_AMT_INCOME_TOTAL_std_div_mean,0.0,0
1,f104_active_AMT_ANNUITY_m_app_AMT_GOODS_PRICE_d_app_AMT_INCOME_TOTAL_mean,189.99616813659668,16
1,f104_active_AMT_ANNUITY_s_app_AMT_ANNUITY_d_app_AMT_INCOME_TOTAL_diff_std,0.0,0
1,f104_active_AMT_ANNUITY_m_app_AMT_GOODS_PRICE_d_app_AMT_INCOME_TOTAL_pctchange_std_div_mean,0.0,0
1,f104_active_AMT_ANNUITY_mean,232.87886810302734,19
1,f104_active_AMT_ANNUITY_max,416.81466034054756,39
1,f104_active_AMT_ANNUITY_min,296.08360862731934,28
1,f104_active_AMT_ANNUITY_s_app_AMT_ANNUITY_d_app_AMT_INCOME_TOTAL_max,202.66637802124023,18
1,f104_active_AMT_ANNUITY_s_app_AMT_ANNUITY_d_app_AMT_INCOME_TOTAL_diff_max_div_min,0.0,0
1,f104_active_AMT_ANNUITY_s_app_AMT_ANNUITY_d_app_AMT_INCOME_TOTAL_pctchange_std,28.406579971313477,3
1,f104_active_AMT_ANNUITY_s_app_AMT_ANNUITY_d_app_AMT_INCOME_TOTAL_diff_std_div_mean,0.0,0
1,f104_active_AMT_ANNUITY_s_app_AMT_ANNUITY_d_app_AMT_INCOME_TOTAL_mean,215.7257080078125,19
1,f104_active_AMT_ANNUITY_s_app_AMT_ANNUITY_d_app_AMT_INCOME_TOTAL_min,202.94236850738525,16
1,f104_active_AMT_ANNUITY_s_app_AMT_ANNUITY_diff_std_div_mean,0.0,0
1,f104_active_AMT_ANNUITY_s_app_AMT_ANNUITY_diff_std,15.699799537658691,1
1,f104_active_AMT_ANNUITY_s_app_AMT_ANNUITY_d_app_AMT_INCOME_TOTAL_pctchange_max_div_min,0.0,0
1,f104_active_AMT_ANNUITY_s_app_AMT_ANNUITY_diff_max_div_min,0.0,0
1,f104_active_AMT_ANNUITY_s_app_AMT_ANNUITY_max,211.67851972579956,19
1,f104_active_AMT_ANNUITY_s_app_AMT_ANNUITY_diff_mean,327.2022180557251,26
1,f104_active_AMT_ANNUITY_s_app_AMT_ANNUITY_pctchange_max_div_min,0.0,0
1,f104_active_AMT_ANNUITY_s_app_AMT_ANNUITY_min,229.05645036697388,19
1,f104_active_AMT_ANNUITY_s_app_AMT_ANNUITY_pctchange_std,11.328300476074219,1
1,f104_active_AMT_ANNUITY_s_app_AMT_CREDIT_d_app_AMT_INCOME_TOTAL_diff_std,0.0,0
1,f104_active_AMT_ANNUITY_s_app_AMT_ANNUITY_mean,176.7710108757019,17
1,f104_active_AMT_ANNUITY_s_app_AMT_ANNUITY_diff_min,233.10818195343018,22
1,f104_active_AMT_ANNUITY_s_app_AMT_CREDIT_d_app_AMT_INCOME_TOTAL_diff_std_div_mean,0.0,0
1,f104_active_AMT_ANNUITY_s_app_AMT_CREDIT_d_app_AMT_INCOME_TOTAL_pctchange_std,0.0,0
1,f104_active_AMT_ANNUITY_s_app_AMT_CREDIT_d_app_AMT_INCOME_TOTAL_pctchange_max,93.1324405670166,9
1,f104_active_AMT_ANNUITY_s_app_AMT_CREDIT_d_app_AMT_INCOME_TOTAL_diff_max_div_min,0.0,0
1,f104_active_AMT_ANNUITY_s_app_AMT_CREDIT_d_app_AMT_INCOME_TOTAL_pctchange_min,157.47399854660034,14
1,f104_active_AMT_ANNUITY_s_app_AMT_CREDIT_d_app_AMT_INCOME_TOTAL_mean,585.4007482528687,48
1,f104_active_AMT_ANNUITY_s_app_AMT_CREDIT_d_app_AMT_INCOME_TOTAL_pctchange_mean,65.77139949798584,6
1,f104_active_AMT_ANNUITY_s_app_AMT_CREDIT_diff_std_div_mean,0.0,0
1,f104_active_AMT_ANNUITY_s_app_AMT_CREDIT_d_app_AMT_INCOME_TOTAL_min,249.40942001342773,21
1,f104_active_AMT_ANNUITY_s_app_AMT_CREDIT_diff_std,7.1876301765441895,1
1,f104_active_AMT_ANNUITY_s_app_AMT_CREDIT_d_app_AMT_INCOME_TOTAL_max_div_min,8.273030281066895,1
1,f104_active_AMT_ANNUITY_s_app_AMT_CREDIT_d_app_AMT_INCOME_TOTAL_max,218.81352043151855,16
1,f104_active_AMT_ANNUITY_s_app_AMT_CREDIT_d_app_AMT_INCOME_TOTAL_std_div_mean,11.305700302124023,1
1,f104_active_AMT_ANNUITY_s_app_AMT_CREDIT_d_app_AMT_INCOME_TOTAL_pctchange_std_div_mean,10.341500282287598,1
1,f104_active_AMT_ANNUITY_s_app_AMT_CREDIT_diff_min,65.9206190109253,7
1,f104_active_AMT_ANNUITY_s_app_AMT_CREDIT_pctchange_std,0.0,0
1,f104_active_AMT_ANNUITY_s_app_AMT_CREDIT_diff_max_div_min,0.0,0
1,f104_active_AMT_ANNUITY_s_app_AMT_CREDIT_pctchange_std_div_mean,0.0,0
1,f104_active_AMT_ANNUITY_s_app_AMT_CREDIT_diff_mean,40.3848991394043,3
1,f104_active_AMT_ANNUITY_s_app_AMT_CREDIT_max_div_min,0.0,0
1,f104_active_AMT_ANNUITY_s_app_AMT_CREDIT_pctchange_mean,9.619159698486328,1
1,f104_active_AMT_ANNUITY_s_app_AMT_CREDIT_pctchange_max,29.11972999572754,3
1,f104_active_AMT_ANNUITY_s_app_AMT_CREDIT_pctchange_min,31.942599296569824,2
1,f104_active_AMT_ANNUITY_s_app_AMT_GOODS_PRICE_diff_std_div_mean,0.0,0
1,f104_active_AMT_ANNUITY_s_app_AMT_CREDIT_std_div_mean,0.0,0
1,f104_active_AMT_ANNUITY_s_app_AMT_GOODS_PRICE_diff_std,0.0,0
1,f104_active_AMT_ANNUITY_s_app_AMT_GOODS_PRICE_diff_min,44.16481971740723,5
1,f104_active_AMT_ANNUITY_s_app_AMT_GOODS_PRICE_max_div_min,0.0,0
1,f104_active_AMT_ANNUITY_s_app_AMT_GOODS_PRICE_diff_mean,35.42014932632446,4
1,f104_active_AMT_ANNUITY_s_app_AMT_GOODS_PRICE_diff_max_div_min,0.0,0
1,f104_active_AMT_ANNUITY_s_app_AMT_GOODS_PRICE_std_div_mean,0.0,0
1,f104_active_AMT_ANNUITY_s_app_AMT_GOODS_PRICE_pctchange_std_div_mean,0.0,0
1,f104_active_AMT_ANNUITY_s_app_AMT_GOODS_PRICE_pctchange_std,0.0,0
1,f104_active_AMT_ANNUITY_s_app_AMT_INCOME_TOTAL_diff_std,0.0,0
1,f104_active_AMT_ANNUITY_s_app_AMT_GOODS_PRICE_pctchange_max,46.30436944961548,5
1,f104_active_AMT_ANNUITY_s_app_AMT_INCOME_TOTAL_diff_std_div_mean,0.0,0
1,f104_active_AMT_ANNUITY_s_app_AMT_GOODS_PRICE_pctchange_mean,35.38762044906616,4
1,f104_active_AMT_ANNUITY_s_app_AMT_INCOME_TOTAL_diff_mean,0.0,0
1,f104_active_AMT_ANNUITY_s_app_AMT_INCOME_TOTAL_pctchange_std,8.955619812011719,1
1,f104_active_AMT_APPLICATION_d_app_AMT_ANNUITY_diff_std_div_mean,0.0,0
1,f104_active_AMT_ANNUITY_s_app_AMT_INCOME_TOTAL_diff_max_div_min,0.0,0
1,f104_active_AMT_APPLICATION_d_app_AMT_ANNUITY_diff_std,0.0,0
1,f104_active_AMT_ANNUITY_s_app_AMT_INCOME_TOTAL_diff_min,9.077509880065918,1
1,f104_active_AMT_APPLICATION_d_app_AMT_ANNUITY_max_div_min,0.0,0
1,f104_active_AMT_APPLICATION_d_app_AMT_ANNUITY_diff_max,66.4699296951294,6
1,f104_active_AMT_APPLICATION_d_app_AMT_ANNUITY_max,147.75589990615845,15
1,f104_active_AMT_APPLICATION_d_app_AMT_ANNUITY_mean,232.1312518119812,17
1,f104_active_AMT_APPLICATION_d_app_AMT_ANNUITY_diff_mean,61.90349006652832,6
1,f104_active_AMT_APPLICATION_d_app_AMT_ANNUITY_diff_min,111.09330034255981,10
1,f104_active_AMT_APPLICATION_d_app_AMT_ANNUITY_min,240.83560180664062,21
1,f104_active_AMT_APPLICATION_d_app_AMT_ANNUITY_diff_max_div_min,0.0,0
1,f104_active_AMT_APPLICATION_d_app_AMT_ANNUITY_pctchange_max,204.88191938400269,15
1,f104_active_AMT_APPLICATION_d_app_AMT_ANNUITY_pctchange_std,0.0,0
1,f104_active_AMT_APPLICATION_d_app_AMT_ANNUITY_std_div_mean,0.0,0
1,f104_active_AMT_APPLICATION_d_app_AMT_ANNUITY_pctchange_mean,158.26529932022095,13
1,f104_active_AMT_APPLICATION_d_app_AMT_CREDIT_diff_max,104.548020362854,10
1,f104_active_AMT_APPLICATION_d_app_AMT_CREDIT_diff_std_div_mean,0.0,0
1,f104_active_AMT_APPLICATION_d_app_AMT_ANNUITY_pctchange_min,172.08996105194092,16
1,f104_active_AMT_APPLICATION_d_app_AMT_CREDIT_diff_max_div_min,0.0,0
1,f104_active_AMT_APPLICATION_d_app_AMT_CREDIT_diff_mean,95.33366966247559,8
1,f104_active_AMT_APPLICATION_d_app_AMT_CREDIT_pctchange_mean,39.13938045501709,4
1,f104_active_AMT_APPLICATION_d_app_AMT_CREDIT_pctchange_max,51.819929122924805,4
1,f104_active_AMT_APPLICATION_d_app_AMT_CREDIT_pctchange_std,0.0,0
1,f104_active_AMT_APPLICATION_d_app_AMT_CREDIT_min,147.4315390586853,13
1,f104_active_AMT_APPLICATION_d_app_AMT_CREDIT_max_div_min,0.0,0
1,f104_active_AMT_APPLICATION_d_app_AMT_CREDIT_mean,69.3821496963501,7
1,f104_active_AMT_APPLICATION_d_app_AMT_CREDIT_std_div_mean,0.0,0
1,f104_active_AMT_APPLICATION_d_app_AMT_GOODS_PRICE_diff_max,130.39761114120483,11
1,f104_active_AMT_APPLICATION_d_app_AMT_CREDIT_max,109.87346029281616,8
1,f104_active_AMT_APPLICATION_d_app_AMT_CREDIT_diff_min,88.85605192184448,8
1,f104_active_AMT_APPLICATION_d_app_AMT_CREDIT_std,10.061800003051758,1
1,f104_active_AMT_APPLICATION_d_app_AMT_GOODS_PRICE_diff_mean,95.23583984375,9
1,f104_active_AMT_APPLICATION_d_app_AMT_GOODS_PRICE_diff_std_div_mean,0.0,0
1,f104_active_AMT_APPLICATION_d_app_AMT_GOODS_PRICE_diff_max_div_min,0.0,0
1,f104_active_AMT_APPLICATION_d_app_AMT_GOODS_PRICE_pctchange_std,0.0,0
1,f104_active_AMT_APPLICATION_d_app_AMT_GOODS_PRICE_diff_min,67.17607927322388,6
1,f104_active_AMT_APPLICATION_d_app_AMT_CREDIT_pctchange_min,46.5490198135376,5
1,f104_active_AMT_APPLICATION_d_app_AMT_GOODS_PRICE_min,107.98222970962524,10
1,f104_active_AMT_APPLICATION_d_app_AMT_GOODS_PRICE_pctchange_min,43.85406970977783,4
1,f104_active_AMT_APPLICATION_d_app_AMT_GOODS_PRICE_pctchange_max,7.690839767456055,1
1,f104_active_AMT_APPLICATION_d_app_AMT_GOODS_PRICE_max_div_min,0.0,0
1,f104_active_AMT_APPLICATION_d_app_AMT_GOODS_PRICE_mean,104.00644063949585,9
1,f104_active_AMT_APPLICATION_d_app_AMT_GOODS_PRICE_pctchange_mean,31.928969860076904,4
1,f104_active_AMT_APPLICATION_d_app_AMT_INCOME_TOTAL_diff_std,0.0,0
1,f104_active_AMT_APPLICATION_d_app_AMT_GOODS_PRICE_std_div_mean,0.0,0
1,f104_active_AMT_APPLICATION_d_app_AMT_GOODS_PRICE_std,0.0,0
1,f104_active_AMT_APPLICATION_d_app_AMT_INCOME_TOTAL_diff_std_div_mean,0.0,0
1,f104_active_AMT_APPLICATION_d_app_AMT_GOODS_PRICE_max,138.41461944580078,11
1,f104_active_AMT_APPLICATION_d_app_AMT_INCOME_TOTAL_diff_max,161.6823091506958,13
1,f104_active_AMT_APPLICATION_d_app_AMT_INCOME_TOTAL_diff_max_div_min,0.0,0
1,f104_active_AMT_APPLICATION_d_app_AMT_INCOME_TOTAL_pctchange_std,0.0,0
1,f104_active_AMT_APPLICATION_d_app_AMT_INCOME_TOTAL_max,199.29321098327637,18
1,f104_active_AMT_APPLICATION_d_app_AMT_INCOME_TOTAL_diff_mean,132.7669906616211,13
1,f104_active_AMT_APPLICATION_d_app_AMT_INCOME_TOTAL_diff_min,140.14137077331543,13
1,f104_active_AMT_APPLICATION_d_app_AMT_INCOME_TOTAL_min,141.51584815979004,12
1,f104_active_AMT_APPLICATION_d_app_AMT_INCOME_TOTAL_mean,190.20614051818848,17
1,f104_active_AMT_APPLICATION_d_app_AMT_INCOME_TOTAL_pctchange_max,41.500399589538574,2
1,f104_active_AMT_APPLICATION_d_app_AMT_INCOME_TOTAL_pctchange_min,15.01075029373169,2
1,f104_active_AMT_APPLICATION_d_app_AMT_INCOME_TOTAL_max_div_min,0.0,0
1,f104_active_AMT_APPLICATION_d_app_AMT_INCOME_TOTAL_pctchange_mean,15.996500015258789,1
1,f104_active_AMT_APPLICATION_m_app_AMT_GOODS_PRICE_d_app_AMT_INCOME_TOTAL_diff_std_div_mean,0.0,0
1,f104_active_AMT_APPLICATION_m_app_AMT_GOODS_PRICE_d_app_AMT_INCOME_TOTAL_diff_std,0.0,0
1,f104_active_AMT_APPLICATION_m_app_AMT_GOODS_PRICE_d_app_AMT_INCOME_TOTAL_diff_min,27.184359550476074,3
1,f104_active_AMT_APPLICATION_m_app_AMT_GOODS_PRICE_d_app_AMT_INCOME_TOTAL_diff_max,63.13850975036621,7
1,f104_active_AMT_APPLICATION_m_app_AMT_GOODS_PRICE_d_app_AMT_INCOME_TOTAL_mean,98.74495840072632,10
1,f104_active_AMT_APPLICATION_m_app_AMT_GOODS_PRICE_d_app_AMT_INCOME_TOTAL_pctchange_std,15.548230171203613,2
1,f104_active_AMT_APPLICATION_m_app_AMT_GOODS_PRICE_d_app_AMT_INCOME_TOTAL_diff_max_div_min,0.0,0
1,f104_active_AMT_APPLICATION_d_app_AMT_INCOME_TOTAL_std_div_mean,0.0,0
1,f104_active_AMT_APPLICATION_m_app_AMT_GOODS_PRICE_d_app_AMT_INCOME_TOTAL_diff_mean,39.86064052581787,4
1,f104_active_AMT_APPLICATION_m_app_AMT_GOODS_PRICE_d_app_AMT_INCOME_TOTAL_std_div_mean,7.635960102081299,1
1,f104_active_AMT_APPLICATION_m_app_AMT_GOODS_PRICE_d_app_AMT_INCOME_TOTAL_max,105.85397005081177,11
1,f104_active_AMT_APPLICATION_max,59.07663917541504,6
1,f104_active_AMT_APPLICATION_s_app_AMT_ANNUITY_d_app_AMT_INCOME_TOTAL_diff_std_div_mean,0.0,0
1,f104_active_AMT_APPLICATION_m_app_AMT_GOODS_PRICE_d_app_AMT_INCOME_TOTAL_min,171.66426992416382,12
1,f104_active_AMT_APPLICATION_s_app_AMT_ANNUITY_d_app_AMT_INCOME_TOTAL_max,163.25749921798706,15
1,f104_active_AMT_APPLICATION_s_app_AMT_ANNUITY_d_app_AMT_INCOME_TOTAL_diff_std,0.0,0
1,f104_active_AMT_APPLICATION_s_app_AMT_ANNUITY_d_app_AMT_INCOME_TOTAL_diff_min,33.015209674835205,4
1,f104_active_AMT_APPLICATION_s_app_AMT_ANNUITY_d_app_AMT_INCOME_TOTAL_diff_mean,20.440099716186523,2
1,f104_active_AMT_APPLICATION_s_app_AMT_ANNUITY_d_app_AMT_INCOME_TOTAL_diff_max_div_min,0.0,0
1,f104_active_AMT_APPLICATION_mean,33.63011932373047,3
1,f104_active_AMT_APPLICATION_s_app_AMT_ANNUITY_d_app_AMT_INCOME_TOTAL_diff_max,14.08899974822998,1
1,f104_active_AMT_APPLICATION_max_div_min,0.0,0
1,f104_active_AMT_APPLICATION_min,90.1341986656189,7
1,f104_active_AMT_APPLICATION_s_app_AMT_ANNUITY_diff_std,0.0,0
1,f104_active_AMT_APPLICATION_s_app_AMT_ANNUITY_d_app_AMT_INCOME_TOTAL_max_div_min,19.79899024963379,2
1,f104_active_AMT_APPLICATION_s_app_AMT_ANNUITY_d_app_AMT_INCOME_TOTAL_mean,171.64339923858643,17
1,f104_active_AMT_APPLICATION_s_app_AMT_ANNUITY_d_app_AMT_INCOME_TOTAL_min,165.16102981567383,16
1,f104_active_AMT_APPLICATION_s_app_AMT_ANNUITY_diff_std_div_mean,0.0,0
1,f104_active_AMT_APPLICATION_s_app_AMT_ANNUITY_d_app_AMT_INCOME_TOTAL_std_div_mean,19.651869773864746,2
1,f104_active_AMT_APPLICATION_s_app_AMT_ANNUITY_diff_mean,132.22802114486694,13
1,f104_active_AMT_APPLICATION_s_app_AMT_ANNUITY_mean,90.4683985710144,9
1,f104_active_AMT_APPLICATION_s_app_AMT_ANNUITY_max_div_min,0.0,0
1,f104_active_AMT_APPLICATION_s_app_AMT_ANNUITY_max,209.24136018753052,18
1,f104_active_AMT_APPLICATION_s_app_AMT_ANNUITY_diff_max,183.935378074646,17
1,f104_active_AMT_APPLICATION_s_app_AMT_ANNUITY_diff_max_div_min,0.0,0
1,f104_active_AMT_APPLICATION_s_app_AMT_ANNUITY_std,0.0,0
1,f104_active_AMT_APPLICATION_s_app_AMT_ANNUITY_std_div_mean,0.0,0
1,f104_active_AMT_APPLICATION_s_app_AMT_ANNUITY_diff_min,66.0077691078186,6
1,f104_active_AMT_APPLICATION_s_app_AMT_ANNUITY_min,211.32053995132446,15
1,f104_active_AMT_APPLICATION_s_app_AMT_CREDIT_d_app_AMT_INCOME_TOTAL_diff_std_div_mean,0.0,0
1,f104_active_AMT_APPLICATION_s_app_AMT_CREDIT_d_app_AMT_INCOME_TOTAL_diff_max,12.85099983215332,1
1,f104_active_AMT_APPLICATION_s_app_AMT_CREDIT_d_app_AMT_INCOME_TOTAL_diff_mean,0.0,0
1,f104_active_AMT_APPLICATION_s_app_AMT_CREDIT_d_app_AMT_INCOME_TOTAL_diff_std,0.0,0
1,f104_active_AMT_APPLICATION_s_app_AMT_CREDIT_d_app_AMT_INCOME_TOTAL_diff_min,0.0,0
1,f104_active_AMT_APPLICATION_s_app_AMT_CREDIT_d_app_AMT_INCOME_TOTAL_mean,162.70684099197388,14
1,f104_active_AMT_APPLICATION_s_app_AMT_CREDIT_d_app_AMT_INCOME_TOTAL_diff_max_div_min,0.0,0
1,f104_active_AMT_APPLICATION_s_app_AMT_CREDIT_d_app_AMT_INCOME_TOTAL_max,139.8881106376648,12
1,f104_active_AMT_APPLICATION_s_app_AMT_CREDIT_d_app_AMT_INCOME_TOTAL_pctchange_std,0.0,0
1,f104_active_AMT_APPLICATION_s_app_AMT_CREDIT_d_app_AMT_INCOME_TOTAL_min,60.85324954986572,6
1,f104_active_AMT_APPLICATION_s_app_AMT_CREDIT_diff_max,50.75427961349487,5
1,f104_active_AMT_APPLICATION_s_app_AMT_CREDIT_diff_std,0.0,0
1,f104_active_AMT_APPLICATION_s_app_AMT_CREDIT_diff_std_div_mean,0.0,0
1,f104_active_AMT_APPLICATION_s_app_AMT_CREDIT_diff_max_div_min,0.0,0
1,f104_active_AMT_APPLICATION_s_app_AMT_CREDIT_min,151.18980884552002,13
1,f104_active_AMT_APPLICATION_s_app_AMT_CREDIT_diff_mean,9.530920028686523,1
1,f104_active_AMT_APPLICATION_s_app_AMT_CREDIT_max,170.63091039657593,14
1,f104_active_AMT_APPLICATION_s_app_AMT_CREDIT_mean,37.27778911590576,4
1,f104_active_AMT_APPLICATION_s_app_AMT_GOODS_PRICE_diff_std,0.0,0
1,f104_active_AMT_APPLICATION_s_app_AMT_CREDIT_diff_min,8.564129829406738,1
1,f104_active_AMT_APPLICATION_s_app_AMT_CREDIT_std,11.336600303649902,1
1,f104_active_AMT_APPLICATION_s_app_AMT_CREDIT_pctchange_std,10.961000442504883,1
1,f104_active_AMT_APPLICATION_s_app_AMT_GOODS_PRICE_diff_mean,21.149959564208984,2
1,f104_active_AMT_APPLICATION_s_app_AMT_GOODS_PRICE_diff_max_div_min,0.0,0
1,f104_active_AMT_APPLICATION_s_app_AMT_GOODS_PRICE_diff_max,0.0,0
1,f104_active_AMT_APPLICATION_s_app_AMT_GOODS_PRICE_diff_std_div_mean,0.0,0
1,f104_active_AMT_APPLICATION_s_app_AMT_GOODS_PRICE_diff_min,10.47700023651123,1
1,f104_active_AMT_APPLICATION_s_app_AMT_GOODS_PRICE_pctchange_std,7.360720157623291,1
1,f104_active_AMT_APPLICATION_s_app_AMT_GOODS_PRICE_max,130.4883794784546,12
1,f104_active_AMT_APPLICATION_s_app_AMT_GOODS_PRICE_min,88.61206007003784,9
1,f104_active_AMT_APPLICATION_s_app_AMT_INCOME_TOTAL_diff_std_div_mean,0.0,0
1,f104_active_AMT_APPLICATION_s_app_AMT_INCOME_TOTAL_diff_max_div_min,0.0,0
1,f104_active_AMT_APPLICATION_s_app_AMT_GOODS_PRICE_mean,62.094820976257324,5
1,f104_active_AMT_APPLICATION_s_app_AMT_GOODS_PRICE_std,0.0,0
1,f104_active_AMT_APPLICATION_s_app_AMT_INCOME_TOTAL_diff_std,0.0,0
1,f104_active_AMT_APPLICATION_s_app_AMT_GOODS_PRICE_std_div_mean,8.674019813537598,1
1,f104_active_AMT_APPLICATION_s_app_AMT_INCOME_TOTAL_std,0.0,0
1,f104_active_AMT_APPLICATION_s_app_AMT_INCOME_TOTAL_max,103.91304016113281,8
1,f104_active_AMT_APPLICATION_s_app_AMT_INCOME_TOTAL_diff_mean,0.0,0
1,f104_active_AMT_APPLICATION_s_app_AMT_INCOME_TOTAL_pctchange_std,0.0,0
1,f104_active_AMT_APPLICATION_s_app_AMT_INCOME_TOTAL_diff_max,0.0,0
1,f104_active_AMT_APPLICATION_s_app_AMT_INCOME_TOTAL_diff_min,0.0,0
1,f104_active_AMT_CREDIT_d_AMT_ANNUITY_diff_std_div_mean,8.894579887390137,1
1,f104_active_AMT_APPLICATION_s_app_AMT_INCOME_TOTAL_pctchange_std_div_mean,0.0,0
1,f104_active_AMT_APPLICATION_s_app_AMT_INCOME_TOTAL_min,225.70424890518188,16
1,f104_active_AMT_APPLICATION_s_app_AMT_INCOME_TOTAL_mean,125.58938884735107,10
1,f104_active_AMT_APPLICATION_s_app_AMT_INCOME_TOTAL_std_div_mean,9.305049896240234,1
1,f104_active_AMT_APPLICATION_std_div_mean,0.0,0
1,f104_active_AMT_CREDIT_d_AMT_ANNUITY_diff_std,0.0,0
1,f104_active_AMT_APPLICATION_std,0.0,0
1,f104_active_AMT_CREDIT_d_AMT_ANNUITY_std,12.798399925231934,1
1,f104_active_AMT_CREDIT_d_AMT_ANNUITY_max,253.33917236328125,20
1,f104_active_AMT_CREDIT_d_AMT_ANNUITY_diff_max,231.47971868515015,21
1,f104_active_AMT_CREDIT_d_AMT_ANNUITY_diff_min,222.6942915916443,19
1,f104_active_AMT_CREDIT_d_AMT_ANNUITY_diff_mean,274.62186193466187,24
1,f104_active_AMT_CREDIT_d_AMT_ANNUITY_min,448.31149101257324,38
1,f104_active_AMT_CREDIT_d_AMT_ANNUITY_pctchange_mean,226.45692205429077,19
1,f104_active_AMT_CREDIT_d_AMT_ANNUITY_std_div_mean,33.193570137023926,3
1,f104_active_AMT_CREDIT_d_AMT_ANNUITY_mean,311.15182065963745,26
1,f104_active_AMT_CREDIT_d_AMT_ANNUITY_pctchange_std,0.0,0
1,f104_active_AMT_CREDIT_d_AMT_APPLICATION_diff_std_div_mean,18.6700496673584,2
1,f104_active_AMT_CREDIT_d_AMT_ANNUITY_pctchange_max,292.7376403808594,25
1,f104_active_AMT_CREDIT_d_AMT_ANNUITY_pctchange_min,287.58421182632446,25
1,f104_active_AMT_CREDIT_d_AMT_ANNUITY_max_div_min,0.0,0
1,f104_active_AMT_CREDIT_d_AMT_APPLICATION_max,383.53583976626396,35
1,f104_active_AMT_CREDIT_d_AMT_APPLICATION_std_div_mean,7.576119899749756,1
1,f104_active_AMT_CREDIT_d_AMT_APPLICATION_mean,359.42609882354736,30
1,f104_active_AMT_CREDIT_d_AMT_APPLICATION_max_div_min,8.772899627685547,1
1,f104_active_AMT_CREDIT_d_AMT_APPLICATION_pctchange_std,6.325890064239502,1
1,f104_active_AMT_CREDIT_d_AMT_APPLICATION_std,10.832900047302246,1
1,f104_active_AMT_CREDIT_d_app_AMT_ANNUITY_diff_std_div_mean,8.962770462036133,1
1,f104_active_AMT_CREDIT_d_app_AMT_ANNUITY_diff_max,187.4636001586914,18
1,f104_active_AMT_CREDIT_d_app_AMT_ANNUITY_diff_std,17.84147071838379,2
1,f104_active_AMT_CREDIT_d_app_AMT_ANNUITY_max_div_min,0.0,0
1,f104_active_AMT_CREDIT_d_AMT_APPLICATION_min,269.1998076438904,23
1,f104_active_AMT_CREDIT_d_app_AMT_ANNUITY_diff_mean,152.39364051818848,13
1,f104_active_AMT_CREDIT_d_app_AMT_ANNUITY_min,157.3999719619751,11
1,f104_active_AMT_CREDIT_d_app_AMT_ANNUITY_diff_min,64.93247938156128,7
1,f104_active_AMT_CREDIT_d_app_AMT_ANNUITY_mean,187.30956745147705,15
1,f104_active_AMT_CREDIT_d_app_AMT_ANNUITY_pctchange_max,155.32186841964722,13
1,f104_active_AMT_CREDIT_d_app_AMT_ANNUITY_std_div_mean,29.025320053100586,3
1,f104_active_AMT_CREDIT_d_app_AMT_ANNUITY_pctchange_std,71.05493831634521,6
1,f104_active_AMT_CREDIT_d_app_AMT_ANNUITY_pctchange_std_div_mean,7.997690200805664,1
1,f104_active_AMT_CREDIT_d_app_AMT_CREDIT_diff_max,178.71782779693604,15
1,f104_active_AMT_CREDIT_d_app_AMT_CREDIT_diff_mean,123.1990294456482,11
1,f104_active_AMT_CREDIT_d_app_AMT_ANNUITY_max,101.1291298866272,9
1,f104_active_AMT_CREDIT_d_app_AMT_ANNUITY_pctchange_mean,111.68327808380127,8
1,f104_active_AMT_CREDIT_d_app_AMT_ANNUITY_pctchange_min,221.32535934448242,19
1,f104_active_AMT_CREDIT_d_app_AMT_CREDIT_max_div_min,19.95395040512085,2
1,f104_active_AMT_CREDIT_d_app_AMT_CREDIT_pctchange_max,14.823220252990723,2
1,f104_active_AMT_CREDIT_d_app_AMT_CREDIT_diff_std_div_mean,0.0,0
1,f104_active_AMT_CREDIT_d_app_AMT_CREDIT_diff_std,9.812350273132324,1
1,f104_active_AMT_CREDIT_d_app_AMT_CREDIT_std,10.014900207519531,1
1,f104_active_AMT_CREDIT_d_app_AMT_CREDIT_diff_min,82.02044010162354,7
1,f104_active_AMT_CREDIT_d_app_AMT_CREDIT_min,86.44351005554199,8
1,f104_active_AMT_CREDIT_d_app_AMT_GOODS_PRICE_diff_std,29.326050758361816,3
1,f104_active_AMT_CREDIT_d_app_AMT_CREDIT_mean,49.9157395362854,4
1,f104_active_AMT_CREDIT_d_app_AMT_CREDIT_std_div_mean,0.0,0
1,f104_active_AMT_CREDIT_d_app_AMT_CREDIT_pctchange_mean,58.63136100769043,6
1,f104_active_AMT_CREDIT_d_app_AMT_CREDIT_max,64.16329908370972,5
1,f104_active_AMT_CREDIT_d_app_AMT_CREDIT_pctchange_std_div_mean,0.0,0
1,f104_active_AMT_CREDIT_d_app_AMT_CREDIT_pctchange_min,47.45133018493652,4
1,f104_active_AMT_CREDIT_d_app_AMT_GOODS_PRICE_pctchange_std,47.68217945098877,4
1,f104_active_AMT_CREDIT_d_app_AMT_GOODS_PRICE_diff_std_div_mean,0.0,0
1,f104_active_AMT_CREDIT_d_app_AMT_GOODS_PRICE_pctchange_min,0.0,0
1,f104_active_AMT_CREDIT_d_app_AMT_CREDIT_pctchange_std,0.0,0
1,f104_active_AMT_CREDIT_d_app_AMT_GOODS_PRICE_max_div_min,0.0,0
1,f104_active_AMT_CREDIT_d_app_AMT_GOODS_PRICE_diff_mean,79.3022813796997,6
1,f104_active_AMT_CREDIT_d_app_AMT_GOODS_PRICE_diff_min,54.894349098205566,5
1,f104_active_AMT_CREDIT_d_app_AMT_GOODS_PRICE_max,121.99026918411255,11
1,f104_active_AMT_CREDIT_d_app_AMT_GOODS_PRICE_diff_max,165.9563603401184,13
1,f104_active_AMT_CREDIT_d_app_AMT_GOODS_PRICE_pctchange_mean,53.460490226745605,5
1,f104_active_AMT_CREDIT_d_app_AMT_GOODS_PRICE_mean,84.40138053894043,7
1,f104_active_AMT_CREDIT_d_app_AMT_GOODS_PRICE_pctchange_max,25.613699913024902,2
1,f104_active_AMT_CREDIT_d_app_AMT_INCOME_TOTAL_diff_std_div_mean,0.0,0
1,f104_active_AMT_CREDIT_d_app_AMT_GOODS_PRICE_std,7.11214017868042,1
1,f104_active_AMT_CREDIT_d_app_AMT_GOODS_PRICE_std_div_mean,7.813389778137207,1
1,f104_active_AMT_CREDIT_d_app_AMT_GOODS_PRICE_pctchange_std_div_mean,0.0,0
1,f104_active_AMT_CREDIT_d_app_AMT_INCOME_TOTAL_diff_mean,93.26841878890991,9
1,f104_active_AMT_CREDIT_d_app_AMT_INCOME_TOTAL_max,277.9258909225464,23
1,f104_active_AMT_CREDIT_d_app_AMT_GOODS_PRICE_min,109.97838115692139,11
1,f104_active_AMT_CREDIT_d_app_AMT_INCOME_TOTAL_diff_std,0.0,0
1,f104_active_AMT_CREDIT_d_app_AMT_INCOME_TOTAL_diff_min,88.59635925292969,9
1,f104_active_AMT_CREDIT_d_app_AMT_INCOME_TOTAL_diff_max,141.89980125427246,14
1,f104_active_AMT_CREDIT_d_app_AMT_INCOME_TOTAL_pctchange_std,0.0,0
1,f104_active_AMT_CREDIT_d_app_AMT_INCOME_TOTAL_pctchange_max,17.17099952697754,1
1,f104_active_AMT_CREDIT_d_app_AMT_INCOME_TOTAL_pctchange_mean,0.0,0
1,f104_active_AMT_CREDIT_d_app_AMT_INCOME_TOTAL_pctchange_min,46.581650257110596,4
1,f104_active_AMT_CREDIT_d_total_debt_diff_std,0.0,0
1,f104_active_AMT_CREDIT_d_app_AMT_INCOME_TOTAL_pctchange_std_div_mean,0.0,0
1,f104_active_AMT_CREDIT_d_app_AMT_INCOME_TOTAL_mean,296.14305210113525,25
1,f104_active_AMT_CREDIT_d_app_AMT_INCOME_TOTAL_max_div_min,0.0,0
1,f104_active_AMT_CREDIT_d_total_debt_diff_std_div_mean,7.822589874267578,1
1,f104_active_AMT_CREDIT_d_app_AMT_INCOME_TOTAL_std_div_mean,0.0,0
1,f104_active_AMT_CREDIT_d_app_AMT_INCOME_TOTAL_min,244.93952131271362,22
1,f104_active_AMT_CREDIT_d_total_debt_mean,1477.2241649627686,104
1,f104_active_AMT_CREDIT_d_total_debt_max_div_min,0.0,0
1,f104_active_AMT_CREDIT_d_total_debt_max,1027.4704463481903,72
1,f104_active_AMT_CREDIT_d_total_debt_pctchange_std,0.0,0
1,f104_active_AMT_CREDIT_d_total_debt_std,113.46796989440918,11
1,f104_active_AMT_CREDIT_d_total_debt_std_div_mean,80.92441034317017,7
1,f104_active_AMT_CREDIT_d_total_debt_pctchange_std_div_mean,0.0,0
1,f104_active_AMT_CREDIT_m_app_AMT_GOODS_PRICE_d_app_AMT_INCOME_TOTAL_diff_std,0.0,0
1,f104_active_AMT_CREDIT_m_app_AMT_GOODS_PRICE_d_app_AMT_INCOME_TOTAL_diff_max,25.38014030456543,3
1,f104_active_AMT_CREDIT_d_total_debt_min,1912.865578174591,124
1,f104_active_AMT_CREDIT_m_app_AMT_GOODS_PRICE_d_app_AMT_INCOME_TOTAL_diff_std_div_mean,0.0,0
1,f104_active_AMT_CREDIT_m_app_AMT_GOODS_PRICE_d_app_AMT_INCOME_TOTAL_mean,142.77791929244995,13
1,f104_active_AMT_CREDIT_m_app_AMT_GOODS_PRICE_d_app_AMT_INCOME_TOTAL_diff_min,27.84736967086792,3
1,f104_active_AMT_CREDIT_m_app_AMT_GOODS_PRICE_d_app_AMT_INCOME_TOTAL_diff_mean,21.17545986175537,2
1,f104_active_AMT_CREDIT_m_app_AMT_GOODS_PRICE_d_app_AMT_INCOME_TOTAL_min,161.53936958312988,13
1,f104_active_AMT_CREDIT_m_app_AMT_GOODS_PRICE_d_app_AMT_INCOME_TOTAL_pctchange_std,48.96468925476074,5
1,f104_active_AMT_CREDIT_mean,217.71158981323242,20
1,f104_active_AMT_CREDIT_max_div_min,0.0,0
1,f104_active_AMT_CREDIT_m_app_AMT_GOODS_PRICE_d_app_AMT_INCOME_TOTAL_max,159.51369285583496,14
1,f104_active_AMT_CREDIT_max,103.68463087081909,9
1,f104_active_AMT_CREDIT_s_app_AMT_ANNUITY_d_app_AMT_INCOME_TOTAL_diff_std_div_mean,0.0,0
1,f104_active_AMT_CREDIT_s_app_AMT_ANNUITY_d_app_AMT_INCOME_TOTAL_max,119.83764934539795,10
1,f104_active_AMT_CREDIT_s_app_AMT_ANNUITY_d_app_AMT_INCOME_TOTAL_diff_std,0.0,0
1,f104_active_AMT_CREDIT_s_app_AMT_ANNUITY_d_app_AMT_INCOME_TOTAL_diff_mean,44.93782997131348,3
1,f104_active_AMT_CREDIT_s_app_AMT_ANNUITY_d_app_AMT_INCOME_TOTAL_diff_max,12.180100440979004,1
1,f104_active_AMT_CREDIT_s_app_AMT_ANNUITY_d_app_AMT_INCOME_TOTAL_pctchange_std,43.05937051773071,5
1,f104_active_AMT_CREDIT_s_app_AMT_ANNUITY_d_app_AMT_INCOME_TOTAL_diff_min,17.200929641723633,2
1,f104_active_AMT_CREDIT_s_app_AMT_ANNUITY_d_app_AMT_INCOME_TOTAL_max_div_min,0.0,0
1,f104_active_AMT_CREDIT_min,91.74178075790405,8
1,f104_active_AMT_CREDIT_s_app_AMT_ANNUITY_d_app_AMT_INCOME_TOTAL_mean,224.4772720336914,16
1,f104_active_AMT_CREDIT_s_app_AMT_ANNUITY_diff_std_div_mean,0.0,0
1,f104_active_AMT_CREDIT_s_app_AMT_ANNUITY_diff_max,327.18848752975464,25
1,f104_active_AMT_CREDIT_s_app_AMT_ANNUITY_d_app_AMT_INCOME_TOTAL_min,147.6246099472046,12
1,f104_active_AMT_CREDIT_s_app_AMT_ANNUITY_max_div_min,0.0,0
1,f104_active_AMT_CREDIT_s_app_AMT_ANNUITY_d_app_AMT_INCOME_TOTAL_std_div_mean,0.0,0
1,f104_active_AMT_CREDIT_s_app_AMT_ANNUITY_std,8.188130378723145,1
1,f104_active_AMT_CREDIT_s_app_AMT_ANNUITY_max,167.87277936935425,17
1,f104_active_AMT_CREDIT_s_app_AMT_ANNUITY_min,132.071918964386,12
1,f104_active_AMT_CREDIT_s_app_AMT_ANNUITY_diff_mean,160.78957986831665,12
1,f104_active_AMT_CREDIT_s_app_AMT_ANNUITY_mean,74.23709011077881,8
1,f104_active_AMT_CREDIT_s_app_AMT_CREDIT_d_app_AMT_INCOME_TOTAL_diff_mean,30.54623031616211,3
1,f104_active_AMT_CREDIT_s_app_AMT_ANNUITY_std_div_mean,10.252599716186523,1
1,f104_active_AMT_CREDIT_s_app_AMT_ANNUITY_diff_min,130.03423881530762,8
1,f104_active_AMT_CREDIT_s_app_AMT_ANNUITY_pctchange_std,8.268569946289062,1
1,f104_active_AMT_CREDIT_s_app_AMT_CREDIT_d_app_AMT_INCOME_TOTAL_diff_std,0.0,0
1,f104_active_AMT_CREDIT_s_app_AMT_CREDIT_d_app_AMT_INCOME_TOTAL_diff_max,0.0,0
1,f104_active_AMT_CREDIT_s_app_AMT_CREDIT_d_app_AMT_INCOME_TOTAL_diff_min,48.18709945678711,3
1,f104_active_AMT_CREDIT_s_app_AMT_CREDIT_d_app_AMT_INCOME_TOTAL_diff_std_div_mean,0.0,0
1,f104_active_AMT_CREDIT_s_app_AMT_CREDIT_d_app_AMT_INCOME_TOTAL_std_div_mean,99.48676013946533,11
1,f104_active_AMT_CREDIT_s_app_AMT_CREDIT_d_app_AMT_INCOME_TOTAL_mean,137.1216902732849,12
1,f104_active_AMT_CREDIT_s_app_AMT_CREDIT_d_app_AMT_INCOME_TOTAL_max,93.2496109008789,7
1,f104_active_AMT_CREDIT_s_app_AMT_CREDIT_d_app_AMT_INCOME_TOTAL_min,166.309091091156,13
1,f104_active_AMT_CREDIT_s_app_AMT_CREDIT_d_app_AMT_INCOME_TOTAL_pctchange_std,0.0,0
1,f104_active_AMT_CREDIT_s_app_AMT_CREDIT_diff_max,58.95353984832764,6
1,f104_active_AMT_CREDIT_s_app_AMT_CREDIT_pctchange_std,0.0,0
1,f104_active_AMT_CREDIT_s_app_AMT_CREDIT_diff_min,17.000800132751465,2
1,f104_active_AMT_CREDIT_s_app_AMT_CREDIT_mean,177.92172956466675,15
1,f104_active_AMT_CREDIT_s_app_AMT_CREDIT_diff_mean,22.856700897216797,1
1,f104_active_AMT_CREDIT_s_app_AMT_CREDIT_diff_std_div_mean,0.0,0
1,f104_active_AMT_CREDIT_s_app_AMT_GOODS_PRICE_diff_std_div_mean,0.0,0
1,f104_active_AMT_CREDIT_s_app_AMT_CREDIT_max,80.30232000350952,8
1,f104_active_AMT_CREDIT_s_app_AMT_GOODS_PRICE_diff_mean,23.97480010986328,1
1,f104_active_AMT_CREDIT_s_app_AMT_CREDIT_std,15.508020401000977,2
1,f104_active_AMT_CREDIT_s_app_AMT_CREDIT_min,145.08687114715576,12
1,f104_active_AMT_CREDIT_s_app_AMT_GOODS_PRICE_diff_min,0.0,0
1,f104_active_AMT_CREDIT_s_app_AMT_GOODS_PRICE_diff_max,6.772819995880127,1
1,f104_active_AMT_CREDIT_s_app_AMT_CREDIT_std_div_mean,17.299880027770996,2
1,f104_active_AMT_CREDIT_s_app_AMT_GOODS_PRICE_std,0.0,0
1,f104_active_AMT_CREDIT_s_app_AMT_GOODS_PRICE_pctchange_std,0.0,0
1,f104_active_AMT_CREDIT_s_app_AMT_INCOME_TOTAL_diff_std_div_mean,0.0,0
1,f104_active_AMT_CREDIT_s_app_AMT_INCOME_TOTAL_max,275.34935188293457,22
1,f104_active_AMT_CREDIT_s_app_AMT_GOODS_PRICE_mean,155.6481294631958,13
1,f104_active_AMT_CREDIT_s_app_AMT_GOODS_PRICE_max,136.93818855285645,13
1,f104_active_AMT_CREDIT_s_app_AMT_GOODS_PRICE_min,151.37840175628662,14
1,f104_active_AMT_CREDIT_s_app_AMT_INCOME_TOTAL_diff_max,26.64259910583496,1
1,f104_active_AMT_CREDIT_s_app_AMT_INCOME_TOTAL_diff_mean,0.0,0
1,f104_active_AMT_CREDIT_s_app_AMT_INCOME_TOTAL_std,0.0,0
1,f104_active_AMT_CREDIT_s_app_AMT_INCOME_TOTAL_mean,183.38380813598633,16
1,f104_active_AMT_CREDIT_std,0.0,0
1,f104_active_AMT_CREDIT_s_app_AMT_INCOME_TOTAL_std_div_mean,25.809229850769043,3
1,f104_active_AMT_CREDIT_s_app_AMT_INCOME_TOTAL_diff_min,6.688539981842041,1
1,f104_active_AMT_CREDIT_std_div_mean,0.0,0
1,f104_active_AMT_DOWN_PAYMENT_d_AMT_GOODS_PRICE_diff_std,0.0,0
1,f104_active_AMT_DOWN_PAYMENT_d_AMT_GOODS_PRICE_diff_std_div_mean,0.0,0
1,f104_active_AMT_CREDIT_s_app_AMT_INCOME_TOTAL_pctchange_max_div_min,12.681699752807617,1
1,f104_active_AMT_CREDIT_s_app_AMT_INCOME_TOTAL_min,181.7842311859131,17
1,f104_active_AMT_DOWN_PAYMENT_d_AMT_GOODS_PRICE_diff_min,109.89499998092651,12
1,f104_active_AMT_DOWN_PAYMENT_d_AMT_GOODS_PRICE_std_div_mean,0.0,0
1,f104_active_AMT_DOWN_PAYMENT_d_AMT_GOODS_PRICE_pctchange_std_div_mean,0.0,0
1,f104_active_AMT_DOWN_PAYMENT_std_div_mean,0.0,0
1,f104_active_AMT_DOWN_PAYMENT_d_AMT_GOODS_PRICE_pctchange_min,8.741990089416504,1
1,f104_active_AMT_DOWN_PAYMENT_d_AMT_GOODS_PRICE_pctchange_std,0.0,0
1,f104_active_AMT_DOWN_PAYMENT_d_AMT_GOODS_PRICE_pctchange_mean,0.0,0
1,f104_active_AMT_DOWN_PAYMENT_d_AMT_GOODS_PRICE_diff_max,63.098440170288086,6
1,f104_active_AMT_DOWN_PAYMENT_d_AMT_GOODS_PRICE_diff_mean,81.34769058227539,9
1,f104_active_AMT_DOWN_PAYMENT_d_AMT_GOODS_PRICE_pctchange_max,0.0,0
1,f104_active_AMT_GOODS_PRICE_d_AMT_ANNUITY_diff_mean,220.7135729789734,19
1,f104_active_AMT_GOODS_PRICE_d_AMT_ANNUITY_pctchange_std,0.0,0
1,f104_active_AMT_GOODS_PRICE_d_AMT_ANNUITY_diff_std,0.0,0
1,f104_active_AMT_GOODS_PRICE_d_AMT_ANNUITY_diff_std_div_mean,13.452810287475586,2
1,f104_active_AMT_GOODS_PRICE_d_AMT_ANNUITY_diff_max,231.05641865730286,22
1,f104_active_AMT_GOODS_PRICE_d_AMT_CREDIT_diff_std,8.300390243530273,1
1,f104_active_AMT_GOODS_PRICE_d_AMT_ANNUITY_mean,298.0946536064148,24
1,f104_active_AMT_GOODS_PRICE_d_AMT_ANNUITY_std_div_mean,0.0,0
1,f104_active_AMT_GOODS_PRICE_d_AMT_ANNUITY_pctchange_std_div_mean,0.0,0
1,f104_active_AMT_GOODS_PRICE_d_AMT_ANNUITY_pctchange_mean,149.4626202583313,14
1,f104_active_AMT_GOODS_PRICE_d_AMT_ANNUITY_diff_min,184.26317977905273,18
1,f104_active_AMT_GOODS_PRICE_d_AMT_ANNUITY_pctchange_max,170.99321937561035,14
1,f104_active_AMT_GOODS_PRICE_d_AMT_ANNUITY_pctchange_min,195.3009786605835,18
1,f104_active_AMT_GOODS_PRICE_d_AMT_CREDIT_diff_std_div_mean,14.007430076599121,2
1,f104_active_AMT_GOODS_PRICE_d_AMT_ANNUITY_max_div_min,0.0,0
1,f104_active_AMT_GOODS_PRICE_d_AMT_ANNUITY_min,473.05987644195557,38
1,f104_active_AMT_GOODS_PRICE_d_AMT_ANNUITY_max,335.3680500984192,33
1,f104_active_AMT_GOODS_PRICE_d_AMT_ANNUITY_std,6.029640197753906,1
1,f104_active_AMT_GOODS_PRICE_d_AMT_CREDIT_std,18.704890251159668,2
1,f104_active_AMT_GOODS_PRICE_d_AMT_CREDIT_pctchange_std,7.565159797668457,1
1,f104_active_AMT_GOODS_PRICE_d_AMT_CREDIT_diff_min,638.5465021133423,61
1,f104_active_AMT_GOODS_PRICE_d_AMT_CREDIT_diff_mean,370.10191011428833,35
1,f104_active_AMT_GOODS_PRICE_d_AMT_CREDIT_diff_max,560.4282855987549,48
1,f104_active_AMT_GOODS_PRICE_d_AMT_CREDIT_max,169.44366073608398,18
1,f104_active_AMT_GOODS_PRICE_d_AMT_CREDIT_std_div_mean,0.0,0
1,f104_active_AMT_GOODS_PRICE_d_AMT_CREDIT_mean,250.38818979263306,22
1,f104_active_AMT_GOODS_PRICE_d_app_AMT_ANNUITY_diff_std_div_mean,0.0,0
1,f104_active_AMT_GOODS_PRICE_d_AMT_CREDIT_max_div_min,0.0,0
1,f104_active_AMT_GOODS_PRICE_d_app_AMT_ANNUITY_max_div_min,0.0,0
1,f104_active_AMT_GOODS_PRICE_d_AMT_CREDIT_min,163.3160696029663,16
1,f104_active_AMT_GOODS_PRICE_d_app_AMT_ANNUITY_diff_mean,38.96821928024292,4
1,f104_active_AMT_GOODS_PRICE_d_app_AMT_ANNUITY_pctchange_std,0.0,0
1,f104_active_AMT_GOODS_PRICE_d_app_AMT_ANNUITY_diff_std,0.0,0
1,f104_active_AMT_GOODS_PRICE_d_app_AMT_ANNUITY_diff_max_div_min,12.006699562072754,1
1,f104_active_AMT_GOODS_PRICE_d_app_AMT_ANNUITY_mean,86.89113998413086,6
1,f104_active_AMT_GOODS_PRICE_d_app_AMT_ANNUITY_max,18.22368049621582,2
1,f104_active_AMT_GOODS_PRICE_d_app_AMT_ANNUITY_diff_max,136.72885012626648,15
1,f104_active_AMT_GOODS_PRICE_d_app_AMT_ANNUITY_diff_min,26.330829620361328,3
1,f104_active_AMT_GOODS_PRICE_d_app_AMT_ANNUITY_std_div_mean,0.0,0
1,f104_active_AMT_GOODS_PRICE_d_app_AMT_ANNUITY_pctchange_mean,14.74120044708252,1
1,f104_active_AMT_GOODS_PRICE_d_app_AMT_CREDIT_diff_max,98.83081912994385,8
1,f104_active_AMT_GOODS_PRICE_d_app_AMT_ANNUITY_min,7.915030002593994,1
1,f104_active_AMT_GOODS_PRICE_d_app_AMT_CREDIT_diff_max_div_min,0.0,0
1,f104_active_AMT_GOODS_PRICE_d_app_AMT_ANNUITY_pctchange_max,0.0,0
1,f104_active_AMT_GOODS_PRICE_d_app_AMT_ANNUITY_pctchange_min,0.0,0
1,f104_active_AMT_GOODS_PRICE_d_app_AMT_CREDIT_pctchange_std,0.0,0
1,f104_active_AMT_GOODS_PRICE_d_app_AMT_CREDIT_mean,37.7412691116333,3
1,f104_active_AMT_GOODS_PRICE_d_app_AMT_CREDIT_diff_std_div_mean,0.0,0
1,f104_active_AMT_GOODS_PRICE_d_app_AMT_CREDIT_pctchange_max,11.452699661254883,1
1,f104_active_AMT_GOODS_PRICE_d_app_AMT_CREDIT_min,29.644929885864258,3
1,f104_active_AMT_GOODS_PRICE_d_app_AMT_CREDIT_std,0.0,0
1,f104_active_AMT_GOODS_PRICE_d_app_AMT_CREDIT_max,16.819010257720947,2
1,f104_active_AMT_GOODS_PRICE_d_app_AMT_CREDIT_std_div_mean,0.0,0
1,f104_active_AMT_GOODS_PRICE_d_app_AMT_CREDIT_max_div_min,0.0,0
1,f104_active_AMT_GOODS_PRICE_d_app_AMT_CREDIT_diff_min,76.08428907394409,7
1,f104_active_AMT_GOODS_PRICE_d_app_AMT_GOODS_PRICE_diff_max_div_min,0.0,0
1,f104_active_AMT_GOODS_PRICE_d_app_AMT_CREDIT_diff_mean,33.39030933380127,3
1,f104_active_AMT_GOODS_PRICE_d_app_AMT_GOODS_PRICE_diff_max,89.9422607421875,10
2,f104_active_AMT_GOODS_PRICE_d_app_AMT_GOODS_PRICE_pctchange_std,0.0,0
2,f104_active_AMT_GOODS_PRICE_d_app_AMT_GOODS_PRICE_diff_std_div_mean,0.0,0
2,f104_active_AMT_GOODS_PRICE_d_app_AMT_GOODS_PRICE_std_div_mean,0.0,0
2,f104_active_AMT_GOODS_PRICE_d_app_AMT_CREDIT_pctchange_mean,97.61467981338501,11
2,f104_active_AMT_GOODS_PRICE_d_app_AMT_INCOME_TOTAL_diff_std,0.0,0
2,f104_active_AMT_GOODS_PRICE_d_app_AMT_GOODS_PRICE_max,30.414779663085938,3
2,f104_active_AMT_GOODS_PRICE_d_app_AMT_GOODS_PRICE_diff_min,87.26907157897949,7
2,f104_active_AMT_GOODS_PRICE_d_app_AMT_CREDIT_pctchange_min,71.41442918777466,8
2,f104_active_AMT_GOODS_PRICE_d_app_AMT_GOODS_PRICE_pctchange_max,66.20934104919434,6
2,f104_active_AMT_GOODS_PRICE_d_app_AMT_GOODS_PRICE_diff_mean,67.38684034347534,5
2,f104_active_AMT_GOODS_PRICE_d_app_AMT_GOODS_PRICE_mean,56.022440910339355,5
2,f104_active_AMT_GOODS_PRICE_d_app_AMT_GOODS_PRICE_min,110.90672969818115,9
2,f104_active_AMT_GOODS_PRICE_d_app_AMT_INCOME_TOTAL_pctchange_std,0.0,0
2,f104_active_AMT_GOODS_PRICE_d_app_AMT_GOODS_PRICE_std,0.0,0
2,f104_active_AMT_GOODS_PRICE_d_app_AMT_INCOME_TOTAL_diff_std_div_mean,0.0,0
2,f104_active_AMT_GOODS_PRICE_d_app_AMT_GOODS_PRICE_max_div_min,0.0,0
2,f104_active_AMT_GOODS_PRICE_d_app_AMT_GOODS_PRICE_pctchange_mean,13.124199867248535,1
2,f104_active_AMT_GOODS_PRICE_d_app_AMT_INCOME_TOTAL_mean,33.050800800323486,3
2,f104_active_AMT_GOODS_PRICE_d_app_AMT_GOODS_PRICE_pctchange_min,21.972310066223145,2
2,f104_active_AMT_GOODS_PRICE_d_app_AMT_INCOME_TOTAL_diff_min,61.15385913848877,5
2,f104_active_AMT_GOODS_PRICE_d_app_AMT_INCOME_TOTAL_diff_max_div_min,30.05600070953369,2
2,f104_active_AMT_GOODS_PRICE_d_app_AMT_INCOME_TOTAL_diff_mean,13.169400215148926,1
2,f104_active_AMT_GOODS_PRICE_d_app_AMT_INCOME_TOTAL_diff_max,89.20118999481201,8
2,f104_active_AMT_GOODS_PRICE_d_app_AMT_INCOME_TOTAL_max_div_min,0.0,0
2,f104_active_AMT_GOODS_PRICE_d_app_AMT_INCOME_TOTAL_pctchange_max,9.773059844970703,1
2,f104_active_AMT_GOODS_PRICE_d_total_debt_diff_std,0.0,0
2,f104_active_AMT_GOODS_PRICE_d_app_AMT_INCOME_TOTAL_max,102.89774990081787,8
2,f104_active_AMT_GOODS_PRICE_d_app_AMT_INCOME_TOTAL_pctchange_mean,9.449139595031738,1
2,f104_active_AMT_GOODS_PRICE_d_app_AMT_INCOME_TOTAL_min,10.571999549865723,1
2,f104_active_AMT_GOODS_PRICE_d_app_AMT_INCOME_TOTAL_pctchange_min,0.0,0
2,f104_active_AMT_GOODS_PRICE_d_total_debt_pctchange_std_div_mean,8.459460258483887,1
2,f104_active_AMT_GOODS_PRICE_d_total_debt_pctchange_std,0.0,0
2,f104_active_AMT_GOODS_PRICE_d_total_debt_max,216.94639015197754,13
2,f104_active_AMT_GOODS_PRICE_d_app_AMT_INCOME_TOTAL_std_div_mean,0.0,0
2,f104_active_AMT_GOODS_PRICE_d_total_debt_max_div_min,0.0,0
2,f104_active_AMT_GOODS_PRICE_d_total_debt_mean,372.067316532135,19
2,f104_active_AMT_GOODS_PRICE_m_app_AMT_GOODS_PRICE_d_app_AMT_INCOME_TOTAL_std_div_mean,6.737130165100098,1
2,f104_active_AMT_GOODS_PRICE_m_app_AMT_GOODS_PRICE_d_app_AMT_INCOME_TOTAL_diff_std_div_mean,0.0,0
2,f104_active_AMT_GOODS_PRICE_d_total_debt_min,450.28913021087646,28
2,f104_active_AMT_GOODS_PRICE_d_total_debt_std_div_mean,0.0,0
2,f104_active_AMT_GOODS_PRICE_m_app_AMT_GOODS_PRICE_d_app_AMT_INCOME_TOTAL_diff_std,0.0,0
2,f104_active_AMT_GOODS_PRICE_m_app_AMT_GOODS_PRICE_d_app_AMT_INCOME_TOTAL_diff_max_div_min,8.71282958984375,1
2,f104_active_AMT_GOODS_PRICE_m_app_AMT_GOODS_PRICE_d_app_AMT_INCOME_TOTAL_mean,65.73119926452637,4
2,f104_active_AMT_GOODS_PRICE_m_app_AMT_GOODS_PRICE_d_app_AMT_INCOME_TOTAL_diff_mean,31.24333953857422,3
2,f104_active_AMT_GOODS_PRICE_m_app_AMT_GOODS_PRICE_d_app_AMT_INCOME_TOTAL_max,83.6809492111206,7
2,f104_active_AMT_GOODS_PRICE_m_app_AMT_GOODS_PRICE_d_app_AMT_INCOME_TOTAL_diff_max,38.97770977020264,3
2,f104_active_AMT_GOODS_PRICE_m_app_AMT_GOODS_PRICE_d_app_AMT_INCOME_TOTAL_diff_min,42.51841068267822,4
2,f104_active_AMT_GOODS_PRICE_m_app_AMT_GOODS_PRICE_d_app_AMT_INCOME_TOTAL_min,47.24419975280762,4
2,f104_active_AMT_GOODS_PRICE_s_app_AMT_ANNUITY_d_app_AMT_INCOME_TOTAL_diff_std,0.0,0
2,f104_active_AMT_GOODS_PRICE_s_app_AMT_ANNUITY_d_app_AMT_INCOME_TOTAL_diff_std_div_mean,0.0,0
2,f104_active_AMT_GOODS_PRICE_m_app_AMT_GOODS_PRICE_d_app_AMT_INCOME_TOTAL_pctchange_std,0.0,0
2,f104_active_AMT_GOODS_PRICE_mean,17.60743999481201,2
2,f104_active_AMT_GOODS_PRICE_max,33.781800270080566,2
2,f104_active_AMT_GOODS_PRICE_s_app_AMT_ANNUITY_d_app_AMT_INCOME_TOTAL_diff_mean,0.0,0
2,f104_active_AMT_GOODS_PRICE_min,55.01411962509155,5
2,f104_active_AMT_GOODS_PRICE_s_app_AMT_ANNUITY_d_app_AMT_INCOME_TOTAL_max,164.9806694984436,15
2,f104_active_AMT_GOODS_PRICE_s_app_AMT_ANNUITY_d_app_AMT_INCOME_TOTAL_diff_max_div_min,0.0,0
2,f104_active_AMT_GOODS_PRICE_max_div_min,0.0,0
2,f104_active_AMT_GOODS_PRICE_s_app_AMT_ANNUITY_diff_std_div_mean,0.0,0
2,f104_active_AMT_GOODS_PRICE_s_app_AMT_ANNUITY_d_app_AMT_INCOME_TOTAL_pctchange_std_div_mean,0.0,0
2,f104_active_AMT_GOODS_PRICE_s_app_AMT_ANNUITY_d_app_AMT_INCOME_TOTAL_diff_min,0.0,0
2,f104_active_AMT_GOODS_PRICE_s_app_AMT_ANNUITY_d_app_AMT_INCOME_TOTAL_diff_max,0.0,0
2,f104_active_AMT_GOODS_PRICE_s_app_AMT_ANNUITY_d_app_AMT_INCOME_TOTAL_min,56.968549728393555,6
2,f104_active_AMT_GOODS_PRICE_s_app_AMT_ANNUITY_d_app_AMT_INCOME_TOTAL_std_div_mean,0.0,0
2,f104_active_AMT_GOODS_PRICE_s_app_AMT_ANNUITY_d_app_AMT_INCOME_TOTAL_mean,97.50575017929077,8
2,f104_active_AMT_GOODS_PRICE_s_app_AMT_ANNUITY_std_div_mean,0.0,0
2,f104_active_AMT_GOODS_PRICE_s_app_AMT_ANNUITY_diff_max_div_min,0.0,0
2,f104_active_AMT_GOODS_PRICE_s_app_AMT_ANNUITY_diff_max,66.69050979614258,6
2,f104_active_AMT_GOODS_PRICE_s_app_AMT_ANNUITY_d_app_AMT_INCOME_TOTAL_max_div_min,0.0,0
2,f104_active_AMT_GOODS_PRICE_s_app_AMT_ANNUITY_diff_mean,81.40022087097168,7
2,f104_active_AMT_GOODS_PRICE_s_app_AMT_ANNUITY_diff_std,0.0,0
2,f104_active_AMT_GOODS_PRICE_s_app_AMT_ANNUITY_max,35.85072946548462,4
2,f104_active_AMT_GOODS_PRICE_s_app_AMT_ANNUITY_pctchange_std_div_mean,0.0,0
2,f104_active_AMT_GOODS_PRICE_s_app_AMT_ANNUITY_max_div_min,0.0,0
2,f104_active_AMT_GOODS_PRICE_s_app_AMT_ANNUITY_diff_min,46.641809940338135,5
2,f104_active_AMT_GOODS_PRICE_s_app_AMT_ANNUITY_mean,38.75820064544678,3
2,f104_active_AMT_GOODS_PRICE_s_app_AMT_CREDIT_d_app_AMT_INCOME_TOTAL_diff_std,0.0,0
2,f104_active_AMT_GOODS_PRICE_s_app_AMT_ANNUITY_std,10.57450008392334,1
2,f104_active_AMT_GOODS_PRICE_s_app_AMT_CREDIT_d_app_AMT_INCOME_TOTAL_diff_mean,0.0,0
2,f104_active_AMT_GOODS_PRICE_s_app_AMT_ANNUITY_min,28.82154941558838,3
2,f104_active_AMT_GOODS_PRICE_s_app_AMT_CREDIT_d_app_AMT_INCOME_TOTAL_diff_max,0.0,0
2,f104_active_AMT_GOODS_PRICE_s_app_AMT_CREDIT_d_app_AMT_INCOME_TOTAL_diff_std_div_mean,0.0,0
2,f104_active_AMT_GOODS_PRICE_s_app_AMT_CREDIT_d_app_AMT_INCOME_TOTAL_max,71.95833015441895,6
2,f104_active_AMT_GOODS_PRICE_s_app_AMT_CREDIT_d_app_AMT_INCOME_TOTAL_pctchange_std,0.0,0
2,f104_active_AMT_GOODS_PRICE_s_app_AMT_CREDIT_d_app_AMT_INCOME_TOTAL_diff_max_div_min,0.0,0
2,f104_active_AMT_GOODS_PRICE_s_app_AMT_CREDIT_d_app_AMT_INCOME_TOTAL_min,100.83352088928223,8
2,f104_active_AMT_GOODS_PRICE_s_app_AMT_CREDIT_d_app_AMT_INCOME_TOTAL_mean,50.91700077056885,3
2,f104_active_AMT_GOODS_PRICE_s_app_AMT_CREDIT_diff_max_div_min,0.0,0
2,f104_active_AMT_GOODS_PRICE_s_app_AMT_CREDIT_d_app_AMT_INCOME_TOTAL_diff_min,9.587679862976074,1
2,f104_active_AMT_GOODS_PRICE_s_app_AMT_CREDIT_diff_std,0.0,0
2,f104_active_AMT_GOODS_PRICE_s_app_AMT_CREDIT_diff_mean,0.0,0
2,f104_active_AMT_GOODS_PRICE_s_app_AMT_CREDIT_diff_std_div_mean,0.0,0
2,f104_active_AMT_GOODS_PRICE_s_app_AMT_CREDIT_diff_max,40.57931041717529,3
2,f104_active_AMT_GOODS_PRICE_s_app_AMT_CREDIT_diff_min,11.344400405883789,1
2,f104_active_AMT_GOODS_PRICE_s_app_AMT_CREDIT_min,180.30846977233887,11
2,f104_active_AMT_GOODS_PRICE_s_app_AMT_CREDIT_pctchange_std,0.0,0
2,f104_active_AMT_GOODS_PRICE_s_app_AMT_CREDIT_std,0.0,0
2,f104_active_AMT_GOODS_PRICE_s_app_AMT_GOODS_PRICE_diff_std,0.0,0
2,f104_active_AMT_GOODS_PRICE_s_app_AMT_CREDIT_max,63.1839714050293,4
2,f104_active_AMT_GOODS_PRICE_s_app_AMT_CREDIT_mean,68.15819883346558,6
2,f104_active_AMT_GOODS_PRICE_s_app_AMT_GOODS_PRICE_diff_std_div_mean,0.0,0
2,f104_active_AMT_GOODS_PRICE_s_app_AMT_GOODS_PRICE_pctchange_std,0.0,0
2,f104_active_AMT_GOODS_PRICE_s_app_AMT_GOODS_PRICE_diff_mean,0.0,0
2,f104_active_AMT_GOODS_PRICE_s_app_AMT_GOODS_PRICE_diff_max,0.0,0
2,f104_active_AMT_GOODS_PRICE_s_app_AMT_GOODS_PRICE_diff_min,19.023249626159668,2
2,f104_active_AMT_GOODS_PRICE_s_app_AMT_GOODS_PRICE_max,103.21919918060303,8
2,f104_active_AMT_GOODS_PRICE_s_app_AMT_INCOME_TOTAL_diff_std,0.0,0
2,f104_active_AMT_GOODS_PRICE_s_app_AMT_INCOME_TOTAL_diff_std_div_mean,0.0,0
2,f104_active_AMT_GOODS_PRICE_s_app_AMT_GOODS_PRICE_std_div_mean,0.0,0
2,f104_active_AMT_GOODS_PRICE_s_app_AMT_GOODS_PRICE_diff_max_div_min,0.0,0
2,f104_active_AMT_GOODS_PRICE_s_app_AMT_GOODS_PRICE_mean,9.914369583129883,1
2,f104_active_AMT_GOODS_PRICE_s_app_AMT_GOODS_PRICE_min,64.16792106628418,5
2,f104_active_AMT_GOODS_PRICE_s_app_AMT_INCOME_TOTAL_mean,34.846680641174316,3
2,f104_active_AMT_GOODS_PRICE_s_app_AMT_INCOME_TOTAL_diff_max,0.0,0
2,f104_active_AMT_GOODS_PRICE_s_app_AMT_INCOME_TOTAL_diff_max_div_min,0.0,0
2,f104_active_AMT_GOODS_PRICE_s_app_AMT_GOODS_PRICE_std,0.0,0
2,f104_active_AMT_GOODS_PRICE_s_app_AMT_INCOME_TOTAL_pctchange_std_div_mean,0.0,0
2,f104_active_AMT_GOODS_PRICE_s_app_AMT_INCOME_TOTAL_diff_mean,0.0,0
2,f104_active_AMT_GOODS_PRICE_s_app_AMT_INCOME_TOTAL_diff_min,0.0,0
2,f104_active_AMT_GOODS_PRICE_s_app_AMT_INCOME_TOTAL_max,77.464430809021,8
2,f104_active_AMT_GOODS_PRICE_s_app_AMT_INCOME_TOTAL_std,0.0,0
2,f104_active_AMT_GOODS_PRICE_s_app_AMT_INCOME_TOTAL_pctchange_std,0.0,0
2,f104_active_AMT_GOODS_PRICE_s_app_AMT_INCOME_TOTAL_std_div_mean,0.0,0
2,f104_active_AMT_GOODS_PRICE_std_div_mean,0.0,0
2,f104_active_AMT_GOODS_PRICE_s_app_AMT_INCOME_TOTAL_min,123.18178081512451,10
2,f104_active_AMT_GOODS_PRICE_std,0.0,0
2,f104_active_CHANNEL_TYPE_AP___Cash_loan__sum,0.0,0
2,f104_active_CHANNEL_TYPE_Regional___Local_sum,0.0,0
2,f104_active_CHANNEL_TYPE_AP___Cash_loan__mean,0.0,0
2,f104_active_CNT_PAYMENT_std,0.0,0
2,f104_active_DAYS_DECISION_d_app_DAYS_EMPLOYED_std,0.0,0
2,f104_active_DAYS_DECISION_d_app_DAYS_BIRTH_std_div_mean,0.0,0
2,f104_active_CNT_PAYMENT_std_div_mean,0.0,0
2,f104_active_DAYS_DECISION_d_app_DAYS_BIRTH_max_div_min,0.0,0
2,f104_active_CNT_PAYMENT_max,0.0,0
2,f104_active_DAYS_DECISION_d_app_DAYS_EMPLOYED_std_div_mean,16.484699249267578,1
2,f104_active_CNT_PAYMENT_max_div_min,0.0,0
2,f104_active_CNT_PAYMENT_mean,0.0,0
2,f104_active_DAYS_DECISION_d_app_DAYS_BIRTH_max,90.61566019058228,9
2,f104_active_DAYS_DECISION_d_app_DAYS_BIRTH_mean,92.5791802406311,8
2,f104_active_DAYS_DECISION_d_app_DAYS_ID_PUBLISH_std_div_mean,0.0,0
2,f104_active_DAYS_DECISION_d_app_DAYS_ID_PUBLISH_std,0.0,0
2,f104_active_CODE_REJECT_REASON_XAP_sum,0.0,0
2,f104_active_DAYS_DECISION_d_app_DAYS_EMPLOYED_max,109.01337051391602,8
2,f104_active_DAYS_DECISION_d_app_DAYS_EMPLOYED_max_div_min,0.0,0
2,f104_active_DAYS_DECISION_d_app_DAYS_BIRTH_min,166.3848214149475,15
2,f104_active_DAYS_DECISION_d_app_DAYS_EMPLOYED_mean,118.46645832061768,10
2,f104_active_DAYS_DECISION_d_app_DAYS_LAST_PHONE_CHANGE_std_div_mean,0.0,0
2,f104_active_DAYS_DECISION_d_app_DAYS_REGISTRATION_std,0.0,0
2,f104_active_DAYS_DECISION_d_app_DAYS_REGISTRATION_std_div_mean,0.0,0
2,f104_active_DAYS_DECISION_d_app_DAYS_ID_PUBLISH_max_div_min,0.0,0
2,f104_active_DAYS_DECISION_d_app_DAYS_EMPLOYED_min,91.94151163101196,8
2,f104_active_DAYS_DECISION_d_app_DAYS_LAST_PHONE_CHANGE_max_div_min,0.0,0
2,f104_active_DAYS_DECISION_s_app_DAYS_EMPLOYED_std,0.0,0
2,f104_active_DAYS_DECISION_s_app_DAYS_BIRTH_mean,116.07133960723877,9
2,f104_active_DAYS_DECISION_s_app_DAYS_BIRTH_std,0.0,0
2,f104_active_DAYS_DECISION_s_app_DAYS_BIRTH_max,38.90427017211914,3
2,f104_active_DAYS_DECISION_s_app_DAYS_EMPLOYED_min,58.0064902305603,5
2,f104_active_DAYS_DECISION_s_app_DAYS_BIRTH_min,52.32040023803711,4
2,f104_active_DAYS_DECISION_s_app_DAYS_ID_PUBLISH_std,0.0,0
2,f104_active_DAYS_DECISION_s_app_DAYS_LAST_PHONE_CHANGE_std,0.0,0
2,f104_active_DAYS_DECISION_d_app_DAYS_REGISTRATION_max_div_min,0.0,0
2,f104_active_DAYS_DECISION_s_app_DAYS_EMPLOYED_mean,0.0,0
2,f104_active_DAYS_DECISION_s_app_DAYS_EMPLOYED_max,9.282449722290039,1
2,f104_active_DAYS_FIRST_DRAWING_d_app_DAYS_BIRTH_mean,0.0,0
2,f104_active_DAYS_FIRST_DRAWING_d_app_DAYS_BIRTH_max,0.0,0
2,f104_active_DAYS_FIRST_DRAWING_d_app_DAYS_BIRTH_max_div_min,0.0,0
2,f104_active_DAYS_DECISION_s_app_DAYS_LAST_PHONE_CHANGE_mean,147.94824075698853,14
2,f104_active_DAYS_DECISION_s_app_DAYS_LAST_PHONE_CHANGE_min,82.26087951660156,7
2,f104_active_DAYS_DECISION_s_app_DAYS_LAST_PHONE_CHANGE_std_div_mean,0.0,0
2,f104_active_DAYS_DECISION_s_app_DAYS_LAST_PHONE_CHANGE_max,86.92990207672119,7
2,f104_active_DAYS_DECISION_s_app_DAYS_REGISTRATION_std,0.0,0
2,f104_active_DAYS_DECISION_s_app_DAYS_REGISTRATION_max,92.12921142578125,8
2,f104_active_DAYS_FIRST_DRAWING_d_app_DAYS_EMPLOYED_std,0.0,0
2,f104_active_DAYS_DECISION_s_app_DAYS_REGISTRATION_std_div_mean,0.0,0
2,f104_active_DAYS_DECISION_s_app_DAYS_REGISTRATION_min,45.410399436950684,4
2,f104_active_DAYS_FIRST_DRAWING_d_app_DAYS_BIRTH_std_div_mean,0.0,0
2,f104_active_DAYS_FIRST_DRAWING_d_app_DAYS_EMPLOYED_max,0.0,0
2,f104_active_DAYS_FIRST_DRAWING_d_app_DAYS_EMPLOYED_std_div_mean,0.0,0
2,f104_active_DAYS_FIRST_DRAWING_d_app_DAYS_EMPLOYED_max_div_min,0.0,0
2,f104_active_DAYS_FIRST_DRAWING_d_app_DAYS_BIRTH_min,0.0,0
2,f104_active_DAYS_DECISION_s_app_DAYS_REGISTRATION_mean,10.239999771118164,1
2,f104_active_DAYS_FIRST_DRAWING_d_app_DAYS_ID_PUBLISH_max,0.0,0
2,f104_active_DAYS_FIRST_DRAWING_d_app_DAYS_EMPLOYED_mean,0.0,0
2,f104_active_DAYS_FIRST_DRAWING_d_app_DAYS_ID_PUBLISH_max_div_min,0.0,0
2,f104_active_DAYS_FIRST_DRAWING_d_app_DAYS_LAST_PHONE_CHANGE_std,0.0,0
2,f104_active_DAYS_FIRST_DRAWING_d_app_DAYS_ID_PUBLISH_min,0.0,0
2,f104_active_DAYS_FIRST_DRAWING_d_app_DAYS_LAST_PHONE_CHANGE_max,0.0,0
2,f104_active_DAYS_FIRST_DRAWING_d_app_DAYS_BIRTH_std,0.0,0
2,f104_active_DAYS_FIRST_DRAWING_d_app_DAYS_EMPLOYED_min,0.0,0
2,f104_active_DAYS_FIRST_DRAWING_d_app_DAYS_LAST_PHONE_CHANGE_max_div_min,0.0,0
2,f104_active_DAYS_FIRST_DRAWING_d_app_DAYS_LAST_PHONE_CHANGE_min,0.0,0
2,f104_active_DAYS_FIRST_DRAWING_d_app_DAYS_ID_PUBLISH_std_div_mean,0.0,0
2,f104_active_DAYS_FIRST_DRAWING_d_app_DAYS_LAST_PHONE_CHANGE_mean,0.0,0
2,f104_active_DAYS_FIRST_DRAWING_d_app_DAYS_ID_PUBLISH_std,0.0,0
2,f104_active_DAYS_FIRST_DRAWING_d_app_DAYS_ID_PUBLISH_mean,0.0,0
2,f104_active_DAYS_FIRST_DRAWING_d_app_DAYS_REGISTRATION_max_div_min,0.0,0
2,f104_active_DAYS_FIRST_DRAWING_d_app_DAYS_REGISTRATION_mean,0.0,0
2,f104_active_DAYS_FIRST_DRAWING_d_app_DAYS_REGISTRATION_std_div_mean,0.0,0
2,f104_active_DAYS_FIRST_DRAWING_d_app_DAYS_REGISTRATION_min,0.0,0
2,f104_active_DAYS_FIRST_DRAWING_s_DAYS_DECISIONS_max_div_min,0.0,0
2,f104_active_DAYS_FIRST_DRAWING_s_DAYS_DECISIONS_mean,0.0,0
2,f104_active_DAYS_FIRST_DRAWING_s_DAYS_DECISIONS_max,0.0,0
2,f104_active_DAYS_FIRST_DRAWING_d_app_DAYS_REGISTRATION_std,0.0,0
2,f104_active_DAYS_FIRST_DRAWING_d_app_DAYS_REGISTRATION_max,0.0,0
2,f104_active_DAYS_FIRST_DRAWING_d_app_DAYS_LAST_PHONE_CHANGE_std_div_mean,0.0,0
2,f104_active_DAYS_FIRST_DRAWING_s_app_DAYS_BIRTH_max,0.0,0
2,f104_active_DAYS_FIRST_DRAWING_s_DAYS_DECISIONS_std_div_mean,0.0,0
2,f104_active_DAYS_FIRST_DRAWING_s_app_DAYS_BIRTH_min,0.0,0
2,f104_active_DAYS_FIRST_DRAWING_s_DAYS_DECISIONS_std,0.0,0
2,f104_active_DAYS_FIRST_DRAWING_s_app_DAYS_BIRTH_std,0.0,0
2,f104_active_DAYS_FIRST_DRAWING_s_app_DAYS_EMPLOYED_max,0.0,0
2,f104_active_DAYS_FIRST_DRAWING_s_app_DAYS_BIRTH_max_div_min,0.0,0
2,f104_active_DAYS_FIRST_DRAWING_s_DAYS_DECISIONS_min,0.0,0
2,f104_active_DAYS_FIRST_DRAWING_s_app_DAYS_BIRTH_mean,0.0,0
2,f104_active_DAYS_FIRST_DRAWING_s_app_DAYS_EMPLOYED_std_div_mean,0.0,0
2,f104_active_DAYS_FIRST_DRAWING_s_app_DAYS_ID_PUBLISH_mean,0.0,0
2,f104_active_DAYS_FIRST_DRAWING_s_app_DAYS_BIRTH_std_div_mean,0.0,0
2,f104_active_DAYS_FIRST_DRAWING_s_app_DAYS_ID_PUBLISH_max,0.0,0
2,f104_active_DAYS_FIRST_DRAWING_s_app_DAYS_ID_PUBLISH_std,0.0,0
2,f104_active_DAYS_FIRST_DRAWING_s_app_DAYS_EMPLOYED_mean,0.0,0
2,f104_active_DAYS_FIRST_DRAWING_s_app_DAYS_EMPLOYED_min,0.0,0
2,f104_active_DAYS_FIRST_DRAWING_s_app_DAYS_ID_PUBLISH_max_div_min,0.0,0
2,f104_active_DAYS_FIRST_DRAWING_s_app_DAYS_ID_PUBLISH_min,0.0,0
2,f104_active_DAYS_FIRST_DRAWING_s_app_DAYS_EMPLOYED_std,0.0,0
2,f104_active_DAYS_FIRST_DRAWING_s_app_DAYS_LAST_PHONE_CHANGE_std_div_mean,0.0,0
2,f104_active_DAYS_FIRST_DRAWING_s_app_DAYS_LAST_PHONE_CHANGE_std,0.0,0
2,f104_active_DAYS_FIRST_DRAWING_s_app_DAYS_LAST_PHONE_CHANGE_mean,0.0,0
2,f104_active_DAYS_FIRST_DRAWING_s_app_DAYS_LAST_PHONE_CHANGE_max_div_min,0.0,0
2,f104_active_DAYS_FIRST_DRAWING_s_app_DAYS_EMPLOYED_max_div_min,0.0,0
2,f104_active_DAYS_FIRST_DRAWING_s_app_DAYS_LAST_PHONE_CHANGE_min,0.0,0
2,f104_active_DAYS_FIRST_DRAWING_s_app_DAYS_REGISTRATION_max_div_min,0.0,0
2,f104_active_DAYS_FIRST_DRAWING_s_app_DAYS_REGISTRATION_mean,0.0,0
2,f104_active_DAYS_FIRST_DRAWING_s_app_DAYS_REGISTRATION_std,0.0,0
2,f104_active_DAYS_FIRST_DRAWING_s_app_DAYS_ID_PUBLISH_std_div_mean,0.0,0
2,f104_active_DAYS_FIRST_DRAWING_s_app_DAYS_REGISTRATION_max,0.0,0
2,f104_active_DAYS_FIRST_DRAWING_s_app_DAYS_REGISTRATION_min,0.0,0
2,f104_active_DAYS_FIRST_DRAWING_s_app_DAYS_LAST_PHONE_CHANGE_max,0.0,0
2,f104_active_DAYS_FIRST_DUE_d_app_DAYS_BIRTH_std_div_mean,0.0,0
2,f104_active_DAYS_FIRST_DRAWING_s_app_DAYS_REGISTRATION_std_div_mean,0.0,0
2,f104_active_DAYS_FIRST_DUE_d_app_DAYS_BIRTH_max_div_min,0.0,0
2,f104_active_DAYS_FIRST_DUE_d_app_DAYS_BIRTH_max,102.52093029022217,9
2,f104_active_DAYS_FIRST_DUE_d_app_DAYS_EMPLOYED_std_div_mean,0.0,0
2,f104_active_DAYS_FIRST_DUE_d_app_DAYS_EMPLOYED_max,45.12909984588623,3
2,f104_active_DAYS_FIRST_DUE_d_app_DAYS_BIRTH_mean,86.43554973602295,8
2,f104_active_DAYS_FIRST_DUE_d_app_DAYS_EMPLOYED_max_div_min,0.0,0
2,f104_active_DAYS_FIRST_DUE_d_app_DAYS_BIRTH_min,101.27783107757568,8
2,f104_active_DAYS_FIRST_DUE_d_app_DAYS_EMPLOYED_std,0.0,0
2,f104_active_DAYS_FIRST_DUE_d_app_DAYS_ID_PUBLISH_std,0.0,0
2,f104_active_DAYS_FIRST_DUE_d_app_DAYS_EMPLOYED_min,54.025200843811035,4
2,f104_active_DAYS_FIRST_DUE_d_app_DAYS_ID_PUBLISH_max_div_min,0.0,0
2,f104_active_DAYS_FIRST_DUE_d_app_DAYS_LAST_PHONE_CHANGE_std_div_mean,0.0,0
2,f104_active_DAYS_FIRST_DUE_d_app_DAYS_ID_PUBLISH_std_div_mean,0.0,0
2,f104_active_DAYS_FIRST_DUE_d_app_DAYS_EMPLOYED_mean,17.25922966003418,2
2,f104_active_DAYS_FIRST_DUE_d_app_DAYS_REGISTRATION_std,0.0,0
2,f104_active_DAYS_FIRST_DUE_s_DAYS_FIRST_DRAWING_max,0.0,0
2,f104_active_DAYS_FIRST_DUE_d_app_DAYS_LAST_PHONE_CHANGE_max_div_min,0.0,0
2,f104_active_DAYS_FIRST_DUE_d_app_DAYS_REGISTRATION_max_div_min,0.0,0
2,f104_active_DAYS_FIRST_DUE_s_DAYS_FIRST_DRAWING_max_div_min,0.0,0
2,f104_active_DAYS_FIRST_DUE_d_app_DAYS_REGISTRATION_std_div_mean,0.0,0
2,f104_active_DAYS_FIRST_DUE_s_DAYS_FIRST_DRAWING_std_div_mean,0.0,0
2,f104_active_DAYS_FIRST_DUE_s_DAYS_FIRST_DRAWING_mean,0.0,0
2,f104_active_DAYS_FIRST_DUE_s_app_DAYS_BIRTH_std,0.0,0
2,f104_active_DAYS_FIRST_DUE_s_DAYS_FIRST_DRAWING_std,0.0,0
2,f104_active_DAYS_FIRST_DUE_s_DAYS_FIRST_DRAWING_min,0.0,0
2,f104_active_DAYS_FIRST_DUE_s_app_DAYS_BIRTH_mean,50.8250093460083,4
2,f104_active_DAYS_FIRST_DUE_s_app_DAYS_BIRTH_max,8.460619926452637,1
2,f104_active_DAYS_FIRST_DUE_s_app_DAYS_EMPLOYED_std,0.0,0
2,f104_active_DAYS_FIRST_DUE_s_app_DAYS_BIRTH_min,8.63092041015625,1
2,f104_active_DAYS_FIRST_DUE_s_app_DAYS_EMPLOYED_max,25.50427007675171,3
2,f104_active_DAYS_FIRST_DUE_s_app_DAYS_LAST_PHONE_CHANGE_std,0.0,0
2,f104_active_DAYS_FIRST_DUE_s_app_DAYS_EMPLOYED_mean,18.193300247192383,1
2,f104_active_DAYS_FIRST_DUE_s_app_DAYS_ID_PUBLISH_std,0.0,0
2,f104_active_DAYS_FIRST_DUE_s_app_DAYS_EMPLOYED_min,21.518710136413574,2
2,f104_active_DAYS_FIRST_DUE_s_app_DAYS_LAST_PHONE_CHANGE_std_div_mean,0.0,0
2,f104_active_DAYS_FIRST_DUE_s_app_DAYS_LAST_PHONE_CHANGE_mean,59.01486015319824,5
2,f104_active_DAYS_FIRST_DUE_s_app_DAYS_REGISTRATION_max,51.165279388427734,4
2,f104_active_DAYS_FIRST_DUE_s_app_DAYS_REGISTRATION_min,8.020689964294434,1
2,f104_active_DAYS_FIRST_DUE_s_app_DAYS_REGISTRATION_std_div_mean,0.0,0
2,f104_active_DAYS_FIRST_DUE_s_app_DAYS_REGISTRATION_std,0.0,0
2,f104_active_DAYS_FIRST_DUE_s_app_DAYS_LAST_PHONE_CHANGE_max,52.00299024581909,6
2,f104_active_DAYS_FIRST_DUE_s_app_DAYS_LAST_PHONE_CHANGE_min,45.379600048065186,4
2,f104_active_DAYS_LAST_DUE_1ST_VERSION_d_app_DAYS_BIRTH_min,140.98314762115479,12
2,f104_active_DAYS_FIRST_DUE_s_app_DAYS_REGISTRATION_mean,22.330659866333008,2
2,f104_active_DAYS_LAST_DUE_1ST_VERSION_d_app_DAYS_BIRTH_max_div_min,0.0,0
2,f104_active_DAYS_LAST_DUE_1ST_VERSION_d_app_DAYS_BIRTH_mean,107.36321067810059,10
2,f104_active_DAYS_LAST_DUE_1ST_VERSION_d_app_DAYS_EMPLOYED_min,166.89449214935303,13
2,f104_active_DAYS_LAST_DUE_1ST_VERSION_d_app_DAYS_EMPLOYED_std_div_mean,0.0,0
2,f104_active_DAYS_LAST_DUE_1ST_VERSION_d_app_DAYS_BIRTH_max,78.42577886581421,8
2,f104_active_DAYS_LAST_DUE_1ST_VERSION_d_app_DAYS_ID_PUBLISH_max_div_min,0.0,0
2,f104_active_DAYS_LAST_DUE_1ST_VERSION_d_app_DAYS_EMPLOYED_mean,155.67270851135254,12
2,f104_active_DAYS_LAST_DUE_1ST_VERSION_d_app_DAYS_LAST_PHONE_CHANGE_std,0.0,0
2,f104_active_DAYS_LAST_DUE_1ST_VERSION_d_app_DAYS_LAST_PHONE_CHANGE_std_div_mean,0.0,0
2,f104_active_DAYS_LAST_DUE_1ST_VERSION_d_app_DAYS_EMPLOYED_max,136.8856406211853,11
2,f104_active_DAYS_LAST_DUE_1ST_VERSION_d_app_DAYS_REGISTRATION_std,0.0,0
2,f104_active_DAYS_LAST_DUE_1ST_VERSION_s_DAYS_DECISIONS_std,0.0,0
2,f104_active_DAYS_LAST_DUE_1ST_VERSION_d_app_DAYS_LAST_PHONE_CHANGE_max_div_min,0.0,0
2,f104_active_DAYS_LAST_DUE_1ST_VERSION_s_DAYS_DECISIONS_mean,7.065320014953613,1
2,f104_active_DAYS_LAST_DUE_1ST_VERSION_s_DAYS_FIRST_DRAWING_max,0.0,0
2,f104_active_DAYS_LAST_DUE_1ST_VERSION_d_app_DAYS_REGISTRATION_max_div_min,0.0,0
2,f104_active_DAYS_LAST_DUE_1ST_VERSION_s_DAYS_DECISIONS_max_div_min,0.0,0
2,f104_active_DAYS_LAST_DUE_1ST_VERSION_s_DAYS_FIRST_DRAWING_max_div_min,0.0,0
2,f104_active_DAYS_LAST_DUE_1ST_VERSION_s_DAYS_FIRST_DRAWING_std,0.0,0
2,f104_active_DAYS_LAST_DUE_1ST_VERSION_s_DAYS_FIRST_DRAWING_std_div_mean,0.0,0
2,f104_active_DAYS_LAST_DUE_1ST_VERSION_s_DAYS_DECISIONS_max,20.74349021911621,2
2,f104_active_DAYS_LAST_DUE_1ST_VERSION_s_DAYS_FIRST_DRAWING_min,0.0,0
2,f104_active_DAYS_LAST_DUE_1ST_VERSION_s_DAYS_DECISIONS_std_div_mean,0.0,0
2,f104_active_DAYS_LAST_DUE_1ST_VERSION_s_DAYS_FIRST_DRAWING_mean,0.0,0
2,f104_active_DAYS_LAST_DUE_1ST_VERSION_s_DAYS_FIRST_DUE_max,0.0,0
2,f104_active_DAYS_LAST_DUE_1ST_VERSION_s_DAYS_FIRST_DUE_max_div_min,0.0,0
2,f104_active_DAYS_LAST_DUE_1ST_VERSION_s_DAYS_FIRST_DUE_mean,0.0,0
2,f104_active_DAYS_LAST_DUE_1ST_VERSION_s_DAYS_FIRST_DUE_std,0.0,0
2,f104_active_DAYS_LAST_DUE_1ST_VERSION_s_app_DAYS_BIRTH_max,116.84886026382446,12
2,f104_active_DAYS_LAST_DUE_1ST_VERSION_s_DAYS_FIRST_DUE_std_div_mean,0.0,0
2,f104_active_DAYS_LAST_DUE_1ST_VERSION_s_app_DAYS_EMPLOYED_max,103.48333978652954,10
2,f104_active_DAYS_LAST_DUE_1ST_VERSION_s_app_DAYS_BIRTH_mean,48.11685037612915,4
2,f104_active_DAYS_LAST_DUE_1ST_VERSION_s_app_DAYS_EMPLOYED_std_div_mean,10.596400260925293,1
2,f104_active_DAYS_LAST_DUE_1ST_VERSION_s_app_DAYS_BIRTH_min,58.21492052078247,6
2,f104_active_DAYS_LAST_DUE_1ST_VERSION_s_app_DAYS_EMPLOYED_max_div_min,0.0,0
2,f104_active_DAYS_LAST_DUE_1ST_VERSION_s_app_DAYS_EMPLOYED_mean,118.14172983169556,10
2,f104_active_DAYS_LAST_DUE_1ST_VERSION_s_app_DAYS_LAST_PHONE_CHANGE_std_div_mean,0.0,0
2,f104_active_DAYS_LAST_DUE_1ST_VERSION_s_app_DAYS_ID_PUBLISH_std_div_mean,0.0,0
2,f104_active_DAYS_LAST_DUE_1ST_VERSION_s_app_DAYS_EMPLOYED_min,17.360690116882324,2
2,f104_active_DAYS_LAST_DUE_1ST_VERSION_s_app_DAYS_REGISTRATION_mean,157.56934022903442,16
2,f104_active_DAYS_LAST_DUE_1ST_VERSION_s_app_DAYS_REGISTRATION_max,120.8809494972229,11
2,f104_active_DAYS_LAST_DUE_1ST_VERSION_s_app_DAYS_REGISTRATION_min,11.246899604797363,1
2,f104_active_DAYS_LAST_DUE_d_app_DAYS_BIRTH_std_div_mean,0.0,0
2,f104_active_DAYS_LAST_DUE_1ST_VERSION_s_app_DAYS_LAST_PHONE_CHANGE_mean,213.9672293663025,17
2,f104_active_DAYS_LAST_DUE_d_app_DAYS_BIRTH_max,34.936710357666016,3
2,f104_active_DAYS_LAST_DUE_d_app_DAYS_EMPLOYED_std,0.0,0
2,f104_active_DAYS_LAST_DUE_1ST_VERSION_s_app_DAYS_LAST_PHONE_CHANGE_min,68.61681938171387,7
2,f104_active_DAYS_LAST_DUE_d_app_DAYS_EMPLOYED_std_div_mean,0.0,0
2,f104_active_DAYS_LAST_DUE_d_app_DAYS_BIRTH_mean,23.872900009155273,2
2,f104_active_DAYS_LAST_DUE_d_app_DAYS_EMPLOYED_max,204.53150939941406,11
2,f104_active_DAYS_LAST_DUE_d_app_DAYS_ID_PUBLISH_std,0.0,0
2,f104_active_DAYS_LAST_DUE_d_app_DAYS_EMPLOYED_min,159.61401319503784,11
2,f104_active_DAYS_LAST_DUE_d_app_DAYS_BIRTH_min,79.49771118164062,7
2,f104_active_DAYS_LAST_DUE_d_app_DAYS_EMPLOYED_mean,167.1774206161499,10
2,f104_active_DAYS_LAST_DUE_s_DAYS_DECISIONS_std,0.0,0
2,f104_active_DAYS_LAST_DUE_d_app_DAYS_LAST_PHONE_CHANGE_std_div_mean,0.0,0
2,f104_active_DAYS_LAST_DUE_d_app_DAYS_ID_PUBLISH_std_div_mean,0.0,0
2,f104_active_DAYS_LAST_DUE_d_app_DAYS_REGISTRATION_std_div_mean,0.0,0
2,f104_active_DAYS_LAST_DUE_s_DAYS_DECISIONS_min,25.14180088043213,2
2,f104_active_DAYS_LAST_DUE_d_app_DAYS_REGISTRATION_std,0.0,0
2,f104_active_DAYS_LAST_DUE_s_DAYS_DECISIONS_std_div_mean,0.0,0
2,f104_active_DAYS_LAST_DUE_s_DAYS_DECISIONS_max,53.22136068344116,4
2,f104_active_DAYS_LAST_DUE_s_DAYS_FIRST_DRAWING_max,0.0,0
2,f104_active_DAYS_LAST_DUE_s_DAYS_FIRST_DRAWING_min,0.0,0
2,f104_active_DAYS_LAST_DUE_s_DAYS_FIRST_DRAWING_std_div_mean,0.0,0
2,f104_active_DAYS_LAST_DUE_s_DAYS_FIRST_DRAWING_std,0.0,0
2,f104_active_DAYS_LAST_DUE_s_DAYS_FIRST_DRAWING_max_div_min,0.0,0
2,f104_active_DAYS_LAST_DUE_s_DAYS_FIRST_DRAWING_mean,0.0,0
2,f104_active_DAYS_LAST_DUE_s_DAYS_FIRST_DUE_std,0.0,0
2,f104_active_DAYS_LAST_DUE_s_DAYS_DECISIONS_mean,19.658949851989746,2
2,f104_active_DAYS_LAST_DUE_s_DAYS_FIRST_DUE_mean,0.0,0
2,f104_active_DAYS_LAST_DUE_s_DAYS_FIRST_DUE_min,0.0,0
2,f104_active_DAYS_LAST_DUE_s_DAYS_LAST_DUE_1ST_VERSION_mean,13.904399871826172,1
2,f104_active_DAYS_LAST_DUE_s_DAYS_LAST_DUE_1ST_VERSION_std,0.0,0
2,f104_active_DAYS_LAST_DUE_s_DAYS_LAST_DUE_1ST_VERSION_max,26.28283929824829,2
2,f104_active_DAYS_LAST_DUE_s_DAYS_FIRST_DUE_max,0.0,0
2,f104_active_DAYS_LAST_DUE_s_DAYS_FIRST_DUE_std_div_mean,0.0,0
2,f104_active_DAYS_LAST_DUE_s_app_DAYS_BIRTH_min,41.00195026397705,3
2,f104_active_DAYS_LAST_DUE_s_DAYS_LAST_DUE_1ST_VERSION_min,55.548309326171875,5
2,f104_active_DAYS_LAST_DUE_s_app_DAYS_BIRTH_mean,48.9258394241333,4
2,f104_active_DAYS_LAST_DUE_s_app_DAYS_BIRTH_std,0.0,0
2,f104_active_DAYS_LAST_DUE_s_app_DAYS_EMPLOYED_std,0.0,0
2,f104_active_DAYS_LAST_DUE_s_app_DAYS_EMPLOYED_max,65.47320985794067,6
2,f104_active_DAYS_LAST_DUE_s_app_DAYS_BIRTH_max,73.96195983886719,6
2,f104_active_DAYS_LAST_DUE_s_app_DAYS_EMPLOYED_mean,23.342400550842285,2
2,f104_active_DAYS_LAST_DUE_s_app_DAYS_ID_PUBLISH_std,0.0,0
2,f104_active_DAYS_LAST_DUE_s_app_DAYS_LAST_PHONE_CHANGE_std,0.0,0
2,f104_active_DAYS_LAST_DUE_s_app_DAYS_REGISTRATION_std,0.0,0
2,f104_active_DAYS_LAST_DUE_s_app_DAYS_EMPLOYED_min,94.59258937835693,7
2,f104_active_DAYS_LAST_DUE_s_app_DAYS_LAST_PHONE_CHANGE_std_div_mean,0.0,0
2,f104_active_DAYS_LAST_DUE_s_app_DAYS_REGISTRATION_max,58.97326040267944,4
2,f104_active_DAYS_LAST_DUE_s_app_DAYS_LAST_PHONE_CHANGE_max_div_min,8.03164005279541,1
2,f104_active_DAYS_LAST_DUE_s_app_DAYS_LAST_PHONE_CHANGE_min,149.6508116722107,11
2,f104_active_DAYS_TERMINATION_d_app_DAYS_BIRTH_std_div_mean,0.0,0
2,f104_active_DAYS_TERMINATION_d_app_DAYS_EMPLOYED_std_div_mean,0.0,0
2,f104_active_DAYS_LAST_DUE_s_app_DAYS_REGISTRATION_std_div_mean,0.0,0
2,f104_active_DAYS_TERMINATION_d_app_DAYS_EMPLOYED_max,100.05737018585205,7
2,f104_active_DAYS_LAST_DUE_s_app_DAYS_REGISTRATION_min,67.87845993041992,5
2,f104_active_DAYS_LAST_DUE_s_app_DAYS_REGISTRATION_mean,10.925299644470215,1
2,f104_active_DAYS_TERMINATION_d_app_DAYS_BIRTH_min,35.399160385131836,3
2,f104_active_DAYS_TERMINATION_d_app_DAYS_EMPLOYED_mean,32.613099098205566,2
2,f104_active_DAYS_TERMINATION_d_app_DAYS_BIRTH_max,47.07474994659424,5
2,f104_active_DAYS_TERMINATION_d_app_DAYS_EMPLOYED_min,27.273900032043457,2
2,f104_active_DAYS_TERMINATION_d_app_DAYS_BIRTH_mean,28.45400047302246,3
2,f104_active_DAYS_TERMINATION_d_app_DAYS_ID_PUBLISH_std_div_mean,0.0,0
2,f104_active_DAYS_TERMINATION_d_app_DAYS_REGISTRATION_std,0.0,0
2,f104_active_DAYS_TERMINATION_d_app_DAYS_REGISTRATION_std_div_mean,0.0,0
2,f104_active_DAYS_TERMINATION_d_app_DAYS_EMPLOYED_std,0.0,0
2,f104_active_DAYS_TERMINATION_d_app_DAYS_ID_PUBLISH_std,0.0,0
2,f104_active_DAYS_TERMINATION_s_DAYS_DECISIONS_mean,33.19901990890503,3
2,f104_active_DAYS_TERMINATION_s_DAYS_DECISIONS_std,0.0,0
2,f104_active_DAYS_TERMINATION_s_DAYS_FIRST_DRAWING_min,0.0,0
2,f104_active_DAYS_TERMINATION_d_app_DAYS_LAST_PHONE_CHANGE_std_div_mean,24.130099296569824,2
2,f104_active_DAYS_TERMINATION_s_DAYS_DECISIONS_max,18.327459812164307,2
2,f104_active_DAYS_TERMINATION_s_DAYS_DECISIONS_std_div_mean,0.0,0
2,f104_active_DAYS_TERMINATION_s_DAYS_FIRST_DRAWING_mean,0.0,0
2,f104_active_DAYS_TERMINATION_s_DAYS_FIRST_DRAWING_std_div_mean,0.0,0
2,f104_active_DAYS_TERMINATION_s_DAYS_FIRST_DRAWING_std,0.0,0
2,f104_active_DAYS_TERMINATION_s_DAYS_DECISIONS_min,102.59879064559937,7
2,f104_active_DAYS_TERMINATION_s_DAYS_FIRST_DRAWING_max,0.0,0
2,f104_active_DAYS_TERMINATION_s_DAYS_FIRST_DRAWING_max_div_min,0.0,0
2,f104_active_DAYS_TERMINATION_s_DAYS_FIRST_DUE_max,23.720399856567383,2
2,f104_active_DAYS_TERMINATION_s_DAYS_FIRST_DUE_std_div_mean,0.0,0
2,f104_active_DAYS_TERMINATION_s_DAYS_FIRST_DUE_std,0.0,0
2,f104_active_DAYS_TERMINATION_s_DAYS_FIRST_DUE_mean,20.1072998046875,1
2,f104_active_DAYS_TERMINATION_s_DAYS_FIRST_DUE_min,41.53650093078613,2
2,f104_active_DAYS_TERMINATION_s_DAYS_LAST_DUE_1ST_VERSION_std,0.0,0
2,f104_active_DAYS_TERMINATION_s_DAYS_LAST_DUE_1ST_VERSION_min,124.12606906890869,9
2,f104_active_DAYS_TERMINATION_s_DAYS_LAST_DUE_1ST_VERSION_mean,192.2346806526184,14
2,f104_active_DAYS_TERMINATION_s_DAYS_LAST_DUE_std,0.0,0
2,f104_active_DAYS_TERMINATION_s_DAYS_LAST_DUE_std_div_mean,0.0,0
2,f104_active_DAYS_TERMINATION_s_app_DAYS_BIRTH_max,41.03538990020752,4
2,f104_active_DAYS_TERMINATION_s_DAYS_LAST_DUE_1ST_VERSION_max,109.78048992156982,9
2,f104_active_DAYS_TERMINATION_s_app_DAYS_EMPLOYED_std,0.0,0
2,f104_active_DAYS_TERMINATION_s_app_DAYS_EMPLOYED_std_div_mean,0.0,0
2,f104_active_DAYS_TERMINATION_s_app_DAYS_BIRTH_std,0.0,0
2,f104_active_DAYS_TERMINATION_s_app_DAYS_EMPLOYED_max,9.086919784545898,1
2,f104_active_DAYS_TERMINATION_s_app_DAYS_EMPLOYED_mean,0.0,0
2,f104_active_DAYS_TERMINATION_s_app_DAYS_EMPLOYED_min,44.23628044128418,4
2,f104_active_DAYS_TERMINATION_s_app_DAYS_BIRTH_mean,62.074700355529785,4
2,f104_active_DAYS_TERMINATION_s_app_DAYS_BIRTH_min,63.285980224609375,6
2,f104_active_DAYS_TERMINATION_s_app_DAYS_LAST_PHONE_CHANGE_std,0.0,0
2,f104_active_DAYS_TERMINATION_s_app_DAYS_REGISTRATION_std_div_mean,0.0,0
2,f104_active_DAYS_TERMINATION_s_app_DAYS_REGISTRATION_std,0.0,0
2,f104_active_DAYS_TERMINATION_s_app_DAYS_ID_PUBLISH_std,0.0,0
2,f104_active_DAYS_TERMINATION_s_app_DAYS_LAST_PHONE_CHANGE_min,116.63911151885986,12
2,f104_active_DAYS_TERMINATION_s_app_DAYS_LAST_PHONE_CHANGE_std_div_mean,0.0,0
2,f104_active_DAYS_TERMINATION_s_app_DAYS_REGISTRATION_max,42.33179950714111,3
2,f104_active_DAYS_TERMINATION_s_app_DAYS_REGISTRATION_mean,33.10586071014404,2
2,f104_active_HOUR_APPR_PROCESS_START_mean,268.131799697876,19
2,f104_active_HOUR_APPR_PROCESS_START_min,119.90013885498047,7
2,f104_active_DAYS_TERMINATION_s_app_DAYS_REGISTRATION_min,0.0,0
2,f104_active_NAME_CASH_LOAN_PURPOSE_Everyday_expenses_sum,0.0,0
2,f104_active_HOUR_APPR_PROCESS_START_max_div_min,0.0,0
2,f104_active_NAME_CASH_LOAN_PURPOSE_Everyday_expenses_mean,0.0,0
2,f104_active_NAME_CASH_LOAN_PURPOSE_Car_repairs_sum,0.0,0
2,f104_active_NAME_CASH_LOAN_PURPOSE_Journey_mean,0.0,0
2,f104_active_HOUR_APPR_PROCESS_START_max,133.13994121551514,9
2,f104_active_NAME_CASH_LOAN_PURPOSE_Journey_sum,0.0,0
2,f104_active_NAME_CLIENT_TYPE_Refreshed_mean,0.0,0
2,f104_active_NAME_CASH_LOAN_PURPOSE_Car_repairs_mean,0.0,0
2,f104_active_NAME_CASH_LOAN_PURPOSE_Repairs_mean,0.0,0
2,f104_active_NAME_CASH_LOAN_PURPOSE_Repairs_sum,0.0,0
2,f104_active_NAME_CLIENT_TYPE_New_mean,0.0,0
2,f104_active_NAME_CLIENT_TYPE_New_sum,0.0,0
2,f104_active_NAME_CLIENT_TYPE_Repeater_sum,15.755999565124512,1
2,f104_active_NAME_CLIENT_TYPE_Refreshed_sum,0.0,0
2,f104_active_NAME_CONTRACT_TYPE_Cash_loans_sum,0.0,0
2,f104_active_NAME_CONTRACT_STATUS_Approved_sum,0.0,0
2,f104_active_NAME_PRODUCT_TYPE_walk_in_mean,10.223299980163574,1
2,f104_active_NAME_GOODS_CATEGORY_XNA_sum,0.0,0
2,f104_active_NAME_YIELD_GROUP_high_mean,0.0,0
2,f104_active_NAME_PRODUCT_TYPE_walk_in_sum,0.0,0
2,f104_active_NAME_PORTFOLIO_Cash_sum,0.0,0
2,f104_active_NAME_PRODUCT_TYPE_x_sell_mean,23.933300018310547,2
2,f104_active_NAME_YIELD_GROUP_high_sum,35.19754934310913,3
2,f104_active_NAME_YIELD_GROUP_low_action_mean,0.0,0
2,f104_active_NAME_YIELD_GROUP_low_action_sum,0.0,0
2,f104_active_NFLAG_LAST_APPL_IN_DAY_std,0.0,0
2,f104_active_NAME_YIELD_GROUP_middle_sum,0.0,0
2,f104_active_NAME_YIELD_GROUP_middle_mean,0.0,0
2,f104_active_NAME_YIELD_GROUP_low_normal_sum,0.0,0
2,f104_active_NAME_YIELD_GROUP_low_normal_mean,0.0,0
2,f104_active_RATE_DOWN_PAYMENT_std_div_mean,0.0,0
2,f104_active_RATE_INTEREST_PRIVILEGED_mean,0.0,0
2,f104_active_NFLAG_LAST_APPL_IN_DAY_std_div_mean,0.0,0
2,f104_active_PREV_COUNT,0.0,0
2,f104_active_RATE_INTEREST_PRIMARY_std,0.0,0
2,f104_active_RATE_INTEREST_PRIVILEGED_max,0.0,0
2,f104_active_RATE_INTEREST_PRIVILEGED_min,0.0,0
2,f104_active_RATE_INTEREST_PRIMARY_max,0.0,0
2,f104_active_RATE_INTEREST_PRIVILEGED_std_div_mean,0.0,0
2,f104_active_RATE_INTEREST_PRIVILEGED_std,0.0,0
2,f104_active_RATE_INTEREST_PRIMARY_max_div_min,0.0,0
2,f104_active_SELLERPLACE_AREA_std_div_mean,0.0,0
2,f104_active_RATE_INTEREST_PRIMARY_std_div_mean,0.0,0
2,f104_active_RATE_INTEREST_PRIMARY_min,0.0,0
2,f104_active_RATE_INTEREST_PRIVILEGED_max_div_min,0.0,0
2,f104_active_RATE_INTEREST_PRIMARY_mean,0.0,0
2,f104_active_active_sum,0.0,0
2,f104_active_amt_paid_std,0.0,0
2,f104_active_amt_paid_mean,74.32778024673462,6
2,f104_active_amt_paid_max,60.96994066238403,7
2,f104_active_amt_unpaid_std,14.314499855041504,1
2,f104_active_amt_unpaid_sum,331.7281470298767,27
2,f104_active_amt_paid_max_div_min,0.0,0
2,f104_active_amt_unpaid_std_div_mean,34.0797004699707,1
2,f104_active_amt_paid_min,53.06072950363159,5
2,f104_active_cnt_paid_max_div_min,0.0,0
2,f104_active_cnt_unpaid_std,0.0,0
2,f104_active_cnt_paid_std,0.0,0
2,f104_active_cnt_paid_ratio_min,68.15258884429932,6
2,f104_active_cnt_paid_std_div_mean,0.0,0
2,f104_active_cnt_paid_ratio_max,124.55445957183838,11
2,f104_active_cnt_paid_ratio_mean,64.13101959228516,5
2,f104_active_completed_std_div_mean,0.0,0
2,f104_active_completed_max_div_min,0.0,0
2,f104_active_cnt_unpaid_min,16.104679584503174,2
2,f104_active_cnt_unpaid_max,0.0,0
2,f104_active_cnt_paid_sum,128.4901294708252,12
2,f104_active_interest_rate_diff_std,7.561049938201904,1
2,f104_active_interest_rate_diff_std_div_mean,0.0,0
2,f104_active_cnt_unpaid_mean,46.50251913070679,4
2,f104_active_cnt_unpaid_sum,99.82338953018188,8
2,f104_active_interest_rate_diff_max,307.39460945129395,24
2,f104_active_interest_rate_mean,348.0894613265991,17
2,f104_active_interest_rate_pctchange_std,7.963409900665283,1
2,f104_active_interest_rate_min,246.65687465667725,12
2,f104_active_interest_rate_diff_min,125.84592056274414,11
2,f104_active_interest_rate_max,551.3299422264099,24
2,f104_active_interest_rate_pctchange_max,159.910400390625,11
2,f104_active_interest_rate_diff_mean,232.6412386894226,18
2,f104_active_total_debt_diff_std,0.0,0
2,f104_active_total_debt_diff_std_div_mean,0.0,0
2,f104_active_total_debt_diff_max,131.04694271087646,11
2,f104_active_total_debt_diff_min,80.92277002334595,6
2,f104_active_total_debt_diff_mean,174.048677444458,11
2,f104_active_total_debt_pctchange_std_div_mean,0.0,0
2,f104_active_total_debt_max_div_min,0.0,0
2,f104_active_total_debt_std,0.0,0
2,f104_active_total_debt_std_div_mean,0.0,0
2,f104_active_total_debt_pctchange_std,0.0,0
2,f104_approved_AMT_ANNUITY_d_app_AMT_ANNUITY_diff_std,135.98823022842407,13
2,f104_approved_AMT_ANNUITY_d_app_AMT_ANNUITY_mean,862.6719388961792,69
2,f104_approved_AMT_ANNUITY_d_app_AMT_ANNUITY_max,854.6520013809204,64
2,f104_approved_AMT_ANNUITY_d_app_AMT_ANNUITY_min,931.6966195106506,73
2,f104_approved_AMT_ANNUITY_d_app_AMT_CREDIT_diff_std,78.15560007095337,8
2,f104_approved_AMT_ANNUITY_d_app_AMT_CREDIT_max,1000.5908288955688,82
2,f104_approved_AMT_ANNUITY_d_app_AMT_CREDIT_min,880.9234933853149,71
2,f104_approved_AMT_ANNUITY_d_app_AMT_CREDIT_mean,884.2179265022278,72
2,f104_approved_AMT_ANNUITY_d_app_AMT_GOODS_PRICE_diff_std,184.3559112548828,14
2,f104_approved_AMT_ANNUITY_d_app_AMT_GOODS_PRICE_max,883.6430282592773,76
2,f104_approved_AMT_ANNUITY_d_app_AMT_GOODS_PRICE_min,1039.380479812622,98
2,f104_approved_AMT_ANNUITY_d_app_AMT_GOODS_PRICE_mean,920.176203250885,83
2,f104_approved_AMT_ANNUITY_d_app_AMT_INCOME_TOTAL_diff_std,224.156840801239,23
2,f104_approved_AMT_ANNUITY_m_app_AMT_GOODS_PRICE_d_app_AMT_INCOME_TOTAL_diff_std,133.03514099121094,12
2,f104_approved_AMT_ANNUITY_s_app_AMT_ANNUITY_d_app_AMT_INCOME_TOTAL_diff_std,58.29556941986084,5
2,f104_approved_AMT_ANNUITY_d_app_AMT_INCOME_TOTAL_max,947.8147611618042,87
2,f104_approved_AMT_ANNUITY_d_app_AMT_INCOME_TOTAL_mean,1065.737470149994,84
2,f104_approved_AMT_ANNUITY_max,1119.599172592163,91
2,f104_approved_AMT_ANNUITY_d_app_AMT_INCOME_TOTAL_min,1155.9158897399902,105
2,f104_approved_AMT_ANNUITY_s_app_AMT_ANNUITY_d_app_AMT_INCOME_TOTAL_mean,978.5432977676392,78
2,f104_approved_AMT_ANNUITY_mean,1332.2832322120667,110
2,f104_approved_AMT_ANNUITY_s_app_AMT_ANNUITY_d_app_AMT_INCOME_TOTAL_max,825.2201023101807,79
2,f104_approved_AMT_ANNUITY_s_app_AMT_ANNUITY_d_app_AMT_INCOME_TOTAL_min,1405.009608745575,117
2,f104_approved_AMT_ANNUITY_min,1166.3167538642883,103
2,f104_approved_AMT_ANNUITY_s_app_AMT_CREDIT_d_app_AMT_INCOME_TOTAL_diff_std,0.0,0
2,f104_approved_AMT_ANNUITY_s_app_AMT_CREDIT_d_app_AMT_INCOME_TOTAL_pctchange_std,175.41305923461914,16
2,f104_approved_AMT_ANNUITY_s_app_AMT_CREDIT_pctchange_std,17.19683074951172,2
2,f104_approved_AMT_ANNUITY_s_app_AMT_ANNUITY_max,929.908887386322,78
2,f104_approved_AMT_ANNUITY_s_app_AMT_ANNUITY_min,1443.8720993995667,117
2,f104_approved_AMT_ANNUITY_s_app_AMT_GOODS_PRICE_mean,2661.6900582313538,198
2,f104_approved_AMT_ANNUITY_s_app_AMT_ANNUITY_mean,1166.0719666481018,88
2,f104_approved_AMT_APPLICATION_s_app_AMT_CREDIT_d_app_AMT_INCOME_TOTAL_pctchange_std_div_mean,256.01077032089233,23
2,f104_approved_AMT_APPLICATION_d_app_AMT_ANNUITY_mean,2795.692090988159,157
2,f104_approved_AMT_APPLICATION_d_app_AMT_CREDIT_max,796.4312601089478,77
2,f104_approved_AMT_ANNUITY_s_app_AMT_GOODS_PRICE_max,2210.221490383148,165
2,f104_approved_AMT_ANNUITY_s_app_AMT_GOODS_PRICE_min,2950.2402091026306,204
2,f104_approved_AMT_APPLICATION_d_app_AMT_CREDIT_mean,1055.362431526184,80
2,f104_approved_AMT_APPLICATION_s_app_AMT_CREDIT_pctchange_std_div_mean,97.20268964767456,8
2,f104_approved_AMT_APPLICATION_s_app_AMT_INCOME_TOTAL_std_div_mean,655.0311098098755,58
2,f104_approved_AMT_CREDIT_d_AMT_APPLICATION_min,716.7758855819702,66
2,f104_approved_AMT_CREDIT_d_AMT_APPLICATION_mean,936.7337799072266,76
2,f104_approved_AMT_CREDIT_d_AMT_APPLICATION_max,1174.0290002822876,86
2,f104_approved_AMT_CREDIT_d_AMT_APPLICATION_std,348.6796612739563,23
2,f104_approved_AMT_CREDIT_d_total_debt_mean,3493.3284487724304,200
2,f104_approved_AMT_CREDIT_d_total_debt_diff_std,151.48686933517456,14
2,f104_approved_AMT_CREDIT_d_total_debt_diff_min,1007.1963572502136,81
2,f104_approved_AMT_CREDIT_d_total_debt_min,3413.0197625160217,193
2,f104_approved_AMT_CREDIT_d_total_debt_diff_mean,1628.1799864768982,142
2,f104_approved_AMT_CREDIT_d_total_debt_pctchange_std,203.07504892349243,18
2,f104_approved_AMT_CREDIT_d_total_debt_max,2131.774441242218,159
2,f104_approved_AMT_CREDIT_d_total_debt_std_div_mean,333.56861686706543,31
2,f104_approved_AMT_CREDIT_d_total_debt_std,342.20301055908203,29
2,f104_approved_AMT_CREDIT_d_total_debt_pctchange_min,1802.0889840126038,113
2,f104_approved_AMT_CREDIT_s_app_AMT_CREDIT_d_app_AMT_INCOME_TOTAL_pctchange_mean,1224.8084840774536,104
2,f104_approved_AMT_CREDIT_s_app_AMT_CREDIT_d_app_AMT_INCOME_TOTAL_pctchange_std,276.71236085891724,30
2,f104_approved_AMT_CREDIT_s_app_AMT_CREDIT_pctchange_std,178.0988712310791,15
2,f104_approved_AMT_CREDIT_s_app_AMT_CREDIT_pctchange_min,1067.2731294631958,87
2,f104_approved_AMT_CREDIT_s_app_AMT_CREDIT_d_app_AMT_INCOME_TOTAL_pctchange_min,918.4804978370667,77
2,f104_approved_AMT_DOWN_PAYMENT_d_AMT_GOODS_PRICE_std_div_mean,50.25488042831421,5
2,f104_approved_AMT_CREDIT_s_app_AMT_CREDIT_pctchange_mean,829.1112823486328,77
2,f104_approved_AMT_DOWN_PAYMENT_d_AMT_GOODS_PRICE_diff_std,169.11678171157837,15
2,f104_approved_AMT_DOWN_PAYMENT_d_AMT_GOODS_PRICE_pctchange_std,16.092600345611572,2
2,f104_approved_AMT_GOODS_PRICE_d_AMT_CREDIT_std_div_mean,349.0384302139282,33
2,f104_approved_AMT_GOODS_PRICE_d_AMT_CREDIT_max,637.8605570793152,60
2,f104_approved_AMT_GOODS_PRICE_d_AMT_CREDIT_mean,701.2673540115356,61
2,f104_approved_AMT_GOODS_PRICE_d_app_AMT_ANNUITY_mean,2031.8035593032837,131
2,f104_approved_AMT_GOODS_PRICE_d_app_AMT_CREDIT_mean,893.0737690925598,73
2,f104_approved_AMT_GOODS_PRICE_d_app_AMT_CREDIT_max,790.0458512306213,68
2,f104_approved_AMT_GOODS_PRICE_d_AMT_CREDIT_min,1083.4062509536743,85
2,f104_approved_AMT_GOODS_PRICE_d_total_debt_diff_max_div_min,241.43184232711792,17
2,f104_approved_AMT_GOODS_PRICE_d_total_debt_std_div_mean,369.29276180267334,32
2,f104_approved_AMT_GOODS_PRICE_d_total_debt_max,3766.4106125831604,200
2,f104_approved_AMT_GOODS_PRICE_d_total_debt_pctchange_max_div_min,227.7467098236084,19
2,f104_approved_AMT_GOODS_PRICE_d_total_debt_pctchange_std,283.79479122161865,26
3,f104_approved_CNT_PAYMENT_std,55.03310012817383,4
3,f104_approved_AMT_GOODS_PRICE_s_app_AMT_CREDIT_pctchange_std_div_mean,183.0052318572998,15
3,f104_approved_AMT_GOODS_PRICE_s_app_AMT_CREDIT_d_app_AMT_INCOME_TOTAL_pctchange_std_div_mean,26.673800468444824,2
3,f104_approved_CNT_PAYMENT_max,0.0,0
3,f104_approved_CNT_PAYMENT_mean,43.04259967803955,2
3,f104_approved_AMT_GOODS_PRICE_s_app_AMT_INCOME_TOTAL_std_div_mean,169.7576494216919,12
3,f104_approved_CNT_PAYMENT_min,45.347700119018555,2
3,f104_approved_AMT_GOODS_PRICE_d_total_debt_mean,2810.2348012924194,125
3,f104_approved_DAYS_DECISION_d_app_DAYS_BIRTH_mean,141.18212985992432,10
3,f104_approved_DAYS_DECISION_d_app_DAYS_BIRTH_max,241.1593198776245,17
3,f104_approved_AMT_GOODS_PRICE_d_total_debt_min,2499.4379210472107,119
3,f104_approved_DAYS_DECISION_d_app_DAYS_BIRTH_min,166.41258907318115,12
3,f104_approved_DAYS_DECISION_d_app_DAYS_EMPLOYED_std_div_mean,11.99899959564209,1
3,f104_approved_DAYS_DECISION_s_app_DAYS_BIRTH_max,75.64219951629639,5
3,f104_approved_DAYS_DECISION_d_app_DAYS_EMPLOYED_max,1019.9831562042236,32
3,f104_approved_DAYS_DECISION_d_app_DAYS_EMPLOYED_min,823.478611946106,21
3,f104_approved_DAYS_DECISION_s_app_DAYS_BIRTH_min,81.89490032196045,5
3,f104_approved_DAYS_DECISION_d_app_DAYS_EMPLOYED_mean,400.7268533706665,17
3,f104_approved_DAYS_DECISION_s_app_DAYS_BIRTH_mean,141.85969829559326,7
3,f104_approved_DAYS_DECISION_s_app_DAYS_EMPLOYED_max,95.06779956817627,7
3,f104_approved_DAYS_DECISION_s_app_DAYS_ID_PUBLISH_std_div_mean,123.83760070800781,10
3,f104_approved_DAYS_DECISION_s_app_DAYS_ID_PUBLISH_max,202.4646701812744,15
3,f104_approved_DAYS_DECISION_s_app_DAYS_EMPLOYED_mean,177.99559783935547,12
3,f104_approved_DAYS_DECISION_s_app_DAYS_EMPLOYED_min,210.79341983795166,13
3,f104_approved_DAYS_FIRST_DRAWING_d_app_DAYS_BIRTH_min,58.08829975128174,4
3,f104_approved_DAYS_DECISION_s_app_DAYS_REGISTRATION_std_div_mean,225.0225486755371,15
3,f104_approved_DAYS_DECISION_s_app_DAYS_ID_PUBLISH_min,228.31212997436523,16
3,f104_approved_DAYS_DECISION_s_app_DAYS_ID_PUBLISH_mean,204.36079025268555,15
3,f104_approved_DAYS_DECISION_s_app_DAYS_LAST_PHONE_CHANGE_min,217.6022024154663,16
3,f104_approved_DAYS_DECISION_s_app_DAYS_LAST_PHONE_CHANGE_max,333.81427097320557,19
3,f104_approved_DAYS_FIRST_DRAWING_d_app_DAYS_BIRTH_max,28.25420093536377,2
3,f104_approved_DAYS_FIRST_DRAWING_d_app_DAYS_BIRTH_mean,0.0,0
3,f104_approved_DAYS_DECISION_s_app_DAYS_LAST_PHONE_CHANGE_mean,244.58086109161377,16
3,f104_approved_DAYS_DECISION_s_app_DAYS_REGISTRATION_min,166.30908966064453,12
3,f104_approved_DAYS_DECISION_s_app_DAYS_REGISTRATION_max,101.75087928771973,8
3,f104_approved_DAYS_DECISION_s_app_DAYS_REGISTRATION_mean,123.4082612991333,10
3,f104_approved_DAYS_FIRST_DRAWING_d_app_DAYS_EMPLOYED_std,0.0,0
3,f104_approved_DAYS_FIRST_DRAWING_d_app_DAYS_EMPLOYED_std_div_mean,0.0,0
3,f104_approved_DAYS_FIRST_DRAWING_d_app_DAYS_LAST_PHONE_CHANGE_std_div_mean,0.0,0
3,f104_approved_DAYS_FIRST_DRAWING_d_app_DAYS_EMPLOYED_min,66.07773113250732,5
3,f104_approved_DAYS_FIRST_DRAWING_d_app_DAYS_BIRTH_std_div_mean,0.0,0
3,f104_approved_DAYS_FIRST_DRAWING_d_app_DAYS_ID_PUBLISH_max,10.406800270080566,1
3,f104_approved_DAYS_FIRST_DRAWING_d_app_DAYS_LAST_PHONE_CHANGE_std,0.0,0
3,f104_approved_DAYS_FIRST_DRAWING_d_app_DAYS_BIRTH_std,0.0,0
3,f104_approved_DAYS_FIRST_DRAWING_d_app_DAYS_LAST_PHONE_CHANGE_min,96.44200038909912,7
3,f104_approved_DAYS_FIRST_DRAWING_d_app_DAYS_EMPLOYED_mean,33.45301055908203,3
3,f104_approved_DAYS_FIRST_DRAWING_d_app_DAYS_EMPLOYED_max,22.956300735473633,1
3,f104_approved_DAYS_FIRST_DRAWING_d_app_DAYS_ID_PUBLISH_std,0.0,0
3,f104_approved_DAYS_FIRST_DRAWING_d_app_DAYS_ID_PUBLISH_std_div_mean,0.0,0
3,f104_approved_DAYS_FIRST_DRAWING_d_app_DAYS_REGISTRATION_std_div_mean,0.0,0
3,f104_approved_DAYS_FIRST_DRAWING_d_app_DAYS_LAST_PHONE_CHANGE_mean,32.03369903564453,2
3,f104_approved_DAYS_FIRST_DRAWING_d_app_DAYS_ID_PUBLISH_mean,0.0,0
3,f104_approved_DAYS_FIRST_DRAWING_s_DAYS_DECISIONS_min,34.679659843444824,3
3,f104_approved_DAYS_FIRST_DRAWING_d_app_DAYS_LAST_PHONE_CHANGE_max,26.546700477600098,2
3,f104_approved_DAYS_FIRST_DRAWING_d_app_DAYS_REGISTRATION_std,0.0,0
3,f104_approved_DAYS_FIRST_DRAWING_d_app_DAYS_ID_PUBLISH_min,0.0,0
3,f104_approved_DAYS_FIRST_DRAWING_s_DAYS_DECISIONS_std_div_mean,0.0,0
3,f104_approved_DAYS_FIRST_DRAWING_s_DAYS_DECISIONS_max,0.0,0
3,f104_approved_DAYS_FIRST_DRAWING_s_DAYS_DECISIONS_mean,0.0,0
3,f104_approved_DAYS_FIRST_DRAWING_s_DAYS_DECISIONS_std,0.0,0
3,f104_approved_DAYS_FIRST_DRAWING_s_app_DAYS_BIRTH_min,31.95549964904785,3
3,f104_approved_DAYS_FIRST_DRAWING_s_app_DAYS_EMPLOYED_std,0.0,0
3,f104_approved_DAYS_FIRST_DRAWING_s_app_DAYS_BIRTH_max,8.893569946289062,1
3,f104_approved_DAYS_FIRST_DRAWING_s_app_DAYS_BIRTH_mean,0.0,0
3,f104_approved_DAYS_FIRST_DRAWING_s_app_DAYS_BIRTH_std,0.0,0
3,f104_approved_DAYS_FIRST_DRAWING_s_app_DAYS_ID_PUBLISH_std,0.0,0
3,f104_approved_DAYS_FIRST_DRAWING_s_app_DAYS_ID_PUBLISH_std_div_mean,0.0,0
3,f104_approved_DAYS_FIRST_DRAWING_s_app_DAYS_BIRTH_std_div_mean,0.0,0
3,f104_approved_DAYS_FIRST_DRAWING_s_app_DAYS_EMPLOYED_std_div_mean,0.0,0
3,f104_approved_DAYS_FIRST_DRAWING_s_app_DAYS_ID_PUBLISH_max,53.526000022888184,4
3,f104_approved_DAYS_FIRST_DRAWING_s_app_DAYS_ID_PUBLISH_mean,12.334699630737305,1
3,f104_approved_DAYS_FIRST_DRAWING_s_app_DAYS_ID_PUBLISH_min,12.503199577331543,1
3,f104_approved_DAYS_FIRST_DRAWING_s_app_DAYS_LAST_PHONE_CHANGE_std,0.0,0
3,f104_approved_DAYS_FIRST_DRAWING_s_app_DAYS_LAST_PHONE_CHANGE_std_div_mean,0.0,0
3,f104_approved_DAYS_FIRST_DRAWING_s_app_DAYS_REGISTRATION_min,55.47655963897705,5
3,f104_approved_DAYS_FIRST_DRAWING_s_app_DAYS_REGISTRATION_mean,60.71229934692383,4
3,f104_approved_DAYS_FIRST_DRAWING_s_app_DAYS_REGISTRATION_std_div_mean,0.0,0
3,f104_approved_DAYS_FIRST_DRAWING_s_app_DAYS_REGISTRATION_std,0.0,0
3,f104_approved_DAYS_FIRST_DRAWING_s_app_DAYS_REGISTRATION_max,0.0,0
3,f104_approved_DAYS_FIRST_DUE_d_app_DAYS_BIRTH_min,296.9374895095825,23
3,f104_approved_DAYS_FIRST_DUE_d_app_DAYS_BIRTH_max,193.31481075286865,16
3,f104_approved_DAYS_FIRST_DUE_d_app_DAYS_BIRTH_mean,166.00331115722656,13
3,f104_approved_DAYS_FIRST_DUE_d_app_DAYS_EMPLOYED_std_div_mean,153.0462293624878,11
3,f104_approved_DAYS_FIRST_DUE_d_app_DAYS_EMPLOYED_min,153.64431190490723,11
3,f104_approved_DAYS_FIRST_DUE_d_app_DAYS_EMPLOYED_mean,129.361798286438,8
3,f104_approved_DAYS_FIRST_DUE_s_DAYS_FIRST_DRAWING_std_div_mean,0.0,0
3,f104_approved_DAYS_FIRST_DUE_s_DAYS_FIRST_DRAWING_std,0.0,0
3,f104_approved_DAYS_FIRST_DUE_d_app_DAYS_EMPLOYED_max,185.98172092437744,11
3,f104_approved_DAYS_FIRST_DUE_s_app_DAYS_BIRTH_min,81.27770805358887,4
3,f104_approved_DAYS_FIRST_DUE_s_app_DAYS_EMPLOYED_max,156.14192962646484,11
3,f104_approved_DAYS_FIRST_DUE_s_app_DAYS_BIRTH_mean,92.098801612854,5
3,f104_approved_DAYS_FIRST_DUE_s_app_DAYS_BIRTH_max,149.57367134094238,12
3,f104_approved_DAYS_FIRST_DUE_s_app_DAYS_EMPLOYED_mean,71.00600147247314,6
3,f104_approved_DAYS_FIRST_DUE_s_app_DAYS_ID_PUBLISH_min,102.66486072540283,9
3,f104_approved_DAYS_FIRST_DUE_s_app_DAYS_EMPLOYED_min,186.1320571899414,14
3,f104_approved_DAYS_FIRST_DUE_s_app_DAYS_REGISTRATION_max,196.7052001953125,15
3,f104_approved_DAYS_FIRST_DUE_s_app_DAYS_REGISTRATION_std_div_mean,95.78011989593506,8
3,f104_approved_DAYS_FIRST_DUE_s_app_DAYS_LAST_PHONE_CHANGE_mean,358.6512975692749,20
3,f104_approved_DAYS_FIRST_DUE_s_app_DAYS_ID_PUBLISH_mean,186.29200172424316,13
3,f104_approved_DAYS_FIRST_DUE_s_app_DAYS_ID_PUBLISH_max,167.97509956359863,12
3,f104_approved_DAYS_LAST_DUE_1ST_VERSION_d_app_DAYS_BIRTH_std_div_mean,11.469400405883789,1
3,f104_approved_DAYS_FIRST_DUE_s_app_DAYS_LAST_PHONE_CHANGE_min,380.6861515045166,26
3,f104_approved_DAYS_LAST_DUE_1ST_VERSION_d_app_DAYS_BIRTH_std,47.90310001373291,3
3,f104_approved_DAYS_FIRST_DUE_s_app_DAYS_LAST_PHONE_CHANGE_max,330.2228994369507,21
3,f104_approved_DAYS_LAST_DUE_1ST_VERSION_d_app_DAYS_EMPLOYED_std_div_mean,64.49789905548096,4
3,f104_approved_DAYS_LAST_DUE_1ST_VERSION_d_app_DAYS_EMPLOYED_std,73.81934928894043,6
3,f104_approved_DAYS_FIRST_DUE_s_app_DAYS_REGISTRATION_min,65.56980991363525,6
3,f104_approved_DAYS_LAST_DUE_1ST_VERSION_d_app_DAYS_ID_PUBLISH_std_div_mean,28.657100677490234,2
3,f104_approved_DAYS_FIRST_DUE_s_app_DAYS_REGISTRATION_mean,112.56927013397217,9
3,f104_approved_DAYS_LAST_DUE_1ST_VERSION_s_DAYS_DECISIONS_std,71.85522079467773,5
3,f104_approved_DAYS_LAST_DUE_1ST_VERSION_d_app_DAYS_LAST_PHONE_CHANGE_std_div_mean,62.693050384521484,5
3,f104_approved_DAYS_LAST_DUE_1ST_VERSION_s_DAYS_FIRST_DRAWING_mean,0.0,0
3,f104_approved_DAYS_LAST_DUE_1ST_VERSION_s_DAYS_DECISIONS_max,168.71640968322754,12
3,f104_approved_DAYS_LAST_DUE_1ST_VERSION_s_DAYS_FIRST_DRAWING_min,0.0,0
3,f104_approved_DAYS_LAST_DUE_1ST_VERSION_s_DAYS_DECISIONS_mean,128.92583847045898,9
3,f104_approved_DAYS_LAST_DUE_1ST_VERSION_d_app_DAYS_REGISTRATION_std_div_mean,0.0,0
3,f104_approved_DAYS_LAST_DUE_1ST_VERSION_s_DAYS_FIRST_DUE_mean,38.82729911804199,2
3,f104_approved_DAYS_LAST_DUE_1ST_VERSION_s_DAYS_DECISIONS_min,205.15712070465088,14
3,f104_approved_DAYS_LAST_DUE_1ST_VERSION_s_DAYS_FIRST_DRAWING_max_div_min,0.0,0
3,f104_approved_DAYS_LAST_DUE_1ST_VERSION_s_DAYS_FIRST_DRAWING_std_div_mean,0.0,0
3,f104_approved_DAYS_LAST_DUE_1ST_VERSION_s_DAYS_FIRST_DRAWING_std,0.0,0
3,f104_approved_DAYS_LAST_DUE_1ST_VERSION_s_DAYS_FIRST_DRAWING_max,0.0,0
3,f104_approved_DAYS_LAST_DUE_1ST_VERSION_s_DAYS_FIRST_DUE_max,13.051600456237793,1
3,f104_approved_DAYS_LAST_DUE_1ST_VERSION_s_app_DAYS_BIRTH_max,227.6807403564453,17
3,f104_approved_DAYS_LAST_DUE_1ST_VERSION_s_app_DAYS_EMPLOYED_max,308.8511600494385,23
3,f104_approved_DAYS_LAST_DUE_1ST_VERSION_s_DAYS_FIRST_DUE_min,33.18479919433594,2
3,f104_approved_DAYS_LAST_DUE_1ST_VERSION_s_DAYS_FIRST_DUE_std,0.0,0
3,f104_approved_DAYS_LAST_DUE_1ST_VERSION_s_app_DAYS_BIRTH_std_div_mean,70.48389911651611,6
3,f104_approved_DAYS_LAST_DUE_1ST_VERSION_s_app_DAYS_BIRTH_mean,145.11396884918213,10
3,f104_approved_DAYS_LAST_DUE_1ST_VERSION_s_app_DAYS_ID_PUBLISH_max_div_min,23.436999320983887,2
3,f104_approved_DAYS_LAST_DUE_1ST_VERSION_s_app_DAYS_BIRTH_min,249.46853828430176,15
3,f104_approved_DAYS_LAST_DUE_1ST_VERSION_s_app_DAYS_EMPLOYED_min,233.06393718719482,17
3,f104_approved_DAYS_LAST_DUE_1ST_VERSION_s_app_DAYS_ID_PUBLISH_min,333.4185185432434,25
3,f104_approved_DAYS_LAST_DUE_1ST_VERSION_s_app_DAYS_ID_PUBLISH_max,350.5445747375488,27
3,f104_approved_DAYS_LAST_DUE_1ST_VERSION_s_app_DAYS_EMPLOYED_mean,312.06021308898926,22
3,f104_approved_DAYS_LAST_DUE_1ST_VERSION_s_app_DAYS_ID_PUBLISH_mean,218.8136968612671,14
3,f104_approved_DAYS_LAST_DUE_1ST_VERSION_s_app_DAYS_REGISTRATION_max,388.6642322540283,23
3,f104_approved_DAYS_LAST_DUE_1ST_VERSION_s_app_DAYS_LAST_PHONE_CHANGE_mean,378.02412128448486,25
3,f104_approved_DAYS_LAST_DUE_1ST_VERSION_s_app_DAYS_LAST_PHONE_CHANGE_max,448.2793598175049,31
3,f104_approved_DAYS_LAST_DUE_1ST_VERSION_s_app_DAYS_LAST_PHONE_CHANGE_min,490.0281801223755,34
3,f104_approved_DAYS_LAST_DUE_d_app_DAYS_BIRTH_std_div_mean,39.94839954376221,3
3,f104_approved_DAYS_LAST_DUE_1ST_VERSION_s_app_DAYS_REGISTRATION_mean,201.06421756744385,14
3,f104_approved_DAYS_LAST_DUE_1ST_VERSION_s_app_DAYS_REGISTRATION_min,216.58765983581543,17
3,f104_approved_DAYS_LAST_DUE_d_app_DAYS_EMPLOYED_max,291.8548526763916,21
3,f104_approved_DAYS_LAST_DUE_d_app_DAYS_BIRTH_min,245.13708972930908,18
3,f104_approved_DAYS_LAST_DUE_d_app_DAYS_BIRTH_max,310.7414798736572,22
3,f104_approved_DAYS_LAST_DUE_d_app_DAYS_EMPLOYED_min,501.2704048156738,30
3,f104_approved_DAYS_LAST_DUE_d_app_DAYS_ID_PUBLISH_std_div_mean,9.969070434570312,1
3,f104_approved_DAYS_LAST_DUE_d_app_DAYS_BIRTH_mean,196.04079627990723,14
3,f104_approved_DAYS_LAST_DUE_d_app_DAYS_EMPLOYED_mean,103.8748893737793,8
3,f104_approved_DAYS_LAST_DUE_d_app_DAYS_LAST_PHONE_CHANGE_std_div_mean,31.580300331115723,2
3,f104_approved_DAYS_LAST_DUE_s_DAYS_DECISIONS_std_div_mean,26.521910667419434,2
3,f104_approved_DAYS_LAST_DUE_d_app_DAYS_REGISTRATION_std_div_mean,0.0,0
3,f104_approved_DAYS_LAST_DUE_s_DAYS_DECISIONS_std,36.027339935302734,3
3,f104_approved_DAYS_LAST_DUE_s_DAYS_FIRST_DRAWING_std_div_mean,0.0,0
3,f104_approved_DAYS_LAST_DUE_s_DAYS_FIRST_DRAWING_std,0.0,0
3,f104_approved_DAYS_LAST_DUE_s_DAYS_FIRST_DUE_std,34.35505962371826,3
3,f104_approved_DAYS_LAST_DUE_s_DAYS_LAST_DUE_1ST_VERSION_std,90.45740032196045,5
3,f104_approved_DAYS_LAST_DUE_s_DAYS_FIRST_DUE_std_div_mean,133.91170120239258,9
3,f104_approved_DAYS_LAST_DUE_s_DAYS_LAST_DUE_1ST_VERSION_std_div_mean,58.301560401916504,5
3,f104_approved_DAYS_LAST_DUE_s_app_DAYS_BIRTH_min,68.69673919677734,5
3,f104_approved_DAYS_LAST_DUE_s_app_DAYS_BIRTH_std,41.298709869384766,4
3,f104_approved_DAYS_LAST_DUE_s_app_DAYS_BIRTH_max,121.6525993347168,8
3,f104_approved_DAYS_LAST_DUE_s_app_DAYS_EMPLOYED_std,20.275750160217285,2
3,f104_approved_DAYS_LAST_DUE_s_DAYS_LAST_DUE_1ST_VERSION_min,143.88767910003662,11
3,f104_approved_DAYS_LAST_DUE_s_DAYS_LAST_DUE_1ST_VERSION_mean,129.95616149902344,10
3,f104_approved_DAYS_LAST_DUE_s_app_DAYS_BIRTH_mean,64.02163982391357,4
3,f104_approved_DAYS_LAST_DUE_s_app_DAYS_ID_PUBLISH_std,0.0,0
3,f104_approved_DAYS_LAST_DUE_s_app_DAYS_EMPLOYED_max,160.92381143569946,11
3,f104_approved_DAYS_LAST_DUE_s_app_DAYS_LAST_PHONE_CHANGE_std,0.0,0
3,f104_approved_DAYS_LAST_DUE_s_DAYS_LAST_DUE_1ST_VERSION_max,147.16003036499023,10
3,f104_approved_DAYS_LAST_DUE_s_app_DAYS_EMPLOYED_min,142.0600986480713,9
3,f104_approved_DAYS_LAST_DUE_s_app_DAYS_ID_PUBLISH_mean,123.71585941314697,10
3,f104_approved_DAYS_LAST_DUE_s_app_DAYS_EMPLOYED_mean,88.80250072479248,7
3,f104_approved_DAYS_LAST_DUE_s_app_DAYS_LAST_PHONE_CHANGE_mean,211.86743068695068,15
3,f104_approved_DAYS_LAST_DUE_s_app_DAYS_LAST_PHONE_CHANGE_max,327.17805194854736,26
3,f104_approved_DAYS_LAST_DUE_s_app_DAYS_ID_PUBLISH_max,269.3418073654175,21
3,f104_approved_DAYS_LAST_DUE_s_app_DAYS_REGISTRATION_std,0.0,0
3,f104_approved_DAYS_LAST_DUE_s_app_DAYS_REGISTRATION_min,166.6243190765381,13
3,f104_approved_DAYS_TERMINATION_d_app_DAYS_BIRTH_mean,252.7930212020874,18
3,f104_approved_DAYS_LAST_DUE_s_app_DAYS_ID_PUBLISH_min,116.45923900604248,9
3,f104_approved_DAYS_LAST_DUE_s_app_DAYS_REGISTRATION_max,230.02456092834473,19
3,f104_approved_DAYS_TERMINATION_d_app_DAYS_BIRTH_min,228.99174976348877,17
3,f104_approved_DAYS_LAST_DUE_s_app_DAYS_LAST_PHONE_CHANGE_min,135.10397148132324,9
3,f104_approved_DAYS_TERMINATION_d_app_DAYS_BIRTH_max,240.96629095077515,19
3,f104_approved_DAYS_TERMINATION_d_app_DAYS_EMPLOYED_max,303.19391918182373,23
3,f104_approved_DAYS_TERMINATION_d_app_DAYS_LAST_PHONE_CHANGE_std_div_mean,40.14389991760254,3
3,f104_approved_DAYS_TERMINATION_d_app_DAYS_EMPLOYED_min,416.5854015350342,29
3,f104_approved_DAYS_LAST_DUE_s_app_DAYS_REGISTRATION_mean,220.869637966156,15
3,f104_approved_DAYS_TERMINATION_s_DAYS_FIRST_DRAWING_max,0.0,0
3,f104_approved_DAYS_TERMINATION_d_app_DAYS_BIRTH_std_div_mean,71.29761123657227,5
3,f104_approved_DAYS_TERMINATION_s_DAYS_FIRST_DRAWING_std_div_mean,0.0,0
3,f104_approved_DAYS_TERMINATION_s_DAYS_FIRST_DRAWING_min,0.0,0
3,f104_approved_DAYS_TERMINATION_d_app_DAYS_EMPLOYED_mean,269.6764717102051,18
3,f104_approved_DAYS_TERMINATION_d_app_DAYS_ID_PUBLISH_std_div_mean,0.0,0
3,f104_approved_DAYS_TERMINATION_d_app_DAYS_REGISTRATION_std_div_mean,21.14080047607422,1
3,f104_approved_DAYS_TERMINATION_s_DAYS_FIRST_DRAWING_mean,0.0,0
3,f104_approved_DAYS_TERMINATION_s_DAYS_FIRST_DRAWING_std,0.0,0
3,f104_approved_DAYS_TERMINATION_s_DAYS_DECISIONS_std,72.90140056610107,5
3,f104_approved_DAYS_TERMINATION_s_DAYS_FIRST_DUE_std,50.268699645996094,2
3,f104_approved_DAYS_TERMINATION_s_DAYS_LAST_DUE_1ST_VERSION_std,95.56060218811035,7
3,f104_approved_DAYS_TERMINATION_s_DAYS_DECISIONS_std_div_mean,90.68146896362305,7
3,f104_approved_DAYS_TERMINATION_s_DAYS_LAST_DUE_1ST_VERSION_max,1126.151801109314,73
3,f104_approved_DAYS_TERMINATION_s_DAYS_LAST_DUE_1ST_VERSION_min,1027.5657472610474,61
3,f104_approved_DAYS_TERMINATION_s_app_DAYS_BIRTH_std,35.2581205368042,3
3,f104_approved_DAYS_TERMINATION_s_DAYS_LAST_DUE_1ST_VERSION_mean,703.1754102706909,47
3,f104_approved_DAYS_TERMINATION_s_app_DAYS_EMPLOYED_std,48.09919834136963,3
3,f104_approved_DAYS_TERMINATION_s_app_DAYS_BIRTH_mean,103.10474967956543,7
3,f104_approved_DAYS_TERMINATION_s_app_DAYS_BIRTH_max,174.4908800125122,13
3,f104_approved_DAYS_TERMINATION_s_app_DAYS_BIRTH_min,234.22778129577637,18
3,f104_approved_DAYS_TERMINATION_s_app_DAYS_EMPLOYED_mean,194.55667972564697,16
3,f104_approved_DAYS_TERMINATION_s_app_DAYS_EMPLOYED_max,288.1988716125488,20
3,f104_approved_DAYS_TERMINATION_s_app_DAYS_ID_PUBLISH_max,304.3974027633667,21
3,f104_approved_DAYS_TERMINATION_s_app_DAYS_LAST_PHONE_CHANGE_std,12.128999710083008,1
3,f104_approved_DAYS_TERMINATION_s_app_DAYS_LAST_PHONE_CHANGE_max,519.1494464874268,35
3,f104_approved_DAYS_TERMINATION_s_app_DAYS_EMPLOYED_min,118.8265609741211,9
3,f104_approved_DAYS_TERMINATION_s_app_DAYS_LAST_PHONE_CHANGE_mean,340.8670024871826,20
3,f104_approved_DAYS_TERMINATION_s_app_DAYS_ID_PUBLISH_std,0.0,0
3,f104_approved_DAYS_TERMINATION_s_app_DAYS_ID_PUBLISH_mean,158.6568717956543,12
3,f104_approved_DAYS_TERMINATION_s_app_DAYS_REGISTRATION_std,0.0,0
3,f104_approved_DAYS_TERMINATION_s_app_DAYS_LAST_PHONE_CHANGE_min,337.92344760894775,23
3,f104_approved_HOUR_APPR_PROCESS_START_std_div_mean,184.58243942260742,14
3,f104_approved_DAYS_TERMINATION_s_app_DAYS_ID_PUBLISH_min,197.11359786987305,12
3,f104_approved_DAYS_TERMINATION_s_app_DAYS_REGISTRATION_min,325.32746982574463,21
3,f104_approved_DAYS_TERMINATION_s_app_DAYS_REGISTRATION_max,315.4994306564331,22
3,f104_approved_HOUR_APPR_PROCESS_START_min,741.9565153121948,46
3,f104_approved_HOUR_APPR_PROCESS_START_max,554.1843957901001,39
3,f104_approved_DAYS_TERMINATION_s_app_DAYS_REGISTRATION_mean,167.66149997711182,11
3,f104_approved_HOUR_APPR_PROCESS_START_mean,1069.4437971115112,70
3,f104_approved_NAME_CLIENT_TYPE_Repeater_sum,66.98920059204102,4
3,f104_approved_NAME_CLIENT_TYPE_New_mean,1741.7986316680908,58
3,f104_approved_NAME_CLIENT_TYPE_New_sum,385.71260261535645,10
3,f104_approved_NAME_CLIENT_TYPE_Repeater_mean,318.5228509902954,15
3,f104_approved_NAME_GOODS_CATEGORY_Furniture_sum,0.0,0
3,f104_approved_NAME_GOODS_CATEGORY_Furniture_mean,0.0,0
3,f104_approved_NAME_CLIENT_TYPE_Refreshed_mean,20.101520538330078,2
3,f104_approved_NAME_GOODS_CATEGORY_Mobile_mean,20.42494010925293,2
3,f104_approved_NAME_GOODS_CATEGORY_Mobile_sum,0.0,0
3,f104_approved_NAME_SELLER_INDUSTRY_Connectivity_sum,52.72906970977783,4
3,f104_approved_NAME_PRODUCT_TYPE_walk_in_mean,211.97694969177246,13
3,f104_approved_NAME_PRODUCT_TYPE_walk_in_sum,81.6500997543335,5
3,f104_approved_NAME_SELLER_INDUSTRY_Furniture_mean,9.456319808959961,1
3,f104_approved_NAME_SELLER_INDUSTRY_Furniture_sum,0.0,0
3,f104_approved_NAME_SELLER_INDUSTRY_Connectivity_mean,59.016571044921875,4
3,f104_approved_NAME_YIELD_GROUP_high_sum,103.41500091552734,6
3,f104_approved_NAME_YIELD_GROUP_low_normal_sum,12.345800399780273,1
3,f104_approved_NAME_YIELD_GROUP_low_normal_mean,67.92262935638428,5
3,f104_approved_NAME_YIELD_GROUP_low_action_sum,13.928799629211426,1
3,f104_approved_PRODUCT_COMBINATION_POS_mobile_with_interest_mean,50.81589984893799,4
3,f104_approved_PRODUCT_COMBINATION_POS_industry_with_interest_mean,50.36000061035156,4
3,f104_approved_NAME_YIELD_GROUP_low_action_mean,23.31352996826172,2
3,f104_approved_PRODUCT_COMBINATION_POS_industry_with_interest_sum,36.02639961242676,2
3,f104_approved_NAME_YIELD_GROUP_high_mean,1754.2718620300293,39
3,f104_approved_RATE_INTEREST_PRIMARY_std_div_mean,0.0,0
3,f104_approved_RATE_INTEREST_PRIMARY_max,0.0,0
3,f104_approved_RATE_INTEREST_PRIMARY_mean,0.0,0
3,f104_approved_PRODUCT_COMBINATION_POS_mobile_with_interest_sum,0.0,0
3,f104_approved_RATE_INTEREST_PRIMARY_min,0.0,0
3,f104_approved_RATE_INTEREST_PRIVILEGED_max,0.0,0
3,f104_approved_RATE_INTEREST_PRIVILEGED_mean,0.0,0
3,f104_approved_RATE_INTEREST_PRIVILEGED_min,0.0,0
3,f104_approved_RATE_INTEREST_PRIMARY_std,0.0,0
3,f104_approved_RATE_INTEREST_PRIVILEGED_std_div_mean,0.0,0
3,f104_approved_RATE_INTEREST_PRIVILEGED_std,0.0,0
3,f104_approved_RATE_DOWN_PAYMENT_std_div_mean,0.0,0
3,f104_approved_amt_unpaid_max_div_min,20.089489936828613,2
3,f104_approved_active_std_div_mean,40.08359909057617,3
3,f104_approved_amt_unpaid_std_div_mean,19.613100051879883,1
3,f104_approved_active_std,88.73070049285889,6
3,f104_approved_active_max,0.0,0
3,f104_approved_active_mean,11.469200134277344,1
3,f104_approved_cnt_unpaid_std_div_mean,12.247699737548828,1
3,f104_approved_amt_unpaid_std,35.635690689086914,3
3,f104_approved_amt_unpaid_sum,40.043999671936035,3
3,f104_approved_active_sum,0.0,0
3,f104_approved_amt_unpaid_max,94.15904140472412,8
3,f104_approved_amt_unpaid_mean,122.71204090118408,10
3,f104_approved_cnt_paid_ratio_std_div_mean,63.263938903808594,5
3,f104_approved_cnt_paid_ratio_std,32.03779983520508,2
3,f104_approved_cnt_paid_ratio_min,192.77861881256104,14
3,f104_approved_cnt_paid_ratio_max,45.006290435791016,3
3,f104_approved_cnt_unpaid_max,12.054300308227539,1
3,f104_approved_cnt_paid_ratio_mean,107.57800102233887,8
3,f104_approved_cnt_unpaid_std,43.308401107788086,2
3,f104_completed_AMT_ANNUITY_d_app_AMT_ANNUITY_diff_std,41.57200050354004,3
3,f104_approved_cnt_unpaid_mean,28.410799980163574,2
3,f104_approved_cnt_unpaid_sum,68.96129894256592,4
3,f104_approved_cnt_unpaid_min,9.523489952087402,1
3,f104_completed_AMT_ANNUITY_d_app_AMT_ANNUITY_mean,404.20801162719727,26
3,f104_completed_AMT_ANNUITY_d_app_AMT_ANNUITY_max,285.69603729248047,20
3,f104_completed_AMT_ANNUITY_d_app_AMT_GOODS_PRICE_diff_std,0.0,0
3,f104_completed_AMT_ANNUITY_d_app_AMT_CREDIT_diff_std,0.0,0
3,f104_completed_AMT_ANNUITY_d_app_AMT_ANNUITY_min,235.38224983215332,16
3,f104_completed_AMT_ANNUITY_d_app_AMT_CREDIT_mean,348.88751888275146,27
3,f104_completed_AMT_ANNUITY_d_app_AMT_CREDIT_max,402.8929023742676,23
3,f104_completed_AMT_ANNUITY_d_app_AMT_CREDIT_min,191.51601028442383,13
3,f104_completed_AMT_ANNUITY_d_app_AMT_INCOME_TOTAL_diff_std,26.811400413513184,2
3,f104_completed_AMT_ANNUITY_d_app_AMT_GOODS_PRICE_mean,207.46146774291992,14
3,f104_completed_AMT_ANNUITY_d_app_AMT_GOODS_PRICE_min,398.16197872161865,27
3,f104_completed_AMT_ANNUITY_d_app_AMT_GOODS_PRICE_max,247.87331104278564,17
3,f104_completed_AMT_ANNUITY_d_app_AMT_INCOME_TOTAL_std,48.46519947052002,3
3,f104_completed_AMT_ANNUITY_m_app_AMT_GOODS_PRICE_d_app_AMT_INCOME_TOTAL_diff_std,11.01509952545166,1
3,f104_completed_AMT_ANNUITY_d_app_AMT_INCOME_TOTAL_min,236.10414028167725,19
3,f104_completed_AMT_ANNUITY_d_app_AMT_INCOME_TOTAL_mean,370.4785804748535,26
3,f104_completed_AMT_ANNUITY_d_app_AMT_INCOME_TOTAL_max,289.89090061187744,20
3,f104_completed_AMT_ANNUITY_m_app_AMT_GOODS_PRICE_d_app_AMT_INCOME_TOTAL_std,0.0,0
3,f104_completed_AMT_ANNUITY_s_app_AMT_ANNUITY_d_app_AMT_INCOME_TOTAL_diff_std,0.0,0
3,f104_completed_AMT_ANNUITY_s_app_AMT_ANNUITY_d_app_AMT_INCOME_TOTAL_std,0.0,0
3,f104_completed_AMT_ANNUITY_max,529.942873954773,36
3,f104_completed_AMT_ANNUITY_mean,417.175763130188,27
3,f104_completed_AMT_ANNUITY_s_app_AMT_ANNUITY_d_app_AMT_INCOME_TOTAL_mean,580.737361907959,33
3,f104_completed_AMT_ANNUITY_s_app_AMT_ANNUITY_d_app_AMT_INCOME_TOTAL_max,843.7241983413696,46
3,f104_completed_AMT_ANNUITY_min,431.7691297531128,29
3,f104_completed_AMT_ANNUITY_s_app_AMT_ANNUITY_mean,406.97129344940186,27
3,f104_completed_AMT_ANNUITY_s_app_AMT_ANNUITY_d_app_AMT_INCOME_TOTAL_min,710.4603481292725,41
3,f104_completed_AMT_ANNUITY_s_app_AMT_CREDIT_d_app_AMT_INCOME_TOTAL_diff_std,0.0,0
3,f104_completed_AMT_ANNUITY_s_app_AMT_ANNUITY_max,473.66837787628174,33
3,f104_completed_AMT_ANNUITY_s_app_AMT_CREDIT_d_app_AMT_INCOME_TOTAL_pctchange_std,0.0,0
3,f104_completed_AMT_ANNUITY_s_app_AMT_ANNUITY_min,615.8877105712891,40
3,f104_completed_AMT_ANNUITY_s_app_AMT_CREDIT_d_app_AMT_INCOME_TOTAL_std,0.0,0
3,f104_completed_AMT_ANNUITY_s_app_AMT_ANNUITY_std,55.480698585510254,3
3,f104_completed_AMT_ANNUITY_s_app_AMT_CREDIT_std,25.01047992706299,2
3,f104_completed_AMT_ANNUITY_s_app_AMT_CREDIT_max,573.5028367042542,36
3,f104_completed_AMT_ANNUITY_s_app_AMT_CREDIT_mean,437.60778522491455,27
3,f104_completed_AMT_ANNUITY_s_app_AMT_CREDIT_min,555.5169687271118,34
3,f104_completed_AMT_ANNUITY_s_app_AMT_GOODS_PRICE_std,0.0,0
3,f104_completed_AMT_ANNUITY_s_app_AMT_CREDIT_pctchange_std,0.0,0
3,f104_completed_AMT_ANNUITY_s_app_AMT_GOODS_PRICE_mean,974.6938285827637,53
3,f104_completed_AMT_ANNUITY_s_app_AMT_GOODS_PRICE_min,1063.7174615859985,59
3,f104_completed_AMT_ANNUITY_s_app_AMT_GOODS_PRICE_max,1123.445888519287,62
3,f104_completed_AMT_ANNUITY_s_app_AMT_INCOME_TOTAL_std,0.0,0
3,f104_completed_AMT_ANNUITY_std,0.0,0
3,f104_completed_AMT_ANNUITY_s_app_AMT_INCOME_TOTAL_std_div_mean,12.018500328063965,1
3,f104_completed_AMT_APPLICATION_d_app_AMT_ANNUITY_max,75.44829940795898,4
3,f104_completed_AMT_APPLICATION_d_app_AMT_ANNUITY_mean,112.3888292312622,7
3,f104_completed_AMT_APPLICATION_d_app_AMT_ANNUITY_std,0.0,0
3,f104_completed_AMT_APPLICATION_d_app_AMT_CREDIT_mean,231.82246780395508,15
3,f104_completed_AMT_APPLICATION_d_app_AMT_CREDIT_std,0.0,0
3,f104_completed_AMT_APPLICATION_d_app_AMT_CREDIT_max,185.11699867248535,13
3,f104_completed_AMT_APPLICATION_d_app_AMT_ANNUITY_min,163.31619930267334,7
3,f104_completed_AMT_APPLICATION_d_app_AMT_CREDIT_min,256.24979877471924,16
3,f104_completed_AMT_APPLICATION_d_app_AMT_GOODS_PRICE_std,0.0,0
3,f104_completed_AMT_APPLICATION_d_app_AMT_GOODS_PRICE_min,90.4475793838501,7
3,f104_completed_AMT_APPLICATION_d_app_AMT_GOODS_PRICE_max,44.349379539489746,4
3,f104_completed_AMT_APPLICATION_d_app_AMT_GOODS_PRICE_mean,150.95624828338623,11
3,f104_completed_AMT_APPLICATION_d_app_AMT_INCOME_TOTAL_mean,51.20170021057129,4
3,f104_completed_AMT_APPLICATION_d_app_AMT_INCOME_TOTAL_std,17.396099090576172,1
3,f104_completed_AMT_APPLICATION_d_app_AMT_INCOME_TOTAL_max,102.74073123931885,7
3,f104_completed_AMT_APPLICATION_d_app_AMT_INCOME_TOTAL_min,80.68263053894043,6
3,f104_completed_AMT_APPLICATION_mean,48.532859802246094,4
3,f104_completed_AMT_APPLICATION_m_app_AMT_GOODS_PRICE_d_app_AMT_INCOME_TOTAL_std,0.0,0
3,f104_completed_AMT_APPLICATION_max,101.4171028137207,6
3,f104_completed_AMT_APPLICATION_s_app_AMT_ANNUITY_d_app_AMT_INCOME_TOTAL_std,0.0,0
3,f104_completed_AMT_APPLICATION_s_app_AMT_ANNUITY_std,20.064800262451172,1
3,f104_completed_AMT_APPLICATION_min,338.8199529647827,20
3,f104_completed_AMT_APPLICATION_s_app_AMT_ANNUITY_d_app_AMT_INCOME_TOTAL_mean,36.47593021392822,3
3,f104_completed_AMT_APPLICATION_s_app_AMT_ANNUITY_d_app_AMT_INCOME_TOTAL_min,70.92980003356934,6
3,f104_completed_AMT_APPLICATION_s_app_AMT_ANNUITY_d_app_AMT_INCOME_TOTAL_max,50.41170120239258,3
3,f104_completed_AMT_APPLICATION_s_app_AMT_CREDIT_std,0.0,0
3,f104_completed_AMT_APPLICATION_s_app_AMT_ANNUITY_max,141.92930126190186,9
3,f104_completed_AMT_APPLICATION_s_app_AMT_CREDIT_d_app_AMT_INCOME_TOTAL_std,0.0,0
3,f104_completed_AMT_APPLICATION_s_app_AMT_ANNUITY_min,47.38909912109375,3
3,f104_completed_AMT_APPLICATION_s_app_AMT_ANNUITY_mean,55.748849868774414,4
3,f104_completed_AMT_APPLICATION_s_app_AMT_GOODS_PRICE_std,0.0,0
3,f104_completed_AMT_APPLICATION_std,0.0,0
3,f104_completed_AMT_APPLICATION_s_app_AMT_INCOME_TOTAL_mean,119.43187046051025,9
3,f104_completed_AMT_APPLICATION_s_app_AMT_INCOME_TOTAL_max,123.80999946594238,8
3,f104_completed_AMT_APPLICATION_s_app_AMT_INCOME_TOTAL_std,0.0,0
3,f104_completed_AMT_APPLICATION_s_app_AMT_INCOME_TOTAL_min,138.29086017608643,10
3,f104_completed_AMT_CREDIT_d_AMT_APPLICATION_min,484.5148582458496,29
3,f104_completed_AMT_CREDIT_d_AMT_APPLICATION_mean,364.46474742889404,22
3,f104_completed_AMT_CREDIT_d_app_AMT_ANNUITY_std,17.427400588989258,1
3,f104_completed_AMT_CREDIT_d_AMT_APPLICATION_std,52.669700622558594,4
3,f104_completed_AMT_CREDIT_d_AMT_APPLICATION_max,264.93733978271484,19
3,f104_completed_AMT_CREDIT_d_app_AMT_ANNUITY_mean,204.04169845581055,12
3,f104_completed_AMT_CREDIT_d_app_AMT_ANNUITY_max,84.19744873046875,7
3,f104_completed_AMT_CREDIT_d_app_AMT_CREDIT_std,0.0,0
3,f104_completed_AMT_CREDIT_d_app_AMT_ANNUITY_min,266.1276626586914,12
3,f104_completed_AMT_CREDIT_d_app_AMT_CREDIT_max,106.95610046386719,7
3,f104_completed_AMT_CREDIT_d_app_AMT_GOODS_PRICE_std,17.589799880981445,1
3,f104_completed_AMT_CREDIT_d_app_AMT_GOODS_PRICE_max,185.40591049194336,11
3,f104_completed_AMT_CREDIT_d_app_AMT_GOODS_PRICE_min,182.72909927368164,13
3,f104_completed_AMT_CREDIT_d_app_AMT_CREDIT_min,129.8202486038208,10
3,f104_completed_AMT_CREDIT_d_app_AMT_CREDIT_mean,69.43436050415039,6
3,f104_completed_AMT_CREDIT_d_app_AMT_GOODS_PRICE_mean,246.21620082855225,13
3,f104_completed_AMT_CREDIT_d_total_debt_diff_std,59.08184051513672,5
3,f104_completed_AMT_CREDIT_d_app_AMT_INCOME_TOTAL_mean,121.20412158966064,10
3,f104_completed_AMT_CREDIT_d_app_AMT_INCOME_TOTAL_max,131.75575160980225,10
3,f104_completed_AMT_CREDIT_d_app_AMT_INCOME_TOTAL_std,0.0,0
3,f104_completed_AMT_CREDIT_d_app_AMT_INCOME_TOTAL_min,193.46522998809814,14
3,f104_completed_AMT_CREDIT_d_total_debt_pctchange_std,126.2002010345459,9
3,f104_completed_AMT_CREDIT_d_total_debt_max,680.4118309020996,37
3,f104_completed_AMT_CREDIT_d_total_debt_std_div_mean,22.934279441833496,2
3,f104_completed_AMT_CREDIT_m_app_AMT_GOODS_PRICE_d_app_AMT_INCOME_TOTAL_diff_std_div_mean,40.51309013366699,3
3,f104_completed_AMT_CREDIT_d_total_debt_pctchange_std_div_mean,37.67541027069092,3
3,f104_completed_AMT_CREDIT_d_total_debt_min,766.5817823410034,51
3,f104_completed_AMT_CREDIT_d_total_debt_mean,893.2521171569824,53
3,f104_completed_AMT_CREDIT_m_app_AMT_GOODS_PRICE_d_app_AMT_INCOME_TOTAL_std,0.0,0
3,f104_completed_AMT_CREDIT_m_app_AMT_GOODS_PRICE_d_app_AMT_INCOME_TOTAL_pctchange_std,28.941399574279785,2
3,f104_completed_AMT_CREDIT_d_total_debt_std,0.0,0
3,f104_completed_AMT_CREDIT_max,87.54004001617432,7
3,f104_completed_AMT_CREDIT_s_app_AMT_ANNUITY_d_app_AMT_INCOME_TOTAL_std,0.0,0
3,f104_completed_AMT_CREDIT_min,197.61939907073975,14
3,f104_completed_AMT_CREDIT_m_app_AMT_GOODS_PRICE_d_app_AMT_INCOME_TOTAL_std_div_mean,19.995800018310547,2
3,f104_completed_AMT_CREDIT_s_app_AMT_ANNUITY_d_app_AMT_INCOME_TOTAL_mean,126.93777847290039,10
3,f104_completed_AMT_CREDIT_s_app_AMT_ANNUITY_d_app_AMT_INCOME_TOTAL_min,139.8530397415161,10
3,f104_completed_AMT_CREDIT_mean,199.4106321334839,14
3,f104_completed_AMT_CREDIT_s_app_AMT_ANNUITY_d_app_AMT_INCOME_TOTAL_max,108.48961925506592,6
3,f104_completed_AMT_CREDIT_s_app_AMT_ANNUITY_diff_std_div_mean,0.0,0
3,f104_completed_AMT_CREDIT_s_app_AMT_ANNUITY_max,216.30929946899414,13
3,f104_completed_AMT_CREDIT_s_app_AMT_ANNUITY_std,13.912099838256836,1
3,f104_completed_AMT_CREDIT_s_app_AMT_CREDIT_d_app_AMT_INCOME_TOTAL_diff_std_div_mean,14.718500137329102,1
3,f104_completed_AMT_CREDIT_s_app_AMT_CREDIT_diff_std_div_mean,0.0,0
3,f104_completed_AMT_CREDIT_s_app_AMT_CREDIT_d_app_AMT_INCOME_TOTAL_std_div_mean,0.0,0
3,f104_completed_AMT_CREDIT_s_app_AMT_ANNUITY_mean,133.31496143341064,9
3,f104_completed_AMT_CREDIT_s_app_AMT_CREDIT_d_app_AMT_INCOME_TOTAL_std,0.0,0
3,f104_completed_AMT_CREDIT_s_app_AMT_ANNUITY_min,157.59186840057373,12
3,f104_completed_AMT_CREDIT_s_app_AMT_CREDIT_std_div_mean,0.0,0
3,f104_completed_AMT_CREDIT_s_app_AMT_CREDIT_std,12.484299659729004,1
3,f104_completed_AMT_CREDIT_s_app_AMT_GOODS_PRICE_diff_std_div_mean,0.0,0
3,f104_completed_AMT_CREDIT_s_app_AMT_INCOME_TOTAL_diff_std_div_mean,0.0,0
3,f104_completed_AMT_CREDIT_s_app_AMT_GOODS_PRICE_std_div_mean,0.0,0
3,f104_completed_AMT_CREDIT_s_app_AMT_GOODS_PRICE_std,0.0,0
3,f104_completed_AMT_CREDIT_s_app_AMT_GOODS_PRICE_pctchange_std,19.83060073852539,1
3,f104_completed_AMT_DOWN_PAYMENT_d_AMT_GOODS_PRICE_pctchange_std,0.0,0
3,f104_completed_AMT_CREDIT_s_app_AMT_INCOME_TOTAL_std,0.0,0
3,f104_completed_AMT_CREDIT_std,0.0,0
3,f104_completed_AMT_CREDIT_s_app_AMT_INCOME_TOTAL_max,191.39026165008545,13
3,f104_completed_AMT_CREDIT_s_app_AMT_INCOME_TOTAL_min,140.89780807495117,9
3,f104_completed_AMT_CREDIT_s_app_AMT_INCOME_TOTAL_mean,46.36770057678223,4
3,f104_completed_AMT_GOODS_PRICE_d_AMT_ANNUITY_std,9.358460426330566,1
3,f104_completed_AMT_GOODS_PRICE_d_AMT_CREDIT_max,279.55340003967285,17
3,f104_completed_AMT_DOWN_PAYMENT_d_AMT_GOODS_PRICE_std_div_mean,0.0,0
3,f104_completed_AMT_GOODS_PRICE_d_AMT_CREDIT_mean,320.6713123321533,22
3,f104_completed_AMT_GOODS_PRICE_d_AMT_ANNUITY_max,543.323634147644,38
3,f104_completed_AMT_GOODS_PRICE_d_AMT_CREDIT_min,384.3200988769531,24
3,f104_completed_AMT_GOODS_PRICE_d_app_AMT_CREDIT_std,13.059900283813477,1
3,f104_completed_AMT_GOODS_PRICE_d_app_AMT_ANNUITY_min,93.67394065856934,6
3,f104_completed_AMT_GOODS_PRICE_d_app_AMT_ANNUITY_std,0.0,0
3,f104_completed_AMT_GOODS_PRICE_d_app_AMT_ANNUITY_max,240.45364665985107,16
3,f104_completed_AMT_GOODS_PRICE_d_app_AMT_ANNUITY_mean,156.71559810638428,9
3,f104_completed_AMT_GOODS_PRICE_d_app_AMT_CREDIT_max,198.22362995147705,14
3,f104_completed_AMT_GOODS_PRICE_d_app_AMT_CREDIT_min,78.29940032958984,6
3,f104_completed_AMT_GOODS_PRICE_d_app_AMT_CREDIT_mean,118.20319080352783,10
3,f104_completed_AMT_GOODS_PRICE_d_app_AMT_GOODS_PRICE_max,173.03727912902832,13
3,f104_completed_AMT_GOODS_PRICE_d_app_AMT_GOODS_PRICE_mean,44.166399002075195,3
3,f104_completed_AMT_GOODS_PRICE_d_app_AMT_GOODS_PRICE_std,0.0,0
3,f104_completed_AMT_GOODS_PRICE_d_app_AMT_INCOME_TOTAL_mean,92.2201795578003,7
3,f104_completed_AMT_GOODS_PRICE_d_app_AMT_GOODS_PRICE_min,90.12270069122314,5
3,f104_completed_AMT_GOODS_PRICE_d_app_AMT_INCOME_TOTAL_max,81.44609832763672,5
3,f104_completed_AMT_GOODS_PRICE_d_app_AMT_INCOME_TOTAL_std,0.0,0
3,f104_completed_AMT_GOODS_PRICE_d_app_AMT_INCOME_TOTAL_min,65.00145053863525,4
3,f104_completed_AMT_GOODS_PRICE_d_total_debt_pctchange_std,33.55630111694336,2
3,f104_completed_AMT_GOODS_PRICE_d_total_debt_mean,1364.7123908996582,50
3,f104_completed_AMT_GOODS_PRICE_d_total_debt_std_div_mean,14.925299644470215,1
3,f104_completed_AMT_GOODS_PRICE_m_app_AMT_GOODS_PRICE_d_app_AMT_INCOME_TOTAL_std,0.0,0
3,f104_completed_AMT_GOODS_PRICE_d_total_debt_max,1246.830213546753,52
3,f104_completed_AMT_GOODS_PRICE_d_total_debt_min,608.2988996505737,33
3,f104_completed_AMT_GOODS_PRICE_s_app_AMT_ANNUITY_d_app_AMT_INCOME_TOTAL_mean,87.11250114440918,5
3,f104_completed_AMT_GOODS_PRICE_min,115.36566925048828,8
3,f104_completed_AMT_GOODS_PRICE_mean,142.6625919342041,11
3,f104_completed_AMT_GOODS_PRICE_max,156.58881092071533,11
3,f104_completed_AMT_GOODS_PRICE_s_app_AMT_ANNUITY_d_app_AMT_INCOME_TOTAL_max,181.40221977233887,10
3,f104_completed_AMT_GOODS_PRICE_s_app_AMT_ANNUITY_d_app_AMT_INCOME_TOTAL_min,22.152099609375,2
3,f104_completed_AMT_GOODS_PRICE_s_app_AMT_ANNUITY_d_app_AMT_INCOME_TOTAL_std,0.0,0
3,f104_completed_AMT_GOODS_PRICE_s_app_AMT_ANNUITY_diff_mean,572.7333126068115,44
3,f104_completed_AMT_GOODS_PRICE_s_app_AMT_ANNUITY_diff_max,283.2395477294922,20
3,f104_completed_AMT_GOODS_PRICE_s_app_AMT_ANNUITY_std,0.0,0
3,f104_completed_AMT_GOODS_PRICE_s_app_AMT_ANNUITY_max,139.64524269104004,9
3,f104_completed_AMT_GOODS_PRICE_s_app_AMT_ANNUITY_min,76.93400001525879,6
3,f104_completed_AMT_GOODS_PRICE_s_app_AMT_CREDIT_std,0.0,0
3,f104_completed_AMT_GOODS_PRICE_s_app_AMT_CREDIT_d_app_AMT_INCOME_TOTAL_std,0.0,0
3,f104_completed_AMT_GOODS_PRICE_s_app_AMT_CREDIT_diff_mean,62.23500061035156,4
3,f104_completed_AMT_GOODS_PRICE_s_app_AMT_ANNUITY_mean,41.2714204788208,3
3,f104_completed_AMT_GOODS_PRICE_s_app_AMT_CREDIT_diff_max,148.75505924224854,12
3,f104_completed_AMT_GOODS_PRICE_s_app_AMT_GOODS_PRICE_diff_max,35.82895851135254,3
3,f104_completed_AMT_GOODS_PRICE_s_app_AMT_GOODS_PRICE_std,0.0,0
3,f104_completed_AMT_GOODS_PRICE_s_app_AMT_GOODS_PRICE_diff_mean,88.54389953613281,5
3,f104_completed_AMT_GOODS_PRICE_s_app_AMT_INCOME_TOTAL_diff_max,12.68850040435791,1
3,f104_completed_AMT_GOODS_PRICE_s_app_AMT_INCOME_TOTAL_diff_mean,46.753899574279785,4
3,f104_completed_AMT_GOODS_PRICE_s_app_AMT_INCOME_TOTAL_mean,64.23470115661621,4
3,f104_completed_AMT_GOODS_PRICE_std,0.0,0
3,f104_completed_AMT_GOODS_PRICE_s_app_AMT_INCOME_TOTAL_std,0.0,0
3,f104_completed_AMT_GOODS_PRICE_s_app_AMT_INCOME_TOTAL_min,85.9148006439209,6
3,f104_completed_AMT_GOODS_PRICE_s_app_AMT_INCOME_TOTAL_max,100.52329063415527,7
3,f104_completed_CHANNEL_TYPE_Country_wide_mean,117.05788803100586,9
3,f104_completed_DAYS_DECISION_d_app_DAYS_BIRTH_mean,77.6653995513916,5
3,f104_completed_DAYS_DECISION_d_app_DAYS_BIRTH_min,203.85963821411133,15
3,f104_completed_DAYS_DECISION_d_app_DAYS_EMPLOYED_std_div_mean,70.82549858093262,4
3,f104_completed_DAYS_DECISION_d_app_DAYS_EMPLOYED_min,588.8064088821411,13
3,f104_completed_DAYS_DECISION_d_app_DAYS_EMPLOYED_mean,1115.1645889282227,13
3,f104_completed_DAYS_DECISION_s_app_DAYS_EMPLOYED_mean,98.05485916137695,8
3,f104_completed_DAYS_DECISION_d_app_DAYS_EMPLOYED_max,976.4011087417603,17
3,f104_completed_DAYS_DECISION_d_app_DAYS_BIRTH_max,179.98600101470947,11
3,f104_completed_DAYS_DECISION_s_app_DAYS_EMPLOYED_max,61.307820320129395,5
3,f104_completed_DAYS_DECISION_s_app_DAYS_ID_PUBLISH_mean,0.0,0
3,f104_completed_DAYS_DECISION_s_app_DAYS_BIRTH_min,128.61860275268555,6
3,f104_completed_DAYS_DECISION_s_app_DAYS_BIRTH_mean,242.10109615325928,9
3,f104_completed_DAYS_DECISION_s_app_DAYS_BIRTH_max,175.35568237304688,7
3,f104_completed_DAYS_DECISION_s_app_DAYS_ID_PUBLISH_min,113.17090034484863,7
3,f104_completed_DAYS_DECISION_s_app_DAYS_EMPLOYED_min,106.08012962341309,7
3,f104_completed_DAYS_DECISION_s_app_DAYS_ID_PUBLISH_max,106.23690032958984,7
3,f104_completed_DAYS_DECISION_s_app_DAYS_LAST_PHONE_CHANGE_min,129.1220998764038,8
3,f104_completed_DAYS_DECISION_s_app_DAYS_REGISTRATION_min,212.89303874969482,15
3,f104_completed_DAYS_DECISION_s_app_DAYS_LAST_PHONE_CHANGE_max,455.2255573272705,19
3,f104_completed_DAYS_DECISION_s_app_DAYS_REGISTRATION_max,177.7335786819458,14
3,f104_completed_DAYS_FIRST_DRAWING_d_app_DAYS_EMPLOYED_mean,0.0,0
3,f104_completed_DAYS_FIRST_DRAWING_d_app_DAYS_BIRTH_max_div_min,0.0,0
3,f104_completed_DAYS_FIRST_DRAWING_d_app_DAYS_BIRTH_max,0.0,0
3,f104_completed_DAYS_DECISION_s_app_DAYS_LAST_PHONE_CHANGE_mean,110.28337955474854,6
3,f104_completed_DAYS_DECISION_s_app_DAYS_REGISTRATION_mean,185.85205936431885,14
3,f104_completed_DAYS_FIRST_DRAWING_d_app_DAYS_EMPLOYED_max_div_min,0.0,0
3,f104_completed_DAYS_FIRST_DRAWING_d_app_DAYS_BIRTH_mean,0.0,0
3,f104_completed_DAYS_FIRST_DRAWING_d_app_DAYS_BIRTH_std_div_mean,0.0,0
3,f104_completed_DAYS_FIRST_DRAWING_d_app_DAYS_EMPLOYED_max,0.0,0
3,f104_completed_DAYS_FIRST_DRAWING_d_app_DAYS_BIRTH_min,0.0,0
3,f104_completed_DAYS_FIRST_DRAWING_d_app_DAYS_BIRTH_std,0.0,0
3,f104_completed_DAYS_FIRST_DRAWING_d_app_DAYS_EMPLOYED_std_div_mean,0.0,0
3,f104_completed_DAYS_FIRST_DRAWING_d_app_DAYS_EMPLOYED_std,0.0,0
3,f104_completed_DAYS_FIRST_DRAWING_d_app_DAYS_ID_PUBLISH_mean,0.0,0
3,f104_completed_DAYS_FIRST_DRAWING_d_app_DAYS_EMPLOYED_min,0.0,0
3,f104_completed_DAYS_FIRST_DRAWING_d_app_DAYS_ID_PUBLISH_std,0.0,0
3,f104_completed_DAYS_FIRST_DRAWING_d_app_DAYS_ID_PUBLISH_std_div_mean,0.0,0
3,f104_completed_DAYS_FIRST_DRAWING_d_app_DAYS_ID_PUBLISH_min,0.0,0
3,f104_completed_DAYS_FIRST_DRAWING_d_app_DAYS_ID_PUBLISH_max_div_min,0.0,0
3,f104_completed_DAYS_FIRST_DRAWING_d_app_DAYS_ID_PUBLISH_max,0.0,0
3,f104_completed_DAYS_FIRST_DRAWING_d_app_DAYS_REGISTRATION_mean,0.0,0
3,f104_completed_DAYS_FIRST_DRAWING_d_app_DAYS_LAST_PHONE_CHANGE_max,0.0,0
3,f104_completed_DAYS_FIRST_DRAWING_d_app_DAYS_REGISTRATION_max,0.0,0
3,f104_completed_DAYS_FIRST_DRAWING_d_app_DAYS_LAST_PHONE_CHANGE_min,0.0,0
3,f104_completed_DAYS_FIRST_DRAWING_d_app_DAYS_LAST_PHONE_CHANGE_mean,0.0,0
3,f104_completed_DAYS_FIRST_DRAWING_d_app_DAYS_REGISTRATION_max_div_min,0.0,0
3,f104_completed_DAYS_FIRST_DRAWING_d_app_DAYS_LAST_PHONE_CHANGE_std,0.0,0
3,f104_completed_DAYS_FIRST_DRAWING_d_app_DAYS_LAST_PHONE_CHANGE_max_div_min,0.0,0
3,f104_completed_DAYS_FIRST_DRAWING_d_app_DAYS_LAST_PHONE_CHANGE_std_div_mean,0.0,0
3,f104_completed_DAYS_FIRST_DRAWING_d_app_DAYS_REGISTRATION_min,0.0,0
3,f104_completed_DAYS_FIRST_DRAWING_d_app_DAYS_REGISTRATION_std,0.0,0
3,f104_completed_DAYS_FIRST_DRAWING_s_app_DAYS_BIRTH_mean,0.0,0
3,f104_completed_DAYS_FIRST_DRAWING_s_DAYS_DECISIONS_mean,0.0,0
3,f104_completed_DAYS_FIRST_DRAWING_d_app_DAYS_REGISTRATION_std_div_mean,0.0,0
3,f104_completed_DAYS_FIRST_DRAWING_s_DAYS_DECISIONS_std,0.0,0
3,f104_completed_DAYS_FIRST_DRAWING_s_DAYS_DECISIONS_std_div_mean,0.0,0
3,f104_completed_DAYS_FIRST_DRAWING_s_DAYS_DECISIONS_max_div_min,0.0,0
3,f104_completed_DAYS_FIRST_DRAWING_s_DAYS_DECISIONS_min,0.0,0
3,f104_completed_DAYS_FIRST_DRAWING_s_app_DAYS_BIRTH_max,0.0,0
3,f104_completed_DAYS_FIRST_DRAWING_s_app_DAYS_BIRTH_min,0.0,0
3,f104_completed_DAYS_FIRST_DRAWING_s_DAYS_DECISIONS_max,0.0,0
3,f104_completed_DAYS_FIRST_DRAWING_s_app_DAYS_BIRTH_max_div_min,0.0,0
3,f104_completed_DAYS_FIRST_DRAWING_s_app_DAYS_EMPLOYED_min,0.0,0
3,f104_completed_DAYS_FIRST_DRAWING_s_app_DAYS_ID_PUBLISH_max,0.0,0
3,f104_completed_DAYS_FIRST_DRAWING_s_app_DAYS_EMPLOYED_std,0.0,0
3,f104_completed_DAYS_FIRST_DRAWING_s_app_DAYS_BIRTH_std,0.0,0
3,f104_completed_DAYS_FIRST_DRAWING_s_app_DAYS_BIRTH_std_div_mean,0.0,0
3,f104_completed_DAYS_FIRST_DRAWING_s_app_DAYS_EMPLOYED_mean,0.0,0
3,f104_completed_DAYS_FIRST_DRAWING_s_app_DAYS_EMPLOYED_std_div_mean,0.0,0
3,f104_completed_DAYS_FIRST_DRAWING_s_app_DAYS_EMPLOYED_max_div_min,0.0,0
3,f104_completed_DAYS_FIRST_DRAWING_s_app_DAYS_EMPLOYED_max,0.0,0
3,f104_completed_DAYS_FIRST_DRAWING_s_app_DAYS_ID_PUBLISH_std_div_mean,0.0,0
3,f104_completed_DAYS_FIRST_DRAWING_s_app_DAYS_ID_PUBLISH_min,0.0,0
3,f104_completed_DAYS_FIRST_DRAWING_s_app_DAYS_ID_PUBLISH_max_div_min,0.0,0
3,f104_completed_DAYS_FIRST_DRAWING_s_app_DAYS_LAST_PHONE_CHANGE_mean,0.0,0
3,f104_completed_DAYS_FIRST_DRAWING_s_app_DAYS_LAST_PHONE_CHANGE_max,0.0,0
3,f104_completed_DAYS_FIRST_DRAWING_s_app_DAYS_ID_PUBLISH_std,0.0,0
3,f104_completed_DAYS_FIRST_DRAWING_s_app_DAYS_ID_PUBLISH_mean,0.0,0
3,f104_completed_DAYS_FIRST_DRAWING_s_app_DAYS_LAST_PHONE_CHANGE_max_div_min,0.0,0
3,f104_completed_DAYS_FIRST_DRAWING_s_app_DAYS_LAST_PHONE_CHANGE_std,0.0,0
3,f104_completed_DAYS_FIRST_DRAWING_s_app_DAYS_LAST_PHONE_CHANGE_std_div_mean,0.0,0
3,f104_completed_DAYS_FIRST_DRAWING_s_app_DAYS_LAST_PHONE_CHANGE_min,0.0,0
3,f104_completed_DAYS_FIRST_DRAWING_s_app_DAYS_REGISTRATION_max,0.0,0
3,f104_completed_DAYS_FIRST_DRAWING_s_app_DAYS_REGISTRATION_min,0.0,0
3,f104_completed_DAYS_FIRST_DRAWING_s_app_DAYS_REGISTRATION_max_div_min,0.0,0
3,f104_completed_DAYS_FIRST_DRAWING_s_app_DAYS_REGISTRATION_std_div_mean,0.0,0
3,f104_completed_DAYS_FIRST_DRAWING_s_app_DAYS_REGISTRATION_std,0.0,0
3,f104_completed_DAYS_FIRST_DRAWING_s_app_DAYS_REGISTRATION_mean,0.0,0
3,f104_completed_DAYS_FIRST_DUE_d_app_DAYS_EMPLOYED_std_div_mean,0.0,0
3,f104_completed_DAYS_FIRST_DUE_d_app_DAYS_EMPLOYED_min,542.016791343689,12
3,f104_completed_DAYS_FIRST_DUE_d_app_DAYS_BIRTH_mean,104.11162090301514,9
3,f104_completed_DAYS_FIRST_DUE_d_app_DAYS_BIRTH_max,217.99973106384277,17
3,f104_completed_DAYS_FIRST_DUE_s_DAYS_FIRST_DRAWING_std,0.0,0
3,f104_completed_DAYS_FIRST_DUE_d_app_DAYS_EMPLOYED_max,674.7987689971924,11
3,f104_completed_DAYS_FIRST_DUE_d_app_DAYS_BIRTH_min,107.00710010528564,9
3,f104_completed_DAYS_FIRST_DUE_d_app_DAYS_EMPLOYED_mean,991.6796045303345,14
3,f104_completed_DAYS_FIRST_DUE_s_DAYS_FIRST_DRAWING_max,0.0,0
3,f104_completed_DAYS_FIRST_DUE_s_DAYS_FIRST_DRAWING_max_div_min,0.0,0
3,f104_completed_DAYS_FIRST_DUE_s_DAYS_FIRST_DRAWING_mean,0.0,0
3,f104_completed_DAYS_FIRST_DUE_s_DAYS_FIRST_DRAWING_std_div_mean,0.0,0
3,f104_completed_DAYS_FIRST_DUE_s_DAYS_FIRST_DRAWING_min,0.0,0
3,f104_completed_DAYS_FIRST_DUE_s_app_DAYS_ID_PUBLISH_std_div_mean,0.0,0
3,f104_completed_DAYS_FIRST_DUE_s_app_DAYS_BIRTH_max,415.37811946868896,12
3,f104_completed_DAYS_FIRST_DUE_s_app_DAYS_EMPLOYED_max,110.2481803894043,8
3,f104_completed_DAYS_FIRST_DUE_s_app_DAYS_EMPLOYED_mean,43.742149353027344,3
3,f104_completed_DAYS_FIRST_DUE_s_app_DAYS_BIRTH_min,121.0506010055542,6
3,f104_completed_DAYS_FIRST_DUE_s_app_DAYS_BIRTH_mean,245.49024105072021,10
3,f104_completed_DAYS_FIRST_DUE_s_app_DAYS_EMPLOYED_min,140.24778079986572,10
3,f104_completed_DAYS_FIRST_DUE_s_app_DAYS_REGISTRATION_std_div_mean,67.64869976043701,5
3,f104_completed_DAYS_FIRST_DUE_s_app_DAYS_ID_PUBLISH_mean,48.4242000579834,4
3,f104_completed_DAYS_FIRST_DUE_s_app_DAYS_ID_PUBLISH_min,88.96636009216309,7
3,f104_completed_DAYS_FIRST_DUE_s_app_DAYS_ID_PUBLISH_max,96.73639869689941,7
3,f104_completed_DAYS_FIRST_DUE_s_app_DAYS_LAST_PHONE_CHANGE_mean,119.83495998382568,9
3,f104_completed_DAYS_FIRST_DUE_s_app_DAYS_LAST_PHONE_CHANGE_max,377.93059825897217,22
4,f104_completed_DAYS_LAST_DUE_1ST_VERSION_s_DAYS_FIRST_DRAWING_max_div_min,0.0,0
4,f104_completed_DAYS_LAST_DUE_1ST_VERSION_d_app_DAYS_EMPLOYED_std_div_mean,99.26109981536865,12
4,f104_completed_DAYS_LAST_DUE_1ST_VERSION_d_app_DAYS_EMPLOYED_min,695.2128686904907,65
4,f104_completed_DAYS_FIRST_DUE_s_app_DAYS_REGISTRATION_min,567.6583595275879,53
4,f104_completed_DAYS_FIRST_DUE_s_app_DAYS_LAST_PHONE_CHANGE_min,1659.258840084076,133
4,f104_completed_DAYS_LAST_DUE_1ST_VERSION_d_app_DAYS_EMPLOYED_mean,411.68094968795776,41
4,f104_completed_DAYS_LAST_DUE_1ST_VERSION_d_app_DAYS_EMPLOYED_max,674.0381722450256,63
4,f104_completed_DAYS_LAST_DUE_1ST_VERSION_d_app_DAYS_BIRTH_min,886.8935160636902,83
4,f104_completed_DAYS_FIRST_DUE_s_app_DAYS_REGISTRATION_mean,559.1894211769104,47
4,f104_completed_DAYS_LAST_DUE_1ST_VERSION_d_app_DAYS_BIRTH_max,1294.0888285636902,124
4,f104_completed_DAYS_FIRST_DUE_s_app_DAYS_REGISTRATION_max,628.431718826294,56
4,f104_completed_DAYS_LAST_DUE_1ST_VERSION_d_app_DAYS_BIRTH_mean,1423.0028200149536,129
4,f104_completed_DAYS_LAST_DUE_1ST_VERSION_s_DAYS_FIRST_DRAWING_mean,0.0,0
4,f104_completed_DAYS_LAST_DUE_1ST_VERSION_s_DAYS_FIRST_DRAWING_min,0.0,0
4,f104_completed_DAYS_LAST_DUE_1ST_VERSION_s_DAYS_FIRST_DRAWING_std_div_mean,0.0,0
4,f104_completed_DAYS_LAST_DUE_1ST_VERSION_s_DAYS_FIRST_DRAWING_max,0.0,0
4,f104_completed_DAYS_LAST_DUE_1ST_VERSION_s_DAYS_FIRST_DRAWING_std,0.0,0
4,f104_completed_DAYS_LAST_DUE_1ST_VERSION_s_app_DAYS_BIRTH_mean,679.9004755020142,43
4,f104_completed_DAYS_LAST_DUE_1ST_VERSION_s_app_DAYS_EMPLOYED_max,439.90310049057007,38
4,f104_completed_DAYS_LAST_DUE_1ST_VERSION_s_app_DAYS_BIRTH_max,1562.4342308044434,75
4,f104_completed_DAYS_LAST_DUE_1ST_VERSION_s_app_DAYS_EMPLOYED_mean,494.1197280883789,43
4,f104_completed_DAYS_LAST_DUE_1ST_VERSION_s_app_DAYS_ID_PUBLISH_max,663.6487102508545,58
4,f104_completed_DAYS_LAST_DUE_1ST_VERSION_s_app_DAYS_EMPLOYED_min,432.1825804710388,42
4,f104_completed_DAYS_LAST_DUE_1ST_VERSION_s_app_DAYS_BIRTH_min,871.7128324508667,54
4,f104_completed_DAYS_LAST_DUE_1ST_VERSION_s_app_DAYS_LAST_PHONE_CHANGE_max,842.155068397522,72
4,f104_completed_DAYS_LAST_DUE_1ST_VERSION_s_app_DAYS_ID_PUBLISH_mean,660.603777885437,63
4,f104_completed_DAYS_LAST_DUE_1ST_VERSION_s_app_DAYS_LAST_PHONE_CHANGE_min,716.6737685203552,62
4,f104_completed_DAYS_LAST_DUE_1ST_VERSION_s_app_DAYS_LAST_PHONE_CHANGE_mean,891.3009328842163,77
4,f104_completed_DAYS_LAST_DUE_1ST_VERSION_s_app_DAYS_ID_PUBLISH_min,571.3215188980103,52
4,f104_completed_DAYS_LAST_DUE_1ST_VERSION_s_app_DAYS_REGISTRATION_mean,438.92448902130127,38
4,f104_completed_DAYS_LAST_DUE_d_app_DAYS_BIRTH_std_div_mean,61.69529914855957,5
4,f104_completed_DAYS_LAST_DUE_d_app_DAYS_BIRTH_mean,647.0593304634094,58
4,f104_completed_DAYS_LAST_DUE_d_app_DAYS_BIRTH_max,888.1502141952515,82
4,f104_completed_DAYS_LAST_DUE_1ST_VERSION_s_app_DAYS_REGISTRATION_min,383.75648641586304,35
4,f104_completed_DAYS_LAST_DUE_1ST_VERSION_s_app_DAYS_REGISTRATION_max,507.3954176902771,44
4,f104_completed_DAYS_LAST_DUE_d_app_DAYS_BIRTH_min,829.0341510772705,75
4,f104_completed_DAYS_LAST_DUE_d_app_DAYS_ID_PUBLISH_std_div_mean,12.649499893188477,1
4,f104_completed_DAYS_LAST_DUE_s_DAYS_FIRST_DRAWING_mean,0.0,0
4,f104_completed_DAYS_LAST_DUE_d_app_DAYS_REGISTRATION_std_div_mean,19.5481595993042,2
4,f104_completed_DAYS_LAST_DUE_d_app_DAYS_LAST_PHONE_CHANGE_std_div_mean,80.54785013198853,9
4,f104_completed_DAYS_LAST_DUE_d_app_DAYS_EMPLOYED_mean,652.0742139816284,37
4,f104_completed_DAYS_LAST_DUE_d_app_DAYS_EMPLOYED_max,1078.1978063583374,48
4,f104_completed_DAYS_LAST_DUE_d_app_DAYS_EMPLOYED_min,3175.818907737732,89
4,f104_completed_DAYS_LAST_DUE_s_DAYS_FIRST_DRAWING_max,0.0,0
4,f104_completed_DAYS_LAST_DUE_s_DAYS_FIRST_DRAWING_std_div_mean,0.0,0
4,f104_completed_DAYS_LAST_DUE_s_DAYS_DECISIONS_std_div_mean,142.14575004577637,12
4,f104_completed_DAYS_LAST_DUE_s_DAYS_DECISIONS_std,118.86277055740356,9
4,f104_completed_DAYS_LAST_DUE_s_DAYS_FIRST_DRAWING_max_div_min,0.0,0
4,f104_completed_DAYS_LAST_DUE_s_DAYS_FIRST_DRAWING_std,0.0,0
4,f104_completed_DAYS_LAST_DUE_s_DAYS_FIRST_DRAWING_min,0.0,0
4,f104_completed_DAYS_LAST_DUE_s_DAYS_FIRST_DUE_std,10.253999710083008,1
4,f104_completed_DAYS_LAST_DUE_s_app_DAYS_BIRTH_std,81.14361095428467,7
4,f104_completed_DAYS_LAST_DUE_s_DAYS_FIRST_DUE_std_div_mean,96.54839944839478,8
4,f104_completed_DAYS_LAST_DUE_s_app_DAYS_BIRTH_std_div_mean,92.24730014801025,8
4,f104_completed_DAYS_LAST_DUE_s_app_DAYS_EMPLOYED_max,414.7563781738281,35
4,f104_completed_DAYS_LAST_DUE_s_app_DAYS_ID_PUBLISH_std,81.78133058547974,7
4,f104_completed_DAYS_LAST_DUE_s_app_DAYS_BIRTH_mean,561.6889243125916,32
4,f104_completed_DAYS_LAST_DUE_s_app_DAYS_BIRTH_max,974.7775464057922,48
4,f104_completed_DAYS_LAST_DUE_s_app_DAYS_EMPLOYED_std,0.0,0
4,f104_completed_DAYS_LAST_DUE_s_app_DAYS_LAST_PHONE_CHANGE_max,689.2413992881775,55
4,f104_completed_DAYS_LAST_DUE_s_app_DAYS_EMPLOYED_mean,318.81964921951294,28
4,f104_completed_DAYS_LAST_DUE_s_app_DAYS_BIRTH_min,456.8431992530823,30
4,f104_completed_DAYS_LAST_DUE_s_app_DAYS_REGISTRATION_std,0.0,0
4,f104_completed_DAYS_LAST_DUE_s_app_DAYS_ID_PUBLISH_mean,314.54478883743286,29
4,f104_completed_DAYS_LAST_DUE_s_app_DAYS_ID_PUBLISH_max,634.313449382782,57
4,f104_completed_DAYS_LAST_DUE_s_app_DAYS_LAST_PHONE_CHANGE_std,0.0,0
4,f104_completed_DAYS_LAST_DUE_s_app_DAYS_REGISTRATION_mean,156.91391897201538,15
4,f104_completed_DAYS_LAST_DUE_s_app_DAYS_EMPLOYED_min,329.6723680496216,33
4,f104_completed_DAYS_LAST_DUE_s_app_DAYS_REGISTRATION_min,230.18991136550903,20
4,f104_completed_DAYS_TERMINATION_d_app_DAYS_BIRTH_std_div_mean,48.96825981140137,4
4,f104_completed_DAYS_LAST_DUE_s_app_DAYS_ID_PUBLISH_min,427.22683095932007,45
4,f104_completed_DAYS_LAST_DUE_s_app_DAYS_LAST_PHONE_CHANGE_mean,525.2250189781189,43
4,f104_completed_DAYS_TERMINATION_d_app_DAYS_EMPLOYED_max,523.6441721916199,41
4,f104_completed_DAYS_LAST_DUE_s_app_DAYS_REGISTRATION_max,425.907057762146,39
4,f104_completed_DAYS_TERMINATION_d_app_DAYS_EMPLOYED_mean,730.6997656822205,42
4,f104_completed_DAYS_TERMINATION_d_app_DAYS_BIRTH_max,753.2962417602539,72
4,f104_completed_DAYS_TERMINATION_d_app_DAYS_BIRTH_min,769.7919578552246,70
4,f104_completed_DAYS_LAST_DUE_s_app_DAYS_LAST_PHONE_CHANGE_min,625.5897603034973,53
4,f104_completed_DAYS_TERMINATION_d_app_DAYS_BIRTH_mean,588.4974517822266,53
4,f104_completed_DAYS_TERMINATION_d_app_DAYS_ID_PUBLISH_std_div_mean,31.06061029434204,4
4,f104_completed_DAYS_TERMINATION_s_DAYS_FIRST_DRAWING_max,0.0,0
4,f104_completed_DAYS_TERMINATION_s_DAYS_FIRST_DRAWING_mean,0.0,0
4,f104_completed_DAYS_TERMINATION_d_app_DAYS_LAST_PHONE_CHANGE_std_div_mean,128.157958984375,11
4,f104_completed_DAYS_TERMINATION_s_DAYS_DECISIONS_std,36.94527006149292,4
4,f104_completed_DAYS_TERMINATION_d_app_DAYS_EMPLOYED_min,1817.2135219573975,81
4,f104_completed_DAYS_TERMINATION_s_DAYS_DECISIONS_std_div_mean,125.56986331939697,11
4,f104_completed_DAYS_TERMINATION_s_DAYS_FIRST_DRAWING_max_div_min,0.0,0
4,f104_completed_DAYS_TERMINATION_s_DAYS_FIRST_DRAWING_std_div_mean,0.0,0
4,f104_completed_DAYS_TERMINATION_s_DAYS_FIRST_DRAWING_std,0.0,0
4,f104_completed_DAYS_TERMINATION_s_DAYS_FIRST_DRAWING_min,0.0,0
4,f104_completed_DAYS_TERMINATION_d_app_DAYS_REGISTRATION_std_div_mean,0.0,0
4,f104_completed_DAYS_TERMINATION_s_DAYS_FIRST_DUE_std,30.75333023071289,3
4,f104_completed_DAYS_TERMINATION_s_app_DAYS_BIRTH_std,80.55141067504883,7
4,f104_completed_DAYS_TERMINATION_s_DAYS_FIRST_DUE_std_div_mean,156.54126071929932,12
4,f104_completed_DAYS_TERMINATION_s_app_DAYS_BIRTH_std_div_mean,67.01677799224854,5
4,f104_completed_DAYS_TERMINATION_s_app_DAYS_EMPLOYED_max,382.8885579109192,37
4,f104_completed_DAYS_TERMINATION_s_app_DAYS_BIRTH_max,966.7323336601257,59
4,f104_completed_DAYS_TERMINATION_s_app_DAYS_BIRTH_mean,318.96035385131836,31
4,f104_completed_DAYS_TERMINATION_s_app_DAYS_EMPLOYED_std_div_mean,151.95220804214478,16
4,f104_completed_DAYS_TERMINATION_s_app_DAYS_EMPLOYED_std,7.447979927062988,1
4,f104_completed_DAYS_TERMINATION_s_app_DAYS_ID_PUBLISH_std,9.082590103149414,1
4,f104_completed_DAYS_TERMINATION_s_app_DAYS_ID_PUBLISH_min,574.3486700057983,55
4,f104_completed_DAYS_TERMINATION_s_app_DAYS_EMPLOYED_mean,421.4007110595703,34
4,f104_completed_DAYS_TERMINATION_s_app_DAYS_LAST_PHONE_CHANGE_max,851.528959274292,73
4,f104_completed_DAYS_TERMINATION_s_app_DAYS_BIRTH_min,343.06070137023926,31
4,f104_completed_DAYS_TERMINATION_s_app_DAYS_ID_PUBLISH_mean,437.9490189552307,41
4,f104_completed_DAYS_TERMINATION_s_app_DAYS_ID_PUBLISH_max,740.1707601547241,67
4,f104_completed_DAYS_TERMINATION_s_app_DAYS_LAST_PHONE_CHANGE_mean,582.6144866943359,47
4,f104_completed_DAYS_TERMINATION_s_app_DAYS_REGISTRATION_min,433.08707761764526,41
4,f104_completed_DAYS_TERMINATION_s_app_DAYS_LAST_PHONE_CHANGE_std,0.0,0
4,f104_completed_DAYS_TERMINATION_s_app_DAYS_REGISTRATION_std,6.8744797706604,1
4,f104_completed_DAYS_TERMINATION_s_app_DAYS_REGISTRATION_max,443.8782606124878,40
4,f104_completed_DAYS_TERMINATION_s_app_DAYS_LAST_PHONE_CHANGE_min,700.5640659332275,59
4,f104_completed_DAYS_TERMINATION_s_app_DAYS_EMPLOYED_min,469.68875312805176,44
4,f104_completed_HOUR_APPR_PROCESS_START_max,1481.6362962722778,124
4,f104_completed_HOUR_APPR_PROCESS_START_mean,1697.8036131858826,147
4,f104_completed_NAME_CASH_LOAN_PURPOSE_Buying_a_used_car_mean,0.0,0
4,f104_completed_DAYS_TERMINATION_s_app_DAYS_REGISTRATION_mean,380.90301990509033,36
4,f104_completed_NAME_CLIENT_TYPE_Repeater_mean,105.58853960037231,9
4,f104_completed_NAME_CLIENT_TYPE_New_mean,1507.548629283905,82
4,f104_completed_NAME_CLIENT_TYPE_Repeater_sum,111.32853984832764,9
4,f104_completed_NAME_CLIENT_TYPE_New_sum,345.341420173645,20
4,f104_completed_NAME_GOODS_CATEGORY_Mobile_sum,24.902899742126465,2
4,f104_completed_NAME_GOODS_CATEGORY_Furniture_mean,31.410840034484863,3
4,f104_completed_NAME_GOODS_CATEGORY_Mobile_mean,45.43091106414795,4
4,f104_completed_NAME_GOODS_CATEGORY_Furniture_sum,20.867429733276367,2
4,f104_completed_NAME_PRODUCT_TYPE_walk_in_sum,7.052080154418945,1
4,f104_completed_NAME_PRODUCT_TYPE_x_sell_mean,59.683979988098145,7
4,f104_completed_NAME_SELLER_INDUSTRY_Furniture_mean,8.513259887695312,1
4,f104_completed_NAME_PRODUCT_TYPE_x_sell_sum,30.537410259246826,3
4,f104_completed_NAME_PRODUCT_TYPE_walk_in_mean,76.95394945144653,6
4,f104_completed_NAME_SELLER_INDUSTRY_Connectivity_sum,26.9388108253479,2
4,f104_completed_NAME_SELLER_INDUSTRY_Furniture_sum,0.0,0
4,f104_completed_NAME_SELLER_INDUSTRY_Connectivity_mean,180.9576816558838,16
4,f104_completed_NAME_YIELD_GROUP_high_mean,17.07833957672119,2
4,f104_completed_NAME_YIELD_GROUP_middle_sum,89.62202072143555,8
4,f104_completed_NAME_YIELD_GROUP_high_sum,0.0,0
4,f104_completed_NAME_YIELD_GROUP_low_action_mean,7.301449775695801,1
4,f104_completed_NAME_YIELD_GROUP_low_action_sum,10.933600425720215,1
4,f104_completed_NAME_YIELD_GROUP_low_normal_sum,32.476369857788086,3
4,f104_completed_NAME_YIELD_GROUP_low_normal_mean,78.47421073913574,9
4,f104_completed_PRODUCT_COMBINATION_POS_mobile_with_interest_mean,110.01724052429199,10
4,f104_completed_RATE_INTEREST_PRIMARY_mean,0.0,0
4,f104_completed_NAME_YIELD_GROUP_middle_mean,139.61668920516968,15
4,f104_completed_RATE_INTEREST_PRIMARY_max,0.0,0
4,f104_completed_PRODUCT_COMBINATION_POS_industry_with_interest_sum,178.79997062683105,13
4,f104_completed_RATE_INTEREST_PRIMARY_min,0.0,0
4,f104_completed_PRODUCT_COMBINATION_POS_industry_with_interest_mean,183.0672106742859,18
4,f104_completed_RATE_INTEREST_PRIVILEGED_min,0.0,0
4,f104_completed_RATE_INTEREST_PRIVILEGED_std_div_mean,0.0,0
4,f104_completed_PRODUCT_COMBINATION_POS_industry_without_interest_sum,78.35284996032715,8
4,f104_completed_PRODUCT_COMBINATION_POS_mobile_with_interest_sum,0.0,0
4,f104_completed_RATE_INTEREST_PRIVILEGED_std,0.0,0
4,f104_completed_RATE_INTEREST_PRIVILEGED_mean,0.0,0
4,f104_completed_RATE_DOWN_PAYMENT_std_div_mean,64.92661046981812,6
4,f104_completed_RATE_INTEREST_PRIMARY_std,0.0,0
4,f104_completed_RATE_INTEREST_PRIVILEGED_max,0.0,0
4,f104_completed_RATE_INTEREST_PRIMARY_std_div_mean,0.0,0
4,f104_completed_active_max_div_min,0.0,0
4,f104_completed_active_std_div_mean,0.0,0
4,f104_completed_amt_unpaid_max_div_min,0.0,0
4,f104_completed_amt_unpaid_std_div_mean,0.0,0
4,f104_completed_amt_paid_std,116.01539897918701,12
4,f104_completed_amt_paid_max,537.4243893623352,49
4,f104_completed_cnt_unpaid_std_div_mean,0.0,0
4,f104_completed_amt_paid_mean,660.8551406860352,56
4,f104_completed_cnt_unpaid_max_div_min,0.0,0
4,f104_completed_interest_rate_pctchange_std_div_mean,256.9376277923584,24
4,f104_completed_interest_rate_mean,1037.602617263794,99
4,f104_completed_interest_rate_max,1342.6103811264038,117
4,f104_completed_amt_paid_sum,1113.7542843818665,104
4,f104_completed_interest_rate_min,1402.5942540168762,127
4,f104_nyg_high_AMT_ANNUITY_d_app_AMT_ANNUITY_diff_std,0.0,0
4,f104_completed_total_debt_max,587.7046027183533,54
4,f104_completed_total_debt_std,77.04723978042603,8
4,f104_completed_total_debt_mean,654.3412919044495,60
4,f104_nyg_high_AMT_ANNUITY_d_app_AMT_ANNUITY_max_div_min,0.0,0
4,f104_nyg_high_AMT_ANNUITY_d_app_AMT_ANNUITY_std_div_mean,13.916799545288086,1
4,f104_nyg_high_AMT_ANNUITY_d_app_AMT_ANNUITY_std,54.357900619506836,3
4,f104_nyg_high_AMT_ANNUITY_d_app_AMT_CREDIT_diff_std,0.0,0
4,f104_nyg_high_AMT_ANNUITY_d_app_AMT_ANNUITY_pctchange_max,215.64467906951904,19
4,f104_nyg_high_AMT_ANNUITY_d_app_AMT_ANNUITY_mean,401.68557024002075,34
4,f104_nyg_high_AMT_ANNUITY_d_app_AMT_ANNUITY_pctchange_mean,249.55541706085205,21
4,f104_nyg_high_AMT_ANNUITY_d_app_AMT_ANNUITY_min,500.4312801361084,35
4,f104_nyg_high_AMT_ANNUITY_d_app_AMT_CREDIT_min,548.983479976654,41
4,f104_nyg_high_AMT_ANNUITY_d_app_AMT_CREDIT_std,0.0,0
4,f104_nyg_high_AMT_ANNUITY_d_app_AMT_CREDIT_mean,438.6426486968994,30
4,f104_nyg_high_AMT_ANNUITY_d_app_AMT_CREDIT_max,328.75687646865845,29
4,f104_nyg_high_AMT_ANNUITY_d_app_AMT_CREDIT_std_div_mean,7.907340049743652,1
4,f104_nyg_high_AMT_ANNUITY_d_app_AMT_CREDIT_max_div_min,0.0,0
4,f104_nyg_high_AMT_ANNUITY_d_app_AMT_CREDIT_pctchange_mean,95.2576699256897,10
4,f104_nyg_high_AMT_ANNUITY_d_app_AMT_GOODS_PRICE_diff_std,19.87477970123291,2
4,f104_nyg_high_AMT_ANNUITY_d_app_AMT_CREDIT_pctchange_max,42.78609037399292,4
4,f104_nyg_high_AMT_ANNUITY_d_app_AMT_GOODS_PRICE_max_div_min,0.0,0
4,f104_nyg_high_AMT_ANNUITY_d_app_AMT_GOODS_PRICE_min,212.48808240890503,20
4,f104_nyg_high_AMT_ANNUITY_d_app_AMT_GOODS_PRICE_pctchange_max,42.907649993896484,4
4,f104_nyg_high_AMT_ANNUITY_d_app_AMT_GOODS_PRICE_std_div_mean,0.0,0
4,f104_nyg_high_AMT_ANNUITY_d_app_AMT_INCOME_TOTAL_max_div_min,0.0,0
4,f104_nyg_high_AMT_ANNUITY_d_app_AMT_GOODS_PRICE_pctchange_mean,37.67614030838013,4
4,f104_nyg_high_AMT_ANNUITY_d_app_AMT_GOODS_PRICE_std,24.971799850463867,1
4,f104_nyg_high_AMT_ANNUITY_d_app_AMT_INCOME_TOTAL_diff_max,178.13901042938232,15
4,f104_nyg_high_AMT_ANNUITY_d_app_AMT_INCOME_TOTAL_pctchange_mean,22.76313018798828,2
4,f104_nyg_high_AMT_ANNUITY_d_app_AMT_INCOME_TOTAL_std,33.303470611572266,3
4,f104_nyg_high_AMT_ANNUITY_d_app_AMT_INCOME_TOTAL_pctchange_max,0.0,0
4,f104_nyg_high_AMT_ANNUITY_d_app_AMT_INCOME_TOTAL_std_div_mean,0.0,0
4,f104_nyg_high_AMT_ANNUITY_m_app_AMT_GOODS_PRICE_d_app_AMT_INCOME_TOTAL_pctchange_std,0.0,0
4,f104_nyg_high_AMT_ANNUITY_m_app_AMT_GOODS_PRICE_d_app_AMT_INCOME_TOTAL_diff_max,60.51664876937866,7
4,f104_nyg_high_AMT_ANNUITY_m_app_AMT_GOODS_PRICE_d_app_AMT_INCOME_TOTAL_pctchange_max_div_min,90.33241891860962,5
4,f104_nyg_high_AMT_ANNUITY_m_app_AMT_GOODS_PRICE_d_app_AMT_INCOME_TOTAL_std_div_mean,0.0,0
4,f104_nyg_high_AMT_ANNUITY_m_app_AMT_GOODS_PRICE_d_app_AMT_INCOME_TOTAL_std,0.0,0
4,f104_nyg_high_AMT_ANNUITY_max_div_min,0.0,0
4,f104_nyg_high_AMT_ANNUITY_s_app_AMT_ANNUITY_d_app_AMT_INCOME_TOTAL_diff_max,20.23346996307373,2
4,f104_nyg_high_AMT_ANNUITY_s_app_AMT_ANNUITY_d_app_AMT_INCOME_TOTAL_pctchange_max_div_min,213.70057201385498,13
4,f104_nyg_high_AMT_ANNUITY_s_app_AMT_ANNUITY_d_app_AMT_INCOME_TOTAL_std_div_mean,48.408799171447754,3
4,f104_nyg_high_AMT_ANNUITY_s_app_AMT_ANNUITY_d_app_AMT_INCOME_TOTAL_mean,839.6970510482788,60
4,f104_nyg_high_AMT_ANNUITY_s_app_AMT_ANNUITY_d_app_AMT_INCOME_TOTAL_std,0.0,0
4,f104_nyg_high_AMT_ANNUITY_s_app_AMT_ANNUITY_d_app_AMT_INCOME_TOTAL_min,1098.1985726356506,63
4,f104_nyg_high_AMT_ANNUITY_s_app_AMT_ANNUITY_pctchange_max_div_min,11.924699783325195,1
4,f104_nyg_high_AMT_ANNUITY_s_app_AMT_ANNUITY_std_div_mean,16.768309593200684,2
4,f104_nyg_high_AMT_ANNUITY_s_app_AMT_CREDIT_d_app_AMT_INCOME_TOTAL_std_div_mean,0.0,0
4,f104_nyg_high_AMT_ANNUITY_s_app_AMT_CREDIT_d_app_AMT_INCOME_TOTAL_std,0.0,0
4,f104_nyg_high_AMT_ANNUITY_s_app_AMT_CREDIT_d_app_AMT_INCOME_TOTAL_pctchange_std,0.0,0
4,f104_nyg_high_AMT_ANNUITY_s_app_AMT_CREDIT_d_app_AMT_INCOME_TOTAL_pctchange_max_div_min,136.11089706420898,4
4,f104_nyg_high_AMT_ANNUITY_s_app_AMT_CREDIT_d_app_AMT_INCOME_TOTAL_diff_max,37.84469938278198,3
4,f104_nyg_high_AMT_ANNUITY_s_app_AMT_CREDIT_pctchange_std,0.0,0
4,f104_nyg_high_AMT_ANNUITY_s_app_AMT_CREDIT_std_div_mean,8.786370277404785,1
4,f104_nyg_high_AMT_ANNUITY_s_app_AMT_CREDIT_pctchange_max_div_min,0.0,0
4,f104_nyg_high_AMT_ANNUITY_s_app_AMT_GOODS_PRICE_pctchange_max_div_min,0.0,0
4,f104_nyg_high_AMT_ANNUITY_s_app_AMT_GOODS_PRICE_max,1560.5594325065613,71
4,f104_nyg_high_AMT_ANNUITY_s_app_AMT_GOODS_PRICE_pctchange_std,0.0,0
4,f104_nyg_high_AMT_ANNUITY_s_app_AMT_INCOME_TOTAL_pctchange_max_div_min,119.99991989135742,4
4,f104_nyg_high_AMT_ANNUITY_s_app_AMT_GOODS_PRICE_std_div_mean,0.0,0
4,f104_nyg_high_AMT_ANNUITY_s_app_AMT_GOODS_PRICE_min,494.39382123947144,36
4,f104_nyg_high_AMT_ANNUITY_s_app_AMT_INCOME_TOTAL_std_div_mean,14.475099563598633,1
4,f104_nyg_high_AMT_ANNUITY_s_app_AMT_INCOME_TOTAL_max_div_min,6.331510066986084,1
4,f104_nyg_high_AMT_ANNUITY_s_app_AMT_GOODS_PRICE_mean,547.3076939582825,27
4,f104_nyg_high_AMT_ANNUITY_std_div_mean,0.0,0
4,f104_nyg_high_AMT_APPLICATION_d_app_AMT_CREDIT_diff_std_div_mean,0.0,0
4,f104_nyg_high_AMT_APPLICATION_d_app_AMT_ANNUITY_diff_std_div_mean,0.0,0
4,f104_nyg_high_AMT_APPLICATION_d_app_AMT_ANNUITY_diff_max,157.48335075378418,13
4,f104_nyg_high_AMT_APPLICATION_d_app_AMT_ANNUITY_max_div_min,0.0,0
4,f104_nyg_high_AMT_APPLICATION_d_app_AMT_ANNUITY_pctchange_std_div_mean,16.418800354003906,1
4,f104_nyg_high_AMT_APPLICATION_d_app_AMT_ANNUITY_pctchange_mean,96.4805417060852,7
4,f104_nyg_high_AMT_APPLICATION_d_app_AMT_ANNUITY_pctchange_max,128.96967124938965,8
4,f104_nyg_high_AMT_APPLICATION_d_app_AMT_ANNUITY_std_div_mean,17.74090003967285,1
4,f104_nyg_high_AMT_APPLICATION_d_app_AMT_ANNUITY_pctchange_min,104.92189025878906,9
4,f104_nyg_high_AMT_APPLICATION_d_app_AMT_ANNUITY_pctchange_std,19.210899353027344,1
4,f104_nyg_high_AMT_APPLICATION_d_app_AMT_CREDIT_pctchange_std_div_mean,8.936599731445312,1
4,f104_nyg_high_AMT_APPLICATION_d_app_AMT_CREDIT_pctchange_std,0.0,0
4,f104_nyg_high_AMT_APPLICATION_d_app_AMT_CREDIT_diff_max,100.32047128677368,9
4,f104_nyg_high_AMT_APPLICATION_d_app_AMT_GOODS_PRICE_diff_mean,203.99330759048462,18
4,f104_nyg_high_AMT_APPLICATION_d_app_AMT_CREDIT_pctchange_mean,9.896209716796875,1
4,f104_nyg_high_AMT_APPLICATION_d_app_AMT_CREDIT_max_div_min,0.0,0
4,f104_nyg_high_AMT_APPLICATION_d_app_AMT_CREDIT_pctchange_max,39.52960014343262,3
4,f104_nyg_high_AMT_APPLICATION_d_app_AMT_GOODS_PRICE_pctchange_max,22.94070053100586,1
4,f104_nyg_high_AMT_APPLICATION_d_app_AMT_GOODS_PRICE_diff_max,26.10349941253662,2
4,f104_nyg_high_AMT_APPLICATION_d_app_AMT_CREDIT_pctchange_min,76.38315010070801,6
4,f104_nyg_high_AMT_APPLICATION_d_app_AMT_GOODS_PRICE_max_div_min,0.0,0
4,f104_nyg_high_AMT_APPLICATION_d_app_AMT_CREDIT_std_div_mean,9.751020431518555,1
4,f104_nyg_high_AMT_APPLICATION_d_app_AMT_GOODS_PRICE_pctchange_std,0.0,0
4,f104_nyg_high_AMT_APPLICATION_d_app_AMT_INCOME_TOTAL_diff_std,0.0,0
4,f104_nyg_high_AMT_APPLICATION_d_app_AMT_GOODS_PRICE_pctchange_mean,33.15190029144287,2
4,f104_nyg_high_AMT_APPLICATION_d_app_AMT_INCOME_TOTAL_max_div_min,0.0,0
4,f104_nyg_high_AMT_APPLICATION_d_app_AMT_GOODS_PRICE_std_div_mean,0.0,0
4,f104_nyg_high_AMT_APPLICATION_d_app_AMT_GOODS_PRICE_pctchange_min,6.984869956970215,1
4,f104_nyg_high_AMT_APPLICATION_d_app_AMT_INCOME_TOTAL_pctchange_std_div_mean,0.0,0
4,f104_nyg_high_AMT_APPLICATION_d_app_AMT_INCOME_TOTAL_std,0.0,0
4,f104_nyg_high_AMT_APPLICATION_d_app_AMT_INCOME_TOTAL_std_div_mean,0.0,0
4,f104_nyg_high_AMT_APPLICATION_d_app_AMT_INCOME_TOTAL_max,190.58395862579346,17
4,f104_nyg_high_AMT_APPLICATION_d_app_AMT_INCOME_TOTAL_diff_max,115.15680027008057,7
4,f104_nyg_high_AMT_APPLICATION_d_app_AMT_INCOME_TOTAL_pctchange_mean,0.0,0
4,f104_nyg_high_AMT_APPLICATION_m_app_AMT_GOODS_PRICE_d_app_AMT_INCOME_TOTAL_diff_std,13.116600036621094,1
4,f104_nyg_high_AMT_APPLICATION_m_app_AMT_GOODS_PRICE_d_app_AMT_INCOME_TOTAL_diff_max,28.837200164794922,2
4,f104_nyg_high_AMT_APPLICATION_m_app_AMT_GOODS_PRICE_d_app_AMT_INCOME_TOTAL_std,0.0,0
4,f104_nyg_high_AMT_APPLICATION_d_app_AMT_INCOME_TOTAL_pctchange_std,0.0,0
4,f104_nyg_high_AMT_APPLICATION_d_app_AMT_INCOME_TOTAL_pctchange_max,0.0,0
4,f104_nyg_high_AMT_APPLICATION_d_app_AMT_INCOME_TOTAL_pctchange_min,0.0,0
4,f104_nyg_high_AMT_APPLICATION_s_app_AMT_ANNUITY_d_app_AMT_INCOME_TOTAL_diff_std_div_mean,0.0,0
4,f104_nyg_high_AMT_APPLICATION_s_app_AMT_ANNUITY_d_app_AMT_INCOME_TOTAL_diff_std,0.0,0
4,f104_nyg_high_AMT_APPLICATION_s_app_AMT_ANNUITY_d_app_AMT_INCOME_TOTAL_diff_max,0.0,0
4,f104_nyg_high_AMT_APPLICATION_max_div_min,0.0,0
4,f104_nyg_high_AMT_APPLICATION_s_app_AMT_ANNUITY_d_app_AMT_INCOME_TOTAL_std,0.0,0
4,f104_nyg_high_AMT_APPLICATION_s_app_AMT_ANNUITY_diff_std,0.0,0
4,f104_nyg_high_AMT_APPLICATION_s_app_AMT_ANNUITY_diff_std_div_mean,0.0,0
4,f104_nyg_high_AMT_APPLICATION_s_app_AMT_ANNUITY_diff_max,84.5704288482666,8
4,f104_nyg_high_AMT_APPLICATION_s_app_AMT_CREDIT_d_app_AMT_INCOME_TOTAL_diff_std,0.0,0
4,f104_nyg_high_AMT_APPLICATION_s_app_AMT_CREDIT_d_app_AMT_INCOME_TOTAL_diff_max,0.0,0
4,f104_nyg_high_AMT_APPLICATION_s_app_AMT_CREDIT_diff_std_div_mean,0.0,0
4,f104_nyg_high_AMT_APPLICATION_s_app_AMT_CREDIT_d_app_AMT_INCOME_TOTAL_pctchange_std_div_mean,48.61729907989502,3
4,f104_nyg_high_AMT_APPLICATION_s_app_AMT_ANNUITY_std,16.78809928894043,1
4,f104_nyg_high_AMT_APPLICATION_s_app_AMT_CREDIT_diff_std,13.908300399780273,1
4,f104_nyg_high_AMT_APPLICATION_s_app_AMT_CREDIT_d_app_AMT_INCOME_TOTAL_std,0.0,0
4,f104_nyg_high_AMT_APPLICATION_s_app_AMT_CREDIT_diff_max,8.126029968261719,1
4,f104_nyg_high_AMT_APPLICATION_s_app_AMT_GOODS_PRICE_diff_std,0.0,0
4,f104_nyg_high_AMT_APPLICATION_s_app_AMT_GOODS_PRICE_diff_std_div_mean,0.0,0
4,f104_nyg_high_AMT_APPLICATION_s_app_AMT_CREDIT_max,440.82269620895386,34
4,f104_nyg_high_AMT_APPLICATION_s_app_AMT_GOODS_PRICE_max,76.11302947998047,6
4,f104_nyg_high_AMT_APPLICATION_s_app_AMT_INCOME_TOTAL_diff_std_div_mean,0.0,0
4,f104_nyg_high_AMT_APPLICATION_s_app_AMT_INCOME_TOTAL_diff_std,0.0,0
4,f104_nyg_high_AMT_APPLICATION_s_app_AMT_GOODS_PRICE_diff_max,0.0,0
4,f104_nyg_high_AMT_APPLICATION_s_app_AMT_GOODS_PRICE_min,372.9801330566406,29
4,f104_nyg_high_AMT_APPLICATION_s_app_AMT_CREDIT_std,0.0,0
4,f104_nyg_high_AMT_APPLICATION_s_app_AMT_GOODS_PRICE_std,0.0,0
4,f104_nyg_high_AMT_APPLICATION_s_app_AMT_INCOME_TOTAL_diff_max,0.0,0
4,f104_nyg_high_AMT_APPLICATION_std,11.611700057983398,1
4,f104_nyg_high_AMT_APPLICATION_s_app_AMT_INCOME_TOTAL_std,0.0,0
4,f104_nyg_high_AMT_APPLICATION_s_app_AMT_GOODS_PRICE_mean,160.5482621192932,12
4,f104_nyg_high_AMT_CREDIT_d_AMT_ANNUITY_diff_std_div_mean,6.850759983062744,1
4,f104_nyg_high_AMT_CREDIT_d_AMT_ANNUITY_diff_std,0.0,0
4,f104_nyg_high_AMT_APPLICATION_std_div_mean,0.0,0
4,f104_nyg_high_AMT_CREDIT_d_AMT_ANNUITY_max,159.30932998657227,15
4,f104_nyg_high_AMT_CREDIT_d_AMT_ANNUITY_mean,189.91845035552979,17
4,f104_nyg_high_AMT_CREDIT_d_AMT_ANNUITY_std,0.0,0
4,f104_nyg_high_AMT_CREDIT_d_AMT_ANNUITY_diff_max,247.4972825050354,18
4,f104_nyg_high_AMT_CREDIT_d_AMT_ANNUITY_min,207.3086519241333,17
4,f104_nyg_high_AMT_CREDIT_d_AMT_ANNUITY_diff_mean,299.52173709869385,26
4,f104_nyg_high_AMT_CREDIT_d_AMT_ANNUITY_pctchange_std,11.511799812316895,1
4,f104_nyg_high_AMT_CREDIT_d_AMT_ANNUITY_max_div_min,14.350600242614746,1
4,f104_nyg_high_AMT_CREDIT_d_AMT_ANNUITY_pctchange_std_div_mean,71.11568021774292,5
4,f104_nyg_high_AMT_CREDIT_d_AMT_APPLICATION_diff_max,227.60824918746948,21
4,f104_nyg_high_AMT_CREDIT_d_AMT_ANNUITY_std_div_mean,45.13710021972656,3
4,f104_nyg_high_AMT_CREDIT_d_AMT_APPLICATION_diff_std_div_mean,0.0,0
4,f104_nyg_high_AMT_CREDIT_d_AMT_APPLICATION_diff_std,0.0,0
4,f104_nyg_high_AMT_CREDIT_d_AMT_APPLICATION_diff_mean,143.97244882583618,14
4,f104_nyg_high_AMT_CREDIT_d_AMT_ANNUITY_pctchange_max,217.35710096359253,19
4,f104_nyg_high_AMT_CREDIT_d_AMT_ANNUITY_pctchange_mean,163.56503009796143,15
4,f104_nyg_high_AMT_CREDIT_d_AMT_APPLICATION_pctchange_max,115.21526908874512,10
4,f104_nyg_high_AMT_CREDIT_d_AMT_APPLICATION_max,492.88437604904175,26
4,f104_nyg_high_AMT_CREDIT_d_AMT_APPLICATION_diff_min,185.22116994857788,16
4,f104_nyg_high_AMT_CREDIT_d_AMT_APPLICATION_min,397.4495282173157,34
4,f104_nyg_high_AMT_CREDIT_d_AMT_APPLICATION_pctchange_mean,59.310940742492676,5
4,f104_nyg_high_AMT_CREDIT_d_AMT_APPLICATION_mean,586.3916606903076,36
4,f104_nyg_high_AMT_CREDIT_d_AMT_APPLICATION_pctchange_min,226.09027910232544,19
4,f104_nyg_high_AMT_CREDIT_d_AMT_APPLICATION_pctchange_std_div_mean,0.0,0
4,f104_nyg_high_AMT_CREDIT_d_AMT_APPLICATION_max_div_min,10.650699615478516,1
4,f104_nyg_high_AMT_CREDIT_d_app_AMT_ANNUITY_pctchange_min,241.05214977264404,16
4,f104_nyg_high_AMT_CREDIT_d_app_AMT_ANNUITY_pctchange_max_div_min,16.574399948120117,1
4,f104_nyg_high_AMT_CREDIT_d_AMT_APPLICATION_pctchange_std,37.12009906768799,2
4,f104_nyg_high_AMT_CREDIT_d_app_AMT_ANNUITY_diff_max,113.35923051834106,11
4,f104_nyg_high_AMT_CREDIT_d_app_AMT_ANNUITY_pctchange_mean,159.5290412902832,12
4,f104_nyg_high_AMT_CREDIT_d_app_AMT_ANNUITY_pctchange_max,109.19177913665771,9
4,f104_nyg_high_AMT_CREDIT_d_app_AMT_CREDIT_diff_max,188.0841417312622,14
4,f104_nyg_high_AMT_CREDIT_d_app_AMT_ANNUITY_pctchange_std,10.048700332641602,1
4,f104_nyg_high_AMT_CREDIT_d_app_AMT_ANNUITY_max_div_min,19.86652946472168,2
4,f104_nyg_high_AMT_CREDIT_d_app_AMT_CREDIT_pctchange_std,0.0,0
4,f104_nyg_high_AMT_CREDIT_d_app_AMT_CREDIT_pctchange_max,31.58329963684082,2
4,f104_nyg_high_AMT_CREDIT_d_app_AMT_ANNUITY_std_div_mean,0.0,0
4,f104_nyg_high_AMT_CREDIT_d_app_AMT_CREDIT_pctchange_min,46.86112976074219,4
4,f104_nyg_high_AMT_CREDIT_d_app_AMT_CREDIT_pctchange_mean,93.61727905273438,6
4,f104_nyg_high_AMT_CREDIT_d_app_AMT_CREDIT_max_div_min,0.0,0
4,f104_nyg_high_AMT_CREDIT_d_app_AMT_CREDIT_std_div_mean,0.0,0
4,f104_nyg_high_AMT_CREDIT_d_app_AMT_CREDIT_pctchange_max_div_min,30.42289924621582,2
4,f104_nyg_high_AMT_CREDIT_d_app_AMT_GOODS_PRICE_max_div_min,8.905320167541504,1
4,f104_nyg_high_AMT_CREDIT_d_app_AMT_GOODS_PRICE_pctchange_max_div_min,20.839500427246094,1
4,f104_nyg_high_AMT_CREDIT_d_app_AMT_GOODS_PRICE_pctchange_std,0.0,0
4,f104_nyg_high_AMT_CREDIT_d_app_AMT_GOODS_PRICE_diff_mean,166.9358205795288,13
4,f104_nyg_high_AMT_CREDIT_d_app_AMT_GOODS_PRICE_diff_max,106.1966495513916,9
4,f104_nyg_high_AMT_CREDIT_d_app_AMT_GOODS_PRICE_pctchange_min,44.507580280303955,4
4,f104_nyg_high_AMT_CREDIT_d_app_AMT_GOODS_PRICE_pctchange_max,12.853899955749512,1
4,f104_nyg_high_AMT_CREDIT_d_app_AMT_GOODS_PRICE_pctchange_mean,21.025480270385742,2
4,f104_nyg_high_AMT_CREDIT_d_app_AMT_GOODS_PRICE_std_div_mean,0.0,0
4,f104_nyg_high_AMT_CREDIT_d_app_AMT_INCOME_TOTAL_diff_std,74.86089992523193,5
4,f104_nyg_high_AMT_CREDIT_d_app_AMT_INCOME_TOTAL_diff_max,49.51637029647827,4
4,f104_nyg_high_AMT_CREDIT_d_app_AMT_INCOME_TOTAL_max,327.6544494628906,30
4,f104_nyg_high_AMT_CREDIT_d_app_AMT_INCOME_TOTAL_pctchange_mean,19.114910125732422,2
4,f104_nyg_high_AMT_CREDIT_d_app_AMT_INCOME_TOTAL_pctchange_std,16.865699768066406,1
4,f104_nyg_high_AMT_CREDIT_d_app_AMT_INCOME_TOTAL_max_div_min,0.0,0
4,f104_nyg_high_AMT_CREDIT_d_total_debt_diff_std,28.18126916885376,2
4,f104_nyg_high_AMT_CREDIT_d_app_AMT_INCOME_TOTAL_std_div_mean,0.0,0
4,f104_nyg_high_AMT_CREDIT_d_app_AMT_INCOME_TOTAL_std,16.41677951812744,2
4,f104_nyg_high_AMT_CREDIT_d_app_AMT_INCOME_TOTAL_pctchange_max_div_min,0.0,0
4,f104_nyg_high_AMT_CREDIT_d_app_AMT_INCOME_TOTAL_pctchange_max,12.897500038146973,1
4,f104_nyg_high_AMT_CREDIT_d_total_debt_pctchange_max,228.91535186767578,18
4,f104_nyg_high_AMT_CREDIT_d_app_AMT_INCOME_TOTAL_pctchange_min,6.420869827270508,1
4,f104_nyg_high_AMT_CREDIT_d_total_debt_diff_max,378.22887897491455,30
4,f104_nyg_high_AMT_CREDIT_d_total_debt_max_div_min,99.4728012084961,2
4,f104_nyg_high_AMT_CREDIT_d_total_debt_max,505.3380055427551,43
4,f104_nyg_high_AMT_CREDIT_d_total_debt_pctchange_std,52.69963026046753,4
4,f104_nyg_high_AMT_CREDIT_d_total_debt_min,934.5704617500305,45
4,f104_nyg_high_AMT_CREDIT_d_total_debt_pctchange_std_div_mean,17.260900497436523,2
4,f104_nyg_high_AMT_CREDIT_d_total_debt_mean,991.1098823547363,44
4,f104_nyg_high_AMT_CREDIT_d_total_debt_std_div_mean,110.17140102386475,6
4,f104_nyg_high_AMT_CREDIT_d_total_debt_std,15.670000076293945,1
4,f104_nyg_high_AMT_CREDIT_d_total_debt_diff_min,243.0583896636963,22
4,f104_nyg_high_AMT_CREDIT_m_app_AMT_GOODS_PRICE_d_app_AMT_INCOME_TOTAL_diff_std,0.0,0
4,f104_nyg_high_AMT_CREDIT_m_app_AMT_GOODS_PRICE_d_app_AMT_INCOME_TOTAL_diff_max,57.20092964172363,3
4,f104_nyg_high_AMT_CREDIT_s_app_AMT_ANNUITY_d_app_AMT_INCOME_TOTAL_diff_max,18.328740119934082,2
4,f104_nyg_high_AMT_CREDIT_d_total_debt_pctchange_min,122.42230987548828,11
4,f104_nyg_high_AMT_CREDIT_s_app_AMT_ANNUITY_d_app_AMT_INCOME_TOTAL_diff_std,13.96049976348877,1
4,f104_nyg_high_AMT_CREDIT_m_app_AMT_GOODS_PRICE_d_app_AMT_INCOME_TOTAL_std_div_mean,10.072799682617188,1
4,f104_nyg_high_AMT_CREDIT_m_app_AMT_GOODS_PRICE_d_app_AMT_INCOME_TOTAL_std,0.0,0
4,f104_nyg_high_AMT_CREDIT_max_div_min,0.0,0
4,f104_nyg_high_AMT_CREDIT_s_app_AMT_ANNUITY_d_app_AMT_INCOME_TOTAL_std_div_mean,39.16302013397217,4
4,f104_nyg_high_AMT_CREDIT_s_app_AMT_ANNUITY_d_app_AMT_INCOME_TOTAL_pctchange_std_div_mean,41.279300689697266,3
4,f104_nyg_high_AMT_CREDIT_s_app_AMT_ANNUITY_d_app_AMT_INCOME_TOTAL_pctchange_std,79.9062089920044,5
4,f104_nyg_high_AMT_CREDIT_s_app_AMT_ANNUITY_d_app_AMT_INCOME_TOTAL_max,366.2758288383484,32
4,f104_nyg_high_AMT_CREDIT_s_app_AMT_ANNUITY_diff_max,114.76454067230225,7
4,f104_nyg_high_AMT_CREDIT_s_app_AMT_ANNUITY_d_app_AMT_INCOME_TOTAL_std,0.0,0
4,f104_nyg_high_AMT_CREDIT_s_app_AMT_ANNUITY_pctchange_std_div_mean,6.721350193023682,1
4,f104_nyg_high_AMT_CREDIT_s_app_AMT_ANNUITY_std,37.56260013580322,2
4,f104_nyg_high_AMT_CREDIT_s_app_AMT_CREDIT_d_app_AMT_INCOME_TOTAL_diff_std,0.0,0
4,f104_nyg_high_AMT_CREDIT_s_app_AMT_ANNUITY_std_div_mean,0.0,0
4,f104_nyg_high_AMT_CREDIT_s_app_AMT_ANNUITY_diff_std,12.411199569702148,1
4,f104_nyg_high_AMT_CREDIT_s_app_AMT_ANNUITY_pctchange_std,11.465800285339355,1
4,f104_nyg_high_AMT_CREDIT_s_app_AMT_CREDIT_diff_std,11.060700416564941,1
4,f104_nyg_high_AMT_CREDIT_s_app_AMT_CREDIT_d_app_AMT_INCOME_TOTAL_pctchange_std,12.579500198364258,1
4,f104_nyg_high_AMT_CREDIT_s_app_AMT_CREDIT_d_app_AMT_INCOME_TOTAL_pctchange_std_div_mean,153.5632519721985,11
4,f104_nyg_high_AMT_CREDIT_s_app_AMT_CREDIT_d_app_AMT_INCOME_TOTAL_diff_max,17.37150001525879,1
4,f104_nyg_high_AMT_CREDIT_s_app_AMT_CREDIT_d_app_AMT_INCOME_TOTAL_pctchange_mean,184.13195037841797,16
4,f104_nyg_high_AMT_CREDIT_s_app_AMT_CREDIT_d_app_AMT_INCOME_TOTAL_pctchange_min,148.8056607246399,15
4,f104_nyg_high_AMT_CREDIT_s_app_AMT_CREDIT_d_app_AMT_INCOME_TOTAL_std,0.0,0
4,f104_nyg_high_AMT_CREDIT_s_app_AMT_CREDIT_d_app_AMT_INCOME_TOTAL_pctchange_max,196.10370922088623,18
4,f104_nyg_high_AMT_CREDIT_s_app_AMT_CREDIT_d_app_AMT_INCOME_TOTAL_std_div_mean,129.61680030822754,8
4,f104_nyg_high_AMT_CREDIT_s_app_AMT_CREDIT_pctchange_std,22.864880084991455,2
4,f104_nyg_high_AMT_CREDIT_s_app_AMT_CREDIT_std,0.0,0
4,f104_nyg_high_AMT_CREDIT_s_app_AMT_CREDIT_diff_max,0.0,0
4,f104_nyg_high_AMT_CREDIT_s_app_AMT_CREDIT_pctchange_std_div_mean,16.575899124145508,1
4,f104_nyg_high_AMT_CREDIT_s_app_AMT_CREDIT_pctchange_min,67.7224793434143,6
4,f104_nyg_high_AMT_CREDIT_s_app_AMT_GOODS_PRICE_max,458.24079990386963,36
4,f104_nyg_high_AMT_CREDIT_s_app_AMT_CREDIT_max,322.5348620414734,32
4,f104_nyg_high_AMT_CREDIT_s_app_AMT_GOODS_PRICE_mean,188.51416969299316,14
4,f104_nyg_high_AMT_CREDIT_s_app_AMT_CREDIT_pctchange_mean,11.737199783325195,1
4,f104_nyg_high_AMT_CREDIT_s_app_AMT_CREDIT_std_div_mean,13.673999786376953,1
4,f104_nyg_high_AMT_CREDIT_s_app_AMT_GOODS_PRICE_diff_std,0.0,0
4,f104_nyg_high_AMT_CREDIT_s_app_AMT_CREDIT_pctchange_max,81.72277927398682,6
4,f104_nyg_high_AMT_CREDIT_s_app_AMT_GOODS_PRICE_std_div_mean,0.0,0
4,f104_nyg_high_AMT_CREDIT_s_app_AMT_INCOME_TOTAL_diff_std,0.0,0
4,f104_nyg_high_AMT_CREDIT_s_app_AMT_GOODS_PRICE_min,214.4077787399292,16
4,f104_nyg_high_AMT_CREDIT_s_app_AMT_GOODS_PRICE_diff_max,16.295740604400635,2
4,f104_nyg_high_AMT_CREDIT_s_app_AMT_GOODS_PRICE_std,12.383000373840332,1
4,f104_nyg_high_AMT_CREDIT_s_app_AMT_INCOME_TOTAL_diff_max,8.0593900680542,1
4,f104_nyg_high_AMT_CREDIT_std,0.0,0
4,f104_nyg_high_AMT_CREDIT_std_div_mean,0.0,0
4,f104_nyg_high_AMT_CREDIT_s_app_AMT_INCOME_TOTAL_max_div_min,34.90320110321045,3
4,f104_nyg_high_AMT_CREDIT_s_app_AMT_INCOME_TOTAL_std_div_mean,58.03350067138672,3
4,f104_nyg_high_AMT_CREDIT_s_app_AMT_INCOME_TOTAL_max,590.1901698112488,46
4,f104_nyg_high_AMT_DOWN_PAYMENT_d_AMT_GOODS_PRICE_diff_std_div_mean,0.0,0
4,f104_nyg_high_AMT_CREDIT_s_app_AMT_INCOME_TOTAL_std,0.0,0
4,f104_nyg_high_AMT_DOWN_PAYMENT_d_AMT_GOODS_PRICE_pctchange_std_div_mean,0.0,0
4,f104_nyg_high_AMT_DOWN_PAYMENT_d_AMT_GOODS_PRICE_std_div_mean,0.0,0
4,f104_nyg_high_AMT_DOWN_PAYMENT_d_AMT_GOODS_PRICE_diff_std,0.0,0
4,f104_nyg_high_AMT_DOWN_PAYMENT_d_AMT_GOODS_PRICE_diff_max,96.8572793006897,9
4,f104_nyg_high_AMT_DOWN_PAYMENT_d_AMT_GOODS_PRICE_min,40.493560791015625,2
4,f104_nyg_high_AMT_DOWN_PAYMENT_d_AMT_GOODS_PRICE_diff_min,153.9126205444336,15
4,f104_nyg_high_AMT_DOWN_PAYMENT_d_AMT_GOODS_PRICE_std,0.0,0
4,f104_nyg_high_AMT_DOWN_PAYMENT_d_AMT_GOODS_PRICE_pctchange_std,0.0,0
4,f104_nyg_high_AMT_DOWN_PAYMENT_d_AMT_GOODS_PRICE_diff_mean,76.68935966491699,7
4,f104_nyg_high_AMT_DOWN_PAYMENT_std_div_mean,24.592300415039062,2
4,f104_nyg_high_AMT_DOWN_PAYMENT_d_AMT_GOODS_PRICE_mean,138.30724000930786,8
4,f104_nyg_high_AMT_DOWN_PAYMENT_d_AMT_GOODS_PRICE_max,171.68943071365356,12
4,f104_nyg_high_AMT_GOODS_PRICE_d_AMT_ANNUITY_diff_std,0.0,0
4,f104_nyg_high_AMT_DOWN_PAYMENT_mean,210.0380392074585,13
4,f104_nyg_high_AMT_DOWN_PAYMENT_min,201.25883102416992,15
4,f104_nyg_high_AMT_DOWN_PAYMENT_max,230.6905288696289,16
4,f104_nyg_high_AMT_GOODS_PRICE_d_AMT_ANNUITY_std,25.909299850463867,2
4,f104_nyg_high_AMT_GOODS_PRICE_d_AMT_ANNUITY_diff_max,251.28317880630493,20
4,f104_nyg_high_AMT_GOODS_PRICE_d_AMT_ANNUITY_pctchange_mean,250.91258096694946,24
4,f104_nyg_high_AMT_GOODS_PRICE_d_AMT_CREDIT_diff_std_div_mean,37.204999923706055,3
4,f104_nyg_high_AMT_GOODS_PRICE_d_AMT_ANNUITY_pctchange_std,7.3648200035095215,1
4,f104_nyg_high_AMT_GOODS_PRICE_d_AMT_ANNUITY_max,419.41079902648926,43
4,f104_nyg_high_AMT_DOWN_PAYMENT_std,0.0,0
4,f104_nyg_high_AMT_GOODS_PRICE_d_AMT_ANNUITY_max_div_min,21.023099899291992,1
4,f104_nyg_high_AMT_GOODS_PRICE_d_AMT_CREDIT_diff_max_div_min,57.432159423828125,4
4,f104_nyg_high_AMT_GOODS_PRICE_d_AMT_CREDIT_diff_std,67.8035020828247,4
4,f104_nyg_high_AMT_GOODS_PRICE_d_AMT_ANNUITY_std_div_mean,18.271440505981445,2
4,f104_nyg_high_AMT_GOODS_PRICE_d_AMT_ANNUITY_pctchange_max,221.79152870178223,21
4,f104_nyg_high_AMT_GOODS_PRICE_d_AMT_ANNUITY_mean,327.77210235595703,27
4,f104_nyg_high_AMT_GOODS_PRICE_d_AMT_CREDIT_pctchange_std,9.718899726867676,1
4,f104_nyg_high_AMT_GOODS_PRICE_d_AMT_CREDIT_diff_mean,193.5695481300354,16
4,f104_nyg_high_AMT_GOODS_PRICE_d_AMT_CREDIT_min,363.6707057952881,21
4,f104_nyg_high_AMT_GOODS_PRICE_d_AMT_CREDIT_max_div_min,0.0,0
4,f104_nyg_high_AMT_GOODS_PRICE_d_AMT_CREDIT_diff_max,142.62101078033447,14
4,f104_nyg_high_AMT_GOODS_PRICE_d_AMT_CREDIT_diff_min,251.45953845977783,21
4,f104_nyg_high_AMT_GOODS_PRICE_d_AMT_CREDIT_pctchange_mean,78.51988887786865,7
4,f104_nyg_high_AMT_GOODS_PRICE_d_AMT_CREDIT_pctchange_min,132.02744007110596,12
4,f104_nyg_high_AMT_GOODS_PRICE_d_AMT_CREDIT_max,152.3679609298706,14
4,f104_nyg_high_AMT_GOODS_PRICE_d_AMT_CREDIT_mean,415.59193181991577,22
4,f104_nyg_high_AMT_GOODS_PRICE_d_app_AMT_ANNUITY_pctchange_max,11.413700103759766,1
4,f104_nyg_high_AMT_GOODS_PRICE_d_AMT_CREDIT_pctchange_max,54.86974000930786,6
4,f104_nyg_high_AMT_GOODS_PRICE_d_app_AMT_ANNUITY_pctchange_std,0.0,0
4,f104_nyg_high_AMT_GOODS_PRICE_d_app_AMT_ANNUITY_diff_std_div_mean,6.950940132141113,1
4,f104_nyg_high_AMT_GOODS_PRICE_d_app_AMT_ANNUITY_pctchange_std_div_mean,0.0,0
4,f104_nyg_high_AMT_GOODS_PRICE_d_app_AMT_ANNUITY_max_div_min,0.0,0
4,f104_nyg_high_AMT_GOODS_PRICE_d_app_AMT_CREDIT_diff_std_div_mean,0.0,0
4,f104_nyg_high_AMT_GOODS_PRICE_d_app_AMT_ANNUITY_diff_max,43.22472047805786,4
4,f104_nyg_high_AMT_GOODS_PRICE_d_app_AMT_CREDIT_diff_max,89.19068098068237,7
4,f104_nyg_high_AMT_GOODS_PRICE_d_app_AMT_ANNUITY_pctchange_min,9.899740219116211,1
4,f104_nyg_high_AMT_GOODS_PRICE_d_app_AMT_ANNUITY_std_div_mean,0.0,0
4,f104_nyg_high_AMT_GOODS_PRICE_d_app_AMT_ANNUITY_pctchange_mean,0.0,0
4,f104_nyg_high_AMT_GOODS_PRICE_d_app_AMT_CREDIT_pctchange_min,0.0,0
4,f104_nyg_high_AMT_GOODS_PRICE_d_app_AMT_CREDIT_max_div_min,0.0,0
4,f104_nyg_high_AMT_GOODS_PRICE_d_app_AMT_CREDIT_pctchange_std,0.0,0
4,f104_nyg_high_AMT_GOODS_PRICE_d_app_AMT_CREDIT_pctchange_std_div_mean,0.0,0
4,f104_nyg_high_AMT_GOODS_PRICE_d_app_AMT_CREDIT_std_div_mean,0.0,0
4,f104_nyg_high_AMT_GOODS_PRICE_d_app_AMT_CREDIT_pctchange_mean,0.0,0
4,f104_nyg_high_AMT_GOODS_PRICE_d_app_AMT_CREDIT_pctchange_max,0.0,0
4,f104_nyg_high_AMT_GOODS_PRICE_d_app_AMT_GOODS_PRICE_pctchange_min,6.057690143585205,1
4,f104_nyg_high_AMT_GOODS_PRICE_d_app_AMT_INCOME_TOTAL_diff_std,34.30349922180176,2
4,f104_nyg_high_AMT_GOODS_PRICE_d_app_AMT_GOODS_PRICE_diff_max,59.22304058074951,5
4,f104_nyg_high_AMT_GOODS_PRICE_d_app_AMT_GOODS_PRICE_max_div_min,0.0,0
4,f104_nyg_high_AMT_GOODS_PRICE_d_app_AMT_GOODS_PRICE_pctchange_std,0.0,0
4,f104_nyg_high_AMT_GOODS_PRICE_d_app_AMT_GOODS_PRICE_std_div_mean,0.0,0
4,f104_nyg_high_AMT_GOODS_PRICE_d_app_AMT_GOODS_PRICE_pctchange_max,0.0,0
4,f104_nyg_high_AMT_GOODS_PRICE_d_app_AMT_INCOME_TOTAL_diff_max,40.85644054412842,4
4,f104_nyg_high_AMT_GOODS_PRICE_d_app_AMT_INCOME_TOTAL_pctchange_std_div_mean,0.0,0
4,f104_nyg_high_AMT_GOODS_PRICE_d_app_AMT_GOODS_PRICE_pctchange_mean,0.0,0
4,f104_nyg_high_AMT_GOODS_PRICE_d_app_AMT_INCOME_TOTAL_pctchange_std,0.0,0
4,f104_nyg_high_AMT_GOODS_PRICE_d_app_AMT_INCOME_TOTAL_std_div_mean,0.0,0
4,f104_nyg_high_AMT_GOODS_PRICE_d_app_AMT_INCOME_TOTAL_max_div_min,0.0,0
4,f104_nyg_high_AMT_GOODS_PRICE_d_app_AMT_INCOME_TOTAL_std,0.0,0
4,f104_nyg_high_AMT_GOODS_PRICE_d_app_AMT_INCOME_TOTAL_max,145.81105089187622,15
4,f104_nyg_high_AMT_GOODS_PRICE_d_app_AMT_INCOME_TOTAL_pctchange_mean,0.0,0
4,f104_nyg_high_AMT_GOODS_PRICE_d_total_debt_max,907.052375793457,44
4,f104_nyg_high_AMT_GOODS_PRICE_d_total_debt_min,1527.7555298805237,52
4,f104_nyg_high_AMT_GOODS_PRICE_d_app_AMT_INCOME_TOTAL_pctchange_max,0.0,0
4,f104_nyg_high_AMT_GOODS_PRICE_d_total_debt_diff_mean,298.6162705421448,22
4,f104_nyg_high_AMT_GOODS_PRICE_d_app_AMT_INCOME_TOTAL_pctchange_min,0.0,0
4,f104_nyg_high_AMT_GOODS_PRICE_d_total_debt_std,36.97175979614258,3
4,f104_nyg_high_AMT_GOODS_PRICE_d_total_debt_mean,1976.526385307312,52
4,f104_nyg_high_AMT_GOODS_PRICE_d_total_debt_diff_min,158.44632196426392,14
4,f104_nyg_high_AMT_GOODS_PRICE_d_total_debt_max_div_min,41.733699798583984,3
4,f104_nyg_high_AMT_GOODS_PRICE_d_total_debt_pctchange_std,16.238500595092773,1
4,f104_nyg_high_AMT_GOODS_PRICE_m_app_AMT_GOODS_PRICE_d_app_AMT_INCOME_TOTAL_diff_max,17.845890045166016,2
4,f104_nyg_high_AMT_GOODS_PRICE_d_total_debt_pctchange_mean,277.8801484107971,24
4,f104_nyg_high_AMT_GOODS_PRICE_d_total_debt_std_div_mean,20.657909393310547,2
4,f104_nyg_high_AMT_GOODS_PRICE_s_app_AMT_ANNUITY_d_app_AMT_INCOME_TOTAL_diff_std,0.0,0
4,f104_nyg_high_AMT_GOODS_PRICE_d_total_debt_pctchange_min,229.6304907798767,21
4,f104_nyg_high_AMT_GOODS_PRICE_m_app_AMT_GOODS_PRICE_d_app_AMT_INCOME_TOTAL_diff_std,0.0,0
4,f104_nyg_high_AMT_GOODS_PRICE_m_app_AMT_GOODS_PRICE_d_app_AMT_INCOME_TOTAL_std,0.0,0
4,f104_nyg_high_AMT_GOODS_PRICE_max_div_min,0.0,0
4,f104_nyg_high_AMT_GOODS_PRICE_s_app_AMT_ANNUITY_std,0.0,0
4,f104_nyg_high_AMT_GOODS_PRICE_s_app_AMT_ANNUITY_diff_std,0.0,0
4,f104_nyg_high_AMT_GOODS_PRICE_s_app_AMT_ANNUITY_d_app_AMT_INCOME_TOTAL_diff_max,22.923900604248047,2
4,f104_nyg_high_AMT_GOODS_PRICE_s_app_AMT_ANNUITY_d_app_AMT_INCOME_TOTAL_std,0.0,0
4,f104_nyg_high_AMT_GOODS_PRICE_s_app_AMT_CREDIT_d_app_AMT_INCOME_TOTAL_diff_max,0.0,0
4,f104_nyg_high_AMT_GOODS_PRICE_s_app_AMT_ANNUITY_diff_max,72.68979167938232,5
4,f104_nyg_high_AMT_GOODS_PRICE_s_app_AMT_CREDIT_diff_std,0.0,0
4,f104_nyg_high_AMT_GOODS_PRICE_s_app_AMT_CREDIT_d_app_AMT_INCOME_TOTAL_pctchange_std_div_mean,114.89141845703125,8
4,f104_nyg_high_AMT_GOODS_PRICE_s_app_AMT_CREDIT_max,133.33436012268066,11
4,f104_nyg_high_AMT_GOODS_PRICE_s_app_AMT_CREDIT_diff_max,28.95758056640625,3
4,f104_nyg_high_AMT_GOODS_PRICE_s_app_AMT_CREDIT_d_app_AMT_INCOME_TOTAL_diff_std,0.0,0
4,f104_nyg_high_AMT_GOODS_PRICE_s_app_AMT_CREDIT_d_app_AMT_INCOME_TOTAL_std,0.0,0
4,f104_nyg_high_AMT_GOODS_PRICE_s_app_AMT_CREDIT_std,0.0,0
4,f104_nyg_high_AMT_GOODS_PRICE_s_app_AMT_GOODS_PRICE_diff_std,0.0,0
4,f104_nyg_high_AMT_GOODS_PRICE_s_app_AMT_GOODS_PRICE_std,0.0,0
4,f104_nyg_high_AMT_GOODS_PRICE_s_app_AMT_GOODS_PRICE_diff_max,0.0,0
4,f104_nyg_high_AMT_GOODS_PRICE_s_app_AMT_GOODS_PRICE_max,31.71940040588379,2
4,f104_nyg_high_AMT_GOODS_PRICE_std,0.0,0
4,f104_nyg_high_AMT_GOODS_PRICE_s_app_AMT_GOODS_PRICE_min,80.41325950622559,6
4,f104_nyg_high_AMT_GOODS_PRICE_s_app_AMT_INCOME_TOTAL_std,0.0,0
4,f104_nyg_high_AMT_GOODS_PRICE_s_app_AMT_GOODS_PRICE_mean,107.65939998626709,9
4,f104_nyg_high_AMT_GOODS_PRICE_s_app_AMT_INCOME_TOTAL_diff_max,0.0,0
4,f104_nyg_high_AMT_GOODS_PRICE_std_div_mean,0.0,0
4,f104_nyg_high_AMT_GOODS_PRICE_s_app_AMT_INCOME_TOTAL_diff_std,0.0,0
4,f104_nyg_high_CNT_PAYMENT_min,6.824610233306885,1
4,f104_nyg_high_CNT_PAYMENT_max,0.0,0
4,f104_nyg_high_CNT_PAYMENT_max_div_min,0.0,0
4,f104_nyg_high_CHANNEL_TYPE_AP___Cash_loan__sum,19.37179946899414,1
4,f104_nyg_high_CHANNEL_TYPE_AP___Cash_loan__mean,290.42324113845825,18
4,f104_nyg_high_CNT_PAYMENT_std_div_mean,9.403849601745605,1
4,f104_nyg_high_CNT_PAYMENT_mean,15.918700218200684,1
4,f104_nyg_high_CODE_REJECT_REASON_LIMIT_mean,19.834500312805176,2
4,f104_nyg_high_CNT_PAYMENT_std,26.47369956970215,1
4,f104_nyg_high_CODE_REJECT_REASON_LIMIT_sum,0.0,0
4,f104_nyg_high_CODE_REJECT_REASON_SCO_sum,0.0,0
4,f104_nyg_high_CODE_REJECT_REASON_SCO_mean,0.0,0
4,f104_nyg_high_DAYS_DECISION_d_app_DAYS_EMPLOYED_std_div_mean,36.34110069274902,2
4,f104_nyg_high_DAYS_DECISION_d_app_DAYS_BIRTH_max,470.2902817726135,37
4,f104_nyg_high_DAYS_DECISION_d_app_DAYS_BIRTH_max_div_min,8.68694019317627,1
4,f104_nyg_high_DAYS_DECISION_d_app_DAYS_BIRTH_min,496.4300012588501,40
4,f104_nyg_high_CODE_REJECT_REASON_XAP_mean,39.84487962722778,4
4,f104_nyg_high_DAYS_DECISION_d_app_DAYS_EMPLOYED_std,107.6886191368103,8
4,f104_nyg_high_DAYS_DECISION_d_app_DAYS_ID_PUBLISH_max_div_min,0.0,0
4,f104_nyg_high_DAYS_DECISION_s_app_DAYS_BIRTH_mean,377.75139904022217,29
4,f104_nyg_high_DAYS_DECISION_d_app_DAYS_BIRTH_mean,348.82554292678833,29
4,f104_nyg_high_DAYS_DECISION_d_app_DAYS_REGISTRATION_max_div_min,0.0,0
4,f104_nyg_high_DAYS_DECISION_d_app_DAYS_EMPLOYED_max_div_min,10.303600311279297,1
4,f104_nyg_high_DAYS_DECISION_d_app_DAYS_LAST_PHONE_CHANGE_max_div_min,77.80446910858154,7
4,f104_nyg_high_DAYS_DECISION_d_app_DAYS_REGISTRATION_std,28.73710060119629,2
4,f104_nyg_high_DAYS_DECISION_s_app_DAYS_BIRTH_min,220.62134075164795,10
4,f104_nyg_high_DAYS_DECISION_s_app_DAYS_BIRTH_max,204.3009696006775,17
4,f104_nyg_high_DAYS_DECISION_s_app_DAYS_ID_PUBLISH_max,348.11087942123413,30
4,f104_nyg_high_DAYS_DECISION_s_app_DAYS_ID_PUBLISH_min,265.59116220474243,23
4,f104_nyg_high_DAYS_DECISION_s_app_DAYS_EMPLOYED_mean,239.3930902481079,22
4,f104_nyg_high_DAYS_DECISION_s_app_DAYS_EMPLOYED_max,340.4631595611572,23
4,f104_nyg_high_DAYS_DECISION_s_app_DAYS_ID_PUBLISH_mean,138.4793586730957,14
4,f104_nyg_high_DAYS_DECISION_s_app_DAYS_EMPLOYED_min,541.5979495048523,25
4,f104_nyg_high_DAYS_DECISION_s_app_DAYS_LAST_PHONE_CHANGE_min,324.8371424674988,23
4,f104_nyg_high_DAYS_DECISION_s_app_DAYS_LAST_PHONE_CHANGE_mean,337.0061902999878,21
4,f104_nyg_high_DAYS_DECISION_s_app_DAYS_REGISTRATION_max,533.2478494644165,45
4,f104_nyg_high_DAYS_FIRST_DRAWING_d_app_DAYS_BIRTH_max_div_min,0.0,0
4,f104_nyg_high_DAYS_FIRST_DRAWING_d_app_DAYS_BIRTH_max,0.0,0
4,f104_nyg_high_DAYS_FIRST_DRAWING_d_app_DAYS_BIRTH_std,0.0,0
4,f104_nyg_high_DAYS_DECISION_s_app_DAYS_LAST_PHONE_CHANGE_max,444.4037175178528,31
4,f104_nyg_high_DAYS_FIRST_DRAWING_d_app_DAYS_BIRTH_mean,0.0,0
4,f104_nyg_high_DAYS_FIRST_DRAWING_d_app_DAYS_BIRTH_min,0.0,0
4,f104_nyg_high_DAYS_DECISION_s_app_DAYS_REGISTRATION_std_div_mean,73.14032936096191,5
4,f104_nyg_high_DAYS_FIRST_DRAWING_d_app_DAYS_BIRTH_std_div_mean,0.0,0
4,f104_nyg_high_DAYS_DECISION_s_app_DAYS_REGISTRATION_min,365.68145179748535,30
4,f104_nyg_high_DAYS_DECISION_s_app_DAYS_REGISTRATION_mean,226.33301067352295,17
5,f104_nyg_high_DAYS_FIRST_DRAWING_d_app_DAYS_ID_PUBLISH_max_div_min,0.0,0
5,f104_nyg_high_DAYS_FIRST_DRAWING_d_app_DAYS_LAST_PHONE_CHANGE_min,0.0,0
5,f104_nyg_high_DAYS_FIRST_DRAWING_d_app_DAYS_EMPLOYED_std,0.0,0
5,f104_nyg_high_DAYS_FIRST_DRAWING_d_app_DAYS_EMPLOYED_std_div_mean,0.0,0
5,f104_nyg_high_DAYS_FIRST_DRAWING_d_app_DAYS_ID_PUBLISH_min,0.0,0
5,f104_nyg_high_DAYS_FIRST_DRAWING_d_app_DAYS_EMPLOYED_max_div_min,0.0,0
5,f104_nyg_high_DAYS_FIRST_DRAWING_d_app_DAYS_ID_PUBLISH_mean,0.0,0
5,f104_nyg_high_DAYS_FIRST_DRAWING_d_app_DAYS_LAST_PHONE_CHANGE_max_div_min,0.0,0
5,f104_nyg_high_DAYS_FIRST_DRAWING_d_app_DAYS_EMPLOYED_mean,0.0,0
5,f104_nyg_high_DAYS_FIRST_DRAWING_d_app_DAYS_EMPLOYED_min,0.0,0
5,f104_nyg_high_DAYS_FIRST_DRAWING_d_app_DAYS_ID_PUBLISH_max,0.0,0
5,f104_nyg_high_DAYS_FIRST_DRAWING_d_app_DAYS_EMPLOYED_max,0.0,0
5,f104_nyg_high_DAYS_FIRST_DRAWING_d_app_DAYS_REGISTRATION_max_div_min,0.0,0
5,f104_nyg_high_DAYS_FIRST_DRAWING_d_app_DAYS_LAST_PHONE_CHANGE_std,0.0,0
5,f104_nyg_high_DAYS_FIRST_DRAWING_d_app_DAYS_LAST_PHONE_CHANGE_mean,0.0,0
5,f104_nyg_high_DAYS_FIRST_DRAWING_d_app_DAYS_ID_PUBLISH_std,0.0,0
5,f104_nyg_high_DAYS_FIRST_DRAWING_d_app_DAYS_LAST_PHONE_CHANGE_max,0.0,0
5,f104_nyg_high_DAYS_FIRST_DRAWING_d_app_DAYS_REGISTRATION_mean,0.0,0
5,f104_nyg_high_DAYS_FIRST_DRAWING_d_app_DAYS_REGISTRATION_std,0.0,0
5,f104_nyg_high_DAYS_FIRST_DRAWING_d_app_DAYS_ID_PUBLISH_std_div_mean,0.0,0
5,f104_nyg_high_DAYS_FIRST_DRAWING_s_DAYS_DECISIONS_std_div_mean,0.0,0
5,f104_nyg_high_DAYS_FIRST_DRAWING_d_app_DAYS_REGISTRATION_max,0.0,0
5,f104_nyg_high_DAYS_FIRST_DRAWING_d_app_DAYS_LAST_PHONE_CHANGE_std_div_mean,0.0,0
5,f104_nyg_high_DAYS_FIRST_DRAWING_d_app_DAYS_REGISTRATION_min,0.0,0
5,f104_nyg_high_DAYS_FIRST_DRAWING_s_DAYS_DECISIONS_max,0.0,0
5,f104_nyg_high_DAYS_FIRST_DRAWING_d_app_DAYS_REGISTRATION_std_div_mean,0.0,0
5,f104_nyg_high_DAYS_FIRST_DRAWING_s_DAYS_DECISIONS_mean,0.0,0
5,f104_nyg_high_DAYS_FIRST_DRAWING_s_DAYS_DECISIONS_min,0.0,0
5,f104_nyg_high_DAYS_FIRST_DRAWING_s_DAYS_DECISIONS_std,0.0,0
5,f104_nyg_high_DAYS_FIRST_DRAWING_s_app_DAYS_BIRTH_std_div_mean,0.0,0
5,f104_nyg_high_DAYS_FIRST_DRAWING_s_DAYS_DECISIONS_max_div_min,0.0,0
5,f104_nyg_high_DAYS_FIRST_DRAWING_s_app_DAYS_EMPLOYED_mean,0.0,0
5,f104_nyg_high_DAYS_FIRST_DRAWING_s_app_DAYS_EMPLOYED_max_div_min,0.0,0
5,f104_nyg_high_DAYS_FIRST_DRAWING_s_app_DAYS_BIRTH_max,0.0,0
5,f104_nyg_high_DAYS_FIRST_DRAWING_s_app_DAYS_BIRTH_max_div_min,0.0,0
5,f104_nyg_high_DAYS_FIRST_DRAWING_s_app_DAYS_BIRTH_std,0.0,0
5,f104_nyg_high_DAYS_FIRST_DRAWING_s_app_DAYS_BIRTH_mean,0.0,0
5,f104_nyg_high_DAYS_FIRST_DRAWING_s_app_DAYS_EMPLOYED_max,0.0,0
5,f104_nyg_high_DAYS_FIRST_DRAWING_s_app_DAYS_BIRTH_min,0.0,0
5,f104_nyg_high_DAYS_FIRST_DRAWING_s_app_DAYS_EMPLOYED_min,0.0,0
5,f104_nyg_high_DAYS_FIRST_DRAWING_s_app_DAYS_ID_PUBLISH_mean,0.0,0
5,f104_nyg_high_DAYS_FIRST_DRAWING_s_app_DAYS_EMPLOYED_std_div_mean,0.0,0
5,f104_nyg_high_DAYS_FIRST_DRAWING_s_app_DAYS_ID_PUBLISH_std_div_mean,0.0,0
5,f104_nyg_high_DAYS_FIRST_DRAWING_s_app_DAYS_EMPLOYED_std,0.0,0
5,f104_nyg_high_DAYS_FIRST_DRAWING_s_app_DAYS_LAST_PHONE_CHANGE_max_div_min,0.0,0
5,f104_nyg_high_DAYS_FIRST_DRAWING_s_app_DAYS_ID_PUBLISH_std,0.0,0
5,f104_nyg_high_DAYS_FIRST_DRAWING_s_app_DAYS_LAST_PHONE_CHANGE_max,0.0,0
5,f104_nyg_high_DAYS_FIRST_DRAWING_s_app_DAYS_ID_PUBLISH_max,0.0,0
5,f104_nyg_high_DAYS_FIRST_DRAWING_s_app_DAYS_ID_PUBLISH_min,0.0,0
5,f104_nyg_high_DAYS_FIRST_DRAWING_s_app_DAYS_REGISTRATION_max,0.0,0
5,f104_nyg_high_DAYS_FIRST_DRAWING_s_app_DAYS_ID_PUBLISH_max_div_min,0.0,0
5,f104_nyg_high_DAYS_FIRST_DRAWING_s_app_DAYS_REGISTRATION_mean,0.0,0
5,f104_nyg_high_DAYS_FIRST_DRAWING_s_app_DAYS_LAST_PHONE_CHANGE_std_div_mean,0.0,0
5,f104_nyg_high_DAYS_FIRST_DRAWING_s_app_DAYS_REGISTRATION_std_div_mean,0.0,0
5,f104_nyg_high_DAYS_FIRST_DRAWING_s_app_DAYS_LAST_PHONE_CHANGE_std,0.0,0
5,f104_nyg_high_DAYS_FIRST_DRAWING_s_app_DAYS_REGISTRATION_max_div_min,0.0,0
5,f104_nyg_high_DAYS_FIRST_DRAWING_s_app_DAYS_LAST_PHONE_CHANGE_min,0.0,0
5,f104_nyg_high_DAYS_FIRST_DRAWING_s_app_DAYS_REGISTRATION_std,0.0,0
5,f104_nyg_high_DAYS_FIRST_DRAWING_s_app_DAYS_LAST_PHONE_CHANGE_mean,0.0,0
5,f104_nyg_high_DAYS_FIRST_DRAWING_s_app_DAYS_REGISTRATION_min,0.0,0
5,f104_nyg_high_DAYS_FIRST_DUE_d_app_DAYS_BIRTH_std_div_mean,0.0,0
5,f104_nyg_high_DAYS_FIRST_DUE_d_app_DAYS_BIRTH_max_div_min,0.0,0
5,f104_nyg_high_DAYS_FIRST_DUE_d_app_DAYS_EMPLOYED_max_div_min,0.0,0
5,f104_nyg_high_DAYS_FIRST_DUE_d_app_DAYS_BIRTH_max,398.17572045326233,44
5,f104_nyg_high_DAYS_FIRST_DUE_d_app_DAYS_BIRTH_min,298.7146682739258,33
5,f104_nyg_high_DAYS_FIRST_DUE_d_app_DAYS_LAST_PHONE_CHANGE_std_div_mean,0.0,0
5,f104_nyg_high_DAYS_FIRST_DUE_d_app_DAYS_EMPLOYED_std,0.0,0
5,f104_nyg_high_DAYS_FIRST_DUE_d_app_DAYS_ID_PUBLISH_std_div_mean,0.0,0
5,f104_nyg_high_DAYS_FIRST_DUE_d_app_DAYS_REGISTRATION_std_div_mean,0.0,0
5,f104_nyg_high_DAYS_FIRST_DUE_d_app_DAYS_BIRTH_mean,385.8414192199707,37
5,f104_nyg_high_DAYS_FIRST_DUE_d_app_DAYS_ID_PUBLISH_max_div_min,0.0,0
5,f104_nyg_high_DAYS_FIRST_DUE_d_app_DAYS_LAST_PHONE_CHANGE_max_div_min,63.87719964981079,5
5,f104_nyg_high_DAYS_FIRST_DUE_s_DAYS_DECISIONS_std,0.0,0
5,f104_nyg_high_DAYS_FIRST_DUE_s_DAYS_FIRST_DRAWING_max,0.0,0
5,f104_nyg_high_DAYS_FIRST_DUE_s_DAYS_FIRST_DRAWING_mean,0.0,0
5,f104_nyg_high_DAYS_FIRST_DUE_s_DAYS_FIRST_DRAWING_std_div_mean,0.0,0
5,f104_nyg_high_DAYS_FIRST_DUE_d_app_DAYS_REGISTRATION_max_div_min,5.2692999839782715,1
5,f104_nyg_high_DAYS_FIRST_DUE_s_app_DAYS_EMPLOYED_std_div_mean,47.59995079040527,3
5,f104_nyg_high_DAYS_FIRST_DUE_s_DAYS_FIRST_DRAWING_min,0.0,0
5,f104_nyg_high_DAYS_FIRST_DUE_s_DAYS_FIRST_DRAWING_max_div_min,0.0,0
5,f104_nyg_high_DAYS_FIRST_DUE_s_app_DAYS_ID_PUBLISH_std_div_mean,89.77159976959229,5
5,f104_nyg_high_DAYS_FIRST_DUE_s_app_DAYS_BIRTH_std,29.775099754333496,2
5,f104_nyg_high_DAYS_FIRST_DUE_s_app_DAYS_BIRTH_min,129.04477834701538,12
5,f104_nyg_high_DAYS_FIRST_DUE_s_DAYS_FIRST_DRAWING_std,0.0,0
5,f104_nyg_high_DAYS_FIRST_DUE_s_app_DAYS_BIRTH_max,216.73557710647583,15
5,f104_nyg_high_DAYS_FIRST_DUE_s_app_DAYS_ID_PUBLISH_std,0.0,0
5,f104_nyg_high_DAYS_FIRST_DUE_s_app_DAYS_EMPLOYED_max,625.864336013794,49
5,f104_nyg_high_DAYS_FIRST_DUE_s_app_DAYS_BIRTH_mean,296.9940896034241,15
5,f104_nyg_high_DAYS_FIRST_DUE_s_app_DAYS_EMPLOYED_min,568.1564812660217,33
5,f104_nyg_high_DAYS_FIRST_DUE_s_app_DAYS_LAST_PHONE_CHANGE_std,0.0,0
5,f104_nyg_high_DAYS_FIRST_DUE_s_app_DAYS_EMPLOYED_std,0.0,0
5,f104_nyg_high_DAYS_FIRST_DUE_s_app_DAYS_EMPLOYED_mean,330.5719904899597,29
5,f104_nyg_high_DAYS_FIRST_DUE_s_app_DAYS_ID_PUBLISH_min,258.89603900909424,28
5,f104_nyg_high_DAYS_FIRST_DUE_s_app_DAYS_ID_PUBLISH_mean,163.95951104164124,18
5,f104_nyg_high_DAYS_FIRST_DUE_s_app_DAYS_ID_PUBLISH_max,152.1479012966156,14
5,f104_nyg_high_DAYS_FIRST_DUE_s_app_DAYS_LAST_PHONE_CHANGE_std_div_mean,50.72469997406006,3
5,f104_nyg_high_DAYS_FIRST_DUE_s_app_DAYS_LAST_PHONE_CHANGE_max,615.7826979160309,62
5,f104_nyg_high_DAYS_FIRST_DUE_s_app_DAYS_REGISTRATION_mean,373.80413007736206,38
5,f104_nyg_high_DAYS_FIRST_DUE_s_app_DAYS_LAST_PHONE_CHANGE_mean,392.5220820903778,26
5,f104_nyg_high_DAYS_LAST_DUE_1ST_VERSION_d_app_DAYS_BIRTH_std_div_mean,0.0,0
5,f104_nyg_high_DAYS_FIRST_DUE_s_app_DAYS_REGISTRATION_std,0.0,0
5,f104_nyg_high_DAYS_FIRST_DUE_s_app_DAYS_REGISTRATION_std_div_mean,17.208890438079834,2
5,f104_nyg_high_DAYS_LAST_DUE_1ST_VERSION_d_app_DAYS_BIRTH_std,0.0,0
5,f104_nyg_high_DAYS_FIRST_DUE_s_app_DAYS_REGISTRATION_min,236.48710203170776,24
5,f104_nyg_high_DAYS_FIRST_DUE_s_app_DAYS_LAST_PHONE_CHANGE_min,283.41275119781494,29
5,f104_nyg_high_DAYS_FIRST_DUE_s_app_DAYS_REGISTRATION_max,254.33636951446533,19
5,f104_nyg_high_DAYS_LAST_DUE_1ST_VERSION_d_app_DAYS_BIRTH_min,382.2932629585266,42
5,f104_nyg_high_DAYS_LAST_DUE_1ST_VERSION_d_app_DAYS_ID_PUBLISH_std_div_mean,11.160499572753906,1
5,f104_nyg_high_DAYS_LAST_DUE_1ST_VERSION_d_app_DAYS_REGISTRATION_std_div_mean,0.0,0
5,f104_nyg_high_DAYS_LAST_DUE_1ST_VERSION_d_app_DAYS_EMPLOYED_std,41.94149971008301,2
5,f104_nyg_high_DAYS_LAST_DUE_1ST_VERSION_s_DAYS_FIRST_DRAWING_max,0.0,0
5,f104_nyg_high_DAYS_LAST_DUE_1ST_VERSION_s_DAYS_DECISIONS_std,16.14739990234375,1
5,f104_nyg_high_DAYS_LAST_DUE_1ST_VERSION_s_DAYS_DECISIONS_std_div_mean,0.0,0
5,f104_nyg_high_DAYS_LAST_DUE_1ST_VERSION_s_DAYS_DECISIONS_max,363.3539891242981,28
5,f104_nyg_high_DAYS_LAST_DUE_1ST_VERSION_s_DAYS_FIRST_DRAWING_max_div_min,0.0,0
5,f104_nyg_high_DAYS_LAST_DUE_1ST_VERSION_s_DAYS_DECISIONS_min,123.08463191986084,15
5,f104_nyg_high_DAYS_LAST_DUE_1ST_VERSION_s_DAYS_DECISIONS_mean,399.00057315826416,29
5,f104_nyg_high_DAYS_LAST_DUE_1ST_VERSION_s_DAYS_DECISIONS_max_div_min,0.0,0
5,f104_nyg_high_DAYS_LAST_DUE_1ST_VERSION_s_DAYS_FIRST_DRAWING_min,0.0,0
5,f104_nyg_high_DAYS_LAST_DUE_1ST_VERSION_s_DAYS_FIRST_DRAWING_mean,0.0,0
5,f104_nyg_high_DAYS_LAST_DUE_1ST_VERSION_s_DAYS_FIRST_DUE_std_div_mean,0.0,0
5,f104_nyg_high_DAYS_LAST_DUE_1ST_VERSION_s_DAYS_FIRST_DRAWING_std,0.0,0
5,f104_nyg_high_DAYS_LAST_DUE_1ST_VERSION_s_DAYS_FIRST_DUE_std,0.0,0
5,f104_nyg_high_DAYS_LAST_DUE_1ST_VERSION_s_DAYS_FIRST_DUE_max_div_min,0.0,0
5,f104_nyg_high_DAYS_LAST_DUE_1ST_VERSION_s_DAYS_FIRST_DRAWING_std_div_mean,0.0,0
5,f104_nyg_high_DAYS_LAST_DUE_1ST_VERSION_s_DAYS_FIRST_DUE_max,26.74650001525879,2
5,f104_nyg_high_DAYS_LAST_DUE_1ST_VERSION_s_app_DAYS_BIRTH_max,290.59742283821106,24
5,f104_nyg_high_DAYS_LAST_DUE_1ST_VERSION_s_DAYS_FIRST_DUE_mean,17.61479949951172,1
5,f104_nyg_high_DAYS_LAST_DUE_1ST_VERSION_s_app_DAYS_BIRTH_min,128.70527911186218,11
5,f104_nyg_high_DAYS_LAST_DUE_1ST_VERSION_s_app_DAYS_EMPLOYED_std,0.0,0
5,f104_nyg_high_DAYS_LAST_DUE_1ST_VERSION_s_app_DAYS_BIRTH_max_div_min,13.570500373840332,1
5,f104_nyg_high_DAYS_LAST_DUE_1ST_VERSION_s_app_DAYS_EMPLOYED_mean,351.9091782569885,31
5,f104_nyg_high_DAYS_LAST_DUE_1ST_VERSION_s_app_DAYS_BIRTH_std,0.0,0
5,f104_nyg_high_DAYS_LAST_DUE_1ST_VERSION_s_DAYS_FIRST_DUE_min,6.204130172729492,1
5,f104_nyg_high_DAYS_LAST_DUE_1ST_VERSION_s_app_DAYS_ID_PUBLISH_std,0.0,0
5,f104_nyg_high_DAYS_LAST_DUE_1ST_VERSION_s_app_DAYS_BIRTH_std_div_mean,0.0,0
5,f104_nyg_high_DAYS_LAST_DUE_1ST_VERSION_s_app_DAYS_BIRTH_mean,191.3429775238037,15
5,f104_nyg_high_DAYS_LAST_DUE_1ST_VERSION_s_app_DAYS_EMPLOYED_max,365.19138741493225,34
5,f104_nyg_high_DAYS_LAST_DUE_1ST_VERSION_s_app_DAYS_EMPLOYED_min,534.3961443901062,37
5,f104_nyg_high_DAYS_LAST_DUE_1ST_VERSION_s_app_DAYS_LAST_PHONE_CHANGE_std,0.0,0
5,f104_nyg_high_DAYS_LAST_DUE_1ST_VERSION_s_app_DAYS_REGISTRATION_std_div_mean,0.0,0
5,f104_nyg_high_DAYS_LAST_DUE_1ST_VERSION_s_app_DAYS_ID_PUBLISH_max,222.79754877090454,26
5,f104_nyg_high_DAYS_LAST_DUE_1ST_VERSION_s_app_DAYS_ID_PUBLISH_mean,213.40565013885498,24
5,f104_nyg_high_DAYS_LAST_DUE_1ST_VERSION_s_app_DAYS_ID_PUBLISH_max_div_min,8.161230087280273,1
5,f104_nyg_high_DAYS_LAST_DUE_1ST_VERSION_s_app_DAYS_ID_PUBLISH_min,103.00426149368286,13
5,f104_nyg_high_DAYS_LAST_DUE_1ST_VERSION_s_app_DAYS_REGISTRATION_max,286.38820219039917,31
5,f104_nyg_high_DAYS_LAST_DUE_1ST_VERSION_s_app_DAYS_REGISTRATION_std,0.0,0
5,f104_nyg_high_DAYS_LAST_DUE_d_app_DAYS_EMPLOYED_std_div_mean,15.386199951171875,1
5,f104_nyg_high_DAYS_LAST_DUE_d_app_DAYS_EMPLOYED_std,0.0,0
5,f104_nyg_high_DAYS_LAST_DUE_1ST_VERSION_s_app_DAYS_REGISTRATION_min,221.41842079162598,22
5,f104_nyg_high_DAYS_LAST_DUE_1ST_VERSION_s_app_DAYS_REGISTRATION_mean,158.04898047447205,14
5,f104_nyg_high_DAYS_LAST_DUE_d_app_DAYS_REGISTRATION_std,20.75830078125,1
5,f104_nyg_high_DAYS_LAST_DUE_d_app_DAYS_LAST_PHONE_CHANGE_std,0.0,0
5,f104_nyg_high_DAYS_LAST_DUE_d_app_DAYS_LAST_PHONE_CHANGE_std_div_mean,0.0,0
5,f104_nyg_high_DAYS_LAST_DUE_s_DAYS_FIRST_DRAWING_max_div_min,0.0,0
5,f104_nyg_high_DAYS_LAST_DUE_d_app_DAYS_BIRTH_max,271.26375126838684,30
5,f104_nyg_high_DAYS_LAST_DUE_s_DAYS_FIRST_DRAWING_min,0.0,0
5,f104_nyg_high_DAYS_LAST_DUE_s_DAYS_FIRST_DRAWING_max,0.0,0
5,f104_nyg_high_DAYS_LAST_DUE_s_DAYS_DECISIONS_std_div_mean,46.803709983825684,4
5,f104_nyg_high_DAYS_LAST_DUE_s_DAYS_DECISIONS_max,127.8967604637146,14
5,f104_nyg_high_DAYS_LAST_DUE_s_DAYS_FIRST_DRAWING_mean,0.0,0
5,f104_nyg_high_DAYS_LAST_DUE_s_DAYS_FIRST_DUE_std_div_mean,4.215330123901367,1
5,f104_nyg_high_DAYS_LAST_DUE_s_DAYS_FIRST_DRAWING_std_div_mean,0.0,0
5,f104_nyg_high_DAYS_LAST_DUE_s_DAYS_FIRST_DRAWING_std,0.0,0
5,f104_nyg_high_DAYS_LAST_DUE_s_DAYS_LAST_DUE_1ST_VERSION_std,0.0,0
5,f104_nyg_high_DAYS_LAST_DUE_s_DAYS_LAST_DUE_1ST_VERSION_max_div_min,43.48217010498047,6
5,f104_nyg_high_DAYS_LAST_DUE_s_DAYS_DECISIONS_mean,263.84712839126587,24
5,f104_nyg_high_DAYS_LAST_DUE_s_DAYS_FIRST_DUE_mean,79.9721908569336,8
5,f104_nyg_high_DAYS_LAST_DUE_s_DAYS_LAST_DUE_1ST_VERSION_max,65.19918012619019,8
5,f104_nyg_high_DAYS_LAST_DUE_s_app_DAYS_BIRTH_mean,225.27614212036133,16
5,f104_nyg_high_DAYS_LAST_DUE_s_app_DAYS_EMPLOYED_min,246.04186058044434,23
5,f104_nyg_high_DAYS_LAST_DUE_s_DAYS_FIRST_DUE_max,3.995680093765259,1
5,f104_nyg_high_DAYS_LAST_DUE_s_app_DAYS_BIRTH_max,239.2520775794983,13
5,f104_nyg_high_DAYS_LAST_DUE_s_DAYS_LAST_DUE_1ST_VERSION_min,114.26019954681396,13
5,f104_nyg_high_DAYS_LAST_DUE_s_DAYS_FIRST_DUE_max_div_min,16.12957000732422,2
5,f104_nyg_high_DAYS_LAST_DUE_s_app_DAYS_EMPLOYED_std_div_mean,0.0,0
5,f104_nyg_high_DAYS_LAST_DUE_s_app_DAYS_BIRTH_min,382.948046207428,17
5,f104_nyg_high_DAYS_LAST_DUE_s_DAYS_LAST_DUE_1ST_VERSION_mean,167.8036985397339,9
5,f104_nyg_high_DAYS_LAST_DUE_s_app_DAYS_ID_PUBLISH_max,212.46729826927185,26
5,f104_nyg_high_DAYS_LAST_DUE_s_app_DAYS_ID_PUBLISH_mean,112.10170841217041,13
5,f104_nyg_high_DAYS_LAST_DUE_s_app_DAYS_ID_PUBLISH_min,93.4753086566925,11
5,f104_nyg_high_DAYS_LAST_DUE_s_app_DAYS_LAST_PHONE_CHANGE_max,306.86082887649536,34
5,f104_nyg_high_DAYS_LAST_DUE_s_app_DAYS_LAST_PHONE_CHANGE_min,237.3015308380127,21
5,f104_nyg_high_DAYS_LAST_DUE_s_app_DAYS_EMPLOYED_max,346.5242705345154,27
5,f104_nyg_high_DAYS_LAST_DUE_s_app_DAYS_EMPLOYED_mean,114.55980110168457,13
5,f104_nyg_high_DAYS_LAST_DUE_s_app_DAYS_REGISTRATION_max,155.1749405860901,19
5,f104_nyg_high_DAYS_LAST_DUE_s_app_DAYS_LAST_PHONE_CHANGE_mean,156.25860977172852,17
5,f104_nyg_high_DAYS_TERMINATION_d_app_DAYS_EMPLOYED_std,10.245499610900879,1
5,f104_nyg_high_DAYS_TERMINATION_d_app_DAYS_BIRTH_max,345.55119943618774,41
5,f104_nyg_high_DAYS_TERMINATION_d_app_DAYS_LAST_PHONE_CHANGE_std,0.0,0
5,f104_nyg_high_DAYS_LAST_DUE_s_app_DAYS_REGISTRATION_mean,117.61914825439453,12
5,f104_nyg_high_DAYS_TERMINATION_d_app_DAYS_EMPLOYED_std_div_mean,0.0,0
5,f104_nyg_high_DAYS_LAST_DUE_s_app_DAYS_REGISTRATION_min,82.43974018096924,9
5,f104_nyg_high_DAYS_TERMINATION_s_DAYS_FIRST_DRAWING_std,0.0,0
5,f104_nyg_high_DAYS_TERMINATION_d_app_DAYS_REGISTRATION_std,17.811399459838867,1
5,f104_nyg_high_DAYS_TERMINATION_s_DAYS_FIRST_DRAWING_max_div_min,0.0,0
5,f104_nyg_high_DAYS_TERMINATION_d_app_DAYS_LAST_PHONE_CHANGE_std_div_mean,0.0,0
5,f104_nyg_high_DAYS_TERMINATION_s_DAYS_DECISIONS_std_div_mean,0.0,0
5,f104_nyg_high_DAYS_TERMINATION_s_DAYS_DECISIONS_mean,233.96576023101807,21
5,f104_nyg_high_DAYS_TERMINATION_s_DAYS_FIRST_DRAWING_mean,0.0,0
5,f104_nyg_high_DAYS_TERMINATION_s_DAYS_LAST_DUE_1ST_VERSION_std,26.700700759887695,2
5,f104_nyg_high_DAYS_TERMINATION_s_DAYS_FIRST_DRAWING_min,0.0,0
5,f104_nyg_high_DAYS_TERMINATION_s_DAYS_FIRST_DRAWING_max,0.0,0
5,f104_nyg_high_DAYS_TERMINATION_s_DAYS_FIRST_DRAWING_std_div_mean,0.0,0
5,f104_nyg_high_DAYS_TERMINATION_s_DAYS_DECISIONS_max,236.43478083610535,21
5,f104_nyg_high_DAYS_TERMINATION_s_DAYS_FIRST_DUE_std_div_mean,19.533599853515625,1
5,f104_nyg_high_DAYS_TERMINATION_s_DAYS_LAST_DUE_1ST_VERSION_std_div_mean,6.6668500900268555,1
5,f104_nyg_high_DAYS_TERMINATION_s_DAYS_FIRST_DUE_max,276.24634885787964,27
5,f104_nyg_high_DAYS_TERMINATION_s_DAYS_FIRST_DUE_mean,279.00759959220886,30
5,f104_nyg_high_DAYS_TERMINATION_s_DAYS_LAST_DUE_1ST_VERSION_mean,462.1406021118164,43
5,f104_nyg_high_DAYS_TERMINATION_s_DAYS_LAST_DUE_std,0.0,0
5,f104_nyg_high_DAYS_TERMINATION_s_DAYS_LAST_DUE_1ST_VERSION_min,384.88097190856934,31
5,f104_nyg_high_DAYS_TERMINATION_s_DAYS_LAST_DUE_max_div_min,0.0,0
5,f104_nyg_high_DAYS_TERMINATION_s_app_DAYS_BIRTH_mean,64.75358009338379,8
5,f104_nyg_high_DAYS_TERMINATION_s_app_DAYS_BIRTH_min,65.43396997451782,6
5,f104_nyg_high_DAYS_TERMINATION_s_DAYS_LAST_DUE_1ST_VERSION_max,746.3871693611145,59
5,f104_nyg_high_DAYS_TERMINATION_s_app_DAYS_BIRTH_max,255.98222017288208,16
5,f104_nyg_high_DAYS_TERMINATION_s_app_DAYS_EMPLOYED_max,179.46061849594116,14
5,f104_nyg_high_DAYS_TERMINATION_s_app_DAYS_ID_PUBLISH_mean,133.26040077209473,14
5,f104_nyg_high_DAYS_TERMINATION_s_app_DAYS_EMPLOYED_mean,121.68500900268555,13
5,f104_nyg_high_DAYS_TERMINATION_s_app_DAYS_EMPLOYED_min,389.29280042648315,20
5,f104_nyg_high_DAYS_TERMINATION_s_app_DAYS_ID_PUBLISH_min,166.20388889312744,14
5,f104_nyg_high_DAYS_TERMINATION_s_app_DAYS_LAST_PHONE_CHANGE_min,444.72411942481995,44
5,f104_nyg_high_HOUR_APPR_PROCESS_START_std,18.631290435791016,3
5,f104_nyg_high_DAYS_TERMINATION_s_app_DAYS_LAST_PHONE_CHANGE_mean,239.11577129364014,23
5,f104_nyg_high_DAYS_TERMINATION_s_app_DAYS_REGISTRATION_max,184.75559902191162,15
5,f104_nyg_high_DAYS_TERMINATION_s_app_DAYS_LAST_PHONE_CHANGE_max,360.03056049346924,28
5,f104_nyg_high_DAYS_TERMINATION_s_app_DAYS_ID_PUBLISH_max,48.0801100730896,6
5,f104_nyg_high_DAYS_TERMINATION_s_app_DAYS_REGISTRATION_mean,49.99343967437744,5
5,f104_nyg_high_HOUR_APPR_PROCESS_START_std_div_mean,29.3512601852417,3
5,f104_nyg_high_HOUR_APPR_PROCESS_START_max_div_min,69.86955070495605,5
5,f104_nyg_high_DAYS_TERMINATION_s_app_DAYS_REGISTRATION_min,166.24320030212402,14
5,f104_nyg_high_HOUR_APPR_PROCESS_START_max,289.9099507331848,35
5,f104_nyg_high_HOUR_APPR_PROCESS_START_mean,420.0706522464752,39
5,f104_nyg_high_NAME_CASH_LOAN_PURPOSE_Repairs_sum,0.0,0
5,f104_nyg_high_NAME_CASH_LOAN_PURPOSE_Wedding___gift___holiday_mean,0.0,0
5,f104_nyg_high_NAME_CASH_LOAN_PURPOSE_Buying_a_used_car_mean,0.0,0
5,f104_nyg_high_HOUR_APPR_PROCESS_START_min,656.7609512805939,50
5,f104_nyg_high_NAME_CASH_LOAN_PURPOSE_XAP_mean,11.95472002029419,2
5,f104_nyg_high_NAME_CLIENT_TYPE_Repeater_mean,44.04992866516113,3
5,f104_nyg_high_NAME_CONTRACT_TYPE_Consumer_loans_mean,12.803099632263184,1
5,f104_nyg_high_NAME_CONTRACT_STATUS_Approved_mean,192.20962953567505,17
5,f104_nyg_high_NAME_CLIENT_TYPE_New_sum,210.84089946746826,7
5,f104_nyg_high_NAME_CASH_LOAN_PURPOSE_XNA_mean,59.15758991241455,8
5,f104_nyg_high_NAME_CLIENT_TYPE_New_mean,401.8480796813965,19
5,f104_nyg_high_NAME_CASH_LOAN_PURPOSE_XNA_sum,19.994070053100586,2
5,f104_nyg_high_NAME_PAYMENT_TYPE_Cash_through_the_bank_sum,0.0,0
5,f104_nyg_high_NAME_CONTRACT_TYPE_Cash_loans_mean,0.0,0
5,f104_nyg_high_NAME_CONTRACT_STATUS_Refused_sum,20.25620985031128,2
5,f104_nyg_high_NAME_CONTRACT_TYPE_Cash_loans_sum,0.0,0
5,f104_nyg_high_NAME_CONTRACT_STATUS_Refused_mean,101.39115047454834,8
5,f104_nyg_high_NAME_GOODS_CATEGORY_XNA_sum,0.0,0
5,f104_nyg_high_NAME_PORTFOLIO_Cash_sum,0.0,0
5,f104_nyg_high_NAME_PORTFOLIO_POS_mean,0.0,0
5,f104_nyg_high_NAME_GOODS_CATEGORY_XNA_mean,0.0,0
5,f104_nyg_high_NAME_PRODUCT_TYPE_walk_in_sum,115.80492949485779,8
5,f104_nyg_high_NAME_PRODUCT_TYPE_walk_in_mean,145.3688178062439,13
5,f104_nyg_high_NAME_PORTFOLIO_Cash_mean,0.0,0
5,f104_nyg_high_NAME_TYPE_SUITE_Other_A_mean,0.0,0
5,f104_nyg_high_NAME_PRODUCT_TYPE_XNA_mean,0.0,0
5,f104_nyg_high_NAME_SELLER_INDUSTRY_XNA_sum,29.982019901275635,3
5,f104_nyg_high_NAME_TYPE_SUITE_Family_mean,36.91270065307617,3
5,f104_nyg_high_NAME_TYPE_SUITE_Other_A_sum,0.0,0
5,f104_nyg_high_RATE_INTEREST_PRIMARY_min,0.0,0
5,f104_nyg_high_RATE_INTEREST_PRIMARY_mean,0.0,0
5,f104_nyg_high_NAME_TYPE_SUITE_Spouse__partner_sum,5.801770210266113,1
5,f104_nyg_high_NAME_YIELD_GROUP_high_sum,0.0,0
5,f104_nyg_high_PREV_COUNT,26.627500534057617,1
5,f104_nyg_high_NAME_TYPE_SUITE_Unaccompanied_sum,111.51959085464478,14
5,f104_nyg_high_NAME_TYPE_SUITE_Other_B_sum,0.0,0
5,f104_nyg_high_RATE_INTEREST_PRIMARY_max,0.0,0
5,f104_nyg_high_RATE_INTEREST_PRIMARY_max_div_min,0.0,0
5,f104_nyg_high_RATE_DOWN_PAYMENT_max,846.6115612983704,27
5,f104_nyg_high_RATE_DOWN_PAYMENT_mean,842.8528687655926,31
5,f104_nyg_high_RATE_INTEREST_PRIVILEGED_min,0.0,0
5,f104_nyg_high_RATE_DOWN_PAYMENT_std_div_mean,0.0,0
5,f104_nyg_high_RATE_INTEREST_PRIMARY_std_div_mean,0.0,0
5,f104_nyg_high_RATE_INTEREST_PRIMARY_std,0.0,0
5,f104_nyg_high_RATE_INTEREST_PRIVILEGED_mean,0.0,0
5,f104_nyg_high_RATE_INTEREST_PRIVILEGED_max,0.0,0
5,f104_nyg_high_RATE_INTEREST_PRIVILEGED_std_div_mean,0.0,0
5,f104_nyg_high_RATE_INTEREST_PRIVILEGED_max_div_min,0.0,0
5,f104_nyg_high_RATE_DOWN_PAYMENT_std,21.026899337768555,1
5,f104_nyg_high_RATE_INTEREST_PRIVILEGED_std,0.0,0
5,f104_nyg_high_RATE_DOWN_PAYMENT_min,966.3610253334045,24
5,f104_nyg_high_active_std,0.0,0
5,f104_nyg_high_SELLERPLACE_AREA_std_div_mean,61.607640743255615,4
5,f104_nyg_high_amt_paid_std_div_mean,27.162799835205078,2
5,f104_nyg_high_WEEKDAY_APPR_PROCESS_START_THURSDAY_mean,51.27865982055664,7
5,f104_nyg_high_WEEKDAY_APPR_PROCESS_START_WEDNESDAY_sum,56.267290115356445,6
5,f104_nyg_high_active_max,0.0,0
5,f104_nyg_high_active_std_div_mean,26.373199462890625,1
5,f104_nyg_high_active_mean,23.11851978302002,2
5,f104_nyg_high_amt_unpaid_std_div_mean,0.0,0
5,f104_nyg_high_amt_unpaid_std,12.189399719238281,1
5,f104_nyg_high_WEEKDAY_APPR_PROCESS_START_THURSDAY_sum,0.0,0
5,f104_nyg_high_active_min,0.0,0
5,f104_nyg_high_amt_paid_std,0.0,0
5,f104_nyg_high_cnt_paid_ratio_std_div_mean,0.0,0
5,f104_nyg_high_amt_paid_sum,633.2801041603088,67
5,f104_nyg_high_amt_unpaid_max,9.915410041809082,1
5,f104_nyg_high_active_sum,0.0,0
5,f104_nyg_high_amt_paid_max_div_min,0.0,0
5,f104_nyg_high_amt_unpaid_max_div_min,0.0,0
5,f104_nyg_high_cnt_paid_max_div_min,0.0,0
5,f104_nyg_high_cnt_paid_std,0.0,0
5,f104_nyg_high_cnt_paid_mean,26.558269500732422,2
5,f104_nyg_high_cnt_paid_max,20.060300827026367,1
5,f104_nyg_high_cnt_paid_min,17.48160982131958,2
5,f104_nyg_high_amt_unpaid_sum,14.947099685668945,1
5,f104_nyg_high_cnt_paid_std_div_mean,0.0,0
5,f104_nyg_high_cnt_paid_ratio_std,0.0,0
5,f104_nyg_high_cnt_paid_ratio_mean,4.753190040588379,1
5,f104_nyg_high_cnt_unpaid_max,0.0,0
5,f104_nyg_high_cnt_paid_sum,124.56977844238281,12
5,f104_nyg_high_cnt_paid_ratio_min,116.91736125946045,8
5,f104_nyg_high_cnt_unpaid_std_div_mean,0.0,0
5,f104_nyg_high_cnt_paid_ratio_max,28.50469970703125,2
5,f104_nyg_high_cnt_unpaid_std,41.2599983215332,1
5,f104_nyg_high_cnt_paid_ratio_max_div_min,0.0,0
5,f104_nyg_high_completed_mean,88.7055492401123,6
5,f104_nyg_high_completed_max,0.0,0
5,f104_nyg_high_cnt_unpaid_mean,26.877779960632324,2
5,f104_nyg_high_interest_rate_pctchange_std_div_mean,47.33564901351929,3
5,f104_nyg_high_cnt_unpaid_sum,0.0,0
5,f104_nyg_high_completed_min,0.0,0
5,f104_nyg_high_cnt_unpaid_min,6.767469882965088,1
5,f104_nyg_high_interest_rate_pctchange_std,25.85576057434082,2
5,f104_nyg_high_interest_rate_diff_std_div_mean,48.20756912231445,5
5,f104_nyg_high_interest_rate_pctchange_min,701.2938766479492,58
5,f104_nyg_high_interest_rate_diff_min,283.9072313308716,29
5,f104_nyg_high_interest_rate_max_div_min,38.34639072418213,3
5,f104_nyg_high_interest_rate_pctchange_mean,513.4844915866852,51
5,f104_nyg_high_interest_rate_pctchange_max,541.766758441925,58
5,f104_nyg_high_total_debt_diff_std,36.362600326538086,3
5,f104_nyg_high_total_debt_max,750.9632172584534,81
5,f104_nyg_high_total_debt_max_div_min,81.44599914550781,5
5,f104_nyg_high_total_debt_diff_max,437.4434082508087,52
5,f104_nyg_high_total_debt_pctchange_std,40.0158109664917,3
5,f104_nyg_high_total_debt_std_div_mean,170.2743101119995,10
5,f104_nyg_high_total_debt_std,112.65408897399902,8
5,f104_nyg_low_action_AMT_ANNUITY_d_app_AMT_ANNUITY_diff_max,49.854050636291504,5
5,f104_nyg_high_total_debt_pctchange_mean,275.2228784561157,32
5,f104_nyg_high_total_debt_pctchange_min,540.4305024147034,63
5,f104_nyg_low_action_AMT_ANNUITY_d_app_AMT_ANNUITY_diff_std_div_mean,0.0,0
5,f104_nyg_low_action_AMT_ANNUITY_d_app_AMT_ANNUITY_diff_std,0.0,0
5,f104_nyg_low_action_AMT_ANNUITY_d_app_AMT_ANNUITY_max,28.337039470672607,3
5,f104_nyg_high_total_debt_pctchange_max,461.8831388950348,50
5,f104_nyg_low_action_AMT_ANNUITY_d_app_AMT_ANNUITY_diff_min,28.48364019393921,4
5,f104_nyg_low_action_AMT_ANNUITY_d_app_AMT_ANNUITY_min,52.485320806503296,7
5,f104_nyg_low_action_AMT_ANNUITY_d_app_AMT_ANNUITY_diff_mean,3.9099199771881104,1
5,f104_nyg_low_action_AMT_ANNUITY_d_app_AMT_ANNUITY_pctchange_std,0.0,0
5,f104_nyg_low_action_AMT_ANNUITY_d_app_AMT_ANNUITY_pctchange_std_div_mean,0.0,0
5,f104_nyg_low_action_AMT_ANNUITY_d_app_AMT_CREDIT_diff_std_div_mean,0.0,0
5,f104_nyg_low_action_AMT_ANNUITY_d_app_AMT_CREDIT_diff_std,0.0,0
5,f104_nyg_low_action_AMT_ANNUITY_d_app_AMT_CREDIT_diff_max,4.203810214996338,1
5,f104_nyg_low_action_AMT_ANNUITY_d_app_AMT_ANNUITY_mean,37.65001058578491,4
5,f104_nyg_low_action_AMT_ANNUITY_d_app_AMT_CREDIT_diff_min,31.38543939590454,3
5,f104_nyg_low_action_AMT_ANNUITY_d_app_AMT_CREDIT_min,57.93482971191406,7
5,f104_nyg_low_action_AMT_ANNUITY_d_app_AMT_CREDIT_mean,51.48099970817566,8
5,f104_nyg_low_action_AMT_ANNUITY_d_app_AMT_CREDIT_diff_mean,5.115340232849121,1
5,f104_nyg_low_action_AMT_ANNUITY_d_app_AMT_CREDIT_pctchange_std_div_mean,0.0,0
5,f104_nyg_low_action_AMT_ANNUITY_d_app_AMT_CREDIT_max,61.084489822387695,9
5,f104_nyg_low_action_AMT_ANNUITY_d_app_AMT_CREDIT_pctchange_std,0.0,0
5,f104_nyg_low_action_AMT_ANNUITY_d_app_AMT_GOODS_PRICE_diff_mean,4.371890068054199,1
5,f104_nyg_low_action_AMT_ANNUITY_d_app_AMT_CREDIT_std,0.0,0
5,f104_nyg_low_action_AMT_ANNUITY_d_app_AMT_GOODS_PRICE_diff_std,0.0,0
5,f104_nyg_low_action_AMT_ANNUITY_d_app_AMT_GOODS_PRICE_diff_max,0.0,0
5,f104_nyg_low_action_AMT_ANNUITY_d_app_AMT_GOODS_PRICE_diff_min,11.279899597167969,1
5,f104_nyg_low_action_AMT_ANNUITY_d_app_AMT_GOODS_PRICE_diff_std_div_mean,0.0,0
5,f104_nyg_low_action_AMT_ANNUITY_d_app_AMT_GOODS_PRICE_pctchange_std,0.0,0
5,f104_nyg_low_action_AMT_ANNUITY_d_app_AMT_GOODS_PRICE_pctchange_std_div_mean,0.0,0
5,f104_nyg_low_action_AMT_ANNUITY_d_app_AMT_GOODS_PRICE_max,62.15008997917175,9
5,f104_nyg_low_action_AMT_ANNUITY_d_app_AMT_GOODS_PRICE_min,45.95198965072632,6
5,f104_nyg_low_action_AMT_ANNUITY_d_app_AMT_GOODS_PRICE_mean,26.5625901222229,4
5,f104_nyg_low_action_AMT_ANNUITY_d_app_AMT_INCOME_TOTAL_diff_std_div_mean,0.0,0
5,f104_nyg_low_action_AMT_ANNUITY_d_app_AMT_INCOME_TOTAL_pctchange_std,0.0,0
5,f104_nyg_low_action_AMT_ANNUITY_d_app_AMT_INCOME_TOTAL_diff_std,0.0,0
5,f104_nyg_low_action_AMT_ANNUITY_d_app_AMT_INCOME_TOTAL_max,70.0460901260376,7
5,f104_nyg_low_action_AMT_ANNUITY_d_app_AMT_INCOME_TOTAL_diff_max,38.949549436569214,5
5,f104_nyg_low_action_AMT_ANNUITY_d_app_AMT_INCOME_TOTAL_diff_mean,74.9778995513916,8
5,f104_nyg_low_action_AMT_ANNUITY_d_app_AMT_INCOME_TOTAL_std,0.0,0
5,f104_nyg_low_action_AMT_ANNUITY_d_app_AMT_GOODS_PRICE_std,0.0,0
5,f104_nyg_low_action_AMT_ANNUITY_d_app_AMT_INCOME_TOTAL_diff_min,20.289999961853027,2
5,f104_nyg_low_action_AMT_ANNUITY_d_app_AMT_INCOME_TOTAL_min,62.89323091506958,8
5,f104_nyg_low_action_AMT_ANNUITY_d_app_AMT_INCOME_TOTAL_mean,73.2580394744873,7
5,f104_nyg_low_action_AMT_ANNUITY_d_app_AMT_INCOME_TOTAL_pctchange_std_div_mean,0.0,0
5,f104_nyg_low_action_AMT_ANNUITY_m_app_AMT_GOODS_PRICE_d_app_AMT_INCOME_TOTAL_diff_std_div_mean,0.0,0
5,f104_nyg_low_action_AMT_ANNUITY_m_app_AMT_GOODS_PRICE_d_app_AMT_INCOME_TOTAL_diff_std,0.0,0
5,f104_nyg_low_action_AMT_ANNUITY_m_app_AMT_GOODS_PRICE_d_app_AMT_INCOME_TOTAL_std_div_mean,0.0,0
5,f104_nyg_low_action_AMT_ANNUITY_m_app_AMT_GOODS_PRICE_d_app_AMT_INCOME_TOTAL_diff_mean,0.0,0
5,f104_nyg_low_action_AMT_ANNUITY_m_app_AMT_GOODS_PRICE_d_app_AMT_INCOME_TOTAL_diff_max,15.484720230102539,2
5,f104_nyg_low_action_AMT_ANNUITY_m_app_AMT_GOODS_PRICE_d_app_AMT_INCOME_TOTAL_diff_min,0.0,0
5,f104_nyg_low_action_AMT_ANNUITY_m_app_AMT_GOODS_PRICE_d_app_AMT_INCOME_TOTAL_pctchange_mean,0.0,0
5,f104_nyg_low_action_AMT_ANNUITY_m_app_AMT_GOODS_PRICE_d_app_AMT_INCOME_TOTAL_pctchange_std,0.0,0
5,f104_nyg_low_action_AMT_ANNUITY_m_app_AMT_GOODS_PRICE_d_app_AMT_INCOME_TOTAL_std,13.104700088500977,1
5,f104_nyg_low_action_AMT_ANNUITY_m_app_AMT_GOODS_PRICE_d_app_AMT_INCOME_TOTAL_pctchange_max,47.46342968940735,6
5,f104_nyg_low_action_AMT_ANNUITY_s_app_AMT_ANNUITY_d_app_AMT_INCOME_TOTAL_diff_std,0.0,0
5,f104_nyg_low_action_AMT_ANNUITY_m_app_AMT_GOODS_PRICE_d_app_AMT_INCOME_TOTAL_pctchange_min,0.0,0
5,f104_nyg_low_action_AMT_ANNUITY_max,45.7808563709259,7
5,f104_nyg_low_action_AMT_ANNUITY_s_app_AMT_ANNUITY_d_app_AMT_INCOME_TOTAL_diff_std_div_mean,0.0,0
5,f104_nyg_low_action_AMT_ANNUITY_mean,175.74630069732666,17
5,f104_nyg_low_action_AMT_ANNUITY_s_app_AMT_ANNUITY_d_app_AMT_INCOME_TOTAL_max,37.78396034240723,6
5,f104_nyg_low_action_AMT_ANNUITY_s_app_AMT_ANNUITY_d_app_AMT_INCOME_TOTAL_diff_mean,0.0,0
5,f104_nyg_low_action_AMT_ANNUITY_min,29.416330337524414,4
5,f104_nyg_low_action_AMT_ANNUITY_s_app_AMT_ANNUITY_d_app_AMT_INCOME_TOTAL_pctchange_std_div_mean,0.0,0
5,f104_nyg_low_action_AMT_ANNUITY_s_app_AMT_ANNUITY_d_app_AMT_INCOME_TOTAL_std,0.0,0
5,f104_nyg_low_action_AMT_ANNUITY_s_app_AMT_ANNUITY_d_app_AMT_INCOME_TOTAL_diff_min,0.0,0
5,f104_nyg_low_action_AMT_ANNUITY_s_app_AMT_ANNUITY_d_app_AMT_INCOME_TOTAL_pctchange_std,0.0,0
5,f104_nyg_low_action_AMT_ANNUITY_s_app_AMT_ANNUITY_d_app_AMT_INCOME_TOTAL_diff_max,0.0,0
5,f104_nyg_low_action_AMT_ANNUITY_s_app_AMT_ANNUITY_d_app_AMT_INCOME_TOTAL_mean,26.815360069274902,4
5,f104_nyg_low_action_AMT_ANNUITY_s_app_AMT_ANNUITY_d_app_AMT_INCOME_TOTAL_min,38.49269962310791,5
5,f104_nyg_low_action_AMT_ANNUITY_s_app_AMT_ANNUITY_diff_std_div_mean,0.0,0
5,f104_nyg_low_action_AMT_ANNUITY_s_app_AMT_ANNUITY_diff_std,0.0,0
5,f104_nyg_low_action_AMT_ANNUITY_s_app_AMT_ANNUITY_diff_min,11.270400047302246,1
5,f104_nyg_low_action_AMT_ANNUITY_s_app_AMT_ANNUITY_mean,29.704169750213623,4
5,f104_nyg_low_action_AMT_ANNUITY_s_app_AMT_ANNUITY_max,80.03049039840698,8
5,f104_nyg_low_action_AMT_ANNUITY_s_app_AMT_ANNUITY_pctchange_std_div_mean,0.0,0
5,f104_nyg_low_action_AMT_ANNUITY_s_app_AMT_CREDIT_d_app_AMT_INCOME_TOTAL_diff_max,5.865799903869629,1
5,f104_nyg_low_action_AMT_ANNUITY_s_app_AMT_ANNUITY_diff_mean,0.0,0
5,f104_nyg_low_action_AMT_ANNUITY_s_app_AMT_ANNUITY_std,5.067249774932861,1
5,f104_nyg_low_action_AMT_ANNUITY_s_app_AMT_CREDIT_d_app_AMT_INCOME_TOTAL_diff_std,0.0,0
5,f104_nyg_low_action_AMT_ANNUITY_s_app_AMT_ANNUITY_min,79.43330097198486,9
5,f104_nyg_low_action_AMT_ANNUITY_s_app_AMT_ANNUITY_diff_max,5.064010143280029,1
5,f104_nyg_low_action_AMT_ANNUITY_s_app_AMT_ANNUITY_pctchange_std,0.0,0
5,f104_nyg_low_action_AMT_ANNUITY_s_app_AMT_CREDIT_d_app_AMT_INCOME_TOTAL_pctchange_max,0.0,0
5,f104_nyg_low_action_AMT_ANNUITY_s_app_AMT_CREDIT_d_app_AMT_INCOME_TOTAL_diff_mean,0.0,0
5,f104_nyg_low_action_AMT_ANNUITY_s_app_AMT_CREDIT_d_app_AMT_INCOME_TOTAL_diff_std_div_mean,0.0,0
5,f104_nyg_low_action_AMT_ANNUITY_s_app_AMT_CREDIT_d_app_AMT_INCOME_TOTAL_std,0.0,0
5,f104_nyg_low_action_AMT_ANNUITY_s_app_AMT_CREDIT_d_app_AMT_INCOME_TOTAL_pctchange_mean,0.0,0
5,f104_nyg_low_action_AMT_ANNUITY_s_app_AMT_CREDIT_d_app_AMT_INCOME_TOTAL_pctchange_std,0.0,0
5,f104_nyg_low_action_AMT_ANNUITY_s_app_AMT_CREDIT_d_app_AMT_INCOME_TOTAL_diff_min,0.0,0
5,f104_nyg_low_action_AMT_ANNUITY_s_app_AMT_CREDIT_d_app_AMT_INCOME_TOTAL_pctchange_min,0.0,0
5,f104_nyg_low_action_AMT_ANNUITY_s_app_AMT_CREDIT_diff_std_div_mean,0.0,0
5,f104_nyg_low_action_AMT_ANNUITY_s_app_AMT_CREDIT_diff_mean,0.0,0
5,f104_nyg_low_action_AMT_ANNUITY_s_app_AMT_CREDIT_diff_max,3.163800001144409,1
5,f104_nyg_low_action_AMT_ANNUITY_s_app_AMT_CREDIT_diff_std,0.0,0
5,f104_nyg_low_action_AMT_ANNUITY_s_app_AMT_CREDIT_d_app_AMT_INCOME_TOTAL_std_div_mean,0.0,0
5,f104_nyg_low_action_AMT_ANNUITY_s_app_AMT_GOODS_PRICE_diff_std,0.0,0
5,f104_nyg_low_action_AMT_ANNUITY_s_app_AMT_CREDIT_mean,79.16963052749634,11
5,f104_nyg_low_action_AMT_ANNUITY_s_app_AMT_CREDIT_diff_min,0.0,0
5,f104_nyg_low_action_AMT_ANNUITY_s_app_AMT_CREDIT_std_div_mean,0.0,0
5,f104_nyg_low_action_AMT_ANNUITY_s_app_AMT_CREDIT_max,46.675270080566406,5
5,f104_nyg_low_action_AMT_ANNUITY_s_app_AMT_CREDIT_pctchange_mean,6.179540157318115,1
5,f104_nyg_low_action_AMT_ANNUITY_s_app_AMT_CREDIT_std,0.0,0
5,f104_nyg_low_action_AMT_ANNUITY_s_app_AMT_CREDIT_min,55.14646053314209,6
5,f104_nyg_low_action_AMT_ANNUITY_s_app_AMT_CREDIT_pctchange_min,6.778210163116455,1
5,f104_nyg_low_action_AMT_ANNUITY_s_app_AMT_CREDIT_pctchange_std,0.0,0
5,f104_nyg_low_action_AMT_ANNUITY_s_app_AMT_GOODS_PRICE_diff_max,25.469120025634766,2
5,f104_nyg_low_action_AMT_ANNUITY_s_app_AMT_GOODS_PRICE_pctchange_std,0.0,0
5,f104_nyg_low_action_AMT_ANNUITY_s_app_AMT_GOODS_PRICE_diff_std_div_mean,0.0,0
5,f104_nyg_low_action_AMT_ANNUITY_s_app_AMT_CREDIT_pctchange_max,0.0,0
5,f104_nyg_low_action_AMT_ANNUITY_s_app_AMT_GOODS_PRICE_diff_min,2.821190118789673,1
5,f104_nyg_low_action_AMT_ANNUITY_s_app_AMT_GOODS_PRICE_pctchange_min,12.880900382995605,1
5,f104_nyg_low_action_AMT_ANNUITY_s_app_AMT_GOODS_PRICE_min,95.64001083374023,12
5,f104_nyg_low_action_AMT_ANNUITY_s_app_AMT_GOODS_PRICE_pctchange_mean,3.6606600284576416,1
5,f104_nyg_low_action_AMT_ANNUITY_s_app_AMT_INCOME_TOTAL_diff_std_div_mean,0.0,0
5,f104_nyg_low_action_AMT_ANNUITY_s_app_AMT_INCOME_TOTAL_diff_std,0.0,0
5,f104_nyg_low_action_AMT_ANNUITY_s_app_AMT_GOODS_PRICE_diff_mean,0.0,0
5,f104_nyg_low_action_AMT_ANNUITY_s_app_AMT_GOODS_PRICE_mean,129.86783075332642,15
5,f104_nyg_low_action_AMT_ANNUITY_s_app_AMT_GOODS_PRICE_max,90.14936017990112,9
5,f104_nyg_low_action_AMT_ANNUITY_s_app_AMT_GOODS_PRICE_std,0.0,0
5,f104_nyg_low_action_AMT_ANNUITY_s_app_AMT_GOODS_PRICE_std_div_mean,0.0,0
5,f104_nyg_low_action_AMT_ANNUITY_s_app_AMT_GOODS_PRICE_pctchange_max,14.416009902954102,2
5,f104_nyg_low_action_AMT_ANNUITY_s_app_AMT_INCOME_TOTAL_diff_min,0.0,0
5,f104_nyg_low_action_AMT_ANNUITY_s_app_AMT_INCOME_TOTAL_diff_mean,0.0,0
5,f104_nyg_low_action_AMT_ANNUITY_s_app_AMT_INCOME_TOTAL_diff_max,0.0,0
5,f104_nyg_low_action_AMT_ANNUITY_s_app_AMT_INCOME_TOTAL_pctchange_std,0.0,0
5,f104_nyg_low_action_AMT_ANNUITY_s_app_AMT_INCOME_TOTAL_std_div_mean,0.0,0
5,f104_nyg_low_action_AMT_APPLICATION_d_app_AMT_ANNUITY_diff_std,0.0,0
5,f104_nyg_low_action_AMT_ANNUITY_std,0.0,0
5,f104_nyg_low_action_AMT_ANNUITY_s_app_AMT_INCOME_TOTAL_std,0.0,0
5,f104_nyg_low_action_AMT_APPLICATION_d_app_AMT_ANNUITY_diff_max,36.03873014450073,5
5,f104_nyg_low_action_AMT_APPLICATION_d_app_AMT_ANNUITY_pctchange_std_div_mean,0.0,0
5,f104_nyg_low_action_AMT_APPLICATION_d_app_AMT_ANNUITY_diff_mean,34.827499866485596,4
5,f104_nyg_low_action_AMT_APPLICATION_d_app_AMT_ANNUITY_pctchange_std,0.0,0
5,f104_nyg_low_action_AMT_APPLICATION_d_app_AMT_ANNUITY_max,51.71849012374878,4
5,f104_nyg_low_action_AMT_APPLICATION_d_app_AMT_ANNUITY_min,54.16157865524292,6
5,f104_nyg_low_action_AMT_APPLICATION_d_app_AMT_CREDIT_diff_std,0.0,0
5,f104_nyg_low_action_AMT_APPLICATION_d_app_AMT_ANNUITY_mean,39.039050579071045,5
5,f104_nyg_low_action_AMT_APPLICATION_d_app_AMT_ANNUITY_std_div_mean,0.0,0
5,f104_nyg_low_action_AMT_APPLICATION_d_app_AMT_CREDIT_pctchange_std_div_mean,0.0,0
5,f104_nyg_low_action_AMT_APPLICATION_d_app_AMT_CREDIT_diff_max,60.88669967651367,9
5,f104_nyg_low_action_AMT_APPLICATION_d_app_AMT_CREDIT_max,38.613879680633545,6
5,f104_nyg_low_action_AMT_APPLICATION_d_app_AMT_CREDIT_mean,25.252920150756836,4
5,f104_nyg_low_action_AMT_APPLICATION_d_app_AMT_CREDIT_std_div_mean,0.0,0
5,f104_nyg_low_action_AMT_APPLICATION_d_app_AMT_CREDIT_pctchange_std,0.0,0
5,f104_nyg_low_action_AMT_APPLICATION_d_app_AMT_GOODS_PRICE_diff_std,0.0,0
5,f104_nyg_low_action_AMT_APPLICATION_d_app_AMT_CREDIT_min,22.3407301902771,3
5,f104_nyg_low_action_AMT_APPLICATION_d_app_AMT_GOODS_PRICE_mean,56.074570655822754,7
5,f104_nyg_low_action_AMT_APPLICATION_d_app_AMT_GOODS_PRICE_std,0.0,0
5,f104_nyg_low_action_AMT_APPLICATION_d_app_AMT_GOODS_PRICE_std_div_mean,0.0,0
5,f104_nyg_low_action_AMT_APPLICATION_d_app_AMT_GOODS_PRICE_pctchange_std,0.0,0
5,f104_nyg_low_action_AMT_APPLICATION_d_app_AMT_GOODS_PRICE_min,37.56158995628357,6
5,f104_nyg_low_action_AMT_APPLICATION_d_app_AMT_GOODS_PRICE_pctchange_std_div_mean,0.0,0
5,f104_nyg_low_action_AMT_APPLICATION_d_app_AMT_GOODS_PRICE_max,58.798579692840576,6
5,f104_nyg_low_action_AMT_APPLICATION_d_app_AMT_INCOME_TOTAL_diff_mean,42.34669065475464,5
5,f104_nyg_low_action_AMT_APPLICATION_d_app_AMT_INCOME_TOTAL_diff_std,0.0,0
5,f104_nyg_low_action_AMT_APPLICATION_d_app_AMT_INCOME_TOTAL_diff_min,27.416099548339844,4
5,f104_nyg_low_action_AMT_APPLICATION_d_app_AMT_INCOME_TOTAL_diff_max,26.499279975891113,4
5,f104_nyg_low_action_AMT_APPLICATION_d_app_AMT_INCOME_TOTAL_max,51.92369031906128,6
5,f104_nyg_low_action_AMT_APPLICATION_m_app_AMT_GOODS_PRICE_d_app_AMT_INCOME_TOTAL_diff_std,0.0,0
5,f104_nyg_low_action_AMT_APPLICATION_d_app_AMT_INCOME_TOTAL_std_div_mean,0.0,0
5,f104_nyg_low_action_AMT_APPLICATION_d_app_AMT_INCOME_TOTAL_pctchange_std,0.0,0
5,f104_nyg_low_action_AMT_APPLICATION_d_app_AMT_INCOME_TOTAL_min,78.50097990036011,10
5,f104_nyg_low_action_AMT_APPLICATION_d_app_AMT_INCOME_TOTAL_std,0.0,0
5,f104_nyg_low_action_AMT_APPLICATION_d_app_AMT_INCOME_TOTAL_pctchange_std_div_mean,0.0,0
5,f104_nyg_low_action_AMT_APPLICATION_m_app_AMT_GOODS_PRICE_d_app_AMT_INCOME_TOTAL_diff_min,0.0,0
5,f104_nyg_low_action_AMT_APPLICATION_m_app_AMT_GOODS_PRICE_d_app_AMT_INCOME_TOTAL_std,0.0,0
5,f104_nyg_low_action_AMT_APPLICATION_m_app_AMT_GOODS_PRICE_d_app_AMT_INCOME_TOTAL_pctchange_std,0.0,0
5,f104_nyg_low_action_AMT_APPLICATION_m_app_AMT_GOODS_PRICE_d_app_AMT_INCOME_TOTAL_diff_mean,0.0,0
5,f104_nyg_low_action_AMT_APPLICATION_m_app_AMT_GOODS_PRICE_d_app_AMT_INCOME_TOTAL_diff_max,17.554609775543213,3
5,f104_nyg_low_action_AMT_APPLICATION_d_app_AMT_INCOME_TOTAL_mean,50.4819700717926,7
5,f104_nyg_low_action_AMT_APPLICATION_s_app_AMT_ANNUITY_d_app_AMT_INCOME_TOTAL_diff_std,0.0,0
5,f104_nyg_low_action_AMT_APPLICATION_min,78.46047925949097,10
5,f104_nyg_low_action_AMT_APPLICATION_max,80.20690965652466,9
5,f104_nyg_low_action_AMT_APPLICATION_s_app_AMT_ANNUITY_d_app_AMT_INCOME_TOTAL_diff_mean,0.0,0
5,f104_nyg_low_action_AMT_APPLICATION_s_app_AMT_ANNUITY_d_app_AMT_INCOME_TOTAL_diff_max,0.0,0
5,f104_nyg_low_action_AMT_APPLICATION_s_app_AMT_ANNUITY_d_app_AMT_INCOME_TOTAL_diff_min,0.0,0
5,f104_nyg_low_action_AMT_APPLICATION_mean,114.91369009017944,14
5,f104_nyg_low_action_AMT_APPLICATION_s_app_AMT_ANNUITY_d_app_AMT_INCOME_TOTAL_pctchange_std,0.0,0
5,f104_nyg_low_action_AMT_APPLICATION_s_app_AMT_ANNUITY_d_app_AMT_INCOME_TOTAL_std,0.0,0
5,f104_nyg_low_action_AMT_APPLICATION_s_app_AMT_ANNUITY_d_app_AMT_INCOME_TOTAL_min,60.05541944503784,7
5,f104_nyg_low_action_AMT_APPLICATION_s_app_AMT_ANNUITY_diff_std,0.0,0
5,f104_nyg_low_action_AMT_APPLICATION_s_app_AMT_ANNUITY_d_app_AMT_INCOME_TOTAL_max,57.03574991226196,7
5,f104_nyg_low_action_AMT_APPLICATION_s_app_AMT_ANNUITY_d_app_AMT_INCOME_TOTAL_pctchange_std_div_mean,0.0,0
5,f104_nyg_low_action_AMT_APPLICATION_s_app_AMT_ANNUITY_pctchange_std,0.0,0
5,f104_nyg_low_action_AMT_APPLICATION_s_app_AMT_ANNUITY_diff_min,35.214900493621826,4
5,f104_nyg_low_action_AMT_APPLICATION_s_app_AMT_ANNUITY_d_app_AMT_INCOME_TOTAL_mean,61.24317026138306,6
5,f104_nyg_low_action_AMT_APPLICATION_s_app_AMT_ANNUITY_diff_mean,19.163389682769775,3
5,f104_nyg_low_action_AMT_APPLICATION_s_app_AMT_ANNUITY_mean,72.53423118591309,8
5,f104_nyg_low_action_AMT_APPLICATION_s_app_AMT_CREDIT_d_app_AMT_INCOME_TOTAL_diff_max,13.322390079498291,2
5,f104_nyg_low_action_AMT_APPLICATION_s_app_AMT_ANNUITY_diff_max,27.08666968345642,4
5,f104_nyg_low_action_AMT_APPLICATION_s_app_AMT_CREDIT_d_app_AMT_INCOME_TOTAL_diff_std,0.0,0
5,f104_nyg_low_action_AMT_APPLICATION_s_app_AMT_ANNUITY_max,79.7550892829895,10
5,f104_nyg_low_action_AMT_APPLICATION_s_app_AMT_ANNUITY_std,0.0,0
5,f104_nyg_low_action_AMT_APPLICATION_s_app_AMT_ANNUITY_min,101.04613876342773,11
5,f104_nyg_low_action_AMT_APPLICATION_s_app_AMT_ANNUITY_pctchange_std_div_mean,0.0,0
5,f104_nyg_low_action_AMT_APPLICATION_s_app_AMT_CREDIT_d_app_AMT_INCOME_TOTAL_std,0.0,0
5,f104_nyg_low_action_AMT_APPLICATION_s_app_AMT_CREDIT_d_app_AMT_INCOME_TOTAL_max,50.63641023635864,5
5,f104_nyg_low_action_AMT_APPLICATION_s_app_AMT_CREDIT_d_app_AMT_INCOME_TOTAL_mean,35.83850049972534,5
5,f104_nyg_low_action_AMT_APPLICATION_s_app_AMT_CREDIT_d_app_AMT_INCOME_TOTAL_pctchange_std,0.0,0
5,f104_nyg_low_action_AMT_APPLICATION_s_app_AMT_CREDIT_d_app_AMT_INCOME_TOTAL_diff_min,0.0,0
5,f104_nyg_low_action_AMT_APPLICATION_s_app_AMT_CREDIT_d_app_AMT_INCOME_TOTAL_diff_mean,5.504270076751709,1
5,f104_nyg_low_action_AMT_APPLICATION_s_app_AMT_CREDIT_d_app_AMT_INCOME_TOTAL_min,29.4618399143219,5
5,f104_nyg_low_action_AMT_APPLICATION_s_app_AMT_CREDIT_diff_std,0.0,0
5,f104_nyg_low_action_AMT_APPLICATION_s_app_AMT_CREDIT_diff_mean,0.0,0
5,f104_nyg_low_action_AMT_APPLICATION_s_app_AMT_CREDIT_diff_min,0.0,0
5,f104_nyg_low_action_AMT_APPLICATION_s_app_AMT_CREDIT_std,0.0,0
5,f104_nyg_low_action_AMT_APPLICATION_s_app_AMT_GOODS_PRICE_diff_std,0.0,0
5,f104_nyg_low_action_AMT_APPLICATION_s_app_AMT_CREDIT_pctchange_std,0.0,0
5,f104_nyg_low_action_AMT_APPLICATION_s_app_AMT_GOODS_PRICE_diff_max,23.21341037750244,3
5,f104_nyg_low_action_AMT_APPLICATION_s_app_AMT_GOODS_PRICE_diff_mean,0.0,0
5,f104_nyg_low_action_AMT_APPLICATION_s_app_AMT_CREDIT_diff_max,7.229179859161377,1
5,f104_nyg_low_action_AMT_APPLICATION_s_app_AMT_GOODS_PRICE_pctchange_std,0.0,0
5,f104_nyg_low_action_AMT_APPLICATION_s_app_AMT_GOODS_PRICE_std,0.0,0
5,f104_nyg_low_action_AMT_APPLICATION_s_app_AMT_GOODS_PRICE_diff_min,0.0,0
5,f104_nyg_low_action_AMT_APPLICATION_s_app_AMT_INCOME_TOTAL_diff_max,0.0,0
5,f104_nyg_low_action_AMT_APPLICATION_s_app_AMT_INCOME_TOTAL_diff_std,0.0,0
5,f104_nyg_low_action_AMT_APPLICATION_s_app_AMT_INCOME_TOTAL_diff_mean,0.0,0
5,f104_nyg_low_action_AMT_APPLICATION_s_app_AMT_INCOME_TOTAL_min,52.87703990936279,7
5,f104_nyg_low_action_AMT_APPLICATION_s_app_AMT_INCOME_TOTAL_std,0.0,0
5,f104_nyg_low_action_AMT_APPLICATION_std_div_mean,0.0,0
5,f104_nyg_low_action_AMT_APPLICATION_s_app_AMT_INCOME_TOTAL_max,17.84507989883423,3
5,f104_nyg_low_action_AMT_APPLICATION_s_app_AMT_INCOME_TOTAL_diff_min,0.0,0
5,f104_nyg_low_action_AMT_APPLICATION_s_app_AMT_INCOME_TOTAL_mean,42.510589599609375,5
5,f104_nyg_low_action_AMT_APPLICATION_s_app_AMT_INCOME_TOTAL_pctchange_std,0.0,0
5,f104_nyg_low_action_AMT_APPLICATION_std,0.0,0
5,f104_nyg_low_action_AMT_CREDIT_d_AMT_ANNUITY_diff_std,0.0,0
5,f104_nyg_low_action_AMT_CREDIT_d_AMT_ANNUITY_pctchange_std,0.0,0
5,f104_nyg_low_action_AMT_CREDIT_d_AMT_ANNUITY_diff_min,73.0558500289917,10
5,f104_nyg_low_action_AMT_CREDIT_d_AMT_APPLICATION_diff_min,56.68117046356201,7
5,f104_nyg_low_action_AMT_CREDIT_d_AMT_APPLICATION_pctchange_std,0.0,0
5,f104_nyg_low_action_AMT_CREDIT_d_AMT_APPLICATION_diff_mean,31.74513006210327,5
5,f104_nyg_low_action_AMT_CREDIT_d_AMT_APPLICATION_diff_max,29.883270263671875,4
5,f104_nyg_low_action_AMT_CREDIT_d_AMT_APPLICATION_std_div_mean,11.709400177001953,1
5,f104_nyg_low_action_AMT_CREDIT_d_AMT_APPLICATION_pctchange_max,43.62238931655884,6
5,f104_nyg_low_action_AMT_CREDIT_d_AMT_APPLICATION_min,222.2608618736267,20
5,f104_nyg_low_action_AMT_CREDIT_d_AMT_APPLICATION_mean,154.8747696876526,14
5,f104_nyg_low_action_AMT_CREDIT_d_AMT_APPLICATION_pctchange_mean,35.20726990699768,6
5,f104_nyg_low_action_AMT_CREDIT_d_app_AMT_ANNUITY_diff_std,0.0,0
5,f104_nyg_low_action_AMT_CREDIT_d_AMT_APPLICATION_max,258.24691104888916,18
5,f104_nyg_low_action_AMT_CREDIT_d_app_AMT_ANNUITY_diff_std_div_mean,0.0,0
5,f104_nyg_low_action_AMT_CREDIT_d_app_AMT_ANNUITY_pctchange_std,0.0,0
5,f104_nyg_low_action_AMT_CREDIT_d_AMT_APPLICATION_std,0.0,0
5,f104_nyg_low_action_AMT_CREDIT_d_AMT_APPLICATION_pctchange_min,27.499850034713745,6
5,f104_nyg_low_action_AMT_CREDIT_d_app_AMT_CREDIT_diff_std,0.0,0
5,f104_nyg_low_action_AMT_CREDIT_d_app_AMT_CREDIT_diff_std_div_mean,0.0,0
5,f104_nyg_low_action_AMT_CREDIT_d_app_AMT_ANNUITY_mean,96.20718717575073,9
5,f104_nyg_low_action_AMT_CREDIT_d_app_AMT_ANNUITY_min,43.74348026514053,6
5,f104_nyg_low_action_AMT_CREDIT_d_app_AMT_ANNUITY_max,21.777289867401123,3
5,f104_nyg_low_action_AMT_CREDIT_d_app_AMT_GOODS_PRICE_diff_std,0.0,0
5,f104_nyg_low_action_AMT_CREDIT_d_app_AMT_GOODS_PRICE_pctchange_std,0.0,0
5,f104_nyg_low_action_AMT_CREDIT_d_app_AMT_CREDIT_mean,14.920190453529358,2
5,f104_nyg_low_action_AMT_CREDIT_d_app_AMT_CREDIT_pctchange_std,0.0,0
5,f104_nyg_low_action_AMT_CREDIT_d_app_AMT_CREDIT_max,112.67035961151123,11
5,f104_nyg_low_action_AMT_CREDIT_d_app_AMT_CREDIT_min,6.047210216522217,1
5,f104_nyg_low_action_AMT_CREDIT_d_app_AMT_GOODS_PRICE_mean,49.69997978210449,7
5,f104_nyg_low_action_AMT_CREDIT_d_app_AMT_GOODS_PRICE_diff_std_div_mean,0.0,0
5,f104_nyg_low_action_AMT_CREDIT_d_app_AMT_GOODS_PRICE_min,105.83868980407715,11
6,f104_nyg_low_action_AMT_CREDIT_d_total_debt_diff_std,0.0,0
6,f104_nyg_low_action_AMT_CREDIT_d_total_debt_pctchange_std,0.0,0
6,f104_nyg_low_action_AMT_CREDIT_d_total_debt_diff_std_div_mean,0.0,0
6,f104_nyg_low_action_AMT_CREDIT_d_app_AMT_INCOME_TOTAL_diff_std_div_mean,0.0,0
6,f104_nyg_low_action_AMT_CREDIT_d_app_AMT_INCOME_TOTAL_std,0.0,0
6,f104_nyg_low_action_AMT_CREDIT_d_app_AMT_INCOME_TOTAL_pctchange_std,0.0,0
6,f104_nyg_low_action_AMT_CREDIT_d_app_AMT_INCOME_TOTAL_diff_std,0.0,0
6,f104_nyg_low_action_AMT_CREDIT_d_app_AMT_INCOME_TOTAL_mean,98.16553962230682,12
6,f104_nyg_low_action_AMT_CREDIT_d_total_debt_diff_min,57.51984494924545,10
6,f104_nyg_low_action_AMT_CREDIT_d_app_AMT_INCOME_TOTAL_max,24.878649711608887,5
6,f104_nyg_low_action_AMT_CREDIT_d_total_debt_diff_max,120.48868107795715,15
6,f104_nyg_low_action_AMT_CREDIT_d_total_debt_pctchange_mean,82.69456338882446,11
6,f104_nyg_low_action_AMT_CREDIT_d_total_debt_std_div_mean,0.0,0
6,f104_nyg_low_action_AMT_CREDIT_m_app_AMT_GOODS_PRICE_d_app_AMT_INCOME_TOTAL_diff_std,0.0,0
6,f104_nyg_low_action_AMT_CREDIT_m_app_AMT_GOODS_PRICE_d_app_AMT_INCOME_TOTAL_diff_std_div_mean,0.0,0
6,f104_nyg_low_action_AMT_CREDIT_d_total_debt_diff_mean,38.01266002655029,8
6,f104_nyg_low_action_AMT_CREDIT_d_total_debt_pctchange_max,46.09405779838562,7
6,f104_nyg_low_action_AMT_CREDIT_d_total_debt_pctchange_min,26.584590196609497,4
6,f104_nyg_low_action_AMT_CREDIT_m_app_AMT_GOODS_PRICE_d_app_AMT_INCOME_TOTAL_std,0.0,0
6,f104_nyg_low_action_AMT_CREDIT_m_app_AMT_GOODS_PRICE_d_app_AMT_INCOME_TOTAL_pctchange_std,0.0,0
6,f104_nyg_low_action_AMT_CREDIT_d_total_debt_std,0.0,0
6,f104_nyg_low_action_AMT_CREDIT_m_app_AMT_GOODS_PRICE_d_app_AMT_INCOME_TOTAL_pctchange_min,107.31573075056076,20
6,f104_nyg_low_action_AMT_CREDIT_s_app_AMT_ANNUITY_d_app_AMT_INCOME_TOTAL_diff_std,0.0,0
6,f104_nyg_low_action_AMT_CREDIT_max,50.68364796042442,10
6,f104_nyg_low_action_AMT_CREDIT_s_app_AMT_ANNUITY_d_app_AMT_INCOME_TOTAL_pctchange_std,0.0,0
6,f104_nyg_low_action_AMT_CREDIT_s_app_AMT_ANNUITY_diff_std,0.0,0
6,f104_nyg_low_action_AMT_CREDIT_s_app_AMT_ANNUITY_d_app_AMT_INCOME_TOTAL_diff_std_div_mean,0.0,0
6,f104_nyg_low_action_AMT_CREDIT_mean,85.86177980899811,12
6,f104_nyg_low_action_AMT_CREDIT_min,49.14106893539429,6
6,f104_nyg_low_action_AMT_CREDIT_s_app_AMT_ANNUITY_d_app_AMT_INCOME_TOTAL_mean,63.45335900783539,11
6,f104_nyg_low_action_AMT_CREDIT_s_app_AMT_ANNUITY_d_app_AMT_INCOME_TOTAL_std,0.0,0
6,f104_nyg_low_action_AMT_CREDIT_s_app_AMT_ANNUITY_diff_std_div_mean,0.0,0
6,f104_nyg_low_action_AMT_CREDIT_s_app_AMT_ANNUITY_max,110.5878185480833,11
6,f104_nyg_low_action_AMT_CREDIT_s_app_AMT_ANNUITY_d_app_AMT_INCOME_TOTAL_max,77.98437023162842,12
6,f104_nyg_low_action_AMT_CREDIT_s_app_AMT_ANNUITY_std,0.0,0
6,f104_nyg_low_action_AMT_CREDIT_s_app_AMT_ANNUITY_pctchange_std,0.0,0
6,f104_nyg_low_action_AMT_CREDIT_s_app_AMT_CREDIT_d_app_AMT_INCOME_TOTAL_diff_std,0.0,0
6,f104_nyg_low_action_AMT_CREDIT_s_app_AMT_ANNUITY_mean,71.84598186612129,11
6,f104_nyg_low_action_AMT_CREDIT_s_app_AMT_CREDIT_d_app_AMT_INCOME_TOTAL_mean,53.08240044116974,9
6,f104_nyg_low_action_AMT_CREDIT_s_app_AMT_CREDIT_d_app_AMT_INCOME_TOTAL_diff_std_div_mean,0.0,0
6,f104_nyg_low_action_AMT_CREDIT_s_app_AMT_ANNUITY_min,79.21362960338593,13
6,f104_nyg_low_action_AMT_CREDIT_s_app_AMT_CREDIT_d_app_AMT_INCOME_TOTAL_pctchange_std,0.0,0
6,f104_nyg_low_action_AMT_CREDIT_s_app_AMT_CREDIT_diff_std_div_mean,0.0,0
6,f104_nyg_low_action_AMT_CREDIT_s_app_AMT_CREDIT_d_app_AMT_INCOME_TOTAL_std,0.0,0
6,f104_nyg_low_action_AMT_CREDIT_s_app_AMT_CREDIT_diff_std,0.0,0
6,f104_nyg_low_action_AMT_CREDIT_s_app_AMT_GOODS_PRICE_diff_std,0.0,0
6,f104_nyg_low_action_AMT_CREDIT_s_app_AMT_INCOME_TOTAL_diff_std,0.0,0
6,f104_nyg_low_action_AMT_CREDIT_s_app_AMT_CREDIT_pctchange_std,0.0,0
6,f104_nyg_low_action_AMT_CREDIT_s_app_AMT_CREDIT_d_app_AMT_INCOME_TOTAL_max,22.8516902923584,4
6,f104_nyg_low_action_AMT_CREDIT_s_app_AMT_CREDIT_std,0.0,0
6,f104_nyg_low_action_AMT_CREDIT_s_app_AMT_GOODS_PRICE_pctchange_std,0.0,0
6,f104_nyg_low_action_AMT_CREDIT_s_app_AMT_GOODS_PRICE_diff_std_div_mean,0.0,0
6,f104_nyg_low_action_AMT_CREDIT_s_app_AMT_INCOME_TOTAL_pctchange_std,0.0,0
6,f104_nyg_low_action_AMT_CREDIT_s_app_AMT_GOODS_PRICE_std,0.0,0
6,f104_nyg_low_action_AMT_CREDIT_s_app_AMT_INCOME_TOTAL_diff_std_div_mean,0.0,0
6,f104_nyg_low_action_AMT_CREDIT_s_app_AMT_GOODS_PRICE_pctchange_min,28.450452614575624,6
6,f104_nyg_low_action_AMT_DOWN_PAYMENT_d_AMT_GOODS_PRICE_diff_std,0.0,0
6,f104_nyg_low_action_AMT_CREDIT_s_app_AMT_INCOME_TOTAL_std,0.0,0
6,f104_nyg_low_action_AMT_CREDIT_std,0.0,0
6,f104_nyg_low_action_AMT_CREDIT_s_app_AMT_INCOME_TOTAL_mean,35.20842003822327,7
6,f104_nyg_low_action_AMT_DOWN_PAYMENT_d_AMT_GOODS_PRICE_diff_max,14.357870101928711,2
6,f104_nyg_low_action_AMT_DOWN_PAYMENT_d_AMT_GOODS_PRICE_pctchange_std,0.0,0
6,f104_nyg_low_action_AMT_DOWN_PAYMENT_d_AMT_GOODS_PRICE_diff_min,23.802989721298218,5
6,f104_nyg_low_action_AMT_DOWN_PAYMENT_d_AMT_GOODS_PRICE_diff_std_div_mean,0.0,0
6,f104_nyg_low_action_AMT_CREDIT_s_app_AMT_INCOME_TOTAL_max,15.82635785639286,3
6,f104_nyg_low_action_AMT_DOWN_PAYMENT_d_AMT_GOODS_PRICE_max_div_min,0.0,0
6,f104_nyg_low_action_AMT_DOWN_PAYMENT_d_AMT_GOODS_PRICE_pctchange_std_div_mean,0.0,0
6,f104_nyg_low_action_AMT_DOWN_PAYMENT_d_AMT_GOODS_PRICE_diff_mean,28.600549936294556,4
6,f104_nyg_low_action_AMT_DOWN_PAYMENT_d_AMT_GOODS_PRICE_max,0.0,0
6,f104_nyg_low_action_AMT_DOWN_PAYMENT_d_AMT_GOODS_PRICE_std_div_mean,0.0,0
6,f104_nyg_low_action_AMT_DOWN_PAYMENT_d_AMT_GOODS_PRICE_min,0.0,0
6,f104_nyg_low_action_AMT_DOWN_PAYMENT_max_div_min,0.0,0
6,f104_nyg_low_action_AMT_DOWN_PAYMENT_std_div_mean,0.0,0
6,f104_nyg_low_action_AMT_DOWN_PAYMENT_std,0.0,0
6,f104_nyg_low_action_AMT_DOWN_PAYMENT_d_AMT_GOODS_PRICE_std,0.0,0
6,f104_nyg_low_action_AMT_GOODS_PRICE_d_AMT_ANNUITY_diff_std_div_mean,0.0,0
6,f104_nyg_low_action_AMT_DOWN_PAYMENT_d_AMT_GOODS_PRICE_mean,0.0,0
6,f104_nyg_low_action_AMT_GOODS_PRICE_d_AMT_ANNUITY_diff_std,0.0,0
6,f104_nyg_low_action_AMT_GOODS_PRICE_d_AMT_ANNUITY_pctchange_std,0.0,0
6,f104_nyg_low_action_AMT_GOODS_PRICE_d_AMT_ANNUITY_pctchange_min,130.6475459486246,20
6,f104_nyg_low_action_AMT_GOODS_PRICE_d_AMT_ANNUITY_diff_min,30.63145399093628,7
6,f104_nyg_low_action_AMT_GOODS_PRICE_d_AMT_CREDIT_diff_std,0.0,0
6,f104_nyg_low_action_AMT_GOODS_PRICE_d_AMT_CREDIT_diff_mean,73.1491289138794,10
6,f104_nyg_low_action_AMT_GOODS_PRICE_d_AMT_CREDIT_pctchange_max,49.04122906923294,10
6,f104_nyg_low_action_AMT_GOODS_PRICE_d_AMT_CREDIT_diff_max,21.669919729232788,6
6,f104_nyg_low_action_AMT_GOODS_PRICE_d_AMT_CREDIT_diff_min,66.53053876757622,11
6,f104_nyg_low_action_AMT_GOODS_PRICE_d_AMT_CREDIT_std,0.0,0
6,f104_nyg_low_action_AMT_GOODS_PRICE_d_app_AMT_ANNUITY_diff_std,0.0,0
6,f104_nyg_low_action_AMT_GOODS_PRICE_d_AMT_CREDIT_std_div_mean,8.60105037689209,1
6,f104_nyg_low_action_AMT_GOODS_PRICE_d_AMT_CREDIT_pctchange_mean,53.78387975692749,7
6,f104_nyg_low_action_AMT_GOODS_PRICE_d_AMT_CREDIT_pctchange_std,0.0,0
6,f104_nyg_low_action_AMT_GOODS_PRICE_d_app_AMT_ANNUITY_pctchange_std,0.0,0
6,f104_nyg_low_action_AMT_GOODS_PRICE_d_app_AMT_ANNUITY_min,99.75521087646484,18
6,f104_nyg_low_action_AMT_GOODS_PRICE_d_AMT_CREDIT_pctchange_min,70.26696589589119,15
6,f104_nyg_low_action_AMT_GOODS_PRICE_d_app_AMT_ANNUITY_pctchange_std_div_mean,0.0,0
6,f104_nyg_low_action_AMT_GOODS_PRICE_d_app_AMT_CREDIT_diff_std,0.0,0
6,f104_nyg_low_action_AMT_GOODS_PRICE_d_app_AMT_ANNUITY_mean,97.34434349089861,15
6,f104_nyg_low_action_AMT_GOODS_PRICE_d_app_AMT_ANNUITY_max,21.11264944076538,3
6,f104_nyg_low_action_AMT_GOODS_PRICE_d_app_AMT_CREDIT_pctchange_std,0.0,0
6,f104_nyg_low_action_AMT_GOODS_PRICE_d_app_AMT_CREDIT_pctchange_std_div_mean,0.0,0
6,f104_nyg_low_action_AMT_GOODS_PRICE_d_app_AMT_GOODS_PRICE_diff_std,0.0,0
6,f104_nyg_low_action_AMT_GOODS_PRICE_d_app_AMT_ANNUITY_std_div_mean,0.0,0
6,f104_nyg_low_action_AMT_GOODS_PRICE_d_app_AMT_CREDIT_max,59.992250204086304,8
6,f104_nyg_low_action_AMT_GOODS_PRICE_d_app_AMT_CREDIT_min,54.20728921890259,8
6,f104_nyg_low_action_AMT_GOODS_PRICE_d_app_AMT_CREDIT_std_div_mean,0.0,0
6,f104_nyg_low_action_AMT_GOODS_PRICE_d_app_AMT_INCOME_TOTAL_diff_max,21.901020050048828,4
6,f104_nyg_low_action_AMT_GOODS_PRICE_d_app_AMT_GOODS_PRICE_mean,31.346312686800957,8
6,f104_nyg_low_action_AMT_GOODS_PRICE_d_app_AMT_GOODS_PRICE_max,119.63058996200562,14
6,f104_nyg_low_action_AMT_GOODS_PRICE_d_app_AMT_GOODS_PRICE_pctchange_std,0.0,0
6,f104_nyg_low_action_AMT_GOODS_PRICE_d_app_AMT_CREDIT_mean,85.76390027999878,8
6,f104_nyg_low_action_AMT_GOODS_PRICE_d_app_AMT_GOODS_PRICE_pctchange_std_div_mean,0.0,0
6,f104_nyg_low_action_AMT_GOODS_PRICE_d_app_AMT_GOODS_PRICE_std,0.0,0
6,f104_nyg_low_action_AMT_GOODS_PRICE_d_app_AMT_INCOME_TOTAL_diff_std,0.0,0
6,f104_nyg_low_action_AMT_GOODS_PRICE_d_app_AMT_GOODS_PRICE_std_div_mean,0.0,0
6,f104_nyg_low_action_AMT_GOODS_PRICE_d_app_AMT_GOODS_PRICE_min,159.39325058460236,21
6,f104_nyg_low_action_AMT_GOODS_PRICE_d_app_AMT_INCOME_TOTAL_max,60.06675910949707,6
6,f104_nyg_low_action_AMT_GOODS_PRICE_d_app_AMT_INCOME_TOTAL_min,70.48244993388653,12
6,f104_nyg_low_action_AMT_GOODS_PRICE_d_app_AMT_INCOME_TOTAL_mean,25.40642386674881,5
6,f104_nyg_low_action_AMT_GOODS_PRICE_d_app_AMT_INCOME_TOTAL_std_div_mean,0.0,0
6,f104_nyg_low_action_AMT_GOODS_PRICE_d_app_AMT_INCOME_TOTAL_pctchange_std_div_mean,0.0,0
6,f104_nyg_low_action_AMT_GOODS_PRICE_d_app_AMT_INCOME_TOTAL_std,0.0,0
6,f104_nyg_low_action_AMT_GOODS_PRICE_d_app_AMT_INCOME_TOTAL_pctchange_std,0.0,0
6,f104_nyg_low_action_AMT_GOODS_PRICE_d_total_debt_diff_max,40.47809982299805,8
6,f104_nyg_low_action_AMT_GOODS_PRICE_d_app_AMT_INCOME_TOTAL_diff_mean,50.82571983337402,10
6,f104_nyg_low_action_AMT_GOODS_PRICE_d_total_debt_diff_mean,16.842549920082092,4
6,f104_nyg_low_action_AMT_GOODS_PRICE_d_total_debt_pctchange_mean,51.77411985397339,8
6,f104_nyg_low_action_AMT_GOODS_PRICE_d_total_debt_diff_min,11.89484977722168,2
6,f104_nyg_low_action_AMT_GOODS_PRICE_d_total_debt_pctchange_std,0.0,0
6,f104_nyg_low_action_AMT_GOODS_PRICE_m_app_AMT_GOODS_PRICE_d_app_AMT_INCOME_TOTAL_pctchange_std,0.0,0
6,f104_nyg_low_action_AMT_GOODS_PRICE_d_total_debt_pctchange_min,24.95869016647339,4
6,f104_nyg_low_action_AMT_GOODS_PRICE_m_app_AMT_GOODS_PRICE_d_app_AMT_INCOME_TOTAL_diff_max,9.929600238800049,2
6,f104_nyg_low_action_AMT_GOODS_PRICE_m_app_AMT_GOODS_PRICE_d_app_AMT_INCOME_TOTAL_diff_std,0.0,0
6,f104_nyg_low_action_AMT_GOODS_PRICE_d_total_debt_pctchange_max,34.501540184020996,4
6,f104_nyg_low_action_AMT_GOODS_PRICE_m_app_AMT_GOODS_PRICE_d_app_AMT_INCOME_TOTAL_diff_mean,31.275019884109497,7
6,f104_nyg_low_action_AMT_GOODS_PRICE_mean,30.369879722595215,6
6,f104_nyg_low_action_AMT_GOODS_PRICE_s_app_AMT_ANNUITY_d_app_AMT_INCOME_TOTAL_diff_max,0.0,0
6,f104_nyg_low_action_AMT_GOODS_PRICE_m_app_AMT_GOODS_PRICE_d_app_AMT_INCOME_TOTAL_std,0.0,0
6,f104_nyg_low_action_AMT_GOODS_PRICE_min,71.6478645503521,10
6,f104_nyg_low_action_AMT_GOODS_PRICE_max,76.07311007380486,14
6,f104_nyg_low_action_AMT_GOODS_PRICE_s_app_AMT_ANNUITY_d_app_AMT_INCOME_TOTAL_diff_mean,19.20194959640503,2
6,f104_nyg_low_action_AMT_GOODS_PRICE_s_app_AMT_ANNUITY_d_app_AMT_INCOME_TOTAL_pctchange_std,0.0,0
6,f104_nyg_low_action_AMT_GOODS_PRICE_s_app_AMT_ANNUITY_d_app_AMT_INCOME_TOTAL_max,94.67203046381474,13
6,f104_nyg_low_action_AMT_GOODS_PRICE_s_app_AMT_ANNUITY_d_app_AMT_INCOME_TOTAL_diff_std,0.0,0
6,f104_nyg_low_action_AMT_GOODS_PRICE_s_app_AMT_ANNUITY_d_app_AMT_INCOME_TOTAL_min,50.87115955352783,7
6,f104_nyg_low_action_AMT_GOODS_PRICE_s_app_AMT_ANNUITY_d_app_AMT_INCOME_TOTAL_mean,93.23168939352036,15
6,f104_nyg_low_action_AMT_GOODS_PRICE_s_app_AMT_ANNUITY_diff_std,0.0,0
6,f104_nyg_low_action_AMT_GOODS_PRICE_s_app_AMT_ANNUITY_diff_mean,31.170799255371094,2
6,f104_nyg_low_action_AMT_GOODS_PRICE_s_app_AMT_ANNUITY_d_app_AMT_INCOME_TOTAL_std,0.0,0
6,f104_nyg_low_action_AMT_GOODS_PRICE_s_app_AMT_ANNUITY_d_app_AMT_INCOME_TOTAL_pctchange_std_div_mean,0.0,0
6,f104_nyg_low_action_AMT_GOODS_PRICE_s_app_AMT_ANNUITY_diff_max,8.118890047073364,2
6,f104_nyg_low_action_AMT_GOODS_PRICE_s_app_AMT_ANNUITY_min,97.74672257900238,8
6,f104_nyg_low_action_AMT_GOODS_PRICE_s_app_AMT_ANNUITY_pctchange_std,0.0,0
6,f104_nyg_low_action_AMT_GOODS_PRICE_s_app_AMT_ANNUITY_std,0.0,0
6,f104_nyg_low_action_AMT_GOODS_PRICE_s_app_AMT_ANNUITY_max,61.972738564014435,11
6,f104_nyg_low_action_AMT_GOODS_PRICE_s_app_AMT_ANNUITY_mean,58.40803098678589,8
6,f104_nyg_low_action_AMT_GOODS_PRICE_s_app_AMT_CREDIT_d_app_AMT_INCOME_TOTAL_diff_mean,0.0,0
6,f104_nyg_low_action_AMT_GOODS_PRICE_s_app_AMT_CREDIT_d_app_AMT_INCOME_TOTAL_diff_max,0.0,0
6,f104_nyg_low_action_AMT_GOODS_PRICE_s_app_AMT_CREDIT_d_app_AMT_INCOME_TOTAL_diff_std,0.0,0
6,f104_nyg_low_action_AMT_GOODS_PRICE_s_app_AMT_ANNUITY_pctchange_std_div_mean,0.0,0
6,f104_nyg_low_action_AMT_GOODS_PRICE_s_app_AMT_CREDIT_d_app_AMT_INCOME_TOTAL_std,0.0,0
6,f104_nyg_low_action_AMT_GOODS_PRICE_s_app_AMT_CREDIT_d_app_AMT_INCOME_TOTAL_min,124.55276507139206,17
6,f104_nyg_low_action_AMT_GOODS_PRICE_s_app_AMT_CREDIT_diff_std,0.0,0
6,f104_nyg_low_action_AMT_GOODS_PRICE_s_app_AMT_CREDIT_d_app_AMT_INCOME_TOTAL_max,99.10340738296509,14
6,f104_nyg_low_action_AMT_GOODS_PRICE_s_app_AMT_CREDIT_d_app_AMT_INCOME_TOTAL_pctchange_std,0.0,0
6,f104_nyg_low_action_AMT_GOODS_PRICE_s_app_AMT_CREDIT_d_app_AMT_INCOME_TOTAL_mean,30.882049918174744,6
6,f104_nyg_low_action_AMT_GOODS_PRICE_s_app_AMT_CREDIT_diff_max,15.09013032913208,2
6,f104_nyg_low_action_AMT_GOODS_PRICE_s_app_AMT_CREDIT_std,0.0,0
6,f104_nyg_low_action_AMT_GOODS_PRICE_s_app_AMT_CREDIT_diff_mean,15.628620147705078,3
6,f104_nyg_low_action_AMT_GOODS_PRICE_s_app_AMT_CREDIT_pctchange_std,0.0,0
6,f104_nyg_low_action_AMT_GOODS_PRICE_s_app_AMT_GOODS_PRICE_diff_max,1.3234000205993652,1
6,f104_nyg_low_action_AMT_GOODS_PRICE_s_app_AMT_GOODS_PRICE_diff_std,0.0,0
6,f104_nyg_low_action_AMT_GOODS_PRICE_s_app_AMT_GOODS_PRICE_pctchange_std,0.0,0
6,f104_nyg_low_action_AMT_GOODS_PRICE_s_app_AMT_GOODS_PRICE_std,0.0,0
6,f104_nyg_low_action_AMT_GOODS_PRICE_s_app_AMT_INCOME_TOTAL_diff_mean,9.182559967041016,1
6,f104_nyg_low_action_AMT_GOODS_PRICE_s_app_AMT_GOODS_PRICE_diff_mean,0.6526010036468506,1
6,f104_nyg_low_action_AMT_GOODS_PRICE_s_app_AMT_INCOME_TOTAL_diff_std,0.0,0
6,f104_nyg_low_action_AMT_GOODS_PRICE_s_app_AMT_INCOME_TOTAL_diff_max,0.0,0
6,f104_nyg_low_action_AMT_GOODS_PRICE_s_app_AMT_INCOME_TOTAL_max,39.70728015899658,7
6,f104_nyg_low_action_AMT_GOODS_PRICE_s_app_AMT_INCOME_TOTAL_pctchange_std,0.0,0
6,f104_nyg_low_action_AMT_GOODS_PRICE_s_app_AMT_INCOME_TOTAL_min,50.29917025566101,11
6,f104_nyg_low_action_AMT_GOODS_PRICE_s_app_AMT_INCOME_TOTAL_mean,20.116318106651306,4
6,f104_nyg_low_action_AMT_GOODS_PRICE_s_app_AMT_INCOME_TOTAL_std,0.0,0
6,f104_nyg_low_action_AMT_GOODS_PRICE_std,0.0,0
6,f104_nyg_low_action_AMT_GOODS_PRICE_std_div_mean,0.0,0
6,f104_nyg_low_action_CHANNEL_TYPE_AP___Cash_loan__mean,7.218050003051758,1
6,f104_nyg_low_action_CHANNEL_TYPE_Regional___Local_mean,147.0087480545044,15
6,f104_nyg_low_action_CHANNEL_TYPE_AP___Cash_loan__sum,0.0,0
6,f104_nyg_low_action_CHANNEL_TYPE_Credit_and_cash_offices_mean,0.0,0
6,f104_nyg_low_action_CODE_REJECT_REASON_HC_sum,34.95549964904785,3
6,f104_nyg_low_action_CODE_REJECT_REASON_XAP_mean,40.39466977119446,3
6,f104_nyg_low_action_CODE_REJECT_REASON_HC_mean,29.905730485916138,3
6,f104_nyg_low_action_CODE_REJECT_REASON_XAP_sum,0.0,0
6,f104_nyg_low_action_DAYS_DECISION_d_app_DAYS_BIRTH_mean,48.681315898895264,9
6,f104_nyg_low_action_CHANNEL_TYPE_Regional___Local_sum,76.64620018005371,9
6,f104_nyg_low_action_DAYS_DECISION_d_app_DAYS_BIRTH_max,68.37046867609024,12
6,f104_nyg_low_action_DAYS_DECISION_d_app_DAYS_BIRTH_min,100.39995741844177,17
6,f104_nyg_low_action_DAYS_DECISION_d_app_DAYS_ID_PUBLISH_std,8.837530136108398,1
6,f104_nyg_low_action_DAYS_DECISION_d_app_DAYS_EMPLOYED_std,0.0,0
6,f104_nyg_low_action_DAYS_DECISION_d_app_DAYS_REGISTRATION_std,0.0,0
6,f104_nyg_low_action_DAYS_DECISION_d_app_DAYS_REGISTRATION_max,53.81474983692169,8
6,f104_nyg_low_action_DAYS_DECISION_d_app_DAYS_LAST_PHONE_CHANGE_std,0.0,0
6,f104_nyg_low_action_DAYS_DECISION_d_app_DAYS_REGISTRATION_mean,9.24146592617035,3
6,f104_nyg_low_action_DAYS_DECISION_s_app_DAYS_EMPLOYED_mean,179.98336440324783,30
6,f104_nyg_low_action_DAYS_DECISION_d_app_DAYS_REGISTRATION_min,6.640272170305252,3
6,f104_nyg_low_action_DAYS_DECISION_s_app_DAYS_EMPLOYED_max,150.79490059614182,21
6,f104_nyg_low_action_DAYS_DECISION_s_app_DAYS_BIRTH_max,81.85889908671379,13
6,f104_nyg_low_action_DAYS_DECISION_s_app_DAYS_BIRTH_mean,31.716489911079407,8
6,f104_nyg_low_action_DAYS_DECISION_s_app_DAYS_LAST_PHONE_CHANGE_std_div_mean,0.0,0
6,f104_nyg_low_action_DAYS_DECISION_s_app_DAYS_BIRTH_min,10.718899965286255,2
6,f104_nyg_low_action_DAYS_DECISION_s_app_DAYS_EMPLOYED_min,63.15242910385132,7
6,f104_nyg_low_action_DAYS_DECISION_s_app_DAYS_LAST_PHONE_CHANGE_max,55.646499156951904,7
6,f104_nyg_low_action_DAYS_DECISION_s_app_DAYS_ID_PUBLISH_mean,103.4107374548912,19
6,f104_nyg_low_action_DAYS_DECISION_s_app_DAYS_ID_PUBLISH_max,72.8634265512228,12
6,f104_nyg_low_action_DAYS_FIRST_DRAWING_d_app_DAYS_BIRTH_mean,0.0,0
6,f104_nyg_low_action_DAYS_FIRST_DRAWING_d_app_DAYS_EMPLOYED_max_div_min,0.0,0
6,f104_nyg_low_action_DAYS_DECISION_s_app_DAYS_REGISTRATION_min,14.058769941329956,5
6,f104_nyg_low_action_DAYS_DECISION_s_app_DAYS_LAST_PHONE_CHANGE_mean,20.455089569091797,2
6,f104_nyg_low_action_DAYS_DECISION_s_app_DAYS_ID_PUBLISH_min,74.02638876438141,8
6,f104_nyg_low_action_DAYS_DECISION_s_app_DAYS_LAST_PHONE_CHANGE_min,50.25170874595642,5
6,f104_nyg_low_action_DAYS_DECISION_s_app_DAYS_REGISTRATION_mean,58.00200963020325,11
6,f104_nyg_low_action_DAYS_FIRST_DRAWING_d_app_DAYS_BIRTH_min,0.0,0
6,f104_nyg_low_action_DAYS_DECISION_s_app_DAYS_REGISTRATION_max,28.252819895744324,7
6,f104_nyg_low_action_DAYS_FIRST_DRAWING_d_app_DAYS_BIRTH_std_div_mean,0.0,0
6,f104_nyg_low_action_DAYS_FIRST_DRAWING_d_app_DAYS_EMPLOYED_max,0.0,0
6,f104_nyg_low_action_DAYS_FIRST_DRAWING_d_app_DAYS_EMPLOYED_mean,0.0,0
6,f104_nyg_low_action_DAYS_FIRST_DRAWING_d_app_DAYS_BIRTH_max,0.0,0
6,f104_nyg_low_action_DAYS_FIRST_DRAWING_d_app_DAYS_ID_PUBLISH_std,0.0,0
6,f104_nyg_low_action_DAYS_FIRST_DRAWING_d_app_DAYS_EMPLOYED_min,0.0,0
6,f104_nyg_low_action_DAYS_FIRST_DRAWING_d_app_DAYS_BIRTH_std,0.0,0
6,f104_nyg_low_action_DAYS_FIRST_DRAWING_d_app_DAYS_BIRTH_max_div_min,0.0,0
6,f104_nyg_low_action_DAYS_FIRST_DRAWING_d_app_DAYS_ID_PUBLISH_max_div_min,0.0,0
6,f104_nyg_low_action_DAYS_FIRST_DRAWING_d_app_DAYS_ID_PUBLISH_std_div_mean,0.0,0
6,f104_nyg_low_action_DAYS_FIRST_DRAWING_d_app_DAYS_ID_PUBLISH_max,0.0,0
6,f104_nyg_low_action_DAYS_FIRST_DRAWING_d_app_DAYS_ID_PUBLISH_min,0.0,0
6,f104_nyg_low_action_DAYS_FIRST_DRAWING_d_app_DAYS_EMPLOYED_std,0.0,0
6,f104_nyg_low_action_DAYS_FIRST_DRAWING_d_app_DAYS_LAST_PHONE_CHANGE_max,0.0,0
6,f104_nyg_low_action_DAYS_FIRST_DRAWING_d_app_DAYS_ID_PUBLISH_mean,0.0,0
6,f104_nyg_low_action_DAYS_FIRST_DRAWING_d_app_DAYS_EMPLOYED_std_div_mean,0.0,0
6,f104_nyg_low_action_DAYS_FIRST_DRAWING_d_app_DAYS_LAST_PHONE_CHANGE_max_div_min,0.0,0
6,f104_nyg_low_action_DAYS_FIRST_DRAWING_d_app_DAYS_REGISTRATION_std,0.0,0
6,f104_nyg_low_action_DAYS_FIRST_DRAWING_d_app_DAYS_LAST_PHONE_CHANGE_std_div_mean,0.0,0
6,f104_nyg_low_action_DAYS_FIRST_DRAWING_d_app_DAYS_LAST_PHONE_CHANGE_mean,0.0,0
6,f104_nyg_low_action_DAYS_FIRST_DRAWING_d_app_DAYS_REGISTRATION_max,0.0,0
6,f104_nyg_low_action_DAYS_FIRST_DRAWING_s_DAYS_DECISIONS_max_div_min,0.0,0
6,f104_nyg_low_action_DAYS_FIRST_DRAWING_d_app_DAYS_LAST_PHONE_CHANGE_std,0.0,0
6,f104_nyg_low_action_DAYS_FIRST_DRAWING_d_app_DAYS_REGISTRATION_max_div_min,0.0,0
6,f104_nyg_low_action_DAYS_FIRST_DRAWING_s_DAYS_DECISIONS_std_div_mean,0.0,0
6,f104_nyg_low_action_DAYS_FIRST_DRAWING_d_app_DAYS_REGISTRATION_mean,0.0,0
6,f104_nyg_low_action_DAYS_FIRST_DRAWING_d_app_DAYS_LAST_PHONE_CHANGE_min,0.0,0
6,f104_nyg_low_action_DAYS_FIRST_DRAWING_s_DAYS_DECISIONS_mean,0.0,0
6,f104_nyg_low_action_DAYS_FIRST_DRAWING_s_app_DAYS_BIRTH_max,0.0,0
6,f104_nyg_low_action_DAYS_FIRST_DRAWING_s_app_DAYS_BIRTH_mean,0.0,0
6,f104_nyg_low_action_DAYS_FIRST_DRAWING_d_app_DAYS_REGISTRATION_min,0.0,0
6,f104_nyg_low_action_DAYS_FIRST_DRAWING_s_app_DAYS_BIRTH_max_div_min,0.0,0
6,f104_nyg_low_action_DAYS_FIRST_DRAWING_d_app_DAYS_REGISTRATION_std_div_mean,0.0,0
6,f104_nyg_low_action_DAYS_FIRST_DRAWING_s_DAYS_DECISIONS_min,0.0,0
6,f104_nyg_low_action_DAYS_FIRST_DRAWING_s_app_DAYS_EMPLOYED_max_div_min,0.0,0
6,f104_nyg_low_action_DAYS_FIRST_DRAWING_s_DAYS_DECISIONS_std,0.0,0
6,f104_nyg_low_action_DAYS_FIRST_DRAWING_s_DAYS_DECISIONS_max,0.0,0
6,f104_nyg_low_action_DAYS_FIRST_DRAWING_s_app_DAYS_ID_PUBLISH_max,0.0,0
6,f104_nyg_low_action_DAYS_FIRST_DRAWING_s_app_DAYS_LAST_PHONE_CHANGE_min,0.0,0
6,f104_nyg_low_action_DAYS_FIRST_DRAWING_s_app_DAYS_BIRTH_std,0.0,0
6,f104_nyg_low_action_DAYS_FIRST_DRAWING_s_app_DAYS_EMPLOYED_max,0.0,0
6,f104_nyg_low_action_DAYS_FIRST_DRAWING_s_app_DAYS_BIRTH_min,0.0,0
6,f104_nyg_low_action_DAYS_FIRST_DRAWING_s_app_DAYS_EMPLOYED_std_div_mean,0.0,0
6,f104_nyg_low_action_DAYS_FIRST_DRAWING_s_app_DAYS_EMPLOYED_std,0.0,0
6,f104_nyg_low_action_DAYS_FIRST_DRAWING_s_app_DAYS_BIRTH_std_div_mean,0.0,0
6,f104_nyg_low_action_DAYS_FIRST_DRAWING_s_app_DAYS_ID_PUBLISH_mean,0.0,0
6,f104_nyg_low_action_DAYS_FIRST_DRAWING_s_app_DAYS_EMPLOYED_min,0.0,0
6,f104_nyg_low_action_DAYS_FIRST_DRAWING_s_app_DAYS_EMPLOYED_mean,0.0,0
6,f104_nyg_low_action_DAYS_FIRST_DRAWING_s_app_DAYS_LAST_PHONE_CHANGE_std,0.0,0
6,f104_nyg_low_action_DAYS_FIRST_DRAWING_s_app_DAYS_ID_PUBLISH_max_div_min,0.0,0
6,f104_nyg_low_action_DAYS_FIRST_DRAWING_s_app_DAYS_REGISTRATION_max_div_min,0.0,0
6,f104_nyg_low_action_DAYS_FIRST_DRAWING_s_app_DAYS_ID_PUBLISH_std,0.0,0
6,f104_nyg_low_action_DAYS_FIRST_DRAWING_s_app_DAYS_LAST_PHONE_CHANGE_mean,0.0,0
6,f104_nyg_low_action_DAYS_FIRST_DRAWING_s_app_DAYS_ID_PUBLISH_std_div_mean,0.0,0
6,f104_nyg_low_action_DAYS_FIRST_DRAWING_s_app_DAYS_LAST_PHONE_CHANGE_max_div_min,0.0,0
6,f104_nyg_low_action_DAYS_FIRST_DRAWING_s_app_DAYS_REGISTRATION_std_div_mean,0.0,0
6,f104_nyg_low_action_DAYS_FIRST_DRAWING_s_app_DAYS_LAST_PHONE_CHANGE_max,0.0,0
6,f104_nyg_low_action_DAYS_FIRST_DRAWING_s_app_DAYS_ID_PUBLISH_min,0.0,0
6,f104_nyg_low_action_DAYS_FIRST_DRAWING_s_app_DAYS_REGISTRATION_min,0.0,0
6,f104_nyg_low_action_DAYS_FIRST_DRAWING_s_app_DAYS_REGISTRATION_std,0.0,0
6,f104_nyg_low_action_DAYS_FIRST_DRAWING_s_app_DAYS_REGISTRATION_max,0.0,0
6,f104_nyg_low_action_DAYS_FIRST_DRAWING_s_app_DAYS_REGISTRATION_mean,0.0,0
6,f104_nyg_low_action_DAYS_FIRST_DUE_d_app_DAYS_EMPLOYED_std,0.0,0
6,f104_nyg_low_action_DAYS_FIRST_DRAWING_s_app_DAYS_LAST_PHONE_CHANGE_std_div_mean,0.0,0
6,f104_nyg_low_action_DAYS_FIRST_DUE_d_app_DAYS_BIRTH_max,106.71083638072014,21
6,f104_nyg_low_action_DAYS_FIRST_DUE_d_app_DAYS_BIRTH_mean,91.04519045352936,12
6,f104_nyg_low_action_DAYS_FIRST_DUE_d_app_DAYS_ID_PUBLISH_std,0.0,0
6,f104_nyg_low_action_DAYS_FIRST_DUE_d_app_DAYS_LAST_PHONE_CHANGE_std,0.0,0
6,f104_nyg_low_action_DAYS_FIRST_DUE_d_app_DAYS_EMPLOYED_std_div_mean,0.0,0
6,f104_nyg_low_action_DAYS_FIRST_DUE_d_app_DAYS_REGISTRATION_min,30.62961983680725,5
6,f104_nyg_low_action_DAYS_FIRST_DUE_d_app_DAYS_REGISTRATION_mean,63.48849813640118,6
6,f104_nyg_low_action_DAYS_FIRST_DUE_d_app_DAYS_BIRTH_min,181.97460228204727,16
6,f104_nyg_low_action_DAYS_FIRST_DUE_d_app_DAYS_REGISTRATION_std,0.0,0
6,f104_nyg_low_action_DAYS_FIRST_DUE_s_DAYS_FIRST_DRAWING_mean,0.0,0
6,f104_nyg_low_action_DAYS_FIRST_DUE_s_DAYS_FIRST_DRAWING_max_div_min,0.0,0
6,f104_nyg_low_action_DAYS_FIRST_DUE_d_app_DAYS_REGISTRATION_max,66.3372495174408,5
6,f104_nyg_low_action_DAYS_FIRST_DUE_s_DAYS_FIRST_DRAWING_std,0.0,0
6,f104_nyg_low_action_DAYS_FIRST_DUE_s_DAYS_FIRST_DRAWING_max,0.0,0
6,f104_nyg_low_action_DAYS_FIRST_DUE_s_DAYS_DECISIONS_std_div_mean,0.0,0
6,f104_nyg_low_action_DAYS_FIRST_DUE_s_DAYS_FIRST_DRAWING_min,0.0,0
6,f104_nyg_low_action_DAYS_FIRST_DUE_s_DAYS_DECISIONS_std,0.0,0
6,f104_nyg_low_action_DAYS_FIRST_DUE_s_DAYS_FIRST_DRAWING_std_div_mean,0.0,0
6,f104_nyg_low_action_DAYS_FIRST_DUE_s_app_DAYS_EMPLOYED_std_div_mean,0.0,0
6,f104_nyg_low_action_DAYS_FIRST_DUE_s_app_DAYS_EMPLOYED_min,162.63254153728485,17
6,f104_nyg_low_action_DAYS_FIRST_DUE_s_app_DAYS_EMPLOYED_mean,61.342809200286865,5
6,f104_nyg_low_action_DAYS_FIRST_DUE_s_app_DAYS_BIRTH_max,54.823530435562134,7
6,f104_nyg_low_action_DAYS_FIRST_DUE_s_app_DAYS_BIRTH_mean,43.63931953907013,5
6,f104_nyg_low_action_DAYS_FIRST_DUE_s_app_DAYS_ID_PUBLISH_std_div_mean,0.0,0
6,f104_nyg_low_action_DAYS_FIRST_DUE_s_app_DAYS_BIRTH_min,51.23508906364441,6
6,f104_nyg_low_action_DAYS_FIRST_DUE_s_app_DAYS_REGISTRATION_std_div_mean,0.0,0
6,f104_nyg_low_action_DAYS_FIRST_DUE_s_app_DAYS_ID_PUBLISH_min,58.53572005033493,10
6,f104_nyg_low_action_DAYS_FIRST_DUE_s_app_DAYS_LAST_PHONE_CHANGE_mean,36.54497992992401,7
6,f104_nyg_low_action_DAYS_FIRST_DUE_s_app_DAYS_EMPLOYED_max,63.1065142005682,10
6,f104_nyg_low_action_DAYS_FIRST_DUE_s_app_DAYS_ID_PUBLISH_max,56.474104940891266,8
6,f104_nyg_low_action_DAYS_FIRST_DUE_s_app_DAYS_ID_PUBLISH_mean,40.9033899307251,3
6,f104_nyg_low_action_DAYS_LAST_DUE_1ST_VERSION_d_app_DAYS_EMPLOYED_std,0.0,0
6,f104_nyg_low_action_DAYS_FIRST_DUE_s_app_DAYS_LAST_PHONE_CHANGE_max,19.65453004837036,3
6,f104_nyg_low_action_DAYS_FIRST_DUE_s_app_DAYS_REGISTRATION_max,33.31876713037491,4
6,f104_nyg_low_action_DAYS_LAST_DUE_1ST_VERSION_d_app_DAYS_BIRTH_std_div_mean,0.0,0
6,f104_nyg_low_action_DAYS_LAST_DUE_1ST_VERSION_d_app_DAYS_EMPLOYED_max_div_min,0.0,0
6,f104_nyg_low_action_DAYS_FIRST_DUE_s_app_DAYS_LAST_PHONE_CHANGE_min,24.44092035293579,5
6,f104_nyg_low_action_DAYS_FIRST_DUE_s_app_DAYS_REGISTRATION_min,39.745089530944824,5
6,f104_nyg_low_action_DAYS_LAST_DUE_1ST_VERSION_d_app_DAYS_EMPLOYED_std_div_mean,0.0,0
6,f104_nyg_low_action_DAYS_LAST_DUE_1ST_VERSION_d_app_DAYS_BIRTH_std,0.0,0
6,f104_nyg_low_action_DAYS_FIRST_DUE_s_app_DAYS_REGISTRATION_mean,63.361860275268555,5
6,f104_nyg_low_action_DAYS_LAST_DUE_1ST_VERSION_d_app_DAYS_ID_PUBLISH_std_div_mean,0.0,0
6,f104_nyg_low_action_DAYS_LAST_DUE_1ST_VERSION_d_app_DAYS_REGISTRATION_std,0.0,0
6,f104_nyg_low_action_DAYS_LAST_DUE_1ST_VERSION_d_app_DAYS_REGISTRATION_std_div_mean,0.0,0
6,f104_nyg_low_action_DAYS_LAST_DUE_1ST_VERSION_d_app_DAYS_ID_PUBLISH_std,0.0,0
6,f104_nyg_low_action_DAYS_LAST_DUE_1ST_VERSION_d_app_DAYS_LAST_PHONE_CHANGE_std,0.0,0
6,f104_nyg_low_action_DAYS_LAST_DUE_1ST_VERSION_d_app_DAYS_LAST_PHONE_CHANGE_std_div_mean,0.0,0
6,f104_nyg_low_action_DAYS_LAST_DUE_1ST_VERSION_d_app_DAYS_ID_PUBLISH_mean,106.46581466495991,17
6,f104_nyg_low_action_DAYS_LAST_DUE_1ST_VERSION_d_app_DAYS_ID_PUBLISH_min,104.09535098075867,16
6,f104_nyg_low_action_DAYS_LAST_DUE_1ST_VERSION_d_app_DAYS_ID_PUBLISH_max,78.14660459756851,15
6,f104_nyg_low_action_DAYS_LAST_DUE_1ST_VERSION_d_app_DAYS_REGISTRATION_mean,86.95904970169067,12
6,f104_nyg_low_action_DAYS_LAST_DUE_1ST_VERSION_d_app_DAYS_REGISTRATION_min,74.17397706210613,9
6,f104_nyg_low_action_DAYS_LAST_DUE_1ST_VERSION_s_DAYS_DECISIONS_std,0.0,0
6,f104_nyg_low_action_DAYS_LAST_DUE_1ST_VERSION_s_DAYS_DECISIONS_std_div_mean,0.0,0
6,f104_nyg_low_action_DAYS_LAST_DUE_1ST_VERSION_s_DAYS_FIRST_DRAWING_mean,0.0,0
6,f104_nyg_low_action_DAYS_LAST_DUE_1ST_VERSION_s_DAYS_FIRST_DRAWING_min,0.0,0
6,f104_nyg_low_action_DAYS_LAST_DUE_1ST_VERSION_s_DAYS_FIRST_DRAWING_max,0.0,0
6,f104_nyg_low_action_DAYS_LAST_DUE_1ST_VERSION_d_app_DAYS_REGISTRATION_max,79.25491741299629,13
6,f104_nyg_low_action_DAYS_LAST_DUE_1ST_VERSION_s_DAYS_FIRST_DRAWING_max_div_min,0.0,0
6,f104_nyg_low_action_DAYS_LAST_DUE_1ST_VERSION_s_DAYS_FIRST_DUE_std_div_mean,0.0,0
6,f104_nyg_low_action_DAYS_LAST_DUE_1ST_VERSION_s_DAYS_FIRST_DRAWING_std,0.0,0
6,f104_nyg_low_action_DAYS_LAST_DUE_1ST_VERSION_s_DAYS_FIRST_DRAWING_std_div_mean,0.0,0
6,f104_nyg_low_action_DAYS_LAST_DUE_1ST_VERSION_s_DAYS_FIRST_DUE_std,0.0,0
6,f104_nyg_low_action_DAYS_LAST_DUE_1ST_VERSION_s_app_DAYS_BIRTH_max,84.63614372909069,15
6,f104_nyg_low_action_DAYS_LAST_DUE_1ST_VERSION_s_app_DAYS_BIRTH_std_div_mean,0.0,0
6,f104_nyg_low_action_DAYS_LAST_DUE_1ST_VERSION_s_app_DAYS_EMPLOYED_std_div_mean,0.0,0
6,f104_nyg_low_action_DAYS_LAST_DUE_1ST_VERSION_s_app_DAYS_BIRTH_mean,71.5082597732544,10
6,f104_nyg_low_action_DAYS_LAST_DUE_1ST_VERSION_s_app_DAYS_BIRTH_std,0.0,0
6,f104_nyg_low_action_DAYS_LAST_DUE_1ST_VERSION_s_app_DAYS_EMPLOYED_std,0.0,0
6,f104_nyg_low_action_DAYS_LAST_DUE_1ST_VERSION_s_app_DAYS_EMPLOYED_mean,68.41629153490067,10
6,f104_nyg_low_action_DAYS_LAST_DUE_1ST_VERSION_s_app_DAYS_EMPLOYED_max,36.71636986732483,6
6,f104_nyg_low_action_DAYS_LAST_DUE_1ST_VERSION_s_app_DAYS_LAST_PHONE_CHANGE_std,0.0,0
6,f104_nyg_low_action_DAYS_LAST_DUE_1ST_VERSION_s_app_DAYS_ID_PUBLISH_std,0.0,0
6,f104_nyg_low_action_DAYS_LAST_DUE_1ST_VERSION_s_app_DAYS_ID_PUBLISH_max,96.2759085521102,18
6,f104_nyg_low_action_DAYS_LAST_DUE_1ST_VERSION_s_app_DAYS_EMPLOYED_max_div_min,0.0,0
6,f104_nyg_low_action_DAYS_LAST_DUE_1ST_VERSION_s_app_DAYS_BIRTH_min,49.530092373490334,6
6,f104_nyg_low_action_DAYS_LAST_DUE_1ST_VERSION_s_app_DAYS_REGISTRATION_std,0.0,0
6,f104_nyg_low_action_DAYS_LAST_DUE_1ST_VERSION_s_app_DAYS_ID_PUBLISH_min,60.39488983154297,6
6,f104_nyg_low_action_DAYS_LAST_DUE_1ST_VERSION_s_app_DAYS_EMPLOYED_min,20.375309944152832,3
6,f104_nyg_low_action_DAYS_LAST_DUE_1ST_VERSION_s_app_DAYS_LAST_PHONE_CHANGE_mean,16.732450008392334,5
6,f104_nyg_low_action_DAYS_LAST_DUE_1ST_VERSION_s_app_DAYS_ID_PUBLISH_mean,29.980846613645554,6
6,f104_nyg_low_action_DAYS_LAST_DUE_1ST_VERSION_s_app_DAYS_LAST_PHONE_CHANGE_std_div_mean,0.0,0
6,f104_nyg_low_action_DAYS_LAST_DUE_1ST_VERSION_s_app_DAYS_REGISTRATION_min,29.525989651679993,7
6,f104_nyg_low_action_DAYS_LAST_DUE_d_app_DAYS_EMPLOYED_std,0.0,0
6,f104_nyg_low_action_DAYS_LAST_DUE_d_app_DAYS_BIRTH_std_div_mean,0.0,0
6,f104_nyg_low_action_DAYS_LAST_DUE_1ST_VERSION_s_app_DAYS_LAST_PHONE_CHANGE_max,91.28063988685608,13
6,f104_nyg_low_action_DAYS_LAST_DUE_d_app_DAYS_EMPLOYED_std_div_mean,0.0,0
6,f104_nyg_low_action_DAYS_LAST_DUE_1ST_VERSION_s_app_DAYS_LAST_PHONE_CHANGE_min,70.8318600654602,7
6,f104_nyg_low_action_DAYS_LAST_DUE_d_app_DAYS_BIRTH_std,0.0,0
6,f104_nyg_low_action_DAYS_LAST_DUE_d_app_DAYS_LAST_PHONE_CHANGE_std,0.0,0
6,f104_nyg_low_action_DAYS_LAST_DUE_1ST_VERSION_s_app_DAYS_REGISTRATION_mean,80.6066586971283,8
6,f104_nyg_low_action_DAYS_LAST_DUE_d_app_DAYS_ID_PUBLISH_std,0.0,0
6,f104_nyg_low_action_DAYS_LAST_DUE_d_app_DAYS_REGISTRATION_std,0.0,0
6,f104_nyg_low_action_DAYS_LAST_DUE_1ST_VERSION_s_app_DAYS_REGISTRATION_max,62.88276369869709,6
6,f104_nyg_low_action_DAYS_LAST_DUE_d_app_DAYS_REGISTRATION_std_div_mean,0.0,0
6,f104_nyg_low_action_DAYS_LAST_DUE_d_app_DAYS_LAST_PHONE_CHANGE_std_div_mean,0.0,0
6,f104_nyg_low_action_DAYS_LAST_DUE_d_app_DAYS_REGISTRATION_min,36.33227175474167,9
6,f104_nyg_low_action_DAYS_LAST_DUE_d_app_DAYS_ID_PUBLISH_std_div_mean,0.0,0
6,f104_nyg_low_action_DAYS_LAST_DUE_s_DAYS_FIRST_DRAWING_mean,0.0,0
6,f104_nyg_low_action_DAYS_LAST_DUE_s_DAYS_FIRST_DRAWING_max_div_min,0.0,0
6,f104_nyg_low_action_DAYS_LAST_DUE_s_DAYS_DECISIONS_std,0.0,0
6,f104_nyg_low_action_DAYS_LAST_DUE_s_DAYS_FIRST_DRAWING_std,0.0,0
6,f104_nyg_low_action_DAYS_LAST_DUE_d_app_DAYS_REGISTRATION_mean,13.1875501871109,3
6,f104_nyg_low_action_DAYS_LAST_DUE_s_DAYS_FIRST_DUE_std_div_mean,0.0,0
6,f104_nyg_low_action_DAYS_LAST_DUE_s_DAYS_DECISIONS_mean,21.74218988418579,4
6,f104_nyg_low_action_DAYS_LAST_DUE_s_DAYS_FIRST_DUE_std,0.0,0
6,f104_nyg_low_action_DAYS_LAST_DUE_s_DAYS_FIRST_DRAWING_max,0.0,0
6,f104_nyg_low_action_DAYS_LAST_DUE_s_DAYS_FIRST_DRAWING_std_div_mean,0.0,0
6,f104_nyg_low_action_DAYS_LAST_DUE_s_DAYS_DECISIONS_max,20.636980056762695,4
6,f104_nyg_low_action_DAYS_LAST_DUE_d_app_DAYS_REGISTRATION_max,35.838809967041016,7
6,f104_nyg_low_action_DAYS_LAST_DUE_s_DAYS_DECISIONS_std_div_mean,0.0,0
6,f104_nyg_low_action_DAYS_LAST_DUE_s_DAYS_FIRST_DRAWING_min,0.0,0
6,f104_nyg_low_action_DAYS_LAST_DUE_s_DAYS_FIRST_DUE_max,0.0,0
6,f104_nyg_low_action_DAYS_LAST_DUE_s_DAYS_LAST_DUE_1ST_VERSION_std,0.0,0
6,f104_nyg_low_action_DAYS_LAST_DUE_s_app_DAYS_EMPLOYED_mean,4.490804135799408,2
6,f104_nyg_low_action_DAYS_LAST_DUE_s_DAYS_FIRST_DUE_mean,0.0,0
6,f104_nyg_low_action_DAYS_LAST_DUE_s_DAYS_DECISIONS_min,44.70043623447418,6
6,f104_nyg_low_action_DAYS_LAST_DUE_s_app_DAYS_BIRTH_std,0.0,0
6,f104_nyg_low_action_DAYS_LAST_DUE_s_app_DAYS_BIRTH_std_div_mean,0.0,0
6,f104_nyg_low_action_DAYS_LAST_DUE_s_DAYS_FIRST_DUE_min,3.462160110473633,1
6,f104_nyg_low_action_DAYS_LAST_DUE_s_app_DAYS_EMPLOYED_max,15.775290369987488,4
6,f104_nyg_low_action_DAYS_LAST_DUE_s_DAYS_LAST_DUE_1ST_VERSION_std_div_mean,0.0,0
6,f104_nyg_low_action_DAYS_LAST_DUE_s_app_DAYS_BIRTH_max,48.21822398900986,8
6,f104_nyg_low_action_DAYS_LAST_DUE_s_DAYS_FIRST_DUE_max_div_min,0.0,0
6,f104_nyg_low_action_DAYS_LAST_DUE_s_app_DAYS_BIRTH_mean,42.66587311029434,10
6,f104_nyg_low_action_DAYS_LAST_DUE_s_app_DAYS_BIRTH_min,14.482350215315819,4
6,f104_nyg_low_action_DAYS_LAST_DUE_s_app_DAYS_EMPLOYED_std,0.0,0
6,f104_nyg_low_action_DAYS_LAST_DUE_s_app_DAYS_ID_PUBLISH_std,0.0,0
6,f104_nyg_low_action_DAYS_LAST_DUE_s_app_DAYS_EMPLOYED_std_div_mean,0.0,0
6,f104_nyg_low_action_DAYS_LAST_DUE_s_app_DAYS_ID_PUBLISH_max,121.35188533365726,27
6,f104_nyg_low_action_DAYS_LAST_DUE_s_app_DAYS_LAST_PHONE_CHANGE_std_div_mean,0.0,0
6,f104_nyg_low_action_DAYS_LAST_DUE_s_app_DAYS_LAST_PHONE_CHANGE_std,0.0,0
6,f104_nyg_low_action_DAYS_LAST_DUE_s_app_DAYS_ID_PUBLISH_mean,74.31602001190186,12
6,f104_nyg_low_action_DAYS_LAST_DUE_s_app_DAYS_REGISTRATION_std,0.0,0
6,f104_nyg_low_action_DAYS_LAST_DUE_s_app_DAYS_LAST_PHONE_CHANGE_mean,48.95045065879822,9
6,f104_nyg_low_action_DAYS_LAST_DUE_s_app_DAYS_EMPLOYED_min,27.020264208316803,4
6,f104_nyg_low_action_DAYS_LAST_DUE_s_app_DAYS_REGISTRATION_min,53.42988219857216,7
6,f104_nyg_low_action_DAYS_LAST_DUE_s_app_DAYS_LAST_PHONE_CHANGE_max,44.018110275268555,7
6,f104_nyg_low_action_DAYS_LAST_DUE_s_app_DAYS_ID_PUBLISH_min,25.101957738399506,6
6,f104_nyg_low_action_DAYS_TERMINATION_d_app_DAYS_BIRTH_std,0.0,0
6,f104_nyg_low_action_DAYS_TERMINATION_d_app_DAYS_BIRTH_std_div_mean,0.0,0
6,f104_nyg_low_action_DAYS_LAST_DUE_s_app_DAYS_REGISTRATION_max,34.15410107374191,6
6,f104_nyg_low_action_DAYS_LAST_DUE_s_app_DAYS_LAST_PHONE_CHANGE_min,41.12102937698364,3
6,f104_nyg_low_action_DAYS_LAST_DUE_s_app_DAYS_REGISTRATION_mean,6.776750087738037,1
6,f104_nyg_low_action_DAYS_LAST_DUE_s_app_DAYS_REGISTRATION_std_div_mean,0.0,0
6,f104_nyg_low_action_DAYS_TERMINATION_d_app_DAYS_ID_PUBLISH_std,0.0,0
6,f104_nyg_low_action_DAYS_TERMINATION_d_app_DAYS_LAST_PHONE_CHANGE_std,0.0,0
6,f104_nyg_low_action_DAYS_TERMINATION_d_app_DAYS_EMPLOYED_std,0.0,0
6,f104_nyg_low_action_DAYS_TERMINATION_d_app_DAYS_EMPLOYED_std_div_mean,0.0,0
6,f104_nyg_low_action_DAYS_TERMINATION_d_app_DAYS_ID_PUBLISH_std_div_mean,0.0,0
6,f104_nyg_low_action_DAYS_TERMINATION_d_app_DAYS_REGISTRATION_std,0.0,0
6,f104_nyg_low_action_DAYS_TERMINATION_d_app_DAYS_LAST_PHONE_CHANGE_std_div_mean,0.0,0
6,f104_nyg_low_action_DAYS_TERMINATION_d_app_DAYS_REGISTRATION_std_div_mean,0.0,0
6,f104_nyg_low_action_DAYS_TERMINATION_d_app_DAYS_REGISTRATION_max,65.38845437765121,11
6,f104_nyg_low_action_DAYS_TERMINATION_s_DAYS_DECISIONS_std,0.0,0
6,f104_nyg_low_action_DAYS_TERMINATION_d_app_DAYS_REGISTRATION_mean,43.18520998954773,5
6,f104_nyg_low_action_DAYS_TERMINATION_s_DAYS_FIRST_DRAWING_max_div_min,0.0,0
6,f104_nyg_low_action_DAYS_TERMINATION_s_DAYS_FIRST_DRAWING_mean,0.0,0
6,f104_nyg_low_action_DAYS_TERMINATION_s_DAYS_FIRST_DRAWING_max,0.0,0
6,f104_nyg_low_action_DAYS_TERMINATION_s_DAYS_DECISIONS_std_div_mean,0.0,0
6,f104_nyg_low_action_DAYS_TERMINATION_s_DAYS_DECISIONS_max,79.91188073158264,13
6,f104_nyg_low_action_DAYS_TERMINATION_d_app_DAYS_REGISTRATION_min,17.604940176010132,5
6,f104_nyg_low_action_DAYS_TERMINATION_s_DAYS_FIRST_DRAWING_std,0.0,0
6,f104_nyg_low_action_DAYS_TERMINATION_s_DAYS_FIRST_DRAWING_std_div_mean,0.0,0
6,f104_nyg_low_action_DAYS_TERMINATION_s_DAYS_FIRST_DUE_std,0.0,0
6,f104_nyg_low_action_DAYS_TERMINATION_s_DAYS_DECISIONS_min,37.254264742136,7
6,f104_nyg_low_action_DAYS_TERMINATION_s_DAYS_FIRST_DUE_std_div_mean,0.0,0
6,f104_nyg_low_action_DAYS_TERMINATION_s_DAYS_DECISIONS_mean,25.002220273017883,5
6,f104_nyg_low_action_DAYS_TERMINATION_s_DAYS_LAST_DUE_std,0.0,0
6,f104_nyg_low_action_DAYS_TERMINATION_s_DAYS_FIRST_DRAWING_min,0.0,0
6,f104_nyg_low_action_DAYS_TERMINATION_s_DAYS_FIRST_DUE_mean,79.18077993392944,8
6,f104_nyg_low_action_DAYS_TERMINATION_s_DAYS_LAST_DUE_1ST_VERSION_std,0.0,0
6,f104_nyg_low_action_DAYS_TERMINATION_s_DAYS_FIRST_DUE_max,98.6597089767456,12
6,f104_nyg_low_action_DAYS_TERMINATION_s_DAYS_FIRST_DUE_min,82.744220495224,10
6,f104_nyg_low_action_DAYS_TERMINATION_s_app_DAYS_BIRTH_std,0.0,0
6,f104_nyg_low_action_DAYS_TERMINATION_s_app_DAYS_BIRTH_std_div_mean,0.0,0
6,f104_nyg_low_action_DAYS_TERMINATION_s_app_DAYS_BIRTH_min,31.819111198186874,4
6,f104_nyg_low_action_DAYS_TERMINATION_s_app_DAYS_EMPLOYED_max,8.252749919891357,2
6,f104_nyg_low_action_DAYS_TERMINATION_s_app_DAYS_EMPLOYED_mean,27.264479160308838,5
6,f104_nyg_low_action_DAYS_TERMINATION_s_app_DAYS_BIRTH_mean,31.575706839561462,5
6,f104_nyg_low_action_DAYS_TERMINATION_s_app_DAYS_ID_PUBLISH_std_div_mean,0.0,0
6,f104_nyg_low_action_DAYS_TERMINATION_s_app_DAYS_EMPLOYED_std,0.0,0
6,f104_nyg_low_action_DAYS_TERMINATION_s_app_DAYS_ID_PUBLISH_std,0.0,0
6,f104_nyg_low_action_DAYS_TERMINATION_s_app_DAYS_BIRTH_max,26.989980220794678,4
6,f104_nyg_low_action_DAYS_TERMINATION_s_app_DAYS_EMPLOYED_std_div_mean,0.0,0
6,f104_nyg_low_action_DAYS_TERMINATION_s_app_DAYS_ID_PUBLISH_max,73.07930016517639,10
6,f104_nyg_low_action_DAYS_TERMINATION_s_app_DAYS_ID_PUBLISH_mean,58.052101135253906,7
6,f104_nyg_low_action_DAYS_TERMINATION_s_app_DAYS_ID_PUBLISH_min,56.699741303920746,9
6,f104_nyg_low_action_DAYS_TERMINATION_s_app_DAYS_EMPLOYED_min,33.73491966724396,6
6,f104_nyg_low_action_DAYS_TERMINATION_s_app_DAYS_LAST_PHONE_CHANGE_max,41.390726804733276,14
6,f104_nyg_low_action_DAYS_TERMINATION_s_app_DAYS_LAST_PHONE_CHANGE_std_div_mean,0.0,0
6,f104_nyg_low_action_DAYS_TERMINATION_s_app_DAYS_LAST_PHONE_CHANGE_std,0.0,0
6,f104_nyg_low_action_DAYS_TERMINATION_s_app_DAYS_REGISTRATION_std,0.0,0
6,f104_nyg_low_action_DAYS_TERMINATION_s_app_DAYS_LAST_PHONE_CHANGE_mean,0.7449710071086884,2
6,f104_nyg_low_action_DAYS_TERMINATION_s_app_DAYS_REGISTRATION_max,6.725514829158783,3
6,f104_nyg_low_action_DAYS_TERMINATION_s_app_DAYS_LAST_PHONE_CHANGE_min,5.068484157323837,3
6,f104_nyg_low_action_DAYS_TERMINATION_s_app_DAYS_REGISTRATION_std_div_mean,0.0,0
6,f104_nyg_low_action_DAYS_TERMINATION_s_app_DAYS_REGISTRATION_min,32.519450664520264,4
6,f104_nyg_low_action_DAYS_TERMINATION_s_app_DAYS_REGISTRATION_mean,0.0,0
6,f104_nyg_low_action_HOUR_APPR_PROCESS_START_std,0.0,0
6,f104_nyg_low_action_HOUR_APPR_PROCESS_START_min,141.47178947925568,21
6,f104_nyg_low_action_HOUR_APPR_PROCESS_START_mean,368.555349111557,41
6,f104_nyg_low_action_HOUR_APPR_PROCESS_START_max,123.97125226259232,18
6,f104_nyg_low_action_NAME_CASH_LOAN_PURPOSE_Buying_a_home_sum,0.0,0
6,f104_nyg_low_action_NAME_CASH_LOAN_PURPOSE_Buying_a_used_car_mean,0.0,0
6,f104_nyg_low_action_NAME_CASH_LOAN_PURPOSE_XAP_sum,0.0,0
6,f104_nyg_low_action_NAME_CASH_LOAN_PURPOSE_XNA_mean,0.0,0
6,f104_nyg_low_action_NAME_CASH_LOAN_PURPOSE_XAP_mean,0.0,0
6,f104_nyg_low_action_NAME_CLIENT_TYPE_New_mean,23.95578360557556,3
6,f104_nyg_low_action_NAME_CASH_LOAN_PURPOSE_XNA_sum,0.0,0
6,f104_nyg_low_action_NAME_CLIENT_TYPE_Refreshed_mean,0.0,0
6,f104_nyg_low_action_NAME_CONTRACT_STATUS_Approved_sum,23.710800170898438,2
6,f104_nyg_low_action_NAME_CONTRACT_STATUS_Refused_mean,0.0,0
6,f104_nyg_low_action_NAME_CONTRACT_STATUS_Approved_mean,41.73849010467529,3
6,f104_nyg_low_action_NAME_CLIENT_TYPE_Refreshed_sum,0.0,0
6,f104_nyg_low_action_NAME_GOODS_CATEGORY_Additional_Service_mean,0.0,0
6,f104_nyg_low_action_NAME_CONTRACT_TYPE_Consumer_loans_sum,0.0,0
6,f104_nyg_low_action_NAME_GOODS_CATEGORY_Additional_Service_sum,0.0,0
6,f104_nyg_low_action_NAME_CONTRACT_TYPE_Consumer_loans_mean,0.0,0
6,f104_nyg_low_action_NAME_CONTRACT_TYPE_Cash_loans_mean,0.0,0
6,f104_nyg_low_action_NAME_CONTRACT_STATUS_Refused_sum,0.0,0
6,f104_nyg_low_action_NAME_GOODS_CATEGORY_Computers_mean,76.95852041244507,7
6,f104_nyg_low_action_NAME_GOODS_CATEGORY_Construction_Materials_mean,0.0,0
6,f104_nyg_low_action_NAME_GOODS_CATEGORY_Construction_Materials_sum,0.0,0
6,f104_nyg_low_action_NAME_CONTRACT_TYPE_Cash_loans_sum,0.0,0
6,f104_nyg_low_action_NAME_GOODS_CATEGORY_Medical_Supplies_sum,0.0,0
6,f104_nyg_low_action_NAME_GOODS_CATEGORY_Computers_sum,0.0,0
6,f104_nyg_low_action_NAME_GOODS_CATEGORY_XNA_sum,0.0,0
6,f104_nyg_low_action_NAME_GOODS_CATEGORY_Medical_Supplies_mean,0.0,0
6,f104_nyg_low_action_NAME_GOODS_CATEGORY_Furniture_mean,0.0,0
6,f104_nyg_low_action_NAME_GOODS_CATEGORY_Mobile_mean,0.0,0
6,f104_nyg_low_action_NAME_GOODS_CATEGORY_XNA_mean,0.0,0
6,f104_nyg_low_action_NAME_PORTFOLIO_Cash_mean,0.0,0
6,f104_nyg_low_action_NAME_PORTFOLIO_POS_sum,0.3283509910106659,1
6,f104_nyg_low_action_NAME_PRODUCT_TYPE_XNA_mean,0.0,0
6,f104_nyg_low_action_NAME_PRODUCT_TYPE_x_sell_sum,0.0,0
6,f104_nyg_low_action_NAME_PORTFOLIO_Cash_sum,0.0,0
6,f104_nyg_low_action_NAME_PRODUCT_TYPE_XNA_sum,0.0,0
6,f104_nyg_low_action_NAME_PORTFOLIO_POS_mean,0.0,0
6,f104_nyg_low_action_NAME_SELLER_INDUSTRY_Industry_mean,0.0,0
6,f104_nyg_low_action_NAME_SELLER_INDUSTRY_Consumer_electronics_sum,0.0,0
6,f104_nyg_low_action_NAME_SELLER_INDUSTRY_Construction_mean,0.0,0
6,f104_nyg_low_action_NAME_PRODUCT_TYPE_x_sell_mean,0.0,0
6,f104_nyg_low_action_NAME_SELLER_INDUSTRY_Construction_sum,3.6416099071502686,1
6,f104_nyg_low_action_NAME_SELLER_INDUSTRY_XNA_mean,0.0,0
6,f104_nyg_low_action_NAME_SELLER_INDUSTRY_Consumer_electronics_mean,0.0,0
6,f104_nyg_low_action_NAME_SELLER_INDUSTRY_Furniture_mean,0.0,0
6,f104_nyg_low_action_NAME_SELLER_INDUSTRY_Industry_sum,0.0,0
6,f104_nyg_low_action_NAME_SELLER_INDUSTRY_XNA_sum,0.0,0
6,f104_nyg_low_action_NAME_SELLER_INDUSTRY_Furniture_sum,0.0,0
6,f104_nyg_low_action_NAME_TYPE_SUITE_Other_B_mean,0.0,0
6,f104_nyg_low_action_NAME_TYPE_SUITE_Other_B_sum,0.0,0
6,f104_nyg_low_action_NAME_TYPE_SUITE_Children_mean,0.0,0
6,f104_nyg_low_action_NAME_TYPE_SUITE_Other_A_sum,0.0,0
6,f104_nyg_low_action_NAME_TYPE_SUITE_Other_A_mean,0.0,0
6,f104_nyg_low_action_NAME_TYPE_SUITE_Children_sum,0.0,0
6,f104_nyg_low_action_RATE_INTEREST_PRIMARY_max_div_min,0.0,0
6,f104_nyg_low_action_RATE_INTEREST_PRIMARY_mean,0.0,0
6,f104_nyg_low_action_PRODUCT_COMBINATION_POS_others_without_interest_mean,0.0,0
6,f104_nyg_low_action_RATE_DOWN_PAYMENT_max_div_min,0.0,0
6,f104_nyg_low_action_PRODUCT_COMBINATION_POS_household_without_interest_mean,0.0,0
6,f104_nyg_low_action_PRODUCT_COMBINATION_POS_household_without_interest_sum,0.0,0
6,f104_nyg_low_action_RATE_DOWN_PAYMENT_std_div_mean,0.0,0
6,f104_nyg_low_action_RATE_INTEREST_PRIMARY_max,0.0,0
6,f104_nyg_low_action_RATE_DOWN_PAYMENT_std,0.0,0
6,f104_nyg_low_action_RATE_INTEREST_PRIMARY_std,0.0,0
6,f104_nyg_low_action_RATE_INTEREST_PRIMARY_min,0.0,0
6,f104_nyg_low_action_PRODUCT_COMBINATION_POS_others_without_interest_sum,0.0,0
6,f104_nyg_low_action_RATE_INTEREST_PRIVILEGED_max,0.0,0
6,f104_nyg_low_action_RATE_INTEREST_PRIMARY_std_div_mean,0.0,0
6,f104_nyg_low_action_RATE_INTEREST_PRIVILEGED_mean,0.0,0
6,f104_nyg_low_action_RATE_DOWN_PAYMENT_max,0.0,0
6,f104_nyg_low_action_RATE_DOWN_PAYMENT_min,0.0,0
6,f104_nyg_low_action_RATE_INTEREST_PRIVILEGED_min,0.0,0
6,f104_nyg_low_action_RATE_INTEREST_PRIVILEGED_std_div_mean,0.0,0
6,f104_nyg_low_action_RATE_INTEREST_PRIVILEGED_max_div_min,0.0,0
6,f104_nyg_low_action_RATE_INTEREST_PRIVILEGED_std,0.0,0
6,f104_nyg_low_action_RATE_DOWN_PAYMENT_mean,0.0,0
6,f104_nyg_low_action_SELLERPLACE_AREA_std,0.0,0
6,f104_nyg_low_action_active_std_div_mean,0.0,0
6,f104_nyg_low_action_SELLERPLACE_AREA_std_div_mean,0.0,0
6,f104_nyg_low_action_WEEKDAY_APPR_PROCESS_START_TUESDAY_sum,0.0,0
6,f104_nyg_low_action_active_max,0.0,0
6,f104_nyg_low_action_amt_paid_std,0.0,0
6,f104_nyg_low_action_active_std,0.0,0
6,f104_nyg_low_action_WEEKDAY_APPR_PROCESS_START_TUESDAY_mean,0.0,0
6,f104_nyg_low_action_amt_paid_std_div_mean,0.0,0
6,f104_nyg_low_action_amt_paid_mean,47.279515109956264,8
6,f104_nyg_low_action_amt_unpaid_std,0.0,0
6,f104_nyg_low_action_cnt_paid_ratio_std_div_mean,0.0,0
6,f104_nyg_low_action_amt_unpaid_std_div_mean,0.0,0
6,f104_nyg_low_action_amt_paid_min,38.81312054395676,6
6,f104_nyg_low_action_active_sum,0.0,0
6,f104_nyg_low_action_cnt_paid_max,27.183618485927582,4
6,f104_nyg_low_action_cnt_paid_ratio_std,0.0,0
6,f104_nyg_low_action_amt_paid_max,28.0763724707067,6
6,f104_nyg_low_action_amt_paid_sum,25.281970143318176,8
6,f104_nyg_low_action_cnt_paid_std,0.0,0
6,f104_nyg_low_action_cnt_unpaid_std_div_mean,0.0,0
6,f104_nyg_low_action_cnt_unpaid_std,0.0,0
6,f104_nyg_low_action_completed_std_div_mean,0.0,0
6,f104_nyg_low_action_cnt_paid_std_div_mean,0.0,0
6,f104_nyg_low_action_cnt_paid_min,48.081409215927124,5
6,f104_nyg_low_action_cnt_paid_mean,19.008689880371094,3
6,f104_nyg_low_action_completed_max,0.0,0
6,f104_nyg_low_action_interest_rate_pctchange_min,35.25257132202387,8
6,f104_nyg_low_action_completed_mean,15.73490047454834,1
6,f104_nyg_low_action_interest_rate_pctchange_mean,71.90761089324951,12
6,f104_nyg_low_action_interest_rate_pctchange_std,0.0,0
6,f104_nyg_low_action_total_debt_diff_std,0.0,0
6,f104_nyg_low_action_total_debt_diff_std_div_mean,0.0,0
6,f104_nyg_low_action_total_debt_diff_max,62.494280099868774,7
6,f104_nyg_low_action_interest_rate_std_div_mean,6.2034502029418945,1
6,f104_nyg_low_action_total_debt_diff_mean,28.603129982948303,4
7,f104_nyg_low_action_total_debt_std,13.29847002029419,3
7,f104_nyg_low_action_total_debt_pctchange_std,0.91532301902771,1
7,f104_nyg_low_action_total_debt_pctchange_std_div_mean,4.5728302001953125,1
7,f104_nyg_low_action_total_debt_mean,624.9869233369827,101
7,f104_nyg_low_action_total_debt_max,599.4279800653458,106
7,f104_nyg_low_normal_AMT_ANNUITY_d_app_AMT_ANNUITY_diff_mean,72.78618025779724,13
7,f104_nyg_low_normal_AMT_ANNUITY_d_app_AMT_ANNUITY_diff_std,0.0,0
7,f104_nyg_low_normal_AMT_ANNUITY_d_app_AMT_ANNUITY_diff_max,119.42520928382874,14
7,f104_nyg_low_action_total_debt_pctchange_max,193.04795050621033,44
7,f104_nyg_low_action_total_debt_pctchange_mean,188.93939018249512,44
7,f104_nyg_low_normal_AMT_ANNUITY_d_app_AMT_ANNUITY_std_div_mean,0.0,0
7,f104_nyg_low_action_total_debt_diff_min,324.97843885421753,71
7,f104_nyg_low_normal_AMT_ANNUITY_d_app_AMT_ANNUITY_pctchange_std,0.0,0
7,f104_nyg_low_normal_AMT_ANNUITY_d_app_AMT_ANNUITY_pctchange_max,99.58446037769318,18
7,f104_nyg_low_normal_AMT_ANNUITY_d_app_AMT_ANNUITY_pctchange_mean,63.72451949119568,11
7,f104_nyg_low_normal_AMT_ANNUITY_d_app_AMT_CREDIT_diff_mean,20.592190265655518,3
7,f104_nyg_low_normal_AMT_ANNUITY_d_app_AMT_ANNUITY_std,17.968599319458008,1
7,f104_nyg_low_normal_AMT_ANNUITY_d_app_AMT_ANNUITY_pctchange_min,92.63604021072388,13
7,f104_nyg_low_normal_AMT_ANNUITY_d_app_AMT_CREDIT_diff_std,0.0,0
7,f104_nyg_low_normal_AMT_ANNUITY_d_app_AMT_CREDIT_std_div_mean,0.0,0
7,f104_nyg_low_normal_AMT_ANNUITY_d_app_AMT_CREDIT_mean,142.28216004371643,18
7,f104_nyg_low_normal_AMT_ANNUITY_d_app_AMT_CREDIT_diff_max,32.7859902381897,4
7,f104_nyg_low_normal_AMT_ANNUITY_d_app_AMT_CREDIT_min,173.93767833709717,23
7,f104_nyg_low_normal_AMT_ANNUITY_d_app_AMT_CREDIT_pctchange_max,36.665629863739014,6
7,f104_nyg_low_normal_AMT_ANNUITY_d_app_AMT_CREDIT_pctchange_std,0.0,0
7,f104_nyg_low_normal_AMT_ANNUITY_d_app_AMT_CREDIT_max,279.02540159225464,34
7,f104_nyg_low_normal_AMT_ANNUITY_d_app_AMT_CREDIT_pctchange_min,22.257800102233887,4
7,f104_nyg_low_normal_AMT_ANNUITY_d_app_AMT_CREDIT_std,29.732799530029297,2
7,f104_nyg_low_normal_AMT_ANNUITY_d_app_AMT_CREDIT_pctchange_mean,1.5493600368499756,1
7,f104_nyg_low_normal_AMT_ANNUITY_d_app_AMT_CREDIT_diff_min,59.32904100418091,7
7,f104_nyg_low_normal_AMT_ANNUITY_d_app_AMT_GOODS_PRICE_diff_std,0.0,0
7,f104_nyg_low_normal_AMT_ANNUITY_d_app_AMT_GOODS_PRICE_diff_min,39.10520958900452,5
7,f104_nyg_low_normal_AMT_ANNUITY_d_app_AMT_GOODS_PRICE_diff_max,74.75946998596191,9
7,f104_nyg_low_normal_AMT_ANNUITY_d_app_AMT_GOODS_PRICE_pctchange_max,5.43556022644043,1
7,f104_nyg_low_normal_AMT_ANNUITY_d_app_AMT_GOODS_PRICE_diff_mean,32.448659896850586,3
7,f104_nyg_low_normal_AMT_ANNUITY_d_app_AMT_GOODS_PRICE_pctchange_std,0.0,0
7,f104_nyg_low_normal_AMT_ANNUITY_d_app_AMT_GOODS_PRICE_std_div_mean,0.0,0
7,f104_nyg_low_normal_AMT_ANNUITY_d_app_AMT_INCOME_TOTAL_diff_max,112.13924956321716,19
7,f104_nyg_low_normal_AMT_ANNUITY_d_app_AMT_GOODS_PRICE_std,0.0,0
7,f104_nyg_low_normal_AMT_ANNUITY_d_app_AMT_GOODS_PRICE_pctchange_mean,9.910590171813965,2
7,f104_nyg_low_normal_AMT_ANNUITY_d_app_AMT_GOODS_PRICE_pctchange_min,9.876079559326172,2
7,f104_nyg_low_normal_AMT_ANNUITY_d_app_AMT_INCOME_TOTAL_diff_mean,101.87930989265442,11
7,f104_nyg_low_normal_AMT_ANNUITY_d_app_AMT_INCOME_TOTAL_diff_std,0.0,0
7,f104_nyg_low_normal_AMT_ANNUITY_m_app_AMT_GOODS_PRICE_d_app_AMT_INCOME_TOTAL_diff_std,0.0,0
7,f104_nyg_low_normal_AMT_ANNUITY_d_app_AMT_INCOME_TOTAL_max,477.67738950252533,63
7,f104_nyg_low_normal_AMT_ANNUITY_d_app_AMT_INCOME_TOTAL_pctchange_max,0.0,0
7,f104_nyg_low_normal_AMT_ANNUITY_d_app_AMT_INCOME_TOTAL_pctchange_mean,0.0,0
7,f104_nyg_low_normal_AMT_ANNUITY_d_app_AMT_INCOME_TOTAL_pctchange_std,0.0,0
7,f104_nyg_low_normal_AMT_ANNUITY_d_app_AMT_INCOME_TOTAL_std,0.0,0
7,f104_nyg_low_normal_AMT_ANNUITY_d_app_AMT_INCOME_TOTAL_std_div_mean,0.0,0
7,f104_nyg_low_normal_AMT_ANNUITY_d_app_AMT_INCOME_TOTAL_pctchange_min,0.0,0
7,f104_nyg_low_normal_AMT_ANNUITY_m_app_AMT_GOODS_PRICE_d_app_AMT_INCOME_TOTAL_pctchange_max,16.83499002456665,4
7,f104_nyg_low_normal_AMT_ANNUITY_m_app_AMT_GOODS_PRICE_d_app_AMT_INCOME_TOTAL_diff_max,25.74750018119812,4
7,f104_nyg_low_normal_AMT_ANNUITY_m_app_AMT_GOODS_PRICE_d_app_AMT_INCOME_TOTAL_diff_mean,25.043269753456116,6
7,f104_nyg_low_normal_AMT_ANNUITY_m_app_AMT_GOODS_PRICE_d_app_AMT_INCOME_TOTAL_std_div_mean,25.474300384521484,1
7,f104_nyg_low_normal_AMT_ANNUITY_m_app_AMT_GOODS_PRICE_d_app_AMT_INCOME_TOTAL_pctchange_mean,37.42919921875,5
7,f104_nyg_low_normal_AMT_ANNUITY_max,352.00981998443604,34
7,f104_nyg_low_normal_AMT_ANNUITY_m_app_AMT_GOODS_PRICE_d_app_AMT_INCOME_TOTAL_std,6.826980113983154,1
7,f104_nyg_low_normal_AMT_ANNUITY_s_app_AMT_ANNUITY_d_app_AMT_INCOME_TOTAL_diff_max,8.805529832839966,2
7,f104_nyg_low_normal_AMT_ANNUITY_min,349.61059975624084,37
7,f104_nyg_low_normal_AMT_ANNUITY_s_app_AMT_ANNUITY_d_app_AMT_INCOME_TOTAL_diff_mean,5.445819854736328,1
7,f104_nyg_low_normal_AMT_ANNUITY_mean,277.8781027793884,28
7,f104_nyg_low_normal_AMT_ANNUITY_s_app_AMT_ANNUITY_d_app_AMT_INCOME_TOTAL_mean,170.75885009765625,23
7,f104_nyg_low_normal_AMT_ANNUITY_s_app_AMT_ANNUITY_d_app_AMT_INCOME_TOTAL_min,99.82350969314575,12
7,f104_nyg_low_normal_AMT_ANNUITY_s_app_AMT_ANNUITY_d_app_AMT_INCOME_TOTAL_max,112.52352023124695,13
7,f104_nyg_low_normal_AMT_ANNUITY_s_app_AMT_ANNUITY_d_app_AMT_INCOME_TOTAL_std,13.433899879455566,1
7,f104_nyg_low_normal_AMT_ANNUITY_s_app_AMT_ANNUITY_d_app_AMT_INCOME_TOTAL_diff_std,0.0,0
7,f104_nyg_low_normal_AMT_ANNUITY_s_app_AMT_ANNUITY_d_app_AMT_INCOME_TOTAL_pctchange_std_div_mean,14.065699577331543,1
7,f104_nyg_low_normal_AMT_ANNUITY_s_app_AMT_ANNUITY_diff_std,0.0,0
7,f104_nyg_low_normal_AMT_ANNUITY_s_app_AMT_ANNUITY_diff_min,21.119450569152832,3
7,f104_nyg_low_normal_AMT_ANNUITY_s_app_AMT_ANNUITY_pctchange_std_div_mean,4.5210700035095215,1
7,f104_nyg_low_normal_AMT_ANNUITY_s_app_AMT_ANNUITY_diff_max,51.41119050979614,8
7,f104_nyg_low_normal_AMT_ANNUITY_s_app_AMT_ANNUITY_diff_mean,72.64776992797852,6
7,f104_nyg_low_normal_AMT_ANNUITY_s_app_AMT_ANNUITY_max,174.45314931869507,22
7,f104_nyg_low_normal_AMT_ANNUITY_s_app_AMT_ANNUITY_mean,60.597269773483276,8
7,f104_nyg_low_normal_AMT_ANNUITY_s_app_AMT_CREDIT_d_app_AMT_INCOME_TOTAL_diff_std,0.0,0
7,f104_nyg_low_normal_AMT_ANNUITY_s_app_AMT_CREDIT_d_app_AMT_INCOME_TOTAL_diff_max,26.44454050064087,3
7,f104_nyg_low_normal_AMT_ANNUITY_s_app_AMT_CREDIT_d_app_AMT_INCOME_TOTAL_std,0.0,0
7,f104_nyg_low_normal_AMT_ANNUITY_s_app_AMT_ANNUITY_std,0.0,0
7,f104_nyg_low_normal_AMT_ANNUITY_s_app_AMT_ANNUITY_min,216.34594917297363,26
7,f104_nyg_low_normal_AMT_ANNUITY_s_app_AMT_CREDIT_d_app_AMT_INCOME_TOTAL_diff_mean,0.0,0
7,f104_nyg_low_normal_AMT_ANNUITY_s_app_AMT_CREDIT_d_app_AMT_INCOME_TOTAL_pctchange_max,43.82780075073242,5
7,f104_nyg_low_normal_AMT_ANNUITY_s_app_AMT_CREDIT_d_app_AMT_INCOME_TOTAL_pctchange_std,0.0,0
7,f104_nyg_low_normal_AMT_ANNUITY_s_app_AMT_CREDIT_d_app_AMT_INCOME_TOTAL_pctchange_min,56.32896900177002,8
7,f104_nyg_low_normal_AMT_ANNUITY_s_app_AMT_CREDIT_diff_std,0.0,0
7,f104_nyg_low_normal_AMT_ANNUITY_s_app_AMT_CREDIT_d_app_AMT_INCOME_TOTAL_pctchange_mean,12.097000122070312,2
7,f104_nyg_low_normal_AMT_ANNUITY_s_app_AMT_CREDIT_diff_min,38.73142957687378,3
7,f104_nyg_low_normal_AMT_ANNUITY_s_app_AMT_CREDIT_pctchange_std,0.0,0
7,f104_nyg_low_normal_AMT_ANNUITY_s_app_AMT_CREDIT_diff_mean,10.396989822387695,2
7,f104_nyg_low_normal_AMT_ANNUITY_s_app_AMT_CREDIT_std,0.0,0
7,f104_nyg_low_normal_AMT_ANNUITY_s_app_AMT_CREDIT_diff_max,2.869339942932129,1
7,f104_nyg_low_normal_AMT_ANNUITY_s_app_AMT_CREDIT_pctchange_max,27.306469917297363,5
7,f104_nyg_low_normal_AMT_ANNUITY_s_app_AMT_GOODS_PRICE_diff_max,23.88998031616211,3
7,f104_nyg_low_normal_AMT_ANNUITY_s_app_AMT_CREDIT_pctchange_mean,0.0,0
7,f104_nyg_low_normal_AMT_ANNUITY_s_app_AMT_INCOME_TOTAL_diff_mean,21.52499008178711,2
7,f104_nyg_low_normal_AMT_ANNUITY_s_app_AMT_CREDIT_pctchange_min,0.0,0
7,f104_nyg_low_normal_AMT_ANNUITY_s_app_AMT_GOODS_PRICE_diff_std,0.0,0
7,f104_nyg_low_normal_AMT_ANNUITY_s_app_AMT_GOODS_PRICE_pctchange_max,16.098700046539307,2
7,f104_nyg_low_normal_AMT_ANNUITY_s_app_AMT_GOODS_PRICE_diff_min,3.3083600997924805,1
7,f104_nyg_low_normal_AMT_ANNUITY_s_app_AMT_GOODS_PRICE_std,0.0,0
7,f104_nyg_low_normal_AMT_ANNUITY_s_app_AMT_INCOME_TOTAL_diff_max,0.0,0
7,f104_nyg_low_normal_AMT_ANNUITY_s_app_AMT_GOODS_PRICE_diff_mean,15.995959758758545,2
7,f104_nyg_low_normal_AMT_ANNUITY_s_app_AMT_GOODS_PRICE_std_div_mean,0.0,0
7,f104_nyg_low_normal_AMT_ANNUITY_s_app_AMT_GOODS_PRICE_pctchange_mean,0.0,0
7,f104_nyg_low_normal_AMT_ANNUITY_s_app_AMT_INCOME_TOTAL_diff_min,0.0,0
7,f104_nyg_low_normal_AMT_ANNUITY_std_div_mean,0.0,0
7,f104_nyg_low_normal_AMT_ANNUITY_s_app_AMT_INCOME_TOTAL_std,0.0,0
7,f104_nyg_low_normal_AMT_ANNUITY_std,0.0,0
7,f104_nyg_low_normal_AMT_ANNUITY_s_app_AMT_INCOME_TOTAL_diff_std,0.0,0
7,f104_nyg_low_normal_AMT_APPLICATION_d_app_AMT_ANNUITY_diff_std,0.0,0
7,f104_nyg_low_normal_AMT_ANNUITY_s_app_AMT_INCOME_TOTAL_pctchange_std,0.0,0
7,f104_nyg_low_normal_AMT_APPLICATION_d_app_AMT_ANNUITY_std,11.870499610900879,1
7,f104_nyg_low_normal_AMT_APPLICATION_d_app_AMT_ANNUITY_std_div_mean,11.563400268554688,1
7,f104_nyg_low_normal_AMT_APPLICATION_d_app_AMT_ANNUITY_diff_std_div_mean,0.0,0
7,f104_nyg_low_normal_AMT_ANNUITY_s_app_AMT_INCOME_TOTAL_std_div_mean,0.0,0
7,f104_nyg_low_normal_AMT_APPLICATION_d_app_AMT_GOODS_PRICE_diff_std_div_mean,0.0,0
7,f104_nyg_low_normal_AMT_APPLICATION_d_app_AMT_CREDIT_diff_std_div_mean,0.0,0
7,f104_nyg_low_normal_AMT_APPLICATION_d_app_AMT_GOODS_PRICE_std,3.8554000854492188,1
7,f104_nyg_low_normal_AMT_APPLICATION_d_app_AMT_CREDIT_std_div_mean,0.0,0
7,f104_nyg_low_normal_AMT_APPLICATION_d_app_AMT_GOODS_PRICE_std_div_mean,0.0,0
7,f104_nyg_low_normal_AMT_APPLICATION_d_app_AMT_CREDIT_std,0.0,0
7,f104_nyg_low_normal_AMT_APPLICATION_m_app_AMT_GOODS_PRICE_d_app_AMT_INCOME_TOTAL_diff_std_div_mean,0.0,0
7,f104_nyg_low_normal_AMT_APPLICATION_d_app_AMT_INCOME_TOTAL_diff_std,0.0,0
7,f104_nyg_low_normal_AMT_APPLICATION_m_app_AMT_GOODS_PRICE_d_app_AMT_INCOME_TOTAL_diff_std,0.0,0
7,f104_nyg_low_normal_AMT_APPLICATION_d_app_AMT_INCOME_TOTAL_diff_std_div_mean,16.854799270629883,1
7,f104_nyg_low_normal_AMT_APPLICATION_d_app_AMT_INCOME_TOTAL_std_div_mean,0.0,0
7,f104_nyg_low_normal_AMT_APPLICATION_d_app_AMT_INCOME_TOTAL_std,0.0,0
7,f104_nyg_low_normal_AMT_APPLICATION_s_app_AMT_ANNUITY_d_app_AMT_INCOME_TOTAL_diff_std_div_mean,0.0,0
7,f104_nyg_low_normal_AMT_APPLICATION_s_app_AMT_ANNUITY_d_app_AMT_INCOME_TOTAL_diff_std,0.0,0
7,f104_nyg_low_normal_AMT_APPLICATION_s_app_AMT_ANNUITY_d_app_AMT_INCOME_TOTAL_std,0.0,0
7,f104_nyg_low_normal_AMT_APPLICATION_s_app_AMT_ANNUITY_diff_std_div_mean,0.0,0
7,f104_nyg_low_normal_AMT_APPLICATION_m_app_AMT_GOODS_PRICE_d_app_AMT_INCOME_TOTAL_pctchange_std,0.0,0
7,f104_nyg_low_normal_AMT_APPLICATION_m_app_AMT_GOODS_PRICE_d_app_AMT_INCOME_TOTAL_std,0.0,0
7,f104_nyg_low_normal_AMT_APPLICATION_s_app_AMT_CREDIT_diff_std_div_mean,0.0,0
7,f104_nyg_low_normal_AMT_APPLICATION_s_app_AMT_CREDIT_std,3.8611700534820557,1
7,f104_nyg_low_normal_AMT_APPLICATION_s_app_AMT_CREDIT_d_app_AMT_INCOME_TOTAL_diff_std,0.0,0
7,f104_nyg_low_normal_AMT_APPLICATION_s_app_AMT_ANNUITY_std,0.0,0
7,f104_nyg_low_normal_AMT_APPLICATION_s_app_AMT_CREDIT_d_app_AMT_INCOME_TOTAL_diff_std_div_mean,0.0,0
7,f104_nyg_low_normal_AMT_APPLICATION_s_app_AMT_CREDIT_d_app_AMT_INCOME_TOTAL_std,0.0,0
7,f104_nyg_low_normal_AMT_APPLICATION_s_app_AMT_INCOME_TOTAL_diff_std_div_mean,0.0,0
7,f104_nyg_low_normal_AMT_APPLICATION_s_app_AMT_GOODS_PRICE_std,0.0,0
7,f104_nyg_low_normal_AMT_APPLICATION_s_app_AMT_GOODS_PRICE_diff_std_div_mean,0.0,0
7,f104_nyg_low_normal_AMT_APPLICATION_std_div_mean,0.0,0
7,f104_nyg_low_normal_AMT_APPLICATION_s_app_AMT_GOODS_PRICE_min,140.26479983329773,17
7,f104_nyg_low_normal_AMT_APPLICATION_s_app_AMT_GOODS_PRICE_pctchange_std,0.0,0
7,f104_nyg_low_normal_AMT_APPLICATION_s_app_AMT_INCOME_TOTAL_std,0.0,0
7,f104_nyg_low_normal_AMT_APPLICATION_std,0.0,0
7,f104_nyg_low_normal_AMT_CREDIT_d_AMT_ANNUITY_std,0.0,0
7,f104_nyg_low_normal_AMT_APPLICATION_s_app_AMT_INCOME_TOTAL_std_div_mean,0.0,0
7,f104_nyg_low_normal_AMT_CREDIT_d_AMT_ANNUITY_mean,147.14209985733032,18
7,f104_nyg_low_normal_AMT_CREDIT_d_AMT_ANNUITY_min,260.3483712673187,31
7,f104_nyg_low_normal_AMT_CREDIT_d_AMT_APPLICATION_diff_max_div_min,29.405460596084595,5
7,f104_nyg_low_normal_AMT_CREDIT_d_AMT_ANNUITY_std_div_mean,16.794599533081055,1
7,f104_nyg_low_normal_AMT_CREDIT_d_AMT_ANNUITY_max,241.4202811717987,24
7,f104_nyg_low_normal_AMT_CREDIT_d_AMT_APPLICATION_mean,130.6925287246704,13
7,f104_nyg_low_normal_AMT_CREDIT_d_AMT_APPLICATION_max,190.03561305999756,18
7,f104_nyg_low_normal_AMT_CREDIT_d_AMT_APPLICATION_min,235.32259964942932,28
7,f104_nyg_low_normal_AMT_CREDIT_d_AMT_APPLICATION_pctchange_max_div_min,23.086549520492554,3
7,f104_nyg_low_normal_AMT_CREDIT_d_app_AMT_ANNUITY_diff_std,3.79367995262146,1
7,f104_nyg_low_normal_AMT_CREDIT_d_app_AMT_ANNUITY_std_div_mean,11.61515998840332,2
7,f104_nyg_low_normal_AMT_CREDIT_d_AMT_APPLICATION_pctchange_min,92.48709011077881,13
7,f104_nyg_low_normal_AMT_CREDIT_d_app_AMT_ANNUITY_pctchange_std_div_mean,0.0,0
7,f104_nyg_low_normal_AMT_CREDIT_d_AMT_APPLICATION_pctchange_mean,102.45898938179016,18
7,f104_nyg_low_normal_AMT_CREDIT_d_app_AMT_ANNUITY_std,32.798879623413086,3
7,f104_nyg_low_normal_AMT_CREDIT_d_app_AMT_GOODS_PRICE_pctchange_std_div_mean,0.0,0
7,f104_nyg_low_normal_AMT_CREDIT_d_app_AMT_CREDIT_std,8.052300453186035,1
7,f104_nyg_low_normal_AMT_CREDIT_d_app_AMT_GOODS_PRICE_diff_std,0.0,0
7,f104_nyg_low_normal_AMT_CREDIT_d_app_AMT_CREDIT_pctchange_std_div_mean,0.0,0
7,f104_nyg_low_normal_AMT_CREDIT_d_app_AMT_CREDIT_std_div_mean,0.0,0
7,f104_nyg_low_normal_AMT_CREDIT_d_total_debt_diff_std,8.746359825134277,1
7,f104_nyg_low_normal_AMT_CREDIT_d_app_AMT_INCOME_TOTAL_std,0.0,0
7,f104_nyg_low_normal_AMT_CREDIT_d_app_AMT_GOODS_PRICE_std,0.0,0
7,f104_nyg_low_normal_AMT_CREDIT_d_app_AMT_INCOME_TOTAL_pctchange_std_div_mean,0.0,0
7,f104_nyg_low_normal_AMT_CREDIT_d_app_AMT_GOODS_PRICE_std_div_mean,0.0,0
7,f104_nyg_low_normal_AMT_CREDIT_d_app_AMT_INCOME_TOTAL_diff_std,0.0,0
7,f104_nyg_low_normal_AMT_CREDIT_d_app_AMT_INCOME_TOTAL_std_div_mean,0.0,0
7,f104_nyg_low_normal_AMT_CREDIT_d_total_debt_std,9.980469703674316,1
7,f104_nyg_low_normal_AMT_CREDIT_d_total_debt_std_div_mean,0.0,0
7,f104_nyg_low_normal_AMT_CREDIT_d_total_debt_mean,262.79396867752075,22
7,f104_nyg_low_normal_AMT_CREDIT_d_total_debt_max,231.58377015590668,23
7,f104_nyg_low_normal_AMT_CREDIT_d_total_debt_min,263.1280001401901,35
7,f104_nyg_low_normal_AMT_CREDIT_m_app_AMT_GOODS_PRICE_d_app_AMT_INCOME_TOTAL_diff_std,0.0,0
7,f104_nyg_low_normal_AMT_CREDIT_s_app_AMT_ANNUITY_d_app_AMT_INCOME_TOTAL_pctchange_std,3.364269971847534,1
7,f104_nyg_low_normal_AMT_CREDIT_s_app_AMT_ANNUITY_d_app_AMT_INCOME_TOTAL_pctchange_max,277.1549496650696,30
7,f104_nyg_low_normal_AMT_CREDIT_s_app_AMT_ANNUITY_d_app_AMT_INCOME_TOTAL_diff_std,0.0,0
7,f104_nyg_low_normal_AMT_CREDIT_m_app_AMT_GOODS_PRICE_d_app_AMT_INCOME_TOTAL_std,0.0,0
7,f104_nyg_low_normal_AMT_CREDIT_m_app_AMT_GOODS_PRICE_d_app_AMT_INCOME_TOTAL_max_div_min,0.0,0
7,f104_nyg_low_normal_AMT_CREDIT_s_app_AMT_ANNUITY_pctchange_std,0.0,0
7,f104_nyg_low_normal_AMT_CREDIT_s_app_AMT_CREDIT_d_app_AMT_INCOME_TOTAL_diff_std,0.0,0
7,f104_nyg_low_normal_AMT_CREDIT_s_app_AMT_ANNUITY_d_app_AMT_INCOME_TOTAL_std,0.0,0
7,f104_nyg_low_normal_AMT_CREDIT_s_app_AMT_ANNUITY_pctchange_max,119.05160069465637,18
7,f104_nyg_low_normal_AMT_CREDIT_s_app_AMT_ANNUITY_std,0.0,0
7,f104_nyg_low_normal_AMT_CREDIT_s_app_AMT_CREDIT_d_app_AMT_INCOME_TOTAL_std,0.0,0
7,f104_nyg_low_normal_AMT_CREDIT_s_app_AMT_GOODS_PRICE_max_div_min,0.0,0
7,f104_nyg_low_normal_AMT_CREDIT_s_app_AMT_GOODS_PRICE_max,239.00255119800568,32
7,f104_nyg_low_normal_AMT_CREDIT_s_app_AMT_CREDIT_min,144.17464089393616,20
7,f104_nyg_low_normal_AMT_CREDIT_s_app_AMT_GOODS_PRICE_min,61.27510976791382,7
7,f104_nyg_low_normal_AMT_CREDIT_s_app_AMT_GOODS_PRICE_mean,126.10400056838989,15
7,f104_nyg_low_normal_AMT_CREDIT_s_app_AMT_CREDIT_std,0.0,0
7,f104_nyg_low_normal_AMT_CREDIT_s_app_AMT_GOODS_PRICE_std,0.0,0
7,f104_nyg_low_normal_AMT_CREDIT_s_app_AMT_INCOME_TOTAL_pctchange_std_div_mean,0.0,0
7,f104_nyg_low_normal_AMT_CREDIT_std,0.0,0
7,f104_nyg_low_normal_AMT_CREDIT_s_app_AMT_INCOME_TOTAL_std,0.0,0
7,f104_nyg_low_normal_AMT_CREDIT_std_div_mean,0.0,0
7,f104_nyg_low_normal_AMT_DOWN_PAYMENT_d_AMT_GOODS_PRICE_diff_std_div_mean,0.0,0
7,f104_nyg_low_normal_AMT_DOWN_PAYMENT_d_AMT_GOODS_PRICE_diff_max,31.167420387268066,3
7,f104_nyg_low_normal_AMT_DOWN_PAYMENT_d_AMT_GOODS_PRICE_diff_min,51.891550064086914,9
7,f104_nyg_low_normal_AMT_DOWN_PAYMENT_d_AMT_GOODS_PRICE_pctchange_std_div_mean,0.0,0
7,f104_nyg_low_normal_AMT_DOWN_PAYMENT_d_AMT_GOODS_PRICE_pctchange_std,0.0,0
7,f104_nyg_low_normal_AMT_DOWN_PAYMENT_d_AMT_GOODS_PRICE_diff_mean,36.265599727630615,5
7,f104_nyg_low_normal_AMT_DOWN_PAYMENT_d_AMT_GOODS_PRICE_std_div_mean,0.0,0
7,f104_nyg_low_normal_AMT_DOWN_PAYMENT_d_AMT_GOODS_PRICE_diff_std,0.0,0
7,f104_nyg_low_normal_AMT_GOODS_PRICE_d_AMT_ANNUITY_std,0.0,0
7,f104_nyg_low_normal_AMT_GOODS_PRICE_d_AMT_ANNUITY_std_div_mean,0.0,0
7,f104_nyg_low_normal_AMT_GOODS_PRICE_d_AMT_ANNUITY_mean,125.75268006324768,22
7,f104_nyg_low_normal_AMT_GOODS_PRICE_d_AMT_ANNUITY_max,136.23964023590088,20
7,f104_nyg_low_normal_AMT_GOODS_PRICE_d_AMT_ANNUITY_min,130.52865028381348,19
7,f104_nyg_low_normal_AMT_GOODS_PRICE_d_AMT_CREDIT_max,90.9634599685669,14
7,f104_nyg_low_normal_AMT_GOODS_PRICE_d_AMT_CREDIT_diff_min,195.15302062034607,28
7,f104_nyg_low_normal_AMT_GOODS_PRICE_d_AMT_CREDIT_diff_max,58.61903953552246,9
7,f104_nyg_low_normal_AMT_GOODS_PRICE_d_AMT_CREDIT_mean,115.86237072944641,11
7,f104_nyg_low_normal_AMT_GOODS_PRICE_d_AMT_CREDIT_min,109.28610134124756,9
7,f104_nyg_low_normal_AMT_GOODS_PRICE_d_AMT_CREDIT_diff_mean,75.11589980125427,11
7,f104_nyg_low_normal_AMT_GOODS_PRICE_d_app_AMT_ANNUITY_diff_std,0.0,0
7,f104_nyg_low_normal_AMT_GOODS_PRICE_d_AMT_CREDIT_pctchange_max,32.97280025482178,4
7,f104_nyg_low_normal_AMT_GOODS_PRICE_d_app_AMT_ANNUITY_std,0.0,0
7,f104_nyg_low_normal_AMT_GOODS_PRICE_d_app_AMT_ANNUITY_diff_std_div_mean,0.0,0
7,f104_nyg_low_normal_AMT_GOODS_PRICE_d_app_AMT_ANNUITY_std_div_mean,0.0,0
7,f104_nyg_low_normal_AMT_GOODS_PRICE_d_app_AMT_CREDIT_diff_std_div_mean,0.0,0
7,f104_nyg_low_normal_AMT_GOODS_PRICE_d_app_AMT_CREDIT_std_div_mean,0.0,0
7,f104_nyg_low_normal_AMT_GOODS_PRICE_d_app_AMT_GOODS_PRICE_diff_std_div_mean,0.0,0
7,f104_nyg_low_normal_AMT_GOODS_PRICE_d_app_AMT_CREDIT_std,0.0,0
7,f104_nyg_low_normal_AMT_GOODS_PRICE_d_app_AMT_GOODS_PRICE_std_div_mean,0.0,0
7,f104_nyg_low_normal_AMT_GOODS_PRICE_d_app_AMT_GOODS_PRICE_std,0.0,0
7,f104_nyg_low_normal_AMT_GOODS_PRICE_d_app_AMT_INCOME_TOTAL_diff_std_div_mean,0.0,0
7,f104_nyg_low_normal_AMT_GOODS_PRICE_d_total_debt_diff_std,0.0,0
7,f104_nyg_low_normal_AMT_GOODS_PRICE_d_app_AMT_INCOME_TOTAL_diff_std,0.0,0
7,f104_nyg_low_normal_AMT_GOODS_PRICE_d_app_AMT_INCOME_TOTAL_std,0.0,0
7,f104_nyg_low_normal_AMT_GOODS_PRICE_d_app_AMT_INCOME_TOTAL_std_div_mean,0.0,0
7,f104_nyg_low_normal_AMT_GOODS_PRICE_d_total_debt_mean,234.29933106899261,21
7,f104_nyg_low_normal_AMT_GOODS_PRICE_d_total_debt_diff_max,140.43493127822876,16
7,f104_nyg_low_normal_AMT_GOODS_PRICE_d_total_debt_diff_mean,141.4016695022583,17
7,f104_nyg_low_normal_AMT_GOODS_PRICE_d_total_debt_diff_min,217.13959789276123,27
7,f104_nyg_low_normal_AMT_GOODS_PRICE_d_total_debt_max,190.05757999420166,16
7,f104_nyg_low_normal_AMT_GOODS_PRICE_d_total_debt_pctchange_min,211.0790719985962,25
7,f104_nyg_low_normal_AMT_GOODS_PRICE_d_total_debt_min,253.61255049705505,24
7,f104_nyg_low_normal_AMT_GOODS_PRICE_d_total_debt_std,13.544879913330078,2
7,f104_nyg_low_normal_AMT_GOODS_PRICE_m_app_AMT_GOODS_PRICE_d_app_AMT_INCOME_TOTAL_diff_std_div_mean,0.0,0
7,f104_nyg_low_normal_AMT_GOODS_PRICE_d_total_debt_std_div_mean,38.094420433044434,3
7,f104_nyg_low_normal_AMT_GOODS_PRICE_m_app_AMT_GOODS_PRICE_d_app_AMT_INCOME_TOTAL_diff_std,0.0,0
7,f104_nyg_low_normal_AMT_GOODS_PRICE_d_total_debt_pctchange_max,165.86882865428925,22
7,f104_nyg_low_normal_AMT_GOODS_PRICE_d_total_debt_pctchange_mean,100.51308012008667,12
7,f104_nyg_low_normal_AMT_GOODS_PRICE_s_app_AMT_ANNUITY_diff_std_div_mean,0.0,0
7,f104_nyg_low_normal_AMT_GOODS_PRICE_s_app_AMT_ANNUITY_d_app_AMT_INCOME_TOTAL_diff_std_div_mean,0.0,0
7,f104_nyg_low_normal_AMT_GOODS_PRICE_s_app_AMT_ANNUITY_d_app_AMT_INCOME_TOTAL_diff_std,0.0,0
7,f104_nyg_low_normal_AMT_GOODS_PRICE_s_app_AMT_ANNUITY_d_app_AMT_INCOME_TOTAL_std,0.0,0
7,f104_nyg_low_normal_AMT_GOODS_PRICE_m_app_AMT_GOODS_PRICE_d_app_AMT_INCOME_TOTAL_std,0.0,0
7,f104_nyg_low_normal_AMT_GOODS_PRICE_m_app_AMT_GOODS_PRICE_d_app_AMT_INCOME_TOTAL_pctchange_std,0.0,0
7,f104_nyg_low_normal_AMT_GOODS_PRICE_s_app_AMT_CREDIT_d_app_AMT_INCOME_TOTAL_diff_std_div_mean,0.0,0
7,f104_nyg_low_normal_AMT_GOODS_PRICE_s_app_AMT_ANNUITY_std,0.0,0
7,f104_nyg_low_normal_AMT_GOODS_PRICE_s_app_AMT_CREDIT_std,0.0,0
7,f104_nyg_low_normal_AMT_GOODS_PRICE_s_app_AMT_CREDIT_d_app_AMT_INCOME_TOTAL_diff_std,0.0,0
7,f104_nyg_low_normal_AMT_GOODS_PRICE_s_app_AMT_CREDIT_diff_std_div_mean,0.0,0
7,f104_nyg_low_normal_AMT_GOODS_PRICE_s_app_AMT_CREDIT_d_app_AMT_INCOME_TOTAL_std,0.0,0
7,f104_nyg_low_normal_AMT_GOODS_PRICE_s_app_AMT_GOODS_PRICE_diff_std_div_mean,0.0,0
7,f104_nyg_low_normal_AMT_GOODS_PRICE_s_app_AMT_INCOME_TOTAL_std,0.0,0
7,f104_nyg_low_normal_AMT_GOODS_PRICE_s_app_AMT_GOODS_PRICE_pctchange_std,0.0,0
7,f104_nyg_low_normal_AMT_GOODS_PRICE_s_app_AMT_INCOME_TOTAL_diff_std_div_mean,0.0,0
7,f104_nyg_low_normal_AMT_GOODS_PRICE_s_app_AMT_GOODS_PRICE_std,0.0,0
7,f104_nyg_low_normal_AMT_GOODS_PRICE_s_app_AMT_GOODS_PRICE_min,70.09877967834473,8
7,f104_nyg_low_normal_AMT_GOODS_PRICE_std,0.0,0
7,f104_nyg_low_normal_AMT_GOODS_PRICE_s_app_AMT_INCOME_TOTAL_std_div_mean,0.0,0
7,f104_nyg_low_normal_CNT_PAYMENT_mean,31.330400466918945,3
7,f104_nyg_low_normal_CNT_PAYMENT_min,0.0,0
7,f104_nyg_low_normal_CNT_PAYMENT_max,7.583549976348877,1
7,f104_nyg_low_normal_AMT_GOODS_PRICE_std_div_mean,0.0,0
7,f104_nyg_low_normal_CNT_PAYMENT_std,0.0,0
7,f104_nyg_low_normal_CODE_REJECT_REASON_LIMIT_mean,35.321200370788574,2
7,f104_nyg_low_normal_CODE_REJECT_REASON_HC_sum,0.0,0
7,f104_nyg_low_normal_CNT_PAYMENT_std_div_mean,12.812000274658203,1
7,f104_nyg_low_normal_CODE_REJECT_REASON_HC_mean,0.0,0
7,f104_nyg_low_normal_CODE_REJECT_REASON_LIMIT_sum,0.0,0
7,f104_nyg_low_normal_DAYS_DECISION_d_app_DAYS_BIRTH_std_div_mean,0.0,0
7,f104_nyg_low_normal_DAYS_DECISION_d_app_DAYS_EMPLOYED_min,145.30820894241333,17
7,f104_nyg_low_normal_CODE_REJECT_REASON_XAP_mean,52.328399658203125,3
7,f104_nyg_low_normal_DAYS_DECISION_d_app_DAYS_BIRTH_max,152.42704916000366,21
7,f104_nyg_low_normal_DAYS_DECISION_d_app_DAYS_BIRTH_min,70.08589053153992,11
7,f104_nyg_low_normal_DAYS_DECISION_d_app_DAYS_BIRTH_mean,47.7432199716568,9
7,f104_nyg_low_normal_DAYS_DECISION_d_app_DAYS_ID_PUBLISH_std_div_mean,0.0,0
7,f104_nyg_low_normal_DAYS_DECISION_d_app_DAYS_LAST_PHONE_CHANGE_std_div_mean,8.222760200500488,1
7,f104_nyg_low_normal_DAYS_DECISION_d_app_DAYS_EMPLOYED_mean,216.6885175704956,13
7,f104_nyg_low_normal_CODE_REJECT_REASON_XAP_sum,0.0,0
7,f104_nyg_low_normal_DAYS_DECISION_d_app_DAYS_LAST_PHONE_CHANGE_max,144.78489208221436,22
7,f104_nyg_low_normal_DAYS_DECISION_d_app_DAYS_EMPLOYED_max,67.227210521698,5
7,f104_nyg_low_normal_DAYS_DECISION_d_app_DAYS_REGISTRATION_std_div_mean,0.0,0
7,f104_nyg_low_normal_DAYS_DECISION_d_app_DAYS_LAST_PHONE_CHANGE_min,97.98364019393921,15
7,f104_nyg_low_normal_DAYS_DECISION_d_app_DAYS_REGISTRATION_std,6.994999885559082,1
7,f104_nyg_low_normal_DAYS_DECISION_s_app_DAYS_BIRTH_max,144.1987702846527,20
7,f104_nyg_low_normal_DAYS_DECISION_d_app_DAYS_LAST_PHONE_CHANGE_mean,74.42638063430786,13
7,f104_nyg_low_normal_DAYS_DECISION_s_app_DAYS_BIRTH_mean,120.7308075428009,10
7,f104_nyg_low_normal_DAYS_DECISION_s_app_DAYS_EMPLOYED_std,0.0,0
7,f104_nyg_low_normal_DAYS_DECISION_s_app_DAYS_BIRTH_std,0.0,0
7,f104_nyg_low_normal_DAYS_DECISION_s_app_DAYS_EMPLOYED_mean,60.134840965270996,12
7,f104_nyg_low_normal_DAYS_DECISION_s_app_DAYS_EMPLOYED_max,73.90975999832153,9
7,f104_nyg_low_normal_DAYS_DECISION_s_app_DAYS_BIRTH_min,78.6601505279541,8
7,f104_nyg_low_normal_DAYS_DECISION_s_app_DAYS_LAST_PHONE_CHANGE_std,0.0,0
7,f104_nyg_low_normal_DAYS_DECISION_s_app_DAYS_LAST_PHONE_CHANGE_std_div_mean,0.0,0
7,f104_nyg_low_normal_DAYS_DECISION_s_app_DAYS_ID_PUBLISH_std,0.0,0
7,f104_nyg_low_normal_DAYS_DECISION_s_app_DAYS_LAST_PHONE_CHANGE_max,111.48934984207153,14
7,f104_nyg_low_normal_DAYS_DECISION_s_app_DAYS_ID_PUBLISH_max,214.94277954101562,30
7,f104_nyg_low_normal_DAYS_DECISION_s_app_DAYS_ID_PUBLISH_mean,156.831360578537,17
7,f104_nyg_low_normal_DAYS_DECISION_s_app_DAYS_LAST_PHONE_CHANGE_mean,76.70863962173462,10
7,f104_nyg_low_normal_DAYS_FIRST_DRAWING_d_app_DAYS_BIRTH_max,0.0,0
7,f104_nyg_low_normal_DAYS_FIRST_DRAWING_d_app_DAYS_BIRTH_max_div_min,0.0,0
7,f104_nyg_low_normal_DAYS_DECISION_s_app_DAYS_REGISTRATION_max,178.30052137374878,20
7,f104_nyg_low_normal_DAYS_DECISION_s_app_DAYS_EMPLOYED_min,65.00272130966187,6
7,f104_nyg_low_normal_DAYS_DECISION_s_app_DAYS_ID_PUBLISH_min,98.32240128517151,13
7,f104_nyg_low_normal_DAYS_DECISION_s_app_DAYS_REGISTRATION_std,0.0,0
7,f104_nyg_low_normal_DAYS_FIRST_DRAWING_d_app_DAYS_BIRTH_min,0.0,0
7,f104_nyg_low_normal_DAYS_FIRST_DRAWING_d_app_DAYS_BIRTH_mean,0.0,0
7,f104_nyg_low_normal_DAYS_DECISION_s_app_DAYS_REGISTRATION_min,63.70918107032776,9
7,f104_nyg_low_normal_DAYS_DECISION_s_app_DAYS_LAST_PHONE_CHANGE_min,26.013609886169434,4
7,f104_nyg_low_normal_DAYS_DECISION_s_app_DAYS_ID_PUBLISH_std_div_mean,47.641700744628906,2
7,f104_nyg_low_normal_DAYS_DECISION_s_app_DAYS_REGISTRATION_mean,54.71209955215454,5
7,f104_nyg_low_normal_DAYS_FIRST_DRAWING_d_app_DAYS_BIRTH_std_div_mean,0.0,0
7,f104_nyg_low_normal_DAYS_FIRST_DRAWING_d_app_DAYS_EMPLOYED_min,0.0,0
7,f104_nyg_low_normal_DAYS_FIRST_DRAWING_d_app_DAYS_EMPLOYED_max,0.0,0
7,f104_nyg_low_normal_DAYS_DECISION_s_app_DAYS_REGISTRATION_std_div_mean,0.0,0
7,f104_nyg_low_normal_DAYS_FIRST_DRAWING_d_app_DAYS_ID_PUBLISH_max_div_min,0.0,0
7,f104_nyg_low_normal_DAYS_FIRST_DRAWING_d_app_DAYS_EMPLOYED_mean,0.0,0
7,f104_nyg_low_normal_DAYS_FIRST_DRAWING_d_app_DAYS_EMPLOYED_max_div_min,0.0,0
7,f104_nyg_low_normal_DAYS_FIRST_DRAWING_d_app_DAYS_BIRTH_std,0.0,0
7,f104_nyg_low_normal_DAYS_FIRST_DRAWING_d_app_DAYS_ID_PUBLISH_max,0.0,0
7,f104_nyg_low_normal_DAYS_FIRST_DRAWING_d_app_DAYS_LAST_PHONE_CHANGE_min,0.0,0
7,f104_nyg_low_normal_DAYS_FIRST_DRAWING_d_app_DAYS_EMPLOYED_std_div_mean,0.0,0
7,f104_nyg_low_normal_DAYS_FIRST_DRAWING_d_app_DAYS_LAST_PHONE_CHANGE_max,0.0,0
7,f104_nyg_low_normal_DAYS_FIRST_DRAWING_d_app_DAYS_ID_PUBLISH_std,0.0,0
7,f104_nyg_low_normal_DAYS_FIRST_DRAWING_d_app_DAYS_LAST_PHONE_CHANGE_mean,0.0,0
7,f104_nyg_low_normal_DAYS_FIRST_DRAWING_d_app_DAYS_EMPLOYED_std,0.0,0
7,f104_nyg_low_normal_DAYS_FIRST_DRAWING_d_app_DAYS_LAST_PHONE_CHANGE_std_div_mean,0.0,0
7,f104_nyg_low_normal_DAYS_FIRST_DRAWING_d_app_DAYS_ID_PUBLISH_mean,0.0,0
7,f104_nyg_low_normal_DAYS_FIRST_DRAWING_d_app_DAYS_ID_PUBLISH_std_div_mean,0.0,0
7,f104_nyg_low_normal_DAYS_FIRST_DRAWING_d_app_DAYS_LAST_PHONE_CHANGE_max_div_min,0.0,0
7,f104_nyg_low_normal_DAYS_FIRST_DRAWING_d_app_DAYS_REGISTRATION_min,0.0,0
7,f104_nyg_low_normal_DAYS_FIRST_DRAWING_d_app_DAYS_ID_PUBLISH_min,0.0,0
7,f104_nyg_low_normal_DAYS_FIRST_DRAWING_s_DAYS_DECISIONS_max,0.0,0
7,f104_nyg_low_normal_DAYS_FIRST_DRAWING_d_app_DAYS_LAST_PHONE_CHANGE_std,0.0,0
7,f104_nyg_low_normal_DAYS_FIRST_DRAWING_s_DAYS_DECISIONS_min,0.0,0
7,f104_nyg_low_normal_DAYS_FIRST_DRAWING_d_app_DAYS_REGISTRATION_std,0.0,0
7,f104_nyg_low_normal_DAYS_FIRST_DRAWING_s_DAYS_DECISIONS_max_div_min,0.0,0
7,f104_nyg_low_normal_DAYS_FIRST_DRAWING_d_app_DAYS_REGISTRATION_max,0.0,0
7,f104_nyg_low_normal_DAYS_FIRST_DRAWING_d_app_DAYS_REGISTRATION_std_div_mean,0.0,0
7,f104_nyg_low_normal_DAYS_FIRST_DRAWING_s_app_DAYS_BIRTH_max_div_min,0.0,0
7,f104_nyg_low_normal_DAYS_FIRST_DRAWING_d_app_DAYS_REGISTRATION_mean,0.0,0
7,f104_nyg_low_normal_DAYS_FIRST_DRAWING_s_DAYS_DECISIONS_std,0.0,0
7,f104_nyg_low_normal_DAYS_FIRST_DRAWING_s_app_DAYS_BIRTH_mean,0.0,0
7,f104_nyg_low_normal_DAYS_FIRST_DRAWING_s_app_DAYS_BIRTH_max,0.0,0
7,f104_nyg_low_normal_DAYS_FIRST_DRAWING_s_app_DAYS_EMPLOYED_max,0.0,0
7,f104_nyg_low_normal_DAYS_FIRST_DRAWING_s_app_DAYS_BIRTH_min,0.0,0
7,f104_nyg_low_normal_DAYS_FIRST_DRAWING_s_app_DAYS_EMPLOYED_max_div_min,0.0,0
7,f104_nyg_low_normal_DAYS_FIRST_DRAWING_d_app_DAYS_REGISTRATION_max_div_min,0.0,0
7,f104_nyg_low_normal_DAYS_FIRST_DRAWING_s_DAYS_DECISIONS_mean,0.0,0
7,f104_nyg_low_normal_DAYS_FIRST_DRAWING_s_app_DAYS_BIRTH_std,0.0,0
7,f104_nyg_low_normal_DAYS_FIRST_DRAWING_s_DAYS_DECISIONS_std_div_mean,0.0,0
7,f104_nyg_low_normal_DAYS_FIRST_DRAWING_s_app_DAYS_ID_PUBLISH_std_div_mean,0.0,0
7,f104_nyg_low_normal_DAYS_FIRST_DRAWING_s_app_DAYS_EMPLOYED_std_div_mean,0.0,0
7,f104_nyg_low_normal_DAYS_FIRST_DRAWING_s_app_DAYS_ID_PUBLISH_min,0.0,0
7,f104_nyg_low_normal_DAYS_FIRST_DRAWING_s_app_DAYS_EMPLOYED_mean,0.0,0
7,f104_nyg_low_normal_DAYS_FIRST_DRAWING_s_app_DAYS_BIRTH_std_div_mean,0.0,0
7,f104_nyg_low_normal_DAYS_FIRST_DRAWING_s_app_DAYS_EMPLOYED_std,0.0,0
7,f104_nyg_low_normal_DAYS_FIRST_DRAWING_s_app_DAYS_REGISTRATION_min,0.0,0
7,f104_nyg_low_normal_DAYS_FIRST_DRAWING_s_app_DAYS_EMPLOYED_min,0.0,0
7,f104_nyg_low_normal_DAYS_FIRST_DRAWING_s_app_DAYS_ID_PUBLISH_mean,0.0,0
7,f104_nyg_low_normal_DAYS_FIRST_DRAWING_s_app_DAYS_ID_PUBLISH_std,0.0,0
7,f104_nyg_low_normal_DAYS_FIRST_DRAWING_s_app_DAYS_ID_PUBLISH_max,0.0,0
7,f104_nyg_low_normal_DAYS_FIRST_DRAWING_s_app_DAYS_REGISTRATION_mean,0.0,0
7,f104_nyg_low_normal_DAYS_FIRST_DRAWING_s_app_DAYS_LAST_PHONE_CHANGE_std,0.0,0
7,f104_nyg_low_normal_DAYS_FIRST_DRAWING_s_app_DAYS_LAST_PHONE_CHANGE_max_div_min,0.0,0
7,f104_nyg_low_normal_DAYS_FIRST_DRAWING_s_app_DAYS_ID_PUBLISH_max_div_min,0.0,0
7,f104_nyg_low_normal_DAYS_FIRST_DRAWING_s_app_DAYS_LAST_PHONE_CHANGE_max,0.0,0
7,f104_nyg_low_normal_DAYS_FIRST_DRAWING_s_app_DAYS_LAST_PHONE_CHANGE_std_div_mean,0.0,0
7,f104_nyg_low_normal_DAYS_FIRST_DRAWING_s_app_DAYS_REGISTRATION_max,0.0,0
7,f104_nyg_low_normal_DAYS_FIRST_DRAWING_s_app_DAYS_REGISTRATION_std,0.0,0
7,f104_nyg_low_normal_DAYS_FIRST_DRAWING_s_app_DAYS_LAST_PHONE_CHANGE_min,0.0,0
7,f104_nyg_low_normal_DAYS_FIRST_DRAWING_s_app_DAYS_REGISTRATION_max_div_min,0.0,0
7,f104_nyg_low_normal_DAYS_FIRST_DRAWING_s_app_DAYS_REGISTRATION_std_div_mean,0.0,0
7,f104_nyg_low_normal_DAYS_FIRST_DRAWING_s_app_DAYS_LAST_PHONE_CHANGE_mean,0.0,0
7,f104_nyg_low_normal_DAYS_FIRST_DUE_d_app_DAYS_EMPLOYED_std,2.999500036239624,1
7,f104_nyg_low_normal_DAYS_FIRST_DUE_d_app_DAYS_BIRTH_mean,46.40100026130676,9
7,f104_nyg_low_normal_DAYS_FIRST_DUE_d_app_DAYS_BIRTH_min,101.52768993377686,15
7,f104_nyg_low_normal_DAYS_FIRST_DUE_d_app_DAYS_EMPLOYED_min,559.1330041885376,23
7,f104_nyg_low_normal_DAYS_FIRST_DUE_d_app_DAYS_BIRTH_max,97.33250069618225,16
7,f104_nyg_low_normal_DAYS_FIRST_DUE_d_app_DAYS_EMPLOYED_max,232.06522130966187,13
7,f104_nyg_low_normal_DAYS_FIRST_DUE_s_DAYS_FIRST_DRAWING_max,0.0,0
7,f104_nyg_low_normal_DAYS_FIRST_DUE_d_app_DAYS_LAST_PHONE_CHANGE_mean,179.08705806732178,26
7,f104_nyg_low_normal_DAYS_FIRST_DUE_d_app_DAYS_EMPLOYED_mean,346.02046728134155,14
7,f104_nyg_low_normal_DAYS_FIRST_DUE_d_app_DAYS_LAST_PHONE_CHANGE_max,238.03011071681976,29
7,f104_nyg_low_normal_DAYS_FIRST_DUE_d_app_DAYS_LAST_PHONE_CHANGE_min,189.35354018211365,27
7,f104_nyg_low_normal_DAYS_FIRST_DUE_s_DAYS_FIRST_DRAWING_mean,0.0,0
7,f104_nyg_low_normal_DAYS_FIRST_DUE_s_DAYS_FIRST_DRAWING_std_div_mean,0.0,0
7,f104_nyg_low_normal_DAYS_FIRST_DUE_s_DAYS_FIRST_DRAWING_min,0.0,0
7,f104_nyg_low_normal_DAYS_FIRST_DUE_d_app_DAYS_REGISTRATION_std,5.296850204467773,1
7,f104_nyg_low_normal_DAYS_FIRST_DUE_s_DAYS_FIRST_DRAWING_std,0.0,0
7,f104_nyg_low_normal_DAYS_FIRST_DUE_s_DAYS_FIRST_DRAWING_max_div_min,0.0,0
7,f104_nyg_low_normal_DAYS_FIRST_DUE_s_app_DAYS_BIRTH_max,551.1410324573517,15
7,f104_nyg_low_normal_DAYS_FIRST_DUE_s_app_DAYS_BIRTH_min,195.4185037612915,4
7,f104_nyg_low_normal_DAYS_FIRST_DUE_s_app_DAYS_ID_PUBLISH_mean,61.93130970001221,2
7,f104_nyg_low_normal_DAYS_FIRST_DUE_s_app_DAYS_ID_PUBLISH_min,84.65233016014099,12
7,f104_nyg_low_normal_DAYS_FIRST_DUE_s_app_DAYS_EMPLOYED_max,56.41777992248535,6
7,f104_nyg_low_normal_DAYS_FIRST_DUE_s_app_DAYS_BIRTH_mean,216.50988149642944,5
7,f104_nyg_low_normal_DAYS_FIRST_DUE_s_app_DAYS_EMPLOYED_mean,39.97105073928833,4
7,f104_nyg_low_normal_DAYS_FIRST_DUE_s_app_DAYS_REGISTRATION_max,74.79979991912842,9
7,f104_nyg_low_normal_DAYS_FIRST_DUE_s_app_DAYS_EMPLOYED_min,8.57196044921875,1
7,f104_nyg_low_normal_DAYS_FIRST_DUE_s_app_DAYS_LAST_PHONE_CHANGE_min,40.926729917526245,7
7,f104_nyg_low_normal_DAYS_FIRST_DUE_s_app_DAYS_ID_PUBLISH_max,164.1947102546692,18
7,f104_nyg_low_normal_DAYS_FIRST_DUE_s_app_DAYS_LAST_PHONE_CHANGE_mean,53.18962001800537,8
7,f104_nyg_low_normal_DAYS_LAST_DUE_1ST_VERSION_d_app_DAYS_EMPLOYED_std,0.0,0
7,f104_nyg_low_normal_DAYS_LAST_DUE_1ST_VERSION_d_app_DAYS_LAST_PHONE_CHANGE_std,0.0,0
7,f104_nyg_low_normal_DAYS_FIRST_DUE_s_app_DAYS_LAST_PHONE_CHANGE_max,57.37427020072937,6
7,f104_nyg_low_normal_DAYS_FIRST_DUE_s_app_DAYS_REGISTRATION_min,52.73239016532898,6
7,f104_nyg_low_normal_DAYS_FIRST_DUE_s_app_DAYS_REGISTRATION_mean,47.700650215148926,8
7,f104_nyg_low_normal_DAYS_LAST_DUE_1ST_VERSION_d_app_DAYS_BIRTH_max,215.67403078079224,29
7,f104_nyg_low_normal_DAYS_LAST_DUE_1ST_VERSION_s_DAYS_FIRST_DRAWING_max,0.0,0
7,f104_nyg_low_normal_DAYS_LAST_DUE_1ST_VERSION_d_app_DAYS_REGISTRATION_std,0.0,0
7,f104_nyg_low_normal_DAYS_LAST_DUE_1ST_VERSION_s_DAYS_DECISIONS_mean,73.38117027282715,10
7,f104_nyg_low_normal_DAYS_LAST_DUE_1ST_VERSION_s_DAYS_DECISIONS_min,73.48540019989014,10
7,f104_nyg_low_normal_DAYS_LAST_DUE_1ST_VERSION_s_DAYS_FIRST_DRAWING_std,0.0,0
7,f104_nyg_low_normal_DAYS_LAST_DUE_1ST_VERSION_s_DAYS_DECISIONS_max,81.56921100616455,9
7,f104_nyg_low_normal_DAYS_LAST_DUE_1ST_VERSION_s_DAYS_FIRST_DRAWING_std_div_mean,0.0,0
7,f104_nyg_low_normal_DAYS_LAST_DUE_1ST_VERSION_s_DAYS_FIRST_DRAWING_max_div_min,0.0,0
7,f104_nyg_low_normal_DAYS_LAST_DUE_1ST_VERSION_s_DAYS_FIRST_DRAWING_min,0.0,0
7,f104_nyg_low_normal_DAYS_LAST_DUE_1ST_VERSION_s_DAYS_FIRST_DRAWING_mean,0.0,0
7,f104_nyg_low_normal_DAYS_LAST_DUE_1ST_VERSION_s_DAYS_FIRST_DUE_max,0.0,0
7,f104_nyg_low_normal_DAYS_LAST_DUE_1ST_VERSION_s_DAYS_FIRST_DUE_min,0.0,0
7,f104_nyg_low_normal_DAYS_LAST_DUE_1ST_VERSION_s_app_DAYS_BIRTH_std,0.0,0
7,f104_nyg_low_normal_DAYS_LAST_DUE_1ST_VERSION_s_DAYS_FIRST_DUE_mean,9.494009971618652,1
7,f104_nyg_low_normal_DAYS_LAST_DUE_1ST_VERSION_s_app_DAYS_EMPLOYED_max,94.58705925941467,16
7,f104_nyg_low_normal_DAYS_LAST_DUE_1ST_VERSION_s_app_DAYS_BIRTH_min,82.91620945930481,10
7,f104_nyg_low_normal_DAYS_LAST_DUE_1ST_VERSION_s_app_DAYS_BIRTH_mean,16.410590171813965,3
7,f104_nyg_low_normal_DAYS_LAST_DUE_1ST_VERSION_s_app_DAYS_ID_PUBLISH_std,0.0,0
7,f104_nyg_low_normal_DAYS_LAST_DUE_1ST_VERSION_s_app_DAYS_BIRTH_max,45.495500802993774,8
7,f104_nyg_low_normal_DAYS_LAST_DUE_1ST_VERSION_s_app_DAYS_ID_PUBLISH_std_div_mean,0.0,0
7,f104_nyg_low_normal_DAYS_LAST_DUE_1ST_VERSION_s_app_DAYS_ID_PUBLISH_max,229.4609398841858,29
7,f104_nyg_low_normal_DAYS_LAST_DUE_1ST_VERSION_s_app_DAYS_EMPLOYED_mean,39.866619348526,5
7,f104_nyg_low_normal_DAYS_LAST_DUE_1ST_VERSION_s_app_DAYS_EMPLOYED_std,0.0,0
7,f104_nyg_low_normal_DAYS_LAST_DUE_1ST_VERSION_s_app_DAYS_ID_PUBLISH_min,92.33461165428162,13
7,f104_nyg_low_normal_DAYS_LAST_DUE_1ST_VERSION_s_app_DAYS_EMPLOYED_min,72.15776944160461,10
7,f104_nyg_low_normal_DAYS_LAST_DUE_1ST_VERSION_s_app_DAYS_ID_PUBLISH_mean,99.358069896698,16
7,f104_nyg_low_normal_DAYS_LAST_DUE_1ST_VERSION_s_app_DAYS_LAST_PHONE_CHANGE_std,0.0,0
7,f104_nyg_low_normal_DAYS_LAST_DUE_1ST_VERSION_s_app_DAYS_REGISTRATION_max_div_min,0.0,0
7,f104_nyg_low_normal_DAYS_LAST_DUE_1ST_VERSION_s_app_DAYS_REGISTRATION_mean,136.98535919189453,16
7,f104_nyg_low_normal_DAYS_LAST_DUE_1ST_VERSION_s_app_DAYS_REGISTRATION_std,0.0,0
7,f104_nyg_low_normal_DAYS_LAST_DUE_d_app_DAYS_BIRTH_std_div_mean,0.0,0
7,f104_nyg_low_normal_DAYS_LAST_DUE_d_app_DAYS_EMPLOYED_std_div_mean,0.0,0
7,f104_nyg_low_normal_DAYS_LAST_DUE_1ST_VERSION_s_app_DAYS_REGISTRATION_min,48.618999004364014,5
7,f104_nyg_low_normal_DAYS_LAST_DUE_1ST_VERSION_s_app_DAYS_REGISTRATION_max,113.27786803245544,11
7,f104_nyg_low_normal_DAYS_LAST_DUE_d_app_DAYS_BIRTH_max,137.37103986740112,22
7,f104_nyg_low_normal_DAYS_LAST_DUE_d_app_DAYS_BIRTH_mean,92.12661063671112,12
7,f104_nyg_low_normal_DAYS_LAST_DUE_d_app_DAYS_BIRTH_min,99.12897944450378,16
7,f104_nyg_low_normal_DAYS_LAST_DUE_d_app_DAYS_LAST_PHONE_CHANGE_std_div_mean,0.0,0
7,f104_nyg_low_normal_DAYS_LAST_DUE_d_app_DAYS_LAST_PHONE_CHANGE_std,0.0,0
7,f104_nyg_low_normal_DAYS_LAST_DUE_d_app_DAYS_EMPLOYED_mean,97.60738062858582,14
7,f104_nyg_low_normal_DAYS_LAST_DUE_d_app_DAYS_EMPLOYED_min,406.3739949464798,29
7,f104_nyg_low_normal_DAYS_LAST_DUE_s_DAYS_FIRST_DRAWING_max,0.0,0
7,f104_nyg_low_normal_DAYS_LAST_DUE_s_DAYS_FIRST_DRAWING_max_div_min,0.0,0
7,f104_nyg_low_normal_DAYS_LAST_DUE_d_app_DAYS_ID_PUBLISH_std_div_mean,0.0,0
7,f104_nyg_low_normal_DAYS_LAST_DUE_d_app_DAYS_REGISTRATION_std,0.0,0
7,f104_nyg_low_normal_DAYS_LAST_DUE_d_app_DAYS_REGISTRATION_std_div_mean,0.0,0
7,f104_nyg_low_normal_DAYS_LAST_DUE_s_DAYS_FIRST_DUE_std,0.0,0
7,f104_nyg_low_normal_DAYS_LAST_DUE_s_DAYS_FIRST_DRAWING_std_div_mean,0.0,0
7,f104_nyg_low_normal_DAYS_LAST_DUE_s_DAYS_DECISIONS_std_div_mean,0.0,0
7,f104_nyg_low_normal_DAYS_LAST_DUE_s_DAYS_DECISIONS_std,0.0,0
7,f104_nyg_low_normal_DAYS_LAST_DUE_s_DAYS_FIRST_DRAWING_std,0.0,0
7,f104_nyg_low_normal_DAYS_LAST_DUE_s_DAYS_FIRST_DRAWING_min,0.0,0
7,f104_nyg_low_normal_DAYS_LAST_DUE_s_app_DAYS_BIRTH_std,0.0,0
7,f104_nyg_low_normal_DAYS_LAST_DUE_s_app_DAYS_BIRTH_min,323.81396067142487,20
7,f104_nyg_low_normal_DAYS_LAST_DUE_s_app_DAYS_BIRTH_max,240.06831789016724,9
7,f104_nyg_low_normal_DAYS_LAST_DUE_s_DAYS_FIRST_DRAWING_mean,0.0,0
7,f104_nyg_low_normal_DAYS_LAST_DUE_s_app_DAYS_EMPLOYED_std,0.0,0
7,f104_nyg_low_normal_DAYS_LAST_DUE_s_DAYS_LAST_DUE_1ST_VERSION_std_div_mean,0.0,0
7,f104_nyg_low_normal_DAYS_LAST_DUE_s_DAYS_LAST_DUE_1ST_VERSION_max_div_min,25.942309856414795,4
7,f104_nyg_low_normal_DAYS_LAST_DUE_s_DAYS_LAST_DUE_1ST_VERSION_mean,51.804240226745605,5
7,f104_nyg_low_normal_DAYS_LAST_DUE_s_DAYS_LAST_DUE_1ST_VERSION_max,66.76241946220398,12
7,f104_nyg_low_normal_DAYS_LAST_DUE_s_app_DAYS_BIRTH_mean,391.61124563217163,9
7,f104_nyg_low_normal_DAYS_LAST_DUE_s_DAYS_LAST_DUE_1ST_VERSION_min,19.98719024658203,2
7,f104_nyg_low_normal_DAYS_LAST_DUE_s_app_DAYS_LAST_PHONE_CHANGE_std_div_mean,0.0,0
7,f104_nyg_low_normal_DAYS_LAST_DUE_s_app_DAYS_LAST_PHONE_CHANGE_std,0.0,0
7,f104_nyg_low_normal_DAYS_LAST_DUE_s_app_DAYS_EMPLOYED_max_div_min,0.0,0
7,f104_nyg_low_normal_DAYS_LAST_DUE_s_app_DAYS_EMPLOYED_mean,87.48432064056396,11
7,f104_nyg_low_normal_DAYS_LAST_DUE_s_app_DAYS_ID_PUBLISH_max,126.26623821258545,20
7,f104_nyg_low_normal_DAYS_LAST_DUE_s_app_DAYS_ID_PUBLISH_min,65.14935088157654,5
7,f104_nyg_low_normal_DAYS_LAST_DUE_s_app_DAYS_EMPLOYED_max,41.5342800617218,8
7,f104_nyg_low_normal_DAYS_LAST_DUE_s_app_DAYS_REGISTRATION_std,0.0,0
7,f104_nyg_low_normal_DAYS_LAST_DUE_s_app_DAYS_ID_PUBLISH_std,0.0,0
7,f104_nyg_low_normal_DAYS_LAST_DUE_s_app_DAYS_EMPLOYED_min,49.50917983055115,6
7,f104_nyg_low_normal_DAYS_LAST_DUE_s_app_DAYS_ID_PUBLISH_mean,53.06509876251221,8
7,f104_nyg_low_normal_DAYS_LAST_DUE_s_app_DAYS_LAST_PHONE_CHANGE_min,142.58598017692566,19
7,f104_nyg_low_normal_DAYS_TERMINATION_d_app_DAYS_BIRTH_std_div_mean,0.0,0
7,f104_nyg_low_normal_DAYS_TERMINATION_d_app_DAYS_EMPLOYED_std_div_mean,0.0,0
7,f104_nyg_low_normal_DAYS_LAST_DUE_s_app_DAYS_LAST_PHONE_CHANGE_mean,47.96486043930054,7
7,f104_nyg_low_normal_DAYS_TERMINATION_d_app_DAYS_BIRTH_mean,102.7777898311615,16
7,f104_nyg_low_normal_DAYS_LAST_DUE_s_app_DAYS_LAST_PHONE_CHANGE_max,74.6726506948471,10
7,f104_nyg_low_normal_DAYS_TERMINATION_d_app_DAYS_BIRTH_max,94.21512985229492,14
7,f104_nyg_low_normal_DAYS_TERMINATION_d_app_DAYS_BIRTH_min,79.6839189529419,11
7,f104_nyg_low_normal_DAYS_TERMINATION_d_app_DAYS_LAST_PHONE_CHANGE_std,0.0,0
7,f104_nyg_low_normal_DAYS_TERMINATION_d_app_DAYS_ID_PUBLISH_std_div_mean,0.0,0
7,f104_nyg_low_normal_DAYS_LAST_DUE_s_app_DAYS_REGISTRATION_min,94.28556966781616,13
7,f104_nyg_low_normal_DAYS_LAST_DUE_s_app_DAYS_REGISTRATION_max,61.732199907302856,11
7,f104_nyg_low_normal_DAYS_LAST_DUE_s_app_DAYS_REGISTRATION_mean,18.439900159835815,4
7,f104_nyg_low_normal_DAYS_TERMINATION_s_DAYS_DECISIONS_std_div_mean,0.0,0
7,f104_nyg_low_normal_DAYS_TERMINATION_d_app_DAYS_REGISTRATION_std,0.0,0
7,f104_nyg_low_normal_DAYS_TERMINATION_s_DAYS_FIRST_DRAWING_mean,0.0,0
7,f104_nyg_low_normal_DAYS_TERMINATION_d_app_DAYS_REGISTRATION_std_div_mean,0.0,0
7,f104_nyg_low_normal_DAYS_TERMINATION_d_app_DAYS_ID_PUBLISH_std,0.0,0
7,f104_nyg_low_normal_DAYS_TERMINATION_d_app_DAYS_LAST_PHONE_CHANGE_std_div_mean,0.0,0
7,f104_nyg_low_normal_DAYS_TERMINATION_s_DAYS_FIRST_DRAWING_min,0.0,0
7,f104_nyg_low_normal_DAYS_TERMINATION_s_DAYS_FIRST_DRAWING_max_div_min,0.0,0
7,f104_nyg_low_normal_DAYS_TERMINATION_s_DAYS_FIRST_DRAWING_std_div_mean,0.0,0
7,f104_nyg_low_normal_DAYS_TERMINATION_s_DAYS_FIRST_DRAWING_max,0.0,0
7,f104_nyg_low_normal_DAYS_TERMINATION_s_DAYS_FIRST_DRAWING_std,0.0,0
7,f104_nyg_low_normal_DAYS_TERMINATION_s_DAYS_LAST_DUE_1ST_VERSION_mean,119.30726027488708,16
7,f104_nyg_low_normal_DAYS_TERMINATION_s_DAYS_FIRST_DUE_std,0.0,0
7,f104_nyg_low_normal_DAYS_TERMINATION_s_DAYS_DECISIONS_std,0.0,0
7,f104_nyg_low_normal_DAYS_TERMINATION_s_DAYS_FIRST_DUE_std_div_mean,4.708370208740234,1
7,f104_nyg_low_normal_DAYS_TERMINATION_s_DAYS_LAST_DUE_1ST_VERSION_max,228.88489878177643,31
7,f104_nyg_low_normal_DAYS_TERMINATION_s_app_DAYS_BIRTH_max,335.7488899230957,9
7,f104_nyg_low_normal_DAYS_TERMINATION_s_DAYS_LAST_DUE_1ST_VERSION_min,79.18890953063965,8
7,f104_nyg_low_normal_DAYS_TERMINATION_s_app_DAYS_BIRTH_std,0.0,0
7,f104_nyg_low_normal_DAYS_TERMINATION_s_app_DAYS_EMPLOYED_std,0.0,0
7,f104_nyg_low_normal_DAYS_TERMINATION_s_app_DAYS_EMPLOYED_max,38.139830589294434,4
7,f104_nyg_low_normal_DAYS_TERMINATION_s_app_DAYS_BIRTH_mean,36.558939933776855,4
7,f104_nyg_low_normal_DAYS_TERMINATION_s_app_DAYS_EMPLOYED_min,76.84999966621399,10
7,f104_nyg_low_normal_DAYS_TERMINATION_s_app_DAYS_BIRTH_min,18.746520280838013,2
7,f104_nyg_low_normal_DAYS_TERMINATION_s_app_DAYS_LAST_PHONE_CHANGE_std,0.0,0
7,f104_nyg_low_normal_DAYS_TERMINATION_s_app_DAYS_ID_PUBLISH_std,0.0,0
7,f104_nyg_low_normal_DAYS_TERMINATION_s_app_DAYS_ID_PUBLISH_mean,64.9820796251297,9
7,f104_nyg_low_normal_DAYS_TERMINATION_s_app_DAYS_LAST_PHONE_CHANGE_min,85.65175032615662,9
7,f104_nyg_low_normal_DAYS_TERMINATION_s_app_DAYS_LAST_PHONE_CHANGE_mean,89.5590410232544,8
7,f104_nyg_low_normal_DAYS_TERMINATION_s_app_DAYS_EMPLOYED_mean,0.0,0
7,f104_nyg_low_normal_DAYS_TERMINATION_s_app_DAYS_LAST_PHONE_CHANGE_std_div_mean,0.0,0
7,f104_nyg_low_normal_DAYS_TERMINATION_s_app_DAYS_REGISTRATION_std,0.0,0
7,f104_nyg_low_normal_DAYS_TERMINATION_s_app_DAYS_ID_PUBLISH_max,39.57371950149536,6
7,f104_nyg_low_normal_DAYS_TERMINATION_s_app_DAYS_LAST_PHONE_CHANGE_max,91.5918493270874,11
7,f104_nyg_low_normal_DAYS_TERMINATION_s_app_DAYS_ID_PUBLISH_min,15.851589679718018,3
7,f104_nyg_low_normal_DAYS_TERMINATION_s_app_DAYS_REGISTRATION_mean,31.059030532836914,3
7,f104_nyg_low_normal_DAYS_TERMINATION_s_app_DAYS_REGISTRATION_min,26.52933955192566,4
7,f104_nyg_low_normal_HOUR_APPR_PROCESS_START_std,18.237699508666992,1
7,f104_nyg_low_normal_HOUR_APPR_PROCESS_START_std_div_mean,41.595701456069946,3
7,f104_nyg_low_normal_HOUR_APPR_PROCESS_START_mean,244.00936353206635,35
7,f104_nyg_low_normal_DAYS_TERMINATION_s_app_DAYS_REGISTRATION_max,60.71980047225952,9
7,f104_nyg_low_normal_NAME_CASH_LOAN_PURPOSE_Car_repairs_mean,0.0,0
7,f104_nyg_low_normal_NAME_CASH_LOAN_PURPOSE_Car_repairs_sum,0.0,0
7,f104_nyg_low_normal_NAME_CASH_LOAN_PURPOSE_Gasification___water_supply_mean,0.0,0
7,f104_nyg_low_normal_NAME_CASH_LOAN_PURPOSE_Everyday_expenses_mean,0.0,0
7,f104_nyg_low_normal_NAME_CASH_LOAN_PURPOSE_Buying_a_used_car_mean,0.0,0
7,f104_nyg_low_normal_NAME_CASH_LOAN_PURPOSE_Medicine_sum,0.0,0
7,f104_nyg_low_normal_NAME_CASH_LOAN_PURPOSE_Gasification___water_supply_sum,0.0,0
7,f104_nyg_low_normal_NAME_CLIENT_TYPE_New_mean,94.07031035423279,8
7,f104_nyg_low_normal_NAME_CASH_LOAN_PURPOSE_Buying_a_used_car_sum,0.0,0
7,f104_nyg_low_normal_NAME_CLIENT_TYPE_New_sum,12.735179901123047,2
7,f104_nyg_low_normal_NAME_CONTRACT_STATUS_Refused_mean,22.509739875793457,2
7,f104_nyg_low_normal_NAME_CLIENT_TYPE_Refreshed_mean,7.101950168609619,1
7,f104_nyg_low_normal_NAME_CLIENT_TYPE_Refreshed_sum,13.263999938964844,1
7,f104_nyg_low_normal_NAME_CONTRACT_STATUS_Approved_sum,0.0,0
7,f104_nyg_low_normal_NAME_CONTRACT_STATUS_Approved_mean,20.43939971923828,1
7,f104_nyg_low_normal_NAME_CASH_LOAN_PURPOSE_XNA_mean,6.995639801025391,2
7,f104_nyg_low_normal_NAME_CONTRACT_STATUS_Refused_sum,0.0,0
7,f104_nyg_low_normal_NAME_GOODS_CATEGORY_Education_mean,0.0,0
7,f104_nyg_low_normal_NAME_GOODS_CATEGORY_Computers_mean,41.660770416259766,7
7,f104_nyg_low_normal_NAME_GOODS_CATEGORY_Education_sum,0.0,0
7,f104_nyg_low_normal_NAME_GOODS_CATEGORY_Computers_sum,0.0,0
7,f104_nyg_low_normal_NAME_PRODUCT_TYPE_walk_in_mean,48.41219997406006,5
7,f104_nyg_low_normal_NAME_PRODUCT_TYPE_walk_in_sum,16.214599609375,1
7,f104_nyg_low_normal_NAME_PRODUCT_TYPE_x_sell_mean,0.0,0
7,f104_nyg_low_normal_NAME_PRODUCT_TYPE_x_sell_sum,10.581399917602539,1
7,f104_nyg_low_normal_NAME_SELLER_INDUSTRY_Consumer_electronics_mean,34.01860046386719,4
7,f104_nyg_low_normal_NAME_SELLER_INDUSTRY_Consumer_electronics_sum,15.023600339889526,2
7,f104_nyg_low_normal_NAME_SELLER_INDUSTRY_Furniture_sum,15.267619609832764,2
7,f104_nyg_low_normal_NAME_TYPE_SUITE_Family_sum,7.055530071258545,2
7,f104_nyg_low_normal_PRODUCT_COMBINATION_POS_household_with_interest_sum,6.386899948120117,1
7,f104_nyg_low_normal_PRODUCT_COMBINATION_POS_household_with_interest_mean,64.16565990447998,8
7,f104_nyg_low_normal_NAME_TYPE_SUITE_Unaccompanied_mean,102.62383961677551,12
7,f104_nyg_low_normal_RATE_INTEREST_PRIMARY_mean,0.0,0
7,f104_nyg_low_normal_NAME_TYPE_SUITE_Family_mean,9.35036015510559,2
7,f104_nyg_low_normal_RATE_INTEREST_PRIMARY_max_div_min,0.0,0
7,f104_nyg_low_normal_PRODUCT_COMBINATION_POS_others_without_interest_mean,0.0,0
7,f104_nyg_low_normal_RATE_DOWN_PAYMENT_std_div_mean,0.0,0
7,f104_nyg_low_normal_RATE_INTEREST_PRIVILEGED_std_div_mean,0.0,0
7,f104_nyg_low_normal_RATE_INTEREST_PRIVILEGED_max,0.0,0
7,f104_nyg_low_normal_RATE_INTEREST_PRIMARY_max,0.0,0
7,f104_nyg_low_normal_PRODUCT_COMBINATION_POS_others_without_interest_sum,0.0,0
7,f104_nyg_low_normal_RATE_INTEREST_PRIMARY_std_div_mean,0.0,0
7,f104_nyg_low_normal_RATE_INTEREST_PRIVILEGED_mean,0.0,0
7,f104_nyg_low_normal_RATE_INTEREST_PRIVILEGED_std,0.0,0
7,f104_nyg_low_normal_RATE_INTEREST_PRIMARY_min,0.0,0
7,f104_nyg_low_normal_RATE_INTEREST_PRIVILEGED_min,0.0,0
7,f104_nyg_low_normal_RATE_INTEREST_PRIVILEGED_max_div_min,0.0,0
7,f104_nyg_low_normal_RATE_INTEREST_PRIMARY_std,0.0,0
7,f104_nyg_low_normal_SELLERPLACE_AREA_std_div_mean,0.0,0
7,f104_nyg_low_normal_SELLERPLACE_AREA_std,0.0,0
8,f104_nyg_low_normal_active_std_div_mean,0.0,0
8,f104_nyg_low_normal_active_std,0.0,0
8,f104_nyg_low_normal_amt_unpaid_std,0.0,0
8,f104_nyg_low_normal_amt_unpaid_std_div_mean,0.0,0
8,f104_nyg_low_normal_amt_paid_std_div_mean,0.0,0
8,f104_nyg_low_normal_amt_unpaid_max,149.15993404388428,10
8,f104_nyg_low_normal_amt_paid_max_div_min,35.51165962219238,4
8,f104_nyg_low_normal_amt_unpaid_mean,346.1540150642395,13
8,f104_nyg_low_normal_amt_unpaid_min,421.03327083587646,23
8,f104_nyg_low_normal_amt_unpaid_sum,217.6794023513794,18
8,f104_nyg_low_normal_amt_paid_sum,1050.8952424526215,69
8,f104_nyg_low_normal_amt_paid_std,33.86268997192383,4
8,f104_nyg_low_normal_cnt_paid_std_div_mean,6.1742401123046875,1
8,f104_nyg_low_normal_cnt_paid_min,616.0461993217468,54
8,f104_nyg_low_normal_cnt_paid_ratio_max,390.09103059768677,19
8,f104_nyg_low_normal_cnt_paid_ratio_min,285.8190460205078,19
8,f104_nyg_low_normal_cnt_paid_ratio_mean,127.06980991363525,11
8,f104_nyg_low_normal_cnt_unpaid_mean,333.5759286880493,13
8,f104_nyg_low_normal_cnt_paid_std,5.996260166168213,1
8,f104_nyg_low_normal_cnt_unpaid_std_div_mean,0.0,0
8,f104_nyg_low_normal_cnt_unpaid_max,31.780899047851562,2
8,f104_nyg_low_normal_cnt_unpaid_sum,283.9703674316406,15
8,f104_nyg_low_normal_cnt_unpaid_min,105.11705160140991,5
8,f104_nyg_low_normal_interest_rate_diff_mean,508.0159533023834,46
8,f104_nyg_low_normal_completed_std,0.0,0
8,f104_nyg_low_normal_completed_std_div_mean,0.0,0
8,f104_nyg_low_normal_interest_rate_diff_max,647.6743764877319,53
8,f104_nyg_low_normal_completed_sum,0.0,0
8,f104_nyg_low_normal_completed_min,5.953489780426025,1
8,f104_nyg_low_normal_completed_mean,50.161919593811035,5
8,f104_nyg_low_normal_interest_rate_diff_std,9.156000137329102,1
8,f104_nyg_low_normal_interest_rate_diff_min,652.6999106407166,60
8,f104_nyg_low_normal_interest_rate_std_div_mean,46.9906792640686,5
8,f104_nyg_low_normal_completed_max,0.0,0
8,f104_nyg_low_normal_total_debt_diff_std,55.88824987411499,5
8,f104_nyg_low_normal_total_debt_std,95.8342490196228,12
8,f104_nyg_low_normal_interest_rate_pctchange_std,19.967880249023438,3
8,f104_nyg_low_normal_total_debt_std_div_mean,29.42424964904785,4
8,f104_nyg_middle_AMT_ANNUITY_d_app_AMT_ANNUITY_diff_std,25.61954975128174,3
8,f104_nyg_low_normal_total_debt_pctchange_std_div_mean,5.521130084991455,1
8,f104_nyg_low_normal_total_debt_max,581.1657567024231,53
8,f104_nyg_low_normal_total_debt_mean,550.3877410888672,48
8,f104_nyg_low_normal_total_debt_min,407.70602118968964,48
8,f104_nyg_middle_AMT_ANNUITY_d_app_AMT_ANNUITY_std,107.27455949783325,11
8,f104_nyg_middle_AMT_ANNUITY_d_app_AMT_CREDIT_diff_std,45.02006912231445,3
8,f104_nyg_middle_AMT_ANNUITY_d_app_AMT_ANNUITY_max,717.7508981227875,64
8,f104_nyg_middle_AMT_ANNUITY_d_app_AMT_ANNUITY_mean,419.07153940200806,39
8,f104_nyg_middle_AMT_ANNUITY_d_app_AMT_CREDIT_std,41.202980041503906,6
8,f104_nyg_middle_AMT_ANNUITY_d_app_AMT_GOODS_PRICE_diff_std,18.38938045501709,2
8,f104_nyg_middle_AMT_ANNUITY_d_app_AMT_ANNUITY_min,672.7726259231567,63
8,f104_nyg_middle_AMT_ANNUITY_d_app_AMT_CREDIT_max,484.34684658050537,46
8,f104_nyg_middle_AMT_ANNUITY_d_app_AMT_GOODS_PRICE_min,319.28868865966797,33
8,f104_nyg_middle_AMT_ANNUITY_d_app_AMT_CREDIT_mean,359.635728597641,35
8,f104_nyg_middle_AMT_ANNUITY_d_app_AMT_CREDIT_min,345.0007495880127,34
8,f104_nyg_middle_AMT_ANNUITY_d_app_AMT_GOODS_PRICE_std,18.175270080566406,2
8,f104_nyg_middle_AMT_ANNUITY_d_app_AMT_GOODS_PRICE_mean,472.4740777015686,42
8,f104_nyg_middle_AMT_ANNUITY_s_app_AMT_ANNUITY_d_app_AMT_INCOME_TOTAL_pctchange_std,93.51877880096436,9
8,f104_nyg_middle_AMT_ANNUITY_m_app_AMT_GOODS_PRICE_d_app_AMT_INCOME_TOTAL_pctchange_std,24.295260429382324,3
8,f104_nyg_middle_AMT_ANNUITY_s_app_AMT_ANNUITY_d_app_AMT_INCOME_TOTAL_mean,536.3379874229431,47
8,f104_nyg_middle_AMT_ANNUITY_s_app_AMT_ANNUITY_pctchange_std,27.07639980316162,3
8,f104_nyg_middle_AMT_ANNUITY_s_app_AMT_CREDIT_d_app_AMT_INCOME_TOTAL_pctchange_std,10.038399696350098,1
8,f104_nyg_middle_AMT_ANNUITY_s_app_AMT_CREDIT_d_app_AMT_INCOME_TOTAL_std_div_mean,24.449310302734375,2
8,f104_nyg_middle_AMT_ANNUITY_s_app_AMT_ANNUITY_std,44.424580097198486,5
8,f104_nyg_middle_AMT_ANNUITY_s_app_AMT_ANNUITY_d_app_AMT_INCOME_TOTAL_min,519.7183175086975,49
8,f104_nyg_middle_AMT_ANNUITY_s_app_AMT_ANNUITY_d_app_AMT_INCOME_TOTAL_max,603.5088763237,53
8,f104_nyg_middle_AMT_ANNUITY_s_app_AMT_CREDIT_std,24.18269920349121,2
8,f104_nyg_middle_AMT_ANNUITY_s_app_AMT_CREDIT_std_div_mean,0.0,0
8,f104_nyg_middle_AMT_ANNUITY_s_app_AMT_INCOME_TOTAL_std,0.0,0
8,f104_nyg_middle_AMT_ANNUITY_s_app_AMT_GOODS_PRICE_pctchange_std,26.216049194335938,3
8,f104_nyg_middle_AMT_ANNUITY_s_app_AMT_CREDIT_pctchange_std,0.0,0
8,f104_nyg_middle_AMT_ANNUITY_s_app_AMT_GOODS_PRICE_std,0.0,0
8,f104_nyg_middle_AMT_ANNUITY_std,0.0,0
8,f104_nyg_middle_AMT_ANNUITY_s_app_AMT_INCOME_TOTAL_std_div_mean,25.18315029144287,2
8,f104_nyg_middle_AMT_APPLICATION_d_app_AMT_ANNUITY_pctchange_std,51.902950286865234,5
8,f104_nyg_middle_AMT_APPLICATION_d_app_AMT_CREDIT_pctchange_std,13.200400352478027,1
8,f104_nyg_middle_AMT_APPLICATION_d_app_AMT_INCOME_TOTAL_pctchange_std,0.0,0
8,f104_nyg_middle_AMT_APPLICATION_d_app_AMT_GOODS_PRICE_pctchange_std,0.0,0
8,f104_nyg_middle_AMT_APPLICATION_d_app_AMT_INCOME_TOTAL_diff_std,24.05263900756836,2
8,f104_nyg_middle_AMT_APPLICATION_m_app_AMT_GOODS_PRICE_d_app_AMT_INCOME_TOTAL_diff_std,0.0,0
8,f104_nyg_middle_AMT_APPLICATION_m_app_AMT_GOODS_PRICE_d_app_AMT_INCOME_TOTAL_std,22.868260383605957,2
8,f104_nyg_middle_AMT_APPLICATION_s_app_AMT_ANNUITY_d_app_AMT_INCOME_TOTAL_diff_std,13.495539665222168,2
8,f104_nyg_middle_AMT_APPLICATION_d_app_AMT_INCOME_TOTAL_std,0.0,0
8,f104_nyg_middle_AMT_APPLICATION_s_app_AMT_ANNUITY_d_app_AMT_INCOME_TOTAL_std,0.0,0
8,f104_nyg_middle_AMT_APPLICATION_s_app_AMT_CREDIT_d_app_AMT_INCOME_TOTAL_pctchange_std_div_mean,32.51448965072632,3
8,f104_nyg_middle_AMT_APPLICATION_s_app_AMT_CREDIT_d_app_AMT_INCOME_TOTAL_diff_std,11.969799995422363,1
8,f104_nyg_middle_AMT_APPLICATION_s_app_AMT_CREDIT_d_app_AMT_INCOME_TOTAL_std,0.0,0
8,f104_nyg_middle_AMT_APPLICATION_s_app_AMT_CREDIT_pctchange_std_div_mean,9.94120979309082,1
8,f104_nyg_middle_AMT_APPLICATION_s_app_AMT_GOODS_PRICE_max,286.2283396720886,27
8,f104_nyg_middle_AMT_APPLICATION_s_app_AMT_GOODS_PRICE_min,382.61033153533936,38
8,f104_nyg_middle_AMT_APPLICATION_s_app_AMT_GOODS_PRICE_mean,239.11421823501587,21
8,f104_nyg_middle_AMT_CREDIT_d_AMT_ANNUITY_mean,542.6866121292114,51
8,f104_nyg_middle_AMT_CREDIT_d_AMT_ANNUITY_std_div_mean,46.83520030975342,4
8,f104_nyg_middle_AMT_CREDIT_d_AMT_ANNUITY_max,370.38651847839355,33
8,f104_nyg_middle_AMT_CREDIT_d_AMT_ANNUITY_diff_std,44.82954978942871,3
8,f104_nyg_middle_AMT_CREDIT_d_AMT_ANNUITY_diff_max,578.0748810768127,58
8,f104_nyg_middle_AMT_CREDIT_d_AMT_ANNUITY_pctchange_std,82.72188997268677,7
8,f104_nyg_middle_AMT_CREDIT_d_AMT_APPLICATION_diff_max_div_min,123.2262806892395,11
8,f104_nyg_middle_AMT_CREDIT_d_AMT_ANNUITY_min,317.467000246048,31
8,f104_nyg_middle_AMT_CREDIT_d_AMT_APPLICATION_pctchange_max_div_min,119.29413175582886,12
8,f104_nyg_middle_AMT_CREDIT_d_AMT_APPLICATION_min,602.6265730857849,52
8,f104_nyg_middle_AMT_CREDIT_d_app_AMT_CREDIT_pctchange_std,30.15865993499756,3
8,f104_nyg_middle_AMT_CREDIT_d_app_AMT_ANNUITY_pctchange_std,15.384299755096436,2
8,f104_nyg_middle_AMT_CREDIT_d_app_AMT_GOODS_PRICE_pctchange_std,18.966989517211914,2
8,f104_nyg_middle_AMT_CREDIT_d_app_AMT_INCOME_TOTAL_diff_std,41.86180019378662,3
8,f104_nyg_middle_AMT_CREDIT_d_AMT_APPLICATION_max,497.1444616317749,46
8,f104_nyg_middle_AMT_CREDIT_d_AMT_APPLICATION_mean,323.3076181411743,33
8,f104_nyg_middle_AMT_CREDIT_d_app_AMT_INCOME_TOTAL_pctchange_std,0.0,0
8,f104_nyg_middle_AMT_CREDIT_d_app_AMT_INCOME_TOTAL_std,29.821539878845215,4
8,f104_nyg_middle_AMT_CREDIT_d_app_AMT_INCOME_TOTAL_diff_max,406.1139221191406,37
8,f104_nyg_middle_AMT_CREDIT_d_total_debt_diff_min,673.6197791099548,68
8,f104_nyg_middle_AMT_CREDIT_d_total_debt_min,1120.7072019577026,68
8,f104_nyg_middle_AMT_CREDIT_d_total_debt_mean,792.8819723129272,63
8,f104_nyg_middle_AMT_CREDIT_d_total_debt_diff_std,72.5014295578003,6
8,f104_nyg_middle_AMT_CREDIT_d_total_debt_pctchange_std,83.12547063827515,8
8,f104_nyg_middle_AMT_CREDIT_d_total_debt_std_div_mean,60.92151927947998,5
8,f104_nyg_middle_AMT_CREDIT_d_total_debt_max,462.24853324890137,44
8,f104_nyg_middle_AMT_CREDIT_m_app_AMT_GOODS_PRICE_d_app_AMT_INCOME_TOTAL_diff_std,40.6766996383667,3
8,f104_nyg_middle_AMT_CREDIT_s_app_AMT_ANNUITY_d_app_AMT_INCOME_TOTAL_diff_std,0.0,0
8,f104_nyg_middle_AMT_CREDIT_d_total_debt_pctchange_min,480.5829520225525,54
8,f104_nyg_middle_AMT_CREDIT_m_app_AMT_GOODS_PRICE_d_app_AMT_INCOME_TOTAL_std_div_mean,37.613399505615234,4
8,f104_nyg_middle_AMT_CREDIT_m_app_AMT_GOODS_PRICE_d_app_AMT_INCOME_TOTAL_std,8.745010375976562,1
8,f104_nyg_middle_AMT_CREDIT_m_app_AMT_GOODS_PRICE_d_app_AMT_INCOME_TOTAL_diff_max,249.1039776802063,23
8,f104_nyg_middle_AMT_CREDIT_s_app_AMT_ANNUITY_d_app_AMT_INCOME_TOTAL_std,0.0,0
8,f104_nyg_middle_AMT_CREDIT_s_app_AMT_ANNUITY_d_app_AMT_INCOME_TOTAL_diff_max,57.1753306388855,6
8,f104_nyg_middle_AMT_CREDIT_s_app_AMT_ANNUITY_d_app_AMT_INCOME_TOTAL_std_div_mean,14.573519706726074,2
8,f104_nyg_middle_AMT_CREDIT_s_app_AMT_ANNUITY_diff_max,505.7139492034912,51
8,f104_nyg_middle_AMT_CREDIT_s_app_AMT_ANNUITY_diff_std,14.815920352935791,2
8,f104_nyg_middle_AMT_CREDIT_s_app_AMT_CREDIT_d_app_AMT_INCOME_TOTAL_diff_std,0.0,0
8,f104_nyg_middle_AMT_CREDIT_s_app_AMT_ANNUITY_std_div_mean,5.2309699058532715,1
8,f104_nyg_middle_AMT_CREDIT_s_app_AMT_CREDIT_d_app_AMT_INCOME_TOTAL_diff_max,36.04159927368164,2
8,f104_nyg_middle_AMT_CREDIT_s_app_AMT_CREDIT_diff_std,12.358400344848633,1
8,f104_nyg_middle_AMT_CREDIT_s_app_AMT_CREDIT_d_app_AMT_INCOME_TOTAL_std,0.0,0
8,f104_nyg_middle_AMT_CREDIT_s_app_AMT_CREDIT_d_app_AMT_INCOME_TOTAL_std_div_mean,105.41281986236572,10
8,f104_nyg_middle_AMT_CREDIT_s_app_AMT_GOODS_PRICE_diff_std,9.89091968536377,1
8,f104_nyg_middle_AMT_CREDIT_s_app_AMT_CREDIT_max,506.74896240234375,44
8,f104_nyg_middle_AMT_CREDIT_s_app_AMT_CREDIT_std_div_mean,48.36525058746338,4
8,f104_nyg_middle_AMT_CREDIT_s_app_AMT_CREDIT_mean,485.278790473938,45
8,f104_nyg_middle_AMT_CREDIT_s_app_AMT_CREDIT_diff_max,95.97758960723877,9
8,f104_nyg_middle_AMT_CREDIT_s_app_AMT_GOODS_PRICE_std_div_mean,19.806599617004395,2
8,f104_nyg_middle_AMT_CREDIT_s_app_AMT_INCOME_TOTAL_diff_max,88.7510404586792,7
8,f104_nyg_middle_AMT_CREDIT_s_app_AMT_GOODS_PRICE_mean,336.2779006958008,28
8,f104_nyg_middle_AMT_CREDIT_s_app_AMT_INCOME_TOTAL_diff_std,0.0,0
8,f104_nyg_middle_AMT_DOWN_PAYMENT_d_AMT_GOODS_PRICE_diff_std,10.823800086975098,1
8,f104_nyg_middle_AMT_CREDIT_s_app_AMT_GOODS_PRICE_min,378.2663326263428,35
8,f104_nyg_middle_AMT_CREDIT_s_app_AMT_GOODS_PRICE_max,395.04837131500244,36
8,f104_nyg_middle_AMT_DOWN_PAYMENT_d_AMT_GOODS_PRICE_pctchange_std,0.0,0
8,f104_nyg_middle_AMT_DOWN_PAYMENT_d_AMT_GOODS_PRICE_std_div_mean,7.585559844970703,1
8,f104_nyg_middle_AMT_DOWN_PAYMENT_d_AMT_GOODS_PRICE_mean,105.37433004379272,11
8,f104_nyg_middle_AMT_DOWN_PAYMENT_d_AMT_GOODS_PRICE_min,46.08175086975098,5
8,f104_nyg_middle_AMT_DOWN_PAYMENT_d_AMT_GOODS_PRICE_max,101.78504133224487,12
8,f104_nyg_middle_AMT_DOWN_PAYMENT_std_div_mean,0.0,0
8,f104_nyg_middle_AMT_DOWN_PAYMENT_d_AMT_GOODS_PRICE_std,16.270440101623535,2
8,f104_nyg_middle_AMT_GOODS_PRICE_d_AMT_ANNUITY_diff_std,113.73155879974365,10
8,f104_nyg_middle_AMT_DOWN_PAYMENT_mean,232.18290948867798,23
8,f104_nyg_middle_AMT_DOWN_PAYMENT_max,155.78402948379517,14
8,f104_nyg_middle_AMT_DOWN_PAYMENT_std,0.0,0
8,f104_nyg_middle_AMT_GOODS_PRICE_d_AMT_ANNUITY_max,382.6821575164795,37
8,f104_nyg_middle_AMT_GOODS_PRICE_d_AMT_ANNUITY_mean,330.0177879333496,32
8,f104_nyg_middle_AMT_GOODS_PRICE_d_AMT_ANNUITY_pctchange_std,37.38456916809082,3
8,f104_nyg_middle_AMT_GOODS_PRICE_d_AMT_ANNUITY_diff_max,618.6582379341125,62
8,f104_nyg_middle_AMT_GOODS_PRICE_d_app_AMT_ANNUITY_pctchange_std,0.0,0
8,f104_nyg_middle_AMT_GOODS_PRICE_d_AMT_CREDIT_max,291.4463691711426,28
8,f104_nyg_middle_AMT_GOODS_PRICE_d_AMT_ANNUITY_std_div_mean,34.153589725494385,4
8,f104_nyg_middle_AMT_GOODS_PRICE_d_AMT_ANNUITY_min,348.30766010284424,32
8,f104_nyg_middle_AMT_GOODS_PRICE_d_AMT_CREDIT_mean,551.2969651222229,43
8,f104_nyg_middle_AMT_GOODS_PRICE_d_AMT_CREDIT_min,186.0128993988037,19
8,f104_nyg_middle_AMT_GOODS_PRICE_d_app_AMT_CREDIT_pctchange_std,0.0,0
8,f104_nyg_middle_AMT_GOODS_PRICE_d_app_AMT_GOODS_PRICE_pctchange_std,0.0,0
8,f104_nyg_middle_AMT_GOODS_PRICE_d_app_AMT_INCOME_TOTAL_diff_std,14.236700057983398,1
8,f104_nyg_middle_AMT_GOODS_PRICE_d_app_AMT_INCOME_TOTAL_pctchange_std,0.0,0
8,f104_nyg_middle_AMT_GOODS_PRICE_d_app_AMT_INCOME_TOTAL_std,0.0,0
8,f104_nyg_middle_AMT_GOODS_PRICE_d_total_debt_max,854.673707485199,71
8,f104_nyg_middle_AMT_GOODS_PRICE_d_total_debt_std,79.0120701789856,8
8,f104_nyg_middle_AMT_GOODS_PRICE_d_total_debt_min,788.0857434272766,59
8,f104_nyg_middle_AMT_GOODS_PRICE_d_total_debt_pctchange_std,17.938199996948242,2
8,f104_nyg_middle_AMT_GOODS_PRICE_d_total_debt_mean,881.3002109527588,58
8,f104_nyg_middle_AMT_GOODS_PRICE_m_app_AMT_GOODS_PRICE_d_app_AMT_INCOME_TOTAL_diff_std,24.405539512634277,2
8,f104_nyg_middle_AMT_GOODS_PRICE_m_app_AMT_GOODS_PRICE_d_app_AMT_INCOME_TOTAL_std,0.0,0
8,f104_nyg_middle_AMT_GOODS_PRICE_s_app_AMT_CREDIT_d_app_AMT_INCOME_TOTAL_std,0.0,0
8,f104_nyg_middle_AMT_GOODS_PRICE_s_app_AMT_CREDIT_d_app_AMT_INCOME_TOTAL_diff_std,0.0,0
8,f104_nyg_middle_AMT_GOODS_PRICE_s_app_AMT_ANNUITY_d_app_AMT_INCOME_TOTAL_std,0.0,0
8,f104_nyg_middle_AMT_GOODS_PRICE_s_app_AMT_ANNUITY_d_app_AMT_INCOME_TOTAL_diff_std,0.0,0
8,f104_nyg_middle_AMT_GOODS_PRICE_s_app_AMT_CREDIT_d_app_AMT_INCOME_TOTAL_pctchange_std_div_mean,35.47378063201904,4
8,f104_nyg_middle_AMT_GOODS_PRICE_s_app_AMT_CREDIT_pctchange_std_div_mean,0.0,0
8,f104_nyg_middle_CNT_PAYMENT_mean,18.603500366210938,1
8,f104_nyg_middle_CNT_PAYMENT_std,7.163489818572998,1
8,f104_nyg_middle_AMT_GOODS_PRICE_s_app_AMT_GOODS_PRICE_min,173.5016589164734,16
8,f104_nyg_middle_CNT_PAYMENT_max,0.0,0
8,f104_nyg_middle_AMT_GOODS_PRICE_s_app_AMT_GOODS_PRICE_max,67.92771005630493,8
8,f104_nyg_middle_AMT_GOODS_PRICE_s_app_AMT_GOODS_PRICE_mean,170.0904026031494,16
8,f104_nyg_middle_CODE_REJECT_REASON_XAP_mean,0.0,0
8,f104_nyg_middle_DAYS_DECISION_d_app_DAYS_BIRTH_mean,466.42949771881104,41
8,f104_nyg_middle_CNT_PAYMENT_min,0.0,0
8,f104_nyg_middle_CODE_REJECT_REASON_SCO_mean,0.0,0
8,f104_nyg_middle_CODE_REJECT_REASON_LIMIT_sum,10.57509994506836,1
8,f104_nyg_middle_CODE_REJECT_REASON_HC_mean,0.0,0
8,f104_nyg_middle_DAYS_DECISION_d_app_DAYS_BIRTH_min,325.24080181121826,30
8,f104_nyg_middle_CODE_REJECT_REASON_SCO_sum,0.0,0
8,f104_nyg_middle_DAYS_DECISION_d_app_DAYS_BIRTH_std_div_mean,65.07816982269287,5
8,f104_nyg_middle_CODE_REJECT_REASON_LIMIT_mean,47.98746109008789,4
8,f104_nyg_middle_DAYS_DECISION_d_app_DAYS_BIRTH_max,272.967387676239,23
8,f104_nyg_middle_DAYS_DECISION_d_app_DAYS_EMPLOYED_min,535.7043671607971,38
8,f104_nyg_middle_DAYS_DECISION_d_app_DAYS_ID_PUBLISH_std_div_mean,9.981209754943848,1
8,f104_nyg_middle_DAYS_DECISION_d_app_DAYS_LAST_PHONE_CHANGE_std_div_mean,53.13990020751953,4
8,f104_nyg_middle_DAYS_DECISION_d_app_DAYS_EMPLOYED_mean,696.3070430755615,47
8,f104_nyg_middle_DAYS_DECISION_d_app_DAYS_ID_PUBLISH_max,330.8781614303589,28
8,f104_nyg_middle_DAYS_DECISION_d_app_DAYS_ID_PUBLISH_mean,172.19232034683228,18
8,f104_nyg_middle_DAYS_DECISION_d_app_DAYS_EMPLOYED_max,1057.6554145812988,45
8,f104_nyg_middle_DAYS_DECISION_d_app_DAYS_ID_PUBLISH_min,336.97761964797974,34
8,f104_nyg_middle_DAYS_DECISION_s_app_DAYS_BIRTH_std,31.413040161132812,2
8,f104_nyg_middle_DAYS_DECISION_s_app_DAYS_EMPLOYED_std,9.498169898986816,1
8,f104_nyg_middle_DAYS_DECISION_d_app_DAYS_REGISTRATION_std_div_mean,7.330729961395264,1
8,f104_nyg_middle_DAYS_DECISION_s_app_DAYS_BIRTH_mean,326.75103092193604,24
8,f104_nyg_middle_DAYS_DECISION_s_app_DAYS_BIRTH_max,405.6534204483032,33
8,f104_nyg_middle_DAYS_DECISION_s_app_DAYS_ID_PUBLISH_std_div_mean,48.599159717559814,6
8,f104_nyg_middle_DAYS_DECISION_s_app_DAYS_LAST_PHONE_CHANGE_std,0.0,0
8,f104_nyg_middle_DAYS_DECISION_s_app_DAYS_EMPLOYED_mean,193.05288124084473,20
8,f104_nyg_middle_DAYS_DECISION_s_app_DAYS_ID_PUBLISH_max,339.376211643219,29
8,f104_nyg_middle_DAYS_DECISION_s_app_DAYS_EMPLOYED_min,128.707359790802,11
8,f104_nyg_middle_DAYS_DECISION_s_app_DAYS_EMPLOYED_max,181.90267944335938,17
8,f104_nyg_middle_DAYS_DECISION_s_app_DAYS_BIRTH_min,204.91122961044312,19
8,f104_nyg_middle_DAYS_FIRST_DRAWING_d_app_DAYS_BIRTH_mean,0.0,0
8,f104_nyg_middle_DAYS_FIRST_DRAWING_d_app_DAYS_BIRTH_max_div_min,0.0,0
8,f104_nyg_middle_DAYS_DECISION_s_app_DAYS_ID_PUBLISH_mean,266.9989104270935,25
8,f104_nyg_middle_DAYS_DECISION_s_app_DAYS_ID_PUBLISH_std,0.0,0
8,f104_nyg_middle_DAYS_DECISION_s_app_DAYS_LAST_PHONE_CHANGE_max,484.32407903671265,46
8,f104_nyg_middle_DAYS_DECISION_s_app_DAYS_LAST_PHONE_CHANGE_mean,345.2828583717346,30
8,f104_nyg_middle_DAYS_DECISION_s_app_DAYS_ID_PUBLISH_min,325.50478172302246,28
8,f104_nyg_middle_DAYS_DECISION_s_app_DAYS_REGISTRATION_std,0.0,0
8,f104_nyg_middle_DAYS_FIRST_DRAWING_d_app_DAYS_BIRTH_max,0.0,0
8,f104_nyg_middle_DAYS_FIRST_DRAWING_d_app_DAYS_ID_PUBLISH_max,0.0,0
8,f104_nyg_middle_DAYS_FIRST_DRAWING_d_app_DAYS_BIRTH_min,0.0,0
8,f104_nyg_middle_DAYS_DECISION_s_app_DAYS_LAST_PHONE_CHANGE_min,332.8707504272461,28
8,f104_nyg_middle_DAYS_FIRST_DRAWING_d_app_DAYS_EMPLOYED_max,0.0,0
8,f104_nyg_middle_DAYS_DECISION_s_app_DAYS_REGISTRATION_mean,282.3060984611511,30
8,f104_nyg_middle_DAYS_FIRST_DRAWING_d_app_DAYS_EMPLOYED_std_div_mean,0.0,0
8,f104_nyg_middle_DAYS_DECISION_s_app_DAYS_REGISTRATION_min,219.92945957183838,22
8,f104_nyg_middle_DAYS_FIRST_DRAWING_d_app_DAYS_BIRTH_std,0.0,0
8,f104_nyg_middle_DAYS_DECISION_s_app_DAYS_REGISTRATION_max,202.86686849594116,17
8,f104_nyg_middle_DAYS_FIRST_DRAWING_d_app_DAYS_EMPLOYED_std,0.0,0
8,f104_nyg_middle_DAYS_FIRST_DRAWING_d_app_DAYS_BIRTH_std_div_mean,0.0,0
8,f104_nyg_middle_DAYS_FIRST_DRAWING_d_app_DAYS_EMPLOYED_mean,0.0,0
8,f104_nyg_middle_DAYS_FIRST_DRAWING_d_app_DAYS_EMPLOYED_min,0.0,0
8,f104_nyg_middle_DAYS_FIRST_DRAWING_d_app_DAYS_EMPLOYED_max_div_min,0.0,0
8,f104_nyg_middle_DAYS_FIRST_DRAWING_d_app_DAYS_LAST_PHONE_CHANGE_std,0.0,0
8,f104_nyg_middle_DAYS_FIRST_DRAWING_d_app_DAYS_ID_PUBLISH_mean,0.0,0
8,f104_nyg_middle_DAYS_FIRST_DRAWING_d_app_DAYS_LAST_PHONE_CHANGE_mean,0.0,0
8,f104_nyg_middle_DAYS_FIRST_DRAWING_d_app_DAYS_ID_PUBLISH_min,0.0,0
8,f104_nyg_middle_DAYS_FIRST_DRAWING_d_app_DAYS_ID_PUBLISH_std_div_mean,0.0,0
8,f104_nyg_middle_DAYS_FIRST_DRAWING_d_app_DAYS_LAST_PHONE_CHANGE_max,0.0,0
8,f104_nyg_middle_DAYS_FIRST_DRAWING_d_app_DAYS_LAST_PHONE_CHANGE_min,0.0,0
8,f104_nyg_middle_DAYS_FIRST_DRAWING_d_app_DAYS_REGISTRATION_std_div_mean,0.0,0
8,f104_nyg_middle_DAYS_FIRST_DRAWING_d_app_DAYS_LAST_PHONE_CHANGE_max_div_min,0.0,0
8,f104_nyg_middle_DAYS_FIRST_DRAWING_d_app_DAYS_REGISTRATION_max,0.0,0
8,f104_nyg_middle_DAYS_FIRST_DRAWING_d_app_DAYS_ID_PUBLISH_max_div_min,0.0,0
8,f104_nyg_middle_DAYS_FIRST_DRAWING_d_app_DAYS_LAST_PHONE_CHANGE_std_div_mean,0.0,0
8,f104_nyg_middle_DAYS_FIRST_DRAWING_s_DAYS_DECISIONS_max_div_min,0.0,0
8,f104_nyg_middle_DAYS_FIRST_DRAWING_s_DAYS_DECISIONS_max,0.0,0
8,f104_nyg_middle_DAYS_FIRST_DRAWING_d_app_DAYS_REGISTRATION_mean,0.0,0
8,f104_nyg_middle_DAYS_FIRST_DRAWING_d_app_DAYS_ID_PUBLISH_std,0.0,0
8,f104_nyg_middle_DAYS_FIRST_DRAWING_d_app_DAYS_REGISTRATION_min,0.0,0
8,f104_nyg_middle_DAYS_FIRST_DRAWING_s_DAYS_DECISIONS_mean,0.0,0
8,f104_nyg_middle_DAYS_FIRST_DRAWING_d_app_DAYS_REGISTRATION_max_div_min,0.0,0
8,f104_nyg_middle_DAYS_FIRST_DRAWING_s_DAYS_DECISIONS_std,0.0,0
8,f104_nyg_middle_DAYS_FIRST_DRAWING_s_app_DAYS_BIRTH_std,0.0,0
8,f104_nyg_middle_DAYS_FIRST_DRAWING_s_DAYS_DECISIONS_std_div_mean,0.0,0
8,f104_nyg_middle_DAYS_FIRST_DRAWING_s_app_DAYS_EMPLOYED_std,0.0,0
8,f104_nyg_middle_DAYS_FIRST_DRAWING_s_app_DAYS_BIRTH_max_div_min,0.0,0
8,f104_nyg_middle_DAYS_FIRST_DRAWING_s_app_DAYS_BIRTH_max,0.0,0
8,f104_nyg_middle_DAYS_FIRST_DRAWING_d_app_DAYS_REGISTRATION_std,0.0,0
8,f104_nyg_middle_DAYS_FIRST_DRAWING_s_DAYS_DECISIONS_min,0.0,0
8,f104_nyg_middle_DAYS_FIRST_DRAWING_s_app_DAYS_EMPLOYED_max,0.0,0
8,f104_nyg_middle_DAYS_FIRST_DRAWING_s_app_DAYS_EMPLOYED_std_div_mean,0.0,0
8,f104_nyg_middle_DAYS_FIRST_DRAWING_s_app_DAYS_BIRTH_mean,0.0,0
8,f104_nyg_middle_DAYS_FIRST_DRAWING_s_app_DAYS_BIRTH_min,0.0,0
8,f104_nyg_middle_DAYS_FIRST_DRAWING_s_app_DAYS_BIRTH_std_div_mean,0.0,0
8,f104_nyg_middle_DAYS_FIRST_DRAWING_s_app_DAYS_ID_PUBLISH_max,0.0,0
8,f104_nyg_middle_DAYS_FIRST_DRAWING_s_app_DAYS_ID_PUBLISH_std,0.0,0
8,f104_nyg_middle_DAYS_FIRST_DRAWING_s_app_DAYS_ID_PUBLISH_max_div_min,0.0,0
8,f104_nyg_middle_DAYS_FIRST_DRAWING_s_app_DAYS_EMPLOYED_min,0.0,0
8,f104_nyg_middle_DAYS_FIRST_DRAWING_s_app_DAYS_LAST_PHONE_CHANGE_min,0.0,0
8,f104_nyg_middle_DAYS_FIRST_DRAWING_s_app_DAYS_LAST_PHONE_CHANGE_max,0.0,0
8,f104_nyg_middle_DAYS_FIRST_DRAWING_s_app_DAYS_EMPLOYED_mean,0.0,0
8,f104_nyg_middle_DAYS_FIRST_DRAWING_s_app_DAYS_LAST_PHONE_CHANGE_mean,0.0,0
8,f104_nyg_middle_DAYS_FIRST_DRAWING_s_app_DAYS_ID_PUBLISH_mean,0.0,0
8,f104_nyg_middle_DAYS_FIRST_DRAWING_s_app_DAYS_ID_PUBLISH_min,0.0,0
8,f104_nyg_middle_DAYS_FIRST_DRAWING_s_app_DAYS_EMPLOYED_max_div_min,0.0,0
8,f104_nyg_middle_DAYS_FIRST_DRAWING_s_app_DAYS_LAST_PHONE_CHANGE_std_div_mean,0.0,0
8,f104_nyg_middle_DAYS_FIRST_DRAWING_s_app_DAYS_LAST_PHONE_CHANGE_max_div_min,0.0,0
8,f104_nyg_middle_DAYS_FIRST_DRAWING_s_app_DAYS_REGISTRATION_mean,0.0,0
8,f104_nyg_middle_DAYS_FIRST_DRAWING_s_app_DAYS_ID_PUBLISH_std_div_mean,0.0,0
8,f104_nyg_middle_DAYS_FIRST_DRAWING_s_app_DAYS_REGISTRATION_max_div_min,0.0,0
8,f104_nyg_middle_DAYS_FIRST_DRAWING_s_app_DAYS_LAST_PHONE_CHANGE_std,0.0,0
8,f104_nyg_middle_DAYS_FIRST_DRAWING_s_app_DAYS_REGISTRATION_min,0.0,0
8,f104_nyg_middle_DAYS_FIRST_DRAWING_s_app_DAYS_REGISTRATION_std,0.0,0
8,f104_nyg_middle_DAYS_FIRST_DRAWING_s_app_DAYS_REGISTRATION_std_div_mean,0.0,0
8,f104_nyg_middle_DAYS_FIRST_DRAWING_s_app_DAYS_REGISTRATION_max,0.0,0
8,f104_nyg_middle_DAYS_FIRST_DUE_d_app_DAYS_EMPLOYED_max,706.8708324432373,32
8,f104_nyg_middle_DAYS_FIRST_DUE_d_app_DAYS_BIRTH_std_div_mean,11.184499740600586,1
8,f104_nyg_middle_DAYS_FIRST_DUE_d_app_DAYS_BIRTH_mean,424.09091091156006,39
8,f104_nyg_middle_DAYS_FIRST_DUE_d_app_DAYS_BIRTH_min,220.20956945419312,26
8,f104_nyg_middle_DAYS_FIRST_DUE_d_app_DAYS_BIRTH_max,368.2834496498108,37
8,f104_nyg_middle_DAYS_FIRST_DUE_d_app_DAYS_LAST_PHONE_CHANGE_std_div_mean,94.11666011810303,8
8,f104_nyg_middle_DAYS_FIRST_DUE_d_app_DAYS_ID_PUBLISH_std_div_mean,0.0,0
8,f104_nyg_middle_DAYS_FIRST_DUE_d_app_DAYS_EMPLOYED_min,802.7224068641663,36
8,f104_nyg_middle_DAYS_FIRST_DUE_d_app_DAYS_ID_PUBLISH_mean,182.86422109603882,16
8,f104_nyg_middle_DAYS_FIRST_DUE_d_app_DAYS_EMPLOYED_mean,400.5602774620056,25
8,f104_nyg_middle_DAYS_FIRST_DUE_d_app_DAYS_ID_PUBLISH_min,352.3479790687561,29
8,f104_nyg_middle_DAYS_FIRST_DUE_s_DAYS_DECISIONS_std_div_mean,0.0,0
8,f104_nyg_middle_DAYS_FIRST_DUE_s_DAYS_DECISIONS_std,0.0,0
8,f104_nyg_middle_DAYS_FIRST_DUE_s_DAYS_FIRST_DRAWING_max,0.0,0
8,f104_nyg_middle_DAYS_FIRST_DUE_d_app_DAYS_REGISTRATION_std_div_mean,0.0,0
8,f104_nyg_middle_DAYS_FIRST_DUE_d_app_DAYS_ID_PUBLISH_max,170.4917507171631,19
8,f104_nyg_middle_DAYS_FIRST_DUE_s_DAYS_FIRST_DRAWING_std,0.0,0
8,f104_nyg_middle_DAYS_FIRST_DUE_s_DAYS_FIRST_DRAWING_std_div_mean,0.0,0
8,f104_nyg_middle_DAYS_FIRST_DUE_s_DAYS_FIRST_DRAWING_min,0.0,0
8,f104_nyg_middle_DAYS_FIRST_DUE_s_DAYS_FIRST_DRAWING_mean,0.0,0
8,f104_nyg_middle_DAYS_FIRST_DUE_s_DAYS_FIRST_DRAWING_max_div_min,0.0,0
8,f104_nyg_middle_DAYS_FIRST_DUE_s_app_DAYS_BIRTH_min,139.83092975616455,16
8,f104_nyg_middle_DAYS_FIRST_DUE_s_app_DAYS_BIRTH_std,73.86758041381836,7
8,f104_nyg_middle_DAYS_FIRST_DUE_s_app_DAYS_EMPLOYED_std,0.0,0
8,f104_nyg_middle_DAYS_FIRST_DUE_s_app_DAYS_ID_PUBLISH_max,135.47387981414795,13
8,f104_nyg_middle_DAYS_FIRST_DUE_s_app_DAYS_BIRTH_mean,68.5822401046753,6
8,f104_nyg_middle_DAYS_FIRST_DUE_s_app_DAYS_ID_PUBLISH_mean,75.02207088470459,7
8,f104_nyg_middle_DAYS_FIRST_DUE_s_app_DAYS_EMPLOYED_min,142.2191605567932,14
8,f104_nyg_middle_DAYS_FIRST_DUE_s_app_DAYS_LAST_PHONE_CHANGE_min,388.00157833099365,34
8,f104_nyg_middle_DAYS_FIRST_DUE_s_app_DAYS_REGISTRATION_max,108.75143957138062,12
8,f104_nyg_middle_DAYS_FIRST_DUE_s_app_DAYS_ID_PUBLISH_std,0.0,0
8,f104_nyg_middle_DAYS_FIRST_DUE_s_app_DAYS_BIRTH_max,103.3593897819519,10
8,f104_nyg_middle_DAYS_FIRST_DUE_s_app_DAYS_EMPLOYED_max,180.8835096359253,17
8,f104_nyg_middle_DAYS_FIRST_DUE_s_app_DAYS_REGISTRATION_std_div_mean,30.809019565582275,4
8,f104_nyg_middle_DAYS_FIRST_DUE_s_app_DAYS_REGISTRATION_std,0.0,0
8,f104_nyg_middle_DAYS_FIRST_DUE_s_app_DAYS_EMPLOYED_mean,150.8558201789856,14
8,f104_nyg_middle_DAYS_LAST_DUE_1ST_VERSION_d_app_DAYS_BIRTH_std,23.31425952911377,2
8,f104_nyg_middle_DAYS_FIRST_DUE_s_app_DAYS_LAST_PHONE_CHANGE_std,0.0,0
8,f104_nyg_middle_DAYS_FIRST_DUE_s_app_DAYS_LAST_PHONE_CHANGE_std_div_mean,16.674309730529785,2
8,f104_nyg_middle_DAYS_FIRST_DUE_s_app_DAYS_LAST_PHONE_CHANGE_max,393.03119802474976,35
8,f104_nyg_middle_DAYS_FIRST_DUE_s_app_DAYS_ID_PUBLISH_min,193.98444938659668,15
8,f104_nyg_middle_DAYS_FIRST_DUE_s_app_DAYS_LAST_PHONE_CHANGE_mean,295.62449979782104,28
8,f104_nyg_middle_DAYS_FIRST_DUE_s_app_DAYS_REGISTRATION_mean,139.97481966018677,16
8,f104_nyg_middle_DAYS_LAST_DUE_1ST_VERSION_d_app_DAYS_EMPLOYED_std_div_mean,37.553709983825684,4
8,f104_nyg_middle_DAYS_LAST_DUE_1ST_VERSION_d_app_DAYS_BIRTH_std_div_mean,34.1060905456543,3
8,f104_nyg_middle_DAYS_LAST_DUE_1ST_VERSION_d_app_DAYS_ID_PUBLISH_std_div_mean,10.179900169372559,1
8,f104_nyg_middle_DAYS_LAST_DUE_1ST_VERSION_d_app_DAYS_LAST_PHONE_CHANGE_std_div_mean,70.97618007659912,6
8,f104_nyg_middle_DAYS_FIRST_DUE_s_app_DAYS_REGISTRATION_min,59.640929222106934,6
8,f104_nyg_middle_DAYS_LAST_DUE_1ST_VERSION_d_app_DAYS_ID_PUBLISH_mean,278.2692708969116,26
8,f104_nyg_middle_DAYS_LAST_DUE_1ST_VERSION_d_app_DAYS_ID_PUBLISH_max,326.85590982437134,32
8,f104_nyg_middle_DAYS_LAST_DUE_1ST_VERSION_d_app_DAYS_ID_PUBLISH_min,350.3042502403259,34
8,f104_nyg_middle_DAYS_LAST_DUE_1ST_VERSION_s_DAYS_FIRST_DRAWING_mean,0.0,0
8,f104_nyg_middle_DAYS_LAST_DUE_1ST_VERSION_s_DAYS_DECISIONS_mean,231.68572187423706,21
8,f104_nyg_middle_DAYS_LAST_DUE_1ST_VERSION_s_DAYS_FIRST_DRAWING_min,0.0,0
8,f104_nyg_middle_DAYS_LAST_DUE_1ST_VERSION_s_DAYS_DECISIONS_std,50.14030170440674,4
8,f104_nyg_middle_DAYS_LAST_DUE_1ST_VERSION_s_DAYS_DECISIONS_min,172.64465999603271,18
8,f104_nyg_middle_DAYS_LAST_DUE_1ST_VERSION_d_app_DAYS_REGISTRATION_std_div_mean,0.0,0
8,f104_nyg_middle_DAYS_LAST_DUE_1ST_VERSION_s_DAYS_FIRST_DRAWING_max_div_min,0.0,0
8,f104_nyg_middle_DAYS_LAST_DUE_1ST_VERSION_s_DAYS_FIRST_DRAWING_std_div_mean,0.0,0
8,f104_nyg_middle_DAYS_LAST_DUE_1ST_VERSION_s_DAYS_FIRST_DRAWING_max,0.0,0
8,f104_nyg_middle_DAYS_LAST_DUE_1ST_VERSION_s_DAYS_DECISIONS_max,181.22914695739746,14
8,f104_nyg_middle_DAYS_LAST_DUE_1ST_VERSION_s_DAYS_FIRST_DRAWING_std,0.0,0
8,f104_nyg_middle_DAYS_LAST_DUE_1ST_VERSION_s_app_DAYS_BIRTH_std,57.108299255371094,3
8,f104_nyg_middle_DAYS_LAST_DUE_1ST_VERSION_s_app_DAYS_BIRTH_std_div_mean,8.420700073242188,1
8,f104_nyg_middle_DAYS_LAST_DUE_1ST_VERSION_s_DAYS_FIRST_DUE_max,0.0,0
8,f104_nyg_middle_DAYS_LAST_DUE_1ST_VERSION_s_DAYS_FIRST_DUE_std,10.188300132751465,1
8,f104_nyg_middle_DAYS_LAST_DUE_1ST_VERSION_s_app_DAYS_EMPLOYED_max,407.43461084365845,33
8,f104_nyg_middle_DAYS_LAST_DUE_1ST_VERSION_s_app_DAYS_EMPLOYED_std_div_mean,49.11222982406616,3
8,f104_nyg_middle_DAYS_LAST_DUE_1ST_VERSION_s_DAYS_FIRST_DUE_mean,0.0,0
8,f104_nyg_middle_DAYS_LAST_DUE_1ST_VERSION_s_app_DAYS_ID_PUBLISH_std,29.51010036468506,2
8,f104_nyg_middle_DAYS_LAST_DUE_1ST_VERSION_s_app_DAYS_BIRTH_max,309.2234299182892,29
8,f104_nyg_middle_DAYS_LAST_DUE_1ST_VERSION_s_DAYS_FIRST_DUE_min,0.0,0
8,f104_nyg_middle_DAYS_LAST_DUE_1ST_VERSION_s_app_DAYS_EMPLOYED_std,0.0,0
8,f104_nyg_middle_DAYS_LAST_DUE_1ST_VERSION_s_app_DAYS_BIRTH_mean,186.82723999023438,18
8,f104_nyg_middle_DAYS_LAST_DUE_1ST_VERSION_s_app_DAYS_BIRTH_min,260.2414302825928,22
8,f104_nyg_middle_DAYS_LAST_DUE_1ST_VERSION_s_app_DAYS_LAST_PHONE_CHANGE_std,0.0,0
8,f104_nyg_middle_DAYS_LAST_DUE_1ST_VERSION_s_app_DAYS_ID_PUBLISH_max,422.7076573371887,35
8,f104_nyg_middle_DAYS_LAST_DUE_1ST_VERSION_s_app_DAYS_ID_PUBLISH_mean,201.3685221672058,20
8,f104_nyg_middle_DAYS_LAST_DUE_1ST_VERSION_s_app_DAYS_EMPLOYED_min,297.71579790115356,28
8,f104_nyg_middle_DAYS_LAST_DUE_1ST_VERSION_s_app_DAYS_REGISTRATION_std,0.0,0
8,f104_nyg_middle_DAYS_LAST_DUE_1ST_VERSION_s_app_DAYS_REGISTRATION_std_div_mean,42.31015062332153,4
8,f104_nyg_middle_DAYS_LAST_DUE_1ST_VERSION_s_app_DAYS_REGISTRATION_mean,324.8226194381714,34
8,f104_nyg_middle_DAYS_LAST_DUE_1ST_VERSION_s_app_DAYS_EMPLOYED_mean,243.32250928878784,21
8,f104_nyg_middle_DAYS_LAST_DUE_1ST_VERSION_s_app_DAYS_ID_PUBLISH_min,217.90596866607666,19
8,f104_nyg_middle_DAYS_LAST_DUE_d_app_DAYS_BIRTH_max,362.57746744155884,32
8,f104_nyg_middle_DAYS_LAST_DUE_1ST_VERSION_s_app_DAYS_REGISTRATION_max,248.87178945541382,26
8,f104_nyg_middle_DAYS_LAST_DUE_d_app_DAYS_EMPLOYED_max,255.22232055664062,22
8,f104_nyg_middle_DAYS_LAST_DUE_1ST_VERSION_s_app_DAYS_REGISTRATION_min,264.9677290916443,28
8,f104_nyg_middle_DAYS_LAST_DUE_d_app_DAYS_BIRTH_mean,248.96938037872314,26
8,f104_nyg_middle_DAYS_LAST_DUE_d_app_DAYS_ID_PUBLISH_max,224.94632387161255,22
8,f104_nyg_middle_DAYS_LAST_DUE_d_app_DAYS_BIRTH_min,330.31250953674316,32
8,f104_nyg_middle_DAYS_LAST_DUE_d_app_DAYS_EMPLOYED_min,244.28486919403076,25
8,f104_nyg_middle_DAYS_LAST_DUE_d_app_DAYS_EMPLOYED_mean,234.28666830062866,18
8,f104_nyg_middle_DAYS_LAST_DUE_d_app_DAYS_ID_PUBLISH_mean,190.428138256073,17
8,f104_nyg_middle_DAYS_LAST_DUE_s_DAYS_FIRST_DRAWING_min,0.0,0
8,f104_nyg_middle_DAYS_LAST_DUE_s_DAYS_FIRST_DRAWING_max,0.0,0
8,f104_nyg_middle_DAYS_LAST_DUE_d_app_DAYS_ID_PUBLISH_min,209.59294080734253,18
8,f104_nyg_middle_DAYS_LAST_DUE_s_DAYS_FIRST_DRAWING_std,0.0,0
8,f104_nyg_middle_DAYS_LAST_DUE_s_DAYS_FIRST_DRAWING_max_div_min,0.0,0
8,f104_nyg_middle_DAYS_LAST_DUE_s_DAYS_LAST_DUE_1ST_VERSION_std_div_mean,11.895500183105469,1
8,f104_nyg_middle_DAYS_LAST_DUE_s_DAYS_FIRST_DRAWING_mean,0.0,0
8,f104_nyg_middle_DAYS_LAST_DUE_s_DAYS_FIRST_DRAWING_std_div_mean,0.0,0
8,f104_nyg_middle_DAYS_LAST_DUE_s_DAYS_LAST_DUE_1ST_VERSION_mean,112.79549026489258,9
8,f104_nyg_middle_DAYS_LAST_DUE_s_DAYS_LAST_DUE_1ST_VERSION_std,10.808099746704102,1
8,f104_nyg_middle_DAYS_LAST_DUE_s_app_DAYS_BIRTH_max,227.65611839294434,20
8,f104_nyg_middle_DAYS_LAST_DUE_s_DAYS_LAST_DUE_1ST_VERSION_max,146.73271131515503,13
8,f104_nyg_middle_DAYS_LAST_DUE_s_app_DAYS_BIRTH_mean,201.66801118850708,18
8,f104_nyg_middle_DAYS_LAST_DUE_s_app_DAYS_BIRTH_min,71.13304948806763,6
8,f104_nyg_middle_DAYS_LAST_DUE_s_app_DAYS_EMPLOYED_mean,169.5787410736084,18
8,f104_nyg_middle_DAYS_LAST_DUE_s_app_DAYS_ID_PUBLISH_max,177.4402494430542,17
8,f104_nyg_middle_DAYS_LAST_DUE_s_DAYS_LAST_DUE_1ST_VERSION_min,257.1843810081482,21
8,f104_nyg_middle_DAYS_LAST_DUE_s_app_DAYS_EMPLOYED_max,128.03320026397705,11
8,f104_nyg_middle_DAYS_LAST_DUE_s_app_DAYS_LAST_PHONE_CHANGE_max,514.9430584907532,44
8,f104_nyg_middle_DAYS_LAST_DUE_s_app_DAYS_EMPLOYED_min,85.54877042770386,9
8,f104_nyg_middle_DAYS_LAST_DUE_s_app_DAYS_ID_PUBLISH_mean,121.26066207885742,9
8,f104_nyg_middle_DAYS_LAST_DUE_s_app_DAYS_ID_PUBLISH_min,106.32604885101318,9
8,f104_nyg_middle_DAYS_LAST_DUE_s_app_DAYS_REGISTRATION_min,237.53930807113647,22
8,f104_nyg_middle_DAYS_LAST_DUE_s_app_DAYS_LAST_PHONE_CHANGE_min,423.1608386039734,32
8,f104_nyg_middle_DAYS_LAST_DUE_s_app_DAYS_LAST_PHONE_CHANGE_mean,188.12335205078125,18
8,f104_nyg_middle_DAYS_LAST_DUE_s_app_DAYS_REGISTRATION_mean,92.15535020828247,10
8,f104_nyg_middle_DAYS_LAST_DUE_s_app_DAYS_REGISTRATION_max,135.30659008026123,16
8,f104_nyg_middle_DAYS_TERMINATION_d_app_DAYS_BIRTH_max,286.4368119239807,26
8,f104_nyg_middle_DAYS_TERMINATION_d_app_DAYS_EMPLOYED_min,340.73494958877563,32
8,f104_nyg_middle_DAYS_TERMINATION_d_app_DAYS_BIRTH_mean,297.29168176651,27
8,f104_nyg_middle_DAYS_TERMINATION_d_app_DAYS_EMPLOYED_max,314.5170786380768,32
8,f104_nyg_middle_DAYS_TERMINATION_d_app_DAYS_ID_PUBLISH_max,193.0925693511963,20
8,f104_nyg_middle_DAYS_TERMINATION_d_app_DAYS_ID_PUBLISH_mean,88.14558935165405,10
8,f104_nyg_middle_DAYS_TERMINATION_d_app_DAYS_EMPLOYED_mean,181.3752818107605,16
8,f104_nyg_middle_DAYS_TERMINATION_d_app_DAYS_ID_PUBLISH_min,358.87377071380615,32
8,f104_nyg_middle_DAYS_TERMINATION_d_app_DAYS_BIRTH_min,288.8669195175171,26
8,f104_nyg_middle_DAYS_TERMINATION_s_DAYS_FIRST_DRAWING_mean,0.0,0
8,f104_nyg_middle_DAYS_TERMINATION_s_DAYS_FIRST_DRAWING_max_div_min,0.0,0
8,f104_nyg_middle_DAYS_TERMINATION_s_DAYS_FIRST_DRAWING_min,0.0,0
8,f104_nyg_middle_DAYS_TERMINATION_s_DAYS_FIRST_DRAWING_std,0.0,0
8,f104_nyg_middle_DAYS_TERMINATION_s_DAYS_FIRST_DRAWING_max,0.0,0
8,f104_nyg_middle_DAYS_TERMINATION_s_DAYS_FIRST_DRAWING_std_div_mean,0.0,0
8,f104_nyg_middle_DAYS_TERMINATION_s_DAYS_LAST_DUE_1ST_VERSION_std,32.149370193481445,4
8,f104_nyg_middle_DAYS_TERMINATION_s_DAYS_LAST_DUE_1ST_VERSION_max,679.2388782501221,62
8,f104_nyg_middle_DAYS_TERMINATION_s_DAYS_LAST_DUE_std,49.36014938354492,5
8,f104_nyg_middle_DAYS_TERMINATION_s_DAYS_LAST_DUE_1ST_VERSION_mean,625.8724727630615,59
8,f104_nyg_middle_DAYS_TERMINATION_s_DAYS_LAST_DUE_1ST_VERSION_min,669.524311542511,59
8,f104_nyg_middle_DAYS_TERMINATION_s_app_DAYS_BIRTH_max,287.20756816864014,22
8,f104_nyg_middle_DAYS_TERMINATION_s_app_DAYS_BIRTH_mean,54.475751876831055,4
8,f104_nyg_middle_DAYS_TERMINATION_s_app_DAYS_BIRTH_min,95.00191068649292,9
8,f104_nyg_middle_DAYS_TERMINATION_s_app_DAYS_EMPLOYED_max,288.34247064590454,26
8,f104_nyg_middle_DAYS_TERMINATION_s_app_DAYS_EMPLOYED_min,88.63447952270508,9
8,f104_nyg_middle_DAYS_TERMINATION_s_app_DAYS_EMPLOYED_mean,103.00923204421997,11
8,f104_nyg_middle_DAYS_TERMINATION_s_app_DAYS_ID_PUBLISH_max,183.63157892227173,18
8,f104_nyg_middle_DAYS_TERMINATION_s_app_DAYS_LAST_PHONE_CHANGE_min,448.92676877975464,43
8,f104_nyg_middle_DAYS_TERMINATION_s_app_DAYS_ID_PUBLISH_min,141.80437088012695,15
8,f104_nyg_middle_DAYS_TERMINATION_s_app_DAYS_LAST_PHONE_CHANGE_max,376.2769613265991,35
8,f104_nyg_middle_DAYS_TERMINATION_s_app_DAYS_ID_PUBLISH_mean,198.7133493423462,19
8,f104_nyg_middle_DAYS_TERMINATION_s_app_DAYS_LAST_PHONE_CHANGE_mean,206.92170763015747,17
8,f104_nyg_middle_DAYS_TERMINATION_s_app_DAYS_REGISTRATION_min,141.81387996673584,15
8,f104_nyg_middle_DAYS_TERMINATION_s_app_DAYS_REGISTRATION_mean,75.10236072540283,8
8,f104_nyg_middle_NAME_CASH_LOAN_PURPOSE_Repairs_sum,0.0,0
8,f104_nyg_middle_NAME_CASH_LOAN_PURPOSE_Repairs_mean,0.0,0
8,f104_nyg_middle_NAME_CLIENT_TYPE_New_sum,119.85485076904297,8
8,f104_nyg_middle_DAYS_TERMINATION_s_app_DAYS_REGISTRATION_max,179.22151136398315,19
8,f104_nyg_middle_NAME_CONTRACT_STATUS_Refused_sum,0.0,0
8,f104_nyg_middle_NAME_CLIENT_TYPE_New_mean,366.70319652557373,25
8,f104_nyg_middle_NAME_CLIENT_TYPE_Repeater_mean,184.19318151474,17
8,f104_nyg_middle_NAME_CONTRACT_STATUS_Approved_mean,0.0,0
8,f104_nyg_middle_NAME_CONTRACT_STATUS_Refused_mean,0.0,0
8,f104_nyg_middle_NAME_PRODUCT_TYPE_walk_in_sum,51.143799781799316,3
8,f104_nyg_middle_NAME_GOODS_CATEGORY_Furniture_mean,6.3023600578308105,1
8,f104_nyg_middle_NAME_GOODS_CATEGORY_Office_Appliances_mean,0.0,0
8,f104_nyg_middle_NAME_GOODS_CATEGORY_Office_Appliances_sum,0.0,0
8,f104_nyg_middle_NAME_SELLER_INDUSTRY_Construction_mean,0.0,0
8,f104_nyg_middle_NAME_PRODUCT_TYPE_walk_in_mean,44.54908990859985,4
8,f104_nyg_middle_NAME_SELLER_INDUSTRY_Construction_sum,0.0,0
8,f104_nyg_middle_NAME_SELLER_INDUSTRY_Consumer_electronics_mean,238.6929702758789,20
8,f104_nyg_middle_NAME_SELLER_INDUSTRY_Consumer_electronics_sum,52.29534912109375,5
8,f104_nyg_middle_PRODUCT_COMBINATION_POS_household_with_interest_mean,115.19664001464844,9
8,f104_nyg_middle_PRODUCT_COMBINATION_POS_household_with_interest_sum,16.481700897216797,1
8,f104_nyg_middle_PRODUCT_COMBINATION_POS_industry_with_interest_mean,43.19571113586426,4
8,f104_nyg_middle_RATE_DOWN_PAYMENT_std,28.514139652252197,4
8,f104_nyg_middle_RATE_DOWN_PAYMENT_std_div_mean,0.0,0
8,f104_nyg_middle_PRODUCT_COMBINATION_POS_industry_with_interest_sum,0.0,0
8,f104_nyg_middle_RATE_DOWN_PAYMENT_min,38.386290073394775,4
8,f104_nyg_middle_RATE_INTEREST_PRIMARY_mean,0.0,0
8,f104_nyg_middle_RATE_INTEREST_PRIMARY_std,0.0,0
8,f104_nyg_middle_RATE_INTEREST_PRIVILEGED_mean,0.0,0
8,f104_nyg_middle_RATE_INTEREST_PRIVILEGED_min,0.0,0
8,f104_nyg_middle_RATE_INTEREST_PRIMARY_max,0.0,0
8,f104_nyg_middle_RATE_INTEREST_PRIVILEGED_max,0.0,0
8,f104_nyg_middle_RATE_INTEREST_PRIMARY_std_div_mean,0.0,0
8,f104_nyg_middle_RATE_DOWN_PAYMENT_mean,49.46094083786011,5
8,f104_nyg_middle_RATE_INTEREST_PRIMARY_min,0.0,0
8,f104_nyg_middle_RATE_INTEREST_PRIVILEGED_std,0.0,0
8,f104_nyg_middle_RATE_INTEREST_PRIVILEGED_std_div_mean,0.0,0
8,f104_nyg_middle_RATE_DOWN_PAYMENT_max,102.78390884399414,10
8,f104_nyg_middle_SELLERPLACE_AREA_std_div_mean,9.92471981048584,1
8,f104_nyg_middle_active_std_div_mean,0.0,0
8,f104_nyg_middle_active_min,0.0,0
8,f104_nyg_middle_active_mean,0.0,0
8,f104_nyg_middle_active_std,0.0,0
8,f104_nyg_middle_amt_paid_std,0.0,0
8,f104_nyg_middle_active_max,0.0,0
8,f104_nyg_middle_amt_unpaid_std_div_mean,15.386300086975098,1
8,f104_nyg_middle_amt_unpaid_max,44.78582000732422,4
8,f104_nyg_middle_active_sum,0.0,0
8,f104_nyg_middle_amt_unpaid_max_div_min,0.0,0
8,f104_nyg_middle_amt_unpaid_min,82.3812608718872,5
8,f104_nyg_middle_cnt_paid_mean,82.89713048934937,8
8,f104_nyg_middle_cnt_paid_min,6.305200099945068,1
8,f104_nyg_middle_cnt_paid_ratio_max,59.970980167388916,5
8,f104_nyg_middle_amt_unpaid_mean,56.0174994468689,4
8,f104_nyg_middle_cnt_paid_ratio_std,0.0,0
8,f104_nyg_middle_cnt_paid_ratio_mean,78.0502700805664,6
8,f104_nyg_middle_cnt_paid_ratio_max_div_min,9.464309692382812,1
8,f104_nyg_middle_amt_unpaid_std,32.495269775390625,2
8,f104_nyg_middle_amt_unpaid_sum,165.58679103851318,13
8,f104_nyg_middle_cnt_paid_max,41.400529861450195,4
8,f104_nyg_middle_cnt_paid_ratio_std_div_mean,40.97500038146973,2
8,f104_nyg_middle_cnt_unpaid_std_div_mean,0.0,0
8,f104_nyg_middle_cnt_paid_ratio_min,156.4382905960083,9
8,f104_nyg_middle_cnt_paid_std,20.517540454864502,2
8,f104_nyg_middle_cnt_unpaid_max,32.89750003814697,2
8,f104_nyg_middle_cnt_paid_sum,38.93322992324829,4
8,f104_nyg_middle_cnt_unpaid_min,33.946980476379395,3
8,f104_nyg_middle_cnt_unpaid_mean,8.221779823303223,1
8,f104_nyg_middle_completed_std,41.99299907684326,3
8,f104_nyg_middle_cnt_unpaid_std,35.9414005279541,2
8,f104_nyg_middle_completed_min,0.0,0
8,f104_nyg_middle_completed_max,0.0,0
8,f104_nyg_middle_completed_std_div_mean,9.52515983581543,1
8,f104_nyg_middle_completed_sum,0.0,0
8,f104_nyg_middle_completed_mean,24.793180465698242,3
8,f104_nyg_middle_total_debt_diff_std,47.07653045654297,5
8,f104_nyg_middle_cnt_unpaid_sum,134.1042604446411,8
8,f104_nyg_middle_total_debt_mean,509.42666959762573,48
8,f104_nyg_middle_total_debt_diff_max,637.0968594551086,57
8,f104_refused_AMT_ANNUITY_d_app_AMT_ANNUITY_diff_std,98.4196400642395,8
8,f104_nyg_middle_total_debt_max,385.9702978134155,39
8,f104_nyg_middle_total_debt_pctchange_std,30.905120372772217,3
8,f104_nyg_middle_total_debt_std,10.473699569702148,1
8,f104_nyg_middle_total_debt_min,448.22635889053345,46
8,f104_refused_AMT_ANNUITY_d_app_AMT_ANNUITY_mean,420.213764667511,32
8,f104_refused_AMT_ANNUITY_d_app_AMT_ANNUITY_pctchange_min,202.8695011138916,21
8,f104_refused_AMT_ANNUITY_d_app_AMT_CREDIT_diff_std,9.50724983215332,1
8,f104_refused_AMT_ANNUITY_d_app_AMT_ANNUITY_max,96.68240070343018,10
8,f104_refused_AMT_ANNUITY_d_app_AMT_ANNUITY_min,178.73304986953735,15
8,f104_refused_AMT_ANNUITY_d_app_AMT_CREDIT_diff_min,133.3155493736267,12
8,f104_refused_AMT_ANNUITY_d_app_AMT_CREDIT_diff_mean,155.78163957595825,15
8,f104_refused_AMT_ANNUITY_d_app_AMT_ANNUITY_std,61.183589935302734,7
8,f104_refused_AMT_ANNUITY_d_app_AMT_CREDIT_diff_max,265.36388874053955,23
8,f104_refused_AMT_ANNUITY_d_app_AMT_CREDIT_min,471.31553649902344,26
8,f104_refused_AMT_ANNUITY_d_app_AMT_CREDIT_pctchange_min,59.284600257873535,6
8,f104_refused_AMT_ANNUITY_d_app_AMT_GOODS_PRICE_diff_std,49.140000343322754,3
8,f104_refused_AMT_ANNUITY_d_app_AMT_CREDIT_std,68.47784900665283,5
8,f104_refused_AMT_ANNUITY_d_app_AMT_CREDIT_mean,506.9704632759094,31
8,f104_refused_AMT_ANNUITY_d_app_AMT_CREDIT_max,470.82687854766846,28
8,f104_refused_AMT_ANNUITY_d_app_AMT_GOODS_PRICE_max,425.82310962677,29
8,f104_refused_AMT_ANNUITY_d_app_AMT_GOODS_PRICE_diff_min,149.42635202407837,11
8,f104_refused_AMT_ANNUITY_d_app_AMT_GOODS_PRICE_std,102.33287048339844,9
8,f104_refused_AMT_ANNUITY_d_app_AMT_GOODS_PRICE_mean,302.05677700042725,25
8,f104_refused_AMT_ANNUITY_d_app_AMT_INCOME_TOTAL_diff_std,115.3510684967041,8
8,f104_refused_AMT_ANNUITY_d_app_AMT_GOODS_PRICE_pctchange_min,50.904330253601074,5
8,f104_refused_AMT_ANNUITY_d_app_AMT_GOODS_PRICE_min,270.860387802124,16
8,f104_refused_AMT_ANNUITY_d_app_AMT_GOODS_PRICE_diff_mean,126.50083112716675,13
8,f104_refused_AMT_ANNUITY_d_app_AMT_INCOME_TOTAL_diff_min,214.75780963897705,18
8,f104_refused_AMT_ANNUITY_d_app_AMT_INCOME_TOTAL_std,36.26109981536865,3
8,f104_refused_AMT_ANNUITY_d_app_AMT_INCOME_TOTAL_min,413.49703216552734,39
8,f104_refused_AMT_ANNUITY_d_app_AMT_INCOME_TOTAL_diff_mean,208.24098205566406,19
8,f104_refused_AMT_ANNUITY_d_app_AMT_INCOME_TOTAL_pctchange_min,24.591259956359863,2
8,f104_refused_AMT_ANNUITY_m_app_AMT_GOODS_PRICE_d_app_AMT_INCOME_TOTAL_std_div_mean,0.0,0
8,f104_refused_AMT_ANNUITY_m_app_AMT_GOODS_PRICE_d_app_AMT_INCOME_TOTAL_pctchange_max,143.50552988052368,11
8,f104_refused_AMT_ANNUITY_m_app_AMT_GOODS_PRICE_d_app_AMT_INCOME_TOTAL_diff_min,84.188889503479,9
8,f104_refused_AMT_ANNUITY_m_app_AMT_GOODS_PRICE_d_app_AMT_INCOME_TOTAL_diff_std,12.549099922180176,1
8,f104_refused_AMT_ANNUITY_min,212.54349899291992,20
8,f104_refused_AMT_ANNUITY_max,393.3322591781616,33
8,f104_refused_AMT_ANNUITY_s_app_AMT_ANNUITY_d_app_AMT_INCOME_TOTAL_min,770.6016502380371,49
8,f104_refused_AMT_ANNUITY_m_app_AMT_GOODS_PRICE_d_app_AMT_INCOME_TOTAL_diff_mean,83.28023958206177,6
8,f104_refused_AMT_ANNUITY_m_app_AMT_GOODS_PRICE_d_app_AMT_INCOME_TOTAL_pctchange_min,342.4915199279785,29
8,f104_refused_AMT_ANNUITY_m_app_AMT_GOODS_PRICE_d_app_AMT_INCOME_TOTAL_std,44.13362979888916,5
8,f104_refused_AMT_ANNUITY_m_app_AMT_GOODS_PRICE_d_app_AMT_INCOME_TOTAL_pctchange_mean,89.00513029098511,11
8,f104_refused_AMT_ANNUITY_mean,386.71613025665283,29
8,f104_refused_AMT_ANNUITY_s_app_AMT_ANNUITY_d_app_AMT_INCOME_TOTAL_pctchange_std,218.178081035614,19
8,f104_refused_AMT_ANNUITY_s_app_AMT_ANNUITY_d_app_AMT_INCOME_TOTAL_max,568.4157114028931,44
8,f104_refused_AMT_ANNUITY_s_app_AMT_ANNUITY_d_app_AMT_INCOME_TOTAL_diff_std,0.0,0
8,f104_refused_AMT_ANNUITY_m_app_AMT_GOODS_PRICE_d_app_AMT_INCOME_TOTAL_pctchange_std,88.1515417098999,5
8,f104_refused_AMT_ANNUITY_s_app_AMT_ANNUITY_d_app_AMT_INCOME_TOTAL_diff_mean,50.735300064086914,4
8,f104_refused_AMT_ANNUITY_s_app_AMT_ANNUITY_d_app_AMT_INCOME_TOTAL_pctchange_std_div_mean,114.00002861022949,11
8,f104_refused_AMT_ANNUITY_s_app_AMT_ANNUITY_d_app_AMT_INCOME_TOTAL_mean,524.0273199081421,30
8,f104_refused_AMT_ANNUITY_s_app_AMT_ANNUITY_d_app_AMT_INCOME_TOTAL_pctchange_min,271.540066242218,26
8,f104_refused_AMT_ANNUITY_s_app_AMT_ANNUITY_d_app_AMT_INCOME_TOTAL_pctchange_mean,217.1039810180664,20
8,f104_refused_AMT_ANNUITY_s_app_AMT_ANNUITY_d_app_AMT_INCOME_TOTAL_std,0.0,0
8,f104_refused_AMT_ANNUITY_s_app_AMT_ANNUITY_d_app_AMT_INCOME_TOTAL_diff_min,6.736239910125732,1
8,f104_refused_AMT_ANNUITY_s_app_AMT_ANNUITY_diff_min,64.64044952392578,6
8,f104_refused_AMT_ANNUITY_s_app_AMT_ANNUITY_mean,129.98980045318604,10
8,f104_refused_AMT_ANNUITY_s_app_AMT_ANNUITY_d_app_AMT_INCOME_TOTAL_pctchange_max,80.08306074142456,8
8,f104_refused_AMT_ANNUITY_s_app_AMT_ANNUITY_min,148.11229944229126,17
8,f104_refused_AMT_ANNUITY_s_app_AMT_ANNUITY_diff_mean,108.66463994979858,11
8,f104_refused_AMT_ANNUITY_s_app_AMT_ANNUITY_pctchange_max,89.01123142242432,7
8,f104_refused_AMT_ANNUITY_s_app_AMT_ANNUITY_pctchange_min,54.55651092529297,6
8,f104_refused_AMT_ANNUITY_s_app_AMT_ANNUITY_pctchange_std_div_mean,43.80079936981201,3
8,f104_refused_AMT_ANNUITY_s_app_AMT_ANNUITY_pctchange_std,46.626099586486816,3
8,f104_refused_AMT_ANNUITY_s_app_AMT_CREDIT_d_app_AMT_INCOME_TOTAL_diff_mean,28.436220169067383,3
8,f104_refused_AMT_ANNUITY_s_app_AMT_ANNUITY_pctchange_mean,61.87649917602539,6
8,f104_refused_AMT_ANNUITY_s_app_AMT_ANNUITY_max,340.92454290390015,25
8,f104_refused_AMT_ANNUITY_s_app_AMT_CREDIT_d_app_AMT_INCOME_TOTAL_diff_std,0.0,0
8,f104_refused_AMT_ANNUITY_s_app_AMT_CREDIT_d_app_AMT_INCOME_TOTAL_pctchange_max,120.48173093795776,10
9,f104_refused_AMT_ANNUITY_s_app_AMT_CREDIT_d_app_AMT_INCOME_TOTAL_std_div_mean,11.877300262451172,1
9,f104_refused_AMT_ANNUITY_s_app_AMT_CREDIT_pctchange_max,30.750999450683594,1
9,f104_refused_AMT_ANNUITY_s_app_AMT_GOODS_PRICE_diff_mean,8.584070205688477,1
9,f104_refused_AMT_ANNUITY_s_app_AMT_CREDIT_diff_mean,0.0,0
9,f104_refused_AMT_ANNUITY_s_app_AMT_CREDIT_pctchange_std,24.61570930480957,2
9,f104_refused_AMT_ANNUITY_s_app_AMT_CREDIT_d_app_AMT_INCOME_TOTAL_pctchange_min,23.190341651439667,2
9,f104_refused_AMT_ANNUITY_s_app_AMT_CREDIT_diff_min,17.1898193359375,2
9,f104_refused_AMT_ANNUITY_s_app_AMT_CREDIT_d_app_AMT_INCOME_TOTAL_diff_min,0.0,0
9,f104_refused_AMT_ANNUITY_s_app_AMT_CREDIT_d_app_AMT_INCOME_TOTAL_pctchange_std,0.0,0
9,f104_refused_AMT_ANNUITY_s_app_AMT_CREDIT_d_app_AMT_INCOME_TOTAL_std,0.0,0
9,f104_refused_AMT_ANNUITY_s_app_AMT_CREDIT_d_app_AMT_INCOME_TOTAL_pctchange_mean,60.37189960479736,3
9,f104_refused_AMT_ANNUITY_s_app_AMT_CREDIT_pctchange_min,0.0,0
9,f104_refused_AMT_ANNUITY_s_app_AMT_CREDIT_std_div_mean,0.0,0
9,f104_refused_AMT_ANNUITY_s_app_AMT_GOODS_PRICE_std_div_mean,0.0,0
9,f104_refused_AMT_ANNUITY_s_app_AMT_GOODS_PRICE_diff_min,8.303130149841309,1
9,f104_refused_AMT_ANNUITY_s_app_AMT_CREDIT_pctchange_mean,0.0,0
9,f104_refused_AMT_ANNUITY_s_app_AMT_GOODS_PRICE_pctchange_std,0.0,0
9,f104_refused_AMT_ANNUITY_s_app_AMT_GOODS_PRICE_mean,40.09701919555664,4
9,f104_refused_AMT_ANNUITY_s_app_AMT_GOODS_PRICE_min,94.36874055862427,6
9,f104_refused_AMT_ANNUITY_s_app_AMT_GOODS_PRICE_max,48.766801834106445,2
9,f104_refused_AMT_ANNUITY_s_app_AMT_GOODS_PRICE_pctchange_max,0.0,0
9,f104_refused_AMT_ANNUITY_s_app_AMT_GOODS_PRICE_pctchange_min,15.369199752807617,1
9,f104_refused_AMT_ANNUITY_s_app_AMT_GOODS_PRICE_pctchange_mean,19.771029949188232,2
9,f104_refused_AMT_ANNUITY_s_app_AMT_INCOME_TOTAL_max_div_min,0.0,0
9,f104_refused_AMT_ANNUITY_s_app_AMT_INCOME_TOTAL_pctchange_max,1.6401100158691406,1
9,f104_refused_AMT_ANNUITY_s_app_AMT_INCOME_TOTAL_diff_min,8.76218032836914,1
9,f104_refused_AMT_ANNUITY_s_app_AMT_INCOME_TOTAL_diff_mean,0.0,0
9,f104_refused_AMT_ANNUITY_s_app_AMT_INCOME_TOTAL_pctchange_std_div_mean,0.0,0
9,f104_refused_AMT_APPLICATION_d_app_AMT_ANNUITY_diff_std_div_mean,0.0,0
9,f104_refused_AMT_APPLICATION_d_app_AMT_ANNUITY_min,0.0,0
9,f104_refused_AMT_ANNUITY_s_app_AMT_INCOME_TOTAL_std_div_mean,0.0,0
9,f104_refused_AMT_APPLICATION_d_app_AMT_ANNUITY_mean,8.4933500289917,1
9,f104_refused_AMT_APPLICATION_d_app_AMT_ANNUITY_diff_std,0.0,0
9,f104_refused_AMT_APPLICATION_d_app_AMT_ANNUITY_max_div_min,0.0,0
9,f104_refused_AMT_APPLICATION_d_app_AMT_ANNUITY_max,0.0,0
9,f104_refused_AMT_APPLICATION_d_app_AMT_CREDIT_min,0.0,0
9,f104_refused_AMT_APPLICATION_d_app_AMT_ANNUITY_std_div_mean,0.0,0
9,f104_refused_AMT_APPLICATION_d_app_AMT_CREDIT_diff_std,0.0,0
9,f104_refused_AMT_APPLICATION_d_app_AMT_CREDIT_mean,11.025500297546387,1
9,f104_refused_AMT_APPLICATION_d_app_AMT_CREDIT_max,0.0,0
9,f104_refused_AMT_APPLICATION_d_app_AMT_GOODS_PRICE_diff_std,0.0,0
9,f104_refused_AMT_APPLICATION_d_app_AMT_CREDIT_max_div_min,0.0,0
9,f104_refused_AMT_APPLICATION_d_app_AMT_CREDIT_std_div_mean,0.0,0
9,f104_refused_AMT_APPLICATION_d_app_AMT_GOODS_PRICE_mean,0.0,0
9,f104_refused_AMT_APPLICATION_d_app_AMT_GOODS_PRICE_max_div_min,0.0,0
9,f104_refused_AMT_APPLICATION_d_app_AMT_CREDIT_std,0.0,0
9,f104_refused_AMT_APPLICATION_d_app_AMT_INCOME_TOTAL_diff_std_div_mean,0.0,0
9,f104_refused_AMT_APPLICATION_d_app_AMT_GOODS_PRICE_min,16.090749740600586,2
9,f104_refused_AMT_APPLICATION_d_app_AMT_GOODS_PRICE_max,0.0,0
9,f104_refused_AMT_APPLICATION_d_app_AMT_GOODS_PRICE_std_div_mean,0.0,0
9,f104_refused_AMT_APPLICATION_d_app_AMT_INCOME_TOTAL_diff_mean,26.369189739227295,5
9,f104_refused_AMT_APPLICATION_d_app_AMT_INCOME_TOTAL_diff_min,37.368810415267944,3
9,f104_refused_AMT_APPLICATION_m_app_AMT_GOODS_PRICE_d_app_AMT_INCOME_TOTAL_std,0.0,0
9,f104_refused_AMT_APPLICATION_m_app_AMT_GOODS_PRICE_d_app_AMT_INCOME_TOTAL_diff_min,0.0,0
9,f104_refused_AMT_APPLICATION_d_app_AMT_INCOME_TOTAL_std,0.0,0
9,f104_refused_AMT_APPLICATION_d_app_AMT_INCOME_TOTAL_max_div_min,0.0,0
9,f104_refused_AMT_APPLICATION_d_app_AMT_INCOME_TOTAL_std_div_mean,0.0,0
9,f104_refused_AMT_APPLICATION_d_app_AMT_INCOME_TOTAL_min,1.1078100204467773,1
9,f104_refused_AMT_APPLICATION_m_app_AMT_GOODS_PRICE_d_app_AMT_INCOME_TOTAL_pctchange_std,6.941709995269775,1
9,f104_refused_AMT_APPLICATION_s_app_AMT_ANNUITY_d_app_AMT_INCOME_TOTAL_diff_std_div_mean,0.0,0
9,f104_refused_AMT_APPLICATION_max_div_min,0.0,0
9,f104_refused_AMT_APPLICATION_max,10.124500274658203,1
9,f104_refused_AMT_APPLICATION_m_app_AMT_GOODS_PRICE_d_app_AMT_INCOME_TOTAL_min,20.984500885009766,1
9,f104_refused_AMT_APPLICATION_s_app_AMT_ANNUITY_d_app_AMT_INCOME_TOTAL_diff_mean,0.0,0
9,f104_refused_AMT_APPLICATION_s_app_AMT_ANNUITY_d_app_AMT_INCOME_TOTAL_diff_min,0.0,0
9,f104_refused_AMT_APPLICATION_min,0.0,0
9,f104_refused_AMT_APPLICATION_mean,0.0,0
9,f104_refused_AMT_APPLICATION_s_app_AMT_ANNUITY_d_app_AMT_INCOME_TOTAL_max_div_min,0.0,0
9,f104_refused_AMT_APPLICATION_s_app_AMT_ANNUITY_d_app_AMT_INCOME_TOTAL_min,6.120940208435059,1
9,f104_refused_AMT_APPLICATION_s_app_AMT_ANNUITY_max_div_min,0.0,0
9,f104_refused_AMT_APPLICATION_s_app_AMT_ANNUITY_mean,2.120959997177124,1
9,f104_refused_AMT_APPLICATION_s_app_AMT_ANNUITY_max,2.1268999576568604,1
9,f104_refused_AMT_APPLICATION_s_app_AMT_ANNUITY_std_div_mean,0.0,0
9,f104_refused_AMT_APPLICATION_s_app_AMT_ANNUITY_diff_mean,0.0,0
9,f104_refused_AMT_APPLICATION_s_app_AMT_ANNUITY_diff_min,0.0,0
9,f104_refused_AMT_APPLICATION_s_app_AMT_ANNUITY_d_app_AMT_INCOME_TOTAL_std_div_mean,26.73110008239746,1
9,f104_refused_AMT_APPLICATION_s_app_AMT_ANNUITY_min,40.862810134887695,2
9,f104_refused_AMT_APPLICATION_s_app_AMT_ANNUITY_d_app_AMT_INCOME_TOTAL_std,0.0,0
9,f104_refused_AMT_APPLICATION_s_app_AMT_CREDIT_d_app_AMT_INCOME_TOTAL_mean,40.551300048828125,2
9,f104_refused_AMT_APPLICATION_s_app_AMT_CREDIT_d_app_AMT_INCOME_TOTAL_diff_min,5.878459930419922,1
9,f104_refused_AMT_APPLICATION_s_app_AMT_CREDIT_d_app_AMT_INCOME_TOTAL_diff_mean,9.234820365905762,1
9,f104_refused_AMT_APPLICATION_s_app_AMT_CREDIT_d_app_AMT_INCOME_TOTAL_min,30.046260356903076,3
9,f104_refused_AMT_APPLICATION_s_app_AMT_CREDIT_d_app_AMT_INCOME_TOTAL_std_div_mean,0.0,0
9,f104_refused_AMT_APPLICATION_s_app_AMT_CREDIT_min,45.39226961135864,3
9,f104_refused_AMT_APPLICATION_s_app_AMT_CREDIT_diff_mean,0.0,0
9,f104_refused_AMT_APPLICATION_s_app_AMT_CREDIT_diff_min,0.0,0
9,f104_refused_AMT_APPLICATION_s_app_AMT_CREDIT_d_app_AMT_INCOME_TOTAL_std,0.0,0
9,f104_refused_AMT_APPLICATION_s_app_AMT_CREDIT_pctchange_std_div_mean,31.907800674438477,1
9,f104_refused_AMT_APPLICATION_s_app_AMT_INCOME_TOTAL_diff_min,0.0,0
9,f104_refused_AMT_APPLICATION_s_app_AMT_GOODS_PRICE_pctchange_std,0.0,0
9,f104_refused_AMT_APPLICATION_s_app_AMT_CREDIT_std_div_mean,0.0,0
9,f104_refused_AMT_APPLICATION_s_app_AMT_GOODS_PRICE_diff_min,0.0,0
9,f104_refused_AMT_APPLICATION_s_app_AMT_GOODS_PRICE_diff_mean,0.0,0
9,f104_refused_AMT_APPLICATION_s_app_AMT_INCOME_TOTAL_diff_mean,0.0,0
9,f104_refused_AMT_APPLICATION_s_app_AMT_INCOME_TOTAL_pctchange_std_div_mean,0.0,0
9,f104_refused_AMT_APPLICATION_s_app_AMT_INCOME_TOTAL_std_div_mean,0.0,0
9,f104_refused_AMT_APPLICATION_std_div_mean,0.0,0
9,f104_refused_AMT_APPLICATION_s_app_AMT_INCOME_TOTAL_pctchange_mean,16.84478998184204,2
9,f104_refused_AMT_APPLICATION_s_app_AMT_INCOME_TOTAL_min,6.109379768371582,1
9,f104_refused_AMT_APPLICATION_s_app_AMT_INCOME_TOTAL_mean,0.0,0
9,f104_refused_AMT_CREDIT_d_AMT_ANNUITY_diff_min,23.523789405822754,2
9,f104_refused_AMT_CREDIT_d_AMT_APPLICATION_diff_std,16.152799606323242,1
9,f104_refused_AMT_CREDIT_d_AMT_ANNUITY_pctchange_std,0.0,0
9,f104_refused_AMT_CREDIT_d_AMT_ANNUITY_diff_std,15.42020034790039,1
9,f104_refused_AMT_CREDIT_d_AMT_ANNUITY_pctchange_min,0.0,0
9,f104_refused_AMT_CREDIT_d_AMT_APPLICATION_diff_mean,32.92117965221405,4
9,f104_refused_AMT_CREDIT_d_AMT_ANNUITY_std_div_mean,0.0,0
9,f104_refused_AMT_CREDIT_d_AMT_APPLICATION_pctchange_max_div_min,7.203660011291504,1
9,f104_refused_AMT_CREDIT_d_AMT_APPLICATION_max,162.61630058288574,3
9,f104_refused_AMT_CREDIT_d_AMT_APPLICATION_std,0.0,0
9,f104_refused_AMT_CREDIT_d_AMT_APPLICATION_diff_max_div_min,0.0,0
9,f104_refused_AMT_CREDIT_d_AMT_APPLICATION_max_div_min,0.0,0
9,f104_refused_AMT_CREDIT_d_AMT_APPLICATION_min,0.0,0
9,f104_refused_AMT_CREDIT_d_AMT_APPLICATION_std_div_mean,0.0,0
9,f104_refused_AMT_CREDIT_d_app_AMT_ANNUITY_max_div_min,1.3843200206756592,1
9,f104_refused_AMT_CREDIT_d_AMT_APPLICATION_mean,64.06039905548096,2
9,f104_refused_AMT_CREDIT_d_AMT_APPLICATION_pctchange_max,8.874589920043945,1
9,f104_refused_AMT_CREDIT_d_AMT_APPLICATION_diff_max,0.0,0
9,f104_refused_AMT_CREDIT_d_app_AMT_ANNUITY_mean,18.020000457763672,1
9,f104_refused_AMT_CREDIT_d_app_AMT_CREDIT_mean,4.2181501388549805,1
9,f104_refused_AMT_CREDIT_d_app_AMT_ANNUITY_min,0.0,0
9,f104_refused_AMT_CREDIT_d_AMT_APPLICATION_pctchange_mean,15.078100204467773,1
9,f104_refused_AMT_CREDIT_d_app_AMT_ANNUITY_std_div_mean,0.0,0
9,f104_refused_AMT_CREDIT_d_app_AMT_CREDIT_std_div_mean,0.0,0
9,f104_refused_AMT_CREDIT_d_app_AMT_CREDIT_max_div_min,0.0,0
9,f104_refused_AMT_CREDIT_d_app_AMT_GOODS_PRICE_max_div_min,0.0,0
9,f104_refused_AMT_CREDIT_d_app_AMT_CREDIT_min,15.383509874343872,2
9,f104_refused_AMT_CREDIT_d_app_AMT_GOODS_PRICE_min,27.210670232772827,4
9,f104_refused_AMT_CREDIT_d_app_AMT_INCOME_TOTAL_diff_min,0.0,0
9,f104_refused_AMT_CREDIT_d_app_AMT_GOODS_PRICE_diff_min,0.0,0
9,f104_refused_AMT_CREDIT_d_total_debt_diff_std,0.0,0
9,f104_refused_AMT_CREDIT_d_app_AMT_INCOME_TOTAL_diff_std,12.605799674987793,1
9,f104_refused_AMT_CREDIT_d_total_debt_max,68.08295059204102,7
9,f104_refused_AMT_CREDIT_d_app_AMT_GOODS_PRICE_std_div_mean,0.0,0
9,f104_refused_AMT_CREDIT_d_app_AMT_INCOME_TOTAL_diff_mean,0.0,0
9,f104_refused_AMT_CREDIT_d_app_AMT_INCOME_TOTAL_max_div_min,0.0,0
9,f104_refused_AMT_CREDIT_d_total_debt_diff_max,7.213009834289551,1
9,f104_refused_AMT_CREDIT_d_total_debt_max_div_min,0.0,0
9,f104_refused_AMT_CREDIT_d_app_AMT_INCOME_TOTAL_std,0.0,0
9,f104_refused_AMT_CREDIT_d_total_debt_mean,11.92020034790039,1
9,f104_refused_AMT_CREDIT_d_total_debt_diff_max_div_min,0.0,0
9,f104_refused_AMT_CREDIT_d_total_debt_pctchange_min,0.0,0
9,f104_refused_AMT_CREDIT_d_app_AMT_INCOME_TOTAL_std_div_mean,0.0,0
9,f104_refused_AMT_CREDIT_d_total_debt_pctchange_std,3.7140800952911377,1
9,f104_refused_AMT_CREDIT_d_total_debt_pctchange_max,24.423539638519287,2
9,f104_refused_AMT_CREDIT_d_total_debt_diff_min,27.782800674438477,2
9,f104_refused_AMT_CREDIT_d_total_debt_std,0.0,0
9,f104_refused_AMT_CREDIT_d_total_debt_min,70.37249946594238,3
9,f104_refused_AMT_CREDIT_m_app_AMT_GOODS_PRICE_d_app_AMT_INCOME_TOTAL_diff_std,0.0,0
9,f104_refused_AMT_CREDIT_d_total_debt_pctchange_max_div_min,0.0,0
9,f104_refused_AMT_CREDIT_d_total_debt_std_div_mean,0.0,0
9,f104_refused_AMT_CREDIT_m_app_AMT_GOODS_PRICE_d_app_AMT_INCOME_TOTAL_std,0.0,0
9,f104_refused_AMT_CREDIT_m_app_AMT_GOODS_PRICE_d_app_AMT_INCOME_TOTAL_diff_min,11.518099784851074,1
9,f104_refused_AMT_CREDIT_s_app_AMT_ANNUITY_d_app_AMT_INCOME_TOTAL_diff_std,0.0,0
9,f104_refused_AMT_CREDIT_m_app_AMT_GOODS_PRICE_d_app_AMT_INCOME_TOTAL_pctchange_max_div_min,6.982979774475098,1
9,f104_refused_AMT_CREDIT_s_app_AMT_ANNUITY_d_app_AMT_INCOME_TOTAL_diff_mean,0.0,0
9,f104_refused_AMT_CREDIT_m_app_AMT_GOODS_PRICE_d_app_AMT_INCOME_TOTAL_diff_mean,0.0,0
9,f104_refused_AMT_CREDIT_max_div_min,0.0,0
9,f104_refused_AMT_CREDIT_s_app_AMT_ANNUITY_d_app_AMT_INCOME_TOTAL_diff_min,6.609439849853516,1
9,f104_refused_AMT_CREDIT_mean,0.0,0
9,f104_refused_AMT_CREDIT_min,0.0,0
9,f104_refused_AMT_CREDIT_s_app_AMT_ANNUITY_d_app_AMT_INCOME_TOTAL_std,0.0,0
9,f104_refused_AMT_CREDIT_s_app_AMT_ANNUITY_d_app_AMT_INCOME_TOTAL_pctchange_std_div_mean,20.16790008544922,1
9,f104_refused_AMT_CREDIT_s_app_AMT_ANNUITY_d_app_AMT_INCOME_TOTAL_std_div_mean,0.0,0
9,f104_refused_AMT_CREDIT_s_app_AMT_ANNUITY_d_app_AMT_INCOME_TOTAL_pctchange_mean,15.038089990615845,3
9,f104_refused_AMT_CREDIT_s_app_AMT_ANNUITY_diff_min,27.81063938140869,2
9,f104_refused_AMT_CREDIT_s_app_AMT_ANNUITY_d_app_AMT_INCOME_TOTAL_pctchange_max,25.38075017929077,3
9,f104_refused_AMT_CREDIT_s_app_AMT_ANNUITY_min,36.29970073699951,3
9,f104_refused_AMT_CREDIT_s_app_AMT_ANNUITY_d_app_AMT_INCOME_TOTAL_min,0.0,0
9,f104_refused_AMT_CREDIT_s_app_AMT_ANNUITY_std,0.0,0
9,f104_refused_AMT_CREDIT_s_app_AMT_ANNUITY_pctchange_mean,0.0,0
9,f104_refused_AMT_CREDIT_s_app_AMT_CREDIT_d_app_AMT_INCOME_TOTAL_diff_std,0.0,0
9,f104_refused_AMT_CREDIT_s_app_AMT_ANNUITY_std_div_mean,0.0,0
9,f104_refused_AMT_CREDIT_s_app_AMT_ANNUITY_mean,17.48509979248047,1
9,f104_refused_AMT_CREDIT_s_app_AMT_ANNUITY_pctchange_std_div_mean,0.0,0
9,f104_refused_AMT_CREDIT_s_app_AMT_ANNUITY_pctchange_max,8.591279983520508,1
9,f104_refused_AMT_CREDIT_s_app_AMT_CREDIT_d_app_AMT_INCOME_TOTAL_min,20.49014949798584,2
9,f104_refused_AMT_CREDIT_s_app_AMT_CREDIT_d_app_AMT_INCOME_TOTAL_pctchange_std,0.0,0
9,f104_refused_AMT_CREDIT_s_app_AMT_CREDIT_d_app_AMT_INCOME_TOTAL_max_div_min,0.0,0
9,f104_refused_AMT_CREDIT_s_app_AMT_CREDIT_d_app_AMT_INCOME_TOTAL_pctchange_max_div_min,0.0,0
9,f104_refused_AMT_CREDIT_s_app_AMT_CREDIT_d_app_AMT_INCOME_TOTAL_diff_min,0.0,0
9,f104_refused_AMT_CREDIT_s_app_AMT_CREDIT_d_app_AMT_INCOME_TOTAL_diff_mean,0.0,0
9,f104_refused_AMT_CREDIT_s_app_AMT_CREDIT_d_app_AMT_INCOME_TOTAL_std,0.0,0
9,f104_refused_AMT_CREDIT_s_app_AMT_CREDIT_d_app_AMT_INCOME_TOTAL_std_div_mean,0.0,0
9,f104_refused_AMT_CREDIT_s_app_AMT_CREDIT_max_div_min,0.0,0
9,f104_refused_AMT_CREDIT_s_app_AMT_CREDIT_diff_min,0.0,0
9,f104_refused_AMT_CREDIT_s_app_AMT_CREDIT_pctchange_std,0.0,0
9,f104_refused_AMT_CREDIT_s_app_AMT_CREDIT_pctchange_max_div_min,0.0,0
9,f104_refused_AMT_CREDIT_s_app_AMT_GOODS_PRICE_pctchange_max_div_min,0.0,0
9,f104_refused_AMT_CREDIT_s_app_AMT_CREDIT_std,0.0,0
9,f104_refused_AMT_CREDIT_s_app_AMT_INCOME_TOTAL_diff_min,0.0,0
9,f104_refused_AMT_CREDIT_s_app_AMT_GOODS_PRICE_std,0.0,0
9,f104_refused_AMT_CREDIT_s_app_AMT_CREDIT_std_div_mean,0.0,0
9,f104_refused_AMT_CREDIT_s_app_AMT_GOODS_PRICE_diff_min,0.0,0
9,f104_refused_AMT_DOWN_PAYMENT_d_AMT_GOODS_PRICE_diff_std_div_mean,0.0,0
9,f104_refused_AMT_DOWN_PAYMENT_d_AMT_GOODS_PRICE_diff_std,0.0,0
9,f104_refused_AMT_CREDIT_s_app_AMT_INCOME_TOTAL_std,0.0,0
9,f104_refused_AMT_CREDIT_s_app_AMT_INCOME_TOTAL_min,5.595789909362793,1
9,f104_refused_AMT_DOWN_PAYMENT_d_AMT_GOODS_PRICE_pctchange_std,0.0,0
9,f104_refused_AMT_CREDIT_std_div_mean,0.0,0
9,f104_refused_AMT_DOWN_PAYMENT_d_AMT_GOODS_PRICE_std_div_mean,0.0,0
9,f104_refused_AMT_CREDIT_std,0.0,0
9,f104_refused_AMT_DOWN_PAYMENT_d_AMT_GOODS_PRICE_max,0.0,0
9,f104_refused_AMT_DOWN_PAYMENT_d_AMT_GOODS_PRICE_pctchange_max,0.0,0
9,f104_refused_AMT_DOWN_PAYMENT_d_AMT_GOODS_PRICE_mean,0.0,0
9,f104_refused_AMT_DOWN_PAYMENT_d_AMT_GOODS_PRICE_min,0.0,0
9,f104_refused_AMT_GOODS_PRICE_d_AMT_ANNUITY_diff_std,0.0,0
9,f104_refused_AMT_DOWN_PAYMENT_std_div_mean,0.0,0
9,f104_refused_AMT_DOWN_PAYMENT_std,0.0,0
9,f104_refused_AMT_GOODS_PRICE_d_AMT_ANNUITY_diff_min,14.799200057983398,1
9,f104_refused_AMT_DOWN_PAYMENT_d_AMT_GOODS_PRICE_std,0.0,0
9,f104_refused_AMT_GOODS_PRICE_d_AMT_ANNUITY_pctchange_mean,49.93136930465698,5
9,f104_refused_AMT_GOODS_PRICE_d_AMT_ANNUITY_pctchange_min,0.0,0
9,f104_refused_AMT_GOODS_PRICE_d_AMT_ANNUITY_pctchange_std,0.0,0
9,f104_refused_AMT_GOODS_PRICE_d_AMT_CREDIT_max,0.0,0
9,f104_refused_AMT_GOODS_PRICE_d_AMT_CREDIT_max_div_min,0.0,0
9,f104_refused_AMT_GOODS_PRICE_d_AMT_ANNUITY_std_div_mean,7.272220134735107,1
9,f104_refused_AMT_GOODS_PRICE_d_AMT_ANNUITY_std,27.49720001220703,1
9,f104_refused_AMT_GOODS_PRICE_d_app_AMT_ANNUITY_diff_std,0.0,0
9,f104_refused_AMT_GOODS_PRICE_d_app_AMT_ANNUITY_max,15.257330417633057,2
9,f104_refused_AMT_GOODS_PRICE_d_AMT_CREDIT_pctchange_min,22.988600730895996,2
9,f104_refused_AMT_GOODS_PRICE_d_AMT_CREDIT_mean,0.0,0
9,f104_refused_AMT_GOODS_PRICE_d_AMT_CREDIT_min,125.21519947052002,3
9,f104_refused_AMT_GOODS_PRICE_d_app_AMT_CREDIT_max_div_min,0.0,0
9,f104_refused_AMT_GOODS_PRICE_d_app_AMT_ANNUITY_std_div_mean,0.0,0
9,f104_refused_AMT_GOODS_PRICE_d_app_AMT_ANNUITY_min,19.881799697875977,1
9,f104_refused_AMT_GOODS_PRICE_d_app_AMT_ANNUITY_mean,0.0,0
9,f104_refused_AMT_GOODS_PRICE_d_app_AMT_ANNUITY_max_div_min,0.0,0
9,f104_refused_AMT_GOODS_PRICE_d_app_AMT_CREDIT_max,0.0,0
9,f104_refused_AMT_GOODS_PRICE_d_app_AMT_CREDIT_min,17.736499786376953,1
9,f104_refused_AMT_GOODS_PRICE_d_app_AMT_CREDIT_std_div_mean,0.0,0
9,f104_refused_AMT_GOODS_PRICE_d_app_AMT_CREDIT_diff_std,33.08100128173828,1
9,f104_refused_AMT_GOODS_PRICE_d_app_AMT_CREDIT_mean,0.0,0
9,f104_refused_AMT_GOODS_PRICE_d_app_AMT_CREDIT_std,0.0,0
9,f104_refused_AMT_GOODS_PRICE_d_app_AMT_GOODS_PRICE_mean,23.5310001373291,2
9,f104_refused_AMT_GOODS_PRICE_d_app_AMT_INCOME_TOTAL_std_div_mean,0.0,0
9,f104_refused_AMT_GOODS_PRICE_d_app_AMT_GOODS_PRICE_std_div_mean,0.0,0
9,f104_refused_AMT_GOODS_PRICE_d_app_AMT_INCOME_TOTAL_min,11.810199737548828,1
9,f104_refused_AMT_GOODS_PRICE_d_app_AMT_GOODS_PRICE_diff_std,0.0,0
9,f104_refused_AMT_GOODS_PRICE_d_app_AMT_GOODS_PRICE_max_div_min,0.0,0
9,f104_refused_AMT_GOODS_PRICE_d_app_AMT_INCOME_TOTAL_diff_min,0.0,0
9,f104_refused_AMT_GOODS_PRICE_d_app_AMT_GOODS_PRICE_min,12.730701766908169,2
9,f104_refused_AMT_GOODS_PRICE_d_app_AMT_INCOME_TOTAL_max_div_min,0.0,0
9,f104_refused_AMT_GOODS_PRICE_d_app_AMT_INCOME_TOTAL_std,21.218299865722656,1
9,f104_refused_AMT_GOODS_PRICE_d_total_debt_diff_min,0.0,0
9,f104_refused_AMT_GOODS_PRICE_d_total_debt_pctchange_std,0.0,0
9,f104_refused_AMT_GOODS_PRICE_d_total_debt_std,0.0,0
9,f104_refused_AMT_GOODS_PRICE_d_total_debt_min,40.18199920654297,2
9,f104_refused_AMT_GOODS_PRICE_d_total_debt_pctchange_max,25.59369945526123,2
9,f104_refused_AMT_GOODS_PRICE_d_total_debt_mean,83.27230072021484,1
9,f104_refused_AMT_GOODS_PRICE_d_total_debt_max_div_min,0.0,0
9,f104_refused_AMT_GOODS_PRICE_d_total_debt_max,1.476040005683899,1
9,f104_refused_AMT_GOODS_PRICE_m_app_AMT_GOODS_PRICE_d_app_AMT_INCOME_TOTAL_diff_min,14.346099853515625,1
9,f104_refused_AMT_GOODS_PRICE_d_total_debt_std_div_mean,0.0,0
9,f104_refused_AMT_GOODS_PRICE_m_app_AMT_GOODS_PRICE_d_app_AMT_INCOME_TOTAL_pctchange_std,0.0,0
9,f104_refused_AMT_GOODS_PRICE_mean,7.415649890899658,1
9,f104_refused_AMT_GOODS_PRICE_m_app_AMT_GOODS_PRICE_d_app_AMT_INCOME_TOTAL_std,0.0,0
9,f104_refused_AMT_GOODS_PRICE_d_total_debt_pctchange_min,12.398200035095215,1
9,f104_refused_AMT_GOODS_PRICE_min,0.0,0
9,f104_refused_AMT_GOODS_PRICE_s_app_AMT_ANNUITY_d_app_AMT_INCOME_TOTAL_max_div_min,0.0,0
9,f104_refused_AMT_GOODS_PRICE_max_div_min,0.0,0
9,f104_refused_AMT_GOODS_PRICE_s_app_AMT_ANNUITY_d_app_AMT_INCOME_TOTAL_std,0.0,0
9,f104_refused_AMT_GOODS_PRICE_s_app_AMT_ANNUITY_diff_min,0.0,0
9,f104_refused_AMT_GOODS_PRICE_s_app_AMT_ANNUITY_max_div_min,0.0,0
9,f104_refused_AMT_GOODS_PRICE_s_app_AMT_ANNUITY_d_app_AMT_INCOME_TOTAL_diff_min,0.0,0
9,f104_refused_AMT_GOODS_PRICE_s_app_AMT_ANNUITY_d_app_AMT_INCOME_TOTAL_std_div_mean,0.0,0
9,f104_refused_AMT_GOODS_PRICE_s_app_AMT_ANNUITY_d_app_AMT_INCOME_TOTAL_min,0.0,0
9,f104_refused_AMT_GOODS_PRICE_s_app_AMT_ANNUITY_mean,23.50816011428833,3
9,f104_refused_AMT_GOODS_PRICE_s_app_AMT_ANNUITY_min,0.0,0
9,f104_refused_AMT_GOODS_PRICE_s_app_AMT_ANNUITY_std_div_mean,0.0,0
9,f104_refused_AMT_GOODS_PRICE_s_app_AMT_CREDIT_d_app_AMT_INCOME_TOTAL_std_div_mean,0.0,0
9,f104_refused_AMT_GOODS_PRICE_s_app_AMT_CREDIT_d_app_AMT_INCOME_TOTAL_min,0.0,0
9,f104_refused_AMT_GOODS_PRICE_s_app_AMT_CREDIT_d_app_AMT_INCOME_TOTAL_std,0.0,0
9,f104_refused_AMT_GOODS_PRICE_s_app_AMT_CREDIT_d_app_AMT_INCOME_TOTAL_diff_min,0.0,0
9,f104_refused_AMT_GOODS_PRICE_s_app_AMT_CREDIT_d_app_AMT_INCOME_TOTAL_mean,30.56224012374878,3
9,f104_refused_AMT_GOODS_PRICE_s_app_AMT_CREDIT_diff_min,0.0,0
9,f104_refused_AMT_GOODS_PRICE_s_app_AMT_CREDIT_std_div_mean,0.0,0
9,f104_refused_AMT_GOODS_PRICE_s_app_AMT_GOODS_PRICE_pctchange_std,0.0,0
9,f104_refused_AMT_GOODS_PRICE_s_app_AMT_CREDIT_pctchange_std_div_mean,0.0,0
9,f104_refused_AMT_GOODS_PRICE_s_app_AMT_GOODS_PRICE_diff_min,0.0,0
9,f104_refused_AMT_GOODS_PRICE_s_app_AMT_INCOME_TOTAL_pctchange_std_div_mean,0.0,0
9,f104_refused_AMT_GOODS_PRICE_s_app_AMT_INCOME_TOTAL_min,0.0,0
9,f104_refused_AMT_GOODS_PRICE_s_app_AMT_INCOME_TOTAL_std_div_mean,0.0,0
9,f104_refused_CHANNEL_TYPE_AP___Cash_loan__sum,0.0,0
9,f104_refused_AMT_GOODS_PRICE_s_app_AMT_INCOME_TOTAL_pctchange_mean,5.734670162200928,1
9,f104_refused_AMT_GOODS_PRICE_s_app_AMT_INCOME_TOTAL_mean,9.520959854125977,1
9,f104_refused_AMT_GOODS_PRICE_s_app_AMT_INCOME_TOTAL_diff_min,0.0,0
9,f104_refused_AMT_GOODS_PRICE_std_div_mean,0.0,0
9,f104_refused_CHANNEL_TYPE_Credit_and_cash_offices_sum,0.0,0
9,f104_refused_CNT_PAYMENT_max,8.705120086669922,1
9,f104_refused_CNT_PAYMENT_std,0.0,0
9,f104_refused_CNT_PAYMENT_mean,28.101087868213654,3
9,f104_refused_CHANNEL_TYPE_Regional___Local_sum,0.0,0
9,f104_refused_DAYS_DECISION_d_app_DAYS_BIRTH_min,47.79516468197107,5
9,f104_refused_CODE_REJECT_REASON_VERIF_sum,0.0,0
9,f104_refused_CODE_REJECT_REASON_LIMIT_sum,13.112099647521973,1
9,f104_refused_CODE_REJECT_REASON_VERIF_mean,0.0,0
9,f104_refused_CODE_REJECT_REASON_SCOFR_sum,0.0,0
9,f104_refused_CODE_REJECT_REASON_SCOFR_mean,0.0,0
9,f104_refused_DAYS_DECISION_d_app_DAYS_BIRTH_mean,12.36989974975586,1
9,f104_refused_DAYS_DECISION_d_app_DAYS_EMPLOYED_max_div_min,0.0,0
9,f104_refused_DAYS_DECISION_d_app_DAYS_EMPLOYED_std_div_mean,0.0,0
9,f104_refused_DAYS_DECISION_d_app_DAYS_BIRTH_max_div_min,22.26473045349121,2
9,f104_refused_DAYS_DECISION_d_app_DAYS_LAST_PHONE_CHANGE_max_div_min,0.0,0
9,f104_refused_DAYS_DECISION_d_app_DAYS_BIRTH_max,30.524599075317383,1
9,f104_refused_DAYS_DECISION_d_app_DAYS_REGISTRATION_max_div_min,0.0,0
9,f104_refused_DAYS_DECISION_d_app_DAYS_ID_PUBLISH_max_div_min,0.0,0
9,f104_refused_DAYS_DECISION_d_app_DAYS_LAST_PHONE_CHANGE_std_div_mean,0.0,0
9,f104_refused_DAYS_DECISION_d_app_DAYS_ID_PUBLISH_std_div_mean,0.0,0
9,f104_refused_DAYS_DECISION_d_app_DAYS_BIRTH_std_div_mean,0.0,0
9,f104_refused_DAYS_DECISION_d_app_DAYS_REGISTRATION_std_div_mean,0.0,0
9,f104_refused_DAYS_DECISION_d_app_DAYS_REGISTRATION_std,0.0,0
9,f104_refused_DAYS_DECISION_s_app_DAYS_BIRTH_mean,118.86602067947388,7
9,f104_refused_DAYS_DECISION_s_app_DAYS_EMPLOYED_min,46.59594011306763,7
9,f104_refused_DAYS_DECISION_s_app_DAYS_EMPLOYED_max,90.42684936523438,10
9,f104_refused_DAYS_DECISION_s_app_DAYS_EMPLOYED_mean,3.8710100650787354,1
9,f104_refused_DAYS_DECISION_s_app_DAYS_BIRTH_std,0.0,0
9,f104_refused_DAYS_DECISION_s_app_DAYS_ID_PUBLISH_std,0.0,0
9,f104_refused_DAYS_DECISION_s_app_DAYS_EMPLOYED_std,0.0,0
9,f104_refused_DAYS_DECISION_s_app_DAYS_BIRTH_max,97.9670581817627,4
9,f104_refused_DAYS_DECISION_s_app_DAYS_LAST_PHONE_CHANGE_max_div_min,0.0,0
9,f104_refused_DAYS_DECISION_s_app_DAYS_BIRTH_min,206.40768575668335,7
9,f104_refused_DAYS_DECISION_s_app_DAYS_ID_PUBLISH_max,39.55440044403076,5
9,f104_refused_DAYS_DECISION_s_app_DAYS_ID_PUBLISH_min,81.77093935012817,4
9,f104_refused_DAYS_DECISION_s_app_DAYS_ID_PUBLISH_mean,0.0,0
9,f104_refused_DAYS_DECISION_s_app_DAYS_LAST_PHONE_CHANGE_max,38.53946018218994,3
9,f104_refused_DAYS_DECISION_s_app_DAYS_REGISTRATION_std_div_mean,0.0,0
9,f104_refused_DAYS_DECISION_s_app_DAYS_LAST_PHONE_CHANGE_mean,6.970950126647949,1
9,f104_refused_DAYS_DECISION_s_app_DAYS_LAST_PHONE_CHANGE_min,5.03957986831665,1
9,f104_refused_DAYS_FIRST_DRAWING_d_app_DAYS_EMPLOYED_max_div_min,0.0,0
9,f104_refused_DAYS_FIRST_DRAWING_d_app_DAYS_BIRTH_std_div_mean,0.0,0
9,f104_refused_DAYS_FIRST_DRAWING_d_app_DAYS_EMPLOYED_min,0.0,0
9,f104_refused_DAYS_DECISION_s_app_DAYS_LAST_PHONE_CHANGE_std_div_mean,24.17959976196289,1
9,f104_refused_DAYS_DECISION_s_app_DAYS_REGISTRATION_std,0.0,0
9,f104_refused_DAYS_DECISION_s_app_DAYS_LAST_PHONE_CHANGE_std,0.0,0
9,f104_refused_DAYS_FIRST_DRAWING_d_app_DAYS_BIRTH_max_div_min,0.0,0
9,f104_refused_DAYS_FIRST_DRAWING_d_app_DAYS_BIRTH_min,0.0,0
9,f104_refused_DAYS_FIRST_DRAWING_d_app_DAYS_BIRTH_mean,0.0,0
9,f104_refused_DAYS_FIRST_DRAWING_d_app_DAYS_EMPLOYED_max,0.0,0
9,f104_refused_DAYS_FIRST_DRAWING_d_app_DAYS_BIRTH_max,0.0,0
9,f104_refused_DAYS_FIRST_DRAWING_d_app_DAYS_EMPLOYED_mean,0.0,0
9,f104_refused_DAYS_FIRST_DRAWING_d_app_DAYS_EMPLOYED_std_div_mean,0.0,0
9,f104_refused_DAYS_FIRST_DRAWING_d_app_DAYS_ID_PUBLISH_std,0.0,0
9,f104_refused_DAYS_FIRST_DRAWING_d_app_DAYS_BIRTH_std,0.0,0
9,f104_refused_DAYS_FIRST_DRAWING_d_app_DAYS_ID_PUBLISH_max_div_min,0.0,0
9,f104_refused_DAYS_FIRST_DRAWING_d_app_DAYS_ID_PUBLISH_mean,0.0,0
9,f104_refused_DAYS_FIRST_DRAWING_d_app_DAYS_LAST_PHONE_CHANGE_max_div_min,0.0,0
9,f104_refused_DAYS_FIRST_DRAWING_d_app_DAYS_EMPLOYED_std,0.0,0
9,f104_refused_DAYS_FIRST_DRAWING_d_app_DAYS_ID_PUBLISH_min,0.0,0
9,f104_refused_DAYS_FIRST_DRAWING_d_app_DAYS_ID_PUBLISH_max,0.0,0
9,f104_refused_DAYS_FIRST_DRAWING_d_app_DAYS_ID_PUBLISH_std_div_mean,0.0,0
9,f104_refused_DAYS_FIRST_DRAWING_d_app_DAYS_REGISTRATION_std_div_mean,0.0,0
9,f104_refused_DAYS_FIRST_DRAWING_d_app_DAYS_REGISTRATION_min,0.0,0
9,f104_refused_DAYS_FIRST_DRAWING_d_app_DAYS_LAST_PHONE_CHANGE_min,0.0,0
9,f104_refused_DAYS_FIRST_DRAWING_d_app_DAYS_REGISTRATION_mean,0.0,0
9,f104_refused_DAYS_FIRST_DRAWING_d_app_DAYS_LAST_PHONE_CHANGE_std_div_mean,0.0,0
9,f104_refused_DAYS_FIRST_DRAWING_d_app_DAYS_REGISTRATION_max_div_min,0.0,0
9,f104_refused_DAYS_FIRST_DRAWING_d_app_DAYS_LAST_PHONE_CHANGE_max,0.0,0
9,f104_refused_DAYS_FIRST_DRAWING_d_app_DAYS_LAST_PHONE_CHANGE_mean,0.0,0
9,f104_refused_DAYS_FIRST_DRAWING_d_app_DAYS_REGISTRATION_std,0.0,0
9,f104_refused_DAYS_FIRST_DRAWING_s_DAYS_DECISIONS_mean,0.0,0
9,f104_refused_DAYS_FIRST_DRAWING_s_DAYS_DECISIONS_std,0.0,0
9,f104_refused_DAYS_FIRST_DRAWING_d_app_DAYS_LAST_PHONE_CHANGE_std,0.0,0
9,f104_refused_DAYS_FIRST_DRAWING_d_app_DAYS_REGISTRATION_max,0.0,0
9,f104_refused_DAYS_FIRST_DRAWING_s_DAYS_DECISIONS_min,0.0,0
9,f104_refused_DAYS_FIRST_DRAWING_s_DAYS_DECISIONS_max_div_min,0.0,0
9,f104_refused_DAYS_FIRST_DRAWING_s_app_DAYS_BIRTH_mean,0.0,0
9,f104_refused_DAYS_FIRST_DRAWING_s_DAYS_DECISIONS_std_div_mean,0.0,0
9,f104_refused_DAYS_FIRST_DRAWING_s_app_DAYS_BIRTH_max_div_min,0.0,0
9,f104_refused_DAYS_FIRST_DRAWING_s_app_DAYS_BIRTH_max,0.0,0
9,f104_refused_DAYS_FIRST_DRAWING_s_app_DAYS_ID_PUBLISH_max,0.0,0
9,f104_refused_DAYS_FIRST_DRAWING_s_DAYS_DECISIONS_max,0.0,0
9,f104_refused_DAYS_FIRST_DRAWING_s_app_DAYS_BIRTH_std,0.0,0
9,f104_refused_DAYS_FIRST_DRAWING_s_app_DAYS_BIRTH_min,0.0,0
9,f104_refused_DAYS_FIRST_DRAWING_s_app_DAYS_EMPLOYED_std,0.0,0
9,f104_refused_DAYS_FIRST_DRAWING_s_app_DAYS_BIRTH_std_div_mean,0.0,0
9,f104_refused_DAYS_FIRST_DRAWING_s_app_DAYS_EMPLOYED_max_div_min,0.0,0
9,f104_refused_DAYS_FIRST_DRAWING_s_app_DAYS_EMPLOYED_max,0.0,0
9,f104_refused_DAYS_FIRST_DRAWING_s_app_DAYS_ID_PUBLISH_max_div_min,0.0,0
9,f104_refused_DAYS_FIRST_DRAWING_s_app_DAYS_EMPLOYED_mean,0.0,0
9,f104_refused_DAYS_FIRST_DRAWING_s_app_DAYS_LAST_PHONE_CHANGE_mean,0.0,0
9,f104_refused_DAYS_FIRST_DRAWING_s_app_DAYS_EMPLOYED_min,0.0,0
9,f104_refused_DAYS_FIRST_DRAWING_s_app_DAYS_LAST_PHONE_CHANGE_std_div_mean,0.0,0
9,f104_refused_DAYS_FIRST_DRAWING_s_app_DAYS_ID_PUBLISH_std,0.0,0
9,f104_refused_DAYS_FIRST_DRAWING_s_app_DAYS_ID_PUBLISH_min,0.0,0
9,f104_refused_DAYS_FIRST_DRAWING_s_app_DAYS_ID_PUBLISH_mean,0.0,0
9,f104_refused_DAYS_FIRST_DRAWING_s_app_DAYS_LAST_PHONE_CHANGE_std,0.0,0
9,f104_refused_DAYS_FIRST_DRAWING_s_app_DAYS_LAST_PHONE_CHANGE_min,0.0,0
9,f104_refused_DAYS_FIRST_DRAWING_s_app_DAYS_EMPLOYED_std_div_mean,0.0,0
9,f104_refused_DAYS_FIRST_DRAWING_s_app_DAYS_REGISTRATION_max_div_min,0.0,0
9,f104_refused_DAYS_FIRST_DRAWING_s_app_DAYS_ID_PUBLISH_std_div_mean,0.0,0
9,f104_refused_DAYS_FIRST_DRAWING_s_app_DAYS_LAST_PHONE_CHANGE_max_div_min,0.0,0
9,f104_refused_DAYS_FIRST_DRAWING_s_app_DAYS_REGISTRATION_max,0.0,0
9,f104_refused_DAYS_FIRST_DUE_d_app_DAYS_BIRTH_min,0.0,0
9,f104_refused_DAYS_FIRST_DRAWING_s_app_DAYS_REGISTRATION_min,0.0,0
9,f104_refused_DAYS_FIRST_DRAWING_s_app_DAYS_REGISTRATION_mean,0.0,0
9,f104_refused_DAYS_FIRST_DUE_d_app_DAYS_BIRTH_max_div_min,0.0,0
9,f104_refused_DAYS_FIRST_DRAWING_s_app_DAYS_REGISTRATION_std,0.0,0
9,f104_refused_DAYS_FIRST_DUE_d_app_DAYS_BIRTH_max,0.0,0
9,f104_refused_DAYS_FIRST_DRAWING_s_app_DAYS_LAST_PHONE_CHANGE_max,0.0,0
9,f104_refused_DAYS_FIRST_DUE_d_app_DAYS_EMPLOYED_min,0.0,0
9,f104_refused_DAYS_FIRST_DRAWING_s_app_DAYS_REGISTRATION_std_div_mean,0.0,0
9,f104_refused_DAYS_FIRST_DUE_d_app_DAYS_EMPLOYED_max,0.0,0
9,f104_refused_DAYS_FIRST_DUE_d_app_DAYS_EMPLOYED_mean,0.0,0
9,f104_refused_DAYS_FIRST_DUE_d_app_DAYS_EMPLOYED_std_div_mean,0.0,0
9,f104_refused_DAYS_FIRST_DUE_d_app_DAYS_BIRTH_mean,0.0,0
9,f104_refused_DAYS_FIRST_DUE_d_app_DAYS_EMPLOYED_max_div_min,0.0,0
9,f104_refused_DAYS_FIRST_DUE_d_app_DAYS_BIRTH_std,0.0,0
9,f104_refused_DAYS_FIRST_DUE_d_app_DAYS_ID_PUBLISH_max_div_min,0.0,0
9,f104_refused_DAYS_FIRST_DUE_d_app_DAYS_BIRTH_std_div_mean,0.0,0
9,f104_refused_DAYS_FIRST_DUE_d_app_DAYS_EMPLOYED_std,0.0,0
9,f104_refused_DAYS_FIRST_DUE_d_app_DAYS_ID_PUBLISH_max,0.0,0
9,f104_refused_DAYS_FIRST_DUE_d_app_DAYS_ID_PUBLISH_min,0.0,0
9,f104_refused_DAYS_FIRST_DUE_d_app_DAYS_ID_PUBLISH_std_div_mean,0.0,0
9,f104_refused_DAYS_FIRST_DUE_d_app_DAYS_LAST_PHONE_CHANGE_max,0.0,0
9,f104_refused_DAYS_FIRST_DUE_d_app_DAYS_LAST_PHONE_CHANGE_std,0.0,0
9,f104_refused_DAYS_FIRST_DUE_d_app_DAYS_LAST_PHONE_CHANGE_mean,0.0,0
9,f104_refused_DAYS_FIRST_DUE_d_app_DAYS_ID_PUBLISH_std,0.0,0
9,f104_refused_DAYS_FIRST_DUE_d_app_DAYS_LAST_PHONE_CHANGE_max_div_min,0.0,0
9,f104_refused_DAYS_FIRST_DUE_d_app_DAYS_ID_PUBLISH_mean,0.0,0
9,f104_refused_DAYS_FIRST_DUE_s_DAYS_DECISIONS_mean,0.0,0
9,f104_refused_DAYS_FIRST_DUE_d_app_DAYS_REGISTRATION_max,0.0,0
9,f104_refused_DAYS_FIRST_DUE_d_app_DAYS_LAST_PHONE_CHANGE_std_div_mean,0.0,0
9,f104_refused_DAYS_FIRST_DUE_d_app_DAYS_REGISTRATION_std,0.0,0
9,f104_refused_DAYS_FIRST_DUE_d_app_DAYS_LAST_PHONE_CHANGE_min,0.0,0
9,f104_refused_DAYS_FIRST_DUE_s_DAYS_DECISIONS_max_div_min,0.0,0
9,f104_refused_DAYS_FIRST_DUE_s_DAYS_DECISIONS_max,0.0,0
9,f104_refused_DAYS_FIRST_DUE_d_app_DAYS_REGISTRATION_max_div_min,0.0,0
9,f104_refused_DAYS_FIRST_DUE_s_DAYS_DECISIONS_min,0.0,0
9,f104_refused_DAYS_FIRST_DUE_d_app_DAYS_REGISTRATION_min,0.0,0
9,f104_refused_DAYS_FIRST_DUE_s_DAYS_FIRST_DRAWING_mean,0.0,0
9,f104_refused_DAYS_FIRST_DUE_d_app_DAYS_REGISTRATION_std_div_mean,0.0,0
9,f104_refused_DAYS_FIRST_DUE_d_app_DAYS_REGISTRATION_mean,0.0,0
9,f104_refused_DAYS_FIRST_DUE_s_DAYS_FIRST_DRAWING_std_div_mean,0.0,0
9,f104_refused_DAYS_FIRST_DUE_s_app_DAYS_BIRTH_max_div_min,0.0,0
9,f104_refused_DAYS_FIRST_DUE_s_DAYS_FIRST_DRAWING_std,0.0,0
9,f104_refused_DAYS_FIRST_DUE_s_DAYS_FIRST_DRAWING_max,0.0,0
9,f104_refused_DAYS_FIRST_DUE_s_app_DAYS_BIRTH_max,0.0,0
9,f104_refused_DAYS_FIRST_DUE_s_DAYS_FIRST_DRAWING_min,0.0,0
9,f104_refused_DAYS_FIRST_DUE_s_DAYS_DECISIONS_std,0.0,0
9,f104_refused_DAYS_FIRST_DUE_s_DAYS_FIRST_DRAWING_max_div_min,0.0,0
9,f104_refused_DAYS_FIRST_DUE_s_app_DAYS_BIRTH_std,0.0,0
9,f104_refused_DAYS_FIRST_DUE_s_app_DAYS_EMPLOYED_mean,0.0,0
9,f104_refused_DAYS_FIRST_DUE_s_DAYS_DECISIONS_std_div_mean,0.0,0
9,f104_refused_DAYS_FIRST_DUE_s_app_DAYS_BIRTH_min,0.0,0
9,f104_refused_DAYS_FIRST_DUE_s_app_DAYS_EMPLOYED_max,0.0,0
9,f104_refused_DAYS_FIRST_DUE_s_app_DAYS_EMPLOYED_std_div_mean,0.0,0
9,f104_refused_DAYS_FIRST_DUE_s_app_DAYS_BIRTH_mean,0.0,0
9,f104_refused_DAYS_FIRST_DUE_s_app_DAYS_LAST_PHONE_CHANGE_mean,0.0,0
9,f104_refused_DAYS_FIRST_DUE_s_app_DAYS_EMPLOYED_min,0.0,0
9,f104_refused_DAYS_FIRST_DUE_s_app_DAYS_EMPLOYED_std,0.0,0
9,f104_refused_DAYS_FIRST_DUE_s_app_DAYS_EMPLOYED_max_div_min,0.0,0
9,f104_refused_DAYS_FIRST_DUE_s_app_DAYS_ID_PUBLISH_std_div_mean,0.0,0
9,f104_refused_DAYS_FIRST_DUE_s_app_DAYS_ID_PUBLISH_std,0.0,0
9,f104_refused_DAYS_FIRST_DUE_s_app_DAYS_LAST_PHONE_CHANGE_min,0.0,0
9,f104_refused_DAYS_FIRST_DUE_s_app_DAYS_LAST_PHONE_CHANGE_max,0.0,0
9,f104_refused_DAYS_FIRST_DUE_s_app_DAYS_ID_PUBLISH_max_div_min,0.0,0
9,f104_refused_DAYS_FIRST_DUE_s_app_DAYS_BIRTH_std_div_mean,0.0,0
9,f104_refused_DAYS_FIRST_DUE_s_app_DAYS_ID_PUBLISH_min,0.0,0
9,f104_refused_DAYS_FIRST_DUE_s_app_DAYS_ID_PUBLISH_max,0.0,0
9,f104_refused_DAYS_FIRST_DUE_s_app_DAYS_REGISTRATION_mean,0.0,0
9,f104_refused_DAYS_FIRST_DUE_s_app_DAYS_REGISTRATION_max,0.0,0
9,f104_refused_DAYS_FIRST_DUE_s_app_DAYS_REGISTRATION_max_div_min,0.0,0
9,f104_refused_DAYS_LAST_DUE_1ST_VERSION_d_app_DAYS_BIRTH_max,0.0,0
9,f104_refused_DAYS_FIRST_DUE_s_app_DAYS_ID_PUBLISH_mean,0.0,0
9,f104_refused_DAYS_FIRST_DUE_s_app_DAYS_LAST_PHONE_CHANGE_std,0.0,0
9,f104_refused_DAYS_FIRST_DUE_s_app_DAYS_LAST_PHONE_CHANGE_max_div_min,0.0,0
9,f104_refused_DAYS_FIRST_DUE_s_app_DAYS_LAST_PHONE_CHANGE_std_div_mean,0.0,0
9,f104_refused_DAYS_FIRST_DUE_s_app_DAYS_REGISTRATION_min,0.0,0
9,f104_refused_DAYS_FIRST_DUE_s_app_DAYS_REGISTRATION_std,0.0,0
9,f104_refused_DAYS_FIRST_DUE_s_app_DAYS_REGISTRATION_std_div_mean,0.0,0
9,f104_refused_DAYS_LAST_DUE_1ST_VERSION_d_app_DAYS_EMPLOYED_mean,0.0,0
9,f104_refused_DAYS_LAST_DUE_1ST_VERSION_d_app_DAYS_EMPLOYED_min,0.0,0
9,f104_refused_DAYS_LAST_DUE_1ST_VERSION_d_app_DAYS_BIRTH_std_div_mean,0.0,0
9,f104_refused_DAYS_LAST_DUE_1ST_VERSION_d_app_DAYS_BIRTH_min,0.0,0
9,f104_refused_DAYS_LAST_DUE_1ST_VERSION_d_app_DAYS_BIRTH_max_div_min,0.0,0
9,f104_refused_DAYS_LAST_DUE_1ST_VERSION_d_app_DAYS_EMPLOYED_std,0.0,0
9,f104_refused_DAYS_LAST_DUE_1ST_VERSION_d_app_DAYS_BIRTH_mean,0.0,0
9,f104_refused_DAYS_LAST_DUE_1ST_VERSION_d_app_DAYS_BIRTH_std,0.0,0
9,f104_refused_DAYS_LAST_DUE_1ST_VERSION_d_app_DAYS_EMPLOYED_std_div_mean,0.0,0
9,f104_refused_DAYS_LAST_DUE_1ST_VERSION_d_app_DAYS_ID_PUBLISH_mean,0.0,0
9,f104_refused_DAYS_LAST_DUE_1ST_VERSION_d_app_DAYS_LAST_PHONE_CHANGE_mean,0.0,0
9,f104_refused_DAYS_LAST_DUE_1ST_VERSION_d_app_DAYS_EMPLOYED_max_div_min,0.0,0
9,f104_refused_DAYS_LAST_DUE_1ST_VERSION_d_app_DAYS_ID_PUBLISH_min,0.0,0
9,f104_refused_DAYS_LAST_DUE_1ST_VERSION_d_app_DAYS_LAST_PHONE_CHANGE_max,0.0,0
9,f104_refused_DAYS_LAST_DUE_1ST_VERSION_d_app_DAYS_LAST_PHONE_CHANGE_min,0.0,0
9,f104_refused_DAYS_LAST_DUE_1ST_VERSION_d_app_DAYS_ID_PUBLISH_max_div_min,0.0,0
9,f104_refused_DAYS_LAST_DUE_1ST_VERSION_d_app_DAYS_LAST_PHONE_CHANGE_max_div_min,0.0,0
9,f104_refused_DAYS_LAST_DUE_1ST_VERSION_d_app_DAYS_ID_PUBLISH_max,0.0,0
9,f104_refused_DAYS_LAST_DUE_1ST_VERSION_d_app_DAYS_REGISTRATION_max_div_min,0.0,0
9,f104_refused_DAYS_LAST_DUE_1ST_VERSION_d_app_DAYS_REGISTRATION_max,0.0,0
9,f104_refused_DAYS_LAST_DUE_1ST_VERSION_d_app_DAYS_ID_PUBLISH_std_div_mean,0.0,0
9,f104_refused_DAYS_LAST_DUE_1ST_VERSION_d_app_DAYS_ID_PUBLISH_std,0.0,0
9,f104_refused_DAYS_LAST_DUE_1ST_VERSION_s_DAYS_DECISIONS_max,0.0,0
9,f104_refused_DAYS_LAST_DUE_1ST_VERSION_d_app_DAYS_EMPLOYED_max,0.0,0
9,f104_refused_DAYS_LAST_DUE_1ST_VERSION_d_app_DAYS_REGISTRATION_std,0.0,0
9,f104_refused_DAYS_LAST_DUE_1ST_VERSION_s_DAYS_DECISIONS_max_div_min,0.0,0
9,f104_refused_DAYS_LAST_DUE_1ST_VERSION_d_app_DAYS_REGISTRATION_mean,0.0,0
9,f104_refused_DAYS_LAST_DUE_1ST_VERSION_d_app_DAYS_LAST_PHONE_CHANGE_std_div_mean,0.0,0
9,f104_refused_DAYS_LAST_DUE_1ST_VERSION_d_app_DAYS_LAST_PHONE_CHANGE_std,0.0,0
9,f104_refused_DAYS_LAST_DUE_1ST_VERSION_d_app_DAYS_REGISTRATION_min,0.0,0
9,f104_refused_DAYS_LAST_DUE_1ST_VERSION_s_DAYS_FIRST_DRAWING_min,0.0,0
9,f104_refused_DAYS_LAST_DUE_1ST_VERSION_d_app_DAYS_REGISTRATION_std_div_mean,0.0,0
9,f104_refused_DAYS_LAST_DUE_1ST_VERSION_s_DAYS_FIRST_DRAWING_mean,0.0,0
9,f104_refused_DAYS_LAST_DUE_1ST_VERSION_s_DAYS_DECISIONS_std_div_mean,0.0,0
9,f104_refused_DAYS_LAST_DUE_1ST_VERSION_s_DAYS_DECISIONS_std,0.0,0
9,f104_refused_DAYS_LAST_DUE_1ST_VERSION_s_DAYS_FIRST_DRAWING_std_div_mean,0.0,0
9,f104_refused_DAYS_LAST_DUE_1ST_VERSION_s_DAYS_DECISIONS_mean,0.0,0
9,f104_refused_DAYS_LAST_DUE_1ST_VERSION_s_DAYS_DECISIONS_min,0.0,0
9,f104_refused_DAYS_LAST_DUE_1ST_VERSION_s_DAYS_FIRST_DRAWING_max_div_min,0.0,0
9,f104_refused_DAYS_LAST_DUE_1ST_VERSION_s_DAYS_FIRST_DRAWING_max,0.0,0
9,f104_refused_DAYS_LAST_DUE_1ST_VERSION_s_app_DAYS_BIRTH_max_div_min,0.0,0
9,f104_refused_DAYS_LAST_DUE_1ST_VERSION_s_DAYS_FIRST_DRAWING_std,0.0,0
9,f104_refused_DAYS_LAST_DUE_1ST_VERSION_s_DAYS_FIRST_DUE_std,0.0,0
9,f104_refused_DAYS_LAST_DUE_1ST_VERSION_s_DAYS_FIRST_DUE_min,0.0,0
9,f104_refused_DAYS_LAST_DUE_1ST_VERSION_s_DAYS_FIRST_DUE_mean,0.0,0
9,f104_refused_DAYS_LAST_DUE_1ST_VERSION_s_DAYS_FIRST_DUE_max,0.0,0
9,f104_refused_DAYS_LAST_DUE_1ST_VERSION_s_DAYS_FIRST_DUE_max_div_min,0.0,0
9,f104_refused_DAYS_LAST_DUE_1ST_VERSION_s_app_DAYS_BIRTH_max,0.0,0
9,f104_refused_DAYS_LAST_DUE_1ST_VERSION_s_app_DAYS_EMPLOYED_min,0.0,0
9,f104_refused_DAYS_LAST_DUE_1ST_VERSION_s_app_DAYS_EMPLOYED_max_div_min,0.0,0
9,f104_refused_DAYS_LAST_DUE_1ST_VERSION_s_app_DAYS_BIRTH_min,0.0,0
9,f104_refused_DAYS_LAST_DUE_1ST_VERSION_s_DAYS_FIRST_DUE_std_div_mean,0.0,0
9,f104_refused_DAYS_LAST_DUE_1ST_VERSION_s_app_DAYS_ID_PUBLISH_max,0.0,0
9,f104_refused_DAYS_LAST_DUE_1ST_VERSION_s_app_DAYS_BIRTH_std_div_mean,0.0,0
9,f104_refused_DAYS_LAST_DUE_1ST_VERSION_s_app_DAYS_EMPLOYED_mean,0.0,0
9,f104_refused_DAYS_LAST_DUE_1ST_VERSION_s_app_DAYS_BIRTH_std,0.0,0
9,f104_refused_DAYS_LAST_DUE_1ST_VERSION_s_app_DAYS_EMPLOYED_std_div_mean,0.0,0
9,f104_refused_DAYS_LAST_DUE_1ST_VERSION_s_app_DAYS_BIRTH_mean,0.0,0
9,f104_refused_DAYS_LAST_DUE_1ST_VERSION_s_app_DAYS_EMPLOYED_max,0.0,0
9,f104_refused_DAYS_LAST_DUE_1ST_VERSION_s_app_DAYS_EMPLOYED_std,0.0,0
9,f104_refused_DAYS_LAST_DUE_1ST_VERSION_s_app_DAYS_ID_PUBLISH_min,0.0,0
9,f104_refused_DAYS_LAST_DUE_1ST_VERSION_s_app_DAYS_ID_PUBLISH_max_div_min,0.0,0
9,f104_refused_DAYS_LAST_DUE_1ST_VERSION_s_app_DAYS_LAST_PHONE_CHANGE_max,0.0,0
9,f104_refused_DAYS_LAST_DUE_1ST_VERSION_s_app_DAYS_LAST_PHONE_CHANGE_std,0.0,0
9,f104_refused_DAYS_LAST_DUE_1ST_VERSION_s_app_DAYS_LAST_PHONE_CHANGE_max_div_min,0.0,0
9,f104_refused_DAYS_LAST_DUE_1ST_VERSION_s_app_DAYS_LAST_PHONE_CHANGE_min,0.0,0
9,f104_refused_DAYS_LAST_DUE_1ST_VERSION_s_app_DAYS_LAST_PHONE_CHANGE_std_div_mean,0.0,0
9,f104_refused_DAYS_LAST_DUE_1ST_VERSION_s_app_DAYS_ID_PUBLISH_mean,0.0,0
9,f104_refused_DAYS_LAST_DUE_1ST_VERSION_s_app_DAYS_REGISTRATION_std_div_mean,0.0,0
9,f104_refused_DAYS_LAST_DUE_1ST_VERSION_s_app_DAYS_ID_PUBLISH_std,0.0,0
9,f104_refused_DAYS_LAST_DUE_1ST_VERSION_s_app_DAYS_LAST_PHONE_CHANGE_mean,0.0,0
9,f104_refused_DAYS_LAST_DUE_1ST_VERSION_s_app_DAYS_REGISTRATION_mean,0.0,0
9,f104_refused_DAYS_LAST_DUE_1ST_VERSION_s_app_DAYS_REGISTRATION_min,0.0,0
9,f104_refused_DAYS_LAST_DUE_1ST_VERSION_s_app_DAYS_REGISTRATION_std,0.0,0
9,f104_refused_DAYS_LAST_DUE_d_app_DAYS_BIRTH_max_div_min,0.0,0
9,f104_refused_DAYS_LAST_DUE_d_app_DAYS_BIRTH_min,0.0,0
9,f104_refused_DAYS_LAST_DUE_1ST_VERSION_s_app_DAYS_REGISTRATION_max_div_min,0.0,0
9,f104_refused_DAYS_LAST_DUE_1ST_VERSION_s_app_DAYS_ID_PUBLISH_std_div_mean,0.0,0
9,f104_refused_DAYS_LAST_DUE_d_app_DAYS_BIRTH_mean,0.0,0
9,f104_refused_DAYS_LAST_DUE_d_app_DAYS_EMPLOYED_max_div_min,0.0,0
9,f104_refused_DAYS_LAST_DUE_d_app_DAYS_BIRTH_std,0.0,0
9,f104_refused_DAYS_LAST_DUE_d_app_DAYS_BIRTH_max,0.0,0
9,f104_refused_DAYS_LAST_DUE_d_app_DAYS_EMPLOYED_std,0.0,0
9,f104_refused_DAYS_LAST_DUE_1ST_VERSION_s_app_DAYS_REGISTRATION_max,0.0,0
9,f104_refused_DAYS_LAST_DUE_d_app_DAYS_EMPLOYED_std_div_mean,0.0,0
9,f104_refused_DAYS_LAST_DUE_d_app_DAYS_EMPLOYED_mean,0.0,0
9,f104_refused_DAYS_LAST_DUE_d_app_DAYS_BIRTH_std_div_mean,0.0,0
9,f104_refused_DAYS_LAST_DUE_d_app_DAYS_EMPLOYED_max,0.0,0
9,f104_refused_DAYS_LAST_DUE_d_app_DAYS_LAST_PHONE_CHANGE_mean,0.0,0
9,f104_refused_DAYS_LAST_DUE_d_app_DAYS_EMPLOYED_min,0.0,0
9,f104_refused_DAYS_LAST_DUE_d_app_DAYS_ID_PUBLISH_max,0.0,0
9,f104_refused_DAYS_LAST_DUE_d_app_DAYS_ID_PUBLISH_std,0.0,0
9,f104_refused_DAYS_LAST_DUE_d_app_DAYS_LAST_PHONE_CHANGE_min,0.0,0
9,f104_refused_DAYS_LAST_DUE_d_app_DAYS_LAST_PHONE_CHANGE_std_div_mean,0.0,0
9,f104_refused_DAYS_LAST_DUE_d_app_DAYS_ID_PUBLISH_max_div_min,0.0,0
9,f104_refused_DAYS_LAST_DUE_d_app_DAYS_LAST_PHONE_CHANGE_max,0.0,0
9,f104_refused_DAYS_LAST_DUE_d_app_DAYS_ID_PUBLISH_mean,0.0,0
9,f104_refused_DAYS_LAST_DUE_s_DAYS_DECISIONS_max,0.0,0
9,f104_refused_DAYS_LAST_DUE_d_app_DAYS_LAST_PHONE_CHANGE_std,0.0,0
9,f104_refused_DAYS_LAST_DUE_d_app_DAYS_ID_PUBLISH_min,0.0,0
9,f104_refused_DAYS_LAST_DUE_d_app_DAYS_REGISTRATION_min,0.0,0
9,f104_refused_DAYS_LAST_DUE_d_app_DAYS_REGISTRATION_std_div_mean,0.0,0
9,f104_refused_DAYS_LAST_DUE_d_app_DAYS_ID_PUBLISH_std_div_mean,0.0,0
9,f104_refused_DAYS_LAST_DUE_s_DAYS_DECISIONS_mean,0.0,0
9,f104_refused_DAYS_LAST_DUE_d_app_DAYS_LAST_PHONE_CHANGE_max_div_min,0.0,0
9,f104_refused_DAYS_LAST_DUE_d_app_DAYS_REGISTRATION_mean,0.0,0
9,f104_refused_DAYS_LAST_DUE_s_DAYS_DECISIONS_min,0.0,0
9,f104_refused_DAYS_LAST_DUE_d_app_DAYS_REGISTRATION_std,0.0,0
9,f104_refused_DAYS_LAST_DUE_d_app_DAYS_REGISTRATION_max,0.0,0
9,f104_refused_DAYS_LAST_DUE_s_DAYS_DECISIONS_std_div_mean,0.0,0
9,f104_refused_DAYS_LAST_DUE_s_DAYS_FIRST_DRAWING_max_div_min,0.0,0
9,f104_refused_DAYS_LAST_DUE_s_DAYS_DECISIONS_max_div_min,0.0,0
9,f104_refused_DAYS_LAST_DUE_s_DAYS_FIRST_DUE_max,0.0,0
9,f104_refused_DAYS_LAST_DUE_d_app_DAYS_REGISTRATION_max_div_min,0.0,0
9,f104_refused_DAYS_LAST_DUE_s_DAYS_FIRST_DRAWING_std,0.0,0
9,f104_refused_DAYS_LAST_DUE_s_DAYS_FIRST_DRAWING_min,0.0,0
9,f104_refused_DAYS_LAST_DUE_s_DAYS_DECISIONS_std,0.0,0
9,f104_refused_DAYS_LAST_DUE_s_DAYS_FIRST_DRAWING_std_div_mean,0.0,0
9,f104_refused_DAYS_LAST_DUE_s_DAYS_FIRST_DRAWING_max,0.0,0
9,f104_refused_DAYS_LAST_DUE_s_DAYS_FIRST_DRAWING_mean,0.0,0
9,f104_refused_DAYS_LAST_DUE_s_DAYS_LAST_DUE_1ST_VERSION_mean,0.0,0
9,f104_refused_DAYS_LAST_DUE_s_DAYS_LAST_DUE_1ST_VERSION_std,0.0,0
9,f104_refused_DAYS_LAST_DUE_s_DAYS_FIRST_DUE_min,0.0,0
9,f104_refused_DAYS_LAST_DUE_s_DAYS_FIRST_DUE_mean,0.0,0
9,f104_refused_DAYS_LAST_DUE_s_DAYS_FIRST_DUE_max_div_min,0.0,0
9,f104_refused_DAYS_LAST_DUE_s_DAYS_LAST_DUE_1ST_VERSION_max,0.0,0
9,f104_refused_DAYS_LAST_DUE_s_DAYS_LAST_DUE_1ST_VERSION_min,0.0,0
9,f104_refused_DAYS_LAST_DUE_s_DAYS_FIRST_DUE_std_div_mean,0.0,0
9,f104_refused_DAYS_LAST_DUE_s_DAYS_FIRST_DUE_std,0.0,0
10,f104_refused_DAYS_LAST_DUE_s_app_DAYS_BIRTH_std_div_mean,0.0,0
10,f104_refused_DAYS_LAST_DUE_s_app_DAYS_BIRTH_max_div_min,0.0,0
10,f104_refused_DAYS_LAST_DUE_s_DAYS_LAST_DUE_1ST_VERSION_max_div_min,0.0,0
10,f104_refused_DAYS_LAST_DUE_s_DAYS_LAST_DUE_1ST_VERSION_std_div_mean,0.0,0
10,f104_refused_DAYS_LAST_DUE_s_app_DAYS_BIRTH_max,0.0,0
10,f104_refused_DAYS_LAST_DUE_s_app_DAYS_ID_PUBLISH_max_div_min,0.0,0
10,f104_refused_DAYS_LAST_DUE_s_app_DAYS_BIRTH_std,0.0,0
10,f104_refused_DAYS_LAST_DUE_s_app_DAYS_EMPLOYED_min,0.0,0
10,f104_refused_DAYS_LAST_DUE_s_app_DAYS_EMPLOYED_mean,0.0,0
10,f104_refused_DAYS_LAST_DUE_s_app_DAYS_EMPLOYED_max_div_min,0.0,0
10,f104_refused_DAYS_LAST_DUE_s_app_DAYS_BIRTH_mean,0.0,0
10,f104_refused_DAYS_LAST_DUE_s_app_DAYS_BIRTH_min,0.0,0
10,f104_refused_DAYS_LAST_DUE_s_app_DAYS_ID_PUBLISH_mean,0.0,0
10,f104_refused_DAYS_LAST_DUE_s_app_DAYS_EMPLOYED_std_div_mean,0.0,0
10,f104_refused_DAYS_LAST_DUE_s_app_DAYS_LAST_PHONE_CHANGE_max,0.0,0
10,f104_refused_DAYS_LAST_DUE_s_app_DAYS_EMPLOYED_max,0.0,0
10,f104_refused_DAYS_LAST_DUE_s_app_DAYS_ID_PUBLISH_std_div_mean,0.0,0
10,f104_refused_DAYS_LAST_DUE_s_app_DAYS_LAST_PHONE_CHANGE_max_div_min,0.0,0
10,f104_refused_DAYS_LAST_DUE_s_app_DAYS_ID_PUBLISH_std,0.0,0
10,f104_refused_DAYS_LAST_DUE_s_app_DAYS_ID_PUBLISH_min,0.0,0
10,f104_refused_DAYS_LAST_DUE_s_app_DAYS_LAST_PHONE_CHANGE_min,0.0,0
10,f104_refused_DAYS_LAST_DUE_s_app_DAYS_REGISTRATION_max_div_min,0.0,0
10,f104_refused_DAYS_LAST_DUE_s_app_DAYS_EMPLOYED_std,0.0,0
10,f104_refused_DAYS_LAST_DUE_s_app_DAYS_LAST_PHONE_CHANGE_std_div_mean,0.0,0
10,f104_refused_DAYS_LAST_DUE_s_app_DAYS_ID_PUBLISH_max,0.0,0
10,f104_refused_DAYS_LAST_DUE_s_app_DAYS_REGISTRATION_std,0.0,0
10,f104_refused_DAYS_LAST_DUE_s_app_DAYS_REGISTRATION_mean,0.0,0
10,f104_refused_DAYS_LAST_DUE_s_app_DAYS_REGISTRATION_std_div_mean,0.0,0
10,f104_refused_DAYS_LAST_DUE_s_app_DAYS_LAST_PHONE_CHANGE_mean,0.0,0
10,f104_refused_DAYS_TERMINATION_d_app_DAYS_BIRTH_mean,0.0,0
10,f104_refused_DAYS_LAST_DUE_s_app_DAYS_REGISTRATION_min,0.0,0
10,f104_refused_DAYS_TERMINATION_d_app_DAYS_BIRTH_std_div_mean,0.0,0
10,f104_refused_DAYS_TERMINATION_d_app_DAYS_EMPLOYED_mean,0.0,0
10,f104_refused_DAYS_LAST_DUE_s_app_DAYS_LAST_PHONE_CHANGE_std,0.0,0
10,f104_refused_DAYS_TERMINATION_d_app_DAYS_EMPLOYED_min,0.0,0
10,f104_refused_DAYS_TERMINATION_d_app_DAYS_BIRTH_min,0.0,0
10,f104_refused_DAYS_TERMINATION_d_app_DAYS_EMPLOYED_max,0.0,0
10,f104_refused_DAYS_TERMINATION_d_app_DAYS_BIRTH_std,0.0,0
10,f104_refused_DAYS_TERMINATION_d_app_DAYS_BIRTH_max,0.0,0
10,f104_refused_DAYS_LAST_DUE_s_app_DAYS_REGISTRATION_max,0.0,0
10,f104_refused_DAYS_TERMINATION_d_app_DAYS_EMPLOYED_max_div_min,0.0,0
10,f104_refused_DAYS_TERMINATION_d_app_DAYS_ID_PUBLISH_std_div_mean,0.0,0
10,f104_refused_DAYS_TERMINATION_d_app_DAYS_LAST_PHONE_CHANGE_max_div_min,0.0,0
10,f104_refused_DAYS_TERMINATION_d_app_DAYS_EMPLOYED_std,0.0,0
10,f104_refused_DAYS_TERMINATION_d_app_DAYS_EMPLOYED_std_div_mean,0.0,0
10,f104_refused_DAYS_TERMINATION_d_app_DAYS_BIRTH_max_div_min,0.0,0
10,f104_refused_DAYS_TERMINATION_d_app_DAYS_LAST_PHONE_CHANGE_max,0.0,0
10,f104_refused_DAYS_TERMINATION_d_app_DAYS_ID_PUBLISH_mean,0.0,0
10,f104_refused_DAYS_TERMINATION_d_app_DAYS_ID_PUBLISH_std,0.0,0
10,f104_refused_DAYS_TERMINATION_d_app_DAYS_ID_PUBLISH_max,0.0,0
10,f104_refused_DAYS_TERMINATION_d_app_DAYS_ID_PUBLISH_min,0.0,0
10,f104_refused_DAYS_TERMINATION_d_app_DAYS_REGISTRATION_max_div_min,0.0,0
10,f104_refused_DAYS_TERMINATION_d_app_DAYS_ID_PUBLISH_max_div_min,0.0,0
10,f104_refused_DAYS_TERMINATION_d_app_DAYS_REGISTRATION_min,0.0,0
10,f104_refused_DAYS_TERMINATION_d_app_DAYS_REGISTRATION_max,0.0,0
10,f104_refused_DAYS_TERMINATION_d_app_DAYS_LAST_PHONE_CHANGE_std,0.0,0
10,f104_refused_DAYS_TERMINATION_d_app_DAYS_REGISTRATION_std_div_mean,0.0,0
10,f104_refused_DAYS_TERMINATION_d_app_DAYS_REGISTRATION_std,0.0,0
10,f104_refused_DAYS_TERMINATION_d_app_DAYS_LAST_PHONE_CHANGE_std_div_mean,0.0,0
10,f104_refused_DAYS_TERMINATION_s_DAYS_FIRST_DRAWING_max,0.0,0
10,f104_refused_DAYS_TERMINATION_d_app_DAYS_REGISTRATION_mean,0.0,0
10,f104_refused_DAYS_TERMINATION_d_app_DAYS_LAST_PHONE_CHANGE_mean,0.0,0
10,f104_refused_DAYS_TERMINATION_s_DAYS_DECISIONS_max_div_min,0.0,0
10,f104_refused_DAYS_TERMINATION_s_DAYS_FIRST_DRAWING_mean,0.0,0
10,f104_refused_DAYS_TERMINATION_s_DAYS_DECISIONS_std,0.0,0
10,f104_refused_DAYS_TERMINATION_s_DAYS_DECISIONS_mean,0.0,0
10,f104_refused_DAYS_TERMINATION_d_app_DAYS_LAST_PHONE_CHANGE_min,0.0,0
10,f104_refused_DAYS_TERMINATION_s_DAYS_FIRST_DRAWING_min,0.0,0
10,f104_refused_DAYS_TERMINATION_s_DAYS_DECISIONS_std_div_mean,0.0,0
10,f104_refused_DAYS_TERMINATION_s_DAYS_DECISIONS_min,0.0,0
10,f104_refused_DAYS_TERMINATION_s_DAYS_FIRST_DUE_min,0.0,0
10,f104_refused_DAYS_TERMINATION_s_DAYS_FIRST_DUE_max_div_min,0.0,0
10,f104_refused_DAYS_TERMINATION_s_DAYS_FIRST_DRAWING_max_div_min,0.0,0
10,f104_refused_DAYS_TERMINATION_s_DAYS_FIRST_DUE_std_div_mean,0.0,0
10,f104_refused_DAYS_TERMINATION_s_DAYS_LAST_DUE_1ST_VERSION_max,0.0,0
10,f104_refused_DAYS_TERMINATION_s_DAYS_LAST_DUE_1ST_VERSION_max_div_min,0.0,0
10,f104_refused_DAYS_TERMINATION_s_DAYS_FIRST_DUE_mean,0.0,0
10,f104_refused_DAYS_TERMINATION_s_DAYS_FIRST_DUE_max,0.0,0
10,f104_refused_DAYS_TERMINATION_s_DAYS_FIRST_DRAWING_std_div_mean,0.0,0
10,f104_refused_DAYS_TERMINATION_s_DAYS_DECISIONS_max,0.0,0
10,f104_refused_DAYS_TERMINATION_s_DAYS_FIRST_DUE_std,0.0,0
10,f104_refused_DAYS_TERMINATION_s_DAYS_LAST_DUE_std,0.0,0
10,f104_refused_DAYS_TERMINATION_s_DAYS_LAST_DUE_mean,0.0,0
10,f104_refused_DAYS_TERMINATION_s_DAYS_LAST_DUE_max_div_min,0.0,0
10,f104_refused_DAYS_TERMINATION_s_DAYS_LAST_DUE_1ST_VERSION_mean,0.0,0
10,f104_refused_DAYS_TERMINATION_s_DAYS_LAST_DUE_1ST_VERSION_min,0.0,0
10,f104_refused_DAYS_TERMINATION_s_DAYS_FIRST_DRAWING_std,0.0,0
10,f104_refused_DAYS_TERMINATION_s_DAYS_LAST_DUE_1ST_VERSION_std_div_mean,0.0,0
10,f104_refused_DAYS_TERMINATION_s_DAYS_LAST_DUE_max,0.0,0
10,f104_refused_DAYS_TERMINATION_s_DAYS_LAST_DUE_1ST_VERSION_std,0.0,0
10,f104_refused_DAYS_TERMINATION_s_DAYS_LAST_DUE_min,0.0,0
10,f104_refused_DAYS_TERMINATION_s_DAYS_LAST_DUE_std_div_mean,0.0,0
10,f104_refused_DAYS_TERMINATION_s_app_DAYS_EMPLOYED_mean,0.0,0
10,f104_refused_DAYS_TERMINATION_s_app_DAYS_BIRTH_mean,0.0,0
10,f104_refused_DAYS_TERMINATION_s_app_DAYS_BIRTH_max_div_min,0.0,0
10,f104_refused_DAYS_TERMINATION_s_app_DAYS_BIRTH_std,0.0,0
10,f104_refused_DAYS_TERMINATION_s_app_DAYS_EMPLOYED_max,0.0,0
10,f104_refused_DAYS_TERMINATION_s_app_DAYS_EMPLOYED_min,0.0,0
10,f104_refused_DAYS_TERMINATION_s_app_DAYS_BIRTH_max,0.0,0
10,f104_refused_DAYS_TERMINATION_s_app_DAYS_EMPLOYED_max_div_min,0.0,0
10,f104_refused_DAYS_TERMINATION_s_app_DAYS_BIRTH_min,0.0,0
10,f104_refused_DAYS_TERMINATION_s_app_DAYS_BIRTH_std_div_mean,0.0,0
10,f104_refused_DAYS_TERMINATION_s_app_DAYS_ID_PUBLISH_mean,0.0,0
10,f104_refused_DAYS_TERMINATION_s_app_DAYS_ID_PUBLISH_max,0.0,0
10,f104_refused_DAYS_TERMINATION_s_app_DAYS_EMPLOYED_std,0.0,0
10,f104_refused_DAYS_TERMINATION_s_app_DAYS_LAST_PHONE_CHANGE_max,0.0,0
10,f104_refused_DAYS_TERMINATION_s_app_DAYS_LAST_PHONE_CHANGE_max_div_min,0.0,0
10,f104_refused_DAYS_TERMINATION_s_app_DAYS_ID_PUBLISH_min,0.0,0
10,f104_refused_DAYS_TERMINATION_s_app_DAYS_ID_PUBLISH_std_div_mean,0.0,0
10,f104_refused_DAYS_TERMINATION_s_app_DAYS_ID_PUBLISH_max_div_min,0.0,0
10,f104_refused_DAYS_TERMINATION_s_app_DAYS_ID_PUBLISH_std,0.0,0
10,f104_refused_DAYS_TERMINATION_s_app_DAYS_EMPLOYED_std_div_mean,0.0,0
10,f104_refused_DAYS_TERMINATION_s_app_DAYS_LAST_PHONE_CHANGE_mean,0.0,0
10,f104_refused_DAYS_TERMINATION_s_app_DAYS_REGISTRATION_max,0.0,0
10,f104_refused_DAYS_TERMINATION_s_app_DAYS_REGISTRATION_max_div_min,0.0,0
10,f104_refused_DAYS_TERMINATION_s_app_DAYS_REGISTRATION_min,0.0,0
10,f104_refused_DAYS_TERMINATION_s_app_DAYS_REGISTRATION_mean,0.0,0
10,f104_refused_DAYS_TERMINATION_s_app_DAYS_LAST_PHONE_CHANGE_min,0.0,0
10,f104_refused_DAYS_TERMINATION_s_app_DAYS_LAST_PHONE_CHANGE_std,0.0,0
10,f104_refused_DAYS_TERMINATION_s_app_DAYS_LAST_PHONE_CHANGE_std_div_mean,0.0,0
10,f104_refused_DAYS_TERMINATION_s_app_DAYS_REGISTRATION_std,0.0,0
10,f104_refused_DAYS_TERMINATION_s_app_DAYS_REGISTRATION_std_div_mean,0.0,0
10,f104_refused_HOUR_APPR_PROCESS_START_max_div_min,0.0,0
10,f104_refused_HOUR_APPR_PROCESS_START_max,66.63758295029402,18
10,f104_refused_HOUR_APPR_PROCESS_START_std,6.748650074005127,1
10,f104_refused_HOUR_APPR_PROCESS_START_mean,128.26535856723785,17
10,f104_refused_NAME_CASH_LOAN_PURPOSE_Buying_a_used_car_mean,0.0,0
10,f104_refused_HOUR_APPR_PROCESS_START_min,101.96721794456244,12
10,f104_refused_HOUR_APPR_PROCESS_START_std_div_mean,8.3618803024292,1
10,f104_refused_NAME_CASH_LOAN_PURPOSE_Buying_a_home_sum,0.0,0
10,f104_refused_NAME_CASH_LOAN_PURPOSE_Medicine_mean,0.0,0
10,f104_refused_NAME_CASH_LOAN_PURPOSE_Gasification___water_supply_mean,0.0,0
10,f104_refused_NAME_CASH_LOAN_PURPOSE_Gasification___water_supply_sum,0.0,0
10,f104_refused_NAME_CASH_LOAN_PURPOSE_Medicine_sum,0.0,0
10,f104_refused_NAME_CASH_LOAN_PURPOSE_Refusal_to_name_the_goal_sum,0.0,0
10,f104_refused_NAME_CASH_LOAN_PURPOSE_Refusal_to_name_the_goal_mean,0.0,0
10,f104_refused_NAME_CLIENT_TYPE_Refreshed_sum,4.715559959411621,1
10,f104_refused_NAME_CASH_LOAN_PURPOSE_Urgent_needs_mean,0.0,0
10,f104_refused_NAME_CASH_LOAN_PURPOSE_XNA_sum,7.501560211181641,2
10,f104_refused_NAME_CONTRACT_STATUS_Refused_sum,13.90599012374878,2
10,f104_refused_NAME_CASH_LOAN_PURPOSE_Repairs_sum,0.0,0
10,f104_refused_NAME_CLIENT_TYPE_New_mean,83.75289058685303,9
10,f104_refused_NAME_CLIENT_TYPE_Refreshed_mean,77.4390983581543,2
10,f104_refused_NAME_CONTRACT_TYPE_Cash_loans_sum,0.0,0
10,f104_refused_NAME_CLIENT_TYPE_Repeater_sum,20.46943998336792,2
10,f104_refused_NAME_CONTRACT_TYPE_Consumer_loans_mean,6.398449897766113,1
10,f104_refused_NAME_CASH_LOAN_PURPOSE_Urgent_needs_sum,0.0,0
10,f104_refused_NAME_CONTRACT_TYPE_Revolving_loans_sum,0.0,0
10,f104_refused_NAME_GOODS_CATEGORY_Homewares_sum,0.0,0
10,f104_refused_NAME_GOODS_CATEGORY_XNA_mean,0.0,0
10,f104_refused_NAME_GOODS_CATEGORY_Vehicles_mean,0.0,0
10,f104_refused_NAME_PAYMENT_TYPE_Cash_through_the_bank_sum,10.117300033569336,1
10,f104_refused_NAME_GOODS_CATEGORY_XNA_sum,22.02454900741577,2
10,f104_refused_NAME_PORTFOLIO_XNA_mean,0.0,0
10,f104_refused_NAME_PAYMENT_TYPE_XNA_sum,7.027180194854736,1
10,f104_refused_NAME_PORTFOLIO_Cards_sum,2.3202179670333862,2
10,f104_refused_NAME_PORTFOLIO_XNA_sum,4.6190900802612305,1
10,f104_refused_NAME_PORTFOLIO_Cash_mean,7.689549922943115,1
10,f104_refused_NAME_PORTFOLIO_Cash_sum,3.2308199405670166,1
10,f104_refused_NAME_PRODUCT_TYPE_XNA_mean,0.0,0
10,f104_refused_NAME_SELLER_INDUSTRY_XNA_sum,29.832810163497925,4
10,f104_refused_NAME_TYPE_SUITE_Group_of_people_sum,0.0,0
10,f104_refused_NAME_PRODUCT_TYPE_walk_in_sum,69.62011992931366,7
10,f104_refused_NAME_SELLER_INDUSTRY_Consumer_electronics_mean,13.601999998092651,3
10,f104_refused_NAME_PRODUCT_TYPE_walk_in_mean,36.17655003070831,7
10,f104_refused_NAME_YIELD_GROUP_high_sum,12.895140171051025,3
10,f104_refused_NAME_TYPE_SUITE_Other_B_mean,0.0,0
10,f104_refused_NAME_YIELD_GROUP_low_action_sum,0.0,0
10,f104_refused_NAME_YIELD_GROUP_high_mean,77.80233907699585,3
10,f104_refused_NAME_YIELD_GROUP_XNA_sum,4.999539852142334,1
10,f104_refused_NAME_YIELD_GROUP_low_action_mean,0.0,0
10,f104_refused_PREV_COUNT,6.91657018661499,1
10,f104_refused_NAME_TYPE_SUITE_Unaccompanied_sum,26.486050128936768,3
10,f104_refused_PRODUCT_COMBINATION_Card_Street_sum,5.624539852142334,1
10,f104_refused_PRODUCT_COMBINATION_POS_mobile_with_interest_mean,4.290349960327148,1
10,f104_refused_PRODUCT_COMBINATION_Cash_mean,0.0,0
10,f104_refused_RATE_INTEREST_PRIMARY_max,0.0,0
10,f104_refused_RATE_INTEREST_PRIMARY_std_div_mean,0.0,0
10,f104_refused_RATE_DOWN_PAYMENT_std,0.0,0
10,f104_refused_RATE_DOWN_PAYMENT_std_div_mean,0.0,0
10,f104_refused_RATE_DOWN_PAYMENT_max,136.95182275772095,5
10,f104_refused_PRODUCT_COMBINATION_POS_mobile_with_interest_sum,0.0,0
10,f104_refused_RATE_INTEREST_PRIMARY_mean,0.0,0
10,f104_refused_RATE_INTEREST_PRIVILEGED_mean,0.0,0
10,f104_refused_RATE_INTEREST_PRIMARY_min,0.0,0
10,f104_refused_RATE_INTEREST_PRIVILEGED_std,0.0,0
10,f104_refused_RATE_INTEREST_PRIMARY_max_div_min,0.0,0
10,f104_refused_RATE_INTEREST_PRIVILEGED_min,0.0,0
10,f104_refused_RATE_DOWN_PAYMENT_mean,155.08129978179932,4
10,f104_refused_RATE_INTEREST_PRIMARY_std,0.0,0
10,f104_refused_RATE_INTEREST_PRIVILEGED_max_div_min,0.0,0
10,f104_refused_RATE_INTEREST_PRIVILEGED_max,0.0,0
10,f104_refused_RATE_DOWN_PAYMENT_min,0.0,0
10,f104_refused_RATE_INTEREST_PRIVILEGED_std_div_mean,0.0,0
10,f104_refused_WEEKDAY_APPR_PROCESS_START_TUESDAY_sum,9.326659679412842,2
10,f104_refused_WEEKDAY_APPR_PROCESS_START_THURSDAY_sum,6.733429908752441,1
10,f104_refused_WEEKDAY_APPR_PROCESS_START_THURSDAY_mean,23.927380442619324,5
10,f104_refused_SELLERPLACE_AREA_std_div_mean,97.09043025970459,6
10,f104_refused_active_std_div_mean,0.0,0
10,f104_refused_amt_paid_max,0.0,0
10,f104_refused_amt_paid_max_div_min,0.0,0
10,f104_refused_amt_unpaid_max,0.0,0
10,f104_refused_amt_paid_mean,0.0,0
10,f104_refused_active_max_div_min,0.0,0
10,f104_refused_amt_paid_std,0.0,0
10,f104_refused_amt_paid_min,0.0,0
10,f104_refused_amt_unpaid_max_div_min,0.0,0
10,f104_refused_WEEKDAY_APPR_PROCESS_START_SATURDAY_mean,0.0,0
10,f104_refused_cnt_paid_mean,0.0,0
10,f104_refused_amt_unpaid_std_div_mean,0.0,0
10,f104_refused_amt_unpaid_std,0.0,0
10,f104_refused_amt_paid_std_div_mean,0.0,0
10,f104_refused_amt_unpaid_mean,0.0,0
10,f104_refused_amt_unpaid_min,0.0,0
10,f104_refused_cnt_paid_ratio_max_div_min,0.0,0
10,f104_refused_cnt_paid_ratio_mean,0.0,0
10,f104_refused_cnt_paid_min,0.0,0
10,f104_refused_cnt_paid_ratio_max,0.0,0
10,f104_refused_cnt_paid_max,0.0,0
10,f104_refused_cnt_paid_max_div_min,0.0,0
10,f104_refused_cnt_unpaid_min,0.0,0
10,f104_refused_cnt_unpaid_mean,0.0,0
10,f104_refused_cnt_unpaid_max_div_min,0.0,0
10,f104_refused_cnt_paid_std,0.0,0
10,f104_refused_cnt_paid_ratio_min,0.0,0
10,f104_refused_cnt_unpaid_std,0.0,0
10,f104_refused_cnt_unpaid_max,0.0,0
10,f104_refused_cnt_paid_ratio_std,0.0,0
10,f104_refused_completed_std_div_mean,0.0,0
10,f104_refused_cnt_paid_std_div_mean,0.0,0
10,f104_refused_cnt_paid_ratio_std_div_mean,0.0,0
10,f104_refused_cnt_unpaid_std_div_mean,0.0,0
10,f104_refused_completed_max_div_min,0.0,0
10,f104_refused_interest_rate_diff_std,26.10747003555298,4
10,f104_refused_interest_rate_std_div_mean,66.9269208908081,5
10,f104_refused_interest_rate_pctchange_std,51.86328125,4
10,f104_refused_interest_rate_pctchange_std_div_mean,13.590579509735107,2
10,f104_refused_interest_rate_diff_min,215.00711593031883,36
10,f104_refused_interest_rate_diff_mean,197.87629203498363,33
10,f104_refused_total_debt_diff_mean,63.38879311084747,11
10,f104_refused_total_debt_std,12.54355001449585,2
10,f104_refused_total_debt_diff_min,136.52858304977417,24
10,f104_refused_total_debt_std_div_mean,78.82179820537567,6
10,f104_refused_total_debt_min,253.19006864726543,45
