chunk,feature,importance_gain,importance_split
1,f001_AMT_ANNUITY-d-AMT_CREDIT,67438.01900434494,2680
1,f001_AMT_ANNUITY-d-CNT_CHILDREN,5564.926856994629,459
1,f001_AMT_ANNUITY-d-CNT_FAM_MEMBERS,6875.496891498566,569
1,f001_AMT_ANNUITY-d-cnt_adults,6698.254184246063,536
1,f001_AMT_CREDIT-d-AMT_INCOME_TOTAL,8825.960139751434,675
1,f001_AMT_CREDIT-d-cnt_adults,8236.905349254608,630
1,f001_AMT_GOODS_PRICE-d-AMT_INCOME_TOTAL,8535.823224544525,703
1,f001_AMT_ANNUITY,12456.436564445496,894
1,f001_AMT_REQ_CREDIT_BUREAU_HOUR,231.16315984725952,19
1,f001_AMT_REQ_CREDIT_BUREAU_QRT,3109.4853405952454,254
1,f001_AMT_REQ_CREDIT_BUREAU_DAY,397.4252986907959,36
1,f001_AMT_REQ_CREDIT_BUREAU_MON,1369.4403591156006,125
1,f001_AMT_INCOME_TOTAL-d-cnt_adults,3620.0182304382324,306
1,f001_AMT_INCOME_TOTAL-d-CNT_CHILDREN,3696.773615837097,319
1,f001_AMT_INCOME_TOTAL-d-CNT_FAM_MEMBERS,4650.192273139954,397
1,f001_AMT_REQ_CREDIT_BUREAU_sum,1920.636821269989,174
1,f001_AMT_INCOME_TOTAL,5732.236116886139,479
1,f001_AMT_REQ_CREDIT_BUREAU_WEEK,356.1572198867798,30
1,f001_AMT_REQ_CREDIT_BUREAU_YEAR,5229.58086681366,402
1,f001_BASEMENTAREA_MEDI,2250.4827127456665,192
1,f001_CNT_CHILDREN,213.5238494873047,18
1,f001_BASEMENTAREA_MODE,2821.1045813560486,248
1,f001_COMMONAREA_MODE,1836.8460659980774,167
1,f001_BASEMENTAREA_AVG,2497.081651687622,202
1,f001_CNT_FAM_MEMBERS,660.0600504875183,57
1,f001_DAYS_ID_PUBLISH-d-DAYS_BIRTH,10620.349044322968,740
1,f001_COMMONAREA_MEDI,1654.0048990249634,147
1,f001_DAYS_EMPLOYED-s-DAYS_BIRTH-d-DAYS_ID_PUBLISH-s-DAYS_EMPLOYED,2478.347960472107,208
1,f001_DAYS_EMPLOYED-s-DAYS_BIRTH-d-DAYS_LAST_PHONE_CHANGE-s-DAYS_ID_PUBLISH,5235.93004822731,419
1,f001_COMMONAREA_AVG,1837.6055450439453,160
1,f001_DAYS_EMPLOYED-s-DAYS_BIRTH,16063.338658809662,1167
1,f001_DAYS_EMPLOYED-s-DAYS_BIRTH-d-DAYS_REGISTRATION-s-DAYS_BIRTH,4485.677499771118,325
1,f001_DAYS_EMPLOYED-s-DAYS_BIRTH-d-DAYS_ID_PUBLISH-s-DAYS_REGISTRATION,3546.4780893325806,301
1,f001_DAYS_EMPLOYED-s-DAYS_BIRTH-d-DAYS_REGISTRATION-s-DAYS_EMPLOYED,2141.6417212486267,179
1,f001_DAYS_EMPLOYED-s-DAYS_BIRTH-d-DAYS_LAST_PHONE_CHANGE-s-DAYS_REGISTRATION,4071.963496685028,339
1,f001_DAYS_EMPLOYED-s-DAYS_BIRTH-d-DAYS_LAST_PHONE_CHANGE-s-DAYS_EMPLOYED,4293.704051017761,250
1,f001_DAYS_ID_PUBLISH-s-DAYS_BIRTH-d-DAYS_LAST_PHONE_CHANGE-s-DAYS_ID_PUBLISH,2539.01881980896,202
1,f001_DAYS_ID_PUBLISH-s-DAYS_BIRTH-d-DAYS_LAST_PHONE_CHANGE-s-DAYS_BIRTH,3713.370143890381,312
1,f001_DAYS_ID_PUBLISH-s-DAYS_BIRTH-d-DAYS_ID_PUBLISH-s-DAYS_REGISTRATION,2713.9074149131775,237
1,f001_DAYS_ID_PUBLISH-s-DAYS_BIRTH-d-DAYS_REGISTRATION-s-DAYS_EMPLOYED,3015.236562728882,252
1,f001_DAYS_ID_PUBLISH-s-DAYS_BIRTH-d-DAYS_ID_PUBLISH-s-DAYS_EMPLOYED,2375.3296990394592,195
1,f001_DAYS_ID_PUBLISH-s-DAYS_REGISTRATION,4974.512917518616,403
1,f001_DAYS_ID_PUBLISH-d-DAYS_EMPLOYED,7419.471562862396,533
1,f001_DAYS_ID_PUBLISH-s-DAYS_BIRTH-d-DAYS_LAST_PHONE_CHANGE-s-DAYS_REGISTRATION,3736.5789103507996,319
1,f001_DAYS_ID_PUBLISH-d-DAYS_REGISTRATION,5080.903198719025,407
1,f001_DAYS_ID_PUBLISH-s-DAYS_BIRTH-d-DAYS_LAST_PHONE_CHANGE-s-DAYS_EMPLOYED,4812.127957820892,344
1,f001_DAYS_ID_PUBLISH-s-DAYS_REGISTRATION-d-DAYS_LAST_PHONE_CHANGE-s-DAYS_REGISTRATION,2845.830577850342,254
1,f001_DAYS_ID_PUBLISH-s-DAYS_EMPLOYED-d-DAYS_LAST_PHONE_CHANGE-s-DAYS_ID_PUBLISH,3043.651358604431,255
1,f001_DAYS_ID_PUBLISH-s-DAYS_REGISTRATION-d-DAYS_LAST_PHONE_CHANGE-s-DAYS_ID_PUBLISH,2610.6765832901,216
1,f001_DAYS_ID_PUBLISH-s-DAYS_EMPLOYED-d-DAYS_ID_PUBLISH-s-DAYS_REGISTRATION,2852.0339913368225,245
1,f001_DAYS_ID_PUBLISH-s-DAYS_EMPLOYED-d-DAYS_LAST_PHONE_CHANGE-s-DAYS_EMPLOYED,3855.4667296409607,335
1,f001_DAYS_ID_PUBLISH-s-DAYS_EMPLOYED-d-DAYS_LAST_PHONE_CHANGE-s-DAYS_REGISTRATION,5386.212230682373,408
1,f001_DAYS_LAST_PHONE_CHANGE-s-DAYS_BIRTH-d-DAYS_LAST_PHONE_CHANGE-s-DAYS_ID_PUBLISH,2322.73668718338,184
1,f001_DAYS_LAST_PHONE_CHANGE-d-DAYS_ID_PUBLISH,8402.641374111176,608
1,f001_DAYS_LAST_PHONE_CHANGE-s-DAYS_BIRTH-d-DAYS_LAST_PHONE_CHANGE-s-DAYS_EMPLOYED,4425.715297222137,286
1,f001_DAYS_LAST_PHONE_CHANGE-s-DAYS_BIRTH-d-DAYS_REGISTRATION-s-DAYS_EMPLOYED,2730.9436416625977,232
1,f001_DAYS_LAST_PHONE_CHANGE-s-DAYS_BIRTH-d-DAYS_LAST_PHONE_CHANGE-s-DAYS_REGISTRATION,1776.8833980560303,149
1,f001_DAYS_LAST_PHONE_CHANGE-s-DAYS_BIRTH-d-DAYS_ID_PUBLISH-s-DAYS_REGISTRATION,3372.9727268218994,287
1,f001_DAYS_LAST_PHONE_CHANGE-d-DAYS_EMPLOYED,5910.716989040375,473
1,f001_DAYS_LAST_PHONE_CHANGE-d-DAYS_REGISTRATION,7242.307714939117,552
1,f001_DAYS_LAST_PHONE_CHANGE-s-DAYS_EMPLOYED-d-DAYS_LAST_PHONE_CHANGE-s-DAYS_ID_PUBLISH,2675.6859922409058,226
1,f001_DAYS_LAST_PHONE_CHANGE-s-DAYS_BIRTH-d-DAYS_ID_PUBLISH-s-DAYS_EMPLOYED,4101.226967334747,344
1,f001_DAYS_REGISTRATION-s-DAYS_BIRTH-d-DAYS_LAST_PHONE_CHANGE-s-DAYS_BIRTH,2451.1762895584106,205
1,f001_DAYS_LAST_PHONE_CHANGE-s-DAYS_REGISTRATION-d-DAYS_LAST_PHONE_CHANGE-s-DAYS_ID_PUBLISH,2227.647970676422,185
1,f001_DAYS_REGISTRATION-d-DAYS_BIRTH,6384.4151129722595,480
1,f001_DAYS_LAST_PHONE_CHANGE-s-DAYS_EMPLOYED-d-DAYS_LAST_PHONE_CHANGE-s-DAYS_REGISTRATION,2944.437838077545,257
1,f001_DAYS_REGISTRATION-d-DAYS_EMPLOYED,7686.887780666351,526
1,f001_DAYS_REGISTRATION-s-DAYS_BIRTH-d-DAYS_LAST_PHONE_CHANGE-s-DAYS_REGISTRATION,2080.2315101623535,177
1,f001_DAYS_LAST_PHONE_CHANGE-s-DAYS_EMPLOYED-d-DAYS_ID_PUBLISH-s-DAYS_REGISTRATION,6114.9451332092285,504
1,f001_DAYS_REGISTRATION-s-DAYS_BIRTH-d-DAYS_LAST_PHONE_CHANGE-s-DAYS_ID_PUBLISH,4791.826420783997,384
1,f001_DAYS_REGISTRATION-s-DAYS_BIRTH-d-DAYS_REGISTRATION-s-DAYS_EMPLOYED,1860.2793445587158,155
1,f001_DAYS_REGISTRATION-s-DAYS_BIRTH-d-DAYS_ID_PUBLISH-s-DAYS_EMPLOYED,4886.270160198212,393
1,f001_DAYS_REGISTRATION-s-DAYS_BIRTH-d-DAYS_LAST_PHONE_CHANGE-s-DAYS_EMPLOYED,6171.788723945618,448
1,f001_EMERGENCYSTATE_MODE,56.56317949295044,6
1,f001_DAYS_REGISTRATION-s-DAYS_BIRTH-d-DAYS_ID_PUBLISH-s-DAYS_REGISTRATION,2852.4994559288025,253
1,f001_DAYS_REGISTRATION-s-DAYS_EMPLOYED-d-DAYS_ID_PUBLISH-s-DAYS_EMPLOYED,4448.625040054321,373
1,f001_ENTRANCES_MEDI,1330.7351727485657,94
1,f001_DAYS_REGISTRATION-s-DAYS_EMPLOYED-d-DAYS_ID_PUBLISH-s-DAYS_REGISTRATION,3189.6149682998657,272
1,f001_DAYS_REGISTRATION-s-DAYS_EMPLOYED-d-DAYS_LAST_PHONE_CHANGE-s-DAYS_ID_PUBLISH,4070.33811378479,345
1,f001_DAYS_REGISTRATION-s-DAYS_EMPLOYED-d-DAYS_LAST_PHONE_CHANGE-s-DAYS_REGISTRATION,2546.0512886047363,213
1,f001_DAYS_REGISTRATION-s-DAYS_BIRTH-d-DAYS_ID_PUBLISH-s-DAYS_BIRTH,2187.676868915558,191
1,f001_DAYS_REGISTRATION-s-DAYS_EMPLOYED,6258.609530448914,377
1,f001_DAYS_REGISTRATION-s-DAYS_EMPLOYED-d-DAYS_LAST_PHONE_CHANGE-s-DAYS_EMPLOYED,3975.208658695221,331
1,f001_EXT_SOURCES_1-3,10948.495656013489,818
1,f001_FLAG_DOCUMENT_13,7.108270168304443,1
1,f001_FLAG_DOCUMENT_15,0.0,0
1,f001_FLAG_DOCUMENT_11,68.75020027160645,8
1,f001_FLAG_DOCUMENT_16,31.179890632629395,3
1,f001_FLAG_DOCUMENT_4,0.0,0
1,f001_FLAG_CONT_MOBILE,0.0,0
1,f001_ENTRANCES_AVG,3431.2215051651,207
1,f001_FLAG_DOCUMENT_19,0.0,0
1,f001_ENTRANCES_MODE,2074.8478569984436,119
1,f001_FLAG_DOCUMENT_17,0.0,0
1,f001_FLAG_DOCUMENT_14,6.86290979385376,1
1,f001_FLAG_DOCUMENT_20,0.0,0
1,f001_FLAG_DOCUMENT_18,0.0,0
1,f001_FLAG_DOCUMENT_21,0.0,0
1,f001_FLAG_DOCUMENT_9,9.504659652709961,1
1,f001_FLAG_DOCUMENT_7,0.0,0
1,f001_FLAG_DOCUMENT_5,9.553739547729492,1
1,f001_LIVE_REGION_NOT_WORK_REGION,138.49305963516235,14
1,f001_FLAG_EMAIL,49.60088920593262,5
1,f001_FLAG_DOCUMENT_8,845.8768210411072,75
1,f001_FLAG_OWN_CAR,4365.404356956482,227
1,f001_LIVINGAPARTMENTS_AVG,2219.603874206543,190
1,f001_FLAG_OWN_REALTY,547.7540893554688,53
1,f001_LANDAREA_MEDI,2224.273500442505,200
1,f001_LANDAREA_AVG,2594.924035549164,223
1,f001_LIVINGAPARTMENTS_MODE,2394.026713371277,203
1,f001_LANDAREA_MODE,2661.467192173004,242
1,f001_NONLIVINGAPARTMENTS_AVG,748.0080256462097,73
1,f001_NONLIVINGAREA_AVG,2058.778073787689,181
1,f001_LIVINGAPARTMENTS_MEDI,1722.407229423523,142
1,f001_OBS_30_CNT_SOCIAL_CIRCLE,2351.571937561035,205
1,f001_NONLIVINGAREA_MODE,2255.1793007850647,192
1,f001_NONLIVINGAPARTMENTS_MEDI,611.2838397026062,57
1,f001_NONLIVINGAPARTMENTS_MODE,517.940890789032,45
1,f001_NONLIVINGAREA_MEDI,2291.909749507904,197
1,f001_REG_REGION_NOT_LIVE_REGION,42.2532901763916,5
1,f001_REG_REGION_NOT_WORK_REGION,82.87035036087036,9
1,f001_YEARS_BUILD_AVG,1067.890088558197,99
1,f001_OBS_60_CNT_SOCIAL_CIRCLE,2295.159411430359,202
1,f001_alldocs_sum,5835.963230133057,229
1,f001_YEARS_BEGINEXPLUATATION_AVG,2519.2220191955566,194
1,f001_YEARS_BUILD_MEDI,1031.8043031692505,90
1,f001_YEARS_BEGINEXPLUATATION_MEDI,3657.3817930221558,235
1,f001_alldocs_mean,1151.5158128738403,62
1,f001_YEARS_BEGINEXPLUATATION_MODE,3904.354503631592,283
1,f001_cnt_adults,195.87178945541382,17
1,f001_alllives_sum,1402.9351930618286,130
1,f001_YEARS_BUILD_MODE,1495.4096460342407,134
1,f001_building_score_avg_std,3101.725357055664,260
1,f002_OCCUPATION_TYPE,26209.039768218994,1037
1,f002_NAME_FAMILY_STATUS,3172.3572878837585,173
1,f002_WEEKDAY_APPR_PROCESS_START,1839.0162606239319,180
1,f002_NAME_TYPE_SUITE,453.98747062683105,45
1,f103_active_AMT_ANNUITY_d_app_AMT_ANNUITY_diff_max_div_min,162.67891883850098,16
1,f001_building_score_medi_std,2930.9295892715454,246
1,f001_building_score_mode_std,3727.3231213092804,302
1,f103_active_AMT_ANNUITY_d_app_AMT_ANNUITY_diff_std,38.222049713134766,3
1,f103_active_AMT_ANNUITY_d_app_AMT_ANNUITY_diff_mean,251.49859714508057,23
1,f103_active_AMT_ANNUITY_d_app_AMT_ANNUITY_diff_min,277.68988943099976,26
1,f103_active_AMT_ANNUITY_d_app_AMT_ANNUITY_diff_std_div_mean,32.680480003356934,3
1,f103_active_AMT_ANNUITY_d_app_AMT_ANNUITY_pctchange_mean,389.18178129196167,38
1,f103_active_AMT_ANNUITY_d_app_AMT_ANNUITY_pctchange_max_div_min,21.70829963684082,1
1,f103_active_AMT_ANNUITY_d_app_AMT_ANNUITY_diff_max,237.22032022476196,21
1,f103_active_AMT_ANNUITY_d_app_AMT_ANNUITY_max_div_min,12.18649959564209,1
1,f103_active_AMT_ANNUITY_d_app_AMT_ANNUITY_pctchange_std,57.45794057846069,6
1,f103_active_AMT_ANNUITY_d_app_AMT_ANNUITY_pctchange_max,335.8568811416626,29
1,f103_active_AMT_ANNUITY_d_app_AMT_CREDIT_diff_std_div_mean,22.886159896850586,2
1,f103_active_AMT_ANNUITY_d_app_AMT_ANNUITY_pctchange_min,422.10282707214355,39
1,f103_active_AMT_ANNUITY_d_app_AMT_ANNUITY_std_div_mean,21.059980392456055,2
1,f103_active_AMT_ANNUITY_d_app_AMT_ANNUITY_std,69.06498050689697,6
1,f103_active_AMT_ANNUITY_d_app_AMT_CREDIT_diff_std,17.61249017715454,2
1,f103_active_AMT_ANNUITY_d_app_AMT_CREDIT_pctchange_std,54.82208061218262,6
1,f103_active_AMT_ANNUITY_d_app_AMT_CREDIT_std,58.78537940979004,6
1,f103_active_AMT_ANNUITY_d_app_AMT_CREDIT_max,784.8367204666138,62
1,f103_active_AMT_ANNUITY_d_app_AMT_CREDIT_diff_max,177.61309957504272,14
1,f103_active_AMT_ANNUITY_d_app_AMT_CREDIT_diff_mean,82.1395697593689,8
1,f103_active_AMT_ANNUITY_d_app_AMT_CREDIT_pctchange_max_div_min,23.958799362182617,2
1,f103_active_AMT_ANNUITY_d_app_AMT_CREDIT_diff_max_div_min,44.27511024475098,4
1,f103_active_AMT_ANNUITY_d_app_AMT_CREDIT_max_div_min,0.0,0
1,f103_active_AMT_ANNUITY_d_app_AMT_CREDIT_diff_min,156.59534978866577,14
1,f103_active_AMT_ANNUITY_d_app_AMT_CREDIT_pctchange_min,109.88835096359253,10
1,f103_active_AMT_ANNUITY_d_app_AMT_CREDIT_pctchange_mean,127.56519746780396,12
1,f103_active_AMT_ANNUITY_d_app_AMT_CREDIT_pctchange_max,168.77807188034058,17
1,f103_active_AMT_ANNUITY_d_app_AMT_GOODS_PRICE_diff_std_div_mean,26.52157974243164,3
1,f103_active_AMT_ANNUITY_d_app_AMT_CREDIT_std_div_mean,12.363100051879883,1
1,f103_active_AMT_ANNUITY_d_app_AMT_GOODS_PRICE_diff_std,28.477660179138184,3
1,f103_active_AMT_ANNUITY_d_app_AMT_GOODS_PRICE_max_div_min,0.0,0
1,f103_active_AMT_ANNUITY_d_app_AMT_GOODS_PRICE_diff_max,171.48344039916992,16
1,f103_active_AMT_ANNUITY_d_app_AMT_GOODS_PRICE_diff_mean,150.93253087997437,14
1,f103_active_AMT_ANNUITY_d_app_AMT_GOODS_PRICE_mean,763.4535908699036,67
1,f103_active_AMT_ANNUITY_d_app_AMT_GOODS_PRICE_diff_min,116.10471153259277,10
1,f103_active_AMT_ANNUITY_d_app_AMT_GOODS_PRICE_max,532.4935493469238,45
1,f103_active_AMT_ANNUITY_d_app_AMT_GOODS_PRICE_diff_max_div_min,109.7412805557251,9
1,f103_active_AMT_ANNUITY_d_app_AMT_GOODS_PRICE_std,19.599220275878906,2
1,f103_active_AMT_ANNUITY_d_app_AMT_GOODS_PRICE_pctchange_std,35.452499866485596,4
1,f103_active_AMT_ANNUITY_d_app_AMT_INCOME_TOTAL_diff_max,514.7325148582458,43
1,f103_active_AMT_ANNUITY_d_app_AMT_GOODS_PRICE_pctchange_max,63.6516695022583,7
1,f103_active_AMT_ANNUITY_d_app_AMT_GOODS_PRICE_std_div_mean,28.852630615234375,3
1,f103_active_AMT_ANNUITY_d_app_AMT_GOODS_PRICE_pctchange_max_div_min,0.0,0
1,f103_active_AMT_ANNUITY_d_app_AMT_INCOME_TOTAL_diff_std_div_mean,0.0,0
1,f103_active_AMT_ANNUITY_d_app_AMT_GOODS_PRICE_pctchange_min,203.44380950927734,18
1,f103_active_AMT_ANNUITY_d_app_AMT_INCOME_TOTAL_diff_std,39.44340991973877,4
1,f103_active_AMT_ANNUITY_d_app_AMT_GOODS_PRICE_pctchange_mean,123.99821949005127,11
1,f103_active_AMT_ANNUITY_d_app_AMT_GOODS_PRICE_min,673.3195734024048,60
1,f103_active_AMT_ANNUITY_d_app_AMT_INCOME_TOTAL_diff_max_div_min,0.0,0
1,f103_active_AMT_ANNUITY_d_app_AMT_INCOME_TOTAL_max,873.6935925483704,74
1,f103_active_AMT_ANNUITY_d_app_AMT_INCOME_TOTAL_min,738.4159684181213,64
1,f103_active_AMT_ANNUITY_d_app_AMT_INCOME_TOTAL_diff_mean,304.2501401901245,26
1,f103_active_AMT_ANNUITY_d_app_AMT_INCOME_TOTAL_pctchange_max,0.0,0
1,f103_active_AMT_ANNUITY_d_app_AMT_INCOME_TOTAL_diff_min,235.09374952316284,22
1,f103_active_AMT_ANNUITY_m_app_AMT_GOODS_PRICE_d_app_AMT_INCOME_TOTAL_diff_mean,96.58938121795654,9
1,f103_active_AMT_ANNUITY_d_app_AMT_INCOME_TOTAL_max_div_min,0.0,0
1,f103_active_AMT_ANNUITY_d_app_AMT_INCOME_TOTAL_mean,616.6193652153015,53
1,f103_active_AMT_ANNUITY_m_app_AMT_GOODS_PRICE_d_app_AMT_INCOME_TOTAL_diff_max,48.23047971725464,5
1,f103_active_AMT_ANNUITY_d_app_AMT_INCOME_TOTAL_pctchange_mean,22.428839683532715,2
1,f103_active_AMT_ANNUITY_d_app_AMT_INCOME_TOTAL_pctchange_std,0.0,0
1,f103_active_AMT_ANNUITY_d_app_AMT_INCOME_TOTAL_pctchange_max_div_min,0.0,0
1,f103_active_AMT_ANNUITY_m_app_AMT_GOODS_PRICE_d_app_AMT_INCOME_TOTAL_min,1085.633849143982,81
1,f103_active_AMT_ANNUITY_m_app_AMT_GOODS_PRICE_d_app_AMT_INCOME_TOTAL_diff_std,7.763730049133301,1
1,f103_active_AMT_ANNUITY_m_app_AMT_GOODS_PRICE_d_app_AMT_INCOME_TOTAL_pctchange_max_div_min,76.55179023742676,6
1,f103_active_AMT_ANNUITY_d_app_AMT_INCOME_TOTAL_std_div_mean,0.0,0
1,f103_active_AMT_ANNUITY_m_app_AMT_GOODS_PRICE_d_app_AMT_INCOME_TOTAL_pctchange_mean,141.13415098190308,10
1,f103_active_AMT_ANNUITY_d_app_AMT_INCOME_TOTAL_pctchange_min,57.28208017349243,5
1,f103_active_AMT_ANNUITY_m_app_AMT_GOODS_PRICE_d_app_AMT_INCOME_TOTAL_diff_std_div_mean,0.0,0
1,f103_active_AMT_ANNUITY_m_app_AMT_GOODS_PRICE_d_app_AMT_INCOME_TOTAL_max_div_min,28.315349578857422,3
1,f103_active_AMT_ANNUITY_m_app_AMT_GOODS_PRICE_d_app_AMT_INCOME_TOTAL_pctchange_max,119.57446050643921,12
1,f103_active_AMT_ANNUITY_m_app_AMT_GOODS_PRICE_d_app_AMT_INCOME_TOTAL_max,790.2041339874268,56
1,f103_active_AMT_ANNUITY_m_app_AMT_GOODS_PRICE_d_app_AMT_INCOME_TOTAL_diff_min,101.24312114715576,9
1,f103_active_AMT_ANNUITY_m_app_AMT_GOODS_PRICE_d_app_AMT_INCOME_TOTAL_pctchange_std,41.065489768981934,4
1,f103_active_AMT_ANNUITY_m_app_AMT_GOODS_PRICE_d_app_AMT_INCOME_TOTAL_diff_max_div_min,39.29291009902954,3
1,f103_active_AMT_ANNUITY_m_app_AMT_GOODS_PRICE_d_app_AMT_INCOME_TOTAL_mean,444.62382793426514,40
1,f103_active_AMT_ANNUITY_max_div_min,0.0,0
1,f103_active_AMT_ANNUITY_m_app_AMT_GOODS_PRICE_d_app_AMT_INCOME_TOTAL_pctchange_std_div_mean,29.249469757080078,3
1,f103_active_AMT_ANNUITY_m_app_AMT_GOODS_PRICE_d_app_AMT_INCOME_TOTAL_pctchange_min,201.79380989074707,17
1,f103_active_AMT_ANNUITY_s_app_AMT_ANNUITY_d_app_AMT_INCOME_TOTAL_diff_mean,60.21346092224121,6
1,f103_active_AMT_ANNUITY_s_app_AMT_ANNUITY_d_app_AMT_INCOME_TOTAL_diff_min,80.084219455719,8
1,f103_active_AMT_ANNUITY_s_app_AMT_ANNUITY_d_app_AMT_INCOME_TOTAL_max_div_min,33.60644006729126,4
1,f103_active_AMT_ANNUITY_s_app_AMT_ANNUITY_d_app_AMT_INCOME_TOTAL_diff_max_div_min,0.0,0
1,f103_active_AMT_ANNUITY_s_app_AMT_ANNUITY_d_app_AMT_INCOME_TOTAL_diff_std_div_mean,8.334710121154785,1
1,f103_active_AMT_ANNUITY_s_app_AMT_ANNUITY_d_app_AMT_INCOME_TOTAL_diff_max,44.01067066192627,4
1,f103_active_AMT_ANNUITY_m_app_AMT_GOODS_PRICE_d_app_AMT_INCOME_TOTAL_std_div_mean,98.71632146835327,6
1,f103_active_AMT_ANNUITY_s_app_AMT_ANNUITY_d_app_AMT_INCOME_TOTAL_std_div_mean,51.2365198135376,6
1,f103_active_AMT_ANNUITY_s_app_AMT_ANNUITY_d_app_AMT_INCOME_TOTAL_diff_std,0.0,0
1,f103_active_AMT_ANNUITY_s_app_AMT_ANNUITY_d_app_AMT_INCOME_TOTAL_pctchange_std,51.63223075866699,5
1,f103_active_AMT_ANNUITY_s_app_AMT_ANNUITY_diff_max_div_min,0.0,0
1,f103_active_AMT_ANNUITY_s_app_AMT_ANNUITY_d_app_AMT_INCOME_TOTAL_pctchange_max,628.0441970825195,57
1,f103_active_AMT_ANNUITY_s_app_AMT_ANNUITY_d_app_AMT_INCOME_TOTAL_pctchange_max_div_min,25.433379650115967,3
1,f103_active_AMT_ANNUITY_s_app_AMT_ANNUITY_diff_mean,230.66098833084106,20
1,f103_active_AMT_ANNUITY_s_app_AMT_ANNUITY_diff_max,236.24481058120728,22
1,f103_active_AMT_ANNUITY_s_app_AMT_ANNUITY_d_app_AMT_INCOME_TOTAL_pctchange_mean,635.8771080970764,64
1,f103_active_AMT_ANNUITY_s_app_AMT_ANNUITY_d_app_AMT_INCOME_TOTAL_pctchange_min,673.3051648139954,63
1,f103_active_AMT_ANNUITY_s_app_AMT_ANNUITY_max_div_min,0.0,0
1,f103_active_AMT_ANNUITY_s_app_AMT_ANNUITY_diff_std_div_mean,0.0,0
1,f103_active_AMT_ANNUITY_s_app_AMT_ANNUITY_diff_std,15.137299537658691,1
1,f103_active_AMT_ANNUITY_s_app_AMT_ANNUITY_pctchange_max_div_min,0.0,0
1,f103_active_AMT_ANNUITY_s_app_AMT_ANNUITY_pctchange_max,199.19216060638428,18
1,f103_active_AMT_ANNUITY_s_app_AMT_ANNUITY_pctchange_mean,154.1384892463684,13
1,f103_active_AMT_ANNUITY_s_app_AMT_ANNUITY_diff_min,248.14279985427856,23
1,f103_active_AMT_ANNUITY_s_app_AMT_ANNUITY_std,56.341519832611084,6
1,f103_active_AMT_ANNUITY_s_app_AMT_ANNUITY_std_div_mean,0.0,0
1,f103_active_AMT_ANNUITY_s_app_AMT_CREDIT_d_app_AMT_INCOME_TOTAL_diff_min,22.011899948120117,2
1,f103_active_AMT_ANNUITY_s_app_AMT_CREDIT_d_app_AMT_INCOME_TOTAL_diff_std,0.0,0
1,f103_active_AMT_ANNUITY_s_app_AMT_ANNUITY_pctchange_std,33.355430126190186,2
1,f103_active_AMT_ANNUITY_s_app_AMT_ANNUITY_pctchange_min,262.9902091026306,26
1,f103_active_AMT_ANNUITY_s_app_AMT_CREDIT_d_app_AMT_INCOME_TOTAL_diff_mean,9.143280029296875,1
1,f103_active_AMT_ANNUITY_s_app_AMT_CREDIT_d_app_AMT_INCOME_TOTAL_diff_max,58.12860107421875,5
1,f103_active_AMT_ANNUITY_s_app_AMT_CREDIT_d_app_AMT_INCOME_TOTAL_diff_max_div_min,0.0,0
1,f103_active_AMT_ANNUITY_s_app_AMT_CREDIT_d_app_AMT_INCOME_TOTAL_pctchange_std,31.576000213623047,2
1,f103_active_AMT_ANNUITY_s_app_AMT_CREDIT_d_app_AMT_INCOME_TOTAL_pctchange_min,228.18417930603027,21
1,f103_active_AMT_ANNUITY_s_app_AMT_CREDIT_d_app_AMT_INCOME_TOTAL_max,809.1057963371277,65
1,f103_active_AMT_ANNUITY_s_app_AMT_CREDIT_d_app_AMT_INCOME_TOTAL_diff_std_div_mean,0.0,0
1,f103_active_AMT_ANNUITY_s_app_AMT_CREDIT_d_app_AMT_INCOME_TOTAL_mean,666.8029384613037,47
1,f103_active_AMT_ANNUITY_s_app_AMT_CREDIT_diff_std,8.49252986907959,1
1,f103_active_AMT_ANNUITY_s_app_AMT_CREDIT_d_app_AMT_INCOME_TOTAL_pctchange_mean,118.1321496963501,11
1,f103_active_AMT_ANNUITY_s_app_AMT_CREDIT_diff_std_div_mean,0.0,0
1,f103_active_AMT_ANNUITY_s_app_AMT_CREDIT_d_app_AMT_INCOME_TOTAL_max_div_min,0.0,0
1,f103_active_AMT_ANNUITY_s_app_AMT_CREDIT_d_app_AMT_INCOME_TOTAL_pctchange_max,137.223069190979,13
1,f103_active_AMT_ANNUITY_s_app_AMT_CREDIT_d_app_AMT_INCOME_TOTAL_pctchange_max_div_min,18.389769554138184,2
1,f103_active_AMT_ANNUITY_s_app_AMT_CREDIT_d_app_AMT_INCOME_TOTAL_min,438.1029796600342,36
1,f103_active_AMT_ANNUITY_s_app_AMT_CREDIT_d_app_AMT_INCOME_TOTAL_std_div_mean,95.93865060806274,7
1,f103_active_AMT_ANNUITY_s_app_AMT_CREDIT_max,967.116005897522,82
1,f103_active_AMT_ANNUITY_s_app_AMT_CREDIT_diff_max,87.8171501159668,10
1,f103_active_AMT_ANNUITY_s_app_AMT_CREDIT_d_app_AMT_INCOME_TOTAL_pctchange_std_div_mean,18.75251007080078,2
1,f103_active_AMT_ANNUITY_s_app_AMT_CREDIT_diff_max_div_min,0.0,0
1,f103_active_AMT_ANNUITY_s_app_AMT_CREDIT_std,25.44499969482422,2
1,f103_active_AMT_ANNUITY_s_app_AMT_CREDIT_diff_mean,66.57796907424927,5
1,f103_active_AMT_ANNUITY_s_app_AMT_CREDIT_diff_min,19.58516025543213,2
1,f103_active_AMT_ANNUITY_s_app_AMT_CREDIT_pctchange_std_div_mean,0.0,0
1,f103_active_AMT_ANNUITY_s_app_AMT_CREDIT_pctchange_std,0.0,0
1,f103_active_AMT_ANNUITY_s_app_AMT_CREDIT_min,565.1523771286011,49
1,f103_active_AMT_ANNUITY_s_app_AMT_CREDIT_mean,432.3027501106262,36
1,f103_active_AMT_ANNUITY_s_app_AMT_CREDIT_pctchange_mean,16.257680416107178,2
1,f103_active_AMT_ANNUITY_s_app_AMT_CREDIT_pctchange_min,43.30501937866211,4
1,f103_active_AMT_ANNUITY_s_app_AMT_GOODS_PRICE_diff_std,0.0,0
1,f103_active_AMT_ANNUITY_s_app_AMT_CREDIT_max_div_min,0.0,0
1,f103_active_AMT_ANNUITY_s_app_AMT_CREDIT_std_div_mean,0.0,0
1,f103_active_AMT_ANNUITY_s_app_AMT_CREDIT_pctchange_max_div_min,0.0,0
1,f103_active_AMT_ANNUITY_s_app_AMT_GOODS_PRICE_diff_std_div_mean,0.0,0
1,f103_active_AMT_ANNUITY_s_app_AMT_CREDIT_pctchange_max,8.62401008605957,1
1,f103_active_AMT_ANNUITY_s_app_AMT_GOODS_PRICE_pctchange_std,12.753800392150879,1
1,f103_active_AMT_ANNUITY_s_app_AMT_GOODS_PRICE_diff_max,90.41052913665771,7
1,f103_active_AMT_ANNUITY_s_app_AMT_GOODS_PRICE_diff_max_div_min,9.616519927978516,1
1,f103_active_AMT_ANNUITY_s_app_AMT_GOODS_PRICE_diff_mean,111.39702033996582,11
1,f103_active_AMT_ANNUITY_s_app_AMT_GOODS_PRICE_diff_min,77.69341945648193,7
1,f103_active_AMT_ANNUITY_s_app_AMT_GOODS_PRICE_max_div_min,0.0,0
1,f103_active_AMT_ANNUITY_s_app_AMT_GOODS_PRICE_std,19.292059898376465,2
1,f103_active_AMT_ANNUITY_s_app_AMT_INCOME_TOTAL_diff_max,27.871000289916992,3
1,f103_active_AMT_ANNUITY_s_app_AMT_GOODS_PRICE_pctchange_std_div_mean,0.0,0
1,f103_active_AMT_ANNUITY_s_app_AMT_GOODS_PRICE_pctchange_mean,40.024399757385254,3
1,f103_active_AMT_ANNUITY_s_app_AMT_GOODS_PRICE_pctchange_max,44.36551094055176,3
1,f103_active_AMT_ANNUITY_s_app_AMT_GOODS_PRICE_std_div_mean,0.0,0
1,f103_active_AMT_ANNUITY_s_app_AMT_GOODS_PRICE_pctchange_min,67.44717025756836,6
1,f103_active_AMT_ANNUITY_s_app_AMT_GOODS_PRICE_pctchange_max_div_min,0.0,0
1,f103_active_AMT_ANNUITY_s_app_AMT_INCOME_TOTAL_diff_std_div_mean,0.0,0
1,f103_active_AMT_ANNUITY_s_app_AMT_INCOME_TOTAL_diff_std,0.0,0
1,f103_active_AMT_ANNUITY_s_app_AMT_INCOME_TOTAL_mean,1525.8986716270447,123
1,f103_active_AMT_ANNUITY_s_app_AMT_INCOME_TOTAL_diff_mean,12.929900169372559,1
1,f103_active_AMT_ANNUITY_s_app_AMT_INCOME_TOTAL_max,1274.1273245811462,107
1,f103_active_AMT_ANNUITY_s_app_AMT_INCOME_TOTAL_max_div_min,40.02510929107666,3
1,f103_active_AMT_ANNUITY_s_app_AMT_INCOME_TOTAL_diff_max_div_min,0.0,0
1,f103_active_AMT_ANNUITY_s_app_AMT_INCOME_TOTAL_min,1376.8210172653198,116
1,f103_active_AMT_ANNUITY_s_app_AMT_INCOME_TOTAL_std_div_mean,94.01321029663086,6
1,f103_active_AMT_ANNUITY_s_app_AMT_INCOME_TOTAL_pctchange_max,210.5203995704651,21
1,f103_active_AMT_ANNUITY_s_app_AMT_INCOME_TOTAL_diff_min,8.73585033416748,1
1,f103_active_AMT_ANNUITY_s_app_AMT_INCOME_TOTAL_pctchange_std_div_mean,178.0445694923401,18
1,f103_active_AMT_ANNUITY_s_app_AMT_INCOME_TOTAL_pctchange_std,6.407440185546875,1
1,f103_active_AMT_ANNUITY_std_div_mean,0.0,0
1,f103_active_AMT_ANNUITY_std,0.0,0
1,f103_active_AMT_ANNUITY_s_app_AMT_INCOME_TOTAL_pctchange_max_div_min,10.713600158691406,1
1,f103_active_AMT_ANNUITY_s_app_AMT_INCOME_TOTAL_std,0.0,0
1,f103_active_AMT_ANNUITY_s_app_AMT_INCOME_TOTAL_pctchange_mean,286.5573287010193,27
1,f103_active_AMT_ANNUITY_s_app_AMT_INCOME_TOTAL_pctchange_min,211.1152629852295,18
1,f103_active_AMT_APPLICATION_d_app_AMT_ANNUITY_pctchange_max,285.8398299217224,27
1,f103_active_AMT_APPLICATION_d_app_AMT_ANNUITY_pctchange_min,437.9028215408325,35
1,f103_active_AMT_APPLICATION_d_app_AMT_ANNUITY_std,56.18006992340088,6
1,f103_active_AMT_APPLICATION_d_app_AMT_ANNUITY_max_div_min,30.773240089416504,3
1,f103_active_AMT_APPLICATION_d_app_AMT_ANNUITY_pctchange_std_div_mean,8.581870079040527,1
1,f103_active_AMT_APPLICATION_d_app_AMT_ANNUITY_diff_max_div_min,24.6705002784729,3
1,f103_active_AMT_APPLICATION_d_app_AMT_ANNUITY_pctchange_mean,271.61921977996826,22
1,f103_active_AMT_APPLICATION_d_app_AMT_ANNUITY_pctchange_max_div_min,9.259710311889648,1
1,f103_active_AMT_APPLICATION_d_app_AMT_ANNUITY_std_div_mean,50.259509563446045,5
1,f103_active_AMT_APPLICATION_d_app_AMT_CREDIT_diff_max_div_min,0.0,0
1,f103_active_AMT_APPLICATION_d_app_AMT_CREDIT_diff_std_div_mean,158.2674708366394,9
1,f103_active_AMT_APPLICATION_d_app_AMT_CREDIT_pctchange_mean,95.8398289680481,9
1,f103_active_AMT_APPLICATION_d_app_AMT_CREDIT_pctchange_max_div_min,0.0,0
1,f103_active_AMT_APPLICATION_d_app_AMT_GOODS_PRICE_diff_std,45.37770080566406,3
1,f103_active_AMT_APPLICATION_d_app_AMT_CREDIT_pctchange_std_div_mean,61.189509868621826,5
1,f103_active_AMT_APPLICATION_d_app_AMT_CREDIT_std_div_mean,24.29490089416504,2
1,f103_active_AMT_APPLICATION_d_app_AMT_CREDIT_max_div_min,40.82062911987305,3
1,f103_active_AMT_APPLICATION_d_app_AMT_CREDIT_pctchange_min,42.40857982635498,4
1,f103_active_AMT_APPLICATION_d_app_AMT_CREDIT_pctchange_max,111.70491027832031,8
1,f103_active_AMT_APPLICATION_d_app_AMT_CREDIT_std,7.1042799949646,1
1,f103_active_AMT_APPLICATION_d_app_AMT_GOODS_PRICE_diff_max,638.0340270996094,57
1,f103_active_AMT_APPLICATION_d_app_AMT_GOODS_PRICE_diff_max_div_min,0.0,0
1,f103_active_AMT_APPLICATION_d_app_AMT_GOODS_PRICE_max_div_min,19.383059978485107,2
1,f103_active_AMT_APPLICATION_d_app_AMT_GOODS_PRICE_diff_std_div_mean,78.68449878692627,7
1,f103_active_AMT_APPLICATION_d_app_AMT_INCOME_TOTAL_diff_std,71.40938138961792,7
1,f103_active_AMT_APPLICATION_d_app_AMT_GOODS_PRICE_pctchange_min,118.0441083908081,9
1,f103_active_AMT_APPLICATION_d_app_AMT_GOODS_PRICE_pctchange_mean,59.02155876159668,5
1,f103_active_AMT_APPLICATION_d_app_AMT_GOODS_PRICE_pctchange_max,72.61078071594238,5
1,f103_active_AMT_APPLICATION_d_app_AMT_GOODS_PRICE_pctchange_std_div_mean,0.0,0
1,f103_active_AMT_APPLICATION_d_app_AMT_GOODS_PRICE_pctchange_max_div_min,0.0,0
1,f103_active_AMT_APPLICATION_d_app_AMT_GOODS_PRICE_max,696.3808608055115,58
1,f103_active_AMT_APPLICATION_d_app_AMT_INCOME_TOTAL_diff_max_div_min,9.8548002243042,1
1,f103_active_AMT_APPLICATION_d_app_AMT_GOODS_PRICE_std,29.054919242858887,3
1,f103_active_AMT_APPLICATION_d_app_AMT_INCOME_TOTAL_diff_max,413.7799000740051,34
1,f103_active_AMT_APPLICATION_d_app_AMT_INCOME_TOTAL_pctchange_std_div_mean,0.0,0
1,f103_active_AMT_APPLICATION_d_app_AMT_GOODS_PRICE_std_div_mean,34.25615978240967,3
1,f103_active_AMT_APPLICATION_d_app_AMT_INCOME_TOTAL_pctchange_max,0.0,0
1,f103_active_AMT_APPLICATION_d_app_AMT_INCOME_TOTAL_std,119.25466012954712,11
1,f103_active_AMT_APPLICATION_d_app_AMT_INCOME_TOTAL_max,652.4157843589783,53
1,f103_active_AMT_APPLICATION_d_app_AMT_INCOME_TOTAL_pctchange_mean,29.053990364074707,3
1,f103_active_AMT_APPLICATION_m_app_AMT_GOODS_PRICE_d_app_AMT_INCOME_TOTAL_diff_std,52.72364044189453,5
1,f103_active_AMT_APPLICATION_d_app_AMT_INCOME_TOTAL_pctchange_max_div_min,0.0,0
1,f103_active_AMT_APPLICATION_d_app_AMT_INCOME_TOTAL_max_div_min,0.0,0
1,f103_active_AMT_APPLICATION_d_app_AMT_INCOME_TOTAL_pctchange_min,19.3540096282959,2
1,f103_active_AMT_APPLICATION_d_app_AMT_INCOME_TOTAL_mean,473.0107102394104,38
1,f103_active_AMT_APPLICATION_m_app_AMT_GOODS_PRICE_d_app_AMT_INCOME_TOTAL_diff_std_div_mean,117.16547203063965,9
1,f103_active_AMT_APPLICATION_m_app_AMT_GOODS_PRICE_d_app_AMT_INCOME_TOTAL_pctchange_max,395.441433429718,36
1,f103_active_AMT_APPLICATION_d_app_AMT_INCOME_TOTAL_std_div_mean,16.458099365234375,1
1,f103_active_AMT_APPLICATION_m_app_AMT_GOODS_PRICE_d_app_AMT_INCOME_TOTAL_mean,376.0838189125061,30
1,f103_active_AMT_APPLICATION_m_app_AMT_GOODS_PRICE_d_app_AMT_INCOME_TOTAL_pctchange_std_div_mean,108.3912706375122,11
1,f103_active_AMT_APPLICATION_m_app_AMT_GOODS_PRICE_d_app_AMT_INCOME_TOTAL_std,0.0,0
1,f103_active_AMT_APPLICATION_m_app_AMT_GOODS_PRICE_d_app_AMT_INCOME_TOTAL_diff_max_div_min,0.0,0
1,f103_active_AMT_APPLICATION_m_app_AMT_GOODS_PRICE_d_app_AMT_INCOME_TOTAL_diff_max,343.4443893432617,30
1,f103_active_AMT_APPLICATION_m_app_AMT_GOODS_PRICE_d_app_AMT_INCOME_TOTAL_pctchange_mean,444.5380859375,39
1,f103_active_AMT_APPLICATION_m_app_AMT_GOODS_PRICE_d_app_AMT_INCOME_TOTAL_max,372.2706489562988,31
1,f103_active_AMT_APPLICATION_m_app_AMT_GOODS_PRICE_d_app_AMT_INCOME_TOTAL_pctchange_max_div_min,45.032780170440674,4
1,f103_active_AMT_APPLICATION_m_app_AMT_GOODS_PRICE_d_app_AMT_INCOME_TOTAL_pctchange_min,418.63719606399536,42
1,f103_active_AMT_APPLICATION_max_div_min,0.0,0
1,f103_active_AMT_APPLICATION_s_app_AMT_ANNUITY_d_app_AMT_INCOME_TOTAL_diff_std,0.0,0
1,f103_active_AMT_APPLICATION_s_app_AMT_ANNUITY_d_app_AMT_INCOME_TOTAL_diff_max_div_min,0.0,0
1,f103_active_AMT_APPLICATION_s_app_AMT_ANNUITY_d_app_AMT_INCOME_TOTAL_max,723.5121612548828,60
1,f103_active_AMT_APPLICATION_s_app_AMT_ANNUITY_d_app_AMT_INCOME_TOTAL_pctchange_max,453.4304919242859,42
1,f103_active_AMT_APPLICATION_s_app_AMT_ANNUITY_d_app_AMT_INCOME_TOTAL_diff_max,84.01376104354858,8
1,f103_active_AMT_APPLICATION_s_app_AMT_ANNUITY_d_app_AMT_INCOME_TOTAL_diff_std_div_mean,95.05316114425659,8
1,f103_active_AMT_APPLICATION_s_app_AMT_ANNUITY_d_app_AMT_INCOME_TOTAL_pctchange_min,716.909321308136,57
1,f103_active_AMT_APPLICATION_s_app_AMT_ANNUITY_d_app_AMT_INCOME_TOTAL_mean,581.623685836792,51
1,f103_active_AMT_APPLICATION_s_app_AMT_ANNUITY_d_app_AMT_INCOME_TOTAL_std,0.0,0
1,f103_active_AMT_APPLICATION_m_app_AMT_GOODS_PRICE_d_app_AMT_INCOME_TOTAL_min,405.9412679672241,30
1,f103_active_AMT_APPLICATION_s_app_AMT_ANNUITY_d_app_AMT_INCOME_TOTAL_std_div_mean,65.13230991363525,5
1,f103_active_AMT_APPLICATION_s_app_AMT_ANNUITY_d_app_AMT_INCOME_TOTAL_max_div_min,0.0,0
1,f103_active_AMT_APPLICATION_s_app_AMT_ANNUITY_diff_std,96.57077121734619,7
1,f103_active_AMT_APPLICATION_s_app_AMT_ANNUITY_d_app_AMT_INCOME_TOTAL_pctchange_max_div_min,40.345980644226074,4
1,f103_active_AMT_APPLICATION_s_app_AMT_ANNUITY_max_div_min,0.0,0
1,f103_active_AMT_APPLICATION_s_app_AMT_ANNUITY_diff_max_div_min,0.0,0
1,f103_active_AMT_APPLICATION_s_app_AMT_ANNUITY_pctchange_max_div_min,0.0,0
1,f103_active_AMT_APPLICATION_s_app_AMT_ANNUITY_std_div_mean,0.0,0
1,f103_active_AMT_APPLICATION_s_app_AMT_ANNUITY_pctchange_min,178.14334964752197,14
1,f103_active_AMT_APPLICATION_s_app_AMT_ANNUITY_d_app_AMT_INCOME_TOTAL_pctchange_mean,512.8765668869019,45
1,f103_active_AMT_APPLICATION_s_app_AMT_ANNUITY_pctchange_mean,178.743989944458,14
1,f103_active_AMT_APPLICATION_s_app_AMT_CREDIT_d_app_AMT_INCOME_TOTAL_diff_max,47.16681909561157,4
1,f103_active_AMT_APPLICATION_s_app_AMT_CREDIT_d_app_AMT_INCOME_TOTAL_diff_std,0.0,0
1,f103_active_AMT_APPLICATION_s_app_AMT_CREDIT_d_app_AMT_INCOME_TOTAL_diff_max_div_min,0.0,0
1,f103_active_AMT_APPLICATION_s_app_AMT_ANNUITY_pctchange_max,93.62887954711914,9
1,f103_active_AMT_APPLICATION_s_app_AMT_CREDIT_d_app_AMT_INCOME_TOTAL_max_div_min,63.35875988006592,5
1,f103_active_AMT_APPLICATION_s_app_AMT_CREDIT_d_app_AMT_INCOME_TOTAL_max,767.2339205741882,58
1,f103_active_AMT_APPLICATION_s_app_AMT_CREDIT_d_app_AMT_INCOME_TOTAL_std,0.0,0
1,f103_active_AMT_APPLICATION_s_app_AMT_CREDIT_d_app_AMT_INCOME_TOTAL_pctchange_min,437.4536099433899,44
1,f103_active_AMT_APPLICATION_s_app_AMT_CREDIT_diff_max_div_min,0.0,0
1,f103_active_AMT_APPLICATION_s_app_AMT_CREDIT_d_app_AMT_INCOME_TOTAL_pctchange_std,107.39744853973389,9
1,f103_active_AMT_APPLICATION_s_app_AMT_CREDIT_d_app_AMT_INCOME_TOTAL_pctchange_max,473.4895100593567,40
1,f103_active_AMT_APPLICATION_s_app_AMT_CREDIT_d_app_AMT_INCOME_TOTAL_pctchange_max_div_min,35.83465003967285,3
1,f103_active_AMT_APPLICATION_s_app_AMT_CREDIT_d_app_AMT_INCOME_TOTAL_pctchange_mean,404.8927779197693,38
1,f103_active_AMT_APPLICATION_s_app_AMT_CREDIT_diff_std,36.243669509887695,3
1,f103_active_AMT_APPLICATION_s_app_AMT_CREDIT_pctchange_max,194.2079119682312,16
1,f103_active_AMT_APPLICATION_s_app_AMT_CREDIT_pctchange_mean,139.68359851837158,10
1,f103_active_AMT_APPLICATION_s_app_AMT_CREDIT_max_div_min,21.406140327453613,2
1,f103_active_AMT_APPLICATION_s_app_AMT_CREDIT_pctchange_max_div_min,40.76189994812012,3
1,f103_active_AMT_APPLICATION_s_app_AMT_CREDIT_pctchange_std,6.524209976196289,1
1,f103_active_AMT_APPLICATION_s_app_AMT_GOODS_PRICE_diff_std,17.57939910888672,1
1,f103_active_AMT_APPLICATION_s_app_AMT_CREDIT_max,647.6689209938049,53
1,f103_active_AMT_APPLICATION_s_app_AMT_CREDIT_min,681.231173992157,50
1,f103_active_AMT_APPLICATION_s_app_AMT_CREDIT_mean,538.4408164024353,43
1,f103_active_AMT_APPLICATION_s_app_AMT_GOODS_PRICE_diff_max_div_min,0.0,0
1,f103_active_AMT_APPLICATION_s_app_AMT_CREDIT_pctchange_min,192.30286026000977,18
1,f103_active_AMT_APPLICATION_s_app_AMT_GOODS_PRICE_diff_std_div_mean,53.643500328063965,3
1,f103_active_AMT_APPLICATION_s_app_AMT_GOODS_PRICE_pctchange_max,150.07259845733643,13
1,f103_active_AMT_APPLICATION_s_app_AMT_GOODS_PRICE_mean,414.4979600906372,36
1,f103_active_AMT_APPLICATION_s_app_AMT_GOODS_PRICE_pctchange_std_div_mean,5.997409820556641,1
1,f103_active_AMT_APPLICATION_s_app_AMT_INCOME_TOTAL_pctchange_min,688.4107494354248,62
1,f103_active_AMT_APPLICATION_s_app_AMT_GOODS_PRICE_min,330.30494260787964,29
1,f103_active_AMT_APPLICATION_s_app_AMT_INCOME_TOTAL_diff_std,0.0,0
1,f103_active_AMT_APPLICATION_s_app_AMT_GOODS_PRICE_pctchange_mean,146.50269031524658,13
1,f103_active_AMT_APPLICATION_s_app_AMT_INCOME_TOTAL_diff_max_div_min,0.0,0
1,f103_active_AMT_APPLICATION_s_app_AMT_GOODS_PRICE_pctchange_min,201.7030897140503,18
1,f103_active_AMT_APPLICATION_s_app_AMT_GOODS_PRICE_pctchange_max_div_min,14.727899551391602,1
1,f103_active_AMT_APPLICATION_s_app_AMT_GOODS_PRICE_max,529.588059425354,47
1,f103_active_AMT_APPLICATION_s_app_AMT_INCOME_TOTAL_pctchange_std,24.163959980010986,3
1,f103_active_AMT_APPLICATION_s_app_AMT_INCOME_TOTAL_pctchange_std_div_mean,74.01740026473999,7
1,f103_active_AMT_APPLICATION_s_app_AMT_INCOME_TOTAL_max_div_min,89.21265888214111,9
1,f103_active_AMT_APPLICATION_s_app_AMT_INCOME_TOTAL_pctchange_max,762.6054220199585,70
1,f103_active_AMT_APPLICATION_s_app_AMT_INCOME_TOTAL_pctchange_max_div_min,84.02897930145264,7
1,f103_active_AMT_APPLICATION_s_app_AMT_INCOME_TOTAL_pctchange_mean,702.243127822876,66
1,f103_active_AMT_CREDIT_d_AMT_ANNUITY_diff_max_div_min,8.304499626159668,1
1,f103_active_AMT_APPLICATION_std_div_mean,0.0,0
1,f103_active_AMT_CREDIT_d_AMT_ANNUITY_std,155.71433925628662,15
1,f103_active_AMT_CREDIT_d_AMT_ANNUITY_pctchange_std,161.14198970794678,16
1,f103_active_AMT_CREDIT_d_AMT_ANNUITY_max_div_min,74.59957027435303,6
1,f103_active_AMT_CREDIT_d_AMT_ANNUITY_pctchange_std_div_mean,128.47397899627686,11
1,f103_active_AMT_CREDIT_d_AMT_ANNUITY_std_div_mean,100.92595958709717,12
1,f103_active_AMT_CREDIT_d_AMT_APPLICATION_max_div_min,20.55245018005371,2
1,f103_active_AMT_CREDIT_d_AMT_APPLICATION_diff_std_div_mean,202.93549919128418,10
1,f103_active_AMT_CREDIT_d_AMT_APPLICATION_std_div_mean,195.71295309066772,13
1,f103_active_AMT_CREDIT_d_AMT_APPLICATION_diff_max_div_min,125.94862985610962,13
1,f103_active_AMT_CREDIT_d_AMT_ANNUITY_pctchange_max_div_min,111.045250415802,9
1,f103_active_AMT_CREDIT_d_AMT_APPLICATION_std,137.46365928649902,12
1,f103_active_AMT_CREDIT_d_AMT_APPLICATION_pctchange_max_div_min,143.26249933242798,13
1,f103_active_AMT_CREDIT_d_AMT_APPLICATION_diff_mean,789.9446291923523,68
1,f103_active_AMT_CREDIT_d_AMT_APPLICATION_diff_max,1099.3906960487366,94
1,f103_active_AMT_CREDIT_d_AMT_APPLICATION_diff_min,960.9841623306274,87
1,f103_active_AMT_CREDIT_d_AMT_APPLICATION_pctchange_mean,604.9260129928589,57
1,f103_active_AMT_CREDIT_d_AMT_APPLICATION_pctchange_max,687.4891719818115,60
1,f103_active_AMT_CREDIT_d_app_AMT_ANNUITY_std_div_mean,18.237899780273438,2
1,f103_active_AMT_CREDIT_d_AMT_APPLICATION_pctchange_min,619.664623260498,50
1,f103_active_AMT_CREDIT_d_app_AMT_ANNUITY_diff_std,98.94712018966675,11
1,f103_active_AMT_CREDIT_d_app_AMT_ANNUITY_pctchange_max,335.40541076660156,29
1,f103_active_AMT_CREDIT_d_app_AMT_ANNUITY_std,80.85731029510498,8
1,f103_active_AMT_CREDIT_d_app_AMT_ANNUITY_diff_max_div_min,0.0,0
1,f103_active_AMT_CREDIT_d_app_AMT_ANNUITY_pctchange_max_div_min,17.656449794769287,2
1,f103_active_AMT_CREDIT_d_app_AMT_ANNUITY_pctchange_min,344.7939176559448,29
1,f103_active_AMT_CREDIT_d_app_AMT_ANNUITY_pctchange_std_div_mean,54.89060020446777,3
1,f103_active_AMT_CREDIT_d_app_AMT_ANNUITY_max_div_min,64.0514612197876,5
1,f103_active_AMT_CREDIT_d_app_AMT_ANNUITY_pctchange_mean,451.2351498603821,35
1,f103_active_AMT_CREDIT_d_app_AMT_CREDIT_diff_max_div_min,20.664570331573486,2
1,f103_active_AMT_CREDIT_d_app_AMT_CREDIT_max_div_min,0.0,0
1,f103_active_AMT_CREDIT_d_app_AMT_CREDIT_pctchange_max_div_min,10.915800094604492,1
1,f103_active_AMT_CREDIT_d_app_AMT_CREDIT_pctchange_mean,149.34663200378418,11
1,f103_active_AMT_CREDIT_d_app_AMT_CREDIT_std,52.876999855041504,4
1,f103_active_AMT_CREDIT_d_app_AMT_CREDIT_pctchange_max,131.34175968170166,12
1,f103_active_AMT_CREDIT_d_app_AMT_CREDIT_std_div_mean,7.689330101013184,1
1,f103_active_AMT_CREDIT_d_app_AMT_GOODS_PRICE_diff_std,57.498549938201904,5
1,f103_active_AMT_CREDIT_d_app_AMT_GOODS_PRICE_diff_max_div_min,0.0,0
1,f103_active_AMT_CREDIT_d_app_AMT_CREDIT_pctchange_std_div_mean,0.0,0
1,f103_active_AMT_CREDIT_d_app_AMT_GOODS_PRICE_diff_max,355.37396144866943,31
1,f103_active_AMT_CREDIT_d_app_AMT_CREDIT_pctchange_min,89.60502004623413,8
1,f103_active_AMT_CREDIT_d_app_AMT_GOODS_PRICE_max,506.9971299171448,42
1,f103_active_AMT_CREDIT_d_app_AMT_INCOME_TOTAL_diff_std,17.899230003356934,2
1,f103_active_AMT_CREDIT_d_app_AMT_GOODS_PRICE_pctchange_min,98.6156415939331,7
1,f103_active_AMT_CREDIT_d_app_AMT_GOODS_PRICE_pctchange_max,82.15304946899414,8
1,f103_active_AMT_CREDIT_d_app_AMT_GOODS_PRICE_mean,400.4131484031677,35
1,f103_active_AMT_CREDIT_d_app_AMT_GOODS_PRICE_pctchange_max_div_min,0.0,0
1,f103_active_AMT_CREDIT_d_app_AMT_GOODS_PRICE_pctchange_mean,92.73211860656738,7
1,f103_active_AMT_CREDIT_d_app_AMT_GOODS_PRICE_max_div_min,16.343770027160645,2
1,f103_active_AMT_CREDIT_d_app_AMT_GOODS_PRICE_pctchange_std_div_mean,0.0,0
1,f103_active_AMT_CREDIT_d_app_AMT_GOODS_PRICE_std,114.61007022857666,7
1,f103_active_AMT_CREDIT_d_app_AMT_GOODS_PRICE_std_div_mean,44.020480155944824,4
1,f103_active_AMT_CREDIT_d_app_AMT_INCOME_TOTAL_diff_max,292.9732241630554,27
1,f103_active_AMT_CREDIT_d_app_AMT_INCOME_TOTAL_pctchange_std_div_mean,0.0,0
1,f103_active_AMT_CREDIT_d_app_AMT_INCOME_TOTAL_diff_mean,509.8963737487793,45
1,f103_active_AMT_CREDIT_d_app_AMT_INCOME_TOTAL_diff_max_div_min,0.0,0
1,f103_active_AMT_CREDIT_d_app_AMT_INCOME_TOTAL_min,707.5455622673035,59
1,f103_active_AMT_CREDIT_d_app_AMT_INCOME_TOTAL_pctchange_mean,10.912599563598633,1
1,f103_active_AMT_CREDIT_d_app_AMT_INCOME_TOTAL_pctchange_max_div_min,0.0,0
1,f103_active_AMT_CREDIT_d_app_AMT_INCOME_TOTAL_max,580.4641785621643,48
1,f103_active_AMT_CREDIT_d_app_AMT_INCOME_TOTAL_max_div_min,0.0,0
1,f103_active_AMT_CREDIT_d_app_AMT_INCOME_TOTAL_mean,556.2748713493347,45
1,f103_active_AMT_CREDIT_d_app_AMT_INCOME_TOTAL_pctchange_max,41.08170032501221,3
1,f103_active_AMT_CREDIT_d_app_AMT_INCOME_TOTAL_std_div_mean,0.0,0
1,f103_active_AMT_CREDIT_d_app_AMT_INCOME_TOTAL_pctchange_min,20.547900199890137,2
1,f103_active_AMT_CREDIT_d_total_debt_diff_max,1497.8946146965027,123
1,f103_active_AMT_CREDIT_d_total_debt_pctchange_max_div_min,96.33078956604004,7
1,f103_active_AMT_CREDIT_d_total_debt_diff_max_div_min,90.78227138519287,7
1,f103_active_AMT_CREDIT_m_app_AMT_GOODS_PRICE_d_app_AMT_INCOME_TOTAL_diff_max,221.80044078826904,18
1,f103_active_AMT_CREDIT_d_total_debt_pctchange_mean,1868.5023231506348,151
1,f103_active_AMT_CREDIT_m_app_AMT_GOODS_PRICE_d_app_AMT_INCOME_TOTAL_diff_std,7.528120040893555,1
1,f103_active_AMT_CREDIT_m_app_AMT_GOODS_PRICE_d_app_AMT_INCOME_TOTAL_diff_max_div_min,0.0,0
1,f103_active_AMT_CREDIT_m_app_AMT_GOODS_PRICE_d_app_AMT_INCOME_TOTAL_max,377.5128872394562,31
1,f103_active_AMT_CREDIT_d_total_debt_pctchange_max,2177.039756298065,173
1,f103_active_AMT_CREDIT_m_app_AMT_GOODS_PRICE_d_app_AMT_INCOME_TOTAL_diff_mean,260.14795875549316,22
1,f103_active_AMT_CREDIT_m_app_AMT_GOODS_PRICE_d_app_AMT_INCOME_TOTAL_pctchange_std_div_mean,105.95765018463135,10
1,f103_active_AMT_CREDIT_m_app_AMT_GOODS_PRICE_d_app_AMT_INCOME_TOTAL_min,390.5307731628418,32
1,f103_active_AMT_CREDIT_m_app_AMT_GOODS_PRICE_d_app_AMT_INCOME_TOTAL_pctchange_std,69.8705587387085,7
1,f103_active_AMT_CREDIT_m_app_AMT_GOODS_PRICE_d_app_AMT_INCOME_TOTAL_max_div_min,78.28820037841797,4
1,f103_active_AMT_CREDIT_m_app_AMT_GOODS_PRICE_d_app_AMT_INCOME_TOTAL_pctchange_max,337.84349966049194,33
1,f103_active_AMT_CREDIT_m_app_AMT_GOODS_PRICE_d_app_AMT_INCOME_TOTAL_std_div_mean,170.1269407272339,11
1,f103_active_AMT_CREDIT_m_app_AMT_GOODS_PRICE_d_app_AMT_INCOME_TOTAL_mean,189.41120958328247,15
1,f103_active_AMT_CREDIT_m_app_AMT_GOODS_PRICE_d_app_AMT_INCOME_TOTAL_pctchange_max_div_min,24.537500381469727,2
1,f103_active_AMT_CREDIT_m_app_AMT_GOODS_PRICE_d_app_AMT_INCOME_TOTAL_pctchange_mean,568.5011420249939,51
1,f103_active_AMT_CREDIT_m_app_AMT_GOODS_PRICE_d_app_AMT_INCOME_TOTAL_pctchange_min,608.3907594680786,53
1,f103_active_AMT_CREDIT_s_app_AMT_ANNUITY_d_app_AMT_INCOME_TOTAL_diff_std,0.0,0
1,f103_active_AMT_CREDIT_max_div_min,0.0,0
1,f103_active_AMT_CREDIT_s_app_AMT_ANNUITY_d_app_AMT_INCOME_TOTAL_max_div_min,21.949399948120117,2
1,f103_active_AMT_CREDIT_s_app_AMT_ANNUITY_d_app_AMT_INCOME_TOTAL_pctchange_std,75.73912048339844,8
1,f103_active_AMT_CREDIT_s_app_AMT_ANNUITY_d_app_AMT_INCOME_TOTAL_mean,306.3304510116577,27
1,f103_active_AMT_CREDIT_s_app_AMT_ANNUITY_d_app_AMT_INCOME_TOTAL_diff_max,44.028329372406006,5
1,f103_active_AMT_CREDIT_s_app_AMT_ANNUITY_d_app_AMT_INCOME_TOTAL_pctchange_std_div_mean,92.9806900024414,7
1,f103_active_AMT_CREDIT_s_app_AMT_ANNUITY_d_app_AMT_INCOME_TOTAL_diff_max_div_min,0.0,0
1,f103_active_AMT_CREDIT_s_app_AMT_ANNUITY_d_app_AMT_INCOME_TOTAL_max,416.0581111907959,38
1,f103_active_AMT_CREDIT_s_app_AMT_ANNUITY_d_app_AMT_INCOME_TOTAL_diff_mean,73.82340908050537,7
1,f103_active_AMT_CREDIT_s_app_AMT_ANNUITY_d_app_AMT_INCOME_TOTAL_pctchange_mean,411.82520055770874,37
1,f103_active_AMT_CREDIT_s_app_AMT_ANNUITY_d_app_AMT_INCOME_TOTAL_std_div_mean,27.979999542236328,1
1,f103_active_AMT_CREDIT_s_app_AMT_ANNUITY_diff_max,604.3636293411255,53
1,f103_active_AMT_CREDIT_s_app_AMT_ANNUITY_d_app_AMT_INCOME_TOTAL_pctchange_max,626.9224805831909,59
1,f103_active_AMT_CREDIT_s_app_AMT_ANNUITY_d_app_AMT_INCOME_TOTAL_pctchange_max_div_min,14.107199668884277,1
1,f103_active_AMT_CREDIT_s_app_AMT_ANNUITY_std,21.95541000366211,2
1,f103_active_AMT_CREDIT_s_app_AMT_ANNUITY_pctchange_std,16.217289924621582,2
1,f103_active_AMT_CREDIT_s_app_AMT_ANNUITY_diff_std,69.8830099105835,7
1,f103_active_AMT_CREDIT_s_app_AMT_ANNUITY_d_app_AMT_INCOME_TOTAL_pctchange_min,565.6236066818237,43
1,f103_active_AMT_CREDIT_s_app_AMT_ANNUITY_diff_max_div_min,0.0,0
1,f103_active_AMT_CREDIT_s_app_AMT_ANNUITY_d_app_AMT_INCOME_TOTAL_min,653.1373820304871,54
1,f103_active_AMT_CREDIT_s_app_AMT_ANNUITY_pctchange_std_div_mean,0.0,0
1,f103_active_AMT_CREDIT_s_app_AMT_ANNUITY_std_div_mean,8.078920364379883,1
1,f103_active_AMT_CREDIT_s_app_AMT_ANNUITY_pctchange_max,124.99010944366455,10
1,f103_active_AMT_CREDIT_s_app_AMT_ANNUITY_max_div_min,0.0,0
1,f103_active_AMT_CREDIT_s_app_AMT_ANNUITY_pctchange_min,145.97530937194824,13
1,f103_active_AMT_CREDIT_s_app_AMT_CREDIT_d_app_AMT_INCOME_TOTAL_diff_std,10.381099700927734,1
1,f103_active_AMT_CREDIT_s_app_AMT_CREDIT_d_app_AMT_INCOME_TOTAL_pctchange_max_div_min,61.60835123062134,6
1,f103_active_AMT_CREDIT_s_app_AMT_ANNUITY_pctchange_mean,95.48903179168701,8
1,f103_active_AMT_CREDIT_s_app_AMT_CREDIT_d_app_AMT_INCOME_TOTAL_min,527.7253842353821,40
1,f103_active_AMT_CREDIT_s_app_AMT_CREDIT_d_app_AMT_INCOME_TOTAL_diff_max,52.92005109786987,5
1,f103_active_AMT_CREDIT_s_app_AMT_ANNUITY_pctchange_max_div_min,6.812729835510254,1
1,f103_active_AMT_CREDIT_s_app_AMT_CREDIT_d_app_AMT_INCOME_TOTAL_diff_max_div_min,0.0,0
1,f103_active_AMT_CREDIT_s_app_AMT_CREDIT_d_app_AMT_INCOME_TOTAL_diff_mean,7.935669898986816,1
1,f103_active_AMT_CREDIT_s_app_AMT_CREDIT_d_app_AMT_INCOME_TOTAL_max,562.8919024467468,43
1,f103_active_AMT_CREDIT_s_app_AMT_CREDIT_d_app_AMT_INCOME_TOTAL_pctchange_mean,313.5546112060547,30
1,f103_active_AMT_CREDIT_s_app_AMT_CREDIT_d_app_AMT_INCOME_TOTAL_mean,283.4726495742798,23
1,f103_active_AMT_CREDIT_s_app_AMT_CREDIT_d_app_AMT_INCOME_TOTAL_max_div_min,66.16095161437988,5
1,f103_active_AMT_CREDIT_s_app_AMT_CREDIT_diff_std,0.0,0
1,f103_active_AMT_CREDIT_s_app_AMT_CREDIT_d_app_AMT_INCOME_TOTAL_pctchange_min,447.93259048461914,38
1,f103_active_AMT_CREDIT_s_app_AMT_CREDIT_d_app_AMT_INCOME_TOTAL_std_div_mean,102.29054737091064,10
1,f103_active_AMT_CREDIT_s_app_AMT_CREDIT_d_app_AMT_INCOME_TOTAL_pctchange_max,429.56401681900024,37
1,f103_active_AMT_CREDIT_s_app_AMT_CREDIT_d_app_AMT_INCOME_TOTAL_pctchange_std_div_mean,170.51360654830933,13
1,f103_active_AMT_CREDIT_s_app_AMT_CREDIT_d_app_AMT_INCOME_TOTAL_pctchange_std,67.50610017776489,5
1,f103_active_AMT_CREDIT_s_app_AMT_CREDIT_mean,417.67519092559814,31
1,f103_active_AMT_CREDIT_s_app_AMT_CREDIT_diff_max_div_min,0.0,0
1,f103_active_AMT_CREDIT_s_app_AMT_CREDIT_pctchange_std,8.34805965423584,1
1,f103_active_AMT_CREDIT_s_app_AMT_CREDIT_diff_max,177.10927963256836,16
1,f103_active_AMT_CREDIT_s_app_AMT_CREDIT_pctchange_min,155.51417064666748,16
1,f103_active_AMT_CREDIT_s_app_AMT_CREDIT_pctchange_std_div_mean,18.50833034515381,2
1,f103_active_AMT_CREDIT_s_app_AMT_CREDIT_min,440.0787286758423,33
1,f103_active_AMT_CREDIT_s_app_AMT_CREDIT_max,363.11272859573364,34
1,f103_active_AMT_CREDIT_s_app_AMT_CREDIT_pctchange_max_div_min,22.53860092163086,1
1,f103_active_AMT_CREDIT_s_app_AMT_CREDIT_pctchange_max,64.26453018188477,6
1,f103_active_AMT_CREDIT_s_app_AMT_CREDIT_pctchange_mean,128.7256407737732,12
1,f103_active_AMT_CREDIT_s_app_AMT_CREDIT_max_div_min,8.062479972839355,1
1,f103_active_AMT_CREDIT_s_app_AMT_CREDIT_std_div_mean,10.123200416564941,1
1,f103_active_AMT_CREDIT_s_app_AMT_GOODS_PRICE_max,519.8318576812744,43
1,f103_active_AMT_CREDIT_s_app_AMT_GOODS_PRICE_diff_max,127.37951898574829,12
1,f103_active_AMT_CREDIT_s_app_AMT_GOODS_PRICE_diff_max_div_min,0.0,0
1,f103_active_AMT_CREDIT_s_app_AMT_GOODS_PRICE_diff_std,8.446049690246582,1
1,f103_active_AMT_CREDIT_s_app_AMT_CREDIT_std,0.0,0
1,f103_active_AMT_CREDIT_s_app_AMT_GOODS_PRICE_pctchange_std,18.585899353027344,1
1,f103_active_AMT_CREDIT_s_app_AMT_GOODS_PRICE_pctchange_std_div_mean,17.250760078430176,2
1,f103_active_AMT_CREDIT_s_app_AMT_GOODS_PRICE_pctchange_mean,132.7776393890381,12
1,f103_active_AMT_CREDIT_s_app_AMT_GOODS_PRICE_std,18.495619773864746,2
1,f103_active_AMT_CREDIT_s_app_AMT_GOODS_PRICE_pctchange_max_div_min,13.388199806213379,1
1,f103_active_AMT_CREDIT_s_app_AMT_GOODS_PRICE_pctchange_min,206.52845096588135,20
1,f103_active_AMT_CREDIT_s_app_AMT_GOODS_PRICE_max_div_min,12.030699729919434,1
1,f103_active_AMT_CREDIT_s_app_AMT_GOODS_PRICE_mean,389.3496265411377,35
1,f103_active_AMT_CREDIT_s_app_AMT_GOODS_PRICE_min,429.63845014572144,37
1,f103_active_AMT_CREDIT_s_app_AMT_GOODS_PRICE_pctchange_max,132.87660026550293,14
1,f103_active_AMT_CREDIT_s_app_AMT_INCOME_TOTAL_diff_std,0.0,0
1,f103_active_AMT_CREDIT_s_app_AMT_GOODS_PRICE_std_div_mean,12.690099716186523,1
1,f103_active_AMT_CREDIT_s_app_AMT_INCOME_TOTAL_diff_max_div_min,0.0,0
1,f103_active_AMT_CREDIT_s_app_AMT_INCOME_TOTAL_max_div_min,119.13208866119385,9
2,f103_active_AMT_CREDIT_s_app_AMT_INCOME_TOTAL_pctchange_std_div_mean,75.09800052642822,8
2,f103_active_AMT_CREDIT_std,25.1312198638916,3
2,f103_active_AMT_CREDIT_s_app_AMT_INCOME_TOTAL_std,7.695040225982666,1
2,f103_active_AMT_CREDIT_s_app_AMT_INCOME_TOTAL_std_div_mean,137.97143173217773,12
2,f103_active_AMT_DOWN_PAYMENT_d_AMT_GOODS_PRICE_diff_std,8.919469833374023,1
2,f103_active_AMT_CREDIT_s_app_AMT_INCOME_TOTAL_diff_max,1959.9749608039856,206
2,f103_active_AMT_CREDIT_s_app_AMT_INCOME_TOTAL_pctchange_std,113.09672021865845,15
2,f103_active_AMT_CREDIT_s_app_AMT_INCOME_TOTAL_pctchange_min,1156.1755826473236,135
2,f103_active_AMT_CREDIT_s_app_AMT_INCOME_TOTAL_pctchange_max_div_min,71.27788043022156,6
2,f103_active_AMT_CREDIT_s_app_AMT_INCOME_TOTAL_pctchange_mean,1002.2634670734406,107
2,f103_active_AMT_DOWN_PAYMENT_d_AMT_GOODS_PRICE_diff_max_div_min,60.63979959487915,7
2,f103_active_AMT_CREDIT_s_app_AMT_INCOME_TOTAL_pctchange_max,1030.9972647428513,106
2,f103_active_AMT_CREDIT_std_div_mean,22.385199785232544,2
2,f103_active_AMT_GOODS_PRICE_d_AMT_ANNUITY_diff_std,64.10905909538269,8
2,f103_active_AMT_DOWN_PAYMENT_d_AMT_GOODS_PRICE_diff_min,359.6626007556915,44
2,f103_active_AMT_DOWN_PAYMENT_d_AMT_GOODS_PRICE_std,0.0,0
2,f103_active_AMT_DOWN_PAYMENT_d_AMT_GOODS_PRICE_diff_mean,362.78581953048706,42
2,f103_active_AMT_DOWN_PAYMENT_std,0.0,0
2,f103_active_AMT_DOWN_PAYMENT_d_AMT_GOODS_PRICE_mean,0.0,0
2,f103_active_AMT_DOWN_PAYMENT_max,7.9321699142456055,1
2,f103_active_AMT_DOWN_PAYMENT_d_AMT_GOODS_PRICE_max,30.297980308532715,4
2,f103_active_AMT_DOWN_PAYMENT_min,34.849990367889404,4
2,f103_active_AMT_GOODS_PRICE_d_AMT_ANNUITY_diff_max_div_min,27.510340213775635,3
2,f103_active_AMT_DOWN_PAYMENT_d_AMT_GOODS_PRICE_min,0.0,0
2,f103_active_AMT_GOODS_PRICE_d_AMT_CREDIT_diff_max_div_min,73.38309931755066,10
2,f103_active_AMT_GOODS_PRICE_d_AMT_ANNUITY_pctchange_max_div_min,76.84233045578003,9
2,f103_active_AMT_GOODS_PRICE_d_AMT_ANNUITY_diff_std_div_mean,35.645119428634644,5
2,f103_active_AMT_DOWN_PAYMENT_mean,47.12873983383179,6
2,f103_active_AMT_GOODS_PRICE_d_AMT_CREDIT_diff_mean,572.2770506739616,62
2,f103_active_AMT_GOODS_PRICE_d_AMT_ANNUITY_pctchange_std_div_mean,97.65060043334961,9
2,f103_active_AMT_GOODS_PRICE_d_AMT_CREDIT_diff_min,776.0085079669952,80
2,f103_active_AMT_GOODS_PRICE_d_AMT_CREDIT_diff_max,636.7549500465393,69
2,f103_active_AMT_GOODS_PRICE_d_AMT_CREDIT_diff_std_div_mean,119.32057976722717,14
2,f103_active_AMT_GOODS_PRICE_d_AMT_CREDIT_std,103.18697023391724,13
2,f103_active_AMT_GOODS_PRICE_d_AMT_CREDIT_pctchange_min,1000.371829867363,118
2,f103_active_AMT_GOODS_PRICE_d_AMT_CREDIT_pctchange_mean,776.4659721851349,95
2,f103_active_AMT_GOODS_PRICE_d_AMT_CREDIT_std_div_mean,126.58632135391235,16
2,f103_active_AMT_GOODS_PRICE_d_AMT_CREDIT_pctchange_max_div_min,32.56654930114746,3
2,f103_active_AMT_GOODS_PRICE_d_AMT_CREDIT_pctchange_max,1081.916452884674,106
2,f103_active_AMT_GOODS_PRICE_d_app_AMT_ANNUITY_diff_std_div_mean,115.30439853668213,10
2,f103_active_AMT_GOODS_PRICE_d_app_AMT_ANNUITY_pctchange_max,422.0602421760559,45
2,f103_active_AMT_GOODS_PRICE_d_AMT_CREDIT_max_div_min,31.818699836730957,4
2,f103_active_AMT_GOODS_PRICE_d_app_AMT_ANNUITY_diff_max_div_min,27.63161039352417,4
2,f103_active_AMT_GOODS_PRICE_d_app_AMT_ANNUITY_std,95.57708978652954,12
2,f103_active_AMT_GOODS_PRICE_d_app_AMT_ANNUITY_max_div_min,0.0,0
2,f103_active_AMT_GOODS_PRICE_d_app_AMT_ANNUITY_pctchange_min,629.9671405106783,72
2,f103_active_AMT_GOODS_PRICE_d_app_AMT_ANNUITY_std_div_mean,51.87088918685913,6
2,f103_active_AMT_GOODS_PRICE_d_app_AMT_ANNUITY_pctchange_mean,321.8871295452118,34
2,f103_active_AMT_GOODS_PRICE_d_app_AMT_CREDIT_diff_std_div_mean,52.56793975830078,4
2,f103_active_AMT_GOODS_PRICE_d_app_AMT_CREDIT_std_div_mean,20.953829765319824,2
2,f103_active_AMT_GOODS_PRICE_d_app_AMT_CREDIT_std,84.91527986526489,6
2,f103_active_AMT_GOODS_PRICE_d_app_AMT_CREDIT_diff_max_div_min,41.132750034332275,3
2,f103_active_AMT_GOODS_PRICE_d_app_AMT_CREDIT_pctchange_std_div_mean,47.96090888977051,5
2,f103_active_AMT_GOODS_PRICE_d_app_AMT_ANNUITY_pctchange_std_div_mean,53.43031024932861,7
2,f103_active_AMT_GOODS_PRICE_d_app_AMT_ANNUITY_pctchange_max_div_min,10.39579963684082,1
2,f103_active_AMT_GOODS_PRICE_d_app_AMT_CREDIT_max_div_min,0.0,0
2,f103_active_AMT_GOODS_PRICE_d_app_AMT_CREDIT_pctchange_max,132.02603912353516,14
2,f103_active_AMT_GOODS_PRICE_d_app_AMT_GOODS_PRICE_diff_max_div_min,0.0,0
2,f103_active_AMT_GOODS_PRICE_d_app_AMT_GOODS_PRICE_diff_std_div_mean,14.737390041351318,2
2,f103_active_AMT_GOODS_PRICE_d_app_AMT_GOODS_PRICE_max_div_min,22.671810150146484,2
2,f103_active_AMT_GOODS_PRICE_d_app_AMT_GOODS_PRICE_pctchange_mean,109.69066858291626,13
2,f103_active_AMT_GOODS_PRICE_d_app_AMT_GOODS_PRICE_diff_std,47.799959659576416,6
2,f103_active_AMT_GOODS_PRICE_d_app_AMT_CREDIT_pctchange_max_div_min,11.179699897766113,1
2,f103_active_AMT_GOODS_PRICE_d_app_AMT_GOODS_PRICE_pctchange_max_div_min,14.34630012512207,1
2,f103_active_AMT_GOODS_PRICE_d_app_AMT_GOODS_PRICE_max,1864.1998723745346,180
2,f103_active_AMT_GOODS_PRICE_d_app_AMT_CREDIT_pctchange_min,100.28571033477783,12
2,f103_active_AMT_GOODS_PRICE_d_app_AMT_CREDIT_pctchange_mean,58.92090034484863,7
2,f103_active_AMT_GOODS_PRICE_d_app_AMT_GOODS_PRICE_pctchange_max,112.33669948577881,12
2,f103_active_AMT_GOODS_PRICE_d_app_AMT_GOODS_PRICE_pctchange_std_div_mean,5.825819969177246,1
2,f103_active_AMT_GOODS_PRICE_d_app_AMT_GOODS_PRICE_std,70.72921943664551,8
2,f103_active_AMT_GOODS_PRICE_d_app_AMT_INCOME_TOTAL_diff_std,45.04658079147339,5
2,f103_active_AMT_GOODS_PRICE_d_app_AMT_GOODS_PRICE_std_div_mean,14.615670204162598,2
2,f103_active_AMT_GOODS_PRICE_d_app_AMT_INCOME_TOTAL_diff_max_div_min,0.0,0
2,f103_active_AMT_GOODS_PRICE_d_app_AMT_INCOME_TOTAL_diff_max,973.1128091812134,99
2,f103_active_AMT_GOODS_PRICE_d_app_AMT_INCOME_TOTAL_pctchange_max_div_min,9.501660346984863,1
2,f103_active_AMT_GOODS_PRICE_d_app_AMT_GOODS_PRICE_pctchange_min,112.62170958518982,14
2,f103_active_AMT_GOODS_PRICE_d_app_AMT_INCOME_TOTAL_pctchange_mean,20.61713981628418,3
2,f103_active_AMT_GOODS_PRICE_d_app_AMT_INCOME_TOTAL_max_div_min,0.0,0
2,f103_active_AMT_GOODS_PRICE_d_app_AMT_INCOME_TOTAL_mean,1054.9312710762024,113
2,f103_active_AMT_GOODS_PRICE_d_app_AMT_INCOME_TOTAL_pctchange_max,17.0346097946167,3
2,f103_active_AMT_GOODS_PRICE_d_app_AMT_INCOME_TOTAL_pctchange_min,57.634307861328125,5
2,f103_active_AMT_GOODS_PRICE_d_app_AMT_INCOME_TOTAL_std_div_mean,0.0,0
2,f103_active_AMT_GOODS_PRICE_d_app_AMT_INCOME_TOTAL_std,108.80017900466919,13
2,f103_active_AMT_GOODS_PRICE_d_total_debt_diff_min,1017.5074828863144,105
2,f103_active_AMT_GOODS_PRICE_d_app_AMT_INCOME_TOTAL_pctchange_std_div_mean,18.54984998703003,2
2,f103_active_AMT_GOODS_PRICE_d_total_debt_diff_max_div_min,50.734169363975525,7
2,f103_active_AMT_GOODS_PRICE_d_total_debt_diff_mean,835.2434039115906,84
2,f103_active_AMT_GOODS_PRICE_d_app_AMT_INCOME_TOTAL_max,1148.4799864292145,114
2,f103_active_AMT_GOODS_PRICE_m_app_AMT_GOODS_PRICE_d_app_AMT_INCOME_TOTAL_diff_std_div_mean,80.23357057571411,9
2,f103_active_AMT_GOODS_PRICE_d_total_debt_diff_max,689.363009929657,74
2,f103_active_AMT_GOODS_PRICE_d_total_debt_pctchange_max,1454.8703775405884,147
2,f103_active_AMT_GOODS_PRICE_d_total_debt_pctchange_max_div_min,74.30707168579102,5
2,f103_active_AMT_GOODS_PRICE_d_total_debt_pctchange_mean,991.5260100364685,104
2,f103_active_AMT_GOODS_PRICE_m_app_AMT_GOODS_PRICE_d_app_AMT_INCOME_TOTAL_std,85.93761014938354,8
2,f103_active_AMT_GOODS_PRICE_m_app_AMT_GOODS_PRICE_d_app_AMT_INCOME_TOTAL_diff_max_div_min,5.547120094299316,1
2,f103_active_AMT_GOODS_PRICE_m_app_AMT_GOODS_PRICE_d_app_AMT_INCOME_TOTAL_max,984.8312495499849,104
2,f103_active_AMT_GOODS_PRICE_d_total_debt_pctchange_min,996.4782063961029,99
2,f103_active_AMT_GOODS_PRICE_m_app_AMT_GOODS_PRICE_d_app_AMT_INCOME_TOTAL_pctchange_std_div_mean,153.74583983421326,19
2,f103_active_AMT_GOODS_PRICE_m_app_AMT_GOODS_PRICE_d_app_AMT_INCOME_TOTAL_mean,722.8967399597168,80
2,f103_active_AMT_GOODS_PRICE_m_app_AMT_GOODS_PRICE_d_app_AMT_INCOME_TOTAL_diff_std,6.4046502113342285,1
2,f103_active_AMT_GOODS_PRICE_m_app_AMT_GOODS_PRICE_d_app_AMT_INCOME_TOTAL_diff_max,405.68408966064453,45
2,f103_active_AMT_GOODS_PRICE_m_app_AMT_GOODS_PRICE_d_app_AMT_INCOME_TOTAL_pctchange_max_div_min,67.72859048843384,8
2,f103_active_AMT_GOODS_PRICE_s_app_AMT_ANNUITY_d_app_AMT_INCOME_TOTAL_diff_std,15.026179790496826,2
2,f103_active_AMT_GOODS_PRICE_m_app_AMT_GOODS_PRICE_d_app_AMT_INCOME_TOTAL_pctchange_max,945.6812535524368,111
2,f103_active_AMT_GOODS_PRICE_m_app_AMT_GOODS_PRICE_d_app_AMT_INCOME_TOTAL_pctchange_mean,766.1781280040741,81
2,f103_active_AMT_GOODS_PRICE_m_app_AMT_GOODS_PRICE_d_app_AMT_INCOME_TOTAL_pctchange_min,685.1055793762207,82
2,f103_active_AMT_GOODS_PRICE_s_app_AMT_ANNUITY_d_app_AMT_INCOME_TOTAL_diff_std_div_mean,120.42520999908447,13
2,f103_active_AMT_GOODS_PRICE_m_app_AMT_GOODS_PRICE_d_app_AMT_INCOME_TOTAL_min,1155.6931509971619,127
2,f103_active_AMT_GOODS_PRICE_s_app_AMT_ANNUITY_d_app_AMT_INCOME_TOTAL_diff_max_div_min,5.911419868469238,1
2,f103_active_AMT_GOODS_PRICE_s_app_AMT_ANNUITY_d_app_AMT_INCOME_TOTAL_diff_max,263.60162830352783,25
2,f103_active_AMT_GOODS_PRICE_s_app_AMT_ANNUITY_d_app_AMT_INCOME_TOTAL_max,1326.988538980484,135
2,f103_active_AMT_GOODS_PRICE_max_div_min,0.0,0
2,f103_active_AMT_GOODS_PRICE_s_app_AMT_ANNUITY_d_app_AMT_INCOME_TOTAL_std,19.211080074310303,2
2,f103_active_AMT_GOODS_PRICE_s_app_AMT_ANNUITY_d_app_AMT_INCOME_TOTAL_pctchange_max_div_min,75.86263012886047,8
2,f103_active_AMT_GOODS_PRICE_s_app_AMT_ANNUITY_d_app_AMT_INCOME_TOTAL_pctchange_max,906.0264518857002,100
2,f103_active_AMT_GOODS_PRICE_s_app_AMT_ANNUITY_diff_std_div_mean,48.49125957489014,4
2,f103_active_AMT_GOODS_PRICE_s_app_AMT_ANNUITY_d_app_AMT_INCOME_TOTAL_mean,1951.3100051283836,196
2,f103_active_AMT_GOODS_PRICE_s_app_AMT_ANNUITY_d_app_AMT_INCOME_TOTAL_max_div_min,0.0,0
2,f103_active_AMT_GOODS_PRICE_s_app_AMT_ANNUITY_d_app_AMT_INCOME_TOTAL_pctchange_min,793.209765791893,86
2,f103_active_AMT_GOODS_PRICE_s_app_AMT_ANNUITY_diff_std,60.066850423812866,8
2,f103_active_AMT_GOODS_PRICE_s_app_AMT_ANNUITY_d_app_AMT_INCOME_TOTAL_pctchange_mean,873.3445618152618,87
2,f103_active_AMT_GOODS_PRICE_s_app_AMT_ANNUITY_std_div_mean,49.48819065093994,5
2,f103_active_AMT_GOODS_PRICE_s_app_AMT_ANNUITY_max_div_min,0.0,0
2,f103_active_AMT_GOODS_PRICE_s_app_AMT_ANNUITY_d_app_AMT_INCOME_TOTAL_std_div_mean,7.291959762573242,1
2,f103_active_AMT_GOODS_PRICE_s_app_AMT_ANNUITY_pctchange_max,204.17995071411133,23
2,f103_active_AMT_GOODS_PRICE_s_app_AMT_ANNUITY_diff_max_div_min,0.0,0
2,f103_active_AMT_GOODS_PRICE_s_app_AMT_ANNUITY_pctchange_min,208.73863124847412,22
2,f103_active_AMT_GOODS_PRICE_s_app_AMT_CREDIT_d_app_AMT_INCOME_TOTAL_diff_max,209.16041088104248,22
2,f103_active_AMT_GOODS_PRICE_s_app_AMT_ANNUITY_pctchange_max_div_min,0.0,0
2,f103_active_AMT_GOODS_PRICE_s_app_AMT_ANNUITY_pctchange_mean,269.9515790939331,26
2,f103_active_AMT_GOODS_PRICE_s_app_AMT_CREDIT_d_app_AMT_INCOME_TOTAL_diff_std,10.743399620056152,1
2,f103_active_AMT_GOODS_PRICE_s_app_AMT_CREDIT_d_app_AMT_INCOME_TOTAL_diff_max_div_min,0.0,0
2,f103_active_AMT_GOODS_PRICE_s_app_AMT_CREDIT_d_app_AMT_INCOME_TOTAL_pctchange_std,85.78949975967407,11
2,f103_active_AMT_GOODS_PRICE_s_app_AMT_CREDIT_d_app_AMT_INCOME_TOTAL_std,0.0,0
2,f103_active_AMT_GOODS_PRICE_s_app_AMT_CREDIT_d_app_AMT_INCOME_TOTAL_pctchange_min,737.816531419754,77
2,f103_active_AMT_GOODS_PRICE_s_app_AMT_CREDIT_diff_max_div_min,0.0,0
2,f103_active_AMT_GOODS_PRICE_s_app_AMT_CREDIT_d_app_AMT_INCOME_TOTAL_pctchange_max_div_min,35.234630823135376,3
2,f103_active_AMT_GOODS_PRICE_s_app_AMT_CREDIT_d_app_AMT_INCOME_TOTAL_max,2056.0659012794495,209
2,f103_active_AMT_GOODS_PRICE_s_app_AMT_CREDIT_d_app_AMT_INCOME_TOTAL_max_div_min,58.42307925224304,9
2,f103_active_AMT_GOODS_PRICE_s_app_AMT_CREDIT_d_app_AMT_INCOME_TOTAL_pctchange_max,655.48504114151,74
2,f103_active_AMT_GOODS_PRICE_s_app_AMT_CREDIT_diff_std_div_mean,0.0,0
2,f103_active_AMT_GOODS_PRICE_s_app_AMT_CREDIT_diff_std,18.053959846496582,2
2,f103_active_AMT_GOODS_PRICE_s_app_AMT_CREDIT_d_app_AMT_INCOME_TOTAL_pctchange_mean,662.9244691729546,71
2,f103_active_AMT_GOODS_PRICE_s_app_AMT_CREDIT_max_div_min,15.734189987182617,2
2,f103_active_AMT_GOODS_PRICE_s_app_AMT_CREDIT_pctchange_max_div_min,10.167099952697754,1
2,f103_active_AMT_GOODS_PRICE_s_app_AMT_CREDIT_pctchange_max,248.4455485343933,24
2,f103_active_AMT_GOODS_PRICE_s_app_AMT_CREDIT_pctchange_mean,170.18869018554688,16
2,f103_active_AMT_GOODS_PRICE_s_app_AMT_CREDIT_min,1294.6987041831017,140
2,f103_active_AMT_GOODS_PRICE_s_app_AMT_CREDIT_pctchange_std,8.574040412902832,1
2,f103_active_AMT_GOODS_PRICE_s_app_AMT_GOODS_PRICE_diff_std,0.0,0
2,f103_active_AMT_GOODS_PRICE_s_app_AMT_CREDIT_max,1314.7600820064545,141
2,f103_active_AMT_GOODS_PRICE_s_app_AMT_CREDIT_mean,1148.3579020500183,106
2,f103_active_AMT_GOODS_PRICE_s_app_AMT_CREDIT_pctchange_min,175.90347051620483,21
2,f103_active_AMT_GOODS_PRICE_s_app_AMT_GOODS_PRICE_pctchange_max_div_min,14.093299865722656,1
2,f103_active_AMT_GOODS_PRICE_s_app_AMT_GOODS_PRICE_diff_max_div_min,0.0,0
2,f103_active_AMT_GOODS_PRICE_s_app_AMT_GOODS_PRICE_max,1623.2937326431274,158
2,f103_active_AMT_GOODS_PRICE_s_app_AMT_GOODS_PRICE_diff_std_div_mean,0.0,0
2,f103_active_AMT_GOODS_PRICE_s_app_AMT_GOODS_PRICE_pctchange_std_div_mean,67.34853935241699,8
2,f103_active_AMT_GOODS_PRICE_s_app_AMT_INCOME_TOTAL_diff_std_div_mean,0.0,0
2,f103_active_AMT_GOODS_PRICE_s_app_AMT_GOODS_PRICE_pctchange_mean,416.84069883823395,44
2,f103_active_AMT_GOODS_PRICE_s_app_AMT_GOODS_PRICE_pctchange_min,193.96204948425293,23
2,f103_active_AMT_GOODS_PRICE_s_app_AMT_GOODS_PRICE_min,1480.7249989509583,154
2,f103_active_AMT_GOODS_PRICE_s_app_AMT_GOODS_PRICE_pctchange_max,305.88524293899536,36
2,f103_active_AMT_GOODS_PRICE_s_app_AMT_GOODS_PRICE_mean,1093.3138698935509,110
2,f103_active_AMT_GOODS_PRICE_s_app_AMT_INCOME_TOTAL_diff_std,0.0,0
2,f103_active_AMT_GOODS_PRICE_s_app_AMT_INCOME_TOTAL_diff_max_div_min,0.0,0
2,f103_active_AMT_GOODS_PRICE_s_app_AMT_INCOME_TOTAL_pctchange_std,42.842130184173584,5
2,f103_active_AMT_GOODS_PRICE_s_app_AMT_INCOME_TOTAL_pctchange_mean,787.0878293514252,88
2,f103_active_AMT_GOODS_PRICE_s_app_AMT_INCOME_TOTAL_pctchange_min,942.9250022172928,102
2,f103_active_AMT_GOODS_PRICE_std_div_mean,0.0,0
2,f103_active_AMT_GOODS_PRICE_s_app_AMT_INCOME_TOTAL_pctchange_std_div_mean,70.45573091506958,8
2,f103_active_AMT_GOODS_PRICE_s_app_AMT_INCOME_TOTAL_pctchange_max,855.4472894668579,101
2,f103_active_AMT_GOODS_PRICE_s_app_AMT_INCOME_TOTAL_pctchange_max_div_min,135.9023084640503,12
2,f103_active_AMT_GOODS_PRICE_s_app_AMT_INCOME_TOTAL_max_div_min,115.39427042007446,12
2,f103_active_CHANNEL_TYPE_AP___Cash_loan__mean,544.1810884475708,51
2,f103_active_CHANNEL_TYPE_AP___Cash_loan__sum,132.67301034927368,11
2,f103_active_CHANNEL_TYPE_Channel_of_corporate_sales_sum,0.0,0
2,f103_active_CHANNEL_TYPE_Channel_of_corporate_sales_mean,0.0,0
2,f103_active_CHANNEL_TYPE_Country_wide_mean,84.84348797798157,11
2,f103_active_CHANNEL_TYPE_Credit_and_cash_offices_sum,75.73513126373291,10
2,f103_active_CHANNEL_TYPE_Contact_center_mean,45.622989654541016,5
2,f103_active_CNT_PAYMENT_std_div_mean,0.0,0
2,f103_active_CHANNEL_TYPE_Credit_and_cash_offices_mean,131.16899013519287,9
2,f103_active_CHANNEL_TYPE_Country_wide_sum,16.310299396514893,2
2,f103_active_CHANNEL_TYPE_Stone_sum,32.044960021972656,3
2,f103_active_CHANNEL_TYPE_Contact_center_sum,20.312989711761475,2
2,f103_active_CHANNEL_TYPE_Stone_mean,23.321879863739014,4
2,f103_active_CHANNEL_TYPE_Regional___Local_sum,46.38954019546509,6
2,f103_active_CHANNEL_TYPE_Regional___Local_mean,42.06367015838623,6
2,f103_active_DAYS_DECISION_d_app_DAYS_EMPLOYED_std,33.199310302734375,4
2,f103_active_CNT_PAYMENT_max_div_min,5.450540065765381,1
2,f103_active_DAYS_DECISION_d_app_DAYS_BIRTH_max_div_min,28.44998025894165,4
2,f103_active_DAYS_DECISION_d_app_DAYS_ID_PUBLISH_std,67.74808120727539,7
2,f103_active_DAYS_DECISION_d_app_DAYS_EMPLOYED_max_div_min,19.2743501663208,3
2,f103_active_DAYS_DECISION_d_app_DAYS_EMPLOYED_std_div_mean,41.7086706161499,6
2,f103_active_DAYS_DECISION_d_app_DAYS_LAST_PHONE_CHANGE_max_div_min,143.769061088562,15
2,f103_active_DAYS_DECISION_d_app_DAYS_ID_PUBLISH_max_div_min,7.234179973602295,1
2,f103_active_DAYS_DECISION_d_app_DAYS_LAST_PHONE_CHANGE_std,44.091490268707275,5
2,f103_active_DAYS_DECISION_d_app_DAYS_ID_PUBLISH_min,1058.6011214256287,113
2,f103_active_DAYS_DECISION_d_app_DAYS_LAST_PHONE_CHANGE_mean,1019.8588433265686,105
2,f103_active_DAYS_DECISION_d_app_DAYS_LAST_PHONE_CHANGE_max,896.7789586186409,98
2,f103_active_DAYS_DECISION_d_app_DAYS_REGISTRATION_max_div_min,14.244290351867676,2
2,f103_active_DAYS_DECISION_d_app_DAYS_REGISTRATION_max,917.6469819545746,105
2,f103_active_DAYS_DECISION_d_app_DAYS_ID_PUBLISH_mean,905.3131544589996,94
2,f103_active_DAYS_DECISION_d_app_DAYS_ID_PUBLISH_max,1084.5403571724892,120
2,f103_active_DAYS_DECISION_d_app_DAYS_LAST_PHONE_CHANGE_min,1078.210154749453,107
2,f103_active_DAYS_DECISION_d_app_DAYS_REGISTRATION_min,991.4235123097897,108
2,f103_active_DAYS_DECISION_s_app_DAYS_LAST_PHONE_CHANGE_max_div_min,260.42109966278076,25
2,f103_active_DAYS_DECISION_s_app_DAYS_EMPLOYED_std_div_mean,20.297969818115234,2
2,f103_active_DAYS_DECISION_d_app_DAYS_REGISTRATION_mean,626.4776972234249,68
2,f103_active_DAYS_DECISION_s_app_DAYS_REGISTRATION_max_div_min,31.556249618530273,4
2,f103_active_DAYS_DECISION_s_app_DAYS_REGISTRATION_std_div_mean,99.7747893333435,12
2,f103_active_DAYS_DECISION_s_app_DAYS_EMPLOYED_max_div_min,154.1813678741455,15
2,f103_active_DAYS_DECISION_s_app_DAYS_ID_PUBLISH_max_div_min,25.21131992340088,3
2,f103_active_DAYS_FIRST_DUE_d_app_DAYS_EMPLOYED_std_div_mean,60.252580642700195,7
2,f103_active_DAYS_FIRST_DUE_d_app_DAYS_EMPLOYED_std,27.35327959060669,3
2,f103_active_DAYS_FIRST_DUE_d_app_DAYS_ID_PUBLISH_max_div_min,54.05870032310486,7
2,f103_active_DAYS_FIRST_DUE_d_app_DAYS_BIRTH_max_div_min,0.0,0
2,f103_active_DAYS_FIRST_DUE_d_app_DAYS_ID_PUBLISH_max,836.8213069587946,97
2,f103_active_DAYS_FIRST_DUE_d_app_DAYS_LAST_PHONE_CHANGE_std,24.116870164871216,4
2,f103_active_DAYS_FIRST_DUE_d_app_DAYS_EMPLOYED_max_div_min,15.497200012207031,1
2,f103_active_DAYS_FIRST_DUE_d_app_DAYS_LAST_PHONE_CHANGE_max,1172.1044276952744,131
2,f103_active_DAYS_FIRST_DUE_d_app_DAYS_REGISTRATION_max,814.9467153847218,90
2,f103_active_DAYS_FIRST_DUE_d_app_DAYS_ID_PUBLISH_std,14.819629669189453,2
2,f103_active_DAYS_FIRST_DUE_d_app_DAYS_ID_PUBLISH_mean,633.0969414710999,67
2,f103_active_DAYS_FIRST_DUE_d_app_DAYS_ID_PUBLISH_min,876.5173679590225,99
2,f103_active_DAYS_FIRST_DUE_d_app_DAYS_LAST_PHONE_CHANGE_max_div_min,55.37351036071777,7
2,f103_active_DAYS_FIRST_DUE_d_app_DAYS_LAST_PHONE_CHANGE_mean,1125.1619429588318,109
2,f103_active_DAYS_FIRST_DUE_s_DAYS_DECISIONS_std,0.0,0
2,f103_active_DAYS_FIRST_DUE_d_app_DAYS_LAST_PHONE_CHANGE_min,1544.855239391327,150
2,f103_active_DAYS_FIRST_DUE_s_DAYS_DECISIONS_max,144.7837896347046,16
2,f103_active_DAYS_FIRST_DUE_d_app_DAYS_REGISTRATION_mean,538.9608680009842,60
2,f103_active_DAYS_FIRST_DUE_s_DAYS_DECISIONS_min,110.89704942703247,12
2,f103_active_DAYS_FIRST_DUE_s_DAYS_DECISIONS_mean,221.4186191558838,24
2,f103_active_DAYS_FIRST_DUE_s_DAYS_DECISIONS_max_div_min,0.0,0
2,f103_active_DAYS_FIRST_DUE_d_app_DAYS_REGISTRATION_max_div_min,0.0,0
2,f103_active_DAYS_FIRST_DUE_d_app_DAYS_REGISTRATION_min,715.7151784896851,81
2,f103_active_DAYS_FIRST_DUE_s_DAYS_DECISIONS_std_div_mean,9.335530281066895,1
2,f103_active_DAYS_FIRST_DUE_s_app_DAYS_ID_PUBLISH_std_div_mean,28.80985975265503,4
2,f103_active_DAYS_FIRST_DUE_s_app_DAYS_EMPLOYED_std_div_mean,40.518930196762085,5
2,f103_active_DAYS_FIRST_DUE_s_app_DAYS_EMPLOYED_max_div_min,91.56366920471191,10
2,f103_active_DAYS_FIRST_DUE_s_app_DAYS_LAST_PHONE_CHANGE_max_div_min,41.71760892868042,5
2,f103_active_DAYS_LAST_DUE_1ST_VERSION_d_app_DAYS_BIRTH_std_div_mean,34.48438882827759,3
2,f103_active_DAYS_FIRST_DUE_s_app_DAYS_ID_PUBLISH_max_div_min,5.590330123901367,1
2,f103_active_DAYS_FIRST_DUE_s_app_DAYS_REGISTRATION_std_div_mean,52.653849601745605,7
2,f103_active_DAYS_LAST_DUE_1ST_VERSION_d_app_DAYS_EMPLOYED_std_div_mean,59.553120136260986,6
2,f103_active_DAYS_LAST_DUE_1ST_VERSION_d_app_DAYS_EMPLOYED_std,80.02244091033936,10
2,f103_active_DAYS_LAST_DUE_1ST_VERSION_d_app_DAYS_BIRTH_max_div_min,0.0,0
2,f103_active_DAYS_FIRST_DUE_s_app_DAYS_REGISTRATION_max_div_min,22.64637041091919,3
2,f103_active_DAYS_LAST_DUE_1ST_VERSION_d_app_DAYS_ID_PUBLISH_std,28.24102020263672,3
2,f103_active_DAYS_LAST_DUE_1ST_VERSION_d_app_DAYS_EMPLOYED_max_div_min,10.259300231933594,1
2,f103_active_DAYS_LAST_DUE_1ST_VERSION_d_app_DAYS_ID_PUBLISH_std_div_mean,20.971869468688965,2
2,f103_active_DAYS_LAST_DUE_1ST_VERSION_d_app_DAYS_ID_PUBLISH_max,1485.770898103714,169
2,f103_active_DAYS_LAST_DUE_1ST_VERSION_d_app_DAYS_LAST_PHONE_CHANGE_std,42.672539710998535,6
2,f103_active_DAYS_LAST_DUE_1ST_VERSION_d_app_DAYS_LAST_PHONE_CHANGE_max_div_min,51.366140842437744,6
2,f103_active_DAYS_LAST_DUE_1ST_VERSION_d_app_DAYS_ID_PUBLISH_mean,1477.3317184448242,149
2,f103_active_DAYS_LAST_DUE_1ST_VERSION_d_app_DAYS_ID_PUBLISH_max_div_min,0.0,0
2,f103_active_DAYS_LAST_DUE_1ST_VERSION_d_app_DAYS_ID_PUBLISH_min,1670.4003763198853,153
2,f103_active_DAYS_LAST_DUE_1ST_VERSION_d_app_DAYS_REGISTRATION_std_div_mean,17.32286024093628,2
2,f103_active_DAYS_LAST_DUE_1ST_VERSION_d_app_DAYS_LAST_PHONE_CHANGE_min,3015.0115264356136,271
2,f103_active_DAYS_LAST_DUE_1ST_VERSION_d_app_DAYS_LAST_PHONE_CHANGE_max,2582.53451025486,258
2,f103_active_DAYS_LAST_DUE_1ST_VERSION_d_app_DAYS_LAST_PHONE_CHANGE_mean,2383.160830795765,205
2,f103_active_DAYS_LAST_DUE_1ST_VERSION_d_app_DAYS_REGISTRATION_max_div_min,0.0,0
2,f103_active_DAYS_LAST_DUE_1ST_VERSION_d_app_DAYS_REGISTRATION_min,1690.325488448143,176
2,f103_active_DAYS_LAST_DUE_1ST_VERSION_d_app_DAYS_REGISTRATION_max,1442.2532035708427,161
2,f103_active_DAYS_LAST_DUE_1ST_VERSION_s_DAYS_FIRST_DUE_max_div_min,0.0,0
2,f103_active_DAYS_LAST_DUE_1ST_VERSION_s_DAYS_DECISIONS_max_div_min,32.86925983428955,4
2,f103_active_DAYS_LAST_DUE_1ST_VERSION_s_DAYS_FIRST_DUE_std_div_mean,12.080300331115723,1
2,f103_active_DAYS_LAST_DUE_1ST_VERSION_d_app_DAYS_REGISTRATION_mean,1134.2659254521132,124
2,f103_active_DAYS_LAST_DUE_1ST_VERSION_s_DAYS_DECISIONS_std_div_mean,51.120229721069336,6
2,f103_active_DAYS_LAST_DUE_1ST_VERSION_s_app_DAYS_ID_PUBLISH_std_div_mean,41.25942897796631,4
2,f103_active_DAYS_LAST_DUE_1ST_VERSION_s_app_DAYS_EMPLOYED_std_div_mean,68.27763080596924,8
2,f103_active_DAYS_LAST_DUE_1ST_VERSION_s_app_DAYS_ID_PUBLISH_max_div_min,42.70955038070679,5
2,f103_active_DAYS_LAST_DUE_1ST_VERSION_s_app_DAYS_EMPLOYED_max_div_min,196.1829595565796,19
2,f103_active_DAYS_LAST_DUE_1ST_VERSION_s_app_DAYS_LAST_PHONE_CHANGE_max_div_min,16.80167007446289,2
2,f103_active_DAYS_LAST_DUE_d_app_DAYS_BIRTH_std_div_mean,16.1299991607666,1
2,f103_active_DAYS_LAST_DUE_d_app_DAYS_LAST_PHONE_CHANGE_std,32.62853956222534,4
2,f103_active_DAYS_LAST_DUE_d_app_DAYS_EMPLOYED_std,19.281150341033936,3
2,f103_active_DAYS_LAST_DUE_d_app_DAYS_EMPLOYED_max_div_min,50.76398944854736,4
2,f103_active_DAYS_LAST_DUE_1ST_VERSION_s_app_DAYS_REGISTRATION_max_div_min,48.77517080307007,5
2,f103_active_DAYS_LAST_DUE_d_app_DAYS_EMPLOYED_std_div_mean,22.623390197753906,2
2,f103_active_DAYS_LAST_DUE_d_app_DAYS_ID_PUBLISH_max_div_min,0.0,0
2,f103_active_DAYS_LAST_DUE_d_app_DAYS_BIRTH_max_div_min,9.96500015258789,1
2,f103_active_DAYS_LAST_DUE_d_app_DAYS_ID_PUBLISH_min,1021.482409954071,96
2,f103_active_DAYS_LAST_DUE_d_app_DAYS_ID_PUBLISH_max,667.1622595787048,66
2,f103_active_DAYS_LAST_DUE_d_app_DAYS_ID_PUBLISH_mean,541.1885213851929,57
2,f103_active_DAYS_LAST_DUE_d_app_DAYS_ID_PUBLISH_std_div_mean,17.450599670410156,2
2,f103_active_DAYS_LAST_DUE_d_app_DAYS_LAST_PHONE_CHANGE_max,623.5247488021851,73
2,f103_active_DAYS_LAST_DUE_d_app_DAYS_LAST_PHONE_CHANGE_max_div_min,44.25609016418457,5
2,f103_active_DAYS_LAST_DUE_d_app_DAYS_REGISTRATION_max,1189.5566220283508,73
2,f103_active_DAYS_LAST_DUE_d_app_DAYS_REGISTRATION_std,63.60187911987305,6
2,f103_active_DAYS_LAST_DUE_d_app_DAYS_REGISTRATION_max_div_min,12.553799629211426,1
2,f103_active_DAYS_LAST_DUE_d_app_DAYS_LAST_PHONE_CHANGE_mean,487.9662206172943,49
2,f103_active_DAYS_LAST_DUE_d_app_DAYS_REGISTRATION_min,915.0890355110168,78
2,f103_active_DAYS_LAST_DUE_d_app_DAYS_LAST_PHONE_CHANGE_min,624.8452005386353,73
2,f103_active_DAYS_LAST_DUE_s_DAYS_DECISIONS_max_div_min,44.19086933135986,4
2,f103_active_DAYS_LAST_DUE_d_app_DAYS_REGISTRATION_mean,698.868549823761,57
2,f103_active_DAYS_LAST_DUE_s_DAYS_LAST_DUE_1ST_VERSION_std,16.138360023498535,2
2,f103_active_DAYS_LAST_DUE_s_DAYS_FIRST_DUE_std_div_mean,51.78199863433838,4
2,f103_active_DAYS_LAST_DUE_s_DAYS_LAST_DUE_1ST_VERSION_std_div_mean,113.30474948883057,11
2,f103_active_DAYS_LAST_DUE_s_DAYS_FIRST_DUE_max_div_min,190.56311130523682,18
2,f103_active_DAYS_LAST_DUE_s_app_DAYS_REGISTRATION_std_div_mean,47.40653944015503,5
2,f103_active_DAYS_LAST_DUE_s_app_DAYS_EMPLOYED_max_div_min,36.98280048370361,5
2,f103_active_DAYS_LAST_DUE_s_app_DAYS_EMPLOYED_std_div_mean,29.242040157318115,3
2,f103_active_DAYS_LAST_DUE_s_app_DAYS_ID_PUBLISH_std_div_mean,55.31509065628052,5
2,f103_active_DAYS_LAST_DUE_s_DAYS_DECISIONS_std_div_mean,22.170730590820312,3
2,f103_active_DAYS_TERMINATION_d_app_DAYS_EMPLOYED_std,6.132709980010986,1
2,f103_active_DAYS_TERMINATION_d_app_DAYS_ID_PUBLISH_mean,640.8007707595825,69
2,f103_active_DAYS_TERMINATION_d_app_DAYS_BIRTH_max_div_min,15.772809982299805,2
2,f103_active_DAYS_TERMINATION_d_app_DAYS_ID_PUBLISH_min,700.5590372085571,69
2,f103_active_DAYS_LAST_DUE_s_app_DAYS_REGISTRATION_max_div_min,53.78001022338867,5
2,f103_active_DAYS_TERMINATION_d_app_DAYS_EMPLOYED_max_div_min,16.457600116729736,2
2,f103_active_DAYS_TERMINATION_d_app_DAYS_LAST_PHONE_CHANGE_mean,911.8965401649475,76
2,f103_active_DAYS_TERMINATION_d_app_DAYS_LAST_PHONE_CHANGE_min,696.1238117218018,67
2,f103_active_DAYS_LAST_DUE_s_app_DAYS_LAST_PHONE_CHANGE_max_div_min,32.78291988372803,5
2,f103_active_DAYS_TERMINATION_d_app_DAYS_ID_PUBLISH_max,462.791069149971,53
2,f103_active_DAYS_TERMINATION_d_app_DAYS_LAST_PHONE_CHANGE_std,13.8433198928833,2
2,f103_active_DAYS_TERMINATION_d_app_DAYS_LAST_PHONE_CHANGE_max_div_min,21.33085012435913,2
2,f103_active_DAYS_LAST_DUE_s_app_DAYS_ID_PUBLISH_max_div_min,28.761099815368652,2
2,f103_active_DAYS_TERMINATION_s_DAYS_FIRST_DUE_std_div_mean,25.94631004333496,3
2,f103_active_DAYS_TERMINATION_d_app_DAYS_REGISTRATION_mean,783.0857839584351,64
2,f103_active_DAYS_TERMINATION_d_app_DAYS_REGISTRATION_min,1127.8054876327515,81
2,f103_active_DAYS_TERMINATION_d_app_DAYS_REGISTRATION_std,23.69231081008911,2
2,f103_active_DAYS_TERMINATION_d_app_DAYS_REGISTRATION_max,706.2101101875305,60
2,f103_active_DAYS_TERMINATION_d_app_DAYS_REGISTRATION_max_div_min,6.543369770050049,1
2,f103_active_DAYS_TERMINATION_d_app_DAYS_ID_PUBLISH_max_div_min,0.0,0
2,f103_active_DAYS_TERMINATION_d_app_DAYS_LAST_PHONE_CHANGE_max,556.8391518592834,60
2,f103_active_DAYS_TERMINATION_s_DAYS_LAST_DUE_1ST_VERSION_std,46.363120555877686,5
2,f103_active_DAYS_TERMINATION_s_DAYS_DECISIONS_std_div_mean,6.770060062408447,1
2,f103_active_DAYS_TERMINATION_s_DAYS_LAST_DUE_1ST_VERSION_std_div_mean,114.77488994598389,12
2,f103_active_DAYS_TERMINATION_s_DAYS_LAST_DUE_std_div_mean,34.64750003814697,4
2,f103_active_DAYS_TERMINATION_s_DAYS_DECISIONS_max_div_min,5.20304012298584,1
2,f103_active_DAYS_TERMINATION_s_DAYS_LAST_DUE_std,8.252900123596191,1
2,f103_active_DAYS_TERMINATION_s_DAYS_LAST_DUE_mean,779.1657936573029,87
2,f103_active_DAYS_TERMINATION_s_DAYS_FIRST_DUE_max_div_min,8.944609642028809,1
2,f103_active_DAYS_TERMINATION_s_DAYS_LAST_DUE_max_div_min,82.1439700126648,6
2,f103_active_DAYS_TERMINATION_s_app_DAYS_EMPLOYED_std_div_mean,29.490749835968018,4
2,f103_active_DAYS_TERMINATION_s_DAYS_LAST_DUE_min,425.93938970565796,48
2,f103_active_DAYS_TERMINATION_s_DAYS_LAST_DUE_max,342.41623961925507,41
2,f103_active_DAYS_TERMINATION_s_app_DAYS_EMPLOYED_max_div_min,16.222020149230957,2
2,f103_active_DAYS_TERMINATION_s_app_DAYS_LAST_PHONE_CHANGE_max_div_min,31.680030345916748,3
2,f103_active_DAYS_TERMINATION_s_app_DAYS_REGISTRATION_max_div_min,0.0,0
2,f103_active_DAYS_TERMINATION_s_app_DAYS_REGISTRATION_std_div_mean,6.957670211791992,1
2,f103_active_DAYS_TERMINATION_s_app_DAYS_ID_PUBLISH_max_div_min,0.0,0
2,f103_active_NAME_CASH_LOAN_PURPOSE_Buying_a_garage_sum,0.0,0
2,f103_active_HOUR_APPR_PROCESS_START_std_div_mean,116.90113949775696,15
2,f103_active_NAME_CASH_LOAN_PURPOSE_Buying_a_holiday_home___land_sum,0.0,0
2,f103_active_HOUR_APPR_PROCESS_START_std,41.62814998626709,6
2,f103_active_NAME_CASH_LOAN_PURPOSE_Building_a_house_or_an_annex_mean,0.0,0
2,f103_active_NAME_CASH_LOAN_PURPOSE_Buying_a_home_mean,0.0,0
2,f103_active_HOUR_APPR_PROCESS_START_max_div_min,69.57597923278809,8
2,f103_active_NAME_CASH_LOAN_PURPOSE_Buying_a_new_car_mean,0.0,0
2,f103_active_NAME_CASH_LOAN_PURPOSE_Business_development_sum,0.0,0
2,f103_active_NAME_CASH_LOAN_PURPOSE_Business_development_mean,0.0,0
2,f103_active_NAME_CASH_LOAN_PURPOSE_Buying_a_garage_mean,0.0,0
2,f103_active_NAME_CASH_LOAN_PURPOSE_Building_a_house_or_an_annex_sum,8.270270347595215,1
2,f103_active_NAME_CASH_LOAN_PURPOSE_Education_sum,0.0,0
2,f103_active_NAME_CASH_LOAN_PURPOSE_Education_mean,0.0,0
2,f103_active_NAME_CASH_LOAN_PURPOSE_Buying_a_home_sum,0.0,0
2,f103_active_NAME_CASH_LOAN_PURPOSE_Buying_a_used_car_sum,0.0,0
2,f103_active_NAME_CASH_LOAN_PURPOSE_Buying_a_holiday_home___land_mean,0.0,0
2,f103_active_NAME_CASH_LOAN_PURPOSE_Everyday_expenses_mean,0.0,0
2,f103_active_NAME_CASH_LOAN_PURPOSE_Journey_mean,0.0,0
2,f103_active_NAME_CASH_LOAN_PURPOSE_Furniture_mean,0.0,0
2,f103_active_NAME_CASH_LOAN_PURPOSE_Buying_a_new_car_sum,0.0,0
2,f103_active_NAME_CASH_LOAN_PURPOSE_Car_repairs_sum,0.0,0
2,f103_active_NAME_CASH_LOAN_PURPOSE_Car_repairs_mean,0.0,0
2,f103_active_NAME_CASH_LOAN_PURPOSE_Medicine_mean,0.0,0
2,f103_active_NAME_CASH_LOAN_PURPOSE_Everyday_expenses_sum,0.0,0
2,f103_active_NAME_CASH_LOAN_PURPOSE_Buying_a_used_car_mean,0.0,0
2,f103_active_NAME_CASH_LOAN_PURPOSE_Journey_sum,0.0,0
2,f103_active_NAME_CASH_LOAN_PURPOSE_Gasification___water_supply_sum,0.0,0
2,f103_active_NAME_CASH_LOAN_PURPOSE_Payments_on_other_loans_mean,0.0,0
2,f103_active_NAME_CASH_LOAN_PURPOSE_Furniture_sum,0.0,0
2,f103_active_NAME_CASH_LOAN_PURPOSE_Purchase_of_electronic_equipment_mean,0.0,0
2,f103_active_NAME_CASH_LOAN_PURPOSE_Gasification___water_supply_mean,0.0,0
2,f103_active_NAME_CASH_LOAN_PURPOSE_Money_for_a_third_person_mean,0.0,0
2,f103_active_NAME_CASH_LOAN_PURPOSE_XAP_mean,159.2975001335144,14
2,f103_active_NAME_CASH_LOAN_PURPOSE_Payments_on_other_loans_sum,0.0,0
2,f103_active_NAME_CASH_LOAN_PURPOSE_Medicine_sum,0.0,0
2,f103_active_NAME_CASH_LOAN_PURPOSE_Wedding___gift___holiday_mean,0.0,0
2,f103_active_NAME_CASH_LOAN_PURPOSE_Money_for_a_third_person_sum,0.0,0
2,f103_active_NAME_CASH_LOAN_PURPOSE_Wedding___gift___holiday_sum,0.0,0
2,f103_active_NAME_CASH_LOAN_PURPOSE_Purchase_of_electronic_equipment_sum,0.0,0
2,f103_active_NAME_CLIENT_TYPE_Repeater_sum,132.30460929870605,14
2,f103_active_NAME_CASH_LOAN_PURPOSE_XAP_sum,89.20848941802979,6
2,f103_active_NAME_CONTRACT_TYPE_Cash_loans_mean,12.31350040435791,1
2,f103_active_NAME_CASH_LOAN_PURPOSE_XNA_sum,139.78479957580566,15
2,f103_active_NAME_CONTRACT_TYPE_Consumer_loans_mean,0.0,0
2,f103_active_NAME_CLIENT_TYPE_Repeater_mean,135.63953948020935,15
2,f103_active_NAME_CLIENT_TYPE_Refreshed_sum,19.346559524536133,3
2,f103_active_NAME_CONTRACT_TYPE_Consumer_loans_sum,0.0,0
2,f103_active_NAME_CONTRACT_TYPE_Cash_loans_sum,15.324739933013916,2
2,f103_active_NAME_CLIENT_TYPE_Refreshed_mean,19.293650150299072,3
2,f103_active_NAME_GOODS_CATEGORY_Clothing_and_Accessories_mean,0.0,0
2,f103_active_NAME_GOODS_CATEGORY_Computers_mean,71.02025985717773,9
2,f103_active_NAME_GOODS_CATEGORY_Audio_Video_sum,0.0,0
2,f103_active_NAME_GOODS_CATEGORY_Audio_Video_mean,5.599070072174072,1
2,f103_active_NAME_GOODS_CATEGORY_Direct_Sales_mean,0.0,0
2,f103_active_NAME_GOODS_CATEGORY_Furniture_mean,0.0,0
2,f103_active_NAME_GOODS_CATEGORY_Construction_Materials_mean,12.510540008544922,2
2,f103_active_NAME_GOODS_CATEGORY_Clothing_and_Accessories_sum,0.0,0
2,f103_active_NAME_GOODS_CATEGORY_Auto_Accessories_mean,0.0,0
2,f103_active_NAME_GOODS_CATEGORY_Construction_Materials_sum,0.0,0
2,f103_active_NAME_GOODS_CATEGORY_Auto_Accessories_sum,0.0,0
2,f103_active_NAME_GOODS_CATEGORY_Direct_Sales_sum,0.0,0
2,f103_active_NAME_GOODS_CATEGORY_Consumer_Electronics_mean,16.259829998016357,2
2,f103_active_NAME_GOODS_CATEGORY_Jewelry_mean,0.0,0
2,f103_active_NAME_GOODS_CATEGORY_Homewares_sum,12.543120384216309,2
2,f103_active_NAME_GOODS_CATEGORY_Medical_Supplies_sum,19.870789527893066,3
2,f103_active_NAME_GOODS_CATEGORY_Homewares_mean,0.0,0
2,f103_active_NAME_GOODS_CATEGORY_Office_Appliances_mean,0.0,0
2,f103_active_NAME_GOODS_CATEGORY_Computers_sum,0.0,0
2,f103_active_NAME_GOODS_CATEGORY_Medical_Supplies_mean,0.0,0
2,f103_active_NAME_GOODS_CATEGORY_Consumer_Electronics_sum,0.0,0
2,f103_active_NAME_GOODS_CATEGORY_Jewelry_sum,0.0,0
2,f103_active_NAME_GOODS_CATEGORY_Gardening_mean,0.0,0
2,f103_active_NAME_GOODS_CATEGORY_Gardening_sum,0.0,0
2,f103_active_NAME_GOODS_CATEGORY_Medicine_mean,0.0,0
2,f103_active_NAME_GOODS_CATEGORY_Medicine_sum,0.0,0
2,f103_active_NAME_GOODS_CATEGORY_Mobile_mean,9.467610359191895,1
2,f103_active_NAME_GOODS_CATEGORY_Office_Appliances_sum,0.0,0
2,f103_active_NAME_GOODS_CATEGORY_Tourism_mean,0.0,0
2,f103_active_NAME_GOODS_CATEGORY_Photo___Cinema_Equipment_mean,0.0,0
2,f103_active_NAME_PAYMENT_TYPE_Cash_through_the_bank_mean,26.585720539093018,3
2,f103_active_NAME_PAYMENT_TYPE_Cashless_from_the_account_of_the_employer_mean,0.0,0
2,f103_active_NAME_GOODS_CATEGORY_Sport_and_Leisure_sum,0.0,0
2,f103_active_NAME_GOODS_CATEGORY_Sport_and_Leisure_mean,0.0,0
2,f103_active_NAME_GOODS_CATEGORY_Photo___Cinema_Equipment_sum,0.0,0
2,f103_active_NAME_GOODS_CATEGORY_Vehicles_sum,0.0,0
2,f103_active_NAME_GOODS_CATEGORY_XNA_sum,0.0,0
2,f103_active_NAME_PAYMENT_TYPE_Non_cash_from_your_account_sum,0.0,0
2,f103_active_NAME_GOODS_CATEGORY_Vehicles_mean,0.0,0
2,f103_active_NAME_GOODS_CATEGORY_XNA_mean,0.0,0
2,f103_active_NAME_GOODS_CATEGORY_Tourism_sum,0.0,0
2,f103_active_NAME_PORTFOLIO_POS_sum,0.0,0
2,f103_active_NAME_PAYMENT_TYPE_Cash_through_the_bank_sum,16.333809852600098,2
2,f103_active_NAME_PAYMENT_TYPE_XNA_mean,21.89591121673584,4
2,f103_active_NAME_PORTFOLIO_Cash_sum,0.0,0
2,f103_active_NAME_PAYMENT_TYPE_Cashless_from_the_account_of_the_employer_sum,0.0,0
2,f103_active_NAME_PORTFOLIO_POS_mean,0.0,0
2,f103_active_NAME_PRODUCT_TYPE_XNA_mean,0.0,0
2,f103_active_NAME_SELLER_INDUSTRY_Auto_technology_sum,0.0,0
2,f103_active_NAME_PAYMENT_TYPE_XNA_sum,0.0,0
2,f103_active_NAME_PAYMENT_TYPE_Non_cash_from_your_account_mean,0.0,0
2,f103_active_NAME_SELLER_INDUSTRY_Auto_technology_mean,0.0,0
2,f103_active_NAME_SELLER_INDUSTRY_Clothing_mean,21.68814992904663,3
2,f103_active_NAME_SELLER_INDUSTRY_Clothing_sum,7.907810211181641,1
2,f103_active_NAME_PORTFOLIO_Cash_mean,0.0,0
2,f103_active_NAME_SELLER_INDUSTRY_Industry_mean,56.335800647735596,8
2,f103_active_NAME_PRODUCT_TYPE_XNA_sum,0.0,0
2,f103_active_NAME_PRODUCT_TYPE_x_sell_sum,77.95510911941528,9
2,f103_active_NAME_SELLER_INDUSTRY_Construction_mean,27.25602960586548,4
2,f103_active_NAME_SELLER_INDUSTRY_Consumer_electronics_sum,20.966829299926758,2
2,f103_active_NAME_SELLER_INDUSTRY_Connectivity_mean,361.66184997558594,31
2,f103_active_NAME_SELLER_INDUSTRY_MLM_partners_mean,0.0,0
2,f103_active_NAME_SELLER_INDUSTRY_Construction_sum,0.0,0
2,f103_active_NAME_SELLER_INDUSTRY_Furniture_sum,16.629390716552734,2
2,f103_active_NAME_SELLER_INDUSTRY_MLM_partners_sum,0.0,0
2,f103_active_NAME_SELLER_INDUSTRY_XNA_sum,0.0,0
2,f103_active_NAME_SELLER_INDUSTRY_Furniture_mean,21.407320499420166,3
2,f103_active_NAME_SELLER_INDUSTRY_Industry_sum,0.0,0
2,f103_active_NAME_SELLER_INDUSTRY_Consumer_electronics_mean,37.38897943496704,4
2,f103_active_NAME_TYPE_SUITE_Family_mean,194.71778059005737,24
2,f103_active_NAME_SELLER_INDUSTRY_XNA_mean,37.0727801322937,4
2,f103_active_NAME_TYPE_SUITE_Other_B_sum,0.0,0
2,f103_active_NAME_TYPE_SUITE_Children_mean,0.0,0
2,f103_active_NAME_SELLER_INDUSTRY_Tourism_mean,0.0,0
2,f103_active_NAME_TYPE_SUITE_Spouse__partner_sum,34.64607000350952,5
2,f103_active_NAME_SELLER_INDUSTRY_Tourism_sum,0.0,0
2,f103_active_NAME_TYPE_SUITE_Other_B_mean,0.0,0
2,f103_active_NAME_TYPE_SUITE_Children_sum,0.0,0
2,f103_active_NAME_TYPE_SUITE_Group_of_people_mean,0.0,0
2,f103_active_NAME_TYPE_SUITE_Other_A_sum,0.0,0
2,f103_active_NFLAG_LAST_APPL_IN_DAY_max,0.0,0
2,f103_active_NAME_TYPE_SUITE_Unaccompanied_mean,165.5299186706543,19
2,f103_active_NAME_YIELD_GROUP_middle_sum,279.6807986497879,29
2,f103_active_NAME_TYPE_SUITE_Family_sum,31.299060344696045,4
2,f103_active_NAME_TYPE_SUITE_Group_of_people_sum,0.0,0
2,f103_active_NFLAG_LAST_APPL_IN_DAY_std_div_mean,0.0,0
2,f103_active_NFLAG_LAST_APPL_IN_DAY_std,0.0,0
2,f103_active_NAME_TYPE_SUITE_Other_A_mean,0.0,0
2,f103_active_NAME_TYPE_SUITE_Spouse__partner_mean,34.27001953125,4
2,f103_active_NAME_TYPE_SUITE_Unaccompanied_sum,13.086199760437012,1
2,f103_active_NFLAG_LAST_APPL_IN_DAY_mean,0.0,0
2,f103_active_NFLAG_LAST_APPL_IN_DAY_min,0.0,0
2,f103_active_PRODUCT_COMBINATION_POS_household_without_interest_sum,127.93478059768677,12
2,f103_active_NAME_YIELD_GROUP_middle_mean,335.1721291542053,37
2,f103_active_PRODUCT_COMBINATION_POS_household_without_interest_mean,95.63070011138916,10
2,f103_active_PRODUCT_COMBINATION_POS_mobile_without_interest_sum,0.0,0
2,f103_active_PRODUCT_COMBINATION_POS_industry_without_interest_mean,26.390620231628418,4
2,f103_active_PRODUCT_COMBINATION_POS_other_with_interest_mean,8.029680252075195,1
2,f103_active_PRODUCT_COMBINATION_POS_mobile_with_interest_mean,0.0,0
2,f103_active_PRODUCT_COMBINATION_POS_mobile_without_interest_mean,0.0,0
2,f103_active_PRODUCT_COMBINATION_POS_mobile_with_interest_sum,0.0,0
2,f103_active_RATE_DOWN_PAYMENT_std,0.0,0
2,f103_active_PRODUCT_COMBINATION_POS_industry_with_interest_mean,10.894699573516846,2
2,f103_active_PRODUCT_COMBINATION_POS_industry_with_interest_sum,0.0,0
2,f103_active_PRODUCT_COMBINATION_POS_other_with_interest_sum,0.0,0
2,f103_active_PRODUCT_COMBINATION_POS_industry_without_interest_sum,7.257269859313965,1
2,f103_active_RATE_DOWN_PAYMENT_min,14.006020069122314,2
2,f103_active_RATE_DOWN_PAYMENT_max,41.22581958770752,6
2,f103_active_PRODUCT_COMBINATION_POS_others_without_interest_sum,0.0,0
2,f103_active_SELLERPLACE_AREA_std,18.13148021697998,2
2,f103_active_PRODUCT_COMBINATION_POS_others_without_interest_mean,0.0,0
2,f103_active_SELLERPLACE_AREA_mean,559.5187005996704,60
2,f103_active_WEEKDAY_APPR_PROCESS_START_MONDAY_sum,14.171870231628418,2
2,f103_active_WEEKDAY_APPR_PROCESS_START_FRIDAY_sum,58.47248983383179,8
2,f103_active_SELLERPLACE_AREA_min,379.5690984725952,48
2,f103_active_RATE_DOWN_PAYMENT_mean,4.355959892272949,1
2,f103_active_WEEKDAY_APPR_PROCESS_START_FRIDAY_mean,50.04777002334595,7
2,f103_active_SELLERPLACE_AREA_max,205.46989011764526,22
2,f103_active_WEEKDAY_APPR_PROCESS_START_MONDAY_mean,102.11324834823608,11
2,f103_active_WEEKDAY_APPR_PROCESS_START_TUESDAY_mean,163.65242958068848,20
2,f103_active_WEEKDAY_APPR_PROCESS_START_TUESDAY_sum,11.931500434875488,1
2,f103_active_SELLERPLACE_AREA_max_div_min,38.17587089538574,5
2,f103_active_WEEKDAY_APPR_PROCESS_START_THURSDAY_mean,164.2591404914856,14
2,f103_active_WEEKDAY_APPR_PROCESS_START_SUNDAY_sum,75.94507026672363,9
2,f103_active_WEEKDAY_APPR_PROCESS_START_SATURDAY_sum,48.80708885192871,6
2,f103_active_WEEKDAY_APPR_PROCESS_START_WEDNESDAY_mean,157.2496199607849,18
2,f103_active_WEEKDAY_APPR_PROCESS_START_WEDNESDAY_sum,19.781740188598633,2
2,f103_active_WEEKDAY_APPR_PROCESS_START_THURSDAY_sum,0.0,0
2,f103_active_WEEKDAY_APPR_PROCESS_START_SATURDAY_mean,66.35693073272705,8
2,f103_active_WEEKDAY_APPR_PROCESS_START_SUNDAY_mean,83.56301021575928,10
2,f103_active_amt_paid_max,1377.7674807310104,147
2,f103_active_amt_unpaid_std_div_mean,76.63927841186523,7
2,f103_active_amt_paid_std,91.43958854675293,10
2,f103_active_amt_paid_std_div_mean,87.84680032730103,10
2,f103_active_amt_paid_max_div_min,63.53960037231445,7
2,f103_active_amt_unpaid_max_div_min,7.7247700691223145,1
2,f103_active_amt_unpaid_mean,1507.4532560110092,168
2,f103_active_cnt_unpaid_std_div_mean,23.143680095672607,3
2,f103_active_amt_paid_sum,1351.475167170167,154
2,f103_active_cnt_paid_max,657.2495042085648,82
2,f103_active_cnt_paid_ratio_std,24.030550003051758,3
2,f103_active_amt_unpaid_min,1380.5074365139008,155
2,f103_active_cnt_paid_ratio_std_div_mean,27.017459869384766,3
2,f103_active_cnt_paid_ratio_max_div_min,25.9478702545166,3
2,f103_active_cnt_paid_mean,618.9330681562424,66
2,f103_active_cnt_paid_min,397.17597007751465,47
2,f103_active_cnt_paid_max_div_min,0.0,0
2,f103_active_interest_rate_diff_max_div_min,85.09755945205688,10
2,f103_active_interest_rate_diff_std,154.31809949874878,16
2,f103_active_interest_rate_diff_std_div_mean,132.1210494041443,15
2,f103_active_cnt_unpaid_max_div_min,17.934249877929688,2
2,f103_active_interest_rate_pctchange_max,1540.8856723308563,165
2,f103_active_interest_rate_max_div_min,57.00874996185303,8
2,f103_active_interest_rate_pctchange_max_div_min,61.209641456604004,6
2,f103_active_interest_rate_pctchange_std_div_mean,134.4959897994995,17
2,f103_active_interest_rate_pctchange_std,119.51298069953918,15
2,f103_active_total_debt_diff_mean,888.9133285284042,93
2,f103_active_total_debt_diff_max_div_min,84.0435700416565,7
2,f103_active_interest_rate_std_div_mean,338.7843804359436,39
2,f103_active_interest_rate_pctchange_mean,1640.7090120315552,184
2,f103_active_total_debt_diff_max,907.8720314502716,95
2,f103_active_total_debt_diff_std,82.63256025314331,10
2,f103_active_interest_rate_pctchange_min,1974.5877265632153,219
2,f103_active_total_debt_diff_min,949.6265051960945,93
2,f103_active_total_debt_pctchange_mean,697.9880908727646,71
2,f103_active_total_debt_pctchange_max_div_min,39.27558898925781,5
2,f103_active_total_debt_pctchange_max,552.8465031981468,63
2,f103_active_total_debt_pctchange_std,37.884090423583984,4
2,f103_active_total_debt_pctchange_min,623.8367545008659,63
2,f103_active_total_debt_mean,672.947747707367,74
2,f103_active_total_debt_min,953.7826259732246,104
2,f103_active_total_debt_max,789.4260578453541,90
2,f103_active_total_debt_std_div_mean,34.55680990219116,4
2,f103_approved_AMT_ANNUITY_d_app_AMT_ANNUITY_diff_max,1711.0060365870595,184
2,f103_approved_AMT_ANNUITY_d_app_AMT_ANNUITY_diff_std_div_mean,782.0809210538864,94
2,f103_approved_AMT_ANNUITY_d_app_AMT_ANNUITY_diff_min,2102.732572734356,254
2,f103_approved_AMT_ANNUITY_d_app_AMT_ANNUITY_pctchange_std,882.0589372515678,107
2,f103_approved_AMT_ANNUITY_d_app_AMT_ANNUITY_diff_max_div_min,589.7383708953857,61
2,f103_approved_AMT_ANNUITY_d_app_AMT_ANNUITY_pctchange_std_div_mean,1400.0353387147188,168
2,f103_approved_AMT_ANNUITY_d_app_AMT_ANNUITY_pctchange_max_div_min,471.9499502182007,49
2,f103_approved_AMT_ANNUITY_d_app_AMT_ANNUITY_std,2216.1828684806824,257
2,f103_approved_AMT_ANNUITY_d_app_AMT_CREDIT_diff_max_div_min,434.9395999908447,50
2,f103_approved_AMT_ANNUITY_d_app_AMT_ANNUITY_diff_mean,1869.4913042634726,200
2,f103_approved_AMT_ANNUITY_d_app_AMT_ANNUITY_std_div_mean,1941.0385497808456,225
2,f103_approved_AMT_ANNUITY_d_app_AMT_CREDIT_diff_std_div_mean,391.66251015663147,46
2,f103_approved_AMT_ANNUITY_d_app_AMT_ANNUITY_pctchange_max,1363.5468801409006,139
2,f103_approved_AMT_ANNUITY_d_app_AMT_ANNUITY_pctchange_mean,1419.2276552319527,158
2,f103_approved_AMT_ANNUITY_d_app_AMT_ANNUITY_max_div_min,1685.9090101718903,156
2,f103_approved_AMT_ANNUITY_d_app_AMT_ANNUITY_pctchange_min,1202.8029008358717,132
2,f103_approved_AMT_ANNUITY_d_app_AMT_CREDIT_pctchange_std_div_mean,294.67981243133545,37
2,f103_approved_AMT_ANNUITY_d_app_AMT_CREDIT_max_div_min,1403.803516626358,128
2,f103_approved_AMT_ANNUITY_d_app_AMT_CREDIT_diff_min,1517.300912976265,177
2,f103_approved_AMT_ANNUITY_d_app_AMT_CREDIT_pctchange_std,422.2154419310391,55
2,f103_approved_AMT_ANNUITY_d_app_AMT_CREDIT_diff_mean,1654.3000160455704,190
2,f103_approved_AMT_ANNUITY_d_app_AMT_CREDIT_pctchange_mean,1441.168050441891,140
2,f103_approved_AMT_ANNUITY_d_app_AMT_CREDIT_pctchange_max_div_min,694.6022050976753,68
2,f103_approved_AMT_ANNUITY_d_app_AMT_CREDIT_std_div_mean,526.8232390880585,60
2,f103_approved_AMT_ANNUITY_d_app_AMT_CREDIT_diff_max,1870.0177708864212,221
2,f103_approved_AMT_ANNUITY_d_app_AMT_GOODS_PRICE_diff_std_div_mean,195.89113867282867,25
2,f103_approved_AMT_ANNUITY_d_app_AMT_CREDIT_pctchange_max,1751.1676884889603,177
2,f103_approved_AMT_ANNUITY_d_app_AMT_CREDIT_pctchange_min,1371.8571198955178,149
2,f103_approved_AMT_ANNUITY_d_app_AMT_GOODS_PRICE_pctchange_std,335.14642238616943,39
2,f103_approved_AMT_ANNUITY_d_app_AMT_GOODS_PRICE_diff_min,1447.7560864686966,166
2,f103_approved_AMT_ANNUITY_d_app_AMT_GOODS_PRICE_diff_max,1828.808847784996,193
2,f103_approved_AMT_ANNUITY_d_app_AMT_GOODS_PRICE_diff_mean,2215.4245052337646,230
2,f103_approved_AMT_ANNUITY_d_app_AMT_GOODS_PRICE_diff_max_div_min,425.7372668981552,51
3,f103_approved_AMT_ANNUITY_d_app_AMT_INCOME_TOTAL_diff_std,167.96323895454407,14
3,f103_approved_AMT_ANNUITY_d_app_AMT_GOODS_PRICE_pctchange_std_div_mean,270.9523501396179,25
3,f103_approved_AMT_ANNUITY_d_app_AMT_INCOME_TOTAL_diff_max_div_min,46.414100646972656,4
3,f103_approved_AMT_ANNUITY_d_app_AMT_GOODS_PRICE_pctchange_mean,381.950909614563,31
3,f103_approved_AMT_ANNUITY_d_app_AMT_GOODS_PRICE_std,108.07361936569214,9
3,f103_approved_AMT_ANNUITY_d_app_AMT_GOODS_PRICE_pctchange_min,340.15989112854004,29
3,f103_approved_AMT_ANNUITY_d_app_AMT_GOODS_PRICE_std_div_mean,262.5708475112915,22
3,f103_approved_AMT_ANNUITY_d_app_AMT_INCOME_TOTAL_pctchange_max_div_min,361.61193895339966,29
3,f103_approved_AMT_ANNUITY_d_app_AMT_INCOME_TOTAL_max_div_min,116.37529945373535,9
3,f103_approved_AMT_ANNUITY_d_app_AMT_INCOME_TOTAL_diff_std_div_mean,147.82054090499878,15
3,f103_approved_AMT_ANNUITY_d_app_AMT_INCOME_TOTAL_pctchange_std_div_mean,120.03880071640015,8
3,f103_approved_AMT_ANNUITY_d_app_AMT_INCOME_TOTAL_pctchange_max,282.4425699710846,24
3,f103_approved_AMT_ANNUITY_d_app_AMT_INCOME_TOTAL_diff_mean,117.27640008926392,9
3,f103_approved_AMT_ANNUITY_d_app_AMT_GOODS_PRICE_max_div_min,192.91079139709473,16
3,f103_approved_AMT_ANNUITY_d_app_AMT_GOODS_PRICE_pctchange_max_div_min,281.38961839675903,23
3,f103_approved_AMT_ANNUITY_d_app_AMT_INCOME_TOTAL_diff_min,82.42691993713379,5
3,f103_approved_AMT_ANNUITY_d_app_AMT_GOODS_PRICE_pctchange_max,364.6413688659668,30
3,f103_approved_AMT_ANNUITY_d_app_AMT_INCOME_TOTAL_diff_max,176.32028007507324,16
3,f103_approved_AMT_ANNUITY_d_app_AMT_INCOME_TOTAL_std,322.7266764640808,26
3,f103_approved_AMT_ANNUITY_d_app_AMT_INCOME_TOTAL_pctchange_std,342.6069097518921,31
3,f103_approved_AMT_ANNUITY_m_app_AMT_GOODS_PRICE_d_app_AMT_INCOME_TOTAL_diff_std,125.48865985870361,9
3,f103_approved_AMT_ANNUITY_m_app_AMT_GOODS_PRICE_d_app_AMT_INCOME_TOTAL_diff_mean,175.6417007446289,13
3,f103_approved_AMT_ANNUITY_m_app_AMT_GOODS_PRICE_d_app_AMT_INCOME_TOTAL_diff_min,165.35882902145386,14
3,f103_approved_AMT_ANNUITY_d_app_AMT_INCOME_TOTAL_pctchange_mean,356.62277698516846,28
3,f103_approved_AMT_ANNUITY_m_app_AMT_GOODS_PRICE_d_app_AMT_INCOME_TOTAL_diff_max_div_min,60.499680519104004,5
3,f103_approved_AMT_ANNUITY_d_app_AMT_INCOME_TOTAL_std_div_mean,180.78241342306137,18
3,f103_approved_AMT_ANNUITY_m_app_AMT_GOODS_PRICE_d_app_AMT_INCOME_TOTAL_diff_std_div_mean,65.21697902679443,6
3,f103_approved_AMT_ANNUITY_d_app_AMT_INCOME_TOTAL_pctchange_min,450.0490221977234,38
3,f103_approved_AMT_ANNUITY_s_app_AMT_ANNUITY_d_app_AMT_INCOME_TOTAL_diff_max,117.44343948364258,10
3,f103_approved_AMT_ANNUITY_m_app_AMT_GOODS_PRICE_d_app_AMT_INCOME_TOTAL_diff_max,160.65631198883057,14
3,f103_approved_AMT_ANNUITY_m_app_AMT_GOODS_PRICE_d_app_AMT_INCOME_TOTAL_pctchange_max_div_min,40.74870014190674,3
3,f103_approved_AMT_ANNUITY_m_app_AMT_GOODS_PRICE_d_app_AMT_INCOME_TOTAL_pctchange_mean,215.46509885787964,17
3,f103_approved_AMT_ANNUITY_m_app_AMT_GOODS_PRICE_d_app_AMT_INCOME_TOTAL_pctchange_min,212.50636959075928,17
3,f103_approved_AMT_ANNUITY_m_app_AMT_GOODS_PRICE_d_app_AMT_INCOME_TOTAL_pctchange_std,229.95437812805176,21
3,f103_approved_AMT_ANNUITY_m_app_AMT_GOODS_PRICE_d_app_AMT_INCOME_TOTAL_mean,679.9189796447754,58
3,f103_approved_AMT_ANNUITY_m_app_AMT_GOODS_PRICE_d_app_AMT_INCOME_TOTAL_pctchange_max,189.3954005241394,17
3,f103_approved_AMT_ANNUITY_m_app_AMT_GOODS_PRICE_d_app_AMT_INCOME_TOTAL_max_div_min,64.16555976867676,5
3,f103_approved_AMT_ANNUITY_m_app_AMT_GOODS_PRICE_d_app_AMT_INCOME_TOTAL_pctchange_std_div_mean,144.39951944351196,12
3,f103_approved_AMT_ANNUITY_m_app_AMT_GOODS_PRICE_d_app_AMT_INCOME_TOTAL_max,1083.8806593418121,87
3,f103_approved_AMT_ANNUITY_m_app_AMT_GOODS_PRICE_d_app_AMT_INCOME_TOTAL_std_div_mean,148.1063575744629,13
3,f103_approved_AMT_ANNUITY_s_app_AMT_ANNUITY_d_app_AMT_INCOME_TOTAL_diff_std_div_mean,17.011600494384766,1
3,f103_approved_AMT_ANNUITY_m_app_AMT_GOODS_PRICE_d_app_AMT_INCOME_TOTAL_min,757.63671875,64
3,f103_approved_AMT_ANNUITY_max_div_min,79.29317903518677,7
3,f103_approved_AMT_ANNUITY_m_app_AMT_GOODS_PRICE_d_app_AMT_INCOME_TOTAL_std,93.25457048416138,9
3,f103_approved_AMT_ANNUITY_s_app_AMT_ANNUITY_d_app_AMT_INCOME_TOTAL_diff_max_div_min,93.49267816543579,7
3,f103_approved_AMT_ANNUITY_s_app_AMT_ANNUITY_d_app_AMT_INCOME_TOTAL_diff_std,36.54095935821533,3
3,f103_approved_AMT_ANNUITY_s_app_AMT_ANNUITY_d_app_AMT_INCOME_TOTAL_max_div_min,203.30126094818115,17
3,f103_approved_AMT_ANNUITY_s_app_AMT_ANNUITY_d_app_AMT_INCOME_TOTAL_pctchange_max_div_min,251.41291999816895,22
3,f103_approved_AMT_ANNUITY_s_app_AMT_ANNUITY_d_app_AMT_INCOME_TOTAL_std,90.02687931060791,7
3,f103_approved_AMT_ANNUITY_s_app_AMT_ANNUITY_d_app_AMT_INCOME_TOTAL_pctchange_std_div_mean,338.6385917663574,30
3,f103_approved_AMT_ANNUITY_s_app_AMT_ANNUITY_d_app_AMT_INCOME_TOTAL_std_div_mean,593.2561407089233,50
3,f103_approved_AMT_ANNUITY_s_app_AMT_ANNUITY_diff_min,158.99115896224976,12
3,f103_approved_AMT_ANNUITY_s_app_AMT_ANNUITY_d_app_AMT_INCOME_TOTAL_diff_mean,95.03943800926208,9
3,f103_approved_AMT_ANNUITY_s_app_AMT_ANNUITY_diff_max_div_min,30.318321228027344,3
3,f103_approved_AMT_ANNUITY_s_app_AMT_ANNUITY_d_app_AMT_INCOME_TOTAL_pctchange_max,556.7843732833862,49
3,f103_approved_AMT_ANNUITY_s_app_AMT_ANNUITY_diff_mean,194.77278089523315,19
3,f103_approved_AMT_ANNUITY_s_app_AMT_ANNUITY_d_app_AMT_INCOME_TOTAL_diff_min,127.46973943710327,12
3,f103_approved_AMT_ANNUITY_s_app_AMT_ANNUITY_d_app_AMT_INCOME_TOTAL_pctchange_min,843.5742988586426,69
3,f103_approved_AMT_ANNUITY_s_app_AMT_ANNUITY_diff_max,143.27424907684326,11
3,f103_approved_AMT_ANNUITY_s_app_AMT_ANNUITY_d_app_AMT_INCOME_TOTAL_pctchange_mean,817.4459533691406,66
3,f103_approved_AMT_ANNUITY_s_app_AMT_ANNUITY_diff_std_div_mean,21.013999938964844,1
3,f103_approved_AMT_ANNUITY_s_app_AMT_ANNUITY_pctchange_std_div_mean,118.64024066925049,12
3,f103_approved_AMT_ANNUITY_s_app_AMT_ANNUITY_max_div_min,117.78187942504883,11
3,f103_approved_AMT_ANNUITY_s_app_AMT_ANNUITY_pctchange_mean,561.3155727386475,43
3,f103_approved_AMT_ANNUITY_s_app_AMT_ANNUITY_pctchange_max_div_min,94.98864936828613,8
3,f103_approved_AMT_ANNUITY_s_app_AMT_ANNUITY_pctchange_min,557.5007820129395,48
3,f103_approved_AMT_ANNUITY_s_app_AMT_CREDIT_d_app_AMT_INCOME_TOTAL_diff_std_div_mean,0.0,0
3,f103_approved_AMT_ANNUITY_s_app_AMT_ANNUITY_pctchange_max,710.2172622680664,61
3,f103_approved_AMT_ANNUITY_s_app_AMT_ANNUITY_std_div_mean,130.6543116569519,10
3,f103_approved_AMT_ANNUITY_s_app_AMT_ANNUITY_std,268.0927312374115,23
3,f103_approved_AMT_ANNUITY_s_app_AMT_CREDIT_d_app_AMT_INCOME_TOTAL_pctchange_std,269.6550397872925,23
3,f103_approved_AMT_ANNUITY_s_app_AMT_CREDIT_d_app_AMT_INCOME_TOTAL_diff_std,0.0,0
3,f103_approved_AMT_ANNUITY_s_app_AMT_CREDIT_d_app_AMT_INCOME_TOTAL_diff_max_div_min,28.650713726878166,4
3,f103_approved_AMT_ANNUITY_s_app_AMT_CREDIT_d_app_AMT_INCOME_TOTAL_diff_max,91.75210857391357,7
3,f103_approved_AMT_ANNUITY_s_app_AMT_CREDIT_d_app_AMT_INCOME_TOTAL_diff_mean,160.8336901664734,13
3,f103_approved_AMT_ANNUITY_s_app_AMT_CREDIT_d_app_AMT_INCOME_TOTAL_pctchange_std_div_mean,93.2973895072937,9
3,f103_approved_AMT_ANNUITY_s_app_AMT_CREDIT_d_app_AMT_INCOME_TOTAL_diff_min,163.7677001953125,11
3,f103_approved_AMT_ANNUITY_s_app_AMT_CREDIT_diff_std_div_mean,0.0,0
3,f103_approved_AMT_ANNUITY_s_app_AMT_CREDIT_d_app_AMT_INCOME_TOTAL_max_div_min,81.58902978897095,7
3,f103_approved_AMT_ANNUITY_s_app_AMT_CREDIT_d_app_AMT_INCOME_TOTAL_pctchange_mean,327.89924001693726,25
3,f103_approved_AMT_ANNUITY_s_app_AMT_CREDIT_d_app_AMT_INCOME_TOTAL_pctchange_max_div_min,87.12860059738159,9
3,f103_approved_AMT_ANNUITY_s_app_AMT_CREDIT_d_app_AMT_INCOME_TOTAL_pctchange_max,195.07478141784668,16
3,f103_approved_AMT_ANNUITY_s_app_AMT_CREDIT_d_app_AMT_INCOME_TOTAL_min,683.7694616317749,53
3,f103_approved_AMT_ANNUITY_s_app_AMT_CREDIT_d_app_AMT_INCOME_TOTAL_max,949.748292684555,77
3,f103_approved_AMT_ANNUITY_s_app_AMT_CREDIT_d_app_AMT_INCOME_TOTAL_mean,937.3960379958153,76
3,f103_approved_AMT_ANNUITY_s_app_AMT_CREDIT_d_app_AMT_INCOME_TOTAL_std_div_mean,254.38535976409912,22
3,f103_approved_AMT_ANNUITY_s_app_AMT_CREDIT_d_app_AMT_INCOME_TOTAL_std,12.936200141906738,1
3,f103_approved_AMT_ANNUITY_s_app_AMT_CREDIT_d_app_AMT_INCOME_TOTAL_pctchange_min,351.6800928115845,28
3,f103_approved_AMT_ANNUITY_s_app_AMT_CREDIT_diff_max_div_min,107.09086799621582,7
3,f103_approved_AMT_ANNUITY_s_app_AMT_CREDIT_diff_max,137.11795043945312,10
3,f103_approved_AMT_ANNUITY_s_app_AMT_CREDIT_pctchange_std_div_mean,19.732779502868652,2
3,f103_approved_AMT_ANNUITY_s_app_AMT_CREDIT_diff_min,113.69600105285645,10
3,f103_approved_AMT_ANNUITY_s_app_AMT_CREDIT_diff_mean,143.5071506500244,12
3,f103_approved_AMT_ANNUITY_s_app_AMT_CREDIT_pctchange_std,25.065810680389404,3
3,f103_approved_AMT_ANNUITY_s_app_AMT_CREDIT_max_div_min,28.528599739074707,3
3,f103_approved_AMT_ANNUITY_s_app_AMT_CREDIT_std_div_mean,47.90589952468872,5
3,f103_approved_AMT_ANNUITY_s_app_AMT_CREDIT_pctchange_max_div_min,10.920299530029297,1
3,f103_approved_AMT_ANNUITY_s_app_AMT_CREDIT_std,102.93475008010864,9
3,f103_approved_AMT_ANNUITY_s_app_AMT_CREDIT_pctchange_min,280.88262033462524,25
3,f103_approved_AMT_ANNUITY_s_app_AMT_GOODS_PRICE_diff_std_div_mean,11.531599998474121,1
3,f103_approved_AMT_ANNUITY_s_app_AMT_GOODS_PRICE_std_div_mean,23.996299743652344,2
3,f103_approved_AMT_ANNUITY_s_app_AMT_GOODS_PRICE_diff_min,166.90021896362305,15
3,f103_approved_AMT_ANNUITY_s_app_AMT_CREDIT_pctchange_mean,205.15970087051392,18
3,f103_approved_AMT_ANNUITY_s_app_AMT_CREDIT_pctchange_max,326.1382074356079,25
3,f103_approved_AMT_ANNUITY_s_app_AMT_GOODS_PRICE_diff_max,306.34699010849,26
3,f103_approved_AMT_ANNUITY_s_app_AMT_GOODS_PRICE_diff_max_div_min,88.96017789840698,8
3,f103_approved_AMT_ANNUITY_s_app_AMT_GOODS_PRICE_max_div_min,66.93220043182373,5
3,f103_approved_AMT_ANNUITY_s_app_AMT_GOODS_PRICE_pctchange_std_div_mean,113.29279947280884,9
3,f103_approved_AMT_ANNUITY_s_app_AMT_GOODS_PRICE_std,50.61694049835205,4
3,f103_approved_AMT_ANNUITY_s_app_AMT_GOODS_PRICE_pctchange_std,76.06785011291504,6
3,f103_approved_AMT_ANNUITY_s_app_AMT_GOODS_PRICE_pctchange_max,139.04027318954468,11
3,f103_approved_AMT_ANNUITY_s_app_AMT_GOODS_PRICE_diff_mean,195.0775408744812,19
3,f103_approved_AMT_ANNUITY_s_app_AMT_GOODS_PRICE_pctchange_mean,328.3920578956604,26
3,f103_approved_AMT_ANNUITY_s_app_AMT_GOODS_PRICE_pctchange_max_div_min,37.8018102645874,3
3,f103_approved_AMT_ANNUITY_s_app_AMT_INCOME_TOTAL_diff_max,244.76394033432007,22
3,f103_approved_AMT_ANNUITY_s_app_AMT_GOODS_PRICE_pctchange_min,380.20464849472046,32
3,f103_approved_AMT_ANNUITY_s_app_AMT_INCOME_TOTAL_diff_max_div_min,79.46665048599243,6
3,f103_approved_AMT_ANNUITY_s_app_AMT_INCOME_TOTAL_max_div_min,210.47263097763062,17
3,f103_approved_AMT_ANNUITY_s_app_AMT_INCOME_TOTAL_diff_min,85.13435983657837,7
3,f103_approved_AMT_ANNUITY_s_app_AMT_INCOME_TOTAL_pctchange_std_div_mean,262.913348197937,24
3,f103_approved_AMT_ANNUITY_s_app_AMT_INCOME_TOTAL_diff_std_div_mean,0.0,0
3,f103_approved_AMT_ANNUITY_s_app_AMT_INCOME_TOTAL_pctchange_max,175.56764125823975,16
3,f103_approved_AMT_ANNUITY_s_app_AMT_INCOME_TOTAL_diff_mean,158.40991115570068,14
3,f103_approved_AMT_ANNUITY_s_app_AMT_INCOME_TOTAL_pctchange_max_div_min,100.75873041152954,10
3,f103_approved_AMT_ANNUITY_s_app_AMT_INCOME_TOTAL_std,0.0,0
3,f103_approved_AMT_ANNUITY_s_app_AMT_INCOME_TOTAL_max,1381.0921897888184,115
3,f103_approved_AMT_ANNUITY_s_app_AMT_INCOME_TOTAL_min,1517.820960521698,134
3,f103_approved_AMT_ANNUITY_s_app_AMT_INCOME_TOTAL_mean,1463.602855205536,125
3,f103_approved_AMT_ANNUITY_s_app_AMT_INCOME_TOTAL_std_div_mean,203.75568199157715,18
3,f103_approved_AMT_APPLICATION_d_app_AMT_ANNUITY_diff_std_div_mean,116.3299298286438,10
3,f103_approved_AMT_ANNUITY_s_app_AMT_INCOME_TOTAL_pctchange_std,228.03689050674438,20
3,f103_approved_AMT_APPLICATION_d_app_AMT_ANNUITY_diff_max,374.63456106185913,33
3,f103_approved_AMT_ANNUITY_std,21.603819847106934,2
3,f103_approved_AMT_ANNUITY_std_div_mean,87.68555068969727,7
3,f103_approved_AMT_APPLICATION_d_app_AMT_ANNUITY_diff_std,119.2598786354065,12
3,f103_approved_AMT_APPLICATION_d_app_AMT_ANNUITY_diff_max_div_min,18.967899322509766,2
3,f103_approved_AMT_APPLICATION_d_app_AMT_ANNUITY_pctchange_std,138.8296880722046,13
3,f103_approved_AMT_ANNUITY_s_app_AMT_INCOME_TOTAL_pctchange_mean,398.92755150794983,33
3,f103_approved_AMT_APPLICATION_d_app_AMT_ANNUITY_max_div_min,39.59974002838135,3
3,f103_approved_AMT_APPLICATION_d_app_AMT_ANNUITY_pctchange_max,143.1717505455017,10
3,f103_approved_AMT_ANNUITY_s_app_AMT_INCOME_TOTAL_pctchange_min,301.86230850219727,24
3,f103_approved_AMT_APPLICATION_d_app_AMT_ANNUITY_pctchange_max_div_min,64.16897869110107,5
3,f103_approved_AMT_APPLICATION_d_app_AMT_ANNUITY_max,3572.257824420929,203
3,f103_approved_AMT_APPLICATION_d_app_AMT_ANNUITY_diff_mean,178.53643083572388,16
3,f103_approved_AMT_APPLICATION_d_app_AMT_ANNUITY_diff_min,219.4684977531433,18
3,f103_approved_AMT_APPLICATION_d_app_AMT_CREDIT_diff_std_div_mean,37.46628952026367,4
3,f103_approved_AMT_APPLICATION_d_app_AMT_ANNUITY_pctchange_std_div_mean,133.12580013275146,11
3,f103_approved_AMT_APPLICATION_d_app_AMT_ANNUITY_std_div_mean,190.69281005859375,15
3,f103_approved_AMT_APPLICATION_d_app_AMT_ANNUITY_pctchange_mean,118.65068817138672,10
3,f103_approved_AMT_APPLICATION_d_app_AMT_CREDIT_diff_min,155.9789400100708,12
3,f103_approved_AMT_APPLICATION_d_app_AMT_ANNUITY_std,289.36921072006226,27
3,f103_approved_AMT_APPLICATION_d_app_AMT_CREDIT_diff_max,325.5480604171753,26
3,f103_approved_AMT_APPLICATION_d_app_AMT_CREDIT_diff_max_div_min,26.46969985961914,2
3,f103_approved_AMT_APPLICATION_d_app_AMT_CREDIT_pctchange_max_div_min,18.834840297698975,2
3,f103_approved_AMT_APPLICATION_d_app_AMT_CREDIT_diff_std,159.47247076034546,13
3,f103_approved_AMT_APPLICATION_d_app_AMT_GOODS_PRICE_diff_std,165.50794219970703,14
3,f103_approved_AMT_APPLICATION_d_app_AMT_CREDIT_max_div_min,69.35939979553223,5
3,f103_approved_AMT_APPLICATION_d_app_AMT_CREDIT_pctchange_max,115.01083946228027,9
3,f103_approved_AMT_APPLICATION_d_app_AMT_GOODS_PRICE_diff_std_div_mean,41.950199604034424,4
3,f103_approved_AMT_APPLICATION_d_app_AMT_CREDIT_diff_mean,301.14075803756714,24
3,f103_approved_AMT_APPLICATION_d_app_AMT_CREDIT_pctchange_min,101.53115940093994,9
3,f103_approved_AMT_APPLICATION_d_app_AMT_CREDIT_pctchange_mean,87.93748950958252,7
3,f103_approved_AMT_APPLICATION_d_app_AMT_CREDIT_pctchange_std_div_mean,75.03542995452881,7
3,f103_approved_AMT_APPLICATION_d_app_AMT_ANNUITY_pctchange_min,132.83603048324585,11
3,f103_approved_AMT_APPLICATION_d_app_AMT_CREDIT_pctchange_std,53.993868827819824,5
3,f103_approved_AMT_APPLICATION_d_app_AMT_CREDIT_max,886.1597309112549,66
3,f103_approved_AMT_APPLICATION_d_app_AMT_GOODS_PRICE_diff_max_div_min,28.10809898376465,2
3,f103_approved_AMT_APPLICATION_d_app_AMT_CREDIT_std,194.9510521888733,16
3,f103_approved_AMT_APPLICATION_d_app_AMT_GOODS_PRICE_pctchange_std,26.192299842834473,2
3,f103_approved_AMT_APPLICATION_d_app_AMT_INCOME_TOTAL_diff_std_div_mean,94.28929042816162,9
3,f103_approved_AMT_APPLICATION_d_app_AMT_GOODS_PRICE_diff_max,246.6341109275818,22
3,f103_approved_AMT_APPLICATION_d_app_AMT_GOODS_PRICE_pctchange_mean,90.72230911254883,8
3,f103_approved_AMT_APPLICATION_d_app_AMT_GOODS_PRICE_diff_mean,254.17227172851562,22
3,f103_approved_AMT_APPLICATION_d_app_AMT_CREDIT_std_div_mean,92.03291034698486,8
3,f103_approved_AMT_APPLICATION_d_app_AMT_GOODS_PRICE_pctchange_std_div_mean,14.6274995803833,1
3,f103_approved_AMT_APPLICATION_d_app_AMT_GOODS_PRICE_pctchange_max,91.00299060344696,9
3,f103_approved_AMT_APPLICATION_d_app_AMT_GOODS_PRICE_diff_min,313.5351357460022,26
3,f103_approved_AMT_APPLICATION_d_app_AMT_GOODS_PRICE_min,892.3506450653076,71
3,f103_approved_AMT_APPLICATION_d_app_AMT_GOODS_PRICE_max,555.0732583999634,40
3,f103_approved_AMT_APPLICATION_d_app_AMT_GOODS_PRICE_pctchange_max_div_min,89.1954894065857,8
3,f103_approved_AMT_APPLICATION_d_app_AMT_GOODS_PRICE_max_div_min,75.57548904418945,7
3,f103_approved_AMT_APPLICATION_d_app_AMT_INCOME_TOTAL_diff_std,164.39571142196655,13
3,f103_approved_AMT_APPLICATION_d_app_AMT_GOODS_PRICE_std_div_mean,59.64239025115967,5
3,f103_approved_AMT_APPLICATION_d_app_AMT_GOODS_PRICE_std,182.6230902671814,16
3,f103_approved_AMT_APPLICATION_d_app_AMT_INCOME_TOTAL_pctchange_std,10.909799575805664,1
3,f103_approved_AMT_APPLICATION_d_app_AMT_GOODS_PRICE_pctchange_min,211.62124919891357,17
3,f103_approved_AMT_APPLICATION_d_app_AMT_INCOME_TOTAL_diff_max,151.20226097106934,13
3,f103_approved_AMT_APPLICATION_d_app_AMT_GOODS_PRICE_mean,604.6317887306213,48
3,f103_approved_AMT_APPLICATION_d_app_AMT_INCOME_TOTAL_diff_mean,109.53966808319092,9
3,f103_approved_AMT_APPLICATION_d_app_AMT_INCOME_TOTAL_diff_min,56.98159980773926,6
3,f103_approved_AMT_APPLICATION_d_app_AMT_INCOME_TOTAL_max_div_min,0.0,0
3,f103_approved_AMT_APPLICATION_d_app_AMT_INCOME_TOTAL_max,473.00959968566895,40
3,f103_approved_AMT_APPLICATION_d_app_AMT_INCOME_TOTAL_diff_max_div_min,31.702240467071533,2
3,f103_approved_AMT_APPLICATION_d_app_AMT_INCOME_TOTAL_pctchange_std_div_mean,17.298049926757812,2
3,f103_approved_AMT_APPLICATION_d_app_AMT_INCOME_TOTAL_pctchange_max_div_min,59.40847969055176,5
3,f103_approved_AMT_APPLICATION_d_app_AMT_INCOME_TOTAL_std,218.20886945724487,16
3,f103_approved_AMT_APPLICATION_m_app_AMT_GOODS_PRICE_d_app_AMT_INCOME_TOTAL_diff_std_div_mean,41.41964054107666,4
3,f103_approved_AMT_APPLICATION_d_app_AMT_INCOME_TOTAL_pctchange_min,154.6281886100769,14
3,f103_approved_AMT_APPLICATION_d_app_AMT_INCOME_TOTAL_min,1056.5109429359436,76
3,f103_approved_AMT_APPLICATION_d_app_AMT_INCOME_TOTAL_mean,513.4560289382935,42
3,f103_approved_AMT_APPLICATION_m_app_AMT_GOODS_PRICE_d_app_AMT_INCOME_TOTAL_diff_std,114.78335189819336,8
3,f103_approved_AMT_APPLICATION_d_app_AMT_INCOME_TOTAL_pctchange_max,94.60142040252686,7
3,f103_approved_AMT_APPLICATION_m_app_AMT_GOODS_PRICE_d_app_AMT_INCOME_TOTAL_diff_max_div_min,12.935199737548828,1
3,f103_approved_AMT_APPLICATION_d_app_AMT_INCOME_TOTAL_std_div_mean,0.0,0
3,f103_approved_AMT_APPLICATION_m_app_AMT_GOODS_PRICE_d_app_AMT_INCOME_TOTAL_max,640.9623613357544,50
3,f103_approved_AMT_APPLICATION_d_app_AMT_INCOME_TOTAL_pctchange_mean,115.78605079650879,10
3,f103_approved_AMT_APPLICATION_m_app_AMT_GOODS_PRICE_d_app_AMT_INCOME_TOTAL_diff_mean,185.0759506225586,13
3,f103_approved_AMT_APPLICATION_m_app_AMT_GOODS_PRICE_d_app_AMT_INCOME_TOTAL_max_div_min,224.23487949371338,16
3,f103_approved_AMT_APPLICATION_m_app_AMT_GOODS_PRICE_d_app_AMT_INCOME_TOTAL_mean,408.94139099121094,37
3,f103_approved_AMT_APPLICATION_m_app_AMT_GOODS_PRICE_d_app_AMT_INCOME_TOTAL_pctchange_min,261.04225158691406,22
3,f103_approved_AMT_APPLICATION_m_app_AMT_GOODS_PRICE_d_app_AMT_INCOME_TOTAL_std,119.31105089187622,9
3,f103_approved_AMT_APPLICATION_m_app_AMT_GOODS_PRICE_d_app_AMT_INCOME_TOTAL_pctchange_std_div_mean,165.15369939804077,14
3,f103_approved_AMT_APPLICATION_m_app_AMT_GOODS_PRICE_d_app_AMT_INCOME_TOTAL_diff_max,102.16854000091553,8
3,f103_approved_AMT_APPLICATION_m_app_AMT_GOODS_PRICE_d_app_AMT_INCOME_TOTAL_diff_min,24.15412998199463,3
3,f103_approved_AMT_APPLICATION_m_app_AMT_GOODS_PRICE_d_app_AMT_INCOME_TOTAL_pctchange_std,331.36330795288086,29
3,f103_approved_AMT_APPLICATION_m_app_AMT_GOODS_PRICE_d_app_AMT_INCOME_TOTAL_std_div_mean,238.10064029693604,19
3,f103_approved_AMT_APPLICATION_m_app_AMT_GOODS_PRICE_d_app_AMT_INCOME_TOTAL_pctchange_max,404.2004117965698,35
3,f103_approved_AMT_APPLICATION_m_app_AMT_GOODS_PRICE_d_app_AMT_INCOME_TOTAL_min,527.5705380439758,40
3,f103_approved_AMT_APPLICATION_m_app_AMT_GOODS_PRICE_d_app_AMT_INCOME_TOTAL_pctchange_max_div_min,165.2850799560547,15
3,f103_approved_AMT_APPLICATION_m_app_AMT_GOODS_PRICE_d_app_AMT_INCOME_TOTAL_pctchange_mean,294.4092507362366,27
3,f103_approved_AMT_APPLICATION_max,1344.253912448883,98
3,f103_approved_AMT_APPLICATION_s_app_AMT_ANNUITY_d_app_AMT_INCOME_TOTAL_diff_std,68.74499893188477,4
3,f103_approved_AMT_APPLICATION_s_app_AMT_ANNUITY_d_app_AMT_INCOME_TOTAL_diff_std_div_mean,24.377299308776855,2
3,f103_approved_AMT_APPLICATION_s_app_AMT_ANNUITY_d_app_AMT_INCOME_TOTAL_diff_mean,120.97197818756104,11
3,f103_approved_AMT_APPLICATION_s_app_AMT_ANNUITY_d_app_AMT_INCOME_TOTAL_diff_min,56.14175987243652,5
3,f103_approved_AMT_APPLICATION_s_app_AMT_ANNUITY_d_app_AMT_INCOME_TOTAL_diff_max_div_min,0.0,0
3,f103_approved_AMT_APPLICATION_max_div_min,27.207359313964844,3
3,f103_approved_AMT_APPLICATION_s_app_AMT_ANNUITY_d_app_AMT_INCOME_TOTAL_max,464.4777879714966,38
3,f103_approved_AMT_APPLICATION_s_app_AMT_ANNUITY_d_app_AMT_INCOME_TOTAL_max_div_min,172.60001039505005,17
3,f103_approved_AMT_APPLICATION_s_app_AMT_ANNUITY_diff_std,234.308349609375,20
3,f103_approved_AMT_APPLICATION_s_app_AMT_ANNUITY_d_app_AMT_INCOME_TOTAL_diff_max,49.9822998046875,4
3,f103_approved_AMT_APPLICATION_s_app_AMT_ANNUITY_d_app_AMT_INCOME_TOTAL_pctchange_std,155.10443210601807,14
3,f103_approved_AMT_APPLICATION_s_app_AMT_ANNUITY_d_app_AMT_INCOME_TOTAL_std_div_mean,395.7599115371704,32
3,f103_approved_AMT_APPLICATION_s_app_AMT_ANNUITY_d_app_AMT_INCOME_TOTAL_pctchange_max_div_min,88.1149206161499,7
3,f103_approved_AMT_APPLICATION_s_app_AMT_ANNUITY_d_app_AMT_INCOME_TOTAL_std,49.67399883270264,4
3,f103_approved_AMT_APPLICATION_s_app_AMT_ANNUITY_d_app_AMT_INCOME_TOTAL_pctchange_min,432.67426013946533,34
3,f103_approved_AMT_APPLICATION_s_app_AMT_ANNUITY_diff_std_div_mean,24.090399742126465,2
3,f103_approved_AMT_APPLICATION_s_app_AMT_ANNUITY_d_app_AMT_INCOME_TOTAL_pctchange_mean,613.2507033348083,49
3,f103_approved_AMT_APPLICATION_s_app_AMT_ANNUITY_d_app_AMT_INCOME_TOTAL_pctchange_max,554.8579816818237,45
3,f103_approved_AMT_APPLICATION_s_app_AMT_ANNUITY_d_app_AMT_INCOME_TOTAL_mean,618.663658618927,46
3,f103_approved_AMT_APPLICATION_s_app_AMT_ANNUITY_d_app_AMT_INCOME_TOTAL_min,1734.0491182804108,100
3,f103_approved_AMT_APPLICATION_s_app_AMT_ANNUITY_diff_max,64.08818054199219,5
3,f103_approved_AMT_APPLICATION_s_app_AMT_ANNUITY_pctchange_std,61.5165491104126,6
3,f103_approved_AMT_APPLICATION_s_app_AMT_ANNUITY_diff_mean,123.07968950271606,11
3,f103_approved_AMT_APPLICATION_s_app_AMT_ANNUITY_diff_min,93.76229047775269,7
3,f103_approved_AMT_APPLICATION_s_app_AMT_ANNUITY_max_div_min,287.8822374343872,24
3,f103_approved_AMT_APPLICATION_s_app_AMT_ANNUITY_diff_max_div_min,36.161699295043945,2
3,f103_approved_AMT_APPLICATION_s_app_AMT_ANNUITY_max,1280.0805368423462,85
3,f103_approved_AMT_APPLICATION_s_app_AMT_ANNUITY_pctchange_std_div_mean,139.5076298713684,12
3,f103_approved_AMT_APPLICATION_s_app_AMT_ANNUITY_pctchange_max,534.9571976661682,44
3,f103_approved_AMT_APPLICATION_s_app_AMT_ANNUITY_std_div_mean,84.08077144622803,6
3,f103_approved_AMT_APPLICATION_s_app_AMT_CREDIT_d_app_AMT_INCOME_TOTAL_diff_std_div_mean,9.064840316772461,1
3,f103_approved_AMT_APPLICATION_s_app_AMT_ANNUITY_std,224.27385902404785,20
3,f103_approved_AMT_APPLICATION_s_app_AMT_CREDIT_d_app_AMT_INCOME_TOTAL_diff_max_div_min,16.39259910583496,1
3,f103_approved_AMT_APPLICATION_s_app_AMT_ANNUITY_pctchange_min,498.9557981491089,39
3,f103_approved_AMT_APPLICATION_s_app_AMT_CREDIT_d_app_AMT_INCOME_TOTAL_diff_max,157.97416019439697,13
3,f103_approved_AMT_APPLICATION_s_app_AMT_ANNUITY_pctchange_mean,430.31880044937134,36
3,f103_approved_AMT_APPLICATION_s_app_AMT_ANNUITY_pctchange_max_div_min,103.94610023498535,9
3,f103_approved_AMT_APPLICATION_s_app_AMT_CREDIT_d_app_AMT_INCOME_TOTAL_diff_std,12.16919994354248,1
3,f103_approved_AMT_APPLICATION_s_app_AMT_CREDIT_d_app_AMT_INCOME_TOTAL_max_div_min,110.57238101959229,10
3,f103_approved_AMT_APPLICATION_s_app_AMT_CREDIT_d_app_AMT_INCOME_TOTAL_min,1210.2750492095947,90
3,f103_approved_AMT_APPLICATION_s_app_AMT_CREDIT_d_app_AMT_INCOME_TOTAL_mean,783.6973266601562,55
3,f103_approved_AMT_APPLICATION_s_app_AMT_CREDIT_d_app_AMT_INCOME_TOTAL_diff_mean,101.5627384185791,7
3,f103_approved_AMT_APPLICATION_s_app_AMT_CREDIT_d_app_AMT_INCOME_TOTAL_pctchange_max_div_min,65.57405996322632,8
3,f103_approved_AMT_APPLICATION_s_app_AMT_CREDIT_d_app_AMT_INCOME_TOTAL_max,1089.642273902893,77
3,f103_approved_AMT_APPLICATION_s_app_AMT_CREDIT_d_app_AMT_INCOME_TOTAL_pctchange_max,388.08142137527466,32
3,f103_approved_AMT_APPLICATION_s_app_AMT_CREDIT_d_app_AMT_INCOME_TOTAL_std,36.66287136077881,3
3,f103_approved_AMT_APPLICATION_s_app_AMT_CREDIT_d_app_AMT_INCOME_TOTAL_std_div_mean,507.15130043029785,42
3,f103_approved_AMT_APPLICATION_s_app_AMT_CREDIT_d_app_AMT_INCOME_TOTAL_diff_min,76.01140975952148,6
3,f103_approved_AMT_APPLICATION_s_app_AMT_CREDIT_d_app_AMT_INCOME_TOTAL_pctchange_std,158.3300485610962,14
3,f103_approved_AMT_APPLICATION_s_app_AMT_CREDIT_diff_mean,54.524319648742676,5
3,f103_approved_AMT_APPLICATION_s_app_AMT_CREDIT_diff_max_div_min,19.89381980895996,2
3,f103_approved_AMT_APPLICATION_s_app_AMT_CREDIT_diff_max,94.08354902267456,9
3,f103_approved_AMT_APPLICATION_s_app_AMT_CREDIT_pctchange_max_div_min,108.07885074615479,8
3,f103_approved_AMT_APPLICATION_s_app_AMT_CREDIT_diff_min,84.62814044952393,7
3,f103_approved_AMT_APPLICATION_s_app_AMT_CREDIT_d_app_AMT_INCOME_TOTAL_pctchange_min,399.58564710617065,35
3,f103_approved_AMT_APPLICATION_s_app_AMT_CREDIT_diff_std,49.6951003074646,5
3,f103_approved_AMT_APPLICATION_s_app_AMT_CREDIT_d_app_AMT_INCOME_TOTAL_pctchange_mean,269.21358013153076,23
3,f103_approved_AMT_APPLICATION_s_app_AMT_CREDIT_mean,1390.508683681488,88
3,f103_approved_AMT_APPLICATION_s_app_AMT_CREDIT_pctchange_mean,390.6050000190735,29
3,f103_approved_AMT_APPLICATION_s_app_AMT_GOODS_PRICE_diff_std,17.493359565734863,2
3,f103_approved_AMT_APPLICATION_s_app_AMT_CREDIT_diff_std_div_mean,0.0,0
3,f103_approved_AMT_APPLICATION_s_app_AMT_CREDIT_max_div_min,93.3921890258789,8
3,f103_approved_AMT_APPLICATION_s_app_AMT_CREDIT_std,41.95832920074463,4
3,f103_approved_AMT_APPLICATION_s_app_AMT_CREDIT_max,1321.648145198822,89
3,f103_approved_AMT_APPLICATION_s_app_AMT_CREDIT_pctchange_std_div_mean,184.94452285766602,15
3,f103_approved_AMT_APPLICATION_s_app_AMT_GOODS_PRICE_diff_std_div_mean,41.92726993560791,4
3,f103_approved_AMT_APPLICATION_s_app_AMT_CREDIT_pctchange_max,226.3404610157013,22
3,f103_approved_AMT_APPLICATION_s_app_AMT_CREDIT_pctchange_min,306.1954517364502,24
3,f103_approved_AMT_APPLICATION_s_app_AMT_CREDIT_min,1699.3306560516357,112
3,f103_approved_AMT_APPLICATION_s_app_AMT_GOODS_PRICE_diff_mean,136.60142946243286,12
3,f103_approved_AMT_APPLICATION_s_app_AMT_CREDIT_std_div_mean,277.4912109375,24
3,f103_approved_AMT_APPLICATION_s_app_AMT_GOODS_PRICE_diff_max_div_min,8.35984992980957,1
3,f103_approved_AMT_APPLICATION_s_app_AMT_CREDIT_pctchange_std,53.80526065826416,5
3,f103_approved_AMT_APPLICATION_s_app_AMT_GOODS_PRICE_pctchange_std,41.06931018829346,4
3,f103_approved_AMT_APPLICATION_s_app_AMT_GOODS_PRICE_diff_min,201.87385749816895,16
3,f103_approved_AMT_APPLICATION_s_app_AMT_GOODS_PRICE_diff_max,206.69683980941772,16
3,f103_approved_AMT_APPLICATION_s_app_AMT_GOODS_PRICE_pctchange_std_div_mean,114.81618118286133,10
3,f103_approved_AMT_APPLICATION_s_app_AMT_GOODS_PRICE_pctchange_max_div_min,109.39640140533447,9
3,f103_approved_AMT_APPLICATION_s_app_AMT_GOODS_PRICE_pctchange_min,270.1643500328064,23
3,f103_approved_AMT_APPLICATION_s_app_AMT_GOODS_PRICE_max,2106.35857963562,121
3,f103_approved_AMT_APPLICATION_s_app_AMT_GOODS_PRICE_max_div_min,129.8094081878662,11
3,f103_approved_AMT_APPLICATION_s_app_AMT_INCOME_TOTAL_diff_std_div_mean,0.0,0
3,f103_approved_AMT_APPLICATION_s_app_AMT_INCOME_TOTAL_diff_std,33.9293098449707,3
3,f103_approved_AMT_APPLICATION_s_app_AMT_GOODS_PRICE_mean,1073.2700881958008,74
3,f103_approved_AMT_APPLICATION_s_app_AMT_GOODS_PRICE_pctchange_mean,356.372709274292,32
3,f103_approved_AMT_APPLICATION_s_app_AMT_INCOME_TOTAL_std_div_mean,441.308789730072,37
3,f103_approved_AMT_APPLICATION_s_app_AMT_GOODS_PRICE_pctchange_max,417.0451111793518,34
3,f103_approved_AMT_APPLICATION_s_app_AMT_GOODS_PRICE_min,2622.3548622131348,139
3,f103_approved_AMT_APPLICATION_s_app_AMT_INCOME_TOTAL_diff_max_div_min,9.096599578857422,1
3,f103_approved_AMT_APPLICATION_s_app_AMT_INCOME_TOTAL_diff_min,160.62894773483276,7
3,f103_approved_AMT_APPLICATION_s_app_AMT_INCOME_TOTAL_diff_max,147.03620052337646,8
3,f103_approved_AMT_APPLICATION_s_app_AMT_INCOME_TOTAL_diff_mean,93.0600175857544,7
3,f103_approved_AMT_APPLICATION_s_app_AMT_GOODS_PRICE_std,52.17258071899414,4
3,f103_approved_AMT_APPLICATION_s_app_AMT_INCOME_TOTAL_pctchange_std_div_mean,399.18779945373535,34
3,f103_approved_AMT_APPLICATION_s_app_AMT_INCOME_TOTAL_max_div_min,453.6327929496765,36
3,f103_approved_AMT_APPLICATION_s_app_AMT_INCOME_TOTAL_pctchange_std,174.98484182357788,17
3,f103_approved_AMT_APPLICATION_s_app_AMT_INCOME_TOTAL_std,27.03670024871826,2
3,f103_approved_AMT_APPLICATION_s_app_AMT_INCOME_TOTAL_max,582.0511727333069,44
3,f103_approved_AMT_APPLICATION_std,0.0,0
3,f103_approved_AMT_APPLICATION_s_app_AMT_INCOME_TOTAL_pctchange_mean,811.4524789452553,67
3,f103_approved_AMT_APPLICATION_s_app_AMT_INCOME_TOTAL_pctchange_max,805.5988488197327,65
3,f103_approved_AMT_APPLICATION_s_app_AMT_INCOME_TOTAL_mean,740.0498399734497,57
3,f103_approved_AMT_APPLICATION_s_app_AMT_INCOME_TOTAL_pctchange_max_div_min,248.97912979125977,22
3,f103_approved_AMT_APPLICATION_s_app_AMT_INCOME_TOTAL_pctchange_min,902.5719089508057,74
3,f103_approved_AMT_APPLICATION_s_app_AMT_INCOME_TOTAL_min,871.4637112617493,65
3,f103_approved_AMT_APPLICATION_std_div_mean,23.653069972991943,2
3,f103_approved_AMT_CREDIT_d_AMT_ANNUITY_diff_std,514.1699910163879,44
3,f103_approved_AMT_CREDIT_d_AMT_ANNUITY_diff_std_div_mean,385.24024724960327,31
3,f103_approved_AMT_CREDIT_d_AMT_ANNUITY_max,3121.039095878601,215
3,f103_approved_AMT_CREDIT_d_AMT_ANNUITY_pctchange_max_div_min,346.1728982925415,31
3,f103_approved_AMT_CREDIT_d_AMT_ANNUITY_diff_max,915.6974945068359,76
3,f103_approved_AMT_CREDIT_d_AMT_ANNUITY_diff_min,787.0184125900269,67
3,f103_approved_AMT_CREDIT_d_AMT_ANNUITY_diff_mean,642.2750339508057,51
3,f103_approved_AMT_CREDIT_d_AMT_ANNUITY_max_div_min,331.53973865509033,27
3,f103_approved_AMT_CREDIT_d_AMT_ANNUITY_diff_max_div_min,392.37823963165283,34
3,f103_approved_AMT_CREDIT_d_AMT_ANNUITY_pctchange_std_div_mean,435.62863969802856,39
3,f103_approved_AMT_CREDIT_d_AMT_APPLICATION_diff_std_div_mean,423.1115016937256,38
3,f103_approved_AMT_CREDIT_d_AMT_ANNUITY_pctchange_std,382.7710328102112,34
3,f103_approved_AMT_CREDIT_d_AMT_ANNUITY_std_div_mean,742.8333692550659,60
3,f103_approved_AMT_CREDIT_d_AMT_ANNUITY_pctchange_mean,983.5892724990845,78
3,f103_approved_AMT_CREDIT_d_AMT_ANNUITY_pctchange_max,1218.3160672187805,96
3,f103_approved_AMT_CREDIT_d_AMT_ANNUITY_pctchange_min,1041.743495941162,85
3,f103_approved_AMT_CREDIT_d_AMT_APPLICATION_diff_min,1083.1223092079163,89
3,f103_approved_AMT_CREDIT_d_AMT_ANNUITY_min,3140.292921066284,232
3,f103_approved_AMT_CREDIT_d_AMT_ANNUITY_mean,2965.58247089386,218
3,f103_approved_AMT_CREDIT_d_AMT_APPLICATION_max_div_min,459.5150294303894,38
3,f103_approved_AMT_CREDIT_d_AMT_APPLICATION_diff_max_div_min,382.4031286239624,29
3,f103_approved_AMT_CREDIT_d_AMT_APPLICATION_pctchange_std,283.0298013687134,25
3,f103_approved_AMT_CREDIT_d_AMT_APPLICATION_diff_max,1674.458743572235,135
3,f103_approved_AMT_CREDIT_d_AMT_APPLICATION_std_div_mean,432.70539140701294,37
3,f103_approved_AMT_CREDIT_d_AMT_APPLICATION_diff_mean,1351.3259749412537,104
3,f103_approved_AMT_CREDIT_d_app_AMT_ANNUITY_diff_max_div_min,54.631439208984375,5
3,f103_approved_AMT_CREDIT_d_AMT_APPLICATION_pctchange_max_div_min,246.81931924819946,22
3,f103_approved_AMT_CREDIT_d_AMT_APPLICATION_pctchange_std_div_mean,272.5137300491333,22
3,f103_approved_AMT_CREDIT_d_app_AMT_ANNUITY_diff_min,392.5725121498108,29
3,f103_approved_AMT_CREDIT_d_AMT_APPLICATION_pctchange_max,993.4465038776398,81
3,f103_approved_AMT_CREDIT_d_AMT_APPLICATION_pctchange_min,735.8287439346313,58
3,f103_approved_AMT_CREDIT_d_AMT_APPLICATION_pctchange_mean,785.7838311195374,64
3,f103_approved_AMT_CREDIT_d_app_AMT_ANNUITY_diff_max,343.5877904891968,28
3,f103_approved_AMT_CREDIT_d_app_AMT_ANNUITY_pctchange_max_div_min,34.224599838256836,3
3,f103_approved_AMT_CREDIT_d_app_AMT_ANNUITY_std_div_mean,114.02493953704834,9
3,f103_approved_AMT_CREDIT_d_app_AMT_ANNUITY_diff_std,143.4053897857666,14
3,f103_approved_AMT_CREDIT_d_app_AMT_ANNUITY_max,1138.9486359357834,81
3,f103_approved_AMT_CREDIT_d_app_AMT_ANNUITY_max_div_min,73.62680101394653,6
3,f103_approved_AMT_CREDIT_d_app_AMT_ANNUITY_pctchange_max,39.709500312805176,4
3,f103_approved_AMT_CREDIT_d_app_AMT_ANNUITY_diff_mean,204.5272199511528,19
3,f103_approved_AMT_CREDIT_d_app_AMT_ANNUITY_pctchange_std_div_mean,175.42092990875244,15
3,f103_approved_AMT_CREDIT_d_app_AMT_ANNUITY_std,311.8023772239685,30
3,f103_approved_AMT_CREDIT_d_app_AMT_ANNUITY_min,1346.073115348816,90
3,f103_approved_AMT_CREDIT_d_app_AMT_ANNUITY_pctchange_std,162.99459850788116,16
3,f103_approved_AMT_CREDIT_d_app_AMT_ANNUITY_mean,1054.1335773468018,73
3,f103_approved_AMT_CREDIT_d_app_AMT_CREDIT_diff_max,114.20223045349121,10
3,f103_approved_AMT_CREDIT_d_app_AMT_CREDIT_diff_std_div_mean,253.10237050056458,21
3,f103_approved_AMT_CREDIT_d_app_AMT_CREDIT_diff_min,245.41317892074585,20
3,f103_approved_AMT_CREDIT_d_app_AMT_CREDIT_diff_max_div_min,33.555100440979004,2
3,f103_approved_AMT_CREDIT_d_app_AMT_ANNUITY_pctchange_min,161.63302946090698,14
3,f103_approved_AMT_CREDIT_d_app_AMT_CREDIT_diff_mean,287.0310010910034,21
3,f103_approved_AMT_CREDIT_d_app_AMT_CREDIT_max_div_min,9.152029991149902,1
3,f103_approved_AMT_CREDIT_d_app_AMT_ANNUITY_pctchange_mean,127.49151086807251,11
3,f103_approved_AMT_CREDIT_d_app_AMT_CREDIT_diff_std,193.05910873413086,18
3,f103_approved_AMT_CREDIT_d_app_AMT_GOODS_PRICE_diff_std,220.99912023544312,18
3,f103_approved_AMT_CREDIT_d_app_AMT_CREDIT_pctchange_min,133.12891793251038,12
3,f103_approved_AMT_CREDIT_d_app_AMT_CREDIT_min,599.849524974823,47
3,f103_approved_AMT_CREDIT_d_app_AMT_CREDIT_pctchange_max_div_min,49.36118936538696,5
3,f103_approved_AMT_CREDIT_d_app_AMT_CREDIT_max,545.6155414581299,41
3,f103_approved_AMT_CREDIT_d_app_AMT_CREDIT_std_div_mean,55.214720726013184,6
3,f103_approved_AMT_CREDIT_d_app_AMT_CREDIT_mean,781.553786277771,61
3,f103_approved_AMT_CREDIT_d_app_AMT_CREDIT_pctchange_std_div_mean,103.74898910522461,9
3,f103_approved_AMT_CREDIT_d_app_AMT_CREDIT_pctchange_max,178.19550037384033,14
3,f103_approved_AMT_CREDIT_d_app_AMT_CREDIT_pctchange_mean,169.45717811584473,13
3,f103_approved_AMT_CREDIT_d_app_AMT_GOODS_PRICE_diff_max_div_min,10.76729965209961,1
3,f103_approved_AMT_CREDIT_d_app_AMT_CREDIT_std,158.9803295135498,13
3,f103_approved_AMT_CREDIT_d_app_AMT_CREDIT_pctchange_std,80.02266883850098,7
3,f103_approved_AMT_CREDIT_d_app_AMT_GOODS_PRICE_diff_max,264.00562858581543,21
3,f103_approved_AMT_CREDIT_d_app_AMT_GOODS_PRICE_diff_min,332.3939800262451,24
3,f103_approved_AMT_CREDIT_d_app_AMT_GOODS_PRICE_diff_std_div_mean,125.10078001022339,11
3,f103_approved_AMT_CREDIT_d_app_AMT_GOODS_PRICE_pctchange_std,70.48528003692627,7
3,f103_approved_AMT_CREDIT_d_app_AMT_GOODS_PRICE_pctchange_max_div_min,65.81482982635498,6
3,f103_approved_AMT_CREDIT_d_app_AMT_GOODS_PRICE_pctchange_std_div_mean,29.51181983947754,3
3,f103_approved_AMT_CREDIT_d_app_AMT_GOODS_PRICE_max_div_min,56.854599952697754,4
3,f103_approved_AMT_CREDIT_d_app_AMT_GOODS_PRICE_pctchange_max,123.43384885787964,10
3,f103_approved_AMT_CREDIT_d_app_AMT_INCOME_TOTAL_diff_mean,77.68560028076172,7
3,f103_approved_AMT_CREDIT_d_app_AMT_GOODS_PRICE_diff_mean,258.03813076019287,20
3,f103_approved_AMT_CREDIT_d_app_AMT_GOODS_PRICE_pctchange_mean,163.01833963394165,13
3,f103_approved_AMT_CREDIT_d_app_AMT_GOODS_PRICE_pctchange_min,244.6672077178955,17
3,f103_approved_AMT_CREDIT_d_app_AMT_GOODS_PRICE_mean,751.2267141342163,57
3,f103_approved_AMT_CREDIT_d_app_AMT_GOODS_PRICE_std,203.08488988876343,16
3,f103_approved_AMT_CREDIT_d_app_AMT_GOODS_PRICE_min,850.694981098175,67
3,f103_approved_AMT_CREDIT_d_app_AMT_INCOME_TOTAL_diff_std,130.422269821167,11
3,f103_approved_AMT_CREDIT_d_app_AMT_GOODS_PRICE_std_div_mean,71.4140305519104,5
3,f103_approved_AMT_CREDIT_d_app_AMT_GOODS_PRICE_max,645.3762717247009,50
3,f103_approved_AMT_CREDIT_d_app_AMT_INCOME_TOTAL_diff_max,196.34676837921143,15
3,f103_approved_AMT_CREDIT_d_app_AMT_INCOME_TOTAL_diff_max_div_min,40.58860969543457,4
3,f103_approved_AMT_CREDIT_d_app_AMT_INCOME_TOTAL_diff_min,121.46823024749756,9
3,f103_approved_AMT_CREDIT_d_app_AMT_INCOME_TOTAL_std,158.47239017486572,14
3,f103_approved_AMT_CREDIT_d_app_AMT_INCOME_TOTAL_max_div_min,10.818400382995605,1
3,f103_approved_AMT_CREDIT_d_app_AMT_INCOME_TOTAL_diff_std_div_mean,42.62469959259033,3
3,f103_approved_AMT_CREDIT_d_app_AMT_INCOME_TOTAL_pctchange_std,10.530099868774414,1
3,f103_approved_AMT_CREDIT_d_app_AMT_INCOME_TOTAL_max,678.7230124473572,56
3,f103_approved_AMT_CREDIT_d_app_AMT_INCOME_TOTAL_pctchange_std_div_mean,14.362199783325195,1
3,f103_approved_AMT_CREDIT_d_app_AMT_INCOME_TOTAL_pctchange_mean,113.72765922546387,8
3,f103_approved_AMT_CREDIT_d_app_AMT_INCOME_TOTAL_std_div_mean,0.0,0
3,f103_approved_AMT_CREDIT_d_app_AMT_INCOME_TOTAL_pctchange_max_div_min,127.5959300994873,9
3,f103_approved_AMT_CREDIT_d_app_AMT_INCOME_TOTAL_pctchange_min,76.15991163253784,6
3,f103_approved_AMT_CREDIT_d_total_debt_diff_std_div_mean,394.0293288230896,32
3,f103_approved_AMT_CREDIT_d_app_AMT_INCOME_TOTAL_pctchange_max,105.47036933898926,9
3,f103_approved_AMT_CREDIT_d_app_AMT_INCOME_TOTAL_mean,530.8845391273499,41
3,f103_approved_AMT_CREDIT_d_app_AMT_INCOME_TOTAL_min,671.0599341392517,53
3,f103_approved_AMT_CREDIT_d_total_debt_diff_max_div_min,191.59013080596924,16
3,f103_approved_AMT_CREDIT_d_total_debt_pctchange_std_div_mean,368.97867727279663,31
3,f103_approved_AMT_CREDIT_d_total_debt_diff_mean,1370.3825612068176,101
3,f103_approved_AMT_CREDIT_d_total_debt_diff_max,1305.0650510787964,92
3,f103_approved_AMT_CREDIT_d_total_debt_pctchange_min,4751.256386995316,274
3,f103_approved_AMT_CREDIT_d_total_debt_pctchange_mean,2236.5344800949097,151
3,f103_approved_AMT_CREDIT_m_app_AMT_GOODS_PRICE_d_app_AMT_INCOME_TOTAL_diff_std_div_mean,38.153900146484375,3
3,f103_approved_AMT_CREDIT_m_app_AMT_GOODS_PRICE_d_app_AMT_INCOME_TOTAL_diff_max,146.792809009552,12
3,f103_approved_AMT_CREDIT_m_app_AMT_GOODS_PRICE_d_app_AMT_INCOME_TOTAL_diff_std,101.68380069732666,9
3,f103_approved_AMT_CREDIT_d_total_debt_pctchange_max,2729.3568019866943,191
3,f103_approved_AMT_CREDIT_d_total_debt_pctchange_max_div_min,292.67365741729736,24
3,f103_approved_AMT_CREDIT_m_app_AMT_GOODS_PRICE_d_app_AMT_INCOME_TOTAL_diff_max_div_min,51.50027084350586,4
3,f103_approved_AMT_CREDIT_m_app_AMT_GOODS_PRICE_d_app_AMT_INCOME_TOTAL_pctchange_std,248.13104963302612,23
3,f103_approved_AMT_CREDIT_m_app_AMT_GOODS_PRICE_d_app_AMT_INCOME_TOTAL_pctchange_max_div_min,118.29843997955322,9
3,f103_approved_AMT_CREDIT_m_app_AMT_GOODS_PRICE_d_app_AMT_INCOME_TOTAL_diff_min,288.578519821167,22
3,f103_approved_AMT_CREDIT_m_app_AMT_GOODS_PRICE_d_app_AMT_INCOME_TOTAL_min,638.4595937728882,47
3,f103_approved_AMT_CREDIT_m_app_AMT_GOODS_PRICE_d_app_AMT_INCOME_TOTAL_std,171.10625076293945,15
3,f103_approved_AMT_CREDIT_m_app_AMT_GOODS_PRICE_d_app_AMT_INCOME_TOTAL_mean,629.2586398124695,49
3,f103_approved_AMT_CREDIT_m_app_AMT_GOODS_PRICE_d_app_AMT_INCOME_TOTAL_pctchange_max,434.59875869750977,34
3,f103_approved_AMT_CREDIT_m_app_AMT_GOODS_PRICE_d_app_AMT_INCOME_TOTAL_max_div_min,168.20730924606323,17
3,f103_approved_AMT_CREDIT_m_app_AMT_GOODS_PRICE_d_app_AMT_INCOME_TOTAL_std_div_mean,331.6294493675232,27
3,f103_approved_AMT_CREDIT_m_app_AMT_GOODS_PRICE_d_app_AMT_INCOME_TOTAL_diff_mean,101.10854148864746,8
3,f103_approved_AMT_CREDIT_m_app_AMT_GOODS_PRICE_d_app_AMT_INCOME_TOTAL_pctchange_std_div_mean,265.4804091453552,25
3,f103_approved_AMT_CREDIT_m_app_AMT_GOODS_PRICE_d_app_AMT_INCOME_TOTAL_max,511.3526530265808,42
3,f103_approved_AMT_CREDIT_s_app_AMT_ANNUITY_d_app_AMT_INCOME_TOTAL_diff_std,20.478569984436035,2
3,f103_approved_AMT_CREDIT_max_div_min,42.51159858703613,3
3,f103_approved_AMT_CREDIT_m_app_AMT_GOODS_PRICE_d_app_AMT_INCOME_TOTAL_pctchange_mean,403.87778091430664,31
3,f103_approved_AMT_CREDIT_m_app_AMT_GOODS_PRICE_d_app_AMT_INCOME_TOTAL_pctchange_min,426.49149656295776,36
3,f103_approved_AMT_CREDIT_min,774.4294505119324,62
3,f103_approved_AMT_CREDIT_max,758.4789381027222,64
3,f103_approved_AMT_CREDIT_s_app_AMT_ANNUITY_d_app_AMT_INCOME_TOTAL_diff_mean,105.15200996398926,9
3,f103_approved_AMT_CREDIT_mean,696.5896120071411,55
3,f103_approved_AMT_CREDIT_s_app_AMT_ANNUITY_d_app_AMT_INCOME_TOTAL_diff_max_div_min,41.95178985595703,3
3,f103_approved_AMT_CREDIT_s_app_AMT_ANNUITY_d_app_AMT_INCOME_TOTAL_min,722.5065474510193,61
3,f103_approved_AMT_CREDIT_s_app_AMT_ANNUITY_d_app_AMT_INCOME_TOTAL_diff_std_div_mean,12.646900177001953,1
3,f103_approved_AMT_CREDIT_s_app_AMT_ANNUITY_d_app_AMT_INCOME_TOTAL_pctchange_std_div_mean,269.52910709381104,22
3,f103_approved_AMT_CREDIT_s_app_AMT_ANNUITY_d_app_AMT_INCOME_TOTAL_std,0.0,0
3,f103_approved_AMT_CREDIT_s_app_AMT_ANNUITY_d_app_AMT_INCOME_TOTAL_max,409.76219177246094,31
3,f103_approved_AMT_CREDIT_s_app_AMT_ANNUITY_d_app_AMT_INCOME_TOTAL_diff_max,163.42455959320068,10
3,f103_approved_AMT_CREDIT_s_app_AMT_ANNUITY_d_app_AMT_INCOME_TOTAL_pctchange_min,463.84985160827637,39
3,f103_approved_AMT_CREDIT_s_app_AMT_ANNUITY_d_app_AMT_INCOME_TOTAL_diff_min,146.0669927597046,11
3,f103_approved_AMT_CREDIT_s_app_AMT_ANNUITY_d_app_AMT_INCOME_TOTAL_max_div_min,209.29654932022095,18
3,f103_approved_AMT_CREDIT_s_app_AMT_ANNUITY_diff_max_div_min,56.57618999481201,5
3,f103_approved_AMT_CREDIT_s_app_AMT_ANNUITY_d_app_AMT_INCOME_TOTAL_mean,444.781099319458,35
3,f103_approved_AMT_CREDIT_s_app_AMT_ANNUITY_d_app_AMT_INCOME_TOTAL_pctchange_max_div_min,165.54566955566406,13
3,f103_approved_AMT_CREDIT_s_app_AMT_ANNUITY_d_app_AMT_INCOME_TOTAL_pctchange_max,552.893726348877,46
3,f103_approved_AMT_CREDIT_s_app_AMT_ANNUITY_diff_max,128.3494987487793,11
3,f103_approved_AMT_CREDIT_s_app_AMT_ANNUITY_d_app_AMT_INCOME_TOTAL_pctchange_mean,578.073000907898,41
3,f103_approved_AMT_CREDIT_s_app_AMT_ANNUITY_diff_std,217.93897914886475,18
3,f103_approved_AMT_CREDIT_s_app_AMT_ANNUITY_diff_mean,115.339111328125,10
3,f103_approved_AMT_CREDIT_s_app_AMT_ANNUITY_min,958.740807056427,72
3,f103_approved_AMT_CREDIT_s_app_AMT_ANNUITY_max_div_min,113.65721035003662,10
3,f103_approved_AMT_CREDIT_s_app_AMT_ANNUITY_pctchange_max_div_min,150.83710050582886,12
3,f103_approved_AMT_CREDIT_s_app_AMT_ANNUITY_pctchange_max,515.8960475921631,40
3,f103_approved_AMT_CREDIT_s_app_AMT_ANNUITY_pctchange_std_div_mean,160.7439684867859,13
3,f103_approved_AMT_CREDIT_s_app_AMT_ANNUITY_max,485.6946792602539,35
3,f103_approved_AMT_CREDIT_s_app_AMT_ANNUITY_std,141.56065893173218,10
3,f103_approved_AMT_CREDIT_s_app_AMT_ANNUITY_mean,419.4055404663086,36
3,f103_approved_AMT_CREDIT_s_app_AMT_ANNUITY_diff_min,266.3777365684509,18
3,f103_approved_AMT_CREDIT_s_app_AMT_CREDIT_d_app_AMT_INCOME_TOTAL_diff_min,57.06381940841675,6
3,f103_approved_AMT_CREDIT_s_app_AMT_ANNUITY_pctchange_mean,334.6420569419861,29
3,f103_approved_AMT_CREDIT_s_app_AMT_CREDIT_d_app_AMT_INCOME_TOTAL_diff_std_div_mean,0.0,0
3,f103_approved_AMT_CREDIT_s_app_AMT_CREDIT_d_app_AMT_INCOME_TOTAL_diff_std,9.611510276794434,1
3,f103_approved_AMT_CREDIT_s_app_AMT_CREDIT_d_app_AMT_INCOME_TOTAL_pctchange_std,269.0980405807495,22
3,f103_approved_AMT_CREDIT_s_app_AMT_CREDIT_d_app_AMT_INCOME_TOTAL_pctchange_min,399.70272064208984,35
3,f103_approved_AMT_CREDIT_s_app_AMT_CREDIT_d_app_AMT_INCOME_TOTAL_diff_max,105.72643852233887,8
3,f103_approved_AMT_CREDIT_s_app_AMT_CREDIT_d_app_AMT_INCOME_TOTAL_pctchange_max_div_min,64.40347003936768,6
3,f103_approved_AMT_CREDIT_s_app_AMT_CREDIT_d_app_AMT_INCOME_TOTAL_diff_mean,131.42026138305664,11
3,f103_approved_AMT_CREDIT_s_app_AMT_CREDIT_d_app_AMT_INCOME_TOTAL_diff_max_div_min,24.78820037841797,2
3,f103_approved_AMT_CREDIT_s_app_AMT_ANNUITY_pctchange_min,451.103711605072,41
3,f103_approved_AMT_CREDIT_s_app_AMT_CREDIT_d_app_AMT_INCOME_TOTAL_pctchange_mean,432.67748069763184,35
3,f103_approved_AMT_CREDIT_s_app_AMT_CREDIT_d_app_AMT_INCOME_TOTAL_pctchange_max,309.40123081207275,24
3,f103_approved_AMT_CREDIT_s_app_AMT_CREDIT_d_app_AMT_INCOME_TOTAL_min,449.61631059646606,36
3,f103_approved_AMT_CREDIT_s_app_AMT_CREDIT_d_app_AMT_INCOME_TOTAL_mean,443.6178607940674,34
3,f103_approved_AMT_CREDIT_s_app_AMT_CREDIT_d_app_AMT_INCOME_TOTAL_pctchange_std_div_mean,279.73379039764404,23
3,f103_approved_AMT_CREDIT_s_app_AMT_CREDIT_d_app_AMT_INCOME_TOTAL_std_div_mean,378.3986210823059,30
3,f103_approved_AMT_CREDIT_s_app_AMT_CREDIT_d_app_AMT_INCOME_TOTAL_std,0.0,0
3,f103_approved_AMT_CREDIT_s_app_AMT_CREDIT_diff_std,116.93868827819824,10
3,f103_approved_AMT_CREDIT_s_app_AMT_CREDIT_d_app_AMT_INCOME_TOTAL_max_div_min,115.49198007583618,11
3,f103_approved_AMT_CREDIT_s_app_AMT_CREDIT_d_app_AMT_INCOME_TOTAL_max,673.727334022522,51
3,f103_approved_AMT_CREDIT_s_app_AMT_CREDIT_pctchange_std,77.4432201385498,6
3,f103_approved_AMT_CREDIT_s_app_AMT_CREDIT_diff_mean,138.55224013328552,11
3,f103_approved_AMT_CREDIT_s_app_AMT_CREDIT_diff_max_div_min,23.744500160217285,2
3,f103_approved_AMT_CREDIT_s_app_AMT_CREDIT_diff_max,147.740008354187,12
3,f103_approved_AMT_CREDIT_s_app_AMT_CREDIT_pctchange_std_div_mean,27.09096050262451,3
3,f103_approved_AMT_CREDIT_s_app_AMT_GOODS_PRICE_diff_std,120.19261932373047,12
3,f103_approved_AMT_CREDIT_s_app_AMT_CREDIT_diff_min,94.7816514968872,7
3,f103_approved_AMT_CREDIT_s_app_AMT_CREDIT_pctchange_max,349.4756784439087,28
3,f103_approved_AMT_CREDIT_s_app_AMT_CREDIT_max,989.7133778333664,71
3,f103_approved_AMT_CREDIT_s_app_AMT_CREDIT_pctchange_mean,381.8877491950989,31
3,f103_approved_AMT_CREDIT_s_app_AMT_CREDIT_min,1074.8528604507446,82
3,f103_approved_AMT_CREDIT_s_app_AMT_CREDIT_pctchange_max_div_min,103.3725004196167,8
3,f103_approved_AMT_CREDIT_s_app_AMT_CREDIT_pctchange_min,356.101459980011,28
3,f103_approved_AMT_CREDIT_s_app_AMT_CREDIT_mean,768.8483939170837,56
3,f103_approved_AMT_CREDIT_s_app_AMT_CREDIT_max_div_min,71.36512088775635,6
3,f103_approved_AMT_CREDIT_s_app_AMT_CREDIT_std_div_mean,47.670830726623535,4
3,f103_approved_AMT_CREDIT_s_app_AMT_GOODS_PRICE_pctchange_std_div_mean,129.7430591583252,11
3,f103_approved_AMT_CREDIT_s_app_AMT_CREDIT_std,62.24309968948364,5
3,f103_approved_AMT_CREDIT_s_app_AMT_GOODS_PRICE_diff_min,236.1920895576477,17
3,f103_approved_AMT_CREDIT_s_app_AMT_GOODS_PRICE_diff_mean,125.5680513381958,11
3,f103_approved_AMT_CREDIT_s_app_AMT_GOODS_PRICE_diff_max_div_min,73.57048988342285,5
3,f103_approved_AMT_CREDIT_s_app_AMT_GOODS_PRICE_max_div_min,135.36023998260498,11
3,f103_approved_AMT_CREDIT_s_app_AMT_GOODS_PRICE_diff_max,179.41720962524414,15
3,f103_approved_AMT_CREDIT_s_app_AMT_GOODS_PRICE_pctchange_std,142.84622049331665,12
3,f103_approved_AMT_CREDIT_s_app_AMT_GOODS_PRICE_std_div_mean,88.0185809135437,7
3,f103_approved_AMT_CREDIT_s_app_AMT_GOODS_PRICE_std,44.1135196685791,4
3,f103_approved_AMT_CREDIT_s_app_AMT_GOODS_PRICE_max,2492.3608995079994,150
3,f103_approved_AMT_CREDIT_s_app_AMT_GOODS_PRICE_pctchange_mean,359.9979557991028,30
3,f103_approved_AMT_CREDIT_s_app_AMT_GOODS_PRICE_pctchange_max,461.25888109207153,37
3,f103_approved_AMT_CREDIT_s_app_AMT_GOODS_PRICE_pctchange_max_div_min,76.71982908248901,7
3,f103_approved_AMT_CREDIT_s_app_AMT_INCOME_TOTAL_diff_std,7.476399898529053,1
3,f103_approved_AMT_CREDIT_s_app_AMT_GOODS_PRICE_mean,1539.2512998580933,98
3,f103_approved_AMT_CREDIT_s_app_AMT_GOODS_PRICE_pctchange_min,300.4874892234802,27
3,f103_approved_AMT_CREDIT_s_app_AMT_INCOME_TOTAL_diff_max_div_min,22.65707015991211,2
3,f103_approved_AMT_CREDIT_s_app_AMT_GOODS_PRICE_min,2238.5146684646606,127
3,f103_approved_AMT_CREDIT_s_app_AMT_INCOME_TOTAL_diff_max,63.13036918640137,6
3,f103_approved_AMT_CREDIT_s_app_AMT_INCOME_TOTAL_max,562.0853099822998,43
3,f103_approved_AMT_CREDIT_s_app_AMT_INCOME_TOTAL_diff_min,120.92892169952393,11
3,f103_approved_AMT_CREDIT_s_app_AMT_INCOME_TOTAL_max_div_min,260.1945013999939,23
3,f103_approved_AMT_CREDIT_std,0.0,0
3,f103_approved_AMT_CREDIT_s_app_AMT_INCOME_TOTAL_std,0.0,0
3,f103_approved_AMT_CREDIT_s_app_AMT_INCOME_TOTAL_diff_mean,130.84056854248047,11
3,f103_approved_AMT_CREDIT_std_div_mean,0.0,0
3,f103_approved_AMT_CREDIT_s_app_AMT_INCOME_TOTAL_min,849.3509135246277,68
3,f103_approved_AMT_DOWN_PAYMENT_d_AMT_GOODS_PRICE_max_div_min,44.98381042480469,5
3,f103_approved_AMT_CREDIT_s_app_AMT_INCOME_TOTAL_mean,631.0392661094666,52
3,f103_approved_AMT_CREDIT_s_app_AMT_INCOME_TOTAL_pctchange_std_div_mean,441.58417081832886,38
3,f103_approved_AMT_CREDIT_s_app_AMT_INCOME_TOTAL_pctchange_std,545.4767689704895,45
3,f103_approved_AMT_CREDIT_s_app_AMT_INCOME_TOTAL_std_div_mean,420.60666275024414,35
3,f103_approved_AMT_CREDIT_s_app_AMT_INCOME_TOTAL_pctchange_max_div_min,178.6433401107788,15
3,f103_approved_AMT_CREDIT_s_app_AMT_INCOME_TOTAL_pctchange_min,1174.199776649475,91
3,f103_approved_AMT_DOWN_PAYMENT_d_AMT_GOODS_PRICE_std_div_mean,111.79939079284668,10
3,f103_approved_AMT_DOWN_PAYMENT_d_AMT_GOODS_PRICE_diff_max_div_min,84.90966033935547,7
3,f103_approved_AMT_CREDIT_s_app_AMT_INCOME_TOTAL_pctchange_mean,866.2057919502258,68
3,f103_approved_AMT_CREDIT_s_app_AMT_INCOME_TOTAL_pctchange_max,840.7918086051941,73
3,f103_approved_AMT_DOWN_PAYMENT_d_AMT_GOODS_PRICE_mean,437.4489674568176,34
3,f103_approved_AMT_DOWN_PAYMENT_d_AMT_GOODS_PRICE_min,174.87789011001587,16
3,f103_approved_AMT_DOWN_PAYMENT_d_AMT_GOODS_PRICE_max,666.9910273551941,52
3,f103_approved_AMT_DOWN_PAYMENT_d_AMT_GOODS_PRICE_diff_max,420.83324003219604,36
3,f103_approved_AMT_DOWN_PAYMENT_d_AMT_GOODS_PRICE_diff_min,595.1311893463135,52
3,f103_approved_AMT_DOWN_PAYMENT_d_AMT_GOODS_PRICE_diff_mean,526.0375332832336,44
3,f103_approved_AMT_DOWN_PAYMENT_d_AMT_GOODS_PRICE_pctchange_std,54.8428897857666,5
3,f103_approved_AMT_DOWN_PAYMENT_d_AMT_GOODS_PRICE_pctchange_std_div_mean,65.50954914093018,6
3,f103_approved_AMT_DOWN_PAYMENT_d_AMT_GOODS_PRICE_pctchange_mean,132.1461000442505,14
3,f103_approved_AMT_DOWN_PAYMENT_max_div_min,64.65779876708984,4
3,f103_approved_AMT_DOWN_PAYMENT_max,405.3760476112366,31
3,f103_approved_AMT_DOWN_PAYMENT_d_AMT_GOODS_PRICE_pctchange_max,103.94759941101074,10
3,f103_approved_AMT_DOWN_PAYMENT_std_div_mean,198.9215602874756,17
3,f103_approved_AMT_DOWN_PAYMENT_d_AMT_GOODS_PRICE_pctchange_min,123.66663074493408,10
3,f103_approved_AMT_DOWN_PAYMENT_d_AMT_GOODS_PRICE_pctchange_max_div_min,0.0,0
3,f103_approved_AMT_GOODS_PRICE_d_AMT_ANNUITY_diff_std,211.56910972297192,17
3,f103_approved_AMT_DOWN_PAYMENT_d_AMT_GOODS_PRICE_std,320.57832860946655,28
3,f103_approved_AMT_DOWN_PAYMENT_std,137.78640127182007,12
3,f103_approved_AMT_GOODS_PRICE_d_AMT_ANNUITY_diff_max_div_min,201.59598112106323,18
3,f103_approved_AMT_GOODS_PRICE_d_AMT_ANNUITY_diff_max,847.8554735183716,70
3,f103_approved_AMT_GOODS_PRICE_d_AMT_ANNUITY_diff_std_div_mean,469.10825061798096,40
3,f103_approved_AMT_GOODS_PRICE_d_AMT_ANNUITY_diff_min,774.4238929748535,63
3,f103_approved_AMT_GOODS_PRICE_d_AMT_ANNUITY_diff_mean,792.989405632019,65
3,f103_approved_AMT_GOODS_PRICE_d_AMT_CREDIT_diff_std,165.58795881271362,15
3,f103_approved_AMT_DOWN_PAYMENT_min,285.435179233551,28
3,f103_approved_AMT_DOWN_PAYMENT_mean,268.616108417511,21
3,f103_approved_AMT_GOODS_PRICE_d_AMT_ANNUITY_pctchange_std_div_mean,469.96911096572876,39
3,f103_approved_AMT_GOODS_PRICE_d_AMT_ANNUITY_pctchange_std,375.1238989830017,33
3,f103_approved_AMT_GOODS_PRICE_d_AMT_ANNUITY_pctchange_max_div_min,156.22343063354492,14
3,f103_approved_AMT_GOODS_PRICE_d_AMT_ANNUITY_pctchange_min,846.9142198562622,72
3,f103_approved_AMT_GOODS_PRICE_d_AMT_ANNUITY_min,3358.4639682769775,249
3,f103_approved_AMT_GOODS_PRICE_d_AMT_ANNUITY_pctchange_max,652.3380725383759,59
3,f103_approved_AMT_GOODS_PRICE_d_AMT_ANNUITY_pctchange_mean,801.5973196029663,69
3,f103_approved_AMT_GOODS_PRICE_d_AMT_ANNUITY_max,2731.0592432022095,209
3,f103_approved_AMT_GOODS_PRICE_d_AMT_ANNUITY_mean,2378.350512981415,177
3,f103_approved_AMT_GOODS_PRICE_d_AMT_ANNUITY_max_div_min,391.61946868896484,34
4,f103_approved_AMT_GOODS_PRICE_d_AMT_CREDIT_pctchange_std,134.48883056640625,11
4,f103_approved_AMT_GOODS_PRICE_d_app_AMT_ANNUITY_diff_std_div_mean,109.35190010070801,8
4,f103_approved_AMT_GOODS_PRICE_d_AMT_CREDIT_pctchange_std_div_mean,113.7656192779541,9
4,f103_approved_AMT_GOODS_PRICE_d_AMT_CREDIT_std_div_mean,150.55451154708862,12
4,f103_approved_AMT_GOODS_PRICE_d_AMT_CREDIT_diff_std_div_mean,244.14251899719238,18
4,f103_approved_AMT_GOODS_PRICE_d_AMT_CREDIT_pctchange_max_div_min,130.51079845428467,9
4,f103_approved_AMT_GOODS_PRICE_d_AMT_CREDIT_diff_max_div_min,42.66348075866699,4
4,f103_approved_AMT_GOODS_PRICE_d_AMT_CREDIT_diff_min,396.79406929016113,30
4,f103_approved_AMT_GOODS_PRICE_d_AMT_CREDIT_max_div_min,64.26550102233887,5
4,f103_approved_AMT_GOODS_PRICE_d_AMT_CREDIT_diff_mean,424.35186100006104,31
4,f103_approved_AMT_GOODS_PRICE_d_AMT_CREDIT_diff_max,622.0597009658813,42
4,f103_approved_AMT_GOODS_PRICE_d_AMT_CREDIT_pctchange_min,720.8174781799316,53
4,f103_approved_AMT_GOODS_PRICE_d_AMT_CREDIT_std,134.24889850616455,10
4,f103_approved_AMT_GOODS_PRICE_d_app_AMT_ANNUITY_diff_std,84.42623043060303,7
4,f103_approved_AMT_GOODS_PRICE_d_AMT_CREDIT_pctchange_max,630.3039474487305,41
4,f103_approved_AMT_GOODS_PRICE_d_app_AMT_ANNUITY_diff_max_div_min,11.36299991607666,1
4,f103_approved_AMT_GOODS_PRICE_d_app_AMT_ANNUITY_diff_min,176.42080211639404,11
4,f103_approved_AMT_GOODS_PRICE_d_app_AMT_ANNUITY_diff_mean,213.8363494873047,15
4,f103_approved_AMT_GOODS_PRICE_d_app_AMT_ANNUITY_diff_max,405.6344404220581,24
4,f103_approved_AMT_GOODS_PRICE_d_AMT_CREDIT_pctchange_mean,526.8237018585205,37
4,f103_approved_AMT_GOODS_PRICE_d_app_AMT_ANNUITY_pctchange_mean,120.65810108184814,8
4,f103_approved_AMT_GOODS_PRICE_d_app_AMT_ANNUITY_max,3715.949999809265,191
4,f103_approved_AMT_GOODS_PRICE_d_app_AMT_ANNUITY_max_div_min,14.829299926757812,1
4,f103_approved_AMT_GOODS_PRICE_d_app_AMT_ANNUITY_pctchange_std,72.80039882659912,6
4,f103_approved_AMT_GOODS_PRICE_d_app_AMT_ANNUITY_pctchange_std_div_mean,58.50720024108887,4
4,f103_approved_AMT_GOODS_PRICE_d_app_AMT_CREDIT_diff_std,53.51542091369629,4
4,f103_approved_AMT_GOODS_PRICE_d_app_AMT_ANNUITY_std,115.01140928268433,9
4,f103_approved_AMT_GOODS_PRICE_d_app_AMT_CREDIT_diff_max_div_min,13.405699729919434,1
4,f103_approved_AMT_GOODS_PRICE_d_app_AMT_ANNUITY_std_div_mean,140.14439868927002,9
4,f103_approved_AMT_GOODS_PRICE_d_app_AMT_ANNUITY_pctchange_max_div_min,38.9443998336792,3
4,f103_approved_AMT_GOODS_PRICE_d_app_AMT_CREDIT_diff_std_div_mean,37.752400398254395,3
4,f103_approved_AMT_GOODS_PRICE_d_app_AMT_ANNUITY_pctchange_max,72.78065013885498,6
4,f103_approved_AMT_GOODS_PRICE_d_app_AMT_CREDIT_pctchange_max,72.47590160369873,5
4,f103_approved_AMT_GOODS_PRICE_d_app_AMT_CREDIT_diff_max,265.19456672668457,19
4,f103_approved_AMT_GOODS_PRICE_d_app_AMT_CREDIT_diff_mean,84.68220043182373,6
4,f103_approved_AMT_GOODS_PRICE_d_app_AMT_ANNUITY_pctchange_min,37.179901123046875,2
4,f103_approved_AMT_GOODS_PRICE_d_app_AMT_CREDIT_pctchange_std,10.75,1
4,f103_approved_AMT_GOODS_PRICE_d_app_AMT_CREDIT_pctchange_max_div_min,37.58222961425781,3
4,f103_approved_AMT_GOODS_PRICE_d_app_AMT_CREDIT_pctchange_std_div_mean,14.577699661254883,1
4,f103_approved_AMT_GOODS_PRICE_d_app_AMT_CREDIT_diff_min,177.4071979522705,9
4,f103_approved_AMT_GOODS_PRICE_d_app_AMT_CREDIT_max_div_min,50.96904945373535,3
4,f103_approved_AMT_GOODS_PRICE_d_app_AMT_CREDIT_max,1075.9895315170288,65
4,f103_approved_AMT_GOODS_PRICE_d_app_AMT_CREDIT_std_div_mean,12.303299903869629,1
4,f103_approved_AMT_GOODS_PRICE_d_app_AMT_GOODS_PRICE_diff_std,68.14209842681885,4
4,f103_approved_AMT_GOODS_PRICE_d_app_AMT_GOODS_PRICE_diff_max_div_min,55.56099987030029,3
4,f103_approved_AMT_GOODS_PRICE_d_app_AMT_CREDIT_std,173.29739952087402,10
4,f103_approved_AMT_GOODS_PRICE_d_app_AMT_CREDIT_pctchange_min,178.21158981323242,12
4,f103_approved_AMT_GOODS_PRICE_d_app_AMT_GOODS_PRICE_diff_max,205.2725019454956,13
4,f103_approved_AMT_GOODS_PRICE_d_app_AMT_GOODS_PRICE_diff_min,206.11207962036133,14
4,f103_approved_AMT_GOODS_PRICE_d_app_AMT_CREDIT_pctchange_mean,130.72109985351562,9
4,f103_approved_AMT_GOODS_PRICE_d_app_AMT_GOODS_PRICE_diff_std_div_mean,17.391000747680664,1
4,f103_approved_AMT_GOODS_PRICE_d_app_AMT_GOODS_PRICE_diff_mean,286.02902126312256,19
4,f103_approved_AMT_GOODS_PRICE_d_app_AMT_GOODS_PRICE_pctchange_min,166.18033981323242,12
4,f103_approved_AMT_GOODS_PRICE_d_app_AMT_GOODS_PRICE_pctchange_std_div_mean,12.590700149536133,1
4,f103_approved_AMT_GOODS_PRICE_d_app_AMT_GOODS_PRICE_min,692.8490495681763,50
4,f103_approved_AMT_GOODS_PRICE_d_app_AMT_GOODS_PRICE_pctchange_mean,77.32602024078369,6
4,f103_approved_AMT_GOODS_PRICE_d_app_AMT_GOODS_PRICE_max_div_min,59.4920015335083,3
4,f103_approved_AMT_GOODS_PRICE_d_app_AMT_GOODS_PRICE_pctchange_max,76.23993110656738,6
4,f103_approved_AMT_GOODS_PRICE_d_app_AMT_GOODS_PRICE_max,689.2101516723633,46
4,f103_approved_AMT_GOODS_PRICE_d_app_AMT_GOODS_PRICE_pctchange_max_div_min,29.028799057006836,2
4,f103_approved_AMT_GOODS_PRICE_d_app_AMT_GOODS_PRICE_pctchange_std,33.648600578308105,2
4,f103_approved_AMT_GOODS_PRICE_d_app_AMT_GOODS_PRICE_mean,528.0292100906372,37
4,f103_approved_AMT_GOODS_PRICE_d_app_AMT_INCOME_TOTAL_diff_std_div_mean,13.381699562072754,1
4,f103_approved_AMT_GOODS_PRICE_d_app_AMT_GOODS_PRICE_std_div_mean,0.0,0
4,f103_approved_AMT_GOODS_PRICE_d_app_AMT_GOODS_PRICE_std,121.28180027008057,8
4,f103_approved_AMT_GOODS_PRICE_d_app_AMT_INCOME_TOTAL_diff_std,48.200961112976074,4
4,f103_approved_AMT_GOODS_PRICE_d_app_AMT_INCOME_TOTAL_pctchange_std_div_mean,25.27790069580078,1
4,f103_approved_AMT_GOODS_PRICE_d_app_AMT_INCOME_TOTAL_diff_max,173.05242156982422,12
4,f103_approved_AMT_GOODS_PRICE_d_app_AMT_INCOME_TOTAL_diff_mean,88.0108003616333,5
4,f103_approved_AMT_GOODS_PRICE_d_app_AMT_INCOME_TOTAL_diff_max_div_min,11.67240047454834,1
4,f103_approved_AMT_GOODS_PRICE_d_app_AMT_INCOME_TOTAL_pctchange_std,18.28689956665039,1
4,f103_approved_AMT_GOODS_PRICE_d_app_AMT_INCOME_TOTAL_diff_min,147.92741107940674,10
4,f103_approved_AMT_GOODS_PRICE_d_app_AMT_INCOME_TOTAL_pctchange_max_div_min,61.328800201416016,5
4,f103_approved_AMT_GOODS_PRICE_d_app_AMT_INCOME_TOTAL_pctchange_min,68.49019050598145,5
4,f103_approved_AMT_GOODS_PRICE_d_app_AMT_INCOME_TOTAL_mean,524.2820663452148,38
4,f103_approved_AMT_GOODS_PRICE_d_app_AMT_INCOME_TOTAL_max,837.2465682029724,59
4,f103_approved_AMT_GOODS_PRICE_d_app_AMT_INCOME_TOTAL_pctchange_max,91.47126007080078,7
4,f103_approved_AMT_GOODS_PRICE_d_app_AMT_INCOME_TOTAL_pctchange_mean,138.04748058319092,11
4,f103_approved_AMT_GOODS_PRICE_d_total_debt_diff_std_div_mean,148.35951042175293,11
4,f103_approved_AMT_GOODS_PRICE_d_app_AMT_INCOME_TOTAL_max_div_min,16.272199630737305,1
4,f103_approved_AMT_GOODS_PRICE_d_app_AMT_INCOME_TOTAL_std_div_mean,11.216699600219727,1
4,f103_approved_AMT_GOODS_PRICE_d_app_AMT_INCOME_TOTAL_min,874.6235504150391,56
4,f103_approved_AMT_GOODS_PRICE_d_total_debt_pctchange_std_div_mean,148.6298484802246,13
4,f103_approved_AMT_GOODS_PRICE_d_app_AMT_INCOME_TOTAL_std,67.28339958190918,5
4,f103_approved_AMT_GOODS_PRICE_d_total_debt_diff_max,912.5954074859619,64
4,f103_approved_AMT_GOODS_PRICE_d_total_debt_diff_min,487.5041217803955,33
4,f103_approved_AMT_GOODS_PRICE_d_total_debt_diff_max_div_min,173.63210105895996,12
4,f103_approved_AMT_GOODS_PRICE_d_total_debt_diff_mean,515.9291491508484,36
4,f103_approved_AMT_GOODS_PRICE_d_total_debt_max_div_min,427.0592517852783,31
4,f103_approved_AMT_GOODS_PRICE_m_app_AMT_GOODS_PRICE_d_app_AMT_INCOME_TOTAL_diff_std_div_mean,33.14431095123291,3
4,f103_approved_AMT_GOODS_PRICE_d_total_debt_pctchange_max,1824.6992673873901,105
4,f103_approved_AMT_GOODS_PRICE_d_total_debt_pctchange_mean,774.832127571106,49
4,f103_approved_AMT_GOODS_PRICE_d_total_debt_pctchange_max_div_min,199.7611026763916,14
4,f103_approved_AMT_GOODS_PRICE_d_total_debt_pctchange_min,1267.9492149353027,72
4,f103_approved_AMT_GOODS_PRICE_m_app_AMT_GOODS_PRICE_d_app_AMT_INCOME_TOTAL_diff_std,30.7076997756958,2
4,f103_approved_AMT_GOODS_PRICE_m_app_AMT_GOODS_PRICE_d_app_AMT_INCOME_TOTAL_diff_mean,182.10450267791748,13
4,f103_approved_AMT_GOODS_PRICE_m_app_AMT_GOODS_PRICE_d_app_AMT_INCOME_TOTAL_diff_max_div_min,0.0,0
4,f103_approved_AMT_GOODS_PRICE_m_app_AMT_GOODS_PRICE_d_app_AMT_INCOME_TOTAL_pctchange_std_div_mean,98.53925037384033,9
4,f103_approved_AMT_GOODS_PRICE_m_app_AMT_GOODS_PRICE_d_app_AMT_INCOME_TOTAL_min,711.5788612365723,47
4,f103_approved_AMT_GOODS_PRICE_m_app_AMT_GOODS_PRICE_d_app_AMT_INCOME_TOTAL_diff_max,153.49290084838867,11
4,f103_approved_AMT_GOODS_PRICE_m_app_AMT_GOODS_PRICE_d_app_AMT_INCOME_TOTAL_max,526.529369354248,35
4,f103_approved_AMT_GOODS_PRICE_m_app_AMT_GOODS_PRICE_d_app_AMT_INCOME_TOTAL_max_div_min,104.08864212036133,7
4,f103_approved_AMT_GOODS_PRICE_m_app_AMT_GOODS_PRICE_d_app_AMT_INCOME_TOTAL_std,77.53840065002441,6
4,f103_approved_AMT_GOODS_PRICE_m_app_AMT_GOODS_PRICE_d_app_AMT_INCOME_TOTAL_diff_min,146.79020881652832,11
4,f103_approved_AMT_GOODS_PRICE_m_app_AMT_GOODS_PRICE_d_app_AMT_INCOME_TOTAL_std_div_mean,215.26693058013916,16
4,f103_approved_AMT_GOODS_PRICE_m_app_AMT_GOODS_PRICE_d_app_AMT_INCOME_TOTAL_pctchange_std,104.86672019958496,8
4,f103_approved_AMT_GOODS_PRICE_m_app_AMT_GOODS_PRICE_d_app_AMT_INCOME_TOTAL_mean,621.3878765106201,41
4,f103_approved_AMT_GOODS_PRICE_m_app_AMT_GOODS_PRICE_d_app_AMT_INCOME_TOTAL_pctchange_max_div_min,50.31260013580322,4
4,f103_approved_AMT_GOODS_PRICE_max,1692.3715190887451,98
4,f103_approved_AMT_GOODS_PRICE_s_app_AMT_ANNUITY_d_app_AMT_INCOME_TOTAL_diff_std_div_mean,23.19789981842041,2
4,f103_approved_AMT_GOODS_PRICE_m_app_AMT_GOODS_PRICE_d_app_AMT_INCOME_TOTAL_pctchange_min,285.53317737579346,18
4,f103_approved_AMT_GOODS_PRICE_m_app_AMT_GOODS_PRICE_d_app_AMT_INCOME_TOTAL_pctchange_max,190.73708152770996,14
4,f103_approved_AMT_GOODS_PRICE_m_app_AMT_GOODS_PRICE_d_app_AMT_INCOME_TOTAL_pctchange_mean,188.39395904541016,13
4,f103_approved_AMT_GOODS_PRICE_s_app_AMT_ANNUITY_d_app_AMT_INCOME_TOTAL_diff_std,12.613499641418457,1
4,f103_approved_AMT_GOODS_PRICE_s_app_AMT_ANNUITY_d_app_AMT_INCOME_TOTAL_pctchange_std,143.30235862731934,11
4,f103_approved_AMT_GOODS_PRICE_max_div_min,11.93280029296875,1
4,f103_approved_AMT_GOODS_PRICE_s_app_AMT_ANNUITY_d_app_AMT_INCOME_TOTAL_diff_mean,146.4192419052124,10
4,f103_approved_AMT_GOODS_PRICE_s_app_AMT_ANNUITY_d_app_AMT_INCOME_TOTAL_diff_min,118.1830415725708,9
4,f103_approved_AMT_GOODS_PRICE_s_app_AMT_ANNUITY_d_app_AMT_INCOME_TOTAL_diff_max_div_min,14.828399658203125,1
4,f103_approved_AMT_GOODS_PRICE_s_app_AMT_ANNUITY_d_app_AMT_INCOME_TOTAL_std,0.0,0
4,f103_approved_AMT_GOODS_PRICE_s_app_AMT_ANNUITY_d_app_AMT_INCOME_TOTAL_pctchange_max_div_min,144.54126071929932,11
4,f103_approved_AMT_GOODS_PRICE_s_app_AMT_ANNUITY_d_app_AMT_INCOME_TOTAL_max_div_min,91.68029975891113,7
4,f103_approved_AMT_GOODS_PRICE_s_app_AMT_ANNUITY_d_app_AMT_INCOME_TOTAL_diff_max,97.40610218048096,7
4,f103_approved_AMT_GOODS_PRICE_s_app_AMT_ANNUITY_d_app_AMT_INCOME_TOTAL_max,591.0712795257568,40
4,f103_approved_AMT_GOODS_PRICE_s_app_AMT_ANNUITY_d_app_AMT_INCOME_TOTAL_pctchange_max,462.0773525238037,30
4,f103_approved_AMT_GOODS_PRICE_s_app_AMT_ANNUITY_diff_std_div_mean,38.525699615478516,2
4,f103_approved_AMT_GOODS_PRICE_s_app_AMT_ANNUITY_d_app_AMT_INCOME_TOTAL_std_div_mean,205.7354497909546,13
4,f103_approved_AMT_GOODS_PRICE_s_app_AMT_ANNUITY_pctchange_std_div_mean,98.34628009796143,8
4,f103_approved_AMT_GOODS_PRICE_s_app_AMT_ANNUITY_diff_std,104.84250068664551,7
4,f103_approved_AMT_GOODS_PRICE_s_app_AMT_ANNUITY_d_app_AMT_INCOME_TOTAL_min,1497.4822101593018,86
4,f103_approved_AMT_GOODS_PRICE_s_app_AMT_ANNUITY_d_app_AMT_INCOME_TOTAL_pctchange_mean,441.9548101425171,25
4,f103_approved_AMT_GOODS_PRICE_s_app_AMT_ANNUITY_d_app_AMT_INCOME_TOTAL_mean,517.6990594863892,34
4,f103_approved_AMT_GOODS_PRICE_s_app_AMT_ANNUITY_d_app_AMT_INCOME_TOTAL_pctchange_min,363.2707462310791,24
4,f103_approved_AMT_GOODS_PRICE_s_app_AMT_ANNUITY_diff_max_div_min,0.0,0
4,f103_approved_AMT_GOODS_PRICE_s_app_AMT_ANNUITY_diff_min,12.157400131225586,1
4,f103_approved_AMT_GOODS_PRICE_s_app_AMT_ANNUITY_diff_max,138.14789962768555,8
4,f103_approved_AMT_GOODS_PRICE_s_app_AMT_ANNUITY_diff_mean,29.766300201416016,2
4,f103_approved_AMT_GOODS_PRICE_s_app_AMT_ANNUITY_max_div_min,144.4299077987671,10
4,f103_approved_AMT_GOODS_PRICE_s_app_AMT_ANNUITY_std,230.94300079345703,12
4,f103_approved_AMT_GOODS_PRICE_s_app_AMT_ANNUITY_pctchange_std,0.0,0
4,f103_approved_AMT_GOODS_PRICE_s_app_AMT_ANNUITY_max,2120.58495426178,121
4,f103_approved_AMT_GOODS_PRICE_s_app_AMT_CREDIT_d_app_AMT_INCOME_TOTAL_diff_std,0.0,0
4,f103_approved_AMT_GOODS_PRICE_s_app_AMT_ANNUITY_std_div_mean,52.26539897918701,4
4,f103_approved_AMT_GOODS_PRICE_s_app_AMT_CREDIT_d_app_AMT_INCOME_TOTAL_diff_max_div_min,0.0,0
4,f103_approved_AMT_GOODS_PRICE_s_app_AMT_ANNUITY_pctchange_min,414.2006721496582,29
4,f103_approved_AMT_GOODS_PRICE_s_app_AMT_ANNUITY_pctchange_mean,525.4869003295898,34
4,f103_approved_AMT_GOODS_PRICE_s_app_AMT_ANNUITY_pctchange_max_div_min,228.29855155944824,15
4,f103_approved_AMT_GOODS_PRICE_s_app_AMT_ANNUITY_pctchange_max,678.117678642273,45
4,f103_approved_AMT_GOODS_PRICE_s_app_AMT_CREDIT_d_app_AMT_INCOME_TOTAL_diff_std_div_mean,7.9032301902771,1
4,f103_approved_AMT_GOODS_PRICE_s_app_AMT_CREDIT_d_app_AMT_INCOME_TOTAL_diff_max,218.3740005493164,14
4,f103_approved_AMT_GOODS_PRICE_s_app_AMT_CREDIT_d_app_AMT_INCOME_TOTAL_pctchange_max_div_min,50.8174991607666,4
4,f103_approved_AMT_GOODS_PRICE_s_app_AMT_CREDIT_d_app_AMT_INCOME_TOTAL_diff_mean,124.99299907684326,8
4,f103_approved_AMT_GOODS_PRICE_s_app_AMT_CREDIT_d_app_AMT_INCOME_TOTAL_diff_min,16.698699951171875,1
4,f103_approved_AMT_GOODS_PRICE_s_app_AMT_CREDIT_d_app_AMT_INCOME_TOTAL_max,1142.9466037750244,72
4,f103_approved_AMT_GOODS_PRICE_s_app_AMT_CREDIT_d_app_AMT_INCOME_TOTAL_max_div_min,67.93933010101318,5
4,f103_approved_AMT_GOODS_PRICE_s_app_AMT_CREDIT_d_app_AMT_INCOME_TOTAL_pctchange_mean,139.74201011657715,10
4,f103_approved_AMT_GOODS_PRICE_s_app_AMT_CREDIT_d_app_AMT_INCOME_TOTAL_pctchange_max,191.64384937286377,14
4,f103_approved_AMT_GOODS_PRICE_s_app_AMT_CREDIT_d_app_AMT_INCOME_TOTAL_mean,896.2260999679565,53
4,f103_approved_AMT_GOODS_PRICE_s_app_AMT_CREDIT_d_app_AMT_INCOME_TOTAL_std,12.950799942016602,1
4,f103_approved_AMT_GOODS_PRICE_s_app_AMT_CREDIT_d_app_AMT_INCOME_TOTAL_min,1451.2895431518555,88
4,f103_approved_AMT_GOODS_PRICE_s_app_AMT_CREDIT_d_app_AMT_INCOME_TOTAL_pctchange_std,86.48590087890625,7
4,f103_approved_AMT_GOODS_PRICE_s_app_AMT_CREDIT_d_app_AMT_INCOME_TOTAL_std_div_mean,236.20284843444824,17
4,f103_approved_AMT_GOODS_PRICE_s_app_AMT_CREDIT_diff_std,32.72909927368164,3
4,f103_approved_AMT_GOODS_PRICE_s_app_AMT_CREDIT_d_app_AMT_INCOME_TOTAL_pctchange_min,367.5457401275635,26
4,f103_approved_AMT_GOODS_PRICE_s_app_AMT_CREDIT_diff_max,107.9288215637207,8
4,f103_approved_AMT_GOODS_PRICE_s_app_AMT_CREDIT_diff_min,74.42340087890625,5
4,f103_approved_AMT_GOODS_PRICE_s_app_AMT_CREDIT_diff_max_div_min,0.0,0
4,f103_approved_AMT_GOODS_PRICE_s_app_AMT_CREDIT_diff_mean,110.62479972839355,7
4,f103_approved_AMT_GOODS_PRICE_s_app_AMT_CREDIT_diff_std_div_mean,0.0,0
4,f103_approved_AMT_GOODS_PRICE_s_app_AMT_CREDIT_pctchange_mean,232.17098140716553,16
4,f103_approved_AMT_GOODS_PRICE_s_app_AMT_CREDIT_pctchange_max,218.60811042785645,14
4,f103_approved_AMT_GOODS_PRICE_s_app_AMT_CREDIT_max,1274.8926467895508,81
4,f103_approved_AMT_GOODS_PRICE_s_app_AMT_CREDIT_pctchange_max_div_min,85.70529842376709,5
4,f103_approved_AMT_GOODS_PRICE_s_app_AMT_GOODS_PRICE_diff_std_div_mean,0.0,0
4,f103_approved_AMT_GOODS_PRICE_s_app_AMT_CREDIT_pctchange_std_div_mean,66.46170043945312,4
4,f103_approved_AMT_GOODS_PRICE_s_app_AMT_CREDIT_pctchange_min,191.45118808746338,13
4,f103_approved_AMT_GOODS_PRICE_s_app_AMT_CREDIT_min,1803.2879524230957,111
4,f103_approved_AMT_GOODS_PRICE_s_app_AMT_GOODS_PRICE_diff_max_div_min,25.73867893218994,2
4,f103_approved_AMT_GOODS_PRICE_s_app_AMT_CREDIT_std,36.50319862365723,2
4,f103_approved_AMT_GOODS_PRICE_s_app_AMT_GOODS_PRICE_diff_min,100.74508810043335,8
4,f103_approved_AMT_GOODS_PRICE_s_app_AMT_CREDIT_max_div_min,52.75339984893799,4
4,f103_approved_AMT_GOODS_PRICE_s_app_AMT_CREDIT_mean,1244.518991470337,66
4,f103_approved_AMT_GOODS_PRICE_s_app_AMT_CREDIT_std_div_mean,51.397239685058594,5
4,f103_approved_AMT_GOODS_PRICE_s_app_AMT_CREDIT_pctchange_std,27.87891960144043,2
4,f103_approved_AMT_GOODS_PRICE_s_app_AMT_GOODS_PRICE_diff_std,0.0,0
4,f103_approved_AMT_GOODS_PRICE_s_app_AMT_GOODS_PRICE_diff_mean,101.6387996673584,6
4,f103_approved_AMT_GOODS_PRICE_s_app_AMT_GOODS_PRICE_pctchange_std,0.0,0
4,f103_approved_AMT_GOODS_PRICE_s_app_AMT_GOODS_PRICE_diff_max,119.26319885253906,7
4,f103_approved_AMT_GOODS_PRICE_s_app_AMT_GOODS_PRICE_pctchange_std_div_mean,19.313199996948242,1
4,f103_approved_AMT_GOODS_PRICE_s_app_AMT_GOODS_PRICE_pctchange_mean,199.7795009613037,13
4,f103_approved_AMT_GOODS_PRICE_s_app_AMT_GOODS_PRICE_min,2807.5656309127808,158
4,f103_approved_AMT_GOODS_PRICE_s_app_AMT_GOODS_PRICE_pctchange_min,163.8710994720459,11
4,f103_approved_AMT_GOODS_PRICE_s_app_AMT_INCOME_TOTAL_diff_std_div_mean,0.0,0
4,f103_approved_AMT_GOODS_PRICE_s_app_AMT_GOODS_PRICE_pctchange_max,409.77217960357666,29
4,f103_approved_AMT_GOODS_PRICE_s_app_AMT_GOODS_PRICE_mean,2315.941554069519,117
4,f103_approved_AMT_GOODS_PRICE_s_app_AMT_GOODS_PRICE_pctchange_max_div_min,97.44783020019531,7
4,f103_approved_AMT_GOODS_PRICE_s_app_AMT_GOODS_PRICE_std,0.0,0
4,f103_approved_AMT_GOODS_PRICE_s_app_AMT_GOODS_PRICE_max,2801.550938606262,155
4,f103_approved_AMT_GOODS_PRICE_s_app_AMT_GOODS_PRICE_max_div_min,113.93834018707275,8
4,f103_approved_AMT_GOODS_PRICE_s_app_AMT_INCOME_TOTAL_diff_max_div_min,0.0,0
4,f103_approved_AMT_GOODS_PRICE_s_app_AMT_INCOME_TOTAL_diff_max,70.48166942596436,5
4,f103_approved_AMT_GOODS_PRICE_s_app_AMT_INCOME_TOTAL_pctchange_std,175.18246173858643,12
4,f103_approved_AMT_GOODS_PRICE_s_app_AMT_INCOME_TOTAL_diff_std,21.272600173950195,2
4,f103_approved_AMT_GOODS_PRICE_s_app_AMT_INCOME_TOTAL_diff_mean,84.47189903259277,6
4,f103_approved_AMT_GOODS_PRICE_s_app_AMT_INCOME_TOTAL_max,771.2338590621948,51
4,f103_approved_AMT_GOODS_PRICE_s_app_AMT_INCOME_TOTAL_max_div_min,164.976300239563,13
4,f103_approved_AMT_GOODS_PRICE_s_app_AMT_INCOME_TOTAL_diff_min,84.20639991760254,3
4,f103_approved_AMT_GOODS_PRICE_s_app_AMT_INCOME_TOTAL_std_div_mean,134.2408800125122,11
4,f103_approved_AMT_GOODS_PRICE_s_app_AMT_INCOME_TOTAL_pctchange_std_div_mean,203.57651615142822,13
4,f103_approved_AMT_GOODS_PRICE_s_app_AMT_INCOME_TOTAL_std,0.0,0
4,f103_approved_AMT_GOODS_PRICE_std,0.0,0
4,f103_approved_AMT_GOODS_PRICE_s_app_AMT_INCOME_TOTAL_pctchange_max_div_min,154.82758045196533,10
4,f103_approved_AMT_GOODS_PRICE_s_app_AMT_INCOME_TOTAL_pctchange_mean,562.9470491409302,41
4,f103_approved_AMT_GOODS_PRICE_s_app_AMT_INCOME_TOTAL_pctchange_min,293.02073097229004,22
4,f103_approved_AMT_GOODS_PRICE_s_app_AMT_INCOME_TOTAL_pctchange_max,654.3165197372437,44
4,f103_approved_AMT_GOODS_PRICE_s_app_AMT_INCOME_TOTAL_min,784.8454284667969,54
4,f103_approved_AMT_GOODS_PRICE_std_div_mean,0.0,0
4,f103_approved_AMT_GOODS_PRICE_s_app_AMT_INCOME_TOTAL_mean,1135.4271240234375,73
4,f103_approved_CHANNEL_TYPE_Contact_center_sum,0.0,0
4,f103_approved_CHANNEL_TYPE_Channel_of_corporate_sales_mean,10.501500129699707,1
4,f103_approved_CHANNEL_TYPE_Channel_of_corporate_sales_sum,0.0,0
4,f103_approved_CHANNEL_TYPE_AP___Cash_loan__sum,155.3311996459961,9
4,f103_approved_CHANNEL_TYPE_AP___Cash_loan__mean,647.7517786026001,42
4,f103_approved_CHANNEL_TYPE_Credit_and_cash_offices_mean,133.48074913024902,12
4,f103_approved_CHANNEL_TYPE_Contact_center_mean,15.752099990844727,1
4,f103_approved_CHANNEL_TYPE_Regional___Local_mean,27.808100700378418,2
4,f103_approved_CHANNEL_TYPE_Country_wide_sum,13.341899871826172,1
4,f103_approved_CNT_PAYMENT_max_div_min,36.76934051513672,3
4,f103_approved_CHANNEL_TYPE_Stone_mean,69.87146949768066,5
4,f103_approved_DAYS_DECISION_d_app_DAYS_BIRTH_std_div_mean,151.26843070983887,10
4,f103_approved_CHANNEL_TYPE_Credit_and_cash_offices_sum,0.0,0
4,f103_approved_CHANNEL_TYPE_Country_wide_mean,165.74316883087158,12
4,f103_approved_CHANNEL_TYPE_Stone_sum,31.472400665283203,2
4,f103_approved_CHANNEL_TYPE_Regional___Local_sum,0.0,0
4,f103_approved_DAYS_DECISION_d_app_DAYS_BIRTH_max_div_min,0.0,0
4,f103_approved_CODE_REJECT_REASON_XAP_sum,0.0,0
4,f103_approved_DAYS_DECISION_d_app_DAYS_ID_PUBLISH_std_div_mean,9.990130424499512,1
4,f103_approved_DAYS_DECISION_d_app_DAYS_ID_PUBLISH_std,116.48999881744385,10
4,f103_approved_DAYS_DECISION_d_app_DAYS_LAST_PHONE_CHANGE_max,1762.6919574737549,81
4,f103_approved_DAYS_DECISION_d_app_DAYS_LAST_PHONE_CHANGE_max_div_min,116.2965087890625,8
4,f103_approved_DAYS_DECISION_d_app_DAYS_EMPLOYED_max_div_min,0.0,0
4,f103_approved_DAYS_DECISION_d_app_DAYS_LAST_PHONE_CHANGE_std_div_mean,75.23439979553223,6
4,f103_approved_DAYS_DECISION_d_app_DAYS_ID_PUBLISH_min,997.0054683685303,63
4,f103_approved_DAYS_DECISION_d_app_DAYS_ID_PUBLISH_max_div_min,0.0,0
4,f103_approved_DAYS_DECISION_d_app_DAYS_LAST_PHONE_CHANGE_min,2345.2249751091003,97
4,f103_approved_DAYS_DECISION_d_app_DAYS_LAST_PHONE_CHANGE_mean,1183.5829038619995,64
4,f103_approved_DAYS_DECISION_d_app_DAYS_LAST_PHONE_CHANGE_std,155.40600109100342,10
4,f103_approved_DAYS_DECISION_d_app_DAYS_REGISTRATION_std_div_mean,22.780899047851562,1
4,f103_approved_DAYS_DECISION_d_app_DAYS_ID_PUBLISH_max,695.4930267333984,42
4,f103_approved_DAYS_DECISION_d_app_DAYS_ID_PUBLISH_mean,848.6487016677856,51
4,f103_approved_DAYS_DECISION_d_app_DAYS_REGISTRATION_max_div_min,21.30780029296875,2
4,f103_approved_DAYS_DECISION_d_app_DAYS_REGISTRATION_std,284.63566970825195,20
4,f103_approved_DAYS_DECISION_s_app_DAYS_BIRTH_std,131.88745021820068,10
4,f103_approved_DAYS_DECISION_s_app_DAYS_EMPLOYED_std_div_mean,491.5834712982178,35
4,f103_approved_DAYS_DECISION_d_app_DAYS_REGISTRATION_min,1128.8890042304993,70
4,f103_approved_DAYS_DECISION_d_app_DAYS_REGISTRATION_mean,934.9810266494751,54
4,f103_approved_DAYS_DECISION_d_app_DAYS_REGISTRATION_max,756.479489326477,41
4,f103_approved_DAYS_DECISION_s_app_DAYS_EMPLOYED_std,49.22356986999512,4
4,f103_approved_DAYS_DECISION_s_app_DAYS_EMPLOYED_max_div_min,313.25718879699707,22
4,f103_approved_DAYS_DECISION_s_app_DAYS_LAST_PHONE_CHANGE_max_div_min,354.5585889816284,26
4,f103_approved_DAYS_DECISION_s_app_DAYS_ID_PUBLISH_std,12.727100372314453,1
4,f103_approved_DAYS_FIRST_DRAWING_d_app_DAYS_BIRTH_max,522.2229690551758,30
4,f103_approved_DAYS_DECISION_s_app_DAYS_ID_PUBLISH_std_div_mean,152.2116003036499,11
4,f103_approved_DAYS_DECISION_s_app_DAYS_LAST_PHONE_CHANGE_std_div_mean,138.34160995483398,10
4,f103_approved_DAYS_DECISION_s_app_DAYS_REGISTRATION_std_div_mean,229.5261001586914,17
4,f103_approved_DAYS_FIRST_DRAWING_d_app_DAYS_EMPLOYED_mean,610.1525192260742,36
4,f103_approved_DAYS_FIRST_DRAWING_d_app_DAYS_BIRTH_mean,242.96080017089844,14
4,f103_approved_DAYS_DECISION_s_app_DAYS_LAST_PHONE_CHANGE_std,0.0,0
4,f103_approved_DAYS_DECISION_s_app_DAYS_REGISTRATION_std,0.0,0
4,f103_approved_DAYS_DECISION_s_app_DAYS_REGISTRATION_max_div_min,191.68430995941162,13
4,f103_approved_DAYS_FIRST_DRAWING_d_app_DAYS_BIRTH_min,13.066699981689453,1
4,f103_approved_DAYS_FIRST_DRAWING_d_app_DAYS_EMPLOYED_max,107.2046012878418,6
4,f103_approved_DAYS_FIRST_DRAWING_d_app_DAYS_LAST_PHONE_CHANGE_mean,421.22929763793945,25
4,f103_approved_DAYS_FIRST_DRAWING_d_app_DAYS_EMPLOYED_min,21.34709930419922,1
4,f103_approved_DAYS_FIRST_DRAWING_d_app_DAYS_LAST_PHONE_CHANGE_max,125.43329906463623,9
4,f103_approved_DAYS_FIRST_DRAWING_d_app_DAYS_LAST_PHONE_CHANGE_min,10.811400413513184,1
4,f103_approved_DAYS_FIRST_DRAWING_s_DAYS_DECISIONS_mean,947.9186086654663,47
4,f103_approved_DAYS_FIRST_DRAWING_s_DAYS_DECISIONS_max,303.8074016571045,11
4,f103_approved_DAYS_FIRST_DRAWING_s_DAYS_DECISIONS_min,126.5576982498169,8
4,f103_approved_DAYS_FIRST_DRAWING_d_app_DAYS_REGISTRATION_mean,569.793360710144,34
4,f103_approved_DAYS_FIRST_DRAWING_d_app_DAYS_REGISTRATION_max,128.85919952392578,7
4,f103_approved_DAYS_FIRST_DRAWING_d_app_DAYS_REGISTRATION_min,46.340500831604004,3
4,f103_approved_DAYS_FIRST_DUE_d_app_DAYS_BIRTH_std_div_mean,183.38219928741455,14
4,f103_approved_DAYS_FIRST_DUE_d_app_DAYS_ID_PUBLISH_max_div_min,11.527799606323242,1
4,f103_approved_DAYS_FIRST_DUE_d_app_DAYS_BIRTH_max_div_min,47.82320022583008,3
4,f103_approved_DAYS_FIRST_DUE_d_app_DAYS_EMPLOYED_max_div_min,49.53499984741211,3
4,f103_approved_DAYS_FIRST_DUE_d_app_DAYS_ID_PUBLISH_std,334.831259727478,21
4,f103_approved_DAYS_FIRST_DUE_d_app_DAYS_LAST_PHONE_CHANGE_std,94.2549991607666,7
4,f103_approved_DAYS_FIRST_DUE_d_app_DAYS_LAST_PHONE_CHANGE_std_div_mean,183.71130084991455,13
4,f103_approved_DAYS_FIRST_DUE_d_app_DAYS_ID_PUBLISH_min,844.5594100952148,56
4,f103_approved_DAYS_FIRST_DUE_d_app_DAYS_ID_PUBLISH_mean,750.4691381454468,49
4,f103_approved_DAYS_FIRST_DUE_d_app_DAYS_ID_PUBLISH_max,1159.9274673461914,69
4,f103_approved_DAYS_FIRST_DUE_d_app_DAYS_ID_PUBLISH_std_div_mean,21.827290534973145,2
4,f103_approved_DAYS_FIRST_DUE_d_app_DAYS_REGISTRATION_max_div_min,73.33339977264404,5
4,f103_approved_DAYS_FIRST_DUE_d_app_DAYS_LAST_PHONE_CHANGE_max_div_min,122.38569927215576,8
4,f103_approved_DAYS_FIRST_DUE_d_app_DAYS_LAST_PHONE_CHANGE_max,1273.9997701644897,76
4,f103_approved_DAYS_FIRST_DUE_d_app_DAYS_LAST_PHONE_CHANGE_mean,699.118260383606,46
4,f103_approved_DAYS_FIRST_DUE_d_app_DAYS_LAST_PHONE_CHANGE_min,1264.6539134979248,82
4,f103_approved_DAYS_FIRST_DUE_s_DAYS_FIRST_DRAWING_mean,630.1436042785645,28
4,f103_approved_DAYS_FIRST_DUE_d_app_DAYS_REGISTRATION_mean,681.050742149353,46
4,f103_approved_DAYS_FIRST_DUE_d_app_DAYS_REGISTRATION_std_div_mean,37.52429962158203,3
4,f103_approved_DAYS_FIRST_DUE_d_app_DAYS_REGISTRATION_min,482.2568998336792,35
4,f103_approved_DAYS_FIRST_DUE_s_DAYS_DECISIONS_max_div_min,99.00700187683105,7
4,f103_approved_DAYS_FIRST_DUE_d_app_DAYS_REGISTRATION_max,692.0759601593018,47
4,f103_approved_DAYS_FIRST_DUE_s_app_DAYS_ID_PUBLISH_std,199.53798007965088,13
4,f103_approved_DAYS_FIRST_DUE_s_app_DAYS_EMPLOYED_std,9.937609672546387,1
4,f103_approved_DAYS_FIRST_DUE_s_app_DAYS_BIRTH_std,20.53030014038086,1
4,f103_approved_DAYS_FIRST_DUE_s_DAYS_FIRST_DRAWING_max,220.08337593078613,9
4,f103_approved_DAYS_FIRST_DUE_s_app_DAYS_LAST_PHONE_CHANGE_std_div_mean,143.71406173706055,10
4,f103_approved_DAYS_FIRST_DUE_s_DAYS_FIRST_DRAWING_min,13.130200386047363,1
4,f103_approved_DAYS_FIRST_DUE_s_app_DAYS_EMPLOYED_max_div_min,285.71278953552246,18
4,f103_approved_DAYS_FIRST_DUE_s_app_DAYS_LAST_PHONE_CHANGE_std,16.630199432373047,1
4,f103_approved_DAYS_FIRST_DUE_s_app_DAYS_ID_PUBLISH_max_div_min,195.7480001449585,13
4,f103_approved_DAYS_FIRST_DUE_s_app_DAYS_EMPLOYED_std_div_mean,113.31579875946045,8
4,f103_approved_DAYS_FIRST_DUE_s_app_DAYS_LAST_PHONE_CHANGE_max_div_min,133.33264923095703,9
4,f103_approved_DAYS_LAST_DUE_1ST_VERSION_d_app_DAYS_BIRTH_max,1985.8284358978271,121
4,f103_approved_DAYS_LAST_DUE_1ST_VERSION_d_app_DAYS_EMPLOYED_std_div_mean,139.99538040161133,11
4,f103_approved_DAYS_LAST_DUE_1ST_VERSION_d_app_DAYS_BIRTH_std_div_mean,183.48449897766113,11
4,f103_approved_DAYS_FIRST_DUE_s_app_DAYS_REGISTRATION_std,0.0,0
4,f103_approved_DAYS_FIRST_DUE_s_app_DAYS_REGISTRATION_std_div_mean,262.360800743103,17
4,f103_approved_DAYS_LAST_DUE_1ST_VERSION_d_app_DAYS_BIRTH_max_div_min,11.088000297546387,1
4,f103_approved_DAYS_FIRST_DUE_s_app_DAYS_REGISTRATION_max_div_min,86.91864109039307,5
4,f103_approved_DAYS_FIRST_DUE_s_app_DAYS_ID_PUBLISH_std_div_mean,128.32465076446533,9
4,f103_approved_DAYS_LAST_DUE_1ST_VERSION_d_app_DAYS_LAST_PHONE_CHANGE_std_div_mean,72.06705093383789,6
4,f103_approved_DAYS_LAST_DUE_1ST_VERSION_d_app_DAYS_ID_PUBLISH_std_div_mean,34.060800552368164,2
4,f103_approved_DAYS_LAST_DUE_1ST_VERSION_d_app_DAYS_EMPLOYED_min,2283.2035417556763,123
4,f103_approved_DAYS_LAST_DUE_1ST_VERSION_d_app_DAYS_ID_PUBLISH_std,139.55077934265137,10
4,f103_approved_DAYS_LAST_DUE_1ST_VERSION_d_app_DAYS_EMPLOYED_mean,1926.2216291427612,99
4,f103_approved_DAYS_LAST_DUE_1ST_VERSION_d_app_DAYS_LAST_PHONE_CHANGE_max_div_min,149.26159954071045,10
4,f103_approved_DAYS_LAST_DUE_1ST_VERSION_d_app_DAYS_ID_PUBLISH_max_div_min,29.018399238586426,2
4,f103_approved_DAYS_LAST_DUE_1ST_VERSION_d_app_DAYS_EMPLOYED_max,1707.1502170562744,92
4,f103_approved_DAYS_LAST_DUE_1ST_VERSION_d_app_DAYS_ID_PUBLISH_max,838.1564607620239,57
4,f103_approved_DAYS_LAST_DUE_1ST_VERSION_d_app_DAYS_LAST_PHONE_CHANGE_max,1182.727059841156,78
4,f103_approved_DAYS_LAST_DUE_1ST_VERSION_d_app_DAYS_REGISTRATION_std_div_mean,43.836599349975586,2
4,f103_approved_DAYS_LAST_DUE_1ST_VERSION_s_DAYS_DECISIONS_max_div_min,130.2472095489502,10
4,f103_approved_DAYS_LAST_DUE_1ST_VERSION_d_app_DAYS_ID_PUBLISH_min,1699.0184593200684,90
4,f103_approved_DAYS_LAST_DUE_1ST_VERSION_d_app_DAYS_REGISTRATION_mean,1295.6937351226807,69
4,f103_approved_DAYS_LAST_DUE_1ST_VERSION_d_app_DAYS_ID_PUBLISH_mean,1174.6234951019287,70
4,f103_approved_DAYS_LAST_DUE_1ST_VERSION_d_app_DAYS_LAST_PHONE_CHANGE_mean,2100.4302282333374,88
4,f103_approved_DAYS_LAST_DUE_1ST_VERSION_d_app_DAYS_LAST_PHONE_CHANGE_min,2779.00514793396,110
4,f103_approved_DAYS_LAST_DUE_1ST_VERSION_d_app_DAYS_REGISTRATION_max,1125.950387954712,76
4,f103_approved_DAYS_LAST_DUE_1ST_VERSION_d_app_DAYS_REGISTRATION_max_div_min,27.74329948425293,2
4,f103_approved_DAYS_LAST_DUE_1ST_VERSION_s_DAYS_FIRST_DUE_max_div_min,50.10980033874512,4
4,f103_approved_DAYS_LAST_DUE_1ST_VERSION_d_app_DAYS_EMPLOYED_max_div_min,72.43510150909424,4
4,f103_approved_DAYS_LAST_DUE_1ST_VERSION_d_app_DAYS_REGISTRATION_min,1920.7266578674316,89
4,f103_approved_DAYS_LAST_DUE_1ST_VERSION_s_app_DAYS_EMPLOYED_std_div_mean,258.36149883270264,16
4,f103_approved_DAYS_LAST_DUE_1ST_VERSION_s_app_DAYS_ID_PUBLISH_std_div_mean,172.44699954986572,12
4,f103_approved_DAYS_LAST_DUE_1ST_VERSION_s_app_DAYS_LAST_PHONE_CHANGE_std_div_mean,137.01110172271729,8
4,f103_approved_DAYS_LAST_DUE_d_app_DAYS_BIRTH_max_div_min,27.63249969482422,2
4,f103_approved_DAYS_LAST_DUE_1ST_VERSION_s_app_DAYS_EMPLOYED_max_div_min,228.47601890563965,13
4,f103_approved_DAYS_LAST_DUE_d_app_DAYS_BIRTH_std_div_mean,109.7071008682251,6
4,f103_approved_DAYS_LAST_DUE_1ST_VERSION_s_app_DAYS_REGISTRATION_std_div_mean,131.08480072021484,10
4,f103_approved_DAYS_LAST_DUE_d_app_DAYS_LAST_PHONE_CHANGE_std_div_mean,54.919700622558594,4
4,f103_approved_DAYS_LAST_DUE_1ST_VERSION_s_app_DAYS_REGISTRATION_max_div_min,119.92145919799805,9
4,f103_approved_DAYS_LAST_DUE_d_app_DAYS_ID_PUBLISH_max,529.1164712905884,38
4,f103_approved_DAYS_LAST_DUE_d_app_DAYS_ID_PUBLISH_max_div_min,102.16999912261963,5
4,f103_approved_DAYS_LAST_DUE_1ST_VERSION_s_app_DAYS_LAST_PHONE_CHANGE_max_div_min,180.5843620300293,13
4,f103_approved_DAYS_LAST_DUE_1ST_VERSION_s_app_DAYS_ID_PUBLISH_max_div_min,103.71680164337158,7
4,f103_approved_DAYS_LAST_DUE_d_app_DAYS_ID_PUBLISH_std,35.058199882507324,3
4,f103_approved_DAYS_LAST_DUE_d_app_DAYS_LAST_PHONE_CHANGE_std,59.282249450683594,5
4,f103_approved_DAYS_LAST_DUE_d_app_DAYS_EMPLOYED_min,5037.203942298889,146
4,f103_approved_DAYS_LAST_DUE_d_app_DAYS_ID_PUBLISH_std_div_mean,0.0,0
4,f103_approved_DAYS_LAST_DUE_s_DAYS_DECISIONS_std,25.028499603271484,2
4,f103_approved_DAYS_LAST_DUE_d_app_DAYS_EMPLOYED_max_div_min,96.9026985168457,7
4,f103_approved_DAYS_LAST_DUE_d_app_DAYS_ID_PUBLISH_min,692.780200958252,46
4,f103_approved_DAYS_LAST_DUE_d_app_DAYS_REGISTRATION_max,205.99211978912354,15
4,f103_approved_DAYS_LAST_DUE_d_app_DAYS_LAST_PHONE_CHANGE_mean,618.025520324707,40
4,f103_approved_DAYS_LAST_DUE_d_app_DAYS_ID_PUBLISH_mean,416.2819490432739,31
4,f103_approved_DAYS_LAST_DUE_d_app_DAYS_REGISTRATION_std_div_mean,15.836899757385254,1
4,f103_approved_DAYS_LAST_DUE_d_app_DAYS_LAST_PHONE_CHANGE_min,432.5432462692261,34
4,f103_approved_DAYS_LAST_DUE_d_app_DAYS_LAST_PHONE_CHANGE_max_div_min,107.79730129241943,7
4,f103_approved_DAYS_LAST_DUE_d_app_DAYS_REGISTRATION_max_div_min,22.006099700927734,2
4,f103_approved_DAYS_LAST_DUE_s_DAYS_FIRST_DRAWING_mean,71.63440036773682,5
4,f103_approved_DAYS_LAST_DUE_s_DAYS_FIRST_DRAWING_min,21.091400146484375,2
4,f103_approved_DAYS_LAST_DUE_s_DAYS_DECISIONS_std_div_mean,67.1934003829956,5
4,f103_approved_DAYS_LAST_DUE_s_DAYS_FIRST_DRAWING_max,0.0,0
4,f103_approved_DAYS_LAST_DUE_d_app_DAYS_REGISTRATION_mean,384.50921058654785,28
4,f103_approved_DAYS_LAST_DUE_d_app_DAYS_REGISTRATION_min,473.4911069869995,35
4,f103_approved_DAYS_LAST_DUE_s_DAYS_DECISIONS_mean,553.9500408172607,39
4,f103_approved_DAYS_LAST_DUE_d_app_DAYS_LAST_PHONE_CHANGE_max,551.817458152771,34
4,f103_approved_DAYS_LAST_DUE_s_DAYS_DECISIONS_max_div_min,0.0,0
4,f103_approved_DAYS_LAST_DUE_s_DAYS_DECISIONS_max,821.7569198608398,53
4,f103_approved_DAYS_LAST_DUE_s_DAYS_DECISIONS_min,913.8872880935669,53
4,f103_approved_DAYS_LAST_DUE_s_DAYS_FIRST_DUE_max_div_min,113.60259914398193,8
4,f103_approved_DAYS_LAST_DUE_s_DAYS_FIRST_DUE_min,77.90882873535156,6
4,f103_approved_DAYS_LAST_DUE_s_DAYS_FIRST_DUE_std,0.0,0
4,f103_approved_DAYS_LAST_DUE_s_DAYS_FIRST_DUE_mean,68.96188831329346,5
4,f103_approved_DAYS_LAST_DUE_s_app_DAYS_BIRTH_std,114.87570858001709,9
4,f103_approved_DAYS_LAST_DUE_s_DAYS_LAST_DUE_1ST_VERSION_max_div_min,292.3971424102783,18
4,f103_approved_DAYS_LAST_DUE_s_DAYS_LAST_DUE_1ST_VERSION_std_div_mean,101.09120178222656,7
4,f103_approved_DAYS_LAST_DUE_s_DAYS_FIRST_DUE_max,94.29090023040771,7
4,f103_approved_DAYS_LAST_DUE_s_app_DAYS_EMPLOYED_std,21.144299507141113,2
4,f103_approved_DAYS_LAST_DUE_s_app_DAYS_EMPLOYED_std_div_mean,136.98371124267578,9
4,f103_approved_DAYS_LAST_DUE_s_app_DAYS_ID_PUBLISH_std,15.383299827575684,1
4,f103_approved_DAYS_LAST_DUE_s_app_DAYS_ID_PUBLISH_std_div_mean,52.987000465393066,3
4,f103_approved_DAYS_LAST_DUE_s_app_DAYS_LAST_PHONE_CHANGE_max_div_min,44.518500328063965,3
4,f103_approved_DAYS_LAST_DUE_s_app_DAYS_EMPLOYED_max_div_min,178.0462999343872,11
4,f103_approved_DAYS_LAST_DUE_s_app_DAYS_ID_PUBLISH_max_div_min,39.39169979095459,3
4,f103_approved_DAYS_LAST_DUE_s_app_DAYS_REGISTRATION_std_div_mean,98.09640884399414,7
4,f103_approved_DAYS_LAST_DUE_s_app_DAYS_LAST_PHONE_CHANGE_std_div_mean,87.0398998260498,7
4,f103_approved_DAYS_LAST_DUE_s_app_DAYS_REGISTRATION_std,0.0,0
4,f103_approved_DAYS_LAST_DUE_s_app_DAYS_LAST_PHONE_CHANGE_std,0.0,0
4,f103_approved_DAYS_TERMINATION_d_app_DAYS_BIRTH_max_div_min,70.53639888763428,4
4,f103_approved_DAYS_LAST_DUE_s_app_DAYS_REGISTRATION_max_div_min,83.02884864807129,5
4,f103_approved_DAYS_TERMINATION_d_app_DAYS_ID_PUBLISH_std,87.83240985870361,7
4,f103_approved_DAYS_TERMINATION_d_app_DAYS_BIRTH_std_div_mean,97.53739929199219,7
4,f103_approved_DAYS_TERMINATION_d_app_DAYS_EMPLOYED_min,5115.273096084595,157
4,f103_approved_DAYS_TERMINATION_d_app_DAYS_EMPLOYED_max_div_min,67.80820083618164,5
4,f103_approved_DAYS_TERMINATION_d_app_DAYS_LAST_PHONE_CHANGE_max_div_min,76.40679931640625,5
4,f103_approved_DAYS_TERMINATION_d_app_DAYS_LAST_PHONE_CHANGE_min,685.5051927566528,46
4,f103_approved_DAYS_TERMINATION_d_app_DAYS_ID_PUBLISH_max,378.80910205841064,25
4,f103_approved_DAYS_TERMINATION_d_app_DAYS_ID_PUBLISH_max_div_min,0.0,0
4,f103_approved_DAYS_TERMINATION_d_app_DAYS_LAST_PHONE_CHANGE_mean,679.1086072921753,44
4,f103_approved_DAYS_TERMINATION_d_app_DAYS_ID_PUBLISH_std_div_mean,97.88529968261719,7
4,f103_approved_DAYS_TERMINATION_d_app_DAYS_ID_PUBLISH_min,433.3099002838135,31
4,f103_approved_DAYS_TERMINATION_d_app_DAYS_LAST_PHONE_CHANGE_max,484.6746301651001,35
4,f103_approved_DAYS_TERMINATION_d_app_DAYS_LAST_PHONE_CHANGE_std_div_mean,33.58430004119873,2
4,f103_approved_DAYS_TERMINATION_d_app_DAYS_REGISTRATION_std_div_mean,0.0,0
4,f103_approved_DAYS_TERMINATION_d_app_DAYS_LAST_PHONE_CHANGE_std,10.901599884033203,1
4,f103_approved_DAYS_TERMINATION_d_app_DAYS_REGISTRATION_max_div_min,25.333800315856934,2
4,f103_approved_DAYS_TERMINATION_s_DAYS_FIRST_DRAWING_max,15.784299850463867,1
4,f103_approved_DAYS_TERMINATION_d_app_DAYS_REGISTRATION_min,696.000786781311,46
4,f103_approved_DAYS_TERMINATION_d_app_DAYS_REGISTRATION_max,507.9321012496948,35
4,f103_approved_DAYS_TERMINATION_s_DAYS_DECISIONS_std_div_mean,89.10400199890137,7
4,f103_approved_DAYS_TERMINATION_s_DAYS_FIRST_DRAWING_mean,0.0,0
4,f103_approved_DAYS_TERMINATION_s_DAYS_FIRST_DRAWING_min,0.0,0
4,f103_approved_DAYS_TERMINATION_d_app_DAYS_ID_PUBLISH_mean,377.6979389190674,30
4,f103_approved_DAYS_TERMINATION_s_DAYS_DECISIONS_std,44.204071044921875,4
4,f103_approved_DAYS_TERMINATION_s_DAYS_DECISIONS_max,1303.428017616272,73
4,f103_approved_DAYS_TERMINATION_s_DAYS_DECISIONS_max_div_min,50.57007026672363,3
4,f103_approved_DAYS_TERMINATION_s_DAYS_DECISIONS_min,1302.7046899795532,77
4,f103_approved_DAYS_TERMINATION_s_DAYS_DECISIONS_mean,930.4423570632935,56
4,f103_approved_DAYS_TERMINATION_s_DAYS_FIRST_DUE_std_div_mean,103.8647985458374,7
4,f103_approved_DAYS_TERMINATION_s_DAYS_FIRST_DUE_std,59.5004997253418,5
4,f103_approved_DAYS_TERMINATION_d_app_DAYS_REGISTRATION_mean,385.6519832611084,25
4,f103_approved_DAYS_TERMINATION_s_DAYS_FIRST_DUE_max_div_min,76.44137001037598,6
4,f103_approved_DAYS_TERMINATION_s_DAYS_LAST_DUE_1ST_VERSION_std_div_mean,126.17479991912842,9
4,f103_approved_DAYS_TERMINATION_s_DAYS_FIRST_DUE_min,876.2804851531982,56
4,f103_approved_DAYS_TERMINATION_s_DAYS_FIRST_DUE_max,849.9973678588867,56
4,f103_approved_DAYS_TERMINATION_s_app_DAYS_BIRTH_std,21.73431968688965,2
4,f103_approved_DAYS_TERMINATION_s_DAYS_FIRST_DUE_mean,588.9579572677612,36
4,f103_approved_DAYS_TERMINATION_s_DAYS_LAST_DUE_1ST_VERSION_max_div_min,50.769399642944336,4
4,f103_approved_DAYS_TERMINATION_s_DAYS_LAST_DUE_std_div_mean,64.61119937896729,4
4,f103_approved_DAYS_TERMINATION_s_DAYS_LAST_DUE_max,538.8354158401489,39
4,f103_approved_DAYS_TERMINATION_s_DAYS_LAST_DUE_mean,601.5570402145386,46
4,f103_approved_DAYS_TERMINATION_s_app_DAYS_ID_PUBLISH_std_div_mean,81.99744987487793,6
4,f103_approved_DAYS_TERMINATION_s_DAYS_LAST_DUE_min,635.3964405059814,47
4,f103_approved_DAYS_TERMINATION_s_app_DAYS_ID_PUBLISH_std,15.985600471496582,1
4,f103_approved_DAYS_TERMINATION_s_DAYS_LAST_DUE_max_div_min,49.62788009643555,4
4,f103_approved_DAYS_TERMINATION_s_app_DAYS_EMPLOYED_std,0.0,0
4,f103_approved_DAYS_TERMINATION_s_app_DAYS_REGISTRATION_std,0.0,0
4,f103_approved_DAYS_TERMINATION_s_app_DAYS_EMPLOYED_max_div_min,38.37440013885498,3
4,f103_approved_HOUR_APPR_PROCESS_START_std,96.97960090637207,8
4,f103_approved_DAYS_TERMINATION_s_app_DAYS_ID_PUBLISH_max_div_min,11.692700386047363,1
4,f103_approved_DAYS_TERMINATION_s_app_DAYS_LAST_PHONE_CHANGE_max_div_min,25.998000144958496,2
4,f103_approved_DAYS_TERMINATION_s_app_DAYS_LAST_PHONE_CHANGE_std,0.0,0
4,f103_approved_HOUR_APPR_PROCESS_START_std_div_mean,233.21959114074707,17
4,f103_approved_DAYS_TERMINATION_s_app_DAYS_REGISTRATION_max_div_min,11.778400421142578,1
4,f103_approved_NAME_CASH_LOAN_PURPOSE_Business_development_sum,0.0,0
4,f103_approved_HOUR_APPR_PROCESS_START_max_div_min,139.71579933166504,10
4,f103_approved_NAME_CASH_LOAN_PURPOSE_Building_a_house_or_an_annex_sum,0.0,0
4,f103_approved_NAME_CASH_LOAN_PURPOSE_Buying_a_holiday_home___land_sum,0.0,0
4,f103_approved_NAME_CASH_LOAN_PURPOSE_Buying_a_holiday_home___land_mean,0.0,0
4,f103_approved_NAME_CASH_LOAN_PURPOSE_Buying_a_home_mean,0.0,0
4,f103_approved_NAME_CASH_LOAN_PURPOSE_Building_a_house_or_an_annex_mean,0.0,0
4,f103_approved_NAME_CASH_LOAN_PURPOSE_Buying_a_home_sum,0.0,0
4,f103_approved_NAME_CASH_LOAN_PURPOSE_Business_development_mean,0.0,0
4,f103_approved_NAME_CASH_LOAN_PURPOSE_Car_repairs_mean,0.0,0
4,f103_approved_NAME_CASH_LOAN_PURPOSE_Buying_a_used_car_sum,0.0,0
4,f103_approved_NAME_CASH_LOAN_PURPOSE_Education_mean,0.0,0
4,f103_approved_NAME_CASH_LOAN_PURPOSE_Buying_a_garage_mean,0.0,0
4,f103_approved_NAME_CASH_LOAN_PURPOSE_Everyday_expenses_sum,0.0,0
4,f103_approved_NAME_CASH_LOAN_PURPOSE_Buying_a_garage_sum,0.0,0
4,f103_approved_NAME_CASH_LOAN_PURPOSE_Buying_a_new_car_mean,0.0,0
4,f103_approved_NAME_CASH_LOAN_PURPOSE_Buying_a_new_car_sum,0.0,0
4,f103_approved_NAME_CASH_LOAN_PURPOSE_Car_repairs_sum,0.0,0
4,f103_approved_NAME_CASH_LOAN_PURPOSE_Everyday_expenses_mean,0.0,0
4,f103_approved_NAME_CASH_LOAN_PURPOSE_Gasification___water_supply_mean,0.0,0
4,f103_approved_NAME_CASH_LOAN_PURPOSE_Buying_a_used_car_mean,0.0,0
4,f103_approved_NAME_CASH_LOAN_PURPOSE_Gasification___water_supply_sum,0.0,0
4,f103_approved_NAME_CASH_LOAN_PURPOSE_Education_sum,0.0,0
4,f103_approved_NAME_CASH_LOAN_PURPOSE_Furniture_sum,0.0,0
4,f103_approved_NAME_CASH_LOAN_PURPOSE_Medicine_sum,0.0,0
4,f103_approved_NAME_CASH_LOAN_PURPOSE_Furniture_mean,0.0,0
4,f103_approved_NAME_CASH_LOAN_PURPOSE_Journey_sum,0.0,0
4,f103_approved_NAME_CASH_LOAN_PURPOSE_Medicine_mean,0.0,0
4,f103_approved_NAME_CASH_LOAN_PURPOSE_Journey_mean,0.0,0
4,f103_approved_NAME_CASH_LOAN_PURPOSE_Other_mean,39.582030296325684,3
4,f103_approved_NAME_CASH_LOAN_PURPOSE_Other_sum,0.0,0
4,f103_approved_NAME_CASH_LOAN_PURPOSE_Payments_on_other_loans_mean,0.0,0
4,f103_approved_NAME_CASH_LOAN_PURPOSE_Purchase_of_electronic_equipment_sum,0.0,0
4,f103_approved_NAME_CASH_LOAN_PURPOSE_Urgent_needs_sum,101.24713134765625,6
4,f103_approved_NAME_CASH_LOAN_PURPOSE_XAP_sum,112.36639881134033,9
4,f103_approved_NAME_CASH_LOAN_PURPOSE_Urgent_needs_mean,204.48312854766846,13
4,f103_approved_NAME_CASH_LOAN_PURPOSE_Purchase_of_electronic_equipment_mean,0.0,0
4,f103_approved_NAME_CASH_LOAN_PURPOSE_XAP_mean,283.2226505279541,19
4,f103_approved_NAME_CASH_LOAN_PURPOSE_Payments_on_other_loans_sum,0.0,0
4,f103_approved_NAME_CONTRACT_STATUS_Approved_sum,0.0,0
4,f103_approved_NAME_CASH_LOAN_PURPOSE_Wedding___gift___holiday_mean,0.0,0
4,f103_approved_NAME_CASH_LOAN_PURPOSE_Wedding___gift___holiday_sum,0.0,0
4,f103_approved_NAME_GOODS_CATEGORY_Auto_Accessories_mean,10.875699996948242,1
4,f103_approved_NAME_CASH_LOAN_PURPOSE_XNA_sum,39.54640007019043,2
4,f103_approved_NAME_CONTRACT_TYPE_Cash_loans_mean,186.57809162139893,14
4,f103_approved_NAME_CLIENT_TYPE_Repeater_sum,82.66050052642822,5
4,f103_approved_NAME_GOODS_CATEGORY_Audio_Video_mean,295.7231979370117,20
4,f103_approved_NAME_GOODS_CATEGORY_Additional_Service_mean,0.0,0
4,f103_approved_NAME_GOODS_CATEGORY_Auto_Accessories_sum,0.0,0
4,f103_approved_NAME_GOODS_CATEGORY_Audio_Video_sum,50.5398006439209,4
4,f103_approved_NAME_CONTRACT_TYPE_Consumer_loans_sum,0.0,0
4,f103_approved_NAME_GOODS_CATEGORY_Computers_mean,33.62757968902588,3
4,f103_approved_NAME_CONTRACT_TYPE_Cash_loans_sum,20.300390243530273,2
4,f103_approved_NAME_GOODS_CATEGORY_Clothing_and_Accessories_mean,64.70799922943115,5
4,f103_approved_NAME_CONTRACT_TYPE_Consumer_loans_mean,0.0,0
4,f103_approved_NAME_GOODS_CATEGORY_Consumer_Electronics_sum,15.906499862670898,1
4,f103_approved_NAME_GOODS_CATEGORY_Additional_Service_sum,0.0,0
4,f103_approved_NAME_GOODS_CATEGORY_Clothing_and_Accessories_sum,10.042499542236328,1
4,f103_approved_NAME_GOODS_CATEGORY_Computers_sum,39.87959957122803,3
4,f103_approved_NAME_GOODS_CATEGORY_Fitness_sum,0.0,0
4,f103_approved_NAME_GOODS_CATEGORY_Homewares_sum,0.0,0
4,f103_approved_NAME_GOODS_CATEGORY_Fitness_mean,0.0,0
4,f103_approved_NAME_GOODS_CATEGORY_Consumer_Electronics_mean,77.91769981384277,6
4,f103_approved_NAME_GOODS_CATEGORY_Construction_Materials_sum,0.0,0
4,f103_approved_NAME_GOODS_CATEGORY_Construction_Materials_mean,0.0,0
4,f103_approved_NAME_GOODS_CATEGORY_Gardening_mean,0.0,0
4,f103_approved_NAME_GOODS_CATEGORY_Homewares_mean,11.78969955444336,1
4,f103_approved_NAME_GOODS_CATEGORY_Education_mean,0.0,0
4,f103_approved_NAME_GOODS_CATEGORY_Education_sum,0.0,0
4,f103_approved_NAME_GOODS_CATEGORY_Gardening_sum,0.0,0
4,f103_approved_NAME_GOODS_CATEGORY_Medicine_mean,0.0,0
4,f103_approved_NAME_GOODS_CATEGORY_Jewelry_sum,0.0,0
4,f103_approved_NAME_GOODS_CATEGORY_Medical_Supplies_mean,0.0,0
4,f103_approved_NAME_GOODS_CATEGORY_Medicine_sum,0.0,0
4,f103_approved_NAME_GOODS_CATEGORY_Jewelry_mean,0.0,0
4,f103_approved_NAME_GOODS_CATEGORY_Medical_Supplies_sum,0.0,0
4,f103_approved_NAME_GOODS_CATEGORY_Office_Appliances_sum,0.0,0
4,f103_approved_NAME_GOODS_CATEGORY_Vehicles_sum,0.0,0
4,f103_approved_NAME_GOODS_CATEGORY_Sport_and_Leisure_mean,0.0,0
4,f103_approved_NAME_GOODS_CATEGORY_Tourism_mean,0.0,0
4,f103_approved_NAME_GOODS_CATEGORY_Vehicles_mean,0.0,0
4,f103_approved_NAME_GOODS_CATEGORY_Photo___Cinema_Equipment_sum,0.0,0
4,f103_approved_NAME_GOODS_CATEGORY_Office_Appliances_mean,0.0,0
4,f103_approved_NAME_GOODS_CATEGORY_Photo___Cinema_Equipment_mean,12.14050006866455,1
4,f103_approved_NAME_GOODS_CATEGORY_Sport_and_Leisure_sum,0.0,0
4,f103_approved_NAME_PAYMENT_TYPE_Cashless_from_the_account_of_the_employer_sum,0.0,0
4,f103_approved_NAME_GOODS_CATEGORY_Tourism_sum,0.0,0
4,f103_approved_NAME_PAYMENT_TYPE_Non_cash_from_your_account_sum,0.0,0
4,f103_approved_NAME_PAYMENT_TYPE_Cash_through_the_bank_sum,107.23429012298584,7
4,f103_approved_NAME_PAYMENT_TYPE_Cashless_from_the_account_of_the_employer_mean,0.0,0
4,f103_approved_NAME_GOODS_CATEGORY_XNA_mean,19.57299041748047,2
4,f103_approved_NAME_PAYMENT_TYPE_Non_cash_from_your_account_mean,0.0,0
4,f103_approved_NAME_SELLER_INDUSTRY_Auto_technology_sum,0.0,0
4,f103_approved_NAME_GOODS_CATEGORY_XNA_sum,39.786800384521484,3
4,f103_approved_NAME_PRODUCT_TYPE_x_sell_mean,182.63420295715332,10
4,f103_approved_NAME_PORTFOLIO_Cash_mean,261.7251024246216,19
4,f103_approved_NAME_PRODUCT_TYPE_x_sell_sum,26.75610065460205,2
4,f103_approved_NAME_PORTFOLIO_Cash_sum,20.40254020690918,2
4,f103_approved_NAME_PORTFOLIO_POS_mean,22.893199920654297,1
4,f103_approved_NAME_PORTFOLIO_POS_sum,25.49970054626465,2
4,f103_approved_NAME_PRODUCT_TYPE_XNA_sum,26.354000091552734,1
4,f103_approved_NAME_SELLER_INDUSTRY_Auto_technology_mean,0.0,0
4,f103_approved_NAME_SELLER_INDUSTRY_Construction_mean,25.986760139465332,2
4,f103_approved_NAME_SELLER_INDUSTRY_Clothing_sum,23.362299919128418,2
4,f103_approved_NAME_PRODUCT_TYPE_XNA_mean,46.21249866485596,3
4,f103_approved_NAME_SELLER_INDUSTRY_Consumer_electronics_mean,193.30647087097168,14
4,f103_approved_NAME_SELLER_INDUSTRY_Clothing_mean,0.0,0
4,f103_approved_NAME_SELLER_INDUSTRY_Construction_sum,0.0,0
4,f103_approved_NAME_SELLER_INDUSTRY_Industry_mean,10.353899955749512,1
4,f103_approved_NAME_SELLER_INDUSTRY_Jewelry_sum,0.0,0
4,f103_approved_NAME_SELLER_INDUSTRY_Jewelry_mean,0.0,0
4,f103_approved_NAME_SELLER_INDUSTRY_Consumer_electronics_sum,70.14770126342773,5
4,f103_approved_NAME_SELLER_INDUSTRY_XNA_mean,100.25290107727051,6
4,f103_approved_NAME_SELLER_INDUSTRY_Tourism_mean,0.0,0
4,f103_approved_NAME_SELLER_INDUSTRY_MLM_partners_sum,0.0,0
4,f103_approved_NAME_TYPE_SUITE_Children_mean,0.0,0
4,f103_approved_NAME_TYPE_SUITE_Family_mean,48.75510025024414,4
4,f103_approved_NAME_SELLER_INDUSTRY_Industry_sum,0.0,0
4,f103_approved_NAME_SELLER_INDUSTRY_Tourism_sum,0.0,0
4,f103_approved_NAME_TYPE_SUITE_Other_B_sum,0.0,0
4,f103_approved_NAME_TYPE_SUITE_Other_A_mean,0.0,0
4,f103_approved_NAME_TYPE_SUITE_Group_of_people_mean,0.0,0
4,f103_approved_NAME_SELLER_INDUSTRY_MLM_partners_mean,0.0,0
4,f103_approved_NAME_SELLER_INDUSTRY_XNA_sum,47.5183801651001,4
4,f103_approved_NAME_TYPE_SUITE_Other_B_mean,0.0,0
4,f103_approved_NAME_TYPE_SUITE_Family_sum,0.0,0
4,f103_approved_NAME_TYPE_SUITE_Unaccompanied_mean,118.5340986251831,9
4,f103_approved_NAME_TYPE_SUITE_Group_of_people_sum,0.0,0
4,f103_approved_NAME_TYPE_SUITE_Children_sum,0.0,0
4,f103_approved_NFLAG_LAST_APPL_IN_DAY_std_div_mean,0.0,0
4,f103_approved_NAME_TYPE_SUITE_Other_A_sum,0.0,0
4,f103_approved_NFLAG_LAST_APPL_IN_DAY_std,0.0,0
4,f103_approved_NAME_TYPE_SUITE_Spouse__partner_mean,8.77322006225586,1
4,f103_approved_NAME_TYPE_SUITE_Spouse__partner_sum,0.0,0
4,f103_approved_NFLAG_LAST_APPL_IN_DAY_min,0.0,0
4,f103_approved_NFLAG_LAST_APPL_IN_DAY_max,0.0,0
4,f103_approved_NAME_TYPE_SUITE_Unaccompanied_sum,35.27773094177246,3
4,f103_approved_NFLAG_LAST_APPL_IN_DAY_mean,0.0,0
4,f103_approved_NAME_YIELD_GROUP_middle_sum,183.109601020813,13
4,f103_approved_PRODUCT_COMBINATION_POS_household_with_interest_sum,175.6879997253418,13
4,f103_approved_PRODUCT_COMBINATION_Card_X_Sell_sum,38.70889854431152,3
4,f103_approved_PRODUCT_COMBINATION_POS_household_without_interest_mean,47.73547077178955,4
5,f103_approved_RATE_DOWN_PAYMENT_std_div_mean,375.1349630355835,37
5,f103_approved_PREV_COUNT,149.2807102203369,15
5,f103_approved_RATE_DOWN_PAYMENT_max_div_min,82.15139961242676,8
5,f103_approved_PRODUCT_COMBINATION_POS_household_without_interest_sum,430.01980352401733,35
5,f103_approved_PRODUCT_COMBINATION_POS_household_with_interest_mean,867.3092789649963,81
5,f103_approved_PRODUCT_COMBINATION_POS_industry_without_interest_sum,143.36965036392212,15
5,f103_approved_PRODUCT_COMBINATION_Card_X_Sell_mean,181.16117095947266,18
5,f103_approved_PRODUCT_COMBINATION_POS_industry_without_interest_mean,490.1244406700134,43
5,f103_approved_PRODUCT_COMBINATION_POS_other_with_interest_mean,170.0277099609375,18
5,f103_approved_PRODUCT_COMBINATION_POS_other_with_interest_sum,30.925299167633057,4
5,f103_approved_PRODUCT_COMBINATION_POS_mobile_without_interest_sum,27.432250022888184,3
5,f103_approved_PRODUCT_COMBINATION_POS_mobile_without_interest_mean,150.96476078033447,14
5,f103_approved_RATE_INTEREST_PRIMARY_max,17.608810424804688,2
5,f103_approved_RATE_INTEREST_PRIMARY_mean,0.0,0
5,f103_approved_PRODUCT_COMBINATION_POS_others_without_interest_sum,0.0,0
5,f103_approved_RATE_INTEREST_PRIMARY_min,0.0,0
5,f103_approved_SELLERPLACE_AREA_std_div_mean,1237.8605432510376,118
5,f103_approved_PRODUCT_COMBINATION_POS_others_without_interest_mean,0.0,0
5,f103_approved_RATE_DOWN_PAYMENT_max,1153.2847309112549,91
5,f103_approved_RATE_DOWN_PAYMENT_mean,1204.207004070282,77
5,f103_approved_WEEKDAY_APPR_PROCESS_START_MONDAY_mean,383.6243300437927,42
5,f103_approved_RATE_DOWN_PAYMENT_min,679.4823327064514,51
5,f103_approved_SELLERPLACE_AREA_max_div_min,1079.5612206459045,110
5,f103_approved_SELLERPLACE_AREA_max,1986.6074583530426,192
5,f103_approved_SELLERPLACE_AREA_std,905.4536876678467,86
5,f103_approved_SELLERPLACE_AREA_mean,1842.6053700447083,183
5,f103_approved_WEEKDAY_APPR_PROCESS_START_MONDAY_sum,125.51384973526001,12
5,f103_approved_WEEKDAY_APPR_PROCESS_START_FRIDAY_mean,338.43648076057434,37
5,f103_approved_SELLERPLACE_AREA_min,2157.5166207551956,209
5,f103_approved_WEEKDAY_APPR_PROCESS_START_FRIDAY_sum,71.87705945968628,8
5,f103_approved_WEEKDAY_APPR_PROCESS_START_SUNDAY_sum,44.283820152282715,5
5,f103_approved_WEEKDAY_APPR_PROCESS_START_THURSDAY_sum,217.62735986709595,25
5,f103_approved_WEEKDAY_APPR_PROCESS_START_WEDNESDAY_mean,288.16785955429077,31
5,f103_approved_WEEKDAY_APPR_PROCESS_START_SUNDAY_mean,329.86689043045044,30
5,f103_approved_WEEKDAY_APPR_PROCESS_START_TUESDAY_sum,78.94855976104736,7
5,f103_approved_WEEKDAY_APPR_PROCESS_START_SATURDAY_sum,45.90168905258179,5
5,f103_approved_WEEKDAY_APPR_PROCESS_START_SATURDAY_mean,280.76117992401123,31
5,f103_approved_WEEKDAY_APPR_PROCESS_START_TUESDAY_mean,255.8106508255005,27
5,f103_approved_WEEKDAY_APPR_PROCESS_START_THURSDAY_mean,284.87793016433716,31
5,f103_approved_amt_paid_max_div_min,339.21163177490234,33
5,f103_approved_WEEKDAY_APPR_PROCESS_START_WEDNESDAY_sum,32.09018039703369,4
5,f103_approved_amt_paid_std_div_mean,929.0213971138,92
5,f103_approved_active_mean,165.3539490699768,12
5,f103_approved_amt_paid_std,951.1681702136993,91
5,f103_approved_amt_unpaid_std_div_mean,527.9229879379272,52
5,f103_approved_active_min,28.21785020828247,3
5,f103_approved_active_max,0.0,0
5,f103_approved_amt_paid_max,2186.5135593414307,213
5,f103_approved_amt_paid_min,3149.6527297496796,252
5,f103_approved_amt_paid_mean,2515.256161928177,226
5,f103_approved_amt_unpaid_max_div_min,117.69654989242554,13
5,f103_approved_amt_unpaid_min,2403.7866241931915,219
5,f103_approved_amt_paid_sum,3066.885738015175,246
5,f103_approved_cnt_paid_mean,1899.7670724391937,173
5,f103_approved_cnt_paid_max_div_min,263.4083905220032,25
5,f103_approved_cnt_paid_max,1175.0070905685425,98
5,f103_approved_cnt_paid_min,1131.0560085773468,103
5,f103_approved_cnt_unpaid_max_div_min,134.76207065582275,15
5,f103_approved_cnt_paid_std_div_mean,760.4708280563354,72
5,f103_approved_completed_std,153.770601272583,11
5,f103_approved_interest_rate_diff_std,1052.819782704115,106
5,f103_approved_cnt_paid_sum,2195.2122836112976,179
5,f103_approved_interest_rate_pctchange_std,1517.065658569336,139
5,f103_approved_interest_rate_diff_std_div_mean,1140.3713083267212,112
5,f103_approved_interest_rate_max_div_min,987.7933478355408,99
5,f103_approved_interest_rate_diff_max,1864.180373430252,185
5,f103_approved_interest_rate_diff_max_div_min,1176.5270569324493,103
5,f103_approved_interest_rate_pctchange_max,1776.3780620098114,167
5,f103_approved_interest_rate_pctchange_std_div_mean,862.5620110034943,90
5,f103_approved_interest_rate_pctchange_max_div_min,1015.8550162315369,84
5,f103_approved_interest_rate_diff_min,2785.993184328079,263
5,f103_approved_interest_rate_pctchange_mean,1733.6425889730453,179
5,f103_approved_total_debt_diff_max_div_min,407.7994797229767,36
5,f103_approved_total_debt_diff_std_div_mean,513.2523331642151,54
5,f103_approved_total_debt_pctchange_mean,1357.1180925369263,131
5,f103_approved_interest_rate_diff_mean,2371.6542427539825,222
5,f103_approved_total_debt_diff_mean,1623.4997510910034,156
5,f103_approved_interest_rate_pctchange_min,3019.924110889435,292
5,f103_approved_total_debt_pctchange_max,1503.1887077093124,150
5,f103_approved_total_debt_diff_max,1618.735223531723,159
5,f103_approved_total_debt_max,1839.1194866895676,172
5,f103_approved_total_debt_min,2077.7031905651093,191
5,f103_approved_total_debt_max_div_min,760.8161931037903,76
5,f103_approved_total_debt_pctchange_std,549.61190366745,55
5,f103_completed_AMT_ANNUITY_d_app_AMT_ANNUITY_pctchange_std,151.2051296234131,16
5,f103_approved_total_debt_pctchange_max_div_min,659.5902814865112,57
5,f103_approved_total_debt_diff_min,2493.1023766994476,194
5,f103_approved_total_debt_mean,1883.7529913187027,177
5,f103_completed_AMT_ANNUITY_d_app_AMT_ANNUITY_diff_min,465.302451133728,46
5,f103_completed_AMT_ANNUITY_d_app_AMT_ANNUITY_diff_mean,575.7797780036926,53
5,f103_completed_AMT_ANNUITY_d_app_AMT_ANNUITY_diff_max_div_min,48.69835138320923,4
5,f103_completed_AMT_ANNUITY_d_app_AMT_ANNUITY_diff_std_div_mean,29.71125030517578,4
5,f103_approved_total_debt_pctchange_min,1631.448876798153,147
5,f103_completed_AMT_ANNUITY_d_app_AMT_ANNUITY_std_div_mean,68.70334100723267,8
5,f103_completed_AMT_ANNUITY_d_app_AMT_ANNUITY_pctchange_std_div_mean,302.3111798763275,30
5,f103_completed_AMT_ANNUITY_d_app_AMT_ANNUITY_pctchange_max,533.3552069664001,55
5,f103_completed_AMT_ANNUITY_d_app_AMT_ANNUITY_pctchange_mean,377.32976150512695,37
5,f103_completed_AMT_ANNUITY_d_app_AMT_CREDIT_diff_std_div_mean,12.532899856567383,1
5,f103_completed_AMT_ANNUITY_d_app_AMT_ANNUITY_pctchange_min,407.1189115047455,40
5,f103_completed_AMT_ANNUITY_d_app_AMT_ANNUITY_max_div_min,15.54377031326294,2
5,f103_completed_AMT_ANNUITY_d_app_AMT_CREDIT_pctchange_std_div_mean,73.18824005126953,8
5,f103_completed_AMT_ANNUITY_d_app_AMT_ANNUITY_pctchange_max_div_min,50.3025598526001,6
5,f103_completed_AMT_ANNUITY_d_app_AMT_CREDIT_diff_min,204.80161094665527,20
5,f103_completed_AMT_ANNUITY_d_app_AMT_CREDIT_pctchange_max_div_min,13.827929973602295,2
5,f103_completed_AMT_ANNUITY_d_app_AMT_CREDIT_diff_mean,147.90153980255127,16
5,f103_completed_AMT_ANNUITY_d_app_AMT_CREDIT_diff_max_div_min,0.0,0
5,f103_completed_AMT_ANNUITY_d_app_AMT_CREDIT_std_div_mean,42.837300300598145,3
5,f103_completed_AMT_ANNUITY_d_app_AMT_GOODS_PRICE_diff_std_div_mean,28.344990253448486,3
5,f103_completed_AMT_ANNUITY_d_app_AMT_CREDIT_max_div_min,8.836979866027832,1
5,f103_completed_AMT_ANNUITY_d_app_AMT_CREDIT_pctchange_std,31.50617027282715,3
5,f103_completed_AMT_ANNUITY_d_app_AMT_GOODS_PRICE_diff_min,150.6771206855774,16
5,f103_completed_AMT_ANNUITY_d_app_AMT_CREDIT_pctchange_max,218.45491981506348,19
5,f103_completed_AMT_ANNUITY_d_app_AMT_GOODS_PRICE_pctchange_std_div_mean,117.03570032119751,12
5,f103_completed_AMT_ANNUITY_d_app_AMT_CREDIT_pctchange_min,175.78111124038696,15
5,f103_completed_AMT_ANNUITY_d_app_AMT_CREDIT_pctchange_mean,132.85892915725708,12
5,f103_completed_AMT_ANNUITY_d_app_AMT_GOODS_PRICE_max_div_min,41.8214898109436,5
5,f103_completed_AMT_ANNUITY_d_app_AMT_GOODS_PRICE_pctchange_min,257.05460834503174,22
5,f103_completed_AMT_ANNUITY_d_app_AMT_GOODS_PRICE_diff_max_div_min,28.606359481811523,2
5,f103_completed_AMT_ANNUITY_d_app_AMT_GOODS_PRICE_pctchange_max_div_min,8.509309768676758,1
5,f103_completed_AMT_ANNUITY_d_app_AMT_INCOME_TOTAL_diff_std_div_mean,0.0,0
5,f103_completed_AMT_ANNUITY_d_app_AMT_GOODS_PRICE_std_div_mean,9.699930191040039,1
5,f103_completed_AMT_ANNUITY_d_app_AMT_GOODS_PRICE_diff_mean,222.79169189929962,21
5,f103_completed_AMT_ANNUITY_d_app_AMT_GOODS_PRICE_pctchange_mean,137.25778007507324,13
5,f103_completed_AMT_ANNUITY_d_app_AMT_GOODS_PRICE_pctchange_std,30.38420009613037,3
5,f103_completed_AMT_ANNUITY_d_app_AMT_INCOME_TOTAL_pctchange_std,8.911510467529297,1
5,f103_completed_AMT_ANNUITY_d_app_AMT_GOODS_PRICE_pctchange_max,151.16540813446045,15
5,f103_completed_AMT_ANNUITY_d_app_AMT_INCOME_TOTAL_diff_min,430.34602975845337,43
5,f103_completed_AMT_ANNUITY_d_app_AMT_INCOME_TOTAL_diff_max_div_min,16.628300666809082,2
5,f103_completed_AMT_ANNUITY_m_app_AMT_GOODS_PRICE_d_app_AMT_INCOME_TOTAL_diff_max_div_min,0.0,0
5,f103_completed_AMT_ANNUITY_d_app_AMT_INCOME_TOTAL_pctchange_std_div_mean,11.152400016784668,1
5,f103_completed_AMT_ANNUITY_m_app_AMT_GOODS_PRICE_d_app_AMT_INCOME_TOTAL_pctchange_max,333.364990234375,32
5,f103_completed_AMT_ANNUITY_d_app_AMT_INCOME_TOTAL_pctchange_max_div_min,20.520899772644043,2
5,f103_completed_AMT_ANNUITY_d_app_AMT_INCOME_TOTAL_max_div_min,17.729459762573242,2
5,f103_completed_AMT_ANNUITY_d_app_AMT_INCOME_TOTAL_pctchange_max,18.626209259033203,2
5,f103_completed_AMT_ANNUITY_d_app_AMT_INCOME_TOTAL_std_div_mean,7.2778000831604,1
5,f103_completed_AMT_ANNUITY_m_app_AMT_GOODS_PRICE_d_app_AMT_INCOME_TOTAL_diff_std_div_mean,0.0,0
5,f103_completed_AMT_ANNUITY_d_app_AMT_INCOME_TOTAL_pctchange_mean,11.982399940490723,1
5,f103_completed_AMT_ANNUITY_d_app_AMT_INCOME_TOTAL_pctchange_min,5.188079833984375,1
5,f103_completed_AMT_ANNUITY_m_app_AMT_GOODS_PRICE_d_app_AMT_INCOME_TOTAL_pctchange_mean,161.92498064041138,18
5,f103_completed_AMT_ANNUITY_m_app_AMT_GOODS_PRICE_d_app_AMT_INCOME_TOTAL_std_div_mean,88.24175977706909,10
5,f103_completed_AMT_ANNUITY_m_app_AMT_GOODS_PRICE_d_app_AMT_INCOME_TOTAL_pctchange_max_div_min,44.09719944000244,4
5,f103_completed_AMT_ANNUITY_m_app_AMT_GOODS_PRICE_d_app_AMT_INCOME_TOTAL_pctchange_std_div_mean,30.846749305725098,3
5,f103_completed_AMT_ANNUITY_m_app_AMT_GOODS_PRICE_d_app_AMT_INCOME_TOTAL_max_div_min,33.76951026916504,3
5,f103_completed_AMT_ANNUITY_m_app_AMT_GOODS_PRICE_d_app_AMT_INCOME_TOTAL_pctchange_std,187.79596942663193,19
5,f103_completed_AMT_ANNUITY_m_app_AMT_GOODS_PRICE_d_app_AMT_INCOME_TOTAL_min,1366.7418625354767,130
5,f103_completed_AMT_ANNUITY_max_div_min,10.01140022277832,1
5,f103_completed_AMT_ANNUITY_m_app_AMT_GOODS_PRICE_d_app_AMT_INCOME_TOTAL_max,1482.2071013450623,139
5,f103_completed_AMT_ANNUITY_m_app_AMT_GOODS_PRICE_d_app_AMT_INCOME_TOTAL_mean,1312.6588959693909,117
5,f103_completed_AMT_ANNUITY_m_app_AMT_GOODS_PRICE_d_app_AMT_INCOME_TOTAL_diff_min,122.4770884513855,13
5,f103_completed_AMT_ANNUITY_s_app_AMT_ANNUITY_d_app_AMT_INCOME_TOTAL_diff_std_div_mean,0.0,0
5,f103_completed_AMT_ANNUITY_m_app_AMT_GOODS_PRICE_d_app_AMT_INCOME_TOTAL_pctchange_min,360.4150800704956,39
5,f103_completed_AMT_ANNUITY_s_app_AMT_ANNUITY_d_app_AMT_INCOME_TOTAL_diff_max_div_min,0.0,0
5,f103_completed_AMT_ANNUITY_s_app_AMT_ANNUITY_d_app_AMT_INCOME_TOTAL_pctchange_std_div_mean,92.40147018432617,9
5,f103_completed_AMT_ANNUITY_s_app_AMT_ANNUITY_d_app_AMT_INCOME_TOTAL_max_div_min,54.83111095428467,5
5,f103_completed_AMT_ANNUITY_s_app_AMT_ANNUITY_diff_max_div_min,0.0,0
5,f103_completed_AMT_ANNUITY_s_app_AMT_ANNUITY_d_app_AMT_INCOME_TOTAL_pctchange_std,187.91337776184082,20
5,f103_completed_AMT_ANNUITY_s_app_AMT_ANNUITY_diff_min,460.5925602912903,48
5,f103_completed_AMT_ANNUITY_s_app_AMT_ANNUITY_d_app_AMT_INCOME_TOTAL_std_div_mean,145.69107007980347,14
5,f103_completed_AMT_ANNUITY_s_app_AMT_ANNUITY_d_app_AMT_INCOME_TOTAL_diff_min,38.289639949798584,4
5,f103_completed_AMT_ANNUITY_s_app_AMT_ANNUITY_diff_std_div_mean,0.0,0
5,f103_completed_AMT_ANNUITY_s_app_AMT_ANNUITY_max_div_min,42.9579496383667,4
5,f103_completed_AMT_ANNUITY_s_app_AMT_ANNUITY_std_div_mean,57.405900955200195,6
5,f103_completed_AMT_ANNUITY_s_app_AMT_ANNUITY_d_app_AMT_INCOME_TOTAL_pctchange_max_div_min,35.61196041107178,4
5,f103_completed_AMT_ANNUITY_s_app_AMT_ANNUITY_pctchange_std_div_mean,23.49650001525879,2
5,f103_completed_AMT_ANNUITY_s_app_AMT_ANNUITY_pctchange_max_div_min,20.971139907836914,2
5,f103_completed_AMT_ANNUITY_s_app_AMT_CREDIT_d_app_AMT_INCOME_TOTAL_max_div_min,6.274449825286865,1
5,f103_completed_AMT_ANNUITY_s_app_AMT_CREDIT_d_app_AMT_INCOME_TOTAL_diff_std_div_mean,0.0,0
5,f103_completed_AMT_ANNUITY_s_app_AMT_ANNUITY_pctchange_std,42.17117977142334,5
5,f103_completed_AMT_ANNUITY_s_app_AMT_CREDIT_d_app_AMT_INCOME_TOTAL_diff_max_div_min,0.0,0
5,f103_completed_AMT_ANNUITY_s_app_AMT_CREDIT_d_app_AMT_INCOME_TOTAL_pctchange_max,125.75075244903564,12
5,f103_completed_AMT_ANNUITY_s_app_AMT_CREDIT_d_app_AMT_INCOME_TOTAL_pctchange_min,349.4387307167053,34
5,f103_completed_AMT_ANNUITY_s_app_AMT_CREDIT_d_app_AMT_INCOME_TOTAL_diff_min,54.32421064376831,5
5,f103_completed_AMT_ANNUITY_s_app_AMT_CREDIT_d_app_AMT_INCOME_TOTAL_pctchange_max_div_min,23.47819995880127,2
5,f103_completed_AMT_ANNUITY_s_app_AMT_CREDIT_d_app_AMT_INCOME_TOTAL_std_div_mean,82.3702802658081,6
5,f103_completed_AMT_ANNUITY_s_app_AMT_CREDIT_d_app_AMT_INCOME_TOTAL_pctchange_std_div_mean,22.24679946899414,2
5,f103_completed_AMT_ANNUITY_s_app_AMT_CREDIT_d_app_AMT_INCOME_TOTAL_pctchange_mean,204.95844078063965,20
5,f103_completed_AMT_ANNUITY_s_app_AMT_CREDIT_d_app_AMT_INCOME_TOTAL_max,921.3332569599152,94
5,f103_completed_AMT_ANNUITY_s_app_AMT_CREDIT_d_app_AMT_INCOME_TOTAL_mean,703.7579407691956,62
5,f103_completed_AMT_ANNUITY_s_app_AMT_CREDIT_diff_max_div_min,0.0,0
5,f103_completed_AMT_ANNUITY_s_app_AMT_CREDIT_diff_std_div_mean,0.0,0
5,f103_completed_AMT_ANNUITY_s_app_AMT_CREDIT_d_app_AMT_INCOME_TOTAL_min,872.0414032936096,81
5,f103_completed_AMT_ANNUITY_s_app_AMT_CREDIT_pctchange_std_div_mean,9.988120079040527,1
5,f103_completed_AMT_ANNUITY_s_app_AMT_GOODS_PRICE_diff_std_div_mean,0.0,0
5,f103_completed_AMT_ANNUITY_s_app_AMT_CREDIT_diff_min,299.18615221977234,30
5,f103_completed_AMT_ANNUITY_s_app_AMT_CREDIT_std_div_mean,23.841659545898438,3
5,f103_completed_AMT_ANNUITY_s_app_AMT_CREDIT_max_div_min,62.29797029495239,6
5,f103_completed_AMT_ANNUITY_s_app_AMT_CREDIT_pctchange_min,155.25931930541992,14
5,f103_completed_AMT_ANNUITY_s_app_AMT_CREDIT_pctchange_max,51.448530197143555,6
5,f103_completed_AMT_ANNUITY_s_app_AMT_GOODS_PRICE_std_div_mean,33.60239028930664,3
5,f103_completed_AMT_ANNUITY_s_app_AMT_CREDIT_pctchange_max_div_min,12.2431001663208,1
5,f103_completed_AMT_ANNUITY_s_app_AMT_CREDIT_pctchange_mean,17.9083194732666,2
5,f103_completed_AMT_ANNUITY_s_app_AMT_GOODS_PRICE_diff_min,305.6994934082031,31
5,f103_completed_AMT_ANNUITY_s_app_AMT_GOODS_PRICE_pctchange_std_div_mean,12.854100227355957,1
5,f103_completed_AMT_ANNUITY_s_app_AMT_GOODS_PRICE_diff_max_div_min,10.6766996383667,1
5,f103_completed_AMT_ANNUITY_s_app_AMT_GOODS_PRICE_pctchange_std,81.40600061416626,10
5,f103_completed_AMT_ANNUITY_s_app_AMT_GOODS_PRICE_max_div_min,60.35666084289551,5
5,f103_completed_AMT_ANNUITY_s_app_AMT_GOODS_PRICE_pctchange_mean,99.81262016296387,10
5,f103_completed_AMT_ANNUITY_std_div_mean,13.963899612426758,1
5,f103_completed_AMT_ANNUITY_s_app_AMT_GOODS_PRICE_pctchange_max_div_min,0.0,0
5,f103_completed_AMT_ANNUITY_s_app_AMT_GOODS_PRICE_pctchange_max,51.266159534454346,5
5,f103_completed_AMT_ANNUITY_s_app_AMT_GOODS_PRICE_pctchange_min,118.03122997283936,12
5,f103_completed_AMT_ANNUITY_s_app_AMT_INCOME_TOTAL_diff_std_div_mean,0.0,0
5,f103_completed_AMT_ANNUITY_s_app_AMT_INCOME_TOTAL_pctchange_std,248.45602941513062,26
5,f103_completed_AMT_ANNUITY_s_app_AMT_INCOME_TOTAL_max_div_min,87.41800022125244,9
5,f103_completed_AMT_ANNUITY_s_app_AMT_INCOME_TOTAL_diff_max_div_min,0.0,0
5,f103_completed_AMT_ANNUITY_s_app_AMT_INCOME_TOTAL_min,2059.1784306168556,206
5,f103_completed_AMT_ANNUITY_s_app_AMT_INCOME_TOTAL_pctchange_max,437.2477774620056,42
5,f103_completed_AMT_ANNUITY_s_app_AMT_INCOME_TOTAL_max,1755.894546508789,176
5,f103_completed_AMT_ANNUITY_s_app_AMT_INCOME_TOTAL_mean,1341.727933049202,127
5,f103_completed_AMT_ANNUITY_s_app_AMT_INCOME_TOTAL_pctchange_min,636.4124109745026,65
5,f103_completed_AMT_ANNUITY_s_app_AMT_INCOME_TOTAL_pctchange_std_div_mean,68.5590500831604,6
5,f103_completed_AMT_ANNUITY_s_app_AMT_INCOME_TOTAL_std_div_mean,258.4451017379761,22
5,f103_completed_AMT_ANNUITY_s_app_AMT_INCOME_TOTAL_diff_min,23.895920276641846,3
5,f103_completed_AMT_ANNUITY_s_app_AMT_INCOME_TOTAL_pctchange_mean,450.2672424316406,45
5,f103_completed_AMT_APPLICATION_d_app_AMT_ANNUITY_diff_min,277.54885959625244,27
5,f103_completed_AMT_APPLICATION_d_app_AMT_ANNUITY_diff_max_div_min,126.1131899356842,12
5,f103_completed_AMT_ANNUITY_s_app_AMT_INCOME_TOTAL_pctchange_max_div_min,53.78529071807861,5
5,f103_completed_AMT_APPLICATION_d_app_AMT_CREDIT_diff_max_div_min,35.64775991439819,4
5,f103_completed_AMT_APPLICATION_d_app_AMT_ANNUITY_std_div_mean,138.15830993652344,12
5,f103_completed_AMT_APPLICATION_d_app_AMT_ANNUITY_diff_std_div_mean,48.835580468177795,6
5,f103_completed_AMT_APPLICATION_d_app_AMT_ANNUITY_pctchange_std_div_mean,66.98119974136353,7
5,f103_completed_AMT_APPLICATION_d_app_AMT_ANNUITY_pctchange_max,255.60033130645752,25
5,f103_completed_AMT_APPLICATION_d_app_AMT_ANNUITY_diff_mean,274.2473096847534,26
5,f103_completed_AMT_APPLICATION_d_app_AMT_ANNUITY_max_div_min,31.74794054031372,4
5,f103_completed_AMT_APPLICATION_d_app_AMT_CREDIT_diff_std_div_mean,7.027470111846924,1
5,f103_completed_AMT_APPLICATION_d_app_AMT_ANNUITY_pctchange_max_div_min,66.57426023483276,6
5,f103_completed_AMT_APPLICATION_d_app_AMT_CREDIT_max_div_min,0.0,0
5,f103_completed_AMT_APPLICATION_d_app_AMT_CREDIT_diff_mean,265.6125383377075,24
5,f103_completed_AMT_APPLICATION_d_app_AMT_ANNUITY_pctchange_min,365.01857900619507,34
5,f103_completed_AMT_APPLICATION_d_app_AMT_CREDIT_pctchange_max,57.904669761657715,6
5,f103_completed_AMT_APPLICATION_d_app_AMT_ANNUITY_pctchange_mean,189.87602853775024,21
5,f103_completed_AMT_APPLICATION_d_app_AMT_CREDIT_pctchange_max_div_min,27.322199821472168,2
5,f103_completed_AMT_APPLICATION_d_app_AMT_CREDIT_std_div_mean,76.95457983016968,7
5,f103_completed_AMT_APPLICATION_d_app_AMT_CREDIT_pctchange_std_div_mean,0.0,0
5,f103_completed_AMT_APPLICATION_d_app_AMT_CREDIT_pctchange_mean,116.4208996295929,11
5,f103_completed_AMT_APPLICATION_d_app_AMT_GOODS_PRICE_diff_std_div_mean,20.317830085754395,2
5,f103_completed_AMT_APPLICATION_d_app_AMT_CREDIT_diff_min,233.5805902481079,20
5,f103_completed_AMT_APPLICATION_d_app_AMT_GOODS_PRICE_std_div_mean,64.92056131362915,7
5,f103_completed_AMT_APPLICATION_d_app_AMT_GOODS_PRICE_pctchange_mean,94.49016904830933,9
5,f103_completed_AMT_APPLICATION_d_app_AMT_GOODS_PRICE_diff_mean,318.19878125190735,30
5,f103_completed_AMT_APPLICATION_d_app_AMT_GOODS_PRICE_diff_max_div_min,40.685070514678955,4
5,f103_completed_AMT_APPLICATION_d_app_AMT_GOODS_PRICE_diff_min,210.70726108551025,18
5,f103_completed_AMT_APPLICATION_d_app_AMT_CREDIT_pctchange_min,86.36136281490326,9
5,f103_completed_AMT_APPLICATION_d_app_AMT_GOODS_PRICE_pctchange_min,79.7814302444458,6
5,f103_completed_AMT_APPLICATION_d_app_AMT_GOODS_PRICE_pctchange_max,73.92494058609009,6
5,f103_completed_AMT_APPLICATION_d_app_AMT_GOODS_PRICE_max_div_min,7.933010101318359,1
5,f103_completed_AMT_APPLICATION_d_app_AMT_GOODS_PRICE_pctchange_max_div_min,30.76142978668213,3
5,f103_completed_AMT_APPLICATION_d_app_AMT_GOODS_PRICE_pctchange_std_div_mean,19.856839895248413,3
5,f103_completed_AMT_APPLICATION_d_app_AMT_INCOME_TOTAL_diff_max_div_min,9.111220359802246,1
5,f103_completed_AMT_APPLICATION_d_app_AMT_INCOME_TOTAL_pctchange_std_div_mean,10.730899810791016,1
5,f103_completed_AMT_APPLICATION_d_app_AMT_INCOME_TOTAL_diff_std_div_mean,0.0,0
5,f103_completed_AMT_APPLICATION_d_app_AMT_INCOME_TOTAL_pctchange_min,17.38340950012207,2
5,f103_completed_AMT_APPLICATION_d_app_AMT_INCOME_TOTAL_pctchange_max,22.12629985809326,2
5,f103_completed_AMT_APPLICATION_d_app_AMT_INCOME_TOTAL_pctchange_max_div_min,0.0,0
5,f103_completed_AMT_APPLICATION_d_app_AMT_INCOME_TOTAL_max_div_min,17.010299682617188,1
5,f103_completed_AMT_APPLICATION_m_app_AMT_GOODS_PRICE_d_app_AMT_INCOME_TOTAL_diff_std_div_mean,40.95905017852783,4
5,f103_completed_AMT_APPLICATION_m_app_AMT_GOODS_PRICE_d_app_AMT_INCOME_TOTAL_pctchange_std,69.59891843795776,7
5,f103_completed_AMT_APPLICATION_m_app_AMT_GOODS_PRICE_d_app_AMT_INCOME_TOTAL_diff_max_div_min,4.328579902648926,1
5,f103_completed_AMT_APPLICATION_d_app_AMT_INCOME_TOTAL_pctchange_mean,0.0,0
5,f103_completed_AMT_APPLICATION_m_app_AMT_GOODS_PRICE_d_app_AMT_INCOME_TOTAL_max_div_min,77.87933874130249,7
5,f103_completed_AMT_APPLICATION_m_app_AMT_GOODS_PRICE_d_app_AMT_INCOME_TOTAL_mean,629.8385334014893,56
5,f103_completed_AMT_APPLICATION_d_app_AMT_INCOME_TOTAL_std_div_mean,9.282899856567383,1
5,f103_completed_AMT_APPLICATION_m_app_AMT_GOODS_PRICE_d_app_AMT_INCOME_TOTAL_max,594.3201894760132,53
5,f103_completed_AMT_APPLICATION_m_app_AMT_GOODS_PRICE_d_app_AMT_INCOME_TOTAL_pctchange_std_div_mean,135.7093997001648,14
5,f103_completed_AMT_APPLICATION_m_app_AMT_GOODS_PRICE_d_app_AMT_INCOME_TOTAL_std_div_mean,61.550830364227295,7
5,f103_completed_AMT_APPLICATION_s_app_AMT_ANNUITY_d_app_AMT_INCOME_TOTAL_diff_std_div_mean,0.0,0
5,f103_completed_AMT_APPLICATION_m_app_AMT_GOODS_PRICE_d_app_AMT_INCOME_TOTAL_pctchange_min,420.86457991600037,42
5,f103_completed_AMT_APPLICATION_s_app_AMT_ANNUITY_d_app_AMT_INCOME_TOTAL_pctchange_std,78.6090202331543,9
5,f103_completed_AMT_APPLICATION_m_app_AMT_GOODS_PRICE_d_app_AMT_INCOME_TOTAL_min,435.38013076782227,46
5,f103_completed_AMT_APPLICATION_m_app_AMT_GOODS_PRICE_d_app_AMT_INCOME_TOTAL_pctchange_max_div_min,71.46172046661377,7
5,f103_completed_AMT_APPLICATION_m_app_AMT_GOODS_PRICE_d_app_AMT_INCOME_TOTAL_pctchange_max,525.408637881279,53
5,f103_completed_AMT_APPLICATION_s_app_AMT_ANNUITY_d_app_AMT_INCOME_TOTAL_pctchange_std_div_mean,190.24950981140137,20
5,f103_completed_AMT_APPLICATION_max_div_min,7.277460098266602,1
5,f103_completed_AMT_APPLICATION_m_app_AMT_GOODS_PRICE_d_app_AMT_INCOME_TOTAL_pctchange_mean,389.03477907180786,33
5,f103_completed_AMT_APPLICATION_s_app_AMT_ANNUITY_d_app_AMT_INCOME_TOTAL_diff_max_div_min,0.0,0
5,f103_completed_AMT_APPLICATION_s_app_AMT_ANNUITY_d_app_AMT_INCOME_TOTAL_pctchange_max,929.7229099273682,70
5,f103_completed_AMT_APPLICATION_s_app_AMT_ANNUITY_d_app_AMT_INCOME_TOTAL_pctchange_max_div_min,130.600679397583,12
5,f103_completed_AMT_APPLICATION_s_app_AMT_ANNUITY_diff_std_div_mean,0.0,0
5,f103_completed_AMT_APPLICATION_s_app_AMT_ANNUITY_d_app_AMT_INCOME_TOTAL_pctchange_mean,1342.8937854766846,66
5,f103_completed_AMT_APPLICATION_s_app_AMT_ANNUITY_d_app_AMT_INCOME_TOTAL_pctchange_min,511.16481924057007,53
5,f103_completed_AMT_APPLICATION_s_app_AMT_ANNUITY_d_app_AMT_INCOME_TOTAL_std_div_mean,388.53474140167236,39
5,f103_completed_AMT_APPLICATION_s_app_AMT_ANNUITY_pctchange_std,6.525489807128906,1
5,f103_completed_AMT_APPLICATION_s_app_AMT_ANNUITY_std_div_mean,183.6473307609558,20
5,f103_completed_AMT_APPLICATION_s_app_AMT_ANNUITY_d_app_AMT_INCOME_TOTAL_max_div_min,168.06502056121826,16
5,f103_completed_AMT_APPLICATION_s_app_AMT_ANNUITY_diff_max_div_min,0.0,0
5,f103_completed_AMT_APPLICATION_s_app_AMT_ANNUITY_pctchange_std_div_mean,16.333230018615723,2
5,f103_completed_AMT_APPLICATION_s_app_AMT_ANNUITY_diff_min,303.39513182640076,33
5,f103_completed_AMT_APPLICATION_s_app_AMT_ANNUITY_pctchange_max_div_min,55.960299015045166,6
5,f103_completed_AMT_APPLICATION_s_app_AMT_ANNUITY_max_div_min,151.3920783996582,14
5,f103_completed_AMT_APPLICATION_s_app_AMT_CREDIT_d_app_AMT_INCOME_TOTAL_diff_std_div_mean,0.0,0
5,f103_completed_AMT_APPLICATION_s_app_AMT_CREDIT_d_app_AMT_INCOME_TOTAL_pctchange_std,51.89096021652222,6
5,f103_completed_AMT_APPLICATION_s_app_AMT_ANNUITY_pctchange_mean,404.88856172561646,24
5,f103_completed_AMT_APPLICATION_s_app_AMT_CREDIT_d_app_AMT_INCOME_TOTAL_std_div_mean,118.14200067520142,12
5,f103_completed_AMT_APPLICATION_s_app_AMT_ANNUITY_pctchange_max,471.5185122489929,33
5,f103_completed_AMT_APPLICATION_s_app_AMT_ANNUITY_pctchange_min,173.6291298866272,17
5,f103_completed_AMT_APPLICATION_s_app_AMT_CREDIT_d_app_AMT_INCOME_TOTAL_pctchange_max,511.57964181900024,48
5,f103_completed_AMT_APPLICATION_s_app_AMT_CREDIT_d_app_AMT_INCOME_TOTAL_diff_max_div_min,10.083399772644043,1
5,f103_completed_AMT_APPLICATION_s_app_AMT_CREDIT_d_app_AMT_INCOME_TOTAL_max,1551.902145087719,123
5,f103_completed_AMT_APPLICATION_s_app_AMT_CREDIT_diff_std_div_mean,0.0,0
5,f103_completed_AMT_APPLICATION_s_app_AMT_CREDIT_d_app_AMT_INCOME_TOTAL_max_div_min,47.37641954421997,4
5,f103_completed_AMT_APPLICATION_s_app_AMT_CREDIT_d_app_AMT_INCOME_TOTAL_pctchange_mean,300.2840404510498,30
5,f103_completed_AMT_APPLICATION_s_app_AMT_CREDIT_diff_min,71.16876888275146,7
5,f103_completed_AMT_APPLICATION_s_app_AMT_CREDIT_d_app_AMT_INCOME_TOTAL_min,1131.752298116684,100
5,f103_completed_AMT_APPLICATION_s_app_AMT_CREDIT_d_app_AMT_INCOME_TOTAL_mean,967.4619592428207,86
5,f103_completed_AMT_APPLICATION_s_app_AMT_CREDIT_diff_max_div_min,0.0,0
5,f103_completed_AMT_APPLICATION_s_app_AMT_CREDIT_d_app_AMT_INCOME_TOTAL_pctchange_max_div_min,67.02971076965332,8
5,f103_completed_AMT_APPLICATION_s_app_AMT_CREDIT_min,1743.6277050971985,130
5,f103_completed_AMT_APPLICATION_s_app_AMT_CREDIT_d_app_AMT_INCOME_TOTAL_pctchange_min,501.73035955429077,49
5,f103_completed_AMT_APPLICATION_s_app_AMT_CREDIT_pctchange_max_div_min,6.031670093536377,1
5,f103_completed_AMT_APPLICATION_s_app_AMT_CREDIT_pctchange_max,137.68801879882812,11
5,f103_completed_AMT_APPLICATION_s_app_AMT_CREDIT_pctchange_std,40.7140007019043,4
5,f103_completed_AMT_APPLICATION_s_app_AMT_CREDIT_mean,2144.1982917785645,146
5,f103_completed_AMT_APPLICATION_s_app_AMT_GOODS_PRICE_pctchange_std,0.0,0
5,f103_completed_AMT_APPLICATION_s_app_AMT_CREDIT_max_div_min,14.866299629211426,1
5,f103_completed_AMT_APPLICATION_s_app_AMT_CREDIT_pctchange_mean,160.35351753234863,14
5,f103_completed_AMT_APPLICATION_s_app_AMT_CREDIT_max,2296.3982768058777,136
5,f103_completed_AMT_APPLICATION_s_app_AMT_GOODS_PRICE_diff_max_div_min,8.806750297546387,1
5,f103_completed_AMT_APPLICATION_s_app_AMT_CREDIT_pctchange_min,258.98909759521484,19
5,f103_completed_AMT_APPLICATION_s_app_AMT_GOODS_PRICE_diff_min,139.18585109710693,15
5,f103_completed_AMT_APPLICATION_s_app_AMT_CREDIT_std_div_mean,32.748329162597656,3
5,f103_completed_AMT_APPLICATION_s_app_AMT_GOODS_PRICE_diff_std_div_mean,0.0,0
5,f103_completed_AMT_APPLICATION_s_app_AMT_GOODS_PRICE_max_div_min,52.75420951843262,5
5,f103_completed_AMT_APPLICATION_s_app_AMT_GOODS_PRICE_pctchange_min,184.0551905632019,20
5,f103_completed_AMT_APPLICATION_s_app_AMT_GOODS_PRICE_pctchange_max_div_min,6.114659786224365,1
5,f103_completed_AMT_APPLICATION_s_app_AMT_GOODS_PRICE_pctchange_max,203.6260905265808,20
5,f103_completed_AMT_APPLICATION_s_app_AMT_GOODS_PRICE_mean,1060.4437651634216,93
5,f103_completed_AMT_APPLICATION_s_app_AMT_GOODS_PRICE_pctchange_std_div_mean,49.006189823150635,5
5,f103_completed_AMT_APPLICATION_s_app_AMT_GOODS_PRICE_min,1836.27552318573,132
5,f103_completed_AMT_APPLICATION_s_app_AMT_GOODS_PRICE_pctchange_mean,150.587158203125,14
5,f103_completed_AMT_APPLICATION_s_app_AMT_GOODS_PRICE_std_div_mean,18.837509155273438,2
5,f103_completed_AMT_APPLICATION_s_app_AMT_INCOME_TOTAL_diff_std_div_mean,0.0,0
5,f103_completed_AMT_APPLICATION_s_app_AMT_GOODS_PRICE_max,1280.3533191680908,107
5,f103_completed_AMT_APPLICATION_s_app_AMT_INCOME_TOTAL_diff_max_div_min,0.0,0
5,f103_completed_AMT_APPLICATION_s_app_AMT_INCOME_TOTAL_max_div_min,232.31985092163086,22
5,f103_completed_AMT_APPLICATION_s_app_AMT_INCOME_TOTAL_pctchange_mean,916.3772387504578,91
5,f103_completed_AMT_APPLICATION_s_app_AMT_INCOME_TOTAL_pctchange_min,766.4282819032669,77
5,f103_completed_AMT_APPLICATION_s_app_AMT_INCOME_TOTAL_pctchange_std,193.6316499710083,18
5,f103_completed_AMT_APPLICATION_s_app_AMT_INCOME_TOTAL_pctchange_max,848.8167495727539,86
5,f103_completed_AMT_APPLICATION_std_div_mean,7.653860092163086,1
5,f103_completed_AMT_APPLICATION_s_app_AMT_INCOME_TOTAL_diff_min,9.907130002975464,2
5,f103_completed_AMT_CREDIT_d_AMT_ANNUITY_diff_std_div_mean,58.47708034515381,6
5,f103_completed_AMT_CREDIT_d_AMT_APPLICATION_diff_std_div_mean,65.69531059265137,7
5,f103_completed_AMT_CREDIT_d_AMT_ANNUITY_pctchange_min,904.2401256561279,88
5,f103_completed_AMT_APPLICATION_s_app_AMT_INCOME_TOTAL_std_div_mean,63.62111973762512,9
5,f103_completed_AMT_CREDIT_d_AMT_ANNUITY_diff_max_div_min,35.48851013183594,4
5,f103_completed_AMT_CREDIT_d_AMT_ANNUITY_diff_std,189.32955050468445,18
5,f103_completed_AMT_CREDIT_d_AMT_ANNUITY_std,167.13975858688354,16
5,f103_completed_AMT_CREDIT_d_AMT_ANNUITY_pctchange_std,153.22389030456543,16
5,f103_completed_AMT_APPLICATION_s_app_AMT_INCOME_TOTAL_pctchange_max_div_min,158.69734954833984,14
5,f103_completed_AMT_CREDIT_d_AMT_APPLICATION_std,139.6844515800476,14
5,f103_completed_AMT_CREDIT_d_AMT_APPLICATION_max_div_min,34.23920965194702,4
5,f103_completed_AMT_CREDIT_d_AMT_ANNUITY_max,4188.6702572107315,372
5,f103_completed_AMT_CREDIT_d_AMT_ANNUITY_diff_min,790.7693808078766,77
5,f103_completed_AMT_CREDIT_d_AMT_ANNUITY_max_div_min,91.2340497970581,11
5,f103_completed_AMT_CREDIT_d_AMT_ANNUITY_pctchange_max_div_min,58.291080951690674,6
5,f103_completed_AMT_CREDIT_d_AMT_ANNUITY_pctchange_mean,1078.3130958080292,95
5,f103_completed_AMT_CREDIT_d_AMT_APPLICATION_diff_std,48.37509024143219,6
5,f103_completed_AMT_CREDIT_d_AMT_APPLICATION_diff_max_div_min,100.54017972946167,9
5,f103_completed_AMT_CREDIT_d_AMT_ANNUITY_mean,2265.647971868515,212
5,f103_completed_AMT_CREDIT_d_AMT_ANNUITY_min,2301.5275716781616,210
5,f103_completed_AMT_CREDIT_d_AMT_ANNUITY_pctchange_std_div_mean,161.24646091461182,16
5,f103_completed_AMT_CREDIT_d_AMT_APPLICATION_diff_min,886.5712156295776,85
5,f103_completed_AMT_CREDIT_d_AMT_APPLICATION_diff_mean,662.436381816864,64
5,f103_completed_AMT_CREDIT_d_AMT_APPLICATION_pctchange_std_div_mean,91.53291034698486,9
5,f103_completed_AMT_CREDIT_d_AMT_APPLICATION_std_div_mean,75.68499994277954,7
5,f103_completed_AMT_CREDIT_d_app_AMT_ANNUITY_diff_std_div_mean,66.18842077255249,7
5,f103_completed_AMT_CREDIT_d_AMT_APPLICATION_pctchange_min,404.93314266204834,39
5,f103_completed_AMT_CREDIT_d_AMT_APPLICATION_pctchange_max_div_min,33.406960010528564,5
5,f103_completed_AMT_CREDIT_d_AMT_APPLICATION_pctchange_std,74.89851951599121,8
5,f103_completed_AMT_CREDIT_d_app_AMT_ANNUITY_std_div_mean,113.88341951370239,10
5,f103_completed_AMT_CREDIT_d_AMT_APPLICATION_diff_max,628.9961857795715,59
5,f103_completed_AMT_CREDIT_d_AMT_APPLICATION_pctchange_mean,264.4465403556824,25
5,f103_completed_AMT_CREDIT_d_AMT_APPLICATION_pctchange_max,280.13318824768066,30
5,f103_completed_AMT_CREDIT_d_app_AMT_ANNUITY_diff_mean,345.5772190093994,36
5,f103_completed_AMT_CREDIT_d_app_AMT_ANNUITY_diff_min,299.9719398021698,32
5,f103_completed_AMT_CREDIT_d_app_AMT_ANNUITY_diff_max_div_min,79.25509929656982,7
5,f103_completed_AMT_CREDIT_d_app_AMT_CREDIT_diff_mean,224.50259017944336,22
5,f103_completed_AMT_CREDIT_d_app_AMT_ANNUITY_pctchange_max,122.47821044921875,13
5,f103_completed_AMT_CREDIT_d_app_AMT_ANNUITY_pctchange_std,64.404550075531,6
5,f103_completed_AMT_CREDIT_d_app_AMT_ANNUITY_pctchange_std_div_mean,52.29844951629639,4
5,f103_completed_AMT_CREDIT_d_app_AMT_ANNUITY_pctchange_max_div_min,53.9539098739624,5
5,f103_completed_AMT_CREDIT_d_app_AMT_CREDIT_diff_max_div_min,0.0,0
5,f103_completed_AMT_CREDIT_d_app_AMT_CREDIT_diff_min,237.87090015411377,22
5,f103_completed_AMT_CREDIT_d_app_AMT_ANNUITY_max_div_min,18.071699619293213,2
5,f103_completed_AMT_CREDIT_d_app_AMT_ANNUITY_pctchange_mean,52.647029876708984,6
5,f103_completed_AMT_CREDIT_d_app_AMT_ANNUITY_pctchange_min,64.59475088119507,6
5,f103_completed_AMT_CREDIT_d_app_AMT_CREDIT_pctchange_max_div_min,44.5807204246521,4
5,f103_completed_AMT_CREDIT_d_app_AMT_CREDIT_diff_std_div_mean,10.192000389099121,1
5,f103_completed_AMT_CREDIT_d_app_AMT_CREDIT_pctchange_std,39.906779289245605,5
5,f103_completed_AMT_CREDIT_d_app_AMT_CREDIT_std_div_mean,85.0776093006134,8
5,f103_completed_AMT_CREDIT_d_app_AMT_CREDIT_pctchange_mean,151.84290027618408,15
5,f103_completed_AMT_CREDIT_d_app_AMT_GOODS_PRICE_diff_std_div_mean,9.225460052490234,1
5,f103_completed_AMT_CREDIT_d_app_AMT_GOODS_PRICE_diff_max_div_min,20.322620391845703,2
5,f103_completed_AMT_CREDIT_d_app_AMT_CREDIT_max_div_min,9.379289627075195,1
5,f103_completed_AMT_CREDIT_d_app_AMT_GOODS_PRICE_diff_mean,287.2800512313843,30
5,f103_completed_AMT_CREDIT_d_app_AMT_CREDIT_pctchange_max,133.9600601196289,12
5,f103_completed_AMT_CREDIT_d_app_AMT_GOODS_PRICE_pctchange_std,25.67732048034668,3
5,f103_completed_AMT_CREDIT_d_app_AMT_GOODS_PRICE_pctchange_max_div_min,23.464599609375,2
5,f103_completed_AMT_CREDIT_d_app_AMT_CREDIT_pctchange_std_div_mean,49.132768630981445,6
5,f103_completed_AMT_CREDIT_d_app_AMT_CREDIT_pctchange_min,108.06877088546753,10
5,f103_completed_AMT_CREDIT_d_app_AMT_INCOME_TOTAL_diff_std_div_mean,0.0,0
5,f103_completed_AMT_CREDIT_d_app_AMT_GOODS_PRICE_max_div_min,0.0,0
5,f103_completed_AMT_CREDIT_d_app_AMT_GOODS_PRICE_pctchange_max,137.47276043891907,15
5,f103_completed_AMT_CREDIT_d_app_AMT_GOODS_PRICE_diff_min,243.4137897491455,21
5,f103_completed_AMT_CREDIT_d_app_AMT_GOODS_PRICE_pctchange_std_div_mean,50.802300453186035,4
5,f103_completed_AMT_CREDIT_d_app_AMT_GOODS_PRICE_pctchange_mean,87.16414976119995,10
5,f103_completed_AMT_CREDIT_d_app_AMT_INCOME_TOTAL_pctchange_std,0.0,0
5,f103_completed_AMT_CREDIT_d_app_AMT_GOODS_PRICE_pctchange_min,117.33234882354736,13
5,f103_completed_AMT_CREDIT_d_app_AMT_INCOME_TOTAL_diff_max_div_min,10.858400344848633,1
5,f103_completed_AMT_CREDIT_d_app_AMT_INCOME_TOTAL_max_div_min,29.1482195854187,3
5,f103_completed_AMT_CREDIT_d_app_AMT_GOODS_PRICE_std_div_mean,11.707099914550781,1
5,f103_completed_AMT_CREDIT_d_total_debt_diff_std_div_mean,134.56592988967896,13
5,f103_completed_AMT_CREDIT_d_app_AMT_INCOME_TOTAL_pctchange_std_div_mean,0.0,0
5,f103_completed_AMT_CREDIT_d_app_AMT_INCOME_TOTAL_pctchange_max,105.98077058792114,9
5,f103_completed_AMT_CREDIT_d_app_AMT_INCOME_TOTAL_pctchange_min,90.29866981506348,9
5,f103_completed_AMT_CREDIT_d_app_AMT_INCOME_TOTAL_pctchange_mean,103.91485834121704,11
5,f103_completed_AMT_CREDIT_d_app_AMT_INCOME_TOTAL_pctchange_max_div_min,0.0,0
5,f103_completed_AMT_CREDIT_d_total_debt_diff_max_div_min,94.33653831481934,9
5,f103_completed_AMT_CREDIT_d_total_debt_max_div_min,930.2861242294312,81
5,f103_completed_AMT_CREDIT_d_total_debt_pctchange_std_div_mean,153.72361946105957,15
5,f103_completed_AMT_CREDIT_m_app_AMT_GOODS_PRICE_d_app_AMT_INCOME_TOTAL_pctchange_max,451.2571017742157,47
5,f103_completed_AMT_CREDIT_d_app_AMT_INCOME_TOTAL_std_div_mean,72.12660026550293,6
5,f103_completed_AMT_CREDIT_m_app_AMT_GOODS_PRICE_d_app_AMT_INCOME_TOTAL_diff_std_div_mean,0.0,0
5,f103_completed_AMT_CREDIT_d_total_debt_pctchange_max_div_min,136.6082100868225,13
5,f103_completed_AMT_CREDIT_m_app_AMT_GOODS_PRICE_d_app_AMT_INCOME_TOTAL_min,709.3203344345093,70
5,f103_completed_AMT_CREDIT_m_app_AMT_GOODS_PRICE_d_app_AMT_INCOME_TOTAL_pctchange_std_div_mean,82.58679103851318,9
5,f103_completed_AMT_CREDIT_m_app_AMT_GOODS_PRICE_d_app_AMT_INCOME_TOTAL_max_div_min,20.3164701461792,2
5,f103_completed_AMT_CREDIT_m_app_AMT_GOODS_PRICE_d_app_AMT_INCOME_TOTAL_diff_max_div_min,0.0,0
5,f103_completed_AMT_CREDIT_m_app_AMT_GOODS_PRICE_d_app_AMT_INCOME_TOTAL_mean,509.7696490287781,51
5,f103_completed_AMT_CREDIT_m_app_AMT_GOODS_PRICE_d_app_AMT_INCOME_TOTAL_max,782.5271682739258,71
5,f103_completed_AMT_CREDIT_m_app_AMT_GOODS_PRICE_d_app_AMT_INCOME_TOTAL_pctchange_mean,505.01930570602417,50
5,f103_completed_AMT_CREDIT_max_div_min,2.883349895477295,1
5,f103_completed_AMT_CREDIT_m_app_AMT_GOODS_PRICE_d_app_AMT_INCOME_TOTAL_pctchange_max_div_min,19.473060607910156,2
5,f103_completed_AMT_CREDIT_s_app_AMT_ANNUITY_d_app_AMT_INCOME_TOTAL_pctchange_max_div_min,163.08399868011475,14
5,f103_completed_AMT_CREDIT_m_app_AMT_GOODS_PRICE_d_app_AMT_INCOME_TOTAL_pctchange_std,137.9719796180725,15
5,f103_completed_AMT_CREDIT_m_app_AMT_GOODS_PRICE_d_app_AMT_INCOME_TOTAL_std_div_mean,167.7787890434265,17
5,f103_completed_AMT_CREDIT_s_app_AMT_ANNUITY_d_app_AMT_INCOME_TOTAL_diff_max_div_min,0.0,0
5,f103_completed_AMT_CREDIT_s_app_AMT_ANNUITY_d_app_AMT_INCOME_TOTAL_diff_std_div_mean,0.0,0
5,f103_completed_AMT_CREDIT_m_app_AMT_GOODS_PRICE_d_app_AMT_INCOME_TOTAL_pctchange_min,700.6159510612488,61
5,f103_completed_AMT_CREDIT_s_app_AMT_ANNUITY_d_app_AMT_INCOME_TOTAL_max_div_min,64.9527997970581,7
5,f103_completed_AMT_CREDIT_s_app_AMT_ANNUITY_d_app_AMT_INCOME_TOTAL_pctchange_std,169.83777952194214,16
5,f103_completed_AMT_CREDIT_s_app_AMT_ANNUITY_diff_max_div_min,11.463700294494629,1
5,f103_completed_AMT_CREDIT_s_app_AMT_ANNUITY_diff_std_div_mean,0.0,0
5,f103_completed_AMT_CREDIT_s_app_AMT_ANNUITY_pctchange_std,62.2616400718689,7
5,f103_completed_AMT_CREDIT_s_app_AMT_ANNUITY_d_app_AMT_INCOME_TOTAL_pctchange_min,337.1706132888794,32
5,f103_completed_AMT_CREDIT_s_app_AMT_ANNUITY_d_app_AMT_INCOME_TOTAL_pctchange_mean,708.0381116867065,50
5,f103_completed_AMT_CREDIT_s_app_AMT_ANNUITY_diff_min,186.84233951568604,18
5,f103_completed_AMT_CREDIT_s_app_AMT_ANNUITY_max_div_min,46.173879623413086,4
5,f103_completed_AMT_CREDIT_s_app_AMT_ANNUITY_d_app_AMT_INCOME_TOTAL_pctchange_max,589.7914531826973,45
5,f103_completed_AMT_CREDIT_s_app_AMT_ANNUITY_pctchange_max,344.10926246643066,34
5,f103_completed_AMT_CREDIT_s_app_AMT_ANNUITY_pctchange_max_div_min,28.8590407371521,3
5,f103_completed_AMT_CREDIT_s_app_AMT_ANNUITY_pctchange_min,374.9768533706665,36
5,f103_completed_AMT_CREDIT_s_app_AMT_CREDIT_d_app_AMT_INCOME_TOTAL_max,1091.756483078003,88
5,f103_completed_AMT_CREDIT_s_app_AMT_CREDIT_d_app_AMT_INCOME_TOTAL_pctchange_std,145.94595909118652,12
5,f103_completed_AMT_CREDIT_s_app_AMT_CREDIT_d_app_AMT_INCOME_TOTAL_max_div_min,61.55919027328491,6
5,f103_completed_AMT_CREDIT_s_app_AMT_CREDIT_d_app_AMT_INCOME_TOTAL_diff_max_div_min,0.0,0
5,f103_completed_AMT_CREDIT_s_app_AMT_ANNUITY_pctchange_mean,776.0368766784668,53
5,f103_completed_AMT_CREDIT_s_app_AMT_CREDIT_d_app_AMT_INCOME_TOTAL_diff_std_div_mean,0.0,0
5,f103_completed_AMT_CREDIT_s_app_AMT_CREDIT_d_app_AMT_INCOME_TOTAL_pctchange_std_div_mean,66.21061992645264,7
5,f103_completed_AMT_CREDIT_s_app_AMT_CREDIT_d_app_AMT_INCOME_TOTAL_pctchange_max_div_min,68.40110921859741,8
5,f103_completed_AMT_CREDIT_s_app_AMT_CREDIT_d_app_AMT_INCOME_TOTAL_min,531.9365181922913,53
5,f103_completed_AMT_CREDIT_s_app_AMT_CREDIT_d_app_AMT_INCOME_TOTAL_mean,678.238842010498,61
5,f103_completed_AMT_CREDIT_s_app_AMT_CREDIT_diff_min,233.15217924118042,22
5,f103_completed_AMT_CREDIT_s_app_AMT_CREDIT_d_app_AMT_INCOME_TOTAL_pctchange_max,350.9881503582001,35
5,f103_completed_AMT_CREDIT_s_app_AMT_CREDIT_diff_max_div_min,0.0,0
5,f103_completed_AMT_CREDIT_s_app_AMT_CREDIT_d_app_AMT_INCOME_TOTAL_std_div_mean,51.6744499206543,5
5,f103_completed_AMT_CREDIT_s_app_AMT_CREDIT_pctchange_min,418.0316457748413,39
5,f103_completed_AMT_CREDIT_s_app_AMT_CREDIT_max_div_min,45.140299797058105,4
5,f103_completed_AMT_CREDIT_s_app_AMT_CREDIT_d_app_AMT_INCOME_TOTAL_pctchange_min,301.4152693748474,27
5,f103_completed_AMT_CREDIT_s_app_AMT_CREDIT_mean,1094.9105525016785,93
5,f103_completed_AMT_CREDIT_s_app_AMT_CREDIT_d_app_AMT_INCOME_TOTAL_pctchange_mean,228.16545009613037,25
5,f103_completed_AMT_CREDIT_s_app_AMT_CREDIT_pctchange_std,25.542019844055176,3
5,f103_completed_AMT_CREDIT_s_app_AMT_CREDIT_pctchange_std_div_mean,21.155869960784912,2
5,f103_completed_AMT_CREDIT_s_app_AMT_CREDIT_diff_std_div_mean,0.0,0
5,f103_completed_AMT_CREDIT_s_app_AMT_CREDIT_pctchange_max_div_min,8.057939529418945,1
5,f103_completed_AMT_CREDIT_s_app_AMT_CREDIT_pctchange_max,85.83399987220764,9
5,f103_completed_AMT_CREDIT_s_app_AMT_GOODS_PRICE_pctchange_std_div_mean,17.882200241088867,2
5,f103_completed_AMT_CREDIT_s_app_AMT_CREDIT_min,861.7649526596069,77
5,f103_completed_AMT_CREDIT_s_app_AMT_GOODS_PRICE_diff_max_div_min,0.0,0
5,f103_completed_AMT_CREDIT_s_app_AMT_CREDIT_std_div_mean,50.63342094421387,4
5,f103_completed_AMT_CREDIT_s_app_AMT_GOODS_PRICE_pctchange_std,8.535989761352539,1
5,f103_completed_AMT_CREDIT_s_app_AMT_CREDIT_pctchange_mean,312.0255093574524,29
5,f103_completed_AMT_CREDIT_s_app_AMT_GOODS_PRICE_diff_std_div_mean,0.0,0
5,f103_completed_AMT_CREDIT_s_app_AMT_CREDIT_max,1175.7644845843315,96
5,f103_completed_AMT_CREDIT_s_app_AMT_GOODS_PRICE_diff_min,269.5166504383087,26
5,f103_completed_AMT_CREDIT_s_app_AMT_GOODS_PRICE_max,1910.9296326637268,136
5,f103_completed_AMT_CREDIT_s_app_AMT_INCOME_TOTAL_diff_std_div_mean,0.0,0
5,f103_completed_AMT_CREDIT_s_app_AMT_GOODS_PRICE_pctchange_mean,170.88869047164917,16
5,f103_completed_AMT_CREDIT_s_app_AMT_GOODS_PRICE_mean,1430.778814792633,124
5,f103_completed_AMT_CREDIT_s_app_AMT_INCOME_TOTAL_std_div_mean,137.84211122989655,15
5,f103_completed_AMT_CREDIT_s_app_AMT_GOODS_PRICE_pctchange_min,243.03144073486328,24
5,f103_completed_AMT_CREDIT_s_app_AMT_INCOME_TOTAL_diff_min,206.18495988845825,17
5,f103_completed_AMT_CREDIT_s_app_AMT_GOODS_PRICE_pctchange_max,181.29801034927368,17
5,f103_completed_AMT_CREDIT_s_app_AMT_GOODS_PRICE_pctchange_max_div_min,11.060400009155273,1
5,f103_completed_AMT_CREDIT_s_app_AMT_GOODS_PRICE_min,2611.5096719264984,205
5,f103_completed_AMT_CREDIT_s_app_AMT_GOODS_PRICE_max_div_min,17.954880237579346,2
5,f103_completed_AMT_CREDIT_s_app_AMT_GOODS_PRICE_std_div_mean,38.60734987258911,5
5,f103_completed_AMT_CREDIT_s_app_AMT_INCOME_TOTAL_pctchange_std_div_mean,125.20828679203987,15
5,f103_completed_AMT_CREDIT_s_app_AMT_INCOME_TOTAL_pctchange_std,87.13245671987534,10
5,f103_completed_AMT_DOWN_PAYMENT_d_AMT_GOODS_PRICE_pctchange_std,18.29149055480957,2
5,f103_completed_AMT_CREDIT_std_div_mean,16.432950019836426,2
5,f103_completed_AMT_CREDIT_s_app_AMT_INCOME_TOTAL_max_div_min,85.02542996406555,10
5,f103_completed_AMT_CREDIT_s_app_AMT_INCOME_TOTAL_diff_max_div_min,0.0,0
5,f103_completed_AMT_CREDIT_s_app_AMT_INCOME_TOTAL_pctchange_min,952.5306465625763,91
5,f103_completed_AMT_CREDIT_s_app_AMT_INCOME_TOTAL_pctchange_max_div_min,55.840439796447754,6
5,f103_completed_AMT_DOWN_PAYMENT_d_AMT_GOODS_PRICE_diff_std_div_mean,86.02177047729492,8
5,f103_completed_AMT_CREDIT_s_app_AMT_INCOME_TOTAL_pctchange_max,1012.9750018119812,105
5,f103_completed_AMT_CREDIT_s_app_AMT_INCOME_TOTAL_pctchange_mean,824.5897016525269,80
5,f103_completed_AMT_DOWN_PAYMENT_d_AMT_GOODS_PRICE_pctchange_std_div_mean,11.508300304412842,2
5,f103_completed_AMT_DOWN_PAYMENT_d_AMT_GOODS_PRICE_pctchange_max_div_min,18.476189613342285,2
5,f103_completed_AMT_DOWN_PAYMENT_d_AMT_GOODS_PRICE_std_div_mean,33.46640968322754,4
5,f103_completed_AMT_DOWN_PAYMENT_d_AMT_GOODS_PRICE_diff_max,600.5159999132156,58
5,f103_completed_AMT_DOWN_PAYMENT_d_AMT_GOODS_PRICE_diff_max_div_min,65.45468997955322,7
5,f103_completed_AMT_DOWN_PAYMENT_d_AMT_GOODS_PRICE_max_div_min,32.50685977935791,3
5,f103_completed_AMT_DOWN_PAYMENT_d_AMT_GOODS_PRICE_diff_mean,415.2857427597046,46
5,f103_completed_AMT_DOWN_PAYMENT_d_AMT_GOODS_PRICE_diff_min,581.9094996452332,60
5,f103_completed_AMT_DOWN_PAYMENT_d_AMT_GOODS_PRICE_max,432.2521414756775,43
5,f103_completed_AMT_DOWN_PAYMENT_d_AMT_GOODS_PRICE_mean,444.69096636772156,44
5,f103_completed_AMT_DOWN_PAYMENT_std_div_mean,49.656500816345215,5
5,f103_completed_AMT_DOWN_PAYMENT_d_AMT_GOODS_PRICE_pctchange_mean,228.55674076080322,24
5,f103_completed_AMT_DOWN_PAYMENT_d_AMT_GOODS_PRICE_std,47.8471794128418,5
5,f103_completed_AMT_DOWN_PAYMENT_d_AMT_GOODS_PRICE_pctchange_max,154.22339057922363,15
5,f103_completed_AMT_DOWN_PAYMENT_d_AMT_GOODS_PRICE_pctchange_min,144.04281044006348,15
5,f103_completed_AMT_GOODS_PRICE_d_AMT_ANNUITY_diff_std,210.08987951278687,20
5,f103_completed_AMT_DOWN_PAYMENT_max,761.566529750824,66
5,f103_completed_AMT_DOWN_PAYMENT_max_div_min,9.14663028717041,1
5,f103_completed_AMT_DOWN_PAYMENT_std,77.88046979904175,7
5,f103_completed_AMT_GOODS_PRICE_d_AMT_ANNUITY_diff_std_div_mean,99.04608917236328,9
5,f103_completed_AMT_DOWN_PAYMENT_d_AMT_GOODS_PRICE_min,307.423397064209,30
5,f103_completed_AMT_GOODS_PRICE_d_AMT_ANNUITY_diff_max_div_min,126.85944032669067,11
5,f103_completed_AMT_GOODS_PRICE_d_AMT_ANNUITY_pctchange_std,101.0645203590393,10
5,f103_completed_AMT_DOWN_PAYMENT_mean,538.5507326126099,48
5,f103_completed_AMT_GOODS_PRICE_d_AMT_CREDIT_diff_std_div_mean,88.4330096244812,10
5,f103_completed_AMT_GOODS_PRICE_d_AMT_ANNUITY_max_div_min,221.7140884399414,20
5,f103_completed_AMT_DOWN_PAYMENT_min,525.973602771759,50
5,f103_completed_AMT_GOODS_PRICE_d_AMT_CREDIT_diff_std,55.406291007995605,7
5,f103_completed_AMT_GOODS_PRICE_d_AMT_ANNUITY_pctchange_max_div_min,15.591480255126953,2
5,f103_completed_AMT_GOODS_PRICE_d_AMT_CREDIT_std,196.97317934036255,18
5,f103_completed_AMT_GOODS_PRICE_d_AMT_ANNUITY_std,285.14108180999756,29
5,f103_completed_AMT_GOODS_PRICE_d_AMT_ANNUITY_pctchange_min,1214.5110138654709,121
5,f103_completed_AMT_GOODS_PRICE_d_AMT_ANNUITY_pctchange_std_div_mean,182.40140962600708,19
5,f103_completed_AMT_GOODS_PRICE_d_AMT_CREDIT_diff_mean,352.5026397705078,34
5,f103_completed_AMT_GOODS_PRICE_d_AMT_CREDIT_diff_max_div_min,66.54671001434326,7
5,f103_completed_AMT_GOODS_PRICE_d_AMT_CREDIT_pctchange_std_div_mean,86.21547961235046,10
5,f103_completed_AMT_GOODS_PRICE_d_AMT_CREDIT_pctchange_std,132.82979106903076,13
5,f103_completed_AMT_GOODS_PRICE_d_AMT_CREDIT_diff_min,449.5329442024231,47
5,f103_completed_AMT_GOODS_PRICE_d_AMT_CREDIT_max_div_min,91.57376003265381,10
5,f103_completed_AMT_GOODS_PRICE_d_app_AMT_ANNUITY_diff_std_div_mean,0.0,0
5,f103_completed_AMT_GOODS_PRICE_d_AMT_CREDIT_pctchange_mean,375.67925214767456,32
5,f103_completed_AMT_GOODS_PRICE_d_AMT_CREDIT_diff_max,649.6808090209961,65
5,f103_completed_AMT_GOODS_PRICE_d_AMT_CREDIT_pctchange_min,224.07197904586792,24
5,f103_completed_AMT_GOODS_PRICE_d_AMT_CREDIT_pctchange_max,158.4305624961853,14
5,f103_completed_AMT_GOODS_PRICE_d_AMT_CREDIT_pctchange_max_div_min,77.3583607673645,8
5,f103_completed_AMT_GOODS_PRICE_d_AMT_CREDIT_std_div_mean,46.8717999458313,4
5,f103_completed_AMT_GOODS_PRICE_d_app_AMT_ANNUITY_diff_max_div_min,22.887800216674805,2
5,f103_completed_AMT_GOODS_PRICE_d_app_AMT_ANNUITY_std_div_mean,0.0,0
5,f103_completed_AMT_GOODS_PRICE_d_app_AMT_ANNUITY_max_div_min,3.548150062561035,1
5,f103_completed_AMT_GOODS_PRICE_d_app_AMT_ANNUITY_diff_min,240.6404905319214,20
5,f103_completed_AMT_GOODS_PRICE_d_app_AMT_ANNUITY_pctchange_std_div_mean,0.0,0
5,f103_completed_AMT_GOODS_PRICE_d_app_AMT_ANNUITY_diff_mean,174.91446924209595,16
5,f103_completed_AMT_GOODS_PRICE_d_app_AMT_ANNUITY_pctchange_mean,7.806839942932129,1
5,f103_completed_AMT_GOODS_PRICE_d_app_AMT_CREDIT_diff_std_div_mean,0.0,0
5,f103_completed_AMT_GOODS_PRICE_d_app_AMT_ANNUITY_pctchange_min,14.91349983215332,1
5,f103_completed_AMT_GOODS_PRICE_d_app_AMT_CREDIT_diff_mean,152.39007115364075,17
5,f103_completed_AMT_GOODS_PRICE_d_app_AMT_ANNUITY_pctchange_max,9.871939659118652,1
5,f103_completed_AMT_GOODS_PRICE_d_app_AMT_ANNUITY_pctchange_max_div_min,0.0,0
5,f103_completed_AMT_GOODS_PRICE_d_app_AMT_CREDIT_std_div_mean,0.0,0
5,f103_completed_AMT_GOODS_PRICE_d_app_AMT_CREDIT_diff_max_div_min,8.70376968383789,1
5,f103_completed_AMT_GOODS_PRICE_d_app_AMT_CREDIT_pctchange_max,0.0,0
5,f103_completed_AMT_GOODS_PRICE_d_app_AMT_CREDIT_pctchange_max_div_min,0.0,0
5,f103_completed_AMT_GOODS_PRICE_d_app_AMT_GOODS_PRICE_diff_std_div_mean,0.0,0
5,f103_completed_AMT_GOODS_PRICE_d_app_AMT_CREDIT_max_div_min,0.0,0
5,f103_completed_AMT_GOODS_PRICE_d_app_AMT_GOODS_PRICE_diff_mean,138.14752912521362,16
5,f103_completed_AMT_GOODS_PRICE_d_app_AMT_CREDIT_diff_min,77.17708015441895,9
5,f103_completed_AMT_GOODS_PRICE_d_app_AMT_CREDIT_pctchange_std_div_mean,7.3230299949646,1
5,f103_completed_AMT_GOODS_PRICE_d_app_AMT_CREDIT_pctchange_mean,22.213000297546387,2
5,f103_completed_AMT_GOODS_PRICE_d_app_AMT_GOODS_PRICE_diff_max_div_min,8.402219772338867,1
5,f103_completed_AMT_GOODS_PRICE_d_app_AMT_GOODS_PRICE_diff_min,143.48663997650146,16
5,f103_completed_AMT_GOODS_PRICE_d_app_AMT_CREDIT_pctchange_min,0.0,0
5,f103_completed_AMT_GOODS_PRICE_d_app_AMT_GOODS_PRICE_pctchange_max_div_min,6.933879852294922,1
5,f103_completed_AMT_GOODS_PRICE_d_app_AMT_GOODS_PRICE_pctchange_max,25.93179988861084,2
5,f103_completed_AMT_GOODS_PRICE_d_app_AMT_GOODS_PRICE_std_div_mean,12.735400199890137,1
5,f103_completed_AMT_GOODS_PRICE_d_app_AMT_GOODS_PRICE_pctchange_mean,11.40719985961914,1
5,f103_completed_AMT_GOODS_PRICE_d_app_AMT_GOODS_PRICE_max_div_min,21.486709594726562,3
5,f103_completed_AMT_GOODS_PRICE_d_app_AMT_INCOME_TOTAL_diff_max_div_min,5.651919841766357,1
5,f103_completed_AMT_GOODS_PRICE_d_app_AMT_INCOME_TOTAL_pctchange_max,19.70829963684082,1
5,f103_completed_AMT_GOODS_PRICE_d_app_AMT_GOODS_PRICE_pctchange_std_div_mean,0.0,0
5,f103_completed_AMT_GOODS_PRICE_d_app_AMT_INCOME_TOTAL_diff_std_div_mean,0.0,0
5,f103_completed_AMT_GOODS_PRICE_d_app_AMT_INCOME_TOTAL_max_div_min,0.0,0
5,f103_completed_AMT_GOODS_PRICE_d_app_AMT_INCOME_TOTAL_pctchange_std_div_mean,0.0,0
5,f103_completed_AMT_GOODS_PRICE_d_total_debt_diff_std,73.8944296836853,8
5,f103_completed_AMT_GOODS_PRICE_d_app_AMT_INCOME_TOTAL_pctchange_max_div_min,0.0,0
5,f103_completed_AMT_GOODS_PRICE_d_total_debt_diff_std_div_mean,148.13812065124512,17
5,f103_completed_AMT_GOODS_PRICE_d_app_AMT_INCOME_TOTAL_std_div_mean,0.0,0
5,f103_completed_AMT_GOODS_PRICE_d_app_AMT_GOODS_PRICE_pctchange_min,24.094550132751465,2
5,f103_completed_AMT_GOODS_PRICE_d_app_AMT_INCOME_TOTAL_pctchange_mean,0.0,0
5,f103_completed_AMT_GOODS_PRICE_d_app_AMT_INCOME_TOTAL_pctchange_min,0.0,0
5,f103_completed_AMT_GOODS_PRICE_d_total_debt_pctchange_std_div_mean,166.96567916870117,15
5,f103_completed_AMT_GOODS_PRICE_d_total_debt_diff_max,2136.447868168354,170
5,f103_completed_AMT_GOODS_PRICE_d_total_debt_diff_mean,1520.7989675998688,148
6,f103_completed_AMT_GOODS_PRICE_d_total_debt_diff_max_div_min,422.4328987598419,36
6,f103_completed_AMT_GOODS_PRICE_m_app_AMT_GOODS_PRICE_d_app_AMT_INCOME_TOTAL_pctchange_std_div_mean,92.67186951637268,11
6,f103_completed_AMT_GOODS_PRICE_m_app_AMT_GOODS_PRICE_d_app_AMT_INCOME_TOTAL_diff_std_div_mean,113.36594867706299,11
6,f103_completed_AMT_GOODS_PRICE_d_total_debt_pctchange_max_div_min,209.00790882110596,19
6,f103_completed_AMT_GOODS_PRICE_m_app_AMT_GOODS_PRICE_d_app_AMT_INCOME_TOTAL_std_div_mean,183.22988939285278,18
6,f103_completed_AMT_GOODS_PRICE_d_total_debt_max_div_min,267.6660907268524,29
6,f103_completed_AMT_GOODS_PRICE_d_total_debt_diff_min,2252.058534145355,213
6,f103_completed_AMT_GOODS_PRICE_m_app_AMT_GOODS_PRICE_d_app_AMT_INCOME_TOTAL_max,965.5200996398926,96
6,f103_completed_AMT_GOODS_PRICE_m_app_AMT_GOODS_PRICE_d_app_AMT_INCOME_TOTAL_pctchange_min,634.8972136974335,54
6,f103_completed_AMT_GOODS_PRICE_m_app_AMT_GOODS_PRICE_d_app_AMT_INCOME_TOTAL_diff_max_div_min,131.84685969352722,12
6,f103_completed_AMT_GOODS_PRICE_m_app_AMT_GOODS_PRICE_d_app_AMT_INCOME_TOTAL_max_div_min,58.835700035095215,7
6,f103_completed_AMT_GOODS_PRICE_m_app_AMT_GOODS_PRICE_d_app_AMT_INCOME_TOTAL_mean,1027.976072192192,101
6,f103_completed_AMT_GOODS_PRICE_s_app_AMT_ANNUITY_d_app_AMT_INCOME_TOTAL_diff_std_div_mean,47.04016923904419,4
6,f103_completed_AMT_GOODS_PRICE_s_app_AMT_ANNUITY_d_app_AMT_INCOME_TOTAL_pctchange_std_div_mean,191.46874952316284,17
6,f103_completed_AMT_GOODS_PRICE_m_app_AMT_GOODS_PRICE_d_app_AMT_INCOME_TOTAL_pctchange_max,975.1877909302711,78
6,f103_completed_AMT_GOODS_PRICE_m_app_AMT_GOODS_PRICE_d_app_AMT_INCOME_TOTAL_pctchange_std,40.946049213409424,5
6,f103_completed_AMT_GOODS_PRICE_m_app_AMT_GOODS_PRICE_d_app_AMT_INCOME_TOTAL_pctchange_max_div_min,65.22086954116821,6
6,f103_completed_AMT_GOODS_PRICE_m_app_AMT_GOODS_PRICE_d_app_AMT_INCOME_TOTAL_pctchange_mean,558.6941523551941,61
6,f103_completed_AMT_GOODS_PRICE_m_app_AMT_GOODS_PRICE_d_app_AMT_INCOME_TOTAL_min,1203.2279555797577,120
6,f103_completed_AMT_GOODS_PRICE_s_app_AMT_ANNUITY_d_app_AMT_INCOME_TOTAL_pctchange_std,118.35115003585815,13
6,f103_completed_AMT_GOODS_PRICE_s_app_AMT_ANNUITY_d_app_AMT_INCOME_TOTAL_diff_max_div_min,73.74401950836182,7
6,f103_completed_AMT_GOODS_PRICE_max_div_min,137.77190160751343,13
6,f103_completed_AMT_GOODS_PRICE_s_app_AMT_ANNUITY_d_app_AMT_INCOME_TOTAL_pctchange_max_div_min,154.6052384376526,12
6,f103_completed_AMT_GOODS_PRICE_s_app_AMT_ANNUITY_d_app_AMT_INCOME_TOTAL_pctchange_min,740.0599780082703,72
6,f103_completed_AMT_GOODS_PRICE_s_app_AMT_ANNUITY_d_app_AMT_INCOME_TOTAL_std_div_mean,315.9458484649658,30
6,f103_completed_AMT_GOODS_PRICE_s_app_AMT_ANNUITY_std_div_mean,129.9919284582138,15
6,f103_completed_AMT_GOODS_PRICE_s_app_AMT_ANNUITY_diff_std_div_mean,27.32079029083252,3
6,f103_completed_AMT_GOODS_PRICE_s_app_AMT_ANNUITY_d_app_AMT_INCOME_TOTAL_max_div_min,57.57971954345703,7
6,f103_completed_AMT_GOODS_PRICE_s_app_AMT_ANNUITY_d_app_AMT_INCOME_TOTAL_pctchange_max,2280.446110725403,149
6,f103_completed_AMT_GOODS_PRICE_s_app_AMT_ANNUITY_d_app_AMT_INCOME_TOTAL_pctchange_mean,1738.8020887374878,108
6,f103_completed_AMT_GOODS_PRICE_s_app_AMT_ANNUITY_diff_max_div_min,34.4187707901001,4
6,f103_completed_AMT_GOODS_PRICE_s_app_AMT_ANNUITY_pctchange_std_div_mean,8.10906982421875,1
6,f103_completed_AMT_GOODS_PRICE_s_app_AMT_ANNUITY_pctchange_std,57.44055986404419,6
6,f103_completed_AMT_GOODS_PRICE_s_app_AMT_CREDIT_d_app_AMT_INCOME_TOTAL_diff_max_div_min,9.278260231018066,1
6,f103_completed_AMT_GOODS_PRICE_s_app_AMT_ANNUITY_max_div_min,51.43999004364014,5
6,f103_completed_AMT_GOODS_PRICE_s_app_AMT_ANNUITY_pctchange_max,489.7870578765869,33
6,f103_completed_AMT_GOODS_PRICE_s_app_AMT_ANNUITY_pctchange_max_div_min,68.4414610862732,6
6,f103_completed_AMT_GOODS_PRICE_s_app_AMT_ANNUITY_pctchange_mean,527.6500773429871,26
6,f103_completed_AMT_GOODS_PRICE_s_app_AMT_CREDIT_d_app_AMT_INCOME_TOTAL_diff_std_div_mean,18.327619552612305,2
6,f103_completed_AMT_GOODS_PRICE_s_app_AMT_ANNUITY_pctchange_min,538.5998611450195,53
6,f103_completed_AMT_GOODS_PRICE_s_app_AMT_CREDIT_d_app_AMT_INCOME_TOTAL_std_div_mean,30.78403949737549,3
6,f103_completed_AMT_GOODS_PRICE_s_app_AMT_CREDIT_d_app_AMT_INCOME_TOTAL_mean,1566.3422898054123,141
6,f103_completed_AMT_GOODS_PRICE_s_app_AMT_CREDIT_d_app_AMT_INCOME_TOTAL_pctchange_std,130.77883958816528,14
6,f103_completed_AMT_GOODS_PRICE_s_app_AMT_CREDIT_d_app_AMT_INCOME_TOTAL_pctchange_max,688.5631113052368,69
6,f103_completed_AMT_GOODS_PRICE_s_app_AMT_CREDIT_d_app_AMT_INCOME_TOTAL_max_div_min,48.7935004234314,5
6,f103_completed_AMT_GOODS_PRICE_s_app_AMT_CREDIT_d_app_AMT_INCOME_TOTAL_min,1559.3485565185547,144
6,f103_completed_AMT_GOODS_PRICE_s_app_AMT_CREDIT_d_app_AMT_INCOME_TOTAL_pctchange_max_div_min,74.28035020828247,9
6,f103_completed_AMT_GOODS_PRICE_s_app_AMT_CREDIT_d_app_AMT_INCOME_TOTAL_pctchange_mean,633.7802205085754,60
6,f103_completed_AMT_GOODS_PRICE_s_app_AMT_CREDIT_diff_std_div_mean,0.0,0
6,f103_completed_AMT_GOODS_PRICE_s_app_AMT_CREDIT_diff_max_div_min,10.677900314331055,1
6,f103_completed_AMT_GOODS_PRICE_s_app_AMT_CREDIT_d_app_AMT_INCOME_TOTAL_max,2174.4874782562256,180
6,f103_completed_AMT_GOODS_PRICE_s_app_AMT_CREDIT_d_app_AMT_INCOME_TOTAL_pctchange_min,763.3300499916077,75
6,f103_completed_AMT_GOODS_PRICE_s_app_AMT_CREDIT_max,2897.0456960201263,231
6,f103_completed_AMT_GOODS_PRICE_s_app_AMT_CREDIT_mean,2289.979017138481,178
6,f103_completed_AMT_GOODS_PRICE_s_app_AMT_CREDIT_std_div_mean,59.76192903518677,6
6,f103_completed_AMT_GOODS_PRICE_s_app_AMT_CREDIT_max_div_min,51.036478996276855,5
6,f103_completed_AMT_GOODS_PRICE_s_app_AMT_CREDIT_pctchange_max_div_min,13.918399810791016,1
6,f103_completed_AMT_GOODS_PRICE_s_app_AMT_GOODS_PRICE_diff_max_div_min,29.10077953338623,2
6,f103_completed_AMT_GOODS_PRICE_s_app_AMT_CREDIT_pctchange_std,17.150219917297363,3
6,f103_completed_AMT_GOODS_PRICE_s_app_AMT_GOODS_PRICE_pctchange_max,248.8666205406189,24
6,f103_completed_AMT_GOODS_PRICE_s_app_AMT_CREDIT_min,2049.43200135231,166
6,f103_completed_AMT_GOODS_PRICE_s_app_AMT_CREDIT_pctchange_max,179.3784110546112,20
6,f103_completed_AMT_GOODS_PRICE_s_app_AMT_CREDIT_pctchange_min,363.95059967041016,30
6,f103_completed_AMT_GOODS_PRICE_s_app_AMT_CREDIT_pctchange_mean,110.62977123260498,11
6,f103_completed_AMT_GOODS_PRICE_s_app_AMT_GOODS_PRICE_pctchange_std_div_mean,20.664289951324463,2
6,f103_completed_AMT_GOODS_PRICE_s_app_AMT_GOODS_PRICE_min,2964.5064454078674,240
6,f103_completed_AMT_GOODS_PRICE_s_app_AMT_GOODS_PRICE_mean,2619.441547393799,221
6,f103_completed_AMT_GOODS_PRICE_s_app_AMT_GOODS_PRICE_pctchange_std,31.10476016998291,3
6,f103_completed_AMT_GOODS_PRICE_s_app_AMT_GOODS_PRICE_pctchange_max_div_min,10.241000175476074,1
6,f103_completed_AMT_GOODS_PRICE_s_app_AMT_GOODS_PRICE_max,2269.62042427063,195
6,f103_completed_AMT_GOODS_PRICE_s_app_AMT_INCOME_TOTAL_diff_std_div_mean,0.0,0
6,f103_completed_AMT_GOODS_PRICE_s_app_AMT_GOODS_PRICE_std_div_mean,109.0115716457367,12
6,f103_completed_AMT_GOODS_PRICE_s_app_AMT_GOODS_PRICE_diff_std_div_mean,0.0,0
6,f103_completed_AMT_GOODS_PRICE_s_app_AMT_INCOME_TOTAL_pctchange_std,160.90397119522095,17
6,f103_completed_AMT_GOODS_PRICE_s_app_AMT_GOODS_PRICE_pctchange_min,200.59619998931885,19
6,f103_completed_AMT_GOODS_PRICE_s_app_AMT_INCOME_TOTAL_pctchange_min,1275.0029180049896,128
6,f103_completed_AMT_GOODS_PRICE_s_app_AMT_GOODS_PRICE_pctchange_mean,217.03754234313965,19
6,f103_completed_AMT_GOODS_PRICE_s_app_AMT_INCOME_TOTAL_diff_max_div_min,0.0,0
6,f103_completed_AMT_GOODS_PRICE_s_app_AMT_GOODS_PRICE_max_div_min,71.89412879943848,7
6,f103_completed_AMT_GOODS_PRICE_std_div_mean,92.23197937011719,9
6,f103_completed_AMT_GOODS_PRICE_s_app_AMT_INCOME_TOTAL_max_div_min,189.61572074890137,20
6,f103_completed_AMT_GOODS_PRICE_s_app_AMT_INCOME_TOTAL_std_div_mean,196.90259885787964,19
6,f103_completed_AMT_GOODS_PRICE_s_app_AMT_INCOME_TOTAL_pctchange_mean,1165.9079909324646,113
6,f103_completed_CHANNEL_TYPE_Contact_center_mean,0.0,0
6,f103_completed_CHANNEL_TYPE_Country_wide_mean,230.0630612373352,25
6,f103_completed_AMT_GOODS_PRICE_s_app_AMT_INCOME_TOTAL_pctchange_max_div_min,166.09908962249756,18
6,f103_completed_AMT_GOODS_PRICE_s_app_AMT_INCOME_TOTAL_pctchange_max,1317.486831188202,128
6,f103_completed_CHANNEL_TYPE_AP___Cash_loan__sum,17.21196985244751,2
6,f103_completed_CHANNEL_TYPE_Channel_of_corporate_sales_sum,0.0,0
6,f103_completed_CHANNEL_TYPE_Credit_and_cash_offices_mean,116.36933898925781,9
6,f103_completed_CHANNEL_TYPE_AP___Cash_loan__mean,25.086750030517578,3
6,f103_completed_CHANNEL_TYPE_Stone_mean,316.0424385070801,32
6,f103_completed_CNT_PAYMENT_max_div_min,7.300749778747559,1
6,f103_completed_CHANNEL_TYPE_Regional___Local_sum,11.958900451660156,1
6,f103_completed_CHANNEL_TYPE_Stone_sum,75.48255109786987,9
6,f103_completed_CHANNEL_TYPE_Channel_of_corporate_sales_mean,0.0,0
6,f103_completed_CNT_PAYMENT_max,0.0,0
6,f103_completed_CHANNEL_TYPE_Regional___Local_mean,87.74469947814941,10
6,f103_completed_CHANNEL_TYPE_Contact_center_sum,0.0,0
6,f103_completed_CODE_REJECT_REASON_XAP_sum,0.0,0
6,f103_completed_CNT_PAYMENT_min,40.09816932678223,3
6,f103_completed_CHANNEL_TYPE_Country_wide_sum,88.12912917137146,9
6,f103_completed_CNT_PAYMENT_mean,26.767000198364258,2
6,f103_completed_DAYS_DECISION_d_app_DAYS_BIRTH_max_div_min,64.24348974227905,7
6,f103_completed_DAYS_DECISION_d_app_DAYS_EMPLOYED_max_div_min,35.105440616607666,4
6,f103_completed_DAYS_DECISION_d_app_DAYS_ID_PUBLISH_std,124.05624866485596,13
6,f103_completed_DAYS_DECISION_d_app_DAYS_LAST_PHONE_CHANGE_mean,1362.1554780006409,92
6,f103_completed_DAYS_DECISION_d_app_DAYS_ID_PUBLISH_max_div_min,46.704869508743286,5
6,f103_completed_DAYS_DECISION_d_app_DAYS_LAST_PHONE_CHANGE_max,901.2706775665283,62
6,f103_completed_DAYS_DECISION_d_app_DAYS_LAST_PHONE_CHANGE_std,178.63603830337524,18
6,f103_completed_DAYS_DECISION_d_app_DAYS_ID_PUBLISH_max,1024.730776309967,95
6,f103_completed_DAYS_DECISION_d_app_DAYS_ID_PUBLISH_mean,1298.910122871399,103
6,f103_completed_DAYS_DECISION_d_app_DAYS_REGISTRATION_max_div_min,36.746299743652344,4
6,f103_completed_DAYS_DECISION_d_app_DAYS_ID_PUBLISH_min,2370.4004731178284,169
6,f103_completed_DAYS_DECISION_d_app_DAYS_REGISTRATION_min,1681.2080841064453,129
6,f103_completed_DAYS_DECISION_s_app_DAYS_EMPLOYED_max_div_min,397.73528003692627,34
6,f103_completed_DAYS_DECISION_d_app_DAYS_REGISTRATION_max,910.6161580085754,78
6,f103_completed_DAYS_DECISION_s_app_DAYS_EMPLOYED_std_div_mean,341.30596017837524,30
6,f103_completed_DAYS_DECISION_d_app_DAYS_REGISTRATION_mean,935.3731594085693,79
6,f103_completed_DAYS_DECISION_s_app_DAYS_LAST_PHONE_CHANGE_max_div_min,597.40079164505,53
6,f103_completed_DAYS_DECISION_d_app_DAYS_LAST_PHONE_CHANGE_min,2910.2370915412903,144
6,f103_completed_DAYS_DECISION_s_app_DAYS_ID_PUBLISH_std_div_mean,95.15540981292725,10
6,f103_completed_DAYS_DECISION_s_app_DAYS_LAST_PHONE_CHANGE_std_div_mean,37.22667932510376,5
6,f103_completed_DAYS_DECISION_s_app_DAYS_REGISTRATION_max_div_min,39.91228008270264,4
6,f103_completed_DAYS_FIRST_DUE_d_app_DAYS_BIRTH_max_div_min,15.526519775390625,2
6,f103_completed_DAYS_FIRST_DUE_d_app_DAYS_ID_PUBLISH_max_div_min,36.820969104766846,4
6,f103_completed_DAYS_FIRST_DUE_d_app_DAYS_ID_PUBLISH_std,162.4900507926941,16
6,f103_completed_DAYS_FIRST_DUE_d_app_DAYS_BIRTH_std_div_mean,191.77652883529663,18
6,f103_completed_DAYS_FIRST_DUE_d_app_DAYS_EMPLOYED_max_div_min,37.69410037994385,3
6,f103_completed_DAYS_FIRST_DUE_d_app_DAYS_ID_PUBLISH_mean,1152.2391424179077,94
6,f103_completed_DAYS_FIRST_DUE_d_app_DAYS_ID_PUBLISH_std_div_mean,44.15070056915283,3
6,f103_completed_DAYS_FIRST_DUE_d_app_DAYS_REGISTRATION_std_div_mean,23.752099990844727,2
6,f103_completed_DAYS_FIRST_DUE_d_app_DAYS_ID_PUBLISH_max,1289.100513935089,108
6,f103_completed_DAYS_FIRST_DUE_d_app_DAYS_LAST_PHONE_CHANGE_std,85.50291109085083,9
6,f103_completed_DAYS_FIRST_DUE_d_app_DAYS_LAST_PHONE_CHANGE_max,1663.6652138233185,138
6,f103_completed_DAYS_FIRST_DUE_d_app_DAYS_REGISTRATION_max,723.8082375526428,65
6,f103_completed_DAYS_FIRST_DUE_d_app_DAYS_ID_PUBLISH_min,1284.3392298221588,103
6,f103_completed_DAYS_FIRST_DUE_d_app_DAYS_LAST_PHONE_CHANGE_mean,1649.4673380851746,134
6,f103_completed_DAYS_FIRST_DUE_d_app_DAYS_LAST_PHONE_CHANGE_min,2589.99844789505,160
6,f103_completed_DAYS_FIRST_DUE_s_app_DAYS_EMPLOYED_max_div_min,255.1720290184021,25
6,f103_completed_DAYS_FIRST_DUE_d_app_DAYS_REGISTRATION_mean,1234.447841644287,105
6,f103_completed_DAYS_FIRST_DUE_d_app_DAYS_REGISTRATION_min,1283.0125603675842,101
6,f103_completed_DAYS_FIRST_DUE_d_app_DAYS_REGISTRATION_max_div_min,23.9607195854187,3
6,f103_completed_DAYS_FIRST_DUE_s_DAYS_DECISIONS_max_div_min,71.15024089813232,8
6,f103_completed_DAYS_FIRST_DUE_s_app_DAYS_EMPLOYED_std_div_mean,167.7207899093628,14
6,f103_completed_DAYS_FIRST_DUE_s_app_DAYS_REGISTRATION_std_div_mean,85.35387992858887,8
6,f103_completed_DAYS_FIRST_DUE_s_app_DAYS_ID_PUBLISH_max_div_min,59.13945007324219,6
6,f103_completed_DAYS_FIRST_DUE_s_app_DAYS_LAST_PHONE_CHANGE_std_div_mean,76.03377914428711,7
6,f103_completed_DAYS_FIRST_DUE_s_app_DAYS_LAST_PHONE_CHANGE_max_div_min,15.034070014953613,2
6,f103_completed_DAYS_LAST_DUE_1ST_VERSION_d_app_DAYS_LAST_PHONE_CHANGE_max_div_min,238.82938957214355,23
6,f103_completed_DAYS_LAST_DUE_1ST_VERSION_d_app_DAYS_BIRTH_std_div_mean,184.76517963409424,16
6,f103_completed_DAYS_LAST_DUE_1ST_VERSION_d_app_DAYS_EMPLOYED_max_div_min,137.48934984207153,14
6,f103_completed_DAYS_LAST_DUE_1ST_VERSION_d_app_DAYS_BIRTH_max_div_min,33.2165093421936,4
6,f103_completed_DAYS_FIRST_DUE_s_app_DAYS_REGISTRATION_max_div_min,69.13199043273926,7
6,f103_completed_DAYS_LAST_DUE_1ST_VERSION_d_app_DAYS_ID_PUBLISH_max,1073.2105107307434,97
6,f103_completed_DAYS_LAST_DUE_1ST_VERSION_d_app_DAYS_ID_PUBLISH_max_div_min,10.706999778747559,1
6,f103_completed_DAYS_LAST_DUE_1ST_VERSION_d_app_DAYS_ID_PUBLISH_std_div_mean,60.83818006515503,6
6,f103_completed_DAYS_LAST_DUE_1ST_VERSION_d_app_DAYS_LAST_PHONE_CHANGE_mean,1369.5009293556213,122
6,f103_completed_DAYS_LAST_DUE_1ST_VERSION_d_app_DAYS_LAST_PHONE_CHANGE_max,1661.8488337993622,149
6,f103_completed_DAYS_LAST_DUE_1ST_VERSION_d_app_DAYS_LAST_PHONE_CHANGE_std,108.87489080429077,13
6,f103_completed_DAYS_LAST_DUE_1ST_VERSION_d_app_DAYS_REGISTRATION_std_div_mean,24.729999542236328,2
6,f103_completed_DAYS_LAST_DUE_1ST_VERSION_d_app_DAYS_LAST_PHONE_CHANGE_min,1756.4742405414581,168
6,f103_completed_DAYS_LAST_DUE_1ST_VERSION_d_app_DAYS_ID_PUBLISH_mean,963.0476980209351,86
6,f103_completed_DAYS_LAST_DUE_1ST_VERSION_d_app_DAYS_ID_PUBLISH_min,1374.4357290267944,130
6,f103_completed_DAYS_LAST_DUE_1ST_VERSION_s_DAYS_DECISIONS_mean,760.6279441714287,70
6,f103_completed_DAYS_LAST_DUE_1ST_VERSION_s_DAYS_DECISIONS_max_div_min,201.66987943649292,21
6,f103_completed_DAYS_LAST_DUE_1ST_VERSION_d_app_DAYS_REGISTRATION_max,1206.601243019104,112
6,f103_completed_DAYS_LAST_DUE_1ST_VERSION_d_app_DAYS_ID_PUBLISH_std,163.1239995956421,15
6,f103_completed_DAYS_LAST_DUE_1ST_VERSION_s_DAYS_DECISIONS_max,972.2373337745667,89
6,f103_completed_DAYS_LAST_DUE_1ST_VERSION_d_app_DAYS_REGISTRATION_max_div_min,16.43602991104126,2
6,f103_completed_DAYS_LAST_DUE_1ST_VERSION_d_app_DAYS_LAST_PHONE_CHANGE_std_div_mean,111.7760100364685,11
6,f103_completed_DAYS_LAST_DUE_1ST_VERSION_d_app_DAYS_REGISTRATION_min,1247.5098202228546,121
6,f103_completed_DAYS_LAST_DUE_1ST_VERSION_s_DAYS_DECISIONS_min,648.6118216514587,62
6,f103_completed_DAYS_LAST_DUE_1ST_VERSION_s_DAYS_FIRST_DUE_mean,71.73295068740845,6
6,f103_completed_DAYS_LAST_DUE_1ST_VERSION_s_app_DAYS_BIRTH_std,105.37087869644165,12
6,f103_completed_DAYS_LAST_DUE_1ST_VERSION_d_app_DAYS_REGISTRATION_mean,1111.267452120781,100
6,f103_completed_DAYS_LAST_DUE_1ST_VERSION_s_DAYS_FIRST_DUE_max,16.631500244140625,1
6,f103_completed_DAYS_LAST_DUE_1ST_VERSION_s_app_DAYS_EMPLOYED_std_div_mean,779.4180021286011,65
6,f103_completed_DAYS_LAST_DUE_1ST_VERSION_s_DAYS_FIRST_DUE_max_div_min,35.27821922302246,4
6,f103_completed_DAYS_LAST_DUE_1ST_VERSION_s_app_DAYS_ID_PUBLISH_max_div_min,209.1788306236267,19
6,f103_completed_DAYS_LAST_DUE_1ST_VERSION_s_DAYS_FIRST_DUE_min,40.469749450683594,4
6,f103_completed_DAYS_LAST_DUE_1ST_VERSION_s_app_DAYS_ID_PUBLISH_std,17.499989986419678,2
6,f103_completed_DAYS_LAST_DUE_1ST_VERSION_s_app_DAYS_EMPLOYED_std,0.0,0
6,f103_completed_DAYS_LAST_DUE_1ST_VERSION_s_app_DAYS_ID_PUBLISH_std_div_mean,194.35869884490967,19
6,f103_completed_DAYS_LAST_DUE_1ST_VERSION_s_app_DAYS_EMPLOYED_max_div_min,239.90344882011414,24
6,f103_completed_DAYS_LAST_DUE_1ST_VERSION_s_app_DAYS_REGISTRATION_std,0.0,0
6,f103_completed_DAYS_LAST_DUE_1ST_VERSION_s_app_DAYS_LAST_PHONE_CHANGE_std,0.0,0
6,f103_completed_DAYS_LAST_DUE_1ST_VERSION_s_app_DAYS_LAST_PHONE_CHANGE_max_div_min,117.41233921051025,12
6,f103_completed_DAYS_LAST_DUE_1ST_VERSION_s_app_DAYS_REGISTRATION_std_div_mean,98.86014890670776,9
6,f103_completed_DAYS_LAST_DUE_1ST_VERSION_s_app_DAYS_LAST_PHONE_CHANGE_std_div_mean,81.73751974105835,8
6,f103_completed_DAYS_LAST_DUE_1ST_VERSION_s_app_DAYS_REGISTRATION_max_div_min,71.65302014350891,8
6,f103_completed_DAYS_LAST_DUE_d_app_DAYS_BIRTH_max_div_min,27.726620197296143,3
6,f103_completed_DAYS_LAST_DUE_d_app_DAYS_BIRTH_std_div_mean,48.94462966918945,5
6,f103_completed_DAYS_LAST_DUE_d_app_DAYS_LAST_PHONE_CHANGE_std,75.75403070449829,9
6,f103_completed_DAYS_LAST_DUE_d_app_DAYS_ID_PUBLISH_max_div_min,25.946030616760254,2
6,f103_completed_DAYS_LAST_DUE_d_app_DAYS_ID_PUBLISH_std,134.30734014511108,14
6,f103_completed_DAYS_LAST_DUE_d_app_DAYS_ID_PUBLISH_std_div_mean,27.90839958190918,1
6,f103_completed_DAYS_LAST_DUE_d_app_DAYS_LAST_PHONE_CHANGE_std_div_mean,148.53523015975952,14
6,f103_completed_DAYS_LAST_DUE_d_app_DAYS_LAST_PHONE_CHANGE_min,1187.640597820282,113
6,f103_completed_DAYS_LAST_DUE_d_app_DAYS_ID_PUBLISH_max,909.3400330543518,88
6,f103_completed_DAYS_LAST_DUE_d_app_DAYS_EMPLOYED_max_div_min,55.628718852996826,5
6,f103_completed_DAYS_LAST_DUE_d_app_DAYS_ID_PUBLISH_mean,729.1331391334534,63
6,f103_completed_DAYS_LAST_DUE_d_app_DAYS_LAST_PHONE_CHANGE_max_div_min,62.620490074157715,6
6,f103_completed_DAYS_LAST_DUE_d_app_DAYS_REGISTRATION_max,737.6381893157959,69
6,f103_completed_DAYS_LAST_DUE_d_app_DAYS_REGISTRATION_std_div_mean,13.812700271606445,1
6,f103_completed_DAYS_LAST_DUE_s_DAYS_DECISIONS_std,91.56750059127808,10
6,f103_completed_DAYS_LAST_DUE_d_app_DAYS_REGISTRATION_max_div_min,47.66780996322632,5
6,f103_completed_DAYS_LAST_DUE_d_app_DAYS_ID_PUBLISH_min,1249.8684377670288,118
6,f103_completed_DAYS_LAST_DUE_s_DAYS_DECISIONS_max_div_min,83.7962999343872,9
6,f103_completed_DAYS_LAST_DUE_s_DAYS_DECISIONS_std_div_mean,183.34277963638306,18
6,f103_completed_DAYS_LAST_DUE_s_DAYS_FIRST_DUE_max,35.551759243011475,4
6,f103_completed_DAYS_LAST_DUE_d_app_DAYS_REGISTRATION_min,1142.413967370987,111
6,f103_completed_DAYS_LAST_DUE_s_DAYS_FIRST_DUE_std,16.785770416259766,2
6,f103_completed_DAYS_LAST_DUE_s_DAYS_DECISIONS_max,552.5060510635376,56
6,f103_completed_DAYS_LAST_DUE_s_DAYS_LAST_DUE_1ST_VERSION_std_div_mean,72.76369071006775,9
6,f103_completed_DAYS_LAST_DUE_d_app_DAYS_LAST_PHONE_CHANGE_max,915.0256423950195,86
6,f103_completed_DAYS_LAST_DUE_s_DAYS_FIRST_DUE_std_div_mean,88.44525003433228,8
6,f103_completed_DAYS_LAST_DUE_s_DAYS_LAST_DUE_1ST_VERSION_max_div_min,158.32866048812866,16
6,f103_completed_DAYS_LAST_DUE_s_DAYS_LAST_DUE_1ST_VERSION_mean,231.0573697090149,22
6,f103_completed_DAYS_LAST_DUE_s_DAYS_FIRST_DUE_max_div_min,141.26150918006897,16
6,f103_completed_DAYS_LAST_DUE_s_DAYS_FIRST_DUE_mean,58.56478929519653,6
6,f103_completed_DAYS_LAST_DUE_s_app_DAYS_BIRTH_std,225.3169388771057,18
6,f103_completed_DAYS_LAST_DUE_s_app_DAYS_ID_PUBLISH_std,55.573710441589355,5
6,f103_completed_DAYS_LAST_DUE_s_DAYS_FIRST_DUE_min,44.83877944946289,4
6,f103_completed_DAYS_LAST_DUE_s_app_DAYS_EMPLOYED_max_div_min,152.3156099319458,15
6,f103_completed_DAYS_LAST_DUE_s_DAYS_LAST_DUE_1ST_VERSION_min,178.43241095542908,17
6,f103_completed_DAYS_LAST_DUE_s_app_DAYS_EMPLOYED_std_div_mean,237.73003959655762,20
6,f103_completed_DAYS_LAST_DUE_s_app_DAYS_LAST_PHONE_CHANGE_max_div_min,65.7533597946167,8
6,f103_completed_DAYS_LAST_DUE_s_app_DAYS_ID_PUBLISH_std_div_mean,149.29054069519043,15
6,f103_completed_DAYS_LAST_DUE_s_app_DAYS_REGISTRATION_std_div_mean,54.10191106796265,6
6,f103_completed_DAYS_LAST_DUE_s_DAYS_DECISIONS_mean,643.8912403583527,59
6,f103_completed_DAYS_LAST_DUE_s_DAYS_LAST_DUE_1ST_VERSION_max,119.1722903251648,11
6,f103_completed_DAYS_LAST_DUE_s_DAYS_DECISIONS_min,748.7150430679321,71
6,f103_completed_DAYS_LAST_DUE_d_app_DAYS_LAST_PHONE_CHANGE_mean,797.2613706588745,73
6,f103_completed_DAYS_LAST_DUE_s_app_DAYS_ID_PUBLISH_max_div_min,51.64573001861572,4
6,f103_completed_DAYS_LAST_DUE_s_app_DAYS_REGISTRATION_std,8.8860502243042,1
6,f103_completed_DAYS_LAST_DUE_d_app_DAYS_REGISTRATION_mean,794.883599281311,70
6,f103_completed_DAYS_LAST_DUE_s_app_DAYS_EMPLOYED_std,0.0,0
6,f103_completed_DAYS_LAST_DUE_s_app_DAYS_REGISTRATION_max_div_min,56.6213698387146,6
6,f103_completed_DAYS_TERMINATION_d_app_DAYS_EMPLOYED_max_div_min,35.02946090698242,4
6,f103_completed_DAYS_LAST_DUE_s_app_DAYS_LAST_PHONE_CHANGE_std,0.0,0
6,f103_completed_DAYS_TERMINATION_d_app_DAYS_LAST_PHONE_CHANGE_max,1103.1793031692505,105
6,f103_completed_DAYS_TERMINATION_d_app_DAYS_ID_PUBLISH_std,110.12632989883423,9
6,f103_completed_DAYS_TERMINATION_d_app_DAYS_ID_PUBLISH_mean,839.3402037024498,81
6,f103_completed_DAYS_TERMINATION_d_app_DAYS_ID_PUBLISH_max,798.5881700515747,71
6,f103_completed_DAYS_TERMINATION_d_app_DAYS_LAST_PHONE_CHANGE_std_div_mean,56.30056047439575,5
6,f103_completed_DAYS_TERMINATION_d_app_DAYS_BIRTH_max_div_min,50.26749897003174,5
6,f103_completed_DAYS_TERMINATION_d_app_DAYS_LAST_PHONE_CHANGE_max_div_min,64.59712028503418,7
6,f103_completed_DAYS_TERMINATION_d_app_DAYS_BIRTH_std_div_mean,129.6368591785431,12
6,f103_completed_DAYS_TERMINATION_d_app_DAYS_LAST_PHONE_CHANGE_mean,901.7980281412601,89
6,f103_completed_DAYS_TERMINATION_d_app_DAYS_ID_PUBLISH_min,1242.9069504737854,111
6,f103_completed_DAYS_TERMINATION_d_app_DAYS_LAST_PHONE_CHANGE_std,155.112642288208,15
6,f103_completed_DAYS_TERMINATION_d_app_DAYS_REGISTRATION_max_div_min,32.39834022521973,4
6,f103_completed_DAYS_TERMINATION_d_app_DAYS_REGISTRATION_std_div_mean,71.00108003616333,7
6,f103_completed_DAYS_TERMINATION_d_app_DAYS_ID_PUBLISH_max_div_min,54.53485918045044,5
6,f103_completed_DAYS_TERMINATION_d_app_DAYS_ID_PUBLISH_std_div_mean,27.720298767089844,2
6,f103_completed_DAYS_TERMINATION_d_app_DAYS_LAST_PHONE_CHANGE_min,1077.8659677505493,102
6,f103_completed_DAYS_TERMINATION_s_DAYS_DECISIONS_max,933.9286801815033,88
6,f103_completed_DAYS_TERMINATION_s_DAYS_DECISIONS_std_div_mean,69.73819971084595,8
6,f103_completed_DAYS_TERMINATION_d_app_DAYS_REGISTRATION_max,1031.6954169273376,96
6,f103_completed_DAYS_TERMINATION_s_DAYS_DECISIONS_max_div_min,48.420429944992065,6
6,f103_completed_DAYS_TERMINATION_d_app_DAYS_REGISTRATION_min,1009.1481530666351,97
6,f103_completed_DAYS_TERMINATION_s_DAYS_DECISIONS_std,130.7307300567627,14
6,f103_completed_DAYS_TERMINATION_d_app_DAYS_REGISTRATION_mean,770.6057081222534,69
6,f103_completed_DAYS_TERMINATION_s_DAYS_FIRST_DUE_std,230.22043991088867,23
6,f103_completed_DAYS_TERMINATION_s_DAYS_DECISIONS_mean,1040.0304765701294,93
6,f103_completed_DAYS_TERMINATION_s_DAYS_DECISIONS_min,1038.80508518219,89
6,f103_completed_DAYS_TERMINATION_s_DAYS_LAST_DUE_1ST_VERSION_max,3369.815604686737,255
6,f103_completed_DAYS_TERMINATION_s_DAYS_FIRST_DUE_min,978.585011780262,96
6,f103_completed_DAYS_TERMINATION_s_DAYS_FIRST_DUE_std_div_mean,252.30259799957275,25
6,f103_completed_DAYS_TERMINATION_s_DAYS_FIRST_DUE_max,784.9315233230591,76
6,f103_completed_DAYS_TERMINATION_s_DAYS_FIRST_DUE_mean,868.2282671928406,80
6,f103_completed_DAYS_TERMINATION_s_DAYS_FIRST_DUE_max_div_min,149.68135929107666,12
6,f103_completed_DAYS_TERMINATION_s_DAYS_LAST_DUE_1ST_VERSION_mean,2038.073515176773,180
6,f103_completed_DAYS_TERMINATION_s_DAYS_LAST_DUE_std,82.54774951934814,8
6,f103_completed_DAYS_TERMINATION_s_DAYS_LAST_DUE_max,625.0674412250519,66
6,f103_completed_DAYS_TERMINATION_s_DAYS_LAST_DUE_1ST_VERSION_max_div_min,96.68813943862915,10
6,f103_completed_DAYS_TERMINATION_s_DAYS_LAST_DUE_std_div_mean,115.44521045684814,12
6,f103_completed_DAYS_TERMINATION_s_app_DAYS_BIRTH_std,50.10693073272705,5
6,f103_completed_DAYS_TERMINATION_s_DAYS_LAST_DUE_1ST_VERSION_min,1539.2333850860596,139
6,f103_completed_DAYS_TERMINATION_s_DAYS_LAST_DUE_mean,1102.0496501922607,107
6,f103_completed_DAYS_TERMINATION_s_DAYS_LAST_DUE_1ST_VERSION_std_div_mean,142.98390007019043,15
6,f103_completed_DAYS_TERMINATION_s_DAYS_LAST_DUE_max_div_min,49.89468002319336,5
6,f103_completed_DAYS_TERMINATION_s_app_DAYS_EMPLOYED_max_div_min,131.45106840133667,14
6,f103_completed_DAYS_TERMINATION_s_app_DAYS_LAST_PHONE_CHANGE_std,43.81746864318848,4
6,f103_completed_DAYS_TERMINATION_s_DAYS_LAST_DUE_min,928.5255823135376,87
6,f103_completed_DAYS_TERMINATION_s_app_DAYS_EMPLOYED_std,0.0,0
6,f103_completed_DAYS_TERMINATION_s_app_DAYS_REGISTRATION_std,9.779740333557129,1
6,f103_completed_DAYS_TERMINATION_s_app_DAYS_LAST_PHONE_CHANGE_max_div_min,69.54119968414307,7
6,f103_completed_DAYS_TERMINATION_s_app_DAYS_ID_PUBLISH_std,0.0,0
6,f103_completed_DAYS_TERMINATION_s_app_DAYS_ID_PUBLISH_std_div_mean,44.35334062576294,5
6,f103_completed_DAYS_TERMINATION_s_app_DAYS_ID_PUBLISH_max_div_min,59.58772039413452,6
6,f103_completed_DAYS_TERMINATION_s_app_DAYS_REGISTRATION_std_div_mean,66.15174007415771,6
6,f103_completed_HOUR_APPR_PROCESS_START_std,59.096150398254395,6
6,f103_completed_DAYS_TERMINATION_s_app_DAYS_REGISTRATION_max_div_min,26.24621057510376,3
6,f103_completed_HOUR_APPR_PROCESS_START_std_div_mean,198.35112285614014,21
6,f103_completed_HOUR_APPR_PROCESS_START_min,2790.190725326538,241
6,f103_completed_NAME_CASH_LOAN_PURPOSE_Business_development_mean,0.0,0
6,f103_completed_NAME_CASH_LOAN_PURPOSE_Building_a_house_or_an_annex_mean,0.0,0
6,f103_completed_NAME_CASH_LOAN_PURPOSE_Business_development_sum,0.0,0
6,f103_completed_HOUR_APPR_PROCESS_START_max_div_min,69.70431995391846,7
6,f103_completed_NAME_CASH_LOAN_PURPOSE_Building_a_house_or_an_annex_sum,0.0,0
6,f103_completed_NAME_CASH_LOAN_PURPOSE_Buying_a_holiday_home___land_sum,0.0,0
6,f103_completed_NAME_CASH_LOAN_PURPOSE_Buying_a_home_mean,0.0,0
6,f103_completed_NAME_CASH_LOAN_PURPOSE_Education_sum,0.0,0
6,f103_completed_NAME_CASH_LOAN_PURPOSE_Buying_a_used_car_mean,0.0,0
6,f103_completed_NAME_CASH_LOAN_PURPOSE_Car_repairs_mean,0.0,0
6,f103_completed_NAME_CASH_LOAN_PURPOSE_Education_mean,0.0,0
6,f103_completed_NAME_CASH_LOAN_PURPOSE_Everyday_expenses_mean,0.0,0
6,f103_completed_NAME_CASH_LOAN_PURPOSE_Buying_a_used_car_sum,0.0,0
6,f103_completed_NAME_CASH_LOAN_PURPOSE_Buying_a_home_sum,0.0,0
6,f103_completed_NAME_CASH_LOAN_PURPOSE_Buying_a_new_car_mean,0.0,0
6,f103_completed_NAME_CASH_LOAN_PURPOSE_Buying_a_new_car_sum,0.0,0
6,f103_completed_NAME_CASH_LOAN_PURPOSE_Gasification___water_supply_sum,0.0,0
6,f103_completed_NAME_CASH_LOAN_PURPOSE_Car_repairs_sum,0.0,0
6,f103_completed_NAME_CASH_LOAN_PURPOSE_Furniture_sum,0.0,0
6,f103_completed_NAME_CASH_LOAN_PURPOSE_Purchase_of_electronic_equipment_sum,0.0,0
6,f103_completed_NAME_CASH_LOAN_PURPOSE_Everyday_expenses_sum,0.0,0
6,f103_completed_NAME_CASH_LOAN_PURPOSE_Journey_sum,0.0,0
6,f103_completed_NAME_CASH_LOAN_PURPOSE_Journey_mean,0.0,0
6,f103_completed_NAME_CASH_LOAN_PURPOSE_Medicine_mean,0.0,0
6,f103_completed_NAME_CASH_LOAN_PURPOSE_Gasification___water_supply_mean,0.0,0
6,f103_completed_NAME_CASH_LOAN_PURPOSE_Furniture_mean,0.0,0
6,f103_completed_NAME_CASH_LOAN_PURPOSE_Other_sum,0.0,0
6,f103_completed_NAME_CASH_LOAN_PURPOSE_Purchase_of_electronic_equipment_mean,0.0,0
6,f103_completed_NAME_CASH_LOAN_PURPOSE_Payments_on_other_loans_mean,0.0,0
6,f103_completed_NAME_CASH_LOAN_PURPOSE_Urgent_needs_sum,10.059200286865234,1
6,f103_completed_NAME_CASH_LOAN_PURPOSE_Medicine_sum,0.0,0
6,f103_completed_NAME_CASH_LOAN_PURPOSE_Repairs_mean,8.66117000579834,1
6,f103_completed_NAME_CASH_LOAN_PURPOSE_XAP_mean,0.0,0
6,f103_completed_NAME_CASH_LOAN_PURPOSE_XAP_sum,9.51552963256836,1
6,f103_completed_NAME_CASH_LOAN_PURPOSE_Wedding___gift___holiday_mean,0.0,0
6,f103_completed_NAME_CASH_LOAN_PURPOSE_Other_mean,0.0,0
6,f103_completed_NAME_CASH_LOAN_PURPOSE_Payments_on_other_loans_sum,0.0,0
6,f103_completed_NAME_CASH_LOAN_PURPOSE_Wedding___gift___holiday_sum,0.0,0
6,f103_completed_NAME_CASH_LOAN_PURPOSE_Urgent_needs_mean,76.99401950836182,7
6,f103_completed_NAME_CONTRACT_STATUS_Approved_sum,0.0,0
6,f103_completed_NAME_CASH_LOAN_PURPOSE_Repairs_sum,0.0,0
6,f103_completed_NAME_CONTRACT_TYPE_Cash_loans_mean,8.473699569702148,1
6,f103_completed_NAME_GOODS_CATEGORY_Clothing_and_Accessories_mean,112.71904182434082,14
6,f103_completed_NAME_CONTRACT_TYPE_Consumer_loans_mean,54.16401958465576,4
6,f103_completed_NAME_GOODS_CATEGORY_Audio_Video_sum,118.63864135742188,11
6,f103_completed_NAME_GOODS_CATEGORY_Audio_Video_mean,884.1640992164612,69
6,f103_completed_NAME_CONTRACT_TYPE_Consumer_loans_sum,0.0,0
6,f103_completed_NAME_GOODS_CATEGORY_Additional_Service_mean,0.0,0
6,f103_completed_NAME_GOODS_CATEGORY_Consumer_Electronics_mean,66.89632987976074,6
6,f103_completed_NAME_GOODS_CATEGORY_Additional_Service_sum,0.0,0
6,f103_completed_NAME_GOODS_CATEGORY_Computers_sum,39.31893062591553,4
6,f103_completed_NAME_CONTRACT_TYPE_Cash_loans_sum,0.0,0
6,f103_completed_NAME_GOODS_CATEGORY_Auto_Accessories_mean,225.23094987869263,20
6,f103_completed_NAME_GOODS_CATEGORY_Education_mean,0.0,0
6,f103_completed_NAME_GOODS_CATEGORY_Computers_mean,181.26603174209595,18
6,f103_completed_NAME_GOODS_CATEGORY_Gardening_sum,0.0,0
6,f103_completed_NAME_GOODS_CATEGORY_Clothing_and_Accessories_sum,35.114830493927,4
6,f103_completed_NAME_GOODS_CATEGORY_Construction_Materials_sum,0.0,0
6,f103_completed_NAME_GOODS_CATEGORY_Homewares_sum,11.959799766540527,1
6,f103_completed_NAME_GOODS_CATEGORY_Fitness_sum,0.0,0
6,f103_completed_NAME_GOODS_CATEGORY_Consumer_Electronics_sum,15.553139686584473,2
6,f103_completed_NAME_GOODS_CATEGORY_Fitness_mean,0.0,0
6,f103_completed_NAME_GOODS_CATEGORY_Construction_Materials_mean,19.471069812774658,2
6,f103_completed_NAME_GOODS_CATEGORY_Medicine_sum,0.0,0
6,f103_completed_NAME_GOODS_CATEGORY_Education_sum,0.0,0
6,f103_completed_NAME_GOODS_CATEGORY_Medical_Supplies_sum,0.0,0
6,f103_completed_NAME_GOODS_CATEGORY_Homewares_mean,50.046059131622314,6
6,f103_completed_NAME_GOODS_CATEGORY_Tourism_mean,0.0,0
6,f103_completed_NAME_GOODS_CATEGORY_Gardening_mean,0.0,0
6,f103_completed_NAME_GOODS_CATEGORY_Jewelry_sum,7.836719989776611,1
6,f103_completed_NAME_GOODS_CATEGORY_Office_Appliances_mean,0.0,0
6,f103_completed_NAME_GOODS_CATEGORY_Medicine_mean,0.0,0
6,f103_completed_NAME_GOODS_CATEGORY_Office_Appliances_sum,0.0,0
6,f103_completed_NAME_GOODS_CATEGORY_Jewelry_mean,14.377500534057617,2
6,f103_completed_NAME_GOODS_CATEGORY_Vehicles_mean,0.0,0
6,f103_completed_NAME_GOODS_CATEGORY_Medical_Supplies_mean,0.0,0
6,f103_completed_NAME_GOODS_CATEGORY_Photo___Cinema_Equipment_mean,8.463250160217285,1
6,f103_completed_NAME_GOODS_CATEGORY_Sport_and_Leisure_sum,7.088019847869873,1
6,f103_completed_NAME_GOODS_CATEGORY_Tourism_sum,0.0,0
6,f103_completed_NAME_GOODS_CATEGORY_Sport_and_Leisure_mean,0.0,0
6,f103_completed_NAME_PAYMENT_TYPE_Cash_through_the_bank_mean,127.7031102180481,12
6,f103_completed_NAME_GOODS_CATEGORY_XNA_mean,10.82800006866455,1
6,f103_completed_NAME_PAYMENT_TYPE_Cash_through_the_bank_sum,17.44481086730957,2
6,f103_completed_NAME_PAYMENT_TYPE_Non_cash_from_your_account_sum,0.0,0
6,f103_completed_NAME_GOODS_CATEGORY_Photo___Cinema_Equipment_sum,0.0,0
6,f103_completed_NAME_GOODS_CATEGORY_Vehicles_sum,0.0,0
6,f103_completed_NAME_PAYMENT_TYPE_Cashless_from_the_account_of_the_employer_sum,0.0,0
6,f103_completed_NAME_PAYMENT_TYPE_XNA_mean,108.53693962097168,9
6,f103_completed_NAME_PAYMENT_TYPE_Cashless_from_the_account_of_the_employer_mean,0.0,0
6,f103_completed_NAME_PRODUCT_TYPE_XNA_mean,34.72807025909424,3
6,f103_completed_NAME_PAYMENT_TYPE_Non_cash_from_your_account_mean,0.0,0
6,f103_completed_NAME_GOODS_CATEGORY_XNA_sum,9.168359756469727,1
6,f103_completed_NAME_PORTFOLIO_Cash_mean,15.79155969619751,2
6,f103_completed_NAME_PORTFOLIO_POS_sum,0.0,0
6,f103_completed_NAME_PORTFOLIO_POS_mean,9.833290100097656,1
6,f103_completed_NAME_PORTFOLIO_Cash_sum,8.64717960357666,1
6,f103_completed_NAME_PRODUCT_TYPE_XNA_sum,11.204000473022461,1
6,f103_completed_NAME_SELLER_INDUSTRY_Construction_sum,6.762720108032227,1
6,f103_completed_NAME_SELLER_INDUSTRY_Auto_technology_sum,15.566810131072998,2
6,f103_completed_NAME_SELLER_INDUSTRY_Consumer_electronics_mean,158.10529088974,12
6,f103_completed_NAME_PAYMENT_TYPE_XNA_sum,16.34638023376465,2
6,f103_completed_NAME_SELLER_INDUSTRY_Furniture_sum,54.79804992675781,6
6,f103_completed_NAME_SELLER_INDUSTRY_Consumer_electronics_sum,17.761600494384766,2
6,f103_completed_NAME_SELLER_INDUSTRY_Clothing_sum,10.788999557495117,1
6,f103_completed_NAME_SELLER_INDUSTRY_Construction_mean,25.509080410003662,3
6,f103_completed_NAME_SELLER_INDUSTRY_Clothing_mean,8.377429962158203,1
6,f103_completed_NAME_SELLER_INDUSTRY_Furniture_mean,130.07181978225708,14
6,f103_completed_NAME_SELLER_INDUSTRY_Auto_technology_mean,34.544840812683105,4
6,f103_completed_NAME_SELLER_INDUSTRY_Jewelry_mean,0.0,0
6,f103_completed_NAME_SELLER_INDUSTRY_MLM_partners_sum,0.0,0
6,f103_completed_NAME_SELLER_INDUSTRY_Industry_sum,15.114800453186035,1
6,f103_completed_NAME_SELLER_INDUSTRY_Tourism_mean,0.0,0
6,f103_completed_NAME_SELLER_INDUSTRY_Industry_mean,0.0,0
6,f103_completed_NAME_SELLER_INDUSTRY_XNA_mean,94.50775957107544,7
6,f103_completed_NAME_SELLER_INDUSTRY_Jewelry_sum,0.0,0
6,f103_completed_NAME_SELLER_INDUSTRY_MLM_partners_mean,0.0,0
6,f103_completed_NAME_TYPE_SUITE_Group_of_people_mean,0.0,0
6,f103_completed_NAME_TYPE_SUITE_Other_A_mean,0.0,0
6,f103_completed_NAME_TYPE_SUITE_Group_of_people_sum,0.0,0
6,f103_completed_NAME_TYPE_SUITE_Children_sum,10.024700164794922,1
6,f103_completed_NAME_TYPE_SUITE_Other_A_sum,0.0,0
6,f103_completed_NAME_SELLER_INDUSTRY_Tourism_sum,0.0,0
6,f103_completed_NAME_TYPE_SUITE_Spouse__partner_sum,0.0,0
6,f103_completed_NAME_TYPE_SUITE_Children_mean,7.0023298263549805,1
6,f103_completed_NAME_TYPE_SUITE_Other_B_mean,0.0,0
6,f103_completed_NFLAG_LAST_APPL_IN_DAY_std,0.0,0
6,f103_completed_NAME_TYPE_SUITE_Family_sum,22.431700706481934,2
6,f103_completed_NAME_TYPE_SUITE_Unaccompanied_sum,33.35140037536621,3
6,f103_completed_NAME_TYPE_SUITE_Family_mean,10.582500457763672,1
6,f103_completed_NAME_TYPE_SUITE_Unaccompanied_mean,120.87110996246338,13
6,f103_completed_NFLAG_LAST_APPL_IN_DAY_mean,0.0,0
6,f103_completed_NAME_TYPE_SUITE_Other_B_sum,9.102069854736328,1
6,f103_completed_NAME_TYPE_SUITE_Spouse__partner_mean,0.0,0
6,f103_completed_NFLAG_LAST_APPL_IN_DAY_min,0.0,0
6,f103_completed_NFLAG_LAST_APPL_IN_DAY_std_div_mean,0.0,0
6,f103_completed_NFLAG_LAST_APPL_IN_DAY_max,0.0,0
6,f103_completed_PRODUCT_COMBINATION_POS_industry_without_interest_mean,22.235130310058594,3
6,f103_completed_PRODUCT_COMBINATION_POS_industry_without_interest_sum,133.74762153625488,15
6,f103_completed_RATE_DOWN_PAYMENT_max_div_min,148.7891983985901,14
6,f103_completed_PREV_COUNT,10.526000022888184,1
6,f103_completed_PRODUCT_COMBINATION_POS_household_with_interest_mean,452.80418968200684,39
6,f103_completed_PRODUCT_COMBINATION_POS_household_without_interest_sum,20.582469940185547,2
6,f103_completed_PRODUCT_COMBINATION_POS_household_with_interest_sum,109.30061054229736,8
6,f103_completed_PRODUCT_COMBINATION_POS_industry_with_interest_mean,134.66428184509277,13
6,f103_completed_PRODUCT_COMBINATION_POS_household_without_interest_mean,104.82086849212646,11
6,f103_completed_PRODUCT_COMBINATION_POS_other_with_interest_mean,19.992559909820557,3
6,f103_completed_PRODUCT_COMBINATION_POS_others_without_interest_sum,0.0,0
6,f103_completed_RATE_INTEREST_PRIMARY_max,0.0,0
6,f103_completed_PRODUCT_COMBINATION_POS_mobile_without_interest_mean,157.84543991088867,15
6,f103_completed_RATE_INTEREST_PRIMARY_mean,6.497910022735596,1
6,f103_completed_PRODUCT_COMBINATION_POS_others_without_interest_mean,0.0,0
6,f103_completed_RATE_INTEREST_PRIMARY_min,0.0,0
6,f103_completed_RATE_DOWN_PAYMENT_std_div_mean,107.94843006134033,11
6,f103_completed_RATE_DOWN_PAYMENT_max,1154.9153819084167,106
6,f103_completed_PRODUCT_COMBINATION_POS_mobile_without_interest_sum,62.99524164199829,7
6,f103_completed_PRODUCT_COMBINATION_POS_other_with_interest_sum,7.883269786834717,1
6,f103_completed_SELLERPLACE_AREA_mean,1509.4319887161255,144
6,f103_completed_RATE_DOWN_PAYMENT_min,738.3820519447327,74
6,f103_completed_SELLERPLACE_AREA_max_div_min,177.32367968559265,18
6,f103_completed_SELLERPLACE_AREA_std_div_mean,288.5943298339844,27
6,f103_completed_SELLERPLACE_AREA_min,1364.2601006031036,137
6,f103_completed_RATE_DOWN_PAYMENT_std,75.63097143173218,9
6,f103_completed_SELLERPLACE_AREA_std,101.99086093902588,11
6,f103_completed_WEEKDAY_APPR_PROCESS_START_SATURDAY_sum,46.36268949508667,5
6,f103_completed_RATE_DOWN_PAYMENT_mean,903.6073007583618,80
6,f103_completed_WEEKDAY_APPR_PROCESS_START_SUNDAY_mean,91.79117012023926,11
6,f103_completed_WEEKDAY_APPR_PROCESS_START_MONDAY_mean,298.28332901000977,30
6,f103_completed_WEEKDAY_APPR_PROCESS_START_FRIDAY_mean,176.1635296344757,19
6,f103_completed_WEEKDAY_APPR_PROCESS_START_SATURDAY_mean,126.87764835357666,14
6,f103_completed_WEEKDAY_APPR_PROCESS_START_THURSDAY_mean,53.561819076538086,5
6,f103_completed_WEEKDAY_APPR_PROCESS_START_WEDNESDAY_sum,40.363720417022705,4
6,f103_completed_WEEKDAY_APPR_PROCESS_START_MONDAY_sum,130.75852870941162,12
6,f103_completed_WEEKDAY_APPR_PROCESS_START_FRIDAY_sum,58.30249071121216,6
6,f103_completed_SELLERPLACE_AREA_max,1210.9141097068787,115
6,f103_completed_WEEKDAY_APPR_PROCESS_START_SUNDAY_sum,45.181559324264526,6
6,f103_completed_WEEKDAY_APPR_PROCESS_START_TUESDAY_sum,97.14791059494019,10
6,f103_completed_amt_paid_std_div_mean,155.23274040222168,16
6,f103_completed_WEEKDAY_APPR_PROCESS_START_TUESDAY_mean,167.85431909561157,14
6,f103_completed_cnt_paid_max_div_min,17.066440105438232,2
6,f103_completed_WEEKDAY_APPR_PROCESS_START_THURSDAY_sum,21.44119930267334,2
6,f103_completed_WEEKDAY_APPR_PROCESS_START_WEDNESDAY_mean,68.88647031784058,7
6,f103_completed_interest_rate_diff_std_div_mean,195.1351776123047,19
6,f103_completed_amt_paid_max_div_min,72.32450914382935,7
6,f103_completed_cnt_paid_min,22.386470794677734,2
6,f103_completed_cnt_paid_mean,77.11503887176514,6
6,f103_completed_cnt_paid_sum,216.62984037399292,21
6,f103_completed_cnt_paid_max,31.964980125427246,4
6,f103_completed_interest_rate_pctchange_std,258.29635858535767,26
6,f103_completed_completed_sum,0.0,0
6,f103_completed_interest_rate_pctchange_std_div_mean,172.70643067359924,20
6,f103_completed_interest_rate_diff_max_div_min,112.90651988983154,10
6,f103_completed_interest_rate_diff_mean,1015.0761680603027,91
6,f103_completed_total_debt_diff_std,177.12518978118896,17
6,f103_completed_interest_rate_diff_max,1624.5945935249329,124
6,f103_completed_interest_rate_pctchange_max_div_min,326.7603268623352,20
6,f103_completed_interest_rate_diff_min,994.8947610855103,90
6,f103_completed_total_debt_diff_std_div_mean,125.96513724327087,12
6,f103_completed_interest_rate_max_div_min,81.43372011184692,9
6,f103_completed_interest_rate_pctchange_mean,679.6163449287415,64
6,f103_completed_interest_rate_pctchange_min,936.2572333812714,89
6,f103_completed_interest_rate_std_div_mean,133.4957914352417,14
6,f103_completed_interest_rate_pctchange_max,1367.016700744629,128
6,f103_completed_total_debt_std_div_mean,26.451189517974854,3
6,f103_completed_total_debt_diff_max_div_min,173.96211099624634,17
6,f103_completed_total_debt_pctchange_std,64.18663907051086,8
6,f103_completed_total_debt_max_div_min,66.51973962783813,7
6,f103_nyg_high_AMT_ANNUITY_d_app_AMT_ANNUITY_diff_max_div_min,157.49858903884888,12
6,f103_completed_total_debt_pctchange_mean,1433.2448182106018,106
6,f103_completed_total_debt_pctchange_max,1111.649580001831,91
6,f103_nyg_high_AMT_ANNUITY_d_app_AMT_ANNUITY_mean,1125.9753189086914,75
6,f103_nyg_high_AMT_ANNUITY_d_app_AMT_ANNUITY_diff_min,402.25149178504944,38
6,f103_completed_total_debt_pctchange_max_div_min,106.51776027679443,11
6,f103_completed_total_debt_pctchange_min,1627.9983830451965,125
6,f103_nyg_high_AMT_ANNUITY_d_app_AMT_ANNUITY_max,1011.0799789428711,71
6,f103_nyg_high_AMT_ANNUITY_d_app_AMT_ANNUITY_diff_std_div_mean,149.2219696044922,12
6,f103_nyg_high_AMT_ANNUITY_d_app_AMT_ANNUITY_pctchange_std_div_mean,146.5533504486084,12
6,f103_nyg_high_AMT_ANNUITY_d_app_AMT_CREDIT_diff_std_div_mean,19.522120475769043,2
6,f103_nyg_high_AMT_ANNUITY_d_app_AMT_ANNUITY_std,476.7355465888977,37
6,f103_nyg_high_AMT_ANNUITY_d_app_AMT_ANNUITY_pctchange_min,523.8509702682495,52
6,f103_nyg_high_AMT_ANNUITY_d_app_AMT_ANNUITY_pctchange_std,694.5875101089478,50
6,f103_nyg_high_AMT_ANNUITY_d_app_AMT_CREDIT_diff_mean,317.89443016052246,34
6,f103_nyg_high_AMT_ANNUITY_d_app_AMT_CREDIT_diff_min,315.07251834869385,29
6,f103_nyg_high_AMT_ANNUITY_d_app_AMT_CREDIT_pctchange_std,327.86566162109375,27
6,f103_nyg_high_AMT_ANNUITY_d_app_AMT_CREDIT_diff_max_div_min,71.33056020736694,5
6,f103_nyg_high_AMT_ANNUITY_d_app_AMT_ANNUITY_pctchange_max_div_min,159.38619947433472,19
6,f103_nyg_high_AMT_ANNUITY_d_app_AMT_CREDIT_pctchange_std_div_mean,34.06654977798462,4
6,f103_nyg_high_AMT_ANNUITY_d_app_AMT_CREDIT_pctchange_min,160.510488986969,15
6,f103_nyg_high_AMT_ANNUITY_d_app_AMT_CREDIT_max,1313.8712258338928,73
6,f103_nyg_high_AMT_ANNUITY_d_app_AMT_GOODS_PRICE_diff_mean,410.0128688812256,38
6,f103_nyg_high_AMT_ANNUITY_d_app_AMT_CREDIT_pctchange_max_div_min,46.10962915420532,5
6,f103_nyg_high_AMT_ANNUITY_d_app_AMT_GOODS_PRICE_max,2091.65030670166,111
6,f103_nyg_high_AMT_ANNUITY_d_app_AMT_GOODS_PRICE_diff_max_div_min,46.862929344177246,3
6,f103_nyg_high_AMT_ANNUITY_d_app_AMT_GOODS_PRICE_pctchange_min,187.36220121383667,16
6,f103_nyg_high_AMT_ANNUITY_d_app_AMT_GOODS_PRICE_diff_min,213.3874807357788,23
6,f103_nyg_high_AMT_ANNUITY_d_app_AMT_GOODS_PRICE_diff_std_div_mean,7.018360137939453,1
6,f103_nyg_high_AMT_ANNUITY_d_app_AMT_INCOME_TOTAL_diff_std_div_mean,0.0,0
6,f103_nyg_high_AMT_ANNUITY_d_app_AMT_GOODS_PRICE_pctchange_std,155.8108696937561,11
6,f103_nyg_high_AMT_ANNUITY_d_app_AMT_INCOME_TOTAL_diff_min,498.12093114852905,53
6,f103_nyg_high_AMT_ANNUITY_d_app_AMT_GOODS_PRICE_pctchange_std_div_mean,70.975350856781,6
6,f103_nyg_high_AMT_ANNUITY_d_app_AMT_INCOME_TOTAL_diff_std,327.21446990966797,29
6,f103_nyg_high_AMT_ANNUITY_d_app_AMT_INCOME_TOTAL_pctchange_std,31.592320442199707,3
6,f103_nyg_high_AMT_ANNUITY_d_app_AMT_GOODS_PRICE_mean,1871.500819683075,107
6,f103_nyg_high_AMT_ANNUITY_d_app_AMT_GOODS_PRICE_pctchange_max_div_min,99.44882917404175,8
6,f103_nyg_high_AMT_ANNUITY_d_app_AMT_INCOME_TOTAL_pctchange_min,18.37180995941162,2
6,f103_nyg_high_AMT_ANNUITY_d_app_AMT_INCOME_TOTAL_pctchange_std_div_mean,0.0,0
6,f103_nyg_high_AMT_ANNUITY_m_app_AMT_GOODS_PRICE_d_app_AMT_INCOME_TOTAL_diff_std_div_mean,0.0,0
6,f103_nyg_high_AMT_ANNUITY_d_app_AMT_INCOME_TOTAL_min,1418.5201377868652,128
6,f103_nyg_high_AMT_ANNUITY_d_app_AMT_INCOME_TOTAL_diff_max_div_min,0.0,0
6,f103_nyg_high_AMT_ANNUITY_d_app_AMT_INCOME_TOTAL_mean,1160.136667728424,106
6,f103_nyg_high_AMT_ANNUITY_m_app_AMT_GOODS_PRICE_d_app_AMT_INCOME_TOTAL_diff_min,284.5118079185486,30
6,f103_nyg_high_AMT_ANNUITY_d_app_AMT_INCOME_TOTAL_pctchange_max_div_min,0.0,0
6,f103_nyg_high_AMT_ANNUITY_m_app_AMT_GOODS_PRICE_d_app_AMT_INCOME_TOTAL_diff_std,87.38610982894897,10
6,f103_nyg_high_AMT_ANNUITY_m_app_AMT_GOODS_PRICE_d_app_AMT_INCOME_TOTAL_pctchange_max_div_min,179.30292344093323,15
6,f103_nyg_high_AMT_ANNUITY_m_app_AMT_GOODS_PRICE_d_app_AMT_INCOME_TOTAL_max_div_min,685.4965553283691,47
6,f103_nyg_high_AMT_ANNUITY_m_app_AMT_GOODS_PRICE_d_app_AMT_INCOME_TOTAL_pctchange_max,221.26481103897095,24
6,f103_nyg_high_AMT_ANNUITY_m_app_AMT_GOODS_PRICE_d_app_AMT_INCOME_TOTAL_max,866.7308323383331,78
6,f103_nyg_high_AMT_ANNUITY_m_app_AMT_GOODS_PRICE_d_app_AMT_INCOME_TOTAL_diff_max_div_min,0.0,0
6,f103_nyg_high_AMT_ANNUITY_m_app_AMT_GOODS_PRICE_d_app_AMT_INCOME_TOTAL_pctchange_std_div_mean,91.56449174880981,6
6,f103_nyg_high_AMT_ANNUITY_m_app_AMT_GOODS_PRICE_d_app_AMT_INCOME_TOTAL_pctchange_min,487.1824417114258,42
6,f103_nyg_high_AMT_ANNUITY_s_app_AMT_ANNUITY_d_app_AMT_INCOME_TOTAL_diff_std_div_mean,0.0,0
6,f103_nyg_high_AMT_ANNUITY_s_app_AMT_ANNUITY_d_app_AMT_INCOME_TOTAL_diff_min,92.6420488357544,8
6,f103_nyg_high_AMT_ANNUITY_m_app_AMT_GOODS_PRICE_d_app_AMT_INCOME_TOTAL_pctchange_mean,389.02600145339966,34
6,f103_nyg_high_AMT_ANNUITY_m_app_AMT_GOODS_PRICE_d_app_AMT_INCOME_TOTAL_mean,743.7935137748718,44
6,f103_nyg_high_AMT_ANNUITY_s_app_AMT_ANNUITY_d_app_AMT_INCOME_TOTAL_diff_std,96.83862829208374,6
6,f103_nyg_high_AMT_ANNUITY_s_app_AMT_ANNUITY_d_app_AMT_INCOME_TOTAL_pctchange_max,993.1847820281982,98
6,f103_nyg_high_AMT_ANNUITY_min,1504.2710359096527,127
6,f103_nyg_high_AMT_ANNUITY_m_app_AMT_GOODS_PRICE_d_app_AMT_INCOME_TOTAL_min,674.6774287223816,58
6,f103_nyg_high_AMT_ANNUITY_s_app_AMT_ANNUITY_d_app_AMT_INCOME_TOTAL_diff_max_div_min,0.0,0
6,f103_nyg_high_AMT_ANNUITY_mean,1290.790397644043,100
6,f103_nyg_high_AMT_ANNUITY_s_app_AMT_ANNUITY_d_app_AMT_INCOME_TOTAL_pctchange_mean,681.6815099716187,67
6,f103_nyg_high_AMT_ANNUITY_s_app_AMT_ANNUITY_d_app_AMT_INCOME_TOTAL_pctchange_std_div_mean,433.1771068572998,32
6,f103_nyg_high_AMT_ANNUITY_max,889.059732913971,81
6,f103_nyg_high_AMT_ANNUITY_s_app_AMT_ANNUITY_d_app_AMT_INCOME_TOTAL_pctchange_max_div_min,134.8587474822998,11
6,f103_nyg_high_AMT_ANNUITY_s_app_AMT_ANNUITY_d_app_AMT_INCOME_TOTAL_pctchange_min,762.2843327522278,74
6,f103_nyg_high_AMT_ANNUITY_s_app_AMT_ANNUITY_d_app_AMT_INCOME_TOTAL_pctchange_std,293.62481021881104,27
6,f103_nyg_high_AMT_ANNUITY_s_app_AMT_ANNUITY_d_app_AMT_INCOME_TOTAL_max_div_min,495.4765224456787,23
6,f103_nyg_high_AMT_ANNUITY_s_app_AMT_ANNUITY_diff_std_div_mean,0.0,0
6,f103_nyg_high_AMT_ANNUITY_s_app_AMT_ANNUITY_diff_std,333.4934678077698,22
6,f103_nyg_high_AMT_ANNUITY_s_app_AMT_ANNUITY_diff_max_div_min,0.0,0
6,f103_nyg_high_AMT_ANNUITY_s_app_AMT_ANNUITY_d_app_AMT_INCOME_TOTAL_mean,2009.7104976177216,124
6,f103_nyg_high_AMT_ANNUITY_s_app_AMT_ANNUITY_pctchange_std,202.01872730255127,16
6,f103_nyg_high_AMT_ANNUITY_s_app_AMT_ANNUITY_diff_min,705.9914383888245,71
6,f103_nyg_high_AMT_ANNUITY_s_app_AMT_ANNUITY_max_div_min,44.49712944030762,4
6,f103_nyg_high_AMT_ANNUITY_s_app_AMT_ANNUITY_d_app_AMT_INCOME_TOTAL_max,848.7085328102112,78
6,f103_nyg_high_AMT_ANNUITY_s_app_AMT_ANNUITY_pctchange_max_div_min,114.93302869796753,7
6,f103_nyg_high_AMT_ANNUITY_s_app_AMT_ANNUITY_pctchange_std_div_mean,172.92864847183228,14
6,f103_nyg_high_AMT_ANNUITY_s_app_AMT_ANNUITY_pctchange_mean,213.889169216156,19
6,f103_nyg_high_AMT_ANNUITY_s_app_AMT_ANNUITY_max,1981.532551765442,95
6,f103_nyg_high_AMT_ANNUITY_s_app_AMT_ANNUITY_std,530.4625635147095,40
6,f103_nyg_high_AMT_ANNUITY_s_app_AMT_CREDIT_d_app_AMT_INCOME_TOTAL_max_div_min,333.13297986984253,22
6,f103_nyg_high_AMT_ANNUITY_s_app_AMT_ANNUITY_pctchange_min,264.81768321990967,26
6,f103_nyg_high_AMT_ANNUITY_s_app_AMT_CREDIT_d_app_AMT_INCOME_TOTAL_diff_std_div_mean,0.0,0
6,f103_nyg_high_AMT_ANNUITY_s_app_AMT_ANNUITY_pctchange_max,301.6842279434204,26
6,f103_nyg_high_AMT_ANNUITY_s_app_AMT_ANNUITY_min,1808.1518507003784,108
6,f103_nyg_high_AMT_ANNUITY_s_app_AMT_ANNUITY_mean,1130.434313774109,70
6,f103_nyg_high_AMT_ANNUITY_s_app_AMT_CREDIT_d_app_AMT_INCOME_TOTAL_max,2350.4548501968384,70
6,f103_nyg_high_AMT_ANNUITY_s_app_AMT_CREDIT_d_app_AMT_INCOME_TOTAL_diff_std,7.39818000793457,1
6,f103_nyg_high_AMT_ANNUITY_s_app_AMT_CREDIT_d_app_AMT_INCOME_TOTAL_diff_min,47.594409465789795,4
6,f103_nyg_high_AMT_ANNUITY_s_app_AMT_CREDIT_d_app_AMT_INCOME_TOTAL_diff_max_div_min,0.0,0
6,f103_nyg_high_AMT_ANNUITY_s_app_AMT_CREDIT_d_app_AMT_INCOME_TOTAL_pctchange_min,693.2858293056488,60
6,f103_nyg_high_AMT_ANNUITY_s_app_AMT_CREDIT_d_app_AMT_INCOME_TOTAL_pctchange_mean,299.39289951324463,30
6,f103_nyg_high_AMT_ANNUITY_s_app_AMT_CREDIT_d_app_AMT_INCOME_TOTAL_mean,2806.533183336258,52
6,f103_nyg_high_AMT_ANNUITY_s_app_AMT_CREDIT_d_app_AMT_INCOME_TOTAL_min,2100.7102704048157,67
7,f103_nyg_high_AMT_ANNUITY_s_app_AMT_CREDIT_diff_std_div_mean,0.0,0
7,f103_nyg_high_AMT_ANNUITY_s_app_AMT_CREDIT_diff_min,229.73115015029907,19
7,f103_nyg_high_AMT_ANNUITY_s_app_AMT_CREDIT_diff_max_div_min,24.27910041809082,2
7,f103_nyg_high_AMT_ANNUITY_s_app_AMT_CREDIT_diff_std,13.285699844360352,1
7,f103_nyg_high_AMT_ANNUITY_s_app_AMT_CREDIT_pctchange_max,85.14704895019531,8
7,f103_nyg_high_AMT_ANNUITY_s_app_AMT_CREDIT_d_app_AMT_INCOME_TOTAL_pctchange_max,45.93860054016113,3
7,f103_nyg_high_AMT_ANNUITY_s_app_AMT_CREDIT_pctchange_min,160.67234992980957,13
7,f103_nyg_high_AMT_ANNUITY_s_app_AMT_CREDIT_pctchange_max_div_min,66.70233154296875,3
7,f103_nyg_high_AMT_ANNUITY_s_app_AMT_CREDIT_d_app_AMT_INCOME_TOTAL_pctchange_max_div_min,0.0,0
7,f103_nyg_high_AMT_ANNUITY_s_app_AMT_GOODS_PRICE_diff_max_div_min,68.28453063964844,3
7,f103_nyg_high_AMT_ANNUITY_s_app_AMT_CREDIT_std,72.38111066818237,5
7,f103_nyg_high_AMT_ANNUITY_s_app_AMT_CREDIT_max_div_min,0.0,0
7,f103_nyg_high_AMT_ANNUITY_s_app_AMT_GOODS_PRICE_diff_std,0.0,0
7,f103_nyg_high_AMT_ANNUITY_s_app_AMT_GOODS_PRICE_max_div_min,12.114100456237793,1
7,f103_nyg_high_AMT_ANNUITY_s_app_AMT_GOODS_PRICE_pctchange_min,158.47488927841187,13
7,f103_nyg_high_AMT_ANNUITY_s_app_AMT_GOODS_PRICE_diff_min,90.94933891296387,7
7,f103_nyg_high_AMT_ANNUITY_s_app_AMT_CREDIT_pctchange_mean,143.13230991363525,13
7,f103_nyg_high_AMT_ANNUITY_s_app_AMT_GOODS_PRICE_diff_std_div_mean,16.71269989013672,1
7,f103_nyg_high_AMT_ANNUITY_s_app_AMT_GOODS_PRICE_pctchange_max,86.13278102874756,7
7,f103_nyg_high_AMT_ANNUITY_s_app_AMT_GOODS_PRICE_pctchange_std_div_mean,45.081000328063965,3
7,f103_nyg_high_AMT_ANNUITY_s_app_AMT_INCOME_TOTAL_diff_std_div_mean,11.769399642944336,1
7,f103_nyg_high_AMT_ANNUITY_s_app_AMT_GOODS_PRICE_pctchange_mean,73.74756956100464,6
7,f103_nyg_high_AMT_ANNUITY_s_app_AMT_INCOME_TOTAL_diff_max_div_min,0.0,0
7,f103_nyg_high_AMT_ANNUITY_s_app_AMT_INCOME_TOTAL_diff_std,0.0,0
7,f103_nyg_high_AMT_ANNUITY_s_app_AMT_GOODS_PRICE_std,28.382200241088867,1
7,f103_nyg_high_AMT_ANNUITY_s_app_AMT_INCOME_TOTAL_pctchange_max,197.9630298614502,16
7,f103_nyg_high_AMT_ANNUITY_std,0.0,0
7,f103_nyg_high_AMT_ANNUITY_s_app_AMT_GOODS_PRICE_pctchange_max_div_min,15.6766996383667,1
7,f103_nyg_high_AMT_ANNUITY_s_app_AMT_INCOME_TOTAL_diff_min,63.403011322021484,6
7,f103_nyg_high_AMT_ANNUITY_s_app_AMT_INCOME_TOTAL_pctchange_max_div_min,0.0,0
7,f103_nyg_high_AMT_APPLICATION_d_app_AMT_ANNUITY_diff_std_div_mean,11.893400192260742,1
7,f103_nyg_high_AMT_ANNUITY_s_app_AMT_INCOME_TOTAL_pctchange_std,12.7746000289917,1
7,f103_nyg_high_AMT_APPLICATION_d_app_AMT_ANNUITY_diff_max_div_min,31.45180034637451,2
7,f103_nyg_high_AMT_ANNUITY_s_app_AMT_INCOME_TOTAL_pctchange_mean,154.02046966552734,11
7,f103_nyg_high_AMT_ANNUITY_s_app_AMT_INCOME_TOTAL_std,0.0,0
7,f103_nyg_high_AMT_ANNUITY_s_app_AMT_INCOME_TOTAL_min,1143.1533842086792,76
7,f103_nyg_high_AMT_APPLICATION_d_app_AMT_ANNUITY_diff_std,16.736299514770508,1
7,f103_nyg_high_AMT_APPLICATION_d_app_AMT_CREDIT_diff_std,67.79259967803955,3
7,f103_nyg_high_AMT_APPLICATION_d_app_AMT_ANNUITY_mean,330.0393285751343,24
7,f103_nyg_high_AMT_APPLICATION_d_app_AMT_ANNUITY_pctchange_std_div_mean,34.18540000915527,2
7,f103_nyg_high_AMT_APPLICATION_d_app_AMT_CREDIT_diff_min,37.673930168151855,3
7,f103_nyg_high_AMT_APPLICATION_d_app_AMT_CREDIT_std,16.317100524902344,1
7,f103_nyg_high_AMT_APPLICATION_d_app_AMT_ANNUITY_pctchange_max_div_min,23.499600410461426,2
7,f103_nyg_high_AMT_APPLICATION_d_app_AMT_CREDIT_diff_max_div_min,0.0,0
7,f103_nyg_high_AMT_APPLICATION_d_app_AMT_ANNUITY_diff_min,55.62788009643555,5
7,f103_nyg_high_AMT_APPLICATION_d_app_AMT_ANNUITY_min,483.22780323028564,33
7,f103_nyg_high_AMT_APPLICATION_d_app_AMT_CREDIT_pctchange_std_div_mean,0.0,0
7,f103_nyg_high_AMT_APPLICATION_d_app_AMT_CREDIT_max,157.92727947235107,12
7,f103_nyg_high_AMT_APPLICATION_d_app_AMT_GOODS_PRICE_diff_std,0.0,0
7,f103_nyg_high_AMT_APPLICATION_d_app_AMT_GOODS_PRICE_diff_min,57.63975954055786,6
7,f103_nyg_high_AMT_APPLICATION_d_app_AMT_GOODS_PRICE_diff_max_div_min,17.959800720214844,1
7,f103_nyg_high_AMT_APPLICATION_d_app_AMT_CREDIT_min,283.2737092971802,19
7,f103_nyg_high_AMT_APPLICATION_d_app_AMT_CREDIT_mean,198.8157000541687,16
7,f103_nyg_high_AMT_APPLICATION_d_app_AMT_INCOME_TOTAL_diff_std_div_mean,0.0,0
7,f103_nyg_high_AMT_APPLICATION_d_app_AMT_INCOME_TOTAL_diff_max_div_min,0.0,0
7,f103_nyg_high_AMT_APPLICATION_d_app_AMT_GOODS_PRICE_min,116.36969900131226,10
7,f103_nyg_high_AMT_APPLICATION_d_app_AMT_CREDIT_pctchange_max_div_min,0.0,0
7,f103_nyg_high_AMT_APPLICATION_d_app_AMT_GOODS_PRICE_max,115.7542200088501,10
7,f103_nyg_high_AMT_APPLICATION_d_app_AMT_GOODS_PRICE_mean,144.40992975234985,12
7,f103_nyg_high_AMT_APPLICATION_d_app_AMT_GOODS_PRICE_std,0.0,0
7,f103_nyg_high_AMT_APPLICATION_d_app_AMT_INCOME_TOTAL_pctchange_max_div_min,0.0,0
7,f103_nyg_high_AMT_APPLICATION_d_app_AMT_GOODS_PRICE_pctchange_max_div_min,10.362600326538086,1
7,f103_nyg_high_AMT_APPLICATION_d_app_AMT_INCOME_TOTAL_diff_min,36.41992950439453,3
7,f103_nyg_high_AMT_APPLICATION_m_app_AMT_GOODS_PRICE_d_app_AMT_INCOME_TOTAL_pctchange_mean,38.479390144348145,3
7,f103_nyg_high_AMT_APPLICATION_m_app_AMT_GOODS_PRICE_d_app_AMT_INCOME_TOTAL_pctchange_min,81.34250068664551,6
7,f103_nyg_high_AMT_APPLICATION_m_app_AMT_GOODS_PRICE_d_app_AMT_INCOME_TOTAL_max_div_min,60.888508796691895,4
7,f103_nyg_high_AMT_APPLICATION_m_app_AMT_GOODS_PRICE_d_app_AMT_INCOME_TOTAL_diff_min,30.030550003051758,3
7,f103_nyg_high_AMT_APPLICATION_m_app_AMT_GOODS_PRICE_d_app_AMT_INCOME_TOTAL_diff_max_div_min,0.0,0
7,f103_nyg_high_AMT_APPLICATION_m_app_AMT_GOODS_PRICE_d_app_AMT_INCOME_TOTAL_pctchange_max_div_min,12.48740005493164,1
7,f103_nyg_high_AMT_APPLICATION_m_app_AMT_GOODS_PRICE_d_app_AMT_INCOME_TOTAL_min,440.6330199241638,36
7,f103_nyg_high_AMT_APPLICATION_s_app_AMT_ANNUITY_d_app_AMT_INCOME_TOTAL_diff_max_div_min,0.0,0
7,f103_nyg_high_AMT_APPLICATION_min,500.0915813446045,37
7,f103_nyg_high_AMT_APPLICATION_s_app_AMT_ANNUITY_d_app_AMT_INCOME_TOTAL_pctchange_max,147.7339596748352,12
7,f103_nyg_high_AMT_APPLICATION_s_app_AMT_ANNUITY_d_app_AMT_INCOME_TOTAL_pctchange_std,60.67210006713867,4
7,f103_nyg_high_AMT_APPLICATION_s_app_AMT_ANNUITY_d_app_AMT_INCOME_TOTAL_diff_std_div_mean,0.0,0
7,f103_nyg_high_AMT_APPLICATION_s_app_AMT_ANNUITY_d_app_AMT_INCOME_TOTAL_pctchange_max_div_min,42.92580032348633,3
7,f103_nyg_high_AMT_APPLICATION_s_app_AMT_ANNUITY_diff_max_div_min,0.0,0
7,f103_nyg_high_AMT_APPLICATION_s_app_AMT_ANNUITY_d_app_AMT_INCOME_TOTAL_diff_min,14.34000015258789,1
7,f103_nyg_high_AMT_APPLICATION_s_app_AMT_ANNUITY_d_app_AMT_INCOME_TOTAL_pctchange_std_div_mean,25.747600555419922,1
7,f103_nyg_high_AMT_APPLICATION_s_app_AMT_ANNUITY_d_app_AMT_INCOME_TOTAL_pctchange_min,173.3578405380249,15
7,f103_nyg_high_AMT_APPLICATION_s_app_AMT_ANNUITY_d_app_AMT_INCOME_TOTAL_max_div_min,192.49871063232422,12
7,f103_nyg_high_AMT_APPLICATION_s_app_AMT_ANNUITY_diff_std_div_mean,0.0,0
7,f103_nyg_high_AMT_APPLICATION_s_app_AMT_ANNUITY_diff_min,46.659950256347656,5
7,f103_nyg_high_AMT_APPLICATION_s_app_AMT_ANNUITY_d_app_AMT_INCOME_TOTAL_pctchange_mean,58.463199615478516,6
7,f103_nyg_high_AMT_APPLICATION_s_app_AMT_ANNUITY_min,606.802001953125,51
7,f103_nyg_high_AMT_APPLICATION_s_app_AMT_ANNUITY_diff_std,53.76420021057129,3
7,f103_nyg_high_AMT_APPLICATION_s_app_AMT_ANNUITY_pctchange_mean,9.535269737243652,1
7,f103_nyg_high_AMT_APPLICATION_s_app_AMT_ANNUITY_pctchange_min,9.055740356445312,1
7,f103_nyg_high_AMT_APPLICATION_s_app_AMT_ANNUITY_d_app_AMT_INCOME_TOTAL_std_div_mean,6.673789978027344,1
7,f103_nyg_high_AMT_APPLICATION_s_app_AMT_ANNUITY_pctchange_std_div_mean,0.0,0
7,f103_nyg_high_AMT_APPLICATION_s_app_AMT_ANNUITY_pctchange_max,46.52976942062378,4
7,f103_nyg_high_AMT_APPLICATION_s_app_AMT_ANNUITY_pctchange_max_div_min,18.426000595092773,1
7,f103_nyg_high_AMT_APPLICATION_s_app_AMT_CREDIT_d_app_AMT_INCOME_TOTAL_diff_std_div_mean,0.0,0
7,f103_nyg_high_AMT_APPLICATION_s_app_AMT_ANNUITY_pctchange_std,20.631099700927734,1
7,f103_nyg_high_AMT_APPLICATION_s_app_AMT_ANNUITY_max_div_min,57.59010028839111,3
7,f103_nyg_high_AMT_APPLICATION_s_app_AMT_ANNUITY_std_div_mean,0.0,0
7,f103_nyg_high_AMT_APPLICATION_s_app_AMT_CREDIT_d_app_AMT_INCOME_TOTAL_diff_max_div_min,0.0,0
7,f103_nyg_high_AMT_APPLICATION_s_app_AMT_CREDIT_d_app_AMT_INCOME_TOTAL_pctchange_std,15.275300025939941,1
7,f103_nyg_high_AMT_APPLICATION_s_app_AMT_CREDIT_d_app_AMT_INCOME_TOTAL_pctchange_std_div_mean,26.85650062561035,2
7,f103_nyg_high_AMT_APPLICATION_s_app_AMT_CREDIT_d_app_AMT_INCOME_TOTAL_diff_min,0.0,0
7,f103_nyg_high_AMT_APPLICATION_s_app_AMT_CREDIT_d_app_AMT_INCOME_TOTAL_pctchange_min,92.91379976272583,7
7,f103_nyg_high_AMT_APPLICATION_s_app_AMT_CREDIT_d_app_AMT_INCOME_TOTAL_pctchange_max,73.55465126037598,6
7,f103_nyg_high_AMT_APPLICATION_s_app_AMT_CREDIT_d_app_AMT_INCOME_TOTAL_max_div_min,30.416099548339844,2
7,f103_nyg_high_AMT_APPLICATION_s_app_AMT_CREDIT_d_app_AMT_INCOME_TOTAL_mean,266.179811000824,21
7,f103_nyg_high_AMT_APPLICATION_s_app_AMT_CREDIT_diff_std,0.0,0
7,f103_nyg_high_AMT_APPLICATION_s_app_AMT_CREDIT_d_app_AMT_INCOME_TOTAL_pctchange_max_div_min,11.609700202941895,1
7,f103_nyg_high_AMT_APPLICATION_s_app_AMT_CREDIT_d_app_AMT_INCOME_TOTAL_std_div_mean,70.68580055236816,4
7,f103_nyg_high_AMT_APPLICATION_s_app_AMT_CREDIT_d_app_AMT_INCOME_TOTAL_min,354.12885189056396,27
7,f103_nyg_high_AMT_APPLICATION_s_app_AMT_CREDIT_d_app_AMT_INCOME_TOTAL_pctchange_mean,95.20619869232178,8
7,f103_nyg_high_AMT_APPLICATION_s_app_AMT_CREDIT_diff_std_div_mean,0.0,0
7,f103_nyg_high_AMT_APPLICATION_s_app_AMT_CREDIT_diff_max_div_min,0.0,0
7,f103_nyg_high_AMT_APPLICATION_s_app_AMT_CREDIT_std_div_mean,16.69420051574707,1
7,f103_nyg_high_AMT_APPLICATION_s_app_AMT_CREDIT_pctchange_std,0.0,0
7,f103_nyg_high_AMT_APPLICATION_s_app_AMT_CREDIT_max_div_min,53.345401763916016,1
7,f103_nyg_high_AMT_APPLICATION_s_app_AMT_CREDIT_pctchange_std_div_mean,0.0,0
7,f103_nyg_high_AMT_APPLICATION_s_app_AMT_CREDIT_diff_min,11.810199737548828,1
7,f103_nyg_high_AMT_APPLICATION_s_app_AMT_CREDIT_pctchange_mean,0.0,0
7,f103_nyg_high_AMT_APPLICATION_s_app_AMT_CREDIT_pctchange_max,42.435269355773926,4
7,f103_nyg_high_AMT_APPLICATION_s_app_AMT_GOODS_PRICE_diff_std,0.0,0
7,f103_nyg_high_AMT_APPLICATION_s_app_AMT_CREDIT_pctchange_max_div_min,0.0,0
7,f103_nyg_high_AMT_APPLICATION_s_app_AMT_GOODS_PRICE_diff_std_div_mean,0.0,0
7,f103_nyg_high_AMT_APPLICATION_s_app_AMT_CREDIT_pctchange_min,35.76459884643555,2
7,f103_nyg_high_AMT_APPLICATION_s_app_AMT_GOODS_PRICE_max_div_min,58.012298583984375,3
7,f103_nyg_high_AMT_APPLICATION_s_app_AMT_GOODS_PRICE_pctchange_std_div_mean,14.536999702453613,1
7,f103_nyg_high_AMT_APPLICATION_s_app_AMT_GOODS_PRICE_diff_max_div_min,0.0,0
7,f103_nyg_high_AMT_APPLICATION_s_app_AMT_GOODS_PRICE_diff_min,62.77904939651489,5
7,f103_nyg_high_AMT_APPLICATION_s_app_AMT_GOODS_PRICE_pctchange_max_div_min,12.998200416564941,1
7,f103_nyg_high_AMT_APPLICATION_s_app_AMT_GOODS_PRICE_pctchange_min,29.478160858154297,3
7,f103_nyg_high_AMT_APPLICATION_s_app_AMT_INCOME_TOTAL_diff_std_div_mean,0.0,0
7,f103_nyg_high_AMT_APPLICATION_s_app_AMT_GOODS_PRICE_pctchange_mean,41.96919059753418,4
7,f103_nyg_high_AMT_APPLICATION_s_app_AMT_INCOME_TOTAL_diff_std,0.0,0
7,f103_nyg_high_AMT_APPLICATION_s_app_AMT_INCOME_TOTAL_pctchange_max,202.24579095840454,17
7,f103_nyg_high_AMT_APPLICATION_s_app_AMT_INCOME_TOTAL_diff_min,17.066060543060303,2
7,f103_nyg_high_AMT_APPLICATION_s_app_AMT_INCOME_TOTAL_pctchange_mean,204.01120948791504,18
7,f103_nyg_high_AMT_APPLICATION_s_app_AMT_INCOME_TOTAL_pctchange_std_div_mean,33.80639934539795,2
7,f103_nyg_high_AMT_APPLICATION_s_app_AMT_INCOME_TOTAL_pctchange_max_div_min,27.100500106811523,2
7,f103_nyg_high_AMT_APPLICATION_s_app_AMT_INCOME_TOTAL_diff_max_div_min,0.0,0
7,f103_nyg_high_AMT_CREDIT_d_AMT_ANNUITY_diff_std_div_mean,21.01861000061035,2
7,f103_nyg_high_AMT_APPLICATION_s_app_AMT_INCOME_TOTAL_pctchange_min,173.09301900863647,12
7,f103_nyg_high_AMT_CREDIT_d_AMT_ANNUITY_diff_max_div_min,292.48609924316406,8
7,f103_nyg_high_AMT_CREDIT_d_AMT_ANNUITY_diff_min,432.5128312110901,32
7,f103_nyg_high_AMT_CREDIT_d_AMT_ANNUITY_std_div_mean,74.21650123596191,3
7,f103_nyg_high_AMT_CREDIT_d_AMT_ANNUITY_pctchange_std_div_mean,14.051199913024902,1
7,f103_nyg_high_AMT_CREDIT_d_AMT_ANNUITY_pctchange_max_div_min,114.89830017089844,5
7,f103_nyg_high_AMT_CREDIT_d_AMT_APPLICATION_pctchange_std,0.0,0
7,f103_nyg_high_AMT_CREDIT_d_app_AMT_ANNUITY_diff_std_div_mean,11.029899597167969,1
7,f103_nyg_high_AMT_CREDIT_d_AMT_APPLICATION_pctchange_max_div_min,18.765079498291016,2
7,f103_nyg_high_AMT_CREDIT_d_AMT_APPLICATION_diff_max_div_min,26.822500228881836,2
7,f103_nyg_high_AMT_CREDIT_d_AMT_APPLICATION_diff_min,189.1168794631958,14
7,f103_nyg_high_AMT_CREDIT_d_AMT_APPLICATION_pctchange_mean,412.933021068573,38
7,f103_nyg_high_AMT_CREDIT_d_AMT_ANNUITY_pctchange_min,127.59863042831421,13
7,f103_nyg_high_AMT_CREDIT_d_AMT_APPLICATION_pctchange_min,99.02983951568604,8
7,f103_nyg_high_AMT_CREDIT_d_app_AMT_ANNUITY_diff_min,146.60980033874512,10
7,f103_nyg_high_AMT_CREDIT_d_app_AMT_ANNUITY_diff_std,0.0,0
7,f103_nyg_high_AMT_CREDIT_d_AMT_APPLICATION_pctchange_std_div_mean,89.56279945373535,5
7,f103_nyg_high_AMT_CREDIT_d_AMT_APPLICATION_std_div_mean,6.569250106811523,1
7,f103_nyg_high_AMT_CREDIT_d_app_AMT_ANNUITY_pctchange_std_div_mean,22.68160057067871,1
7,f103_nyg_high_AMT_CREDIT_d_app_AMT_ANNUITY_pctchange_max_div_min,0.0,0
7,f103_nyg_high_AMT_CREDIT_d_app_AMT_CREDIT_diff_std_div_mean,0.0,0
7,f103_nyg_high_AMT_CREDIT_d_app_AMT_CREDIT_diff_std,17.111099243164062,1
7,f103_nyg_high_AMT_CREDIT_d_app_AMT_ANNUITY_diff_max_div_min,39.66180944442749,3
7,f103_nyg_high_AMT_CREDIT_d_app_AMT_ANNUITY_min,404.3718910217285,36
7,f103_nyg_high_AMT_CREDIT_d_app_AMT_CREDIT_diff_max_div_min,0.0,0
7,f103_nyg_high_AMT_CREDIT_d_app_AMT_CREDIT_max,291.6395335197449,18
7,f103_nyg_high_AMT_CREDIT_d_app_AMT_CREDIT_pctchange_std_div_mean,0.0,0
7,f103_nyg_high_AMT_CREDIT_d_app_AMT_CREDIT_diff_min,94.47849082946777,6
7,f103_nyg_high_AMT_CREDIT_d_app_AMT_CREDIT_mean,314.8409161567688,16
7,f103_nyg_high_AMT_CREDIT_d_app_AMT_GOODS_PRICE_diff_max_div_min,0.0,0
7,f103_nyg_high_AMT_CREDIT_d_app_AMT_GOODS_PRICE_diff_std_div_mean,0.0,0
7,f103_nyg_high_AMT_CREDIT_d_app_AMT_CREDIT_min,157.6000623703003,12
7,f103_nyg_high_AMT_CREDIT_d_app_AMT_CREDIT_pctchange_max_div_min,0.0,0
7,f103_nyg_high_AMT_CREDIT_d_app_AMT_GOODS_PRICE_diff_std,0.0,0
7,f103_nyg_high_AMT_CREDIT_d_app_AMT_GOODS_PRICE_diff_min,47.60956954956055,4
7,f103_nyg_high_AMT_CREDIT_d_app_AMT_GOODS_PRICE_pctchange_std_div_mean,0.0,0
7,f103_nyg_high_AMT_CREDIT_d_app_AMT_GOODS_PRICE_mean,385.0930118560791,27
7,f103_nyg_high_AMT_CREDIT_d_app_AMT_INCOME_TOTAL_diff_max_div_min,0.0,0
7,f103_nyg_high_AMT_CREDIT_d_app_AMT_INCOME_TOTAL_diff_std_div_mean,0.0,0
7,f103_nyg_high_AMT_CREDIT_d_app_AMT_GOODS_PRICE_min,277.49621963500977,21
7,f103_nyg_high_AMT_CREDIT_d_app_AMT_GOODS_PRICE_pctchange_max_div_min,0.0,0
7,f103_nyg_high_AMT_CREDIT_d_app_AMT_INCOME_TOTAL_pctchange_max_div_min,0.0,0
7,f103_nyg_high_AMT_CREDIT_d_app_AMT_INCOME_TOTAL_pctchange_std_div_mean,0.0,0
7,f103_nyg_high_AMT_CREDIT_d_app_AMT_INCOME_TOTAL_diff_min,137.57482147216797,13
7,f103_nyg_high_AMT_CREDIT_d_total_debt_diff_std_div_mean,17.912099838256836,1
7,f103_nyg_high_AMT_CREDIT_d_total_debt_diff_max_div_min,20.41344928741455,2
7,f103_nyg_high_AMT_CREDIT_d_total_debt_pctchange_max,807.1992816925049,59
7,f103_nyg_high_AMT_CREDIT_d_total_debt_diff_max,363.7100782394409,26
7,f103_nyg_high_AMT_CREDIT_m_app_AMT_GOODS_PRICE_d_app_AMT_INCOME_TOTAL_diff_std_div_mean,0.0,0
7,f103_nyg_high_AMT_CREDIT_d_total_debt_pctchange_std_div_mean,77.44869995117188,5
7,f103_nyg_high_AMT_CREDIT_d_total_debt_pctchange_max_div_min,15.517900466918945,1
7,f103_nyg_high_AMT_CREDIT_m_app_AMT_GOODS_PRICE_d_app_AMT_INCOME_TOTAL_max_div_min,86.58564043045044,6
7,f103_nyg_high_AMT_CREDIT_m_app_AMT_GOODS_PRICE_d_app_AMT_INCOME_TOTAL_diff_min,52.13280963897705,5
7,f103_nyg_high_AMT_CREDIT_m_app_AMT_GOODS_PRICE_d_app_AMT_INCOME_TOTAL_pctchange_std,12.763899803161621,1
7,f103_nyg_high_AMT_CREDIT_m_app_AMT_GOODS_PRICE_d_app_AMT_INCOME_TOTAL_diff_max_div_min,0.0,0
7,f103_nyg_high_AMT_CREDIT_m_app_AMT_GOODS_PRICE_d_app_AMT_INCOME_TOTAL_pctchange_max,164.92718982696533,14
7,f103_nyg_high_AMT_CREDIT_m_app_AMT_GOODS_PRICE_d_app_AMT_INCOME_TOTAL_pctchange_mean,173.76362943649292,16
7,f103_nyg_high_AMT_CREDIT_m_app_AMT_GOODS_PRICE_d_app_AMT_INCOME_TOTAL_pctchange_std_div_mean,32.98789978027344,2
7,f103_nyg_high_AMT_CREDIT_m_app_AMT_GOODS_PRICE_d_app_AMT_INCOME_TOTAL_pctchange_min,235.78514003753662,20
7,f103_nyg_high_AMT_CREDIT_s_app_AMT_ANNUITY_d_app_AMT_INCOME_TOTAL_diff_min,27.89715051651001,3
7,f103_nyg_high_AMT_CREDIT_m_app_AMT_GOODS_PRICE_d_app_AMT_INCOME_TOTAL_std_div_mean,16.404300689697266,1
7,f103_nyg_high_AMT_CREDIT_m_app_AMT_GOODS_PRICE_d_app_AMT_INCOME_TOTAL_pctchange_max_div_min,94.49919891357422,4
7,f103_nyg_high_AMT_CREDIT_s_app_AMT_ANNUITY_d_app_AMT_INCOME_TOTAL_pctchange_mean,72.57153940200806,6
7,f103_nyg_high_AMT_CREDIT_s_app_AMT_ANNUITY_d_app_AMT_INCOME_TOTAL_diff_std_div_mean,0.0,0
7,f103_nyg_high_AMT_CREDIT_s_app_AMT_ANNUITY_d_app_AMT_INCOME_TOTAL_pctchange_max_div_min,16.453500747680664,1
7,f103_nyg_high_AMT_CREDIT_s_app_AMT_ANNUITY_d_app_AMT_INCOME_TOTAL_pctchange_min,283.88035917282104,21
7,f103_nyg_high_AMT_CREDIT_s_app_AMT_ANNUITY_d_app_AMT_INCOME_TOTAL_diff_max_div_min,0.0,0
7,f103_nyg_high_AMT_CREDIT_s_app_AMT_ANNUITY_d_app_AMT_INCOME_TOTAL_std_div_mean,32.7807092666626,2
7,f103_nyg_high_AMT_CREDIT_s_app_AMT_ANNUITY_d_app_AMT_INCOME_TOTAL_pctchange_max,402.7033681869507,29
7,f103_nyg_high_AMT_CREDIT_s_app_AMT_ANNUITY_d_app_AMT_INCOME_TOTAL_pctchange_std,18.59600067138672,1
7,f103_nyg_high_AMT_CREDIT_s_app_AMT_ANNUITY_diff_std_div_mean,0.0,0
7,f103_nyg_high_AMT_CREDIT_s_app_AMT_ANNUITY_d_app_AMT_INCOME_TOTAL_max_div_min,78.26410102844238,3
7,f103_nyg_high_AMT_CREDIT_s_app_AMT_ANNUITY_pctchange_mean,53.993059158325195,4
7,f103_nyg_high_AMT_CREDIT_s_app_AMT_ANNUITY_pctchange_min,68.78069877624512,4
7,f103_nyg_high_AMT_CREDIT_s_app_AMT_ANNUITY_pctchange_std,0.0,0
7,f103_nyg_high_AMT_CREDIT_s_app_AMT_ANNUITY_max_div_min,0.0,0
7,f103_nyg_high_AMT_CREDIT_s_app_AMT_ANNUITY_diff_min,131.17067098617554,11
7,f103_nyg_high_AMT_CREDIT_s_app_AMT_ANNUITY_pctchange_max_div_min,11.154899597167969,1
7,f103_nyg_high_AMT_CREDIT_s_app_AMT_ANNUITY_std_div_mean,37.720200538635254,3
7,f103_nyg_high_AMT_CREDIT_s_app_AMT_ANNUITY_pctchange_max,61.620699882507324,4
7,f103_nyg_high_AMT_CREDIT_s_app_AMT_ANNUITY_diff_max_div_min,0.0,0
7,f103_nyg_high_AMT_CREDIT_s_app_AMT_CREDIT_d_app_AMT_INCOME_TOTAL_diff_std_div_mean,0.0,0
7,f103_nyg_high_AMT_CREDIT_s_app_AMT_CREDIT_d_app_AMT_INCOME_TOTAL_diff_max_div_min,0.0,0
7,f103_nyg_high_AMT_CREDIT_s_app_AMT_CREDIT_d_app_AMT_INCOME_TOTAL_pctchange_std,39.14755058288574,2
7,f103_nyg_high_AMT_CREDIT_s_app_AMT_CREDIT_d_app_AMT_INCOME_TOTAL_std_div_mean,125.58500099182129,5
7,f103_nyg_high_AMT_CREDIT_s_app_AMT_CREDIT_d_app_AMT_INCOME_TOTAL_mean,130.00947999954224,11
7,f103_nyg_high_AMT_CREDIT_s_app_AMT_CREDIT_d_app_AMT_INCOME_TOTAL_diff_min,0.0,0
7,f103_nyg_high_AMT_CREDIT_s_app_AMT_CREDIT_d_app_AMT_INCOME_TOTAL_max_div_min,37.541199684143066,2
7,f103_nyg_high_AMT_CREDIT_s_app_AMT_CREDIT_d_app_AMT_INCOME_TOTAL_pctchange_mean,94.7652816772461,10
7,f103_nyg_high_AMT_CREDIT_s_app_AMT_CREDIT_d_app_AMT_INCOME_TOTAL_pctchange_max_div_min,39.52799987792969,1
7,f103_nyg_high_AMT_CREDIT_s_app_AMT_CREDIT_d_app_AMT_INCOME_TOTAL_pctchange_min,130.28165197372437,11
7,f103_nyg_high_AMT_CREDIT_s_app_AMT_CREDIT_d_app_AMT_INCOME_TOTAL_min,206.7811975479126,15
7,f103_nyg_high_AMT_CREDIT_s_app_AMT_CREDIT_diff_min,50.827301025390625,3
7,f103_nyg_high_AMT_CREDIT_s_app_AMT_CREDIT_max_div_min,18.996599197387695,1
7,f103_nyg_high_AMT_CREDIT_s_app_AMT_CREDIT_d_app_AMT_INCOME_TOTAL_pctchange_std_div_mean,115.89424228668213,6
7,f103_nyg_high_AMT_CREDIT_s_app_AMT_CREDIT_d_app_AMT_INCOME_TOTAL_pctchange_max,122.68453025817871,12
7,f103_nyg_high_AMT_CREDIT_s_app_AMT_CREDIT_diff_std_div_mean,0.0,0
7,f103_nyg_high_AMT_CREDIT_s_app_AMT_CREDIT_diff_max_div_min,0.0,0
7,f103_nyg_high_AMT_CREDIT_s_app_AMT_CREDIT_pctchange_std_div_mean,6.371260166168213,1
7,f103_nyg_high_AMT_CREDIT_s_app_AMT_CREDIT_std_div_mean,38.59199905395508,2
7,f103_nyg_high_AMT_CREDIT_s_app_AMT_CREDIT_pctchange_std,36.40410041809082,2
7,f103_nyg_high_AMT_CREDIT_s_app_AMT_GOODS_PRICE_diff_max_div_min,0.0,0
7,f103_nyg_high_AMT_CREDIT_s_app_AMT_GOODS_PRICE_diff_std_div_mean,24.611900329589844,1
7,f103_nyg_high_AMT_CREDIT_s_app_AMT_CREDIT_pctchange_max_div_min,46.31010055541992,1
7,f103_nyg_high_AMT_CREDIT_s_app_AMT_CREDIT_pctchange_min,59.949100494384766,4
7,f103_nyg_high_AMT_CREDIT_s_app_AMT_CREDIT_pctchange_max,16.120489597320557,2
7,f103_nyg_high_AMT_CREDIT_s_app_AMT_CREDIT_pctchange_mean,55.838500022888184,4
7,f103_nyg_high_AMT_CREDIT_s_app_AMT_GOODS_PRICE_pctchange_max,69.74699878692627,6
7,f103_nyg_high_AMT_CREDIT_s_app_AMT_GOODS_PRICE_pctchange_mean,28.73374080657959,2
7,f103_nyg_high_AMT_CREDIT_s_app_AMT_GOODS_PRICE_pctchange_std,21.20039939880371,1
7,f103_nyg_high_AMT_CREDIT_s_app_AMT_GOODS_PRICE_pctchange_max_div_min,9.961420059204102,1
7,f103_nyg_high_AMT_CREDIT_s_app_AMT_GOODS_PRICE_diff_min,0.0,0
7,f103_nyg_high_AMT_CREDIT_s_app_AMT_INCOME_TOTAL_diff_std_div_mean,0.0,0
7,f103_nyg_high_AMT_CREDIT_s_app_AMT_GOODS_PRICE_max_div_min,18.91469955444336,1
7,f103_nyg_high_AMT_CREDIT_s_app_AMT_INCOME_TOTAL_diff_max_div_min,0.0,0
7,f103_nyg_high_AMT_CREDIT_s_app_AMT_INCOME_TOTAL_diff_min,16.361299514770508,1
7,f103_nyg_high_AMT_CREDIT_s_app_AMT_GOODS_PRICE_pctchange_min,30.319459915161133,3
7,f103_nyg_high_AMT_CREDIT_s_app_AMT_INCOME_TOTAL_pctchange_mean,408.74701833724976,28
7,f103_nyg_high_AMT_CREDIT_s_app_AMT_GOODS_PRICE_pctchange_std_div_mean,0.0,0
7,f103_nyg_high_AMT_CREDIT_s_app_AMT_GOODS_PRICE_std_div_mean,0.0,0
7,f103_nyg_high_AMT_CREDIT_s_app_AMT_INCOME_TOTAL_pctchange_min,150.64778804779053,12
7,f103_nyg_high_AMT_CREDIT_s_app_AMT_INCOME_TOTAL_pctchange_max,285.7996792793274,25
7,f103_nyg_high_AMT_DOWN_PAYMENT_d_AMT_GOODS_PRICE_max_div_min,80.47060012817383,6
7,f103_nyg_high_AMT_CREDIT_s_app_AMT_INCOME_TOTAL_pctchange_std,0.0,0
7,f103_nyg_high_AMT_DOWN_PAYMENT_d_AMT_GOODS_PRICE_diff_mean,32.24028968811035,3
7,f103_nyg_high_AMT_CREDIT_s_app_AMT_INCOME_TOTAL_pctchange_std_div_mean,40.55414915084839,3
7,f103_nyg_high_AMT_CREDIT_s_app_AMT_INCOME_TOTAL_max_div_min,103.44504070281982,6
7,f103_nyg_high_AMT_DOWN_PAYMENT_d_AMT_GOODS_PRICE_diff_min,69.23916053771973,7
7,f103_nyg_high_AMT_DOWN_PAYMENT_d_AMT_GOODS_PRICE_diff_max_div_min,25.135240077972412,3
7,f103_nyg_high_AMT_CREDIT_s_app_AMT_INCOME_TOTAL_pctchange_max_div_min,39.93204975128174,3
7,f103_nyg_high_AMT_DOWN_PAYMENT_d_AMT_GOODS_PRICE_diff_max,119.87447929382324,10
7,f103_nyg_high_AMT_DOWN_PAYMENT_d_AMT_GOODS_PRICE_pctchange_max,95.71148014068604,7
7,f103_nyg_high_AMT_GOODS_PRICE_d_AMT_ANNUITY_diff_std_div_mean,29.080199241638184,2
7,f103_nyg_high_AMT_DOWN_PAYMENT_d_AMT_GOODS_PRICE_pctchange_max_div_min,11.675999641418457,1
7,f103_nyg_high_AMT_DOWN_PAYMENT_d_AMT_GOODS_PRICE_pctchange_mean,0.0,0
7,f103_nyg_high_AMT_DOWN_PAYMENT_d_AMT_GOODS_PRICE_pctchange_min,51.620301246643066,3
7,f103_nyg_high_AMT_DOWN_PAYMENT_max_div_min,69.5974006652832,4
7,f103_nyg_high_AMT_GOODS_PRICE_d_AMT_CREDIT_diff_max,155.16737127304077,14
7,f103_nyg_high_AMT_GOODS_PRICE_d_AMT_ANNUITY_diff_max_div_min,31.77530002593994,2
7,f103_nyg_high_AMT_GOODS_PRICE_d_AMT_ANNUITY_diff_min,413.4041500091553,31
7,f103_nyg_high_AMT_GOODS_PRICE_d_AMT_ANNUITY_pctchange_std_div_mean,15.333499908447266,1
7,f103_nyg_high_AMT_GOODS_PRICE_d_AMT_CREDIT_diff_max_div_min,19.209050178527832,2
7,f103_nyg_high_AMT_GOODS_PRICE_d_AMT_ANNUITY_diff_mean,284.5865397453308,24
7,f103_nyg_high_AMT_GOODS_PRICE_d_AMT_CREDIT_diff_std,32.09619903564453,2
7,f103_nyg_high_AMT_GOODS_PRICE_d_AMT_ANNUITY_pctchange_min,158.43936967849731,15
7,f103_nyg_high_AMT_GOODS_PRICE_d_AMT_CREDIT_pctchange_max,122.86846971511841,10
7,f103_nyg_high_AMT_GOODS_PRICE_d_AMT_CREDIT_pctchange_std,0.0,0
7,f103_nyg_high_AMT_GOODS_PRICE_d_AMT_CREDIT_std_div_mean,0.0,0
7,f103_nyg_high_AMT_GOODS_PRICE_d_AMT_ANNUITY_pctchange_max_div_min,23.985000610351562,1
7,f103_nyg_high_AMT_GOODS_PRICE_d_AMT_CREDIT_pctchange_std_div_mean,22.959930419921875,2
7,f103_nyg_high_AMT_GOODS_PRICE_d_AMT_CREDIT_pctchange_max_div_min,39.52969932556152,2
7,f103_nyg_high_AMT_GOODS_PRICE_d_app_AMT_ANNUITY_diff_min,55.89420032501221,4
7,f103_nyg_high_AMT_GOODS_PRICE_d_AMT_CREDIT_std,74.54224157333374,5
7,f103_nyg_high_AMT_GOODS_PRICE_d_app_AMT_ANNUITY_diff_max_div_min,17.605199813842773,1
7,f103_nyg_high_AMT_GOODS_PRICE_d_app_AMT_ANNUITY_diff_std_div_mean,10.714799880981445,1
7,f103_nyg_high_AMT_GOODS_PRICE_d_app_AMT_CREDIT_diff_std,61.40320014953613,3
7,f103_nyg_high_AMT_GOODS_PRICE_d_app_AMT_ANNUITY_pctchange_std_div_mean,0.0,0
7,f103_nyg_high_AMT_GOODS_PRICE_d_app_AMT_ANNUITY_min,69.48972940444946,7
7,f103_nyg_high_AMT_GOODS_PRICE_d_app_AMT_ANNUITY_diff_std,36.76009941101074,2
7,f103_nyg_high_AMT_GOODS_PRICE_d_app_AMT_ANNUITY_mean,132.3109908103943,11
7,f103_nyg_high_AMT_GOODS_PRICE_d_app_AMT_ANNUITY_pctchange_max_div_min,0.0,0
7,f103_nyg_high_AMT_GOODS_PRICE_d_app_AMT_CREDIT_pctchange_std_div_mean,0.0,0
7,f103_nyg_high_AMT_GOODS_PRICE_d_app_AMT_CREDIT_diff_max_div_min,0.0,0
7,f103_nyg_high_AMT_GOODS_PRICE_d_app_AMT_CREDIT_max,15.455140113830566,2
7,f103_nyg_high_AMT_GOODS_PRICE_d_app_AMT_CREDIT_min,102.91753005981445,7
7,f103_nyg_high_AMT_GOODS_PRICE_d_app_AMT_CREDIT_pctchange_max_div_min,0.0,0
7,f103_nyg_high_AMT_GOODS_PRICE_d_app_AMT_CREDIT_diff_min,42.52575969696045,4
7,f103_nyg_high_AMT_GOODS_PRICE_d_app_AMT_CREDIT_mean,7.404069900512695,1
7,f103_nyg_high_AMT_GOODS_PRICE_d_app_AMT_GOODS_PRICE_diff_std,0.0,0
7,f103_nyg_high_AMT_GOODS_PRICE_d_app_AMT_GOODS_PRICE_std,0.0,0
7,f103_nyg_high_AMT_GOODS_PRICE_d_app_AMT_GOODS_PRICE_diff_max_div_min,0.0,0
7,f103_nyg_high_AMT_GOODS_PRICE_d_app_AMT_CREDIT_std,40.41899871826172,2
7,f103_nyg_high_AMT_GOODS_PRICE_d_app_AMT_GOODS_PRICE_max,33.18661975860596,3
7,f103_nyg_high_AMT_GOODS_PRICE_d_app_AMT_GOODS_PRICE_min,80.21088075637817,5
7,f103_nyg_high_AMT_GOODS_PRICE_d_app_AMT_GOODS_PRICE_diff_min,16.52696990966797,2
7,f103_nyg_high_AMT_GOODS_PRICE_d_app_AMT_INCOME_TOTAL_diff_std_div_mean,18.80970001220703,1
7,f103_nyg_high_AMT_GOODS_PRICE_d_app_AMT_GOODS_PRICE_pctchange_max_div_min,12.133399963378906,1
7,f103_nyg_high_AMT_GOODS_PRICE_d_app_AMT_INCOME_TOTAL_diff_max_div_min,0.0,0
7,f103_nyg_high_AMT_GOODS_PRICE_d_total_debt_diff_std_div_mean,0.0,0
7,f103_nyg_high_AMT_GOODS_PRICE_d_app_AMT_GOODS_PRICE_mean,54.19332027435303,4
7,f103_nyg_high_AMT_GOODS_PRICE_d_app_AMT_INCOME_TOTAL_diff_min,29.696399688720703,2
7,f103_nyg_high_AMT_GOODS_PRICE_d_total_debt_diff_max,378.8235740661621,26
7,f103_nyg_high_AMT_GOODS_PRICE_d_app_AMT_INCOME_TOTAL_pctchange_max_div_min,0.0,0
7,f103_nyg_high_AMT_GOODS_PRICE_d_total_debt_diff_std,76.99460029602051,5
7,f103_nyg_high_AMT_GOODS_PRICE_d_total_debt_diff_max_div_min,9.35243034362793,1
7,f103_nyg_high_AMT_GOODS_PRICE_d_total_debt_pctchange_max_div_min,20.74848985671997,2
7,f103_nyg_high_AMT_GOODS_PRICE_d_total_debt_pctchange_std_div_mean,44.765540599823,4
7,f103_nyg_high_AMT_GOODS_PRICE_d_total_debt_pctchange_max,381.30956268310547,29
7,f103_nyg_high_AMT_GOODS_PRICE_m_app_AMT_GOODS_PRICE_d_app_AMT_INCOME_TOTAL_diff_min,25.506999969482422,2
7,f103_nyg_high_AMT_GOODS_PRICE_d_total_debt_std,79.18899917602539,6
7,f103_nyg_high_AMT_GOODS_PRICE_m_app_AMT_GOODS_PRICE_d_app_AMT_INCOME_TOTAL_pctchange_min,32.067790031433105,3
7,f103_nyg_high_AMT_GOODS_PRICE_m_app_AMT_GOODS_PRICE_d_app_AMT_INCOME_TOTAL_diff_max_div_min,0.0,0
7,f103_nyg_high_AMT_GOODS_PRICE_m_app_AMT_GOODS_PRICE_d_app_AMT_INCOME_TOTAL_pctchange_mean,35.64748954772949,3
7,f103_nyg_high_AMT_GOODS_PRICE_m_app_AMT_GOODS_PRICE_d_app_AMT_INCOME_TOTAL_min,166.0037808418274,13
7,f103_nyg_high_AMT_GOODS_PRICE_m_app_AMT_GOODS_PRICE_d_app_AMT_INCOME_TOTAL_max_div_min,16.814599990844727,1
7,f103_nyg_high_AMT_GOODS_PRICE_s_app_AMT_ANNUITY_d_app_AMT_INCOME_TOTAL_diff_max_div_min,0.0,0
7,f103_nyg_high_AMT_GOODS_PRICE_m_app_AMT_GOODS_PRICE_d_app_AMT_INCOME_TOTAL_pctchange_max_div_min,0.0,0
7,f103_nyg_high_AMT_GOODS_PRICE_s_app_AMT_ANNUITY_d_app_AMT_INCOME_TOTAL_diff_min,9.073909759521484,1
7,f103_nyg_high_AMT_GOODS_PRICE_s_app_AMT_ANNUITY_d_app_AMT_INCOME_TOTAL_diff_std_div_mean,8.353260040283203,1
7,f103_nyg_high_AMT_GOODS_PRICE_s_app_AMT_ANNUITY_d_app_AMT_INCOME_TOTAL_max_div_min,19.894500732421875,1
7,f103_nyg_high_AMT_GOODS_PRICE_min,91.62051010131836,9
7,f103_nyg_high_AMT_GOODS_PRICE_s_app_AMT_ANNUITY_d_app_AMT_INCOME_TOTAL_pctchange_std,63.39649772644043,3
7,f103_nyg_high_AMT_GOODS_PRICE_s_app_AMT_ANNUITY_d_app_AMT_INCOME_TOTAL_pctchange_max_div_min,0.0,0
7,f103_nyg_high_AMT_GOODS_PRICE_s_app_AMT_ANNUITY_d_app_AMT_INCOME_TOTAL_pctchange_std_div_mean,26.914999961853027,2
7,f103_nyg_high_AMT_GOODS_PRICE_s_app_AMT_ANNUITY_d_app_AMT_INCOME_TOTAL_std_div_mean,9.307849884033203,1
7,f103_nyg_high_AMT_GOODS_PRICE_s_app_AMT_ANNUITY_d_app_AMT_INCOME_TOTAL_pctchange_max,52.20447111129761,5
7,f103_nyg_high_AMT_GOODS_PRICE_s_app_AMT_ANNUITY_diff_max_div_min,0.0,0
7,f103_nyg_high_AMT_GOODS_PRICE_s_app_AMT_ANNUITY_d_app_AMT_INCOME_TOTAL_pctchange_mean,39.24580001831055,3
7,f103_nyg_high_AMT_GOODS_PRICE_s_app_AMT_ANNUITY_min,137.50236225128174,11
7,f103_nyg_high_AMT_GOODS_PRICE_s_app_AMT_ANNUITY_diff_std_div_mean,0.0,0
7,f103_nyg_high_AMT_GOODS_PRICE_s_app_AMT_ANNUITY_pctchange_max,84.9806900024414,6
7,f103_nyg_high_AMT_GOODS_PRICE_s_app_AMT_ANNUITY_diff_min,11.220399856567383,1
7,f103_nyg_high_AMT_GOODS_PRICE_s_app_AMT_ANNUITY_pctchange_mean,9.629810333251953,1
7,f103_nyg_high_AMT_GOODS_PRICE_s_app_AMT_ANNUITY_pctchange_min,156.3905487060547,13
7,f103_nyg_high_AMT_GOODS_PRICE_s_app_AMT_ANNUITY_pctchange_std,0.0,0
7,f103_nyg_high_AMT_GOODS_PRICE_s_app_AMT_ANNUITY_max_div_min,11.090800285339355,1
7,f103_nyg_high_AMT_GOODS_PRICE_s_app_AMT_ANNUITY_d_app_AMT_INCOME_TOTAL_pctchange_min,0.0,0
7,f103_nyg_high_AMT_GOODS_PRICE_s_app_AMT_ANNUITY_pctchange_std_div_mean,0.0,0
7,f103_nyg_high_AMT_GOODS_PRICE_s_app_AMT_CREDIT_d_app_AMT_INCOME_TOTAL_diff_min,0.0,0
7,f103_nyg_high_AMT_GOODS_PRICE_s_app_AMT_ANNUITY_pctchange_max_div_min,0.0,0
7,f103_nyg_high_AMT_GOODS_PRICE_s_app_AMT_CREDIT_d_app_AMT_INCOME_TOTAL_diff_max_div_min,0.0,0
7,f103_nyg_high_AMT_GOODS_PRICE_s_app_AMT_CREDIT_d_app_AMT_INCOME_TOTAL_diff_std_div_mean,0.0,0
7,f103_nyg_high_AMT_GOODS_PRICE_s_app_AMT_CREDIT_d_app_AMT_INCOME_TOTAL_pctchange_max_div_min,0.0,0
7,f103_nyg_high_AMT_GOODS_PRICE_s_app_AMT_CREDIT_d_app_AMT_INCOME_TOTAL_pctchange_std,14.329899787902832,1
7,f103_nyg_high_AMT_GOODS_PRICE_s_app_AMT_CREDIT_d_app_AMT_INCOME_TOTAL_pctchange_std_div_mean,6.667819976806641,1
7,f103_nyg_high_AMT_GOODS_PRICE_s_app_AMT_ANNUITY_std_div_mean,0.0,0
7,f103_nyg_high_AMT_GOODS_PRICE_s_app_AMT_CREDIT_d_app_AMT_INCOME_TOTAL_pctchange_mean,77.02589988708496,5
7,f103_nyg_high_AMT_GOODS_PRICE_s_app_AMT_CREDIT_d_app_AMT_INCOME_TOTAL_pctchange_min,72.35839939117432,4
7,f103_nyg_high_AMT_GOODS_PRICE_s_app_AMT_CREDIT_d_app_AMT_INCOME_TOTAL_pctchange_max,0.0,0
7,f103_nyg_high_AMT_GOODS_PRICE_s_app_AMT_CREDIT_diff_min,0.0,0
7,f103_nyg_high_AMT_GOODS_PRICE_s_app_AMT_CREDIT_diff_std_div_mean,0.0,0
7,f103_nyg_high_AMT_GOODS_PRICE_s_app_AMT_CREDIT_d_app_AMT_INCOME_TOTAL_mean,78.8289098739624,6
7,f103_nyg_high_AMT_GOODS_PRICE_s_app_AMT_CREDIT_d_app_AMT_INCOME_TOTAL_max_div_min,0.0,0
7,f103_nyg_high_AMT_GOODS_PRICE_s_app_AMT_CREDIT_pctchange_std,0.0,0
7,f103_nyg_high_AMT_GOODS_PRICE_s_app_AMT_CREDIT_d_app_AMT_INCOME_TOTAL_min,52.98390007019043,4
7,f103_nyg_high_AMT_GOODS_PRICE_s_app_AMT_CREDIT_diff_max_div_min,0.0,0
7,f103_nyg_high_AMT_GOODS_PRICE_s_app_AMT_CREDIT_d_app_AMT_INCOME_TOTAL_std_div_mean,0.0,0
7,f103_nyg_high_AMT_GOODS_PRICE_s_app_AMT_CREDIT_std_div_mean,0.0,0
7,f103_nyg_high_AMT_GOODS_PRICE_s_app_AMT_CREDIT_max_div_min,0.0,0
7,f103_nyg_high_AMT_GOODS_PRICE_s_app_AMT_CREDIT_pctchange_std_div_mean,0.0,0
7,f103_nyg_high_AMT_GOODS_PRICE_s_app_AMT_CREDIT_pctchange_mean,29.95810031890869,2
7,f103_nyg_high_AMT_GOODS_PRICE_s_app_AMT_CREDIT_pctchange_min,24.400400161743164,3
7,f103_nyg_high_AMT_GOODS_PRICE_s_app_AMT_CREDIT_pctchange_max,12.105299949645996,1
7,f103_nyg_high_AMT_GOODS_PRICE_s_app_AMT_GOODS_PRICE_diff_std_div_mean,0.0,0
7,f103_nyg_high_AMT_GOODS_PRICE_s_app_AMT_CREDIT_pctchange_max_div_min,0.0,0
7,f103_nyg_high_AMT_GOODS_PRICE_s_app_AMT_INCOME_TOTAL_diff_max_div_min,0.0,0
7,f103_nyg_high_AMT_GOODS_PRICE_s_app_AMT_GOODS_PRICE_diff_max_div_min,15.444899559020996,1
7,f103_nyg_high_AMT_GOODS_PRICE_s_app_AMT_GOODS_PRICE_max_div_min,0.0,0
7,f103_nyg_high_AMT_GOODS_PRICE_s_app_AMT_GOODS_PRICE_diff_min,0.0,0
7,f103_nyg_high_AMT_GOODS_PRICE_s_app_AMT_GOODS_PRICE_pctchange_std_div_mean,8.419870376586914,1
7,f103_nyg_high_AMT_GOODS_PRICE_s_app_AMT_GOODS_PRICE_pctchange_mean,54.31719970703125,5
7,f103_nyg_high_AMT_GOODS_PRICE_s_app_AMT_GOODS_PRICE_pctchange_max_div_min,0.0,0
7,f103_nyg_high_AMT_GOODS_PRICE_s_app_AMT_GOODS_PRICE_pctchange_min,13.470199584960938,1
7,f103_nyg_high_AMT_GOODS_PRICE_s_app_AMT_INCOME_TOTAL_diff_std_div_mean,0.0,0
7,f103_nyg_high_AMT_GOODS_PRICE_s_app_AMT_INCOME_TOTAL_pctchange_max_div_min,25.962080478668213,2
7,f103_nyg_high_AMT_GOODS_PRICE_s_app_AMT_INCOME_TOTAL_pctchange_max,45.44897937774658,5
7,f103_nyg_high_AMT_GOODS_PRICE_s_app_AMT_INCOME_TOTAL_pctchange_std_div_mean,51.00011873245239,3
7,f103_nyg_high_AMT_GOODS_PRICE_s_app_AMT_INCOME_TOTAL_pctchange_min,140.1060209274292,12
7,f103_nyg_high_AMT_GOODS_PRICE_s_app_AMT_INCOME_TOTAL_diff_min,10.389399528503418,1
7,f103_nyg_high_AMT_GOODS_PRICE_s_app_AMT_INCOME_TOTAL_pctchange_mean,140.5830101966858,13
7,f103_nyg_high_CHANNEL_TYPE_Country_wide_sum,54.20330047607422,5
7,f103_nyg_high_CHANNEL_TYPE_AP___Cash_loan__mean,99.02056789398193,7
7,f103_nyg_high_CHANNEL_TYPE_Regional___Local_sum,0.0,0
7,f103_nyg_high_CHANNEL_TYPE_Credit_and_cash_offices_mean,67.25061082839966,7
7,f103_nyg_high_CHANNEL_TYPE_Contact_center_mean,0.0,0
7,f103_nyg_high_CHANNEL_TYPE_Regional___Local_mean,0.0,0
7,f103_nyg_high_CODE_REJECT_REASON_SCO_mean,0.0,0
7,f103_nyg_high_CODE_REJECT_REASON_VERIF_sum,0.0,0
7,f103_nyg_high_CHANNEL_TYPE_Stone_sum,0.0,0
7,f103_nyg_high_CHANNEL_TYPE_Stone_mean,0.0,0
7,f103_nyg_high_CODE_REJECT_REASON_SCO_sum,0.0,0
7,f103_nyg_high_CODE_REJECT_REASON_CLIENT_sum,0.0,0
7,f103_nyg_high_CODE_REJECT_REASON_CLIENT_mean,0.0,0
7,f103_nyg_high_CODE_REJECT_REASON_XNA_mean,0.0,0
7,f103_nyg_high_DAYS_DECISION_d_app_DAYS_EMPLOYED_std,57.01369857788086,3
7,f103_nyg_high_DAYS_DECISION_d_app_DAYS_ID_PUBLISH_max,142.76492977142334,10
7,f103_nyg_high_DAYS_DECISION_d_app_DAYS_EMPLOYED_min,2820.4000759124756,41
7,f103_nyg_high_DAYS_DECISION_d_app_DAYS_EMPLOYED_mean,2951.2415804862976,36
7,f103_nyg_high_DAYS_DECISION_d_app_DAYS_ID_PUBLISH_std,18.643800735473633,1
7,f103_nyg_high_DAYS_DECISION_d_app_DAYS_LAST_PHONE_CHANGE_std,21.23900032043457,1
7,f103_nyg_high_DAYS_DECISION_d_app_DAYS_ID_PUBLISH_mean,298.99909257888794,25
7,f103_nyg_high_DAYS_DECISION_d_app_DAYS_EMPLOYED_std_div_mean,220.69409942626953,11
7,f103_nyg_high_DAYS_DECISION_d_app_DAYS_EMPLOYED_max,5020.545945644379,44
7,f103_nyg_high_DAYS_DECISION_d_app_DAYS_ID_PUBLISH_min,308.3393301963806,25
7,f103_nyg_high_DAYS_DECISION_d_app_DAYS_LAST_PHONE_CHANGE_mean,819.2120079994202,46
7,f103_nyg_high_DAYS_DECISION_d_app_DAYS_LAST_PHONE_CHANGE_min,674.8761672973633,54
7,f103_nyg_high_DAYS_DECISION_d_app_DAYS_LAST_PHONE_CHANGE_max,747.0440220832825,36
7,f103_nyg_high_DAYS_DECISION_s_app_DAYS_LAST_PHONE_CHANGE_std_div_mean,172.36341285705566,7
7,f103_nyg_high_DAYS_DECISION_s_app_DAYS_LAST_PHONE_CHANGE_max_div_min,192.16540145874023,15
7,f103_nyg_high_DAYS_DECISION_s_app_DAYS_EMPLOYED_std_div_mean,35.617000579833984,2
7,f103_nyg_high_DAYS_DECISION_d_app_DAYS_REGISTRATION_min,880.9477443695068,52
7,f103_nyg_high_DAYS_DECISION_s_app_DAYS_REGISTRATION_max_div_min,131.64219856262207,5
7,f103_nyg_high_DAYS_DECISION_s_app_DAYS_EMPLOYED_max_div_min,28.913999557495117,2
7,f103_nyg_high_DAYS_DECISION_s_app_DAYS_ID_PUBLISH_max_div_min,10.581899642944336,1
7,f103_nyg_high_DAYS_DECISION_s_app_DAYS_ID_PUBLISH_std_div_mean,74.83777904510498,3
7,f103_nyg_high_DAYS_FIRST_DUE_d_app_DAYS_ID_PUBLISH_std,0.0,0
7,f103_nyg_high_DAYS_FIRST_DUE_d_app_DAYS_BIRTH_max_div_min,0.0,0
7,f103_nyg_high_DAYS_FIRST_DUE_d_app_DAYS_EMPLOYED_mean,249.20432996749878,22
7,f103_nyg_high_DAYS_FIRST_DUE_d_app_DAYS_EMPLOYED_max_div_min,0.0,0
7,f103_nyg_high_DAYS_FIRST_DUE_d_app_DAYS_ID_PUBLISH_mean,202.99356937408447,16
7,f103_nyg_high_DAYS_FIRST_DUE_d_app_DAYS_ID_PUBLISH_max,176.85043048858643,15
7,f103_nyg_high_DAYS_FIRST_DUE_d_app_DAYS_EMPLOYED_max,136.28762865066528,11
7,f103_nyg_high_DAYS_FIRST_DUE_d_app_DAYS_REGISTRATION_max,285.7724184989929,25
7,f103_nyg_high_DAYS_FIRST_DUE_d_app_DAYS_EMPLOYED_min,273.7053470611572,22
7,f103_nyg_high_DAYS_FIRST_DUE_d_app_DAYS_ID_PUBLISH_min,273.05435514450073,22
7,f103_nyg_high_DAYS_FIRST_DUE_d_app_DAYS_REGISTRATION_mean,286.0995383262634,21
7,f103_nyg_high_DAYS_FIRST_DUE_d_app_DAYS_ID_PUBLISH_max_div_min,0.0,0
7,f103_nyg_high_DAYS_FIRST_DUE_d_app_DAYS_LAST_PHONE_CHANGE_std,0.0,0
7,f103_nyg_high_DAYS_FIRST_DUE_d_app_DAYS_REGISTRATION_max_div_min,0.0,0
7,f103_nyg_high_DAYS_FIRST_DUE_s_DAYS_DECISIONS_max_div_min,0.0,0
7,f103_nyg_high_DAYS_FIRST_DUE_s_DAYS_DECISIONS_min,108.14459800720215,9
7,f103_nyg_high_DAYS_FIRST_DUE_s_app_DAYS_EMPLOYED_max_div_min,0.0,0
7,f103_nyg_high_DAYS_FIRST_DUE_d_app_DAYS_REGISTRATION_min,312.36787939071655,29
7,f103_nyg_high_DAYS_FIRST_DUE_s_DAYS_DECISIONS_max,91.74049043655396,8
7,f103_nyg_high_DAYS_FIRST_DUE_d_app_DAYS_LAST_PHONE_CHANGE_max_div_min,14.798800468444824,1
7,f103_nyg_high_DAYS_LAST_DUE_1ST_VERSION_d_app_DAYS_BIRTH_std_div_mean,31.58570098876953,2
7,f103_nyg_high_DAYS_FIRST_DUE_s_app_DAYS_ID_PUBLISH_max_div_min,0.0,0
7,f103_nyg_high_DAYS_FIRST_DUE_s_DAYS_DECISIONS_mean,71.5654993057251,4
7,f103_nyg_high_DAYS_FIRST_DUE_s_app_DAYS_LAST_PHONE_CHANGE_std_div_mean,11.137299537658691,1
7,f103_nyg_high_DAYS_FIRST_DUE_s_app_DAYS_LAST_PHONE_CHANGE_max_div_min,0.0,0
7,f103_nyg_high_DAYS_LAST_DUE_1ST_VERSION_d_app_DAYS_BIRTH_max_div_min,0.0,0
7,f103_nyg_high_DAYS_LAST_DUE_1ST_VERSION_d_app_DAYS_EMPLOYED_mean,390.27217721939087,29
7,f103_nyg_high_DAYS_LAST_DUE_1ST_VERSION_d_app_DAYS_LAST_PHONE_CHANGE_std,0.0,0
7,f103_nyg_high_DAYS_LAST_DUE_1ST_VERSION_d_app_DAYS_EMPLOYED_max_div_min,0.0,0
7,f103_nyg_high_DAYS_LAST_DUE_1ST_VERSION_d_app_DAYS_EMPLOYED_max,366.8692226409912,25
7,f103_nyg_high_DAYS_LAST_DUE_1ST_VERSION_d_app_DAYS_ID_PUBLISH_max_div_min,0.0,0
7,f103_nyg_high_DAYS_LAST_DUE_1ST_VERSION_d_app_DAYS_ID_PUBLISH_mean,412.1789917945862,23
7,f103_nyg_high_DAYS_LAST_DUE_1ST_VERSION_d_app_DAYS_EMPLOYED_min,319.8600673675537,19
7,f103_nyg_high_DAYS_LAST_DUE_1ST_VERSION_d_app_DAYS_ID_PUBLISH_max,307.2943286895752,27
7,f103_nyg_high_DAYS_LAST_DUE_1ST_VERSION_d_app_DAYS_LAST_PHONE_CHANGE_max,649.7012243270874,43
7,f103_nyg_high_DAYS_LAST_DUE_1ST_VERSION_d_app_DAYS_REGISTRATION_max_div_min,0.0,0
7,f103_nyg_high_DAYS_LAST_DUE_1ST_VERSION_d_app_DAYS_ID_PUBLISH_std,0.0,0
7,f103_nyg_high_DAYS_LAST_DUE_1ST_VERSION_d_app_DAYS_ID_PUBLISH_std_div_mean,23.150800704956055,1
7,f103_nyg_high_DAYS_LAST_DUE_1ST_VERSION_d_app_DAYS_REGISTRATION_max,491.4231581687927,37
7,f103_nyg_high_DAYS_LAST_DUE_1ST_VERSION_d_app_DAYS_LAST_PHONE_CHANGE_min,1231.932837486267,50
7,f103_nyg_high_DAYS_LAST_DUE_1ST_VERSION_d_app_DAYS_LAST_PHONE_CHANGE_std_div_mean,0.0,0
7,f103_nyg_high_DAYS_LAST_DUE_1ST_VERSION_d_app_DAYS_REGISTRATION_std_div_mean,0.0,0
7,f103_nyg_high_DAYS_LAST_DUE_1ST_VERSION_d_app_DAYS_ID_PUBLISH_min,683.0835661888123,36
7,f103_nyg_high_DAYS_LAST_DUE_1ST_VERSION_d_app_DAYS_LAST_PHONE_CHANGE_max_div_min,6.690579891204834,1
7,f103_nyg_high_DAYS_LAST_DUE_1ST_VERSION_d_app_DAYS_LAST_PHONE_CHANGE_mean,471.2212424278259,28
7,f103_nyg_high_DAYS_LAST_DUE_1ST_VERSION_d_app_DAYS_REGISTRATION_min,751.0830693244934,37
7,f103_nyg_high_DAYS_LAST_DUE_1ST_VERSION_s_app_DAYS_ID_PUBLISH_std_div_mean,23.912599563598633,1
7,f103_nyg_high_DAYS_LAST_DUE_1ST_VERSION_d_app_DAYS_REGISTRATION_mean,760.2868266105652,34
7,f103_nyg_high_DAYS_LAST_DUE_1ST_VERSION_s_app_DAYS_REGISTRATION_std_div_mean,9.125060081481934,1
7,f103_nyg_high_DAYS_LAST_DUE_1ST_VERSION_s_app_DAYS_EMPLOYED_max_div_min,0.0,0
7,f103_nyg_high_DAYS_LAST_DUE_d_app_DAYS_BIRTH_max,209.94897937774658,19
7,f103_nyg_high_DAYS_LAST_DUE_d_app_DAYS_EMPLOYED_max,178.76973819732666,15
7,f103_nyg_high_DAYS_LAST_DUE_d_app_DAYS_EMPLOYED_min,204.59096956253052,15
7,f103_nyg_high_DAYS_LAST_DUE_d_app_DAYS_EMPLOYED_mean,156.61638069152832,12
7,f103_nyg_high_DAYS_LAST_DUE_d_app_DAYS_ID_PUBLISH_mean,180.32855987548828,15
7,f103_nyg_high_DAYS_LAST_DUE_d_app_DAYS_BIRTH_mean,80.06081867218018,7
7,f103_nyg_high_DAYS_LAST_DUE_d_app_DAYS_BIRTH_min,251.9366488456726,21
7,f103_nyg_high_DAYS_LAST_DUE_d_app_DAYS_ID_PUBLISH_max,203.9813814163208,13
7,f103_nyg_high_DAYS_LAST_DUE_s_DAYS_DECISIONS_std_div_mean,5.349209785461426,1
7,f103_nyg_high_DAYS_LAST_DUE_d_app_DAYS_REGISTRATION_min,188.19681024551392,17
7,f103_nyg_high_DAYS_LAST_DUE_d_app_DAYS_LAST_PHONE_CHANGE_min,144.38912057876587,13
7,f103_nyg_high_DAYS_LAST_DUE_d_app_DAYS_LAST_PHONE_CHANGE_mean,241.6122579574585,16
7,f103_nyg_high_DAYS_LAST_DUE_d_app_DAYS_ID_PUBLISH_min,112.86269855499268,10
7,f103_nyg_high_DAYS_LAST_DUE_d_app_DAYS_LAST_PHONE_CHANGE_max,217.93039178848267,18
7,f103_nyg_high_DAYS_LAST_DUE_d_app_DAYS_REGISTRATION_mean,171.25036001205444,14
7,f103_nyg_high_DAYS_LAST_DUE_s_DAYS_DECISIONS_max_div_min,31.75142002105713,2
7,f103_nyg_high_DAYS_LAST_DUE_s_DAYS_FIRST_DUE_std_div_mean,0.0,0
7,f103_nyg_high_DAYS_LAST_DUE_s_app_DAYS_EMPLOYED_max_div_min,0.0,0
7,f103_nyg_high_DAYS_LAST_DUE_s_app_DAYS_ID_PUBLISH_max_div_min,17.088300704956055,1
7,f103_nyg_high_DAYS_LAST_DUE_s_app_DAYS_LAST_PHONE_CHANGE_std_div_mean,0.0,0
7,f103_nyg_high_DAYS_LAST_DUE_s_app_DAYS_LAST_PHONE_CHANGE_max_div_min,0.0,0
7,f103_nyg_high_DAYS_LAST_DUE_s_app_DAYS_ID_PUBLISH_std_div_mean,0.0,0
7,f103_nyg_high_DAYS_TERMINATION_d_app_DAYS_BIRTH_max,302.64886951446533,25
7,f103_nyg_high_DAYS_LAST_DUE_s_app_DAYS_REGISTRATION_max_div_min,0.0,0
7,f103_nyg_high_DAYS_TERMINATION_d_app_DAYS_BIRTH_min,229.5927381515503,16
7,f103_nyg_high_DAYS_TERMINATION_d_app_DAYS_BIRTH_mean,155.57238006591797,13
7,f103_nyg_high_DAYS_TERMINATION_d_app_DAYS_EMPLOYED_mean,193.34569025039673,17
7,f103_nyg_high_DAYS_TERMINATION_d_app_DAYS_LAST_PHONE_CHANGE_min,144.27043867111206,14
7,f103_nyg_high_DAYS_TERMINATION_d_app_DAYS_ID_PUBLISH_max,95.40832948684692,9
7,f103_nyg_high_DAYS_TERMINATION_d_app_DAYS_EMPLOYED_min,213.21065998077393,18
7,f103_nyg_high_DAYS_TERMINATION_d_app_DAYS_EMPLOYED_max,149.97849035263062,14
7,f103_nyg_high_DAYS_TERMINATION_d_app_DAYS_LAST_PHONE_CHANGE_mean,169.00448989868164,12
7,f103_nyg_high_DAYS_TERMINATION_d_app_DAYS_LAST_PHONE_CHANGE_max,154.69615936279297,14
7,f103_nyg_high_DAYS_TERMINATION_s_DAYS_DECISIONS_max_div_min,0.0,0
7,f103_nyg_high_DAYS_TERMINATION_d_app_DAYS_REGISTRATION_mean,207.50385093688965,16
7,f103_nyg_high_DAYS_TERMINATION_s_DAYS_FIRST_DUE_std_div_mean,0.0,0
7,f103_nyg_high_DAYS_TERMINATION_d_app_DAYS_ID_PUBLISH_mean,156.29689025878906,12
7,f103_nyg_high_DAYS_TERMINATION_d_app_DAYS_REGISTRATION_min,223.8937315940857,17
7,f103_nyg_high_DAYS_TERMINATION_d_app_DAYS_ID_PUBLISH_min,237.2919306755066,19
7,f103_nyg_high_DAYS_TERMINATION_s_DAYS_DECISIONS_std_div_mean,0.0,0
7,f103_nyg_high_DAYS_TERMINATION_s_DAYS_LAST_DUE_1ST_VERSION_max_div_min,0.0,0
7,f103_nyg_high_DAYS_TERMINATION_s_DAYS_FIRST_DUE_max_div_min,10.440099716186523,1
7,f103_nyg_high_DAYS_TERMINATION_s_DAYS_LAST_DUE_max,189.85348081588745,17
7,f103_nyg_high_DAYS_TERMINATION_s_DAYS_LAST_DUE_std,0.0,0
7,f103_nyg_high_DAYS_TERMINATION_s_DAYS_LAST_DUE_mean,204.87823867797852,15
7,f103_nyg_high_DAYS_TERMINATION_s_app_DAYS_LAST_PHONE_CHANGE_std_div_mean,0.0,0
7,f103_nyg_high_DAYS_TERMINATION_s_DAYS_LAST_DUE_max_div_min,0.0,0
7,f103_nyg_high_DAYS_TERMINATION_s_app_DAYS_EMPLOYED_max_div_min,0.0,0
7,f103_nyg_high_DAYS_TERMINATION_s_DAYS_LAST_DUE_min,154.22321939468384,13
7,f103_nyg_high_DAYS_TERMINATION_s_app_DAYS_ID_PUBLISH_max_div_min,0.0,0
7,f103_nyg_high_DAYS_TERMINATION_s_app_DAYS_REGISTRATION_max_div_min,17.092300415039062,1
7,f103_nyg_high_DAYS_TERMINATION_s_app_DAYS_LAST_PHONE_CHANGE_max_div_min,0.0,0
7,f103_nyg_high_NAME_CASH_LOAN_PURPOSE_Business_development_sum,0.0,0
7,f103_nyg_high_NAME_CASH_LOAN_PURPOSE_Building_a_house_or_an_annex_sum,0.0,0
7,f103_nyg_high_HOUR_APPR_PROCESS_START_std,89.13909912109375,3
7,f103_nyg_high_NAME_CASH_LOAN_PURPOSE_Business_development_mean,0.0,0
7,f103_nyg_high_NAME_CASH_LOAN_PURPOSE_Building_a_house_or_an_annex_mean,0.0,0
7,f103_nyg_high_NAME_CASH_LOAN_PURPOSE_Buying_a_home_mean,0.0,0
7,f103_nyg_high_NAME_CASH_LOAN_PURPOSE_Buying_a_holiday_home___land_mean,0.0,0
7,f103_nyg_high_NAME_CASH_LOAN_PURPOSE_Buying_a_garage_sum,0.0,0
7,f103_nyg_high_NAME_CASH_LOAN_PURPOSE_Buying_a_garage_mean,0.0,0
7,f103_nyg_high_NAME_CASH_LOAN_PURPOSE_Buying_a_holiday_home___land_sum,0.0,0
7,f103_nyg_high_NAME_CASH_LOAN_PURPOSE_Buying_a_home_sum,0.0,0
7,f103_nyg_high_NAME_CASH_LOAN_PURPOSE_Buying_a_new_car_sum,0.0,0
7,f103_nyg_high_NAME_CASH_LOAN_PURPOSE_Everyday_expenses_mean,0.0,0
7,f103_nyg_high_NAME_CASH_LOAN_PURPOSE_Buying_a_used_car_sum,0.0,0
7,f103_nyg_high_NAME_CASH_LOAN_PURPOSE_Buying_a_used_car_mean,0.0,0
7,f103_nyg_high_NAME_CASH_LOAN_PURPOSE_Furniture_sum,0.0,0
7,f103_nyg_high_NAME_CASH_LOAN_PURPOSE_Everyday_expenses_sum,0.0,0
7,f103_nyg_high_NAME_CASH_LOAN_PURPOSE_Education_mean,0.0,0
7,f103_nyg_high_NAME_CASH_LOAN_PURPOSE_Car_repairs_sum,0.0,0
7,f103_nyg_high_NAME_CASH_LOAN_PURPOSE_Gasification___water_supply_mean,0.0,0
7,f103_nyg_high_NAME_CASH_LOAN_PURPOSE_Money_for_a_third_person_mean,0.0,0
7,f103_nyg_high_NAME_CASH_LOAN_PURPOSE_Car_repairs_mean,0.0,0
7,f103_nyg_high_NAME_CASH_LOAN_PURPOSE_Education_sum,0.0,0
7,f103_nyg_high_NAME_CASH_LOAN_PURPOSE_Gasification___water_supply_sum,0.0,0
7,f103_nyg_high_NAME_CASH_LOAN_PURPOSE_Furniture_mean,0.0,0
7,f103_nyg_high_NAME_CASH_LOAN_PURPOSE_Medicine_mean,0.0,0
7,f103_nyg_high_NAME_CASH_LOAN_PURPOSE_Hobby_sum,0.0,0
7,f103_nyg_high_NAME_CASH_LOAN_PURPOSE_Money_for_a_third_person_sum,0.0,0
7,f103_nyg_high_NAME_CASH_LOAN_PURPOSE_Journey_sum,0.0,0
7,f103_nyg_high_NAME_CASH_LOAN_PURPOSE_Journey_mean,0.0,0
7,f103_nyg_high_NAME_CASH_LOAN_PURPOSE_Purchase_of_electronic_equipment_mean,0.0,0
7,f103_nyg_high_NAME_CASH_LOAN_PURPOSE_Hobby_mean,0.0,0
7,f103_nyg_high_NAME_CASH_LOAN_PURPOSE_Refusal_to_name_the_goal_mean,0.0,0
7,f103_nyg_high_NAME_CASH_LOAN_PURPOSE_Other_mean,0.0,0
7,f103_nyg_high_NAME_CASH_LOAN_PURPOSE_Purchase_of_electronic_equipment_sum,0.0,0
7,f103_nyg_high_NAME_CASH_LOAN_PURPOSE_Other_sum,0.0,0
7,f103_nyg_high_NAME_CASH_LOAN_PURPOSE_Payments_on_other_loans_mean,0.0,0
7,f103_nyg_high_NAME_CASH_LOAN_PURPOSE_Payments_on_other_loans_sum,0.0,0
7,f103_nyg_high_NAME_CASH_LOAN_PURPOSE_Refusal_to_name_the_goal_sum,0.0,0
7,f103_nyg_high_NAME_CASH_LOAN_PURPOSE_XNA_sum,17.775999069213867,1
7,f103_nyg_high_NAME_CASH_LOAN_PURPOSE_Wedding___gift___holiday_sum,0.0,0
7,f103_nyg_high_NAME_CLIENT_TYPE_Refreshed_sum,11.81149959564209,1
7,f103_nyg_high_NAME_CONTRACT_STATUS_Canceled_sum,0.0,0
7,f103_nyg_high_NAME_CLIENT_TYPE_Repeater_mean,130.57832145690918,6
7,f103_nyg_high_NAME_CASH_LOAN_PURPOSE_Urgent_needs_mean,14.283499717712402,1
7,f103_nyg_high_NAME_CONTRACT_STATUS_Unused_offer_mean,0.0,0
7,f103_nyg_high_NAME_GOODS_CATEGORY_Audio_Video_mean,0.0,0
7,f103_nyg_high_NAME_CONTRACT_STATUS_Canceled_mean,0.0,0
7,f103_nyg_high_NAME_CASH_LOAN_PURPOSE_Wedding___gift___holiday_mean,0.0,0
7,f103_nyg_high_NAME_CASH_LOAN_PURPOSE_XNA_mean,35.457509994506836,3
7,f103_nyg_high_NAME_CONTRACT_STATUS_Unused_offer_sum,0.0,0
7,f103_nyg_high_NAME_GOODS_CATEGORY_Computers_sum,0.0,0
7,f103_nyg_high_NAME_GOODS_CATEGORY_Audio_Video_sum,0.0,0
7,f103_nyg_high_NAME_GOODS_CATEGORY_Clothing_and_Accessories_mean,0.0,0
7,f103_nyg_high_NAME_GOODS_CATEGORY_Construction_Materials_mean,0.0,0
7,f103_nyg_high_NAME_GOODS_CATEGORY_Construction_Materials_sum,0.0,0
7,f103_nyg_high_NAME_GOODS_CATEGORY_Homewares_sum,0.0,0
7,f103_nyg_high_NAME_GOODS_CATEGORY_Computers_mean,0.0,0
7,f103_nyg_high_NAME_GOODS_CATEGORY_Clothing_and_Accessories_sum,0.0,0
7,f103_nyg_high_NAME_GOODS_CATEGORY_Auto_Accessories_mean,0.0,0
7,f103_nyg_high_NAME_GOODS_CATEGORY_Auto_Accessories_sum,0.0,0
7,f103_nyg_high_NAME_GOODS_CATEGORY_Consumer_Electronics_sum,0.0,0
7,f103_nyg_high_NAME_GOODS_CATEGORY_Consumer_Electronics_mean,0.0,0
7,f103_nyg_high_NAME_GOODS_CATEGORY_Gardening_mean,0.0,0
7,f103_nyg_high_NAME_GOODS_CATEGORY_Office_Appliances_sum,0.0,0
8,f103_nyg_high_NAME_GOODS_CATEGORY_Furniture_sum,0.0,0
8,f103_nyg_high_NAME_GOODS_CATEGORY_Photo___Cinema_Equipment_mean,0.0,0
8,f103_nyg_high_NAME_GOODS_CATEGORY_Mobile_sum,55.58578968048096,6
8,f103_nyg_high_NAME_GOODS_CATEGORY_Homewares_mean,0.0,0
8,f103_nyg_high_NAME_GOODS_CATEGORY_Jewelry_mean,0.0,0
8,f103_nyg_high_NAME_GOODS_CATEGORY_Furniture_mean,0.0,0
8,f103_nyg_high_NAME_GOODS_CATEGORY_Photo___Cinema_Equipment_sum,0.0,0
8,f103_nyg_high_NAME_GOODS_CATEGORY_Vehicles_mean,0.0,0
8,f103_nyg_high_NAME_GOODS_CATEGORY_Jewelry_sum,0.0,0
8,f103_nyg_high_NAME_GOODS_CATEGORY_Gardening_sum,0.0,0
8,f103_nyg_high_NAME_GOODS_CATEGORY_Office_Appliances_mean,0.0,0
8,f103_nyg_high_NAME_GOODS_CATEGORY_Sport_and_Leisure_sum,0.0,0
8,f103_nyg_high_NAME_GOODS_CATEGORY_Sport_and_Leisure_mean,0.0,0
8,f103_nyg_high_NAME_PAYMENT_TYPE_Cash_through_the_bank_mean,75.48758006095886,11
8,f103_nyg_high_NAME_PAYMENT_TYPE_Cashless_from_the_account_of_the_employer_mean,0.0,0
8,f103_nyg_high_NAME_PAYMENT_TYPE_Non_cash_from_your_account_sum,0.0,0
8,f103_nyg_high_NAME_PAYMENT_TYPE_Non_cash_from_your_account_mean,0.0,0
8,f103_nyg_high_NAME_GOODS_CATEGORY_Vehicles_sum,0.0,0
8,f103_nyg_high_NAME_PAYMENT_TYPE_Cashless_from_the_account_of_the_employer_sum,0.0,0
8,f103_nyg_high_NAME_GOODS_CATEGORY_Mobile_mean,162.92021799087524,13
8,f103_nyg_high_NAME_SELLER_INDUSTRY_Auto_technology_mean,0.0,0
8,f103_nyg_high_NAME_PAYMENT_TYPE_XNA_mean,75.47310066223145,10
8,f103_nyg_high_NAME_PRODUCT_TYPE_x_sell_sum,45.85595083236694,6
8,f103_nyg_high_NAME_SELLER_INDUSTRY_Auto_technology_sum,0.0,0
8,f103_nyg_high_NAME_PRODUCT_TYPE_x_sell_mean,137.02570986747742,15
8,f103_nyg_high_NAME_SELLER_INDUSTRY_Connectivity_sum,159.44704008102417,11
8,f103_nyg_high_NAME_SELLER_INDUSTRY_Clothing_mean,0.0,0
8,f103_nyg_high_NAME_SELLER_INDUSTRY_Connectivity_mean,33.80375957489014,4
8,f103_nyg_high_NAME_SELLER_INDUSTRY_Jewelry_mean,0.0,0
8,f103_nyg_high_NAME_SELLER_INDUSTRY_Furniture_mean,0.0,0
8,f103_nyg_high_NAME_SELLER_INDUSTRY_Construction_mean,0.0,0
8,f103_nyg_high_NAME_SELLER_INDUSTRY_Construction_sum,0.0,0
8,f103_nyg_high_NAME_TYPE_SUITE_Family_mean,129.04117345809937,2
8,f103_nyg_high_NAME_SELLER_INDUSTRY_Furniture_sum,0.0,0
8,f103_nyg_high_NAME_SELLER_INDUSTRY_Clothing_sum,0.0,0
8,f103_nyg_high_NAME_TYPE_SUITE_Family_sum,0.0,0
8,f103_nyg_high_NAME_TYPE_SUITE_Children_sum,0.0,0
8,f103_nyg_high_NAME_TYPE_SUITE_Other_B_sum,0.0,0
8,f103_nyg_high_NAME_SELLER_INDUSTRY_Jewelry_sum,0.0,0
8,f103_nyg_high_NAME_SELLER_INDUSTRY_Industry_mean,416.1080017089844,2
8,f103_nyg_high_NAME_TYPE_SUITE_Spouse__partner_mean,0.0,0
8,f103_nyg_high_NFLAG_LAST_APPL_IN_DAY_std_div_mean,72.12250137329102,2
8,f103_nyg_high_NFLAG_LAST_APPL_IN_DAY_std,30.00879955291748,2
8,f103_nyg_high_NAME_TYPE_SUITE_Children_mean,0.0,0
8,f103_nyg_high_NAME_SELLER_INDUSTRY_Industry_sum,0.0,0
8,f103_nyg_high_NAME_TYPE_SUITE_Group_of_people_mean,0.0,0
8,f103_nyg_high_NAME_TYPE_SUITE_Unaccompanied_mean,198.007719039917,11
8,f103_nyg_high_NAME_TYPE_SUITE_Other_A_sum,0.0,0
8,f103_nyg_high_NAME_TYPE_SUITE_Other_B_mean,0.0,0
8,f103_nyg_high_NFLAG_LAST_APPL_IN_DAY_min,0.0,0
8,f103_nyg_high_NAME_TYPE_SUITE_Spouse__partner_sum,0.0,0
8,f103_nyg_high_NAME_TYPE_SUITE_Other_A_mean,0.0,0
8,f103_nyg_high_NAME_TYPE_SUITE_Unaccompanied_sum,16.67268967628479,3
8,f103_nyg_high_NAME_TYPE_SUITE_Group_of_people_sum,0.0,0
8,f103_nyg_high_NFLAG_LAST_APPL_IN_DAY_max,0.0,0
8,f103_nyg_high_NFLAG_LAST_APPL_IN_DAY_mean,0.0,0
8,f103_nyg_high_PRODUCT_COMBINATION_POS_household_without_interest_sum,0.0,0
8,f103_nyg_high_PRODUCT_COMBINATION_POS_industry_with_interest_sum,125.0009994506836,1
8,f103_nyg_high_PRODUCT_COMBINATION_POS_household_without_interest_mean,0.0,0
8,f103_nyg_high_PRODUCT_COMBINATION_POS_industry_with_interest_mean,239.14500427246094,1
8,f103_nyg_high_RATE_DOWN_PAYMENT_max_div_min,217.98463010787964,21
8,f103_nyg_high_PRODUCT_COMBINATION_POS_other_with_interest_sum,0.0,0
8,f103_nyg_high_PRODUCT_COMBINATION_POS_mobile_with_interest_mean,55.74195051193237,7
8,f103_nyg_high_SELLERPLACE_AREA_std_div_mean,266.8989210128784,16
8,f103_nyg_high_PRODUCT_COMBINATION_POS_industry_without_interest_mean,0.0,0
8,f103_nyg_high_PRODUCT_COMBINATION_POS_industry_without_interest_sum,0.0,0
8,f103_nyg_high_WEEKDAY_APPR_PROCESS_START_FRIDAY_mean,100.46077919006348,13
8,f103_nyg_high_PRODUCT_COMBINATION_POS_other_with_interest_mean,0.0,0
8,f103_nyg_high_SELLERPLACE_AREA_min,5150.336547374725,79
8,f103_nyg_high_PRODUCT_COMBINATION_POS_mobile_with_interest_sum,9.744029998779297,1
8,f103_nyg_high_SELLERPLACE_AREA_mean,1087.9876399040222,40
8,f103_nyg_high_WEEKDAY_APPR_PROCESS_START_SUNDAY_mean,231.65420246124268,8
8,f103_nyg_high_SELLERPLACE_AREA_max_div_min,51.64334011077881,4
8,f103_nyg_high_WEEKDAY_APPR_PROCESS_START_MONDAY_mean,196.12406206130981,22
8,f103_nyg_high_SELLERPLACE_AREA_max,811.3368864059448,42
8,f103_nyg_high_WEEKDAY_APPR_PROCESS_START_TUESDAY_mean,55.45345973968506,10
8,f103_nyg_high_WEEKDAY_APPR_PROCESS_START_THURSDAY_mean,60.00728988647461,7
8,f103_nyg_high_WEEKDAY_APPR_PROCESS_START_THURSDAY_sum,6.780429840087891,1
8,f103_nyg_high_WEEKDAY_APPR_PROCESS_START_SATURDAY_mean,120.72339010238647,14
8,f103_nyg_high_WEEKDAY_APPR_PROCESS_START_SATURDAY_sum,9.165679931640625,1
8,f103_nyg_high_WEEKDAY_APPR_PROCESS_START_MONDAY_sum,17.864449501037598,3
8,f103_nyg_high_WEEKDAY_APPR_PROCESS_START_FRIDAY_sum,14.47357988357544,2
8,f103_nyg_high_WEEKDAY_APPR_PROCESS_START_SUNDAY_sum,0.0,0
8,f103_nyg_high_WEEKDAY_APPR_PROCESS_START_WEDNESDAY_mean,119.33070993423462,18
8,f103_nyg_high_amt_unpaid_std_div_mean,68.0397596359253,5
8,f103_nyg_high_amt_unpaid_max_div_min,230.6855492591858,21
8,f103_nyg_high_WEEKDAY_APPR_PROCESS_START_WEDNESDAY_sum,45.946571350097656,4
8,f103_nyg_high_amt_paid_min,1579.1670467853546,161
8,f103_nyg_high_cnt_paid_sum,1360.282567024231,133
8,f103_nyg_high_cnt_unpaid_max_div_min,225.86417722702026,12
8,f103_nyg_high_completed_std,308.8372611999512,24
8,f103_nyg_high_interest_rate_diff_std_div_mean,183.76037073135376,18
8,f103_nyg_high_amt_paid_sum,1051.8329813480377,131
8,f103_nyg_high_interest_rate_diff_mean,1646.4651079177856,161
8,f103_nyg_high_interest_rate_diff_max_div_min,282.76409912109375,19
8,f103_nyg_high_interest_rate_diff_max,784.0200293064117,95
8,f103_nyg_high_interest_rate_pctchange_std,429.11639046669006,40
8,f103_nyg_high_interest_rate_pctchange_std_div_mean,151.38095998764038,14
8,f103_nyg_high_total_debt_diff_std_div_mean,139.15214014053345,16
8,f103_nyg_high_interest_rate_pctchange_max_div_min,371.2023458480835,19
8,f103_nyg_low_action_AMT_ANNUITY_d_app_AMT_ANNUITY_diff_std_div_mean,0.0,0
8,f103_nyg_high_total_debt_pctchange_max_div_min,243.30708932876587,16
8,f103_nyg_high_total_debt_diff_min,1436.8568813800812,157
8,f103_nyg_low_action_AMT_ANNUITY_d_app_AMT_ANNUITY_diff_max_div_min,20.299139976501465,2
8,f103_nyg_high_total_debt_diff_max_div_min,245.8316993713379,19
8,f103_nyg_low_action_AMT_ANNUITY_d_app_AMT_ANNUITY_pctchange_max_div_min,0.0,0
8,f103_nyg_low_action_AMT_ANNUITY_d_app_AMT_CREDIT_diff_std_div_mean,0.0,0
8,f103_nyg_low_action_AMT_ANNUITY_d_app_AMT_GOODS_PRICE_diff_std_div_mean,0.0,0
8,f103_nyg_low_action_AMT_ANNUITY_d_app_AMT_ANNUITY_max_div_min,0.0,0
8,f103_nyg_low_action_AMT_ANNUITY_d_app_AMT_CREDIT_diff_max_div_min,0.0,0
8,f103_nyg_low_action_AMT_ANNUITY_d_app_AMT_CREDIT_max_div_min,0.0,0
8,f103_nyg_low_action_AMT_ANNUITY_d_app_AMT_GOODS_PRICE_diff_max_div_min,0.0,0
8,f103_nyg_low_action_AMT_ANNUITY_d_app_AMT_CREDIT_pctchange_max_div_min,0.0,0
8,f103_nyg_low_action_AMT_ANNUITY_d_app_AMT_INCOME_TOTAL_diff_std_div_mean,0.0,0
8,f103_nyg_low_action_AMT_ANNUITY_d_app_AMT_GOODS_PRICE_max_div_min,0.0,0
8,f103_nyg_low_action_AMT_ANNUITY_d_app_AMT_GOODS_PRICE_pctchange_max_div_min,0.0,0
8,f103_nyg_low_action_AMT_ANNUITY_d_app_AMT_INCOME_TOTAL_diff_max_div_min,0.0,0
8,f103_nyg_low_action_AMT_ANNUITY_d_app_AMT_INCOME_TOTAL_max_div_min,0.0,0
8,f103_nyg_low_action_AMT_ANNUITY_m_app_AMT_GOODS_PRICE_d_app_AMT_INCOME_TOTAL_diff_std_div_mean,0.0,0
8,f103_nyg_low_action_AMT_ANNUITY_m_app_AMT_GOODS_PRICE_d_app_AMT_INCOME_TOTAL_min,57.34761047363281,7
8,f103_nyg_low_action_AMT_ANNUITY_m_app_AMT_GOODS_PRICE_d_app_AMT_INCOME_TOTAL_mean,21.02723979949951,3
8,f103_nyg_low_action_AMT_ANNUITY_m_app_AMT_GOODS_PRICE_d_app_AMT_INCOME_TOTAL_max_div_min,0.0,0
8,f103_nyg_low_action_AMT_ANNUITY_m_app_AMT_GOODS_PRICE_d_app_AMT_INCOME_TOTAL_diff_max_div_min,0.0,0
8,f103_nyg_low_action_AMT_ANNUITY_d_app_AMT_INCOME_TOTAL_pctchange_max_div_min,0.0,0
8,f103_nyg_low_action_AMT_ANNUITY_m_app_AMT_GOODS_PRICE_d_app_AMT_INCOME_TOTAL_pctchange_mean,17.03668975830078,3
8,f103_nyg_low_action_AMT_ANNUITY_s_app_AMT_ANNUITY_d_app_AMT_INCOME_TOTAL_diff_max_div_min,0.0,0
8,f103_nyg_low_action_AMT_ANNUITY_m_app_AMT_GOODS_PRICE_d_app_AMT_INCOME_TOTAL_max,19.572439670562744,2
8,f103_nyg_low_action_AMT_ANNUITY_s_app_AMT_ANNUITY_d_app_AMT_INCOME_TOTAL_diff_std_div_mean,0.0,0
8,f103_nyg_low_action_AMT_ANNUITY_m_app_AMT_GOODS_PRICE_d_app_AMT_INCOME_TOTAL_pctchange_max,27.783870220184326,3
8,f103_nyg_low_action_AMT_ANNUITY_max_div_min,0.0,0
8,f103_nyg_low_action_AMT_ANNUITY_s_app_AMT_ANNUITY_d_app_AMT_INCOME_TOTAL_std_div_mean,0.0,0
8,f103_nyg_low_action_AMT_ANNUITY_s_app_AMT_ANNUITY_d_app_AMT_INCOME_TOTAL_pctchange_std,0.0,0
8,f103_nyg_low_action_AMT_ANNUITY_m_app_AMT_GOODS_PRICE_d_app_AMT_INCOME_TOTAL_pctchange_max_div_min,0.0,0
8,f103_nyg_low_action_AMT_ANNUITY_s_app_AMT_ANNUITY_d_app_AMT_INCOME_TOTAL_max_div_min,0.0,0
8,f103_nyg_low_action_AMT_ANNUITY_m_app_AMT_GOODS_PRICE_d_app_AMT_INCOME_TOTAL_pctchange_min,29.98146963119507,3
8,f103_nyg_low_action_AMT_ANNUITY_s_app_AMT_ANNUITY_d_app_AMT_INCOME_TOTAL_pctchange_max_div_min,0.0,0
8,f103_nyg_low_action_AMT_ANNUITY_s_app_AMT_ANNUITY_d_app_AMT_INCOME_TOTAL_pctchange_max,49.918789863586426,4
8,f103_nyg_low_action_AMT_ANNUITY_s_app_AMT_ANNUITY_std_div_mean,19.882400512695312,1
8,f103_nyg_low_action_AMT_ANNUITY_s_app_AMT_ANNUITY_d_app_AMT_INCOME_TOTAL_pctchange_min,85.89534997940063,9
8,f103_nyg_low_action_AMT_ANNUITY_s_app_AMT_ANNUITY_diff_std_div_mean,0.0,0
8,f103_nyg_low_action_AMT_ANNUITY_s_app_AMT_ANNUITY_d_app_AMT_INCOME_TOTAL_pctchange_mean,123.54297113418579,10
8,f103_nyg_low_action_AMT_ANNUITY_s_app_AMT_ANNUITY_pctchange_std,0.0,0
8,f103_nyg_low_action_AMT_ANNUITY_s_app_AMT_ANNUITY_diff_max_div_min,0.0,0
8,f103_nyg_low_action_AMT_ANNUITY_s_app_AMT_ANNUITY_pctchange_min,16.143579959869385,2
8,f103_nyg_low_action_AMT_ANNUITY_s_app_AMT_CREDIT_d_app_AMT_INCOME_TOTAL_diff_std_div_mean,0.0,0
8,f103_nyg_low_action_AMT_ANNUITY_s_app_AMT_ANNUITY_max_div_min,0.0,0
8,f103_nyg_low_action_AMT_ANNUITY_s_app_AMT_ANNUITY_pctchange_max_div_min,0.0,0
8,f103_nyg_low_action_AMT_ANNUITY_s_app_AMT_CREDIT_d_app_AMT_INCOME_TOTAL_diff_max_div_min,0.0,0
8,f103_nyg_low_action_AMT_ANNUITY_s_app_AMT_ANNUITY_pctchange_max,49.988539695739746,6
8,f103_nyg_low_action_AMT_ANNUITY_s_app_AMT_CREDIT_d_app_AMT_INCOME_TOTAL_max,57.6417498588562,7
8,f103_nyg_low_action_AMT_ANNUITY_s_app_AMT_ANNUITY_pctchange_mean,15.195929527282715,2
8,f103_nyg_low_action_AMT_ANNUITY_s_app_AMT_CREDIT_d_app_AMT_INCOME_TOTAL_max_div_min,0.0,0
8,f103_nyg_low_action_AMT_ANNUITY_s_app_AMT_CREDIT_d_app_AMT_INCOME_TOTAL_min,34.10993003845215,5
8,f103_nyg_low_action_AMT_ANNUITY_s_app_AMT_CREDIT_diff_std_div_mean,0.0,0
8,f103_nyg_low_action_AMT_ANNUITY_s_app_AMT_CREDIT_d_app_AMT_INCOME_TOTAL_pctchange_max_div_min,0.0,0
8,f103_nyg_low_action_AMT_ANNUITY_s_app_AMT_CREDIT_d_app_AMT_INCOME_TOTAL_pctchange_max,4.598609924316406,1
8,f103_nyg_low_action_AMT_ANNUITY_s_app_AMT_CREDIT_d_app_AMT_INCOME_TOTAL_pctchange_mean,0.0,0
8,f103_nyg_low_action_AMT_ANNUITY_s_app_AMT_CREDIT_d_app_AMT_INCOME_TOTAL_mean,0.0,0
8,f103_nyg_low_action_AMT_ANNUITY_s_app_AMT_CREDIT_diff_max_div_min,0.0,0
8,f103_nyg_low_action_AMT_ANNUITY_s_app_AMT_GOODS_PRICE_diff_std_div_mean,0.0,0
8,f103_nyg_low_action_AMT_ANNUITY_s_app_AMT_CREDIT_pctchange_max_div_min,0.0,0
8,f103_nyg_low_action_AMT_ANNUITY_s_app_AMT_CREDIT_max_div_min,0.0,0
8,f103_nyg_low_action_AMT_ANNUITY_s_app_AMT_CREDIT_d_app_AMT_INCOME_TOTAL_pctchange_min,0.0,0
8,f103_nyg_low_action_AMT_ANNUITY_s_app_AMT_CREDIT_pctchange_max,6.134089946746826,1
8,f103_nyg_low_action_AMT_ANNUITY_s_app_AMT_CREDIT_pctchange_min,0.0,0
8,f103_nyg_low_action_AMT_ANNUITY_s_app_AMT_INCOME_TOTAL_diff_std_div_mean,0.0,0
8,f103_nyg_low_action_AMT_ANNUITY_s_app_AMT_GOODS_PRICE_diff_max_div_min,0.0,0
8,f103_nyg_low_action_AMT_ANNUITY_s_app_AMT_CREDIT_pctchange_mean,0.0,0
8,f103_nyg_low_action_AMT_ANNUITY_s_app_AMT_GOODS_PRICE_pctchange_max_div_min,0.0,0
8,f103_nyg_low_action_AMT_ANNUITY_s_app_AMT_GOODS_PRICE_pctchange_min,0.0,0
8,f103_nyg_low_action_AMT_ANNUITY_s_app_AMT_GOODS_PRICE_pctchange_mean,0.0,0
8,f103_nyg_low_action_AMT_ANNUITY_s_app_AMT_GOODS_PRICE_max_div_min,0.0,0
8,f103_nyg_low_action_AMT_ANNUITY_s_app_AMT_INCOME_TOTAL_max_div_min,0.0,0
8,f103_nyg_low_action_AMT_ANNUITY_s_app_AMT_GOODS_PRICE_pctchange_max,17.59762954711914,2
8,f103_nyg_low_action_AMT_ANNUITY_s_app_AMT_INCOME_TOTAL_diff_max_div_min,0.0,0
8,f103_nyg_low_action_AMT_ANNUITY_s_app_AMT_INCOME_TOTAL_pctchange_max_div_min,0.0,0
8,f103_nyg_low_action_AMT_ANNUITY_s_app_AMT_INCOME_TOTAL_max,66.141188621521,8
8,f103_nyg_low_action_AMT_APPLICATION_d_app_AMT_ANNUITY_diff_std_div_mean,0.0,0
8,f103_nyg_low_action_AMT_APPLICATION_d_app_AMT_ANNUITY_diff_max_div_min,0.0,0
8,f103_nyg_low_action_AMT_ANNUITY_s_app_AMT_INCOME_TOTAL_pctchange_max,0.0,0
8,f103_nyg_low_action_AMT_APPLICATION_d_app_AMT_ANNUITY_std,0.0,0
8,f103_nyg_low_action_AMT_APPLICATION_d_app_AMT_ANNUITY_pctchange_std_div_mean,0.0,0
8,f103_nyg_low_action_AMT_ANNUITY_s_app_AMT_INCOME_TOTAL_pctchange_mean,13.460760116577148,2
8,f103_nyg_low_action_AMT_APPLICATION_d_app_AMT_CREDIT_diff_std_div_mean,0.0,0
8,f103_nyg_low_action_AMT_APPLICATION_d_app_AMT_CREDIT_diff_max_div_min,0.0,0
8,f103_nyg_low_action_AMT_APPLICATION_d_app_AMT_ANNUITY_pctchange_max_div_min,0.0,0
8,f103_nyg_low_action_AMT_APPLICATION_d_app_AMT_ANNUITY_max_div_min,0.0,0
8,f103_nyg_low_action_AMT_APPLICATION_d_app_AMT_CREDIT_pctchange_std_div_mean,0.0,0
8,f103_nyg_low_action_AMT_APPLICATION_d_app_AMT_CREDIT_max_div_min,0.0,0
8,f103_nyg_low_action_AMT_APPLICATION_d_app_AMT_CREDIT_pctchange_max_div_min,0.0,0
8,f103_nyg_low_action_AMT_APPLICATION_d_app_AMT_CREDIT_std,26.555700302124023,2
8,f103_nyg_low_action_AMT_APPLICATION_d_app_AMT_GOODS_PRICE_diff_std_div_mean,0.0,0
8,f103_nyg_low_action_AMT_APPLICATION_d_app_AMT_GOODS_PRICE_diff_max_div_min,0.0,0
8,f103_nyg_low_action_AMT_APPLICATION_d_app_AMT_GOODS_PRICE_pctchange_max_div_min,0.0,0
8,f103_nyg_low_action_AMT_APPLICATION_d_app_AMT_INCOME_TOTAL_diff_std_div_mean,0.0,0
8,f103_nyg_low_action_AMT_APPLICATION_d_app_AMT_GOODS_PRICE_std,0.0,0
8,f103_nyg_low_action_AMT_APPLICATION_d_app_AMT_GOODS_PRICE_pctchange_std_div_mean,0.0,0
8,f103_nyg_low_action_AMT_APPLICATION_d_app_AMT_GOODS_PRICE_max_div_min,0.0,0
8,f103_nyg_low_action_AMT_APPLICATION_d_app_AMT_INCOME_TOTAL_diff_max_div_min,0.0,0
8,f103_nyg_low_action_AMT_APPLICATION_d_app_AMT_INCOME_TOTAL_max_div_min,0.0,0
8,f103_nyg_low_action_AMT_APPLICATION_m_app_AMT_GOODS_PRICE_d_app_AMT_INCOME_TOTAL_diff_std_div_mean,0.0,0
8,f103_nyg_low_action_AMT_APPLICATION_d_app_AMT_INCOME_TOTAL_pctchange_std_div_mean,0.0,0
8,f103_nyg_low_action_AMT_APPLICATION_d_app_AMT_INCOME_TOTAL_pctchange_max_div_min,0.0,0
8,f103_nyg_low_action_AMT_APPLICATION_m_app_AMT_GOODS_PRICE_d_app_AMT_INCOME_TOTAL_diff_max_div_min,0.0,0
8,f103_nyg_low_action_AMT_APPLICATION_m_app_AMT_GOODS_PRICE_d_app_AMT_INCOME_TOTAL_pctchange_std_div_mean,0.0,0
8,f103_nyg_low_action_AMT_APPLICATION_m_app_AMT_GOODS_PRICE_d_app_AMT_INCOME_TOTAL_std_div_mean,0.0,0
8,f103_nyg_low_action_AMT_APPLICATION_m_app_AMT_GOODS_PRICE_d_app_AMT_INCOME_TOTAL_min,36.722599029541016,3
8,f103_nyg_low_action_AMT_APPLICATION_m_app_AMT_GOODS_PRICE_d_app_AMT_INCOME_TOTAL_max_div_min,0.0,0
8,f103_nyg_low_action_AMT_APPLICATION_m_app_AMT_GOODS_PRICE_d_app_AMT_INCOME_TOTAL_pctchange_min,13.377599716186523,1
8,f103_nyg_low_action_AMT_APPLICATION_m_app_AMT_GOODS_PRICE_d_app_AMT_INCOME_TOTAL_max,45.547110080718994,5
8,f103_nyg_low_action_AMT_APPLICATION_m_app_AMT_GOODS_PRICE_d_app_AMT_INCOME_TOTAL_pctchange_max,25.9749698638916,3
8,f103_nyg_low_action_AMT_APPLICATION_m_app_AMT_GOODS_PRICE_d_app_AMT_INCOME_TOTAL_pctchange_mean,21.36390995979309,4
8,f103_nyg_low_action_AMT_APPLICATION_m_app_AMT_GOODS_PRICE_d_app_AMT_INCOME_TOTAL_pctchange_max_div_min,7.480440139770508,1
8,f103_nyg_low_action_AMT_APPLICATION_m_app_AMT_GOODS_PRICE_d_app_AMT_INCOME_TOTAL_mean,0.0,0
8,f103_nyg_low_action_AMT_APPLICATION_s_app_AMT_ANNUITY_d_app_AMT_INCOME_TOTAL_diff_std_div_mean,0.0,0
8,f103_nyg_low_action_AMT_APPLICATION_s_app_AMT_ANNUITY_d_app_AMT_INCOME_TOTAL_pctchange_max_div_min,0.0,0
8,f103_nyg_low_action_AMT_APPLICATION_s_app_AMT_ANNUITY_d_app_AMT_INCOME_TOTAL_max_div_min,0.0,0
8,f103_nyg_low_action_AMT_APPLICATION_s_app_AMT_ANNUITY_d_app_AMT_INCOME_TOTAL_pctchange_mean,18.997869968414307,2
8,f103_nyg_low_action_AMT_APPLICATION_s_app_AMT_ANNUITY_d_app_AMT_INCOME_TOTAL_diff_max_div_min,0.0,0
8,f103_nyg_low_action_AMT_APPLICATION_max_div_min,0.0,0
8,f103_nyg_low_action_AMT_APPLICATION_s_app_AMT_ANNUITY_d_app_AMT_INCOME_TOTAL_pctchange_min,60.931270122528076,5
8,f103_nyg_low_action_AMT_APPLICATION_s_app_AMT_ANNUITY_diff_std_div_mean,0.0,0
8,f103_nyg_low_action_AMT_APPLICATION_s_app_AMT_ANNUITY_d_app_AMT_INCOME_TOTAL_pctchange_max,18.77278995513916,2
8,f103_nyg_low_action_AMT_APPLICATION_s_app_AMT_ANNUITY_diff_max_div_min,0.0,0
8,f103_nyg_low_action_AMT_APPLICATION_s_app_AMT_ANNUITY_pctchange_mean,24.427839756011963,3
8,f103_nyg_low_action_AMT_APPLICATION_s_app_AMT_ANNUITY_pctchange_max_div_min,0.0,0
8,f103_nyg_low_action_AMT_APPLICATION_s_app_AMT_CREDIT_d_app_AMT_INCOME_TOTAL_pctchange_std,0.0,0
8,f103_nyg_low_action_AMT_APPLICATION_s_app_AMT_ANNUITY_pctchange_max,5.964320182800293,1
8,f103_nyg_low_action_AMT_APPLICATION_s_app_AMT_ANNUITY_max_div_min,0.0,0
8,f103_nyg_low_action_AMT_APPLICATION_s_app_AMT_CREDIT_diff_std_div_mean,0.0,0
8,f103_nyg_low_action_AMT_APPLICATION_s_app_AMT_CREDIT_d_app_AMT_INCOME_TOTAL_max_div_min,0.0,0
8,f103_nyg_low_action_AMT_APPLICATION_s_app_AMT_CREDIT_d_app_AMT_INCOME_TOTAL_pctchange_std_div_mean,0.0,0
8,f103_nyg_low_action_AMT_APPLICATION_s_app_AMT_ANNUITY_pctchange_min,45.84056043624878,3
8,f103_nyg_low_action_AMT_APPLICATION_s_app_AMT_CREDIT_d_app_AMT_INCOME_TOTAL_diff_max_div_min,0.0,0
8,f103_nyg_low_action_AMT_APPLICATION_s_app_AMT_CREDIT_d_app_AMT_INCOME_TOTAL_diff_std_div_mean,0.0,0
8,f103_nyg_low_action_AMT_APPLICATION_s_app_AMT_CREDIT_std_div_mean,0.0,0
8,f103_nyg_low_action_AMT_APPLICATION_s_app_AMT_CREDIT_d_app_AMT_INCOME_TOTAL_pctchange_max_div_min,0.0,0
8,f103_nyg_low_action_AMT_APPLICATION_s_app_AMT_CREDIT_pctchange_std_div_mean,0.0,0
8,f103_nyg_low_action_AMT_APPLICATION_s_app_AMT_CREDIT_mean,32.51788949966431,3
8,f103_nyg_low_action_AMT_APPLICATION_s_app_AMT_CREDIT_d_app_AMT_INCOME_TOTAL_std_div_mean,0.0,0
8,f103_nyg_low_action_AMT_APPLICATION_s_app_AMT_CREDIT_diff_max_div_min,0.0,0
8,f103_nyg_low_action_AMT_APPLICATION_s_app_AMT_CREDIT_max,65.48932123184204,6
8,f103_nyg_low_action_AMT_APPLICATION_s_app_AMT_GOODS_PRICE_diff_max_div_min,0.0,0
8,f103_nyg_low_action_AMT_APPLICATION_s_app_AMT_CREDIT_max_div_min,0.0,0
8,f103_nyg_low_action_AMT_APPLICATION_s_app_AMT_GOODS_PRICE_diff_std_div_mean,0.0,0
8,f103_nyg_low_action_AMT_APPLICATION_s_app_AMT_CREDIT_pctchange_std,0.0,0
8,f103_nyg_low_action_AMT_APPLICATION_s_app_AMT_CREDIT_min,20.426219940185547,2
8,f103_nyg_low_action_AMT_APPLICATION_s_app_AMT_GOODS_PRICE_pctchange_std_div_mean,0.0,0
8,f103_nyg_low_action_AMT_APPLICATION_s_app_AMT_GOODS_PRICE_max,94.41776990890503,9
8,f103_nyg_low_action_AMT_APPLICATION_s_app_AMT_GOODS_PRICE_min,68.58990049362183,7
8,f103_nyg_low_action_AMT_APPLICATION_s_app_AMT_GOODS_PRICE_std_div_mean,0.0,0
8,f103_nyg_low_action_AMT_APPLICATION_s_app_AMT_GOODS_PRICE_max_div_min,0.0,0
8,f103_nyg_low_action_AMT_APPLICATION_s_app_AMT_CREDIT_pctchange_max_div_min,0.0,0
8,f103_nyg_low_action_AMT_APPLICATION_s_app_AMT_GOODS_PRICE_pctchange_max_div_min,0.0,0
8,f103_nyg_low_action_AMT_APPLICATION_s_app_AMT_GOODS_PRICE_mean,57.97511911392212,5
8,f103_nyg_low_action_AMT_APPLICATION_s_app_AMT_GOODS_PRICE_pctchange_mean,13.126430034637451,2
8,f103_nyg_low_action_AMT_APPLICATION_s_app_AMT_GOODS_PRICE_pctchange_max,6.3161301612854,1
8,f103_nyg_low_action_AMT_APPLICATION_s_app_AMT_INCOME_TOTAL_diff_std_div_mean,0.0,0
8,f103_nyg_low_action_AMT_APPLICATION_s_app_AMT_INCOME_TOTAL_pctchange_max_div_min,0.0,0
8,f103_nyg_low_action_AMT_APPLICATION_s_app_AMT_GOODS_PRICE_pctchange_min,0.0,0
8,f103_nyg_low_action_AMT_APPLICATION_s_app_AMT_INCOME_TOTAL_pctchange_min,36.17873001098633,4
8,f103_nyg_low_action_AMT_APPLICATION_s_app_AMT_INCOME_TOTAL_pctchange_max,7.173880100250244,1
8,f103_nyg_low_action_AMT_APPLICATION_s_app_AMT_INCOME_TOTAL_diff_max_div_min,0.0,0
8,f103_nyg_low_action_AMT_APPLICATION_s_app_AMT_INCOME_TOTAL_pctchange_mean,18.584999084472656,1
8,f103_nyg_low_action_AMT_APPLICATION_s_app_AMT_INCOME_TOTAL_max_div_min,0.0,0
8,f103_nyg_low_action_AMT_CREDIT_d_AMT_ANNUITY_diff_std_div_mean,0.0,0
8,f103_nyg_low_action_AMT_CREDIT_d_AMT_ANNUITY_diff_max_div_min,0.0,0
8,f103_nyg_low_action_AMT_CREDIT_d_AMT_ANNUITY_pctchange_std,0.0,0
8,f103_nyg_low_action_AMT_CREDIT_d_AMT_ANNUITY_std_div_mean,0.0,0
8,f103_nyg_low_action_AMT_CREDIT_d_AMT_ANNUITY_std,0.0,0
8,f103_nyg_low_action_AMT_CREDIT_d_AMT_ANNUITY_pctchange_max_div_min,0.0,0
8,f103_nyg_low_action_AMT_CREDIT_d_AMT_APPLICATION_diff_std_div_mean,0.0,0
8,f103_nyg_low_action_AMT_CREDIT_d_AMT_ANNUITY_pctchange_std_div_mean,0.0,0
8,f103_nyg_low_action_AMT_CREDIT_d_AMT_ANNUITY_max,35.78078031539917,4
8,f103_nyg_low_action_AMT_CREDIT_d_AMT_ANNUITY_mean,69.53264999389648,8
8,f103_nyg_low_action_AMT_CREDIT_d_AMT_APPLICATION_diff_min,8.40293025970459,1
8,f103_nyg_low_action_AMT_CREDIT_d_AMT_APPLICATION_pctchange_std_div_mean,0.0,0
8,f103_nyg_low_action_AMT_CREDIT_d_AMT_ANNUITY_min,22.330210208892822,3
8,f103_nyg_low_action_AMT_CREDIT_d_app_AMT_ANNUITY_max_div_min,0.0,0
8,f103_nyg_low_action_AMT_CREDIT_d_AMT_APPLICATION_pctchange_min,18.222670555114746,3
8,f103_nyg_low_action_AMT_CREDIT_d_AMT_APPLICATION_diff_max,7.5088701248168945,1
8,f103_nyg_low_action_AMT_CREDIT_d_app_AMT_ANNUITY_diff_std_div_mean,0.0,0
8,f103_nyg_low_action_AMT_CREDIT_d_AMT_APPLICATION_diff_max_div_min,0.0,0
8,f103_nyg_low_action_AMT_CREDIT_d_AMT_APPLICATION_pctchange_max_div_min,0.0,0
8,f103_nyg_low_action_AMT_CREDIT_d_AMT_APPLICATION_diff_mean,7.35830020904541,1
8,f103_nyg_low_action_AMT_CREDIT_d_app_AMT_ANNUITY_pctchange_std_div_mean,0.0,0
8,f103_nyg_low_action_AMT_CREDIT_d_app_AMT_ANNUITY_std,0.0,0
8,f103_nyg_low_action_AMT_CREDIT_d_app_AMT_ANNUITY_diff_max_div_min,0.0,0
8,f103_nyg_low_action_AMT_CREDIT_d_app_AMT_GOODS_PRICE_diff_std_div_mean,0.0,0
8,f103_nyg_low_action_AMT_CREDIT_d_app_AMT_CREDIT_pctchange_std_div_mean,0.0,0
8,f103_nyg_low_action_AMT_CREDIT_d_app_AMT_CREDIT_diff_max_div_min,0.0,0
8,f103_nyg_low_action_AMT_CREDIT_d_app_AMT_CREDIT_diff_std_div_mean,0.0,0
8,f103_nyg_low_action_AMT_CREDIT_d_app_AMT_CREDIT_std,0.0,0
8,f103_nyg_low_action_AMT_CREDIT_d_app_AMT_ANNUITY_pctchange_max_div_min,0.0,0
8,f103_nyg_low_action_AMT_CREDIT_d_app_AMT_CREDIT_max_div_min,0.0,0
8,f103_nyg_low_action_AMT_CREDIT_d_app_AMT_GOODS_PRICE_diff_max_div_min,0.0,0
8,f103_nyg_low_action_AMT_CREDIT_d_app_AMT_INCOME_TOTAL_diff_std_div_mean,0.0,0
8,f103_nyg_low_action_AMT_CREDIT_d_app_AMT_CREDIT_pctchange_max_div_min,0.0,0
8,f103_nyg_low_action_AMT_CREDIT_d_app_AMT_GOODS_PRICE_std,0.0,0
8,f103_nyg_low_action_AMT_CREDIT_d_app_AMT_GOODS_PRICE_max_div_min,0.0,0
8,f103_nyg_low_action_AMT_CREDIT_d_app_AMT_GOODS_PRICE_pctchange_max_div_min,0.0,0
8,f103_nyg_low_action_AMT_CREDIT_d_app_AMT_INCOME_TOTAL_max_div_min,0.0,0
8,f103_nyg_low_action_AMT_CREDIT_d_app_AMT_INCOME_TOTAL_diff_max_div_min,0.0,0
8,f103_nyg_low_action_AMT_CREDIT_d_total_debt_diff_max_div_min,3.8915200233459473,1
8,f103_nyg_low_action_AMT_CREDIT_d_total_debt_diff_std_div_mean,0.0,0
8,f103_nyg_low_action_AMT_CREDIT_d_total_debt_diff_std,26.91849994659424,2
8,f103_nyg_low_action_AMT_CREDIT_d_app_AMT_INCOME_TOTAL_pctchange_max_div_min,0.0,0
8,f103_nyg_low_action_AMT_CREDIT_d_app_AMT_INCOME_TOTAL_pctchange_std_div_mean,0.0,0
8,f103_nyg_low_action_AMT_CREDIT_d_total_debt_pctchange_std_div_mean,0.0,0
8,f103_nyg_low_action_AMT_CREDIT_d_total_debt_max_div_min,0.0,0
8,f103_nyg_low_action_AMT_CREDIT_d_total_debt_max,102.48628067970276,12
8,f103_nyg_low_action_AMT_CREDIT_m_app_AMT_GOODS_PRICE_d_app_AMT_INCOME_TOTAL_diff_std_div_mean,0.0,0
8,f103_nyg_low_action_AMT_CREDIT_d_total_debt_mean,144.4174304008484,16
8,f103_nyg_low_action_AMT_CREDIT_d_total_debt_min,50.787230491638184,4
8,f103_nyg_low_action_AMT_CREDIT_m_app_AMT_GOODS_PRICE_d_app_AMT_INCOME_TOTAL_std_div_mean,6.475629806518555,1
8,f103_nyg_low_action_AMT_CREDIT_d_total_debt_pctchange_max_div_min,0.0,0
8,f103_nyg_low_action_AMT_CREDIT_m_app_AMT_GOODS_PRICE_d_app_AMT_INCOME_TOTAL_mean,40.74203085899353,5
8,f103_nyg_low_action_AMT_CREDIT_m_app_AMT_GOODS_PRICE_d_app_AMT_INCOME_TOTAL_diff_max_div_min,0.0,0
8,f103_nyg_low_action_AMT_CREDIT_m_app_AMT_GOODS_PRICE_d_app_AMT_INCOME_TOTAL_max,15.277580261230469,2
8,f103_nyg_low_action_AMT_CREDIT_m_app_AMT_GOODS_PRICE_d_app_AMT_INCOME_TOTAL_max_div_min,0.0,0
8,f103_nyg_low_action_AMT_CREDIT_s_app_AMT_ANNUITY_d_app_AMT_INCOME_TOTAL_diff_std_div_mean,0.0,0
8,f103_nyg_low_action_AMT_CREDIT_m_app_AMT_GOODS_PRICE_d_app_AMT_INCOME_TOTAL_pctchange_max_div_min,0.0,0
8,f103_nyg_low_action_AMT_CREDIT_m_app_AMT_GOODS_PRICE_d_app_AMT_INCOME_TOTAL_pctchange_min,0.0,0
8,f103_nyg_low_action_AMT_CREDIT_m_app_AMT_GOODS_PRICE_d_app_AMT_INCOME_TOTAL_pctchange_max,16.57699966430664,1
8,f103_nyg_low_action_AMT_CREDIT_max_div_min,0.0,0
8,f103_nyg_low_action_AMT_CREDIT_m_app_AMT_GOODS_PRICE_d_app_AMT_INCOME_TOTAL_min,11.595999717712402,2
8,f103_nyg_low_action_AMT_CREDIT_s_app_AMT_ANNUITY_d_app_AMT_INCOME_TOTAL_pctchange_max,10.758199691772461,1
8,f103_nyg_low_action_AMT_CREDIT_s_app_AMT_ANNUITY_d_app_AMT_INCOME_TOTAL_pctchange_min,15.138339757919312,3
8,f103_nyg_low_action_AMT_CREDIT_s_app_AMT_ANNUITY_diff_std_div_mean,0.0,0
8,f103_nyg_low_action_AMT_CREDIT_m_app_AMT_GOODS_PRICE_d_app_AMT_INCOME_TOTAL_pctchange_mean,8.681099891662598,1
8,f103_nyg_low_action_AMT_CREDIT_s_app_AMT_ANNUITY_d_app_AMT_INCOME_TOTAL_pctchange_max_div_min,0.0,0
8,f103_nyg_low_action_AMT_CREDIT_s_app_AMT_ANNUITY_d_app_AMT_INCOME_TOTAL_diff_max_div_min,0.0,0
8,f103_nyg_low_action_AMT_CREDIT_s_app_AMT_ANNUITY_d_app_AMT_INCOME_TOTAL_pctchange_mean,24.133259296417236,3
8,f103_nyg_low_action_AMT_CREDIT_s_app_AMT_ANNUITY_pctchange_max_div_min,0.0,0
8,f103_nyg_low_action_AMT_CREDIT_s_app_AMT_ANNUITY_pctchange_mean,0.0,0
8,f103_nyg_low_action_AMT_CREDIT_s_app_AMT_CREDIT_d_app_AMT_INCOME_TOTAL_pctchange_std,0.0,0
8,f103_nyg_low_action_AMT_CREDIT_s_app_AMT_ANNUITY_diff_max_div_min,0.0,0
8,f103_nyg_low_action_AMT_CREDIT_s_app_AMT_CREDIT_d_app_AMT_INCOME_TOTAL_std_div_mean,0.0,0
8,f103_nyg_low_action_AMT_CREDIT_s_app_AMT_CREDIT_d_app_AMT_INCOME_TOTAL_diff_std_div_mean,0.0,0
8,f103_nyg_low_action_AMT_CREDIT_s_app_AMT_ANNUITY_pctchange_max,25.806690216064453,2
8,f103_nyg_low_action_AMT_CREDIT_s_app_AMT_CREDIT_d_app_AMT_INCOME_TOTAL_diff_max_div_min,0.0,0
8,f103_nyg_low_action_AMT_CREDIT_s_app_AMT_ANNUITY_pctchange_min,26.683000564575195,2
8,f103_nyg_low_action_AMT_CREDIT_s_app_AMT_CREDIT_d_app_AMT_INCOME_TOTAL_max_div_min,0.0,0
8,f103_nyg_low_action_AMT_CREDIT_s_app_AMT_CREDIT_d_app_AMT_INCOME_TOTAL_pctchange_max,37.28298997879028,3
8,f103_nyg_low_action_AMT_CREDIT_s_app_AMT_CREDIT_d_app_AMT_INCOME_TOTAL_pctchange_std_div_mean,0.0,0
8,f103_nyg_low_action_AMT_CREDIT_s_app_AMT_CREDIT_diff_std_div_mean,0.0,0
8,f103_nyg_low_action_AMT_CREDIT_s_app_AMT_CREDIT_std_div_mean,0.0,0
8,f103_nyg_low_action_AMT_CREDIT_s_app_AMT_CREDIT_d_app_AMT_INCOME_TOTAL_pctchange_max_div_min,0.0,0
8,f103_nyg_low_action_AMT_CREDIT_s_app_AMT_CREDIT_d_app_AMT_INCOME_TOTAL_pctchange_min,37.03298997879028,3
8,f103_nyg_low_action_AMT_CREDIT_s_app_AMT_CREDIT_pctchange_max_div_min,0.0,0
8,f103_nyg_low_action_AMT_CREDIT_s_app_AMT_CREDIT_max_div_min,0.0,0
8,f103_nyg_low_action_AMT_CREDIT_s_app_AMT_CREDIT_max,54.095170974731445,5
8,f103_nyg_low_action_AMT_CREDIT_s_app_AMT_CREDIT_diff_max_div_min,0.0,0
8,f103_nyg_low_action_AMT_CREDIT_s_app_AMT_CREDIT_d_app_AMT_INCOME_TOTAL_pctchange_mean,8.626029968261719,1
8,f103_nyg_low_action_AMT_CREDIT_s_app_AMT_CREDIT_pctchange_mean,0.0,0
8,f103_nyg_low_action_AMT_CREDIT_s_app_AMT_CREDIT_mean,10.416899681091309,1
8,f103_nyg_low_action_AMT_CREDIT_s_app_AMT_CREDIT_min,24.277639865875244,3
8,f103_nyg_low_action_AMT_CREDIT_s_app_AMT_CREDIT_pctchange_std,0.0,0
8,f103_nyg_low_action_AMT_CREDIT_s_app_AMT_CREDIT_pctchange_std_div_mean,0.0,0
8,f103_nyg_low_action_AMT_CREDIT_s_app_AMT_GOODS_PRICE_max_div_min,0.0,0
8,f103_nyg_low_action_AMT_CREDIT_s_app_AMT_GOODS_PRICE_diff_std_div_mean,0.0,0
8,f103_nyg_low_action_AMT_CREDIT_s_app_AMT_CREDIT_pctchange_min,8.206230163574219,1
8,f103_nyg_low_action_AMT_CREDIT_s_app_AMT_CREDIT_pctchange_max,0.0,0
8,f103_nyg_low_action_AMT_CREDIT_s_app_AMT_GOODS_PRICE_min,30.60778045654297,3
8,f103_nyg_low_action_AMT_CREDIT_s_app_AMT_GOODS_PRICE_diff_max_div_min,0.0,0
8,f103_nyg_low_action_AMT_CREDIT_s_app_AMT_GOODS_PRICE_pctchange_max,0.0,0
8,f103_nyg_low_action_AMT_CREDIT_s_app_AMT_GOODS_PRICE_pctchange_max_div_min,0.0,0
8,f103_nyg_low_action_AMT_CREDIT_s_app_AMT_GOODS_PRICE_pctchange_min,9.15719985961914,1
8,f103_nyg_low_action_AMT_CREDIT_s_app_AMT_INCOME_TOTAL_diff_std_div_mean,0.0,0
8,f103_nyg_low_action_AMT_CREDIT_s_app_AMT_GOODS_PRICE_mean,41.57789993286133,3
8,f103_nyg_low_action_AMT_CREDIT_s_app_AMT_GOODS_PRICE_max,21.932510375976562,2
8,f103_nyg_low_action_AMT_CREDIT_s_app_AMT_INCOME_TOTAL_diff_max_div_min,0.0,0
8,f103_nyg_low_action_AMT_CREDIT_s_app_AMT_GOODS_PRICE_std_div_mean,11.716300010681152,1
8,f103_nyg_low_action_AMT_CREDIT_s_app_AMT_GOODS_PRICE_pctchange_mean,7.273270130157471,1
8,f103_nyg_low_action_AMT_CREDIT_s_app_AMT_INCOME_TOTAL_pctchange_min,33.295169830322266,3
8,f103_nyg_low_action_AMT_CREDIT_s_app_AMT_INCOME_TOTAL_pctchange_max,6.193620204925537,1
8,f103_nyg_low_action_AMT_CREDIT_s_app_AMT_INCOME_TOTAL_pctchange_std_div_mean,8.661190032958984,1
8,f103_nyg_low_action_AMT_CREDIT_s_app_AMT_INCOME_TOTAL_pctchange_max_div_min,0.0,0
8,f103_nyg_low_action_AMT_DOWN_PAYMENT_d_AMT_GOODS_PRICE_diff_std_div_mean,0.0,0
8,f103_nyg_low_action_AMT_CREDIT_s_app_AMT_INCOME_TOTAL_max_div_min,0.0,0
8,f103_nyg_low_action_AMT_CREDIT_s_app_AMT_INCOME_TOTAL_std_div_mean,0.0,0
8,f103_nyg_low_action_AMT_DOWN_PAYMENT_d_AMT_GOODS_PRICE_pctchange_mean,4.78656005859375,1
8,f103_nyg_low_action_AMT_DOWN_PAYMENT_d_AMT_GOODS_PRICE_diff_max,0.0,0
8,f103_nyg_low_action_AMT_CREDIT_s_app_AMT_INCOME_TOTAL_pctchange_mean,7.881539821624756,1
8,f103_nyg_low_action_AMT_DOWN_PAYMENT_d_AMT_GOODS_PRICE_diff_min,12.050489902496338,2
8,f103_nyg_low_action_AMT_DOWN_PAYMENT_std,0.0,0
8,f103_nyg_low_action_AMT_DOWN_PAYMENT_d_AMT_GOODS_PRICE_diff_mean,0.0,0
8,f103_nyg_low_action_AMT_DOWN_PAYMENT_max,0.0,0
8,f103_nyg_low_action_AMT_DOWN_PAYMENT_d_AMT_GOODS_PRICE_pctchange_min,0.0,0
8,f103_nyg_low_action_AMT_DOWN_PAYMENT_d_AMT_GOODS_PRICE_pctchange_max_div_min,0.0,0
8,f103_nyg_low_action_AMT_DOWN_PAYMENT_mean,0.0,0
8,f103_nyg_low_action_AMT_GOODS_PRICE_d_AMT_ANNUITY_pctchange_max_div_min,0.0,0
8,f103_nyg_low_action_AMT_GOODS_PRICE_d_AMT_ANNUITY_diff_std_div_mean,0.0,0
8,f103_nyg_low_action_AMT_GOODS_PRICE_d_AMT_ANNUITY_min,103.55185985565186,8
8,f103_nyg_low_action_AMT_GOODS_PRICE_d_AMT_ANNUITY_pctchange_std,0.0,0
8,f103_nyg_low_action_AMT_GOODS_PRICE_d_AMT_ANNUITY_mean,50.97754955291748,6
8,f103_nyg_low_action_AMT_GOODS_PRICE_d_AMT_ANNUITY_std_div_mean,0.0,0
8,f103_nyg_low_action_AMT_DOWN_PAYMENT_min,0.0,0
8,f103_nyg_low_action_AMT_GOODS_PRICE_d_AMT_ANNUITY_max,98.75747966766357,12
8,f103_nyg_low_action_AMT_GOODS_PRICE_d_AMT_CREDIT_diff_max_div_min,0.0,0
8,f103_nyg_low_action_AMT_GOODS_PRICE_d_AMT_ANNUITY_std,0.0,0
8,f103_nyg_low_action_AMT_GOODS_PRICE_d_AMT_CREDIT_diff_std_div_mean,0.0,0
8,f103_nyg_low_action_AMT_GOODS_PRICE_d_AMT_CREDIT_diff_mean,0.0,0
8,f103_nyg_low_action_AMT_GOODS_PRICE_d_app_AMT_ANNUITY_diff_std_div_mean,0.0,0
8,f103_nyg_low_action_AMT_GOODS_PRICE_d_AMT_CREDIT_diff_max,30.263000011444092,3
8,f103_nyg_low_action_AMT_GOODS_PRICE_d_AMT_CREDIT_pctchange_std_div_mean,0.0,0
8,f103_nyg_low_action_AMT_GOODS_PRICE_d_AMT_CREDIT_pctchange_mean,19.161499977111816,2
8,f103_nyg_low_action_AMT_GOODS_PRICE_d_AMT_CREDIT_pctchange_min,0.0,0
8,f103_nyg_low_action_AMT_GOODS_PRICE_d_app_AMT_ANNUITY_diff_max_div_min,0.0,0
8,f103_nyg_low_action_AMT_GOODS_PRICE_d_app_AMT_ANNUITY_std,0.0,0
8,f103_nyg_low_action_AMT_GOODS_PRICE_d_app_AMT_ANNUITY_pctchange_std_div_mean,0.0,0
8,f103_nyg_low_action_AMT_GOODS_PRICE_d_AMT_CREDIT_pctchange_max_div_min,0.0,0
8,f103_nyg_low_action_AMT_GOODS_PRICE_d_AMT_CREDIT_pctchange_max,12.748800277709961,1
8,f103_nyg_low_action_AMT_GOODS_PRICE_d_app_AMT_CREDIT_diff_std_div_mean,0.0,0
8,f103_nyg_low_action_AMT_GOODS_PRICE_d_app_AMT_ANNUITY_max_div_min,0.0,0
8,f103_nyg_low_action_AMT_GOODS_PRICE_d_app_AMT_CREDIT_pctchange_std_div_mean,0.0,0
8,f103_nyg_low_action_AMT_GOODS_PRICE_d_app_AMT_GOODS_PRICE_diff_std_div_mean,0.0,0
8,f103_nyg_low_action_AMT_GOODS_PRICE_d_app_AMT_CREDIT_std,0.0,0
8,f103_nyg_low_action_AMT_GOODS_PRICE_d_app_AMT_ANNUITY_pctchange_max_div_min,0.0,0
8,f103_nyg_low_action_AMT_GOODS_PRICE_d_app_AMT_CREDIT_diff_max_div_min,9.893269538879395,1
8,f103_nyg_low_action_AMT_GOODS_PRICE_d_app_AMT_CREDIT_max_div_min,0.0,0
8,f103_nyg_low_action_AMT_GOODS_PRICE_d_app_AMT_GOODS_PRICE_std,0.0,0
8,f103_nyg_low_action_AMT_GOODS_PRICE_d_app_AMT_CREDIT_pctchange_max_div_min,0.0,0
8,f103_nyg_low_action_AMT_GOODS_PRICE_d_app_AMT_GOODS_PRICE_max_div_min,0.0,0
8,f103_nyg_low_action_AMT_GOODS_PRICE_d_app_AMT_GOODS_PRICE_pctchange_std_div_mean,0.0,0
8,f103_nyg_low_action_AMT_GOODS_PRICE_d_app_AMT_GOODS_PRICE_diff_max_div_min,0.0,0
8,f103_nyg_low_action_AMT_GOODS_PRICE_d_app_AMT_INCOME_TOTAL_diff_max_div_min,0.0,0
8,f103_nyg_low_action_AMT_GOODS_PRICE_d_app_AMT_INCOME_TOTAL_diff_std_div_mean,0.0,0
8,f103_nyg_low_action_AMT_GOODS_PRICE_d_app_AMT_GOODS_PRICE_pctchange_max_div_min,0.0,0
8,f103_nyg_low_action_AMT_GOODS_PRICE_d_app_AMT_INCOME_TOTAL_pctchange_std_div_mean,0.0,0
8,f103_nyg_low_action_AMT_GOODS_PRICE_d_app_AMT_INCOME_TOTAL_pctchange_max_div_min,0.0,0
8,f103_nyg_low_action_AMT_GOODS_PRICE_d_app_AMT_INCOME_TOTAL_max_div_min,0.0,0
8,f103_nyg_low_action_AMT_GOODS_PRICE_d_total_debt_diff_std_div_mean,0.0,0
8,f103_nyg_low_action_AMT_GOODS_PRICE_m_app_AMT_GOODS_PRICE_d_app_AMT_INCOME_TOTAL_diff_std_div_mean,0.0,0
8,f103_nyg_low_action_AMT_GOODS_PRICE_d_total_debt_max_div_min,0.0,0
8,f103_nyg_low_action_AMT_GOODS_PRICE_m_app_AMT_GOODS_PRICE_d_app_AMT_INCOME_TOTAL_pctchange_std_div_mean,0.0,0
8,f103_nyg_low_action_AMT_GOODS_PRICE_m_app_AMT_GOODS_PRICE_d_app_AMT_INCOME_TOTAL_diff_max_div_min,0.0,0
8,f103_nyg_low_action_AMT_GOODS_PRICE_m_app_AMT_GOODS_PRICE_d_app_AMT_INCOME_TOTAL_max,9.29086971282959,1
8,f103_nyg_low_action_AMT_GOODS_PRICE_m_app_AMT_GOODS_PRICE_d_app_AMT_INCOME_TOTAL_pctchange_max,0.0,0
8,f103_nyg_low_action_AMT_GOODS_PRICE_m_app_AMT_GOODS_PRICE_d_app_AMT_INCOME_TOTAL_max_div_min,0.0,0
8,f103_nyg_low_action_AMT_GOODS_PRICE_m_app_AMT_GOODS_PRICE_d_app_AMT_INCOME_TOTAL_pctchange_max_div_min,0.0,0
8,f103_nyg_low_action_AMT_GOODS_PRICE_s_app_AMT_ANNUITY_d_app_AMT_INCOME_TOTAL_diff_std_div_mean,0.0,0
8,f103_nyg_low_action_AMT_GOODS_PRICE_m_app_AMT_GOODS_PRICE_d_app_AMT_INCOME_TOTAL_pctchange_mean,6.903689861297607,1
8,f103_nyg_low_action_AMT_GOODS_PRICE_m_app_AMT_GOODS_PRICE_d_app_AMT_INCOME_TOTAL_std_div_mean,0.0,0
8,f103_nyg_low_action_AMT_GOODS_PRICE_m_app_AMT_GOODS_PRICE_d_app_AMT_INCOME_TOTAL_pctchange_min,7.617589950561523,1
8,f103_nyg_low_action_AMT_GOODS_PRICE_s_app_AMT_ANNUITY_d_app_AMT_INCOME_TOTAL_diff_max_div_min,0.0,0
8,f103_nyg_low_action_AMT_GOODS_PRICE_m_app_AMT_GOODS_PRICE_d_app_AMT_INCOME_TOTAL_mean,5.0241899490356445,1
8,f103_nyg_low_action_AMT_GOODS_PRICE_m_app_AMT_GOODS_PRICE_d_app_AMT_INCOME_TOTAL_min,0.0,0
8,f103_nyg_low_action_AMT_GOODS_PRICE_s_app_AMT_ANNUITY_d_app_AMT_INCOME_TOTAL_pctchange_max_div_min,0.0,0
8,f103_nyg_low_action_AMT_GOODS_PRICE_max_div_min,0.0,0
8,f103_nyg_low_action_AMT_GOODS_PRICE_s_app_AMT_ANNUITY_diff_std_div_mean,0.0,0
8,f103_nyg_low_action_AMT_GOODS_PRICE_s_app_AMT_ANNUITY_pctchange_mean,0.0,0
8,f103_nyg_low_action_AMT_GOODS_PRICE_s_app_AMT_ANNUITY_d_app_AMT_INCOME_TOTAL_pctchange_mean,0.0,0
8,f103_nyg_low_action_AMT_GOODS_PRICE_s_app_AMT_ANNUITY_diff_max_div_min,0.0,0
8,f103_nyg_low_action_AMT_GOODS_PRICE_s_app_AMT_ANNUITY_d_app_AMT_INCOME_TOTAL_pctchange_min,14.819100379943848,1
8,f103_nyg_low_action_AMT_GOODS_PRICE_s_app_AMT_ANNUITY_d_app_AMT_INCOME_TOTAL_max_div_min,0.0,0
8,f103_nyg_low_action_AMT_GOODS_PRICE_s_app_AMT_ANNUITY_pctchange_max,0.0,0
8,f103_nyg_low_action_AMT_GOODS_PRICE_s_app_AMT_ANNUITY_d_app_AMT_INCOME_TOTAL_pctchange_max,0.0,0
8,f103_nyg_low_action_AMT_GOODS_PRICE_s_app_AMT_CREDIT_d_app_AMT_INCOME_TOTAL_diff_std_div_mean,0.0,0
8,f103_nyg_low_action_AMT_GOODS_PRICE_s_app_AMT_ANNUITY_pctchange_min,4.000959873199463,1
8,f103_nyg_low_action_AMT_GOODS_PRICE_s_app_AMT_CREDIT_d_app_AMT_INCOME_TOTAL_pctchange_std_div_mean,0.0,0
8,f103_nyg_low_action_AMT_GOODS_PRICE_s_app_AMT_CREDIT_d_app_AMT_INCOME_TOTAL_diff_max_div_min,0.0,0
8,f103_nyg_low_action_AMT_GOODS_PRICE_s_app_AMT_CREDIT_d_app_AMT_INCOME_TOTAL_std_div_mean,0.0,0
8,f103_nyg_low_action_AMT_GOODS_PRICE_s_app_AMT_ANNUITY_max_div_min,0.0,0
8,f103_nyg_low_action_AMT_GOODS_PRICE_s_app_AMT_ANNUITY_pctchange_max_div_min,0.0,0
8,f103_nyg_low_action_AMT_GOODS_PRICE_s_app_AMT_CREDIT_d_app_AMT_INCOME_TOTAL_pctchange_std,0.0,0
8,f103_nyg_low_action_AMT_GOODS_PRICE_s_app_AMT_CREDIT_d_app_AMT_INCOME_TOTAL_max_div_min,0.0,0
8,f103_nyg_low_action_AMT_GOODS_PRICE_s_app_AMT_CREDIT_diff_std_div_mean,0.0,0
8,f103_nyg_low_action_AMT_GOODS_PRICE_s_app_AMT_CREDIT_max,0.0,0
8,f103_nyg_low_action_AMT_GOODS_PRICE_s_app_AMT_CREDIT_d_app_AMT_INCOME_TOTAL_pctchange_max_div_min,0.0,0
8,f103_nyg_low_action_AMT_GOODS_PRICE_s_app_AMT_CREDIT_mean,23.90499973297119,2
8,f103_nyg_low_action_AMT_GOODS_PRICE_s_app_AMT_CREDIT_diff_max_div_min,0.0,0
8,f103_nyg_low_action_AMT_GOODS_PRICE_s_app_AMT_CREDIT_pctchange_std,0.0,0
8,f103_nyg_low_action_AMT_GOODS_PRICE_s_app_AMT_GOODS_PRICE_diff_std_div_mean,0.0,0
8,f103_nyg_low_action_AMT_GOODS_PRICE_s_app_AMT_CREDIT_std_div_mean,0.0,0
8,f103_nyg_low_action_AMT_GOODS_PRICE_s_app_AMT_CREDIT_pctchange_std_div_mean,0.0,0
8,f103_nyg_low_action_AMT_GOODS_PRICE_s_app_AMT_CREDIT_pctchange_max_div_min,0.0,0
8,f103_nyg_low_action_AMT_GOODS_PRICE_s_app_AMT_CREDIT_max_div_min,0.0,0
8,f103_nyg_low_action_AMT_GOODS_PRICE_s_app_AMT_CREDIT_min,6.201149940490723,1
8,f103_nyg_low_action_AMT_GOODS_PRICE_s_app_AMT_GOODS_PRICE_std_div_mean,0.0,0
8,f103_nyg_low_action_AMT_GOODS_PRICE_s_app_AMT_GOODS_PRICE_min,0.0,0
8,f103_nyg_low_action_AMT_GOODS_PRICE_s_app_AMT_GOODS_PRICE_diff_max_div_min,0.0,0
8,f103_nyg_low_action_AMT_GOODS_PRICE_s_app_AMT_GOODS_PRICE_max_div_min,0.0,0
8,f103_nyg_low_action_AMT_GOODS_PRICE_s_app_AMT_GOODS_PRICE_pctchange_max_div_min,0.0,0
8,f103_nyg_low_action_AMT_GOODS_PRICE_s_app_AMT_GOODS_PRICE_pctchange_std_div_mean,0.0,0
8,f103_nyg_low_action_AMT_GOODS_PRICE_s_app_AMT_INCOME_TOTAL_diff_std_div_mean,0.0,0
8,f103_nyg_low_action_AMT_GOODS_PRICE_s_app_AMT_GOODS_PRICE_mean,29.519399642944336,2
8,f103_nyg_low_action_AMT_GOODS_PRICE_s_app_AMT_GOODS_PRICE_pctchange_mean,0.0,0
8,f103_nyg_low_action_AMT_GOODS_PRICE_s_app_AMT_GOODS_PRICE_pctchange_max,0.0,0
8,f103_nyg_low_action_AMT_GOODS_PRICE_s_app_AMT_GOODS_PRICE_max,18.655890464782715,2
8,f103_nyg_low_action_AMT_GOODS_PRICE_s_app_AMT_GOODS_PRICE_pctchange_min,0.0,0
8,f103_nyg_low_action_AMT_GOODS_PRICE_s_app_AMT_INCOME_TOTAL_diff_max_div_min,0.0,0
8,f103_nyg_low_action_AMT_GOODS_PRICE_s_app_AMT_INCOME_TOTAL_pctchange_max_div_min,0.0,0
8,f103_nyg_low_action_AMT_GOODS_PRICE_s_app_AMT_INCOME_TOTAL_pctchange_max,15.032720565795898,2
8,f103_nyg_low_action_AMT_GOODS_PRICE_s_app_AMT_INCOME_TOTAL_max_div_min,0.0,0
8,f103_nyg_low_action_CHANNEL_TYPE_Car_dealer_sum,0.0,0
8,f103_nyg_low_action_AMT_GOODS_PRICE_s_app_AMT_INCOME_TOTAL_pctchange_mean,0.0,0
8,f103_nyg_low_action_AMT_GOODS_PRICE_s_app_AMT_INCOME_TOTAL_pctchange_min,5.516240119934082,1
8,f103_nyg_low_action_CHANNEL_TYPE_Country_wide_mean,13.049699783325195,1
8,f103_nyg_low_action_CHANNEL_TYPE_AP___Cash_loan__mean,0.0,0
8,f103_nyg_low_action_CHANNEL_TYPE_AP___Cash_loan__sum,0.0,0
8,f103_nyg_low_action_CHANNEL_TYPE_Car_dealer_mean,0.0,0
8,f103_nyg_low_action_CHANNEL_TYPE_Contact_center_sum,0.0,0
8,f103_nyg_low_action_CNT_PAYMENT_std_div_mean,0.0,0
8,f103_nyg_low_action_CHANNEL_TYPE_Channel_of_corporate_sales_mean,0.0,0
8,f103_nyg_low_action_CHANNEL_TYPE_Credit_and_cash_offices_sum,10.032899856567383,1
8,f103_nyg_low_action_CHANNEL_TYPE_Stone_mean,0.0,0
8,f103_nyg_low_action_CHANNEL_TYPE_Contact_center_mean,0.0,0
8,f103_nyg_low_action_CHANNEL_TYPE_Country_wide_sum,0.0,0
8,f103_nyg_low_action_CODE_REJECT_REASON_HC_sum,0.0,0
8,f103_nyg_low_action_CHANNEL_TYPE_Stone_sum,0.0,0
8,f103_nyg_low_action_CHANNEL_TYPE_Channel_of_corporate_sales_sum,0.0,0
8,f103_nyg_low_action_CNT_PAYMENT_mean,0.0,0
8,f103_nyg_low_action_CNT_PAYMENT_max_div_min,0.0,0
8,f103_nyg_low_action_CNT_PAYMENT_min,0.0,0
8,f103_nyg_low_action_CODE_REJECT_REASON_HC_mean,0.0,0
8,f103_nyg_low_action_CODE_REJECT_REASON_VERIF_sum,0.0,0
8,f103_nyg_low_action_CNT_PAYMENT_max,0.0,0
8,f103_nyg_low_action_CODE_REJECT_REASON_SCOFR_mean,0.0,0
8,f103_nyg_low_action_CODE_REJECT_REASON_XNA_mean,0.0,0
8,f103_nyg_low_action_CODE_REJECT_REASON_XNA_sum,0.0,0
8,f103_nyg_low_action_DAYS_DECISION_d_app_DAYS_ID_PUBLISH_max_div_min,8.068920135498047,1
8,f103_nyg_low_action_DAYS_DECISION_d_app_DAYS_EMPLOYED_std,0.0,0
8,f103_nyg_low_action_DAYS_DECISION_d_app_DAYS_BIRTH_max_div_min,0.0,0
8,f103_nyg_low_action_DAYS_DECISION_d_app_DAYS_EMPLOYED_max_div_min,0.0,0
8,f103_nyg_low_action_DAYS_DECISION_d_app_DAYS_ID_PUBLISH_min,126.07758951187134,13
8,f103_nyg_low_action_DAYS_DECISION_d_app_DAYS_LAST_PHONE_CHANGE_std,0.0,0
8,f103_nyg_low_action_DAYS_DECISION_d_app_DAYS_REGISTRATION_std,0.0,0
8,f103_nyg_low_action_DAYS_DECISION_d_app_DAYS_REGISTRATION_max_div_min,0.0,0
8,f103_nyg_low_action_DAYS_DECISION_d_app_DAYS_ID_PUBLISH_max,97.00083875656128,9
8,f103_nyg_low_action_DAYS_DECISION_d_app_DAYS_REGISTRATION_max,71.53742027282715,9
8,f103_nyg_low_action_DAYS_DECISION_d_app_DAYS_REGISTRATION_mean,98.11259937286377,8
8,f103_nyg_low_action_DAYS_DECISION_d_app_DAYS_ID_PUBLISH_mean,62.321890354156494,6
8,f103_nyg_low_action_DAYS_DECISION_d_app_DAYS_REGISTRATION_min,126.50558996200562,12
8,f103_nyg_low_action_DAYS_DECISION_d_app_DAYS_LAST_PHONE_CHANGE_max_div_min,3.842400074005127,1
8,f103_nyg_low_action_DAYS_DECISION_s_app_DAYS_EMPLOYED_max_div_min,11.319999694824219,1
8,f103_nyg_low_action_DAYS_DECISION_s_app_DAYS_ID_PUBLISH_std_div_mean,0.0,0
8,f103_nyg_low_action_DAYS_DECISION_s_app_DAYS_EMPLOYED_std_div_mean,0.0,0
8,f103_nyg_low_action_DAYS_DECISION_s_app_DAYS_REGISTRATION_std_div_mean,38.04272985458374,3
8,f103_nyg_low_action_DAYS_DECISION_s_app_DAYS_LAST_PHONE_CHANGE_std_div_mean,0.0,0
8,f103_nyg_low_action_DAYS_DECISION_s_app_DAYS_LAST_PHONE_CHANGE_max_div_min,27.60086965560913,5
8,f103_nyg_low_action_DAYS_FIRST_DUE_d_app_DAYS_EMPLOYED_std_div_mean,0.0,0
8,f103_nyg_low_action_DAYS_DECISION_s_app_DAYS_ID_PUBLISH_max_div_min,0.0,0
8,f103_nyg_low_action_DAYS_FIRST_DUE_d_app_DAYS_LAST_PHONE_CHANGE_std,0.0,0
8,f103_nyg_low_action_DAYS_DECISION_s_app_DAYS_REGISTRATION_max_div_min,0.0,0
8,f103_nyg_low_action_DAYS_FIRST_DUE_d_app_DAYS_ID_PUBLISH_max,72.08050894737244,9
8,f103_nyg_low_action_DAYS_FIRST_DUE_d_app_DAYS_EMPLOYED_max_div_min,0.0,0
8,f103_nyg_low_action_DAYS_FIRST_DUE_d_app_DAYS_ID_PUBLISH_mean,39.41924047470093,4
8,f103_nyg_low_action_DAYS_FIRST_DUE_d_app_DAYS_ID_PUBLISH_min,170.18859004974365,16
8,f103_nyg_low_action_DAYS_FIRST_DUE_s_DAYS_DECISIONS_mean,12.78162956237793,2
8,f103_nyg_low_action_DAYS_FIRST_DUE_s_DAYS_DECISIONS_max,0.0,0
8,f103_nyg_low_action_DAYS_FIRST_DUE_s_DAYS_DECISIONS_max_div_min,0.0,0
8,f103_nyg_low_action_DAYS_FIRST_DUE_d_app_DAYS_REGISTRATION_mean,19.899259567260742,2
8,f103_nyg_low_action_DAYS_FIRST_DUE_s_DAYS_DECISIONS_min,10.754899978637695,1
8,f103_nyg_low_action_DAYS_FIRST_DUE_d_app_DAYS_REGISTRATION_min,37.37688970565796,4
8,f103_nyg_low_action_DAYS_FIRST_DUE_d_app_DAYS_REGISTRATION_max,32.653250217437744,4
8,f103_nyg_low_action_DAYS_FIRST_DUE_s_app_DAYS_REGISTRATION_std_div_mean,0.0,0
8,f103_nyg_low_action_DAYS_FIRST_DUE_s_app_DAYS_EMPLOYED_max_div_min,0.0,0
8,f103_nyg_low_action_DAYS_FIRST_DUE_s_app_DAYS_ID_PUBLISH_std_div_mean,0.0,0
8,f103_nyg_low_action_DAYS_FIRST_DUE_s_app_DAYS_LAST_PHONE_CHANGE_max_div_min,0.0,0
8,f103_nyg_low_action_DAYS_FIRST_DUE_s_app_DAYS_ID_PUBLISH_max_div_min,0.0,0
8,f103_nyg_low_action_DAYS_LAST_DUE_1ST_VERSION_d_app_DAYS_BIRTH_std_div_mean,0.0,0
8,f103_nyg_low_action_DAYS_LAST_DUE_1ST_VERSION_d_app_DAYS_ID_PUBLISH_std_div_mean,0.0,0
8,f103_nyg_low_action_DAYS_LAST_DUE_1ST_VERSION_d_app_DAYS_EMPLOYED_min,323.04223012924194,30
8,f103_nyg_low_action_DAYS_LAST_DUE_1ST_VERSION_d_app_DAYS_EMPLOYED_max_div_min,0.0,0
8,f103_nyg_low_action_DAYS_FIRST_DUE_s_app_DAYS_REGISTRATION_max_div_min,0.0,0
8,f103_nyg_low_action_DAYS_LAST_DUE_1ST_VERSION_d_app_DAYS_BIRTH_max_div_min,0.0,0
8,f103_nyg_low_action_DAYS_LAST_DUE_1ST_VERSION_d_app_DAYS_EMPLOYED_max,400.5670289993286,30
8,f103_nyg_low_action_DAYS_LAST_DUE_1ST_VERSION_d_app_DAYS_BIRTH_min,97.70670008659363,12
8,f103_nyg_low_action_DAYS_LAST_DUE_1ST_VERSION_d_app_DAYS_LAST_PHONE_CHANGE_max_div_min,11.218000411987305,1
8,f103_nyg_low_action_DAYS_LAST_DUE_1ST_VERSION_d_app_DAYS_EMPLOYED_mean,242.21968126296997,17
8,f103_nyg_low_action_DAYS_LAST_DUE_1ST_VERSION_d_app_DAYS_ID_PUBLISH_mean,22.605210304260254,3
8,f103_nyg_low_action_DAYS_LAST_DUE_1ST_VERSION_d_app_DAYS_LAST_PHONE_CHANGE_max,202.47974967956543,17
8,f103_nyg_low_action_DAYS_LAST_DUE_1ST_VERSION_d_app_DAYS_EMPLOYED_std_div_mean,0.0,0
8,f103_nyg_low_action_DAYS_LAST_DUE_1ST_VERSION_d_app_DAYS_REGISTRATION_std_div_mean,0.0,0
8,f103_nyg_low_action_DAYS_LAST_DUE_1ST_VERSION_d_app_DAYS_ID_PUBLISH_min,45.05580949783325,5
8,f103_nyg_low_action_DAYS_LAST_DUE_1ST_VERSION_d_app_DAYS_ID_PUBLISH_max_div_min,0.0,0
8,f103_nyg_low_action_DAYS_LAST_DUE_1ST_VERSION_d_app_DAYS_LAST_PHONE_CHANGE_mean,39.597609996795654,5
8,f103_nyg_low_action_DAYS_LAST_DUE_1ST_VERSION_d_app_DAYS_LAST_PHONE_CHANGE_std_div_mean,0.0,0
8,f103_nyg_low_action_DAYS_LAST_DUE_1ST_VERSION_d_app_DAYS_ID_PUBLISH_max,51.221309661865234,5
8,f103_nyg_low_action_DAYS_LAST_DUE_1ST_VERSION_d_app_DAYS_REGISTRATION_max,21.619849681854248,3
8,f103_nyg_low_action_DAYS_LAST_DUE_1ST_VERSION_s_DAYS_DECISIONS_max,16.44180965423584,2
8,f103_nyg_low_action_DAYS_LAST_DUE_1ST_VERSION_d_app_DAYS_LAST_PHONE_CHANGE_min,83.22272109985352,8
8,f103_nyg_low_action_DAYS_LAST_DUE_1ST_VERSION_d_app_DAYS_REGISTRATION_mean,30.451929569244385,4
8,f103_nyg_low_action_DAYS_LAST_DUE_1ST_VERSION_d_app_DAYS_REGISTRATION_max_div_min,0.0,0
8,f103_nyg_low_action_DAYS_LAST_DUE_1ST_VERSION_d_app_DAYS_REGISTRATION_min,31.487690448760986,4
8,f103_nyg_low_action_DAYS_LAST_DUE_1ST_VERSION_s_app_DAYS_BIRTH_std,0.0,0
8,f103_nyg_low_action_DAYS_LAST_DUE_1ST_VERSION_s_DAYS_DECISIONS_max_div_min,0.0,0
8,f103_nyg_low_action_DAYS_LAST_DUE_1ST_VERSION_s_DAYS_DECISIONS_min,23.57056999206543,2
8,f103_nyg_low_action_DAYS_LAST_DUE_1ST_VERSION_s_DAYS_DECISIONS_mean,0.0,0
8,f103_nyg_low_action_DAYS_LAST_DUE_1ST_VERSION_s_DAYS_FIRST_DUE_mean,0.0,0
8,f103_nyg_low_action_DAYS_LAST_DUE_1ST_VERSION_s_app_DAYS_EMPLOYED_std,0.0,0
8,f103_nyg_low_action_DAYS_LAST_DUE_1ST_VERSION_s_DAYS_FIRST_DUE_max_div_min,0.0,0
8,f103_nyg_low_action_DAYS_LAST_DUE_1ST_VERSION_s_DAYS_FIRST_DUE_max,0.0,0
8,f103_nyg_low_action_DAYS_LAST_DUE_1ST_VERSION_s_DAYS_FIRST_DUE_min,0.0,0
8,f103_nyg_low_action_DAYS_LAST_DUE_1ST_VERSION_s_app_DAYS_LAST_PHONE_CHANGE_std,0.0,0
8,f103_nyg_low_action_DAYS_LAST_DUE_1ST_VERSION_s_app_DAYS_REGISTRATION_std_div_mean,0.0,0
8,f103_nyg_low_action_DAYS_LAST_DUE_1ST_VERSION_s_app_DAYS_ID_PUBLISH_std,0.0,0
8,f103_nyg_low_action_DAYS_LAST_DUE_1ST_VERSION_s_app_DAYS_ID_PUBLISH_max_div_min,0.0,0
8,f103_nyg_low_action_DAYS_LAST_DUE_1ST_VERSION_s_app_DAYS_LAST_PHONE_CHANGE_max_div_min,0.0,0
9,f103_nyg_low_action_DAYS_LAST_DUE_1ST_VERSION_s_app_DAYS_REGISTRATION_std,0.0,0
9,f103_nyg_low_action_DAYS_LAST_DUE_d_app_DAYS_EMPLOYED_max_div_min,0.0,0
9,f103_nyg_low_action_DAYS_LAST_DUE_d_app_DAYS_BIRTH_max_div_min,0.0,0
9,f103_nyg_low_action_DAYS_LAST_DUE_d_app_DAYS_LAST_PHONE_CHANGE_max_div_min,0.0,0
9,f103_nyg_low_action_DAYS_LAST_DUE_d_app_DAYS_ID_PUBLISH_max,21.352670192718506,2
9,f103_nyg_low_action_DAYS_LAST_DUE_s_DAYS_DECISIONS_mean,9.543919563293457,2
9,f103_nyg_low_action_DAYS_LAST_DUE_d_app_DAYS_ID_PUBLISH_mean,17.073110103607178,3
9,f103_nyg_low_action_DAYS_LAST_DUE_d_app_DAYS_REGISTRATION_max_div_min,0.0,0
9,f103_nyg_low_action_DAYS_LAST_DUE_d_app_DAYS_ID_PUBLISH_max_div_min,0.0,0
9,f103_nyg_low_action_DAYS_LAST_DUE_d_app_DAYS_REGISTRATION_min,43.34690046310425,5
9,f103_nyg_low_action_DAYS_LAST_DUE_d_app_DAYS_ID_PUBLISH_min,53.915048599243164,6
9,f103_nyg_low_action_DAYS_LAST_DUE_1ST_VERSION_s_app_DAYS_REGISTRATION_max_div_min,5.286829948425293,1
9,f103_nyg_low_action_DAYS_LAST_DUE_s_DAYS_DECISIONS_max,28.28483009338379,4
9,f103_nyg_low_action_DAYS_LAST_DUE_d_app_DAYS_REGISTRATION_mean,6.160210132598877,1
9,f103_nyg_low_action_DAYS_LAST_DUE_s_DAYS_DECISIONS_max_div_min,0.0,0
9,f103_nyg_low_action_DAYS_LAST_DUE_s_DAYS_DECISIONS_min,0.0,0
9,f103_nyg_low_action_DAYS_LAST_DUE_d_app_DAYS_REGISTRATION_max,15.629010200500488,3
9,f103_nyg_low_action_DAYS_LAST_DUE_s_DAYS_LAST_DUE_1ST_VERSION_mean,10.725799560546875,1
9,f103_nyg_low_action_DAYS_LAST_DUE_s_DAYS_FIRST_DUE_max,0.0,0
9,f103_nyg_low_action_DAYS_LAST_DUE_s_DAYS_LAST_DUE_1ST_VERSION_max,15.505290508270264,2
9,f103_nyg_low_action_DAYS_LAST_DUE_s_DAYS_FIRST_DUE_mean,0.0,0
9,f103_nyg_low_action_DAYS_LAST_DUE_s_DAYS_FIRST_DUE_min,0.0,0
9,f103_nyg_low_action_DAYS_LAST_DUE_s_DAYS_LAST_DUE_1ST_VERSION_min,0.0,0
9,f103_nyg_low_action_DAYS_LAST_DUE_s_DAYS_FIRST_DUE_max_div_min,0.0,0
9,f103_nyg_low_action_DAYS_LAST_DUE_s_app_DAYS_ID_PUBLISH_std_div_mean,0.0,0
9,f103_nyg_low_action_DAYS_LAST_DUE_s_app_DAYS_REGISTRATION_std_div_mean,0.0,0
9,f103_nyg_low_action_DAYS_LAST_DUE_s_app_DAYS_EMPLOYED_max_div_min,0.0,0
9,f103_nyg_low_action_DAYS_LAST_DUE_s_app_DAYS_LAST_PHONE_CHANGE_std_div_mean,0.0,0
9,f103_nyg_low_action_DAYS_TERMINATION_d_app_DAYS_EMPLOYED_std_div_mean,0.0,0
9,f103_nyg_low_action_DAYS_LAST_DUE_s_app_DAYS_LAST_PHONE_CHANGE_max_div_min,0.0,0
9,f103_nyg_low_action_DAYS_LAST_DUE_s_app_DAYS_REGISTRATION_max_div_min,0.0,0
9,f103_nyg_low_action_DAYS_LAST_DUE_s_app_DAYS_ID_PUBLISH_max_div_min,0.0,0
9,f103_nyg_low_action_DAYS_TERMINATION_d_app_DAYS_EMPLOYED_max_div_min,0.0,0
9,f103_nyg_low_action_DAYS_TERMINATION_d_app_DAYS_BIRTH_max_div_min,0.0,0
9,f103_nyg_low_action_DAYS_TERMINATION_d_app_DAYS_ID_PUBLISH_min,30.173600673675537,4
9,f103_nyg_low_action_DAYS_TERMINATION_d_app_DAYS_ID_PUBLISH_max,24.112899780273438,2
9,f103_nyg_low_action_DAYS_TERMINATION_d_app_DAYS_ID_PUBLISH_max_div_min,0.0,0
9,f103_nyg_low_action_DAYS_TERMINATION_d_app_DAYS_ID_PUBLISH_mean,39.387959003448486,3
9,f103_nyg_low_action_DAYS_TERMINATION_s_DAYS_DECISIONS_mean,18.334959983825684,2
9,f103_nyg_low_action_DAYS_TERMINATION_d_app_DAYS_REGISTRATION_max,21.104010581970215,2
9,f103_nyg_low_action_DAYS_TERMINATION_d_app_DAYS_REGISTRATION_max_div_min,0.0,0
9,f103_nyg_low_action_DAYS_TERMINATION_d_app_DAYS_REGISTRATION_mean,9.961580276489258,2
9,f103_nyg_low_action_DAYS_TERMINATION_d_app_DAYS_LAST_PHONE_CHANGE_max_div_min,0.0,0
9,f103_nyg_low_action_DAYS_TERMINATION_d_app_DAYS_REGISTRATION_min,30.8888897895813,4
9,f103_nyg_low_action_DAYS_TERMINATION_s_DAYS_DECISIONS_min,36.84092998504639,4
9,f103_nyg_low_action_DAYS_TERMINATION_s_DAYS_DECISIONS_max_div_min,0.0,0
9,f103_nyg_low_action_DAYS_TERMINATION_s_DAYS_FIRST_DUE_max_div_min,0.0,0
9,f103_nyg_low_action_DAYS_TERMINATION_s_DAYS_FIRST_DUE_min,29.209229469299316,3
9,f103_nyg_low_action_DAYS_TERMINATION_s_DAYS_DECISIONS_max,18.393160343170166,4
9,f103_nyg_low_action_DAYS_TERMINATION_s_DAYS_LAST_DUE_max_div_min,0.0,0
9,f103_nyg_low_action_DAYS_TERMINATION_s_DAYS_FIRST_DUE_max,23.872419834136963,3
9,f103_nyg_low_action_DAYS_TERMINATION_s_DAYS_LAST_DUE_max,41.52844047546387,4
9,f103_nyg_low_action_DAYS_TERMINATION_s_DAYS_LAST_DUE_1ST_VERSION_min,31.26774024963379,4
9,f103_nyg_low_action_DAYS_TERMINATION_s_DAYS_FIRST_DUE_mean,10.188400268554688,1
9,f103_nyg_low_action_DAYS_TERMINATION_s_DAYS_LAST_DUE_1ST_VERSION_max_div_min,0.0,0
9,f103_nyg_low_action_DAYS_TERMINATION_s_DAYS_LAST_DUE_mean,8.410590171813965,1
9,f103_nyg_low_action_DAYS_TERMINATION_s_DAYS_LAST_DUE_1ST_VERSION_max,133.92886114120483,13
9,f103_nyg_low_action_DAYS_TERMINATION_s_app_DAYS_EMPLOYED_max_div_min,0.0,0
9,f103_nyg_low_action_DAYS_TERMINATION_s_DAYS_LAST_DUE_1ST_VERSION_mean,37.92431974411011,5
9,f103_nyg_low_action_DAYS_TERMINATION_s_app_DAYS_LAST_PHONE_CHANGE_std_div_mean,0.0,0
9,f103_nyg_low_action_DAYS_TERMINATION_s_app_DAYS_REGISTRATION_max_div_min,0.0,0
9,f103_nyg_low_action_DAYS_TERMINATION_s_app_DAYS_REGISTRATION_std_div_mean,0.0,0
9,f103_nyg_low_action_DAYS_TERMINATION_s_app_DAYS_ID_PUBLISH_max_div_min,0.0,0
9,f103_nyg_low_action_HOUR_APPR_PROCESS_START_mean,94.02391195297241,8
9,f103_nyg_low_action_DAYS_TERMINATION_s_DAYS_LAST_DUE_min,13.321040153503418,2
9,f103_nyg_low_action_HOUR_APPR_PROCESS_START_min,51.201441287994385,4
9,f103_nyg_low_action_DAYS_TERMINATION_s_app_DAYS_LAST_PHONE_CHANGE_max_div_min,0.0,0
9,f103_nyg_low_action_HOUR_APPR_PROCESS_START_max,34.517279624938965,5
9,f103_nyg_low_action_HOUR_APPR_PROCESS_START_max_div_min,9.718440055847168,1
9,f103_nyg_low_action_NAME_CASH_LOAN_PURPOSE_Building_a_house_or_an_annex_sum,0.0,0
9,f103_nyg_low_action_NAME_CASH_LOAN_PURPOSE_Business_development_sum,0.0,0
9,f103_nyg_low_action_NAME_CASH_LOAN_PURPOSE_Building_a_house_or_an_annex_mean,0.0,0
9,f103_nyg_low_action_NAME_CASH_LOAN_PURPOSE_Buying_a_holiday_home___land_mean,0.0,0
9,f103_nyg_low_action_NAME_CASH_LOAN_PURPOSE_Buying_a_garage_mean,0.0,0
9,f103_nyg_low_action_NAME_CASH_LOAN_PURPOSE_Buying_a_new_car_mean,0.0,0
9,f103_nyg_low_action_NAME_CASH_LOAN_PURPOSE_Business_development_mean,0.0,0
9,f103_nyg_low_action_NAME_CASH_LOAN_PURPOSE_Buying_a_used_car_mean,0.0,0
9,f103_nyg_low_action_NAME_CASH_LOAN_PURPOSE_Buying_a_holiday_home___land_sum,0.0,0
9,f103_nyg_low_action_NAME_CASH_LOAN_PURPOSE_Buying_a_garage_sum,0.0,0
9,f103_nyg_low_action_NAME_CASH_LOAN_PURPOSE_Education_mean,0.0,0
9,f103_nyg_low_action_NAME_CASH_LOAN_PURPOSE_Education_sum,0.0,0
9,f103_nyg_low_action_NAME_CASH_LOAN_PURPOSE_Everyday_expenses_mean,0.0,0
9,f103_nyg_low_action_NAME_CASH_LOAN_PURPOSE_Journey_mean,0.0,0
9,f103_nyg_low_action_NAME_CASH_LOAN_PURPOSE_Medicine_mean,0.0,0
9,f103_nyg_low_action_NAME_CASH_LOAN_PURPOSE_Buying_a_used_car_sum,0.0,0
9,f103_nyg_low_action_NAME_CASH_LOAN_PURPOSE_Buying_a_new_car_sum,0.0,0
9,f103_nyg_low_action_NAME_CASH_LOAN_PURPOSE_Repairs_mean,0.0,0
9,f103_nyg_low_action_NAME_CASH_LOAN_PURPOSE_Journey_sum,0.0,0
9,f103_nyg_low_action_NAME_CASH_LOAN_PURPOSE_Other_mean,0.0,0
9,f103_nyg_low_action_NAME_CASH_LOAN_PURPOSE_Everyday_expenses_sum,0.0,0
9,f103_nyg_low_action_NAME_CASH_LOAN_PURPOSE_Urgent_needs_mean,0.0,0
9,f103_nyg_low_action_NAME_CASH_LOAN_PURPOSE_Payments_on_other_loans_sum,0.0,0
9,f103_nyg_low_action_NAME_CASH_LOAN_PURPOSE_Medicine_sum,0.0,0
9,f103_nyg_low_action_NAME_CASH_LOAN_PURPOSE_Payments_on_other_loans_mean,0.0,0
9,f103_nyg_low_action_NAME_CLIENT_TYPE_Repeater_sum,7.170090198516846,1
9,f103_nyg_low_action_NAME_CASH_LOAN_PURPOSE_Urgent_needs_sum,0.0,0
9,f103_nyg_low_action_NAME_CASH_LOAN_PURPOSE_XNA_sum,0.0,0
9,f103_nyg_low_action_NAME_CASH_LOAN_PURPOSE_Repairs_sum,0.0,0
9,f103_nyg_low_action_NAME_CASH_LOAN_PURPOSE_Other_sum,0.0,0
9,f103_nyg_low_action_NAME_CONTRACT_STATUS_Canceled_sum,0.0,0
9,f103_nyg_low_action_NAME_CLIENT_TYPE_Repeater_mean,0.0,0
9,f103_nyg_low_action_NAME_GOODS_CATEGORY_Clothing_and_Accessories_mean,0.0,0
9,f103_nyg_low_action_NAME_CONTRACT_TYPE_Cash_loans_sum,0.0,0
9,f103_nyg_low_action_NAME_CONTRACT_STATUS_Canceled_mean,0.0,0
9,f103_nyg_low_action_NAME_GOODS_CATEGORY_Auto_Accessories_mean,0.0,0
9,f103_nyg_low_action_NAME_GOODS_CATEGORY_Audio_Video_sum,8.739230155944824,1
9,f103_nyg_low_action_NAME_GOODS_CATEGORY_Auto_Accessories_sum,0.0,0
9,f103_nyg_low_action_NAME_GOODS_CATEGORY_Construction_Materials_sum,0.0,0
9,f103_nyg_low_action_NAME_GOODS_CATEGORY_Clothing_and_Accessories_sum,0.0,0
9,f103_nyg_low_action_NAME_GOODS_CATEGORY_Construction_Materials_mean,0.0,0
9,f103_nyg_low_action_NAME_GOODS_CATEGORY_Jewelry_mean,0.0,0
9,f103_nyg_low_action_NAME_GOODS_CATEGORY_Homewares_mean,0.0,0
9,f103_nyg_low_action_NAME_GOODS_CATEGORY_Consumer_Electronics_sum,0.0,0
9,f103_nyg_low_action_NAME_GOODS_CATEGORY_Gardening_sum,0.0,0
9,f103_nyg_low_action_NAME_GOODS_CATEGORY_Consumer_Electronics_mean,2.4728400707244873,1
9,f103_nyg_low_action_NAME_GOODS_CATEGORY_Homewares_sum,0.0,0
9,f103_nyg_low_action_NAME_GOODS_CATEGORY_Medicine_mean,0.0,0
9,f103_nyg_low_action_NAME_GOODS_CATEGORY_Jewelry_sum,0.0,0
9,f103_nyg_low_action_NAME_GOODS_CATEGORY_Gardening_mean,0.0,0
9,f103_nyg_low_action_NAME_GOODS_CATEGORY_Tourism_mean,0.0,0
9,f103_nyg_low_action_NAME_GOODS_CATEGORY_Medicine_sum,0.0,0
9,f103_nyg_low_action_NAME_GOODS_CATEGORY_Photo___Cinema_Equipment_sum,0.0,0
9,f103_nyg_low_action_NAME_GOODS_CATEGORY_Office_Appliances_mean,0.0,0
9,f103_nyg_low_action_NAME_GOODS_CATEGORY_Vehicles_mean,0.0,0
9,f103_nyg_low_action_NAME_PAYMENT_TYPE_Cash_through_the_bank_mean,0.0,0
9,f103_nyg_low_action_NAME_GOODS_CATEGORY_Photo___Cinema_Equipment_mean,0.0,0
9,f103_nyg_low_action_NAME_GOODS_CATEGORY_Office_Appliances_sum,0.0,0
9,f103_nyg_low_action_NAME_GOODS_CATEGORY_Weapon_sum,0.0,0
9,f103_nyg_low_action_NAME_GOODS_CATEGORY_XNA_sum,0.0,0
9,f103_nyg_low_action_NAME_GOODS_CATEGORY_Tourism_sum,0.0,0
9,f103_nyg_low_action_NAME_PORTFOLIO_Cars_sum,0.0,0
9,f103_nyg_low_action_NAME_GOODS_CATEGORY_Sport_and_Leisure_mean,0.0,0
9,f103_nyg_low_action_NAME_GOODS_CATEGORY_Sport_and_Leisure_sum,0.0,0
9,f103_nyg_low_action_NAME_PORTFOLIO_Cars_mean,0.0,0
9,f103_nyg_low_action_NAME_GOODS_CATEGORY_Weapon_mean,0.0,0
9,f103_nyg_low_action_NAME_PORTFOLIO_Cash_sum,0.0,0
9,f103_nyg_low_action_NAME_PAYMENT_TYPE_Non_cash_from_your_account_sum,0.0,0
9,f103_nyg_low_action_NAME_GOODS_CATEGORY_Vehicles_sum,0.0,0
9,f103_nyg_low_action_NAME_PAYMENT_TYPE_Non_cash_from_your_account_mean,0.0,0
9,f103_nyg_low_action_NAME_PAYMENT_TYPE_XNA_sum,0.0,0
9,f103_nyg_low_action_NAME_PAYMENT_TYPE_XNA_mean,7.165520191192627,1
9,f103_nyg_low_action_NAME_SELLER_INDUSTRY_Clothing_sum,0.0,0
9,f103_nyg_low_action_NAME_SELLER_INDUSTRY_Auto_technology_sum,0.0,0
9,f103_nyg_low_action_NAME_SELLER_INDUSTRY_Jewelry_mean,0.0,0
9,f103_nyg_low_action_NAME_PRODUCT_TYPE_x_sell_sum,15.563850402832031,2
9,f103_nyg_low_action_NAME_SELLER_INDUSTRY_Connectivity_sum,0.0,0
9,f103_nyg_low_action_NAME_SELLER_INDUSTRY_Clothing_mean,0.0,0
9,f103_nyg_low_action_NAME_SELLER_INDUSTRY_Auto_technology_mean,0.0,0
9,f103_nyg_low_action_NAME_PRODUCT_TYPE_walk_in_sum,0.0,0
9,f103_nyg_low_action_NAME_SELLER_INDUSTRY_Construction_sum,0.0,0
9,f103_nyg_low_action_NAME_SELLER_INDUSTRY_Construction_mean,0.0,0
9,f103_nyg_low_action_NAME_PRODUCT_TYPE_walk_in_mean,0.0,0
9,f103_nyg_low_action_NAME_SELLER_INDUSTRY_Connectivity_mean,0.0,0
9,f103_nyg_low_action_NAME_TYPE_SUITE_Children_mean,0.0,0
9,f103_nyg_low_action_NAME_SELLER_INDUSTRY_XNA_sum,0.0,0
9,f103_nyg_low_action_NAME_TYPE_SUITE_Children_sum,0.0,0
9,f103_nyg_low_action_NAME_TYPE_SUITE_Family_sum,0.0,0
9,f103_nyg_low_action_NAME_TYPE_SUITE_Other_A_mean,0.0,0
9,f103_nyg_low_action_NAME_TYPE_SUITE_Other_B_mean,0.0,0
9,f103_nyg_low_action_NAME_SELLER_INDUSTRY_Jewelry_sum,0.0,0
9,f103_nyg_low_action_NFLAG_LAST_APPL_IN_DAY_min,0.0,0
9,f103_nyg_low_action_NAME_TYPE_SUITE_Unaccompanied_mean,0.0,0
9,f103_nyg_low_action_NAME_TYPE_SUITE_Spouse__partner_mean,0.0,0
9,f103_nyg_low_action_NAME_TYPE_SUITE_Spouse__partner_sum,0.0,0
9,f103_nyg_low_action_NAME_TYPE_SUITE_Family_mean,4.700129985809326,1
9,f103_nyg_low_action_NFLAG_LAST_APPL_IN_DAY_max,0.0,0
9,f103_nyg_low_action_PREV_COUNT,0.0,0
9,f103_nyg_low_action_NAME_YIELD_GROUP_low_action_sum,0.0,0
9,f103_nyg_low_action_NAME_TYPE_SUITE_Other_A_sum,0.0,0
9,f103_nyg_low_action_PRODUCT_COMBINATION_POS_mobile_with_interest_sum,0.0,0
9,f103_nyg_low_action_PRODUCT_COMBINATION_POS_industry_with_interest_mean,0.0,0
9,f103_nyg_low_action_NFLAG_LAST_APPL_IN_DAY_mean,0.0,0
9,f103_nyg_low_action_NAME_TYPE_SUITE_Other_B_sum,0.0,0
9,f103_nyg_low_action_PRODUCT_COMBINATION_POS_household_with_interest_mean,0.0,0
9,f103_nyg_low_action_PRODUCT_COMBINATION_POS_industry_with_interest_sum,0.0,0
9,f103_nyg_low_action_NAME_TYPE_SUITE_Unaccompanied_sum,0.0,0
9,f103_nyg_low_action_PRODUCT_COMBINATION_POS_household_with_interest_sum,0.0,0
9,f103_nyg_low_action_PRODUCT_COMBINATION_POS_other_with_interest_mean,0.0,0
9,f103_nyg_low_action_PRODUCT_COMBINATION_POS_other_with_interest_sum,0.0,0
9,f103_nyg_low_action_PRODUCT_COMBINATION_POS_mobile_without_interest_sum,0.0,0
9,f103_nyg_low_action_PRODUCT_COMBINATION_POS_mobile_without_interest_mean,0.0,0
9,f103_nyg_low_action_SELLERPLACE_AREA_max,123.37860012054443,10
9,f103_nyg_low_action_SELLERPLACE_AREA_std_div_mean,0.0,0
9,f103_nyg_low_action_PRODUCT_COMBINATION_POS_mobile_with_interest_mean,0.0,0
9,f103_nyg_low_action_SELLERPLACE_AREA_mean,83.44494867324829,7
9,f103_nyg_low_action_SELLERPLACE_AREA_min,169.59601163864136,15
9,f103_nyg_low_action_SELLERPLACE_AREA_max_div_min,0.0,0
9,f103_nyg_low_action_WEEKDAY_APPR_PROCESS_START_THURSDAY_mean,6.223939895629883,1
9,f103_nyg_low_action_WEEKDAY_APPR_PROCESS_START_MONDAY_mean,34.143770694732666,3
9,f103_nyg_low_action_WEEKDAY_APPR_PROCESS_START_SUNDAY_sum,0.0,0
9,f103_nyg_low_action_WEEKDAY_APPR_PROCESS_START_FRIDAY_sum,0.0,0
9,f103_nyg_low_action_active_max,0.0,0
9,f103_nyg_low_action_WEEKDAY_APPR_PROCESS_START_THURSDAY_sum,0.0,0
9,f103_nyg_low_action_WEEKDAY_APPR_PROCESS_START_SUNDAY_mean,0.0,0
9,f103_nyg_low_action_WEEKDAY_APPR_PROCESS_START_FRIDAY_mean,0.0,0
9,f103_nyg_low_action_active_min,0.0,0
9,f103_nyg_low_action_amt_paid_std,0.0,0
9,f103_nyg_low_action_amt_unpaid_max_div_min,18.991779804229736,2
9,f103_nyg_low_action_active_mean,11.671539783477783,2
9,f103_nyg_low_action_WEEKDAY_APPR_PROCESS_START_WEDNESDAY_sum,0.0,0
9,f103_nyg_low_action_WEEKDAY_APPR_PROCESS_START_TUESDAY_sum,9.946489810943604,2
9,f103_nyg_low_action_amt_unpaid_std,0.0,0
9,f103_nyg_low_action_amt_paid_max_div_min,0.0,0
9,f103_nyg_low_action_WEEKDAY_APPR_PROCESS_START_TUESDAY_mean,13.181900024414062,1
9,f103_nyg_low_action_active_sum,0.0,0
9,f103_nyg_low_action_cnt_paid_mean,7.888760089874268,1
9,f103_nyg_low_action_amt_unpaid_mean,58.4308500289917,8
9,f103_nyg_low_action_cnt_paid_max,13.959060192108154,2
9,f103_nyg_low_action_amt_unpaid_max,3.0187299251556396,1
9,f103_nyg_low_action_cnt_paid_ratio_max,55.15750980377197,6
9,f103_nyg_low_action_cnt_paid_ratio_min,5.644750118255615,1
9,f103_nyg_low_action_amt_unpaid_sum,40.63350009918213,5
9,f103_nyg_low_action_cnt_paid_max_div_min,6.106659889221191,1
9,f103_nyg_low_action_cnt_paid_min,33.35935115814209,3
9,f103_nyg_low_action_cnt_paid_sum,15.306960105895996,2
9,f103_nyg_low_action_cnt_unpaid_max_div_min,0.0,0
9,f103_nyg_low_action_cnt_unpaid_std,0.0,0
9,f103_nyg_low_action_amt_unpaid_min,22.01074981689453,3
9,f103_nyg_low_action_cnt_unpaid_mean,27.564300537109375,1
9,f103_nyg_low_action_completed_min,0.0,0
9,f103_nyg_low_action_cnt_paid_ratio_max_div_min,0.0,0
9,f103_nyg_low_action_cnt_paid_ratio_mean,30.93079948425293,1
9,f103_nyg_low_action_cnt_unpaid_sum,8.472450256347656,1
9,f103_nyg_low_action_cnt_unpaid_max,0.0,0
9,f103_nyg_low_action_interest_rate_diff_std_div_mean,0.0,0
9,f103_nyg_low_action_interest_rate_max_div_min,0.0,0
9,f103_nyg_low_action_total_debt_diff_std_div_mean,0.0,0
9,f103_nyg_low_action_interest_rate_pctchange_std_div_mean,0.0,0
9,f103_nyg_low_action_interest_rate_diff_mean,30.072840213775635,3
9,f103_nyg_low_action_cnt_unpaid_min,0.0,0
9,f103_nyg_low_action_interest_rate_diff_max_div_min,20.234689712524414,2
9,f103_nyg_low_action_interest_rate_diff_max,93.68891859054565,9
9,f103_nyg_low_action_interest_rate_pctchange_min,142.1904788017273,16
9,f103_nyg_low_action_interest_rate_pctchange_max,28.257580757141113,4
9,f103_nyg_low_action_interest_rate_pctchange_mean,44.45209980010986,4
9,f103_nyg_low_action_total_debt_max_div_min,0.0,0
9,f103_nyg_low_action_interest_rate_pctchange_max_div_min,43.46135902404785,4
9,f103_nyg_low_action_total_debt_pctchange_max_div_min,0.0,0
9,f103_nyg_low_action_total_debt_diff_max_div_min,0.0,0
9,f103_nyg_low_normal_AMT_ANNUITY_d_app_AMT_ANNUITY_diff_std_div_mean,0.0,0
9,f103_nyg_low_normal_AMT_ANNUITY_d_app_AMT_ANNUITY_diff_std,0.0,0
9,f103_nyg_low_normal_AMT_ANNUITY_d_app_AMT_ANNUITY_pctchange_std_div_mean,20.387500762939453,2
9,f103_nyg_low_normal_AMT_ANNUITY_d_app_AMT_ANNUITY_pctchange_max_div_min,0.0,0
9,f103_nyg_low_normal_AMT_ANNUITY_d_app_AMT_ANNUITY_diff_max_div_min,14.01511001586914,2
9,f103_nyg_low_normal_AMT_ANNUITY_d_app_AMT_ANNUITY_max_div_min,0.0,0
9,f103_nyg_low_normal_AMT_ANNUITY_d_app_AMT_ANNUITY_pctchange_max,110.95483160018921,14
9,f103_nyg_low_normal_AMT_ANNUITY_d_app_AMT_CREDIT_diff_std_div_mean,0.0,0
9,f103_nyg_low_normal_AMT_ANNUITY_d_app_AMT_CREDIT_diff_max_div_min,12.07960033416748,1
9,f103_nyg_low_normal_AMT_ANNUITY_d_app_AMT_CREDIT_pctchange_max,191.6242561340332,8
9,f103_nyg_low_normal_AMT_ANNUITY_d_app_AMT_GOODS_PRICE_pctchange_max,59.12955904006958,4
9,f103_nyg_low_normal_AMT_ANNUITY_d_app_AMT_CREDIT_diff_std,0.0,0
9,f103_nyg_low_normal_AMT_ANNUITY_d_app_AMT_GOODS_PRICE_diff_max_div_min,0.0,0
9,f103_nyg_low_normal_AMT_ANNUITY_d_app_AMT_CREDIT_max_div_min,0.0,0
9,f103_nyg_low_normal_AMT_ANNUITY_d_app_AMT_GOODS_PRICE_diff_std,0.0,0
9,f103_nyg_low_normal_AMT_ANNUITY_d_app_AMT_GOODS_PRICE_diff_std_div_mean,0.0,0
9,f103_nyg_low_normal_AMT_ANNUITY_d_app_AMT_GOODS_PRICE_pctchange_std_div_mean,0.0,0
9,f103_nyg_low_normal_AMT_ANNUITY_d_app_AMT_CREDIT_pctchange_max_div_min,0.0,0
9,f103_nyg_low_normal_AMT_ANNUITY_d_app_AMT_CREDIT_pctchange_std_div_mean,0.0,0
9,f103_nyg_low_normal_AMT_ANNUITY_d_app_AMT_GOODS_PRICE_max_div_min,0.0,0
9,f103_nyg_low_normal_AMT_ANNUITY_d_app_AMT_GOODS_PRICE_pctchange_max_div_min,0.0,0
9,f103_nyg_low_normal_AMT_ANNUITY_d_app_AMT_INCOME_TOTAL_diff_std_div_mean,0.0,0
9,f103_nyg_low_normal_AMT_ANNUITY_d_app_AMT_INCOME_TOTAL_diff_max_div_min,0.0,0
9,f103_nyg_low_normal_AMT_ANNUITY_d_app_AMT_INCOME_TOTAL_std,13.50469970703125,1
9,f103_nyg_low_normal_AMT_ANNUITY_d_app_AMT_INCOME_TOTAL_max_div_min,0.0,0
9,f103_nyg_low_normal_AMT_ANNUITY_m_app_AMT_GOODS_PRICE_d_app_AMT_INCOME_TOTAL_diff_std_div_mean,0.0,0
9,f103_nyg_low_normal_AMT_ANNUITY_m_app_AMT_GOODS_PRICE_d_app_AMT_INCOME_TOTAL_mean,81.1416597366333,10
9,f103_nyg_low_normal_AMT_ANNUITY_d_app_AMT_INCOME_TOTAL_pctchange_std_div_mean,0.0,0
9,f103_nyg_low_normal_AMT_ANNUITY_m_app_AMT_GOODS_PRICE_d_app_AMT_INCOME_TOTAL_pctchange_std_div_mean,0.0,0
9,f103_nyg_low_normal_AMT_ANNUITY_d_app_AMT_INCOME_TOTAL_pctchange_max_div_min,0.0,0
9,f103_nyg_low_normal_AMT_ANNUITY_d_app_AMT_INCOME_TOTAL_pctchange_max,151.5518035888672,4
9,f103_nyg_low_normal_AMT_ANNUITY_m_app_AMT_GOODS_PRICE_d_app_AMT_INCOME_TOTAL_diff_max_div_min,0.0,0
9,f103_nyg_low_normal_AMT_ANNUITY_m_app_AMT_GOODS_PRICE_d_app_AMT_INCOME_TOTAL_std_div_mean,15.106900215148926,1
9,f103_nyg_low_normal_AMT_ANNUITY_m_app_AMT_GOODS_PRICE_d_app_AMT_INCOME_TOTAL_max,18.18317985534668,2
9,f103_nyg_low_normal_AMT_ANNUITY_m_app_AMT_GOODS_PRICE_d_app_AMT_INCOME_TOTAL_pctchange_std,14.135899543762207,1
9,f103_nyg_low_normal_AMT_ANNUITY_m_app_AMT_GOODS_PRICE_d_app_AMT_INCOME_TOTAL_min,69.57115030288696,9
9,f103_nyg_low_normal_AMT_ANNUITY_m_app_AMT_GOODS_PRICE_d_app_AMT_INCOME_TOTAL_max_div_min,11.915499687194824,1
9,f103_nyg_low_normal_AMT_ANNUITY_m_app_AMT_GOODS_PRICE_d_app_AMT_INCOME_TOTAL_pctchange_min,46.44207048416138,7
9,f103_nyg_low_normal_AMT_ANNUITY_m_app_AMT_GOODS_PRICE_d_app_AMT_INCOME_TOTAL_pctchange_mean,51.27018976211548,7
9,f103_nyg_low_normal_AMT_ANNUITY_m_app_AMT_GOODS_PRICE_d_app_AMT_INCOME_TOTAL_std,0.0,0
9,f103_nyg_low_normal_AMT_ANNUITY_m_app_AMT_GOODS_PRICE_d_app_AMT_INCOME_TOTAL_pctchange_max_div_min,0.0,0
9,f103_nyg_low_normal_AMT_ANNUITY_m_app_AMT_GOODS_PRICE_d_app_AMT_INCOME_TOTAL_pctchange_max,29.722299575805664,2
9,f103_nyg_low_normal_AMT_ANNUITY_s_app_AMT_ANNUITY_d_app_AMT_INCOME_TOTAL_diff_std_div_mean,0.0,0
9,f103_nyg_low_normal_AMT_ANNUITY_s_app_AMT_ANNUITY_d_app_AMT_INCOME_TOTAL_pctchange_std_div_mean,0.0,0
9,f103_nyg_low_normal_AMT_ANNUITY_max_div_min,0.0,0
9,f103_nyg_low_normal_AMT_ANNUITY_s_app_AMT_ANNUITY_diff_std_div_mean,0.0,0
9,f103_nyg_low_normal_AMT_ANNUITY_s_app_AMT_ANNUITY_d_app_AMT_INCOME_TOTAL_pctchange_max_div_min,0.0,0
9,f103_nyg_low_normal_AMT_ANNUITY_s_app_AMT_ANNUITY_d_app_AMT_INCOME_TOTAL_pctchange_std,27.144700050354004,2
9,f103_nyg_low_normal_AMT_ANNUITY_s_app_AMT_ANNUITY_d_app_AMT_INCOME_TOTAL_diff_max_div_min,0.0,0
9,f103_nyg_low_normal_AMT_ANNUITY_s_app_AMT_ANNUITY_d_app_AMT_INCOME_TOTAL_max_div_min,0.0,0
9,f103_nyg_low_normal_AMT_ANNUITY_s_app_AMT_ANNUITY_d_app_AMT_INCOME_TOTAL_pctchange_max,144.27915167808533,13
9,f103_nyg_low_normal_AMT_ANNUITY_s_app_AMT_ANNUITY_d_app_AMT_INCOME_TOTAL_pctchange_min,139.3338279724121,13
9,f103_nyg_low_normal_AMT_ANNUITY_s_app_AMT_ANNUITY_diff_max_div_min,0.0,0
9,f103_nyg_low_normal_AMT_ANNUITY_s_app_AMT_ANNUITY_d_app_AMT_INCOME_TOTAL_pctchange_mean,161.16561269760132,12
9,f103_nyg_low_normal_AMT_ANNUITY_s_app_AMT_ANNUITY_max_div_min,0.0,0
9,f103_nyg_low_normal_AMT_ANNUITY_s_app_AMT_ANNUITY_d_app_AMT_INCOME_TOTAL_std,0.0,0
9,f103_nyg_low_normal_AMT_ANNUITY_s_app_AMT_ANNUITY_d_app_AMT_INCOME_TOTAL_std_div_mean,58.91637992858887,5
9,f103_nyg_low_normal_AMT_ANNUITY_s_app_AMT_ANNUITY_pctchange_std,0.0,0
9,f103_nyg_low_normal_AMT_ANNUITY_s_app_AMT_ANNUITY_std_div_mean,23.254300594329834,3
9,f103_nyg_low_normal_AMT_ANNUITY_s_app_AMT_ANNUITY_pctchange_min,40.28867983818054,6
9,f103_nyg_low_normal_AMT_ANNUITY_s_app_AMT_ANNUITY_pctchange_std_div_mean,0.0,0
9,f103_nyg_low_normal_AMT_ANNUITY_s_app_AMT_ANNUITY_std,14.987899780273438,1
9,f103_nyg_low_normal_AMT_ANNUITY_s_app_AMT_CREDIT_d_app_AMT_INCOME_TOTAL_pctchange_max,218.87271213531494,16
9,f103_nyg_low_normal_AMT_ANNUITY_s_app_AMT_ANNUITY_pctchange_mean,0.0,0
9,f103_nyg_low_normal_AMT_ANNUITY_s_app_AMT_CREDIT_d_app_AMT_INCOME_TOTAL_pctchange_max_div_min,0.0,0
9,f103_nyg_low_normal_AMT_ANNUITY_s_app_AMT_CREDIT_d_app_AMT_INCOME_TOTAL_max_div_min,0.0,0
9,f103_nyg_low_normal_AMT_ANNUITY_s_app_AMT_CREDIT_d_app_AMT_INCOME_TOTAL_diff_std_div_mean,0.0,0
9,f103_nyg_low_normal_AMT_ANNUITY_s_app_AMT_CREDIT_d_app_AMT_INCOME_TOTAL_diff_max_div_min,0.0,0
9,f103_nyg_low_normal_AMT_ANNUITY_s_app_AMT_ANNUITY_pctchange_max_div_min,0.0,0
9,f103_nyg_low_normal_AMT_ANNUITY_s_app_AMT_ANNUITY_pctchange_max,43.82318925857544,4
9,f103_nyg_low_normal_AMT_ANNUITY_s_app_AMT_CREDIT_d_app_AMT_INCOME_TOTAL_std,0.0,0
9,f103_nyg_low_normal_AMT_ANNUITY_s_app_AMT_CREDIT_d_app_AMT_INCOME_TOTAL_std_div_mean,9.002120018005371,1
9,f103_nyg_low_normal_AMT_ANNUITY_s_app_AMT_CREDIT_d_app_AMT_INCOME_TOTAL_mean,102.90078043937683,11
9,f103_nyg_low_normal_AMT_ANNUITY_s_app_AMT_CREDIT_d_app_AMT_INCOME_TOTAL_min,59.40512990951538,6
9,f103_nyg_low_normal_AMT_ANNUITY_s_app_AMT_CREDIT_d_app_AMT_INCOME_TOTAL_pctchange_std_div_mean,0.0,0
9,f103_nyg_low_normal_AMT_ANNUITY_s_app_AMT_CREDIT_d_app_AMT_INCOME_TOTAL_pctchange_std,0.0,0
9,f103_nyg_low_normal_AMT_ANNUITY_s_app_AMT_CREDIT_diff_max_div_min,0.0,0
9,f103_nyg_low_normal_AMT_ANNUITY_s_app_AMT_CREDIT_diff_std_div_mean,0.0,0
9,f103_nyg_low_normal_AMT_ANNUITY_s_app_AMT_CREDIT_pctchange_max_div_min,9.086440086364746,1
9,f103_nyg_low_normal_AMT_ANNUITY_s_app_AMT_CREDIT_d_app_AMT_INCOME_TOTAL_max,99.59441900253296,11
9,f103_nyg_low_normal_AMT_ANNUITY_s_app_AMT_CREDIT_max_div_min,0.0,0
9,f103_nyg_low_normal_AMT_ANNUITY_s_app_AMT_CREDIT_pctchange_std,0.0,0
9,f103_nyg_low_normal_AMT_ANNUITY_s_app_AMT_CREDIT_std_div_mean,0.0,0
9,f103_nyg_low_normal_AMT_ANNUITY_s_app_AMT_CREDIT_pctchange_max,57.246949672698975,5
9,f103_nyg_low_normal_AMT_ANNUITY_s_app_AMT_CREDIT_std,4.727970123291016,1
9,f103_nyg_low_normal_AMT_ANNUITY_s_app_AMT_GOODS_PRICE_diff_std_div_mean,0.0,0
9,f103_nyg_low_normal_AMT_ANNUITY_s_app_AMT_GOODS_PRICE_diff_max_div_min,0.0,0
9,f103_nyg_low_normal_AMT_ANNUITY_s_app_AMT_GOODS_PRICE_max_div_min,0.0,0
9,f103_nyg_low_normal_AMT_ANNUITY_s_app_AMT_GOODS_PRICE_pctchange_std_div_mean,0.0,0
9,f103_nyg_low_normal_AMT_ANNUITY_s_app_AMT_CREDIT_pctchange_std_div_mean,0.0,0
9,f103_nyg_low_normal_AMT_ANNUITY_s_app_AMT_GOODS_PRICE_pctchange_max_div_min,0.0,0
9,f103_nyg_low_normal_AMT_ANNUITY_s_app_AMT_GOODS_PRICE_std,0.0,0
9,f103_nyg_low_normal_AMT_ANNUITY_s_app_AMT_GOODS_PRICE_pctchange_std,0.0,0
9,f103_nyg_low_normal_AMT_ANNUITY_s_app_AMT_GOODS_PRICE_pctchange_min,22.695680141448975,2
9,f103_nyg_low_normal_AMT_ANNUITY_s_app_AMT_GOODS_PRICE_pctchange_mean,66.88469791412354,3
9,f103_nyg_low_normal_AMT_ANNUITY_s_app_AMT_INCOME_TOTAL_diff_max_div_min,0.0,0
9,f103_nyg_low_normal_AMT_ANNUITY_s_app_AMT_INCOME_TOTAL_diff_std_div_mean,0.0,0
9,f103_nyg_low_normal_AMT_ANNUITY_s_app_AMT_GOODS_PRICE_pctchange_max,73.3218002319336,3
9,f103_nyg_low_normal_AMT_ANNUITY_s_app_AMT_GOODS_PRICE_std_div_mean,0.0,0
9,f103_nyg_low_normal_AMT_ANNUITY_s_app_AMT_INCOME_TOTAL_pctchange_std,0.0,0
9,f103_nyg_low_normal_AMT_ANNUITY_s_app_AMT_INCOME_TOTAL_max,140.193190574646,17
9,f103_nyg_low_normal_AMT_ANNUITY_s_app_AMT_INCOME_TOTAL_max_div_min,0.0,0
9,f103_nyg_low_normal_AMT_ANNUITY_s_app_AMT_INCOME_TOTAL_pctchange_min,99.13946008682251,12
9,f103_nyg_low_normal_AMT_ANNUITY_s_app_AMT_INCOME_TOTAL_pctchange_max,92.64053988456726,8
9,f103_nyg_low_normal_AMT_ANNUITY_s_app_AMT_INCOME_TOTAL_pctchange_mean,202.0690188407898,12
9,f103_nyg_low_normal_AMT_ANNUITY_s_app_AMT_INCOME_TOTAL_min,129.1932179927826,18
9,f103_nyg_low_normal_AMT_ANNUITY_s_app_AMT_INCOME_TOTAL_mean,65.01990962028503,6
9,f103_nyg_low_normal_AMT_ANNUITY_s_app_AMT_INCOME_TOTAL_std,0.0,0
9,f103_nyg_low_normal_AMT_ANNUITY_s_app_AMT_INCOME_TOTAL_pctchange_std_div_mean,0.0,0
9,f103_nyg_low_normal_AMT_ANNUITY_std,0.0,0
9,f103_nyg_low_normal_AMT_APPLICATION_d_app_AMT_ANNUITY_max_div_min,0.0,0
9,f103_nyg_low_normal_AMT_ANNUITY_s_app_AMT_INCOME_TOTAL_pctchange_max_div_min,0.0,0
9,f103_nyg_low_normal_AMT_APPLICATION_d_app_AMT_ANNUITY_diff_max_div_min,0.0,0
9,f103_nyg_low_normal_AMT_APPLICATION_d_app_AMT_ANNUITY_std,0.0,0
9,f103_nyg_low_normal_AMT_APPLICATION_d_app_AMT_ANNUITY_diff_max,26.374899864196777,2
9,f103_nyg_low_normal_AMT_APPLICATION_d_app_AMT_ANNUITY_pctchange_std_div_mean,0.0,0
9,f103_nyg_low_normal_AMT_APPLICATION_d_app_AMT_ANNUITY_diff_mean,56.257750034332275,6
9,f103_nyg_low_normal_AMT_APPLICATION_d_app_AMT_ANNUITY_diff_min,16.80146026611328,2
9,f103_nyg_low_normal_AMT_APPLICATION_d_app_AMT_ANNUITY_max,69.791100025177,8
9,f103_nyg_low_normal_AMT_APPLICATION_d_app_AMT_CREDIT_diff_std_div_mean,0.0,0
9,f103_nyg_low_normal_AMT_APPLICATION_d_app_AMT_ANNUITY_pctchange_max_div_min,0.0,0
9,f103_nyg_low_normal_AMT_APPLICATION_d_app_AMT_ANNUITY_pctchange_max,46.70892953872681,5
9,f103_nyg_low_normal_AMT_APPLICATION_d_app_AMT_ANNUITY_pctchange_mean,9.51653003692627,1
9,f103_nyg_low_normal_AMT_APPLICATION_d_app_AMT_ANNUITY_mean,134.90653944015503,13
9,f103_nyg_low_normal_AMT_APPLICATION_d_app_AMT_CREDIT_max_div_min,0.0,0
9,f103_nyg_low_normal_AMT_APPLICATION_d_app_AMT_ANNUITY_pctchange_min,6.2042999267578125,1
9,f103_nyg_low_normal_AMT_APPLICATION_d_app_AMT_CREDIT_mean,130.6572208404541,17
9,f103_nyg_low_normal_AMT_APPLICATION_d_app_AMT_CREDIT_std_div_mean,0.0,0
9,f103_nyg_low_normal_AMT_APPLICATION_d_app_AMT_ANNUITY_min,331.07353925704956,26
9,f103_nyg_low_normal_AMT_APPLICATION_d_app_AMT_CREDIT_diff_min,4.115600109100342,1
9,f103_nyg_low_normal_AMT_APPLICATION_d_app_AMT_CREDIT_diff_std,0.0,0
9,f103_nyg_low_normal_AMT_APPLICATION_d_app_AMT_CREDIT_diff_max,8.200349807739258,1
9,f103_nyg_low_normal_AMT_APPLICATION_d_app_AMT_CREDIT_max,26.276820182800293,3
9,f103_nyg_low_normal_AMT_APPLICATION_d_app_AMT_CREDIT_diff_max_div_min,0.0,0
9,f103_nyg_low_normal_AMT_APPLICATION_d_app_AMT_CREDIT_pctchange_min,5.777850151062012,1
9,f103_nyg_low_normal_AMT_APPLICATION_d_app_AMT_CREDIT_min,100.70253992080688,10
9,f103_nyg_low_normal_AMT_APPLICATION_d_app_AMT_CREDIT_pctchange_std_div_mean,0.0,0
9,f103_nyg_low_normal_AMT_APPLICATION_d_app_AMT_CREDIT_diff_mean,15.96507978439331,2
9,f103_nyg_low_normal_AMT_APPLICATION_d_app_AMT_CREDIT_pctchange_max,0.0,0
9,f103_nyg_low_normal_AMT_APPLICATION_d_app_AMT_CREDIT_std,6.113349914550781,1
9,f103_nyg_low_normal_AMT_APPLICATION_d_app_AMT_CREDIT_pctchange_max_div_min,17.174800872802734,1
9,f103_nyg_low_normal_AMT_APPLICATION_d_app_AMT_GOODS_PRICE_diff_std_div_mean,14.155359745025635,2
9,f103_nyg_low_normal_AMT_APPLICATION_d_app_AMT_GOODS_PRICE_diff_max_div_min,0.0,0
9,f103_nyg_low_normal_AMT_APPLICATION_d_app_AMT_GOODS_PRICE_diff_max,36.89491033554077,4
9,f103_nyg_low_normal_AMT_APPLICATION_d_app_AMT_GOODS_PRICE_pctchange_max_div_min,0.0,0
9,f103_nyg_low_normal_AMT_APPLICATION_d_app_AMT_GOODS_PRICE_diff_std,0.0,0
9,f103_nyg_low_normal_AMT_APPLICATION_d_app_AMT_CREDIT_pctchange_mean,5.162749767303467,1
9,f103_nyg_low_normal_AMT_APPLICATION_d_app_AMT_GOODS_PRICE_diff_min,13.881959915161133,2
9,f103_nyg_low_normal_AMT_APPLICATION_d_app_AMT_GOODS_PRICE_pctchange_max,23.22633934020996,3
9,f103_nyg_low_normal_AMT_APPLICATION_d_app_AMT_GOODS_PRICE_min,114.00641822814941,12
9,f103_nyg_low_normal_AMT_APPLICATION_d_app_AMT_GOODS_PRICE_pctchange_mean,12.093260288238525,2
9,f103_nyg_low_normal_AMT_APPLICATION_d_app_AMT_GOODS_PRICE_max,42.207120418548584,5
9,f103_nyg_low_normal_AMT_APPLICATION_d_app_AMT_GOODS_PRICE_max_div_min,0.0,0
9,f103_nyg_low_normal_AMT_APPLICATION_d_app_AMT_GOODS_PRICE_diff_mean,9.581689834594727,1
9,f103_nyg_low_normal_AMT_APPLICATION_d_app_AMT_GOODS_PRICE_std,0.0,0
9,f103_nyg_low_normal_AMT_APPLICATION_d_app_AMT_GOODS_PRICE_pctchange_min,0.0,0
9,f103_nyg_low_normal_AMT_APPLICATION_d_app_AMT_INCOME_TOTAL_diff_min,25.84997034072876,4
9,f103_nyg_low_normal_AMT_APPLICATION_d_app_AMT_INCOME_TOTAL_pctchange_max,0.0,0
9,f103_nyg_low_normal_AMT_APPLICATION_d_app_AMT_GOODS_PRICE_mean,41.360820293426514,5
9,f103_nyg_low_normal_AMT_APPLICATION_d_app_AMT_INCOME_TOTAL_diff_max,42.151270389556885,6
9,f103_nyg_low_normal_AMT_APPLICATION_d_app_AMT_INCOME_TOTAL_diff_mean,27.937029361724854,3
9,f103_nyg_low_normal_AMT_APPLICATION_d_app_AMT_INCOME_TOTAL_diff_max_div_min,0.0,0
9,f103_nyg_low_normal_AMT_APPLICATION_d_app_AMT_INCOME_TOTAL_diff_std_div_mean,0.0,0
9,f103_nyg_low_normal_AMT_APPLICATION_d_app_AMT_INCOME_TOTAL_max_div_min,0.0,0
9,f103_nyg_low_normal_AMT_APPLICATION_d_app_AMT_INCOME_TOTAL_max,105.41742038726807,12
9,f103_nyg_low_normal_AMT_APPLICATION_d_app_AMT_INCOME_TOTAL_pctchange_min,0.0,0
9,f103_nyg_low_normal_AMT_APPLICATION_d_app_AMT_INCOME_TOTAL_pctchange_max_div_min,0.0,0
9,f103_nyg_low_normal_AMT_APPLICATION_d_app_AMT_INCOME_TOTAL_pctchange_mean,0.0,0
9,f103_nyg_low_normal_AMT_APPLICATION_d_app_AMT_INCOME_TOTAL_min,109.90203094482422,10
9,f103_nyg_low_normal_AMT_APPLICATION_d_app_AMT_INCOME_TOTAL_std_div_mean,0.0,0
9,f103_nyg_low_normal_AMT_APPLICATION_d_app_AMT_INCOME_TOTAL_mean,56.60564041137695,6
9,f103_nyg_low_normal_AMT_APPLICATION_m_app_AMT_GOODS_PRICE_d_app_AMT_INCOME_TOTAL_diff_min,0.0,0
9,f103_nyg_low_normal_AMT_APPLICATION_m_app_AMT_GOODS_PRICE_d_app_AMT_INCOME_TOTAL_diff_mean,28.481270790100098,3
9,f103_nyg_low_normal_AMT_APPLICATION_m_app_AMT_GOODS_PRICE_d_app_AMT_INCOME_TOTAL_pctchange_max,59.720398902893066,7
9,f103_nyg_low_normal_AMT_APPLICATION_m_app_AMT_GOODS_PRICE_d_app_AMT_INCOME_TOTAL_pctchange_std,0.0,0
9,f103_nyg_low_normal_AMT_APPLICATION_d_app_AMT_INCOME_TOTAL_pctchange_std_div_mean,0.0,0
9,f103_nyg_low_normal_AMT_APPLICATION_m_app_AMT_GOODS_PRICE_d_app_AMT_INCOME_TOTAL_diff_max,0.0,0
9,f103_nyg_low_normal_AMT_APPLICATION_m_app_AMT_GOODS_PRICE_d_app_AMT_INCOME_TOTAL_pctchange_std_div_mean,0.0,0
9,f103_nyg_low_normal_AMT_APPLICATION_m_app_AMT_GOODS_PRICE_d_app_AMT_INCOME_TOTAL_diff_max_div_min,0.0,0
9,f103_nyg_low_normal_AMT_APPLICATION_m_app_AMT_GOODS_PRICE_d_app_AMT_INCOME_TOTAL_pctchange_min,103.8917407989502,11
9,f103_nyg_low_normal_AMT_APPLICATION_m_app_AMT_GOODS_PRICE_d_app_AMT_INCOME_TOTAL_pctchange_max_div_min,0.0,0
9,f103_nyg_low_normal_AMT_APPLICATION_s_app_AMT_ANNUITY_d_app_AMT_INCOME_TOTAL_diff_max,15.65619945526123,2
9,f103_nyg_low_normal_AMT_APPLICATION_m_app_AMT_GOODS_PRICE_d_app_AMT_INCOME_TOTAL_mean,119.01415061950684,13
9,f103_nyg_low_normal_AMT_APPLICATION_s_app_AMT_ANNUITY_d_app_AMT_INCOME_TOTAL_diff_mean,0.0,0
9,f103_nyg_low_normal_AMT_APPLICATION_m_app_AMT_GOODS_PRICE_d_app_AMT_INCOME_TOTAL_std_div_mean,8.031390190124512,1
9,f103_nyg_low_normal_AMT_APPLICATION_m_app_AMT_GOODS_PRICE_d_app_AMT_INCOME_TOTAL_max,76.67922925949097,9
9,f103_nyg_low_normal_AMT_APPLICATION_m_app_AMT_GOODS_PRICE_d_app_AMT_INCOME_TOTAL_pctchange_mean,37.540579319000244,5
9,f103_nyg_low_normal_AMT_APPLICATION_m_app_AMT_GOODS_PRICE_d_app_AMT_INCOME_TOTAL_max_div_min,50.99536085128784,6
9,f103_nyg_low_normal_AMT_APPLICATION_m_app_AMT_GOODS_PRICE_d_app_AMT_INCOME_TOTAL_min,25.89385986328125,3
9,f103_nyg_low_normal_AMT_APPLICATION_max,70.66719102859497,9
9,f103_nyg_low_normal_AMT_APPLICATION_s_app_AMT_ANNUITY_d_app_AMT_INCOME_TOTAL_diff_min,0.0,0
9,f103_nyg_low_normal_AMT_APPLICATION_mean,81.67716026306152,7
9,f103_nyg_low_normal_AMT_APPLICATION_max_div_min,0.0,0
9,f103_nyg_low_normal_AMT_APPLICATION_min,99.49068975448608,13
9,f103_nyg_low_normal_AMT_APPLICATION_s_app_AMT_ANNUITY_d_app_AMT_INCOME_TOTAL_max_div_min,0.0,0
9,f103_nyg_low_normal_AMT_APPLICATION_s_app_AMT_ANNUITY_d_app_AMT_INCOME_TOTAL_diff_max_div_min,0.0,0
9,f103_nyg_low_normal_AMT_APPLICATION_s_app_AMT_ANNUITY_d_app_AMT_INCOME_TOTAL_pctchange_std,19.410829544067383,2
9,f103_nyg_low_normal_AMT_APPLICATION_s_app_AMT_ANNUITY_d_app_AMT_INCOME_TOTAL_pctchange_max,60.31886887550354,8
9,f103_nyg_low_normal_AMT_APPLICATION_s_app_AMT_ANNUITY_d_app_AMT_INCOME_TOTAL_max,76.15900945663452,8
9,f103_nyg_low_normal_AMT_APPLICATION_s_app_AMT_ANNUITY_d_app_AMT_INCOME_TOTAL_pctchange_max_div_min,0.0,0
9,f103_nyg_low_normal_AMT_APPLICATION_s_app_AMT_ANNUITY_d_app_AMT_INCOME_TOTAL_pctchange_mean,32.28317070007324,4
9,f103_nyg_low_normal_AMT_APPLICATION_s_app_AMT_ANNUITY_d_app_AMT_INCOME_TOTAL_pctchange_std_div_mean,0.0,0
9,f103_nyg_low_normal_AMT_APPLICATION_s_app_AMT_ANNUITY_d_app_AMT_INCOME_TOTAL_pctchange_min,67.80824947357178,8
9,f103_nyg_low_normal_AMT_APPLICATION_s_app_AMT_ANNUITY_pctchange_std,0.0,0
9,f103_nyg_low_normal_AMT_APPLICATION_s_app_AMT_ANNUITY_diff_mean,32.01351976394653,4
9,f103_nyg_low_normal_AMT_APPLICATION_s_app_AMT_ANNUITY_d_app_AMT_INCOME_TOTAL_mean,39.042641162872314,4
9,f103_nyg_low_normal_AMT_APPLICATION_s_app_AMT_ANNUITY_diff_std_div_mean,0.0,0
9,f103_nyg_low_normal_AMT_APPLICATION_s_app_AMT_ANNUITY_d_app_AMT_INCOME_TOTAL_min,83.18774938583374,10
9,f103_nyg_low_normal_AMT_APPLICATION_s_app_AMT_ANNUITY_diff_min,27.974329471588135,3
9,f103_nyg_low_normal_AMT_APPLICATION_s_app_AMT_ANNUITY_diff_max,39.11630058288574,5
9,f103_nyg_low_normal_AMT_APPLICATION_s_app_AMT_ANNUITY_d_app_AMT_INCOME_TOTAL_std_div_mean,10.026399612426758,1
9,f103_nyg_low_normal_AMT_APPLICATION_s_app_AMT_ANNUITY_pctchange_max,0.0,0
9,f103_nyg_low_normal_AMT_APPLICATION_s_app_AMT_ANNUITY_pctchange_std_div_mean,0.0,0
9,f103_nyg_low_normal_AMT_APPLICATION_s_app_AMT_ANNUITY_diff_max_div_min,0.0,0
9,f103_nyg_low_normal_AMT_APPLICATION_s_app_AMT_ANNUITY_mean,121.14319944381714,11
9,f103_nyg_low_normal_AMT_APPLICATION_s_app_AMT_ANNUITY_max_div_min,0.0,0
9,f103_nyg_low_normal_AMT_APPLICATION_s_app_AMT_ANNUITY_std_div_mean,0.0,0
9,f103_nyg_low_normal_AMT_APPLICATION_s_app_AMT_ANNUITY_pctchange_max_div_min,0.0,0
9,f103_nyg_low_normal_AMT_APPLICATION_s_app_AMT_ANNUITY_pctchange_min,17.041549682617188,2
9,f103_nyg_low_normal_AMT_APPLICATION_s_app_AMT_ANNUITY_min,179.21169233322144,11
9,f103_nyg_low_normal_AMT_APPLICATION_s_app_AMT_ANNUITY_pctchange_mean,17.650480270385742,2
9,f103_nyg_low_normal_AMT_APPLICATION_s_app_AMT_CREDIT_d_app_AMT_INCOME_TOTAL_max_div_min,19.196009635925293,2
9,f103_nyg_low_normal_AMT_APPLICATION_s_app_AMT_ANNUITY_max,94.44696950912476,11
9,f103_nyg_low_normal_AMT_APPLICATION_s_app_AMT_CREDIT_d_app_AMT_INCOME_TOTAL_diff_mean,9.751270294189453,1
9,f103_nyg_low_normal_AMT_APPLICATION_s_app_AMT_CREDIT_d_app_AMT_INCOME_TOTAL_std_div_mean,66.78223991394043,4
9,f103_nyg_low_normal_AMT_APPLICATION_s_app_AMT_CREDIT_d_app_AMT_INCOME_TOTAL_pctchange_std_div_mean,0.0,0
9,f103_nyg_low_normal_AMT_APPLICATION_s_app_AMT_CREDIT_d_app_AMT_INCOME_TOTAL_diff_max,0.0,0
9,f103_nyg_low_normal_AMT_APPLICATION_s_app_AMT_CREDIT_d_app_AMT_INCOME_TOTAL_max,55.484880685806274,8
9,f103_nyg_low_normal_AMT_APPLICATION_s_app_AMT_CREDIT_d_app_AMT_INCOME_TOTAL_diff_max_div_min,0.0,0
9,f103_nyg_low_normal_AMT_APPLICATION_s_app_AMT_CREDIT_d_app_AMT_INCOME_TOTAL_min,89.28241872787476,10
9,f103_nyg_low_normal_AMT_APPLICATION_s_app_AMT_CREDIT_d_app_AMT_INCOME_TOTAL_pctchange_min,51.82438087463379,6
9,f103_nyg_low_normal_AMT_APPLICATION_s_app_AMT_CREDIT_diff_std_div_mean,0.0,0
9,f103_nyg_low_normal_AMT_APPLICATION_s_app_AMT_CREDIT_d_app_AMT_INCOME_TOTAL_mean,73.13708972930908,6
9,f103_nyg_low_normal_AMT_APPLICATION_s_app_AMT_CREDIT_d_app_AMT_INCOME_TOTAL_pctchange_mean,43.47072982788086,6
9,f103_nyg_low_normal_AMT_APPLICATION_s_app_AMT_CREDIT_d_app_AMT_INCOME_TOTAL_diff_min,0.0,0
9,f103_nyg_low_normal_AMT_APPLICATION_s_app_AMT_CREDIT_d_app_AMT_INCOME_TOTAL_pctchange_std,28.731809616088867,3
9,f103_nyg_low_normal_AMT_APPLICATION_s_app_AMT_CREDIT_d_app_AMT_INCOME_TOTAL_pctchange_max_div_min,0.0,0
9,f103_nyg_low_normal_AMT_APPLICATION_s_app_AMT_CREDIT_pctchange_max_div_min,0.0,0
9,f103_nyg_low_normal_AMT_APPLICATION_s_app_AMT_CREDIT_diff_max,0.0,0
9,f103_nyg_low_normal_AMT_APPLICATION_s_app_AMT_CREDIT_diff_min,30.589799880981445,4
9,f103_nyg_low_normal_AMT_APPLICATION_s_app_AMT_CREDIT_d_app_AMT_INCOME_TOTAL_pctchange_max,49.700119972229004,6
9,f103_nyg_low_normal_AMT_APPLICATION_s_app_AMT_CREDIT_max,122.22466945648193,12
9,f103_nyg_low_normal_AMT_APPLICATION_s_app_AMT_CREDIT_mean,85.16622018814087,10
9,f103_nyg_low_normal_AMT_APPLICATION_s_app_AMT_CREDIT_max_div_min,0.0,0
9,f103_nyg_low_normal_AMT_APPLICATION_s_app_AMT_CREDIT_pctchange_max,0.0,0
9,f103_nyg_low_normal_AMT_APPLICATION_s_app_AMT_CREDIT_diff_max_div_min,0.0,0
9,f103_nyg_low_normal_AMT_APPLICATION_s_app_AMT_CREDIT_diff_mean,5.104109764099121,1
9,f103_nyg_low_normal_AMT_APPLICATION_s_app_AMT_CREDIT_pctchange_std_div_mean,0.0,0
9,f103_nyg_low_normal_AMT_APPLICATION_s_app_AMT_GOODS_PRICE_pctchange_max,0.0,0
9,f103_nyg_low_normal_AMT_APPLICATION_s_app_AMT_GOODS_PRICE_diff_std_div_mean,0.0,0
9,f103_nyg_low_normal_AMT_APPLICATION_s_app_AMT_CREDIT_min,103.19644927978516,12
9,f103_nyg_low_normal_AMT_APPLICATION_s_app_AMT_CREDIT_pctchange_std,28.262779712677002,2
9,f103_nyg_low_normal_AMT_APPLICATION_s_app_AMT_CREDIT_pctchange_min,0.0,0
9,f103_nyg_low_normal_AMT_APPLICATION_s_app_AMT_CREDIT_std_div_mean,0.0,0
9,f103_nyg_low_normal_AMT_APPLICATION_s_app_AMT_CREDIT_pctchange_mean,10.381099700927734,1
9,f103_nyg_low_normal_AMT_APPLICATION_s_app_AMT_GOODS_PRICE_diff_max,7.860770225524902,1
9,f103_nyg_low_normal_AMT_APPLICATION_s_app_AMT_GOODS_PRICE_diff_max_div_min,0.0,0
9,f103_nyg_low_normal_AMT_APPLICATION_s_app_AMT_GOODS_PRICE_pctchange_std,12.271599769592285,1
9,f103_nyg_low_normal_AMT_APPLICATION_s_app_AMT_GOODS_PRICE_diff_min,8.281929969787598,1
9,f103_nyg_low_normal_AMT_APPLICATION_s_app_AMT_GOODS_PRICE_std_div_mean,0.0,0
9,f103_nyg_low_normal_AMT_APPLICATION_s_app_AMT_GOODS_PRICE_mean,146.4533610343933,16
9,f103_nyg_low_normal_AMT_APPLICATION_s_app_AMT_GOODS_PRICE_min,230.72842121124268,22
9,f103_nyg_low_normal_AMT_APPLICATION_s_app_AMT_GOODS_PRICE_max_div_min,39.13007974624634,4
9,f103_nyg_low_normal_AMT_APPLICATION_s_app_AMT_GOODS_PRICE_pctchange_std_div_mean,0.0,0
9,f103_nyg_low_normal_AMT_APPLICATION_s_app_AMT_GOODS_PRICE_diff_mean,12.298399925231934,1
9,f103_nyg_low_normal_AMT_APPLICATION_s_app_AMT_INCOME_TOTAL_diff_std_div_mean,0.0,0
9,f103_nyg_low_normal_AMT_APPLICATION_s_app_AMT_GOODS_PRICE_pctchange_max_div_min,10.100899696350098,1
9,f103_nyg_low_normal_AMT_APPLICATION_s_app_AMT_GOODS_PRICE_max,140.3801507949829,13
9,f103_nyg_low_normal_AMT_APPLICATION_s_app_AMT_INCOME_TOTAL_diff_mean,0.0,0
9,f103_nyg_low_normal_AMT_APPLICATION_s_app_AMT_INCOME_TOTAL_diff_max_div_min,0.0,0
9,f103_nyg_low_normal_AMT_APPLICATION_s_app_AMT_INCOME_TOTAL_diff_max,0.0,0
9,f103_nyg_low_normal_AMT_APPLICATION_s_app_AMT_INCOME_TOTAL_pctchange_max_div_min,5.607210159301758,1
9,f103_nyg_low_normal_AMT_APPLICATION_s_app_AMT_GOODS_PRICE_pctchange_min,24.85349988937378,3
9,f103_nyg_low_normal_AMT_APPLICATION_s_app_AMT_INCOME_TOTAL_diff_min,0.0,0
9,f103_nyg_low_normal_AMT_APPLICATION_s_app_AMT_GOODS_PRICE_pctchange_mean,17.57110023498535,2
9,f103_nyg_low_normal_AMT_APPLICATION_s_app_AMT_INCOME_TOTAL_max,60.09847021102905,8
9,f103_nyg_low_normal_AMT_APPLICATION_s_app_AMT_INCOME_TOTAL_pctchange_min,106.11796116828918,14
9,f103_nyg_low_normal_AMT_APPLICATION_s_app_AMT_INCOME_TOTAL_std_div_mean,0.0,0
9,f103_nyg_low_normal_AMT_APPLICATION_s_app_AMT_INCOME_TOTAL_mean,91.70893144607544,12
9,f103_nyg_low_normal_AMT_APPLICATION_s_app_AMT_INCOME_TOTAL_pctchange_std_div_mean,0.0,0
9,f103_nyg_low_normal_AMT_APPLICATION_s_app_AMT_INCOME_TOTAL_pctchange_max,88.0684905052185,10
9,f103_nyg_low_normal_AMT_APPLICATION_std_div_mean,0.0,0
9,f103_nyg_low_normal_AMT_APPLICATION_s_app_AMT_INCOME_TOTAL_max_div_min,0.0,0
9,f103_nyg_low_normal_AMT_APPLICATION_s_app_AMT_INCOME_TOTAL_pctchange_mean,53.70937967300415,7
9,f103_nyg_low_normal_AMT_APPLICATION_s_app_AMT_INCOME_TOTAL_pctchange_std,0.0,0
9,f103_nyg_low_normal_AMT_CREDIT_d_AMT_ANNUITY_diff_min,66.09755039215088,8
9,f103_nyg_low_normal_AMT_CREDIT_d_AMT_ANNUITY_diff_mean,42.01947069168091,5
9,f103_nyg_low_normal_AMT_APPLICATION_s_app_AMT_INCOME_TOTAL_min,51.11958980560303,7
9,f103_nyg_low_normal_AMT_CREDIT_d_AMT_ANNUITY_diff_max_div_min,42.181949615478516,4
9,f103_nyg_low_normal_AMT_CREDIT_d_AMT_ANNUITY_diff_max,245.10706043243408,19
9,f103_nyg_low_normal_AMT_CREDIT_d_AMT_ANNUITY_pctchange_mean,92.42021989822388,9
9,f103_nyg_low_normal_AMT_CREDIT_d_AMT_ANNUITY_diff_std_div_mean,14.035499572753906,1
9,f103_nyg_low_normal_AMT_CREDIT_d_AMT_ANNUITY_pctchange_max,129.74300146102905,11
9,f103_nyg_low_normal_AMT_CREDIT_d_AMT_ANNUITY_pctchange_max_div_min,12.913700103759766,1
9,f103_nyg_low_normal_AMT_CREDIT_d_AMT_ANNUITY_pctchange_std_div_mean,0.0,0
9,f103_nyg_low_normal_AMT_CREDIT_d_AMT_APPLICATION_diff_std_div_mean,0.0,0
9,f103_nyg_low_normal_AMT_CREDIT_d_AMT_APPLICATION_pctchange_std_div_mean,0.0,0
9,f103_nyg_low_normal_AMT_CREDIT_d_AMT_ANNUITY_pctchange_min,99.86239099502563,11
9,f103_nyg_low_normal_AMT_CREDIT_d_AMT_APPLICATION_diff_std,24.328519344329834,2
9,f103_nyg_low_normal_AMT_CREDIT_d_AMT_APPLICATION_diff_max_div_min,0.0,0
9,f103_nyg_low_normal_AMT_CREDIT_d_AMT_ANNUITY_max_div_min,13.35319995880127,2
9,f103_nyg_low_normal_AMT_CREDIT_d_AMT_ANNUITY_std_div_mean,0.0,0
9,f103_nyg_low_normal_AMT_CREDIT_d_AMT_APPLICATION_diff_min,124.28123903274536,15
9,f103_nyg_low_normal_AMT_CREDIT_d_AMT_ANNUITY_std,0.0,0
9,f103_nyg_low_normal_AMT_CREDIT_d_AMT_APPLICATION_diff_max,165.36494064331055,15
9,f103_nyg_low_normal_AMT_CREDIT_d_AMT_APPLICATION_max_div_min,19.737589836120605,2
9,f103_nyg_low_normal_AMT_CREDIT_d_AMT_APPLICATION_diff_mean,117.85851001739502,14
9,f103_nyg_low_normal_AMT_CREDIT_d_AMT_APPLICATION_pctchange_min,27.44118070602417,4
9,f103_nyg_low_normal_AMT_CREDIT_d_app_AMT_ANNUITY_diff_std_div_mean,37.34589099884033,3
9,f103_nyg_low_normal_AMT_CREDIT_d_AMT_APPLICATION_pctchange_max_div_min,0.0,0
9,f103_nyg_low_normal_AMT_CREDIT_d_AMT_APPLICATION_pctchange_max,24.34140968322754,3
9,f103_nyg_low_normal_AMT_CREDIT_d_app_AMT_ANNUITY_std_div_mean,19.63358974456787,2
9,f103_nyg_low_normal_AMT_CREDIT_d_AMT_APPLICATION_pctchange_std,6.47845983505249,1
9,f103_nyg_low_normal_AMT_CREDIT_d_AMT_APPLICATION_pctchange_mean,64.02477979660034,7
9,f103_nyg_low_normal_AMT_CREDIT_d_app_AMT_ANNUITY_max_div_min,8.761300086975098,1
9,f103_nyg_low_normal_AMT_CREDIT_d_app_AMT_ANNUITY_pctchange_std_div_mean,0.0,0
9,f103_nyg_low_normal_AMT_CREDIT_d_app_AMT_ANNUITY_diff_max_div_min,12.675000190734863,1
9,f103_nyg_low_normal_AMT_CREDIT_d_app_AMT_ANNUITY_pctchange_max_div_min,24.449199676513672,2
9,f103_nyg_low_normal_AMT_CREDIT_d_app_AMT_ANNUITY_diff_max,9.177140235900879,1
9,f103_nyg_low_normal_AMT_CREDIT_d_app_AMT_ANNUITY_std,24.26349925994873,2
9,f103_nyg_low_normal_AMT_CREDIT_d_app_AMT_ANNUITY_diff_mean,60.766849994659424,8
9,f103_nyg_low_normal_AMT_CREDIT_d_app_AMT_ANNUITY_pctchange_min,78.21257019042969,10
9,f103_nyg_low_normal_AMT_CREDIT_d_app_AMT_ANNUITY_diff_min,35.36418962478638,4
9,f103_nyg_low_normal_AMT_CREDIT_d_app_AMT_ANNUITY_max,74.78161907196045,7
9,f103_nyg_low_normal_AMT_CREDIT_d_app_AMT_CREDIT_diff_std_div_mean,0.0,0
9,f103_nyg_low_normal_AMT_CREDIT_d_app_AMT_ANNUITY_mean,47.22216033935547,5
9,f103_nyg_low_normal_AMT_CREDIT_d_app_AMT_CREDIT_diff_std,0.0,0
9,f103_nyg_low_normal_AMT_CREDIT_d_app_AMT_CREDIT_diff_max_div_min,0.0,0
9,f103_nyg_low_normal_AMT_CREDIT_d_app_AMT_ANNUITY_pctchange_max,32.66731023788452,5
9,f103_nyg_low_normal_AMT_CREDIT_d_app_AMT_ANNUITY_min,89.2849988937378,9
9,f103_nyg_low_normal_AMT_CREDIT_d_app_AMT_ANNUITY_pctchange_mean,7.977519989013672,1
9,f103_nyg_low_normal_AMT_CREDIT_d_app_AMT_CREDIT_max,12.682539939880371,2
9,f103_nyg_low_normal_AMT_CREDIT_d_app_AMT_CREDIT_std,8.2006196975708,1
9,f103_nyg_low_normal_AMT_CREDIT_d_app_AMT_CREDIT_diff_min,33.745360374450684,5
9,f103_nyg_low_normal_AMT_CREDIT_d_app_AMT_CREDIT_max_div_min,0.0,0
9,f103_nyg_low_normal_AMT_CREDIT_d_app_AMT_CREDIT_diff_max,27.179019451141357,3
9,f103_nyg_low_normal_AMT_CREDIT_d_app_AMT_CREDIT_mean,42.179640769958496,4
9,f103_nyg_low_normal_AMT_CREDIT_d_app_AMT_CREDIT_diff_mean,31.957359790802002,5
9,f103_nyg_low_normal_AMT_CREDIT_d_app_AMT_GOODS_PRICE_diff_std_div_mean,12.651300430297852,1
9,f103_nyg_low_normal_AMT_CREDIT_d_app_AMT_GOODS_PRICE_diff_max_div_min,0.0,0
9,f103_nyg_low_normal_AMT_CREDIT_d_app_AMT_CREDIT_min,44.2815203666687,5
9,f103_nyg_low_normal_AMT_CREDIT_d_app_AMT_CREDIT_std_div_mean,0.0,0
9,f103_nyg_low_normal_AMT_CREDIT_d_app_AMT_CREDIT_pctchange_max_div_min,10.475000381469727,1
9,f103_nyg_low_normal_AMT_CREDIT_d_app_AMT_CREDIT_pctchange_max,15.877170085906982,2
9,f103_nyg_low_normal_AMT_CREDIT_d_app_AMT_CREDIT_pctchange_mean,35.898919105529785,3
9,f103_nyg_low_normal_AMT_CREDIT_d_app_AMT_CREDIT_pctchange_min,25.605589389801025,3
9,f103_nyg_low_normal_AMT_CREDIT_d_app_AMT_GOODS_PRICE_diff_max,46.54643964767456,5
9,f103_nyg_low_normal_AMT_CREDIT_d_app_AMT_GOODS_PRICE_mean,99.376540184021,11
9,f103_nyg_low_normal_AMT_CREDIT_d_app_AMT_GOODS_PRICE_min,184.00289154052734,17
9,f103_nyg_low_normal_AMT_CREDIT_d_app_AMT_GOODS_PRICE_pctchange_max_div_min,0.0,0
9,f103_nyg_low_normal_AMT_CREDIT_d_app_AMT_GOODS_PRICE_pctchange_std_div_mean,0.0,0
9,f103_nyg_low_normal_AMT_CREDIT_d_app_AMT_GOODS_PRICE_diff_std,0.0,0
9,f103_nyg_low_normal_AMT_CREDIT_d_app_AMT_GOODS_PRICE_max_div_min,0.0,0
9,f103_nyg_low_normal_AMT_CREDIT_d_app_AMT_GOODS_PRICE_diff_mean,0.0,0
9,f103_nyg_low_normal_AMT_CREDIT_d_app_AMT_GOODS_PRICE_diff_min,7.9612298011779785,1
9,f103_nyg_low_normal_AMT_CREDIT_d_app_AMT_GOODS_PRICE_std_div_mean,0.0,0
9,f103_nyg_low_normal_AMT_CREDIT_d_app_AMT_GOODS_PRICE_max,105.66671133041382,8
9,f103_nyg_low_normal_AMT_CREDIT_d_app_AMT_GOODS_PRICE_pctchange_min,23.763609886169434,4
9,f103_nyg_low_normal_AMT_CREDIT_d_app_AMT_GOODS_PRICE_pctchange_max,25.421269416809082,3
9,f103_nyg_low_normal_AMT_CREDIT_d_app_AMT_GOODS_PRICE_std,12.02299976348877,1
9,f103_nyg_low_normal_AMT_CREDIT_d_app_AMT_INCOME_TOTAL_diff_mean,36.38369941711426,5
10,f103_nyg_low_normal_AMT_CREDIT_d_app_AMT_INCOME_TOTAL_diff_std_div_mean,127.67128086090088,13
10,f103_nyg_low_normal_AMT_CREDIT_d_app_AMT_INCOME_TOTAL_pctchange_max_div_min,4.557240009307861,1
10,f103_nyg_low_normal_AMT_CREDIT_d_app_AMT_INCOME_TOTAL_diff_min,181.36888182163239,21
10,f103_nyg_low_normal_AMT_CREDIT_d_total_debt_diff_std,21.842000007629395,2
10,f103_nyg_low_normal_AMT_CREDIT_d_app_AMT_GOODS_PRICE_pctchange_mean,264.1628816127777,28
10,f103_nyg_low_normal_AMT_CREDIT_d_total_debt_diff_std_div_mean,42.413790702819824,4
10,f103_nyg_low_normal_AMT_CREDIT_d_app_AMT_INCOME_TOTAL_diff_max,209.48073959350586,26
10,f103_nyg_low_normal_AMT_CREDIT_d_app_AMT_INCOME_TOTAL_diff_max_div_min,17.248210430145264,2
10,f103_nyg_low_normal_AMT_CREDIT_d_app_AMT_INCOME_TOTAL_mean,407.8990070819855,41
10,f103_nyg_low_normal_AMT_CREDIT_d_app_AMT_INCOME_TOTAL_max_div_min,0.0,0
10,f103_nyg_low_normal_AMT_CREDIT_d_app_AMT_INCOME_TOTAL_pctchange_max,164.59109807014465,21
10,f103_nyg_low_normal_AMT_CREDIT_d_app_AMT_INCOME_TOTAL_pctchange_mean,164.3529086112976,18
10,f103_nyg_low_normal_AMT_CREDIT_d_total_debt_diff_max,1516.0562032461166,135
10,f103_nyg_low_normal_AMT_CREDIT_d_total_debt_pctchange_std,29.816429376602173,4
10,f103_nyg_low_normal_AMT_CREDIT_d_app_AMT_INCOME_TOTAL_pctchange_std_div_mean,69.13962078094482,5
10,f103_nyg_low_normal_AMT_CREDIT_d_app_AMT_INCOME_TOTAL_max,367.444260597229,40
10,f103_nyg_low_normal_AMT_CREDIT_d_total_debt_diff_min,1283.7541453838348,122
10,f103_nyg_low_normal_AMT_CREDIT_d_total_debt_diff_mean,800.7904810905457,82
10,f103_nyg_low_normal_AMT_CREDIT_d_total_debt_diff_max_div_min,56.12927961349487,7
10,f103_nyg_low_normal_AMT_CREDIT_d_app_AMT_INCOME_TOTAL_std_div_mean,91.88552951812744,9
10,f103_nyg_low_normal_AMT_CREDIT_d_total_debt_max_div_min,152.26921093463898,17
10,f103_nyg_low_normal_AMT_CREDIT_d_app_AMT_INCOME_TOTAL_pctchange_min,289.83227920532227,34
10,f103_nyg_low_normal_AMT_CREDIT_d_total_debt_pctchange_std_div_mean,90.27929973602295,10
10,f103_nyg_low_normal_AMT_CREDIT_d_app_AMT_INCOME_TOTAL_min,426.08080077171326,49
10,f103_nyg_low_normal_AMT_CREDIT_m_app_AMT_GOODS_PRICE_d_app_AMT_INCOME_TOTAL_diff_std_div_mean,64.23729991912842,6
10,f103_nyg_low_normal_AMT_CREDIT_m_app_AMT_GOODS_PRICE_d_app_AMT_INCOME_TOTAL_pctchange_std_div_mean,60.74357032775879,7
10,f103_nyg_low_normal_AMT_CREDIT_m_app_AMT_GOODS_PRICE_d_app_AMT_INCOME_TOTAL_max_div_min,45.13210964202881,5
10,f103_nyg_low_normal_AMT_CREDIT_m_app_AMT_GOODS_PRICE_d_app_AMT_INCOME_TOTAL_diff_max_div_min,7.712430000305176,1
10,f103_nyg_low_normal_AMT_CREDIT_d_total_debt_pctchange_max_div_min,55.434839725494385,7
10,f103_nyg_low_normal_AMT_CREDIT_m_app_AMT_GOODS_PRICE_d_app_AMT_INCOME_TOTAL_diff_mean,206.1918387413025,21
10,f103_nyg_low_normal_AMT_CREDIT_m_app_AMT_GOODS_PRICE_d_app_AMT_INCOME_TOTAL_pctchange_std,84.25067901611328,10
10,f103_nyg_low_normal_AMT_CREDIT_m_app_AMT_GOODS_PRICE_d_app_AMT_INCOME_TOTAL_max,368.99858808517456,37
10,f103_nyg_low_normal_AMT_CREDIT_m_app_AMT_GOODS_PRICE_d_app_AMT_INCOME_TOTAL_diff_min,112.03844094276428,12
10,f103_nyg_low_normal_AMT_CREDIT_m_app_AMT_GOODS_PRICE_d_app_AMT_INCOME_TOTAL_pctchange_max,324.4423495233059,41
10,f103_nyg_low_normal_AMT_CREDIT_m_app_AMT_GOODS_PRICE_d_app_AMT_INCOME_TOTAL_diff_max,72.71567611396313,9
10,f103_nyg_low_normal_AMT_CREDIT_m_app_AMT_GOODS_PRICE_d_app_AMT_INCOME_TOTAL_pctchange_max_div_min,37.24829053878784,5
10,f103_nyg_low_normal_AMT_CREDIT_s_app_AMT_ANNUITY_d_app_AMT_INCOME_TOTAL_diff_max_div_min,0.0,0
10,f103_nyg_low_normal_AMT_CREDIT_s_app_AMT_ANNUITY_d_app_AMT_INCOME_TOTAL_diff_std_div_mean,12.425009727478027,2
10,f103_nyg_low_normal_AMT_CREDIT_m_app_AMT_GOODS_PRICE_d_app_AMT_INCOME_TOTAL_min,385.8658024072647,45
10,f103_nyg_low_normal_AMT_CREDIT_m_app_AMT_GOODS_PRICE_d_app_AMT_INCOME_TOTAL_std_div_mean,77.75162959098816,9
10,f103_nyg_low_normal_AMT_CREDIT_m_app_AMT_GOODS_PRICE_d_app_AMT_INCOME_TOTAL_pctchange_min,439.4948465228081,50
10,f103_nyg_low_normal_AMT_CREDIT_m_app_AMT_GOODS_PRICE_d_app_AMT_INCOME_TOTAL_pctchange_mean,390.56890988349915,48
10,f103_nyg_low_normal_AMT_CREDIT_s_app_AMT_ANNUITY_d_app_AMT_INCOME_TOTAL_pctchange_std_div_mean,16.74219012260437,3
10,f103_nyg_low_normal_AMT_CREDIT_min,332.8646996021271,40
10,f103_nyg_low_normal_AMT_CREDIT_max_div_min,0.0,0
10,f103_nyg_low_normal_AMT_CREDIT_s_app_AMT_ANNUITY_d_app_AMT_INCOME_TOTAL_max_div_min,11.247200012207031,1
10,f103_nyg_low_normal_AMT_CREDIT_m_app_AMT_GOODS_PRICE_d_app_AMT_INCOME_TOTAL_mean,388.8063597679138,43
10,f103_nyg_low_normal_AMT_CREDIT_max,284.55895161628723,31
10,f103_nyg_low_normal_AMT_CREDIT_s_app_AMT_ANNUITY_d_app_AMT_INCOME_TOTAL_diff_mean,106.41278028488159,10
10,f103_nyg_low_normal_AMT_CREDIT_s_app_AMT_ANNUITY_d_app_AMT_INCOME_TOTAL_pctchange_max_div_min,25.858710289001465,3
10,f103_nyg_low_normal_AMT_CREDIT_s_app_AMT_ANNUITY_diff_std_div_mean,11.552800178527832,1
10,f103_nyg_low_normal_AMT_CREDIT_s_app_AMT_ANNUITY_d_app_AMT_INCOME_TOTAL_diff_min,44.9740195274353,4
10,f103_nyg_low_normal_AMT_CREDIT_mean,249.15777921676636,26
10,f103_nyg_low_normal_AMT_CREDIT_s_app_AMT_ANNUITY_d_app_AMT_INCOME_TOTAL_min,342.1066609621048,37
10,f103_nyg_low_normal_AMT_CREDIT_s_app_AMT_ANNUITY_d_app_AMT_INCOME_TOTAL_diff_max,20.723400592803955,3
10,f103_nyg_low_normal_AMT_CREDIT_s_app_AMT_ANNUITY_d_app_AMT_INCOME_TOTAL_max,198.50060403347015,22
10,f103_nyg_low_normal_AMT_CREDIT_s_app_AMT_ANNUITY_diff_min,195.0447926223278,23
10,f103_nyg_low_normal_AMT_CREDIT_s_app_AMT_ANNUITY_d_app_AMT_INCOME_TOTAL_std_div_mean,113.25202131271362,10
10,f103_nyg_low_normal_AMT_CREDIT_s_app_AMT_ANNUITY_d_app_AMT_INCOME_TOTAL_mean,177.7122311592102,21
10,f103_nyg_low_normal_AMT_CREDIT_s_app_AMT_ANNUITY_diff_max,255.91467928886414,30
10,f103_nyg_low_normal_AMT_CREDIT_s_app_AMT_ANNUITY_diff_max_div_min,0.0,0
10,f103_nyg_low_normal_AMT_CREDIT_s_app_AMT_ANNUITY_pctchange_max_div_min,0.0,0
10,f103_nyg_low_normal_AMT_CREDIT_s_app_AMT_ANNUITY_max_div_min,0.0,0
10,f103_nyg_low_normal_AMT_CREDIT_s_app_AMT_ANNUITY_diff_mean,234.86053133010864,25
10,f103_nyg_low_normal_AMT_CREDIT_s_app_AMT_ANNUITY_pctchange_std_div_mean,0.0,0
10,f103_nyg_low_normal_AMT_CREDIT_s_app_AMT_CREDIT_d_app_AMT_INCOME_TOTAL_diff_std_div_mean,0.0,0
10,f103_nyg_low_normal_AMT_CREDIT_s_app_AMT_ANNUITY_std_div_mean,47.448880672454834,5
10,f103_nyg_low_normal_AMT_CREDIT_s_app_AMT_CREDIT_d_app_AMT_INCOME_TOTAL_diff_max_div_min,0.0,0
10,f103_nyg_low_normal_AMT_CREDIT_s_app_AMT_ANNUITY_mean,364.7950019836426,31
10,f103_nyg_low_normal_AMT_CREDIT_s_app_AMT_CREDIT_d_app_AMT_INCOME_TOTAL_pctchange_std_div_mean,23.263559818267822,3
10,f103_nyg_low_normal_AMT_CREDIT_s_app_AMT_ANNUITY_min,418.890141248703,38
10,f103_nyg_low_normal_AMT_CREDIT_s_app_AMT_ANNUITY_max,240.22010231018066,21
10,f103_nyg_low_normal_AMT_CREDIT_s_app_AMT_CREDIT_d_app_AMT_INCOME_TOTAL_pctchange_max_div_min,15.683889627456665,2
10,f103_nyg_low_normal_AMT_CREDIT_s_app_AMT_CREDIT_d_app_AMT_INCOME_TOTAL_pctchange_std,110.58344030380249,15
10,f103_nyg_low_normal_AMT_CREDIT_s_app_AMT_CREDIT_d_app_AMT_INCOME_TOTAL_diff_max,0.0,0
10,f103_nyg_low_normal_AMT_CREDIT_s_app_AMT_CREDIT_d_app_AMT_INCOME_TOTAL_diff_min,0.0,0
10,f103_nyg_low_normal_AMT_CREDIT_s_app_AMT_CREDIT_d_app_AMT_INCOME_TOTAL_min,352.8266136646271,38
10,f103_nyg_low_normal_AMT_CREDIT_s_app_AMT_CREDIT_diff_max,106.54258012771606,14
10,f103_nyg_low_normal_AMT_CREDIT_s_app_AMT_CREDIT_d_app_AMT_INCOME_TOTAL_diff_mean,0.0,0
10,f103_nyg_low_normal_AMT_CREDIT_s_app_AMT_CREDIT_d_app_AMT_INCOME_TOTAL_max_div_min,32.64859962463379,2
10,f103_nyg_low_normal_AMT_CREDIT_s_app_AMT_CREDIT_d_app_AMT_INCOME_TOTAL_mean,239.88221144676208,26
10,f103_nyg_low_normal_AMT_CREDIT_s_app_AMT_CREDIT_diff_max_div_min,0.0,0
10,f103_nyg_low_normal_AMT_CREDIT_s_app_AMT_CREDIT_d_app_AMT_INCOME_TOTAL_max,300.1526780128479,36
10,f103_nyg_low_normal_AMT_CREDIT_s_app_AMT_CREDIT_d_app_AMT_INCOME_TOTAL_pctchange_mean,214.42812132835388,26
10,f103_nyg_low_normal_AMT_CREDIT_s_app_AMT_CREDIT_diff_std_div_mean,0.0,0
10,f103_nyg_low_normal_AMT_CREDIT_s_app_AMT_CREDIT_d_app_AMT_INCOME_TOTAL_std_div_mean,96.32953929901123,10
10,f103_nyg_low_normal_AMT_CREDIT_s_app_AMT_CREDIT_d_app_AMT_INCOME_TOTAL_pctchange_min,286.3328289985657,34
10,f103_nyg_low_normal_AMT_CREDIT_s_app_AMT_CREDIT_std_div_mean,29.968310832977295,3
10,f103_nyg_low_normal_AMT_CREDIT_s_app_AMT_CREDIT_pctchange_max_div_min,6.524419784545898,1
10,f103_nyg_low_normal_AMT_CREDIT_s_app_AMT_CREDIT_min,335.2816586494446,36
10,f103_nyg_low_normal_AMT_CREDIT_s_app_AMT_CREDIT_d_app_AMT_INCOME_TOTAL_pctchange_max,324.2359392642975,36
10,f103_nyg_low_normal_AMT_CREDIT_s_app_AMT_CREDIT_pctchange_std,73.56653070449829,8
10,f103_nyg_low_normal_AMT_CREDIT_s_app_AMT_CREDIT_mean,262.4084894657135,30
10,f103_nyg_low_normal_AMT_CREDIT_s_app_AMT_CREDIT_pctchange_max,92.23502969741821,10
10,f103_nyg_low_normal_AMT_CREDIT_s_app_AMT_GOODS_PRICE_diff_min,81.48380041122437,9
10,f103_nyg_low_normal_AMT_CREDIT_s_app_AMT_CREDIT_diff_mean,104.51466941833496,9
10,f103_nyg_low_normal_AMT_CREDIT_s_app_AMT_CREDIT_pctchange_std_div_mean,7.170050144195557,1
10,f103_nyg_low_normal_AMT_CREDIT_s_app_AMT_CREDIT_diff_min,41.39272117614746,4
10,f103_nyg_low_normal_AMT_CREDIT_s_app_AMT_GOODS_PRICE_diff_max_div_min,0.0,0
10,f103_nyg_low_normal_AMT_CREDIT_s_app_AMT_CREDIT_max_div_min,12.281499862670898,1
10,f103_nyg_low_normal_AMT_CREDIT_s_app_AMT_GOODS_PRICE_diff_mean,43.42871952056885,6
10,f103_nyg_low_normal_AMT_CREDIT_s_app_AMT_CREDIT_pctchange_min,55.73396921157837,8
10,f103_nyg_low_normal_AMT_CREDIT_s_app_AMT_GOODS_PRICE_diff_std_div_mean,17.526399612426758,1
10,f103_nyg_low_normal_AMT_CREDIT_s_app_AMT_CREDIT_max,363.3259103298187,43
10,f103_nyg_low_normal_AMT_CREDIT_s_app_AMT_CREDIT_pctchange_mean,73.86836051940918,7
10,f103_nyg_low_normal_AMT_CREDIT_s_app_AMT_GOODS_PRICE_pctchange_max_div_min,10.119799852371216,2
10,f103_nyg_low_normal_AMT_CREDIT_s_app_AMT_GOODS_PRICE_diff_max,69.40740060806274,7
10,f103_nyg_low_normal_AMT_CREDIT_s_app_AMT_GOODS_PRICE_min,733.8648490905762,77
10,f103_nyg_low_normal_AMT_CREDIT_s_app_AMT_GOODS_PRICE_std_div_mean,0.0,0
10,f103_nyg_low_normal_AMT_CREDIT_s_app_AMT_GOODS_PRICE_pctchange_max,140.58200025558472,18
10,f103_nyg_low_normal_AMT_CREDIT_s_app_AMT_GOODS_PRICE_mean,423.19639514386654,47
10,f103_nyg_low_normal_AMT_CREDIT_s_app_AMT_GOODS_PRICE_pctchange_std_div_mean,21.968469619750977,2
10,f103_nyg_low_normal_AMT_CREDIT_s_app_AMT_GOODS_PRICE_pctchange_mean,110.34061074256897,15
10,f103_nyg_low_normal_AMT_CREDIT_s_app_AMT_GOODS_PRICE_pctchange_min,121.4186692237854,17
10,f103_nyg_low_normal_AMT_CREDIT_s_app_AMT_GOODS_PRICE_max,631.1573004722595,68
10,f103_nyg_low_normal_AMT_CREDIT_s_app_AMT_GOODS_PRICE_max_div_min,5.097430229187012,1
10,f103_nyg_low_normal_AMT_CREDIT_s_app_AMT_GOODS_PRICE_pctchange_std,29.63815975189209,4
10,f103_nyg_low_normal_AMT_CREDIT_s_app_AMT_INCOME_TOTAL_diff_max,7.6969499588012695,1
10,f103_nyg_low_normal_AMT_CREDIT_s_app_AMT_INCOME_TOTAL_diff_std_div_mean,0.0,0
10,f103_nyg_low_normal_AMT_CREDIT_s_app_AMT_INCOME_TOTAL_diff_max_div_min,0.0,0
10,f103_nyg_low_normal_AMT_CREDIT_s_app_AMT_INCOME_TOTAL_pctchange_std_div_mean,17.738380432128906,2
10,f103_nyg_low_normal_AMT_CREDIT_s_app_AMT_INCOME_TOTAL_diff_min,5.320799827575684,1
10,f103_nyg_low_normal_AMT_DOWN_PAYMENT_d_AMT_GOODS_PRICE_diff_max_div_min,44.51008939743042,5
10,f103_nyg_low_normal_AMT_CREDIT_s_app_AMT_INCOME_TOTAL_diff_mean,0.0,0
10,f103_nyg_low_normal_AMT_DOWN_PAYMENT_d_AMT_GOODS_PRICE_diff_std_div_mean,0.0,0
10,f103_nyg_low_normal_AMT_CREDIT_s_app_AMT_INCOME_TOTAL_pctchange_max_div_min,8.242790222167969,1
10,f103_nyg_low_normal_AMT_CREDIT_std_div_mean,94.71520853042603,11
10,f103_nyg_low_normal_AMT_CREDIT_s_app_AMT_INCOME_TOTAL_min,480.4340498447418,44
10,f103_nyg_low_normal_AMT_CREDIT_s_app_AMT_INCOME_TOTAL_max_div_min,112.31344079971313,12
10,f103_nyg_low_normal_AMT_CREDIT_s_app_AMT_INCOME_TOTAL_mean,240.02007913589478,28
10,f103_nyg_low_normal_AMT_CREDIT_s_app_AMT_INCOME_TOTAL_pctchange_mean,387.17550253868103,46
10,f103_nyg_low_normal_AMT_CREDIT_s_app_AMT_INCOME_TOTAL_pctchange_std,45.777299880981445,7
10,f103_nyg_low_normal_AMT_CREDIT_s_app_AMT_INCOME_TOTAL_max,412.70521342754364,40
10,f103_nyg_low_normal_AMT_DOWN_PAYMENT_d_AMT_GOODS_PRICE_diff_min,288.715371131897,34
10,f103_nyg_low_normal_AMT_CREDIT_s_app_AMT_INCOME_TOTAL_std_div_mean,68.45296907424927,7
10,f103_nyg_low_normal_AMT_DOWN_PAYMENT_d_AMT_GOODS_PRICE_diff_max,102.95375001430511,14
10,f103_nyg_low_normal_AMT_DOWN_PAYMENT_d_AMT_GOODS_PRICE_std,12.030200004577637,1
10,f103_nyg_low_normal_AMT_CREDIT_s_app_AMT_INCOME_TOTAL_pctchange_max,474.2563998699188,59
10,f103_nyg_low_normal_AMT_DOWN_PAYMENT_d_AMT_GOODS_PRICE_std_div_mean,0.0,0
10,f103_nyg_low_normal_AMT_DOWN_PAYMENT_d_AMT_GOODS_PRICE_pctchange_mean,6.42510986328125,1
10,f103_nyg_low_normal_AMT_CREDIT_s_app_AMT_INCOME_TOTAL_pctchange_min,558.9747286736965,69
10,f103_nyg_low_normal_AMT_DOWN_PAYMENT_d_AMT_GOODS_PRICE_pctchange_max,13.650129795074463,2
10,f103_nyg_low_normal_AMT_DOWN_PAYMENT_d_AMT_GOODS_PRICE_diff_mean,150.69394779205322,13
10,f103_nyg_low_normal_AMT_DOWN_PAYMENT_std_div_mean,0.0,0
10,f103_nyg_low_normal_AMT_DOWN_PAYMENT_std,7.241079807281494,1
10,f103_nyg_low_normal_AMT_DOWN_PAYMENT_d_AMT_GOODS_PRICE_mean,24.75998020172119,3
10,f103_nyg_low_normal_AMT_DOWN_PAYMENT_d_AMT_GOODS_PRICE_pctchange_max_div_min,0.0,0
10,f103_nyg_low_normal_AMT_DOWN_PAYMENT_d_AMT_GOODS_PRICE_max_div_min,0.0,0
10,f103_nyg_low_normal_AMT_DOWN_PAYMENT_d_AMT_GOODS_PRICE_min,31.577899932861328,4
10,f103_nyg_low_normal_AMT_DOWN_PAYMENT_d_AMT_GOODS_PRICE_max,15.336190223693848,2
10,f103_nyg_low_normal_AMT_DOWN_PAYMENT_d_AMT_GOODS_PRICE_pctchange_min,64.82852029800415,7
10,f103_nyg_low_normal_AMT_DOWN_PAYMENT_min,51.924179553985596,7
10,f103_nyg_low_normal_AMT_DOWN_PAYMENT_max_div_min,9.764450073242188,1
10,f103_nyg_low_normal_AMT_DOWN_PAYMENT_max,93.49501943588257,12
10,f103_nyg_low_normal_AMT_GOODS_PRICE_d_AMT_ANNUITY_diff_max,492.92548459768295,60
10,f103_nyg_low_normal_AMT_GOODS_PRICE_d_AMT_ANNUITY_diff_max_div_min,41.30387878417969,4
10,f103_nyg_low_normal_AMT_GOODS_PRICE_d_AMT_ANNUITY_pctchange_std_div_mean,30.161279797554016,6
10,f103_nyg_low_normal_AMT_GOODS_PRICE_d_AMT_ANNUITY_max_div_min,62.9868106842041,6
10,f103_nyg_low_normal_AMT_GOODS_PRICE_d_AMT_ANNUITY_pctchange_max,427.06149101257324,49
10,f103_nyg_low_normal_AMT_GOODS_PRICE_d_AMT_ANNUITY_pctchange_max_div_min,27.504549980163574,3
10,f103_nyg_low_normal_AMT_DOWN_PAYMENT_mean,43.965760231018066,5
10,f103_nyg_low_normal_AMT_GOODS_PRICE_d_AMT_ANNUITY_diff_std_div_mean,46.84328055381775,6
10,f103_nyg_low_normal_AMT_GOODS_PRICE_d_AMT_ANNUITY_diff_mean,605.1132814884186,61
10,f103_nyg_low_normal_AMT_GOODS_PRICE_d_AMT_ANNUITY_diff_min,463.69112038612366,57
10,f103_nyg_low_normal_AMT_GOODS_PRICE_d_AMT_ANNUITY_std_div_mean,60.41867971420288,6
10,f103_nyg_low_normal_AMT_GOODS_PRICE_d_AMT_CREDIT_diff_max_div_min,18.045179843902588,3
10,f103_nyg_low_normal_AMT_GOODS_PRICE_d_AMT_ANNUITY_pctchange_min,486.9773533344269,58
10,f103_nyg_low_normal_AMT_GOODS_PRICE_d_AMT_CREDIT_diff_std_div_mean,35.284430503845215,5
10,f103_nyg_low_normal_AMT_GOODS_PRICE_d_AMT_CREDIT_max_div_min,48.08005094528198,6
10,f103_nyg_low_normal_AMT_GOODS_PRICE_d_AMT_CREDIT_diff_min,445.7663481235504,50
10,f103_nyg_low_normal_AMT_GOODS_PRICE_d_AMT_ANNUITY_pctchange_mean,508.4438500404358,57
10,f103_nyg_low_normal_AMT_GOODS_PRICE_d_AMT_CREDIT_pctchange_max,501.1796908378601,58
10,f103_nyg_low_normal_AMT_GOODS_PRICE_d_AMT_CREDIT_diff_max,375.61954841017723,44
10,f103_nyg_low_normal_AMT_GOODS_PRICE_d_AMT_CREDIT_pctchange_std,97.74069681763649,12
10,f103_nyg_low_normal_AMT_GOODS_PRICE_d_AMT_CREDIT_pctchange_max_div_min,13.379729747772217,2
10,f103_nyg_low_normal_AMT_GOODS_PRICE_d_app_AMT_ANNUITY_diff_max_div_min,49.35739994049072,4
10,f103_nyg_low_normal_AMT_GOODS_PRICE_d_AMT_CREDIT_diff_mean,292.3487992286682,34
10,f103_nyg_low_normal_AMT_GOODS_PRICE_d_AMT_CREDIT_pctchange_min,539.1492776870728,71
10,f103_nyg_low_normal_AMT_GOODS_PRICE_d_AMT_CREDIT_pctchange_mean,356.4467806816101,38
10,f103_nyg_low_normal_AMT_GOODS_PRICE_d_AMT_CREDIT_std,117.3828010559082,12
10,f103_nyg_low_normal_AMT_GOODS_PRICE_d_AMT_CREDIT_std_div_mean,106.75124835968018,11
10,f103_nyg_low_normal_AMT_GOODS_PRICE_d_AMT_CREDIT_pctchange_std_div_mean,48.4314398765564,6
10,f103_nyg_low_normal_AMT_GOODS_PRICE_d_app_AMT_ANNUITY_pctchange_std_div_mean,13.910719871520996,2
10,f103_nyg_low_normal_AMT_GOODS_PRICE_d_app_AMT_ANNUITY_diff_mean,307.1669726371765,35
10,f103_nyg_low_normal_AMT_GOODS_PRICE_d_app_AMT_ANNUITY_diff_min,201.8788182735443,25
10,f103_nyg_low_normal_AMT_GOODS_PRICE_d_app_AMT_ANNUITY_pctchange_max_div_min,5.02308988571167,1
10,f103_nyg_low_normal_AMT_GOODS_PRICE_d_app_AMT_ANNUITY_diff_max,207.42608976364136,21
10,f103_nyg_low_normal_AMT_GOODS_PRICE_d_app_AMT_ANNUITY_min,1481.7985622882843,120
10,f103_nyg_low_normal_AMT_GOODS_PRICE_d_app_AMT_ANNUITY_pctchange_mean,127.76591968536377,17
10,f103_nyg_low_normal_AMT_GOODS_PRICE_d_app_AMT_ANNUITY_pctchange_max,103.14891147613525,14
10,f103_nyg_low_normal_AMT_GOODS_PRICE_d_app_AMT_CREDIT_diff_std_div_mean,53.01079082489014,6
10,f103_nyg_low_normal_AMT_GOODS_PRICE_d_app_AMT_ANNUITY_std,81.24493026733398,9
10,f103_nyg_low_normal_AMT_GOODS_PRICE_d_app_AMT_ANNUITY_pctchange_min,145.44209909439087,16
10,f103_nyg_low_normal_AMT_GOODS_PRICE_d_app_AMT_CREDIT_diff_std,5.437699794769287,1
10,f103_nyg_low_normal_AMT_GOODS_PRICE_d_app_AMT_CREDIT_diff_mean,127.11426067352295,14
10,f103_nyg_low_normal_AMT_GOODS_PRICE_d_app_AMT_ANNUITY_max_div_min,28.985380172729492,3
10,f103_nyg_low_normal_AMT_GOODS_PRICE_d_app_AMT_CREDIT_pctchange_std_div_mean,12.91651964187622,2
10,f103_nyg_low_normal_AMT_GOODS_PRICE_d_app_AMT_ANNUITY_mean,677.2184474468231,71
10,f103_nyg_low_normal_AMT_GOODS_PRICE_d_app_AMT_ANNUITY_max,653.953740477562,73
10,f103_nyg_low_normal_AMT_GOODS_PRICE_d_app_AMT_CREDIT_std,42.273279666900635,5
10,f103_nyg_low_normal_AMT_GOODS_PRICE_d_app_AMT_CREDIT_pctchange_max_div_min,10.67080020904541,1
10,f103_nyg_low_normal_AMT_GOODS_PRICE_d_app_AMT_CREDIT_pctchange_mean,89.98320007324219,7
10,f103_nyg_low_normal_AMT_GOODS_PRICE_d_app_AMT_CREDIT_max_div_min,0.0,0
10,f103_nyg_low_normal_AMT_GOODS_PRICE_d_app_AMT_CREDIT_diff_max_div_min,6.597410202026367,1
10,f103_nyg_low_normal_AMT_GOODS_PRICE_d_app_AMT_CREDIT_max,295.1543799638748,34
10,f103_nyg_low_normal_AMT_GOODS_PRICE_d_app_AMT_CREDIT_diff_min,171.58804059028625,18
10,f103_nyg_low_normal_AMT_GOODS_PRICE_d_app_AMT_CREDIT_diff_max,179.09091067314148,19
10,f103_nyg_low_normal_AMT_GOODS_PRICE_d_app_AMT_CREDIT_mean,220.38255882263184,28
10,f103_nyg_low_normal_AMT_GOODS_PRICE_d_app_AMT_GOODS_PRICE_diff_max_div_min,4.392970085144043,1
10,f103_nyg_low_normal_AMT_GOODS_PRICE_d_app_AMT_CREDIT_min,598.7845094203949,61
10,f103_nyg_low_normal_AMT_GOODS_PRICE_d_app_AMT_CREDIT_pctchange_min,101.16363859176636,11
10,f103_nyg_low_normal_AMT_GOODS_PRICE_d_app_AMT_CREDIT_pctchange_max,36.43417024612427,3
10,f103_nyg_low_normal_AMT_GOODS_PRICE_d_app_AMT_GOODS_PRICE_diff_std_div_mean,7.5797600746154785,1
10,f103_nyg_low_normal_AMT_GOODS_PRICE_d_app_AMT_GOODS_PRICE_max,394.51930832862854,44
10,f103_nyg_low_normal_AMT_GOODS_PRICE_d_app_AMT_GOODS_PRICE_std,139.0401096343994,13
10,f103_nyg_low_normal_AMT_GOODS_PRICE_d_app_AMT_GOODS_PRICE_diff_min,121.00395011901855,15
10,f103_nyg_low_normal_AMT_GOODS_PRICE_d_app_AMT_GOODS_PRICE_diff_std,12.296600341796875,1
10,f103_nyg_low_normal_AMT_GOODS_PRICE_d_app_AMT_GOODS_PRICE_diff_max,165.987140417099,20
10,f103_nyg_low_normal_AMT_GOODS_PRICE_d_app_AMT_GOODS_PRICE_mean,260.74128913879395,29
10,f103_nyg_low_normal_AMT_GOODS_PRICE_d_app_AMT_GOODS_PRICE_max_div_min,0.0,0
10,f103_nyg_low_normal_AMT_GOODS_PRICE_d_app_AMT_INCOME_TOTAL_diff_max,234.14524030685425,27
10,f103_nyg_low_normal_AMT_GOODS_PRICE_d_app_AMT_GOODS_PRICE_diff_mean,130.9024395942688,14
10,f103_nyg_low_normal_AMT_GOODS_PRICE_d_app_AMT_GOODS_PRICE_pctchange_mean,33.55270957946777,3
10,f103_nyg_low_normal_AMT_GOODS_PRICE_d_app_AMT_GOODS_PRICE_min,481.2942590713501,52
10,f103_nyg_low_normal_AMT_GOODS_PRICE_d_app_AMT_INCOME_TOTAL_diff_max_div_min,0.0,0
10,f103_nyg_low_normal_AMT_GOODS_PRICE_d_app_AMT_INCOME_TOTAL_pctchange_max,50.55867958068848,5
10,f103_nyg_low_normal_AMT_GOODS_PRICE_d_app_AMT_GOODS_PRICE_pctchange_max,31.5286602973938,6
10,f103_nyg_low_normal_AMT_GOODS_PRICE_d_app_AMT_INCOME_TOTAL_diff_std_div_mean,22.567729949951172,2
10,f103_nyg_low_normal_AMT_GOODS_PRICE_d_app_AMT_INCOME_TOTAL_pctchange_max_div_min,0.0,0
10,f103_nyg_low_normal_AMT_GOODS_PRICE_d_app_AMT_GOODS_PRICE_pctchange_max_div_min,4.899630069732666,1
10,f103_nyg_low_normal_AMT_GOODS_PRICE_d_app_AMT_INCOME_TOTAL_diff_mean,142.90250945091248,18
10,f103_nyg_low_normal_AMT_GOODS_PRICE_d_app_AMT_GOODS_PRICE_pctchange_min,63.75934028625488,6
10,f103_nyg_low_normal_AMT_GOODS_PRICE_d_app_AMT_INCOME_TOTAL_pctchange_std_div_mean,13.020000457763672,1
10,f103_nyg_low_normal_AMT_GOODS_PRICE_d_total_debt_diff_std,118.44579982757568,13
10,f103_nyg_low_normal_AMT_GOODS_PRICE_d_app_AMT_INCOME_TOTAL_mean,317.64800095558167,28
10,f103_nyg_low_normal_AMT_GOODS_PRICE_d_app_AMT_INCOME_TOTAL_diff_min,121.49450922012329,15
10,f103_nyg_low_normal_AMT_GOODS_PRICE_d_app_AMT_INCOME_TOTAL_min,343.24501156806946,36
10,f103_nyg_low_normal_AMT_GOODS_PRICE_d_app_AMT_INCOME_TOTAL_max,340.0027816295624,38
10,f103_nyg_low_normal_AMT_GOODS_PRICE_d_total_debt_diff_max,490.28104734420776,56
10,f103_nyg_low_normal_AMT_GOODS_PRICE_d_total_debt_diff_max_div_min,65.00303983688354,5
10,f103_nyg_low_normal_AMT_GOODS_PRICE_d_app_AMT_INCOME_TOTAL_max_div_min,0.0,0
10,f103_nyg_low_normal_AMT_GOODS_PRICE_d_total_debt_diff_mean,727.1826764941216,78
10,f103_nyg_low_normal_AMT_GOODS_PRICE_d_total_debt_diff_std_div_mean,79.40186977386475,7
10,f103_nyg_low_normal_AMT_GOODS_PRICE_d_total_debt_diff_min,634.451619386673,68
10,f103_nyg_low_normal_AMT_GOODS_PRICE_d_total_debt_max_div_min,38.499691009521484,4
10,f103_nyg_low_normal_AMT_GOODS_PRICE_d_app_AMT_INCOME_TOTAL_pctchange_min,32.87367010116577,4
10,f103_nyg_low_normal_AMT_GOODS_PRICE_d_total_debt_std,107.7392406463623,11
10,f103_nyg_low_normal_AMT_GOODS_PRICE_d_total_debt_pctchange_std,72.87787961959839,8
10,f103_nyg_low_normal_AMT_GOODS_PRICE_d_total_debt_pctchange_max_div_min,61.9579998254776,7
10,f103_nyg_low_normal_AMT_GOODS_PRICE_m_app_AMT_GOODS_PRICE_d_app_AMT_INCOME_TOTAL_pctchange_std_div_mean,37.33594989776611,4
10,f103_nyg_low_normal_AMT_GOODS_PRICE_m_app_AMT_GOODS_PRICE_d_app_AMT_INCOME_TOTAL_pctchange_std,63.6619987487793,7
10,f103_nyg_low_normal_AMT_GOODS_PRICE_d_app_AMT_INCOME_TOTAL_pctchange_mean,0.0,0
10,f103_nyg_low_normal_AMT_GOODS_PRICE_m_app_AMT_GOODS_PRICE_d_app_AMT_INCOME_TOTAL_diff_max_div_min,0.0,0
10,f103_nyg_low_normal_AMT_GOODS_PRICE_m_app_AMT_GOODS_PRICE_d_app_AMT_INCOME_TOTAL_pctchange_max,193.37641954421997,23
10,f103_nyg_low_normal_AMT_GOODS_PRICE_m_app_AMT_GOODS_PRICE_d_app_AMT_INCOME_TOTAL_diff_mean,74.45445013046265,8
10,f103_nyg_low_normal_AMT_GOODS_PRICE_m_app_AMT_GOODS_PRICE_d_app_AMT_INCOME_TOTAL_diff_min,132.18456983566284,15
10,f103_nyg_low_normal_AMT_GOODS_PRICE_m_app_AMT_GOODS_PRICE_d_app_AMT_INCOME_TOTAL_max_div_min,55.91083002090454,6
10,f103_nyg_low_normal_AMT_GOODS_PRICE_m_app_AMT_GOODS_PRICE_d_app_AMT_INCOME_TOTAL_pctchange_mean,187.78979969024658,25
10,f103_nyg_low_normal_AMT_GOODS_PRICE_m_app_AMT_GOODS_PRICE_d_app_AMT_INCOME_TOTAL_mean,261.3962194919586,28
10,f103_nyg_low_normal_AMT_GOODS_PRICE_s_app_AMT_ANNUITY_d_app_AMT_INCOME_TOTAL_diff_mean,32.850730419158936,3
10,f103_nyg_low_normal_AMT_GOODS_PRICE_m_app_AMT_GOODS_PRICE_d_app_AMT_INCOME_TOTAL_pctchange_max_div_min,20.71509027481079,2
10,f103_nyg_low_normal_AMT_GOODS_PRICE_m_app_AMT_GOODS_PRICE_d_app_AMT_INCOME_TOTAL_diff_max,55.890180587768555,7
10,f103_nyg_low_normal_AMT_GOODS_PRICE_m_app_AMT_GOODS_PRICE_d_app_AMT_INCOME_TOTAL_std_div_mean,61.181480884552,6
10,f103_nyg_low_normal_AMT_GOODS_PRICE_m_app_AMT_GOODS_PRICE_d_app_AMT_INCOME_TOTAL_pctchange_min,290.81050872802734,31
10,f103_nyg_low_normal_AMT_GOODS_PRICE_max,394.33324670791626,42
10,f103_nyg_low_normal_AMT_GOODS_PRICE_s_app_AMT_ANNUITY_d_app_AMT_INCOME_TOTAL_diff_max_div_min,0.0,0
10,f103_nyg_low_normal_AMT_GOODS_PRICE_m_app_AMT_GOODS_PRICE_d_app_AMT_INCOME_TOTAL_min,225.40815842151642,25
10,f103_nyg_low_normal_AMT_GOODS_PRICE_m_app_AMT_GOODS_PRICE_d_app_AMT_INCOME_TOTAL_max,205.79353976249695,24
10,f103_nyg_low_normal_AMT_GOODS_PRICE_s_app_AMT_ANNUITY_d_app_AMT_INCOME_TOTAL_max_div_min,20.733969688415527,2
10,f103_nyg_low_normal_AMT_GOODS_PRICE_s_app_AMT_ANNUITY_d_app_AMT_INCOME_TOTAL_diff_min,35.874390602111816,4
10,f103_nyg_low_normal_AMT_GOODS_PRICE_s_app_AMT_ANNUITY_d_app_AMT_INCOME_TOTAL_pctchange_max_div_min,34.4848198890686,5
10,f103_nyg_low_normal_AMT_GOODS_PRICE_max_div_min,0.0,0
10,f103_nyg_low_normal_AMT_GOODS_PRICE_mean,326.80552911758423,32
10,f103_nyg_low_normal_AMT_GOODS_PRICE_min,529.9922022819519,49
10,f103_nyg_low_normal_AMT_GOODS_PRICE_s_app_AMT_ANNUITY_d_app_AMT_INCOME_TOTAL_diff_max,45.985859394073486,5
10,f103_nyg_low_normal_AMT_GOODS_PRICE_s_app_AMT_ANNUITY_d_app_AMT_INCOME_TOTAL_pctchange_min,454.26531767845154,57
10,f103_nyg_low_normal_AMT_GOODS_PRICE_s_app_AMT_ANNUITY_d_app_AMT_INCOME_TOTAL_std_div_mean,80.47459888458252,8
10,f103_nyg_low_normal_AMT_GOODS_PRICE_s_app_AMT_ANNUITY_diff_max_div_min,0.0,0
10,f103_nyg_low_normal_AMT_GOODS_PRICE_s_app_AMT_ANNUITY_d_app_AMT_INCOME_TOTAL_min,330.3923602104187,37
10,f103_nyg_low_normal_AMT_GOODS_PRICE_s_app_AMT_ANNUITY_d_app_AMT_INCOME_TOTAL_pctchange_mean,548.1221394538879,62
10,f103_nyg_low_normal_AMT_GOODS_PRICE_s_app_AMT_ANNUITY_diff_std_div_mean,15.27193021774292,2
10,f103_nyg_low_normal_AMT_GOODS_PRICE_s_app_AMT_ANNUITY_d_app_AMT_INCOME_TOTAL_pctchange_std,34.0756402015686,4
10,f103_nyg_low_normal_AMT_GOODS_PRICE_s_app_AMT_ANNUITY_d_app_AMT_INCOME_TOTAL_max,297.46665024757385,31
10,f103_nyg_low_normal_AMT_GOODS_PRICE_s_app_AMT_ANNUITY_d_app_AMT_INCOME_TOTAL_pctchange_std_div_mean,6.304780006408691,1
10,f103_nyg_low_normal_AMT_GOODS_PRICE_s_app_AMT_ANNUITY_pctchange_std_div_mean,22.25447988510132,2
10,f103_nyg_low_normal_AMT_GOODS_PRICE_s_app_AMT_ANNUITY_diff_mean,147.86902165412903,17
10,f103_nyg_low_normal_AMT_GOODS_PRICE_s_app_AMT_ANNUITY_d_app_AMT_INCOME_TOTAL_pctchange_max,364.69450080394745,42
10,f103_nyg_low_normal_AMT_GOODS_PRICE_s_app_AMT_ANNUITY_d_app_AMT_INCOME_TOTAL_mean,378.3222608566284,37
10,f103_nyg_low_normal_AMT_GOODS_PRICE_s_app_AMT_ANNUITY_diff_max,149.94484043121338,18
10,f103_nyg_low_normal_AMT_GOODS_PRICE_s_app_AMT_ANNUITY_pctchange_std,20.765399932861328,2
10,f103_nyg_low_normal_AMT_GOODS_PRICE_s_app_AMT_ANNUITY_diff_min,227.91477182507515,25
10,f103_nyg_low_normal_AMT_GOODS_PRICE_s_app_AMT_ANNUITY_max_div_min,0.0,0
10,f103_nyg_low_normal_AMT_GOODS_PRICE_s_app_AMT_ANNUITY_pctchange_min,229.96372067928314,27
10,f103_nyg_low_normal_AMT_GOODS_PRICE_s_app_AMT_ANNUITY_std_div_mean,45.18037986755371,5
10,f103_nyg_low_normal_AMT_GOODS_PRICE_s_app_AMT_ANNUITY_mean,415.07948756217957,42
10,f103_nyg_low_normal_AMT_GOODS_PRICE_s_app_AMT_ANNUITY_max,342.8676568865776,37
10,f103_nyg_low_normal_AMT_GOODS_PRICE_s_app_AMT_ANNUITY_pctchange_max_div_min,6.384739875793457,1
10,f103_nyg_low_normal_AMT_GOODS_PRICE_s_app_AMT_ANNUITY_min,633.4181995391846,50
10,f103_nyg_low_normal_AMT_GOODS_PRICE_s_app_AMT_CREDIT_d_app_AMT_INCOME_TOTAL_max_div_min,24.45959997177124,3
10,f103_nyg_low_normal_AMT_GOODS_PRICE_s_app_AMT_ANNUITY_pctchange_mean,92.81396961212158,9
10,f103_nyg_low_normal_AMT_GOODS_PRICE_s_app_AMT_CREDIT_d_app_AMT_INCOME_TOTAL_pctchange_max_div_min,32.387240409851074,4
10,f103_nyg_low_normal_AMT_GOODS_PRICE_s_app_AMT_ANNUITY_pctchange_max,64.55943870544434,8
10,f103_nyg_low_normal_AMT_GOODS_PRICE_s_app_AMT_CREDIT_d_app_AMT_INCOME_TOTAL_diff_min,17.443869590759277,2
10,f103_nyg_low_normal_AMT_GOODS_PRICE_s_app_AMT_CREDIT_diff_std_div_mean,15.374899864196777,1
10,f103_nyg_low_normal_AMT_GOODS_PRICE_s_app_AMT_CREDIT_d_app_AMT_INCOME_TOTAL_diff_max_div_min,0.0,0
10,f103_nyg_low_normal_AMT_GOODS_PRICE_s_app_AMT_CREDIT_d_app_AMT_INCOME_TOTAL_diff_mean,28.50517988204956,4
10,f103_nyg_low_normal_AMT_GOODS_PRICE_s_app_AMT_CREDIT_d_app_AMT_INCOME_TOTAL_pctchange_std_div_mean,144.32236909866333,15
10,f103_nyg_low_normal_AMT_GOODS_PRICE_s_app_AMT_CREDIT_d_app_AMT_INCOME_TOTAL_diff_max,0.46023499965667725,1
10,f103_nyg_low_normal_AMT_GOODS_PRICE_s_app_AMT_CREDIT_d_app_AMT_INCOME_TOTAL_pctchange_std,53.1914005279541,5
10,f103_nyg_low_normal_AMT_GOODS_PRICE_s_app_AMT_CREDIT_d_app_AMT_INCOME_TOTAL_pctchange_mean,227.52866959571838,27
10,f103_nyg_low_normal_AMT_GOODS_PRICE_s_app_AMT_CREDIT_d_app_AMT_INCOME_TOTAL_max,345.54306173324585,41
10,f103_nyg_low_normal_AMT_GOODS_PRICE_s_app_AMT_CREDIT_d_app_AMT_INCOME_TOTAL_pctchange_min,365.54563450813293,41
10,f103_nyg_low_normal_AMT_GOODS_PRICE_s_app_AMT_CREDIT_d_app_AMT_INCOME_TOTAL_pctchange_max,248.5980030298233,32
10,f103_nyg_low_normal_AMT_GOODS_PRICE_s_app_AMT_CREDIT_diff_min,28.018909454345703,3
10,f103_nyg_low_normal_AMT_GOODS_PRICE_s_app_AMT_CREDIT_d_app_AMT_INCOME_TOTAL_mean,263.9097192287445,29
10,f103_nyg_low_normal_AMT_GOODS_PRICE_s_app_AMT_CREDIT_pctchange_std_div_mean,71.60177087783813,8
10,f103_nyg_low_normal_AMT_GOODS_PRICE_s_app_AMT_CREDIT_diff_mean,47.636979818344116,5
10,f103_nyg_low_normal_AMT_GOODS_PRICE_s_app_AMT_CREDIT_diff_max_div_min,6.805309772491455,1
10,f103_nyg_low_normal_AMT_GOODS_PRICE_s_app_AMT_CREDIT_max_div_min,8.029919624328613,1
10,f103_nyg_low_normal_AMT_GOODS_PRICE_s_app_AMT_CREDIT_diff_max,59.75350022315979,8
10,f103_nyg_low_normal_AMT_GOODS_PRICE_s_app_AMT_CREDIT_d_app_AMT_INCOME_TOTAL_min,398.5403072834015,43
10,f103_nyg_low_normal_AMT_GOODS_PRICE_s_app_AMT_CREDIT_mean,275.8214211463928,32
10,f103_nyg_low_normal_AMT_GOODS_PRICE_s_app_AMT_CREDIT_pctchange_std,7.690770149230957,1
10,f103_nyg_low_normal_AMT_GOODS_PRICE_s_app_AMT_GOODS_PRICE_diff_max,51.46081018447876,6
10,f103_nyg_low_normal_AMT_GOODS_PRICE_s_app_AMT_CREDIT_min,575.7870621681213,57
10,f103_nyg_low_normal_AMT_GOODS_PRICE_s_app_AMT_CREDIT_max,388.68857765197754,40
10,f103_nyg_low_normal_AMT_GOODS_PRICE_s_app_AMT_GOODS_PRICE_diff_max_div_min,0.0,0
10,f103_nyg_low_normal_AMT_GOODS_PRICE_s_app_AMT_GOODS_PRICE_diff_std_div_mean,0.0,0
10,f103_nyg_low_normal_AMT_GOODS_PRICE_s_app_AMT_CREDIT_pctchange_max_div_min,0.0,0
10,f103_nyg_low_normal_AMT_GOODS_PRICE_s_app_AMT_CREDIT_pctchange_mean,106.94245147705078,11
10,f103_nyg_low_normal_AMT_GOODS_PRICE_s_app_AMT_CREDIT_pctchange_max,25.156449794769287,4
10,f103_nyg_low_normal_AMT_GOODS_PRICE_s_app_AMT_GOODS_PRICE_pctchange_max,96.62052941322327,12
10,f103_nyg_low_normal_AMT_GOODS_PRICE_s_app_AMT_GOODS_PRICE_diff_mean,31.404449939727783,4
10,f103_nyg_low_normal_AMT_GOODS_PRICE_s_app_AMT_GOODS_PRICE_max_div_min,8.511119842529297,1
10,f103_nyg_low_normal_AMT_GOODS_PRICE_s_app_AMT_CREDIT_pctchange_min,107.46269035339355,12
10,f103_nyg_low_normal_AMT_GOODS_PRICE_s_app_AMT_GOODS_PRICE_mean,405.93985652923584,39
10,f103_nyg_low_normal_AMT_GOODS_PRICE_s_app_AMT_GOODS_PRICE_pctchange_max_div_min,12.840700149536133,1
10,f103_nyg_low_normal_AMT_GOODS_PRICE_s_app_AMT_GOODS_PRICE_pctchange_std,22.27400016784668,2
10,f103_nyg_low_normal_AMT_GOODS_PRICE_s_app_AMT_GOODS_PRICE_max,442.73737955093384,45
10,f103_nyg_low_normal_AMT_GOODS_PRICE_s_app_AMT_GOODS_PRICE_diff_min,8.37341022491455,1
10,f103_nyg_low_normal_AMT_GOODS_PRICE_s_app_AMT_GOODS_PRICE_std_div_mean,15.477129936218262,2
10,f103_nyg_low_normal_AMT_GOODS_PRICE_s_app_AMT_GOODS_PRICE_pctchange_std_div_mean,2.540060043334961,1
10,f103_nyg_low_normal_AMT_GOODS_PRICE_s_app_AMT_INCOME_TOTAL_diff_max_div_min,0.0,0
10,f103_nyg_low_normal_AMT_GOODS_PRICE_s_app_AMT_GOODS_PRICE_min,614.0992512702942,59
10,f103_nyg_low_normal_AMT_GOODS_PRICE_s_app_AMT_INCOME_TOTAL_diff_min,18.72559928894043,1
10,f103_nyg_low_normal_AMT_GOODS_PRICE_s_app_AMT_GOODS_PRICE_pctchange_min,121.28652095794678,13
10,f103_nyg_low_normal_AMT_GOODS_PRICE_s_app_AMT_INCOME_TOTAL_diff_max,11.58165979385376,2
10,f103_nyg_low_normal_AMT_GOODS_PRICE_s_app_AMT_GOODS_PRICE_pctchange_mean,73.06935977935791,7
10,f103_nyg_low_normal_AMT_GOODS_PRICE_s_app_AMT_INCOME_TOTAL_diff_std_div_mean,0.0,0
10,f103_nyg_low_normal_AMT_GOODS_PRICE_s_app_AMT_INCOME_TOTAL_min,457.68387019634247,52
10,f103_nyg_low_normal_AMT_GOODS_PRICE_s_app_AMT_INCOME_TOTAL_diff_mean,0.0,0
10,f103_nyg_low_normal_AMT_GOODS_PRICE_s_app_AMT_INCOME_TOTAL_mean,407.7472779750824,44
10,f103_nyg_low_normal_AMT_GOODS_PRICE_s_app_AMT_INCOME_TOTAL_pctchange_max,277.1004011631012,35
10,f103_nyg_low_normal_AMT_GOODS_PRICE_s_app_AMT_INCOME_TOTAL_std_div_mean,112.91241073608398,10
10,f103_nyg_low_normal_AMT_GOODS_PRICE_s_app_AMT_INCOME_TOTAL_pctchange_min,449.49831080436707,51
10,f103_nyg_low_normal_AMT_GOODS_PRICE_s_app_AMT_INCOME_TOTAL_pctchange_mean,306.90194845199585,32
10,f103_nyg_low_normal_CHANNEL_TYPE_AP___Cash_loan__mean,144.58547830581665,13
10,f103_nyg_low_normal_AMT_GOODS_PRICE_s_app_AMT_INCOME_TOTAL_max,216.68110752105713,21
10,f103_nyg_low_normal_CHANNEL_TYPE_Regional___Local_mean,40.66835021972656,5
10,f103_nyg_low_normal_AMT_GOODS_PRICE_s_app_AMT_INCOME_TOTAL_max_div_min,54.66916084289551,7
10,f103_nyg_low_normal_AMT_GOODS_PRICE_s_app_AMT_INCOME_TOTAL_pctchange_std,72.12578964233398,8
10,f103_nyg_low_normal_AMT_GOODS_PRICE_s_app_AMT_INCOME_TOTAL_pctchange_max_div_min,23.647299766540527,3
10,f103_nyg_low_normal_AMT_GOODS_PRICE_s_app_AMT_INCOME_TOTAL_pctchange_std_div_mean,35.69602918624878,5
10,f103_nyg_low_normal_CHANNEL_TYPE_Regional___Local_sum,0.0,0
10,f103_nyg_low_normal_CHANNEL_TYPE_Channel_of_corporate_sales_sum,0.0,0
10,f103_nyg_low_normal_CHANNEL_TYPE_Channel_of_corporate_sales_mean,0.0,0
10,f103_nyg_low_normal_CHANNEL_TYPE_Credit_and_cash_offices_mean,32.70613956451416,3
10,f103_nyg_low_normal_CHANNEL_TYPE_Contact_center_mean,37.51734018325806,4
10,f103_nyg_low_normal_CHANNEL_TYPE_Country_wide_mean,103.08410978317261,11
10,f103_nyg_low_normal_CHANNEL_TYPE_Country_wide_sum,21.768190383911133,3
10,f103_nyg_low_normal_CNT_PAYMENT_std_div_mean,90.95501184463501,11
10,f103_nyg_low_normal_CODE_REJECT_REASON_CLIENT_sum,0.0,0
10,f103_nyg_low_normal_CHANNEL_TYPE_Credit_and_cash_offices_sum,76.08215999603271,7
10,f103_nyg_low_normal_CHANNEL_TYPE_AP___Cash_loan__sum,51.09944009780884,6
10,f103_nyg_low_normal_CNT_PAYMENT_max_div_min,25.81493043899536,3
10,f103_nyg_low_normal_CHANNEL_TYPE_Contact_center_sum,7.5602898597717285,1
10,f103_nyg_low_normal_CODE_REJECT_REASON_SCOFR_sum,0.0,0
10,f103_nyg_low_normal_CODE_REJECT_REASON_SCOFR_mean,0.0,0
10,f103_nyg_low_normal_CHANNEL_TYPE_Stone_mean,205.4400291442871,23
10,f103_nyg_low_normal_CHANNEL_TYPE_Stone_sum,42.820820808410645,5
10,f103_nyg_low_normal_CODE_REJECT_REASON_SCO_sum,101.43122005462646,10
10,f103_nyg_low_normal_CODE_REJECT_REASON_CLIENT_mean,0.0,0
10,f103_nyg_low_normal_CODE_REJECT_REASON_XNA_mean,0.0,0
10,f103_nyg_low_normal_CODE_REJECT_REASON_XNA_sum,0.0,0
10,f103_nyg_low_normal_CODE_REJECT_REASON_VERIF_sum,0.0,0
10,f103_nyg_low_normal_DAYS_DECISION_d_app_DAYS_BIRTH_std_div_mean,20.074570655822754,2
10,f103_nyg_low_normal_DAYS_DECISION_d_app_DAYS_EMPLOYED_max_div_min,31.50197982788086,4
10,f103_nyg_low_normal_CODE_REJECT_REASON_HC_sum,25.221070289611816,4
10,f103_nyg_low_normal_CODE_REJECT_REASON_VERIF_mean,0.0,0
10,f103_nyg_low_normal_DAYS_DECISION_d_app_DAYS_ID_PUBLISH_max_div_min,7.109310150146484,1
10,f103_nyg_low_normal_DAYS_DECISION_d_app_DAYS_BIRTH_max_div_min,14.733369827270508,2
10,f103_nyg_low_normal_DAYS_DECISION_d_app_DAYS_ID_PUBLISH_mean,745.2288898229599,81
10,f103_nyg_low_normal_DAYS_DECISION_d_app_DAYS_ID_PUBLISH_std,16.20106029510498,2
10,f103_nyg_low_normal_DAYS_DECISION_d_app_DAYS_LAST_PHONE_CHANGE_std_div_mean,13.437399864196777,1
10,f103_nyg_low_normal_DAYS_DECISION_d_app_DAYS_ID_PUBLISH_std_div_mean,7.242310047149658,1
10,f103_nyg_low_normal_DAYS_DECISION_d_app_DAYS_LAST_PHONE_CHANGE_max_div_min,90.09139108657837,10
10,f103_nyg_low_normal_DAYS_DECISION_d_app_DAYS_ID_PUBLISH_max,612.2569622993469,67
10,f103_nyg_low_normal_DAYS_DECISION_d_app_DAYS_LAST_PHONE_CHANGE_max,746.2956907749176,84
10,f103_nyg_low_normal_DAYS_DECISION_d_app_DAYS_REGISTRATION_std,22.20999050140381,3
10,f103_nyg_low_normal_DAYS_DECISION_d_app_DAYS_ID_PUBLISH_min,1034.9788165688515,109
10,f103_nyg_low_normal_DAYS_DECISION_d_app_DAYS_REGISTRATION_max_div_min,9.500690460205078,1
10,f103_nyg_low_normal_DAYS_DECISION_d_app_DAYS_REGISTRATION_std_div_mean,0.0,0
10,f103_nyg_low_normal_DAYS_DECISION_d_app_DAYS_REGISTRATION_max,825.0924116373062,100
10,f103_nyg_low_normal_DAYS_DECISION_d_app_DAYS_LAST_PHONE_CHANGE_min,743.200599193573,86
10,f103_nyg_low_normal_DAYS_DECISION_d_app_DAYS_REGISTRATION_mean,561.252765506506,61
10,f103_nyg_low_normal_DAYS_DECISION_d_app_DAYS_LAST_PHONE_CHANGE_mean,261.5643620491028,29
10,f103_nyg_low_normal_DAYS_DECISION_s_app_DAYS_BIRTH_std,15.868390083312988,2
10,f103_nyg_low_normal_DAYS_DECISION_d_app_DAYS_REGISTRATION_min,576.9174077510834,65
10,f103_nyg_low_normal_DAYS_DECISION_s_app_DAYS_EMPLOYED_std_div_mean,134.4190748333931,13
10,f103_nyg_low_normal_DAYS_DECISION_s_app_DAYS_EMPLOYED_std,8.126999855041504,1
10,f103_nyg_low_normal_DAYS_DECISION_s_app_DAYS_ID_PUBLISH_max_div_min,0.0,0
10,f103_nyg_low_normal_DAYS_DECISION_s_app_DAYS_LAST_PHONE_CHANGE_std_div_mean,10.439870357513428,2
10,f103_nyg_low_normal_DAYS_DECISION_s_app_DAYS_ID_PUBLISH_std_div_mean,63.21028995513916,8
10,f103_nyg_low_normal_DAYS_DECISION_s_app_DAYS_REGISTRATION_max_div_min,48.322349071502686,6
10,f103_nyg_low_normal_DAYS_DECISION_s_app_DAYS_LAST_PHONE_CHANGE_std,18.276909828186035,2
10,f103_nyg_low_normal_DAYS_DECISION_s_app_DAYS_ID_PUBLISH_std,0.0,0
10,f103_nyg_low_normal_DAYS_DECISION_s_app_DAYS_EMPLOYED_max_div_min,80.13665962219238,9
10,f103_nyg_low_normal_DAYS_DECISION_s_app_DAYS_REGISTRATION_std_div_mean,18.703400135040283,2
10,f103_nyg_low_normal_DAYS_FIRST_DUE_d_app_DAYS_BIRTH_max_div_min,26.375499725341797,2
10,f103_nyg_low_normal_DAYS_FIRST_DUE_d_app_DAYS_BIRTH_std_div_mean,10.563799858093262,1
10,f103_nyg_low_normal_DAYS_FIRST_DUE_d_app_DAYS_EMPLOYED_max_div_min,6.069439888000488,1
10,f103_nyg_low_normal_DAYS_DECISION_s_app_DAYS_LAST_PHONE_CHANGE_max_div_min,225.94883906841278,24
10,f103_nyg_low_normal_DAYS_DECISION_s_app_DAYS_REGISTRATION_std,0.0,0
10,f103_nyg_low_normal_DAYS_FIRST_DUE_d_app_DAYS_ID_PUBLISH_std_div_mean,0.0,0
10,f103_nyg_low_normal_DAYS_FIRST_DUE_d_app_DAYS_EMPLOYED_std_div_mean,0.0,0
10,f103_nyg_low_normal_DAYS_FIRST_DUE_d_app_DAYS_ID_PUBLISH_std,10.256099700927734,1
10,f103_nyg_low_normal_DAYS_FIRST_DUE_d_app_DAYS_LAST_PHONE_CHANGE_max_div_min,18.34300994873047,3
10,f103_nyg_low_normal_DAYS_FIRST_DUE_d_app_DAYS_ID_PUBLISH_max_div_min,0.0,0
10,f103_nyg_low_normal_DAYS_FIRST_DUE_d_app_DAYS_ID_PUBLISH_mean,606.8839989900589,72
10,f103_nyg_low_normal_DAYS_FIRST_DUE_d_app_DAYS_REGISTRATION_std,7.440070152282715,1
10,f103_nyg_low_normal_DAYS_FIRST_DUE_d_app_DAYS_LAST_PHONE_CHANGE_max,741.2599512338638,83
10,f103_nyg_low_normal_DAYS_FIRST_DUE_d_app_DAYS_ID_PUBLISH_max,511.91196744143963,62
10,f103_nyg_low_normal_DAYS_FIRST_DUE_d_app_DAYS_REGISTRATION_std_div_mean,0.0,0
10,f103_nyg_low_normal_DAYS_FIRST_DUE_d_app_DAYS_LAST_PHONE_CHANGE_std_div_mean,10.084400177001953,1
10,f103_nyg_low_normal_DAYS_FIRST_DUE_d_app_DAYS_ID_PUBLISH_min,630.6554504036903,57
10,f103_nyg_low_normal_DAYS_FIRST_DUE_d_app_DAYS_REGISTRATION_max_div_min,0.0,0
10,f103_nyg_low_normal_DAYS_FIRST_DUE_d_app_DAYS_REGISTRATION_max,457.078781247139,50
10,f103_nyg_low_normal_DAYS_FIRST_DUE_d_app_DAYS_LAST_PHONE_CHANGE_mean,574.7104587554932,58
10,f103_nyg_low_normal_DAYS_FIRST_DUE_d_app_DAYS_LAST_PHONE_CHANGE_min,1076.3597111701965,89
10,f103_nyg_low_normal_DAYS_FIRST_DUE_s_app_DAYS_EMPLOYED_std_div_mean,0.0,0
10,f103_nyg_low_normal_DAYS_FIRST_DUE_s_app_DAYS_EMPLOYED_max_div_min,0.0,0
10,f103_nyg_low_normal_DAYS_FIRST_DUE_d_app_DAYS_REGISTRATION_mean,575.1629222929478,66
10,f103_nyg_low_normal_DAYS_FIRST_DUE_s_app_DAYS_ID_PUBLISH_std_div_mean,0.0,0
10,f103_nyg_low_normal_DAYS_FIRST_DUE_s_app_DAYS_ID_PUBLISH_max_div_min,0.0,0
10,f103_nyg_low_normal_DAYS_FIRST_DUE_s_app_DAYS_REGISTRATION_max_div_min,21.601699829101562,1
10,f103_nyg_low_normal_DAYS_FIRST_DUE_s_DAYS_DECISIONS_max_div_min,0.0,0
10,f103_nyg_low_normal_DAYS_FIRST_DUE_s_app_DAYS_LAST_PHONE_CHANGE_max_div_min,0.0,0
10,f103_nyg_low_normal_DAYS_FIRST_DUE_d_app_DAYS_REGISTRATION_min,622.3146982192993,67
10,f103_nyg_low_normal_DAYS_LAST_DUE_1ST_VERSION_d_app_DAYS_ID_PUBLISH_std,8.269630432128906,1
10,f103_nyg_low_normal_DAYS_LAST_DUE_1ST_VERSION_d_app_DAYS_EMPLOYED_max,1435.0598594844341,155
10,f103_nyg_low_normal_DAYS_LAST_DUE_1ST_VERSION_d_app_DAYS_EMPLOYED_std_div_mean,27.21457052230835,4
10,f103_nyg_low_normal_DAYS_LAST_DUE_1ST_VERSION_d_app_DAYS_BIRTH_max_div_min,0.0,0
10,f103_nyg_low_normal_DAYS_LAST_DUE_1ST_VERSION_d_app_DAYS_EMPLOYED_max_div_min,0.0,0
10,f103_nyg_low_normal_DAYS_LAST_DUE_1ST_VERSION_d_app_DAYS_ID_PUBLISH_max_div_min,0.0,0
10,f103_nyg_low_normal_DAYS_LAST_DUE_1ST_VERSION_d_app_DAYS_ID_PUBLISH_mean,835.5655865371227,93
10,f103_nyg_low_normal_DAYS_LAST_DUE_1ST_VERSION_d_app_DAYS_ID_PUBLISH_max,808.5016838610172,88
10,f103_nyg_low_normal_DAYS_LAST_DUE_1ST_VERSION_d_app_DAYS_EMPLOYED_min,2099.964067339897,160
10,f103_nyg_low_normal_DAYS_LAST_DUE_1ST_VERSION_d_app_DAYS_EMPLOYED_mean,2313.813909649849,181
10,f103_nyg_low_normal_DAYS_LAST_DUE_1ST_VERSION_d_app_DAYS_ID_PUBLISH_min,814.0967786163092,84
10,f103_nyg_low_normal_DAYS_LAST_DUE_1ST_VERSION_d_app_DAYS_LAST_PHONE_CHANGE_max_div_min,6.87224006652832,1
10,f103_nyg_low_normal_DAYS_LAST_DUE_1ST_VERSION_d_app_DAYS_LAST_PHONE_CHANGE_max,1077.590339899063,119
10,f103_nyg_low_normal_DAYS_LAST_DUE_1ST_VERSION_d_app_DAYS_REGISTRATION_max,975.4424232244492,102
10,f103_nyg_low_normal_DAYS_LAST_DUE_1ST_VERSION_d_app_DAYS_LAST_PHONE_CHANGE_min,1185.0278186798096,99
10,f103_nyg_low_normal_DAYS_LAST_DUE_1ST_VERSION_d_app_DAYS_REGISTRATION_max_div_min,9.231100082397461,1
10,f103_nyg_low_normal_DAYS_LAST_DUE_1ST_VERSION_d_app_DAYS_LAST_PHONE_CHANGE_mean,1068.7831592559814,101
10,f103_nyg_low_normal_DAYS_LAST_DUE_1ST_VERSION_d_app_DAYS_REGISTRATION_mean,722.2543436288834,73
10,f103_nyg_low_normal_DAYS_LAST_DUE_1ST_VERSION_s_app_DAYS_EMPLOYED_std_div_mean,3.9386301040649414,1
10,f103_nyg_low_normal_DAYS_LAST_DUE_1ST_VERSION_s_DAYS_DECISIONS_max_div_min,0.0,0
10,f103_nyg_low_normal_DAYS_LAST_DUE_1ST_VERSION_d_app_DAYS_REGISTRATION_min,548.1172633171082,62
10,f103_nyg_low_normal_DAYS_LAST_DUE_1ST_VERSION_d_app_DAYS_REGISTRATION_std,0.0,0
10,f103_nyg_low_normal_DAYS_LAST_DUE_1ST_VERSION_s_DAYS_FIRST_DUE_max_div_min,0.0,0
10,f103_nyg_low_normal_DAYS_LAST_DUE_1ST_VERSION_s_app_DAYS_EMPLOYED_max_div_min,8.534859657287598,1
10,f103_nyg_low_normal_DAYS_LAST_DUE_1ST_VERSION_s_app_DAYS_ID_PUBLISH_max_div_min,19.4591703414917,2
10,f103_nyg_low_normal_DAYS_LAST_DUE_1ST_VERSION_s_app_DAYS_LAST_PHONE_CHANGE_max_div_min,0.0,0
10,f103_nyg_low_normal_DAYS_LAST_DUE_1ST_VERSION_s_app_DAYS_LAST_PHONE_CHANGE_std_div_mean,13.45740032196045,1
10,f103_nyg_low_normal_DAYS_LAST_DUE_d_app_DAYS_BIRTH_std_div_mean,0.0,0
10,f103_nyg_low_normal_DAYS_LAST_DUE_1ST_VERSION_s_app_DAYS_LAST_PHONE_CHANGE_max,599.6644399166107,69
10,f103_nyg_low_normal_DAYS_LAST_DUE_d_app_DAYS_ID_PUBLISH_std,0.0,0
10,f103_nyg_low_normal_DAYS_LAST_DUE_1ST_VERSION_s_app_DAYS_REGISTRATION_max_div_min,10.331600189208984,1
10,f103_nyg_low_normal_DAYS_LAST_DUE_1ST_VERSION_s_app_DAYS_REGISTRATION_std_div_mean,9.892350196838379,1
10,f103_nyg_low_normal_DAYS_LAST_DUE_1ST_VERSION_s_app_DAYS_LAST_PHONE_CHANGE_mean,345.7829484939575,38
10,f103_nyg_low_normal_DAYS_LAST_DUE_1ST_VERSION_s_app_DAYS_LAST_PHONE_CHANGE_min,570.4267117977142,70
10,f103_nyg_low_normal_DAYS_LAST_DUE_d_app_DAYS_ID_PUBLISH_std_div_mean,6.285669803619385,1
10,f103_nyg_low_normal_DAYS_LAST_DUE_d_app_DAYS_BIRTH_max_div_min,1.05649995803833,1
10,f103_nyg_low_normal_DAYS_LAST_DUE_d_app_DAYS_REGISTRATION_std_div_mean,0.0,0
10,f103_nyg_low_normal_DAYS_LAST_DUE_d_app_DAYS_EMPLOYED_std_div_mean,0.0,0
10,f103_nyg_low_normal_DAYS_LAST_DUE_d_app_DAYS_LAST_PHONE_CHANGE_std_div_mean,11.408599853515625,1
10,f103_nyg_low_normal_DAYS_LAST_DUE_d_app_DAYS_EMPLOYED_max_div_min,0.0,0
10,f103_nyg_low_normal_DAYS_LAST_DUE_d_app_DAYS_REGISTRATION_std,0.0,0
10,f103_nyg_low_normal_DAYS_LAST_DUE_d_app_DAYS_ID_PUBLISH_mean,418.6955714225769,45
10,f103_nyg_low_normal_DAYS_LAST_DUE_d_app_DAYS_ID_PUBLISH_min,495.7666001319885,56
10,f103_nyg_low_normal_DAYS_LAST_DUE_d_app_DAYS_LAST_PHONE_CHANGE_max_div_min,12.513099670410156,1
10,f103_nyg_low_normal_DAYS_LAST_DUE_d_app_DAYS_ID_PUBLISH_max_div_min,0.0,0
10,f103_nyg_low_normal_DAYS_LAST_DUE_d_app_DAYS_ID_PUBLISH_max,265.6361712217331,32
10,f103_nyg_low_normal_DAYS_LAST_DUE_d_app_DAYS_LAST_PHONE_CHANGE_min,739.4187076687813,76
10,f103_nyg_low_normal_DAYS_LAST_DUE_s_DAYS_FIRST_DUE_std,0.0,0
10,f103_nyg_low_normal_DAYS_LAST_DUE_s_DAYS_DECISIONS_std,12.364899635314941,1
10,f103_nyg_low_normal_DAYS_LAST_DUE_d_app_DAYS_REGISTRATION_min,573.572671175003,67
10,f103_nyg_low_normal_DAYS_LAST_DUE_d_app_DAYS_REGISTRATION_max,285.39432257413864,34
10,f103_nyg_low_normal_DAYS_LAST_DUE_s_DAYS_DECISIONS_max_div_min,0.0,0
10,f103_nyg_low_normal_DAYS_LAST_DUE_d_app_DAYS_REGISTRATION_mean,315.98503971099854,33
10,f103_nyg_low_normal_DAYS_LAST_DUE_d_app_DAYS_REGISTRATION_max_div_min,0.0,0
10,f103_nyg_low_normal_DAYS_LAST_DUE_s_app_DAYS_EMPLOYED_max_div_min,0.0,0
10,f103_nyg_low_normal_DAYS_LAST_DUE_s_DAYS_LAST_DUE_1ST_VERSION_max_div_min,62.89483022689819,6
10,f103_nyg_low_normal_DAYS_LAST_DUE_s_app_DAYS_EMPLOYED_std_div_mean,0.0,0
10,f103_nyg_low_normal_DAYS_LAST_DUE_s_DAYS_FIRST_DUE_max_div_min,0.0,0
10,f103_nyg_low_normal_DAYS_LAST_DUE_s_app_DAYS_ID_PUBLISH_max_div_min,0.0,0
10,f103_nyg_low_normal_DAYS_TERMINATION_d_app_DAYS_EMPLOYED_std_div_mean,9.229490280151367,1
10,f103_nyg_low_normal_DAYS_TERMINATION_d_app_DAYS_BIRTH_max_div_min,0.0,0
10,f103_nyg_low_normal_DAYS_TERMINATION_d_app_DAYS_BIRTH_std_div_mean,0.0,0
10,f103_nyg_low_normal_DAYS_TERMINATION_d_app_DAYS_ID_PUBLISH_std,12.240400314331055,1
10,f103_nyg_low_normal_DAYS_TERMINATION_d_app_DAYS_ID_PUBLISH_max_div_min,0.0,0
10,f103_nyg_low_normal_DAYS_LAST_DUE_s_app_DAYS_LAST_PHONE_CHANGE_max_div_min,21.351160049438477,2
10,f103_nyg_low_normal_DAYS_LAST_DUE_s_app_DAYS_REGISTRATION_max_div_min,6.660789966583252,1
10,f103_nyg_low_normal_DAYS_TERMINATION_d_app_DAYS_EMPLOYED_max_div_min,16.723989486694336,2
10,f103_nyg_low_normal_DAYS_TERMINATION_d_app_DAYS_LAST_PHONE_CHANGE_std_div_mean,7.342470169067383,1
10,f103_nyg_low_normal_DAYS_TERMINATION_d_app_DAYS_ID_PUBLISH_min,319.0707277059555,42
10,f103_nyg_low_normal_DAYS_TERMINATION_d_app_DAYS_ID_PUBLISH_mean,246.4069504737854,32
10,f103_nyg_low_normal_DAYS_TERMINATION_d_app_DAYS_ID_PUBLISH_std_div_mean,0.0,0
10,f103_nyg_low_normal_DAYS_TERMINATION_d_app_DAYS_REGISTRATION_std,0.0,0
10,f103_nyg_low_normal_DAYS_TERMINATION_d_app_DAYS_REGISTRATION_std_div_mean,0.0,0
10,f103_nyg_low_normal_DAYS_TERMINATION_d_app_DAYS_REGISTRATION_max,241.08983236551285,29
10,f103_nyg_low_normal_DAYS_TERMINATION_s_DAYS_DECISIONS_std,13.769869804382324,2
10,f103_nyg_low_normal_DAYS_TERMINATION_d_app_DAYS_LAST_PHONE_CHANGE_min,746.7671287059784,77
10,f103_nyg_low_normal_DAYS_TERMINATION_d_app_DAYS_ID_PUBLISH_max,316.29042077064514,40
10,f103_nyg_low_normal_DAYS_TERMINATION_s_DAYS_DECISIONS_min,1292.027654826641,150
10,f103_nyg_low_normal_DAYS_TERMINATION_d_app_DAYS_LAST_PHONE_CHANGE_max_div_min,8.730649948120117,1
10,f103_nyg_low_normal_DAYS_TERMINATION_d_app_DAYS_REGISTRATION_max_div_min,0.0,0
10,f103_nyg_low_normal_DAYS_TERMINATION_d_app_DAYS_LAST_PHONE_CHANGE_mean,617.6870224475861,73
10,f103_nyg_low_normal_DAYS_TERMINATION_d_app_DAYS_REGISTRATION_min,388.8671907186508,47
10,f103_nyg_low_normal_DAYS_TERMINATION_d_app_DAYS_REGISTRATION_mean,229.57970905303955,25
10,f103_nyg_low_normal_DAYS_TERMINATION_s_app_DAYS_EMPLOYED_std_div_mean,16.848219871520996,2
10,f103_nyg_low_normal_DAYS_TERMINATION_s_DAYS_LAST_DUE_1ST_VERSION_std_div_mean,12.995320081710815,2
10,f103_nyg_low_normal_DAYS_TERMINATION_s_DAYS_DECISIONS_max_div_min,5.235599994659424,1
10,f103_nyg_low_normal_DAYS_TERMINATION_s_DAYS_FIRST_DUE_std,0.0,0
10,f103_nyg_low_normal_DAYS_TERMINATION_s_app_DAYS_ID_PUBLISH_std_div_mean,22.19130039215088,2
10,f103_nyg_low_normal_DAYS_TERMINATION_s_app_DAYS_EMPLOYED_max_div_min,0.0,0
10,f103_nyg_low_normal_DAYS_TERMINATION_s_DAYS_LAST_DUE_1ST_VERSION_max_div_min,0.0,0
10,f103_nyg_low_normal_DAYS_TERMINATION_s_app_DAYS_ID_PUBLISH_max_div_min,27.87129020690918,3
10,f103_nyg_low_normal_DAYS_TERMINATION_s_DAYS_FIRST_DUE_max_div_min,23.926199913024902,3
10,f103_nyg_low_normal_DAYS_TERMINATION_s_DAYS_LAST_DUE_max_div_min,16.10100030899048,2
10,f103_nyg_low_normal_DAYS_TERMINATION_s_app_DAYS_LAST_PHONE_CHANGE_max_div_min,14.383110046386719,2
10,f103_nyg_low_normal_HOUR_APPR_PROCESS_START_std,54.97461938858032,7
10,f103_nyg_low_normal_DAYS_TERMINATION_s_app_DAYS_REGISTRATION_max_div_min,0.0,0
10,f103_nyg_low_normal_HOUR_APPR_PROCESS_START_max_div_min,59.0894296169281,8
10,f103_nyg_low_normal_NAME_CASH_LOAN_PURPOSE_Business_development_mean,0.0,0
10,f103_nyg_low_normal_NAME_CASH_LOAN_PURPOSE_Business_development_sum,0.0,0
10,f103_nyg_low_normal_NAME_CASH_LOAN_PURPOSE_Building_a_house_or_an_annex_sum,0.0,0
10,f103_nyg_low_normal_NAME_CASH_LOAN_PURPOSE_Buying_a_new_car_mean,0.0,0
10,f103_nyg_low_normal_NAME_CASH_LOAN_PURPOSE_Buying_a_garage_mean,0.0,0
10,f103_nyg_low_normal_NAME_CASH_LOAN_PURPOSE_Buying_a_home_sum,0.0,0
10,f103_nyg_low_normal_NAME_CASH_LOAN_PURPOSE_Buying_a_used_car_sum,0.0,0
10,f103_nyg_low_normal_NAME_CASH_LOAN_PURPOSE_Building_a_house_or_an_annex_mean,0.0,0
10,f103_nyg_low_normal_NAME_CASH_LOAN_PURPOSE_Buying_a_garage_sum,0.0,0
10,f103_nyg_low_normal_NAME_CASH_LOAN_PURPOSE_Education_mean,0.0,0
10,f103_nyg_low_normal_NAME_CASH_LOAN_PURPOSE_Buying_a_holiday_home___land_sum,0.0,0
10,f103_nyg_low_normal_NAME_CASH_LOAN_PURPOSE_Buying_a_holiday_home___land_mean,0.0,0
10,f103_nyg_low_normal_NAME_CASH_LOAN_PURPOSE_Car_repairs_mean,0.0,0
10,f103_nyg_low_normal_NAME_CASH_LOAN_PURPOSE_Gasification___water_supply_mean,0.0,0
10,f103_nyg_low_normal_NAME_CASH_LOAN_PURPOSE_Buying_a_used_car_mean,0.0,0
10,f103_nyg_low_normal_NAME_CASH_LOAN_PURPOSE_Gasification___water_supply_sum,0.0,0
10,f103_nyg_low_normal_NAME_CASH_LOAN_PURPOSE_Buying_a_new_car_sum,0.0,0
10,f103_nyg_low_normal_NAME_CASH_LOAN_PURPOSE_Buying_a_home_mean,0.0,0
10,f103_nyg_low_normal_NAME_CASH_LOAN_PURPOSE_Everyday_expenses_sum,0.0,0
10,f103_nyg_low_normal_NAME_CASH_LOAN_PURPOSE_Furniture_mean,0.0,0
10,f103_nyg_low_normal_NAME_CASH_LOAN_PURPOSE_Everyday_expenses_mean,0.0,0
10,f103_nyg_low_normal_NAME_CASH_LOAN_PURPOSE_Payments_on_other_loans_mean,0.0,0
10,f103_nyg_low_normal_NAME_CASH_LOAN_PURPOSE_Hobby_mean,0.0,0
10,f103_nyg_low_normal_NAME_CASH_LOAN_PURPOSE_Hobby_sum,0.0,0
10,f103_nyg_low_normal_NAME_CASH_LOAN_PURPOSE_Urgent_needs_sum,0.0,0
10,f103_nyg_low_normal_NAME_CASH_LOAN_PURPOSE_Furniture_sum,0.0,0
10,f103_nyg_low_normal_NAME_CASH_LOAN_PURPOSE_Journey_sum,0.0,0
10,f103_nyg_low_normal_NAME_CASH_LOAN_PURPOSE_Other_mean,0.0,0
10,f103_nyg_low_normal_NAME_CASH_LOAN_PURPOSE_Journey_mean,0.0,0
10,f103_nyg_low_normal_NAME_CASH_LOAN_PURPOSE_Payments_on_other_loans_sum,0.0,0
10,f103_nyg_low_normal_NAME_CASH_LOAN_PURPOSE_Medicine_mean,0.0,0
10,f103_nyg_low_normal_NAME_CASH_LOAN_PURPOSE_Purchase_of_electronic_equipment_mean,0.0,0
10,f103_nyg_low_normal_NAME_CASH_LOAN_PURPOSE_Medicine_sum,0.0,0
10,f103_nyg_low_normal_NAME_CASH_LOAN_PURPOSE_Urgent_needs_mean,0.0,0
10,f103_nyg_low_normal_NAME_CASH_LOAN_PURPOSE_XAP_sum,61.307270526885986,5
10,f103_nyg_low_normal_NAME_CASH_LOAN_PURPOSE_Repairs_sum,0.0,0
10,f103_nyg_low_normal_NAME_CASH_LOAN_PURPOSE_Other_sum,0.0,0
10,f103_nyg_low_normal_NAME_CASH_LOAN_PURPOSE_Wedding___gift___holiday_sum,0.0,0
10,f103_nyg_low_normal_NAME_CASH_LOAN_PURPOSE_Purchase_of_electronic_equipment_sum,0.0,0
10,f103_nyg_low_normal_NAME_CASH_LOAN_PURPOSE_Wedding___gift___holiday_mean,0.0,0
10,f103_nyg_low_normal_NAME_CONTRACT_STATUS_Canceled_mean,0.0,0
10,f103_nyg_low_normal_NAME_CASH_LOAN_PURPOSE_Repairs_mean,14.741769790649414,2
10,f103_nyg_low_normal_NAME_CONTRACT_STATUS_Canceled_sum,0.0,0
10,f103_nyg_low_normal_NAME_CLIENT_TYPE_Repeater_sum,34.22699975967407,4
10,f103_nyg_low_normal_NAME_CONTRACT_STATUS_Unused_offer_sum,0.0,0
10,f103_nyg_low_normal_NAME_CLIENT_TYPE_Repeater_mean,11.805999755859375,1
10,f103_nyg_low_normal_NAME_GOODS_CATEGORY_Computers_sum,16.01520013809204,2
10,f103_nyg_low_normal_NAME_CONTRACT_TYPE_Cash_loans_sum,59.110220432281494,7
10,f103_nyg_low_normal_NAME_GOODS_CATEGORY_Clothing_and_Accessories_mean,10.13359022140503,2
10,f103_nyg_low_normal_NAME_CONTRACT_TYPE_Consumer_loans_sum,0.0,0
10,f103_nyg_low_normal_NAME_CONTRACT_STATUS_Unused_offer_mean,0.0,0
10,f103_nyg_low_normal_NAME_GOODS_CATEGORY_Clothing_and_Accessories_sum,0.0,0
10,f103_nyg_low_normal_NAME_GOODS_CATEGORY_Audio_Video_sum,82.11145973205566,7
10,f103_nyg_low_normal_NAME_GOODS_CATEGORY_Auto_Accessories_mean,0.0,0
10,f103_nyg_low_normal_NAME_GOODS_CATEGORY_Education_mean,0.0,0
11,f103_nyg_low_normal_NAME_GOODS_CATEGORY_Computers_mean,20.835870265960693,2
11,f103_nyg_low_normal_NAME_GOODS_CATEGORY_Construction_Materials_sum,0.0,0
11,f103_nyg_low_normal_NAME_GOODS_CATEGORY_Additional_Service_mean,0.0,0
11,f103_nyg_low_normal_NAME_GOODS_CATEGORY_Direct_Sales_mean,0.0,0
11,f103_nyg_low_normal_NAME_GOODS_CATEGORY_Auto_Accessories_sum,0.0,0
11,f103_nyg_low_normal_NAME_GOODS_CATEGORY_Audio_Video_mean,40.588669776916504,3
11,f103_nyg_low_normal_NAME_GOODS_CATEGORY_Consumer_Electronics_sum,0.0,0
11,f103_nyg_low_normal_NAME_GOODS_CATEGORY_Fitness_sum,0.0,0
11,f103_nyg_low_normal_NAME_GOODS_CATEGORY_Fitness_mean,0.0,0
11,f103_nyg_low_normal_NAME_GOODS_CATEGORY_Additional_Service_sum,0.0,0
11,f103_nyg_low_normal_NAME_GOODS_CATEGORY_Consumer_Electronics_mean,13.54056978225708,2
11,f103_nyg_low_normal_NAME_GOODS_CATEGORY_Education_sum,0.0,0
11,f103_nyg_low_normal_NAME_GOODS_CATEGORY_Construction_Materials_mean,0.0,0
11,f103_nyg_low_normal_NAME_GOODS_CATEGORY_Homewares_mean,8.618040084838867,1
11,f103_nyg_low_normal_NAME_GOODS_CATEGORY_Gardening_mean,0.0,0
11,f103_nyg_low_normal_NAME_GOODS_CATEGORY_Furniture_mean,0.0,0
11,f103_nyg_low_normal_NAME_GOODS_CATEGORY_Homewares_sum,0.0,0
11,f103_nyg_low_normal_NAME_GOODS_CATEGORY_Jewelry_mean,0.0,0
11,f103_nyg_low_normal_NAME_GOODS_CATEGORY_Gardening_sum,0.0,0
11,f103_nyg_low_normal_NAME_GOODS_CATEGORY_Direct_Sales_sum,0.0,0
11,f103_nyg_low_normal_NAME_GOODS_CATEGORY_Medical_Supplies_sum,0.0,0
11,f103_nyg_low_normal_NAME_GOODS_CATEGORY_Office_Appliances_mean,0.0,0
11,f103_nyg_low_normal_NAME_GOODS_CATEGORY_Furniture_sum,0.0,0
11,f103_nyg_low_normal_NAME_GOODS_CATEGORY_Medicine_sum,0.0,0
11,f103_nyg_low_normal_NAME_GOODS_CATEGORY_Mobile_sum,14.01259994506836,1
11,f103_nyg_low_normal_NAME_GOODS_CATEGORY_Photo___Cinema_Equipment_sum,0.0,0
11,f103_nyg_low_normal_NAME_GOODS_CATEGORY_Medical_Supplies_mean,0.0,0
11,f103_nyg_low_normal_NAME_GOODS_CATEGORY_Vehicles_sum,0.0,0
11,f103_nyg_low_normal_NAME_GOODS_CATEGORY_Vehicles_mean,0.0,0
11,f103_nyg_low_normal_NAME_GOODS_CATEGORY_Office_Appliances_sum,0.0,0
11,f103_nyg_low_normal_NAME_GOODS_CATEGORY_Medicine_mean,0.0,0
11,f103_nyg_low_normal_NAME_GOODS_CATEGORY_Mobile_mean,41.733530044555664,4
11,f103_nyg_low_normal_NAME_GOODS_CATEGORY_Photo___Cinema_Equipment_mean,0.0,0
11,f103_nyg_low_normal_NAME_GOODS_CATEGORY_Sport_and_Leisure_sum,0.0,0
11,f103_nyg_low_normal_NAME_GOODS_CATEGORY_Tourism_sum,0.0,0
11,f103_nyg_low_normal_NAME_GOODS_CATEGORY_Sport_and_Leisure_mean,0.0,0
11,f103_nyg_low_normal_NAME_GOODS_CATEGORY_Jewelry_sum,0.0,0
11,f103_nyg_low_normal_NAME_PAYMENT_TYPE_Cash_through_the_bank_sum,16.597169876098633,2
11,f103_nyg_low_normal_NAME_GOODS_CATEGORY_Tourism_mean,0.0,0
11,f103_nyg_low_normal_NAME_GOODS_CATEGORY_XNA_sum,117.41805839538574,9
11,f103_nyg_low_normal_NAME_PAYMENT_TYPE_XNA_mean,27.96324920654297,3
11,f103_nyg_low_normal_NAME_PAYMENT_TYPE_Non_cash_from_your_account_mean,0.0,0
11,f103_nyg_low_normal_NAME_PAYMENT_TYPE_Cashless_from_the_account_of_the_employer_mean,0.0,0
11,f103_nyg_low_normal_NAME_PAYMENT_TYPE_Cashless_from_the_account_of_the_employer_sum,0.0,0
11,f103_nyg_low_normal_NAME_PAYMENT_TYPE_Cash_through_the_bank_mean,17.835819721221924,2
11,f103_nyg_low_normal_NAME_PAYMENT_TYPE_XNA_sum,0.0,0
11,f103_nyg_low_normal_NAME_PAYMENT_TYPE_Non_cash_from_your_account_sum,0.0,0
11,f103_nyg_low_normal_NAME_PORTFOLIO_POS_sum,29.765100479125977,2
11,f103_nyg_low_normal_NAME_PRODUCT_TYPE_XNA_sum,104.64379978179932,5
11,f103_nyg_low_normal_NAME_SELLER_INDUSTRY_Connectivity_mean,0.0,0
11,f103_nyg_low_normal_NAME_SELLER_INDUSTRY_Auto_technology_sum,0.0,0
11,f103_nyg_low_normal_NAME_PORTFOLIO_Cash_sum,28.84469985961914,2
11,f103_nyg_low_normal_NAME_SELLER_INDUSTRY_Consumer_electronics_sum,115.44629859924316,9
11,f103_nyg_low_normal_NAME_SELLER_INDUSTRY_Clothing_mean,0.0,0
11,f103_nyg_low_normal_NAME_SELLER_INDUSTRY_Auto_technology_mean,0.0,0
11,f103_nyg_low_normal_NAME_SELLER_INDUSTRY_Clothing_sum,0.0,0
11,f103_nyg_low_normal_NAME_SELLER_INDUSTRY_Construction_sum,0.0,0
11,f103_nyg_low_normal_NAME_SELLER_INDUSTRY_Connectivity_sum,0.0,0
11,f103_nyg_low_normal_NAME_SELLER_INDUSTRY_Construction_mean,0.0,0
11,f103_nyg_low_normal_NAME_SELLER_INDUSTRY_Industry_sum,0.0,0
11,f103_nyg_low_normal_NAME_SELLER_INDUSTRY_Furniture_mean,10.205100059509277,1
11,f103_nyg_low_normal_NAME_SELLER_INDUSTRY_Jewelry_mean,0.0,0
11,f103_nyg_low_normal_NAME_SELLER_INDUSTRY_MLM_partners_sum,0.0,0
11,f103_nyg_low_normal_NAME_SELLER_INDUSTRY_Tourism_mean,0.0,0
11,f103_nyg_low_normal_NAME_SELLER_INDUSTRY_Furniture_sum,0.0,0
11,f103_nyg_low_normal_NAME_SELLER_INDUSTRY_Industry_mean,0.0,0
11,f103_nyg_low_normal_NAME_TYPE_SUITE_Group_of_people_mean,0.0,0
11,f103_nyg_low_normal_NAME_TYPE_SUITE_Other_A_mean,0.0,0
11,f103_nyg_low_normal_NAME_SELLER_INDUSTRY_Jewelry_sum,0.0,0
11,f103_nyg_low_normal_NAME_SELLER_INDUSTRY_MLM_partners_mean,0.0,0
11,f103_nyg_low_normal_NAME_SELLER_INDUSTRY_Tourism_sum,0.0,0
11,f103_nyg_low_normal_NAME_TYPE_SUITE_Family_sum,10.336899757385254,1
11,f103_nyg_low_normal_NAME_TYPE_SUITE_Group_of_people_sum,0.0,0
11,f103_nyg_low_normal_NAME_TYPE_SUITE_Family_mean,0.0,0
11,f103_nyg_low_normal_NAME_SELLER_INDUSTRY_XNA_sum,23.79349994659424,2
11,f103_nyg_low_normal_NAME_SELLER_INDUSTRY_XNA_mean,19.924100875854492,1
11,f103_nyg_low_normal_NAME_TYPE_SUITE_Children_sum,0.0,0
11,f103_nyg_low_normal_NAME_TYPE_SUITE_Children_mean,0.0,0
11,f103_nyg_low_normal_NAME_TYPE_SUITE_Other_A_sum,0.0,0
11,f103_nyg_low_normal_NFLAG_LAST_APPL_IN_DAY_std,0.0,0
11,f103_nyg_low_normal_NAME_TYPE_SUITE_Other_B_sum,0.0,0
11,f103_nyg_low_normal_NAME_TYPE_SUITE_Unaccompanied_mean,45.5405011177063,4
11,f103_nyg_low_normal_NFLAG_LAST_APPL_IN_DAY_max,0.0,0
11,f103_nyg_low_normal_NFLAG_LAST_APPL_IN_DAY_mean,0.0,0
11,f103_nyg_low_normal_NAME_TYPE_SUITE_Unaccompanied_sum,7.050960063934326,1
11,f103_nyg_low_normal_PRODUCT_COMBINATION_POS_industry_without_interest_mean,0.0,0
11,f103_nyg_low_normal_NAME_TYPE_SUITE_Other_B_mean,0.0,0
11,f103_nyg_low_normal_PRODUCT_COMBINATION_POS_industry_with_interest_mean,9.241020202636719,1
11,f103_nyg_low_normal_NAME_TYPE_SUITE_Spouse__partner_mean,0.0,0
11,f103_nyg_low_normal_NFLAG_LAST_APPL_IN_DAY_std_div_mean,0.0,0
11,f103_nyg_low_normal_NAME_YIELD_GROUP_low_normal_sum,18.85569953918457,1
11,f103_nyg_low_normal_PRODUCT_COMBINATION_POS_household_without_interest_mean,0.0,0
11,f103_nyg_low_normal_NAME_TYPE_SUITE_Spouse__partner_sum,0.0,0
11,f103_nyg_low_normal_PREV_COUNT,0.0,0
11,f103_nyg_low_normal_RATE_DOWN_PAYMENT_std_div_mean,0.0,0
11,f103_nyg_low_normal_NFLAG_LAST_APPL_IN_DAY_min,0.0,0
11,f103_nyg_low_normal_PRODUCT_COMBINATION_POS_mobile_without_interest_mean,45.274330615997314,5
11,f103_nyg_low_normal_PRODUCT_COMBINATION_POS_household_without_interest_sum,0.0,0
11,f103_nyg_low_normal_PRODUCT_COMBINATION_POS_other_with_interest_mean,7.899740219116211,1
11,f103_nyg_low_normal_PRODUCT_COMBINATION_POS_others_without_interest_mean,0.0,0
11,f103_nyg_low_normal_PRODUCT_COMBINATION_POS_industry_without_interest_sum,0.0,0
11,f103_nyg_low_normal_PRODUCT_COMBINATION_POS_mobile_without_interest_sum,0.0,0
11,f103_nyg_low_normal_RATE_DOWN_PAYMENT_std,10.231900215148926,1
11,f103_nyg_low_normal_PRODUCT_COMBINATION_POS_mobile_with_interest_sum,0.0,0
11,f103_nyg_low_normal_PRODUCT_COMBINATION_POS_industry_with_interest_sum,0.0,0
11,f103_nyg_low_normal_RATE_DOWN_PAYMENT_max_div_min,0.0,0
11,f103_nyg_low_normal_PRODUCT_COMBINATION_POS_others_without_interest_sum,0.0,0
11,f103_nyg_low_normal_SELLERPLACE_AREA_std_div_mean,18.3546199798584,2
11,f103_nyg_low_normal_PRODUCT_COMBINATION_POS_other_with_interest_sum,0.0,0
11,f103_nyg_low_normal_RATE_DOWN_PAYMENT_mean,35.34943962097168,4
11,f103_nyg_low_normal_RATE_DOWN_PAYMENT_max,168.55548000335693,17
11,f103_nyg_low_normal_PRODUCT_COMBINATION_POS_mobile_with_interest_mean,0.0,0
11,f103_nyg_low_normal_SELLERPLACE_AREA_max,297.49861001968384,26
11,f103_nyg_low_normal_SELLERPLACE_AREA_mean,248.5787811279297,23
11,f103_nyg_low_normal_RATE_DOWN_PAYMENT_min,34.43057060241699,4
11,f103_nyg_low_normal_WEEKDAY_APPR_PROCESS_START_SATURDAY_mean,9.51282024383545,1
11,f103_nyg_low_normal_SELLERPLACE_AREA_max_div_min,10.677599906921387,1
11,f103_nyg_low_normal_WEEKDAY_APPR_PROCESS_START_MONDAY_mean,60.27723026275635,7
11,f103_nyg_low_normal_WEEKDAY_APPR_PROCESS_START_MONDAY_sum,24.063740730285645,2
11,f103_nyg_low_normal_WEEKDAY_APPR_PROCESS_START_THURSDAY_mean,33.28022003173828,3
11,f103_nyg_low_normal_WEEKDAY_APPR_PROCESS_START_FRIDAY_sum,0.0,0
11,f103_nyg_low_normal_SELLERPLACE_AREA_min,255.42530059814453,24
11,f103_nyg_low_normal_WEEKDAY_APPR_PROCESS_START_SUNDAY_sum,0.0,0
11,f103_nyg_low_normal_active_std,39.63512992858887,4
11,f103_nyg_low_normal_WEEKDAY_APPR_PROCESS_START_SATURDAY_sum,0.0,0
11,f103_nyg_low_normal_WEEKDAY_APPR_PROCESS_START_FRIDAY_mean,24.57337999343872,3
11,f103_nyg_low_normal_WEEKDAY_APPR_PROCESS_START_TUESDAY_sum,8.430379867553711,1
11,f103_nyg_low_normal_WEEKDAY_APPR_PROCESS_START_TUESDAY_mean,59.04248094558716,6
11,f103_nyg_low_normal_amt_paid_std,20.275389671325684,2
11,f103_nyg_low_normal_WEEKDAY_APPR_PROCESS_START_WEDNESDAY_mean,16.0485200881958,2
11,f103_nyg_low_normal_WEEKDAY_APPR_PROCESS_START_THURSDAY_sum,29.169520378112793,3
11,f103_nyg_low_normal_WEEKDAY_APPR_PROCESS_START_WEDNESDAY_sum,0.0,0
11,f103_nyg_low_normal_active_mean,60.050400733947754,5
11,f103_nyg_low_normal_WEEKDAY_APPR_PROCESS_START_SUNDAY_mean,0.0,0
11,f103_nyg_low_normal_active_min,0.0,0
11,f103_nyg_low_normal_active_sum,35.58761024475098,3
11,f103_nyg_low_normal_amt_paid_std_div_mean,9.0549898147583,1
11,f103_nyg_low_normal_active_max,0.0,0
11,f103_nyg_low_normal_amt_unpaid_min,720.9179039001465,47
11,f103_nyg_low_normal_amt_paid_max_div_min,49.680298805236816,4
11,f103_nyg_low_normal_cnt_paid_std_div_mean,0.0,0
11,f103_nyg_low_normal_cnt_paid_ratio_max_div_min,174.6569995880127,8
11,f103_nyg_low_normal_amt_unpaid_max_div_min,26.243440628051758,3
11,f103_nyg_low_normal_cnt_paid_mean,410.4042820930481,28
11,f103_nyg_low_normal_cnt_paid_max,167.74293994903564,11
11,f103_nyg_low_normal_cnt_paid_min,315.75970220565796,22
11,f103_nyg_low_normal_amt_unpaid_sum,150.61309099197388,16
11,f103_nyg_low_normal_amt_unpaid_mean,491.5687999725342,34
11,f103_nyg_low_normal_cnt_paid_max_div_min,58.28569984436035,2
11,f103_nyg_low_normal_amt_unpaid_max,422.8991756439209,27
11,f103_nyg_low_normal_cnt_unpaid_max_div_min,17.45952033996582,2
11,f103_nyg_low_normal_cnt_paid_std,15.601490020751953,2
11,f103_nyg_low_normal_interest_rate_diff_max_div_min,101.18786001205444,9
11,f103_nyg_low_normal_completed_std_div_mean,9.856329917907715,1
11,f103_nyg_low_normal_interest_rate_diff_std_div_mean,59.73060989379883,6
11,f103_nyg_low_normal_interest_rate_diff_std,30.176320552825928,3
11,f103_nyg_low_normal_interest_rate_std_div_mean,85.13541984558105,6
11,f103_nyg_low_normal_cnt_unpaid_sum,590.6355819702148,53
11,f103_nyg_low_normal_interest_rate_pctchange_max_div_min,104.98714113235474,9
11,f103_nyg_low_normal_interest_rate_pctchange_std_div_mean,41.892990589141846,5
11,f103_nyg_low_normal_total_debt_diff_mean,308.8567099571228,26
11,f103_nyg_low_normal_interest_rate_max_div_min,23.71572971343994,2
11,f103_nyg_low_normal_total_debt_diff_max_div_min,44.3897705078125,5
11,f103_nyg_low_normal_total_debt_diff_std_div_mean,73.65456962585449,6
11,f103_nyg_low_normal_total_debt_diff_min,866.4226951599121,51
11,f103_nyg_low_normal_total_debt_diff_max,209.30663919448853,19
11,f103_nyg_low_normal_total_debt_mean,416.0727906227112,39
11,f103_nyg_low_normal_total_debt_pctchange_mean,457.71897983551025,36
11,f103_nyg_low_normal_total_debt_pctchange_max_div_min,72.64947032928467,5
11,f103_nyg_low_normal_total_debt_max_div_min,26.97464942932129,3
11,f103_nyg_low_normal_total_debt_pctchange_max,376.5586233139038,29
11,f103_nyg_low_normal_total_debt_pctchange_min,604.871096611023,41
11,f103_nyg_low_normal_total_debt_max,468.9329171180725,42
11,f103_nyg_low_normal_total_debt_std_div_mean,225.07363939285278,21
11,f103_nyg_low_normal_total_debt_pctchange_std_div_mean,178.98195934295654,16
11,f103_nyg_middle_AMT_ANNUITY_d_app_AMT_ANNUITY_diff_std,148.13283920288086,11
11,f103_nyg_low_normal_total_debt_min,1080.058524131775,86
11,f103_nyg_middle_AMT_ANNUITY_d_app_AMT_ANNUITY_diff_std_div_mean,66.3292007446289,5
11,f103_nyg_middle_AMT_ANNUITY_d_app_AMT_ANNUITY_std,70.17297077178955,5
11,f103_nyg_middle_AMT_ANNUITY_d_app_AMT_ANNUITY_diff_mean,167.2945499420166,14
11,f103_nyg_middle_AMT_ANNUITY_d_app_AMT_ANNUITY_diff_max_div_min,0.0,0
11,f103_nyg_middle_AMT_ANNUITY_d_app_AMT_ANNUITY_diff_min,164.98634099960327,17
11,f103_nyg_middle_AMT_ANNUITY_d_app_AMT_ANNUITY_pctchange_mean,213.99355125427246,20
11,f103_nyg_middle_AMT_ANNUITY_d_app_AMT_ANNUITY_pctchange_min,88.65913009643555,9
11,f103_nyg_middle_AMT_ANNUITY_d_app_AMT_ANNUITY_max,491.06794929504395,36
11,f103_nyg_middle_AMT_ANNUITY_d_app_AMT_ANNUITY_mean,453.6172299385071,32
11,f103_nyg_middle_AMT_ANNUITY_d_app_AMT_CREDIT_diff_std_div_mean,47.80650043487549,3
11,f103_nyg_middle_AMT_ANNUITY_d_app_AMT_ANNUITY_max_div_min,0.0,0
11,f103_nyg_middle_AMT_ANNUITY_d_app_AMT_ANNUITY_pctchange_max_div_min,66.70653057098389,5
11,f103_nyg_middle_AMT_ANNUITY_d_app_AMT_ANNUITY_std_div_mean,53.41950035095215,3
11,f103_nyg_middle_AMT_ANNUITY_d_app_AMT_CREDIT_diff_std,35.10356903076172,3
11,f103_nyg_middle_AMT_ANNUITY_d_app_AMT_ANNUITY_min,486.78858613967896,35
11,f103_nyg_middle_AMT_ANNUITY_d_app_AMT_CREDIT_diff_min,139.57021808624268,10
11,f103_nyg_middle_AMT_ANNUITY_d_app_AMT_CREDIT_diff_mean,92.99442100524902,6
11,f103_nyg_middle_AMT_ANNUITY_d_app_AMT_CREDIT_diff_max_div_min,13.058799743652344,1
11,f103_nyg_middle_AMT_ANNUITY_d_app_AMT_CREDIT_mean,558.9504919052124,42
11,f103_nyg_middle_AMT_ANNUITY_d_app_AMT_CREDIT_max,535.231457233429,39
11,f103_nyg_middle_AMT_ANNUITY_d_app_AMT_CREDIT_diff_max,76.88915061950684,6
11,f103_nyg_middle_AMT_ANNUITY_d_app_AMT_GOODS_PRICE_diff_max,100.30756950378418,8
11,f103_nyg_middle_AMT_ANNUITY_d_app_AMT_CREDIT_pctchange_min,34.24120044708252,2
11,f103_nyg_middle_AMT_ANNUITY_d_app_AMT_CREDIT_pctchange_max_div_min,34.9379997253418,2
11,f103_nyg_middle_AMT_ANNUITY_d_app_AMT_CREDIT_pctchange_mean,58.9021110534668,5
11,f103_nyg_middle_AMT_ANNUITY_d_app_AMT_CREDIT_std_div_mean,13.503399848937988,1
11,f103_nyg_middle_AMT_ANNUITY_d_app_AMT_CREDIT_max_div_min,19.380109786987305,2
11,f103_nyg_middle_AMT_ANNUITY_d_app_AMT_GOODS_PRICE_diff_std_div_mean,11.180899620056152,1
11,f103_nyg_middle_AMT_ANNUITY_d_app_AMT_CREDIT_min,567.9094514846802,39
11,f103_nyg_middle_AMT_ANNUITY_d_app_AMT_CREDIT_std,37.55563974380493,4
11,f103_nyg_middle_AMT_ANNUITY_d_app_AMT_GOODS_PRICE_diff_std,74.91310024261475,4
11,f103_nyg_middle_AMT_ANNUITY_d_app_AMT_GOODS_PRICE_diff_mean,93.81193923950195,8
11,f103_nyg_middle_AMT_ANNUITY_d_app_AMT_GOODS_PRICE_diff_max_div_min,14.077799797058105,1
11,f103_nyg_middle_AMT_ANNUITY_d_app_AMT_GOODS_PRICE_diff_min,62.31761884689331,6
11,f103_nyg_middle_AMT_ANNUITY_d_app_AMT_GOODS_PRICE_max_div_min,0.0,0
11,f103_nyg_middle_AMT_ANNUITY_d_app_AMT_GOODS_PRICE_max,270.70910930633545,22
11,f103_nyg_middle_AMT_ANNUITY_d_app_AMT_GOODS_PRICE_min,432.2645812034607,36
11,f103_nyg_middle_AMT_ANNUITY_d_app_AMT_GOODS_PRICE_std,33.931650161743164,3
11,f103_nyg_middle_AMT_ANNUITY_d_app_AMT_GOODS_PRICE_pctchange_min,76.68930912017822,7
11,f103_nyg_middle_AMT_ANNUITY_d_app_AMT_GOODS_PRICE_std_div_mean,9.06091022491455,1
11,f103_nyg_middle_AMT_ANNUITY_d_app_AMT_INCOME_TOTAL_diff_max_div_min,0.0,0
11,f103_nyg_middle_AMT_ANNUITY_d_app_AMT_INCOME_TOTAL_pctchange_max_div_min,22.062000274658203,1
11,f103_nyg_middle_AMT_ANNUITY_d_app_AMT_INCOME_TOTAL_diff_max,82.97038078308105,6
11,f103_nyg_middle_AMT_ANNUITY_d_app_AMT_GOODS_PRICE_pctchange_max_div_min,16.071199417114258,1
11,f103_nyg_middle_AMT_ANNUITY_d_app_AMT_GOODS_PRICE_pctchange_mean,36.43991041183472,4
11,f103_nyg_middle_AMT_ANNUITY_d_app_AMT_GOODS_PRICE_mean,342.6105418205261,30
11,f103_nyg_middle_AMT_ANNUITY_d_app_AMT_INCOME_TOTAL_diff_std,23.033000946044922,1
11,f103_nyg_middle_AMT_ANNUITY_d_app_AMT_INCOME_TOTAL_diff_std_div_mean,0.0,0
11,f103_nyg_middle_AMT_ANNUITY_d_app_AMT_INCOME_TOTAL_max_div_min,18.520960330963135,2
11,f103_nyg_middle_AMT_ANNUITY_d_app_AMT_INCOME_TOTAL_min,361.2894997596741,34
11,f103_nyg_middle_AMT_ANNUITY_d_app_AMT_INCOME_TOTAL_diff_mean,116.41005945205688,9
11,f103_nyg_middle_AMT_ANNUITY_d_app_AMT_INCOME_TOTAL_pctchange_mean,12.241499900817871,1
11,f103_nyg_middle_AMT_ANNUITY_d_app_AMT_INCOME_TOTAL_mean,359.6424865722656,32
11,f103_nyg_middle_AMT_ANNUITY_d_app_AMT_INCOME_TOTAL_std_div_mean,0.0,0
11,f103_nyg_middle_AMT_ANNUITY_d_app_AMT_INCOME_TOTAL_diff_min,114.83724069595337,11
11,f103_nyg_middle_AMT_ANNUITY_m_app_AMT_GOODS_PRICE_d_app_AMT_INCOME_TOTAL_diff_std,86.6801986694336,5
11,f103_nyg_middle_AMT_ANNUITY_d_app_AMT_INCOME_TOTAL_std,46.68682909011841,4
11,f103_nyg_middle_AMT_ANNUITY_m_app_AMT_GOODS_PRICE_d_app_AMT_INCOME_TOTAL_diff_max_div_min,0.0,0
11,f103_nyg_middle_AMT_ANNUITY_m_app_AMT_GOODS_PRICE_d_app_AMT_INCOME_TOTAL_diff_max,42.18952989578247,4
11,f103_nyg_middle_AMT_ANNUITY_m_app_AMT_GOODS_PRICE_d_app_AMT_INCOME_TOTAL_diff_mean,87.37591028213501,8
11,f103_nyg_middle_AMT_ANNUITY_m_app_AMT_GOODS_PRICE_d_app_AMT_INCOME_TOTAL_diff_std_div_mean,0.0,0
11,f103_nyg_middle_AMT_ANNUITY_d_app_AMT_INCOME_TOTAL_max,368.43621730804443,33
11,f103_nyg_middle_AMT_ANNUITY_m_app_AMT_GOODS_PRICE_d_app_AMT_INCOME_TOTAL_pctchange_mean,154.05146026611328,12
11,f103_nyg_middle_AMT_ANNUITY_m_app_AMT_GOODS_PRICE_d_app_AMT_INCOME_TOTAL_diff_min,60.51789951324463,5
11,f103_nyg_middle_AMT_ANNUITY_m_app_AMT_GOODS_PRICE_d_app_AMT_INCOME_TOTAL_pctchange_std,7.002920150756836,1
11,f103_nyg_middle_AMT_ANNUITY_m_app_AMT_GOODS_PRICE_d_app_AMT_INCOME_TOTAL_pctchange_min,25.063710689544678,3
11,f103_nyg_middle_AMT_ANNUITY_d_app_AMT_INCOME_TOTAL_pctchange_min,0.0,0
11,f103_nyg_middle_AMT_ANNUITY_m_app_AMT_GOODS_PRICE_d_app_AMT_INCOME_TOTAL_pctchange_max_div_min,11.531399726867676,1
11,f103_nyg_middle_AMT_ANNUITY_m_app_AMT_GOODS_PRICE_d_app_AMT_INCOME_TOTAL_pctchange_max,86.3296308517456,7
11,f103_nyg_middle_AMT_ANNUITY_m_app_AMT_GOODS_PRICE_d_app_AMT_INCOME_TOTAL_max,334.3336977958679,25
11,f103_nyg_middle_AMT_ANNUITY_m_app_AMT_GOODS_PRICE_d_app_AMT_INCOME_TOTAL_max_div_min,6.838449954986572,1
11,f103_nyg_middle_AMT_ANNUITY_m_app_AMT_GOODS_PRICE_d_app_AMT_INCOME_TOTAL_pctchange_std_div_mean,23.135890007019043,2
11,f103_nyg_middle_AMT_ANNUITY_m_app_AMT_GOODS_PRICE_d_app_AMT_INCOME_TOTAL_std,0.0,0
11,f103_nyg_middle_AMT_ANNUITY_m_app_AMT_GOODS_PRICE_d_app_AMT_INCOME_TOTAL_mean,275.13762283325195,23
11,f103_nyg_middle_AMT_ANNUITY_m_app_AMT_GOODS_PRICE_d_app_AMT_INCOME_TOTAL_std_div_mean,9.760430335998535,1
11,f103_nyg_middle_AMT_ANNUITY_mean,278.0688581466675,25
11,f103_nyg_middle_AMT_ANNUITY_m_app_AMT_GOODS_PRICE_d_app_AMT_INCOME_TOTAL_min,394.6452498435974,35
11,f103_nyg_middle_AMT_ANNUITY_min,614.7338109016418,52
11,f103_nyg_middle_AMT_ANNUITY_s_app_AMT_ANNUITY_d_app_AMT_INCOME_TOTAL_diff_std_div_mean,0.0,0
11,f103_nyg_middle_AMT_ANNUITY_s_app_AMT_ANNUITY_d_app_AMT_INCOME_TOTAL_diff_max_div_min,0.0,0
11,f103_nyg_middle_AMT_ANNUITY_s_app_AMT_ANNUITY_d_app_AMT_INCOME_TOTAL_diff_std,14.452300071716309,1
11,f103_nyg_middle_AMT_ANNUITY_max_div_min,7.851359844207764,1
11,f103_nyg_middle_AMT_ANNUITY_s_app_AMT_ANNUITY_d_app_AMT_INCOME_TOTAL_diff_mean,34.60360050201416,2
11,f103_nyg_middle_AMT_ANNUITY_s_app_AMT_ANNUITY_d_app_AMT_INCOME_TOTAL_diff_max,25.093079566955566,2
11,f103_nyg_middle_AMT_ANNUITY_s_app_AMT_ANNUITY_d_app_AMT_INCOME_TOTAL_max_div_min,11.531999588012695,1
11,f103_nyg_middle_AMT_ANNUITY_s_app_AMT_ANNUITY_d_app_AMT_INCOME_TOTAL_std_div_mean,77.59990978240967,7
11,f103_nyg_middle_AMT_ANNUITY_s_app_AMT_ANNUITY_diff_min,67.91656017303467,7
11,f103_nyg_middle_AMT_ANNUITY_s_app_AMT_ANNUITY_d_app_AMT_INCOME_TOTAL_std,10.510199546813965,1
11,f103_nyg_middle_AMT_ANNUITY_max,522.6309204101562,44
11,f103_nyg_middle_AMT_ANNUITY_s_app_AMT_ANNUITY_d_app_AMT_INCOME_TOTAL_min,728.5695600509644,58
11,f103_nyg_middle_AMT_ANNUITY_s_app_AMT_ANNUITY_d_app_AMT_INCOME_TOTAL_mean,446.72985219955444,35
11,f103_nyg_middle_AMT_ANNUITY_s_app_AMT_ANNUITY_d_app_AMT_INCOME_TOTAL_diff_min,0.0,0
11,f103_nyg_middle_AMT_ANNUITY_s_app_AMT_ANNUITY_d_app_AMT_INCOME_TOTAL_max,571.5743432044983,43
11,f103_nyg_middle_AMT_ANNUITY_s_app_AMT_ANNUITY_diff_std_div_mean,0.0,0
11,f103_nyg_middle_AMT_ANNUITY_s_app_AMT_ANNUITY_diff_std,12.244199752807617,1
11,f103_nyg_middle_AMT_ANNUITY_s_app_AMT_ANNUITY_d_app_AMT_INCOME_TOTAL_pctchange_std_div_mean,45.03604984283447,5
11,f103_nyg_middle_AMT_ANNUITY_s_app_AMT_ANNUITY_diff_max,69.83400964736938,7
11,f103_nyg_middle_AMT_ANNUITY_s_app_AMT_ANNUITY_diff_max_div_min,0.0,0
11,f103_nyg_middle_AMT_ANNUITY_s_app_AMT_ANNUITY_mean,408.428590297699,30
11,f103_nyg_middle_AMT_ANNUITY_s_app_AMT_ANNUITY_min,747.9809803962708,50
11,f103_nyg_middle_AMT_ANNUITY_s_app_AMT_ANNUITY_diff_mean,30.2060604095459,3
11,f103_nyg_middle_AMT_ANNUITY_s_app_AMT_ANNUITY_max,413.05592012405396,33
11,f103_nyg_middle_AMT_ANNUITY_s_app_AMT_ANNUITY_pctchange_std_div_mean,47.79639911651611,3
11,f103_nyg_middle_AMT_ANNUITY_s_app_AMT_ANNUITY_std_div_mean,0.0,0
11,f103_nyg_middle_AMT_ANNUITY_s_app_AMT_CREDIT_d_app_AMT_INCOME_TOTAL_diff_min,0.0,0
11,f103_nyg_middle_AMT_ANNUITY_s_app_AMT_CREDIT_d_app_AMT_INCOME_TOTAL_std,7.333499908447266,1
11,f103_nyg_middle_AMT_ANNUITY_s_app_AMT_CREDIT_d_app_AMT_INCOME_TOTAL_diff_std,0.0,0
11,f103_nyg_middle_AMT_ANNUITY_s_app_AMT_CREDIT_d_app_AMT_INCOME_TOTAL_diff_std_div_mean,0.0,0
11,f103_nyg_middle_AMT_ANNUITY_s_app_AMT_CREDIT_d_app_AMT_INCOME_TOTAL_diff_max,0.0,0
11,f103_nyg_middle_AMT_ANNUITY_s_app_AMT_CREDIT_d_app_AMT_INCOME_TOTAL_pctchange_std_div_mean,25.31060028076172,2
11,f103_nyg_middle_AMT_ANNUITY_s_app_AMT_CREDIT_d_app_AMT_INCOME_TOTAL_diff_max_div_min,0.0,0
11,f103_nyg_middle_AMT_ANNUITY_s_app_AMT_ANNUITY_max_div_min,53.864200592041016,2
11,f103_nyg_middle_AMT_ANNUITY_s_app_AMT_CREDIT_d_app_AMT_INCOME_TOTAL_max,331.5699486732483,28
11,f103_nyg_middle_AMT_ANNUITY_s_app_AMT_CREDIT_d_app_AMT_INCOME_TOTAL_pctchange_std,70.6799898147583,5
11,f103_nyg_middle_AMT_ANNUITY_s_app_AMT_CREDIT_d_app_AMT_INCOME_TOTAL_diff_mean,0.0,0
11,f103_nyg_middle_AMT_ANNUITY_s_app_AMT_CREDIT_diff_std_div_mean,0.0,0
11,f103_nyg_middle_AMT_ANNUITY_s_app_AMT_CREDIT_d_app_AMT_INCOME_TOTAL_pctchange_mean,59.13881969451904,5
11,f103_nyg_middle_AMT_ANNUITY_s_app_AMT_CREDIT_d_app_AMT_INCOME_TOTAL_pctchange_min,77.70432996749878,5
11,f103_nyg_middle_AMT_ANNUITY_s_app_AMT_CREDIT_d_app_AMT_INCOME_TOTAL_max_div_min,22.608890056610107,2
11,f103_nyg_middle_AMT_ANNUITY_s_app_AMT_CREDIT_d_app_AMT_INCOME_TOTAL_pctchange_max_div_min,19.278579711914062,2
11,f103_nyg_middle_AMT_ANNUITY_s_app_AMT_CREDIT_max_div_min,13.843700408935547,1
11,f103_nyg_middle_AMT_ANNUITY_s_app_AMT_CREDIT_d_app_AMT_INCOME_TOTAL_std_div_mean,74.47032928466797,5
11,f103_nyg_middle_AMT_ANNUITY_s_app_AMT_CREDIT_max,1389.8434896469116,94
11,f103_nyg_middle_AMT_ANNUITY_s_app_AMT_CREDIT_d_app_AMT_INCOME_TOTAL_pctchange_max,97.92298126220703,9
11,f103_nyg_middle_AMT_ANNUITY_s_app_AMT_CREDIT_mean,1016.8732357025146,68
11,f103_nyg_middle_AMT_ANNUITY_s_app_AMT_CREDIT_d_app_AMT_INCOME_TOTAL_min,319.8047618865967,26
11,f103_nyg_middle_AMT_ANNUITY_s_app_AMT_CREDIT_pctchange_std_div_mean,0.0,0
11,f103_nyg_middle_AMT_ANNUITY_s_app_AMT_CREDIT_d_app_AMT_INCOME_TOTAL_mean,209.71159839630127,20
11,f103_nyg_middle_AMT_ANNUITY_s_app_AMT_CREDIT_pctchange_mean,29.624199867248535,2
11,f103_nyg_middle_AMT_ANNUITY_s_app_AMT_CREDIT_pctchange_std,0.0,0
11,f103_nyg_middle_AMT_ANNUITY_s_app_AMT_CREDIT_diff_std,14.801799774169922,1
11,f103_nyg_middle_AMT_ANNUITY_s_app_AMT_CREDIT_pctchange_max,11.987899780273438,1
11,f103_nyg_middle_AMT_ANNUITY_s_app_AMT_CREDIT_diff_max,56.40619087219238,5
11,f103_nyg_middle_AMT_ANNUITY_s_app_AMT_CREDIT_diff_max_div_min,0.0,0
11,f103_nyg_middle_AMT_ANNUITY_s_app_AMT_CREDIT_std_div_mean,9.553370475769043,1
11,f103_nyg_middle_AMT_ANNUITY_s_app_AMT_CREDIT_diff_min,20.6673002243042,2
11,f103_nyg_middle_AMT_ANNUITY_s_app_AMT_CREDIT_pctchange_min,24.039299964904785,2
11,f103_nyg_middle_AMT_ANNUITY_s_app_AMT_CREDIT_min,1217.242314338684,85
11,f103_nyg_middle_AMT_ANNUITY_s_app_AMT_CREDIT_pctchange_max_div_min,0.0,0
11,f103_nyg_middle_AMT_ANNUITY_s_app_AMT_GOODS_PRICE_diff_std_div_mean,0.0,0
11,f103_nyg_middle_AMT_ANNUITY_s_app_AMT_CREDIT_diff_mean,20.66985034942627,2
11,f103_nyg_middle_AMT_ANNUITY_s_app_AMT_GOODS_PRICE_pctchange_std_div_mean,0.0,0
11,f103_nyg_middle_AMT_ANNUITY_s_app_AMT_GOODS_PRICE_diff_max_div_min,0.0,0
11,f103_nyg_middle_AMT_ANNUITY_s_app_AMT_GOODS_PRICE_max_div_min,0.0,0
11,f103_nyg_middle_AMT_ANNUITY_s_app_AMT_GOODS_PRICE_diff_std,31.197839736938477,3
11,f103_nyg_middle_AMT_ANNUITY_s_app_AMT_GOODS_PRICE_diff_max,42.26728057861328,4
11,f103_nyg_middle_AMT_ANNUITY_s_app_AMT_GOODS_PRICE_pctchange_std,0.0,0
11,f103_nyg_middle_AMT_ANNUITY_s_app_AMT_GOODS_PRICE_diff_mean,29.4131498336792,3
11,f103_nyg_middle_AMT_ANNUITY_s_app_AMT_GOODS_PRICE_diff_min,22.302490234375,2
11,f103_nyg_middle_AMT_ANNUITY_s_app_AMT_GOODS_PRICE_pctchange_max_div_min,0.0,0
11,f103_nyg_middle_AMT_ANNUITY_s_app_AMT_GOODS_PRICE_pctchange_mean,24.675999641418457,2
11,f103_nyg_middle_AMT_ANNUITY_s_app_AMT_GOODS_PRICE_std_div_mean,18.011499404907227,1
11,f103_nyg_middle_AMT_ANNUITY_s_app_AMT_GOODS_PRICE_pctchange_max,0.0,0
11,f103_nyg_middle_AMT_ANNUITY_s_app_AMT_INCOME_TOTAL_diff_std,0.0,0
11,f103_nyg_middle_AMT_ANNUITY_s_app_AMT_INCOME_TOTAL_diff_std_div_mean,0.0,0
11,f103_nyg_middle_AMT_ANNUITY_s_app_AMT_INCOME_TOTAL_max_div_min,75.58637952804565,5
11,f103_nyg_middle_AMT_ANNUITY_s_app_AMT_INCOME_TOTAL_diff_max_div_min,0.0,0
11,f103_nyg_middle_AMT_ANNUITY_s_app_AMT_INCOME_TOTAL_pctchange_max_div_min,10.1983003616333,1
11,f103_nyg_middle_AMT_ANNUITY_s_app_AMT_INCOME_TOTAL_pctchange_max,61.73023986816406,5
11,f103_nyg_middle_AMT_ANNUITY_s_app_AMT_INCOME_TOTAL_diff_mean,0.0,0
11,f103_nyg_middle_AMT_ANNUITY_s_app_AMT_INCOME_TOTAL_pctchange_mean,105.94798040390015,9
11,f103_nyg_middle_AMT_ANNUITY_s_app_AMT_GOODS_PRICE_pctchange_min,43.66883945465088,4
11,f103_nyg_middle_AMT_ANNUITY_s_app_AMT_INCOME_TOTAL_diff_max,0.0,0
11,f103_nyg_middle_AMT_ANNUITY_s_app_AMT_INCOME_TOTAL_pctchange_std_div_mean,14.70419979095459,1
11,f103_nyg_middle_AMT_ANNUITY_s_app_AMT_INCOME_TOTAL_max,453.01517248153687,45
11,f103_nyg_middle_AMT_ANNUITY_s_app_AMT_INCOME_TOTAL_std_div_mean,55.629690170288086,6
11,f103_nyg_middle_AMT_ANNUITY_s_app_AMT_INCOME_TOTAL_mean,415.8103199005127,37
11,f103_nyg_middle_AMT_ANNUITY_s_app_AMT_INCOME_TOTAL_diff_min,0.0,0
11,f103_nyg_middle_AMT_APPLICATION_d_app_AMT_ANNUITY_diff_max_div_min,0.0,0
11,f103_nyg_middle_AMT_ANNUITY_s_app_AMT_INCOME_TOTAL_pctchange_std,39.098899841308594,3
11,f103_nyg_middle_AMT_ANNUITY_std_div_mean,0.0,0
11,f103_nyg_middle_AMT_ANNUITY_s_app_AMT_INCOME_TOTAL_min,646.5007786750793,57
11,f103_nyg_middle_AMT_APPLICATION_d_app_AMT_ANNUITY_diff_mean,178.23570108413696,16
11,f103_nyg_middle_AMT_APPLICATION_d_app_AMT_ANNUITY_pctchange_max_div_min,28.98049020767212,3
11,f103_nyg_middle_AMT_APPLICATION_d_app_AMT_CREDIT_diff_min,102.1738805770874,8
11,f103_nyg_middle_AMT_APPLICATION_d_app_AMT_ANNUITY_diff_min,131.1427001953125,10
11,f103_nyg_middle_AMT_APPLICATION_d_app_AMT_ANNUITY_max_div_min,11.674400329589844,1
11,f103_nyg_middle_AMT_ANNUITY_s_app_AMT_INCOME_TOTAL_pctchange_min,82.46172046661377,8
11,f103_nyg_middle_AMT_APPLICATION_d_app_AMT_ANNUITY_pctchange_mean,50.18399906158447,4
11,f103_nyg_middle_AMT_APPLICATION_d_app_AMT_ANNUITY_mean,294.18631744384766,27
11,f103_nyg_middle_AMT_APPLICATION_d_app_AMT_CREDIT_diff_max_div_min,5.4166998863220215,1
11,f103_nyg_middle_AMT_APPLICATION_d_app_AMT_ANNUITY_pctchange_std_div_mean,49.06797981262207,4
11,f103_nyg_middle_AMT_APPLICATION_d_app_AMT_ANNUITY_max,316.7010807991028,28
11,f103_nyg_middle_AMT_APPLICATION_d_app_AMT_ANNUITY_pctchange_min,123.63250970840454,11
11,f103_nyg_middle_AMT_APPLICATION_d_app_AMT_ANNUITY_std_div_mean,39.66492938995361,3
11,f103_nyg_middle_AMT_APPLICATION_d_app_AMT_CREDIT_max_div_min,10.159600257873535,1
11,f103_nyg_middle_AMT_APPLICATION_d_app_AMT_CREDIT_pctchange_mean,136.5952410697937,11
11,f103_nyg_middle_AMT_APPLICATION_d_app_AMT_ANNUITY_min,354.4845609664917,32
11,f103_nyg_middle_AMT_APPLICATION_d_app_AMT_CREDIT_pctchange_min,15.554090023040771,2
11,f103_nyg_middle_AMT_APPLICATION_d_app_AMT_CREDIT_pctchange_max_div_min,20.40196990966797,2
11,f103_nyg_middle_AMT_APPLICATION_d_app_AMT_CREDIT_min,248.95903205871582,19
11,f103_nyg_middle_AMT_APPLICATION_d_app_AMT_CREDIT_max,264.9471015930176,18
11,f103_nyg_middle_AMT_APPLICATION_d_app_AMT_CREDIT_std_div_mean,16.611550331115723,2
11,f103_nyg_middle_AMT_APPLICATION_d_app_AMT_CREDIT_pctchange_std_div_mean,31.194899082183838,3
11,f103_nyg_middle_AMT_APPLICATION_d_app_AMT_GOODS_PRICE_diff_max_div_min,14.281900405883789,1
11,f103_nyg_middle_AMT_APPLICATION_d_app_AMT_GOODS_PRICE_pctchange_std_div_mean,0.0,0
11,f103_nyg_middle_AMT_APPLICATION_d_app_AMT_GOODS_PRICE_pctchange_min,23.22889995574951,2
11,f103_nyg_middle_AMT_APPLICATION_d_app_AMT_CREDIT_mean,193.0569405555725,19
11,f103_nyg_middle_AMT_APPLICATION_d_app_AMT_GOODS_PRICE_min,345.14254903793335,28
11,f103_nyg_middle_AMT_APPLICATION_d_app_AMT_GOODS_PRICE_diff_min,71.04939031600952,7
11,f103_nyg_middle_AMT_APPLICATION_d_app_AMT_GOODS_PRICE_max,272.7584295272827,24
11,f103_nyg_middle_AMT_APPLICATION_d_app_AMT_GOODS_PRICE_mean,587.7700996398926,39
11,f103_nyg_middle_AMT_APPLICATION_d_app_AMT_GOODS_PRICE_pctchange_max_div_min,0.0,0
11,f103_nyg_middle_AMT_APPLICATION_d_app_AMT_GOODS_PRICE_std_div_mean,59.29590034484863,5
11,f103_nyg_middle_AMT_APPLICATION_d_app_AMT_GOODS_PRICE_max_div_min,0.0,0
11,f103_nyg_middle_AMT_APPLICATION_d_app_AMT_INCOME_TOTAL_diff_std_div_mean,0.0,0
11,f103_nyg_middle_AMT_APPLICATION_d_app_AMT_INCOME_TOTAL_diff_min,92.87250137329102,7
11,f103_nyg_middle_AMT_APPLICATION_d_app_AMT_INCOME_TOTAL_diff_max_div_min,0.0,0
11,f103_nyg_middle_AMT_APPLICATION_d_app_AMT_GOODS_PRICE_pctchange_mean,63.53036117553711,5
11,f103_nyg_middle_AMT_APPLICATION_d_app_AMT_INCOME_TOTAL_diff_mean,117.29362058639526,10
11,f103_nyg_middle_AMT_APPLICATION_d_app_AMT_INCOME_TOTAL_pctchange_std_div_mean,0.0,0
11,f103_nyg_middle_AMT_APPLICATION_d_app_AMT_INCOME_TOTAL_std_div_mean,17.473600387573242,1
11,f103_nyg_middle_AMT_APPLICATION_d_app_AMT_INCOME_TOTAL_pctchange_min,0.0,0
11,f103_nyg_middle_AMT_APPLICATION_m_app_AMT_GOODS_PRICE_d_app_AMT_INCOME_TOTAL_diff_std_div_mean,69.52613925933838,5
11,f103_nyg_middle_AMT_APPLICATION_d_app_AMT_INCOME_TOTAL_pctchange_max_div_min,39.76259994506836,2
11,f103_nyg_middle_AMT_APPLICATION_d_app_AMT_INCOME_TOTAL_max_div_min,7.619619846343994,1
11,f103_nyg_middle_AMT_APPLICATION_m_app_AMT_GOODS_PRICE_d_app_AMT_INCOME_TOTAL_diff_max_div_min,0.0,0
11,f103_nyg_middle_AMT_APPLICATION_d_app_AMT_INCOME_TOTAL_pctchange_mean,0.0,0
11,f103_nyg_middle_AMT_APPLICATION_m_app_AMT_GOODS_PRICE_d_app_AMT_INCOME_TOTAL_pctchange_std,106.32999038696289,7
11,f103_nyg_middle_AMT_APPLICATION_m_app_AMT_GOODS_PRICE_d_app_AMT_INCOME_TOTAL_max_div_min,46.25204038619995,5
11,f103_nyg_middle_AMT_APPLICATION_m_app_AMT_GOODS_PRICE_d_app_AMT_INCOME_TOTAL_diff_mean,56.74633026123047,6
11,f103_nyg_middle_AMT_APPLICATION_m_app_AMT_GOODS_PRICE_d_app_AMT_INCOME_TOTAL_pctchange_max,190.84352922439575,16
11,f103_nyg_middle_AMT_APPLICATION_m_app_AMT_GOODS_PRICE_d_app_AMT_INCOME_TOTAL_min,452.42714262008667,38
11,f103_nyg_middle_AMT_APPLICATION_m_app_AMT_GOODS_PRICE_d_app_AMT_INCOME_TOTAL_std_div_mean,29.04860019683838,2
11,f103_nyg_middle_AMT_APPLICATION_m_app_AMT_GOODS_PRICE_d_app_AMT_INCOME_TOTAL_diff_min,41.730918407440186,3
11,f103_nyg_middle_AMT_APPLICATION_max_div_min,0.0,0
11,f103_nyg_middle_AMT_APPLICATION_m_app_AMT_GOODS_PRICE_d_app_AMT_INCOME_TOTAL_mean,626.617546081543,45
11,f103_nyg_middle_AMT_APPLICATION_m_app_AMT_GOODS_PRICE_d_app_AMT_INCOME_TOTAL_pctchange_max_div_min,56.381680488586426,4
11,f103_nyg_middle_AMT_APPLICATION_m_app_AMT_GOODS_PRICE_d_app_AMT_INCOME_TOTAL_pctchange_std_div_mean,55.97004985809326,5
11,f103_nyg_middle_AMT_APPLICATION_s_app_AMT_ANNUITY_d_app_AMT_INCOME_TOTAL_diff_mean,7.977139949798584,1
11,f103_nyg_middle_AMT_APPLICATION_s_app_AMT_ANNUITY_d_app_AMT_INCOME_TOTAL_diff_std_div_mean,0.0,0
11,f103_nyg_middle_AMT_APPLICATION_m_app_AMT_GOODS_PRICE_d_app_AMT_INCOME_TOTAL_pctchange_min,232.18212890625,20
11,f103_nyg_middle_AMT_APPLICATION_min,595.751898765564,42
11,f103_nyg_middle_AMT_APPLICATION_s_app_AMT_ANNUITY_d_app_AMT_INCOME_TOTAL_diff_max_div_min,0.0,0
11,f103_nyg_middle_AMT_APPLICATION_s_app_AMT_ANNUITY_d_app_AMT_INCOME_TOTAL_pctchange_std,100.14106035232544,9
11,f103_nyg_middle_AMT_APPLICATION_s_app_AMT_ANNUITY_d_app_AMT_INCOME_TOTAL_diff_min,9.024149894714355,1
11,f103_nyg_middle_AMT_APPLICATION_m_app_AMT_GOODS_PRICE_d_app_AMT_INCOME_TOTAL_pctchange_mean,144.16721057891846,15
11,f103_nyg_middle_AMT_APPLICATION_s_app_AMT_ANNUITY_d_app_AMT_INCOME_TOTAL_max_div_min,8.119050025939941,1
11,f103_nyg_middle_AMT_APPLICATION_s_app_AMT_ANNUITY_d_app_AMT_INCOME_TOTAL_pctchange_std_div_mean,64.91086149215698,6
11,f103_nyg_middle_AMT_APPLICATION_s_app_AMT_ANNUITY_d_app_AMT_INCOME_TOTAL_pctchange_max_div_min,70.02853107452393,6
11,f103_nyg_middle_AMT_APPLICATION_s_app_AMT_ANNUITY_d_app_AMT_INCOME_TOTAL_std_div_mean,121.64370059967041,9
11,f103_nyg_middle_AMT_APPLICATION_s_app_AMT_ANNUITY_diff_max_div_min,0.0,0
11,f103_nyg_middle_AMT_APPLICATION_s_app_AMT_ANNUITY_d_app_AMT_INCOME_TOTAL_pctchange_min,104.42426919937134,11
11,f103_nyg_middle_AMT_APPLICATION_s_app_AMT_ANNUITY_diff_std_div_mean,0.0,0
11,f103_nyg_middle_AMT_APPLICATION_s_app_AMT_ANNUITY_d_app_AMT_INCOME_TOTAL_pctchange_max,180.35231065750122,17
11,f103_nyg_middle_AMT_APPLICATION_s_app_AMT_ANNUITY_d_app_AMT_INCOME_TOTAL_pctchange_mean,217.17669773101807,21
11,f103_nyg_middle_AMT_APPLICATION_s_app_AMT_ANNUITY_pctchange_max,47.76597023010254,6
11,f103_nyg_middle_AMT_APPLICATION_s_app_AMT_ANNUITY_diff_min,37.89619970321655,4
11,f103_nyg_middle_AMT_APPLICATION_s_app_AMT_CREDIT_d_app_AMT_INCOME_TOTAL_diff_max_div_min,12.683099746704102,1
11,f103_nyg_middle_AMT_APPLICATION_s_app_AMT_ANNUITY_diff_mean,213.26939868927002,17
11,f103_nyg_middle_AMT_APPLICATION_s_app_AMT_ANNUITY_min,276.75800037384033,27
11,f103_nyg_middle_AMT_APPLICATION_s_app_AMT_ANNUITY_pctchange_max_div_min,0.0,0
11,f103_nyg_middle_AMT_APPLICATION_s_app_AMT_ANNUITY_std_div_mean,21.306099891662598,2
11,f103_nyg_middle_AMT_APPLICATION_s_app_AMT_ANNUITY_pctchange_std,28.36579990386963,2
11,f103_nyg_middle_AMT_APPLICATION_s_app_AMT_CREDIT_d_app_AMT_INCOME_TOTAL_diff_mean,26.35759925842285,1
11,f103_nyg_middle_AMT_APPLICATION_s_app_AMT_ANNUITY_pctchange_mean,101.33420085906982,8
11,f103_nyg_middle_AMT_APPLICATION_s_app_AMT_ANNUITY_pctchange_std_div_mean,26.83984088897705,3
11,f103_nyg_middle_AMT_APPLICATION_s_app_AMT_ANNUITY_max_div_min,0.0,0
11,f103_nyg_middle_AMT_APPLICATION_s_app_AMT_ANNUITY_pctchange_min,41.9052996635437,4
11,f103_nyg_middle_AMT_APPLICATION_s_app_AMT_CREDIT_d_app_AMT_INCOME_TOTAL_diff_std_div_mean,9.913140296936035,1
11,f103_nyg_middle_AMT_APPLICATION_s_app_AMT_CREDIT_d_app_AMT_INCOME_TOTAL_pctchange_mean,255.8022813796997,21
11,f103_nyg_middle_AMT_APPLICATION_s_app_AMT_CREDIT_d_app_AMT_INCOME_TOTAL_diff_min,24.291799545288086,2
11,f103_nyg_middle_AMT_APPLICATION_s_app_AMT_CREDIT_d_app_AMT_INCOME_TOTAL_min,250.63611793518066,21
11,f103_nyg_middle_AMT_APPLICATION_s_app_AMT_CREDIT_d_app_AMT_INCOME_TOTAL_max,464.8299069404602,35
11,f103_nyg_middle_AMT_APPLICATION_s_app_AMT_CREDIT_d_app_AMT_INCOME_TOTAL_max_div_min,18.24804973602295,2
11,f103_nyg_middle_AMT_APPLICATION_s_app_AMT_CREDIT_d_app_AMT_INCOME_TOTAL_pctchange_max,199.03636932373047,19
11,f103_nyg_middle_AMT_APPLICATION_s_app_AMT_CREDIT_d_app_AMT_INCOME_TOTAL_pctchange_std,22.301000595092773,2
11,f103_nyg_middle_AMT_APPLICATION_s_app_AMT_CREDIT_d_app_AMT_INCOME_TOTAL_mean,274.7307300567627,22
11,f103_nyg_middle_AMT_APPLICATION_s_app_AMT_CREDIT_d_app_AMT_INCOME_TOTAL_pctchange_std_div_mean,42.375,3
11,f103_nyg_middle_AMT_APPLICATION_s_app_AMT_CREDIT_diff_max_div_min,0.0,0
11,f103_nyg_middle_AMT_APPLICATION_s_app_AMT_CREDIT_diff_min,11.110099792480469,1
11,f103_nyg_middle_AMT_APPLICATION_s_app_AMT_CREDIT_diff_mean,61.45863103866577,5
11,f103_nyg_middle_AMT_APPLICATION_s_app_AMT_CREDIT_diff_std_div_mean,0.0,0
11,f103_nyg_middle_AMT_APPLICATION_s_app_AMT_CREDIT_pctchange_std,0.0,0
11,f103_nyg_middle_AMT_APPLICATION_s_app_AMT_CREDIT_d_app_AMT_INCOME_TOTAL_std_div_mean,23.066810131072998,3
11,f103_nyg_middle_AMT_APPLICATION_s_app_AMT_CREDIT_d_app_AMT_INCOME_TOTAL_pctchange_min,107.71915102005005,10
11,f103_nyg_middle_AMT_APPLICATION_s_app_AMT_CREDIT_pctchange_mean,55.623600006103516,5
11,f103_nyg_middle_AMT_APPLICATION_s_app_AMT_CREDIT_std_div_mean,29.159440994262695,2
11,f103_nyg_middle_AMT_APPLICATION_s_app_AMT_GOODS_PRICE_diff_max_div_min,0.0,0
11,f103_nyg_middle_AMT_APPLICATION_s_app_AMT_CREDIT_pctchange_min,8.548959732055664,1
11,f103_nyg_middle_AMT_APPLICATION_s_app_AMT_GOODS_PRICE_diff_std_div_mean,0.0,0
11,f103_nyg_middle_AMT_APPLICATION_s_app_AMT_CREDIT_pctchange_max,25.000999450683594,1
11,f103_nyg_middle_AMT_APPLICATION_s_app_AMT_GOODS_PRICE_diff_mean,56.76509952545166,4
11,f103_nyg_middle_AMT_APPLICATION_s_app_AMT_CREDIT_pctchange_std_div_mean,0.0,0
11,f103_nyg_middle_AMT_APPLICATION_s_app_AMT_GOODS_PRICE_pctchange_std,0.0,0
11,f103_nyg_middle_AMT_APPLICATION_s_app_AMT_GOODS_PRICE_pctchange_std_div_mean,22.256380081176758,2
11,f103_nyg_middle_AMT_APPLICATION_s_app_AMT_CREDIT_max_div_min,0.0,0
11,f103_nyg_middle_AMT_APPLICATION_s_app_AMT_GOODS_PRICE_diff_min,19.745420455932617,2
11,f103_nyg_middle_AMT_APPLICATION_s_app_AMT_GOODS_PRICE_std_div_mean,26.80712890625,2
11,f103_nyg_middle_AMT_APPLICATION_s_app_AMT_GOODS_PRICE_pctchange_max,31.85966968536377,3
11,f103_nyg_middle_AMT_APPLICATION_s_app_AMT_GOODS_PRICE_max_div_min,35.38859939575195,2
11,f103_nyg_middle_AMT_APPLICATION_s_app_AMT_GOODS_PRICE_pctchange_max_div_min,10.64579963684082,1
11,f103_nyg_middle_AMT_APPLICATION_s_app_AMT_GOODS_PRICE_pctchange_min,79.20212936401367,6
11,f103_nyg_middle_AMT_APPLICATION_s_app_AMT_GOODS_PRICE_pctchange_mean,63.21898031234741,6
11,f103_nyg_middle_AMT_APPLICATION_s_app_AMT_INCOME_TOTAL_diff_std_div_mean,0.0,0
11,f103_nyg_middle_AMT_APPLICATION_s_app_AMT_INCOME_TOTAL_max_div_min,0.0,0
11,f103_nyg_middle_AMT_APPLICATION_s_app_AMT_INCOME_TOTAL_diff_max_div_min,0.0,0
11,f103_nyg_middle_AMT_APPLICATION_s_app_AMT_INCOME_TOTAL_diff_min,6.636109828948975,1
11,f103_nyg_middle_AMT_APPLICATION_s_app_AMT_INCOME_TOTAL_diff_mean,0.0,0
11,f103_nyg_middle_AMT_APPLICATION_s_app_AMT_INCOME_TOTAL_std_div_mean,114.14209985733032,10
11,f103_nyg_middle_AMT_APPLICATION_s_app_AMT_INCOME_TOTAL_pctchange_std,95.5683012008667,6
11,f103_nyg_middle_AMT_APPLICATION_s_app_AMT_INCOME_TOTAL_pctchange_min,337.94379901885986,30
11,f103_nyg_middle_AMT_APPLICATION_s_app_AMT_INCOME_TOTAL_pctchange_std_div_mean,51.558098793029785,4
11,f103_nyg_middle_AMT_APPLICATION_s_app_AMT_INCOME_TOTAL_pctchange_mean,299.03777980804443,27
11,f103_nyg_middle_AMT_CREDIT_d_AMT_ANNUITY_diff_std_div_mean,138.09510040283203,13
11,f103_nyg_middle_AMT_CREDIT_d_AMT_ANNUITY_diff_max_div_min,50.82429885864258,3
11,f103_nyg_middle_AMT_APPLICATION_s_app_AMT_INCOME_TOTAL_pctchange_max_div_min,117.95951843261719,7
11,f103_nyg_middle_AMT_CREDIT_d_AMT_ANNUITY_max_div_min,45.62249946594238,3
11,f103_nyg_middle_AMT_CREDIT_d_AMT_ANNUITY_pctchange_std_div_mean,125.99097871780396,11
11,f103_nyg_middle_AMT_CREDIT_d_AMT_ANNUITY_diff_min,238.2635817527771,21
11,f103_nyg_middle_AMT_APPLICATION_std_div_mean,0.0,0
11,f103_nyg_middle_AMT_APPLICATION_s_app_AMT_INCOME_TOTAL_pctchange_max,353.3032793998718,29
11,f103_nyg_middle_AMT_CREDIT_d_AMT_ANNUITY_std_div_mean,155.55397939682007,12
11,f103_nyg_middle_AMT_CREDIT_d_AMT_ANNUITY_pctchange_std,51.462470054626465,5
11,f103_nyg_middle_AMT_CREDIT_d_AMT_APPLICATION_diff_std,64.94129991531372,6
11,f103_nyg_middle_AMT_CREDIT_d_AMT_ANNUITY_pctchange_max,157.55209064483643,12
11,f103_nyg_middle_AMT_CREDIT_d_AMT_APPLICATION_diff_max,322.9294595718384,30
11,f103_nyg_middle_AMT_CREDIT_d_AMT_ANNUITY_diff_mean,383.5074419975281,31
11,f103_nyg_middle_AMT_CREDIT_d_AMT_ANNUITY_pctchange_max_div_min,62.112749099731445,5
11,f103_nyg_middle_AMT_CREDIT_d_AMT_APPLICATION_diff_std_div_mean,99.61110067367554,9
11,f103_nyg_middle_AMT_CREDIT_d_AMT_APPLICATION_diff_max_div_min,56.64993953704834,5
11,f103_nyg_middle_AMT_CREDIT_d_AMT_ANNUITY_pctchange_min,392.04760122299194,32
11,f103_nyg_middle_AMT_CREDIT_d_AMT_ANNUITY_pctchange_mean,345.75291872024536,32
11,f103_nyg_middle_AMT_CREDIT_d_AMT_APPLICATION_pctchange_max,343.1382613182068,29
11,f103_nyg_middle_AMT_CREDIT_d_AMT_APPLICATION_pctchange_std,156.65034914016724,9
11,f103_nyg_middle_AMT_CREDIT_d_AMT_APPLICATION_pctchange_std_div_mean,147.68938779830933,11
11,f103_nyg_middle_AMT_CREDIT_d_AMT_APPLICATION_max_div_min,107.47487926483154,6
11,f103_nyg_middle_AMT_CREDIT_d_AMT_APPLICATION_std_div_mean,36.937599182128906,4
11,f103_nyg_middle_AMT_CREDIT_d_AMT_APPLICATION_diff_min,265.1609010696411,25
11,f103_nyg_middle_AMT_CREDIT_d_AMT_APPLICATION_pctchange_max_div_min,61.47738027572632,7
11,f103_nyg_middle_AMT_CREDIT_d_AMT_APPLICATION_diff_mean,343.2954297065735,28
11,f103_nyg_middle_AMT_CREDIT_d_app_AMT_ANNUITY_diff_max_div_min,127.62236022949219,10
11,f103_nyg_middle_AMT_CREDIT_d_app_AMT_ANNUITY_diff_std_div_mean,15.950270175933838,2
11,f103_nyg_middle_AMT_CREDIT_d_AMT_APPLICATION_pctchange_mean,173.55802965164185,17
11,f103_nyg_middle_AMT_CREDIT_d_app_AMT_ANNUITY_pctchange_mean,197.0410294532776,17
11,f103_nyg_middle_AMT_CREDIT_d_app_AMT_ANNUITY_std_div_mean,41.30990028381348,2
11,f103_nyg_middle_AMT_CREDIT_d_app_AMT_ANNUITY_pctchange_max_div_min,120.8035306930542,9
11,f103_nyg_middle_AMT_CREDIT_d_app_AMT_ANNUITY_min,313.7873487472534,24
11,f103_nyg_middle_AMT_CREDIT_d_app_AMT_ANNUITY_pctchange_std_div_mean,38.233749866485596,4
11,f103_nyg_middle_AMT_CREDIT_d_app_AMT_ANNUITY_diff_min,62.89248037338257,7
11,f103_nyg_middle_AMT_CREDIT_d_app_AMT_ANNUITY_mean,476.77006006240845,42
11,f103_nyg_middle_AMT_CREDIT_d_AMT_APPLICATION_pctchange_min,193.30801153182983,16
11,f103_nyg_middle_AMT_CREDIT_d_app_AMT_CREDIT_diff_min,160.71447944641113,13
11,f103_nyg_middle_AMT_CREDIT_d_app_AMT_ANNUITY_max,416.8841905593872,34
11,f103_nyg_middle_AMT_CREDIT_d_app_AMT_ANNUITY_max_div_min,0.0,0
11,f103_nyg_middle_AMT_CREDIT_d_app_AMT_ANNUITY_pctchange_min,120.42135858535767,11
11,f103_nyg_middle_AMT_CREDIT_d_app_AMT_CREDIT_diff_max_div_min,0.0,0
11,f103_nyg_middle_AMT_CREDIT_d_app_AMT_CREDIT_pctchange_max_div_min,40.45359992980957,3
11,f103_nyg_middle_AMT_CREDIT_d_app_AMT_CREDIT_diff_std_div_mean,12.096599578857422,1
11,f103_nyg_middle_AMT_CREDIT_d_app_AMT_CREDIT_max_div_min,0.0,0
11,f103_nyg_middle_AMT_CREDIT_d_app_AMT_CREDIT_pctchange_min,29.510930061340332,2
11,f103_nyg_middle_AMT_CREDIT_d_app_AMT_CREDIT_max,364.30459928512573,26
11,f103_nyg_middle_AMT_CREDIT_d_app_AMT_CREDIT_mean,192.0219006538391,15
11,f103_nyg_middle_AMT_CREDIT_d_app_AMT_GOODS_PRICE_diff_std_div_mean,0.0,0
11,f103_nyg_middle_AMT_CREDIT_d_app_AMT_CREDIT_min,158.21668100357056,14
11,f103_nyg_middle_AMT_CREDIT_d_app_AMT_CREDIT_std_div_mean,14.200499534606934,1
11,f103_nyg_middle_AMT_CREDIT_d_app_AMT_CREDIT_pctchange_mean,29.651169776916504,3
11,f103_nyg_middle_AMT_CREDIT_d_app_AMT_CREDIT_pctchange_std_div_mean,32.9200496673584,2
11,f103_nyg_middle_AMT_CREDIT_d_app_AMT_GOODS_PRICE_pctchange_std_div_mean,0.0,0
11,f103_nyg_middle_AMT_CREDIT_d_app_AMT_GOODS_PRICE_max_div_min,0.0,0
11,f103_nyg_middle_AMT_CREDIT_d_app_AMT_GOODS_PRICE_diff_min,101.49785995483398,9
11,f103_nyg_middle_AMT_CREDIT_d_app_AMT_GOODS_PRICE_pctchange_max_div_min,104.60169792175293,7
11,f103_nyg_middle_AMT_CREDIT_d_app_AMT_GOODS_PRICE_min,884.2346415519714,70
11,f103_nyg_middle_AMT_CREDIT_d_app_AMT_GOODS_PRICE_diff_max_div_min,10.879199981689453,1
11,f103_nyg_middle_AMT_CREDIT_d_app_AMT_GOODS_PRICE_pctchange_min,0.0,0
11,f103_nyg_middle_AMT_CREDIT_d_app_AMT_GOODS_PRICE_pctchange_mean,133.5930814743042,11
11,f103_nyg_middle_AMT_CREDIT_d_app_AMT_GOODS_PRICE_std_div_mean,40.11577081680298,4
11,f103_nyg_middle_AMT_CREDIT_d_app_AMT_INCOME_TOTAL_diff_std_div_mean,0.0,0
11,f103_nyg_middle_AMT_CREDIT_d_app_AMT_INCOME_TOTAL_diff_max_div_min,0.0,0
11,f103_nyg_middle_AMT_CREDIT_d_app_AMT_INCOME_TOTAL_pctchange_max_div_min,15.328259944915771,2
11,f103_nyg_middle_AMT_CREDIT_d_app_AMT_INCOME_TOTAL_diff_min,163.8882508277893,15
11,f103_nyg_middle_AMT_CREDIT_d_app_AMT_INCOME_TOTAL_pctchange_std_div_mean,0.0,0
11,f103_nyg_middle_AMT_CREDIT_d_app_AMT_INCOME_TOTAL_std_div_mean,23.65751075744629,2
11,f103_nyg_middle_AMT_CREDIT_d_app_AMT_INCOME_TOTAL_pctchange_min,0.0,0
11,f103_nyg_middle_AMT_CREDIT_d_app_AMT_INCOME_TOTAL_max_div_min,26.859800338745117,1
11,f103_nyg_middle_AMT_CREDIT_d_app_AMT_INCOME_TOTAL_pctchange_mean,14.26509952545166,1
11,f103_nyg_middle_AMT_CREDIT_d_total_debt_pctchange_max,628.8911714553833,50
11,f103_nyg_middle_AMT_CREDIT_d_total_debt_diff_max,345.86158990859985,25
11,f103_nyg_middle_AMT_CREDIT_d_total_debt_diff_mean,176.8565092086792,17
11,f103_nyg_middle_AMT_CREDIT_d_total_debt_diff_max_div_min,83.3733901977539,6
11,f103_nyg_middle_AMT_CREDIT_d_total_debt_diff_min,254.57510805130005,22
11,f103_nyg_middle_AMT_CREDIT_d_total_debt_pctchange_std_div_mean,117.7704701423645,10
11,f103_nyg_middle_AMT_CREDIT_m_app_AMT_GOODS_PRICE_d_app_AMT_INCOME_TOTAL_diff_max_div_min,23.6914005279541,1
11,f103_nyg_middle_AMT_CREDIT_d_total_debt_pctchange_mean,298.59175968170166,24
11,f103_nyg_middle_AMT_CREDIT_d_total_debt_pctchange_max_div_min,44.14796018600464,3
11,f103_nyg_middle_AMT_CREDIT_m_app_AMT_GOODS_PRICE_d_app_AMT_INCOME_TOTAL_diff_std_div_mean,8.763859748840332,1
11,f103_nyg_middle_AMT_CREDIT_d_total_debt_pctchange_min,1031.562120437622,71
11,f103_nyg_middle_AMT_CREDIT_m_app_AMT_GOODS_PRICE_d_app_AMT_INCOME_TOTAL_pctchange_max_div_min,22.51430034637451,2
11,f103_nyg_middle_AMT_CREDIT_m_app_AMT_GOODS_PRICE_d_app_AMT_INCOME_TOTAL_diff_min,69.23337030410767,7
11,f103_nyg_middle_AMT_CREDIT_m_app_AMT_GOODS_PRICE_d_app_AMT_INCOME_TOTAL_max_div_min,24.464999198913574,2
11,f103_nyg_middle_AMT_CREDIT_m_app_AMT_GOODS_PRICE_d_app_AMT_INCOME_TOTAL_pctchange_mean,250.28938055038452,21
11,f103_nyg_middle_AMT_CREDIT_max_div_min,18.531700134277344,1
11,f103_nyg_middle_AMT_CREDIT_s_app_AMT_ANNUITY_d_app_AMT_INCOME_TOTAL_diff_std_div_mean,0.0,0
11,f103_nyg_middle_AMT_CREDIT_m_app_AMT_GOODS_PRICE_d_app_AMT_INCOME_TOTAL_min,832.9162998199463,59
11,f103_nyg_middle_AMT_CREDIT_s_app_AMT_ANNUITY_d_app_AMT_INCOME_TOTAL_pctchange_max,290.5128879547119,24
11,f103_nyg_middle_AMT_CREDIT_s_app_AMT_ANNUITY_d_app_AMT_INCOME_TOTAL_diff_max_div_min,0.0,0
11,f103_nyg_middle_AMT_CREDIT_m_app_AMT_GOODS_PRICE_d_app_AMT_INCOME_TOTAL_pctchange_max,295.540500164032,28
11,f103_nyg_middle_AMT_CREDIT_s_app_AMT_ANNUITY_d_app_AMT_INCOME_TOTAL_std_div_mean,24.460659980773926,2
11,f103_nyg_middle_AMT_CREDIT_s_app_AMT_ANNUITY_d_app_AMT_INCOME_TOTAL_max_div_min,0.0,0
11,f103_nyg_middle_AMT_CREDIT_m_app_AMT_GOODS_PRICE_d_app_AMT_INCOME_TOTAL_pctchange_min,287.2934293746948,28
11,f103_nyg_middle_AMT_CREDIT_s_app_AMT_ANNUITY_d_app_AMT_INCOME_TOTAL_pctchange_std_div_mean,48.65739059448242,4
11,f103_nyg_middle_AMT_CREDIT_s_app_AMT_ANNUITY_d_app_AMT_INCOME_TOTAL_pctchange_std,145.8887996673584,9
11,f103_nyg_middle_AMT_CREDIT_s_app_AMT_ANNUITY_d_app_AMT_INCOME_TOTAL_diff_min,7.494999885559082,1
11,f103_nyg_middle_AMT_CREDIT_s_app_AMT_ANNUITY_diff_std_div_mean,0.0,0
11,f103_nyg_middle_AMT_CREDIT_s_app_AMT_ANNUITY_diff_max_div_min,0.0,0
11,f103_nyg_middle_AMT_CREDIT_s_app_AMT_ANNUITY_max_div_min,0.0,0
11,f103_nyg_middle_AMT_CREDIT_s_app_AMT_ANNUITY_d_app_AMT_INCOME_TOTAL_pctchange_min,137.1921100616455,12
11,f103_nyg_middle_AMT_CREDIT_s_app_AMT_ANNUITY_diff_min,119.02776956558228,10
11,f103_nyg_middle_AMT_CREDIT_s_app_AMT_ANNUITY_d_app_AMT_INCOME_TOTAL_pctchange_mean,142.6866602897644,13
11,f103_nyg_middle_AMT_CREDIT_s_app_AMT_ANNUITY_pctchange_std,22.302720069885254,2
11,f103_nyg_middle_AMT_CREDIT_s_app_AMT_ANNUITY_pctchange_mean,88.0926685333252,7
11,f103_nyg_middle_AMT_CREDIT_s_app_AMT_ANNUITY_std_div_mean,41.2746901512146,4
11,f103_nyg_middle_AMT_CREDIT_s_app_AMT_ANNUITY_pctchange_max,52.497169494628906,5
11,f103_nyg_middle_AMT_CREDIT_s_app_AMT_CREDIT_d_app_AMT_INCOME_TOTAL_diff_min,22.324600219726562,2
11,f103_nyg_middle_AMT_CREDIT_s_app_AMT_CREDIT_d_app_AMT_INCOME_TOTAL_diff_max_div_min,0.0,0
11,f103_nyg_middle_AMT_CREDIT_s_app_AMT_CREDIT_d_app_AMT_INCOME_TOTAL_diff_std_div_mean,0.0,0
11,f103_nyg_middle_AMT_CREDIT_s_app_AMT_CREDIT_d_app_AMT_INCOME_TOTAL_pctchange_max_div_min,27.47330093383789,2
11,f103_nyg_middle_AMT_CREDIT_s_app_AMT_ANNUITY_pctchange_std_div_mean,9.045820236206055,1
11,f103_nyg_middle_AMT_CREDIT_s_app_AMT_CREDIT_d_app_AMT_INCOME_TOTAL_pctchange_min,214.55965900421143,20
11,f103_nyg_middle_AMT_CREDIT_s_app_AMT_CREDIT_d_app_AMT_INCOME_TOTAL_max_div_min,49.054070472717285,4
11,f103_nyg_middle_AMT_CREDIT_s_app_AMT_ANNUITY_pctchange_min,12.594200134277344,1
11,f103_nyg_middle_AMT_CREDIT_s_app_AMT_CREDIT_d_app_AMT_INCOME_TOTAL_pctchange_mean,238.3219699859619,18
11,f103_nyg_middle_AMT_CREDIT_s_app_AMT_CREDIT_d_app_AMT_INCOME_TOTAL_min,384.67322063446045,33
12,f103_nyg_middle_AMT_CREDIT_s_app_AMT_CREDIT_d_app_AMT_INCOME_TOTAL_pctchange_std_div_mean,112.9964189529419,11
12,f103_nyg_middle_AMT_CREDIT_s_app_AMT_CREDIT_d_app_AMT_INCOME_TOTAL_std_div_mean,62.616429805755615,5
12,f103_nyg_middle_AMT_CREDIT_s_app_AMT_CREDIT_diff_std_div_mean,61.6685905456543,5
12,f103_nyg_middle_AMT_CREDIT_s_app_AMT_CREDIT_d_app_AMT_INCOME_TOTAL_pctchange_max,353.9483985900879,28
12,f103_nyg_middle_AMT_CREDIT_s_app_AMT_CREDIT_pctchange_mean,135.97896003723145,12
12,f103_nyg_middle_AMT_CREDIT_s_app_AMT_CREDIT_pctchange_max,77.97299075126648,8
12,f103_nyg_middle_AMT_CREDIT_s_app_AMT_CREDIT_d_app_AMT_INCOME_TOTAL_mean,344.01178884506226,27
12,f103_nyg_middle_AMT_CREDIT_s_app_AMT_CREDIT_pctchange_std_div_mean,0.0,0
12,f103_nyg_middle_AMT_CREDIT_s_app_AMT_CREDIT_d_app_AMT_INCOME_TOTAL_max,454.74948930740356,39
12,f103_nyg_middle_AMT_CREDIT_s_app_AMT_CREDIT_diff_min,317.4154314994812,29
12,f103_nyg_middle_AMT_CREDIT_s_app_AMT_CREDIT_diff_max_div_min,70.52836990356445,6
12,f103_nyg_middle_AMT_CREDIT_s_app_AMT_CREDIT_max_div_min,48.49020004272461,4
12,f103_nyg_middle_AMT_CREDIT_s_app_AMT_CREDIT_std_div_mean,0.0,0
12,f103_nyg_middle_AMT_CREDIT_s_app_AMT_GOODS_PRICE_diff_max_div_min,145.69819736480713,9
12,f103_nyg_middle_AMT_CREDIT_s_app_AMT_GOODS_PRICE_diff_std_div_mean,13.631799697875977,1
12,f103_nyg_middle_AMT_CREDIT_s_app_AMT_CREDIT_pctchange_min,276.4335980415344,24
12,f103_nyg_middle_AMT_CREDIT_s_app_AMT_GOODS_PRICE_max_div_min,49.690460205078125,5
12,f103_nyg_middle_AMT_CREDIT_s_app_AMT_CREDIT_pctchange_max_div_min,163.13300037384033,9
12,f103_nyg_middle_AMT_CREDIT_s_app_AMT_GOODS_PRICE_pctchange_max_div_min,57.74549961090088,5
12,f103_nyg_middle_AMT_CREDIT_s_app_AMT_GOODS_PRICE_pctchange_min,384.1214632987976,32
12,f103_nyg_middle_AMT_CREDIT_s_app_AMT_GOODS_PRICE_diff_min,218.81583786010742,15
12,f103_nyg_middle_AMT_CREDIT_s_app_AMT_GOODS_PRICE_pctchange_max,277.79662704467773,25
12,f103_nyg_middle_AMT_CREDIT_s_app_AMT_GOODS_PRICE_pctchange_mean,394.2722182273865,30
12,f103_nyg_middle_AMT_CREDIT_s_app_AMT_INCOME_TOTAL_diff_std_div_mean,15.946969509124756,2
12,f103_nyg_middle_AMT_CREDIT_s_app_AMT_INCOME_TOTAL_max_div_min,57.716501235961914,4
12,f103_nyg_middle_AMT_CREDIT_s_app_AMT_INCOME_TOTAL_pctchange_max_div_min,82.10018920898438,6
12,f103_nyg_middle_AMT_DOWN_PAYMENT_d_AMT_GOODS_PRICE_diff_std_div_mean,12.17770004272461,1
12,f103_nyg_middle_AMT_CREDIT_s_app_AMT_INCOME_TOTAL_pctchange_std_div_mean,36.17293977737427,4
12,f103_nyg_middle_AMT_CREDIT_s_app_AMT_INCOME_TOTAL_pctchange_max,538.8936486244202,45
12,f103_nyg_middle_AMT_CREDIT_s_app_AMT_INCOME_TOTAL_diff_min,52.90478992462158,4
12,f103_nyg_middle_AMT_CREDIT_s_app_AMT_INCOME_TOTAL_std_div_mean,68.07085037231445,6
12,f103_nyg_middle_AMT_CREDIT_s_app_AMT_INCOME_TOTAL_diff_max_div_min,36.38509941101074,3
12,f103_nyg_middle_AMT_CREDIT_std_div_mean,91.36367082595825,7
12,f103_nyg_middle_AMT_CREDIT_s_app_AMT_INCOME_TOTAL_pctchange_std,169.6773681640625,10
12,f103_nyg_middle_AMT_CREDIT_s_app_AMT_INCOME_TOTAL_pctchange_min,743.8649024963379,65
12,f103_nyg_middle_AMT_CREDIT_s_app_AMT_INCOME_TOTAL_pctchange_mean,498.9553418159485,46
12,f103_nyg_middle_AMT_DOWN_PAYMENT_d_AMT_GOODS_PRICE_pctchange_max,57.497780323028564,6
12,f103_nyg_middle_AMT_DOWN_PAYMENT_d_AMT_GOODS_PRICE_pctchange_std_div_mean,0.0,0
12,f103_nyg_middle_AMT_DOWN_PAYMENT_d_AMT_GOODS_PRICE_diff_std,0.0,0
12,f103_nyg_middle_AMT_DOWN_PAYMENT_d_AMT_GOODS_PRICE_diff_mean,82.18888998031616,9
12,f103_nyg_middle_AMT_DOWN_PAYMENT_d_AMT_GOODS_PRICE_diff_min,147.32487058639526,14
12,f103_nyg_middle_AMT_DOWN_PAYMENT_d_AMT_GOODS_PRICE_diff_max_div_min,77.71443033218384,5
12,f103_nyg_middle_AMT_DOWN_PAYMENT_d_AMT_GOODS_PRICE_max_div_min,0.0,0
12,f103_nyg_middle_AMT_DOWN_PAYMENT_d_AMT_GOODS_PRICE_std_div_mean,22.822399139404297,1
12,f103_nyg_middle_AMT_DOWN_PAYMENT_d_AMT_GOODS_PRICE_diff_max,257.5953288078308,23
12,f103_nyg_middle_AMT_DOWN_PAYMENT_d_AMT_GOODS_PRICE_pctchange_std,0.0,0
12,f103_nyg_middle_AMT_DOWN_PAYMENT_d_AMT_GOODS_PRICE_pctchange_min,84.29659843444824,6
12,f103_nyg_middle_AMT_DOWN_PAYMENT_d_AMT_GOODS_PRICE_std,14.550100326538086,1
12,f103_nyg_middle_AMT_DOWN_PAYMENT_std_div_mean,51.99380016326904,3
12,f103_nyg_middle_AMT_DOWN_PAYMENT_max,370.0955505371094,30
12,f103_nyg_middle_AMT_DOWN_PAYMENT_d_AMT_GOODS_PRICE_pctchange_mean,42.43668985366821,4
12,f103_nyg_middle_AMT_DOWN_PAYMENT_std,0.0,0
12,f103_nyg_middle_AMT_GOODS_PRICE_d_AMT_ANNUITY_diff_std_div_mean,17.80299949645996,1
12,f103_nyg_middle_AMT_DOWN_PAYMENT_min,258.20702743530273,20
12,f103_nyg_middle_AMT_GOODS_PRICE_d_AMT_ANNUITY_diff_mean,346.28232049942017,27
12,f103_nyg_middle_AMT_GOODS_PRICE_d_AMT_ANNUITY_diff_max_div_min,59.125150203704834,5
12,f103_nyg_middle_AMT_GOODS_PRICE_d_AMT_ANNUITY_diff_min,435.4555597305298,40
12,f103_nyg_middle_AMT_GOODS_PRICE_d_AMT_ANNUITY_diff_max,395.0094599723816,33
12,f103_nyg_middle_AMT_DOWN_PAYMENT_mean,252.02358055114746,21
12,f103_nyg_middle_AMT_GOODS_PRICE_d_AMT_ANNUITY_pctchange_max_div_min,138.70167016983032,10
12,f103_nyg_middle_AMT_GOODS_PRICE_d_AMT_ANNUITY_pctchange_std,27.230709552764893,3
12,f103_nyg_middle_AMT_GOODS_PRICE_d_AMT_ANNUITY_pctchange_mean,262.0250811576843,22
12,f103_nyg_middle_AMT_GOODS_PRICE_d_AMT_ANNUITY_pctchange_min,424.6673393249512,35
12,f103_nyg_middle_AMT_GOODS_PRICE_d_AMT_ANNUITY_std_div_mean,110.29274988174438,9
12,f103_nyg_middle_AMT_GOODS_PRICE_d_AMT_CREDIT_diff_max_div_min,8.651479721069336,1
12,f103_nyg_middle_AMT_GOODS_PRICE_d_AMT_ANNUITY_pctchange_max,302.27516984939575,26
12,f103_nyg_middle_AMT_GOODS_PRICE_d_AMT_ANNUITY_max_div_min,69.25601196289062,5
12,f103_nyg_middle_AMT_GOODS_PRICE_d_AMT_CREDIT_diff_mean,410.83302068710327,35
12,f103_nyg_middle_AMT_GOODS_PRICE_d_AMT_CREDIT_diff_std,70.55091094970703,6
12,f103_nyg_middle_AMT_GOODS_PRICE_d_AMT_CREDIT_diff_min,329.0359797477722,30
12,f103_nyg_middle_AMT_GOODS_PRICE_d_AMT_CREDIT_diff_std_div_mean,78.0858507156372,7
12,f103_nyg_middle_AMT_GOODS_PRICE_d_AMT_CREDIT_std_div_mean,112.11394023895264,8
12,f103_nyg_middle_AMT_GOODS_PRICE_d_AMT_CREDIT_std,69.19719886779785,4
12,f103_nyg_middle_AMT_GOODS_PRICE_d_AMT_CREDIT_pctchange_std_div_mean,58.19637870788574,5
12,f103_nyg_middle_AMT_GOODS_PRICE_d_AMT_CREDIT_pctchange_std,121.4345006942749,10
12,f103_nyg_middle_AMT_GOODS_PRICE_d_AMT_CREDIT_pctchange_max_div_min,38.20432090759277,4
12,f103_nyg_middle_AMT_GOODS_PRICE_d_AMT_CREDIT_diff_max,328.8565912246704,30
12,f103_nyg_middle_AMT_GOODS_PRICE_d_AMT_CREDIT_pctchange_mean,306.51375913619995,27
12,f103_nyg_middle_AMT_GOODS_PRICE_d_AMT_CREDIT_pctchange_min,339.1394896507263,32
12,f103_nyg_middle_AMT_GOODS_PRICE_d_AMT_CREDIT_max_div_min,53.61490058898926,3
12,f103_nyg_middle_AMT_GOODS_PRICE_d_app_AMT_ANNUITY_diff_max_div_min,21.251500129699707,2
12,f103_nyg_middle_AMT_GOODS_PRICE_d_AMT_CREDIT_pctchange_max,320.432870388031,27
12,f103_nyg_middle_AMT_GOODS_PRICE_d_app_AMT_ANNUITY_diff_mean,178.5158109664917,16
12,f103_nyg_middle_AMT_GOODS_PRICE_d_app_AMT_ANNUITY_max,899.7900896072388,71
12,f103_nyg_middle_AMT_GOODS_PRICE_d_app_AMT_ANNUITY_max_div_min,15.851900100708008,1
12,f103_nyg_middle_AMT_GOODS_PRICE_d_app_AMT_ANNUITY_pctchange_std_div_mean,46.747100830078125,3
12,f103_nyg_middle_AMT_GOODS_PRICE_d_app_AMT_ANNUITY_diff_min,122.20125961303711,8
12,f103_nyg_middle_AMT_GOODS_PRICE_d_app_AMT_CREDIT_diff_min,138.14456939697266,13
12,f103_nyg_middle_AMT_GOODS_PRICE_d_app_AMT_ANNUITY_min,999.1652293205261,77
12,f103_nyg_middle_AMT_GOODS_PRICE_d_app_AMT_ANNUITY_pctchange_max_div_min,109.63811206817627,7
12,f103_nyg_middle_AMT_GOODS_PRICE_d_app_AMT_ANNUITY_pctchange_mean,205.1222996711731,20
12,f103_nyg_middle_AMT_GOODS_PRICE_d_app_AMT_ANNUITY_pctchange_min,174.14650869369507,15
12,f103_nyg_middle_AMT_GOODS_PRICE_d_app_AMT_CREDIT_max_div_min,0.0,0
12,f103_nyg_middle_AMT_GOODS_PRICE_d_app_AMT_CREDIT_max,365.61772203445435,31
12,f103_nyg_middle_AMT_GOODS_PRICE_d_app_AMT_ANNUITY_mean,864.5989923477173,70
12,f103_nyg_middle_AMT_GOODS_PRICE_d_app_AMT_CREDIT_pctchange_max_div_min,27.922500610351562,2
12,f103_nyg_middle_AMT_GOODS_PRICE_d_app_AMT_CREDIT_diff_max_div_min,0.0,0
12,f103_nyg_middle_AMT_GOODS_PRICE_d_app_AMT_ANNUITY_std_div_mean,8.231809616088867,1
12,f103_nyg_middle_AMT_GOODS_PRICE_d_app_AMT_CREDIT_pctchange_std_div_mean,10.627099990844727,1
12,f103_nyg_middle_AMT_GOODS_PRICE_d_app_AMT_GOODS_PRICE_diff_max_div_min,9.061349868774414,1
12,f103_nyg_middle_AMT_GOODS_PRICE_d_app_AMT_CREDIT_pctchange_min,73.44596004486084,5
12,f103_nyg_middle_AMT_GOODS_PRICE_d_app_AMT_CREDIT_pctchange_mean,119.32912015914917,12
12,f103_nyg_middle_AMT_GOODS_PRICE_d_app_AMT_CREDIT_min,459.5626301765442,39
12,f103_nyg_middle_AMT_GOODS_PRICE_d_app_AMT_GOODS_PRICE_pctchange_mean,106.89734888076782,9
12,f103_nyg_middle_AMT_GOODS_PRICE_d_app_AMT_GOODS_PRICE_min,309.0507516860962,29
12,f103_nyg_middle_AMT_GOODS_PRICE_d_app_AMT_GOODS_PRICE_mean,492.6670722961426,39
12,f103_nyg_middle_AMT_GOODS_PRICE_d_app_AMT_CREDIT_std_div_mean,0.0,0
12,f103_nyg_middle_AMT_GOODS_PRICE_d_app_AMT_GOODS_PRICE_diff_min,214.41438055038452,18
12,f103_nyg_middle_AMT_GOODS_PRICE_d_app_AMT_CREDIT_mean,305.1325306892395,27
12,f103_nyg_middle_AMT_GOODS_PRICE_d_app_AMT_INCOME_TOTAL_diff_std_div_mean,66.78462028503418,5
12,f103_nyg_middle_AMT_GOODS_PRICE_d_app_AMT_GOODS_PRICE_pctchange_min,19.02535057067871,2
12,f103_nyg_middle_AMT_GOODS_PRICE_d_app_AMT_INCOME_TOTAL_diff_min,137.37330102920532,12
12,f103_nyg_middle_AMT_GOODS_PRICE_d_app_AMT_GOODS_PRICE_std_div_mean,32.06560134887695,2
12,f103_nyg_middle_AMT_GOODS_PRICE_d_app_AMT_GOODS_PRICE_pctchange_std_div_mean,8.485170364379883,1
12,f103_nyg_middle_AMT_GOODS_PRICE_d_app_AMT_INCOME_TOTAL_max_div_min,0.0,0
12,f103_nyg_middle_AMT_GOODS_PRICE_d_app_AMT_GOODS_PRICE_pctchange_max_div_min,36.333600997924805,2
12,f103_nyg_middle_AMT_GOODS_PRICE_d_app_AMT_GOODS_PRICE_max_div_min,21.359100341796875,1
12,f103_nyg_middle_AMT_GOODS_PRICE_d_app_AMT_INCOME_TOTAL_diff_max_div_min,0.0,0
12,f103_nyg_middle_AMT_GOODS_PRICE_d_app_AMT_GOODS_PRICE_max,397.4020199775696,35
12,f103_nyg_middle_AMT_GOODS_PRICE_d_app_AMT_INCOME_TOTAL_diff_mean,199.90622186660767,12
12,f103_nyg_middle_AMT_GOODS_PRICE_d_app_AMT_INCOME_TOTAL_pctchange_max_div_min,0.0,0
12,f103_nyg_middle_AMT_GOODS_PRICE_d_app_AMT_INCOME_TOTAL_pctchange_mean,0.0,0
12,f103_nyg_middle_AMT_GOODS_PRICE_d_total_debt_diff_max_div_min,90.839280128479,7
12,f103_nyg_middle_AMT_GOODS_PRICE_d_app_AMT_INCOME_TOTAL_pctchange_std_div_mean,10.013199806213379,1
12,f103_nyg_middle_AMT_GOODS_PRICE_d_total_debt_diff_std,89.96409034729004,7
12,f103_nyg_middle_AMT_GOODS_PRICE_d_total_debt_diff_mean,440.26092624664307,40
12,f103_nyg_middle_AMT_GOODS_PRICE_d_app_AMT_INCOME_TOTAL_std_div_mean,20.063199996948242,1
12,f103_nyg_middle_AMT_GOODS_PRICE_d_total_debt_diff_min,381.08084058761597,34
12,f103_nyg_middle_AMT_GOODS_PRICE_d_total_debt_diff_max,394.1591820716858,33
12,f103_nyg_middle_AMT_GOODS_PRICE_d_total_debt_pctchange_mean,486.89638328552246,40
12,f103_nyg_middle_AMT_GOODS_PRICE_d_total_debt_std,99.55309009552002,8
12,f103_nyg_middle_AMT_GOODS_PRICE_d_app_AMT_INCOME_TOTAL_pctchange_min,9.466480255126953,1
12,f103_nyg_middle_AMT_GOODS_PRICE_d_total_debt_max_div_min,63.218050956726074,5
12,f103_nyg_middle_AMT_GOODS_PRICE_d_total_debt_pctchange_std_div_mean,110.51653099060059,7
12,f103_nyg_middle_AMT_GOODS_PRICE_m_app_AMT_GOODS_PRICE_d_app_AMT_INCOME_TOTAL_diff_std_div_mean,24.339569568634033,3
12,f103_nyg_middle_AMT_GOODS_PRICE_m_app_AMT_GOODS_PRICE_d_app_AMT_INCOME_TOTAL_diff_max_div_min,0.0,0
12,f103_nyg_middle_AMT_GOODS_PRICE_d_total_debt_pctchange_max_div_min,91.55060958862305,8
12,f103_nyg_middle_AMT_GOODS_PRICE_d_total_debt_pctchange_min,659.3569083213806,59
12,f103_nyg_middle_AMT_GOODS_PRICE_d_total_debt_pctchange_max,319.8845205307007,25
12,f103_nyg_middle_AMT_GOODS_PRICE_m_app_AMT_GOODS_PRICE_d_app_AMT_INCOME_TOTAL_diff_mean,116.50863027572632,8
12,f103_nyg_middle_AMT_GOODS_PRICE_m_app_AMT_GOODS_PRICE_d_app_AMT_INCOME_TOTAL_max_div_min,25.105899810791016,1
12,f103_nyg_middle_AMT_GOODS_PRICE_m_app_AMT_GOODS_PRICE_d_app_AMT_INCOME_TOTAL_diff_min,71.6157808303833,6
12,f103_nyg_middle_AMT_GOODS_PRICE_m_app_AMT_GOODS_PRICE_d_app_AMT_INCOME_TOTAL_min,763.554919719696,64
12,f103_nyg_middle_AMT_GOODS_PRICE_m_app_AMT_GOODS_PRICE_d_app_AMT_INCOME_TOTAL_pctchange_max,199.80908870697021,20
12,f103_nyg_middle_AMT_GOODS_PRICE_m_app_AMT_GOODS_PRICE_d_app_AMT_INCOME_TOTAL_pctchange_std,70.10492897033691,5
12,f103_nyg_middle_AMT_GOODS_PRICE_m_app_AMT_GOODS_PRICE_d_app_AMT_INCOME_TOTAL_mean,764.152280330658,57
12,f103_nyg_middle_AMT_GOODS_PRICE_m_app_AMT_GOODS_PRICE_d_app_AMT_INCOME_TOTAL_pctchange_std_div_mean,63.29142951965332,7
12,f103_nyg_middle_AMT_GOODS_PRICE_m_app_AMT_GOODS_PRICE_d_app_AMT_INCOME_TOTAL_std_div_mean,21.94445037841797,2
12,f103_nyg_middle_AMT_GOODS_PRICE_m_app_AMT_GOODS_PRICE_d_app_AMT_INCOME_TOTAL_pctchange_min,289.56774950027466,24
12,f103_nyg_middle_AMT_GOODS_PRICE_m_app_AMT_GOODS_PRICE_d_app_AMT_INCOME_TOTAL_pctchange_mean,198.27183151245117,16
12,f103_nyg_middle_AMT_GOODS_PRICE_m_app_AMT_GOODS_PRICE_d_app_AMT_INCOME_TOTAL_pctchange_max_div_min,95.08399963378906,6
12,f103_nyg_middle_AMT_GOODS_PRICE_s_app_AMT_ANNUITY_d_app_AMT_INCOME_TOTAL_diff_max_div_min,19.108359336853027,2
12,f103_nyg_middle_AMT_GOODS_PRICE_s_app_AMT_ANNUITY_d_app_AMT_INCOME_TOTAL_max_div_min,31.876998901367188,2
12,f103_nyg_middle_AMT_GOODS_PRICE_max_div_min,0.0,0
12,f103_nyg_middle_AMT_GOODS_PRICE_s_app_AMT_ANNUITY_d_app_AMT_INCOME_TOTAL_diff_min,8.94221019744873,1
12,f103_nyg_middle_AMT_GOODS_PRICE_s_app_AMT_ANNUITY_d_app_AMT_INCOME_TOTAL_pctchange_std_div_mean,91.29475116729736,8
12,f103_nyg_middle_AMT_GOODS_PRICE_s_app_AMT_ANNUITY_d_app_AMT_INCOME_TOTAL_diff_std_div_mean,0.0,0
12,f103_nyg_middle_AMT_GOODS_PRICE_min,1143.069972038269,90
12,f103_nyg_middle_AMT_GOODS_PRICE_s_app_AMT_ANNUITY_d_app_AMT_INCOME_TOTAL_diff_mean,55.0177001953125,4
12,f103_nyg_middle_AMT_GOODS_PRICE_s_app_AMT_ANNUITY_d_app_AMT_INCOME_TOTAL_pctchange_max_div_min,88.91529035568237,8
12,f103_nyg_middle_AMT_GOODS_PRICE_s_app_AMT_ANNUITY_d_app_AMT_INCOME_TOTAL_std_div_mean,64.8997688293457,5
12,f103_nyg_middle_AMT_GOODS_PRICE_s_app_AMT_ANNUITY_d_app_AMT_INCOME_TOTAL_pctchange_min,524.0987091064453,44
12,f103_nyg_middle_AMT_GOODS_PRICE_s_app_AMT_ANNUITY_diff_std_div_mean,9.178330421447754,1
12,f103_nyg_middle_AMT_GOODS_PRICE_s_app_AMT_ANNUITY_d_app_AMT_INCOME_TOTAL_pctchange_mean,205.01042079925537,18
12,f103_nyg_middle_AMT_GOODS_PRICE_s_app_AMT_ANNUITY_diff_max_div_min,0.0,0
12,f103_nyg_middle_AMT_GOODS_PRICE_s_app_AMT_ANNUITY_d_app_AMT_INCOME_TOTAL_pctchange_std,110.32563877105713,9
12,f103_nyg_middle_AMT_GOODS_PRICE_s_app_AMT_ANNUITY_diff_mean,194.9248809814453,17
12,f103_nyg_middle_AMT_GOODS_PRICE_s_app_AMT_ANNUITY_d_app_AMT_INCOME_TOTAL_pctchange_max,347.8089485168457,33
12,f103_nyg_middle_AMT_GOODS_PRICE_s_app_AMT_ANNUITY_diff_min,119.14496088027954,10
12,f103_nyg_middle_AMT_GOODS_PRICE_s_app_AMT_ANNUITY_std_div_mean,8.825010299682617,1
12,f103_nyg_middle_AMT_GOODS_PRICE_s_app_AMT_ANNUITY_min,640.9115343093872,51
12,f103_nyg_middle_AMT_GOODS_PRICE_s_app_AMT_ANNUITY_pctchange_max,116.17191219329834,9
12,f103_nyg_middle_AMT_GOODS_PRICE_s_app_AMT_CREDIT_d_app_AMT_INCOME_TOTAL_diff_max_div_min,0.0,0
12,f103_nyg_middle_AMT_GOODS_PRICE_s_app_AMT_ANNUITY_pctchange_std,27.556509494781494,3
12,f103_nyg_middle_AMT_GOODS_PRICE_s_app_AMT_ANNUITY_pctchange_std_div_mean,0.0,0
12,f103_nyg_middle_AMT_GOODS_PRICE_s_app_AMT_ANNUITY_pctchange_max_div_min,20.023000717163086,1
12,f103_nyg_middle_AMT_GOODS_PRICE_s_app_AMT_ANNUITY_max_div_min,6.223859786987305,1
12,f103_nyg_middle_AMT_GOODS_PRICE_s_app_AMT_CREDIT_d_app_AMT_INCOME_TOTAL_diff_std_div_mean,7.395899772644043,1
12,f103_nyg_middle_AMT_GOODS_PRICE_s_app_AMT_CREDIT_d_app_AMT_INCOME_TOTAL_diff_mean,19.832609176635742,2
12,f103_nyg_middle_AMT_GOODS_PRICE_s_app_AMT_ANNUITY_pctchange_min,36.139320373535156,3
12,f103_nyg_middle_AMT_GOODS_PRICE_s_app_AMT_CREDIT_d_app_AMT_INCOME_TOTAL_max_div_min,18.657699584960938,2
12,f103_nyg_middle_AMT_GOODS_PRICE_s_app_AMT_CREDIT_d_app_AMT_INCOME_TOTAL_diff_min,0.0,0
12,f103_nyg_middle_AMT_GOODS_PRICE_s_app_AMT_CREDIT_d_app_AMT_INCOME_TOTAL_pctchange_max,190.24094104766846,17
12,f103_nyg_middle_AMT_GOODS_PRICE_s_app_AMT_CREDIT_d_app_AMT_INCOME_TOTAL_mean,268.20098876953125,26
12,f103_nyg_middle_AMT_GOODS_PRICE_s_app_AMT_ANNUITY_pctchange_mean,78.60620021820068,6
12,f103_nyg_middle_AMT_GOODS_PRICE_s_app_AMT_CREDIT_d_app_AMT_INCOME_TOTAL_std_div_mean,53.43508005142212,5
12,f103_nyg_middle_AMT_GOODS_PRICE_s_app_AMT_CREDIT_d_app_AMT_INCOME_TOTAL_min,694.8334994316101,57
12,f103_nyg_middle_AMT_GOODS_PRICE_s_app_AMT_CREDIT_d_app_AMT_INCOME_TOTAL_pctchange_std_div_mean,36.44163990020752,3
12,f103_nyg_middle_AMT_GOODS_PRICE_s_app_AMT_CREDIT_d_app_AMT_INCOME_TOTAL_pctchange_mean,175.20201873779297,16
12,f103_nyg_middle_AMT_GOODS_PRICE_s_app_AMT_CREDIT_diff_mean,133.5757598876953,12
12,f103_nyg_middle_AMT_GOODS_PRICE_s_app_AMT_CREDIT_d_app_AMT_INCOME_TOTAL_pctchange_std,21.487709999084473,2
12,f103_nyg_middle_AMT_GOODS_PRICE_s_app_AMT_CREDIT_d_app_AMT_INCOME_TOTAL_pctchange_min,271.3439416885376,23
12,f103_nyg_middle_AMT_GOODS_PRICE_s_app_AMT_GOODS_PRICE_diff_mean,69.5659990310669,4
12,f103_nyg_middle_AMT_GOODS_PRICE_s_app_AMT_GOODS_PRICE_diff_max_div_min,0.0,0
12,f103_nyg_middle_AMT_GOODS_PRICE_s_app_AMT_CREDIT_diff_max_div_min,0.0,0
12,f103_nyg_middle_AMT_GOODS_PRICE_s_app_AMT_CREDIT_pctchange_min,35.6672797203064,3
12,f103_nyg_middle_AMT_GOODS_PRICE_s_app_AMT_CREDIT_pctchange_mean,59.16092014312744,5
12,f103_nyg_middle_AMT_GOODS_PRICE_s_app_AMT_CREDIT_pctchange_std,9.163999557495117,1
12,f103_nyg_middle_AMT_GOODS_PRICE_s_app_AMT_CREDIT_diff_min,46.62228965759277,4
12,f103_nyg_middle_AMT_GOODS_PRICE_s_app_AMT_CREDIT_d_app_AMT_INCOME_TOTAL_max,373.8115668296814,30
12,f103_nyg_middle_AMT_GOODS_PRICE_s_app_AMT_CREDIT_diff_std_div_mean,0.0,0
12,f103_nyg_middle_AMT_GOODS_PRICE_s_app_AMT_CREDIT_pctchange_max,104.85963010787964,9
12,f103_nyg_middle_AMT_GOODS_PRICE_s_app_AMT_CREDIT_max_div_min,55.792099952697754,3
12,f103_nyg_middle_AMT_GOODS_PRICE_s_app_AMT_CREDIT_std_div_mean,35.182220458984375,3
12,f103_nyg_middle_AMT_GOODS_PRICE_s_app_AMT_GOODS_PRICE_diff_std_div_mean,0.0,0
12,f103_nyg_middle_AMT_GOODS_PRICE_s_app_AMT_CREDIT_pctchange_std_div_mean,0.0,0
12,f103_nyg_middle_AMT_GOODS_PRICE_s_app_AMT_GOODS_PRICE_pctchange_std_div_mean,38.1404390335083,3
12,f103_nyg_middle_AMT_GOODS_PRICE_s_app_AMT_GOODS_PRICE_max_div_min,71.87545013427734,7
12,f103_nyg_middle_AMT_GOODS_PRICE_s_app_AMT_GOODS_PRICE_pctchange_max,59.30180072784424,4
12,f103_nyg_middle_AMT_GOODS_PRICE_s_app_AMT_GOODS_PRICE_pctchange_max_div_min,122.88089942932129,7
12,f103_nyg_middle_AMT_GOODS_PRICE_s_app_AMT_GOODS_PRICE_pctchange_std,11.278499603271484,1
12,f103_nyg_middle_AMT_GOODS_PRICE_s_app_AMT_GOODS_PRICE_pctchange_mean,43.19581127166748,4
12,f103_nyg_middle_AMT_GOODS_PRICE_s_app_AMT_GOODS_PRICE_diff_min,46.426350116729736,4
12,f103_nyg_middle_AMT_GOODS_PRICE_s_app_AMT_INCOME_TOTAL_diff_max_div_min,0.0,0
12,f103_nyg_middle_AMT_GOODS_PRICE_s_app_AMT_GOODS_PRICE_std_div_mean,83.3799295425415,6
12,f103_nyg_middle_AMT_GOODS_PRICE_s_app_AMT_INCOME_TOTAL_pctchange_std,136.88244915008545,11
12,f103_nyg_middle_AMT_GOODS_PRICE_s_app_AMT_INCOME_TOTAL_diff_std_div_mean,0.0,0
12,f103_nyg_middle_AMT_GOODS_PRICE_s_app_AMT_GOODS_PRICE_pctchange_min,107.35934066772461,8
12,f103_nyg_middle_AMT_GOODS_PRICE_s_app_AMT_INCOME_TOTAL_pctchange_max_div_min,140.26807975769043,12
12,f103_nyg_middle_AMT_GOODS_PRICE_s_app_AMT_INCOME_TOTAL_pctchange_std_div_mean,31.425950050354004,3
12,f103_nyg_middle_AMT_GOODS_PRICE_s_app_AMT_INCOME_TOTAL_max_div_min,55.6846399307251,5
12,f103_nyg_middle_AMT_GOODS_PRICE_s_app_AMT_INCOME_TOTAL_diff_mean,0.0,0
12,f103_nyg_middle_AMT_GOODS_PRICE_s_app_AMT_INCOME_TOTAL_std_div_mean,23.00728988647461,2
12,f103_nyg_middle_CHANNEL_TYPE_Channel_of_corporate_sales_sum,0.0,0
12,f103_nyg_middle_AMT_GOODS_PRICE_std_div_mean,8.43673038482666,1
12,f103_nyg_middle_AMT_GOODS_PRICE_s_app_AMT_INCOME_TOTAL_pctchange_max,257.98047161102295,24
12,f103_nyg_middle_AMT_GOODS_PRICE_s_app_AMT_INCOME_TOTAL_diff_min,9.85636043548584,1
12,f103_nyg_middle_CHANNEL_TYPE_AP___Cash_loan__mean,38.14113998413086,4
12,f103_nyg_middle_AMT_GOODS_PRICE_s_app_AMT_INCOME_TOTAL_pctchange_min,400.21237325668335,35
12,f103_nyg_middle_CHANNEL_TYPE_Channel_of_corporate_sales_mean,0.0,0
12,f103_nyg_middle_AMT_GOODS_PRICE_s_app_AMT_INCOME_TOTAL_pctchange_mean,387.76540756225586,30
12,f103_nyg_middle_CHANNEL_TYPE_Credit_and_cash_offices_mean,158.4116406440735,11
12,f103_nyg_middle_CHANNEL_TYPE_Country_wide_mean,65.56097984313965,7
12,f103_nyg_middle_CHANNEL_TYPE_Contact_center_mean,98.87338876724243,7
12,f103_nyg_middle_CHANNEL_TYPE_AP___Cash_loan__sum,20.59269905090332,1
12,f103_nyg_middle_CHANNEL_TYPE_Stone_mean,174.4161581993103,15
12,f103_nyg_middle_CHANNEL_TYPE_Country_wide_sum,9.569700241088867,1
12,f103_nyg_middle_CHANNEL_TYPE_Credit_and_cash_offices_sum,12.776100158691406,1
12,f103_nyg_middle_CNT_PAYMENT_max_div_min,14.937800407409668,1
12,f103_nyg_middle_CHANNEL_TYPE_Stone_sum,11.921899795532227,1
12,f103_nyg_middle_CHANNEL_TYPE_Regional___Local_mean,28.614999771118164,3
12,f103_nyg_middle_CODE_REJECT_REASON_SCOFR_mean,0.0,0
12,f103_nyg_middle_CHANNEL_TYPE_Regional___Local_sum,7.379539966583252,1
12,f103_nyg_middle_CNT_PAYMENT_std_div_mean,77.00704193115234,6
12,f103_nyg_middle_CODE_REJECT_REASON_HC_sum,12.487000465393066,1
12,f103_nyg_middle_CODE_REJECT_REASON_CLIENT_sum,0.0,0
12,f103_nyg_middle_CODE_REJECT_REASON_HC_mean,0.0,0
12,f103_nyg_middle_CODE_REJECT_REASON_XAP_sum,174.57669925689697,8
12,f103_nyg_middle_DAYS_DECISION_d_app_DAYS_EMPLOYED_std,165.04390907287598,11
12,f103_nyg_middle_CODE_REJECT_REASON_SCO_sum,0.0,0
12,f103_nyg_middle_CODE_REJECT_REASON_SCO_mean,0.0,0
12,f103_nyg_middle_CODE_REJECT_REASON_XNA_mean,0.0,0
12,f103_nyg_middle_CODE_REJECT_REASON_SCOFR_sum,0.0,0
12,f103_nyg_middle_CODE_REJECT_REASON_VERIF_mean,0.0,0
12,f103_nyg_middle_CODE_REJECT_REASON_VERIF_sum,0.0,0
12,f103_nyg_middle_CODE_REJECT_REASON_XNA_sum,0.0,0
12,f103_nyg_middle_DAYS_DECISION_d_app_DAYS_EMPLOYED_max_div_min,61.57391929626465,4
12,f103_nyg_middle_DAYS_DECISION_d_app_DAYS_EMPLOYED_std_div_mean,76.18991947174072,7
12,f103_nyg_middle_DAYS_DECISION_d_app_DAYS_ID_PUBLISH_std,87.95636892318726,7
12,f103_nyg_middle_DAYS_DECISION_d_app_DAYS_BIRTH_max_div_min,14.48330020904541,1
12,f103_nyg_middle_DAYS_DECISION_d_app_DAYS_ID_PUBLISH_mean,661.6627168655396,41
12,f103_nyg_middle_DAYS_DECISION_d_app_DAYS_LAST_PHONE_CHANGE_max,484.0990114212036,35
12,f103_nyg_middle_DAYS_DECISION_d_app_DAYS_LAST_PHONE_CHANGE_mean,406.07316851615906,29
12,f103_nyg_middle_DAYS_DECISION_d_app_DAYS_REGISTRATION_std,89.84169960021973,6
12,f103_nyg_middle_DAYS_DECISION_d_app_DAYS_ID_PUBLISH_min,718.8596768379211,62
12,f103_nyg_middle_DAYS_DECISION_d_app_DAYS_LAST_PHONE_CHANGE_max_div_min,140.23076152801514,10
12,f103_nyg_middle_DAYS_DECISION_d_app_DAYS_LAST_PHONE_CHANGE_std,133.06583976745605,10
12,f103_nyg_middle_DAYS_DECISION_d_app_DAYS_ID_PUBLISH_max,714.3839430809021,45
12,f103_nyg_middle_DAYS_DECISION_d_app_DAYS_ID_PUBLISH_max_div_min,10.92590045928955,1
12,f103_nyg_middle_DAYS_DECISION_d_app_DAYS_REGISTRATION_mean,752.3866863250732,52
12,f103_nyg_middle_DAYS_DECISION_d_app_DAYS_REGISTRATION_min,1003.9895720481873,64
12,f103_nyg_middle_DAYS_DECISION_d_app_DAYS_LAST_PHONE_CHANGE_min,470.0520987510681,40
12,f103_nyg_middle_DAYS_DECISION_s_app_DAYS_EMPLOYED_max_div_min,209.75984859466553,16
12,f103_nyg_middle_DAYS_DECISION_s_app_DAYS_LAST_PHONE_CHANGE_std_div_mean,128.68115043640137,10
12,f103_nyg_middle_DAYS_DECISION_d_app_DAYS_REGISTRATION_max_div_min,0.0,0
12,f103_nyg_middle_DAYS_DECISION_s_app_DAYS_LAST_PHONE_CHANGE_max_div_min,234.53357410430908,19
12,f103_nyg_middle_DAYS_DECISION_s_app_DAYS_EMPLOYED_std_div_mean,149.08270263671875,10
12,f103_nyg_middle_DAYS_FIRST_DUE_d_app_DAYS_EMPLOYED_std_div_mean,33.83539962768555,2
12,f103_nyg_middle_DAYS_DECISION_d_app_DAYS_REGISTRATION_max,533.8219385147095,45
12,f103_nyg_middle_DAYS_FIRST_DUE_d_app_DAYS_EMPLOYED_std,38.9169397354126,3
12,f103_nyg_middle_DAYS_FIRST_DUE_d_app_DAYS_EMPLOYED_max_div_min,0.0,0
12,f103_nyg_middle_DAYS_DECISION_s_app_DAYS_REGISTRATION_max_div_min,25.307700157165527,2
12,f103_nyg_middle_DAYS_FIRST_DUE_d_app_DAYS_LAST_PHONE_CHANGE_std,39.05048179626465,3
12,f103_nyg_middle_DAYS_FIRST_DUE_d_app_DAYS_LAST_PHONE_CHANGE_mean,1262.1538362503052,69
12,f103_nyg_middle_DAYS_FIRST_DUE_d_app_DAYS_ID_PUBLISH_max_div_min,0.0,0
12,f103_nyg_middle_DAYS_FIRST_DUE_d_app_DAYS_REGISTRATION_max,363.174521446228,29
12,f103_nyg_middle_DAYS_FIRST_DUE_d_app_DAYS_ID_PUBLISH_max,495.73758602142334,37
12,f103_nyg_middle_DAYS_FIRST_DUE_d_app_DAYS_BIRTH_max_div_min,17.94610023498535,1
12,f103_nyg_middle_DAYS_FIRST_DUE_s_DAYS_DECISIONS_std,12.299699783325195,1
12,f103_nyg_middle_DAYS_FIRST_DUE_d_app_DAYS_LAST_PHONE_CHANGE_max_div_min,8.946269989013672,1
12,f103_nyg_middle_DAYS_FIRST_DUE_d_app_DAYS_LAST_PHONE_CHANGE_min,1442.3170533180237,80
12,f103_nyg_middle_DAYS_FIRST_DUE_d_app_DAYS_ID_PUBLISH_mean,452.66653537750244,38
12,f103_nyg_middle_DAYS_FIRST_DUE_d_app_DAYS_ID_PUBLISH_min,475.7802085876465,34
12,f103_nyg_middle_DAYS_FIRST_DUE_d_app_DAYS_LAST_PHONE_CHANGE_max,589.2420310974121,38
12,f103_nyg_middle_DAYS_FIRST_DUE_s_DAYS_DECISIONS_max,140.0370397567749,12
12,f103_nyg_middle_DAYS_FIRST_DUE_d_app_DAYS_REGISTRATION_max_div_min,32.663400650024414,2
12,f103_nyg_middle_DAYS_FIRST_DUE_s_DAYS_DECISIONS_min,216.45971155166626,17
12,f103_nyg_middle_DAYS_FIRST_DUE_s_DAYS_DECISIONS_mean,236.2970094680786,21
12,f103_nyg_middle_DAYS_FIRST_DUE_s_DAYS_DECISIONS_max_div_min,0.0,0
12,f103_nyg_middle_DAYS_FIRST_DUE_d_app_DAYS_REGISTRATION_std,76.52816009521484,6
12,f103_nyg_middle_DAYS_FIRST_DUE_s_DAYS_DECISIONS_std_div_mean,0.0,0
12,f103_nyg_middle_DAYS_FIRST_DUE_s_app_DAYS_EMPLOYED_max_div_min,0.0,0
12,f103_nyg_middle_DAYS_FIRST_DUE_d_app_DAYS_REGISTRATION_min,509.10964918136597,38
12,f103_nyg_middle_DAYS_FIRST_DUE_s_app_DAYS_EMPLOYED_std_div_mean,47.6618013381958,3
12,f103_nyg_middle_DAYS_FIRST_DUE_d_app_DAYS_REGISTRATION_mean,339.7787308692932,26
12,f103_nyg_middle_DAYS_FIRST_DUE_s_app_DAYS_ID_PUBLISH_max_div_min,22.506770133972168,2
12,f103_nyg_middle_DAYS_FIRST_DUE_s_app_DAYS_LAST_PHONE_CHANGE_std_div_mean,51.27584934234619,3
12,f103_nyg_middle_DAYS_FIRST_DUE_s_app_DAYS_REGISTRATION_std_div_mean,21.264199256896973,2
12,f103_nyg_middle_DAYS_FIRST_DUE_s_app_DAYS_REGISTRATION_max_div_min,35.16268062591553,3
12,f103_nyg_middle_DAYS_LAST_DUE_1ST_VERSION_d_app_DAYS_EMPLOYED_std_div_mean,98.44129943847656,6
12,f103_nyg_middle_DAYS_LAST_DUE_1ST_VERSION_d_app_DAYS_BIRTH_std_div_mean,18.470980644226074,2
12,f103_nyg_middle_DAYS_LAST_DUE_1ST_VERSION_d_app_DAYS_EMPLOYED_max,1581.935971736908,100
12,f103_nyg_middle_DAYS_LAST_DUE_1ST_VERSION_d_app_DAYS_EMPLOYED_mean,1477.5395879745483,99
12,f103_nyg_middle_DAYS_FIRST_DUE_s_app_DAYS_LAST_PHONE_CHANGE_max_div_min,25.418720245361328,2
12,f103_nyg_middle_DAYS_LAST_DUE_1ST_VERSION_d_app_DAYS_ID_PUBLISH_std,29.80479907989502,2
12,f103_nyg_middle_DAYS_LAST_DUE_1ST_VERSION_d_app_DAYS_LAST_PHONE_CHANGE_std,21.62470054626465,1
12,f103_nyg_middle_DAYS_LAST_DUE_1ST_VERSION_d_app_DAYS_BIRTH_max_div_min,0.0,0
12,f103_nyg_middle_DAYS_LAST_DUE_1ST_VERSION_d_app_DAYS_EMPLOYED_max_div_min,23.671899795532227,2
12,f103_nyg_middle_DAYS_LAST_DUE_1ST_VERSION_d_app_DAYS_LAST_PHONE_CHANGE_max_div_min,0.0,0
12,f103_nyg_middle_DAYS_LAST_DUE_1ST_VERSION_d_app_DAYS_ID_PUBLISH_std_div_mean,22.466999053955078,1
12,f103_nyg_middle_DAYS_LAST_DUE_1ST_VERSION_d_app_DAYS_ID_PUBLISH_mean,1193.9660177230835,77
12,f103_nyg_middle_DAYS_LAST_DUE_1ST_VERSION_d_app_DAYS_LAST_PHONE_CHANGE_min,947.8106503486633,68
12,f103_nyg_middle_DAYS_LAST_DUE_1ST_VERSION_d_app_DAYS_LAST_PHONE_CHANGE_std_div_mean,51.21199893951416,3
12,f103_nyg_middle_DAYS_LAST_DUE_1ST_VERSION_d_app_DAYS_ID_PUBLISH_max_div_min,5.797399997711182,1
12,f103_nyg_middle_DAYS_LAST_DUE_1ST_VERSION_d_app_DAYS_ID_PUBLISH_max,570.1101384162903,45
12,f103_nyg_middle_DAYS_LAST_DUE_1ST_VERSION_d_app_DAYS_LAST_PHONE_CHANGE_max,704.1039862632751,60
12,f103_nyg_middle_DAYS_LAST_DUE_1ST_VERSION_d_app_DAYS_REGISTRATION_std_div_mean,0.0,0
12,f103_nyg_middle_DAYS_LAST_DUE_1ST_VERSION_d_app_DAYS_LAST_PHONE_CHANGE_mean,657.7347588539124,42
12,f103_nyg_middle_DAYS_LAST_DUE_1ST_VERSION_d_app_DAYS_EMPLOYED_min,1963.2059984207153,116
12,f103_nyg_middle_DAYS_LAST_DUE_1ST_VERSION_d_app_DAYS_ID_PUBLISH_min,894.6117806434631,64
12,f103_nyg_middle_DAYS_LAST_DUE_1ST_VERSION_d_app_DAYS_REGISTRATION_max_div_min,0.0,0
12,f103_nyg_middle_DAYS_LAST_DUE_1ST_VERSION_s_DAYS_DECISIONS_max_div_min,0.0,0
12,f103_nyg_middle_DAYS_LAST_DUE_1ST_VERSION_s_app_DAYS_BIRTH_max_div_min,0.0,0
12,f103_nyg_middle_DAYS_LAST_DUE_1ST_VERSION_d_app_DAYS_REGISTRATION_max,846.9361572265625,68
12,f103_nyg_middle_DAYS_LAST_DUE_1ST_VERSION_s_DAYS_FIRST_DUE_max_div_min,0.0,0
12,f103_nyg_middle_DAYS_LAST_DUE_1ST_VERSION_d_app_DAYS_REGISTRATION_mean,788.2955722808838,57
12,f103_nyg_middle_DAYS_LAST_DUE_1ST_VERSION_d_app_DAYS_REGISTRATION_min,610.1489295959473,47
12,f103_nyg_middle_DAYS_LAST_DUE_1ST_VERSION_s_app_DAYS_ID_PUBLISH_std_div_mean,47.724650382995605,3
12,f103_nyg_middle_DAYS_LAST_DUE_1ST_VERSION_s_app_DAYS_ID_PUBLISH_max_div_min,0.0,0
12,f103_nyg_middle_DAYS_LAST_DUE_1ST_VERSION_s_app_DAYS_LAST_PHONE_CHANGE_std_div_mean,36.423590660095215,3
12,f103_nyg_middle_DAYS_LAST_DUE_1ST_VERSION_s_app_DAYS_EMPLOYED_max_div_min,9.189629554748535,1
12,f103_nyg_middle_DAYS_LAST_DUE_1ST_VERSION_s_app_DAYS_EMPLOYED_std_div_mean,50.56279945373535,4
12,f103_nyg_middle_DAYS_LAST_DUE_1ST_VERSION_s_app_DAYS_REGISTRATION_std_div_mean,35.223588943481445,2
12,f103_nyg_middle_DAYS_LAST_DUE_1ST_VERSION_s_app_DAYS_LAST_PHONE_CHANGE_max_div_min,25.776799201965332,2
12,f103_nyg_middle_DAYS_LAST_DUE_d_app_DAYS_BIRTH_max_div_min,36.82981014251709,3
12,f103_nyg_middle_DAYS_LAST_DUE_1ST_VERSION_s_app_DAYS_LAST_PHONE_CHANGE_max,687.5689644813538,55
12,f103_nyg_middle_DAYS_LAST_DUE_1ST_VERSION_s_app_DAYS_REGISTRATION_max_div_min,36.01232051849365,4
12,f103_nyg_middle_DAYS_LAST_DUE_1ST_VERSION_s_app_DAYS_LAST_PHONE_CHANGE_mean,759.3863487243652,63
12,f103_nyg_middle_DAYS_LAST_DUE_d_app_DAYS_ID_PUBLISH_max,314.2546286582947,25
12,f103_nyg_middle_DAYS_LAST_DUE_d_app_DAYS_EMPLOYED_std,0.0,0
12,f103_nyg_middle_DAYS_LAST_DUE_d_app_DAYS_EMPLOYED_max_div_min,15.635000228881836,1
12,f103_nyg_middle_DAYS_LAST_DUE_d_app_DAYS_ID_PUBLISH_max_div_min,0.0,0
12,f103_nyg_middle_DAYS_LAST_DUE_d_app_DAYS_ID_PUBLISH_mean,174.19977235794067,16
12,f103_nyg_middle_DAYS_LAST_DUE_d_app_DAYS_LAST_PHONE_CHANGE_min,511.93213844299316,42
12,f103_nyg_middle_DAYS_LAST_DUE_d_app_DAYS_LAST_PHONE_CHANGE_max_div_min,12.558500289916992,1
12,f103_nyg_middle_DAYS_LAST_DUE_d_app_DAYS_LAST_PHONE_CHANGE_max,403.5230813026428,34
12,f103_nyg_middle_DAYS_LAST_DUE_s_DAYS_DECISIONS_min,620.5918951034546,42
12,f103_nyg_middle_DAYS_LAST_DUE_d_app_DAYS_REGISTRATION_max,386.369348526001,31
12,f103_nyg_middle_DAYS_LAST_DUE_s_DAYS_DECISIONS_std,10.947999954223633,1
12,f103_nyg_middle_DAYS_LAST_DUE_d_app_DAYS_ID_PUBLISH_min,287.25585317611694,26
12,f103_nyg_middle_DAYS_LAST_DUE_s_DAYS_DECISIONS_mean,265.01542043685913,21
12,f103_nyg_middle_DAYS_LAST_DUE_s_DAYS_DECISIONS_max,138.8690004348755,12
12,f103_nyg_middle_DAYS_LAST_DUE_d_app_DAYS_LAST_PHONE_CHANGE_mean,245.2821397781372,20
12,f103_nyg_middle_DAYS_LAST_DUE_d_app_DAYS_REGISTRATION_min,252.61865949630737,24
12,f103_nyg_middle_DAYS_LAST_DUE_d_app_DAYS_REGISTRATION_mean,248.18881797790527,21
12,f103_nyg_middle_DAYS_LAST_DUE_s_DAYS_FIRST_DUE_std,0.0,0
12,f103_nyg_middle_DAYS_LAST_DUE_d_app_DAYS_REGISTRATION_max_div_min,0.0,0
12,f103_nyg_middle_DAYS_LAST_DUE_s_DAYS_FIRST_DUE_mean,29.855300903320312,1
12,f103_nyg_middle_DAYS_LAST_DUE_s_DAYS_FIRST_DUE_max,15.662350177764893,2
12,f103_nyg_middle_DAYS_LAST_DUE_s_DAYS_DECISIONS_max_div_min,7.639949798583984,1
12,f103_nyg_middle_DAYS_LAST_DUE_s_DAYS_FIRST_DUE_max_div_min,42.975040435791016,4
12,f103_nyg_middle_DAYS_LAST_DUE_s_DAYS_LAST_DUE_1ST_VERSION_max_div_min,141.0492286682129,10
12,f103_nyg_middle_DAYS_LAST_DUE_s_DAYS_FIRST_DUE_min,0.0,0
12,f103_nyg_middle_DAYS_LAST_DUE_s_app_DAYS_ID_PUBLISH_max_div_min,11.704000473022461,1
12,f103_nyg_middle_DAYS_LAST_DUE_s_app_DAYS_EMPLOYED_max_div_min,14.220999717712402,1
12,f103_nyg_middle_DAYS_LAST_DUE_s_app_DAYS_EMPLOYED_std_div_mean,0.0,0
12,f103_nyg_middle_DAYS_LAST_DUE_s_app_DAYS_ID_PUBLISH_std_div_mean,8.952360153198242,1
12,f103_nyg_middle_DAYS_TERMINATION_d_app_DAYS_EMPLOYED_std,0.0,0
12,f103_nyg_middle_DAYS_LAST_DUE_s_app_DAYS_REGISTRATION_std_div_mean,7.549990177154541,1
12,f103_nyg_middle_DAYS_TERMINATION_d_app_DAYS_BIRTH_max_div_min,7.839379787445068,1
12,f103_nyg_middle_DAYS_TERMINATION_d_app_DAYS_EMPLOYED_max_div_min,21.189800262451172,2
12,f103_nyg_middle_DAYS_LAST_DUE_s_app_DAYS_REGISTRATION_max_div_min,0.0,0
12,f103_nyg_middle_DAYS_LAST_DUE_s_app_DAYS_LAST_PHONE_CHANGE_max_div_min,19.04800033569336,1
12,f103_nyg_middle_DAYS_TERMINATION_d_app_DAYS_LAST_PHONE_CHANGE_max,405.10279750823975,35
12,f103_nyg_middle_DAYS_TERMINATION_d_app_DAYS_LAST_PHONE_CHANGE_max_div_min,7.270319938659668,1
12,f103_nyg_middle_DAYS_TERMINATION_d_app_DAYS_LAST_PHONE_CHANGE_mean,370.6554489135742,30
12,f103_nyg_middle_DAYS_TERMINATION_d_app_DAYS_ID_PUBLISH_max,427.05981063842773,35
12,f103_nyg_middle_DAYS_TERMINATION_d_app_DAYS_ID_PUBLISH_max_div_min,0.0,0
12,f103_nyg_middle_DAYS_TERMINATION_d_app_DAYS_ID_PUBLISH_min,330.37128257751465,31
12,f103_nyg_middle_DAYS_TERMINATION_s_DAYS_DECISIONS_max,375.6220283508301,28
12,f103_nyg_middle_DAYS_TERMINATION_s_DAYS_DECISIONS_std,13.145400047302246,1
12,f103_nyg_middle_DAYS_TERMINATION_d_app_DAYS_ID_PUBLISH_mean,298.26143980026245,23
12,f103_nyg_middle_DAYS_TERMINATION_d_app_DAYS_REGISTRATION_max_div_min,0.0,0
12,f103_nyg_middle_DAYS_TERMINATION_d_app_DAYS_REGISTRATION_max,306.00229024887085,27
12,f103_nyg_middle_DAYS_TERMINATION_d_app_DAYS_REGISTRATION_min,174.79136896133423,16
12,f103_nyg_middle_DAYS_TERMINATION_d_app_DAYS_REGISTRATION_mean,119.13717889785767,11
12,f103_nyg_middle_DAYS_TERMINATION_d_app_DAYS_LAST_PHONE_CHANGE_min,417.04852962493896,32
12,f103_nyg_middle_DAYS_TERMINATION_s_DAYS_DECISIONS_max_div_min,0.0,0
12,f103_nyg_middle_DAYS_TERMINATION_s_DAYS_FIRST_DUE_mean,266.6270809173584,23
12,f103_nyg_middle_DAYS_TERMINATION_s_DAYS_FIRST_DUE_std,0.0,0
12,f103_nyg_middle_DAYS_TERMINATION_s_DAYS_DECISIONS_min,616.2082190513611,43
12,f103_nyg_middle_DAYS_TERMINATION_s_DAYS_LAST_DUE_1ST_VERSION_max_div_min,0.0,0
12,f103_nyg_middle_DAYS_TERMINATION_s_DAYS_DECISIONS_mean,330.73486042022705,26
12,f103_nyg_middle_DAYS_TERMINATION_s_DAYS_LAST_DUE_std,26.54680061340332,1
12,f103_nyg_middle_DAYS_TERMINATION_s_DAYS_LAST_DUE_1ST_VERSION_std_div_mean,0.0,0
12,f103_nyg_middle_DAYS_TERMINATION_s_DAYS_FIRST_DUE_min,241.36808061599731,20
12,f103_nyg_middle_DAYS_TERMINATION_s_DAYS_FIRST_DUE_max,369.8827066421509,26
12,f103_nyg_middle_DAYS_TERMINATION_s_DAYS_FIRST_DUE_max_div_min,17.72640037536621,1
12,f103_nyg_middle_DAYS_TERMINATION_s_DAYS_LAST_DUE_std_div_mean,11.844499588012695,1
12,f103_nyg_middle_DAYS_TERMINATION_s_DAYS_LAST_DUE_max,265.96805906295776,24
12,f103_nyg_middle_DAYS_TERMINATION_s_app_DAYS_ID_PUBLISH_std_div_mean,0.0,0
12,f103_nyg_middle_DAYS_TERMINATION_s_DAYS_LAST_DUE_mean,344.51206970214844,29
12,f103_nyg_middle_DAYS_TERMINATION_s_app_DAYS_EMPLOYED_max_div_min,9.507630348205566,1
12,f103_nyg_middle_DAYS_TERMINATION_s_app_DAYS_ID_PUBLISH_max_div_min,24.0410795211792,2
12,f103_nyg_middle_DAYS_TERMINATION_s_app_DAYS_LAST_PHONE_CHANGE_max_div_min,0.0,0
12,f103_nyg_middle_DAYS_TERMINATION_s_DAYS_LAST_DUE_min,333.9036602973938,29
12,f103_nyg_middle_DAYS_TERMINATION_s_DAYS_LAST_DUE_max_div_min,0.0,0
12,f103_nyg_middle_DAYS_TERMINATION_s_app_DAYS_LAST_PHONE_CHANGE_std_div_mean,0.0,0
12,f103_nyg_middle_DAYS_TERMINATION_s_app_DAYS_REGISTRATION_max_div_min,14.105500221252441,1
12,f103_nyg_middle_HOUR_APPR_PROCESS_START_max,1469.6939716339111,124
12,f103_nyg_middle_NAME_CASH_LOAN_PURPOSE_Building_a_house_or_an_annex_sum,0.0,0
12,f103_nyg_middle_NAME_CASH_LOAN_PURPOSE_Buying_a_garage_mean,0.0,0
12,f103_nyg_middle_NAME_CASH_LOAN_PURPOSE_Buying_a_holiday_home___land_mean,0.0,0
12,f103_nyg_middle_NAME_CASH_LOAN_PURPOSE_Buying_a_garage_sum,0.0,0
12,f103_nyg_middle_NAME_CASH_LOAN_PURPOSE_Business_development_mean,0.0,0
12,f103_nyg_middle_NAME_CASH_LOAN_PURPOSE_Buying_a_home_mean,0.0,0
12,f103_nyg_middle_NAME_CASH_LOAN_PURPOSE_Building_a_house_or_an_annex_mean,0.0,0
12,f103_nyg_middle_NAME_CASH_LOAN_PURPOSE_Buying_a_holiday_home___land_sum,0.0,0
12,f103_nyg_middle_NAME_CASH_LOAN_PURPOSE_Buying_a_new_car_sum,0.0,0
12,f103_nyg_middle_NAME_CASH_LOAN_PURPOSE_Buying_a_used_car_mean,0.0,0
12,f103_nyg_middle_NAME_CASH_LOAN_PURPOSE_Business_development_sum,0.0,0
12,f103_nyg_middle_NAME_CASH_LOAN_PURPOSE_Car_repairs_mean,0.0,0
12,f103_nyg_middle_NAME_CASH_LOAN_PURPOSE_Buying_a_used_car_sum,0.0,0
12,f103_nyg_middle_NAME_CASH_LOAN_PURPOSE_Everyday_expenses_mean,0.0,0
12,f103_nyg_middle_NAME_CASH_LOAN_PURPOSE_Buying_a_new_car_mean,0.0,0
12,f103_nyg_middle_NAME_CASH_LOAN_PURPOSE_Car_repairs_sum,0.0,0
12,f103_nyg_middle_NAME_CASH_LOAN_PURPOSE_Gasification___water_supply_sum,0.0,0
12,f103_nyg_middle_NAME_CASH_LOAN_PURPOSE_Buying_a_home_sum,0.0,0
12,f103_nyg_middle_NAME_CASH_LOAN_PURPOSE_Education_mean,0.0,0
12,f103_nyg_middle_NAME_CASH_LOAN_PURPOSE_Education_sum,0.0,0
12,f103_nyg_middle_NAME_CASH_LOAN_PURPOSE_Everyday_expenses_sum,0.0,0
12,f103_nyg_middle_NAME_CASH_LOAN_PURPOSE_Furniture_sum,0.0,0
12,f103_nyg_middle_NAME_CASH_LOAN_PURPOSE_Gasification___water_supply_mean,0.0,0
12,f103_nyg_middle_NAME_CASH_LOAN_PURPOSE_Medicine_mean,0.0,0
12,f103_nyg_middle_NAME_CASH_LOAN_PURPOSE_Furniture_mean,0.0,0
12,f103_nyg_middle_NAME_CASH_LOAN_PURPOSE_Journey_sum,0.0,0
12,f103_nyg_middle_NAME_CASH_LOAN_PURPOSE_Other_sum,0.0,0
12,f103_nyg_middle_NAME_CASH_LOAN_PURPOSE_Journey_mean,0.0,0
12,f103_nyg_middle_NAME_CASH_LOAN_PURPOSE_Purchase_of_electronic_equipment_mean,0.0,0
12,f103_nyg_middle_NAME_CASH_LOAN_PURPOSE_Payments_on_other_loans_sum,0.0,0
12,f103_nyg_middle_NAME_CASH_LOAN_PURPOSE_Other_mean,0.0,0
12,f103_nyg_middle_NAME_CASH_LOAN_PURPOSE_Medicine_sum,0.0,0
12,f103_nyg_middle_NAME_CASH_LOAN_PURPOSE_Payments_on_other_loans_mean,0.0,0
12,f103_nyg_middle_NAME_CASH_LOAN_PURPOSE_Purchase_of_electronic_equipment_sum,0.0,0
12,f103_nyg_middle_NAME_CASH_LOAN_PURPOSE_XNA_sum,202.56239986419678,11
12,f103_nyg_middle_NAME_CASH_LOAN_PURPOSE_Wedding___gift___holiday_sum,0.0,0
12,f103_nyg_middle_NAME_CASH_LOAN_PURPOSE_Urgent_needs_sum,0.0,0
12,f103_nyg_middle_NAME_CASH_LOAN_PURPOSE_Wedding___gift___holiday_mean,0.0,0
12,f103_nyg_middle_NAME_CONTRACT_STATUS_Canceled_sum,0.0,0
12,f103_nyg_middle_NAME_CLIENT_TYPE_Repeater_sum,10.12339973449707,1
12,f103_nyg_middle_NAME_CLIENT_TYPE_Repeater_mean,75.45472049713135,6
12,f103_nyg_middle_NAME_CASH_LOAN_PURPOSE_XAP_sum,0.0,0
12,f103_nyg_middle_NAME_CASH_LOAN_PURPOSE_XAP_mean,14.938899993896484,1
12,f103_nyg_middle_NAME_CASH_LOAN_PURPOSE_Urgent_needs_mean,0.0,0
12,f103_nyg_middle_NAME_CLIENT_TYPE_Refreshed_sum,0.0,0
12,f103_nyg_middle_NAME_CONTRACT_STATUS_Canceled_mean,0.0,0
12,f103_nyg_middle_NAME_CONTRACT_STATUS_Approved_sum,142.5678997039795,6
12,f103_nyg_middle_NAME_CLIENT_TYPE_Refreshed_mean,7.72661018371582,1
12,f103_nyg_middle_NAME_CONTRACT_TYPE_Cash_loans_mean,16.548900604248047,1
12,f103_nyg_middle_NAME_CONTRACT_TYPE_Cash_loans_sum,13.030699729919434,1
12,f103_nyg_middle_NAME_CONTRACT_TYPE_Consumer_loans_sum,0.0,0
12,f103_nyg_middle_NAME_GOODS_CATEGORY_Audio_Video_mean,444.2650194168091,26
12,f103_nyg_middle_NAME_CONTRACT_STATUS_Unused_offer_sum,0.0,0
12,f103_nyg_middle_NAME_GOODS_CATEGORY_Construction_Materials_sum,0.0,0
12,f103_nyg_middle_NAME_GOODS_CATEGORY_Clothing_and_Accessories_mean,11.262399673461914,1
12,f103_nyg_middle_NAME_GOODS_CATEGORY_Consumer_Electronics_mean,44.66446018218994,4
12,f103_nyg_middle_NAME_GOODS_CATEGORY_Computers_mean,92.03693056106567,8
12,f103_nyg_middle_NAME_GOODS_CATEGORY_Auto_Accessories_mean,0.0,0
12,f103_nyg_middle_NAME_CONTRACT_TYPE_Consumer_loans_mean,0.0,0
12,f103_nyg_middle_NAME_GOODS_CATEGORY_Consumer_Electronics_sum,16.427080154418945,2
12,f103_nyg_middle_NAME_GOODS_CATEGORY_Auto_Accessories_sum,0.0,0
12,f103_nyg_middle_NAME_GOODS_CATEGORY_Gardening_mean,0.0,0
12,f103_nyg_middle_NAME_GOODS_CATEGORY_Clothing_and_Accessories_sum,0.0,0
12,f103_nyg_middle_NAME_GOODS_CATEGORY_Fitness_sum,0.0,0
12,f103_nyg_middle_NAME_GOODS_CATEGORY_Construction_Materials_mean,11.569000244140625,1
12,f103_nyg_middle_NAME_GOODS_CATEGORY_Fitness_mean,0.0,0
12,f103_nyg_middle_NAME_GOODS_CATEGORY_Furniture_sum,0.0,0
12,f103_nyg_middle_NAME_GOODS_CATEGORY_Gardening_sum,0.0,0
12,f103_nyg_middle_NAME_GOODS_CATEGORY_Furniture_mean,0.0,0
12,f103_nyg_middle_NAME_GOODS_CATEGORY_Jewelry_mean,0.0,0
12,f103_nyg_middle_NAME_GOODS_CATEGORY_Homewares_mean,0.0,0
12,f103_nyg_middle_NAME_GOODS_CATEGORY_Medicine_mean,0.0,0
12,f103_nyg_middle_NAME_GOODS_CATEGORY_Medical_Supplies_mean,0.0,0
12,f103_nyg_middle_NAME_GOODS_CATEGORY_Homewares_sum,0.0,0
12,f103_nyg_middle_NAME_GOODS_CATEGORY_Sport_and_Leisure_mean,0.0,0
12,f103_nyg_middle_NAME_GOODS_CATEGORY_Mobile_mean,0.0,0
12,f103_nyg_middle_NAME_GOODS_CATEGORY_Jewelry_sum,0.0,0
12,f103_nyg_middle_NAME_GOODS_CATEGORY_Medical_Supplies_sum,0.0,0
12,f103_nyg_middle_NAME_GOODS_CATEGORY_Photo___Cinema_Equipment_mean,0.0,0
12,f103_nyg_middle_NAME_GOODS_CATEGORY_Mobile_sum,0.0,0
12,f103_nyg_middle_NAME_GOODS_CATEGORY_Photo___Cinema_Equipment_sum,0.0,0
12,f103_nyg_middle_NAME_GOODS_CATEGORY_Sport_and_Leisure_sum,0.0,0
12,f103_nyg_middle_NAME_GOODS_CATEGORY_Office_Appliances_mean,0.0,0
12,f103_nyg_middle_NAME_GOODS_CATEGORY_Office_Appliances_sum,0.0,0
12,f103_nyg_middle_NAME_GOODS_CATEGORY_Medicine_sum,0.0,0
12,f103_nyg_middle_NAME_GOODS_CATEGORY_Tourism_mean,0.0,0
12,f103_nyg_middle_NAME_GOODS_CATEGORY_Vehicles_mean,0.0,0
12,f103_nyg_middle_NAME_GOODS_CATEGORY_Tourism_sum,0.0,0
12,f103_nyg_middle_NAME_PAYMENT_TYPE_Cashless_from_the_account_of_the_employer_mean,0.0,0
12,f103_nyg_middle_NAME_PAYMENT_TYPE_Non_cash_from_your_account_sum,0.0,0
12,f103_nyg_middle_NAME_PORTFOLIO_POS_mean,0.0,0
12,f103_nyg_middle_NAME_GOODS_CATEGORY_XNA_sum,0.0,0
12,f103_nyg_middle_NAME_GOODS_CATEGORY_XNA_mean,0.0,0
12,f103_nyg_middle_NAME_GOODS_CATEGORY_Vehicles_sum,0.0,0
12,f103_nyg_middle_NAME_PAYMENT_TYPE_Cash_through_the_bank_sum,249.1393494606018,20
12,f103_nyg_middle_NAME_PORTFOLIO_Cash_mean,0.0,0
12,f103_nyg_middle_NAME_PORTFOLIO_POS_sum,0.0,0
12,f103_nyg_middle_NAME_PAYMENT_TYPE_Non_cash_from_your_account_mean,0.0,0
12,f103_nyg_middle_NAME_SELLER_INDUSTRY_Auto_technology_mean,15.356800079345703,1
12,f103_nyg_middle_NAME_PRODUCT_TYPE_XNA_mean,0.0,0
12,f103_nyg_middle_NAME_PAYMENT_TYPE_Cashless_from_the_account_of_the_employer_sum,0.0,0
12,f103_nyg_middle_NAME_SELLER_INDUSTRY_Clothing_mean,9.136919975280762,1
12,f103_nyg_middle_NAME_PRODUCT_TYPE_x_sell_sum,455.4110908508301,28
12,f103_nyg_middle_NAME_PORTFOLIO_Cash_sum,0.0,0
12,f103_nyg_middle_NAME_SELLER_INDUSTRY_Auto_technology_sum,0.0,0
12,f103_nyg_middle_NAME_SELLER_INDUSTRY_Connectivity_mean,0.0,0
12,f103_nyg_middle_NAME_SELLER_INDUSTRY_Furniture_sum,0.0,0
12,f103_nyg_middle_NAME_PRODUCT_TYPE_XNA_sum,0.0,0
12,f103_nyg_middle_NAME_SELLER_INDUSTRY_Construction_mean,8.554889678955078,1
12,f103_nyg_middle_NAME_SELLER_INDUSTRY_Construction_sum,0.0,0
12,f103_nyg_middle_NAME_SELLER_INDUSTRY_Industry_mean,11.668999671936035,1
12,f103_nyg_middle_NAME_SELLER_INDUSTRY_Clothing_sum,0.0,0
12,f103_nyg_middle_NAME_SELLER_INDUSTRY_Industry_sum,7.713600158691406,1
12,f103_nyg_middle_NAME_SELLER_INDUSTRY_Consumer_electronics_mean,50.36467933654785,5
12,f103_nyg_middle_NAME_SELLER_INDUSTRY_Tourism_mean,0.0,0
12,f103_nyg_middle_NAME_TYPE_SUITE_Children_sum,0.0,0
12,f103_nyg_middle_NAME_SELLER_INDUSTRY_Furniture_mean,15.860270023345947,2
12,f103_nyg_middle_NAME_SELLER_INDUSTRY_Jewelry_mean,0.0,0
12,f103_nyg_middle_NAME_SELLER_INDUSTRY_Connectivity_sum,0.0,0
12,f103_nyg_middle_NAME_TYPE_SUITE_Family_mean,76.55263996124268,6
12,f103_nyg_middle_NAME_TYPE_SUITE_Children_mean,0.0,0
12,f103_nyg_middle_NAME_SELLER_INDUSTRY_Jewelry_sum,0.0,0
12,f103_nyg_middle_NAME_SELLER_INDUSTRY_XNA_mean,11.574399948120117,1
12,f103_nyg_middle_NAME_SELLER_INDUSTRY_XNA_sum,0.0,0
12,f103_nyg_middle_NAME_TYPE_SUITE_Unaccompanied_mean,0.0,0
12,f103_nyg_middle_NAME_SELLER_INDUSTRY_Tourism_sum,0.0,0
12,f103_nyg_middle_NAME_TYPE_SUITE_Other_A_mean,0.0,0
12,f103_nyg_middle_NAME_TYPE_SUITE_Group_of_people_mean,0.0,0
12,f103_nyg_middle_NAME_TYPE_SUITE_Spouse__partner_mean,0.0,0
12,f103_nyg_middle_NAME_TYPE_SUITE_Other_A_sum,0.0,0
12,f103_nyg_middle_NFLAG_LAST_APPL_IN_DAY_std,0.0,0
12,f103_nyg_middle_NFLAG_LAST_APPL_IN_DAY_min,0.0,0
12,f103_nyg_middle_NAME_TYPE_SUITE_Family_sum,10.241299629211426,1
12,f103_nyg_middle_NFLAG_LAST_APPL_IN_DAY_max,0.0,0
12,f103_nyg_middle_NAME_TYPE_SUITE_Spouse__partner_sum,0.0,0
12,f103_nyg_middle_NAME_TYPE_SUITE_Group_of_people_sum,0.0,0
12,f103_nyg_middle_NAME_TYPE_SUITE_Other_B_sum,0.0,0
12,f103_nyg_middle_NAME_TYPE_SUITE_Other_B_mean,0.0,0
12,f103_nyg_middle_NFLAG_LAST_APPL_IN_DAY_mean,0.0,0
12,f103_nyg_middle_NAME_TYPE_SUITE_Unaccompanied_sum,26.819279670715332,2
12,f103_nyg_middle_PRODUCT_COMBINATION_POS_household_with_interest_mean,96.05158853530884,8
12,f103_nyg_middle_PRODUCT_COMBINATION_POS_industry_without_interest_sum,0.0,0
12,f103_nyg_middle_RATE_DOWN_PAYMENT_max_div_min,0.0,0
12,f103_nyg_middle_PRODUCT_COMBINATION_POS_household_without_interest_mean,0.0,0
12,f103_nyg_middle_PRODUCT_COMBINATION_POS_mobile_with_interest_sum,11.376299858093262,1
12,f103_nyg_middle_PRODUCT_COMBINATION_POS_household_without_interest_sum,0.0,0
12,f103_nyg_middle_PRODUCT_COMBINATION_POS_industry_with_interest_mean,36.349080085754395,3
12,f103_nyg_middle_PRODUCT_COMBINATION_POS_industry_with_interest_sum,9.555689811706543,1
12,f103_nyg_middle_PRODUCT_COMBINATION_POS_mobile_with_interest_mean,33.9271502494812,3
12,f103_nyg_middle_PRODUCT_COMBINATION_POS_mobile_without_interest_sum,0.0,0
12,f103_nyg_middle_PRODUCT_COMBINATION_POS_industry_without_interest_mean,0.0,0
12,f103_nyg_middle_PRODUCT_COMBINATION_POS_other_with_interest_mean,9.660490036010742,1
12,f103_nyg_middle_PRODUCT_COMBINATION_POS_others_without_interest_mean,0.0,0
12,f103_nyg_middle_PRODUCT_COMBINATION_POS_mobile_without_interest_mean,0.0,0
12,f103_nyg_middle_RATE_INTEREST_PRIMARY_min,10.82699966430664,1
12,f103_nyg_middle_RATE_INTEREST_PRIMARY_mean,0.0,0
12,f103_nyg_middle_PRODUCT_COMBINATION_POS_others_without_interest_sum,0.0,0
12,f103_nyg_middle_RATE_DOWN_PAYMENT_std_div_mean,0.0,0
12,f103_nyg_middle_RATE_DOWN_PAYMENT_std,18.786640167236328,2
12,f103_nyg_middle_RATE_INTEREST_PRIMARY_max,0.0,0
12,f103_nyg_middle_SELLERPLACE_AREA_max_div_min,87.3745813369751,7
12,f103_nyg_middle_SELLERPLACE_AREA_std_div_mean,109.91339778900146,6
12,f103_nyg_middle_SELLERPLACE_AREA_mean,463.71533966064453,39
12,f103_nyg_middle_PRODUCT_COMBINATION_POS_other_with_interest_sum,0.0,0
12,f103_nyg_middle_SELLERPLACE_AREA_max,520.756290435791,43
12,f103_nyg_middle_WEEKDAY_APPR_PROCESS_START_MONDAY_sum,42.99318027496338,4
12,f103_nyg_middle_SELLERPLACE_AREA_std,45.65120029449463,3
12,f103_nyg_middle_active_std,11.586299896240234,1
12,f103_nyg_middle_WEEKDAY_APPR_PROCESS_START_SATURDAY_mean,57.43757104873657,6
12,f103_nyg_middle_SELLERPLACE_AREA_min,653.2314200401306,50
12,f103_nyg_middle_WEEKDAY_APPR_PROCESS_START_MONDAY_mean,55.791189193725586,5
12,f103_nyg_middle_WEEKDAY_APPR_PROCESS_START_FRIDAY_mean,124.64323043823242,12
12,f103_nyg_middle_WEEKDAY_APPR_PROCESS_START_THURSDAY_mean,44.2878098487854,5
12,f103_nyg_middle_WEEKDAY_APPR_PROCESS_START_SATURDAY_sum,0.0,0
12,f103_nyg_middle_WEEKDAY_APPR_PROCESS_START_SUNDAY_mean,93.5509386062622,8
12,f103_nyg_middle_WEEKDAY_APPR_PROCESS_START_FRIDAY_sum,27.69012975692749,3
12,f103_nyg_middle_WEEKDAY_APPR_PROCESS_START_SUNDAY_sum,8.711469650268555,1
12,f103_nyg_middle_amt_paid_std_div_mean,56.27902030944824,5
12,f103_nyg_middle_WEEKDAY_APPR_PROCESS_START_THURSDAY_sum,17.747739791870117,2
12,f103_nyg_middle_WEEKDAY_APPR_PROCESS_START_TUESDAY_sum,8.433130264282227,1
13,f103_nyg_middle_cnt_paid_std_div_mean,266.76998150348663,40
13,f103_nyg_middle_cnt_paid_ratio_max_div_min,610.888117313385,76
13,f103_nyg_middle_WEEKDAY_APPR_PROCESS_START_WEDNESDAY_sum,76.37229990959167,10
13,f103_nyg_middle_WEEKDAY_APPR_PROCESS_START_TUESDAY_mean,214.22049927711487,29
13,f103_nyg_middle_amt_paid_max_div_min,441.45602947473526,63
13,f103_nyg_middle_amt_paid_max,2125.1587456949055,290
13,f103_nyg_middle_amt_paid_sum,2824.0863880449906,367
13,f103_nyg_middle_cnt_paid_std,271.46699142456055,42
13,f103_nyg_middle_amt_paid_mean,1947.487846456468,261
13,f103_nyg_middle_amt_paid_min,1830.9956355392933,263
13,f103_nyg_middle_WEEKDAY_APPR_PROCESS_START_WEDNESDAY_mean,282.0429017543793,39
13,f103_nyg_middle_cnt_paid_max_div_min,187.25091099739075,25
13,f103_nyg_middle_interest_rate_pctchange_std_div_mean,715.1092809438705,94
13,f103_nyg_middle_interest_rate_diff_max_div_min,754.62584233284,95
13,f103_nyg_middle_cnt_paid_sum,2566.0981196165085,333
13,f103_nyg_middle_interest_rate_diff_std_div_mean,877.8653458356857,109
13,f103_nyg_middle_interest_rate_max_div_min,493.79255974292755,69
13,f103_nyg_middle_completed_std,102.12711143493652,17
13,f103_nyg_middle_interest_rate_diff_max,1887.7944876030087,255
13,f103_nyg_middle_interest_rate_pctchange_mean,3452.5520712658763,425
13,f103_nyg_middle_total_debt_diff_std_div_mean,771.4312224686146,111
13,f103_nyg_middle_interest_rate_pctchange_max,2034.8198311030865,271
13,f103_nyg_middle_interest_rate_pctchange_std,908.1213483512402,123
13,f103_nyg_middle_interest_rate_std_div_mean,619.136007130146,87
13,f103_nyg_middle_interest_rate_pctchange_max_div_min,445.6416311264038,60
13,f103_nyg_middle_total_debt_diff_max_div_min,501.68302507698536,70
13,f103_refused_AMT_ANNUITY_d_app_AMT_ANNUITY_diff_max_div_min,155.90416026115417,19
13,f103_refused_AMT_ANNUITY_d_app_AMT_ANNUITY_diff_max,573.1377844810486,49
13,f103_nyg_middle_total_debt_std_div_mean,937.1105791330338,127
13,f103_refused_AMT_ANNUITY_d_app_AMT_ANNUITY_diff_mean,571.2882604598999,50
13,f103_nyg_middle_total_debt_pctchange_min,1542.3633990883827,212
13,f103_refused_AMT_ANNUITY_d_app_AMT_ANNUITY_diff_std_div_mean,189.15388917922974,24
13,f103_nyg_middle_total_debt_max_div_min,692.174470603466,80
13,f103_nyg_middle_total_debt_diff_min,3448.931294210255,421
13,f103_nyg_middle_total_debt_pctchange_mean,2948.511592298746,329
13,f103_refused_AMT_ANNUITY_d_app_AMT_ANNUITY_pctchange_max_div_min,150.29610967636108,15
13,f103_nyg_middle_total_debt_pctchange_max_div_min,439.13575994968414,47
13,f103_refused_AMT_ANNUITY_d_app_AMT_ANNUITY_pctchange_std,339.92556047439575,36
13,f103_refused_AMT_ANNUITY_d_app_AMT_ANNUITY_diff_min,373.55156803131104,47
13,f103_refused_AMT_ANNUITY_d_app_AMT_ANNUITY_pctchange_mean,760.5338839292526,82
13,f103_refused_AMT_ANNUITY_d_app_AMT_CREDIT_diff_max,408.9868333339691,31
13,f103_refused_AMT_ANNUITY_d_app_AMT_CREDIT_diff_min,185.61367881298065,24
13,f103_refused_AMT_ANNUITY_d_app_AMT_CREDIT_diff_mean,517.4590797424316,34
13,f103_refused_AMT_ANNUITY_d_app_AMT_CREDIT_pctchange_max_div_min,28.890899658203125,2
13,f103_refused_AMT_ANNUITY_d_app_AMT_CREDIT_diff_std_div_mean,51.069210052490234,4
13,f103_refused_AMT_ANNUITY_d_app_AMT_ANNUITY_pctchange_min,513.8716411590576,52
13,f103_refused_AMT_ANNUITY_d_app_AMT_ANNUITY_pctchange_std_div_mean,268.86005079746246,33
13,f103_refused_AMT_ANNUITY_d_app_AMT_ANNUITY_std,421.32414293289185,42
13,f103_refused_AMT_ANNUITY_d_app_AMT_CREDIT_pctchange_min,157.41967940330505,21
13,f103_refused_AMT_ANNUITY_d_app_AMT_CREDIT_diff_max_div_min,46.186330795288086,6
13,f103_refused_AMT_ANNUITY_d_app_AMT_CREDIT_pctchange_mean,115.92843866348267,12
13,f103_refused_AMT_ANNUITY_d_app_AMT_GOODS_PRICE_diff_std_div_mean,26.147400379180908,3
13,f103_refused_AMT_ANNUITY_d_app_AMT_GOODS_PRICE_diff_mean,744.9290564060211,52
13,f103_refused_AMT_ANNUITY_d_app_AMT_CREDIT_pctchange_std_div_mean,62.80534076690674,6
13,f103_refused_AMT_ANNUITY_d_app_AMT_GOODS_PRICE_diff_min,218.34236001968384,26
13,f103_refused_AMT_ANNUITY_d_app_AMT_GOODS_PRICE_diff_max,434.8868089914322,44
13,f103_refused_AMT_ANNUITY_d_app_AMT_CREDIT_pctchange_std,110.36676025390625,10
13,f103_refused_AMT_ANNUITY_d_app_AMT_GOODS_PRICE_diff_max_div_min,14.46034049987793,3
13,f103_refused_AMT_ANNUITY_d_app_AMT_GOODS_PRICE_pctchange_std_div_mean,62.82403039932251,8
13,f103_refused_AMT_ANNUITY_d_app_AMT_GOODS_PRICE_pctchange_min,215.0068907737732,25
13,f103_refused_AMT_ANNUITY_d_app_AMT_GOODS_PRICE_pctchange_mean,264.2777609825134,25
13,f103_refused_AMT_ANNUITY_d_app_AMT_INCOME_TOTAL_diff_min,216.2356677055359,27
13,f103_refused_AMT_ANNUITY_d_app_AMT_INCOME_TOTAL_diff_std,136.901780128479,14
13,f103_refused_AMT_ANNUITY_d_app_AMT_GOODS_PRICE_pctchange_max_div_min,54.4477801322937,7
13,f103_refused_AMT_ANNUITY_d_app_AMT_INCOME_TOTAL_max,1190.77498960495,140
13,f103_refused_AMT_ANNUITY_d_app_AMT_GOODS_PRICE_std,235.12608909606934,28
13,f103_refused_AMT_ANNUITY_d_app_AMT_INCOME_TOTAL_std,114.1647686958313,17
13,f103_refused_AMT_ANNUITY_d_app_AMT_GOODS_PRICE_pctchange_std,61.72377896308899,9
13,f103_refused_AMT_ANNUITY_d_app_AMT_INCOME_TOTAL_diff_std_div_mean,13.065420150756836,2
13,f103_refused_AMT_ANNUITY_d_app_AMT_INCOME_TOTAL_pctchange_std,31.948130130767822,4
13,f103_refused_AMT_ANNUITY_d_app_AMT_INCOME_TOTAL_diff_mean,223.3852789402008,28
13,f103_refused_AMT_ANNUITY_d_app_AMT_INCOME_TOTAL_diff_max_div_min,23.14021110534668,3
13,f103_refused_AMT_ANNUITY_d_app_AMT_INCOME_TOTAL_pctchange_mean,42.029680252075195,4
13,f103_refused_AMT_ANNUITY_d_app_AMT_INCOME_TOTAL_mean,1043.3252176046371,124
13,f103_refused_AMT_ANNUITY_m_app_AMT_GOODS_PRICE_d_app_AMT_INCOME_TOTAL_diff_max_div_min,0.0,0
13,f103_refused_AMT_ANNUITY_m_app_AMT_GOODS_PRICE_d_app_AMT_INCOME_TOTAL_diff_std,101.71481847763062,12
13,f103_refused_AMT_ANNUITY_d_app_AMT_INCOME_TOTAL_pctchange_std_div_mean,11.300600051879883,1
13,f103_refused_AMT_ANNUITY_m_app_AMT_GOODS_PRICE_d_app_AMT_INCOME_TOTAL_diff_mean,221.1973524093628,22
13,f103_refused_AMT_ANNUITY_m_app_AMT_GOODS_PRICE_d_app_AMT_INCOME_TOTAL_diff_std_div_mean,11.139800071716309,1
13,f103_refused_AMT_ANNUITY_d_app_AMT_INCOME_TOTAL_pctchange_min,4.528359889984131,1
13,f103_refused_AMT_ANNUITY_d_app_AMT_INCOME_TOTAL_pctchange_max_div_min,9.859950065612793,1
13,f103_refused_AMT_ANNUITY_m_app_AMT_GOODS_PRICE_d_app_AMT_INCOME_TOTAL_max_div_min,89.25394105911255,12
13,f103_refused_AMT_ANNUITY_m_app_AMT_GOODS_PRICE_d_app_AMT_INCOME_TOTAL_mean,691.9189195632935,86
13,f103_refused_AMT_ANNUITY_m_app_AMT_GOODS_PRICE_d_app_AMT_INCOME_TOTAL_min,805.2562000751495,92
13,f103_refused_AMT_ANNUITY_m_app_AMT_GOODS_PRICE_d_app_AMT_INCOME_TOTAL_max,691.273104429245,82
13,f103_refused_AMT_ANNUITY_m_app_AMT_GOODS_PRICE_d_app_AMT_INCOME_TOTAL_std,180.01100826263428,15
13,f103_refused_AMT_ANNUITY_m_app_AMT_GOODS_PRICE_d_app_AMT_INCOME_TOTAL_pctchange_min,304.58651757240295,31
13,f103_refused_AMT_ANNUITY_m_app_AMT_GOODS_PRICE_d_app_AMT_INCOME_TOTAL_diff_min,112.38476085662842,11
13,f103_refused_AMT_ANNUITY_m_app_AMT_GOODS_PRICE_d_app_AMT_INCOME_TOTAL_pctchange_std_div_mean,122.57734894752502,16
13,f103_refused_AMT_ANNUITY_s_app_AMT_ANNUITY_d_app_AMT_INCOME_TOTAL_diff_max_div_min,0.0,0
13,f103_refused_AMT_ANNUITY_s_app_AMT_ANNUITY_d_app_AMT_INCOME_TOTAL_diff_std_div_mean,5.534820079803467,1
13,f103_refused_AMT_ANNUITY_m_app_AMT_GOODS_PRICE_d_app_AMT_INCOME_TOTAL_pctchange_max,285.5207600593567,32
13,f103_refused_AMT_ANNUITY_s_app_AMT_ANNUITY_d_app_AMT_INCOME_TOTAL_diff_mean,59.402549743652344,6
13,f103_refused_AMT_ANNUITY_s_app_AMT_ANNUITY_d_app_AMT_INCOME_TOTAL_diff_min,46.92295956611633,5
13,f103_refused_AMT_ANNUITY_s_app_AMT_ANNUITY_d_app_AMT_INCOME_TOTAL_diff_std,39.496060729026794,6
13,f103_refused_AMT_ANNUITY_s_app_AMT_ANNUITY_d_app_AMT_INCOME_TOTAL_std_div_mean,1091.304423570633,72
13,f103_refused_AMT_ANNUITY_s_app_AMT_ANNUITY_d_app_AMT_INCOME_TOTAL_max_div_min,316.37016808986664,33
13,f103_refused_AMT_ANNUITY_s_app_AMT_ANNUITY_d_app_AMT_INCOME_TOTAL_pctchange_std_div_mean,362.1134898662567,42
13,f103_refused_AMT_ANNUITY_s_app_AMT_ANNUITY_d_app_AMT_INCOME_TOTAL_pctchange_std,561.2561187744141,59
13,f103_refused_AMT_ANNUITY_s_app_AMT_ANNUITY_d_app_AMT_INCOME_TOTAL_pctchange_max_div_min,280.0217800140381,36
13,f103_refused_AMT_ANNUITY_s_app_AMT_ANNUITY_d_app_AMT_INCOME_TOTAL_pctchange_max,645.940712094307,88
13,f103_refused_AMT_ANNUITY_s_app_AMT_ANNUITY_max,2125.5110846161842,223
13,f103_refused_AMT_ANNUITY_s_app_AMT_ANNUITY_d_app_AMT_INCOME_TOTAL_pctchange_mean,644.7817859649658,90
13,f103_refused_AMT_ANNUITY_s_app_AMT_ANNUITY_d_app_AMT_INCOME_TOTAL_pctchange_min,792.5225256085396,91
13,f103_refused_AMT_ANNUITY_s_app_AMT_ANNUITY_d_app_AMT_INCOME_TOTAL_std,89.38576745986938,6
13,f103_refused_AMT_ANNUITY_s_app_AMT_ANNUITY_diff_std_div_mean,0.0,0
13,f103_refused_AMT_ANNUITY_s_app_AMT_ANNUITY_diff_max_div_min,0.0,0
13,f103_refused_AMT_ANNUITY_s_app_AMT_ANNUITY_diff_mean,825.5901713371277,42
13,f103_refused_AMT_ANNUITY_s_app_AMT_ANNUITY_pctchange_std,157.7448695898056,16
13,f103_refused_AMT_ANNUITY_s_app_AMT_ANNUITY_pctchange_min,277.94035029411316,37
13,f103_refused_AMT_ANNUITY_s_app_AMT_ANNUITY_diff_min,370.2230341434479,37
13,f103_refused_AMT_ANNUITY_s_app_AMT_ANNUITY_std_div_mean,238.81700801849365,20
13,f103_refused_AMT_ANNUITY_s_app_AMT_ANNUITY_max_div_min,59.06502056121826,8
13,f103_refused_AMT_ANNUITY_s_app_AMT_CREDIT_d_app_AMT_INCOME_TOTAL_diff_max_div_min,0.0,0
13,f103_refused_AMT_ANNUITY_s_app_AMT_ANNUITY_diff_max,533.3236408233643,54
13,f103_refused_AMT_ANNUITY_s_app_AMT_ANNUITY_std,189.38016200065613,25
13,f103_refused_AMT_ANNUITY_s_app_AMT_ANNUITY_pctchange_max_div_min,109.4404993057251,11
13,f103_refused_AMT_ANNUITY_s_app_AMT_ANNUITY_pctchange_std_div_mean,70.625901222229,7
13,f103_refused_AMT_ANNUITY_s_app_AMT_ANNUITY_pctchange_max,342.66695952415466,42
13,f103_refused_AMT_ANNUITY_s_app_AMT_CREDIT_d_app_AMT_INCOME_TOTAL_diff_min,86.18093919754028,9
13,f103_refused_AMT_ANNUITY_s_app_AMT_CREDIT_d_app_AMT_INCOME_TOTAL_mean,1185.7479479312897,132
13,f103_refused_AMT_ANNUITY_s_app_AMT_CREDIT_d_app_AMT_INCOME_TOTAL_pctchange_max,321.6569128036499,34
13,f103_refused_AMT_ANNUITY_s_app_AMT_CREDIT_d_app_AMT_INCOME_TOTAL_min,927.681978225708,97
13,f103_refused_AMT_ANNUITY_s_app_AMT_CREDIT_d_app_AMT_INCOME_TOTAL_max,734.6354296207428,81
13,f103_refused_AMT_ANNUITY_s_app_AMT_CREDIT_d_app_AMT_INCOME_TOTAL_diff_std,16.7867693901062,2
13,f103_refused_AMT_ANNUITY_s_app_AMT_CREDIT_d_app_AMT_INCOME_TOTAL_max_div_min,287.41998863220215,28
13,f103_refused_AMT_ANNUITY_s_app_AMT_ANNUITY_pctchange_mean,282.7265899181366,32
13,f103_refused_AMT_ANNUITY_s_app_AMT_CREDIT_d_app_AMT_INCOME_TOTAL_diff_mean,10.018019914627075,2
13,f103_refused_AMT_ANNUITY_s_app_AMT_CREDIT_diff_mean,155.94418096542358,15
13,f103_refused_AMT_ANNUITY_s_app_AMT_CREDIT_d_app_AMT_INCOME_TOTAL_diff_std_div_mean,0.0,0
13,f103_refused_AMT_ANNUITY_s_app_AMT_CREDIT_diff_max_div_min,0.0,0
13,f103_refused_AMT_ANNUITY_s_app_AMT_CREDIT_d_app_AMT_INCOME_TOTAL_pctchange_min,156.20715951919556,21
13,f103_refused_AMT_ANNUITY_s_app_AMT_CREDIT_d_app_AMT_INCOME_TOTAL_std,33.26271057128906,4
13,f103_refused_AMT_ANNUITY_s_app_AMT_CREDIT_diff_min,220.48321110010147,25
13,f103_refused_AMT_ANNUITY_s_app_AMT_CREDIT_pctchange_min,82.00527906417847,9
13,f103_refused_AMT_ANNUITY_s_app_AMT_CREDIT_diff_max,163.54868984222412,19
13,f103_refused_AMT_ANNUITY_s_app_AMT_CREDIT_d_app_AMT_INCOME_TOTAL_pctchange_std_div_mean,98.20139932632446,12
13,f103_refused_AMT_ANNUITY_s_app_AMT_CREDIT_max_div_min,128.12767958641052,14
13,f103_refused_AMT_ANNUITY_s_app_AMT_CREDIT_pctchange_max,87.39645957946777,9
13,f103_refused_AMT_ANNUITY_s_app_AMT_CREDIT_diff_std_div_mean,0.0,0
13,f103_refused_AMT_ANNUITY_s_app_AMT_CREDIT_pctchange_std_div_mean,58.47285985946655,6
13,f103_refused_AMT_ANNUITY_s_app_AMT_CREDIT_std,90.11453056335449,9
13,f103_refused_AMT_ANNUITY_s_app_AMT_GOODS_PRICE_diff_std_div_mean,0.0,0
13,f103_refused_AMT_ANNUITY_s_app_AMT_GOODS_PRICE_diff_max_div_min,0.0,0
13,f103_refused_AMT_ANNUITY_s_app_AMT_GOODS_PRICE_diff_max,286.03636479377747,21
13,f103_refused_AMT_ANNUITY_s_app_AMT_GOODS_PRICE_diff_mean,214.60928010940552,15
13,f103_refused_AMT_ANNUITY_s_app_AMT_GOODS_PRICE_diff_min,181.84338974952698,19
13,f103_refused_AMT_ANNUITY_s_app_AMT_GOODS_PRICE_pctchange_min,105.25493097305298,12
13,f103_refused_AMT_ANNUITY_s_app_AMT_GOODS_PRICE_max_div_min,24.578279495239258,4
13,f103_refused_AMT_ANNUITY_s_app_AMT_GOODS_PRICE_pctchange_std_div_mean,63.1356086730957,6
13,f103_refused_AMT_ANNUITY_s_app_AMT_INCOME_TOTAL_diff_std_div_mean,0.0,0
13,f103_refused_AMT_ANNUITY_s_app_AMT_GOODS_PRICE_pctchange_max,63.81086015701294,8
13,f103_refused_AMT_ANNUITY_s_app_AMT_INCOME_TOTAL_diff_min,25.823349952697754,2
13,f103_refused_AMT_ANNUITY_s_app_AMT_INCOME_TOTAL_diff_mean,163.5529085099697,4
13,f103_refused_AMT_ANNUITY_s_app_AMT_INCOME_TOTAL_pctchange_max,369.0640495121479,42
13,f103_refused_AMT_ANNUITY_s_app_AMT_INCOME_TOTAL_diff_max,23.719800233840942,4
13,f103_refused_AMT_ANNUITY_s_app_AMT_GOODS_PRICE_std,93.01080083847046,11
13,f103_refused_AMT_ANNUITY_s_app_AMT_INCOME_TOTAL_pctchange_std,143.80876111984253,16
13,f103_refused_AMT_ANNUITY_s_app_AMT_INCOME_TOTAL_std_div_mean,169.13713121414185,19
13,f103_refused_AMT_ANNUITY_s_app_AMT_INCOME_TOTAL_diff_max_div_min,0.0,0
13,f103_refused_AMT_ANNUITY_s_app_AMT_INCOME_TOTAL_std,0.0,0
13,f103_refused_AMT_ANNUITY_s_app_AMT_INCOME_TOTAL_pctchange_mean,338.9181098937988,37
13,f103_refused_AMT_ANNUITY_std,0.0,0
13,f103_refused_AMT_APPLICATION_d_app_AMT_ANNUITY_diff_max,364.307142496109,36
13,f103_refused_AMT_APPLICATION_d_app_AMT_ANNUITY_diff_min,192.15490055084229,24
13,f103_refused_AMT_APPLICATION_d_app_AMT_ANNUITY_pctchange_max_div_min,40.9084997177124,5
13,f103_refused_AMT_APPLICATION_d_app_AMT_ANNUITY_pctchange_max,325.91675984859467,36
13,f103_refused_AMT_APPLICATION_d_app_AMT_ANNUITY_diff_mean,258.012079000473,29
13,f103_refused_AMT_ANNUITY_s_app_AMT_INCOME_TOTAL_pctchange_min,515.0847482681274,61
13,f103_refused_AMT_APPLICATION_d_app_AMT_ANNUITY_diff_max_div_min,63.908549070358276,8
13,f103_refused_AMT_APPLICATION_d_app_AMT_ANNUITY_pctchange_std_div_mean,119.10173988342285,11
13,f103_refused_AMT_APPLICATION_d_app_AMT_ANNUITY_pctchange_min,148.94142985343933,20
13,f103_refused_AMT_APPLICATION_d_app_AMT_ANNUITY_pctchange_mean,185.6465904712677,21
13,f103_refused_AMT_APPLICATION_d_app_AMT_ANNUITY_std,79.23278999328613,9
13,f103_refused_AMT_APPLICATION_d_app_AMT_CREDIT_diff_mean,137.02968883514404,17
13,f103_refused_AMT_APPLICATION_d_app_AMT_CREDIT_diff_max,180.8612289428711,23
13,f103_refused_AMT_APPLICATION_d_app_AMT_CREDIT_diff_min,117.61011981964111,8
13,f103_refused_AMT_APPLICATION_d_app_AMT_CREDIT_pctchange_mean,30.66590976715088,4
13,f103_refused_AMT_APPLICATION_d_app_AMT_GOODS_PRICE_diff_max,274.85012996196747,33
13,f103_refused_AMT_APPLICATION_d_app_AMT_CREDIT_diff_max_div_min,35.32874023914337,5
13,f103_refused_AMT_APPLICATION_d_app_AMT_CREDIT_pctchange_std_div_mean,39.48550081253052,4
13,f103_refused_AMT_APPLICATION_d_app_AMT_CREDIT_pctchange_min,85.9531090259552,9
13,f103_refused_AMT_APPLICATION_d_app_AMT_CREDIT_std,93.22611141204834,10
13,f103_refused_AMT_APPLICATION_d_app_AMT_CREDIT_pctchange_max_div_min,6.641190052032471,1
13,f103_refused_AMT_APPLICATION_d_app_AMT_GOODS_PRICE_diff_mean,194.35688066482544,21
13,f103_refused_AMT_APPLICATION_d_app_AMT_GOODS_PRICE_pctchange_max,80.3337607383728,9
13,f103_refused_AMT_APPLICATION_d_app_AMT_GOODS_PRICE_diff_max_div_min,0.0,0
13,f103_refused_AMT_APPLICATION_d_app_AMT_CREDIT_pctchange_max,30.406280517578125,6
13,f103_refused_AMT_APPLICATION_d_app_AMT_INCOME_TOTAL_diff_mean,149.0619421005249,18
13,f103_refused_AMT_APPLICATION_d_app_AMT_INCOME_TOTAL_diff_max_div_min,0.0,0
13,f103_refused_AMT_APPLICATION_d_app_AMT_INCOME_TOTAL_diff_min,122.66993045806885,14
13,f103_refused_AMT_APPLICATION_d_app_AMT_GOODS_PRICE_pctchange_max_div_min,14.913470029830933,3
13,f103_refused_AMT_APPLICATION_d_app_AMT_GOODS_PRICE_std,95.22860884666443,11
13,f103_refused_AMT_APPLICATION_d_app_AMT_GOODS_PRICE_diff_min,216.16191816329956,27
13,f103_refused_AMT_APPLICATION_d_app_AMT_GOODS_PRICE_diff_std_div_mean,128.27534914016724,14
13,f103_refused_AMT_APPLICATION_d_app_AMT_GOODS_PRICE_pctchange_min,43.73493015766144,7
13,f103_refused_AMT_APPLICATION_d_app_AMT_GOODS_PRICE_pctchange_std_div_mean,43.98915910720825,4
13,f103_refused_AMT_APPLICATION_d_app_AMT_INCOME_TOTAL_pctchange_max_div_min,0.0,0
13,f103_refused_AMT_APPLICATION_d_app_AMT_GOODS_PRICE_pctchange_mean,120.2993221282959,6
13,f103_refused_AMT_APPLICATION_d_app_AMT_INCOME_TOTAL_diff_std_div_mean,33.310229778289795,4
13,f103_refused_AMT_APPLICATION_d_app_AMT_INCOME_TOTAL_pctchange_max,5.470009803771973,1
13,f103_refused_AMT_APPLICATION_d_app_AMT_INCOME_TOTAL_std,169.48445916175842,18
13,f103_refused_AMT_APPLICATION_d_app_AMT_INCOME_TOTAL_diff_max,189.18039798736572,21
13,f103_refused_AMT_APPLICATION_d_app_AMT_INCOME_TOTAL_pctchange_std_div_mean,0.0,0
13,f103_refused_AMT_APPLICATION_d_app_AMT_INCOME_TOTAL_max,501.9722030162811,57
13,f103_refused_AMT_APPLICATION_m_app_AMT_GOODS_PRICE_d_app_AMT_INCOME_TOTAL_diff_mean,62.65025019645691,7
13,f103_refused_AMT_APPLICATION_d_app_AMT_INCOME_TOTAL_pctchange_mean,24.359360218048096,3
13,f103_refused_AMT_APPLICATION_d_app_AMT_INCOME_TOTAL_pctchange_min,21.19849967956543,1
13,f103_refused_AMT_APPLICATION_m_app_AMT_GOODS_PRICE_d_app_AMT_INCOME_TOTAL_diff_min,123.17855024337769,13
13,f103_refused_AMT_APPLICATION_m_app_AMT_GOODS_PRICE_d_app_AMT_INCOME_TOTAL_diff_max,41.59381055831909,5
13,f103_refused_AMT_APPLICATION_m_app_AMT_GOODS_PRICE_d_app_AMT_INCOME_TOTAL_pctchange_std_div_mean,228.38979196548462,25
13,f103_refused_AMT_APPLICATION_m_app_AMT_GOODS_PRICE_d_app_AMT_INCOME_TOTAL_pctchange_min,366.5904494524002,42
13,f103_refused_AMT_APPLICATION_m_app_AMT_GOODS_PRICE_d_app_AMT_INCOME_TOTAL_mean,386.1025695800781,46
13,f103_refused_AMT_APPLICATION_m_app_AMT_GOODS_PRICE_d_app_AMT_INCOME_TOTAL_pctchange_mean,399.4700701236725,47
13,f103_refused_AMT_APPLICATION_m_app_AMT_GOODS_PRICE_d_app_AMT_INCOME_TOTAL_pctchange_max,414.29789090156555,46
13,f103_refused_AMT_APPLICATION_m_app_AMT_GOODS_PRICE_d_app_AMT_INCOME_TOTAL_pctchange_max_div_min,67.7694206237793,8
13,f103_refused_AMT_APPLICATION_m_app_AMT_GOODS_PRICE_d_app_AMT_INCOME_TOTAL_diff_max_div_min,0.0,0
13,f103_refused_AMT_APPLICATION_m_app_AMT_GOODS_PRICE_d_app_AMT_INCOME_TOTAL_std_div_mean,96.05991077423096,13
13,f103_refused_AMT_APPLICATION_m_app_AMT_GOODS_PRICE_d_app_AMT_INCOME_TOTAL_max,400.34053111076355,44
13,f103_refused_AMT_APPLICATION_s_app_AMT_ANNUITY_d_app_AMT_INCOME_TOTAL_diff_max,51.774770736694336,5
13,f103_refused_AMT_APPLICATION_s_app_AMT_ANNUITY_d_app_AMT_INCOME_TOTAL_diff_mean,44.720340728759766,3
13,f103_refused_AMT_APPLICATION_s_app_AMT_ANNUITY_d_app_AMT_INCOME_TOTAL_diff_std_div_mean,70.15603971481323,8
13,f103_refused_AMT_APPLICATION_s_app_AMT_ANNUITY_d_app_AMT_INCOME_TOTAL_diff_min,72.07356929779053,8
13,f103_refused_AMT_APPLICATION_s_app_AMT_ANNUITY_d_app_AMT_INCOME_TOTAL_diff_max_div_min,5.766520023345947,1
13,f103_refused_AMT_APPLICATION_s_app_AMT_ANNUITY_d_app_AMT_INCOME_TOTAL_pctchange_max,479.33740973472595,54
13,f103_refused_AMT_APPLICATION_s_app_AMT_ANNUITY_d_app_AMT_INCOME_TOTAL_std,16.95609998703003,3
13,f103_refused_AMT_APPLICATION_m_app_AMT_GOODS_PRICE_d_app_AMT_INCOME_TOTAL_std,37.94783926010132,5
13,f103_refused_AMT_APPLICATION_s_app_AMT_ANNUITY_d_app_AMT_INCOME_TOTAL_pctchange_std_div_mean,86.64791011810303,12
13,f103_refused_AMT_APPLICATION_s_app_AMT_ANNUITY_d_app_AMT_INCOME_TOTAL_pctchange_min,418.656409740448,46
13,f103_refused_AMT_APPLICATION_s_app_AMT_ANNUITY_d_app_AMT_INCOME_TOTAL_max,833.3411886692047,97
13,f103_refused_AMT_APPLICATION_s_app_AMT_ANNUITY_d_app_AMT_INCOME_TOTAL_pctchange_max_div_min,107.38413858413696,11
13,f103_refused_AMT_APPLICATION_s_app_AMT_ANNUITY_diff_max_div_min,11.586299896240234,1
13,f103_refused_AMT_APPLICATION_s_app_AMT_ANNUITY_d_app_AMT_INCOME_TOTAL_pctchange_mean,452.44008016586304,52
13,f103_refused_AMT_APPLICATION_s_app_AMT_ANNUITY_diff_min,259.39047932624817,27
13,f103_refused_AMT_APPLICATION_s_app_AMT_ANNUITY_diff_max,316.6725697517395,37
13,f103_refused_AMT_APPLICATION_s_app_AMT_ANNUITY_diff_mean,182.609299659729,23
13,f103_refused_AMT_APPLICATION_s_app_AMT_ANNUITY_d_app_AMT_INCOME_TOTAL_std_div_mean,334.02099227905273,35
13,f103_refused_AMT_APPLICATION_s_app_AMT_ANNUITY_pctchange_max,159.0781192779541,18
13,f103_refused_AMT_APPLICATION_s_app_AMT_ANNUITY_pctchange_std_div_mean,59.08365058898926,7
13,f103_refused_AMT_APPLICATION_s_app_AMT_ANNUITY_diff_std_div_mean,32.46025037765503,5
13,f103_refused_AMT_APPLICATION_s_app_AMT_ANNUITY_pctchange_std,201.58221888542175,25
13,f103_refused_AMT_APPLICATION_s_app_AMT_ANNUITY_d_app_AMT_INCOME_TOTAL_pctchange_std,58.026649951934814,7
13,f103_refused_AMT_APPLICATION_s_app_AMT_ANNUITY_pctchange_max_div_min,33.41052055358887,4
13,f103_refused_AMT_APPLICATION_s_app_AMT_ANNUITY_pctchange_min,140.0139074102044,19
13,f103_refused_AMT_APPLICATION_s_app_AMT_CREDIT_d_app_AMT_INCOME_TOTAL_max_div_min,207.9700698852539,23
13,f103_refused_AMT_APPLICATION_s_app_AMT_CREDIT_d_app_AMT_INCOME_TOTAL_diff_mean,0.0,0
13,f103_refused_AMT_APPLICATION_s_app_AMT_CREDIT_d_app_AMT_INCOME_TOTAL_diff_max_div_min,0.0,0
13,f103_refused_AMT_APPLICATION_s_app_AMT_ANNUITY_pctchange_mean,66.15452235937119,10
13,f103_refused_AMT_APPLICATION_s_app_AMT_CREDIT_d_app_AMT_INCOME_TOTAL_diff_min,16.195730209350586,2
13,f103_refused_AMT_APPLICATION_s_app_AMT_CREDIT_d_app_AMT_INCOME_TOTAL_diff_max,14.30701994895935,3
13,f103_refused_AMT_APPLICATION_s_app_AMT_CREDIT_d_app_AMT_INCOME_TOTAL_diff_std_div_mean,44.69211959838867,4
13,f103_refused_AMT_APPLICATION_s_app_AMT_ANNUITY_std,96.37782001495361,10
13,f103_refused_AMT_APPLICATION_s_app_AMT_ANNUITY_std_div_mean,90.83761072158813,9
13,f103_refused_AMT_APPLICATION_s_app_AMT_CREDIT_d_app_AMT_INCOME_TOTAL_pctchange_min,362.7140191793442,41
13,f103_refused_AMT_APPLICATION_s_app_AMT_CREDIT_d_app_AMT_INCOME_TOTAL_pctchange_std,335.07776618003845,38
13,f103_refused_AMT_APPLICATION_s_app_AMT_CREDIT_d_app_AMT_INCOME_TOTAL_max,719.0109620094299,79
13,f103_refused_AMT_APPLICATION_s_app_AMT_CREDIT_d_app_AMT_INCOME_TOTAL_std_div_mean,158.186119556427,17
13,f103_refused_AMT_APPLICATION_s_app_AMT_CREDIT_d_app_AMT_INCOME_TOTAL_pctchange_std_div_mean,545.3748800754547,46
13,f103_refused_AMT_APPLICATION_s_app_AMT_CREDIT_d_app_AMT_INCOME_TOTAL_pctchange_mean,409.42151165008545,49
13,f103_refused_AMT_APPLICATION_s_app_AMT_CREDIT_d_app_AMT_INCOME_TOTAL_std,24.870490550994873,3
13,f103_refused_AMT_APPLICATION_s_app_AMT_CREDIT_mean,440.88618206977844,55
13,f103_refused_AMT_APPLICATION_s_app_AMT_CREDIT_diff_max_div_min,0.0,0
13,f103_refused_AMT_APPLICATION_s_app_AMT_CREDIT_diff_max,51.89460897445679,6
13,f103_refused_AMT_APPLICATION_s_app_AMT_CREDIT_d_app_AMT_INCOME_TOTAL_pctchange_max_div_min,136.1676082611084,16
13,f103_refused_AMT_APPLICATION_s_app_AMT_CREDIT_diff_std_div_mean,7.214139938354492,1
13,f103_refused_AMT_APPLICATION_s_app_AMT_CREDIT_diff_min,59.63353967666626,6
13,f103_refused_AMT_APPLICATION_s_app_AMT_CREDIT_pctchange_std_div_mean,133.68692827224731,13
13,f103_refused_AMT_APPLICATION_s_app_AMT_CREDIT_pctchange_mean,122.17145049571991,16
13,f103_refused_AMT_APPLICATION_s_app_AMT_CREDIT_max,296.2434709072113,39
13,f103_refused_AMT_APPLICATION_s_app_AMT_CREDIT_pctchange_std,52.667070388793945,6
13,f103_refused_AMT_APPLICATION_s_app_AMT_CREDIT_d_app_AMT_INCOME_TOTAL_pctchange_max,456.5816659629345,51
13,f103_refused_AMT_APPLICATION_s_app_AMT_CREDIT_pctchange_min,131.2986888885498,15
13,f103_refused_AMT_APPLICATION_s_app_AMT_GOODS_PRICE_min,886.7240032553673,87
13,f103_refused_AMT_APPLICATION_s_app_AMT_GOODS_PRICE_diff_max,26.07283043861389,4
13,f103_refused_AMT_APPLICATION_s_app_AMT_CREDIT_max_div_min,49.574949741363525,6
13,f103_refused_AMT_APPLICATION_s_app_AMT_CREDIT_diff_mean,127.40630102157593,14
13,f103_refused_AMT_APPLICATION_s_app_AMT_CREDIT_min,521.7301577925682,61
13,f103_refused_AMT_APPLICATION_s_app_AMT_CREDIT_std_div_mean,39.39185047149658,4
13,f103_refused_AMT_APPLICATION_s_app_AMT_CREDIT_pctchange_max_div_min,40.578070640563965,3
13,f103_refused_AMT_APPLICATION_s_app_AMT_GOODS_PRICE_diff_max_div_min,0.0,0
13,f103_refused_AMT_APPLICATION_s_app_AMT_CREDIT_pctchange_max,93.92609024047852,13
13,f103_refused_AMT_APPLICATION_s_app_AMT_GOODS_PRICE_diff_std_div_mean,12.598899841308594,1
13,f103_refused_AMT_APPLICATION_s_app_AMT_GOODS_PRICE_diff_mean,29.37659978866577,4
13,f103_refused_AMT_APPLICATION_s_app_AMT_CREDIT_std,38.14760971069336,6
13,f103_refused_AMT_APPLICATION_s_app_AMT_GOODS_PRICE_diff_min,36.022860288619995,5
13,f103_refused_AMT_APPLICATION_s_app_AMT_GOODS_PRICE_max,1142.4114091396332,76
13,f103_refused_AMT_APPLICATION_s_app_AMT_GOODS_PRICE_pctchange_max,150.35062980651855,19
13,f103_refused_AMT_APPLICATION_s_app_AMT_GOODS_PRICE_pctchange_max_div_min,35.89161968231201,3
13,f103_refused_AMT_APPLICATION_s_app_AMT_GOODS_PRICE_std,41.93991947174072,5
13,f103_refused_AMT_APPLICATION_s_app_AMT_GOODS_PRICE_pctchange_mean,162.77224016189575,14
13,f103_refused_AMT_APPLICATION_s_app_AMT_INCOME_TOTAL_diff_min,4.1786699295043945,1
13,f103_refused_AMT_APPLICATION_s_app_AMT_INCOME_TOTAL_diff_max_div_min,0.0,0
13,f103_refused_AMT_APPLICATION_s_app_AMT_GOODS_PRICE_pctchange_min,91.93397045135498,11
13,f103_refused_AMT_APPLICATION_s_app_AMT_INCOME_TOTAL_pctchange_max,721.283250451088,88
13,f103_refused_AMT_APPLICATION_s_app_AMT_INCOME_TOTAL_diff_mean,0.0,0
13,f103_refused_AMT_APPLICATION_s_app_AMT_GOODS_PRICE_std_div_mean,134.31844854354858,12
13,f103_refused_AMT_APPLICATION_s_app_AMT_GOODS_PRICE_mean,483.28233194351196,47
13,f103_refused_AMT_APPLICATION_s_app_AMT_INCOME_TOTAL_diff_max,12.270959854125977,2
13,f103_refused_AMT_APPLICATION_s_app_AMT_INCOME_TOTAL_pctchange_min,717.2843894958496,87
13,f103_refused_AMT_APPLICATION_s_app_AMT_INCOME_TOTAL_max_div_min,324.63553047180176,33
13,f103_refused_AMT_APPLICATION_s_app_AMT_INCOME_TOTAL_pctchange_mean,773.4475780725479,94
13,f103_refused_AMT_CREDIT_d_AMT_ANNUITY_diff_max_div_min,221.5467493534088,25
13,f103_refused_AMT_APPLICATION_s_app_AMT_GOODS_PRICE_pctchange_std_div_mean,94.9745409488678,9
13,f103_refused_AMT_APPLICATION_s_app_AMT_INCOME_TOTAL_pctchange_std_div_mean,354.8929605484009,37
13,f103_refused_AMT_APPLICATION_s_app_AMT_INCOME_TOTAL_pctchange_std,325.4131305217743,32
13,f103_refused_AMT_CREDIT_d_AMT_ANNUITY_diff_std_div_mean,354.9354000091553,36
13,f103_refused_AMT_APPLICATION_s_app_AMT_INCOME_TOTAL_std_div_mean,381.6099663376808,38
13,f103_refused_AMT_APPLICATION_s_app_AMT_INCOME_TOTAL_diff_std_div_mean,0.0,0
13,f103_refused_AMT_APPLICATION_s_app_AMT_INCOME_TOTAL_pctchange_max_div_min,233.8414522409439,25
13,f103_refused_AMT_APPLICATION_s_app_AMT_INCOME_TOTAL_std,38.941630363464355,4
13,f103_refused_AMT_CREDIT_d_AMT_ANNUITY_diff_max,1007.2724623680115,118
13,f103_refused_AMT_CREDIT_d_AMT_ANNUITY_mean,1133.9932277202606,131
13,f103_refused_AMT_CREDIT_d_AMT_ANNUITY_pctchange_std_div_mean,344.7540395259857,40
13,f103_refused_AMT_CREDIT_d_AMT_ANNUITY_pctchange_max,650.4354351907969,81
13,f103_refused_AMT_CREDIT_d_AMT_APPLICATION_diff_std_div_mean,160.48238897323608,19
13,f103_refused_AMT_CREDIT_d_AMT_ANNUITY_pctchange_mean,995.0860104560852,113
13,f103_refused_AMT_CREDIT_d_AMT_ANNUITY_pctchange_max_div_min,161.13021898269653,22
13,f103_refused_AMT_CREDIT_d_AMT_ANNUITY_max,1031.9466404914856,98
13,f103_refused_AMT_CREDIT_d_AMT_ANNUITY_std_div_mean,292.4774420261383,31
13,f103_refused_AMT_CREDIT_d_AMT_APPLICATION_diff_min,947.8487623929977,100
13,f103_refused_AMT_APPLICATION_std,0.0,0
13,f103_refused_AMT_CREDIT_d_AMT_ANNUITY_diff_std,387.31376123428345,40
13,f103_refused_AMT_CREDIT_d_AMT_ANNUITY_pctchange_std,258.30062913894653,33
13,f103_refused_AMT_CREDIT_d_AMT_APPLICATION_pctchange_std_div_mean,227.3175802230835,23
13,f103_refused_AMT_CREDIT_d_AMT_ANNUITY_std,272.7810308933258,31
13,f103_refused_AMT_CREDIT_d_AMT_APPLICATION_min,1698.0151317119598,169
13,f103_refused_AMT_CREDIT_d_AMT_APPLICATION_diff_mean,540.0305786058307,63
13,f103_refused_AMT_CREDIT_d_AMT_APPLICATION_diff_max_div_min,181.92134046554565,20
13,f103_refused_AMT_CREDIT_d_AMT_APPLICATION_pctchange_max_div_min,289.0927686691284,28
13,f103_refused_AMT_CREDIT_d_AMT_APPLICATION_pctchange_min,434.04638278484344,49
13,f103_refused_AMT_CREDIT_d_app_AMT_ANNUITY_diff_std_div_mean,125.1473708152771,16
13,f103_refused_AMT_CREDIT_d_app_AMT_ANNUITY_diff_mean,267.5424883365631,22
13,f103_refused_AMT_CREDIT_d_AMT_APPLICATION_pctchange_mean,628.1551079750061,76
13,f103_refused_AMT_CREDIT_d_app_AMT_ANNUITY_diff_max,753.8018400669098,49
13,f103_refused_AMT_CREDIT_d_app_AMT_ANNUITY_diff_min,264.43713995814323,28
13,f103_refused_AMT_CREDIT_d_app_AMT_ANNUITY_pctchange_std_div_mean,140.2022500038147,17
13,f103_refused_AMT_CREDIT_d_app_AMT_ANNUITY_pctchange_mean,339.3978008031845,34
13,f103_refused_AMT_CREDIT_d_app_AMT_ANNUITY_pctchange_std,151.34026980400085,18
13,f103_refused_AMT_CREDIT_d_app_AMT_CREDIT_diff_max,235.79072976112366,24
13,f103_refused_AMT_CREDIT_d_app_AMT_ANNUITY_pctchange_max_div_min,206.3648886680603,20
13,f103_refused_AMT_CREDIT_d_app_AMT_ANNUITY_pctchange_min,270.00330993533134,32
13,f103_refused_AMT_CREDIT_d_app_AMT_CREDIT_diff_std_div_mean,77.04659938812256,9
13,f103_refused_AMT_CREDIT_d_app_AMT_ANNUITY_diff_max_div_min,93.99182081222534,11
13,f103_refused_AMT_CREDIT_d_app_AMT_ANNUITY_std,133.63501977920532,16
13,f103_refused_AMT_CREDIT_d_app_AMT_ANNUITY_pctchange_max,308.3280634880066,19
13,f103_refused_AMT_CREDIT_d_app_AMT_CREDIT_diff_mean,180.09192943572998,22
13,f103_refused_AMT_CREDIT_d_app_AMT_CREDIT_diff_min,230.80007886886597,24
13,f103_refused_AMT_CREDIT_d_app_AMT_CREDIT_pctchange_std,55.049859046936035,7
13,f103_refused_AMT_CREDIT_d_app_AMT_CREDIT_pctchange_mean,148.58311891555786,14
13,f103_refused_AMT_CREDIT_d_app_AMT_CREDIT_pctchange_std_div_mean,14.375370025634766,2
13,f103_refused_AMT_CREDIT_d_app_AMT_CREDIT_pctchange_max,111.14917039871216,14
13,f103_refused_AMT_CREDIT_d_app_AMT_CREDIT_pctchange_min,99.78020882606506,11
13,f103_refused_AMT_CREDIT_d_app_AMT_GOODS_PRICE_diff_mean,328.98755490779877,20
13,f103_refused_AMT_CREDIT_d_app_AMT_CREDIT_pctchange_max_div_min,38.40793967247009,6
13,f103_refused_AMT_CREDIT_d_app_AMT_GOODS_PRICE_diff_max_div_min,75.25726127624512,6
13,f103_refused_AMT_CREDIT_d_app_AMT_CREDIT_diff_max_div_min,17.296396493911743,3
13,f103_refused_AMT_CREDIT_d_app_AMT_CREDIT_std,59.918038845062256,8
13,f103_refused_AMT_CREDIT_d_app_AMT_GOODS_PRICE_diff_max,449.3291509151459,31
13,f103_refused_AMT_CREDIT_d_app_AMT_GOODS_PRICE_diff_std_div_mean,80.22003054618835,8
13,f103_refused_AMT_CREDIT_d_app_AMT_GOODS_PRICE_pctchange_max,165.44180297851562,12
13,f103_refused_AMT_CREDIT_d_app_AMT_INCOME_TOTAL_diff_min,250.11195015907288,29
13,f103_refused_AMT_CREDIT_d_app_AMT_INCOME_TOTAL_diff_max,389.025936126709,34
13,f103_refused_AMT_CREDIT_d_app_AMT_GOODS_PRICE_pctchange_std_div_mean,70.48412990570068,7
13,f103_refused_AMT_CREDIT_d_app_AMT_GOODS_PRICE_pctchange_std,57.44714021682739,5
13,f103_refused_AMT_CREDIT_d_app_AMT_GOODS_PRICE_diff_min,207.31190991401672,24
13,f103_refused_AMT_CREDIT_d_app_AMT_GOODS_PRICE_pctchange_min,67.23888945579529,9
13,f103_refused_AMT_CREDIT_d_app_AMT_GOODS_PRICE_pctchange_max_div_min,37.51322031021118,4
13,f103_refused_AMT_CREDIT_d_app_AMT_GOODS_PRICE_std,199.79112195968628,20
13,f103_refused_AMT_CREDIT_d_app_AMT_INCOME_TOTAL_diff_mean,164.19986200332642,19
13,f103_refused_AMT_CREDIT_d_app_AMT_INCOME_TOTAL_diff_max_div_min,17.624199867248535,2
13,f103_refused_AMT_CREDIT_d_app_AMT_GOODS_PRICE_pctchange_mean,109.56260061264038,9
13,f103_refused_AMT_CREDIT_d_app_AMT_INCOME_TOTAL_max,399.84637093544006,51
13,f103_refused_AMT_CREDIT_d_app_AMT_INCOME_TOTAL_pctchange_mean,20.42799949645996,2
13,f103_refused_AMT_CREDIT_d_app_AMT_INCOME_TOTAL_pctchange_std,9.103949546813965,1
13,f103_refused_AMT_CREDIT_d_app_AMT_INCOME_TOTAL_std,143.2564091682434,17
13,f103_refused_AMT_CREDIT_d_app_AMT_INCOME_TOTAL_pctchange_min,17.505680084228516,2
13,f103_refused_AMT_CREDIT_d_total_debt_diff_max_div_min,214.77283906936646,25
13,f103_refused_AMT_CREDIT_d_app_AMT_INCOME_TOTAL_mean,784.3187602758408,82
13,f103_refused_AMT_CREDIT_d_app_AMT_INCOME_TOTAL_pctchange_max,60.547189712524414,4
13,f103_refused_AMT_CREDIT_d_app_AMT_INCOME_TOTAL_diff_std_div_mean,0.0,0
13,f103_refused_AMT_CREDIT_d_app_AMT_INCOME_TOTAL_pctchange_max_div_min,7.6214399337768555,1
13,f103_refused_AMT_CREDIT_d_app_AMT_INCOME_TOTAL_pctchange_std_div_mean,4.671150207519531,1
13,f103_refused_AMT_CREDIT_d_total_debt_diff_std_div_mean,332.4645309448242,33
13,f103_refused_AMT_CREDIT_m_app_AMT_GOODS_PRICE_d_app_AMT_INCOME_TOTAL_max,498.6032085418701,57
13,f103_refused_AMT_CREDIT_d_total_debt_pctchange_max_div_min,176.1803879737854,18
13,f103_refused_AMT_CREDIT_m_app_AMT_GOODS_PRICE_d_app_AMT_INCOME_TOTAL_diff_mean,153.3297998905182,19
13,f103_refused_AMT_CREDIT_m_app_AMT_GOODS_PRICE_d_app_AMT_INCOME_TOTAL_diff_min,88.1820297241211,10
13,f103_refused_AMT_CREDIT_d_total_debt_pctchange_std_div_mean,303.12363839149475,36
13,f103_refused_AMT_CREDIT_m_app_AMT_GOODS_PRICE_d_app_AMT_INCOME_TOTAL_pctchange_std_div_mean,212.62571930885315,28
13,f103_refused_AMT_CREDIT_m_app_AMT_GOODS_PRICE_d_app_AMT_INCOME_TOTAL_diff_max,390.33042669296265,24
13,f103_refused_AMT_CREDIT_m_app_AMT_GOODS_PRICE_d_app_AMT_INCOME_TOTAL_diff_max_div_min,13.25128984451294,2
13,f103_refused_AMT_CREDIT_d_total_debt_pctchange_max,1671.6605565845966,182
13,f103_refused_AMT_CREDIT_m_app_AMT_GOODS_PRICE_d_app_AMT_INCOME_TOTAL_std_div_mean,235.66810965538025,24
13,f103_refused_AMT_CREDIT_m_app_AMT_GOODS_PRICE_d_app_AMT_INCOME_TOTAL_std,93.47956085205078,9
13,f103_refused_AMT_CREDIT_m_app_AMT_GOODS_PRICE_d_app_AMT_INCOME_TOTAL_pctchange_max,499.0939693450928,64
13,f103_refused_AMT_CREDIT_s_app_AMT_ANNUITY_d_app_AMT_INCOME_TOTAL_diff_std_div_mean,64.1697211265564,7
13,f103_refused_AMT_CREDIT_m_app_AMT_GOODS_PRICE_d_app_AMT_INCOME_TOTAL_pctchange_std,275.6510286331177,31
13,f103_refused_AMT_CREDIT_m_app_AMT_GOODS_PRICE_d_app_AMT_INCOME_TOTAL_pctchange_mean,651.8327283859253,71
13,f103_refused_AMT_CREDIT_s_app_AMT_ANNUITY_d_app_AMT_INCOME_TOTAL_diff_min,26.659919261932373,4
13,f103_refused_AMT_CREDIT_m_app_AMT_GOODS_PRICE_d_app_AMT_INCOME_TOTAL_pctchange_min,669.7745018713176,79
13,f103_refused_AMT_CREDIT_m_app_AMT_GOODS_PRICE_d_app_AMT_INCOME_TOTAL_mean,360.4654759168625,48
13,f103_refused_AMT_CREDIT_m_app_AMT_GOODS_PRICE_d_app_AMT_INCOME_TOTAL_pctchange_max_div_min,282.7842266559601,14
13,f103_refused_AMT_CREDIT_s_app_AMT_ANNUITY_d_app_AMT_INCOME_TOTAL_diff_max_div_min,0.0,0
13,f103_refused_AMT_CREDIT_s_app_AMT_ANNUITY_d_app_AMT_INCOME_TOTAL_diff_mean,34.43859004974365,3
13,f103_refused_AMT_CREDIT_s_app_AMT_ANNUITY_d_app_AMT_INCOME_TOTAL_diff_max,122.25780296325684,3
13,f103_refused_AMT_CREDIT_s_app_AMT_ANNUITY_d_app_AMT_INCOME_TOTAL_max,663.7444862127304,80
13,f103_refused_AMT_CREDIT_s_app_AMT_ANNUITY_d_app_AMT_INCOME_TOTAL_pctchange_min,456.1412708759308,57
13,f103_refused_AMT_CREDIT_s_app_AMT_ANNUITY_d_app_AMT_INCOME_TOTAL_std,34.60841989517212,4
13,f103_refused_AMT_CREDIT_s_app_AMT_ANNUITY_d_app_AMT_INCOME_TOTAL_pctchange_std_div_mean,175.60048031806946,22
13,f103_refused_AMT_CREDIT_s_app_AMT_ANNUITY_d_app_AMT_INCOME_TOTAL_pctchange_max_div_min,143.77313041687012,17
13,f103_refused_AMT_CREDIT_s_app_AMT_ANNUITY_d_app_AMT_INCOME_TOTAL_pctchange_max,435.0763690471649,48
13,f103_refused_AMT_CREDIT_s_app_AMT_ANNUITY_d_app_AMT_INCOME_TOTAL_pctchange_mean,419.8789019584656,50
13,f103_refused_AMT_CREDIT_s_app_AMT_ANNUITY_d_app_AMT_INCOME_TOTAL_pctchange_std,273.1951277256012,30
13,f103_refused_AMT_CREDIT_s_app_AMT_ANNUITY_diff_std_div_mean,0.0,0
13,f103_refused_AMT_CREDIT_s_app_AMT_ANNUITY_diff_max,225.0940101146698,25
13,f103_refused_AMT_CREDIT_s_app_AMT_ANNUITY_d_app_AMT_INCOME_TOTAL_std_div_mean,541.9704194068909,46
13,f103_refused_AMT_CREDIT_s_app_AMT_ANNUITY_std,106.0250996351242,16
13,f103_refused_AMT_CREDIT_s_app_AMT_ANNUITY_pctchange_max,96.32308077812195,11
13,f103_refused_AMT_CREDIT_s_app_AMT_ANNUITY_diff_mean,323.7603921890259,26
13,f103_refused_AMT_CREDIT_s_app_AMT_ANNUITY_std_div_mean,107.41037082672119,10
13,f103_refused_AMT_CREDIT_s_app_AMT_ANNUITY_pctchange_std_div_mean,100.91767859458923,10
13,f103_refused_AMT_CREDIT_s_app_AMT_ANNUITY_diff_max_div_min,0.0,0
13,f103_refused_AMT_CREDIT_s_app_AMT_ANNUITY_pctchange_mean,200.633141040802,25
13,f103_refused_AMT_CREDIT_s_app_AMT_ANNUITY_pctchange_max_div_min,108.19488048553467,12
13,f103_refused_AMT_CREDIT_s_app_AMT_ANNUITY_pctchange_std,37.324660301208496,4
13,f103_refused_AMT_CREDIT_s_app_AMT_ANNUITY_pctchange_min,83.46492623258382,11
13,f103_refused_AMT_CREDIT_s_app_AMT_ANNUITY_diff_min,185.6159405708313,24
13,f103_refused_AMT_CREDIT_s_app_AMT_CREDIT_d_app_AMT_INCOME_TOTAL_diff_min,3.660799980163574,1
13,f103_refused_AMT_CREDIT_s_app_AMT_CREDIT_d_app_AMT_INCOME_TOTAL_diff_mean,0.0,0
13,f103_refused_AMT_CREDIT_s_app_AMT_CREDIT_d_app_AMT_INCOME_TOTAL_diff_max_div_min,0.0,0
13,f103_refused_AMT_CREDIT_s_app_AMT_CREDIT_d_app_AMT_INCOME_TOTAL_pctchange_std,336.8709924221039,33
13,f103_refused_AMT_CREDIT_s_app_AMT_CREDIT_d_app_AMT_INCOME_TOTAL_std_div_mean,196.80749034881592,17
13,f103_refused_AMT_CREDIT_s_app_AMT_CREDIT_d_app_AMT_INCOME_TOTAL_max_div_min,282.58189129829407,28
13,f103_refused_AMT_CREDIT_s_app_AMT_CREDIT_d_app_AMT_INCOME_TOTAL_max,723.0498722791672,62
13,f103_refused_AMT_CREDIT_s_app_AMT_CREDIT_d_app_AMT_INCOME_TOTAL_std,25.666860580444336,2
13,f103_refused_AMT_CREDIT_s_app_AMT_CREDIT_d_app_AMT_INCOME_TOTAL_diff_max,16.235270500183105,2
13,f103_refused_AMT_CREDIT_s_app_AMT_CREDIT_d_app_AMT_INCOME_TOTAL_pctchange_max_div_min,157.976380109787,18
13,f103_refused_AMT_CREDIT_s_app_AMT_CREDIT_d_app_AMT_INCOME_TOTAL_pctchange_mean,301.6598320007324,37
13,f103_refused_AMT_CREDIT_s_app_AMT_CREDIT_diff_max,68.20514965057373,8
13,f103_refused_AMT_CREDIT_s_app_AMT_CREDIT_diff_max_div_min,0.0,0
13,f103_refused_AMT_CREDIT_s_app_AMT_CREDIT_diff_min,30.956560134887695,6
13,f103_refused_AMT_CREDIT_s_app_AMT_CREDIT_d_app_AMT_INCOME_TOTAL_pctchange_min,557.5085411667824,69
13,f103_refused_AMT_CREDIT_s_app_AMT_CREDIT_d_app_AMT_INCOME_TOTAL_pctchange_max,508.9875545501709,55
13,f103_refused_AMT_CREDIT_s_app_AMT_CREDIT_d_app_AMT_INCOME_TOTAL_pctchange_std_div_mean,237.87140798568726,27
13,f103_refused_AMT_CREDIT_s_app_AMT_CREDIT_max_div_min,74.19426012039185,10
13,f103_refused_AMT_CREDIT_s_app_AMT_CREDIT_diff_std_div_mean,0.0,0
13,f103_refused_AMT_CREDIT_s_app_AMT_CREDIT_pctchange_max_div_min,99.2575192451477,7
13,f103_refused_AMT_CREDIT_s_app_AMT_CREDIT_min,705.1980202198029,58
13,f103_refused_AMT_CREDIT_s_app_AMT_CREDIT_mean,399.412260055542,42
13,f103_refused_AMT_CREDIT_s_app_AMT_CREDIT_pctchange_max,214.06771898269653,23
13,f103_refused_AMT_CREDIT_s_app_AMT_CREDIT_pctchange_mean,134.1159303188324,16
13,f103_refused_AMT_CREDIT_s_app_AMT_GOODS_PRICE_diff_max_div_min,4.705629825592041,1
13,f103_refused_AMT_CREDIT_s_app_AMT_CREDIT_pctchange_min,201.09523963928223,18
13,f103_refused_AMT_CREDIT_s_app_AMT_CREDIT_max,821.1719291210175,48
13,f103_refused_AMT_CREDIT_s_app_AMT_CREDIT_std_div_mean,218.9956874847412,18
13,f103_refused_AMT_CREDIT_s_app_AMT_CREDIT_pctchange_std_div_mean,120.36770105361938,12
13,f103_refused_AMT_CREDIT_s_app_AMT_CREDIT_diff_mean,65.73701190948486,6
13,f103_refused_AMT_CREDIT_s_app_AMT_GOODS_PRICE_diff_max,105.65485048294067,14
13,f103_refused_AMT_CREDIT_s_app_AMT_GOODS_PRICE_diff_mean,93.11557960510254,10
13,f103_refused_AMT_CREDIT_s_app_AMT_CREDIT_pctchange_std,63.58851933479309,8
13,f103_refused_AMT_CREDIT_s_app_AMT_CREDIT_std,62.30754041671753,5
13,f103_refused_AMT_CREDIT_s_app_AMT_GOODS_PRICE_max,2132.3181574344635,72
13,f103_refused_AMT_CREDIT_s_app_AMT_GOODS_PRICE_pctchange_min,162.28622913360596,18
13,f103_refused_AMT_CREDIT_s_app_AMT_GOODS_PRICE_pctchange_max_div_min,34.76632022857666,4
13,f103_refused_AMT_CREDIT_s_app_AMT_GOODS_PRICE_pctchange_mean,174.38342142105103,19
13,f103_refused_AMT_CREDIT_s_app_AMT_GOODS_PRICE_pctchange_max,189.3347396850586,19
13,f103_refused_AMT_CREDIT_s_app_AMT_GOODS_PRICE_diff_min,75.05930089950562,8
13,f103_refused_AMT_CREDIT_s_app_AMT_GOODS_PRICE_std_div_mean,67.04231977462769,9
13,f103_refused_AMT_CREDIT_s_app_AMT_GOODS_PRICE_diff_std_div_mean,0.0,0
13,f103_refused_AMT_CREDIT_s_app_AMT_INCOME_TOTAL_diff_std_div_mean,0.0,0
13,f103_refused_AMT_CREDIT_s_app_AMT_GOODS_PRICE_pctchange_std_div_mean,74.33338975906372,9
13,f103_refused_AMT_CREDIT_s_app_AMT_GOODS_PRICE_mean,1143.5504624843597,70
13,f103_refused_AMT_CREDIT_s_app_AMT_GOODS_PRICE_min,924.9529821872711,81
13,f103_refused_AMT_CREDIT_s_app_AMT_GOODS_PRICE_std,43.80170965194702,6
13,f103_refused_AMT_CREDIT_s_app_AMT_INCOME_TOTAL_diff_max,0.0,0
13,f103_refused_AMT_CREDIT_s_app_AMT_INCOME_TOTAL_diff_max_div_min,0.0,0
13,f103_refused_AMT_CREDIT_s_app_AMT_INCOME_TOTAL_pctchange_max,850.3586875796318,106
13,f103_refused_AMT_CREDIT_s_app_AMT_INCOME_TOTAL_diff_min,0.0,0
13,f103_refused_AMT_CREDIT_s_app_AMT_GOODS_PRICE_pctchange_std,41.209930419921875,4
13,f103_refused_AMT_CREDIT_s_app_AMT_INCOME_TOTAL_max_div_min,644.8707299232483,61
13,f103_refused_AMT_CREDIT_s_app_AMT_INCOME_TOTAL_pctchange_std_div_mean,375.4710032939911,45
13,f103_refused_AMT_CREDIT_s_app_AMT_INCOME_TOTAL_diff_mean,18.82370948791504,2
13,f103_refused_AMT_CREDIT_s_app_AMT_INCOME_TOTAL_pctchange_max_div_min,288.88322126865387,37
13,f103_refused_AMT_CREDIT_s_app_AMT_INCOME_TOTAL_pctchange_mean,749.6978398561478,97
13,f103_refused_AMT_DOWN_PAYMENT_d_AMT_GOODS_PRICE_diff_max_div_min,95.03685975074768,11
13,f103_refused_AMT_CREDIT_s_app_AMT_INCOME_TOTAL_max,557.7425909042358,68
13,f103_refused_AMT_DOWN_PAYMENT_d_AMT_GOODS_PRICE_diff_std_div_mean,72.08852958679199,9
13,f103_refused_AMT_CREDIT_s_app_AMT_INCOME_TOTAL_std,0.0,0
13,f103_refused_AMT_DOWN_PAYMENT_d_AMT_GOODS_PRICE_pctchange_mean,56.51120901107788,7
13,f103_refused_AMT_DOWN_PAYMENT_d_AMT_GOODS_PRICE_pctchange_max_div_min,9.381799697875977,1
13,f103_refused_AMT_DOWN_PAYMENT_d_AMT_GOODS_PRICE_pctchange_max,19.592249393463135,3
13,f103_refused_AMT_CREDIT_std,0.0,0
13,f103_refused_AMT_DOWN_PAYMENT_d_AMT_GOODS_PRICE_pctchange_min,30.542490005493164,4
13,f103_refused_AMT_CREDIT_s_app_AMT_INCOME_TOTAL_pctchange_min,868.587694644928,112
13,f103_refused_AMT_CREDIT_s_app_AMT_INCOME_TOTAL_std_div_mean,404.4882299900055,42
13,f103_refused_AMT_DOWN_PAYMENT_d_AMT_GOODS_PRICE_diff_min,196.716970205307,25
13,f103_refused_AMT_DOWN_PAYMENT_d_AMT_GOODS_PRICE_diff_mean,168.6417899131775,20
13,f103_refused_AMT_DOWN_PAYMENT_d_AMT_GOODS_PRICE_diff_max,128.38104009628296,20
13,f103_refused_AMT_DOWN_PAYMENT_d_AMT_GOODS_PRICE_mean,23.888149738311768,4
13,f103_refused_AMT_DOWN_PAYMENT_std_div_mean,0.0,0
13,f103_refused_AMT_DOWN_PAYMENT_d_AMT_GOODS_PRICE_std_div_mean,0.0,0
13,f103_refused_AMT_GOODS_PRICE_d_AMT_ANNUITY_diff_max,772.8955276012421,86
13,f103_refused_AMT_DOWN_PAYMENT_std,128.89236974716187,13
13,f103_refused_AMT_GOODS_PRICE_d_AMT_ANNUITY_diff_std_div_mean,436.4360091686249,45
13,f103_refused_AMT_DOWN_PAYMENT_d_AMT_GOODS_PRICE_std,17.719000339508057,2
13,f103_refused_AMT_DOWN_PAYMENT_d_AMT_GOODS_PRICE_max,17.95378017425537,2
13,f103_refused_AMT_DOWN_PAYMENT_max,231.96885919570923,25
13,f103_refused_AMT_DOWN_PAYMENT_d_AMT_GOODS_PRICE_min,6.489490032196045,1
13,f103_refused_AMT_DOWN_PAYMENT_mean,391.3189067840576,22
13,f103_refused_AMT_GOODS_PRICE_d_AMT_ANNUITY_diff_max_div_min,238.14769041538239,27
13,f103_refused_AMT_GOODS_PRICE_d_AMT_ANNUITY_max,1026.9593708515167,121
13,f103_refused_AMT_GOODS_PRICE_d_AMT_ANNUITY_pctchange_max,1004.450367629528,107
13,f103_refused_AMT_GOODS_PRICE_d_AMT_CREDIT_diff_max,623.8921197652817,73
13,f103_refused_AMT_DOWN_PAYMENT_min,301.73725748062134,13
13,f103_refused_AMT_GOODS_PRICE_d_AMT_CREDIT_diff_mean,605.4651815891266,65
13,f103_refused_AMT_GOODS_PRICE_d_AMT_ANNUITY_pctchange_mean,782.9542472362518,91
13,f103_refused_AMT_GOODS_PRICE_d_AMT_CREDIT_diff_std,390.87748622894287,39
13,f103_refused_AMT_GOODS_PRICE_d_AMT_CREDIT_diff_min,927.3609752655029,109
13,f103_refused_AMT_GOODS_PRICE_d_AMT_CREDIT_diff_max_div_min,348.8241000175476,36
13,f103_refused_AMT_GOODS_PRICE_d_AMT_ANNUITY_pctchange_max_div_min,257.85589027404785,29
13,f103_refused_AMT_GOODS_PRICE_d_AMT_ANNUITY_pctchange_min,828.4130057021976,112
13,f103_refused_AMT_GOODS_PRICE_d_AMT_CREDIT_max,924.0352581739426,96
13,f103_refused_AMT_GOODS_PRICE_d_AMT_CREDIT_pctchange_mean,498.41083002090454,57
13,f103_refused_AMT_GOODS_PRICE_d_AMT_CREDIT_pctchange_max_div_min,291.974951505661,31
13,f103_refused_AMT_GOODS_PRICE_d_AMT_CREDIT_diff_std_div_mean,180.63851857185364,22
13,f103_refused_AMT_GOODS_PRICE_d_AMT_CREDIT_pctchange_max,327.8915317058563,33
13,f103_refused_AMT_GOODS_PRICE_d_AMT_CREDIT_pctchange_std_div_mean,241.78144931793213,29
13,f103_refused_AMT_GOODS_PRICE_d_AMT_CREDIT_pctchange_min,516.5351510047913,65
13,f103_refused_AMT_GOODS_PRICE_d_app_AMT_ANNUITY_diff_mean,160.68254870176315,20
13,f103_refused_AMT_GOODS_PRICE_d_app_AMT_ANNUITY_diff_max_div_min,34.403318881988525,3
13,f103_refused_AMT_GOODS_PRICE_d_app_AMT_ANNUITY_diff_max,268.02431988716125,28
13,f103_refused_AMT_GOODS_PRICE_d_AMT_CREDIT_std,579.179488658905,53
13,f103_refused_AMT_GOODS_PRICE_d_AMT_CREDIT_pctchange_std,242.48937940597534,23
13,f103_refused_AMT_GOODS_PRICE_d_app_AMT_ANNUITY_pctchange_std_div_mean,0.0,0
13,f103_refused_AMT_GOODS_PRICE_d_app_AMT_CREDIT_diff_max,53.14479064941406,5
13,f103_refused_AMT_GOODS_PRICE_d_app_AMT_ANNUITY_pctchange_max,82.20010900497437,9
13,f103_refused_AMT_GOODS_PRICE_d_app_AMT_ANNUITY_diff_min,145.5411013364792,16
13,f103_refused_AMT_GOODS_PRICE_d_app_AMT_CREDIT_diff_min,131.42139768600464,12
13,f103_refused_AMT_GOODS_PRICE_d_app_AMT_ANNUITY_pctchange_min,105.06506896018982,11
13,f103_refused_AMT_GOODS_PRICE_d_app_AMT_ANNUITY_pctchange_max_div_min,27.299909591674805,2
13,f103_refused_AMT_GOODS_PRICE_d_app_AMT_ANNUITY_pctchange_mean,42.31393051147461,6
13,f103_refused_AMT_GOODS_PRICE_d_app_AMT_CREDIT_diff_max_div_min,22.44891929626465,3
13,f103_refused_AMT_GOODS_PRICE_d_app_AMT_ANNUITY_std,109.77970218658447,11
13,f103_refused_AMT_GOODS_PRICE_d_app_AMT_CREDIT_pctchange_max,10.81410026550293,1
13,f103_refused_AMT_GOODS_PRICE_d_app_AMT_CREDIT_pctchange_std_div_mean,5.792419910430908,1
13,f103_refused_AMT_GOODS_PRICE_d_app_AMT_CREDIT_pctchange_mean,9.95380973815918,1
13,f103_refused_AMT_GOODS_PRICE_d_app_AMT_GOODS_PRICE_diff_mean,164.90060949325562,19
13,f103_refused_AMT_GOODS_PRICE_d_app_AMT_CREDIT_diff_mean,72.82286977767944,10
13,f103_refused_AMT_GOODS_PRICE_d_app_AMT_GOODS_PRICE_diff_max_div_min,6.0054497718811035,1
13,f103_refused_AMT_GOODS_PRICE_d_app_AMT_GOODS_PRICE_diff_max,146.5651683807373,13
13,f103_refused_AMT_GOODS_PRICE_d_app_AMT_CREDIT_pctchange_max_div_min,46.40680932998657,6
13,f103_refused_AMT_GOODS_PRICE_d_app_AMT_GOODS_PRICE_diff_std_div_mean,40.96959042549133,5
13,f103_refused_AMT_GOODS_PRICE_d_app_AMT_CREDIT_std,47.25969934463501,5
13,f103_refused_AMT_GOODS_PRICE_d_app_AMT_GOODS_PRICE_diff_min,57.81532049179077,9
13,f103_refused_AMT_GOODS_PRICE_d_app_AMT_CREDIT_pctchange_min,0.0,0
13,f103_refused_AMT_GOODS_PRICE_d_app_AMT_GOODS_PRICE_std,85.97843933105469,10
13,f103_refused_AMT_GOODS_PRICE_d_app_AMT_GOODS_PRICE_pctchange_max,0.0,0
13,f103_refused_AMT_GOODS_PRICE_d_app_AMT_GOODS_PRICE_pctchange_mean,0.0,0
13,f103_refused_AMT_GOODS_PRICE_d_app_AMT_GOODS_PRICE_pctchange_max_div_min,14.733310222625732,2
13,f103_refused_AMT_GOODS_PRICE_d_app_AMT_GOODS_PRICE_pctchange_std_div_mean,7.195499897003174,1
13,f103_refused_AMT_GOODS_PRICE_d_app_AMT_GOODS_PRICE_pctchange_min,19.25823974609375,2
13,f103_refused_AMT_GOODS_PRICE_d_app_AMT_INCOME_TOTAL_diff_max_div_min,6.787209987640381,1
13,f103_refused_AMT_GOODS_PRICE_d_app_AMT_INCOME_TOTAL_diff_max,87.79652905464172,12
13,f103_refused_AMT_GOODS_PRICE_d_app_AMT_INCOME_TOTAL_pctchange_max,0.0,0
13,f103_refused_AMT_GOODS_PRICE_d_app_AMT_INCOME_TOTAL_diff_std_div_mean,15.093500137329102,2
13,f103_refused_AMT_GOODS_PRICE_d_app_AMT_INCOME_TOTAL_pctchange_max_div_min,5.078829765319824,1
13,f103_refused_AMT_GOODS_PRICE_d_app_AMT_INCOME_TOTAL_diff_mean,102.9627103805542,12
13,f103_refused_AMT_GOODS_PRICE_d_app_AMT_INCOME_TOTAL_std,30.54523992538452,4
13,f103_refused_AMT_GOODS_PRICE_d_app_AMT_INCOME_TOTAL_pctchange_mean,7.238619804382324,1
13,f103_refused_AMT_GOODS_PRICE_d_app_AMT_INCOME_TOTAL_pctchange_std_div_mean,0.0,0
13,f103_refused_AMT_GOODS_PRICE_d_app_AMT_INCOME_TOTAL_diff_min,109.6692231670022,13
13,f103_refused_AMT_GOODS_PRICE_d_app_AMT_INCOME_TOTAL_pctchange_min,22.17522954940796,3
13,f103_refused_AMT_GOODS_PRICE_d_total_debt_diff_std_div_mean,589.6820766925812,61
13,f103_refused_AMT_GOODS_PRICE_d_total_debt_diff_max_div_min,186.34100914001465,21
13,f103_refused_AMT_GOODS_PRICE_d_total_debt_diff_std,274.22173023223877,31
13,f103_refused_AMT_GOODS_PRICE_d_total_debt_pctchange_max_div_min,222.3963589668274,22
13,f103_refused_AMT_GOODS_PRICE_d_app_AMT_INCOME_TOTAL_max,359.6965892314911,42
13,f103_refused_AMT_GOODS_PRICE_d_total_debt_pctchange_max,1243.582887172699,142
13,f103_refused_AMT_GOODS_PRICE_m_app_AMT_GOODS_PRICE_d_app_AMT_INCOME_TOTAL_diff_mean,54.78704023361206,6
13,f103_refused_AMT_GOODS_PRICE_m_app_AMT_GOODS_PRICE_d_app_AMT_INCOME_TOTAL_diff_min,39.17366981506348,5
13,f103_refused_AMT_GOODS_PRICE_m_app_AMT_GOODS_PRICE_d_app_AMT_INCOME_TOTAL_pctchange_mean,281.14335107803345,28
13,f103_refused_AMT_GOODS_PRICE_m_app_AMT_GOODS_PRICE_d_app_AMT_INCOME_TOTAL_pctchange_max_div_min,74.31686067581177,9
13,f103_refused_AMT_GOODS_PRICE_m_app_AMT_GOODS_PRICE_d_app_AMT_INCOME_TOTAL_diff_max_div_min,0.0,0
13,f103_refused_AMT_GOODS_PRICE_m_app_AMT_GOODS_PRICE_d_app_AMT_INCOME_TOTAL_diff_max,52.23496055603027,6
13,f103_refused_AMT_GOODS_PRICE_m_app_AMT_GOODS_PRICE_d_app_AMT_INCOME_TOTAL_pctchange_std_div_mean,171.77917003631592,15
13,f103_refused_AMT_GOODS_PRICE_m_app_AMT_GOODS_PRICE_d_app_AMT_INCOME_TOTAL_pctchange_max,216.81634998321533,25
13,f103_refused_AMT_GOODS_PRICE_m_app_AMT_GOODS_PRICE_d_app_AMT_INCOME_TOTAL_mean,235.691180229187,27
13,f103_refused_AMT_GOODS_PRICE_m_app_AMT_GOODS_PRICE_d_app_AMT_INCOME_TOTAL_std_div_mean,85.38860893249512,8
13,f103_refused_AMT_GOODS_PRICE_m_app_AMT_GOODS_PRICE_d_app_AMT_INCOME_TOTAL_max,204.5542495250702,23
13,f103_refused_AMT_GOODS_PRICE_s_app_AMT_ANNUITY_d_app_AMT_INCOME_TOTAL_diff_min,20.814499855041504,2
13,f103_refused_AMT_GOODS_PRICE_s_app_AMT_ANNUITY_d_app_AMT_INCOME_TOTAL_diff_max_div_min,0.0,0
13,f103_refused_AMT_GOODS_PRICE_m_app_AMT_GOODS_PRICE_d_app_AMT_INCOME_TOTAL_pctchange_min,106.72578024864197,12
13,f103_refused_AMT_GOODS_PRICE_s_app_AMT_ANNUITY_d_app_AMT_INCOME_TOTAL_pctchange_max_div_min,67.46053981781006,7
13,f103_refused_AMT_GOODS_PRICE_m_app_AMT_GOODS_PRICE_d_app_AMT_INCOME_TOTAL_std,72.33557939529419,6
13,f103_refused_AMT_GOODS_PRICE_s_app_AMT_ANNUITY_d_app_AMT_INCOME_TOTAL_diff_max,19.99383020401001,3
13,f103_refused_AMT_GOODS_PRICE_s_app_AMT_ANNUITY_d_app_AMT_INCOME_TOTAL_diff_mean,39.6042594909668,5
13,f103_refused_AMT_GOODS_PRICE_s_app_AMT_ANNUITY_d_app_AMT_INCOME_TOTAL_diff_std_div_mean,0.0,0
13,f103_refused_AMT_GOODS_PRICE_s_app_AMT_ANNUITY_d_app_AMT_INCOME_TOTAL_pctchange_min,211.3631627559662,25
13,f103_refused_AMT_GOODS_PRICE_s_app_AMT_ANNUITY_d_app_AMT_INCOME_TOTAL_pctchange_std_div_mean,21.359159469604492,3
13,f103_refused_AMT_GOODS_PRICE_s_app_AMT_ANNUITY_d_app_AMT_INCOME_TOTAL_pctchange_max,209.60679030418396,22
14,f103_refused_AMT_GOODS_PRICE_s_app_AMT_ANNUITY_d_app_AMT_INCOME_TOTAL_pctchange_mean,667.5789206027985,77
14,f103_refused_AMT_GOODS_PRICE_s_app_AMT_ANNUITY_d_app_AMT_INCOME_TOTAL_std,185.50304794311523,18
14,f103_refused_AMT_GOODS_PRICE_s_app_AMT_ANNUITY_diff_max,469.06139159202576,53
14,f103_refused_AMT_GOODS_PRICE_s_app_AMT_ANNUITY_pctchange_std,387.22386837005615,34
14,f103_refused_AMT_GOODS_PRICE_s_app_AMT_ANNUITY_d_app_AMT_INCOME_TOTAL_pctchange_std,71.84602165222168,7
14,f103_refused_AMT_GOODS_PRICE_s_app_AMT_ANNUITY_diff_max_div_min,123.64962911605835,13
14,f103_refused_AMT_GOODS_PRICE_s_app_AMT_ANNUITY_d_app_AMT_INCOME_TOTAL_max,1284.2387578487396,169
14,f103_refused_AMT_GOODS_PRICE_s_app_AMT_ANNUITY_diff_std_div_mean,230.0946707725525,21
14,f103_refused_AMT_GOODS_PRICE_s_app_AMT_ANNUITY_d_app_AMT_INCOME_TOTAL_std_div_mean,393.405490398407,35
14,f103_refused_AMT_GOODS_PRICE_s_app_AMT_ANNUITY_diff_min,466.68642950057983,55
14,f103_refused_AMT_GOODS_PRICE_s_app_AMT_ANNUITY_pctchange_mean,246.15433090925217,28
14,f103_refused_AMT_GOODS_PRICE_s_app_AMT_ANNUITY_diff_mean,495.8814027309418,50
14,f103_refused_AMT_GOODS_PRICE_s_app_AMT_CREDIT_d_app_AMT_INCOME_TOTAL_diff_mean,392.6744816303253,50
14,f103_refused_AMT_GOODS_PRICE_s_app_AMT_ANNUITY_std_div_mean,62.68670988082886,5
14,f103_refused_AMT_GOODS_PRICE_s_app_AMT_ANNUITY_pctchange_max_div_min,270.45707082748413,28
14,f103_refused_AMT_GOODS_PRICE_s_app_AMT_CREDIT_d_app_AMT_INCOME_TOTAL_diff_max,633.2587764263153,72
14,f103_refused_AMT_GOODS_PRICE_s_app_AMT_CREDIT_d_app_AMT_INCOME_TOTAL_diff_max_div_min,55.485209941864014,6
14,f103_refused_AMT_GOODS_PRICE_s_app_AMT_CREDIT_d_app_AMT_INCOME_TOTAL_diff_std_div_mean,61.14509963989258,6
14,f103_refused_AMT_GOODS_PRICE_s_app_AMT_CREDIT_d_app_AMT_INCOME_TOTAL_pctchange_mean,614.8217980861664,79
14,f103_refused_AMT_GOODS_PRICE_s_app_AMT_ANNUITY_pctchange_min,803.5964756011963,85
14,f103_refused_AMT_GOODS_PRICE_s_app_AMT_ANNUITY_pctchange_std_div_mean,294.2555892467499,25
14,f103_refused_AMT_GOODS_PRICE_s_app_AMT_ANNUITY_pctchange_max,931.8511989116669,90
14,f103_refused_AMT_GOODS_PRICE_s_app_AMT_ANNUITY_std,86.28743028640747,9
14,f103_refused_AMT_GOODS_PRICE_s_app_AMT_CREDIT_d_app_AMT_INCOME_TOTAL_pctchange_std_div_mean,233.83674097061157,16
14,f103_refused_AMT_GOODS_PRICE_s_app_AMT_CREDIT_d_app_AMT_INCOME_TOTAL_max,1304.672048330307,134
14,f103_refused_AMT_GOODS_PRICE_s_app_AMT_CREDIT_d_app_AMT_INCOME_TOTAL_std_div_mean,186.18021059036255,18
14,f103_refused_AMT_GOODS_PRICE_s_app_AMT_CREDIT_d_app_AMT_INCOME_TOTAL_pctchange_max_div_min,205.92408072948456,23
14,f103_refused_AMT_GOODS_PRICE_s_app_AMT_CREDIT_d_app_AMT_INCOME_TOTAL_pctchange_std,325.63075733184814,30
14,f103_refused_AMT_GOODS_PRICE_s_app_AMT_CREDIT_d_app_AMT_INCOME_TOTAL_pctchange_min,459.7258493900299,53
14,f103_refused_AMT_GOODS_PRICE_s_app_AMT_CREDIT_diff_mean,111.8636999130249,15
14,f103_refused_AMT_GOODS_PRICE_s_app_AMT_CREDIT_d_app_AMT_INCOME_TOTAL_std,158.6103401184082,15
14,f103_refused_AMT_GOODS_PRICE_s_app_AMT_CREDIT_d_app_AMT_INCOME_TOTAL_pctchange_max,455.9983606338501,58
14,f103_refused_AMT_GOODS_PRICE_s_app_AMT_CREDIT_d_app_AMT_INCOME_TOTAL_diff_min,285.5376296043396,37
14,f103_refused_AMT_GOODS_PRICE_s_app_AMT_CREDIT_mean,868.4730598926544,87
14,f103_refused_AMT_GOODS_PRICE_s_app_AMT_CREDIT_diff_std_div_mean,108.2020320892334,5
14,f103_refused_AMT_GOODS_PRICE_s_app_AMT_CREDIT_min,949.5315871238708,97
14,f103_refused_AMT_GOODS_PRICE_s_app_AMT_CREDIT_pctchange_max,180.92582893371582,20
14,f103_refused_AMT_GOODS_PRICE_s_app_AMT_CREDIT_max,688.7974398136139,76
14,f103_refused_AMT_GOODS_PRICE_s_app_AMT_CREDIT_pctchange_min,199.8947606086731,23
14,f103_refused_AMT_GOODS_PRICE_s_app_AMT_CREDIT_pctchange_std,142.65058994293213,13
14,f103_refused_AMT_GOODS_PRICE_s_app_AMT_CREDIT_std,97.39339971542358,10
14,f103_refused_AMT_GOODS_PRICE_s_app_AMT_CREDIT_diff_max_div_min,5.843929767608643,1
14,f103_refused_AMT_GOODS_PRICE_s_app_AMT_CREDIT_diff_min,129.40800023078918,17
14,f103_refused_AMT_GOODS_PRICE_s_app_AMT_CREDIT_pctchange_max_div_min,58.79990911483765,7
14,f103_refused_AMT_GOODS_PRICE_s_app_AMT_CREDIT_diff_max,169.10453987121582,19
14,f103_refused_AMT_GOODS_PRICE_s_app_AMT_GOODS_PRICE_diff_max,188.04231977462769,10
14,f103_refused_AMT_GOODS_PRICE_s_app_AMT_CREDIT_pctchange_mean,241.81535243988037,28
14,f103_refused_AMT_GOODS_PRICE_s_app_AMT_CREDIT_std_div_mean,147.41692733764648,11
14,f103_refused_AMT_GOODS_PRICE_s_app_AMT_GOODS_PRICE_min,868.1358263492584,88
14,f103_refused_AMT_GOODS_PRICE_s_app_AMT_CREDIT_pctchange_std_div_mean,104.45094966888428,7
14,f103_refused_AMT_GOODS_PRICE_s_app_AMT_GOODS_PRICE_diff_max_div_min,46.654319763183594,5
14,f103_refused_AMT_GOODS_PRICE_s_app_AMT_GOODS_PRICE_max,1359.2281279563904,91
14,f103_refused_AMT_GOODS_PRICE_s_app_AMT_GOODS_PRICE_diff_mean,154.35886907577515,15
14,f103_refused_AMT_GOODS_PRICE_s_app_AMT_GOODS_PRICE_diff_std_div_mean,37.82015037536621,3
14,f103_refused_AMT_GOODS_PRICE_s_app_AMT_GOODS_PRICE_mean,1197.5468459129333,99
14,f103_refused_AMT_GOODS_PRICE_s_app_AMT_GOODS_PRICE_pctchange_max,537.8060021400452,66
14,f103_refused_AMT_GOODS_PRICE_s_app_AMT_GOODS_PRICE_pctchange_max_div_min,266.9764404296875,22
14,f103_refused_AMT_GOODS_PRICE_s_app_AMT_GOODS_PRICE_std_div_mean,217.64169263839722,17
14,f103_refused_AMT_GOODS_PRICE_s_app_AMT_GOODS_PRICE_diff_min,120.2742805480957,12
14,f103_refused_AMT_GOODS_PRICE_s_app_AMT_INCOME_TOTAL_pctchange_max_div_min,255.25501990318298,30
14,f103_refused_AMT_GOODS_PRICE_s_app_AMT_GOODS_PRICE_pctchange_mean,635.769478559494,71
14,f103_refused_AMT_GOODS_PRICE_s_app_AMT_GOODS_PRICE_pctchange_std_div_mean,177.5069088935852,17
14,f103_refused_AMT_GOODS_PRICE_s_app_AMT_GOODS_PRICE_std,27.8511700630188,3
14,f103_refused_AMT_GOODS_PRICE_s_app_AMT_INCOME_TOTAL_diff_mean,19.06089973449707,1
14,f103_refused_AMT_GOODS_PRICE_s_app_AMT_GOODS_PRICE_pctchange_min,681.9569048881531,77
14,f103_refused_AMT_GOODS_PRICE_s_app_AMT_INCOME_TOTAL_diff_min,11.395400047302246,1
14,f103_refused_AMT_GOODS_PRICE_s_app_AMT_INCOME_TOTAL_pctchange_max,626.3081302642822,82
14,f103_refused_AMT_GOODS_PRICE_s_app_AMT_INCOME_TOTAL_diff_max_div_min,0.0,0
14,f103_refused_AMT_GOODS_PRICE_s_app_AMT_INCOME_TOTAL_diff_max,9.058420181274414,1
14,f103_refused_AMT_GOODS_PRICE_s_app_AMT_INCOME_TOTAL_diff_std_div_mean,0.0,0
14,f103_refused_AMT_GOODS_PRICE_s_app_AMT_INCOME_TOTAL_max_div_min,350.7271912097931,35
14,f103_refused_AMT_GOODS_PRICE_s_app_AMT_INCOME_TOTAL_pctchange_std,307.7620587348938,30
14,f103_refused_AMT_GOODS_PRICE_s_app_AMT_INCOME_TOTAL_pctchange_mean,918.9625455141068,113
14,f103_refused_AMT_GOODS_PRICE_s_app_AMT_INCOME_TOTAL_pctchange_min,845.775564044714,101
14,f103_refused_AMT_GOODS_PRICE_s_app_AMT_INCOME_TOTAL_std_div_mean,267.571980714798,25
14,f103_refused_AMT_GOODS_PRICE_std,0.0,0
14,f103_refused_CHANNEL_TYPE_Credit_and_cash_offices_sum,191.8076410293579,17
14,f103_refused_AMT_GOODS_PRICE_s_app_AMT_INCOME_TOTAL_pctchange_std_div_mean,222.99681949615479,22
14,f103_refused_AMT_GOODS_PRICE_s_app_AMT_INCOME_TOTAL_std,0.0,0
14,f103_refused_CHANNEL_TYPE_Channel_of_corporate_sales_sum,0.0,0
14,f103_refused_CHANNEL_TYPE_Contact_center_mean,87.49419975280762,8
14,f103_refused_CHANNEL_TYPE_Regional___Local_sum,27.217899322509766,2
14,f103_refused_CNT_PAYMENT_mean,1894.6423795223236,136
14,f103_refused_CNT_PAYMENT_min,920.4750983715057,92
14,f103_refused_CNT_PAYMENT_std,224.04899144172668,25
14,f103_refused_CODE_REJECT_REASON_VERIF_mean,0.0,0
14,f103_refused_CODE_REJECT_REASON_VERIF_sum,0.0,0
14,f103_refused_CODE_REJECT_REASON_HC_sum,438.13698053359985,42
14,f103_refused_CHANNEL_TYPE_Stone_mean,49.95929956436157,6
14,f103_refused_CHANNEL_TYPE_Stone_sum,64.72914934158325,6
14,f103_refused_CODE_REJECT_REASON_SCO_mean,164.0424098968506,16
14,f103_refused_CODE_REJECT_REASON_SYSTEM_sum,0.0,0
14,f103_refused_CODE_REJECT_REASON_SCO_sum,15.078399658203125,1
14,f103_refused_CODE_REJECT_REASON_SYSTEM_mean,0.0,0
14,f103_refused_CODE_REJECT_REASON_XNA_sum,0.0,0
14,f103_refused_DAYS_DECISION_d_app_DAYS_ID_PUBLISH_min,1214.3391979932785,147
14,f103_refused_DAYS_DECISION_d_app_DAYS_ID_PUBLISH_max,2136.625825881958,146
14,f103_refused_DAYS_DECISION_d_app_DAYS_LAST_PHONE_CHANGE_mean,1677.6174671649933,165
14,f103_refused_CODE_REJECT_REASON_XNA_mean,0.0,0
14,f103_refused_DAYS_DECISION_d_app_DAYS_ID_PUBLISH_mean,1074.5834650993347,100
14,f103_refused_DAYS_DECISION_d_app_DAYS_REGISTRATION_min,1294.5700607299805,155
14,f103_refused_DAYS_DECISION_d_app_DAYS_LAST_PHONE_CHANGE_std,203.31889963150024,21
14,f103_refused_DAYS_DECISION_d_app_DAYS_LAST_PHONE_CHANGE_min,1484.1118352413177,174
14,f103_refused_DAYS_DECISION_d_app_DAYS_REGISTRATION_mean,1203.0762314796448,124
14,f103_refused_DAYS_DECISION_d_app_DAYS_ID_PUBLISH_std,377.76892375946045,26
14,f103_refused_DAYS_DECISION_d_app_DAYS_LAST_PHONE_CHANGE_max,3537.2609026432037,184
14,f103_refused_DAYS_DECISION_d_app_DAYS_REGISTRATION_max,1505.094638824463,121
14,f103_refused_DAYS_DECISION_s_app_DAYS_EMPLOYED_std_div_mean,369.7288749217987,29
14,f103_refused_DAYS_DECISION_s_app_DAYS_EMPLOYED_max_div_min,556.5469899177551,40
14,f103_refused_DAYS_DECISION_s_app_DAYS_ID_PUBLISH_std_div_mean,237.39570140838623,19
14,f103_refused_DAYS_DECISION_s_app_DAYS_ID_PUBLISH_max_div_min,114.24352025985718,10
14,f103_refused_FLAG_LAST_APPL_PER_CONTRACT_std,0.0,0
14,f103_refused_HOUR_APPR_PROCESS_START_max,963.2117640972137,117
14,f103_refused_FLAG_LAST_APPL_PER_CONTRACT_max,6.324739933013916,1
14,f103_refused_FLAG_LAST_APPL_PER_CONTRACT_std_div_mean,8.646539688110352,1
14,f103_refused_FLAG_LAST_APPL_PER_CONTRACT_mean,0.0,0
14,f103_refused_FLAG_LAST_APPL_PER_CONTRACT_min,0.0,0
14,f103_refused_DAYS_DECISION_s_app_DAYS_LAST_PHONE_CHANGE_max_div_min,505.5352864265442,38
14,f103_refused_NAME_CASH_LOAN_PURPOSE_Business_development_mean,0.0,0
14,f103_refused_NAME_CASH_LOAN_PURPOSE_Buying_a_home_mean,0.0,0
14,f103_refused_NAME_CASH_LOAN_PURPOSE_Building_a_house_or_an_annex_mean,0.0,0
14,f103_refused_NAME_CASH_LOAN_PURPOSE_Building_a_house_or_an_annex_sum,0.0,0
14,f103_refused_NAME_CASH_LOAN_PURPOSE_Car_repairs_sum,0.0,0
14,f103_refused_NAME_CASH_LOAN_PURPOSE_Buying_a_garage_mean,0.0,0
14,f103_refused_NAME_CASH_LOAN_PURPOSE_Business_development_sum,0.0,0
14,f103_refused_NAME_CASH_LOAN_PURPOSE_Buying_a_holiday_home___land_mean,0.0,0
14,f103_refused_NAME_CASH_LOAN_PURPOSE_Buying_a_garage_sum,0.0,0
14,f103_refused_NAME_CASH_LOAN_PURPOSE_Buying_a_home_sum,0.0,0
14,f103_refused_NAME_CASH_LOAN_PURPOSE_Buying_a_new_car_mean,0.0,0
14,f103_refused_NAME_CASH_LOAN_PURPOSE_Buying_a_new_car_sum,0.0,0
14,f103_refused_NAME_CASH_LOAN_PURPOSE_Car_repairs_mean,0.0,0
14,f103_refused_NAME_CASH_LOAN_PURPOSE_Buying_a_holiday_home___land_sum,0.0,0
14,f103_refused_NAME_CASH_LOAN_PURPOSE_Buying_a_used_car_sum,0.0,0
14,f103_refused_NAME_CASH_LOAN_PURPOSE_Gasification___water_supply_mean,0.0,0
14,f103_refused_NAME_CASH_LOAN_PURPOSE_Education_sum,0.0,0
14,f103_refused_NAME_CASH_LOAN_PURPOSE_Buying_a_used_car_mean,0.0,0
14,f103_refused_NAME_CASH_LOAN_PURPOSE_Hobby_sum,0.0,0
14,f103_refused_NAME_CASH_LOAN_PURPOSE_Education_mean,0.0,0
14,f103_refused_NAME_CASH_LOAN_PURPOSE_Furniture_sum,0.0,0
14,f103_refused_NAME_CASH_LOAN_PURPOSE_Gasification___water_supply_sum,0.0,0
14,f103_refused_NAME_CASH_LOAN_PURPOSE_Other_mean,16.076500415802002,2
14,f103_refused_NAME_CASH_LOAN_PURPOSE_Payments_on_other_loans_sum,0.0,0
14,f103_refused_NAME_CASH_LOAN_PURPOSE_Furniture_mean,0.0,0
14,f103_refused_NAME_CASH_LOAN_PURPOSE_Journey_mean,0.0,0
14,f103_refused_NAME_CASH_LOAN_PURPOSE_Medicine_mean,0.0,0
14,f103_refused_NAME_CASH_LOAN_PURPOSE_Journey_sum,0.0,0
14,f103_refused_NAME_CASH_LOAN_PURPOSE_Everyday_expenses_mean,0.0,0
14,f103_refused_NAME_CASH_LOAN_PURPOSE_Hobby_mean,0.0,0
14,f103_refused_NAME_CASH_LOAN_PURPOSE_Purchase_of_electronic_equipment_sum,0.0,0
14,f103_refused_NAME_CASH_LOAN_PURPOSE_Medicine_sum,0.0,0
14,f103_refused_NAME_CASH_LOAN_PURPOSE_Everyday_expenses_sum,0.0,0
14,f103_refused_NAME_CASH_LOAN_PURPOSE_Other_sum,9.82155990600586,1
14,f103_refused_NAME_CASH_LOAN_PURPOSE_Purchase_of_electronic_equipment_mean,0.0,0
14,f103_refused_NAME_CASH_LOAN_PURPOSE_Payments_on_other_loans_mean,0.0,0
14,f103_refused_NAME_CASH_LOAN_PURPOSE_Refusal_to_name_the_goal_sum,0.0,0
14,f103_refused_NAME_CASH_LOAN_PURPOSE_Wedding___gift___holiday_sum,0.0,0
14,f103_refused_NAME_CASH_LOAN_PURPOSE_XAP_mean,129.5989899635315,14
14,f103_refused_NAME_CLIENT_TYPE_New_sum,50.273820877075195,5
14,f103_refused_NAME_CLIENT_TYPE_New_mean,7.669610023498535,1
14,f103_refused_NAME_CASH_LOAN_PURPOSE_Wedding___gift___holiday_mean,0.0,0
14,f103_refused_NAME_CASH_LOAN_PURPOSE_XNA_sum,151.63093996047974,19
14,f103_refused_NAME_CONTRACT_TYPE_Cash_loans_mean,43.60734033584595,5
14,f103_refused_NAME_CLIENT_TYPE_Refreshed_sum,11.49940013885498,1
14,f103_refused_NAME_CLIENT_TYPE_Repeater_mean,66.58359003067017,9
14,f103_refused_NAME_CONTRACT_TYPE_XNA_sum,0.0,0
14,f103_refused_NAME_CLIENT_TYPE_Refreshed_mean,8.999650001525879,1
14,f103_refused_NAME_GOODS_CATEGORY_Additional_Service_mean,0.0,0
14,f103_refused_NAME_CONTRACT_TYPE_Revolving_loans_mean,62.86367988586426,7
14,f103_refused_NAME_CONTRACT_TYPE_XNA_mean,0.0,0
14,f103_refused_NAME_GOODS_CATEGORY_Auto_Accessories_mean,0.0,0
14,f103_refused_NAME_GOODS_CATEGORY_Computers_mean,12.484780311584473,2
14,f103_refused_NAME_CONTRACT_TYPE_Consumer_loans_mean,13.265490293502808,3
14,f103_refused_NAME_GOODS_CATEGORY_Auto_Accessories_sum,0.0,0
14,f103_refused_NAME_GOODS_CATEGORY_Audio_Video_mean,13.889530181884766,2
14,f103_refused_NAME_GOODS_CATEGORY_Additional_Service_sum,0.0,0
14,f103_refused_NAME_CONTRACT_TYPE_Consumer_loans_sum,15.827199935913086,1
14,f103_refused_NAME_GOODS_CATEGORY_Consumer_Electronics_sum,0.0,0
14,f103_refused_NAME_GOODS_CATEGORY_Construction_Materials_sum,0.0,0
14,f103_refused_NAME_GOODS_CATEGORY_Gardening_sum,0.0,0
14,f103_refused_NAME_GOODS_CATEGORY_Audio_Video_sum,0.0,0
14,f103_refused_NAME_GOODS_CATEGORY_Consumer_Electronics_mean,10.773699760437012,1
14,f103_refused_NAME_GOODS_CATEGORY_Clothing_and_Accessories_mean,0.0,0
14,f103_refused_NAME_GOODS_CATEGORY_Furniture_mean,0.0,0
14,f103_refused_NAME_GOODS_CATEGORY_Clothing_and_Accessories_sum,0.0,0
14,f103_refused_NAME_GOODS_CATEGORY_Gardening_mean,0.0,0
14,f103_refused_NAME_GOODS_CATEGORY_Jewelry_mean,0.0,0
14,f103_refused_NAME_GOODS_CATEGORY_Furniture_sum,0.0,0
14,f103_refused_NAME_GOODS_CATEGORY_Construction_Materials_mean,0.0,0
14,f103_refused_NAME_GOODS_CATEGORY_Office_Appliances_mean,0.0,0
14,f103_refused_NAME_GOODS_CATEGORY_Medical_Supplies_mean,0.0,0
14,f103_refused_NAME_GOODS_CATEGORY_Homewares_sum,0.0,0
14,f103_refused_NAME_GOODS_CATEGORY_Medicine_sum,0.0,0
14,f103_refused_NAME_GOODS_CATEGORY_Homewares_mean,0.0,0
14,f103_refused_NAME_GOODS_CATEGORY_Mobile_sum,7.881879806518555,1
14,f103_refused_NAME_GOODS_CATEGORY_Office_Appliances_sum,0.0,0
14,f103_refused_NAME_GOODS_CATEGORY_Medicine_mean,0.0,0
14,f103_refused_NAME_GOODS_CATEGORY_Photo___Cinema_Equipment_sum,0.0,0
14,f103_refused_NAME_GOODS_CATEGORY_Sport_and_Leisure_sum,0.0,0
14,f103_refused_NAME_GOODS_CATEGORY_Photo___Cinema_Equipment_mean,0.0,0
14,f103_refused_NAME_GOODS_CATEGORY_Mobile_mean,50.81263017654419,6
14,f103_refused_NAME_GOODS_CATEGORY_Vehicles_sum,0.0,0
14,f103_refused_NAME_GOODS_CATEGORY_Medical_Supplies_sum,0.0,0
14,f103_refused_NAME_GOODS_CATEGORY_Tourism_mean,0.0,0
14,f103_refused_NAME_GOODS_CATEGORY_XNA_mean,21.795510292053223,2
14,f103_refused_NAME_GOODS_CATEGORY_Tourism_sum,0.0,0
14,f103_refused_NAME_GOODS_CATEGORY_Vehicles_mean,0.0,0
14,f103_refused_NAME_GOODS_CATEGORY_Sport_and_Leisure_mean,0.0,0
14,f103_refused_NAME_PAYMENT_TYPE_Cash_through_the_bank_sum,175.94288206100464,20
14,f103_refused_NAME_PAYMENT_TYPE_Cashless_from_the_account_of_the_employer_sum,0.0,0
14,f103_refused_NAME_PAYMENT_TYPE_Cashless_from_the_account_of_the_employer_mean,0.0,0
14,f103_refused_NAME_PAYMENT_TYPE_Non_cash_from_your_account_sum,0.0,0
14,f103_refused_NAME_PAYMENT_TYPE_Non_cash_from_your_account_mean,0.0,0
14,f103_refused_NAME_PORTFOLIO_POS_mean,20.408000230789185,3
14,f103_refused_NAME_PORTFOLIO_POS_sum,40.729900598526,4
14,f103_refused_NAME_SELLER_INDUSTRY_Clothing_sum,0.0,0
14,f103_refused_NAME_PORTFOLIO_XNA_sum,16.764819622039795,3
14,f103_refused_NAME_SELLER_INDUSTRY_Auto_technology_sum,0.0,0
14,f103_refused_NAME_PORTFOLIO_Cards_mean,47.18131995201111,6
14,f103_refused_NAME_PRODUCT_TYPE_XNA_sum,57.40421962738037,5
14,f103_refused_NAME_PORTFOLIO_XNA_mean,49.56255054473877,5
14,f103_refused_NAME_PORTFOLIO_Cash_mean,99.10077047348022,7
14,f103_refused_NAME_PRODUCT_TYPE_XNA_mean,51.77397966384888,6
14,f103_refused_NAME_SELLER_INDUSTRY_Clothing_mean,0.0,0
14,f103_refused_NAME_SELLER_INDUSTRY_Auto_technology_mean,0.0,0
14,f103_refused_NAME_TYPE_SUITE_Children_sum,0.0,0
14,f103_refused_NAME_SELLER_INDUSTRY_Consumer_electronics_sum,38.793639183044434,4
14,f103_refused_NAME_SELLER_INDUSTRY_Furniture_sum,0.0,0
14,f103_refused_NAME_SELLER_INDUSTRY_Consumer_electronics_mean,62.512959241867065,9
14,f103_refused_NAME_SELLER_INDUSTRY_Construction_mean,0.0,0
14,f103_refused_NAME_SELLER_INDUSTRY_Industry_mean,0.0,0
14,f103_refused_NAME_TYPE_SUITE_Other_A_sum,0.0,0
14,f103_refused_NAME_TYPE_SUITE_Children_mean,0.0,0
14,f103_refused_NAME_SELLER_INDUSTRY_Construction_sum,0.0,0
14,f103_refused_NAME_SELLER_INDUSTRY_Industry_sum,0.0,0
14,f103_refused_NAME_TYPE_SUITE_Group_of_people_mean,0.0,0
14,f103_refused_NAME_TYPE_SUITE_Other_B_sum,0.0,0
14,f103_refused_NAME_TYPE_SUITE_Family_sum,0.0,0
14,f103_refused_NAME_TYPE_SUITE_Group_of_people_sum,0.0,0
14,f103_refused_NAME_TYPE_SUITE_Other_B_mean,0.0,0
14,f103_refused_NAME_TYPE_SUITE_Other_A_mean,0.0,0
14,f103_refused_NAME_TYPE_SUITE_Unaccompanied_sum,5.0590901374816895,1
14,f103_refused_NAME_SELLER_INDUSTRY_XNA_mean,39.921380043029785,4
14,f103_refused_NAME_TYPE_SUITE_Spouse__partner_sum,0.0,0
14,f103_refused_NAME_TYPE_SUITE_Spouse__partner_mean,0.0,0
14,f103_refused_NAME_TYPE_SUITE_Unaccompanied_mean,29.657710552215576,4
14,f103_refused_NAME_YIELD_GROUP_middle_sum,49.27005910873413,7
14,f103_refused_NFLAG_LAST_APPL_IN_DAY_min,3.9071500301361084,1
14,f103_refused_NAME_YIELD_GROUP_XNA_mean,7.796820163726807,1
14,f103_refused_NAME_YIELD_GROUP_low_action_sum,21.635629653930664,2
14,f103_refused_NFLAG_LAST_APPL_IN_DAY_mean,0.0,0
14,f103_refused_NFLAG_LAST_APPL_IN_DAY_std,19.80794048309326,2
14,f103_refused_PRODUCT_COMBINATION_Card_X_Sell_mean,24.999510049819946,3
14,f103_refused_PRODUCT_COMBINATION_Cash_mean,22.840020179748535,3
14,f103_refused_NFLAG_LAST_APPL_IN_DAY_max,0.0,0
14,f103_refused_PRODUCT_COMBINATION_POS_household_without_interest_sum,0.0,0
14,f103_refused_PRODUCT_COMBINATION_POS_household_with_interest_sum,25.78773069381714,3
14,f103_refused_NFLAG_LAST_APPL_IN_DAY_std_div_mean,31.180418968200684,4
14,f103_refused_PRODUCT_COMBINATION_POS_household_with_interest_mean,52.81959080696106,6
14,f103_refused_PRODUCT_COMBINATION_POS_industry_without_interest_mean,0.0,0
14,f103_refused_PRODUCT_COMBINATION_POS_household_without_interest_mean,0.0,0
14,f103_refused_PRODUCT_COMBINATION_POS_industry_with_interest_sum,0.0,0
14,f103_refused_PRODUCT_COMBINATION_Card_X_Sell_sum,16.682889938354492,2
14,f103_refused_PRODUCT_COMBINATION_Cash_sum,9.081409931182861,2
14,f103_refused_PRODUCT_COMBINATION_POS_other_with_interest_sum,0.0,0
14,f103_refused_PRODUCT_COMBINATION_POS_industry_without_interest_sum,0.0,0
14,f103_refused_PRODUCT_COMBINATION_POS_mobile_without_interest_mean,0.0,0
14,f103_refused_RATE_DOWN_PAYMENT_std_div_mean,9.539620399475098,1
14,f103_refused_RATE_DOWN_PAYMENT_max,42.79450035095215,4
14,f103_refused_PRODUCT_COMBINATION_POS_industry_with_interest_mean,0.0,0
14,f103_refused_PRODUCT_COMBINATION_POS_others_without_interest_sum,0.0,0
14,f103_refused_PRODUCT_COMBINATION_POS_others_without_interest_mean,0.0,0
14,f103_refused_RATE_DOWN_PAYMENT_std,34.940860748291016,4
14,f103_refused_PRODUCT_COMBINATION_POS_other_with_interest_mean,0.0,0
14,f103_refused_RATE_DOWN_PAYMENT_min,34.701380252838135,3
14,f103_refused_PRODUCT_COMBINATION_POS_mobile_with_interest_mean,14.586999893188477,1
14,f103_refused_PRODUCT_COMBINATION_POS_mobile_without_interest_sum,0.0,0
14,f103_refused_SELLERPLACE_AREA_max,437.84148120880127,49
14,f103_refused_RATE_DOWN_PAYMENT_mean,0.0,0
14,f103_refused_SELLERPLACE_AREA_mean,362.64481806755066,41
14,f103_refused_WEEKDAY_APPR_PROCESS_START_SATURDAY_mean,55.374600410461426,7
14,f103_refused_SELLERPLACE_AREA_max_div_min,73.75579071044922,6
14,f103_refused_SELLERPLACE_AREA_std,139.03068089485168,13
14,f103_refused_WEEKDAY_APPR_PROCESS_START_MONDAY_sum,14.30983018875122,2
14,f103_refused_WEEKDAY_APPR_PROCESS_START_SUNDAY_mean,38.91574048995972,4
14,f103_refused_WEEKDAY_APPR_PROCESS_START_FRIDAY_mean,167.14207100868225,20
14,f103_refused_WEEKDAY_APPR_PROCESS_START_MONDAY_mean,87.3872594833374,11
14,f103_refused_WEEKDAY_APPR_PROCESS_START_FRIDAY_sum,55.91844940185547,5
14,f103_refused_WEEKDAY_APPR_PROCESS_START_SATURDAY_sum,19.20084047317505,3
14,f103_refused_WEEKDAY_APPR_PROCESS_START_SUNDAY_sum,0.0,0
14,f103_refused_SELLERPLACE_AREA_min,317.10514998435974,40
14,f103_refused_WEEKDAY_APPR_PROCESS_START_WEDNESDAY_sum,66.12684059143066,6
14,f103_refused_WEEKDAY_APPR_PROCESS_START_THURSDAY_mean,182.58750891685486,20
14,f103_refused_WEEKDAY_APPR_PROCESS_START_THURSDAY_sum,58.92888927459717,4
14,f103_refused_WEEKDAY_APPR_PROCESS_START_WEDNESDAY_mean,66.76531982421875,7
14,f103_refused_interest_rate_diff_max_div_min,291.0886906385422,33
14,f103_refused_WEEKDAY_APPR_PROCESS_START_TUESDAY_mean,162.61295890808105,19
14,f103_refused_interest_rate_diff_std_div_mean,702.578681230545,72
14,f103_refused_interest_rate_min,1829.556513339281,172
14,f103_refused_interest_rate_pctchange_std,511.2702851295471,52
14,f103_refused_interest_rate_pctchange_max,1052.5801301002502,140
14,f103_refused_total_debt_diff_mean,631.5902996063232,71
14,f103_refused_interest_rate_pctchange_max_div_min,268.3537509441376,27
14,f103_refused_interest_rate_mean,4484.242040276527,125
14,f103_refused_total_debt_diff_std_div_mean,179.31215000152588,16
14,f103_refused_interest_rate_diff_mean,1210.3328216075897,140
14,f103_refused_total_debt_diff_max,563.1844787597656,61
14,f103_refused_total_debt_pctchange_min,624.271409034729,70
14,f103_refused_interest_rate_pctchange_mean,1287.750862121582,122
14,f103_refused_total_debt_diff_max_div_min,180.73738932609558,18
14,f103_refused_total_debt_mean,744.4006223678589,84
14,f103_refused_total_debt_diff_min,481.7444407939911,58
14,f103_refused_total_debt_std,264.50878834724426,26
14,f103_refused_total_debt_max,842.6487617492676,96
14,f103_refused_total_debt_pctchange_max_div_min,129.64403104782104,16
14,f103_refused_total_debt_pctchange_std_div_mean,192.21609950065613,22
14,f103_refused_total_debt_pctchange_mean,541.2856914997101,54
14,f103_refused_total_debt_pctchange_max,440.3445270061493,46
