chunk,feature,importance_gain,importance_split
1,f001_AMT_ANNUITY-d-cnt_adults,7428.127372145653,587
1,f001_AMT_ANNUITY,12466.240501403809,888
1,f001_AMT_ANNUITY-d-CNT_CHILDREN,5763.9085059165955,491
1,f001_AMT_ANNUITY-d-CNT_FAM_MEMBERS,6605.27744436264,566
1,f001_AMT_CREDIT-d-AMT_INCOME_TOTAL,8347.07088470459,656
1,f001_AMT_GOODS_PRICE-d-AMT_INCOME_TOTAL,9364.19919872284,787
1,f001_AMT_ANNUITY-d-AMT_CREDIT,76745.24826097488,2861
1,f001_AMT_REQ_CREDIT_BUREAU_MON,1799.9496216773987,164
1,f001_AMT_REQ_CREDIT_BUREAU_HOUR,240.9681806564331,12
1,f001_AMT_CREDIT-d-cnt_adults,8138.798309326172,656
1,f001_AMT_REQ_CREDIT_BUREAU_DAY,365.0371413230896,24
1,f001_AMT_REQ_CREDIT_BUREAU_QRT,3939.728816986084,317
1,f001_AMT_INCOME_TOTAL-d-CNT_FAM_MEMBERS,4401.698719501495,388
1,f001_AMT_REQ_CREDIT_BUREAU_WEEK,341.36015796661377,27
1,f001_AMT_INCOME_TOTAL-d-CNT_CHILDREN,3831.131649017334,328
1,f001_AMT_INCOME_TOTAL-d-cnt_adults,3846.0551323890686,347
1,f001_AMT_INCOME_TOTAL,5519.632821559906,476
1,f001_AMT_REQ_CREDIT_BUREAU_sum,2145.804540157318,203
1,f001_BASEMENTAREA_MEDI,2497.333640575409,221
1,f001_BASEMENTAREA_MODE,2492.3919620513916,228
1,f001_BASEMENTAREA_AVG,2840.5195660591125,239
1,f001_CNT_CHILDREN,146.6202907562256,15
1,f001_AMT_REQ_CREDIT_BUREAU_YEAR,6005.145187854767,443
1,f001_CNT_FAM_MEMBERS,489.7628026008606,47
1,f001_COMMONAREA_AVG,1582.5269379615784,147
1,f001_DAYS_EMPLOYED-s-DAYS_BIRTH-d-DAYS_ID_PUBLISH-s-DAYS_EMPLOYED,2861.743525981903,244
1,f001_COMMONAREA_MODE,1758.4841675758362,164
1,f001_DAYS_ID_PUBLISH-d-DAYS_BIRTH,11830.040355443954,832
1,f001_COMMONAREA_MEDI,1680.980320930481,162
1,f001_DAYS_EMPLOYED-s-DAYS_BIRTH-d-DAYS_LAST_PHONE_CHANGE-s-DAYS_ID_PUBLISH,5664.802103996277,467
1,f001_DAYS_EMPLOYED-s-DAYS_BIRTH-d-DAYS_LAST_PHONE_CHANGE-s-DAYS_REGISTRATION,4903.748476743698,412
1,f001_DAYS_ID_PUBLISH-s-DAYS_BIRTH-d-DAYS_LAST_PHONE_CHANGE-s-DAYS_REGISTRATION,2986.448007583618,263
1,f001_DAYS_ID_PUBLISH-s-DAYS_BIRTH-d-DAYS_LAST_PHONE_CHANGE-s-DAYS_BIRTH,4152.841962814331,352
1,f001_DAYS_ID_PUBLISH-s-DAYS_BIRTH-d-DAYS_LAST_PHONE_CHANGE-s-DAYS_ID_PUBLISH,2333.182333469391,195
1,f001_DAYS_EMPLOYED-s-DAYS_BIRTH,18449.486114025116,1330
1,f001_DAYS_EMPLOYED-s-DAYS_BIRTH-d-DAYS_ID_PUBLISH-s-DAYS_REGISTRATION,4285.203670501709,372
1,f001_DAYS_EMPLOYED-s-DAYS_BIRTH-d-DAYS_LAST_PHONE_CHANGE-s-DAYS_EMPLOYED,4172.60493850708,269
1,f001_DAYS_EMPLOYED-s-DAYS_BIRTH-d-DAYS_REGISTRATION-s-DAYS_EMPLOYED,1988.0736293792725,182
1,f001_DAYS_ID_PUBLISH-s-DAYS_BIRTH-d-DAYS_ID_PUBLISH-s-DAYS_EMPLOYED,2359.7106714248657,197
1,f001_DAYS_EMPLOYED-s-DAYS_BIRTH-d-DAYS_REGISTRATION-s-DAYS_BIRTH,4516.862360954285,321
1,f001_DAYS_ID_PUBLISH-d-DAYS_EMPLOYED,7145.537545681,508
1,f001_DAYS_ID_PUBLISH-s-DAYS_REGISTRATION-d-DAYS_LAST_PHONE_CHANGE-s-DAYS_REGISTRATION,2990.8316283226013,273
1,f001_DAYS_ID_PUBLISH-s-DAYS_BIRTH-d-DAYS_ID_PUBLISH-s-DAYS_REGISTRATION,2906.486333847046,256
1,f001_DAYS_ID_PUBLISH-s-DAYS_BIRTH-d-DAYS_REGISTRATION-s-DAYS_EMPLOYED,3215.6419711112976,300
1,f001_DAYS_ID_PUBLISH-d-DAYS_REGISTRATION,5257.322195053101,424
1,f001_DAYS_ID_PUBLISH-s-DAYS_REGISTRATION,4408.569858074188,365
1,f001_DAYS_ID_PUBLISH-s-DAYS_BIRTH-d-DAYS_LAST_PHONE_CHANGE-s-DAYS_EMPLOYED,4308.758974075317,313
1,f001_DAYS_ID_PUBLISH-s-DAYS_REGISTRATION-d-DAYS_LAST_PHONE_CHANGE-s-DAYS_ID_PUBLISH,2071.508623600006,177
1,f001_DAYS_ID_PUBLISH-s-DAYS_EMPLOYED-d-DAYS_ID_PUBLISH-s-DAYS_REGISTRATION,3082.9397377967834,279
1,f001_DAYS_ID_PUBLISH-s-DAYS_EMPLOYED-d-DAYS_LAST_PHONE_CHANGE-s-DAYS_ID_PUBLISH,3070.025568008423,270
1,f001_DAYS_ID_PUBLISH-s-DAYS_EMPLOYED-d-DAYS_LAST_PHONE_CHANGE-s-DAYS_EMPLOYED,4229.93444609642,374
1,f001_DAYS_LAST_PHONE_CHANGE-d-DAYS_EMPLOYED,6417.837899923325,530
1,f001_DAYS_ID_PUBLISH-s-DAYS_EMPLOYED-d-DAYS_LAST_PHONE_CHANGE-s-DAYS_REGISTRATION,5316.095223426819,430
1,f001_DAYS_LAST_PHONE_CHANGE-s-DAYS_BIRTH-d-DAYS_LAST_PHONE_CHANGE-s-DAYS_REGISTRATION,2036.1199264526367,174
1,f001_DAYS_LAST_PHONE_CHANGE-d-DAYS_REGISTRATION,7752.545976638794,588
1,f001_DAYS_LAST_PHONE_CHANGE-s-DAYS_BIRTH-d-DAYS_LAST_PHONE_CHANGE-s-DAYS_ID_PUBLISH,2139.522247314453,183
1,f001_DAYS_REGISTRATION-d-DAYS_BIRTH,5933.110955953598,423
1,f001_DAYS_LAST_PHONE_CHANGE-s-DAYS_BIRTH-d-DAYS_REGISTRATION-s-DAYS_EMPLOYED,2822.3001732826233,254
1,f001_DAYS_REGISTRATION-d-DAYS_EMPLOYED,7288.4944190979,498
1,f001_DAYS_LAST_PHONE_CHANGE-s-DAYS_BIRTH-d-DAYS_ID_PUBLISH-s-DAYS_REGISTRATION,4638.771001338959,410
1,f001_DAYS_LAST_PHONE_CHANGE-s-DAYS_BIRTH-d-DAYS_LAST_PHONE_CHANGE-s-DAYS_EMPLOYED,4743.802809715271,274
1,f001_DAYS_LAST_PHONE_CHANGE-s-DAYS_EMPLOYED-d-DAYS_LAST_PHONE_CHANGE-s-DAYS_ID_PUBLISH,3505.7805342674255,308
1,f001_DAYS_LAST_PHONE_CHANGE-d-DAYS_ID_PUBLISH,8533.342510938644,600
1,f001_DAYS_LAST_PHONE_CHANGE-s-DAYS_BIRTH-d-DAYS_ID_PUBLISH-s-DAYS_EMPLOYED,3507.9481291770935,308
1,f001_DAYS_LAST_PHONE_CHANGE-s-DAYS_REGISTRATION-d-DAYS_LAST_PHONE_CHANGE-s-DAYS_ID_PUBLISH,2193.7705607414246,204
1,f001_DAYS_LAST_PHONE_CHANGE-s-DAYS_EMPLOYED-d-DAYS_ID_PUBLISH-s-DAYS_REGISTRATION,4746.2018666267395,432
1,f001_DAYS_REGISTRATION-s-DAYS_EMPLOYED-d-DAYS_ID_PUBLISH-s-DAYS_EMPLOYED,4495.645774841309,414
1,f001_DAYS_REGISTRATION-s-DAYS_BIRTH-d-DAYS_LAST_PHONE_CHANGE-s-DAYS_EMPLOYED,5658.798371315002,425
1,f001_DAYS_REGISTRATION-s-DAYS_BIRTH-d-DAYS_LAST_PHONE_CHANGE-s-DAYS_BIRTH,2348.3100442886353,204
1,f001_DAYS_REGISTRATION-s-DAYS_BIRTH-d-DAYS_ID_PUBLISH-s-DAYS_EMPLOYED,4459.419214725494,379
1,f001_DAYS_REGISTRATION-s-DAYS_BIRTH-d-DAYS_LAST_PHONE_CHANGE-s-DAYS_REGISTRATION,2192.4711332321167,195
1,f001_DAYS_LAST_PHONE_CHANGE-s-DAYS_EMPLOYED-d-DAYS_LAST_PHONE_CHANGE-s-DAYS_REGISTRATION,2856.3761105537415,259
1,f001_DAYS_REGISTRATION-s-DAYS_BIRTH-d-DAYS_REGISTRATION-s-DAYS_EMPLOYED,2170.4655709266663,195
1,f001_DAYS_REGISTRATION-s-DAYS_EMPLOYED,5885.383340358734,417
1,f001_DAYS_REGISTRATION-s-DAYS_BIRTH-d-DAYS_ID_PUBLISH-s-DAYS_REGISTRATION,3221.1454586982727,284
1,f001_DAYS_REGISTRATION-s-DAYS_BIRTH-d-DAYS_ID_PUBLISH-s-DAYS_BIRTH,2309.5263924598694,206
1,f001_DAYS_REGISTRATION-s-DAYS_BIRTH-d-DAYS_LAST_PHONE_CHANGE-s-DAYS_ID_PUBLISH,4381.265337705612,375
1,f001_EMERGENCYSTATE_MODE,104.31011009216309,12
1,f001_FLAG_DOCUMENT_15,0.0,0
1,f001_ENTRANCES_MEDI,1561.0523934364319,107
1,f001_FLAG_CONT_MOBILE,0.0,0
1,f001_FLAG_DOCUMENT_14,16.17947006225586,2
1,f001_DAYS_REGISTRATION-s-DAYS_EMPLOYED-d-DAYS_LAST_PHONE_CHANGE-s-DAYS_ID_PUBLISH,3994.3073687553406,355
1,f001_DAYS_REGISTRATION-s-DAYS_EMPLOYED-d-DAYS_ID_PUBLISH-s-DAYS_REGISTRATION,3095.133515357971,281
1,f001_ENTRANCES_AVG,3157.2238273620605,203
1,f001_DAYS_REGISTRATION-s-DAYS_EMPLOYED-d-DAYS_LAST_PHONE_CHANGE-s-DAYS_EMPLOYED,3909.412031173706,342
1,f001_ENTRANCES_MODE,1569.472659111023,119
1,f001_DAYS_REGISTRATION-s-DAYS_EMPLOYED-d-DAYS_LAST_PHONE_CHANGE-s-DAYS_REGISTRATION,3020.3486828804016,264
1,f001_EXT_SOURCES_1-3,12114.808845043182,874
1,f001_FLAG_DOCUMENT_17,0.0,0
1,f001_FLAG_DOCUMENT_4,0.0,0
1,f001_FLAG_DOCUMENT_11,99.86570072174072,12
1,f001_FLAG_DOCUMENT_19,0.0,0
1,f001_FLAG_DOCUMENT_16,42.400721073150635,4
1,f001_FLAG_DOCUMENT_13,72.0241904258728,9
1,f001_FLAG_DOCUMENT_18,6.98061990737915,1
1,f001_FLAG_DOCUMENT_21,0.0,0
1,f001_FLAG_DOCUMENT_20,0.0,0
1,f001_FLAG_DOCUMENT_9,0.0,0
1,f001_FLAG_DOCUMENT_7,0.0,0
1,f001_FLAG_DOCUMENT_5,27.260900020599365,3
1,f001_FLAG_EMAIL,158.72531938552856,18
1,f001_FLAG_DOCUMENT_8,1206.1707582473755,89
1,f001_LIVE_REGION_NOT_WORK_REGION,135.22356033325195,12
1,f001_FLAG_OWN_CAR,4342.4357213974,210
1,f001_FLAG_OWN_REALTY,429.51878690719604,40
1,f001_LIVINGAPARTMENTS_MEDI,1792.3293776512146,161
1,f001_NONLIVINGAPARTMENTS_MODE,654.5094614028931,67
1,f001_LANDAREA_AVG,2531.621814250946,230
1,f001_LANDAREA_MODE,2803.340603351593,266
1,f001_LIVINGAPARTMENTS_MODE,2298.762049674988,199
1,f001_LIVINGAPARTMENTS_AVG,1974.0711960792542,165
1,f001_LANDAREA_MEDI,2178.4844431877136,204
1,f001_OBS_30_CNT_SOCIAL_CIRCLE,2311.3377346992493,208
1,f001_OBS_60_CNT_SOCIAL_CIRCLE,2248.848906517029,193
1,f001_NONLIVINGAREA_MEDI,2247.366599082947,202
1,f001_NONLIVINGAPARTMENTS_AVG,949.3392786979675,95
1,f001_NONLIVINGAPARTMENTS_MEDI,560.6054887771606,57
1,f001_REG_REGION_NOT_WORK_REGION,151.66683959960938,17
1,f001_REG_REGION_NOT_LIVE_REGION,50.55734968185425,5
1,f001_YEARS_BUILD_AVG,1234.8885669708252,120
1,f001_NONLIVINGAREA_MODE,2206.3391127586365,205
1,f001_NONLIVINGAREA_AVG,2262.2036776542664,204
1,f001_YEARS_BEGINEXPLUATATION_MEDI,4305.800650596619,257
1,f001_alllives_sum,1005.8154630661011,93
1,f001_alldocs_sum,6408.349173069,260
1,f001_YEARS_BEGINEXPLUATATION_MODE,3485.1803040504456,248
1,f001_YEARS_BEGINEXPLUATATION_AVG,3449.186822414398,253
1,f001_alldocs_mean,2185.6184692382812,83
1,f001_YEARS_BUILD_MEDI,1005.2458443641663,93
1,f001_cnt_adults,218.66174221038818,19
1,f001_YEARS_BUILD_MODE,1663.7001061439514,165
1,f002_NAME_TYPE_SUITE,986.1291799545288,99
1,f001_building_score_mode_std,4268.210912704468,361
1,f001_building_score_avg_std,2757.67609500885,240
1,f001_building_score_medi_std,2754.822299003601,235
1,f002_WEEKDAY_APPR_PROCESS_START,2680.8272218704224,266
1,f102_active_AMT_ANNUITY_d_app_AMT_ANNUITY_diff_max_div_min,0.0,0
1,f002_OCCUPATION_TYPE,36011.484150886536,1521
1,f102_active_AMT_ANNUITY_d_app_AMT_ANNUITY_diff_min,475.81392002105713,45
1,f002_NAME_FAMILY_STATUS,4719.459761142731,213
1,f102_active_AMT_ANNUITY_d_app_AMT_ANNUITY_diff_mean,298.15933990478516,28
1,f102_active_AMT_ANNUITY_d_app_AMT_ANNUITY_pctchange_mean,287.02018117904663,29
1,f102_active_AMT_ANNUITY_d_app_AMT_ANNUITY_diff_std_div_mean,78.68505954742432,10
1,f102_active_AMT_ANNUITY_d_app_AMT_ANNUITY_diff_max,447.6003122329712,42
1,f102_active_AMT_ANNUITY_d_app_AMT_ANNUITY_pctchange_std_div_mean,94.35823917388916,12
1,f102_active_AMT_ANNUITY_d_app_AMT_CREDIT_diff_std_div_mean,0.0,0
1,f102_active_AMT_ANNUITY_d_app_AMT_ANNUITY_std,207.23375034332275,23
1,f102_active_AMT_ANNUITY_d_app_AMT_ANNUITY_max_div_min,63.497209548950195,7
1,f102_active_AMT_ANNUITY_d_app_AMT_ANNUITY_pctchange_min,718.2388203144073,70
1,f102_active_AMT_ANNUITY_d_app_AMT_ANNUITY_std_div_mean,329.4790482521057,36
1,f102_active_AMT_ANNUITY_d_app_AMT_ANNUITY_pctchange_max,533.5938010215759,49
1,f102_active_AMT_ANNUITY_d_app_AMT_ANNUITY_pctchange_max_div_min,0.0,0
1,f102_active_AMT_ANNUITY_d_app_AMT_CREDIT_diff_max_div_min,9.42671012878418,1
1,f102_active_AMT_ANNUITY_d_app_AMT_CREDIT_diff_min,212.04874801635742,21
1,f102_active_AMT_ANNUITY_d_app_AMT_CREDIT_diff_mean,176.09939813613892,15
1,f102_active_AMT_ANNUITY_d_app_AMT_CREDIT_diff_max,227.60378122329712,23
1,f102_active_AMT_ANNUITY_d_app_AMT_CREDIT_pctchange_std_div_mean,19.388330459594727,2
1,f102_active_AMT_ANNUITY_d_app_AMT_CREDIT_pctchange_max_div_min,4.043710231781006,1
1,f102_active_AMT_ANNUITY_d_app_AMT_GOODS_PRICE_diff_std,67.63024997711182,7
1,f102_active_AMT_ANNUITY_d_app_AMT_GOODS_PRICE_diff_std_div_mean,43.425869941711426,5
1,f102_active_AMT_ANNUITY_d_app_AMT_CREDIT_pctchange_mean,205.7323899269104,19
1,f102_active_AMT_ANNUITY_d_app_AMT_CREDIT_pctchange_max,116.73550987243652,11
1,f102_active_AMT_ANNUITY_d_app_AMT_CREDIT_pctchange_min,208.68612146377563,21
1,f102_active_AMT_ANNUITY_d_app_AMT_GOODS_PRICE_diff_max_div_min,19.39666986465454,2
1,f102_active_AMT_ANNUITY_d_app_AMT_CREDIT_max_div_min,27.074860095977783,3
1,f102_active_AMT_ANNUITY_d_app_AMT_CREDIT_std_div_mean,99.67852020263672,8
1,f102_active_AMT_ANNUITY_d_app_AMT_GOODS_PRICE_diff_max,337.901575088501,28
1,f102_active_AMT_ANNUITY_d_app_AMT_GOODS_PRICE_diff_mean,166.50297021865845,17
1,f102_active_AMT_ANNUITY_d_app_AMT_GOODS_PRICE_pctchange_std_div_mean,48.346980571746826,6
1,f102_active_AMT_ANNUITY_d_app_AMT_GOODS_PRICE_std_div_mean,111.75695085525513,12
1,f102_active_AMT_ANNUITY_d_app_AMT_GOODS_PRICE_diff_min,213.9668312072754,21
1,f102_active_AMT_ANNUITY_d_app_AMT_GOODS_PRICE_pctchange_max_div_min,0.0,0
1,f102_active_AMT_ANNUITY_d_app_AMT_GOODS_PRICE_pctchange_max,185.7385492324829,18
1,f102_active_AMT_ANNUITY_d_app_AMT_INCOME_TOTAL_diff_max,370.80930042266846,34
1,f102_active_AMT_ANNUITY_d_app_AMT_GOODS_PRICE_max_div_min,106.42592859268188,9
1,f102_active_AMT_ANNUITY_d_app_AMT_GOODS_PRICE_pctchange_mean,150.0497899055481,13
1,f102_active_AMT_ANNUITY_d_app_AMT_INCOME_TOTAL_diff_std_div_mean,0.0,0
1,f102_active_AMT_ANNUITY_d_app_AMT_GOODS_PRICE_pctchange_min,177.49378061294556,19
1,f102_active_AMT_ANNUITY_d_app_AMT_GOODS_PRICE_min,1942.9729070663452,184
1,f102_active_AMT_ANNUITY_d_app_AMT_INCOME_TOTAL_diff_min,241.15189838409424,23
1,f102_active_AMT_ANNUITY_d_app_AMT_INCOME_TOTAL_pctchange_std_div_mean,0.0,0
1,f102_active_AMT_ANNUITY_d_app_AMT_INCOME_TOTAL_max_div_min,49.46632957458496,4
1,f102_active_AMT_ANNUITY_d_app_AMT_INCOME_TOTAL_diff_mean,115.32922029495239,11
1,f102_active_AMT_ANNUITY_d_app_AMT_INCOME_TOTAL_diff_max_div_min,0.0,0
1,f102_active_AMT_ANNUITY_d_app_AMT_INCOME_TOTAL_std,100.72397994995117,10
1,f102_active_AMT_ANNUITY_m_app_AMT_GOODS_PRICE_d_app_AMT_INCOME_TOTAL_diff_max_div_min,0.0,0
1,f102_active_AMT_ANNUITY_d_app_AMT_INCOME_TOTAL_std_div_mean,26.048080444335938,3
1,f102_active_AMT_ANNUITY_d_app_AMT_INCOME_TOTAL_pctchange_max,14.273599624633789,1
1,f102_active_AMT_ANNUITY_d_app_AMT_INCOME_TOTAL_pctchange_max_div_min,0.0,0
1,f102_active_AMT_ANNUITY_d_app_AMT_INCOME_TOTAL_pctchange_min,83.2966103553772,7
1,f102_active_AMT_ANNUITY_m_app_AMT_GOODS_PRICE_d_app_AMT_INCOME_TOTAL_diff_max,189.2628026008606,17
1,f102_active_AMT_ANNUITY_d_app_AMT_INCOME_TOTAL_pctchange_mean,27.374698638916016,2
1,f102_active_AMT_ANNUITY_m_app_AMT_GOODS_PRICE_d_app_AMT_INCOME_TOTAL_diff_std_div_mean,0.0,0
1,f102_active_AMT_ANNUITY_m_app_AMT_GOODS_PRICE_d_app_AMT_INCOME_TOTAL_min,1065.213674068451,95
1,f102_active_AMT_ANNUITY_m_app_AMT_GOODS_PRICE_d_app_AMT_INCOME_TOTAL_diff_mean,109.99210119247437,9
1,f102_active_AMT_ANNUITY_m_app_AMT_GOODS_PRICE_d_app_AMT_INCOME_TOTAL_pctchange_max_div_min,9.227109909057617,1
1,f102_active_AMT_ANNUITY_m_app_AMT_GOODS_PRICE_d_app_AMT_INCOME_TOTAL_pctchange_mean,153.17887926101685,15
1,f102_active_AMT_ANNUITY_m_app_AMT_GOODS_PRICE_d_app_AMT_INCOME_TOTAL_max,1006.1412348747253,94
1,f102_active_AMT_ANNUITY_m_app_AMT_GOODS_PRICE_d_app_AMT_INCOME_TOTAL_pctchange_max,221.10501146316528,20
1,f102_active_AMT_ANNUITY_m_app_AMT_GOODS_PRICE_d_app_AMT_INCOME_TOTAL_mean,1206.5002570152283,108
1,f102_active_AMT_ANNUITY_m_app_AMT_GOODS_PRICE_d_app_AMT_INCOME_TOTAL_max_div_min,22.089259147644043,2
1,f102_active_AMT_ANNUITY_m_app_AMT_GOODS_PRICE_d_app_AMT_INCOME_TOTAL_pctchange_std,42.781941413879395,5
1,f102_active_AMT_ANNUITY_m_app_AMT_GOODS_PRICE_d_app_AMT_INCOME_TOTAL_diff_min,185.59049034118652,19
1,f102_active_AMT_ANNUITY_s_app_AMT_ANNUITY_d_app_AMT_INCOME_TOTAL_diff_max,67.88966941833496,7
1,f102_active_AMT_ANNUITY_m_app_AMT_GOODS_PRICE_d_app_AMT_INCOME_TOTAL_std,39.32546091079712,4
1,f102_active_AMT_ANNUITY_s_app_AMT_ANNUITY_d_app_AMT_INCOME_TOTAL_diff_mean,61.278629779815674,6
1,f102_active_AMT_ANNUITY_m_app_AMT_GOODS_PRICE_d_app_AMT_INCOME_TOTAL_pctchange_min,292.6002697944641,27
1,f102_active_AMT_ANNUITY_s_app_AMT_ANNUITY_d_app_AMT_INCOME_TOTAL_pctchange_max,856.2327609062195,83
1,f102_active_AMT_ANNUITY_s_app_AMT_ANNUITY_d_app_AMT_INCOME_TOTAL_diff_std_div_mean,0.0,0
1,f102_active_AMT_ANNUITY_s_app_AMT_ANNUITY_d_app_AMT_INCOME_TOTAL_diff_max_div_min,0.0,0
1,f102_active_AMT_ANNUITY_max_div_min,86.03207063674927,10
1,f102_active_AMT_ANNUITY_s_app_AMT_ANNUITY_d_app_AMT_INCOME_TOTAL_diff_min,32.60881996154785,3
1,f102_active_AMT_ANNUITY_s_app_AMT_ANNUITY_d_app_AMT_INCOME_TOTAL_pctchange_std_div_mean,90.81870889663696,9
1,f102_active_AMT_ANNUITY_s_app_AMT_ANNUITY_d_app_AMT_INCOME_TOTAL_max_div_min,72.17747020721436,6
1,f102_active_AMT_ANNUITY_s_app_AMT_ANNUITY_d_app_AMT_INCOME_TOTAL_std_div_mean,269.4136390686035,28
1,f102_active_AMT_ANNUITY_s_app_AMT_ANNUITY_d_app_AMT_INCOME_TOTAL_std,0.0,0
1,f102_active_AMT_ANNUITY_s_app_AMT_ANNUITY_d_app_AMT_INCOME_TOTAL_pctchange_max_div_min,42.59711027145386,5
1,f102_active_AMT_ANNUITY_s_app_AMT_ANNUITY_d_app_AMT_INCOME_TOTAL_pctchange_min,907.5579233169556,82
1,f102_active_AMT_ANNUITY_s_app_AMT_ANNUITY_diff_std_div_mean,0.0,0
1,f102_active_AMT_ANNUITY_s_app_AMT_ANNUITY_d_app_AMT_INCOME_TOTAL_pctchange_mean,682.6615204811096,62
1,f102_active_AMT_ANNUITY_s_app_AMT_ANNUITY_diff_max,708.3762831687927,69
1,f102_active_AMT_ANNUITY_s_app_AMT_ANNUITY_diff_mean,309.1246929168701,33
1,f102_active_AMT_ANNUITY_s_app_AMT_ANNUITY_pctchange_max_div_min,9.428370475769043,1
1,f102_active_AMT_ANNUITY_s_app_AMT_ANNUITY_pctchange_max,333.784019947052,28
1,f102_active_AMT_ANNUITY_s_app_AMT_ANNUITY_pctchange_std_div_mean,27.625319480895996,3
1,f102_active_AMT_ANNUITY_s_app_AMT_ANNUITY_diff_max_div_min,0.0,0
1,f102_active_AMT_ANNUITY_s_app_AMT_CREDIT_d_app_AMT_INCOME_TOTAL_diff_max,72.7843689918518,7
1,f102_active_AMT_ANNUITY_s_app_AMT_CREDIT_d_app_AMT_INCOME_TOTAL_diff_max_div_min,0.0,0
1,f102_active_AMT_ANNUITY_s_app_AMT_ANNUITY_std_div_mean,51.088950634002686,5
1,f102_active_AMT_ANNUITY_s_app_AMT_ANNUITY_pctchange_mean,208.8350911140442,20
1,f102_active_AMT_ANNUITY_s_app_AMT_CREDIT_d_app_AMT_INCOME_TOTAL_diff_min,0.0,0
1,f102_active_AMT_ANNUITY_s_app_AMT_ANNUITY_max_div_min,65.11125087738037,6
1,f102_active_AMT_ANNUITY_s_app_AMT_ANNUITY_diff_min,304.8845896720886,29
1,f102_active_AMT_ANNUITY_s_app_AMT_CREDIT_d_app_AMT_INCOME_TOTAL_pctchange_mean,149.13726043701172,16
1,f102_active_AMT_ANNUITY_s_app_AMT_CREDIT_d_app_AMT_INCOME_TOTAL_diff_mean,17.660869598388672,2
1,f102_active_AMT_ANNUITY_s_app_AMT_ANNUITY_pctchange_min,315.9820785522461,27
1,f102_active_AMT_ANNUITY_s_app_AMT_CREDIT_d_app_AMT_INCOME_TOTAL_diff_std_div_mean,0.0,0
1,f102_active_AMT_ANNUITY_s_app_AMT_CREDIT_d_app_AMT_INCOME_TOTAL_pctchange_max_div_min,11.286399841308594,1
1,f102_active_AMT_ANNUITY_s_app_AMT_CREDIT_d_app_AMT_INCOME_TOTAL_max,1313.546028137207,122
1,f102_active_AMT_ANNUITY_s_app_AMT_CREDIT_d_app_AMT_INCOME_TOTAL_max_div_min,43.96913957595825,5
1,f102_active_AMT_ANNUITY_s_app_AMT_CREDIT_d_app_AMT_INCOME_TOTAL_pctchange_min,219.47425889968872,22
1,f102_active_AMT_ANNUITY_s_app_AMT_CREDIT_d_app_AMT_INCOME_TOTAL_pctchange_max,135.58349990844727,13
1,f102_active_AMT_ANNUITY_s_app_AMT_CREDIT_diff_max,233.30307960510254,20
1,f102_active_AMT_ANNUITY_s_app_AMT_CREDIT_diff_mean,92.89108943939209,9
1,f102_active_AMT_ANNUITY_s_app_AMT_CREDIT_d_app_AMT_INCOME_TOTAL_std,6.4995598793029785,1
1,f102_active_AMT_ANNUITY_s_app_AMT_CREDIT_pctchange_max_div_min,0.0,0
1,f102_active_AMT_ANNUITY_s_app_AMT_CREDIT_max_div_min,58.937739849090576,8
1,f102_active_AMT_ANNUITY_s_app_AMT_CREDIT_diff_min,95.98187971115112,9
1,f102_active_AMT_ANNUITY_s_app_AMT_CREDIT_d_app_AMT_INCOME_TOTAL_min,877.2522807121277,87
1,f102_active_AMT_ANNUITY_s_app_AMT_CREDIT_pctchange_mean,34.84507942199707,4
1,f102_active_AMT_ANNUITY_s_app_AMT_CREDIT_pctchange_max,51.45145034790039,6
1,f102_active_AMT_ANNUITY_s_app_AMT_CREDIT_pctchange_min,0.0,0
1,f102_active_AMT_ANNUITY_s_app_AMT_CREDIT_diff_max_div_min,0.0,0
1,f102_active_AMT_ANNUITY_s_app_AMT_CREDIT_d_app_AMT_INCOME_TOTAL_mean,712.7217621803284,71
1,f102_active_AMT_ANNUITY_s_app_AMT_CREDIT_diff_std_div_mean,0.0,0
1,f102_active_AMT_ANNUITY_s_app_AMT_GOODS_PRICE_diff_min,190.79407024383545,20
1,f102_active_AMT_ANNUITY_s_app_AMT_GOODS_PRICE_diff_std_div_mean,0.0,0
1,f102_active_AMT_ANNUITY_s_app_AMT_GOODS_PRICE_max_div_min,76.66266965866089,7
1,f102_active_AMT_ANNUITY_s_app_AMT_GOODS_PRICE_diff_max,364.62486934661865,36
1,f102_active_AMT_ANNUITY_s_app_AMT_GOODS_PRICE_diff_max_div_min,8.132490158081055,1
1,f102_active_AMT_ANNUITY_s_app_AMT_GOODS_PRICE_diff_mean,142.6630506515503,14
1,f102_active_AMT_ANNUITY_s_app_AMT_INCOME_TOTAL_diff_max,58.37337112426758,5
1,f102_active_AMT_ANNUITY_s_app_AMT_GOODS_PRICE_pctchange_std,0.0,0
1,f102_active_AMT_ANNUITY_s_app_AMT_GOODS_PRICE_pctchange_max_div_min,0.0,0
1,f102_active_AMT_ANNUITY_s_app_AMT_GOODS_PRICE_pctchange_max,53.80123996734619,5
1,f102_active_AMT_ANNUITY_s_app_AMT_GOODS_PRICE_pctchange_min,60.01643133163452,6
1,f102_active_AMT_ANNUITY_s_app_AMT_INCOME_TOTAL_diff_mean,30.461059093475342,3
1,f102_active_AMT_ANNUITY_s_app_AMT_INCOME_TOTAL_diff_std_div_mean,0.0,0
1,f102_active_AMT_ANNUITY_s_app_AMT_INCOME_TOTAL_diff_min,35.067320823669434,3
1,f102_active_AMT_ANNUITY_s_app_AMT_GOODS_PRICE_pctchange_mean,69.37704038619995,7
1,f102_active_AMT_ANNUITY_s_app_AMT_INCOME_TOTAL_diff_max_div_min,0.0,0
1,f102_active_AMT_ANNUITY_s_app_AMT_INCOME_TOTAL_max_div_min,21.581860065460205,3
1,f102_active_AMT_ANNUITY_s_app_AMT_INCOME_TOTAL_pctchange_std,77.10233068466187,9
1,f102_active_AMT_ANNUITY_s_app_AMT_INCOME_TOTAL_pctchange_mean,292.7408194541931,27
1,f102_active_AMT_ANNUITY_s_app_AMT_INCOME_TOTAL_pctchange_max,399.0030779838562,35
1,f102_active_AMT_ANNUITY_std_div_mean,0.0,0
1,f102_active_AMT_ANNUITY_s_app_AMT_INCOME_TOTAL_std_div_mean,157.2656488418579,16
1,f102_active_AMT_ANNUITY_s_app_AMT_INCOME_TOTAL_pctchange_min,460.15100049972534,43
1,f102_active_AMT_APPLICATION_d_app_AMT_ANNUITY_diff_std_div_mean,10.58549976348877,1
1,f102_active_AMT_APPLICATION_d_app_AMT_ANNUITY_diff_max,338.5240502357483,33
1,f102_active_AMT_ANNUITY_s_app_AMT_INCOME_TOTAL_pctchange_max_div_min,5.2052001953125,1
1,f102_active_AMT_APPLICATION_d_app_AMT_ANNUITY_mean,1334.2766876220703,102
1,f102_active_AMT_APPLICATION_d_app_AMT_ANNUITY_diff_mean,369.4421076774597,34
1,f102_active_AMT_APPLICATION_d_app_AMT_ANNUITY_diff_std,46.57356023788452,5
1,f102_active_AMT_APPLICATION_d_app_AMT_ANNUITY_max_div_min,20.959659576416016,2
1,f102_active_AMT_APPLICATION_d_app_AMT_ANNUITY_pctchange_max,339.990779876709,32
1,f102_active_AMT_APPLICATION_d_app_AMT_ANNUITY_pctchange_std_div_mean,44.276939868927,5
1,f102_active_AMT_APPLICATION_d_app_AMT_ANNUITY_min,1673.3739686012268,139
1,f102_active_AMT_APPLICATION_d_app_AMT_ANNUITY_diff_min,261.5717673301697,26
1,f102_active_AMT_APPLICATION_d_app_AMT_ANNUITY_pctchange_std,66.31977987289429,9
1,f102_active_AMT_APPLICATION_d_app_AMT_ANNUITY_diff_max_div_min,11.859999656677246,1
1,f102_active_AMT_APPLICATION_d_app_AMT_ANNUITY_max,1795.5438494682312,134
1,f102_active_AMT_APPLICATION_d_app_AMT_CREDIT_diff_max_div_min,6.94582986831665,1
1,f102_active_AMT_APPLICATION_d_app_AMT_ANNUITY_std,126.13866996765137,12
1,f102_active_AMT_APPLICATION_d_app_AMT_ANNUITY_pctchange_min,461.90454292297363,43
1,f102_active_AMT_APPLICATION_d_app_AMT_CREDIT_diff_mean,208.1185998916626,20
1,f102_active_AMT_APPLICATION_d_app_AMT_CREDIT_diff_std,48.739089488983154,5
1,f102_active_AMT_APPLICATION_d_app_AMT_ANNUITY_pctchange_mean,177.91704034805298,19
1,f102_active_AMT_APPLICATION_d_app_AMT_CREDIT_diff_std_div_mean,15.853300094604492,2
1,f102_active_AMT_APPLICATION_d_app_AMT_CREDIT_diff_max,315.9083914756775,31
1,f102_active_AMT_APPLICATION_d_app_AMT_CREDIT_pctchange_max,138.2773094177246,12
1,f102_active_AMT_APPLICATION_d_app_AMT_CREDIT_diff_min,208.9665789604187,20
1,f102_active_AMT_APPLICATION_d_app_AMT_CREDIT_pctchange_mean,97.56967115402222,10
1,f102_active_AMT_APPLICATION_d_app_AMT_CREDIT_max_div_min,0.0,0
1,f102_active_AMT_APPLICATION_d_app_AMT_ANNUITY_pctchange_max_div_min,0.0,0
1,f102_active_AMT_APPLICATION_d_app_AMT_CREDIT_pctchange_std,25.83612060546875,3
1,f102_active_AMT_APPLICATION_d_app_AMT_CREDIT_max,1285.8737483024597,110
1,f102_active_AMT_APPLICATION_d_app_AMT_GOODS_PRICE_diff_std,58.91667985916138,7
1,f102_active_AMT_APPLICATION_d_app_AMT_CREDIT_pctchange_max_div_min,0.0,0
1,f102_active_AMT_APPLICATION_d_app_AMT_CREDIT_min,1112.932536125183,99
1,f102_active_AMT_APPLICATION_d_app_AMT_CREDIT_mean,919.7821202278137,83
1,f102_active_AMT_APPLICATION_d_app_AMT_CREDIT_pctchange_min,165.08141946792603,16
1,f102_active_AMT_APPLICATION_d_app_AMT_CREDIT_std,141.34452104568481,14
1,f102_active_AMT_APPLICATION_d_app_AMT_CREDIT_pctchange_std_div_mean,8.802769660949707,1
1,f102_active_AMT_APPLICATION_d_app_AMT_GOODS_PRICE_diff_min,511.5038194656372,45
1,f102_active_AMT_APPLICATION_d_app_AMT_GOODS_PRICE_diff_max,298.2745261192322,27
1,f102_active_AMT_APPLICATION_d_app_AMT_GOODS_PRICE_diff_max_div_min,0.0,0
1,f102_active_AMT_APPLICATION_d_app_AMT_GOODS_PRICE_pctchange_max_div_min,0.0,0
1,f102_active_AMT_APPLICATION_d_app_AMT_GOODS_PRICE_pctchange_max,88.40143060684204,8
1,f102_active_AMT_APPLICATION_d_app_AMT_GOODS_PRICE_pctchange_std,8.945469856262207,1
1,f102_active_AMT_APPLICATION_d_app_AMT_GOODS_PRICE_diff_mean,237.59284925460815,23
1,f102_active_AMT_APPLICATION_d_app_AMT_GOODS_PRICE_max,703.3671827316284,62
1,f102_active_AMT_APPLICATION_d_app_AMT_GOODS_PRICE_diff_std_div_mean,6.248770236968994,1
1,f102_active_AMT_APPLICATION_d_app_AMT_GOODS_PRICE_pctchange_min,130.7430191040039,14
1,f102_active_AMT_APPLICATION_d_app_AMT_GOODS_PRICE_max_div_min,36.5113000869751,3
1,f102_active_AMT_APPLICATION_d_app_AMT_GOODS_PRICE_pctchange_mean,37.49469995498657,4
1,f102_active_AMT_APPLICATION_d_app_AMT_GOODS_PRICE_min,843.7390446662903,78
1,f102_active_AMT_APPLICATION_d_app_AMT_GOODS_PRICE_mean,665.0370383262634,56
1,f102_active_AMT_APPLICATION_d_app_AMT_INCOME_TOTAL_diff_std_div_mean,0.0,0
1,f102_active_AMT_APPLICATION_d_app_AMT_GOODS_PRICE_std,101.21234035491943,8
1,f102_active_AMT_APPLICATION_d_app_AMT_GOODS_PRICE_pctchange_std_div_mean,0.0,0
1,f102_active_AMT_APPLICATION_d_app_AMT_INCOME_TOTAL_diff_max_div_min,0.0,0
1,f102_active_AMT_APPLICATION_d_app_AMT_INCOME_TOTAL_diff_min,265.61053800582886,25
1,f102_active_AMT_APPLICATION_d_app_AMT_INCOME_TOTAL_diff_mean,276.13138222694397,29
1,f102_active_AMT_APPLICATION_d_app_AMT_INCOME_TOTAL_pctchange_min,18.35798978805542,2
1,f102_active_AMT_APPLICATION_d_app_AMT_INCOME_TOTAL_diff_max,246.67828941345215,23
1,f102_active_AMT_APPLICATION_d_app_AMT_INCOME_TOTAL_max,1598.6025071144104,143
1,f102_active_AMT_APPLICATION_d_app_AMT_INCOME_TOTAL_pctchange_std,8.845049858093262,1
1,f102_active_AMT_APPLICATION_d_app_AMT_INCOME_TOTAL_pctchange_std_div_mean,0.0,0
1,f102_active_AMT_APPLICATION_d_app_AMT_INCOME_TOTAL_max_div_min,8.688409805297852,1
1,f102_active_AMT_APPLICATION_d_app_AMT_INCOME_TOTAL_std,27.53180980682373,3
1,f102_active_AMT_APPLICATION_d_app_AMT_INCOME_TOTAL_pctchange_max_div_min,0.0,0
1,f102_active_AMT_APPLICATION_d_app_AMT_INCOME_TOTAL_min,1411.6472744941711,117
1,f102_active_AMT_APPLICATION_d_app_AMT_INCOME_TOTAL_pctchange_max,20.850500106811523,1
1,f102_active_AMT_APPLICATION_d_app_AMT_INCOME_TOTAL_pctchange_mean,0.0,0
1,f102_active_AMT_APPLICATION_m_app_AMT_GOODS_PRICE_d_app_AMT_INCOME_TOTAL_diff_std_div_mean,0.0,0
1,f102_active_AMT_APPLICATION_d_app_AMT_INCOME_TOTAL_mean,1227.6083393096924,103
1,f102_active_AMT_APPLICATION_m_app_AMT_GOODS_PRICE_d_app_AMT_INCOME_TOTAL_max_div_min,122.20325040817261,14
1,f102_active_AMT_APPLICATION_m_app_AMT_GOODS_PRICE_d_app_AMT_INCOME_TOTAL_diff_max,195.66056060791016,17
1,f102_active_AMT_APPLICATION_m_app_AMT_GOODS_PRICE_d_app_AMT_INCOME_TOTAL_diff_mean,205.5763692855835,22
1,f102_active_AMT_APPLICATION_m_app_AMT_GOODS_PRICE_d_app_AMT_INCOME_TOTAL_diff_max_div_min,0.0,0
1,f102_active_AMT_APPLICATION_m_app_AMT_GOODS_PRICE_d_app_AMT_INCOME_TOTAL_mean,808.5868616104126,73
1,f102_active_AMT_APPLICATION_m_app_AMT_GOODS_PRICE_d_app_AMT_INCOME_TOTAL_diff_min,119.72708892822266,12
1,f102_active_AMT_APPLICATION_m_app_AMT_GOODS_PRICE_d_app_AMT_INCOME_TOTAL_pctchange_std,10.809800148010254,1
1,f102_active_AMT_APPLICATION_m_app_AMT_GOODS_PRICE_d_app_AMT_INCOME_TOTAL_pctchange_std_div_mean,33.36886930465698,4
1,f102_active_AMT_APPLICATION_m_app_AMT_GOODS_PRICE_d_app_AMT_INCOME_TOTAL_std_div_mean,187.31473064422607,16
1,f102_active_AMT_APPLICATION_m_app_AMT_GOODS_PRICE_d_app_AMT_INCOME_TOTAL_max,735.2435326576233,67
1,f102_active_AMT_APPLICATION_m_app_AMT_GOODS_PRICE_d_app_AMT_INCOME_TOTAL_pctchange_min,610.7385597229004,56
1,f102_active_AMT_APPLICATION_m_app_AMT_GOODS_PRICE_d_app_AMT_INCOME_TOTAL_pctchange_max,576.768486738205,57
1,f102_active_AMT_APPLICATION_m_app_AMT_GOODS_PRICE_d_app_AMT_INCOME_TOTAL_std,46.31269025802612,5
1,f102_active_AMT_APPLICATION_m_app_AMT_GOODS_PRICE_d_app_AMT_INCOME_TOTAL_pctchange_max_div_min,31.06283950805664,3
1,f102_active_AMT_APPLICATION_m_app_AMT_GOODS_PRICE_d_app_AMT_INCOME_TOTAL_pctchange_mean,571.2636919021606,53
1,f102_active_AMT_APPLICATION_m_app_AMT_GOODS_PRICE_d_app_AMT_INCOME_TOTAL_min,838.9614839553833,80
1,f102_active_AMT_APPLICATION_s_app_AMT_ANNUITY_d_app_AMT_INCOME_TOTAL_diff_min,88.36049938201904,7
1,f102_active_AMT_APPLICATION_s_app_AMT_ANNUITY_d_app_AMT_INCOME_TOTAL_pctchange_std_div_mean,130.98162984848022,15
1,f102_active_AMT_APPLICATION_s_app_AMT_ANNUITY_d_app_AMT_INCOME_TOTAL_diff_max_div_min,0.0,0
1,f102_active_AMT_APPLICATION_s_app_AMT_ANNUITY_d_app_AMT_INCOME_TOTAL_diff_mean,64.97311067581177,7
1,f102_active_AMT_APPLICATION_s_app_AMT_ANNUITY_d_app_AMT_INCOME_TOTAL_diff_std_div_mean,0.0,0
1,f102_active_AMT_APPLICATION_s_app_AMT_ANNUITY_d_app_AMT_INCOME_TOTAL_std,9.15050983428955,1
1,f102_active_AMT_APPLICATION_max_div_min,10.673399925231934,1
1,f102_active_AMT_APPLICATION_s_app_AMT_ANNUITY_d_app_AMT_INCOME_TOTAL_diff_max,26.161259651184082,3
1,f102_active_AMT_APPLICATION_s_app_AMT_ANNUITY_d_app_AMT_INCOME_TOTAL_pctchange_std,50.916489601135254,6
1,f102_active_AMT_APPLICATION_s_app_AMT_ANNUITY_d_app_AMT_INCOME_TOTAL_pctchange_mean,653.4953918457031,66
1,f102_active_AMT_APPLICATION_s_app_AMT_ANNUITY_d_app_AMT_INCOME_TOTAL_min,1277.0261626243591,102
1,f102_active_AMT_APPLICATION_s_app_AMT_ANNUITY_d_app_AMT_INCOME_TOTAL_pctchange_max_div_min,120.93651962280273,14
1,f102_active_AMT_APPLICATION_s_app_AMT_ANNUITY_diff_max,339.13588857650757,31
1,f102_active_AMT_APPLICATION_s_app_AMT_ANNUITY_d_app_AMT_INCOME_TOTAL_pctchange_max,587.9582772254944,54
1,f102_active_AMT_APPLICATION_s_app_AMT_ANNUITY_diff_max_div_min,0.0,0
1,f102_active_AMT_APPLICATION_s_app_AMT_ANNUITY_d_app_AMT_INCOME_TOTAL_std_div_mean,174.06940937042236,17
1,f102_active_AMT_APPLICATION_s_app_AMT_ANNUITY_d_app_AMT_INCOME_TOTAL_pctchange_min,1025.2082290649414,94
1,f102_active_AMT_APPLICATION_s_app_AMT_ANNUITY_d_app_AMT_INCOME_TOTAL_mean,1127.3933877944946,90
1,f102_active_AMT_APPLICATION_s_app_AMT_ANNUITY_d_app_AMT_INCOME_TOTAL_max_div_min,180.07726001739502,16
1,f102_active_AMT_APPLICATION_s_app_AMT_ANNUITY_diff_std_div_mean,0.0,0
1,f102_active_AMT_APPLICATION_s_app_AMT_ANNUITY_max_div_min,116.8971996307373,11
1,f102_active_AMT_APPLICATION_s_app_AMT_ANNUITY_diff_mean,281.23013067245483,25
1,f102_active_AMT_APPLICATION_s_app_AMT_ANNUITY_pctchange_std_div_mean,48.375009059906006,6
1,f102_active_AMT_APPLICATION_s_app_AMT_ANNUITY_std_div_mean,22.423449993133545,3
1,f102_active_AMT_APPLICATION_s_app_AMT_ANNUITY_pctchange_std,26.42745018005371,3
1,f102_active_AMT_APPLICATION_s_app_AMT_ANNUITY_diff_min,391.0948829650879,33
1,f102_active_AMT_APPLICATION_s_app_AMT_ANNUITY_std,242.98491954803467,27
1,f102_active_AMT_APPLICATION_s_app_AMT_CREDIT_d_app_AMT_INCOME_TOTAL_diff_max,16.983400344848633,1
1,f102_active_AMT_APPLICATION_s_app_AMT_ANNUITY_pctchange_mean,222.36576080322266,21
1,f102_active_AMT_APPLICATION_s_app_AMT_ANNUITY_pctchange_min,274.5518593788147,22
1,f102_active_AMT_APPLICATION_s_app_AMT_ANNUITY_pctchange_max_div_min,31.132360458374023,4
1,f102_active_AMT_APPLICATION_s_app_AMT_ANNUITY_pctchange_max,211.04115962982178,18
1,f102_active_AMT_APPLICATION_s_app_AMT_CREDIT_d_app_AMT_INCOME_TOTAL_diff_std_div_mean,0.0,0
1,f102_active_AMT_APPLICATION_s_app_AMT_CREDIT_d_app_AMT_INCOME_TOTAL_diff_max_div_min,0.0,0
1,f102_active_AMT_APPLICATION_s_app_AMT_CREDIT_d_app_AMT_INCOME_TOTAL_max_div_min,29.32068109512329,3
1,f102_active_AMT_APPLICATION_s_app_AMT_CREDIT_d_app_AMT_INCOME_TOTAL_pctchange_std_div_mean,76.76688051223755,9
1,f102_active_AMT_APPLICATION_s_app_AMT_CREDIT_d_app_AMT_INCOME_TOTAL_diff_min,55.69972038269043,5
1,f102_active_AMT_APPLICATION_s_app_AMT_CREDIT_d_app_AMT_INCOME_TOTAL_diff_mean,50.12360954284668,4
1,f102_active_AMT_APPLICATION_s_app_AMT_CREDIT_d_app_AMT_INCOME_TOTAL_std_div_mean,207.14256858825684,25
1,f102_active_AMT_APPLICATION_s_app_AMT_CREDIT_d_app_AMT_INCOME_TOTAL_max,969.2402987480164,90
1,f102_active_AMT_APPLICATION_s_app_AMT_CREDIT_d_app_AMT_INCOME_TOTAL_pctchange_std,58.737619400024414,7
1,f102_active_AMT_APPLICATION_s_app_AMT_CREDIT_d_app_AMT_INCOME_TOTAL_mean,1065.5679244995117,91
1,f102_active_AMT_APPLICATION_s_app_AMT_CREDIT_diff_max_div_min,0.0,0
1,f102_active_AMT_APPLICATION_s_app_AMT_CREDIT_d_app_AMT_INCOME_TOTAL_min,1146.2588572502136,98
1,f102_active_AMT_APPLICATION_s_app_AMT_CREDIT_diff_max,176.02516841888428,15
1,f102_active_AMT_APPLICATION_s_app_AMT_CREDIT_d_app_AMT_INCOME_TOTAL_std,10.107399940490723,1
1,f102_active_AMT_APPLICATION_s_app_AMT_CREDIT_d_app_AMT_INCOME_TOTAL_pctchange_max_div_min,40.30800008773804,4
1,f102_active_AMT_APPLICATION_s_app_AMT_CREDIT_diff_mean,38.87979030609131,4
1,f102_active_AMT_APPLICATION_s_app_AMT_CREDIT_diff_std_div_mean,0.0,0
1,f102_active_AMT_APPLICATION_s_app_AMT_CREDIT_pctchange_max_div_min,0.0,0
1,f102_active_AMT_APPLICATION_s_app_AMT_CREDIT_diff_min,209.24240255355835,18
1,f102_active_AMT_APPLICATION_s_app_AMT_CREDIT_min,847.2603516578674,72
1,f102_active_AMT_APPLICATION_s_app_AMT_CREDIT_max_div_min,45.56541919708252,4
1,f102_active_AMT_APPLICATION_s_app_AMT_CREDIT_mean,713.3283004760742,68
1,f102_active_AMT_APPLICATION_s_app_AMT_CREDIT_pctchange_std_div_mean,7.5241899490356445,1
1,f102_active_AMT_APPLICATION_s_app_AMT_CREDIT_max,895.0592494010925,82
1,f102_active_AMT_APPLICATION_s_app_AMT_GOODS_PRICE_diff_max_div_min,9.53969955444336,1
1,f102_active_AMT_APPLICATION_s_app_AMT_CREDIT_pctchange_std,29.66438055038452,4
1,f102_active_AMT_APPLICATION_s_app_AMT_CREDIT_std_div_mean,64.8315601348877,7
1,f102_active_AMT_APPLICATION_s_app_AMT_CREDIT_std,46.98337936401367,6
1,f102_active_AMT_APPLICATION_s_app_AMT_GOODS_PRICE_diff_mean,33.61726951599121,4
1,f102_active_AMT_APPLICATION_s_app_AMT_GOODS_PRICE_diff_max,157.7863302230835,13
1,f102_active_AMT_APPLICATION_s_app_AMT_GOODS_PRICE_diff_min,159.83566093444824,15
1,f102_active_AMT_APPLICATION_s_app_AMT_GOODS_PRICE_pctchange_std,5.839230060577393,1
1,f102_active_AMT_APPLICATION_s_app_AMT_GOODS_PRICE_pctchange_mean,134.06489849090576,12
1,f102_active_AMT_APPLICATION_s_app_AMT_GOODS_PRICE_pctchange_max_div_min,0.0,0
1,f102_active_AMT_APPLICATION_s_app_AMT_GOODS_PRICE_diff_std_div_mean,0.0,0
1,f102_active_AMT_APPLICATION_s_app_AMT_GOODS_PRICE_min,1547.4134984016418,130
1,f102_active_AMT_APPLICATION_s_app_AMT_GOODS_PRICE_pctchange_max,343.8696813583374,36
1,f102_active_AMT_APPLICATION_s_app_AMT_GOODS_PRICE_std,63.11738967895508,6
1,f102_active_AMT_APPLICATION_s_app_AMT_GOODS_PRICE_pctchange_std_div_mean,7.17080020904541,1
1,f102_active_AMT_APPLICATION_s_app_AMT_GOODS_PRICE_max,1107.924213886261,98
1,f102_active_AMT_APPLICATION_s_app_AMT_GOODS_PRICE_max_div_min,179.0656509399414,18
1,f102_active_AMT_APPLICATION_s_app_AMT_GOODS_PRICE_mean,1050.6813688278198,92
1,f102_active_AMT_APPLICATION_s_app_AMT_GOODS_PRICE_pctchange_min,242.39356064796448,25
1,f102_active_AMT_APPLICATION_s_app_AMT_INCOME_TOTAL_diff_min,12.396100044250488,1
1,f102_active_AMT_APPLICATION_s_app_AMT_GOODS_PRICE_std_div_mean,76.4018201828003,9
1,f102_active_AMT_APPLICATION_s_app_AMT_INCOME_TOTAL_diff_std_div_mean,0.0,0
1,f102_active_AMT_APPLICATION_s_app_AMT_INCOME_TOTAL_diff_mean,41.361799240112305,2
1,f102_active_AMT_APPLICATION_s_app_AMT_INCOME_TOTAL_diff_max,23.092249870300293,2
1,f102_active_AMT_APPLICATION_s_app_AMT_INCOME_TOTAL_pctchange_std_div_mean,41.85917043685913,5
1,f102_active_AMT_APPLICATION_s_app_AMT_INCOME_TOTAL_std,9.000579833984375,1
1,f102_active_AMT_APPLICATION_s_app_AMT_INCOME_TOTAL_diff_max_div_min,0.0,0
1,f102_active_AMT_APPLICATION_s_app_AMT_INCOME_TOTAL_pctchange_std,125.86678123474121,15
1,f102_active_AMT_APPLICATION_s_app_AMT_INCOME_TOTAL_pctchange_max_div_min,36.76541996002197,4
1,f102_active_AMT_APPLICATION_s_app_AMT_INCOME_TOTAL_max_div_min,428.09684133529663,38
1,f102_active_AMT_APPLICATION_std,21.01838970184326,2
1,f102_active_AMT_CREDIT_d_AMT_ANNUITY_diff_min,778.5667448043823,72
1,f102_active_AMT_CREDIT_d_AMT_ANNUITY_diff_std,66.88774013519287,8
1,f102_active_AMT_APPLICATION_s_app_AMT_INCOME_TOTAL_std_div_mean,433.0292730331421,43
1,f102_active_AMT_CREDIT_d_AMT_ANNUITY_diff_mean,730.4833970069885,68
1,f102_active_AMT_CREDIT_d_AMT_ANNUITY_max,3704.2047367095947,299
1,f102_active_AMT_CREDIT_d_AMT_ANNUITY_pctchange_std,92.57172012329102,11
1,f102_active_AMT_CREDIT_d_AMT_ANNUITY_pctchange_std_div_mean,97.21842050552368,12
1,f102_active_AMT_CREDIT_d_AMT_ANNUITY_std,155.34574937820435,15
1,f102_active_AMT_CREDIT_d_AMT_ANNUITY_pctchange_min,880.5791783332825,85
1,f102_active_AMT_CREDIT_d_AMT_ANNUITY_diff_max,1011.2698106765747,106
1,f102_active_AMT_CREDIT_d_AMT_ANNUITY_diff_max_div_min,0.0,0
1,f102_active_AMT_CREDIT_d_AMT_ANNUITY_pctchange_max_div_min,35.5622501373291,3
1,f102_active_AMT_CREDIT_d_AMT_ANNUITY_pctchange_mean,953.621001958847,94
1,f102_active_AMT_CREDIT_d_AMT_ANNUITY_mean,3356.7025094032288,272
1,f102_active_AMT_CREDIT_d_AMT_ANNUITY_min,4116.000717639923,344
1,f102_active_AMT_CREDIT_d_AMT_ANNUITY_max_div_min,44.67142915725708,6
1,f102_active_AMT_CREDIT_d_AMT_ANNUITY_pctchange_max,940.7818093299866,94
1,f102_active_AMT_CREDIT_d_AMT_APPLICATION_diff_std_div_mean,76.1239709854126,10
1,f102_active_AMT_CREDIT_d_AMT_ANNUITY_std_div_mean,226.00513172149658,25
1,f102_active_AMT_CREDIT_d_AMT_APPLICATION_diff_mean,1098.7458238601685,97
1,f102_active_AMT_CREDIT_d_AMT_APPLICATION_diff_max,1767.5309085845947,151
1,f102_active_AMT_CREDIT_d_AMT_APPLICATION_max_div_min,138.3324089050293,14
1,f102_active_AMT_CREDIT_d_AMT_APPLICATION_diff_min,1265.4651260375977,109
1,f102_active_AMT_CREDIT_d_AMT_APPLICATION_diff_max_div_min,44.29014015197754,3
1,f102_active_AMT_CREDIT_d_AMT_APPLICATION_pctchange_std,72.06183862686157,9
1,f102_active_AMT_CREDIT_d_AMT_APPLICATION_pctchange_std_div_mean,58.492011070251465,5
1,f102_active_AMT_CREDIT_d_AMT_APPLICATION_std_div_mean,202.3726887702942,19
1,f102_active_AMT_CREDIT_d_AMT_APPLICATION_pctchange_max_div_min,54.3553409576416,4
1,f102_active_AMT_CREDIT_d_AMT_APPLICATION_std,233.17610931396484,25
2,f102_active_AMT_CREDIT_d_app_AMT_ANNUITY_diff_std,79.08960056304932,15
2,f102_active_AMT_CREDIT_d_app_AMT_ANNUITY_max_div_min,52.82299995422363,9
2,f102_active_AMT_CREDIT_d_app_AMT_ANNUITY_diff_max,862.3934409618378,118
2,f102_active_AMT_CREDIT_d_AMT_APPLICATION_pctchange_max,1721.3109322190285,230
2,f102_active_AMT_CREDIT_d_app_AMT_ANNUITY_diff_max_div_min,39.28876972198486,6
2,f102_active_AMT_CREDIT_d_app_AMT_ANNUITY_max,2104.9265038967133,269
2,f102_active_AMT_CREDIT_d_AMT_APPLICATION_pctchange_min,1609.8233506679535,210
2,f102_active_AMT_CREDIT_d_app_AMT_ANNUITY_diff_mean,743.1208398342133,104
2,f102_active_AMT_CREDIT_d_AMT_APPLICATION_pctchange_mean,1092.4015889167786,147
2,f102_active_AMT_CREDIT_d_app_AMT_ANNUITY_diff_std_div_mean,59.66421937942505,8
2,f102_active_AMT_CREDIT_d_app_AMT_ANNUITY_diff_min,849.0851502418518,114
2,f102_active_AMT_CREDIT_d_app_AMT_ANNUITY_mean,2258.9976867437363,272
2,f102_active_AMT_CREDIT_d_app_AMT_ANNUITY_min,2488.694888830185,313
2,f102_active_AMT_CREDIT_d_app_AMT_ANNUITY_std_div_mean,216.33267998695374,34
2,f102_active_AMT_CREDIT_d_app_AMT_ANNUITY_pctchange_max,774.5743374824524,110
2,f102_active_AMT_CREDIT_d_app_AMT_ANNUITY_pctchange_std_div_mean,39.07694959640503,6
2,f102_active_AMT_CREDIT_d_app_AMT_ANNUITY_pctchange_mean,549.2268302440643,77
2,f102_active_AMT_CREDIT_d_app_AMT_ANNUITY_pctchange_std,38.59622001647949,7
2,f102_active_AMT_CREDIT_d_app_AMT_ANNUITY_pctchange_max_div_min,26.46112036705017,5
2,f102_active_AMT_CREDIT_d_app_AMT_ANNUITY_std,237.6090898513794,36
2,f102_active_AMT_CREDIT_d_app_AMT_CREDIT_diff_max_div_min,9.910210132598877,2
2,f102_active_AMT_CREDIT_d_app_AMT_ANNUITY_pctchange_min,728.5563821792603,94
2,f102_active_AMT_CREDIT_d_app_AMT_CREDIT_diff_max,673.9057078361511,89
2,f102_active_AMT_CREDIT_d_app_AMT_CREDIT_diff_mean,516.3184707164764,73
2,f102_active_AMT_CREDIT_d_app_AMT_CREDIT_diff_std_div_mean,46.32336950302124,6
2,f102_active_AMT_CREDIT_d_app_AMT_CREDIT_diff_std,54.39103937149048,8
2,f102_active_AMT_CREDIT_d_app_AMT_CREDIT_pctchange_max_div_min,16.41381025314331,3
2,f102_active_AMT_CREDIT_d_app_AMT_CREDIT_diff_min,568.0997593402863,84
2,f102_active_AMT_CREDIT_d_app_AMT_CREDIT_pctchange_max,197.24401879310608,27
2,f102_active_AMT_CREDIT_d_app_AMT_CREDIT_pctchange_std_div_mean,0.0,0
2,f102_active_AMT_CREDIT_d_app_AMT_CREDIT_pctchange_mean,259.6459786891937,31
2,f102_active_AMT_CREDIT_d_app_AMT_CREDIT_max_div_min,84.16158080101013,11
2,f102_active_AMT_CREDIT_d_app_AMT_CREDIT_min,1365.8067371845245,177
2,f102_active_AMT_CREDIT_d_app_AMT_CREDIT_mean,976.0460603237152,126
2,f102_active_AMT_CREDIT_d_app_AMT_CREDIT_max,1265.9058256149292,166
2,f102_active_AMT_CREDIT_d_app_AMT_CREDIT_std,227.55213046073914,34
2,f102_active_AMT_CREDIT_d_app_AMT_GOODS_PRICE_diff_mean,717.3300676345825,89
2,f102_active_AMT_CREDIT_d_app_AMT_CREDIT_std_div_mean,63.042699575424194,10
2,f102_active_AMT_CREDIT_d_app_AMT_GOODS_PRICE_diff_std,64.131920337677,10
2,f102_active_AMT_CREDIT_d_app_AMT_CREDIT_pctchange_min,252.71054911613464,36
2,f102_active_AMT_CREDIT_d_app_AMT_GOODS_PRICE_diff_max_div_min,0.0,0
2,f102_active_AMT_CREDIT_d_app_AMT_GOODS_PRICE_pctchange_std,37.19770050048828,6
2,f102_active_AMT_CREDIT_d_app_AMT_CREDIT_pctchange_std,4.288569927215576,1
2,f102_active_AMT_CREDIT_d_app_AMT_GOODS_PRICE_diff_min,642.1318106651306,86
2,f102_active_AMT_CREDIT_d_app_AMT_GOODS_PRICE_max,2412.948168128729,268
2,f102_active_AMT_CREDIT_d_app_AMT_GOODS_PRICE_diff_max,827.9289615154266,108
2,f102_active_AMT_CREDIT_d_app_AMT_GOODS_PRICE_min,2925.8951914310455,334
2,f102_active_AMT_CREDIT_d_app_AMT_GOODS_PRICE_pctchange_max,300.7126118540764,44
2,f102_active_AMT_CREDIT_d_app_AMT_GOODS_PRICE_pctchange_std_div_mean,21.63150978088379,4
2,f102_active_AMT_CREDIT_d_app_AMT_GOODS_PRICE_pctchange_mean,257.0486521720886,36
2,f102_active_AMT_CREDIT_d_app_AMT_GOODS_PRICE_diff_std_div_mean,30.632610321044922,5
2,f102_active_AMT_CREDIT_d_app_AMT_GOODS_PRICE_std,164.46443915367126,27
2,f102_active_AMT_CREDIT_d_app_AMT_GOODS_PRICE_pctchange_max_div_min,6.83519983291626,1
2,f102_active_AMT_CREDIT_d_app_AMT_GOODS_PRICE_std_div_mean,85.68902969360352,13
2,f102_active_AMT_CREDIT_d_app_AMT_GOODS_PRICE_max_div_min,58.99648070335388,10
2,f102_active_AMT_CREDIT_d_app_AMT_INCOME_TOTAL_diff_std_div_mean,6.534890174865723,1
2,f102_active_AMT_CREDIT_d_app_AMT_GOODS_PRICE_pctchange_min,534.3025323152542,71
2,f102_active_AMT_CREDIT_d_app_AMT_GOODS_PRICE_mean,1938.1341679096222,219
2,f102_active_AMT_CREDIT_d_app_AMT_INCOME_TOTAL_diff_max,678.4787819385529,92
2,f102_active_AMT_CREDIT_d_app_AMT_INCOME_TOTAL_diff_mean,538.6894788742065,72
2,f102_active_AMT_CREDIT_d_app_AMT_INCOME_TOTAL_pctchange_std_div_mean,0.0,0
2,f102_active_AMT_CREDIT_d_app_AMT_INCOME_TOTAL_pctchange_std,4.696959972381592,1
2,f102_active_AMT_CREDIT_d_app_AMT_INCOME_TOTAL_max,2062.001289129257,282
2,f102_active_AMT_CREDIT_d_app_AMT_INCOME_TOTAL_diff_min,618.3003211021423,86
2,f102_active_AMT_CREDIT_d_app_AMT_INCOME_TOTAL_max_div_min,56.103700160980225,8
2,f102_active_AMT_CREDIT_d_app_AMT_INCOME_TOTAL_pctchange_max_div_min,0.0,0
2,f102_active_AMT_CREDIT_d_app_AMT_INCOME_TOTAL_std,258.5503902435303,41
2,f102_active_AMT_CREDIT_d_app_AMT_INCOME_TOTAL_min,2585.3631348609924,339
2,f102_active_AMT_CREDIT_d_app_AMT_INCOME_TOTAL_diff_max_div_min,0.0,0
2,f102_active_AMT_CREDIT_d_app_AMT_INCOME_TOTAL_pctchange_max,63.89889979362488,9
2,f102_active_AMT_CREDIT_d_app_AMT_INCOME_TOTAL_mean,2173.1182057857513,276
2,f102_active_AMT_CREDIT_d_app_AMT_INCOME_TOTAL_pctchange_mean,66.420250415802,8
2,f102_active_AMT_CREDIT_d_total_debt_pctchange_max_div_min,63.32662057876587,9
2,f102_active_AMT_CREDIT_d_total_debt_diff_max,2891.839641571045,393
2,f102_active_AMT_CREDIT_d_total_debt_pctchange_min,3781.744788169861,455
2,f102_active_AMT_CREDIT_d_app_AMT_INCOME_TOTAL_std_div_mean,15.621079921722412,3
2,f102_active_AMT_CREDIT_d_app_AMT_INCOME_TOTAL_pctchange_min,83.44401979446411,12
2,f102_active_AMT_CREDIT_d_total_debt_diff_max_div_min,59.810930252075195,8
2,f102_active_AMT_CREDIT_m_app_AMT_GOODS_PRICE_d_app_AMT_INCOME_TOTAL_diff_max,421.57742059230804,54
2,f102_active_AMT_CREDIT_d_total_debt_max_div_min,453.5687186717987,62
2,f102_active_AMT_CREDIT_d_total_debt_pctchange_mean,3054.162997484207,367
2,f102_active_AMT_CREDIT_d_total_debt_pctchange_max,2795.5526287555695,348
2,f102_active_AMT_CREDIT_m_app_AMT_GOODS_PRICE_d_app_AMT_INCOME_TOTAL_diff_std_div_mean,9.684799671173096,2
2,f102_active_AMT_CREDIT_m_app_AMT_GOODS_PRICE_d_app_AMT_INCOME_TOTAL_diff_min,355.95477867126465,49
2,f102_active_AMT_CREDIT_m_app_AMT_GOODS_PRICE_d_app_AMT_INCOME_TOTAL_pctchange_max,1340.40465259552,177
2,f102_active_AMT_CREDIT_m_app_AMT_GOODS_PRICE_d_app_AMT_INCOME_TOTAL_pctchange_std_div_mean,86.93399000167847,12
2,f102_active_AMT_CREDIT_m_app_AMT_GOODS_PRICE_d_app_AMT_INCOME_TOTAL_std_div_mean,351.7297213077545,53
2,f102_active_AMT_CREDIT_m_app_AMT_GOODS_PRICE_d_app_AMT_INCOME_TOTAL_diff_mean,383.63793992996216,57
2,f102_active_AMT_CREDIT_m_app_AMT_GOODS_PRICE_d_app_AMT_INCOME_TOTAL_max,1976.3854736089706,266
2,f102_active_AMT_CREDIT_m_app_AMT_GOODS_PRICE_d_app_AMT_INCOME_TOTAL_diff_max_div_min,0.0,0
2,f102_active_AMT_CREDIT_m_app_AMT_GOODS_PRICE_d_app_AMT_INCOME_TOTAL_max_div_min,99.58704996109009,14
2,f102_active_AMT_CREDIT_m_app_AMT_GOODS_PRICE_d_app_AMT_INCOME_TOTAL_mean,1763.3933787345886,233
2,f102_active_AMT_CREDIT_m_app_AMT_GOODS_PRICE_d_app_AMT_INCOME_TOTAL_min,2433.0533335208893,322
2,f102_active_AMT_CREDIT_m_app_AMT_GOODS_PRICE_d_app_AMT_INCOME_TOTAL_pctchange_std,98.16220927238464,16
2,f102_active_AMT_CREDIT_m_app_AMT_GOODS_PRICE_d_app_AMT_INCOME_TOTAL_pctchange_max_div_min,23.64191961288452,3
2,f102_active_AMT_CREDIT_m_app_AMT_GOODS_PRICE_d_app_AMT_INCOME_TOTAL_std,182.38902187347412,28
2,f102_active_AMT_CREDIT_max_div_min,79.00065994262695,12
2,f102_active_AMT_CREDIT_m_app_AMT_GOODS_PRICE_d_app_AMT_INCOME_TOTAL_pctchange_min,1696.6081895828247,236
2,f102_active_AMT_CREDIT_m_app_AMT_GOODS_PRICE_d_app_AMT_INCOME_TOTAL_pctchange_mean,1174.84206032753,161
2,f102_active_AMT_CREDIT_s_app_AMT_ANNUITY_d_app_AMT_INCOME_TOTAL_diff_max_div_min,0.0,0
2,f102_active_AMT_CREDIT_s_app_AMT_ANNUITY_d_app_AMT_INCOME_TOTAL_diff_std_div_mean,0.0,0
2,f102_active_AMT_CREDIT_s_app_AMT_ANNUITY_d_app_AMT_INCOME_TOTAL_max,1728.9000381231308,236
2,f102_active_AMT_CREDIT_s_app_AMT_ANNUITY_d_app_AMT_INCOME_TOTAL_diff_min,197.27038168907166,28
2,f102_active_AMT_CREDIT_s_app_AMT_ANNUITY_d_app_AMT_INCOME_TOTAL_max_div_min,92.99343872070312,16
2,f102_active_AMT_CREDIT_s_app_AMT_ANNUITY_d_app_AMT_INCOME_TOTAL_mean,1535.111072421074,209
2,f102_active_AMT_CREDIT_s_app_AMT_ANNUITY_d_app_AMT_INCOME_TOTAL_diff_mean,107.40056991577148,16
2,f102_active_AMT_CREDIT_s_app_AMT_ANNUITY_d_app_AMT_INCOME_TOTAL_std_div_mean,325.4174118041992,47
2,f102_active_AMT_CREDIT_s_app_AMT_ANNUITY_d_app_AMT_INCOME_TOTAL_diff_max,158.53593015670776,22
2,f102_active_AMT_CREDIT_s_app_AMT_ANNUITY_d_app_AMT_INCOME_TOTAL_pctchange_std,100.19654083251953,15
2,f102_active_AMT_CREDIT_s_app_AMT_ANNUITY_d_app_AMT_INCOME_TOTAL_pctchange_std_div_mean,58.184340953826904,9
2,f102_active_AMT_CREDIT_s_app_AMT_ANNUITY_d_app_AMT_INCOME_TOTAL_min,1918.2564630508423,253
2,f102_active_AMT_CREDIT_s_app_AMT_ANNUITY_d_app_AMT_INCOME_TOTAL_std,64.10215044021606,11
2,f102_active_AMT_CREDIT_s_app_AMT_ANNUITY_d_app_AMT_INCOME_TOTAL_pctchange_mean,1233.9864693880081,161
2,f102_active_AMT_CREDIT_s_app_AMT_ANNUITY_diff_max,1266.1296348571777,157
2,f102_active_AMT_CREDIT_s_app_AMT_ANNUITY_d_app_AMT_INCOME_TOTAL_pctchange_max_div_min,62.565810680389404,7
2,f102_active_AMT_CREDIT_s_app_AMT_ANNUITY_d_app_AMT_INCOME_TOTAL_pctchange_max,988.0316820144653,141
2,f102_active_AMT_CREDIT_s_app_AMT_ANNUITY_d_app_AMT_INCOME_TOTAL_pctchange_min,1515.1235282421112,205
2,f102_active_AMT_CREDIT_s_app_AMT_ANNUITY_diff_std_div_mean,0.0,0
2,f102_active_AMT_CREDIT_s_app_AMT_ANNUITY_diff_mean,719.965681552887,88
2,f102_active_AMT_CREDIT_s_app_AMT_ANNUITY_diff_max_div_min,0.0,0
2,f102_active_AMT_CREDIT_s_app_AMT_ANNUITY_pctchange_max,324.2709810733795,40
2,f102_active_AMT_CREDIT_s_app_AMT_ANNUITY_diff_min,615.004388332367,84
2,f102_active_AMT_CREDIT_s_app_AMT_ANNUITY_pctchange_std_div_mean,31.70488977432251,5
2,f102_active_AMT_CREDIT_s_app_AMT_ANNUITY_pctchange_std,52.75805044174194,6
2,f102_active_AMT_CREDIT_s_app_AMT_ANNUITY_max_div_min,94.31929087638855,17
2,f102_active_AMT_CREDIT_s_app_AMT_ANNUITY_std,511.0556297302246,77
2,f102_active_AMT_CREDIT_s_app_AMT_ANNUITY_pctchange_max_div_min,17.437079906463623,2
2,f102_active_AMT_CREDIT_s_app_AMT_ANNUITY_pctchange_min,326.7875910997391,50
2,f102_active_AMT_CREDIT_s_app_AMT_CREDIT_d_app_AMT_INCOME_TOTAL_diff_max_div_min,0.0,0
2,f102_active_AMT_CREDIT_s_app_AMT_ANNUITY_std_div_mean,107.73075103759766,17
2,f102_active_AMT_CREDIT_s_app_AMT_CREDIT_d_app_AMT_INCOME_TOTAL_diff_max,79.96903896331787,9
2,f102_active_AMT_CREDIT_s_app_AMT_CREDIT_d_app_AMT_INCOME_TOTAL_diff_std_div_mean,0.0,0
2,f102_active_AMT_CREDIT_s_app_AMT_ANNUITY_pctchange_mean,250.74855935573578,36
2,f102_active_AMT_CREDIT_s_app_AMT_CREDIT_d_app_AMT_INCOME_TOTAL_pctchange_max,1644.908171415329,243
2,f102_active_AMT_CREDIT_s_app_AMT_CREDIT_d_app_AMT_INCOME_TOTAL_diff_min,53.595240116119385,8
2,f102_active_AMT_CREDIT_s_app_AMT_CREDIT_d_app_AMT_INCOME_TOTAL_diff_mean,34.78658962249756,5
2,f102_active_AMT_CREDIT_s_app_AMT_CREDIT_d_app_AMT_INCOME_TOTAL_pctchange_max_div_min,25.674630165100098,4
2,f102_active_AMT_CREDIT_s_app_AMT_CREDIT_d_app_AMT_INCOME_TOTAL_mean,1578.1486914157867,198
2,f102_active_AMT_CREDIT_s_app_AMT_CREDIT_d_app_AMT_INCOME_TOTAL_pctchange_mean,1268.9592986106873,178
2,f102_active_AMT_CREDIT_s_app_AMT_CREDIT_d_app_AMT_INCOME_TOTAL_max,1851.8891034126282,227
2,f102_active_AMT_CREDIT_s_app_AMT_CREDIT_d_app_AMT_INCOME_TOTAL_max_div_min,201.19462203979492,28
2,f102_active_AMT_CREDIT_s_app_AMT_CREDIT_d_app_AMT_INCOME_TOTAL_std,10.887489795684814,2
2,f102_active_AMT_CREDIT_s_app_AMT_CREDIT_d_app_AMT_INCOME_TOTAL_min,2160.0233750343323,281
2,f102_active_AMT_CREDIT_s_app_AMT_CREDIT_d_app_AMT_INCOME_TOTAL_pctchange_std,77.84656000137329,14
2,f102_active_AMT_CREDIT_s_app_AMT_CREDIT_d_app_AMT_INCOME_TOTAL_pctchange_std_div_mean,73.08747959136963,11
2,f102_active_AMT_CREDIT_s_app_AMT_CREDIT_diff_min,183.1575584411621,21
2,f102_active_AMT_CREDIT_s_app_AMT_CREDIT_diff_max,286.908709526062,35
2,f102_active_AMT_CREDIT_s_app_AMT_CREDIT_d_app_AMT_INCOME_TOTAL_pctchange_min,1505.2566766738892,214
2,f102_active_AMT_CREDIT_s_app_AMT_CREDIT_diff_max_div_min,0.0,0
2,f102_active_AMT_CREDIT_s_app_AMT_CREDIT_diff_std_div_mean,0.0,0
2,f102_active_AMT_CREDIT_s_app_AMT_CREDIT_pctchange_std,30.63012981414795,5
2,f102_active_AMT_CREDIT_s_app_AMT_CREDIT_diff_mean,149.50350856781006,23
2,f102_active_AMT_CREDIT_s_app_AMT_CREDIT_d_app_AMT_INCOME_TOTAL_std_div_mean,280.0962302684784,42
2,f102_active_AMT_CREDIT_s_app_AMT_CREDIT_mean,1704.42316031456,210
2,f102_active_AMT_CREDIT_s_app_AMT_CREDIT_pctchange_min,512.7140698432922,75
2,f102_active_AMT_CREDIT_s_app_AMT_CREDIT_pctchange_max_div_min,0.0,0
2,f102_active_AMT_CREDIT_s_app_AMT_CREDIT_pctchange_max,522.1410403251648,73
2,f102_active_AMT_CREDIT_s_app_AMT_CREDIT_max_div_min,189.06543135643005,24
2,f102_active_AMT_CREDIT_s_app_AMT_CREDIT_pctchange_mean,432.9168190956116,59
2,f102_active_AMT_CREDIT_s_app_AMT_CREDIT_pctchange_std_div_mean,53.40013027191162,8
2,f102_active_AMT_CREDIT_s_app_AMT_CREDIT_max,1682.8524824380875,226
2,f102_active_AMT_CREDIT_s_app_AMT_CREDIT_std,180.87366795539856,26
2,f102_active_AMT_CREDIT_s_app_AMT_GOODS_PRICE_diff_std_div_mean,0.0,0
2,f102_active_AMT_CREDIT_s_app_AMT_GOODS_PRICE_diff_min,430.64953875541687,59
2,f102_active_AMT_CREDIT_s_app_AMT_CREDIT_min,2071.711308836937,259
2,f102_active_AMT_CREDIT_s_app_AMT_GOODS_PRICE_max,3121.7148072719574,346
2,f102_active_AMT_CREDIT_s_app_AMT_GOODS_PRICE_diff_max,524.3311283588409,68
2,f102_active_AMT_CREDIT_s_app_AMT_GOODS_PRICE_diff_mean,323.78963804244995,49
2,f102_active_AMT_CREDIT_s_app_AMT_CREDIT_std_div_mean,92.35890007019043,14
2,f102_active_AMT_CREDIT_s_app_AMT_GOODS_PRICE_pctchange_std_div_mean,4.177830219268799,1
2,f102_active_AMT_CREDIT_s_app_AMT_GOODS_PRICE_diff_max_div_min,0.0,0
2,f102_active_AMT_CREDIT_s_app_AMT_GOODS_PRICE_pctchange_min,374.2569818496704,53
2,f102_active_AMT_CREDIT_s_app_AMT_GOODS_PRICE_pctchange_std,16.381380081176758,3
2,f102_active_AMT_CREDIT_s_app_AMT_GOODS_PRICE_std,126.8429799079895,18
2,f102_active_AMT_CREDIT_s_app_AMT_GOODS_PRICE_max_div_min,202.4133005142212,26
2,f102_active_AMT_CREDIT_s_app_AMT_GOODS_PRICE_pctchange_max,426.4270088672638,58
2,f102_active_AMT_CREDIT_s_app_AMT_GOODS_PRICE_pctchange_mean,338.6819386482239,48
2,f102_active_AMT_CREDIT_s_app_AMT_GOODS_PRICE_pctchange_max_div_min,5.3434600830078125,1
2,f102_active_AMT_CREDIT_s_app_AMT_INCOME_TOTAL_diff_std_div_mean,0.0,0
2,f102_active_AMT_CREDIT_s_app_AMT_INCOME_TOTAL_diff_min,18.711320161819458,3
2,f102_active_AMT_CREDIT_s_app_AMT_GOODS_PRICE_mean,3037.396801352501,319
2,f102_active_AMT_CREDIT_s_app_AMT_INCOME_TOTAL_diff_max_div_min,0.0,0
2,f102_active_AMT_CREDIT_s_app_AMT_GOODS_PRICE_std_div_mean,170.28946924209595,23
2,f102_active_AMT_CREDIT_s_app_AMT_GOODS_PRICE_min,3792.809266805649,408
2,f102_active_AMT_CREDIT_s_app_AMT_INCOME_TOTAL_diff_max,33.223469734191895,5
2,f102_active_AMT_CREDIT_s_app_AMT_INCOME_TOTAL_diff_mean,28.754769802093506,5
2,f102_active_AMT_CREDIT_s_app_AMT_INCOME_TOTAL_max_div_min,235.7452781200409,33
2,f102_active_AMT_CREDIT_s_app_AMT_INCOME_TOTAL_pctchange_std,171.0755100250244,27
2,f102_active_AMT_CREDIT_s_app_AMT_INCOME_TOTAL_std_div_mean,571.8562231063843,85
2,f102_active_AMT_CREDIT_s_app_AMT_INCOME_TOTAL_std,10.316750049591064,2
2,f102_active_AMT_CREDIT_s_app_AMT_INCOME_TOTAL_pctchange_max_div_min,78.27548050880432,13
2,f102_active_AMT_CREDIT_std,4.11113977432251,1
2,f102_active_AMT_CREDIT_s_app_AMT_INCOME_TOTAL_pctchange_mean,2592.042667388916,363
2,f102_active_AMT_DOWN_PAYMENT_d_AMT_GOODS_PRICE_max_div_min,222.04529905319214,27
2,f102_active_AMT_CREDIT_s_app_AMT_INCOME_TOTAL_pctchange_max,2868.3992331027985,409
2,f102_active_AMT_DOWN_PAYMENT_d_AMT_GOODS_PRICE_diff_max_div_min,377.06083941459656,45
2,f102_active_AMT_CREDIT_s_app_AMT_INCOME_TOTAL_pctchange_min,3248.4021117687225,454
2,f102_active_AMT_CREDIT_std_div_mean,21.407259941101074,4
2,f102_active_AMT_DOWN_PAYMENT_d_AMT_GOODS_PRICE_diff_mean,1207.723551273346,163
2,f102_active_AMT_DOWN_PAYMENT_d_AMT_GOODS_PRICE_diff_max,1360.7868366241455,172
2,f102_active_AMT_DOWN_PAYMENT_d_AMT_GOODS_PRICE_diff_min,1467.0282897949219,196
2,f102_active_AMT_DOWN_PAYMENT_d_AMT_GOODS_PRICE_pctchange_std_div_mean,0.0,0
2,f102_active_AMT_DOWN_PAYMENT_d_AMT_GOODS_PRICE_pctchange_std,0.0,0
2,f102_active_AMT_DOWN_PAYMENT_d_AMT_GOODS_PRICE_std,98.73235940933228,15
2,f102_active_AMT_GOODS_PRICE_d_AMT_ANNUITY_diff_std,149.89747953414917,20
2,f102_active_AMT_DOWN_PAYMENT_d_AMT_GOODS_PRICE_pctchange_mean,519.6407980918884,82
2,f102_active_AMT_DOWN_PAYMENT_d_AMT_GOODS_PRICE_pctchange_max_div_min,75.30250883102417,8
2,f102_active_AMT_GOODS_PRICE_d_AMT_ANNUITY_diff_max_div_min,52.13481020927429,9
2,f102_active_AMT_DOWN_PAYMENT_d_AMT_GOODS_PRICE_pctchange_min,416.5767488479614,61
2,f102_active_AMT_DOWN_PAYMENT_d_AMT_GOODS_PRICE_pctchange_max,254.3148603439331,41
2,f102_active_AMT_DOWN_PAYMENT_std,153.3403503894806,24
2,f102_active_AMT_GOODS_PRICE_d_AMT_ANNUITY_diff_max,2285.1745388507843,318
2,f102_active_AMT_GOODS_PRICE_d_AMT_ANNUITY_diff_mean,2361.7309803962708,320
2,f102_active_AMT_DOWN_PAYMENT_max_div_min,131.20663928985596,18
2,f102_active_AMT_GOODS_PRICE_d_AMT_ANNUITY_max,6074.696354866028,778
2,f102_active_AMT_GOODS_PRICE_d_AMT_ANNUITY_mean,5625.927183389664,699
2,f102_active_AMT_GOODS_PRICE_d_AMT_ANNUITY_diff_min,2489.56214261055,338
2,f102_active_AMT_GOODS_PRICE_d_AMT_ANNUITY_max_div_min,201.33339893817902,29
2,f102_active_AMT_GOODS_PRICE_d_AMT_ANNUITY_pctchange_mean,2220.0313651561737,314
2,f102_active_AMT_GOODS_PRICE_d_AMT_ANNUITY_pctchange_max,2354.420137643814,337
2,f102_active_AMT_GOODS_PRICE_d_AMT_ANNUITY_pctchange_std,88.07723093032837,15
2,f102_active_AMT_GOODS_PRICE_d_AMT_ANNUITY_min,6334.065677762032,803
2,f102_active_AMT_GOODS_PRICE_d_AMT_CREDIT_diff_std,81.3944001197815,12
2,f102_active_AMT_GOODS_PRICE_d_AMT_ANNUITY_pctchange_min,2427.653201162815,324
2,f102_active_AMT_GOODS_PRICE_d_AMT_ANNUITY_pctchange_std_div_mean,254.3672697544098,39
2,f102_active_AMT_GOODS_PRICE_d_AMT_ANNUITY_pctchange_max_div_min,44.47619009017944,6
2,f102_active_AMT_GOODS_PRICE_d_AMT_CREDIT_diff_std_div_mean,193.52141070365906,29
2,f102_active_AMT_GOODS_PRICE_d_AMT_ANNUITY_std_div_mean,626.3666596412659,98
2,f102_active_AMT_GOODS_PRICE_d_AMT_CREDIT_diff_max,1533.0895698070526,216
2,f102_active_AMT_GOODS_PRICE_d_AMT_CREDIT_pctchange_std_div_mean,124.85167837142944,17
2,f102_active_AMT_GOODS_PRICE_d_AMT_ANNUITY_std,406.0832009315491,58
2,f102_active_AMT_GOODS_PRICE_d_AMT_CREDIT_diff_min,1643.428371667862,225
2,f102_active_AMT_GOODS_PRICE_d_AMT_CREDIT_pctchange_std,141.89130020141602,20
2,f102_active_AMT_GOODS_PRICE_d_AMT_CREDIT_std,322.40493059158325,52
2,f102_active_AMT_GOODS_PRICE_d_AMT_CREDIT_diff_max_div_min,117.96125841140747,18
2,f102_active_AMT_GOODS_PRICE_d_AMT_CREDIT_diff_mean,1317.990662097931,187
2,f102_active_AMT_GOODS_PRICE_d_AMT_CREDIT_pctchange_min,1321.327358007431,161
2,f102_active_AMT_GOODS_PRICE_d_AMT_CREDIT_pctchange_max_div_min,115.51996874809265,18
2,f102_active_AMT_GOODS_PRICE_d_app_AMT_ANNUITY_diff_std,61.889739751815796,11
2,f102_active_AMT_GOODS_PRICE_d_AMT_CREDIT_max_div_min,304.7483594417572,39
2,f102_active_AMT_GOODS_PRICE_d_app_AMT_ANNUITY_diff_std_div_mean,50.72822952270508,8
2,f102_active_AMT_GOODS_PRICE_d_AMT_CREDIT_std_div_mean,459.1318194270134,74
2,f102_active_AMT_GOODS_PRICE_d_AMT_CREDIT_pctchange_mean,928.5735791921616,120
2,f102_active_AMT_GOODS_PRICE_d_app_AMT_ANNUITY_diff_max,1028.1451089382172,135
2,f102_active_AMT_GOODS_PRICE_d_AMT_CREDIT_pctchange_max,1020.5110521316528,141
2,f102_active_AMT_GOODS_PRICE_d_app_AMT_ANNUITY_diff_min,1011.8236086368561,144
2,f102_active_AMT_GOODS_PRICE_d_app_AMT_ANNUITY_diff_mean,879.2385501861572,118
2,f102_active_AMT_GOODS_PRICE_d_app_AMT_ANNUITY_diff_max_div_min,42.288989543914795,7
2,f102_active_AMT_GOODS_PRICE_d_app_AMT_ANNUITY_mean,3755.693823814392,412
2,f102_active_AMT_GOODS_PRICE_d_app_AMT_ANNUITY_max,4177.257966041565,453
2,f102_active_AMT_GOODS_PRICE_d_app_AMT_ANNUITY_std,273.1457185745239,42
2,f102_active_AMT_GOODS_PRICE_d_app_AMT_ANNUITY_pctchange_std_div_mean,62.10318946838379,10
2,f102_active_AMT_GOODS_PRICE_d_app_AMT_ANNUITY_pctchange_mean,576.269070982933,84
2,f102_active_AMT_GOODS_PRICE_d_app_AMT_ANNUITY_pctchange_std,46.6054801940918,8
2,f102_active_AMT_GOODS_PRICE_d_app_AMT_ANNUITY_max_div_min,43.149229526519775,6
2,f102_active_AMT_GOODS_PRICE_d_app_AMT_CREDIT_diff_max,646.211544752121,90
2,f102_active_AMT_GOODS_PRICE_d_app_AMT_ANNUITY_pctchange_min,797.1669678688049,111
2,f102_active_AMT_GOODS_PRICE_d_app_AMT_ANNUITY_pctchange_max_div_min,9.511770248413086,1
2,f102_active_AMT_GOODS_PRICE_d_app_AMT_CREDIT_diff_std,98.60873031616211,14
2,f102_active_AMT_GOODS_PRICE_d_app_AMT_ANNUITY_pctchange_max,562.4483079910278,79
2,f102_active_AMT_GOODS_PRICE_d_app_AMT_CREDIT_diff_std_div_mean,26.59232997894287,4
2,f102_active_AMT_GOODS_PRICE_d_app_AMT_ANNUITY_min,3727.903191268444,415
2,f102_active_AMT_GOODS_PRICE_d_app_AMT_CREDIT_diff_max_div_min,31.643709659576416,4
2,f102_active_AMT_GOODS_PRICE_d_app_AMT_CREDIT_diff_min,792.9823384284973,111
2,f102_active_AMT_GOODS_PRICE_d_app_AMT_CREDIT_pctchange_max,132.54922991991043,21
2,f102_active_AMT_GOODS_PRICE_d_app_AMT_CREDIT_pctchange_std_div_mean,16.10235023498535,2
2,f102_active_AMT_GOODS_PRICE_d_app_AMT_CREDIT_mean,2952.3763284683228,341
2,f102_active_AMT_GOODS_PRICE_d_app_AMT_CREDIT_max,2958.0554547309875,332
2,f102_active_AMT_GOODS_PRICE_d_app_AMT_CREDIT_pctchange_std,11.100359916687012,2
2,f102_active_AMT_GOODS_PRICE_d_app_AMT_CREDIT_max_div_min,0.0,0
2,f102_active_AMT_GOODS_PRICE_d_app_AMT_CREDIT_diff_mean,591.0066578388214,84
2,f102_active_AMT_GOODS_PRICE_d_app_AMT_CREDIT_pctchange_max_div_min,11.357640266418457,2
2,f102_active_AMT_GOODS_PRICE_d_app_AMT_CREDIT_std,347.9220595359802,51
2,f102_active_AMT_GOODS_PRICE_d_app_AMT_CREDIT_min,2835.06068611145,316
2,f102_active_AMT_GOODS_PRICE_d_app_AMT_GOODS_PRICE_diff_max_div_min,0.0,0
2,f102_active_AMT_GOODS_PRICE_d_app_AMT_GOODS_PRICE_diff_std_div_mean,18.25211000442505,3
2,f102_active_AMT_GOODS_PRICE_d_app_AMT_GOODS_PRICE_diff_max,595.1490013599396,77
2,f102_active_AMT_GOODS_PRICE_d_app_AMT_GOODS_PRICE_diff_mean,797.4302506446838,108
2,f102_active_AMT_GOODS_PRICE_d_app_AMT_CREDIT_pctchange_min,224.61272954940796,35
2,f102_active_AMT_GOODS_PRICE_d_app_AMT_GOODS_PRICE_diff_std,80.5459897518158,13
2,f102_active_AMT_GOODS_PRICE_d_app_AMT_CREDIT_pctchange_mean,222.60501956939697,27
2,f102_active_AMT_GOODS_PRICE_d_app_AMT_GOODS_PRICE_pctchange_max,227.19559109210968,36
2,f102_active_AMT_GOODS_PRICE_d_app_AMT_GOODS_PRICE_pctchange_max_div_min,0.0,0
2,f102_active_AMT_GOODS_PRICE_d_app_AMT_GOODS_PRICE_max,1554.5378503799438,196
2,f102_active_AMT_GOODS_PRICE_d_app_AMT_GOODS_PRICE_pctchange_mean,263.24241065979004,35
2,f102_active_AMT_GOODS_PRICE_d_app_AMT_GOODS_PRICE_max_div_min,74.52759981155396,12
2,f102_active_AMT_GOODS_PRICE_d_app_AMT_GOODS_PRICE_pctchange_std_div_mean,4.325039863586426,1
2,f102_active_AMT_GOODS_PRICE_d_app_AMT_GOODS_PRICE_std,125.27151894569397,22
2,f102_active_AMT_GOODS_PRICE_d_app_AMT_INCOME_TOTAL_diff_std,83.44082975387573,11
2,f102_active_AMT_GOODS_PRICE_d_app_AMT_GOODS_PRICE_pctchange_std,28.382530689239502,4
2,f102_active_AMT_GOODS_PRICE_d_app_AMT_INCOME_TOTAL_diff_max,656.9683876037598,90
2,f102_active_AMT_GOODS_PRICE_d_app_AMT_INCOME_TOTAL_diff_min,524.6494393348694,74
2,f102_active_AMT_GOODS_PRICE_d_app_AMT_GOODS_PRICE_min,2269.245168685913,283
2,f102_active_AMT_GOODS_PRICE_d_app_AMT_INCOME_TOTAL_diff_max_div_min,5.364940166473389,1
2,f102_active_AMT_GOODS_PRICE_d_app_AMT_GOODS_PRICE_diff_min,569.3813099861145,82
2,f102_active_AMT_GOODS_PRICE_d_app_AMT_GOODS_PRICE_mean,1500.490411400795,193
2,f102_active_AMT_GOODS_PRICE_d_app_AMT_GOODS_PRICE_pctchange_min,347.77061772346497,52
2,f102_active_AMT_GOODS_PRICE_d_app_AMT_INCOME_TOTAL_pctchange_std,6.865910053253174,1
2,f102_active_AMT_GOODS_PRICE_d_app_AMT_INCOME_TOTAL_max,2374.8503302931786,318
2,f102_active_AMT_GOODS_PRICE_d_app_AMT_INCOME_TOTAL_pctchange_min,46.244279861450195,7
2,f102_active_AMT_GOODS_PRICE_d_app_AMT_INCOME_TOTAL_pctchange_mean,12.80465030670166,2
2,f102_active_AMT_GOODS_PRICE_d_app_AMT_INCOME_TOTAL_mean,2264.2305669784546,296
2,f102_active_AMT_GOODS_PRICE_d_app_AMT_INCOME_TOTAL_diff_std_div_mean,0.0,0
2,f102_active_AMT_GOODS_PRICE_d_app_AMT_INCOME_TOTAL_pctchange_max,19.553279876708984,2
2,f102_active_AMT_GOODS_PRICE_d_app_AMT_INCOME_TOTAL_pctchange_max_div_min,0.0,0
2,f102_active_AMT_GOODS_PRICE_d_app_AMT_INCOME_TOTAL_min,2302.540462732315,304
2,f102_active_AMT_GOODS_PRICE_d_app_AMT_INCOME_TOTAL_diff_mean,330.7224323749542,54
2,f102_active_AMT_GOODS_PRICE_d_app_AMT_INCOME_TOTAL_max_div_min,16.837900161743164,3
2,f102_active_AMT_GOODS_PRICE_d_app_AMT_INCOME_TOTAL_pctchange_std_div_mean,0.0,0
2,f102_active_AMT_GOODS_PRICE_d_app_AMT_INCOME_TOTAL_std,91.88877010345459,16
2,f102_active_AMT_GOODS_PRICE_d_total_debt_diff_std_div_mean,227.96532011032104,32
2,f102_active_AMT_GOODS_PRICE_d_total_debt_diff_std,221.72063064575195,33
2,f102_active_AMT_GOODS_PRICE_d_total_debt_pctchange_std,136.12323999404907,20
2,f102_active_AMT_GOODS_PRICE_d_total_debt_pctchange_mean,1798.7138644456863,231
2,f102_active_AMT_GOODS_PRICE_d_total_debt_diff_mean,1865.4584847688675,264
2,f102_active_AMT_GOODS_PRICE_d_total_debt_diff_max,1977.261737525463,277
2,f102_active_AMT_GOODS_PRICE_d_total_debt_diff_max_div_min,67.00375938415527,8
2,f102_active_AMT_GOODS_PRICE_d_total_debt_pctchange_min,2052.388950586319,274
2,f102_active_AMT_GOODS_PRICE_d_total_debt_diff_min,2236.065227150917,309
2,f102_active_AMT_GOODS_PRICE_d_total_debt_pctchange_max_div_min,59.681870222091675,9
2,f102_active_AMT_GOODS_PRICE_d_total_debt_pctchange_max,1753.6793768405914,228
2,f102_active_AMT_GOODS_PRICE_m_app_AMT_GOODS_PRICE_d_app_AMT_INCOME_TOTAL_diff_std_div_mean,6.081570148468018,1
2,f102_active_AMT_GOODS_PRICE_m_app_AMT_GOODS_PRICE_d_app_AMT_INCOME_TOTAL_diff_std,27.033050060272217,4
2,f102_active_AMT_GOODS_PRICE_m_app_AMT_GOODS_PRICE_d_app_AMT_INCOME_TOTAL_diff_max,321.41285943984985,47
2,f102_active_AMT_GOODS_PRICE_m_app_AMT_GOODS_PRICE_d_app_AMT_INCOME_TOTAL_mean,1473.7597365379333,192
2,f102_active_AMT_GOODS_PRICE_m_app_AMT_GOODS_PRICE_d_app_AMT_INCOME_TOTAL_diff_min,446.3844518661499,60
2,f102_active_AMT_GOODS_PRICE_m_app_AMT_GOODS_PRICE_d_app_AMT_INCOME_TOTAL_diff_mean,372.60124945640564,53
2,f102_active_AMT_GOODS_PRICE_m_app_AMT_GOODS_PRICE_d_app_AMT_INCOME_TOTAL_diff_max_div_min,0.0,0
2,f102_active_AMT_GOODS_PRICE_m_app_AMT_GOODS_PRICE_d_app_AMT_INCOME_TOTAL_max,1732.1903939247131,227
2,f102_active_AMT_GOODS_PRICE_d_total_debt_max_div_min,582.1093990802765,83
2,f102_active_AMT_GOODS_PRICE_m_app_AMT_GOODS_PRICE_d_app_AMT_INCOME_TOTAL_pctchange_std_div_mean,60.31857919692993,8
2,f102_active_AMT_GOODS_PRICE_m_app_AMT_GOODS_PRICE_d_app_AMT_INCOME_TOTAL_pctchange_mean,1220.835215330124,163
2,f102_active_AMT_GOODS_PRICE_m_app_AMT_GOODS_PRICE_d_app_AMT_INCOME_TOTAL_max_div_min,196.1357307434082,27
2,f102_active_AMT_GOODS_PRICE_m_app_AMT_GOODS_PRICE_d_app_AMT_INCOME_TOTAL_pctchange_min,1532.6746172904968,210
2,f102_active_AMT_GOODS_PRICE_m_app_AMT_GOODS_PRICE_d_app_AMT_INCOME_TOTAL_min,1798.0894130468369,228
2,f102_active_AMT_GOODS_PRICE_m_app_AMT_GOODS_PRICE_d_app_AMT_INCOME_TOTAL_std,102.08581924438477,14
2,f102_active_AMT_GOODS_PRICE_m_app_AMT_GOODS_PRICE_d_app_AMT_INCOME_TOTAL_std_div_mean,418.88192307949066,59
2,f102_active_AMT_GOODS_PRICE_m_app_AMT_GOODS_PRICE_d_app_AMT_INCOME_TOTAL_pctchange_max_div_min,28.6077299118042,4
2,f102_active_AMT_GOODS_PRICE_s_app_AMT_ANNUITY_d_app_AMT_INCOME_TOTAL_diff_std_div_mean,5.27810001373291,1
2,f102_active_AMT_GOODS_PRICE_s_app_AMT_ANNUITY_d_app_AMT_INCOME_TOTAL_diff_std,7.993999719619751,2
2,f102_active_AMT_GOODS_PRICE_m_app_AMT_GOODS_PRICE_d_app_AMT_INCOME_TOTAL_pctchange_std,47.457130432128906,8
2,f102_active_AMT_GOODS_PRICE_max_div_min,60.16775941848755,9
2,f102_active_AMT_GOODS_PRICE_m_app_AMT_GOODS_PRICE_d_app_AMT_INCOME_TOTAL_pctchange_max,1396.1887567043304,207
2,f102_active_AMT_GOODS_PRICE_s_app_AMT_ANNUITY_d_app_AMT_INCOME_TOTAL_diff_min,132.38977980613708,20
2,f102_active_AMT_GOODS_PRICE_s_app_AMT_ANNUITY_d_app_AMT_INCOME_TOTAL_pctchange_max_div_min,116.13651847839355,15
2,f102_active_AMT_GOODS_PRICE_s_app_AMT_ANNUITY_d_app_AMT_INCOME_TOTAL_diff_max_div_min,0.0,0
2,f102_active_AMT_GOODS_PRICE_s_app_AMT_ANNUITY_d_app_AMT_INCOME_TOTAL_pctchange_std,115.0387213230133,15
2,f102_active_AMT_GOODS_PRICE_s_app_AMT_ANNUITY_d_app_AMT_INCOME_TOTAL_pctchange_mean,1341.2981828451157,182
2,f102_active_AMT_GOODS_PRICE_s_app_AMT_ANNUITY_d_app_AMT_INCOME_TOTAL_pctchange_min,1843.6520507335663,241
2,f102_active_AMT_GOODS_PRICE_s_app_AMT_ANNUITY_d_app_AMT_INCOME_TOTAL_max_div_min,243.50662112236023,28
2,f102_active_AMT_GOODS_PRICE_s_app_AMT_ANNUITY_d_app_AMT_INCOME_TOTAL_diff_mean,118.65066051483154,13
2,f102_active_AMT_GOODS_PRICE_s_app_AMT_ANNUITY_d_app_AMT_INCOME_TOTAL_std,9.822080135345459,2
2,f102_active_AMT_GOODS_PRICE_s_app_AMT_ANNUITY_diff_max_div_min,0.0,0
2,f102_active_AMT_GOODS_PRICE_s_app_AMT_ANNUITY_d_app_AMT_INCOME_TOTAL_diff_max,181.34766960144043,26
2,f102_active_AMT_GOODS_PRICE_s_app_AMT_ANNUITY_d_app_AMT_INCOME_TOTAL_pctchange_max,1567.6664280891418,208
2,f102_active_AMT_GOODS_PRICE_s_app_AMT_ANNUITY_diff_std_div_mean,0.0,0
2,f102_active_AMT_GOODS_PRICE_s_app_AMT_ANNUITY_diff_max,830.1680728197098,111
2,f102_active_AMT_GOODS_PRICE_s_app_AMT_ANNUITY_diff_mean,627.8412098884583,82
2,f102_active_AMT_GOODS_PRICE_s_app_AMT_ANNUITY_diff_min,776.2320709228516,99
2,f102_active_AMT_GOODS_PRICE_s_app_AMT_ANNUITY_max_div_min,118.04909062385559,18
2,f102_active_AMT_GOODS_PRICE_s_app_AMT_ANNUITY_pctchange_std,41.79951000213623,5
2,f102_active_AMT_GOODS_PRICE_s_app_AMT_ANNUITY_pctchange_std_div_mean,149.39802956581116,25
2,f102_active_AMT_GOODS_PRICE_s_app_AMT_ANNUITY_d_app_AMT_INCOME_TOTAL_pctchange_std_div_mean,71.22723007202148,9
2,f102_active_AMT_GOODS_PRICE_s_app_AMT_ANNUITY_d_app_AMT_INCOME_TOTAL_min,2284.327972173691,278
2,f102_active_AMT_GOODS_PRICE_s_app_AMT_ANNUITY_d_app_AMT_INCOME_TOTAL_std_div_mean,271.76105761528015,43
2,f102_active_AMT_GOODS_PRICE_s_app_AMT_ANNUITY_pctchange_mean,514.6795787811279,63
2,f102_active_AMT_GOODS_PRICE_s_app_AMT_ANNUITY_std_div_mean,105.39189076423645,15
2,f102_active_AMT_GOODS_PRICE_s_app_AMT_ANNUITY_d_app_AMT_INCOME_TOTAL_mean,2588.094271302223,312
2,f102_active_AMT_GOODS_PRICE_s_app_AMT_ANNUITY_std,196.2883493900299,26
2,f102_active_AMT_GOODS_PRICE_s_app_AMT_ANNUITY_pctchange_max_div_min,33.02572011947632,6
2,f102_active_AMT_GOODS_PRICE_s_app_AMT_CREDIT_d_app_AMT_INCOME_TOTAL_diff_std,12.359339714050293,2
2,f102_active_AMT_GOODS_PRICE_s_app_AMT_ANNUITY_pctchange_min,501.5420327782631,68
2,f102_active_AMT_GOODS_PRICE_s_app_AMT_ANNUITY_pctchange_max,560.9293088912964,78
2,f102_active_AMT_GOODS_PRICE_s_app_AMT_CREDIT_d_app_AMT_INCOME_TOTAL_diff_max,60.973270893096924,8
2,f102_active_AMT_GOODS_PRICE_s_app_AMT_CREDIT_d_app_AMT_INCOME_TOTAL_diff_min,55.465949058532715,6
2,f102_active_AMT_GOODS_PRICE_s_app_AMT_CREDIT_d_app_AMT_INCOME_TOTAL_diff_max_div_min,0.0,0
2,f102_active_AMT_GOODS_PRICE_s_app_AMT_CREDIT_d_app_AMT_INCOME_TOTAL_max,2239.443641066551,282
2,f102_active_AMT_GOODS_PRICE_s_app_AMT_CREDIT_d_app_AMT_INCOME_TOTAL_diff_std_div_mean,0.0,0
2,f102_active_AMT_GOODS_PRICE_s_app_AMT_CREDIT_d_app_AMT_INCOME_TOTAL_std,4.118340015411377,1
2,f102_active_AMT_GOODS_PRICE_s_app_AMT_CREDIT_d_app_AMT_INCOME_TOTAL_diff_mean,111.94809007644653,16
2,f102_active_AMT_GOODS_PRICE_s_app_AMT_CREDIT_d_app_AMT_INCOME_TOTAL_max_div_min,94.50906181335449,12
2,f102_active_AMT_GOODS_PRICE_s_app_AMT_CREDIT_d_app_AMT_INCOME_TOTAL_pctchange_std_div_mean,93.39564180374146,14
2,f102_active_AMT_GOODS_PRICE_s_app_AMT_CREDIT_d_app_AMT_INCOME_TOTAL_std_div_mean,386.7351903915405,62
2,f102_active_AMT_GOODS_PRICE_s_app_AMT_CREDIT_d_app_AMT_INCOME_TOTAL_min,2199.6304743289948,271
2,f102_active_AMT_GOODS_PRICE_s_app_AMT_CREDIT_d_app_AMT_INCOME_TOTAL_mean,2125.8055646419525,266
2,f102_active_AMT_GOODS_PRICE_s_app_AMT_CREDIT_d_app_AMT_INCOME_TOTAL_pctchange_max_div_min,32.48649978637695,5
2,f102_active_AMT_GOODS_PRICE_s_app_AMT_CREDIT_diff_max_div_min,0.0,0
2,f102_active_AMT_GOODS_PRICE_s_app_AMT_CREDIT_pctchange_std_div_mean,15.516860008239746,3
2,f102_active_AMT_GOODS_PRICE_s_app_AMT_CREDIT_d_app_AMT_INCOME_TOTAL_pctchange_std,113.43417024612427,19
2,f102_active_AMT_GOODS_PRICE_s_app_AMT_CREDIT_min,2666.999937415123,305
2,f102_active_AMT_GOODS_PRICE_s_app_AMT_CREDIT_diff_std_div_mean,0.0,0
2,f102_active_AMT_GOODS_PRICE_s_app_AMT_CREDIT_diff_mean,160.71359038352966,25
2,f102_active_AMT_GOODS_PRICE_s_app_AMT_CREDIT_pctchange_max_div_min,7.406710147857666,1
2,f102_active_AMT_GOODS_PRICE_s_app_AMT_CREDIT_max_div_min,38.782169818878174,6
2,f102_active_AMT_GOODS_PRICE_s_app_AMT_CREDIT_diff_max,404.5659098625183,49
2,f102_active_AMT_GOODS_PRICE_s_app_AMT_CREDIT_diff_min,248.97579956054688,33
2,f102_active_AMT_GOODS_PRICE_s_app_AMT_CREDIT_mean,2190.6976969987154,269
2,f102_active_AMT_GOODS_PRICE_s_app_AMT_CREDIT_max,2695.0746829509735,315
2,f102_active_AMT_GOODS_PRICE_s_app_AMT_CREDIT_pctchange_std,18.354050159454346,3
2,f102_active_AMT_GOODS_PRICE_s_app_AMT_CREDIT_std,64.74726009368896,8
2,f102_active_AMT_GOODS_PRICE_s_app_AMT_GOODS_PRICE_diff_max_div_min,0.0,0
2,f102_active_AMT_GOODS_PRICE_s_app_AMT_CREDIT_std_div_mean,116.65603017807007,18
2,f102_active_AMT_GOODS_PRICE_s_app_AMT_GOODS_PRICE_diff_mean,277.1286509037018,35
2,f102_active_AMT_GOODS_PRICE_s_app_AMT_GOODS_PRICE_diff_max,344.2770006656647,48
2,f102_active_AMT_GOODS_PRICE_s_app_AMT_GOODS_PRICE_pctchange_std,19.685189723968506,4
2,f102_active_AMT_GOODS_PRICE_s_app_AMT_GOODS_PRICE_diff_std_div_mean,0.0,0
2,f102_active_AMT_GOODS_PRICE_s_app_AMT_GOODS_PRICE_diff_min,208.63792943954468,33
2,f102_active_AMT_GOODS_PRICE_s_app_AMT_GOODS_PRICE_max_div_min,192.1932189464569,26
2,f102_active_AMT_GOODS_PRICE_s_app_AMT_GOODS_PRICE_pctchange_mean,350.7945306301117,56
2,f102_active_AMT_GOODS_PRICE_s_app_AMT_GOODS_PRICE_pctchange_max_div_min,11.285499572753906,1
2,f102_active_AMT_GOODS_PRICE_s_app_AMT_GOODS_PRICE_min,3291.9488961696625,344
2,f102_active_AMT_GOODS_PRICE_s_app_AMT_GOODS_PRICE_pctchange_max,494.71973037719727,70
2,f102_active_AMT_GOODS_PRICE_s_app_AMT_INCOME_TOTAL_diff_std_div_mean,0.0,0
2,f102_active_AMT_GOODS_PRICE_s_app_AMT_GOODS_PRICE_pctchange_min,418.0945816040039,56
2,f102_active_AMT_GOODS_PRICE_s_app_AMT_GOODS_PRICE_pctchange_std_div_mean,29.307219982147217,4
2,f102_active_AMT_GOODS_PRICE_s_app_AMT_INCOME_TOTAL_diff_max,28.43961000442505,4
2,f102_active_AMT_GOODS_PRICE_s_app_AMT_INCOME_TOTAL_diff_min,28.37202000617981,5
2,f102_active_AMT_GOODS_PRICE_s_app_AMT_GOODS_PRICE_std,49.75725030899048,8
2,f102_active_AMT_GOODS_PRICE_s_app_AMT_GOODS_PRICE_max,2279.9829320907593,269
2,f102_active_AMT_GOODS_PRICE_s_app_AMT_GOODS_PRICE_std_div_mean,152.6648199558258,23
2,f102_active_AMT_GOODS_PRICE_s_app_AMT_GOODS_PRICE_mean,2543.9319167137146,296
2,f102_active_AMT_GOODS_PRICE_s_app_AMT_INCOME_TOTAL_diff_mean,9.410850048065186,2
2,f102_active_AMT_GOODS_PRICE_s_app_AMT_INCOME_TOTAL_pctchange_max_div_min,41.02896022796631,7
2,f102_active_AMT_GOODS_PRICE_s_app_AMT_INCOME_TOTAL_diff_max_div_min,6.450620174407959,1
2,f102_active_AMT_GOODS_PRICE_s_app_AMT_INCOME_TOTAL_max_div_min,719.7843804359436,97
2,f102_active_AMT_GOODS_PRICE_s_app_AMT_INCOME_TOTAL_pctchange_std,106.80817985534668,18
2,f102_active_AMT_GOODS_PRICE_std,28.26630973815918,5
2,f102_active_AMT_GOODS_PRICE_s_app_AMT_INCOME_TOTAL_pctchange_std_div_mean,171.19973015785217,27
2,f102_active_AMT_GOODS_PRICE_s_app_AMT_INCOME_TOTAL_std_div_mean,487.21723702549934,73
2,f102_active_CHANNEL_TYPE_AP___Cash_loan__sum,222.40959095954895,24
2,f102_active_AMT_GOODS_PRICE_s_app_AMT_INCOME_TOTAL_std,0.0,0
2,f102_active_CHANNEL_TYPE_Channel_of_corporate_sales_mean,0.0,0
2,f102_active_CHANNEL_TYPE_Contact_center_mean,130.86239099502563,21
2,f102_active_CNT_PAYMENT_max_div_min,130.31472063064575,20
2,f102_active_CHANNEL_TYPE_Regional___Local_sum,75.9858193397522,12
2,f102_active_CHANNEL_TYPE_Country_wide_sum,462.3531813621521,59
2,f102_active_CHANNEL_TYPE_Stone_sum,80.30719017982483,14
2,f102_active_CHANNEL_TYPE_Channel_of_corporate_sales_sum,0.0,0
2,f102_active_CHANNEL_TYPE_AP___Cash_loan__mean,495.2121958732605,52
2,f102_active_CHANNEL_TYPE_Country_wide_mean,756.8575764894485,104
2,f102_active_CHANNEL_TYPE_Contact_center_sum,39.01953077316284,5
2,f102_active_CHANNEL_TYPE_Stone_mean,370.80469942092896,57
2,f102_active_CHANNEL_TYPE_Credit_and_cash_offices_mean,788.8794994354248,111
2,f102_active_CHANNEL_TYPE_Regional___Local_mean,330.90661096572876,48
2,f102_active_CHANNEL_TYPE_Credit_and_cash_offices_sum,134.83947920799255,19
2,f102_active_DAYS_DECISION_d_app_DAYS_EMPLOYED_std_div_mean,278.15770721435547,39
2,f102_active_CODE_REJECT_REASON_XAP_sum,0.0,0
2,f102_active_DAYS_DECISION_d_app_DAYS_BIRTH_max_div_min,17.080170154571533,3
2,f102_active_DAYS_DECISION_d_app_DAYS_EMPLOYED_std,513.2776219844818,73
2,f102_active_CNT_PAYMENT_std,167.1335105895996,26
2,f102_active_DAYS_DECISION_d_app_DAYS_ID_PUBLISH_max,5783.6618983745575,571
2,f102_active_CNT_PAYMENT_std_div_mean,216.51179027557373,30
2,f102_active_DAYS_DECISION_d_app_DAYS_ID_PUBLISH_std,309.2779493331909,50
2,f102_active_DAYS_DECISION_d_app_DAYS_ID_PUBLISH_min,4142.383410334587,569
2,f102_active_DAYS_DECISION_d_app_DAYS_EMPLOYED_max_div_min,117.52582812309265,20
2,f102_active_DAYS_DECISION_d_app_DAYS_ID_PUBLISH_max_div_min,71.94724941253662,10
2,f102_active_DAYS_DECISION_d_app_DAYS_LAST_PHONE_CHANGE_std,639.2855916023254,97
2,f102_active_DAYS_DECISION_d_app_DAYS_LAST_PHONE_CHANGE_max,6451.423200428486,788
2,f102_active_DAYS_DECISION_d_app_DAYS_REGISTRATION_std,497.28389072418213,77
2,f102_active_DAYS_DECISION_d_app_DAYS_ID_PUBLISH_mean,4738.767528533936,556
2,f102_active_DAYS_DECISION_d_app_DAYS_LAST_PHONE_CHANGE_mean,7473.923172950745,789
2,f102_active_DAYS_DECISION_d_app_DAYS_LAST_PHONE_CHANGE_min,5754.632442086935,778
2,f102_active_DAYS_DECISION_d_app_DAYS_REGISTRATION_max_div_min,87.93007063865662,16
2,f102_active_DAYS_DECISION_d_app_DAYS_REGISTRATION_min,5150.847927391529,704
2,f102_active_DAYS_DECISION_d_app_DAYS_LAST_PHONE_CHANGE_max_div_min,797.8891686201096,97
2,f102_active_DAYS_DECISION_d_app_DAYS_REGISTRATION_mean,4612.594908356667,619
2,f102_active_DAYS_DECISION_s_app_DAYS_REGISTRATION_std_div_mean,549.3937182426453,79
2,f102_active_DAYS_DECISION_s_app_DAYS_EMPLOYED_std_div_mean,575.2922616004944,81
2,f102_active_DAYS_DECISION_s_app_DAYS_EMPLOYED_max_div_min,688.2995092868805,82
2,f102_active_DAYS_DECISION_s_app_DAYS_ID_PUBLISH_std_div_mean,521.4273993968964,76
2,f102_active_DAYS_DECISION_d_app_DAYS_REGISTRATION_max,4844.832027554512,669
2,f102_active_DAYS_DECISION_s_app_DAYS_LAST_PHONE_CHANGE_max_div_min,1162.4355062246323,148
2,f102_active_DAYS_DECISION_s_app_DAYS_REGISTRATION_max_div_min,353.2606792449951,50
2,f102_active_DAYS_FIRST_DUE_d_app_DAYS_ID_PUBLISH_std,517.2012007236481,74
2,f102_active_DAYS_FIRST_DUE_d_app_DAYS_EMPLOYED_std_div_mean,447.78041100502014,68
2,f102_active_DAYS_DECISION_s_app_DAYS_ID_PUBLISH_max_div_min,216.91416001319885,30
2,f102_active_DAYS_FIRST_DUE_d_app_DAYS_LAST_PHONE_CHANGE_std,537.7797319889069,83
2,f102_active_DAYS_FIRST_DUE_d_app_DAYS_EMPLOYED_std,677.4955270290375,89
2,f102_active_DAYS_FIRST_DUE_d_app_DAYS_BIRTH_max_div_min,243.37299692630768,36
2,f102_active_DAYS_FIRST_DUE_d_app_DAYS_ID_PUBLISH_max,6417.434385299683,865
3,f102_active_DAYS_FIRST_DUE_d_app_DAYS_ID_PUBLISH_max_div_min,101.21030902862549,14
3,f102_active_DAYS_FIRST_DUE_d_app_DAYS_REGISTRATION_max,4359.368841171265,557
3,f102_active_DAYS_FIRST_DUE_d_app_DAYS_EMPLOYED_max_div_min,263.9959292411804,38
3,f102_active_DAYS_FIRST_DUE_d_app_DAYS_REGISTRATION_std,468.52102160453796,64
3,f102_active_DAYS_FIRST_DUE_d_app_DAYS_LAST_PHONE_CHANGE_max,5253.626775503159,637
3,f102_active_DAYS_FIRST_DUE_d_app_DAYS_REGISTRATION_mean,3648.0043597221375,465
3,f102_active_DAYS_FIRST_DUE_d_app_DAYS_ID_PUBLISH_mean,5893.147171020508,634
3,f102_active_DAYS_FIRST_DUE_d_app_DAYS_LAST_PHONE_CHANGE_mean,5757.595562815666,650
3,f102_active_DAYS_FIRST_DUE_d_app_DAYS_REGISTRATION_max_div_min,89.38640093803406,13
3,f102_active_DAYS_FIRST_DUE_d_app_DAYS_LAST_PHONE_CHANGE_min,5625.286316752434,663
3,f102_active_DAYS_FIRST_DUE_d_app_DAYS_ID_PUBLISH_min,5585.253530025482,687
3,f102_active_DAYS_FIRST_DUE_d_app_DAYS_LAST_PHONE_CHANGE_max_div_min,410.1280323266983,60
3,f102_active_DAYS_FIRST_DUE_s_DAYS_DECISIONS_max_div_min,150.27805089950562,22
3,f102_active_DAYS_FIRST_DUE_s_app_DAYS_REGISTRATION_std_div_mean,466.91270089149475,63
3,f102_active_DAYS_FIRST_DUE_s_DAYS_DECISIONS_std_div_mean,391.85584783554077,50
3,f102_active_DAYS_FIRST_DUE_s_app_DAYS_LAST_PHONE_CHANGE_std_div_mean,469.1286494731903,63
3,f102_active_DAYS_FIRST_DUE_s_app_DAYS_ID_PUBLISH_max_div_min,325.5516547560692,46
3,f102_active_DAYS_FIRST_DUE_s_app_DAYS_ID_PUBLISH_std_div_mean,590.2211112976074,91
3,f102_active_DAYS_FIRST_DUE_s_app_DAYS_EMPLOYED_std_div_mean,864.2561430931091,105
3,f102_active_DAYS_FIRST_DUE_s_app_DAYS_EMPLOYED_max_div_min,727.2621779441833,88
3,f102_active_DAYS_FIRST_DUE_s_app_DAYS_REGISTRATION_max_div_min,181.35844206809998,25
3,f102_active_DAYS_FIRST_DUE_d_app_DAYS_REGISTRATION_min,3979.246570587158,491
3,f102_active_DAYS_FIRST_DUE_s_DAYS_DECISIONS_std,180.64003038406372,24
3,f102_active_DAYS_FIRST_DUE_s_app_DAYS_LAST_PHONE_CHANGE_max_div_min,413.631281375885,58
3,f102_active_DAYS_LAST_DUE_1ST_VERSION_d_app_DAYS_BIRTH_std_div_mean,269.03864002227783,35
3,f102_active_DAYS_LAST_DUE_1ST_VERSION_d_app_DAYS_BIRTH_max_div_min,31.675480365753174,6
3,f102_active_DAYS_LAST_DUE_1ST_VERSION_d_app_DAYS_ID_PUBLISH_std,382.8107109069824,56
3,f102_active_DAYS_LAST_DUE_1ST_VERSION_d_app_DAYS_LAST_PHONE_CHANGE_max,6824.689848095179,726
3,f102_active_DAYS_LAST_DUE_1ST_VERSION_d_app_DAYS_ID_PUBLISH_std_div_mean,141.22711896896362,20
3,f102_active_DAYS_LAST_DUE_1ST_VERSION_s_DAYS_DECISIONS_std,191.47771787643433,28
3,f102_active_DAYS_LAST_DUE_1ST_VERSION_d_app_DAYS_EMPLOYED_max_div_min,236.00820136070251,33
3,f102_active_DAYS_LAST_DUE_1ST_VERSION_d_app_DAYS_REGISTRATION_std_div_mean,43.32659029960632,6
3,f102_active_DAYS_LAST_DUE_1ST_VERSION_d_app_DAYS_ID_PUBLISH_max,5510.077749490738,621
3,f102_active_DAYS_LAST_DUE_1ST_VERSION_d_app_DAYS_LAST_PHONE_CHANGE_std_div_mean,343.0743601322174,50
3,f102_active_DAYS_LAST_DUE_1ST_VERSION_d_app_DAYS_ID_PUBLISH_max_div_min,39.85653018951416,6
3,f102_active_DAYS_LAST_DUE_1ST_VERSION_d_app_DAYS_ID_PUBLISH_mean,4357.136266469955,455
3,f102_active_DAYS_LAST_DUE_1ST_VERSION_d_app_DAYS_REGISTRATION_std,291.5043489933014,45
3,f102_active_DAYS_LAST_DUE_1ST_VERSION_d_app_DAYS_LAST_PHONE_CHANGE_max_div_min,256.5710382461548,36
3,f102_active_DAYS_LAST_DUE_1ST_VERSION_d_app_DAYS_LAST_PHONE_CHANGE_min,5773.760382771492,624
3,f102_active_DAYS_LAST_DUE_1ST_VERSION_d_app_DAYS_REGISTRATION_max_div_min,41.923770904541016,5
3,f102_active_DAYS_LAST_DUE_1ST_VERSION_s_app_DAYS_BIRTH_std,292.0775899887085,42
3,f102_active_DAYS_LAST_DUE_1ST_VERSION_d_app_DAYS_REGISTRATION_min,3947.4759564995766,463
3,f102_active_DAYS_LAST_DUE_1ST_VERSION_d_app_DAYS_ID_PUBLISH_min,4425.098826408386,488
3,f102_active_DAYS_LAST_DUE_1ST_VERSION_d_app_DAYS_REGISTRATION_max,4307.655805110931,558
3,f102_active_DAYS_LAST_DUE_1ST_VERSION_s_DAYS_FIRST_DUE_std_div_mean,159.59474110603333,24
3,f102_active_DAYS_LAST_DUE_1ST_VERSION_d_app_DAYS_LAST_PHONE_CHANGE_mean,6593.501198172569,581
3,f102_active_DAYS_LAST_DUE_1ST_VERSION_d_app_DAYS_REGISTRATION_mean,4310.740867853165,505
3,f102_active_DAYS_LAST_DUE_1ST_VERSION_s_DAYS_DECISIONS_max_div_min,178.33473944664001,26
3,f102_active_DAYS_LAST_DUE_1ST_VERSION_s_DAYS_DECISIONS_std_div_mean,197.3293013572693,27
3,f102_active_DAYS_LAST_DUE_1ST_VERSION_s_app_DAYS_EMPLOYED_max_div_min,672.8241591453552,80
3,f102_active_DAYS_LAST_DUE_1ST_VERSION_s_DAYS_FIRST_DUE_std,11.001099586486816,1
3,f102_active_DAYS_LAST_DUE_1ST_VERSION_s_app_DAYS_EMPLOYED_std,76.32618999481201,12
3,f102_active_DAYS_LAST_DUE_1ST_VERSION_s_app_DAYS_BIRTH_max_div_min,333.87264919281006,45
3,f102_active_DAYS_LAST_DUE_1ST_VERSION_s_app_DAYS_LAST_PHONE_CHANGE_std,43.721049785614014,6
3,f102_active_DAYS_LAST_DUE_1ST_VERSION_s_app_DAYS_ID_PUBLISH_std,18.150750160217285,3
3,f102_active_DAYS_LAST_DUE_1ST_VERSION_s_DAYS_FIRST_DUE_max_div_min,69.64971017837524,10
3,f102_active_DAYS_LAST_DUE_1ST_VERSION_s_app_DAYS_REGISTRATION_max_div_min,156.21538996696472,24
3,f102_active_DAYS_LAST_DUE_1ST_VERSION_s_app_DAYS_LAST_PHONE_CHANGE_max_div_min,158.5762495994568,25
3,f102_active_DAYS_LAST_DUE_1ST_VERSION_s_app_DAYS_ID_PUBLISH_max_div_min,179.00842094421387,24
3,f102_active_DAYS_LAST_DUE_1ST_VERSION_s_app_DAYS_REGISTRATION_std,0.0,0
3,f102_active_DAYS_LAST_DUE_d_app_DAYS_BIRTH_max_div_min,19.694260120391846,3
3,f102_active_DAYS_LAST_DUE_1ST_VERSION_s_app_DAYS_REGISTRATION_std_div_mean,228.6010296344757,33
3,f102_active_DAYS_LAST_DUE_d_app_DAYS_ID_PUBLISH_max,916.9036974906921,126
3,f102_active_DAYS_LAST_DUE_d_app_DAYS_ID_PUBLISH_std,10.25967025756836,2
3,f102_active_DAYS_LAST_DUE_d_app_DAYS_EMPLOYED_std_div_mean,14.317610263824463,2
3,f102_active_DAYS_LAST_DUE_d_app_DAYS_ID_PUBLISH_max_div_min,0.0,0
3,f102_active_DAYS_LAST_DUE_d_app_DAYS_ID_PUBLISH_mean,757.0157470703125,103
3,f102_active_DAYS_LAST_DUE_d_app_DAYS_ID_PUBLISH_min,992.9948306083679,129
3,f102_active_DAYS_LAST_DUE_d_app_DAYS_EMPLOYED_std,14.918669700622559,2
3,f102_active_DAYS_LAST_DUE_d_app_DAYS_LAST_PHONE_CHANGE_std_div_mean,28.163139820098877,5
3,f102_active_DAYS_LAST_DUE_d_app_DAYS_EMPLOYED_max_div_min,7.434659957885742,1
3,f102_active_DAYS_LAST_DUE_d_app_DAYS_LAST_PHONE_CHANGE_max_div_min,23.269859790802002,3
3,f102_active_DAYS_LAST_DUE_d_app_DAYS_REGISTRATION_max,1047.9772720336914,138
3,f102_active_DAYS_LAST_DUE_s_DAYS_DECISIONS_std_div_mean,24.37824010848999,4
3,f102_active_DAYS_LAST_DUE_s_DAYS_DECISIONS_max_div_min,11.413269996643066,2
3,f102_active_DAYS_LAST_DUE_s_DAYS_DECISIONS_mean,413.16775035858154,57
3,f102_active_DAYS_LAST_DUE_d_app_DAYS_REGISTRATION_mean,1099.6367180347443,143
3,f102_active_DAYS_LAST_DUE_d_app_DAYS_LAST_PHONE_CHANGE_max,1022.4662873744965,134
3,f102_active_DAYS_LAST_DUE_d_app_DAYS_LAST_PHONE_CHANGE_min,919.9425420761108,122
3,f102_active_DAYS_LAST_DUE_s_DAYS_DECISIONS_max,578.5240006446838,72
3,f102_active_DAYS_LAST_DUE_d_app_DAYS_REGISTRATION_max_div_min,0.0,0
3,f102_active_DAYS_LAST_DUE_s_DAYS_DECISIONS_min,631.5143713951111,73
3,f102_active_DAYS_LAST_DUE_d_app_DAYS_LAST_PHONE_CHANGE_mean,656.8441388607025,90
3,f102_active_DAYS_LAST_DUE_d_app_DAYS_REGISTRATION_min,1289.2885513305664,160
3,f102_active_DAYS_TERMINATION_d_app_DAYS_BIRTH_std_div_mean,16.206160068511963,3
3,f102_active_DAYS_LAST_DUE_s_DAYS_FIRST_DUE_mean,32.68636989593506,5
3,f102_active_DAYS_LAST_DUE_s_app_DAYS_ID_PUBLISH_std_div_mean,0.0,0
3,f102_active_DAYS_LAST_DUE_s_DAYS_FIRST_DUE_min,20.517280101776123,3
3,f102_active_DAYS_LAST_DUE_s_app_DAYS_LAST_PHONE_CHANGE_max_div_min,37.425530433654785,5
3,f102_active_DAYS_LAST_DUE_s_DAYS_LAST_DUE_1ST_VERSION_max_div_min,53.9737606048584,7
3,f102_active_DAYS_LAST_DUE_s_DAYS_FIRST_DUE_max_div_min,20.15116024017334,3
3,f102_active_DAYS_LAST_DUE_s_app_DAYS_REGISTRATION_max_div_min,12.202529907226562,2
3,f102_active_DAYS_LAST_DUE_s_app_DAYS_ID_PUBLISH_max_div_min,11.49979019165039,2
3,f102_active_DAYS_LAST_DUE_s_DAYS_FIRST_DUE_max,16.84306001663208,3
3,f102_active_DAYS_TERMINATION_d_app_DAYS_BIRTH_max_div_min,20.232600212097168,2
3,f102_active_DAYS_TERMINATION_d_app_DAYS_ID_PUBLISH_std_div_mean,5.552770137786865,1
3,f102_active_DAYS_TERMINATION_d_app_DAYS_ID_PUBLISH_std,18.85571002960205,3
3,f102_active_DAYS_TERMINATION_d_app_DAYS_ID_PUBLISH_max,867.5692176818848,117
3,f102_active_DAYS_TERMINATION_d_app_DAYS_EMPLOYED_std,5.6167402267456055,1
3,f102_active_DAYS_TERMINATION_d_app_DAYS_LAST_PHONE_CHANGE_mean,799.4386522769928,112
3,f102_active_DAYS_TERMINATION_d_app_DAYS_EMPLOYED_max_div_min,11.743730068206787,2
3,f102_active_DAYS_TERMINATION_d_app_DAYS_LAST_PHONE_CHANGE_max_div_min,7.173180103302002,1
3,f102_active_DAYS_TERMINATION_d_app_DAYS_REGISTRATION_std_div_mean,0.0,0
3,f102_active_DAYS_TERMINATION_d_app_DAYS_ID_PUBLISH_min,1100.9558758735657,148
3,f102_active_DAYS_TERMINATION_d_app_DAYS_LAST_PHONE_CHANGE_std_div_mean,21.04277992248535,3
3,f102_active_DAYS_TERMINATION_d_app_DAYS_ID_PUBLISH_max_div_min,0.0,0
3,f102_active_DAYS_TERMINATION_d_app_DAYS_LAST_PHONE_CHANGE_max,981.9138277769089,133
3,f102_active_DAYS_TERMINATION_d_app_DAYS_ID_PUBLISH_mean,721.2686285972595,90
3,f102_active_DAYS_TERMINATION_s_DAYS_DECISIONS_max,1333.6880292892456,171
3,f102_active_DAYS_TERMINATION_s_DAYS_DECISIONS_std_div_mean,49.64656925201416,8
3,f102_active_DAYS_TERMINATION_d_app_DAYS_LAST_PHONE_CHANGE_min,838.1807618141174,115
3,f102_active_DAYS_TERMINATION_s_DAYS_DECISIONS_max_div_min,6.704699993133545,1
3,f102_active_DAYS_TERMINATION_s_DAYS_DECISIONS_mean,619.2858989238739,78
3,f102_active_DAYS_TERMINATION_s_DAYS_FIRST_DUE_std_div_mean,20.283350467681885,3
3,f102_active_DAYS_TERMINATION_d_app_DAYS_REGISTRATION_max_div_min,0.0,0
3,f102_active_DAYS_TERMINATION_s_DAYS_FIRST_DUE_max,735.1500571966171,96
3,f102_active_DAYS_TERMINATION_d_app_DAYS_REGISTRATION_max,1730.1362171173096,226
3,f102_active_DAYS_TERMINATION_s_DAYS_DECISIONS_min,1141.195430278778,143
3,f102_active_DAYS_TERMINATION_s_DAYS_FIRST_DUE_max_div_min,16.05739974975586,1
3,f102_active_DAYS_TERMINATION_s_DAYS_LAST_DUE_std,5.503729820251465,1
3,f102_active_DAYS_TERMINATION_s_DAYS_FIRST_DUE_mean,471.0485806465149,61
3,f102_active_DAYS_TERMINATION_s_DAYS_LAST_DUE_1ST_VERSION_max_div_min,0.0,0
3,f102_active_DAYS_TERMINATION_s_DAYS_LAST_DUE_min,594.3586392402649,74
3,f102_active_DAYS_TERMINATION_s_DAYS_LAST_DUE_max,641.8372893333435,85
3,f102_active_DAYS_TERMINATION_s_DAYS_LAST_DUE_mean,490.5182192325592,67
3,f102_active_DAYS_TERMINATION_s_app_DAYS_EMPLOYED_max_div_min,80.53400993347168,10
3,f102_active_DAYS_TERMINATION_s_DAYS_LAST_DUE_max_div_min,4.413819909095764,2
3,f102_active_DAYS_TERMINATION_s_DAYS_FIRST_DUE_min,778.4825518131256,105
3,f102_active_DAYS_TERMINATION_s_app_DAYS_ID_PUBLISH_max_div_min,4.702489852905273,1
3,f102_active_DAYS_TERMINATION_s_app_DAYS_LAST_PHONE_CHANGE_max_div_min,58.097140312194824,8
3,f102_active_DAYS_TERMINATION_s_app_DAYS_REGISTRATION_max_div_min,4.462140083312988,1
3,f102_active_HOUR_APPR_PROCESS_START_std_div_mean,382.8158209323883,55
3,f102_active_HOUR_APPR_PROCESS_START_std,291.63357043266296,43
3,f102_active_NAME_CASH_LOAN_PURPOSE_Buying_a_holiday_home___land_mean,0.0,0
3,f102_active_HOUR_APPR_PROCESS_START_max_div_min,106.26449918746948,15
3,f102_active_NAME_CASH_LOAN_PURPOSE_Buying_a_home_sum,0.0,0
3,f102_active_NAME_CASH_LOAN_PURPOSE_Buying_a_new_car_mean,0.0,0
3,f102_active_NAME_CASH_LOAN_PURPOSE_Buying_a_home_mean,0.0,0
3,f102_active_NAME_CASH_LOAN_PURPOSE_Buying_a_holiday_home___land_sum,0.0,0
3,f102_active_NAME_CASH_LOAN_PURPOSE_Building_a_house_or_an_annex_mean,0.0,0
3,f102_active_NAME_CASH_LOAN_PURPOSE_Education_sum,0.0,0
3,f102_active_NAME_CASH_LOAN_PURPOSE_Car_repairs_mean,0.0,0
3,f102_active_NAME_CASH_LOAN_PURPOSE_Education_mean,0.0,0
3,f102_active_NAME_CASH_LOAN_PURPOSE_Everyday_expenses_mean,0.0,0
3,f102_active_NAME_CASH_LOAN_PURPOSE_Buying_a_used_car_sum,0.0,0
3,f102_active_NAME_CASH_LOAN_PURPOSE_Medicine_sum,0.0,0
3,f102_active_NAME_CASH_LOAN_PURPOSE_Journey_sum,0.0,0
3,f102_active_NAME_CASH_LOAN_PURPOSE_Buying_a_used_car_mean,0.0,0
3,f102_active_NAME_CASH_LOAN_PURPOSE_Medicine_mean,0.0,0
3,f102_active_NAME_CASH_LOAN_PURPOSE_Building_a_house_or_an_annex_sum,0.0,0
3,f102_active_NAME_CASH_LOAN_PURPOSE_Everyday_expenses_sum,0.0,0
3,f102_active_NAME_CASH_LOAN_PURPOSE_Furniture_mean,0.0,0
3,f102_active_NAME_CASH_LOAN_PURPOSE_Car_repairs_sum,0.0,0
3,f102_active_NAME_CASH_LOAN_PURPOSE_Wedding___gift___holiday_sum,0.0,0
3,f102_active_NAME_CASH_LOAN_PURPOSE_Journey_mean,0.0,0
3,f102_active_NAME_CASH_LOAN_PURPOSE_Gasification___water_supply_sum,0.0,0
3,f102_active_NAME_CASH_LOAN_PURPOSE_Furniture_sum,0.0,0
3,f102_active_NAME_CASH_LOAN_PURPOSE_XAP_sum,66.03051948547363,6
3,f102_active_NAME_CASH_LOAN_PURPOSE_Purchase_of_electronic_equipment_sum,0.0,0
3,f102_active_NAME_CASH_LOAN_PURPOSE_Buying_a_new_car_sum,0.0,0
3,f102_active_NAME_CASH_LOAN_PURPOSE_Other_mean,34.053139209747314,5
3,f102_active_NAME_CASH_LOAN_PURPOSE_Other_sum,0.0,0
3,f102_active_NAME_CASH_LOAN_PURPOSE_XNA_sum,310.93204069137573,29
3,f102_active_NAME_CASH_LOAN_PURPOSE_Purchase_of_electronic_equipment_mean,0.0,0
3,f102_active_NAME_CASH_LOAN_PURPOSE_XNA_mean,425.048508644104,41
3,f102_active_NAME_CASH_LOAN_PURPOSE_Payments_on_other_loans_sum,0.0,0
3,f102_active_NAME_CASH_LOAN_PURPOSE_Payments_on_other_loans_mean,0.0,0
3,f102_active_NAME_CASH_LOAN_PURPOSE_Repairs_sum,182.8039209842682,27
3,f102_active_NAME_CONTRACT_TYPE_Cash_loans_mean,148.07089042663574,15
3,f102_active_NAME_CONTRACT_TYPE_Cash_loans_sum,23.004090309143066,3
3,f102_active_NAME_CONTRACT_STATUS_Approved_sum,6.191949844360352,1
3,f102_active_NAME_GOODS_CATEGORY_Audio_Video_mean,132.3513903617859,20
3,f102_active_NAME_GOODS_CATEGORY_Clothing_and_Accessories_mean,380.0866174697876,50
3,f102_active_NAME_CONTRACT_TYPE_Consumer_loans_sum,7.8376898765563965,1
3,f102_active_NAME_CLIENT_TYPE_XNA_sum,0.0,0
3,f102_active_NAME_GOODS_CATEGORY_Auto_Accessories_sum,22.599770069122314,4
3,f102_active_NAME_CASH_LOAN_PURPOSE_XAP_mean,51.61078882217407,5
3,f102_active_NAME_CLIENT_TYPE_XNA_mean,0.0,0
3,f102_active_NAME_CONTRACT_TYPE_Consumer_loans_mean,10.387200355529785,1
3,f102_active_NAME_GOODS_CATEGORY_Clothing_and_Accessories_sum,68.2281002998352,8
3,f102_active_NAME_CASH_LOAN_PURPOSE_Wedding___gift___holiday_mean,0.0,0
3,f102_active_NAME_GOODS_CATEGORY_Direct_Sales_sum,0.0,0
3,f102_active_NAME_GOODS_CATEGORY_Construction_Materials_mean,78.3149299621582,12
3,f102_active_NAME_GOODS_CATEGORY_Audio_Video_sum,41.444029808044434,6
3,f102_active_NAME_GOODS_CATEGORY_Consumer_Electronics_mean,119.47513008117676,15
3,f102_active_NAME_GOODS_CATEGORY_Construction_Materials_sum,14.390719890594482,2
3,f102_active_NAME_GOODS_CATEGORY_Computers_sum,140.50161170959473,15
3,f102_active_NAME_GOODS_CATEGORY_Consumer_Electronics_sum,10.490019798278809,2
3,f102_active_NAME_GOODS_CATEGORY_Gardening_sum,0.0,0
3,f102_active_NAME_GOODS_CATEGORY_Fitness_sum,0.0,0
3,f102_active_NAME_GOODS_CATEGORY_Auto_Accessories_mean,17.096760272979736,3
3,f102_active_NAME_GOODS_CATEGORY_Computers_mean,589.8804683685303,70
3,f102_active_NAME_GOODS_CATEGORY_Education_mean,0.0,0
3,f102_active_NAME_GOODS_CATEGORY_Medical_Supplies_sum,0.0,0
3,f102_active_NAME_GOODS_CATEGORY_Furniture_mean,128.80830097198486,16
3,f102_active_NAME_GOODS_CATEGORY_Education_sum,0.0,0
3,f102_active_NAME_GOODS_CATEGORY_Gardening_mean,0.0,0
3,f102_active_NAME_GOODS_CATEGORY_Direct_Sales_mean,0.0,0
3,f102_active_NAME_GOODS_CATEGORY_Fitness_mean,0.0,0
3,f102_active_NAME_GOODS_CATEGORY_Homewares_mean,51.75442028045654,8
3,f102_active_NAME_GOODS_CATEGORY_Medicine_sum,0.0,0
3,f102_active_NAME_GOODS_CATEGORY_Jewelry_mean,63.26694917678833,9
3,f102_active_NAME_GOODS_CATEGORY_Homewares_sum,6.2322998046875,1
3,f102_active_NAME_GOODS_CATEGORY_Mobile_sum,591.8317604064941,55
3,f102_active_NAME_GOODS_CATEGORY_Insurance_sum,0.0,0
3,f102_active_NAME_GOODS_CATEGORY_Medical_Supplies_mean,0.0,0
3,f102_active_NAME_GOODS_CATEGORY_Jewelry_sum,5.782259941101074,1
3,f102_active_NAME_GOODS_CATEGORY_Medicine_mean,0.0,0
3,f102_active_NAME_GOODS_CATEGORY_Furniture_sum,41.62177085876465,5
3,f102_active_NAME_GOODS_CATEGORY_Sport_and_Leisure_mean,0.0,0
3,f102_active_NAME_GOODS_CATEGORY_Vehicles_mean,19.5692400932312,3
3,f102_active_NAME_GOODS_CATEGORY_Photo___Cinema_Equipment_mean,14.46681022644043,3
3,f102_active_NAME_GOODS_CATEGORY_Sport_and_Leisure_sum,0.0,0
3,f102_active_NAME_GOODS_CATEGORY_Photo___Cinema_Equipment_sum,0.0,0
3,f102_active_NAME_GOODS_CATEGORY_Tourism_mean,0.0,0
3,f102_active_NAME_GOODS_CATEGORY_Office_Appliances_sum,0.0,0
3,f102_active_NAME_GOODS_CATEGORY_Office_Appliances_mean,0.0,0
3,f102_active_NAME_GOODS_CATEGORY_Tourism_sum,0.0,0
3,f102_active_NAME_PAYMENT_TYPE_Cash_through_the_bank_sum,645.8049802780151,75
3,f102_active_NAME_PAYMENT_TYPE_Cashless_from_the_account_of_the_employer_sum,0.0,0
3,f102_active_NAME_GOODS_CATEGORY_Weapon_mean,0.0,0
3,f102_active_NAME_GOODS_CATEGORY_Weapon_sum,0.0,0
3,f102_active_NAME_PAYMENT_TYPE_Cashless_from_the_account_of_the_employer_mean,0.0,0
3,f102_active_NAME_GOODS_CATEGORY_Vehicles_sum,0.0,0
3,f102_active_NAME_GOODS_CATEGORY_XNA_sum,12.119150161743164,2
3,f102_active_NAME_PORTFOLIO_Cash_sum,0.0,0
3,f102_active_NAME_PRODUCT_TYPE_XNA_mean,0.0,0
3,f102_active_NAME_PORTFOLIO_POS_sum,0.0,0
3,f102_active_NAME_GOODS_CATEGORY_XNA_mean,0.0,0
3,f102_active_NAME_PAYMENT_TYPE_Non_cash_from_your_account_mean,0.0,0
3,f102_active_NAME_PAYMENT_TYPE_Non_cash_from_your_account_sum,0.0,0
3,f102_active_NAME_PORTFOLIO_POS_mean,0.0,0
3,f102_active_NAME_PORTFOLIO_Cash_mean,0.0,0
3,f102_active_NAME_PRODUCT_TYPE_x_sell_mean,658.6024012565613,52
3,f102_active_NAME_SELLER_INDUSTRY_Construction_mean,41.16720008850098,6
3,f102_active_NAME_PRODUCT_TYPE_XNA_sum,0.0,0
3,f102_active_NAME_SELLER_INDUSTRY_Auto_technology_sum,182.85218906402588,22
3,f102_active_NAME_PAYMENT_TYPE_XNA_sum,229.92085886001587,28
3,f102_active_NAME_SELLER_INDUSTRY_Auto_technology_mean,302.70121908187866,37
3,f102_active_NAME_SELLER_INDUSTRY_Clothing_mean,34.164549827575684,4
3,f102_active_NAME_PRODUCT_TYPE_x_sell_sum,212.14720964431763,14
3,f102_active_NAME_SELLER_INDUSTRY_Clothing_sum,0.0,0
3,f102_active_NAME_SELLER_INDUSTRY_Construction_sum,11.695159912109375,2
3,f102_active_NAME_SELLER_INDUSTRY_MLM_partners_mean,0.0,0
3,f102_active_NAME_SELLER_INDUSTRY_Furniture_mean,149.4527997970581,19
3,f102_active_NAME_SELLER_INDUSTRY_Industry_mean,10.234409809112549,2
3,f102_active_NAME_SELLER_INDUSTRY_Industry_sum,0.0,0
3,f102_active_NAME_SELLER_INDUSTRY_Jewelry_mean,58.4769401550293,10
3,f102_active_NAME_TYPE_SUITE_Family_mean,488.81057953834534,63
3,f102_active_NAME_SELLER_INDUSTRY_Furniture_sum,7.179659843444824,1
3,f102_active_NAME_SELLER_INDUSTRY_Consumer_electronics_sum,198.13095998764038,25
3,f102_active_NAME_SELLER_INDUSTRY_Jewelry_sum,13.209710121154785,2
3,f102_active_NAME_SELLER_INDUSTRY_Consumer_electronics_mean,287.554568529129,36
3,f102_active_NAME_TYPE_SUITE_Children_sum,130.27499103546143,22
3,f102_active_NAME_SELLER_INDUSTRY_Tourism_sum,0.0,0
3,f102_active_NAME_TYPE_SUITE_Children_mean,108.4505786895752,20
3,f102_active_NAME_SELLER_INDUSTRY_XNA_sum,37.742539405822754,3
3,f102_active_NAME_SELLER_INDUSTRY_MLM_partners_sum,0.0,0
3,f102_active_NAME_TYPE_SUITE_Family_sum,66.9790301322937,10
3,f102_active_NAME_SELLER_INDUSTRY_Tourism_mean,0.0,0
3,f102_active_NAME_TYPE_SUITE_Spouse__partner_sum,54.60279989242554,7
3,f102_active_NAME_TYPE_SUITE_Group_of_people_mean,0.0,0
3,f102_active_NAME_SELLER_INDUSTRY_XNA_mean,86.2978003025055,11
3,f102_active_NAME_TYPE_SUITE_Other_A_sum,0.0,0
3,f102_active_NAME_TYPE_SUITE_Group_of_people_sum,0.0,0
3,f102_active_NAME_TYPE_SUITE_Other_A_mean,0.0,0
3,f102_active_NAME_TYPE_SUITE_Spouse__partner_mean,145.99379014968872,22
3,f102_active_NAME_TYPE_SUITE_Other_B_mean,474.80144119262695,54
3,f102_active_NAME_TYPE_SUITE_Other_B_sum,132.932270526886,14
3,f102_active_NAME_YIELD_GROUP_middle_sum,703.5904362201691,84
3,f102_active_PREV_COUNT,13.819840431213379,2
3,f102_active_PRODUCT_COMBINATION_POS_industry_with_interest_mean,266.56955194473267,32
3,f102_active_NAME_TYPE_SUITE_Unaccompanied_sum,383.6847400665283,51
3,f102_active_NAME_TYPE_SUITE_Unaccompanied_mean,921.8419396877289,116
3,f102_active_NAME_YIELD_GROUP_middle_mean,1163.6782548427582,140
3,f102_active_PRODUCT_COMBINATION_POS_household_without_interest_sum,280.38597106933594,31
3,f102_active_PRODUCT_COMBINATION_POS_industry_with_interest_sum,47.93426036834717,7
3,f102_active_PRODUCT_COMBINATION_POS_others_without_interest_sum,6.3986101150512695,1
3,f102_active_PRODUCT_COMBINATION_POS_mobile_without_interest_sum,89.53581047058105,12
3,f102_active_PRODUCT_COMBINATION_POS_household_with_interest_mean,800.7923827171326,84
3,f102_active_RATE_DOWN_PAYMENT_std,169.69934964179993,28
3,f102_active_PRODUCT_COMBINATION_POS_others_without_interest_mean,4.095459938049316,1
3,f102_active_PRODUCT_COMBINATION_POS_other_with_interest_sum,62.569430351257324,7
3,f102_active_PRODUCT_COMBINATION_POS_household_with_interest_sum,121.97851991653442,12
3,f102_active_PRODUCT_COMBINATION_POS_mobile_without_interest_mean,136.64597940444946,16
3,f102_active_RATE_DOWN_PAYMENT_max_div_min,1027.5201399326324,117
3,f102_active_PRODUCT_COMBINATION_POS_household_without_interest_mean,486.40193819999695,54
3,f102_active_PRODUCT_COMBINATION_POS_industry_without_interest_mean,277.02353143692017,42
3,f102_active_PRODUCT_COMBINATION_POS_other_with_interest_mean,250.74465942382812,35
3,f102_active_SELLERPLACE_AREA_std_div_mean,455.21788001060486,65
3,f102_active_SELLERPLACE_AREA_max,3457.072711586952,415
3,f102_active_PRODUCT_COMBINATION_POS_industry_without_interest_sum,33.47664976119995,5
3,f102_active_WEEKDAY_APPR_PROCESS_START_FRIDAY_mean,549.2438411712646,69
3,f102_active_SELLERPLACE_AREA_max_div_min,174.2917194366455,28
3,f102_active_SELLERPLACE_AREA_mean,3045.9499591588974,382
3,f102_active_SELLERPLACE_AREA_min,3261.2529673576355,401
3,f102_active_WEEKDAY_APPR_PROCESS_START_MONDAY_mean,381.2909002304077,55
3,f102_active_WEEKDAY_APPR_PROCESS_START_MONDAY_sum,52.517330169677734,7
3,f102_active_WEEKDAY_APPR_PROCESS_START_FRIDAY_sum,160.31095004081726,21
3,f102_active_WEEKDAY_APPR_PROCESS_START_SATURDAY_mean,380.1970999240875,56
3,f102_active_WEEKDAY_APPR_PROCESS_START_SATURDAY_sum,71.70358085632324,10
3,f102_active_WEEKDAY_APPR_PROCESS_START_THURSDAY_sum,115.89196014404297,17
3,f102_active_WEEKDAY_APPR_PROCESS_START_TUESDAY_sum,114.31248044967651,14
3,f102_active_WEEKDAY_APPR_PROCESS_START_WEDNESDAY_sum,234.1944408416748,28
3,f102_active_WEEKDAY_APPR_PROCESS_START_SUNDAY_sum,104.15146970748901,16
3,f102_active_WEEKDAY_APPR_PROCESS_START_WEDNESDAY_mean,652.9245493412018,81
3,f102_active_WEEKDAY_APPR_PROCESS_START_THURSDAY_mean,426.0040457248688,58
3,f102_active_WEEKDAY_APPR_PROCESS_START_TUESDAY_mean,295.367778301239,40
3,f102_active_amt_unpaid_std,493.00260877609253,69
3,f102_active_amt_paid_std_div_mean,596.0922191143036,87
3,f102_active_amt_unpaid_std_div_mean,791.544187784195,109
3,f102_active_WEEKDAY_APPR_PROCESS_START_SUNDAY_mean,221.85522079467773,33
3,f102_active_active_sum,0.0,0
3,f102_active_cnt_paid_ratio_std_div_mean,428.2502098083496,58
3,f102_active_amt_paid_max_div_min,233.1832790374756,30
3,f102_active_cnt_paid_ratio_max_div_min,367.7712609767914,49
3,f102_active_cnt_paid_ratio_std,459.2851390838623,62
3,f102_active_cnt_paid_max,952.2926704883575,125
3,f102_active_amt_unpaid_max,2466.7452570796013,300
3,f102_active_amt_unpaid_max_div_min,303.03284883499146,40
3,f102_active_amt_unpaid_sum,3198.6548394411802,370
3,f102_active_amt_unpaid_mean,2848.3268156051636,328
3,f102_active_cnt_paid_mean,1652.93219268322,213
3,f102_active_amt_unpaid_min,3695.4133551865816,440
3,f102_active_cnt_unpaid_std,131.97273015975952,17
3,f102_active_cnt_unpaid_std_div_mean,139.0366187095642,19
3,f102_active_cnt_paid_max_div_min,223.34200048446655,29
3,f102_active_cnt_paid_min,1275.9702734947205,161
3,f102_active_interest_rate_diff_std,643.1365892887115,92
3,f102_active_interest_rate_pctchange_mean,5586.4061468839645,639
3,f102_active_interest_rate_pctchange_min,8682.993323206902,938
3,f102_active_cnt_paid_sum,1310.341880083084,160
3,f102_active_interest_rate_diff_max_div_min,322.58676052093506,39
3,f102_active_cnt_unpaid_max_div_min,9.451109886169434,2
3,f102_active_interest_rate_pctchange_max_div_min,177.15489983558655,26
3,f102_active_interest_rate_max_div_min,228.91488027572632,35
3,f102_active_total_debt_diff_std_div_mean,155.8651900291443,25
3,f102_active_interest_rate_pctchange_max,5101.265672206879,608
3,f102_active_total_debt_pctchange_std,245.38669085502625,37
3,f102_active_total_debt_pctchange_std_div_mean,127.09617948532104,21
3,f102_active_total_debt_diff_max_div_min,164.85283136367798,17
3,f102_active_total_debt_diff_min,2170.4310193657875,276
3,f102_active_interest_rate_pctchange_std,713.1018493175507,102
3,f102_active_total_debt_diff_mean,2185.9653816223145,273
3,f102_active_total_debt_diff_max,2673.7089171409607,333
3,f102_active_interest_rate_pctchange_std_div_mean,623.0524377822876,84
3,f102_active_total_debt_pctchange_min,2527.894556045532,312
3,f102_active_interest_rate_std_div_mean,775.6585419178009,106
3,f102_active_total_debt_pctchange_max_div_min,144.23898935317993,17
3,f102_active_total_debt_pctchange_mean,1962.2523460388184,262
3,f102_active_total_debt_mean,3931.513598680496,458
3,f102_active_total_debt_max,3896.9164505004883,451
3,f102_active_total_debt_max_div_min,251.0435905456543,36
3,f102_active_total_debt_pctchange_max,1918.9841040372849,249
3,f102_active_total_debt_std,674.5983006954193,94
3,f102_active_total_debt_min,5042.124516785145,582
3,f102_approved_AMT_ANNUITY_d_app_AMT_ANNUITY_diff_std_div_mean,546.3778524398804,73
3,f102_approved_AMT_ANNUITY_d_app_AMT_ANNUITY_diff_mean,1716.3001588582993,230
3,f102_approved_AMT_ANNUITY_d_app_AMT_ANNUITY_diff_min,2252.9935615062714,284
3,f102_approved_AMT_ANNUITY_d_app_AMT_ANNUITY_diff_max,2329.0162196159363,294
3,f102_approved_AMT_ANNUITY_d_app_AMT_ANNUITY_max_div_min,865.2618095874786,104
3,f102_approved_AMT_ANNUITY_d_app_AMT_ANNUITY_pctchange_std_div_mean,1051.8076107501984,143
3,f102_approved_AMT_ANNUITY_d_app_AMT_CREDIT_pctchange_std_div_mean,351.54495000839233,46
3,f102_approved_AMT_ANNUITY_d_app_AMT_CREDIT_diff_std_div_mean,178.11044931411743,26
3,f102_approved_AMT_ANNUITY_d_app_AMT_ANNUITY_pctchange_min,1253.5656626224518,154
3,f102_approved_AMT_ANNUITY_d_app_AMT_ANNUITY_pctchange_max_div_min,169.49297046661377,24
3,f102_approved_AMT_ANNUITY_d_app_AMT_ANNUITY_diff_max_div_min,112.97102952003479,17
3,f102_approved_AMT_ANNUITY_d_app_AMT_ANNUITY_pctchange_max,1045.850916147232,120
3,f102_approved_AMT_ANNUITY_d_app_AMT_CREDIT_diff_max_div_min,49.765339851379395,8
3,f102_approved_AMT_ANNUITY_d_app_AMT_ANNUITY_pctchange_mean,1149.6617889404297,140
3,f102_approved_AMT_ANNUITY_d_app_AMT_CREDIT_diff_mean,1002.723445892334,121
3,f102_approved_AMT_ANNUITY_d_app_AMT_CREDIT_max_div_min,840.8653903007507,109
3,f102_approved_AMT_ANNUITY_d_app_AMT_GOODS_PRICE_pctchange_max,1731.5800988674164,206
3,f102_approved_AMT_ANNUITY_d_app_AMT_GOODS_PRICE_diff_std_div_mean,150.84136962890625,23
3,f102_approved_AMT_ANNUITY_d_app_AMT_CREDIT_pctchange_mean,1053.2010097503662,128
3,f102_approved_AMT_ANNUITY_d_app_AMT_CREDIT_pctchange_max,1082.2435188293457,133
3,f102_approved_AMT_ANNUITY_d_app_AMT_CREDIT_pctchange_min,1319.5515295267105,163
3,f102_approved_AMT_ANNUITY_d_app_AMT_GOODS_PRICE_pctchange_max_div_min,320.92534923553467,44
3,f102_approved_AMT_ANNUITY_d_app_AMT_CREDIT_diff_min,1518.2971198558807,186
3,f102_approved_AMT_ANNUITY_d_app_AMT_CREDIT_pctchange_max_div_min,257.8962173461914,36
3,f102_approved_AMT_ANNUITY_d_app_AMT_GOODS_PRICE_diff_max_div_min,69.4744803905487,10
3,f102_approved_AMT_ANNUITY_d_app_AMT_GOODS_PRICE_pctchange_std_div_mean,412.35588669776917,65
3,f102_approved_AMT_ANNUITY_d_app_AMT_GOODS_PRICE_diff_mean,1394.2943289279938,178
3,f102_approved_AMT_ANNUITY_d_app_AMT_GOODS_PRICE_max_div_min,1305.0970153808594,157
3,f102_approved_AMT_ANNUITY_d_app_AMT_INCOME_TOTAL_diff_min,603.6162407398224,88
3,f102_approved_AMT_ANNUITY_d_app_AMT_INCOME_TOTAL_diff_max_div_min,80.27832889556885,11
3,f102_approved_AMT_ANNUITY_d_app_AMT_INCOME_TOTAL_diff_std_div_mean,8.42611026763916,1
3,f102_approved_AMT_ANNUITY_d_app_AMT_GOODS_PRICE_std,1883.3659069538116,254
3,f102_approved_AMT_ANNUITY_d_app_AMT_GOODS_PRICE_diff_min,1553.0877726078033,197
3,f102_approved_AMT_ANNUITY_d_app_AMT_GOODS_PRICE_pctchange_mean,1485.4828279018402,180
3,f102_approved_AMT_ANNUITY_d_app_AMT_INCOME_TOTAL_pctchange_min,1280.5043320655823,155
3,f102_approved_AMT_ANNUITY_d_app_AMT_GOODS_PRICE_pctchange_min,1878.0759536027908,234
3,f102_approved_AMT_ANNUITY_d_app_AMT_INCOME_TOTAL_pctchange_max,1132.1538293361664,133
3,f102_approved_AMT_ANNUITY_d_app_AMT_INCOME_TOTAL_pctchange_mean,1053.524488210678,132
3,f102_approved_AMT_ANNUITY_d_app_AMT_INCOME_TOTAL_diff_mean,806.7605813741684,106
3,f102_approved_AMT_ANNUITY_d_app_AMT_INCOME_TOTAL_max_div_min,776.749350309372,100
3,f102_approved_AMT_ANNUITY_d_app_AMT_INCOME_TOTAL_pctchange_std_div_mean,62.45439887046814,8
3,f102_approved_AMT_ANNUITY_d_app_AMT_INCOME_TOTAL_pctchange_max_div_min,193.23434019088745,27
3,f102_approved_AMT_ANNUITY_m_app_AMT_GOODS_PRICE_d_app_AMT_INCOME_TOTAL_std_div_mean,1608.8729293346405,216
3,f102_approved_AMT_ANNUITY_m_app_AMT_GOODS_PRICE_d_app_AMT_INCOME_TOTAL_diff_mean,891.1983208656311,125
3,f102_approved_AMT_ANNUITY_m_app_AMT_GOODS_PRICE_d_app_AMT_INCOME_TOTAL_pctchange_mean,1003.2638592720032,120
3,f102_approved_AMT_ANNUITY_m_app_AMT_GOODS_PRICE_d_app_AMT_INCOME_TOTAL_diff_std_div_mean,56.06545066833496,9
3,f102_approved_AMT_ANNUITY_m_app_AMT_GOODS_PRICE_d_app_AMT_INCOME_TOTAL_pctchange_std_div_mean,369.55109786987305,54
3,f102_approved_AMT_ANNUITY_m_app_AMT_GOODS_PRICE_d_app_AMT_INCOME_TOTAL_diff_max_div_min,36.3244903087616,7
3,f102_approved_AMT_ANNUITY_m_app_AMT_GOODS_PRICE_d_app_AMT_INCOME_TOTAL_pctchange_max,621.088118314743,76
3,f102_approved_AMT_ANNUITY_m_app_AMT_GOODS_PRICE_d_app_AMT_INCOME_TOTAL_diff_min,928.4088394641876,127
3,f102_approved_AMT_ANNUITY_m_app_AMT_GOODS_PRICE_d_app_AMT_INCOME_TOTAL_max,7020.820750236511,750
3,f102_approved_AMT_ANNUITY_m_app_AMT_GOODS_PRICE_d_app_AMT_INCOME_TOTAL_pctchange_max_div_min,385.18476915359497,49
3,f102_approved_AMT_ANNUITY_s_app_AMT_ANNUITY_d_app_AMT_INCOME_TOTAL_diff_std_div_mean,0.0,0
3,f102_approved_AMT_ANNUITY_m_app_AMT_GOODS_PRICE_d_app_AMT_INCOME_TOTAL_min,7324.219227313995,796
3,f102_approved_AMT_ANNUITY_s_app_AMT_ANNUITY_d_app_AMT_INCOME_TOTAL_diff_min,587.1000597476959,78
3,f102_approved_AMT_ANNUITY_s_app_AMT_ANNUITY_d_app_AMT_INCOME_TOTAL_diff_mean,750.951140165329,97
3,f102_approved_AMT_ANNUITY_m_app_AMT_GOODS_PRICE_d_app_AMT_INCOME_TOTAL_max_div_min,877.7103989124298,108
3,f102_approved_AMT_ANNUITY_s_app_AMT_ANNUITY_d_app_AMT_INCOME_TOTAL_pctchange_max_div_min,591.900970697403,81
3,f102_approved_AMT_ANNUITY_s_app_AMT_ANNUITY_d_app_AMT_INCOME_TOTAL_diff_max_div_min,40.590569496154785,7
3,f102_approved_AMT_ANNUITY_max_div_min,833.152446269989,106
3,f102_approved_AMT_ANNUITY_m_app_AMT_GOODS_PRICE_d_app_AMT_INCOME_TOTAL_pctchange_min,1458.2161989212036,186
3,f102_approved_AMT_ANNUITY_m_app_AMT_GOODS_PRICE_d_app_AMT_INCOME_TOTAL_mean,6049.702554941177,649
3,f102_approved_AMT_ANNUITY_s_app_AMT_ANNUITY_d_app_AMT_INCOME_TOTAL_pctchange_std,2265.4133319854736,306
3,f102_approved_AMT_ANNUITY_s_app_AMT_ANNUITY_diff_std_div_mean,4.770500183105469,1
3,f102_approved_AMT_ANNUITY_s_app_AMT_ANNUITY_d_app_AMT_INCOME_TOTAL_max_div_min,1307.1682795286179,167
3,f102_approved_AMT_ANNUITY_s_app_AMT_ANNUITY_pctchange_std_div_mean,1526.3538331985474,209
3,f102_approved_AMT_ANNUITY_s_app_AMT_ANNUITY_d_app_AMT_INCOME_TOTAL_pctchange_max,2848.2725061178207,379
3,f102_approved_AMT_ANNUITY_s_app_AMT_ANNUITY_d_app_AMT_INCOME_TOTAL_std_div_mean,3496.9380831718445,464
3,f102_approved_AMT_ANNUITY_s_app_AMT_ANNUITY_d_app_AMT_INCOME_TOTAL_pctchange_min,3457.517575442791,414
3,f102_approved_AMT_ANNUITY_s_app_AMT_ANNUITY_diff_min,817.746345281601,103
3,f102_approved_AMT_ANNUITY_s_app_AMT_ANNUITY_diff_max_div_min,29.26971960067749,4
3,f102_approved_AMT_ANNUITY_s_app_AMT_ANNUITY_d_app_AMT_INCOME_TOTAL_pctchange_std_div_mean,458.56870889663696,65
3,f102_approved_AMT_ANNUITY_s_app_AMT_ANNUITY_pctchange_mean,2554.2525494098663,309
3,f102_approved_AMT_ANNUITY_s_app_AMT_ANNUITY_d_app_AMT_INCOME_TOTAL_pctchange_mean,2651.3142783641815,339
3,f102_approved_AMT_ANNUITY_s_app_AMT_ANNUITY_diff_mean,748.2599731683731,93
3,f102_approved_AMT_ANNUITY_s_app_AMT_CREDIT_d_app_AMT_INCOME_TOTAL_diff_std_div_mean,4.053490161895752,1
3,f102_approved_AMT_ANNUITY_s_app_AMT_ANNUITY_pctchange_min,3164.670530438423,388
3,f102_approved_AMT_ANNUITY_s_app_AMT_ANNUITY_pctchange_max_div_min,506.0709319114685,73
3,f102_approved_AMT_ANNUITY_s_app_AMT_ANNUITY_pctchange_std,654.5580598115921,91
3,f102_approved_AMT_ANNUITY_s_app_AMT_ANNUITY_std_div_mean,1007.4286682605743,135
3,f102_approved_AMT_ANNUITY_s_app_AMT_CREDIT_d_app_AMT_INCOME_TOTAL_max_div_min,816.6863598823547,104
3,f102_approved_AMT_ANNUITY_s_app_AMT_CREDIT_d_app_AMT_INCOME_TOTAL_diff_min,594.8931086063385,75
3,f102_approved_AMT_ANNUITY_s_app_AMT_ANNUITY_max_div_min,1345.643277645111,177
3,f102_approved_AMT_ANNUITY_s_app_AMT_CREDIT_d_app_AMT_INCOME_TOTAL_diff_max_div_min,132.14775013923645,17
3,f102_approved_AMT_ANNUITY_s_app_AMT_CREDIT_d_app_AMT_INCOME_TOTAL_diff_mean,632.5264957547188,88
3,f102_approved_AMT_ANNUITY_s_app_AMT_ANNUITY_pctchange_max,2276.3965063095093,298
3,f102_approved_AMT_ANNUITY_s_app_AMT_CREDIT_d_app_AMT_INCOME_TOTAL_max,7025.368231125176,740
3,f102_approved_AMT_ANNUITY_s_app_AMT_CREDIT_d_app_AMT_INCOME_TOTAL_pctchange_std_div_mean,314.51403975486755,45
3,f102_approved_AMT_ANNUITY_s_app_AMT_CREDIT_d_app_AMT_INCOME_TOTAL_pctchange_max_div_min,382.5194363594055,56
3,f102_approved_AMT_ANNUITY_s_app_AMT_CREDIT_diff_max_div_min,109.04967975616455,14
3,f102_approved_AMT_ANNUITY_s_app_AMT_CREDIT_diff_std_div_mean,12.315600395202637,1
3,f102_approved_AMT_ANNUITY_s_app_AMT_CREDIT_diff_mean,825.8507928848267,108
3,f102_approved_AMT_ANNUITY_s_app_AMT_CREDIT_d_app_AMT_INCOME_TOTAL_mean,5874.281837463379,637
3,f102_approved_AMT_ANNUITY_s_app_AMT_CREDIT_d_app_AMT_INCOME_TOTAL_pctchange_min,1211.4647008180618,165
3,f102_approved_AMT_ANNUITY_s_app_AMT_CREDIT_d_app_AMT_INCOME_TOTAL_pctchange_max,1072.557424068451,143
3,f102_approved_AMT_ANNUITY_s_app_AMT_CREDIT_d_app_AMT_INCOME_TOTAL_pctchange_mean,831.6375486850739,104
3,f102_approved_AMT_ANNUITY_s_app_AMT_CREDIT_diff_min,967.0993826389313,120
3,f102_approved_AMT_ANNUITY_s_app_AMT_CREDIT_d_app_AMT_INCOME_TOTAL_min,7038.3902707099915,732
3,f102_approved_AMT_ANNUITY_s_app_AMT_CREDIT_max_div_min,921.1318988800049,119
3,f102_approved_AMT_ANNUITY_s_app_AMT_CREDIT_pctchange_std_div_mean,103.49633061885834,17
3,f102_approved_AMT_ANNUITY_s_app_AMT_CREDIT_pctchange_max_div_min,300.9460115432739,38
3,f102_approved_AMT_ANNUITY_s_app_AMT_GOODS_PRICE_diff_std_div_mean,24.56759023666382,3
3,f102_approved_AMT_ANNUITY_s_app_AMT_CREDIT_pctchange_min,1223.9441148489714,160
3,f102_approved_AMT_ANNUITY_s_app_AMT_CREDIT_pctchange_max,795.3955390453339,99
3,f102_approved_AMT_ANNUITY_s_app_AMT_CREDIT_pctchange_mean,874.3213105201721,109
3,f102_approved_AMT_ANNUITY_s_app_AMT_GOODS_PRICE_diff_max_div_min,66.30740928649902,8
3,f102_approved_AMT_ANNUITY_s_app_AMT_GOODS_PRICE_std_div_mean,560.2756915092468,70
3,f102_approved_AMT_ANNUITY_s_app_AMT_GOODS_PRICE_pctchange_max_div_min,390.0959384441376,53
3,f102_approved_AMT_ANNUITY_s_app_AMT_GOODS_PRICE_pctchange_max,872.6218721866608,110
3,f102_approved_AMT_ANNUITY_s_app_AMT_GOODS_PRICE_max_div_min,677.4714987277985,93
3,f102_approved_AMT_ANNUITY_s_app_AMT_INCOME_TOTAL_diff_min,1039.1323912143707,132
3,f102_approved_AMT_ANNUITY_s_app_AMT_GOODS_PRICE_pctchange_std_div_mean,104.62993001937866,16
3,f102_approved_AMT_ANNUITY_s_app_AMT_GOODS_PRICE_diff_min,1281.0129585266113,165
3,f102_approved_AMT_ANNUITY_s_app_AMT_INCOME_TOTAL_min,9231.748030126095,1061
3,f102_approved_AMT_ANNUITY_s_app_AMT_INCOME_TOTAL_diff_max_div_min,62.07536420226097,9
3,f102_approved_AMT_ANNUITY_s_app_AMT_GOODS_PRICE_pctchange_mean,903.2169263362885,111
3,f102_approved_AMT_ANNUITY_s_app_AMT_GOODS_PRICE_pctchange_min,1569.1710772514343,200
3,f102_approved_AMT_ANNUITY_s_app_AMT_INCOME_TOTAL_max,9899.094773292542,1160
3,f102_approved_AMT_ANNUITY_s_app_AMT_GOODS_PRICE_diff_mean,1109.1080992221832,136
3,f102_approved_AMT_ANNUITY_s_app_AMT_INCOME_TOTAL_diff_mean,659.7988510131836,84
3,f102_approved_AMT_ANNUITY_s_app_AMT_INCOME_TOTAL_pctchange_max,2177.5906190872192,285
3,f102_approved_AMT_ANNUITY_s_app_AMT_INCOME_TOTAL_max_div_min,1814.5001194477081,224
3,f102_approved_AMT_ANNUITY_s_app_AMT_INCOME_TOTAL_pctchange_std_div_mean,857.403507232666,128
3,f102_approved_AMT_ANNUITY_s_app_AMT_INCOME_TOTAL_diff_std_div_mean,0.0,0
4,f102_approved_AMT_ANNUITY_s_app_AMT_INCOME_TOTAL_pctchange_max_div_min,777.9387016296387,103
4,f102_approved_AMT_APPLICATION_d_app_AMT_CREDIT_diff_std_div_mean,145.78353929519653,21
4,f102_approved_AMT_ANNUITY_s_app_AMT_INCOME_TOTAL_pctchange_mean,3119.9294023513794,400
4,f102_approved_AMT_APPLICATION_d_app_AMT_ANNUITY_diff_min,686.3423600196838,87
4,f102_approved_AMT_ANNUITY_s_app_AMT_INCOME_TOTAL_pctchange_min,3677.4233450889587,439
4,f102_approved_AMT_ANNUITY_s_app_AMT_INCOME_TOTAL_pctchange_std,1531.8745276927948,198
4,f102_approved_AMT_APPLICATION_d_app_AMT_ANNUITY_diff_mean,488.26705265045166,60
4,f102_approved_AMT_APPLICATION_d_app_AMT_ANNUITY_diff_max_div_min,20.749579906463623,3
4,f102_approved_AMT_APPLICATION_d_app_AMT_ANNUITY_diff_max,724.9207701683044,85
4,f102_approved_AMT_ANNUITY_s_app_AMT_INCOME_TOTAL_mean,7300.516379833221,917
4,f102_approved_AMT_APPLICATION_d_app_AMT_ANNUITY_pctchange_max,243.86550903320312,30
4,f102_approved_AMT_APPLICATION_d_app_AMT_ANNUITY_max_div_min,107.57027053833008,13
4,f102_approved_AMT_APPLICATION_d_app_AMT_ANNUITY_pctchange_std,315.4394146502018,41
4,f102_approved_AMT_APPLICATION_d_app_AMT_ANNUITY_std_div_mean,747.1216020584106,91
4,f102_approved_AMT_APPLICATION_d_app_AMT_ANNUITY_pctchange_max_div_min,63.2733690738678,9
4,f102_approved_AMT_APPLICATION_d_app_AMT_ANNUITY_pctchange_std_div_mean,188.24301958084106,24
4,f102_approved_AMT_APPLICATION_d_app_AMT_ANNUITY_min,6024.818965315819,508
4,f102_approved_AMT_APPLICATION_d_app_AMT_CREDIT_diff_max_div_min,29.620900630950928,4
4,f102_approved_AMT_APPLICATION_d_app_AMT_ANNUITY_pctchange_min,132.0925006866455,20
4,f102_approved_AMT_APPLICATION_d_app_AMT_CREDIT_diff_min,579.0522713661194,68
4,f102_approved_AMT_APPLICATION_d_app_AMT_ANNUITY_pctchange_mean,218.29264211654663,22
4,f102_approved_AMT_APPLICATION_d_app_AMT_CREDIT_pctchange_min,244.5302505493164,31
4,f102_approved_AMT_APPLICATION_d_app_AMT_CREDIT_diff_mean,481.9295868873596,58
4,f102_approved_AMT_APPLICATION_d_app_AMT_CREDIT_diff_max,352.3882415294647,44
4,f102_approved_AMT_APPLICATION_d_app_AMT_CREDIT_pctchange_max_div_min,63.44544982910156,8
4,f102_approved_AMT_APPLICATION_d_app_AMT_CREDIT_pctchange_mean,130.17943048477173,14
4,f102_approved_AMT_APPLICATION_d_app_AMT_CREDIT_pctchange_max,144.5584797859192,17
4,f102_approved_AMT_APPLICATION_d_app_AMT_CREDIT_pctchange_std,154.5464391708374,18
4,f102_approved_AMT_APPLICATION_d_app_AMT_CREDIT_max_div_min,43.0051794052124,6
4,f102_approved_AMT_APPLICATION_d_app_AMT_CREDIT_pctchange_std_div_mean,196.48792219161987,25
4,f102_approved_AMT_APPLICATION_d_app_AMT_GOODS_PRICE_std_div_mean,347.2745101451874,46
4,f102_approved_AMT_APPLICATION_d_app_AMT_CREDIT_std_div_mean,224.6997995376587,27
4,f102_approved_AMT_APPLICATION_d_app_AMT_GOODS_PRICE_diff_std_div_mean,40.55698013305664,5
4,f102_approved_AMT_APPLICATION_d_app_AMT_GOODS_PRICE_diff_max_div_min,76.7560601234436,10
4,f102_approved_AMT_APPLICATION_d_app_AMT_CREDIT_min,2683.2156620025635,272
4,f102_approved_AMT_APPLICATION_d_app_AMT_GOODS_PRICE_diff_mean,479.10496854782104,54
4,f102_approved_AMT_APPLICATION_d_app_AMT_GOODS_PRICE_diff_min,328.52332878112793,43
4,f102_approved_AMT_APPLICATION_d_app_AMT_GOODS_PRICE_pctchange_std,104.06576013565063,13
4,f102_approved_AMT_APPLICATION_d_app_AMT_GOODS_PRICE_pctchange_std_div_mean,68.06451034545898,8
4,f102_approved_AMT_APPLICATION_d_app_AMT_GOODS_PRICE_pctchange_max_div_min,51.03094005584717,8
4,f102_approved_AMT_APPLICATION_d_app_AMT_GOODS_PRICE_pctchange_max,262.4167387485504,31
4,f102_approved_AMT_APPLICATION_d_app_AMT_GOODS_PRICE_max_div_min,162.08212089538574,21
4,f102_approved_AMT_APPLICATION_d_app_AMT_GOODS_PRICE_pctchange_min,231.28556966781616,26
4,f102_approved_AMT_APPLICATION_d_app_AMT_INCOME_TOTAL_diff_std,202.26010990142822,25
4,f102_approved_AMT_APPLICATION_d_app_AMT_GOODS_PRICE_diff_max,571.4068994522095,71
4,f102_approved_AMT_APPLICATION_d_app_AMT_GOODS_PRICE_mean,1827.216702580452,201
4,f102_approved_AMT_APPLICATION_d_app_AMT_GOODS_PRICE_pctchange_mean,265.563839673996,34
4,f102_approved_AMT_APPLICATION_d_app_AMT_GOODS_PRICE_min,1585.6091401576996,184
4,f102_approved_AMT_APPLICATION_d_app_AMT_INCOME_TOTAL_diff_std_div_mean,82.20691967010498,11
4,f102_approved_AMT_APPLICATION_d_app_AMT_INCOME_TOTAL_min,4082.4871183633804,483
4,f102_approved_AMT_APPLICATION_d_app_AMT_INCOME_TOTAL_diff_min,254.02866077423096,30
4,f102_approved_AMT_APPLICATION_d_app_AMT_INCOME_TOTAL_pctchange_std_div_mean,63.499340534210205,9
4,f102_approved_AMT_APPLICATION_d_app_AMT_INCOME_TOTAL_max_div_min,72.2650499343872,9
4,f102_approved_AMT_APPLICATION_d_app_AMT_INCOME_TOTAL_diff_max_div_min,29.870530128479004,5
4,f102_approved_AMT_APPLICATION_d_app_AMT_INCOME_TOTAL_std_div_mean,38.316909313201904,7
4,f102_approved_AMT_APPLICATION_d_app_AMT_INCOME_TOTAL_diff_max,256.1641311645508,29
4,f102_approved_AMT_APPLICATION_d_app_AMT_INCOME_TOTAL_diff_mean,153.22409868240356,18
4,f102_approved_AMT_APPLICATION_m_app_AMT_GOODS_PRICE_d_app_AMT_INCOME_TOTAL_diff_std,181.5544204711914,21
4,f102_approved_AMT_APPLICATION_m_app_AMT_GOODS_PRICE_d_app_AMT_INCOME_TOTAL_diff_max_div_min,46.19773006439209,6
4,f102_approved_AMT_APPLICATION_d_app_AMT_INCOME_TOTAL_pctchange_max,188.22951698303223,20
4,f102_approved_AMT_APPLICATION_d_app_AMT_INCOME_TOTAL_pctchange_std,14.6210298538208,2
4,f102_approved_AMT_APPLICATION_d_app_AMT_INCOME_TOTAL_pctchange_max_div_min,34.51061910390854,6
4,f102_approved_AMT_APPLICATION_d_app_AMT_INCOME_TOTAL_pctchange_min,220.6429009437561,27
4,f102_approved_AMT_APPLICATION_m_app_AMT_GOODS_PRICE_d_app_AMT_INCOME_TOTAL_std_div_mean,877.2876718044281,117
4,f102_approved_AMT_APPLICATION_m_app_AMT_GOODS_PRICE_d_app_AMT_INCOME_TOTAL_pctchange_max_div_min,253.63615036010742,30
4,f102_approved_AMT_APPLICATION_m_app_AMT_GOODS_PRICE_d_app_AMT_INCOME_TOTAL_diff_std_div_mean,34.28231954574585,5
4,f102_approved_AMT_APPLICATION_d_app_AMT_INCOME_TOTAL_pctchange_mean,120.81411981582642,16
4,f102_approved_AMT_APPLICATION_m_app_AMT_GOODS_PRICE_d_app_AMT_INCOME_TOTAL_diff_max,179.83797931671143,24
4,f102_approved_AMT_APPLICATION_m_app_AMT_GOODS_PRICE_d_app_AMT_INCOME_TOTAL_max_div_min,409.5860104560852,53
4,f102_approved_AMT_APPLICATION_m_app_AMT_GOODS_PRICE_d_app_AMT_INCOME_TOTAL_diff_mean,318.53910970687866,38
4,f102_approved_AMT_APPLICATION_m_app_AMT_GOODS_PRICE_d_app_AMT_INCOME_TOTAL_diff_min,298.87360525131226,40
4,f102_approved_AMT_APPLICATION_m_app_AMT_GOODS_PRICE_d_app_AMT_INCOME_TOTAL_min,2259.239091396332,257
4,f102_approved_AMT_APPLICATION_m_app_AMT_GOODS_PRICE_d_app_AMT_INCOME_TOTAL_pctchange_max,925.9907776117325,111
4,f102_approved_AMT_APPLICATION_m_app_AMT_GOODS_PRICE_d_app_AMT_INCOME_TOTAL_max,1753.8516173362732,205
4,f102_approved_AMT_APPLICATION_m_app_AMT_GOODS_PRICE_d_app_AMT_INCOME_TOTAL_pctchange_std,398.19132816791534,57
4,f102_approved_AMT_APPLICATION_m_app_AMT_GOODS_PRICE_d_app_AMT_INCOME_TOTAL_mean,1782.974247455597,201
4,f102_approved_AMT_APPLICATION_s_app_AMT_ANNUITY_d_app_AMT_INCOME_TOTAL_diff_std,116.97506558895111,17
4,f102_approved_AMT_APPLICATION_m_app_AMT_GOODS_PRICE_d_app_AMT_INCOME_TOTAL_pctchange_std_div_mean,429.56402111053467,55
4,f102_approved_AMT_APPLICATION_m_app_AMT_GOODS_PRICE_d_app_AMT_INCOME_TOTAL_pctchange_min,983.126900434494,125
4,f102_approved_AMT_APPLICATION_s_app_AMT_ANNUITY_d_app_AMT_INCOME_TOTAL_diff_max_div_min,17.013710021972656,2
4,f102_approved_AMT_APPLICATION_max_div_min,45.767499923706055,7
4,f102_approved_AMT_APPLICATION_s_app_AMT_ANNUITY_d_app_AMT_INCOME_TOTAL_diff_std_div_mean,67.98916006088257,9
4,f102_approved_AMT_APPLICATION_m_app_AMT_GOODS_PRICE_d_app_AMT_INCOME_TOTAL_pctchange_mean,1184.2029659748077,142
4,f102_approved_AMT_APPLICATION_s_app_AMT_ANNUITY_d_app_AMT_INCOME_TOTAL_diff_max,268.3153398036957,34
4,f102_approved_AMT_APPLICATION_s_app_AMT_ANNUITY_d_app_AMT_INCOME_TOTAL_pctchange_std_div_mean,572.0071003437042,79
4,f102_approved_AMT_APPLICATION_s_app_AMT_ANNUITY_d_app_AMT_INCOME_TOTAL_diff_min,286.8457398414612,32
4,f102_approved_AMT_APPLICATION_s_app_AMT_ANNUITY_d_app_AMT_INCOME_TOTAL_pctchange_max,1047.0395646095276,126
4,f102_approved_AMT_APPLICATION_s_app_AMT_ANNUITY_d_app_AMT_INCOME_TOTAL_max_div_min,660.5639185905457,85
4,f102_approved_AMT_APPLICATION_s_app_AMT_ANNUITY_d_app_AMT_INCOME_TOTAL_diff_mean,198.6702914237976,20
4,f102_approved_AMT_APPLICATION_s_app_AMT_ANNUITY_d_app_AMT_INCOME_TOTAL_pctchange_std,648.9751210212708,82
4,f102_approved_AMT_APPLICATION_s_app_AMT_ANNUITY_diff_max,491.08194041252136,56
4,f102_approved_AMT_APPLICATION_s_app_AMT_ANNUITY_d_app_AMT_INCOME_TOTAL_pctchange_mean,948.563328742981,109
4,f102_approved_AMT_APPLICATION_s_app_AMT_ANNUITY_d_app_AMT_INCOME_TOTAL_pctchange_min,1183.008160829544,135
4,f102_approved_AMT_APPLICATION_s_app_AMT_ANNUITY_d_app_AMT_INCOME_TOTAL_std_div_mean,1112.1989296674728,141
4,f102_approved_AMT_APPLICATION_s_app_AMT_ANNUITY_diff_max_div_min,16.035210132598877,3
4,f102_approved_AMT_APPLICATION_s_app_AMT_ANNUITY_pctchange_std_div_mean,151.75163078308105,19
4,f102_approved_AMT_APPLICATION_s_app_AMT_ANNUITY_d_app_AMT_INCOME_TOTAL_pctchange_max_div_min,153.34420037269592,22
4,f102_approved_AMT_APPLICATION_s_app_AMT_ANNUITY_diff_mean,328.1200795173645,41
4,f102_approved_AMT_APPLICATION_s_app_AMT_ANNUITY_pctchange_max_div_min,205.09780025482178,28
4,f102_approved_AMT_APPLICATION_s_app_AMT_ANNUITY_diff_std_div_mean,19.42898988723755,3
4,f102_approved_AMT_APPLICATION_s_app_AMT_ANNUITY_std_div_mean,418.0244596004486,53
4,f102_approved_AMT_APPLICATION_s_app_AMT_ANNUITY_max_div_min,610.8933787345886,79
4,f102_approved_AMT_APPLICATION_s_app_AMT_ANNUITY_diff_min,355.9345898628235,42
4,f102_approved_AMT_APPLICATION_s_app_AMT_CREDIT_d_app_AMT_INCOME_TOTAL_diff_std_div_mean,22.956769943237305,4
4,f102_approved_AMT_APPLICATION_s_app_AMT_ANNUITY_pctchange_std,288.40552043914795,35
4,f102_approved_AMT_APPLICATION_s_app_AMT_ANNUITY_pctchange_max,1051.0900712013245,122
4,f102_approved_AMT_APPLICATION_s_app_AMT_ANNUITY_pctchange_mean,1092.2786107063293,125
4,f102_approved_AMT_APPLICATION_s_app_AMT_CREDIT_d_app_AMT_INCOME_TOTAL_diff_std,11.91165018081665,2
4,f102_approved_AMT_APPLICATION_s_app_AMT_CREDIT_d_app_AMT_INCOME_TOTAL_diff_min,191.6676983833313,24
4,f102_approved_AMT_APPLICATION_s_app_AMT_CREDIT_d_app_AMT_INCOME_TOTAL_diff_max_div_min,21.017590045928955,4
4,f102_approved_AMT_APPLICATION_s_app_AMT_ANNUITY_pctchange_min,1109.8917281627655,130
4,f102_approved_AMT_APPLICATION_s_app_AMT_CREDIT_d_app_AMT_INCOME_TOTAL_diff_max,260.8353590965271,32
4,f102_approved_AMT_APPLICATION_s_app_AMT_CREDIT_d_app_AMT_INCOME_TOTAL_pctchange_max_div_min,153.8513503074646,21
4,f102_approved_AMT_APPLICATION_s_app_AMT_CREDIT_d_app_AMT_INCOME_TOTAL_min,2543.9194070100784,281
4,f102_approved_AMT_APPLICATION_s_app_AMT_CREDIT_d_app_AMT_INCOME_TOTAL_max_div_min,473.3962287902832,58
4,f102_approved_AMT_APPLICATION_s_app_AMT_CREDIT_d_app_AMT_INCOME_TOTAL_diff_mean,187.03523063659668,25
4,f102_approved_AMT_APPLICATION_s_app_AMT_CREDIT_d_app_AMT_INCOME_TOTAL_mean,2584.2507305145264,271
4,f102_approved_AMT_APPLICATION_s_app_AMT_CREDIT_d_app_AMT_INCOME_TOTAL_pctchange_max,1526.6044840812683,183
4,f102_approved_AMT_APPLICATION_s_app_AMT_CREDIT_d_app_AMT_INCOME_TOTAL_max,2668.4112043380737,293
4,f102_approved_AMT_APPLICATION_s_app_AMT_CREDIT_d_app_AMT_INCOME_TOTAL_pctchange_std_div_mean,437.27984142303467,60
4,f102_approved_AMT_APPLICATION_s_app_AMT_CREDIT_diff_max_div_min,19.39661979675293,2
4,f102_approved_AMT_APPLICATION_s_app_AMT_CREDIT_pctchange_std_div_mean,204.83122968673706,24
4,f102_approved_AMT_APPLICATION_s_app_AMT_CREDIT_diff_std_div_mean,22.14742946624756,3
4,f102_approved_AMT_APPLICATION_s_app_AMT_CREDIT_diff_min,244.60781002044678,30
4,f102_approved_AMT_APPLICATION_s_app_AMT_CREDIT_d_app_AMT_INCOME_TOTAL_std_div_mean,1289.833952665329,163
4,f102_approved_AMT_APPLICATION_s_app_AMT_CREDIT_diff_max,477.1858080625534,47
4,f102_approved_AMT_APPLICATION_s_app_AMT_CREDIT_diff_mean,257.76274156570435,32
4,f102_approved_AMT_APPLICATION_s_app_AMT_CREDIT_max_div_min,330.24845395982265,41
4,f102_approved_AMT_APPLICATION_s_app_AMT_GOODS_PRICE_max_div_min,372.72213983535767,54
4,f102_approved_AMT_APPLICATION_s_app_AMT_CREDIT_min,2949.4559956789017,317
4,f102_approved_AMT_APPLICATION_s_app_AMT_CREDIT_pctchange_max,1365.2232553958893,168
4,f102_approved_AMT_APPLICATION_s_app_AMT_GOODS_PRICE_diff_std_div_mean,20.487969875335693,3
4,f102_approved_AMT_APPLICATION_s_app_AMT_CREDIT_mean,2717.1583728790283,286
4,f102_approved_AMT_APPLICATION_s_app_AMT_CREDIT_std_div_mean,460.1565294265747,56
4,f102_approved_AMT_APPLICATION_s_app_AMT_CREDIT_pctchange_max_div_min,124.8490400314331,17
4,f102_approved_AMT_APPLICATION_s_app_AMT_GOODS_PRICE_diff_max_div_min,52.38423013687134,7
4,f102_approved_AMT_APPLICATION_s_app_AMT_GOODS_PRICE_pctchange_std,154.14068937301636,20
4,f102_approved_AMT_APPLICATION_s_app_AMT_GOODS_PRICE_diff_mean,279.3063406944275,36
4,f102_approved_AMT_APPLICATION_s_app_AMT_CREDIT_max,3430.4531857967377,346
4,f102_approved_AMT_APPLICATION_s_app_AMT_GOODS_PRICE_diff_max,542.008358001709,63
4,f102_approved_AMT_APPLICATION_s_app_AMT_GOODS_PRICE_max,1820.9239065647125,209
4,f102_approved_AMT_APPLICATION_s_app_AMT_GOODS_PRICE_diff_min,342.29016733169556,43
4,f102_approved_AMT_APPLICATION_s_app_AMT_GOODS_PRICE_pctchange_max_div_min,168.84052085876465,22
4,f102_approved_AMT_APPLICATION_s_app_AMT_GOODS_PRICE_std_div_mean,612.5557804107666,73
4,f102_approved_AMT_APPLICATION_s_app_AMT_GOODS_PRICE_pctchange_std_div_mean,122.52052927017212,16
4,f102_approved_AMT_APPLICATION_s_app_AMT_GOODS_PRICE_mean,2360.226288795471,253
4,f102_approved_AMT_APPLICATION_s_app_AMT_GOODS_PRICE_min,4266.413753271103,333
4,f102_approved_AMT_APPLICATION_s_app_AMT_GOODS_PRICE_pctchange_min,1047.4191982746124,135
4,f102_approved_AMT_APPLICATION_s_app_AMT_INCOME_TOTAL_diff_mean,225.42765855789185,30
4,f102_approved_AMT_APPLICATION_s_app_AMT_GOODS_PRICE_pctchange_mean,1089.3461513519287,139
4,f102_approved_AMT_APPLICATION_s_app_AMT_INCOME_TOTAL_diff_std_div_mean,8.183030128479004,1
4,f102_approved_AMT_APPLICATION_s_app_AMT_GOODS_PRICE_pctchange_max,1008.6022304296494,136
4,f102_approved_AMT_APPLICATION_s_app_AMT_INCOME_TOTAL_diff_max,522.9942094087601,62
4,f102_approved_AMT_APPLICATION_s_app_AMT_INCOME_TOTAL_max_div_min,1331.3722941875458,160
4,f102_approved_AMT_APPLICATION_s_app_AMT_INCOME_TOTAL_pctchange_std,692.5786083936691,97
4,f102_approved_AMT_APPLICATION_s_app_AMT_INCOME_TOTAL_pctchange_std_div_mean,684.4006332159042,90
4,f102_approved_AMT_APPLICATION_s_app_AMT_INCOME_TOTAL_pctchange_max_div_min,320.7667181491852,42
4,f102_approved_AMT_APPLICATION_s_app_AMT_INCOME_TOTAL_pctchange_min,2302.4283633232117,290
4,f102_approved_AMT_APPLICATION_s_app_AMT_INCOME_TOTAL_diff_max_div_min,54.9241099357605,7
4,f102_approved_AMT_APPLICATION_s_app_AMT_INCOME_TOTAL_std_div_mean,1842.4530546665192,227
4,f102_approved_AMT_APPLICATION_s_app_AMT_INCOME_TOTAL_diff_min,347.7833285331726,41
4,f102_approved_AMT_APPLICATION_std_div_mean,26.823849201202393,4
4,f102_approved_AMT_APPLICATION_s_app_AMT_INCOME_TOTAL_pctchange_max,2383.9006929397583,292
4,f102_approved_AMT_APPLICATION_s_app_AMT_INCOME_TOTAL_pctchange_mean,2258.1946600675583,285
4,f102_approved_AMT_CREDIT_d_AMT_ANNUITY_diff_std,730.7303302288055,99
4,f102_approved_AMT_CREDIT_d_AMT_ANNUITY_diff_max_div_min,714.1012088060379,92
4,f102_approved_AMT_CREDIT_d_AMT_APPLICATION_diff_max_div_min,576.0634187459946,73
4,f102_approved_AMT_CREDIT_d_AMT_ANNUITY_std_div_mean,1854.4997370243073,231
4,f102_approved_AMT_CREDIT_d_AMT_ANNUITY_diff_min,2063.5547254681587,254
4,f102_approved_AMT_CREDIT_d_AMT_ANNUITY_max_div_min,1265.8520073890686,148
4,f102_approved_AMT_CREDIT_d_AMT_ANNUITY_diff_max,1844.7195296287537,225
4,f102_approved_AMT_CREDIT_d_AMT_ANNUITY_pctchange_max,2318.229259490967,272
4,f102_approved_AMT_CREDIT_d_AMT_ANNUITY_diff_mean,2059.281144142151,248
4,f102_approved_AMT_CREDIT_d_AMT_ANNUITY_max,8659.882449865341,844
4,f102_approved_AMT_CREDIT_d_AMT_ANNUITY_std,1866.2119431495667,231
4,f102_approved_AMT_CREDIT_d_AMT_ANNUITY_pctchange_mean,2077.2330124378204,259
4,f102_approved_AMT_CREDIT_d_AMT_APPLICATION_pctchange_max_div_min,373.03083181381226,46
4,f102_approved_AMT_CREDIT_d_AMT_ANNUITY_pctchange_max_div_min,913.1021904945374,105
4,f102_approved_AMT_CREDIT_d_AMT_APPLICATION_diff_std,723.9375603199005,93
4,f102_approved_AMT_CREDIT_d_AMT_ANNUITY_pctchange_min,2657.999289393425,322
4,f102_approved_AMT_CREDIT_d_AMT_APPLICATION_pctchange_std,634.5029768943787,80
4,f102_approved_AMT_CREDIT_d_AMT_APPLICATION_diff_std_div_mean,546.077151298523,70
4,f102_approved_AMT_CREDIT_d_AMT_APPLICATION_diff_max,2145.618494987488,246
4,f102_approved_AMT_CREDIT_d_AMT_APPLICATION_max_div_min,716.1859211921692,85
4,f102_approved_AMT_CREDIT_d_AMT_APPLICATION_pctchange_max,1038.6633777618408,121
4,f102_approved_AMT_CREDIT_d_AMT_APPLICATION_diff_min,2301.736985683441,260
4,f102_approved_AMT_CREDIT_d_AMT_APPLICATION_diff_mean,1738.2670993804932,203
4,f102_approved_AMT_CREDIT_d_AMT_APPLICATION_pctchange_std_div_mean,619.4950084686279,83
4,f102_approved_AMT_CREDIT_d_AMT_APPLICATION_std_div_mean,1450.3913568258286,155
4,f102_approved_AMT_CREDIT_d_AMT_APPLICATION_pctchange_mean,1504.3922905921936,185
4,f102_approved_AMT_CREDIT_d_app_AMT_ANNUITY_diff_max_div_min,33.236769914627075,5
4,f102_approved_AMT_CREDIT_d_app_AMT_ANNUITY_diff_mean,1028.8409089446068,129
4,f102_approved_AMT_CREDIT_d_app_AMT_ANNUITY_diff_min,1054.4124400615692,122
4,f102_approved_AMT_CREDIT_d_app_AMT_ANNUITY_pctchange_max_div_min,135.8101716041565,18
4,f102_approved_AMT_CREDIT_d_AMT_APPLICATION_pctchange_min,1098.399551153183,128
4,f102_approved_AMT_CREDIT_d_app_AMT_ANNUITY_diff_max,934.056713104248,116
4,f102_approved_AMT_CREDIT_d_app_AMT_ANNUITY_diff_std_div_mean,449.74367022514343,58
4,f102_approved_AMT_CREDIT_d_app_AMT_ANNUITY_max_div_min,147.48553800582886,17
4,f102_approved_AMT_CREDIT_d_app_AMT_ANNUITY_pctchange_max,318.7793915271759,38
4,f102_approved_AMT_CREDIT_d_app_AMT_CREDIT_diff_min,821.4620407819748,101
4,f102_approved_AMT_CREDIT_d_app_AMT_ANNUITY_pctchange_std_div_mean,441.0285589694977,55
4,f102_approved_AMT_CREDIT_d_app_AMT_ANNUITY_pctchange_mean,247.63166046142578,31
4,f102_approved_AMT_CREDIT_d_app_AMT_ANNUITY_min,3237.5552369356155,360
4,f102_approved_AMT_CREDIT_d_app_AMT_ANNUITY_pctchange_min,341.07096242904663,41
4,f102_approved_AMT_CREDIT_d_app_AMT_ANNUITY_std_div_mean,688.1945393681526,87
4,f102_approved_AMT_CREDIT_d_app_AMT_CREDIT_diff_max_div_min,40.0632905960083,5
4,f102_approved_AMT_CREDIT_d_app_AMT_CREDIT_diff_mean,605.8857613801956,76
4,f102_approved_AMT_CREDIT_d_app_AMT_CREDIT_diff_std_div_mean,217.9736614227295,27
4,f102_approved_AMT_CREDIT_d_app_AMT_ANNUITY_pctchange_std,442.5428681373596,55
4,f102_approved_AMT_CREDIT_d_app_AMT_CREDIT_pctchange_std,121.52731895446777,15
4,f102_approved_AMT_CREDIT_d_app_AMT_CREDIT_pctchange_max,195.8503999710083,24
4,f102_approved_AMT_CREDIT_d_app_AMT_CREDIT_pctchange_min,347.6172385215759,41
4,f102_approved_AMT_CREDIT_d_app_AMT_CREDIT_diff_max,651.8774027824402,81
4,f102_approved_AMT_CREDIT_d_app_AMT_CREDIT_min,1615.475636959076,186
4,f102_approved_AMT_CREDIT_d_app_AMT_CREDIT_pctchange_max_div_min,90.67745065689087,12
4,f102_approved_AMT_CREDIT_d_app_AMT_CREDIT_max_div_min,101.08428955078125,14
4,f102_approved_AMT_CREDIT_d_app_AMT_CREDIT_pctchange_std_div_mean,164.69412112236023,21
4,f102_approved_AMT_CREDIT_d_app_AMT_CREDIT_mean,2672.196738243103,282
4,f102_approved_AMT_CREDIT_d_app_AMT_CREDIT_pctchange_mean,323.1107702255249,36
4,f102_approved_AMT_CREDIT_d_app_AMT_GOODS_PRICE_diff_std,425.50382828712463,54
4,f102_approved_AMT_CREDIT_d_app_AMT_GOODS_PRICE_diff_std_div_mean,153.6825499534607,22
4,f102_approved_AMT_CREDIT_d_app_AMT_GOODS_PRICE_diff_max_div_min,77.4933009147644,11
4,f102_approved_AMT_CREDIT_d_app_AMT_GOODS_PRICE_diff_mean,817.8634023666382,93
4,f102_approved_AMT_CREDIT_d_app_AMT_GOODS_PRICE_diff_max,714.9282212257385,86
4,f102_approved_AMT_CREDIT_d_app_AMT_GOODS_PRICE_pctchange_std_div_mean,105.26731967926025,14
4,f102_approved_AMT_CREDIT_d_app_AMT_GOODS_PRICE_max,2084.7210915088654,242
4,f102_approved_AMT_CREDIT_d_app_AMT_CREDIT_std_div_mean,301.4506993293762,37
4,f102_approved_AMT_CREDIT_d_app_AMT_GOODS_PRICE_diff_min,679.8552901744843,81
4,f102_approved_AMT_CREDIT_d_app_AMT_GOODS_PRICE_pctchange_std,135.4651894569397,16
4,f102_approved_AMT_CREDIT_d_app_AMT_GOODS_PRICE_std,1015.7099783420563,131
4,f102_approved_AMT_CREDIT_d_app_AMT_GOODS_PRICE_max_div_min,161.65373408794403,23
4,f102_approved_AMT_CREDIT_d_app_AMT_INCOME_TOTAL_diff_std_div_mean,5.280059814453125,1
4,f102_approved_AMT_CREDIT_d_app_AMT_GOODS_PRICE_std_div_mean,121.58991003036499,16
4,f102_approved_AMT_CREDIT_d_app_AMT_GOODS_PRICE_pctchange_min,522.8632683753967,59
4,f102_approved_AMT_CREDIT_d_app_AMT_GOODS_PRICE_pctchange_max_div_min,87.58315944671631,15
4,f102_approved_AMT_CREDIT_d_app_AMT_GOODS_PRICE_min,3140.9375436306,323
4,f102_approved_AMT_CREDIT_d_app_AMT_INCOME_TOTAL_diff_max_div_min,49.341119050979614,7
4,f102_approved_AMT_CREDIT_d_app_AMT_INCOME_TOTAL_diff_min,353.1318106651306,41
4,f102_approved_AMT_CREDIT_d_app_AMT_GOODS_PRICE_mean,1884.9142162799835,212
4,f102_approved_AMT_CREDIT_d_app_AMT_GOODS_PRICE_pctchange_mean,384.45558977127075,43
4,f102_approved_AMT_CREDIT_d_app_AMT_GOODS_PRICE_pctchange_max,455.3677005767822,49
4,f102_approved_AMT_CREDIT_d_app_AMT_INCOME_TOTAL_diff_std,465.9822392463684,58
4,f102_approved_AMT_CREDIT_d_app_AMT_INCOME_TOTAL_diff_mean,326.8204412460327,38
4,f102_approved_AMT_CREDIT_d_app_AMT_INCOME_TOTAL_max_div_min,74.32911968231201,11
4,f102_approved_AMT_CREDIT_d_app_AMT_INCOME_TOTAL_pctchange_max_div_min,100.37048053741455,12
4,f102_approved_AMT_CREDIT_d_app_AMT_INCOME_TOTAL_min,3153.561653614044,405
4,f102_approved_AMT_CREDIT_d_app_AMT_INCOME_TOTAL_pctchange_std_div_mean,42.16017961502075,6
4,f102_approved_AMT_CREDIT_d_total_debt_diff_std_div_mean,719.1106595993042,96
4,f102_approved_AMT_CREDIT_d_app_AMT_INCOME_TOTAL_diff_max,371.6184928417206,50
4,f102_approved_AMT_CREDIT_d_app_AMT_INCOME_TOTAL_pctchange_std,14.552390336990356,2
4,f102_approved_AMT_CREDIT_d_app_AMT_INCOME_TOTAL_std_div_mean,62.508310317993164,9
4,f102_approved_AMT_CREDIT_d_app_AMT_INCOME_TOTAL_pctchange_mean,170.0483317375183,23
4,f102_approved_AMT_CREDIT_d_app_AMT_INCOME_TOTAL_pctchange_max,300.5207710266113,38
4,f102_approved_AMT_CREDIT_d_total_debt_diff_max_div_min,395.2237606048584,52
4,f102_approved_AMT_CREDIT_d_total_debt_pctchange_max,3738.098453760147,366
4,f102_approved_AMT_CREDIT_d_total_debt_pctchange_max_div_min,180.76919078826904,22
4,f102_approved_AMT_CREDIT_d_total_debt_diff_max,2342.201801776886,282
4,f102_approved_AMT_CREDIT_d_total_debt_pctchange_mean,2723.684128165245,277
4,f102_approved_AMT_CREDIT_m_app_AMT_GOODS_PRICE_d_app_AMT_INCOME_TOTAL_diff_std,216.57019996643066,31
4,f102_approved_AMT_CREDIT_d_app_AMT_INCOME_TOTAL_pctchange_min,354.3324022293091,42
4,f102_approved_AMT_CREDIT_d_total_debt_max_div_min,3023.3350415229797,305
4,f102_approved_AMT_CREDIT_m_app_AMT_GOODS_PRICE_d_app_AMT_INCOME_TOTAL_diff_mean,509.9675621986389,58
4,f102_approved_AMT_CREDIT_d_total_debt_diff_min,2406.1812574863434,259
4,f102_approved_AMT_CREDIT_d_total_debt_diff_mean,1898.4759049415588,225
4,f102_approved_AMT_CREDIT_m_app_AMT_GOODS_PRICE_d_app_AMT_INCOME_TOTAL_diff_min,388.3034293651581,49
4,f102_approved_AMT_CREDIT_m_app_AMT_GOODS_PRICE_d_app_AMT_INCOME_TOTAL_diff_max_div_min,44.179579734802246,6
4,f102_approved_AMT_CREDIT_m_app_AMT_GOODS_PRICE_d_app_AMT_INCOME_TOTAL_pctchange_std_div_mean,676.8427004814148,83
4,f102_approved_AMT_CREDIT_d_total_debt_pctchange_min,4263.104936003685,394
4,f102_approved_AMT_CREDIT_m_app_AMT_GOODS_PRICE_d_app_AMT_INCOME_TOTAL_pctchange_max,932.5762009620667,117
4,f102_approved_AMT_CREDIT_m_app_AMT_GOODS_PRICE_d_app_AMT_INCOME_TOTAL_pctchange_max_div_min,203.38454961776733,25
4,f102_approved_AMT_CREDIT_m_app_AMT_GOODS_PRICE_d_app_AMT_INCOME_TOTAL_diff_std_div_mean,86.54361057281494,11
4,f102_approved_AMT_CREDIT_m_app_AMT_GOODS_PRICE_d_app_AMT_INCOME_TOTAL_diff_max,398.75635957717896,51
4,f102_approved_AMT_CREDIT_m_app_AMT_GOODS_PRICE_d_app_AMT_INCOME_TOTAL_pctchange_mean,1081.6630516052246,134
4,f102_approved_AMT_CREDIT_m_app_AMT_GOODS_PRICE_d_app_AMT_INCOME_TOTAL_max,2185.611268520355,266
4,f102_approved_AMT_CREDIT_m_app_AMT_GOODS_PRICE_d_app_AMT_INCOME_TOTAL_mean,1976.0979733467102,214
4,f102_approved_AMT_CREDIT_m_app_AMT_GOODS_PRICE_d_app_AMT_INCOME_TOTAL_pctchange_min,1141.9099073410034,134
4,f102_approved_AMT_CREDIT_m_app_AMT_GOODS_PRICE_d_app_AMT_INCOME_TOTAL_max_div_min,368.20496129989624,49
4,f102_approved_AMT_CREDIT_m_app_AMT_GOODS_PRICE_d_app_AMT_INCOME_TOTAL_min,2565.9982929229736,294
4,f102_approved_AMT_CREDIT_s_app_AMT_ANNUITY_d_app_AMT_INCOME_TOTAL_diff_max_div_min,42.98271036148071,6
4,f102_approved_AMT_CREDIT_m_app_AMT_GOODS_PRICE_d_app_AMT_INCOME_TOTAL_std_div_mean,953.5908217430115,114
4,f102_approved_AMT_CREDIT_s_app_AMT_ANNUITY_d_app_AMT_INCOME_TOTAL_diff_std_div_mean,29.638959407806396,4
4,f102_approved_AMT_CREDIT_max_div_min,210.32183980941772,25
4,f102_approved_AMT_CREDIT_m_app_AMT_GOODS_PRICE_d_app_AMT_INCOME_TOTAL_pctchange_std,418.47562170028687,58
4,f102_approved_AMT_CREDIT_s_app_AMT_ANNUITY_d_app_AMT_INCOME_TOTAL_diff_std,97.0032799243927,14
4,f102_approved_AMT_CREDIT_s_app_AMT_ANNUITY_d_app_AMT_INCOME_TOTAL_pctchange_std_div_mean,770.4497572481632,100
4,f102_approved_AMT_CREDIT_s_app_AMT_ANNUITY_d_app_AMT_INCOME_TOTAL_diff_max,464.9023106098175,54
4,f102_approved_AMT_CREDIT_s_app_AMT_ANNUITY_d_app_AMT_INCOME_TOTAL_pctchange_max,1113.7277760505676,130
4,f102_approved_AMT_CREDIT_s_app_AMT_ANNUITY_d_app_AMT_INCOME_TOTAL_min,2959.8859993219376,335
4,f102_approved_AMT_CREDIT_s_app_AMT_ANNUITY_d_app_AMT_INCOME_TOTAL_pctchange_max_div_min,132.32855916023254,19
4,f102_approved_AMT_CREDIT_s_app_AMT_ANNUITY_d_app_AMT_INCOME_TOTAL_diff_mean,389.1122703552246,45
4,f102_approved_AMT_CREDIT_s_app_AMT_ANNUITY_d_app_AMT_INCOME_TOTAL_max_div_min,537.8414858579636,70
4,f102_approved_AMT_CREDIT_s_app_AMT_ANNUITY_d_app_AMT_INCOME_TOTAL_pctchange_std,780.0786008834839,101
4,f102_approved_AMT_CREDIT_s_app_AMT_ANNUITY_d_app_AMT_INCOME_TOTAL_diff_min,371.87640929222107,47
4,f102_approved_AMT_CREDIT_s_app_AMT_ANNUITY_d_app_AMT_INCOME_TOTAL_std_div_mean,1268.622856259346,161
4,f102_approved_AMT_CREDIT_s_app_AMT_ANNUITY_diff_max,313.0038208961487,36
4,f102_approved_AMT_CREDIT_s_app_AMT_ANNUITY_diff_std_div_mean,0.0,0
4,f102_approved_AMT_CREDIT_s_app_AMT_ANNUITY_diff_min,366.6938307285309,44
4,f102_approved_AMT_CREDIT_s_app_AMT_ANNUITY_diff_max_div_min,34.81051063537598,3
4,f102_approved_AMT_CREDIT_s_app_AMT_ANNUITY_d_app_AMT_INCOME_TOTAL_pctchange_min,1244.5884988307953,146
4,f102_approved_AMT_CREDIT_s_app_AMT_ANNUITY_diff_mean,332.6914677619934,35
4,f102_approved_AMT_CREDIT_s_app_AMT_ANNUITY_d_app_AMT_INCOME_TOTAL_pctchange_mean,905.2488298416138,108
4,f102_approved_AMT_CREDIT_s_app_AMT_ANNUITY_pctchange_mean,1031.2570245862007,117
4,f102_approved_AMT_CREDIT_s_app_AMT_ANNUITY_pctchange_std,206.72279977798462,27
4,f102_approved_AMT_CREDIT_s_app_AMT_ANNUITY_pctchange_max,900.1561781167984,108
4,f102_approved_AMT_CREDIT_s_app_AMT_ANNUITY_pctchange_max_div_min,163.7080671787262,23
4,f102_approved_AMT_CREDIT_s_app_AMT_CREDIT_d_app_AMT_INCOME_TOTAL_diff_std_div_mean,66.13195896148682,7
4,f102_approved_AMT_CREDIT_s_app_AMT_CREDIT_d_app_AMT_INCOME_TOTAL_diff_std,19.05421018600464,2
4,f102_approved_AMT_CREDIT_s_app_AMT_CREDIT_d_app_AMT_INCOME_TOTAL_diff_max_div_min,47.38728046417236,7
4,f102_approved_AMT_CREDIT_s_app_AMT_ANNUITY_max_div_min,596.9115691184998,71
4,f102_approved_AMT_CREDIT_s_app_AMT_CREDIT_d_app_AMT_INCOME_TOTAL_pctchange_std_div_mean,560.6346573829651,66
4,f102_approved_AMT_CREDIT_s_app_AMT_ANNUITY_pctchange_min,1128.8979878425598,141
4,f102_approved_AMT_CREDIT_s_app_AMT_ANNUITY_pctchange_std_div_mean,217.07609796524048,28
4,f102_approved_AMT_CREDIT_s_app_AMT_ANNUITY_std_div_mean,345.57165813446045,42
4,f102_approved_AMT_CREDIT_s_app_AMT_CREDIT_d_app_AMT_INCOME_TOTAL_diff_min,280.19211864471436,35
4,f102_approved_AMT_CREDIT_s_app_AMT_CREDIT_d_app_AMT_INCOME_TOTAL_pctchange_max,1026.3162043094635,121
4,f102_approved_AMT_CREDIT_s_app_AMT_CREDIT_d_app_AMT_INCOME_TOTAL_diff_max,364.3509712219238,43
4,f102_approved_AMT_CREDIT_s_app_AMT_CREDIT_d_app_AMT_INCOME_TOTAL_pctchange_std,524.2647285461426,60
4,f102_approved_AMT_CREDIT_s_app_AMT_CREDIT_d_app_AMT_INCOME_TOTAL_pctchange_max_div_min,278.874449968338,36
4,f102_approved_AMT_CREDIT_s_app_AMT_CREDIT_d_app_AMT_INCOME_TOTAL_max_div_min,366.7389621734619,41
4,f102_approved_AMT_CREDIT_s_app_AMT_CREDIT_d_app_AMT_INCOME_TOTAL_max,2049.9434671401978,234
4,f102_approved_AMT_CREDIT_s_app_AMT_CREDIT_d_app_AMT_INCOME_TOTAL_diff_mean,415.04258012771606,49
4,f102_approved_AMT_CREDIT_s_app_AMT_CREDIT_d_app_AMT_INCOME_TOTAL_pctchange_min,931.6927886009216,110
4,f102_approved_AMT_CREDIT_s_app_AMT_CREDIT_d_app_AMT_INCOME_TOTAL_pctchange_mean,673.449887752533,87
4,f102_approved_AMT_CREDIT_s_app_AMT_CREDIT_d_app_AMT_INCOME_TOTAL_std_div_mean,1175.239021539688,148
4,f102_approved_AMT_CREDIT_s_app_AMT_CREDIT_d_app_AMT_INCOME_TOTAL_mean,1435.0032255649567,154
4,f102_approved_AMT_CREDIT_s_app_AMT_CREDIT_diff_std_div_mean,0.0,0
4,f102_approved_AMT_CREDIT_s_app_AMT_CREDIT_diff_max,486.9592525959015,56
4,f102_approved_AMT_CREDIT_s_app_AMT_CREDIT_pctchange_std_div_mean,116.21656847000122,15
4,f102_approved_AMT_CREDIT_s_app_AMT_CREDIT_max_div_min,410.9416904449463,51
4,f102_approved_AMT_CREDIT_s_app_AMT_CREDIT_diff_mean,160.84419775009155,20
4,f102_approved_AMT_CREDIT_s_app_AMT_CREDIT_d_app_AMT_INCOME_TOTAL_min,2090.120201587677,219
4,f102_approved_AMT_CREDIT_s_app_AMT_CREDIT_max,2159.9805665016174,236
4,f102_approved_AMT_CREDIT_s_app_AMT_CREDIT_diff_min,283.30473804473877,33
4,f102_approved_AMT_CREDIT_s_app_AMT_CREDIT_pctchange_mean,824.298749923706,100
4,f102_approved_AMT_CREDIT_s_app_AMT_CREDIT_diff_max_div_min,50.16550016403198,7
4,f102_approved_AMT_CREDIT_s_app_AMT_CREDIT_std_div_mean,332.09764981269836,46
4,f102_approved_AMT_CREDIT_s_app_AMT_CREDIT_pctchange_std,209.80860042572021,29
4,f102_approved_AMT_CREDIT_s_app_AMT_CREDIT_pctchange_max,903.2894995212555,108
4,f102_approved_AMT_CREDIT_s_app_AMT_CREDIT_pctchange_min,1171.6513155698776,131
4,f102_approved_AMT_CREDIT_s_app_AMT_CREDIT_pctchange_max_div_min,160.91085958480835,22
4,f102_approved_AMT_CREDIT_s_app_AMT_GOODS_PRICE_diff_std_div_mean,47.6917200088501,7
4,f102_approved_AMT_CREDIT_s_app_AMT_CREDIT_min,2274.362018108368,229
4,f102_approved_AMT_CREDIT_s_app_AMT_GOODS_PRICE_max,2381.4256113767624,241
4,f102_approved_AMT_CREDIT_s_app_AMT_CREDIT_mean,1944.527522802353,215
4,f102_approved_AMT_CREDIT_s_app_AMT_GOODS_PRICE_diff_max,493.0530598163605,63
4,f102_approved_AMT_CREDIT_s_app_AMT_GOODS_PRICE_min,7520.155744384974,494
4,f102_approved_AMT_CREDIT_s_app_AMT_GOODS_PRICE_diff_max_div_min,40.55786991119385,5
4,f102_approved_AMT_CREDIT_s_app_AMT_GOODS_PRICE_mean,3007.9067964553833,261
4,f102_approved_AMT_CREDIT_s_app_AMT_GOODS_PRICE_diff_min,437.96978068351746,55
4,f102_approved_AMT_CREDIT_s_app_AMT_GOODS_PRICE_diff_mean,397.90851736068726,56
4,f102_approved_AMT_CREDIT_s_app_AMT_INCOME_TOTAL_diff_max,233.46640872955322,31
4,f102_approved_AMT_CREDIT_s_app_AMT_GOODS_PRICE_max_div_min,278.60659193992615,38
4,f102_approved_AMT_CREDIT_s_app_AMT_GOODS_PRICE_pctchange_std_div_mean,179.8222301006317,24
4,f102_approved_AMT_CREDIT_s_app_AMT_GOODS_PRICE_std_div_mean,286.74882769584656,35
4,f102_approved_AMT_CREDIT_s_app_AMT_GOODS_PRICE_pctchange_max_div_min,191.50408840179443,26
4,f102_approved_AMT_CREDIT_s_app_AMT_INCOME_TOTAL_pctchange_max_div_min,644.0171422958374,81
4,f102_approved_AMT_CREDIT_s_app_AMT_GOODS_PRICE_pctchange_max,1038.4567196369171,137
4,f102_approved_AMT_CREDIT_s_app_AMT_GOODS_PRICE_pctchange_std,97.8486099243164,14
4,f102_approved_AMT_CREDIT_s_app_AMT_INCOME_TOTAL_diff_max_div_min,28.20117998123169,4
4,f102_approved_AMT_CREDIT_s_app_AMT_INCOME_TOTAL_diff_std_div_mean,0.0,0
4,f102_approved_AMT_CREDIT_s_app_AMT_GOODS_PRICE_pctchange_mean,1036.2591648101807,127
4,f102_approved_AMT_CREDIT_s_app_AMT_GOODS_PRICE_pctchange_min,1345.2984952926636,146
4,f102_approved_AMT_CREDIT_s_app_AMT_INCOME_TOTAL_pctchange_max,2530.187830924988,312
4,f102_approved_AMT_DOWN_PAYMENT_d_AMT_GOODS_PRICE_diff_max_div_min,667.8862195014954,70
4,f102_approved_AMT_CREDIT_s_app_AMT_INCOME_TOTAL_max_div_min,1451.1359496712685,182
4,f102_approved_AMT_CREDIT_s_app_AMT_INCOME_TOTAL_pctchange_std,1093.8892538547516,144
4,f102_approved_AMT_CREDIT_s_app_AMT_INCOME_TOTAL_diff_mean,317.10210132598877,31
4,f102_approved_AMT_CREDIT_std_div_mean,181.94415187835693,24
4,f102_approved_AMT_DOWN_PAYMENT_d_AMT_GOODS_PRICE_diff_max,2184.388686656952,230
4,f102_approved_AMT_CREDIT_s_app_AMT_INCOME_TOTAL_pctchange_mean,2213.955899953842,274
4,f102_approved_AMT_CREDIT_s_app_AMT_INCOME_TOTAL_pctchange_std_div_mean,873.3325111865997,107
4,f102_approved_AMT_CREDIT_s_app_AMT_INCOME_TOTAL_diff_min,373.6552700996399,45
4,f102_approved_AMT_CREDIT_s_app_AMT_INCOME_TOTAL_pctchange_min,2613.8346672058105,319
4,f102_approved_AMT_DOWN_PAYMENT_d_AMT_GOODS_PRICE_max_div_min,189.8304409980774,22
4,f102_approved_AMT_CREDIT_s_app_AMT_INCOME_TOTAL_std_div_mean,2102.2352361679077,272
4,f102_approved_AMT_DOWN_PAYMENT_d_AMT_GOODS_PRICE_pctchange_std,90.55438137054443,13
4,f102_approved_AMT_DOWN_PAYMENT_d_AMT_GOODS_PRICE_pctchange_std_div_mean,62.27386927604675,11
4,f102_approved_AMT_DOWN_PAYMENT_d_AMT_GOODS_PRICE_pctchange_max_div_min,146.08479022979736,19
4,f102_approved_AMT_DOWN_PAYMENT_d_AMT_GOODS_PRICE_diff_min,1947.0695204734802,228
4,f102_approved_AMT_DOWN_PAYMENT_std_div_mean,584.5023596286774,71
4,f102_approved_AMT_DOWN_PAYMENT_d_AMT_GOODS_PRICE_pctchange_mean,421.3189105987549,56
4,f102_approved_AMT_DOWN_PAYMENT_d_AMT_GOODS_PRICE_pctchange_max,415.03423166275024,56
4,f102_approved_AMT_DOWN_PAYMENT_max_div_min,349.9032893180847,41
4,f102_approved_AMT_DOWN_PAYMENT_d_AMT_GOODS_PRICE_diff_mean,1488.5634520053864,179
4,f102_approved_AMT_DOWN_PAYMENT_d_AMT_GOODS_PRICE_std_div_mean,457.93944120407104,59
4,f102_approved_AMT_DOWN_PAYMENT_d_AMT_GOODS_PRICE_pctchange_min,487.56705045700073,60
4,f102_approved_AMT_GOODS_PRICE_d_AMT_ANNUITY_pctchange_std_div_mean,940.9166741371155,121
4,f102_approved_AMT_GOODS_PRICE_d_AMT_ANNUITY_diff_max,2348.111307144165,271
4,f102_approved_AMT_GOODS_PRICE_d_AMT_ANNUITY_max,4482.564344525337,466
4,f102_approved_AMT_GOODS_PRICE_d_AMT_ANNUITY_diff_max_div_min,517.1011695861816,71
4,f102_approved_AMT_GOODS_PRICE_d_AMT_ANNUITY_pctchange_std,657.915979385376,92
4,f102_approved_AMT_GOODS_PRICE_d_AMT_ANNUITY_diff_min,2440.568511724472,285
4,f102_approved_AMT_GOODS_PRICE_d_AMT_ANNUITY_diff_std,711.534619808197,96
4,f102_approved_AMT_GOODS_PRICE_d_AMT_ANNUITY_max_div_min,1103.3767275810242,131
4,f102_approved_AMT_GOODS_PRICE_d_AMT_ANNUITY_diff_mean,2357.5763733386993,278
4,f102_approved_AMT_GOODS_PRICE_d_AMT_ANNUITY_std_div_mean,1710.3634791374207,215
4,f102_approved_AMT_GOODS_PRICE_d_AMT_CREDIT_diff_std,593.9143595695496,75
4,f102_approved_AMT_GOODS_PRICE_d_AMT_ANNUITY_pctchange_min,2460.9550212025642,303
4,f102_approved_AMT_GOODS_PRICE_d_AMT_ANNUITY_pctchange_max,2057.3563627004623,246
4,f102_approved_AMT_GOODS_PRICE_d_AMT_ANNUITY_pctchange_mean,1976.8825225234032,238
4,f102_approved_AMT_GOODS_PRICE_d_AMT_ANNUITY_std,1790.6221693754196,224
4,f102_approved_AMT_GOODS_PRICE_d_AMT_CREDIT_diff_max_div_min,424.0456111431122,56
4,f102_approved_AMT_GOODS_PRICE_d_AMT_ANNUITY_pctchange_max_div_min,604.0880517959595,77
4,f102_approved_AMT_GOODS_PRICE_d_AMT_CREDIT_diff_std_div_mean,508.1161684989929,63
4,f102_approved_AMT_GOODS_PRICE_d_AMT_ANNUITY_min,6520.33454734087,705
4,f102_approved_AMT_GOODS_PRICE_d_AMT_CREDIT_diff_mean,1445.5804235935211,176
4,f102_approved_AMT_GOODS_PRICE_d_AMT_ANNUITY_mean,4188.375545978546,487
4,f102_approved_AMT_GOODS_PRICE_d_AMT_CREDIT_diff_min,1603.505935907364,196
4,f102_approved_AMT_GOODS_PRICE_d_AMT_CREDIT_max_div_min,609.9949405193329,69
4,f102_approved_AMT_GOODS_PRICE_d_AMT_CREDIT_pctchange_std_div_mean,675.028911113739,93
4,f102_approved_AMT_GOODS_PRICE_d_AMT_CREDIT_diff_max,2031.5024940371513,242
4,f102_approved_AMT_GOODS_PRICE_d_AMT_CREDIT_std_div_mean,1233.732280254364,142
4,f102_approved_AMT_GOODS_PRICE_d_AMT_CREDIT_pctchange_std,442.2229733467102,57
4,f102_approved_AMT_GOODS_PRICE_d_AMT_CREDIT_std,1360.0653791427612,164
4,f102_approved_AMT_GOODS_PRICE_d_app_AMT_ANNUITY_diff_max_div_min,119.17809104919434,11
4,f102_approved_AMT_GOODS_PRICE_d_AMT_CREDIT_pctchange_min,1023.6907033920288,121
4,f102_approved_AMT_GOODS_PRICE_d_AMT_CREDIT_pctchange_max_div_min,486.0116000175476,63
4,f102_approved_AMT_GOODS_PRICE_d_AMT_CREDIT_pctchange_max,1104.1222281455994,131
4,f102_approved_AMT_GOODS_PRICE_d_AMT_CREDIT_pctchange_mean,1372.9414191246033,161
4,f102_approved_AMT_GOODS_PRICE_d_app_AMT_ANNUITY_diff_max,733.2613010406494,83
4,f102_approved_AMT_GOODS_PRICE_d_app_AMT_ANNUITY_pctchange_std,374.8062906265259,48
4,f102_approved_AMT_GOODS_PRICE_d_app_AMT_ANNUITY_pctchange_std_div_mean,343.09659111499786,47
4,f102_approved_AMT_GOODS_PRICE_d_app_AMT_ANNUITY_pctchange_max_div_min,79.19252920150757,11
4,f102_approved_AMT_GOODS_PRICE_d_app_AMT_ANNUITY_pctchange_max,127.69581007957458,17
4,f102_approved_AMT_GOODS_PRICE_d_app_AMT_ANNUITY_max_div_min,305.1353192329407,39
4,f102_approved_AMT_GOODS_PRICE_d_app_AMT_CREDIT_diff_max_div_min,63.52476978302002,8
4,f102_approved_AMT_GOODS_PRICE_d_app_AMT_ANNUITY_std_div_mean,615.7644183635712,75
4,f102_approved_AMT_GOODS_PRICE_d_app_AMT_ANNUITY_diff_mean,765.5435692071915,94
4,f102_approved_AMT_GOODS_PRICE_d_app_AMT_ANNUITY_diff_min,812.9838588237762,105
4,f102_approved_AMT_GOODS_PRICE_d_app_AMT_CREDIT_diff_mean,632.0833415985107,77
4,f102_approved_AMT_GOODS_PRICE_d_app_AMT_ANNUITY_min,7865.577342033386,575
4,f102_approved_AMT_GOODS_PRICE_d_app_AMT_CREDIT_diff_max,630.446293592453,76
4,f102_approved_AMT_GOODS_PRICE_d_app_AMT_CREDIT_diff_std_div_mean,308.7884793281555,38
4,f102_approved_AMT_GOODS_PRICE_d_app_AMT_CREDIT_pctchange_mean,378.3250403404236,41
4,f102_approved_AMT_GOODS_PRICE_d_app_AMT_ANNUITY_pctchange_min,215.02877807617188,29
4,f102_approved_AMT_GOODS_PRICE_d_app_AMT_CREDIT_pctchange_std,108.96095180511475,14
4,f102_approved_AMT_GOODS_PRICE_d_app_AMT_CREDIT_pctchange_max,177.5408797264099,20
4,f102_approved_AMT_GOODS_PRICE_d_app_AMT_CREDIT_diff_min,852.035722732544,101
4,f102_approved_AMT_GOODS_PRICE_d_app_AMT_CREDIT_pctchange_min,274.03491163253784,28
4,f102_approved_AMT_GOODS_PRICE_d_app_AMT_CREDIT_min,2351.0754762887955,240
4,f102_approved_AMT_GOODS_PRICE_d_app_AMT_ANNUITY_pctchange_mean,190.7511501312256,21
4,f102_approved_AMT_GOODS_PRICE_d_app_AMT_CREDIT_pctchange_max_div_min,60.780349254608154,8
4,f102_approved_AMT_GOODS_PRICE_d_app_AMT_CREDIT_max_div_min,345.6615786552429,41
4,f102_approved_AMT_GOODS_PRICE_d_app_AMT_GOODS_PRICE_diff_std_div_mean,187.8037190437317,24
4,f102_approved_AMT_GOODS_PRICE_d_app_AMT_CREDIT_pctchange_std_div_mean,184.82984924316406,26
4,f102_approved_AMT_GOODS_PRICE_d_app_AMT_CREDIT_std_div_mean,238.9692907333374,30
4,f102_approved_AMT_GOODS_PRICE_d_app_AMT_GOODS_PRICE_diff_max_div_min,69.28864908218384,9
4,f102_approved_AMT_GOODS_PRICE_d_app_AMT_GOODS_PRICE_std_div_mean,139.19894909858704,20
4,f102_approved_AMT_GOODS_PRICE_d_app_AMT_GOODS_PRICE_diff_min,763.296178817749,79
4,f102_approved_AMT_GOODS_PRICE_d_app_AMT_GOODS_PRICE_pctchange_std,214.0688500404358,28
4,f102_approved_AMT_GOODS_PRICE_d_app_AMT_GOODS_PRICE_diff_std,401.86775159835815,49
4,f102_approved_AMT_GOODS_PRICE_d_app_AMT_GOODS_PRICE_diff_max,635.6562123298645,76
4,f102_approved_AMT_GOODS_PRICE_d_app_AMT_GOODS_PRICE_diff_mean,535.4594593048096,64
4,f102_approved_AMT_GOODS_PRICE_d_app_AMT_GOODS_PRICE_pctchange_min,288.92701864242554,37
4,f102_approved_AMT_GOODS_PRICE_d_app_AMT_GOODS_PRICE_mean,1793.9597890377045,193
4,f102_approved_AMT_GOODS_PRICE_d_app_AMT_GOODS_PRICE_pctchange_std_div_mean,44.67364025115967,6
4,f102_approved_AMT_GOODS_PRICE_d_app_AMT_GOODS_PRICE_pctchange_mean,358.7703609466553,42
4,f102_approved_AMT_GOODS_PRICE_d_app_AMT_GOODS_PRICE_pctchange_max_div_min,110.03468990325928,14
4,f102_approved_AMT_GOODS_PRICE_d_app_AMT_GOODS_PRICE_max_div_min,253.96863985061646,31
4,f102_approved_AMT_GOODS_PRICE_d_app_AMT_GOODS_PRICE_pctchange_max,236.1451301574707,31
4,f102_approved_AMT_GOODS_PRICE_d_app_AMT_INCOME_TOTAL_diff_std_div_mean,97.03576946258545,13
4,f102_approved_AMT_GOODS_PRICE_d_app_AMT_INCOME_TOTAL_diff_mean,621.029687166214,76
4,f102_approved_AMT_GOODS_PRICE_d_app_AMT_GOODS_PRICE_min,1797.4170110225677,200
4,f102_approved_AMT_GOODS_PRICE_d_app_AMT_INCOME_TOTAL_diff_std,414.0648021697998,56
4,f102_approved_AMT_GOODS_PRICE_d_app_AMT_INCOME_TOTAL_diff_max,566.424640417099,70
4,f102_approved_AMT_GOODS_PRICE_d_app_AMT_INCOME_TOTAL_diff_max_div_min,56.65636968612671,7
4,f102_approved_AMT_GOODS_PRICE_d_app_AMT_INCOME_TOTAL_diff_min,627.9286927580833,75
4,f102_approved_AMT_GOODS_PRICE_d_app_AMT_INCOME_TOTAL_max_div_min,277.51016092300415,35
4,f102_approved_AMT_GOODS_PRICE_d_app_AMT_INCOME_TOTAL_pctchange_max_div_min,63.9842095375061,7
4,f102_approved_AMT_GOODS_PRICE_d_app_AMT_INCOME_TOTAL_pctchange_max,107.66542100906372,14
4,f102_approved_AMT_GOODS_PRICE_d_app_AMT_INCOME_TOTAL_pctchange_std,21.10181999206543,3
4,f102_approved_AMT_GOODS_PRICE_d_total_debt_diff_std,734.21146941185,102
4,f102_approved_AMT_GOODS_PRICE_d_app_AMT_INCOME_TOTAL_pctchange_std_div_mean,63.12016010284424,11
4,f102_approved_AMT_GOODS_PRICE_d_app_AMT_INCOME_TOTAL_pctchange_min,322.18113708496094,37
4,f102_approved_AMT_GOODS_PRICE_d_app_AMT_INCOME_TOTAL_std_div_mean,40.683349609375,5
4,f102_approved_AMT_GOODS_PRICE_d_app_AMT_INCOME_TOTAL_pctchange_mean,186.3004493713379,24
4,f102_approved_AMT_GOODS_PRICE_d_total_debt_diff_mean,3188.5652882009745,381
4,f102_approved_AMT_GOODS_PRICE_d_total_debt_diff_std_div_mean,563.1466617584229,74
4,f102_approved_AMT_GOODS_PRICE_d_total_debt_diff_min,3040.4473222494125,395
4,f102_approved_AMT_GOODS_PRICE_d_total_debt_diff_max_div_min,467.2983663082123,62
5,f102_approved_AMT_GOODS_PRICE_d_total_debt_std,1657.8296875953674,204
5,f102_approved_AMT_GOODS_PRICE_d_total_debt_pctchange_std_div_mean,796.008111000061,106
5,f102_approved_AMT_GOODS_PRICE_m_app_AMT_GOODS_PRICE_d_app_AMT_INCOME_TOTAL_diff_std,489.2200632095337,62
5,f102_approved_AMT_GOODS_PRICE_m_app_AMT_GOODS_PRICE_d_app_AMT_INCOME_TOTAL_diff_std_div_mean,464.3606700897217,57
5,f102_approved_AMT_GOODS_PRICE_d_total_debt_diff_max,4037.7254645824432,504
5,f102_approved_AMT_GOODS_PRICE_d_total_debt_pctchange_max_div_min,327.272319316864,44
5,f102_approved_AMT_GOODS_PRICE_m_app_AMT_GOODS_PRICE_d_app_AMT_INCOME_TOTAL_diff_max,913.0848307609558,112
5,f102_approved_AMT_GOODS_PRICE_d_total_debt_pctchange_min,4773.833427429199,549
5,f102_approved_AMT_GOODS_PRICE_d_total_debt_max_div_min,1101.2732906341553,130
5,f102_approved_AMT_GOODS_PRICE_d_total_debt_pctchange_mean,3776.527571439743,429
5,f102_approved_AMT_GOODS_PRICE_m_app_AMT_GOODS_PRICE_d_app_AMT_INCOME_TOTAL_diff_max_div_min,112.07479047775269,14
5,f102_approved_AMT_GOODS_PRICE_d_total_debt_pctchange_max,3602.2459042072296,397
5,f102_approved_AMT_GOODS_PRICE_m_app_AMT_GOODS_PRICE_d_app_AMT_INCOME_TOTAL_std_div_mean,1531.3953704833984,190
5,f102_approved_AMT_GOODS_PRICE_m_app_AMT_GOODS_PRICE_d_app_AMT_INCOME_TOTAL_diff_min,1013.9460496902466,121
5,f102_approved_AMT_GOODS_PRICE_m_app_AMT_GOODS_PRICE_d_app_AMT_INCOME_TOTAL_max,3403.3591701984406,376
5,f102_approved_AMT_GOODS_PRICE_m_app_AMT_GOODS_PRICE_d_app_AMT_INCOME_TOTAL_max_div_min,838.2334928512573,101
5,f102_approved_AMT_GOODS_PRICE_s_app_AMT_ANNUITY_d_app_AMT_INCOME_TOTAL_diff_std,392.8508493900299,53
5,f102_approved_AMT_GOODS_PRICE_m_app_AMT_GOODS_PRICE_d_app_AMT_INCOME_TOTAL_pctchange_std,839.5225801467896,112
5,f102_approved_AMT_GOODS_PRICE_m_app_AMT_GOODS_PRICE_d_app_AMT_INCOME_TOTAL_pctchange_max_div_min,399.77583026885986,43
5,f102_approved_AMT_GOODS_PRICE_m_app_AMT_GOODS_PRICE_d_app_AMT_INCOME_TOTAL_diff_mean,821.4183487892151,101
5,f102_approved_AMT_GOODS_PRICE_m_app_AMT_GOODS_PRICE_d_app_AMT_INCOME_TOTAL_pctchange_max,1633.560430407524,204
5,f102_approved_AMT_GOODS_PRICE_m_app_AMT_GOODS_PRICE_d_app_AMT_INCOME_TOTAL_pctchange_min,2385.822858572006,266
5,f102_approved_AMT_GOODS_PRICE_m_app_AMT_GOODS_PRICE_d_app_AMT_INCOME_TOTAL_min,4029.9889974594116,465
5,f102_approved_AMT_GOODS_PRICE_m_app_AMT_GOODS_PRICE_d_app_AMT_INCOME_TOTAL_mean,3561.107556581497,393
5,f102_approved_AMT_GOODS_PRICE_m_app_AMT_GOODS_PRICE_d_app_AMT_INCOME_TOTAL_pctchange_std_div_mean,782.0603058338165,96
5,f102_approved_AMT_GOODS_PRICE_m_app_AMT_GOODS_PRICE_d_app_AMT_INCOME_TOTAL_pctchange_mean,1741.3331091403961,205
5,f102_approved_AMT_GOODS_PRICE_s_app_AMT_ANNUITY_d_app_AMT_INCOME_TOTAL_diff_max_div_min,142.23303937911987,17
5,f102_approved_AMT_GOODS_PRICE_max_div_min,1333.515226840973,161
5,f102_approved_AMT_GOODS_PRICE_s_app_AMT_ANNUITY_d_app_AMT_INCOME_TOTAL_diff_std_div_mean,295.021808385849,36
5,f102_approved_AMT_GOODS_PRICE_s_app_AMT_ANNUITY_d_app_AMT_INCOME_TOTAL_pctchange_std_div_mean,1148.2927882671356,153
5,f102_approved_AMT_GOODS_PRICE_s_app_AMT_ANNUITY_d_app_AMT_INCOME_TOTAL_max_div_min,1035.8224093914032,124
5,f102_approved_AMT_GOODS_PRICE_s_app_AMT_ANNUITY_d_app_AMT_INCOME_TOTAL_diff_max,1047.999085187912,129
5,f102_approved_AMT_GOODS_PRICE_s_app_AMT_ANNUITY_d_app_AMT_INCOME_TOTAL_pctchange_std,1175.2615900039673,145
5,f102_approved_AMT_GOODS_PRICE_s_app_AMT_ANNUITY_d_app_AMT_INCOME_TOTAL_diff_min,1076.0747125148773,127
5,f102_approved_AMT_GOODS_PRICE_s_app_AMT_ANNUITY_d_app_AMT_INCOME_TOTAL_diff_mean,807.9164543151855,95
5,f102_approved_AMT_GOODS_PRICE_s_app_AMT_ANNUITY_d_app_AMT_INCOME_TOTAL_pctchange_min,2737.5922486782074,315
5,f102_approved_AMT_GOODS_PRICE_s_app_AMT_ANNUITY_d_app_AMT_INCOME_TOTAL_std_div_mean,2096.404163837433,252
5,f102_approved_AMT_GOODS_PRICE_s_app_AMT_ANNUITY_diff_std_div_mean,111.42239952087402,17
5,f102_approved_AMT_GOODS_PRICE_s_app_AMT_ANNUITY_diff_max,1101.0678548812866,122
5,f102_approved_AMT_GOODS_PRICE_s_app_AMT_ANNUITY_d_app_AMT_INCOME_TOTAL_pctchange_max,2166.059002161026,235
5,f102_approved_AMT_GOODS_PRICE_s_app_AMT_ANNUITY_diff_max_div_min,132.81928086280823,16
5,f102_approved_AMT_GOODS_PRICE_s_app_AMT_ANNUITY_d_app_AMT_INCOME_TOTAL_pctchange_max_div_min,310.80019974708557,40
5,f102_approved_AMT_GOODS_PRICE_s_app_AMT_ANNUITY_d_app_AMT_INCOME_TOTAL_pctchange_mean,2184.591306567192,248
5,f102_approved_AMT_GOODS_PRICE_s_app_AMT_ANNUITY_diff_min,683.4695293903351,81
5,f102_approved_AMT_GOODS_PRICE_s_app_AMT_ANNUITY_diff_mean,644.070559501648,76
5,f102_approved_AMT_GOODS_PRICE_s_app_AMT_ANNUITY_max_div_min,876.9671111106873,102
5,f102_approved_AMT_GOODS_PRICE_s_app_AMT_ANNUITY_pctchange_max_div_min,318.6839301586151,45
5,f102_approved_AMT_GOODS_PRICE_s_app_AMT_ANNUITY_pctchange_max,2147.2665314674377,243
5,f102_approved_AMT_GOODS_PRICE_s_app_AMT_ANNUITY_pctchange_std,372.8750422000885,45
5,f102_approved_AMT_GOODS_PRICE_s_app_AMT_ANNUITY_std_div_mean,587.9398503303528,72
5,f102_approved_AMT_GOODS_PRICE_s_app_AMT_CREDIT_d_app_AMT_INCOME_TOTAL_diff_std,321.41102027893066,44
5,f102_approved_AMT_GOODS_PRICE_s_app_AMT_CREDIT_d_app_AMT_INCOME_TOTAL_diff_max,1077.43213057518,115
5,f102_approved_AMT_GOODS_PRICE_s_app_AMT_ANNUITY_pctchange_std_div_mean,351.3767809867859,43
5,f102_approved_AMT_GOODS_PRICE_s_app_AMT_CREDIT_d_app_AMT_INCOME_TOTAL_diff_max_div_min,96.83799934387207,13
5,f102_approved_AMT_GOODS_PRICE_s_app_AMT_CREDIT_d_app_AMT_INCOME_TOTAL_diff_mean,813.0002491474152,97
5,f102_approved_AMT_GOODS_PRICE_s_app_AMT_ANNUITY_pctchange_min,2919.5628044605255,326
5,f102_approved_AMT_GOODS_PRICE_s_app_AMT_ANNUITY_pctchange_mean,1680.4370205402374,195
5,f102_approved_AMT_GOODS_PRICE_s_app_AMT_CREDIT_d_app_AMT_INCOME_TOTAL_diff_min,830.7128803730011,104
5,f102_approved_AMT_GOODS_PRICE_s_app_AMT_CREDIT_d_app_AMT_INCOME_TOTAL_diff_std_div_mean,75.2571702003479,10
5,f102_approved_AMT_GOODS_PRICE_s_app_AMT_CREDIT_d_app_AMT_INCOME_TOTAL_pctchange_max_div_min,450.1535699367523,59
5,f102_approved_AMT_GOODS_PRICE_s_app_AMT_CREDIT_d_app_AMT_INCOME_TOTAL_pctchange_std_div_mean,715.7358095645905,87
5,f102_approved_AMT_GOODS_PRICE_s_app_AMT_CREDIT_d_app_AMT_INCOME_TOTAL_max,5497.43811750412,536
5,f102_approved_AMT_GOODS_PRICE_s_app_AMT_CREDIT_d_app_AMT_INCOME_TOTAL_min,3999.0943858623505,417
5,f102_approved_AMT_GOODS_PRICE_s_app_AMT_CREDIT_d_app_AMT_INCOME_TOTAL_max_div_min,558.080409526825,64
5,f102_approved_AMT_GOODS_PRICE_s_app_AMT_CREDIT_d_app_AMT_INCOME_TOTAL_pctchange_max,2159.4939415454865,270
5,f102_approved_AMT_GOODS_PRICE_s_app_AMT_CREDIT_d_app_AMT_INCOME_TOTAL_std_div_mean,1621.2124621868134,196
5,f102_approved_AMT_GOODS_PRICE_s_app_AMT_CREDIT_diff_std_div_mean,23.880720138549805,4
5,f102_approved_AMT_GOODS_PRICE_s_app_AMT_CREDIT_diff_max_div_min,129.13282012939453,16
5,f102_approved_AMT_GOODS_PRICE_s_app_AMT_CREDIT_d_app_AMT_INCOME_TOTAL_mean,3979.2176724672318,413
5,f102_approved_AMT_GOODS_PRICE_s_app_AMT_CREDIT_diff_min,733.0972895622253,84
5,f102_approved_AMT_GOODS_PRICE_s_app_AMT_CREDIT_diff_mean,630.1185212135315,77
5,f102_approved_AMT_GOODS_PRICE_s_app_AMT_CREDIT_diff_max,1010.384393453598,109
5,f102_approved_AMT_GOODS_PRICE_s_app_AMT_CREDIT_pctchange_std_div_mean,254.43605995178223,33
5,f102_approved_AMT_GOODS_PRICE_s_app_AMT_GOODS_PRICE_pctchange_std_div_mean,279.8122191429138,36
5,f102_approved_AMT_GOODS_PRICE_s_app_AMT_CREDIT_mean,3929.042517900467,382
5,f102_approved_AMT_GOODS_PRICE_s_app_AMT_CREDIT_pctchange_max_div_min,466.46829175949097,58
5,f102_approved_AMT_GOODS_PRICE_s_app_AMT_CREDIT_max,4805.3950798511505,456
5,f102_approved_AMT_GOODS_PRICE_s_app_AMT_CREDIT_max_div_min,827.2540011405945,91
5,f102_approved_AMT_GOODS_PRICE_s_app_AMT_GOODS_PRICE_diff_std_div_mean,99.02079010009766,16
5,f102_approved_AMT_GOODS_PRICE_s_app_AMT_CREDIT_min,4845.614622592926,498
5,f102_approved_AMT_GOODS_PRICE_s_app_AMT_CREDIT_pctchange_max,2298.171004295349,279
5,f102_approved_AMT_GOODS_PRICE_s_app_AMT_GOODS_PRICE_diff_min,934.7356820106506,110
5,f102_approved_AMT_GOODS_PRICE_s_app_AMT_CREDIT_std_div_mean,433.3489899635315,55
5,f102_approved_AMT_GOODS_PRICE_s_app_AMT_GOODS_PRICE_diff_max_div_min,198.86659908294678,26
5,f102_approved_AMT_GOODS_PRICE_s_app_AMT_GOODS_PRICE_diff_mean,806.9060281515121,98
5,f102_approved_AMT_GOODS_PRICE_s_app_AMT_GOODS_PRICE_max,3744.4019515514374,389
5,f102_approved_AMT_GOODS_PRICE_s_app_AMT_GOODS_PRICE_diff_max,1084.8498096466064,130
5,f102_approved_AMT_GOODS_PRICE_s_app_AMT_GOODS_PRICE_std_div_mean,746.7908787727356,92
5,f102_approved_AMT_GOODS_PRICE_s_app_AMT_GOODS_PRICE_pctchange_max_div_min,470.8869490623474,58
5,f102_approved_AMT_GOODS_PRICE_s_app_AMT_GOODS_PRICE_pctchange_std,257.378698348999,31
5,f102_approved_AMT_GOODS_PRICE_s_app_AMT_GOODS_PRICE_max_div_min,725.0404913425446,94
5,f102_approved_AMT_GOODS_PRICE_s_app_AMT_GOODS_PRICE_mean,4643.1618547439575,456
5,f102_approved_AMT_GOODS_PRICE_s_app_AMT_GOODS_PRICE_pctchange_max,1435.2403881549835,168
5,f102_approved_AMT_GOODS_PRICE_s_app_AMT_GOODS_PRICE_pctchange_mean,1880.5524715185165,221
5,f102_approved_AMT_GOODS_PRICE_s_app_AMT_GOODS_PRICE_pctchange_min,2202.545322418213,252
5,f102_approved_AMT_GOODS_PRICE_s_app_AMT_INCOME_TOTAL_diff_std_div_mean,0.0,0
5,f102_approved_AMT_GOODS_PRICE_s_app_AMT_INCOME_TOTAL_diff_max,811.2301974594593,97
5,f102_approved_AMT_GOODS_PRICE_s_app_AMT_GOODS_PRICE_min,8098.614703178406,703
5,f102_approved_AMT_GOODS_PRICE_s_app_AMT_INCOME_TOTAL_diff_max_div_min,74.60023069381714,10
5,f102_approved_AMT_GOODS_PRICE_s_app_AMT_INCOME_TOTAL_pctchange_std_div_mean,789.7079076766968,104
5,f102_approved_AMT_GOODS_PRICE_s_app_AMT_INCOME_TOTAL_max_div_min,1769.6581382751465,227
5,f102_approved_AMT_GOODS_PRICE_s_app_AMT_INCOME_TOTAL_diff_mean,637.9974679946899,68
5,f102_approved_AMT_GOODS_PRICE_s_app_AMT_INCOME_TOTAL_pctchange_std,1165.3706204891205,139
5,f102_approved_AMT_GOODS_PRICE_s_app_AMT_INCOME_TOTAL_diff_min,565.1802325248718,69
5,f102_approved_AMT_GOODS_PRICE_s_app_AMT_INCOME_TOTAL_pctchange_min,3631.125055551529,434
5,f102_approved_AMT_GOODS_PRICE_std_div_mean,1594.4164743423462,202
5,f102_approved_AMT_GOODS_PRICE_s_app_AMT_INCOME_TOTAL_std_div_mean,2269.7553975582123,278
5,f102_approved_CHANNEL_TYPE_Credit_and_cash_offices_mean,1242.438167333603,127
5,f102_approved_AMT_GOODS_PRICE_s_app_AMT_INCOME_TOTAL_pctchange_max_div_min,841.7374497652054,111
5,f102_approved_CHANNEL_TYPE_Channel_of_corporate_sales_sum,79.44170999526978,10
5,f102_approved_AMT_GOODS_PRICE_s_app_AMT_INCOME_TOTAL_pctchange_mean,3014.302276611328,373
5,f102_approved_CHANNEL_TYPE_Contact_center_mean,171.43388080596924,21
5,f102_approved_CHANNEL_TYPE_Contact_center_sum,30.579180240631104,3
5,f102_approved_AMT_GOODS_PRICE_s_app_AMT_INCOME_TOTAL_pctchange_max,3840.387099504471,455
5,f102_approved_CHANNEL_TYPE_Country_wide_mean,795.968060195446,92
5,f102_approved_CHANNEL_TYPE_Channel_of_corporate_sales_mean,481.21868896484375,55
5,f102_approved_CHANNEL_TYPE_Credit_and_cash_offices_sum,793.47363448143,74
5,f102_approved_CNT_PAYMENT_std,490.1708393096924,60
5,f102_approved_CNT_PAYMENT_std_div_mean,653.7131094932556,81
5,f102_approved_CHANNEL_TYPE_Country_wide_sum,203.72287940979004,23
5,f102_approved_CHANNEL_TYPE_Stone_mean,309.28739070892334,37
5,f102_approved_CNT_PAYMENT_max_div_min,175.2676396369934,23
5,f102_approved_DAYS_DECISION_d_app_DAYS_BIRTH_std_div_mean,443.16999769210815,60
5,f102_approved_CHANNEL_TYPE_Regional___Local_mean,376.2196798324585,43
5,f102_approved_CHANNEL_TYPE_Regional___Local_sum,156.1833200454712,22
5,f102_approved_CODE_REJECT_REASON_XAP_sum,25.069159984588623,4
5,f102_approved_CHANNEL_TYPE_Stone_sum,66.09097051620483,9
5,f102_approved_DAYS_DECISION_d_app_DAYS_EMPLOYED_max_div_min,509.75917959213257,64
5,f102_approved_DAYS_DECISION_d_app_DAYS_BIRTH_max_div_min,154.15392136573792,20
5,f102_approved_DAYS_DECISION_d_app_DAYS_LAST_PHONE_CHANGE_std,1115.4893760681152,124
5,f102_approved_DAYS_DECISION_d_app_DAYS_ID_PUBLISH_std,723.8658013343811,87
5,f102_approved_DAYS_DECISION_d_app_DAYS_ID_PUBLISH_max,3103.6995329856873,319
5,f102_approved_DAYS_DECISION_d_app_DAYS_ID_PUBLISH_std_div_mean,129.6093783378601,14
5,f102_approved_DAYS_DECISION_d_app_DAYS_LAST_PHONE_CHANGE_std_div_mean,726.9625606536865,93
5,f102_approved_DAYS_DECISION_d_app_DAYS_ID_PUBLISH_min,3847.1234641075134,429
5,f102_approved_DAYS_DECISION_d_app_DAYS_ID_PUBLISH_max_div_min,192.28005075454712,25
5,f102_approved_DAYS_DECISION_d_app_DAYS_LAST_PHONE_CHANGE_max,4599.288067102432,409
5,f102_approved_DAYS_DECISION_d_app_DAYS_ID_PUBLISH_mean,3270.322404384613,316
5,f102_approved_DAYS_DECISION_d_app_DAYS_LAST_PHONE_CHANGE_max_div_min,778.678633928299,83
5,f102_approved_DAYS_DECISION_d_app_DAYS_LAST_PHONE_CHANGE_min,3749.110407471657,445
5,f102_approved_DAYS_DECISION_d_app_DAYS_REGISTRATION_std,908.1064746379852,112
5,f102_approved_DAYS_DECISION_d_app_DAYS_REGISTRATION_std_div_mean,108.28668069839478,14
5,f102_approved_DAYS_DECISION_d_app_DAYS_LAST_PHONE_CHANGE_mean,5012.2774431705475,466
5,f102_approved_DAYS_DECISION_s_app_DAYS_BIRTH_std,820.5093960762024,100
5,f102_approved_DAYS_DECISION_d_app_DAYS_REGISTRATION_max,3281.5598771572113,387
5,f102_approved_DAYS_DECISION_d_app_DAYS_REGISTRATION_mean,2953.5006535053253,329
5,f102_approved_DAYS_DECISION_d_app_DAYS_REGISTRATION_max_div_min,150.47237730026245,18
5,f102_approved_DAYS_DECISION_s_app_DAYS_EMPLOYED_std_div_mean,2363.7514004707336,242
5,f102_approved_DAYS_DECISION_d_app_DAYS_REGISTRATION_min,3402.425938129425,398
5,f102_approved_DAYS_DECISION_s_app_DAYS_EMPLOYED_std,305.93351221084595,37
5,f102_approved_DAYS_DECISION_s_app_DAYS_ID_PUBLISH_max_div_min,652.6068983078003,84
5,f102_approved_DAYS_DECISION_s_app_DAYS_EMPLOYED_max_div_min,1316.740906238556,138
5,f102_approved_DAYS_DECISION_s_app_DAYS_LAST_PHONE_CHANGE_std_div_mean,1104.761220216751,138
5,f102_approved_DAYS_DECISION_s_app_DAYS_ID_PUBLISH_std_div_mean,859.7433710098267,102
5,f102_approved_DAYS_DECISION_s_app_DAYS_LAST_PHONE_CHANGE_std,80.66622829437256,10
5,f102_approved_DAYS_DECISION_s_app_DAYS_ID_PUBLISH_std,0.0,0
5,f102_approved_DAYS_DECISION_s_app_DAYS_LAST_PHONE_CHANGE_max_div_min,1591.9516611099243,182
5,f102_approved_DAYS_DECISION_s_app_DAYS_REGISTRATION_max_div_min,499.21488070487976,66
5,f102_approved_DAYS_FIRST_DRAWING_d_app_DAYS_ID_PUBLISH_min,4816.13697886467,209
5,f102_approved_DAYS_FIRST_DRAWING_d_app_DAYS_ID_PUBLISH_max,2083.223951816559,83
5,f102_approved_DAYS_DECISION_s_app_DAYS_REGISTRATION_std,8.466620445251465,1
5,f102_approved_DAYS_DECISION_s_app_DAYS_REGISTRATION_std_div_mean,828.8711674213409,98
5,f102_approved_DAYS_FIRST_DRAWING_d_app_DAYS_ID_PUBLISH_mean,1233.0344762802124,34
5,f102_approved_DAYS_FIRST_DRAWING_d_app_DAYS_LAST_PHONE_CHANGE_max,3435.839460849762,207
5,f102_approved_DAYS_FIRST_DRAWING_d_app_DAYS_LAST_PHONE_CHANGE_mean,1508.8577103614807,78
5,f102_approved_DAYS_FIRST_DRAWING_d_app_DAYS_REGISTRATION_mean,2577.1774427890778,241
5,f102_approved_DAYS_FIRST_DRAWING_d_app_DAYS_REGISTRATION_max,1290.2675230503082,95
5,f102_approved_DAYS_FIRST_DRAWING_d_app_DAYS_LAST_PHONE_CHANGE_min,509.65463733673096,33
5,f102_approved_DAYS_FIRST_DRAWING_d_app_DAYS_REGISTRATION_min,548.5745139122009,41
5,f102_approved_DAYS_FIRST_DRAWING_s_app_DAYS_EMPLOYED_max_div_min,0.0,0
5,f102_approved_DAYS_FIRST_DUE_d_app_DAYS_EMPLOYED_max_div_min,541.8145792484283,71
5,f102_approved_DAYS_FIRST_DUE_d_app_DAYS_LAST_PHONE_CHANGE_max_div_min,813.4893417358398,91
5,f102_approved_DAYS_FIRST_DUE_d_app_DAYS_BIRTH_max_div_min,239.92831933498383,30
5,f102_approved_DAYS_FIRST_DUE_d_app_DAYS_ID_PUBLISH_min,4713.862855911255,532
5,f102_approved_DAYS_FIRST_DUE_d_app_DAYS_ID_PUBLISH_std,1324.9609694480896,140
5,f102_approved_DAYS_FIRST_DUE_d_app_DAYS_ID_PUBLISH_max,3517.506919145584,376
5,f102_approved_DAYS_FIRST_DUE_d_app_DAYS_REGISTRATION_std,1117.983351945877,133
5,f102_approved_DAYS_FIRST_DUE_d_app_DAYS_EMPLOYED_std_div_mean,1065.849974155426,132
5,f102_approved_DAYS_FIRST_DUE_d_app_DAYS_ID_PUBLISH_max_div_min,235.57849979400635,27
5,f102_approved_DAYS_FIRST_DUE_d_app_DAYS_LAST_PHONE_CHANGE_std,959.1167523860931,123
5,f102_approved_DAYS_FIRST_DUE_d_app_DAYS_ID_PUBLISH_mean,4160.159708857536,406
5,f102_approved_DAYS_FIRST_DUE_d_app_DAYS_LAST_PHONE_CHANGE_max,4995.290303230286,530
5,f102_approved_DAYS_FIRST_DUE_d_app_DAYS_REGISTRATION_min,4281.081368327141,496
5,f102_approved_DAYS_FIRST_DUE_d_app_DAYS_LAST_PHONE_CHANGE_min,4765.853102564812,558
5,f102_approved_DAYS_FIRST_DUE_d_app_DAYS_REGISTRATION_max,3763.7528824806213,433
5,f102_approved_DAYS_FIRST_DUE_d_app_DAYS_REGISTRATION_max_div_min,223.03663063049316,29
5,f102_approved_DAYS_FIRST_DUE_s_DAYS_FIRST_DRAWING_mean,3689.779539346695,194
5,f102_approved_DAYS_FIRST_DUE_s_DAYS_FIRST_DRAWING_max,838.2325401306152,63
5,f102_approved_DAYS_FIRST_DUE_s_DAYS_FIRST_DRAWING_min,398.57871103286743,21
5,f102_approved_DAYS_FIRST_DUE_d_app_DAYS_REGISTRATION_mean,3690.485900759697,411
5,f102_approved_DAYS_FIRST_DUE_d_app_DAYS_LAST_PHONE_CHANGE_mean,4403.048482179642,448
5,f102_approved_DAYS_FIRST_DUE_s_DAYS_DECISIONS_max_div_min,1209.1221528053284,139
5,f102_approved_DAYS_FIRST_DUE_s_app_DAYS_ID_PUBLISH_std_div_mean,1238.9472807645798,159
5,f102_approved_DAYS_FIRST_DUE_s_app_DAYS_EMPLOYED_max_div_min,1153.4272232949734,133
5,f102_approved_DAYS_FIRST_DUE_s_app_DAYS_LAST_PHONE_CHANGE_std_div_mean,1811.9019286036491,220
5,f102_approved_DAYS_FIRST_DUE_s_app_DAYS_ID_PUBLISH_max_div_min,884.8035702705383,96
5,f102_approved_DAYS_FIRST_DUE_s_app_DAYS_EMPLOYED_std_div_mean,1369.256482243538,159
5,f102_approved_DAYS_FIRST_DUE_s_app_DAYS_REGISTRATION_std_div_mean,1356.460069656372,161
5,f102_approved_DAYS_LAST_DUE_1ST_VERSION_d_app_DAYS_BIRTH_std_div_mean,689.8770847320557,85
5,f102_approved_DAYS_FIRST_DUE_s_app_DAYS_REGISTRATION_max_div_min,819.1042289733887,102
5,f102_approved_DAYS_FIRST_DUE_s_app_DAYS_LAST_PHONE_CHANGE_max_div_min,1077.1249332427979,133
5,f102_approved_DAYS_LAST_DUE_1ST_VERSION_d_app_DAYS_EMPLOYED_max_div_min,374.691529750824,47
5,f102_approved_DAYS_LAST_DUE_1ST_VERSION_d_app_DAYS_ID_PUBLISH_std_div_mean,232.18724918365479,29
5,f102_approved_DAYS_LAST_DUE_1ST_VERSION_d_app_DAYS_EMPLOYED_std_div_mean,668.1417796611786,84
5,f102_approved_DAYS_LAST_DUE_1ST_VERSION_d_app_DAYS_BIRTH_max_div_min,171.36905908584595,21
5,f102_approved_DAYS_LAST_DUE_1ST_VERSION_d_app_DAYS_ID_PUBLISH_min,5376.33065199852,514
5,f102_approved_DAYS_LAST_DUE_1ST_VERSION_d_app_DAYS_ID_PUBLISH_max_div_min,133.1115403175354,16
5,f102_approved_DAYS_LAST_DUE_1ST_VERSION_d_app_DAYS_ID_PUBLISH_std,767.9205026626587,92
5,f102_approved_DAYS_LAST_DUE_1ST_VERSION_d_app_DAYS_ID_PUBLISH_max,5209.346101403236,535
5,f102_approved_DAYS_LAST_DUE_1ST_VERSION_d_app_DAYS_LAST_PHONE_CHANGE_max_div_min,324.73795080184937,43
5,f102_approved_DAYS_LAST_DUE_1ST_VERSION_d_app_DAYS_ID_PUBLISH_mean,5956.580274820328,522
5,f102_approved_DAYS_LAST_DUE_1ST_VERSION_d_app_DAYS_LAST_PHONE_CHANGE_std_div_mean,564.8327693939209,77
5,f102_approved_DAYS_LAST_DUE_1ST_VERSION_d_app_DAYS_LAST_PHONE_CHANGE_mean,6326.187842607498,479
5,f102_approved_DAYS_LAST_DUE_1ST_VERSION_d_app_DAYS_LAST_PHONE_CHANGE_max,4460.536292552948,489
5,f102_approved_DAYS_LAST_DUE_1ST_VERSION_d_app_DAYS_LAST_PHONE_CHANGE_min,4822.052170980722,488
5,f102_approved_DAYS_LAST_DUE_1ST_VERSION_s_DAYS_DECISIONS_std_div_mean,490.9341998100281,62
5,f102_approved_DAYS_LAST_DUE_1ST_VERSION_d_app_DAYS_REGISTRATION_min,4187.987815439701,447
5,f102_approved_DAYS_LAST_DUE_1ST_VERSION_d_app_DAYS_REGISTRATION_mean,4386.686593055725,475
5,f102_approved_DAYS_LAST_DUE_1ST_VERSION_d_app_DAYS_REGISTRATION_max,4611.177906990051,503
5,f102_approved_DAYS_LAST_DUE_1ST_VERSION_d_app_DAYS_REGISTRATION_max_div_min,150.6482400894165,18
5,f102_approved_DAYS_LAST_DUE_1ST_VERSION_d_app_DAYS_REGISTRATION_std_div_mean,31.364009857177734,5
5,f102_approved_DAYS_LAST_DUE_1ST_VERSION_s_DAYS_FIRST_DUE_std,193.49046087265015,26
5,f102_approved_DAYS_LAST_DUE_1ST_VERSION_s_DAYS_DECISIONS_std,358.55251026153564,44
5,f102_approved_DAYS_LAST_DUE_1ST_VERSION_d_app_DAYS_REGISTRATION_std,863.6011915206909,109
5,f102_approved_DAYS_LAST_DUE_1ST_VERSION_s_app_DAYS_ID_PUBLISH_std_div_mean,601.6676728725433,72
5,f102_approved_DAYS_LAST_DUE_1ST_VERSION_s_DAYS_FIRST_DUE_std_div_mean,518.7445795536041,68
5,f102_approved_DAYS_LAST_DUE_1ST_VERSION_s_DAYS_DECISIONS_max_div_min,291.652468919754,38
5,f102_approved_DAYS_LAST_DUE_1ST_VERSION_s_DAYS_FIRST_DUE_max_div_min,202.94802951812744,20
5,f102_approved_DAYS_LAST_DUE_1ST_VERSION_s_app_DAYS_EMPLOYED_std,695.0223116874695,88
5,f102_approved_DAYS_LAST_DUE_1ST_VERSION_s_app_DAYS_ID_PUBLISH_std,156.22861003875732,18
5,f102_approved_DAYS_LAST_DUE_1ST_VERSION_s_app_DAYS_EMPLOYED_max_div_min,1326.0485394001007,151
5,f102_approved_DAYS_LAST_DUE_1ST_VERSION_s_app_DAYS_BIRTH_std,69.26000022888184,11
5,f102_approved_DAYS_LAST_DUE_1ST_VERSION_s_app_DAYS_REGISTRATION_std_div_mean,582.5707683563232,75
5,f102_approved_DAYS_LAST_DUE_1ST_VERSION_s_app_DAYS_LAST_PHONE_CHANGE_max_div_min,392.4425115585327,49
5,f102_approved_DAYS_LAST_DUE_1ST_VERSION_s_app_DAYS_REGISTRATION_std,13.309289932250977,2
5,f102_approved_DAYS_LAST_DUE_1ST_VERSION_s_app_DAYS_BIRTH_max_div_min,592.2784714698792,67
5,f102_approved_DAYS_LAST_DUE_d_app_DAYS_BIRTH_std_div_mean,29.552249908447266,4
5,f102_approved_DAYS_LAST_DUE_1ST_VERSION_s_app_DAYS_LAST_PHONE_CHANGE_std_div_mean,620.8723816871643,75
5,f102_approved_DAYS_LAST_DUE_1ST_VERSION_s_app_DAYS_ID_PUBLISH_max_div_min,387.91826152801514,46
5,f102_approved_DAYS_LAST_DUE_1ST_VERSION_s_app_DAYS_LAST_PHONE_CHANGE_std,0.0,0
5,f102_approved_DAYS_LAST_DUE_d_app_DAYS_EMPLOYED_max_div_min,18.491649627685547,2
5,f102_approved_DAYS_LAST_DUE_d_app_DAYS_EMPLOYED_mean,1847.8511633872986,178
5,f102_approved_DAYS_LAST_DUE_1ST_VERSION_s_app_DAYS_REGISTRATION_max_div_min,362.38022112846375,43
5,f102_approved_DAYS_LAST_DUE_d_app_DAYS_EMPLOYED_std_div_mean,74.02930164337158,10
5,f102_approved_DAYS_LAST_DUE_d_app_DAYS_BIRTH_max_div_min,106.26730918884277,11
5,f102_approved_DAYS_LAST_DUE_d_app_DAYS_ID_PUBLISH_max_div_min,0.0,0
5,f102_approved_DAYS_LAST_DUE_d_app_DAYS_EMPLOYED_min,3741.504766225815,292
5,f102_approved_DAYS_LAST_DUE_d_app_DAYS_ID_PUBLISH_std_div_mean,19.581080436706543,3
5,f102_approved_DAYS_LAST_DUE_d_app_DAYS_LAST_PHONE_CHANGE_max_div_min,57.604459285736084,7
5,f102_approved_DAYS_LAST_DUE_d_app_DAYS_ID_PUBLISH_std,69.40324020385742,8
5,f102_approved_DAYS_LAST_DUE_d_app_DAYS_EMPLOYED_max,1646.1179249286652,171
5,f102_approved_DAYS_LAST_DUE_d_app_DAYS_REGISTRATION_std,119.18796873092651,19
5,f102_approved_DAYS_LAST_DUE_d_app_DAYS_REGISTRATION_std_div_mean,12.168270111083984,2
5,f102_approved_DAYS_LAST_DUE_d_app_DAYS_LAST_PHONE_CHANGE_std_div_mean,65.72492027282715,9
5,f102_approved_DAYS_LAST_DUE_d_app_DAYS_ID_PUBLISH_min,1481.2032370567322,172
5,f102_approved_DAYS_LAST_DUE_d_app_DAYS_ID_PUBLISH_mean,1115.8716603517532,138
5,f102_approved_DAYS_LAST_DUE_d_app_DAYS_ID_PUBLISH_max,1163.254739522934,140
5,f102_approved_DAYS_LAST_DUE_d_app_DAYS_LAST_PHONE_CHANGE_max,1504.9840354919434,187
5,f102_approved_DAYS_LAST_DUE_s_DAYS_DECISIONS_mean,987.2729924917221,117
5,f102_approved_DAYS_LAST_DUE_d_app_DAYS_REGISTRATION_max_div_min,17.27464008331299,2
5,f102_approved_DAYS_LAST_DUE_d_app_DAYS_REGISTRATION_max,1484.5198292732239,170
5,f102_approved_DAYS_LAST_DUE_d_app_DAYS_LAST_PHONE_CHANGE_mean,1003.7886567115784,119
5,f102_approved_DAYS_LAST_DUE_d_app_DAYS_REGISTRATION_min,1436.8197700977325,169
5,f102_approved_DAYS_LAST_DUE_s_DAYS_DECISIONS_max,947.3882887363434,112
5,f102_approved_DAYS_LAST_DUE_s_DAYS_FIRST_DUE_min,108.89198017120361,15
5,f102_approved_DAYS_LAST_DUE_d_app_DAYS_LAST_PHONE_CHANGE_min,1227.6792196035385,145
5,f102_approved_DAYS_LAST_DUE_d_app_DAYS_REGISTRATION_mean,1045.2465133666992,123
5,f102_approved_DAYS_LAST_DUE_s_DAYS_FIRST_DUE_mean,184.58456993103027,19
5,f102_approved_DAYS_LAST_DUE_s_DAYS_DECISIONS_max_div_min,86.72980117797852,10
5,f102_approved_DAYS_LAST_DUE_s_DAYS_LAST_DUE_1ST_VERSION_std,112.45678949356079,17
5,f102_approved_DAYS_LAST_DUE_s_DAYS_DECISIONS_min,780.6615817546844,91
5,f102_approved_DAYS_LAST_DUE_s_DAYS_FIRST_DUE_max_div_min,90.62140035629272,14
5,f102_approved_DAYS_LAST_DUE_s_app_DAYS_BIRTH_std,111.88354730606079,13
5,f102_approved_DAYS_LAST_DUE_s_DAYS_LAST_DUE_1ST_VERSION_std_div_mean,132.96779012680054,20
5,f102_approved_DAYS_LAST_DUE_s_app_DAYS_ID_PUBLISH_max_div_min,53.122299671173096,5
5,f102_approved_DAYS_LAST_DUE_s_DAYS_FIRST_DUE_max,112.19913101196289,15
5,f102_approved_DAYS_LAST_DUE_s_app_DAYS_EMPLOYED_std,40.43037986755371,5
5,f102_approved_DAYS_LAST_DUE_s_app_DAYS_EMPLOYED_max_div_min,230.81768941879272,30
5,f102_approved_DAYS_LAST_DUE_s_app_DAYS_LAST_PHONE_CHANGE_std,0.0,0
5,f102_approved_DAYS_LAST_DUE_s_app_DAYS_ID_PUBLISH_std,0.0,0
5,f102_approved_DAYS_LAST_DUE_s_app_DAYS_REGISTRATION_max_div_min,40.18942952156067,6
5,f102_approved_DAYS_LAST_DUE_s_app_DAYS_LAST_PHONE_CHANGE_std_div_mean,172.56133842468262,22
5,f102_approved_DAYS_LAST_DUE_s_app_DAYS_ID_PUBLISH_std_div_mean,61.736509799957275,7
5,f102_approved_DAYS_LAST_DUE_s_app_DAYS_REGISTRATION_std_div_mean,177.25464057922363,25
5,f102_approved_DAYS_LAST_DUE_s_app_DAYS_LAST_PHONE_CHANGE_max_div_min,113.85147023200989,15
5,f102_approved_DAYS_LAST_DUE_s_app_DAYS_REGISTRATION_std,0.0,0
5,f102_approved_DAYS_TERMINATION_d_app_DAYS_BIRTH_std_div_mean,118.04385042190552,18
5,f102_approved_DAYS_TERMINATION_d_app_DAYS_EMPLOYED_std_div_mean,45.09492063522339,7
5,f102_approved_DAYS_TERMINATION_d_app_DAYS_ID_PUBLISH_max,1308.3364717960358,158
5,f102_approved_DAYS_TERMINATION_d_app_DAYS_BIRTH_max_div_min,28.009469509124756,4
5,f102_approved_DAYS_TERMINATION_d_app_DAYS_EMPLOYED_max_div_min,14.481210231781006,2
5,f102_approved_DAYS_TERMINATION_d_app_DAYS_ID_PUBLISH_mean,1169.3062918186188,141
5,f102_approved_DAYS_TERMINATION_d_app_DAYS_EMPLOYED_min,2336.968454360962,187
5,f102_approved_DAYS_TERMINATION_d_app_DAYS_EMPLOYED_mean,1638.743103504181,158
5,f102_approved_DAYS_TERMINATION_d_app_DAYS_ID_PUBLISH_min,1314.6229543685913,162
5,f102_approved_DAYS_TERMINATION_d_app_DAYS_LAST_PHONE_CHANGE_std_div_mean,45.758780002593994,6
5,f102_approved_DAYS_TERMINATION_d_app_DAYS_EMPLOYED_max,1453.8325605392456,159
5,f102_approved_DAYS_TERMINATION_d_app_DAYS_ID_PUBLISH_max_div_min,6.435939788818359,1
5,f102_approved_DAYS_TERMINATION_d_app_DAYS_LAST_PHONE_CHANGE_min,1273.7330031394958,162
5,f102_approved_DAYS_TERMINATION_d_app_DAYS_LAST_PHONE_CHANGE_max,1305.1293604373932,156
5,f102_approved_DAYS_TERMINATION_d_app_DAYS_REGISTRATION_max,1507.5966129302979,169
5,f102_approved_DAYS_TERMINATION_d_app_DAYS_ID_PUBLISH_std,123.79708099365234,17
5,f102_approved_DAYS_TERMINATION_d_app_DAYS_REGISTRATION_std_div_mean,21.571249961853027,3
5,f102_approved_DAYS_TERMINATION_d_app_DAYS_ID_PUBLISH_std_div_mean,18.11476993560791,3
5,f102_approved_DAYS_TERMINATION_d_app_DAYS_REGISTRATION_std,112.59789991378784,16
5,f102_approved_DAYS_TERMINATION_d_app_DAYS_LAST_PHONE_CHANGE_mean,1136.4704113006592,139
5,f102_approved_DAYS_TERMINATION_d_app_DAYS_REGISTRATION_max_div_min,7.76039981842041,1
5,f102_approved_DAYS_TERMINATION_s_DAYS_FIRST_DRAWING_max,310.2367615699768,40
5,f102_approved_DAYS_TERMINATION_d_app_DAYS_REGISTRATION_min,1420.5458266735077,169
5,f102_approved_DAYS_TERMINATION_d_app_DAYS_LAST_PHONE_CHANGE_max_div_min,41.149760484695435,6
5,f102_approved_DAYS_TERMINATION_s_DAYS_FIRST_DRAWING_mean,87.19939947128296,11
5,f102_approved_DAYS_TERMINATION_s_DAYS_DECISIONS_min,1333.9309146404266,160
5,f102_approved_DAYS_TERMINATION_s_DAYS_FIRST_DRAWING_min,24.524909496307373,4
5,f102_approved_DAYS_TERMINATION_s_DAYS_DECISIONS_mean,996.821305513382,127
5,f102_approved_DAYS_TERMINATION_s_DAYS_LAST_DUE_1ST_VERSION_std_div_mean,53.70248985290527,7
5,f102_approved_DAYS_TERMINATION_s_DAYS_LAST_DUE_1ST_VERSION_std,168.76123046875,23
5,f102_approved_DAYS_TERMINATION_s_DAYS_FIRST_DUE_mean,946.510368347168,117
5,f102_approved_DAYS_TERMINATION_s_DAYS_FIRST_DUE_max,890.198441028595,110
5,f102_approved_DAYS_TERMINATION_s_DAYS_FIRST_DUE_min,1136.6951131820679,141
5,f102_approved_DAYS_TERMINATION_s_app_DAYS_BIRTH_std,108.4557695388794,14
5,f102_approved_DAYS_TERMINATION_s_DAYS_FIRST_DUE_max_div_min,92.3703989982605,12
5,f102_approved_DAYS_TERMINATION_d_app_DAYS_REGISTRATION_mean,889.3253972530365,102
5,f102_approved_DAYS_TERMINATION_s_DAYS_DECISIONS_max,1048.9420227110386,128
5,f102_approved_DAYS_TERMINATION_s_DAYS_DECISIONS_max_div_min,147.71341109275818,21
5,f102_approved_DAYS_TERMINATION_s_DAYS_LAST_DUE_1ST_VERSION_max_div_min,61.52950954437256,8
5,f102_approved_DAYS_TERMINATION_s_DAYS_LAST_DUE_max,899.1106634140015,109
5,f102_approved_DAYS_TERMINATION_s_DAYS_LAST_DUE_max_div_min,14.350919961929321,3
5,f102_approved_DAYS_TERMINATION_s_app_DAYS_EMPLOYED_std,22.96958017349243,4
5,f102_approved_DAYS_TERMINATION_s_DAYS_LAST_DUE_min,906.2321517467499,117
5,f102_approved_DAYS_TERMINATION_s_app_DAYS_EMPLOYED_max_div_min,121.96298122406006,15
5,f102_approved_DAYS_TERMINATION_s_app_DAYS_ID_PUBLISH_std,23.30331039428711,3
5,f102_approved_DAYS_TERMINATION_s_app_DAYS_LAST_PHONE_CHANGE_std,13.655529975891113,2
5,f102_approved_DAYS_TERMINATION_s_app_DAYS_ID_PUBLISH_max_div_min,89.43575954437256,10
5,f102_approved_DAYS_TERMINATION_s_DAYS_LAST_DUE_mean,1052.8370999097824,130
5,f102_approved_DAYS_TERMINATION_s_app_DAYS_ID_PUBLISH_std_div_mean,136.92412042617798,19
5,f102_approved_DAYS_TERMINATION_s_app_DAYS_REGISTRATION_max_div_min,55.07369041442871,8
5,f102_approved_DAYS_TERMINATION_s_app_DAYS_LAST_PHONE_CHANGE_max_div_min,92.61502933502197,12
5,f102_approved_DAYS_TERMINATION_s_app_DAYS_REGISTRATION_std,0.0,0
5,f102_approved_DAYS_TERMINATION_s_app_DAYS_REGISTRATION_std_div_mean,105.10927963256836,15
5,f102_approved_HOUR_APPR_PROCESS_START_std_div_mean,2032.8779106140137,230
5,f102_approved_HOUR_APPR_PROCESS_START_std,936.9091889858246,115
5,f102_approved_NAME_CASH_LOAN_PURPOSE_Building_a_house_or_an_annex_sum,0.0,0
5,f102_approved_HOUR_APPR_PROCESS_START_max_div_min,771.5662188529968,92
5,f102_approved_NAME_CASH_LOAN_PURPOSE_Buying_a_holiday_home___land_sum,0.0,0
5,f102_approved_NAME_CASH_LOAN_PURPOSE_Buying_a_used_car_mean,0.0,0
5,f102_approved_NAME_CASH_LOAN_PURPOSE_Buying_a_home_sum,0.0,0
5,f102_approved_NAME_CASH_LOAN_PURPOSE_Buying_a_used_car_sum,0.0,0
5,f102_approved_NAME_CASH_LOAN_PURPOSE_Buying_a_new_car_mean,0.0,0
5,f102_approved_NAME_CASH_LOAN_PURPOSE_Building_a_house_or_an_annex_mean,0.0,0
5,f102_approved_NAME_CASH_LOAN_PURPOSE_Car_repairs_sum,0.0,0
5,f102_approved_NAME_CASH_LOAN_PURPOSE_Buying_a_new_car_sum,0.0,0
5,f102_approved_NAME_CASH_LOAN_PURPOSE_Education_mean,0.0,0
5,f102_approved_NAME_CASH_LOAN_PURPOSE_Education_sum,0.0,0
5,f102_approved_NAME_CASH_LOAN_PURPOSE_Car_repairs_mean,0.0,0
5,f102_approved_NAME_CASH_LOAN_PURPOSE_Gasification___water_supply_sum,0.0,0
5,f102_approved_NAME_CASH_LOAN_PURPOSE_Everyday_expenses_sum,0.0,0
5,f102_approved_NAME_CASH_LOAN_PURPOSE_Buying_a_home_mean,0.0,0
5,f102_approved_NAME_CASH_LOAN_PURPOSE_Furniture_sum,0.0,0
5,f102_approved_NAME_CASH_LOAN_PURPOSE_Furniture_mean,0.0,0
5,f102_approved_NAME_CASH_LOAN_PURPOSE_Other_mean,56.50088977813721,7
5,f102_approved_NAME_CASH_LOAN_PURPOSE_Medicine_mean,0.0,0
5,f102_approved_NAME_CASH_LOAN_PURPOSE_Purchase_of_electronic_equipment_mean,0.0,0
5,f102_approved_NAME_CASH_LOAN_PURPOSE_Everyday_expenses_mean,0.0,0
5,f102_approved_NAME_CASH_LOAN_PURPOSE_Repairs_mean,184.22082138061523,26
5,f102_approved_NAME_CASH_LOAN_PURPOSE_Other_sum,29.897430419921875,4
5,f102_approved_NAME_CASH_LOAN_PURPOSE_Journey_sum,0.0,0
5,f102_approved_NAME_CASH_LOAN_PURPOSE_Purchase_of_electronic_equipment_sum,0.0,0
5,f102_approved_NAME_CASH_LOAN_PURPOSE_Payments_on_other_loans_sum,0.0,0
5,f102_approved_NAME_CASH_LOAN_PURPOSE_Medicine_sum,0.0,0
5,f102_approved_NAME_CASH_LOAN_PURPOSE_Repairs_sum,33.38872003555298,5
5,f102_approved_NAME_CASH_LOAN_PURPOSE_Payments_on_other_loans_mean,0.0,0
5,f102_approved_NAME_CASH_LOAN_PURPOSE_Journey_mean,0.0,0
5,f102_approved_NAME_CASH_LOAN_PURPOSE_Urgent_needs_mean,310.4344096183777,33
5,f102_approved_NAME_CASH_LOAN_PURPOSE_Urgent_needs_sum,94.81614017486572,10
5,f102_approved_NAME_CASH_LOAN_PURPOSE_XAP_sum,396.5251293182373,45
5,f102_approved_NAME_CASH_LOAN_PURPOSE_Wedding___gift___holiday_sum,0.0,0
5,f102_approved_NAME_CLIENT_TYPE_Repeater_mean,735.7532711029053,87
5,f102_approved_NAME_CLIENT_TYPE_XNA_sum,0.0,0
5,f102_approved_NAME_CONTRACT_TYPE_Consumer_loans_mean,163.9958200454712,16
5,f102_approved_NAME_CONTRACT_STATUS_Approved_sum,9.777550220489502,2
5,f102_approved_NAME_CONTRACT_TYPE_Consumer_loans_sum,27.622650146484375,3
5,f102_approved_NAME_CLIENT_TYPE_XNA_mean,0.0,0
5,f102_approved_NAME_GOODS_CATEGORY_Audio_Video_mean,153.6894497871399,21
5,f102_approved_NAME_CASH_LOAN_PURPOSE_Wedding___gift___holiday_mean,0.0,0
5,f102_approved_NAME_GOODS_CATEGORY_Audio_Video_sum,13.861050128936768,2
5,f102_approved_NAME_GOODS_CATEGORY_Auto_Accessories_sum,9.92320966720581,2
5,f102_approved_NAME_GOODS_CATEGORY_Auto_Accessories_mean,30.115170001983643,5
5,f102_approved_NAME_GOODS_CATEGORY_Computers_sum,210.90623998641968,22
5,f102_approved_NAME_GOODS_CATEGORY_Construction_Materials_mean,120.25534057617188,18
5,f102_approved_NAME_GOODS_CATEGORY_Construction_Materials_sum,22.349489212036133,3
5,f102_approved_NAME_GOODS_CATEGORY_Direct_Sales_mean,0.0,0
5,f102_approved_NAME_GOODS_CATEGORY_Clothing_and_Accessories_sum,115.05449867248535,11
5,f102_approved_NAME_GOODS_CATEGORY_Clothing_and_Accessories_mean,252.531991481781,32
5,f102_approved_NAME_GOODS_CATEGORY_Direct_Sales_sum,0.0,0
5,f102_approved_NAME_GOODS_CATEGORY_Consumer_Electronics_sum,45.097389698028564,5
5,f102_approved_NAME_GOODS_CATEGORY_Computers_mean,1032.2091252803802,111
5,f102_approved_NAME_GOODS_CATEGORY_Consumer_Electronics_mean,287.28603076934814,35
5,f102_approved_NAME_GOODS_CATEGORY_Gardening_mean,0.0,0
5,f102_approved_NAME_GOODS_CATEGORY_Homewares_sum,0.0,0
5,f102_approved_NAME_GOODS_CATEGORY_Homewares_mean,21.295069694519043,4
5,f102_approved_NAME_GOODS_CATEGORY_Fitness_mean,0.0,0
5,f102_approved_NAME_GOODS_CATEGORY_Fitness_sum,0.0,0
5,f102_approved_NAME_GOODS_CATEGORY_Insurance_sum,0.0,0
5,f102_approved_NAME_GOODS_CATEGORY_Education_sum,0.0,0
5,f102_approved_NAME_GOODS_CATEGORY_Gardening_sum,0.0,0
5,f102_approved_NAME_GOODS_CATEGORY_Tourism_mean,0.0,0
5,f102_approved_NAME_GOODS_CATEGORY_Education_mean,0.0,0
5,f102_approved_NAME_GOODS_CATEGORY_Jewelry_sum,0.0,0
5,f102_approved_NAME_GOODS_CATEGORY_Mobile_sum,2291.741735935211,159
5,f102_approved_NAME_GOODS_CATEGORY_Medical_Supplies_sum,0.0,0
5,f102_approved_NAME_GOODS_CATEGORY_Medicine_sum,0.0,0
5,f102_approved_NAME_GOODS_CATEGORY_Medical_Supplies_mean,7.3726301193237305,1
5,f102_approved_NAME_GOODS_CATEGORY_Jewelry_mean,155.22668027877808,22
5,f102_approved_NAME_GOODS_CATEGORY_Medicine_mean,0.0,0
5,f102_approved_NAME_GOODS_CATEGORY_Sport_and_Leisure_mean,0.0,0
5,f102_approved_NAME_GOODS_CATEGORY_Office_Appliances_mean,0.0,0
5,f102_approved_NAME_PAYMENT_TYPE_Cashless_from_the_account_of_the_employer_sum,0.0,0
5,f102_approved_NAME_GOODS_CATEGORY_Sport_and_Leisure_sum,0.0,0
5,f102_approved_NAME_GOODS_CATEGORY_Tourism_sum,0.0,0
5,f102_approved_NAME_GOODS_CATEGORY_Office_Appliances_sum,0.0,0
5,f102_approved_NAME_GOODS_CATEGORY_Photo___Cinema_Equipment_sum,13.179669857025146,2
5,f102_approved_NAME_GOODS_CATEGORY_Vehicles_sum,5.176760196685791,1
5,f102_approved_NAME_GOODS_CATEGORY_Photo___Cinema_Equipment_mean,490.84400057792664,57
5,f102_approved_NAME_GOODS_CATEGORY_XNA_mean,427.1287224292755,33
5,f102_approved_NAME_PAYMENT_TYPE_Cashless_from_the_account_of_the_employer_mean,0.0,0
5,f102_approved_NAME_PORTFOLIO_POS_mean,172.37771213054657,15
5,f102_approved_NAME_GOODS_CATEGORY_Weapon_sum,0.0,0
5,f102_approved_NAME_PAYMENT_TYPE_Non_cash_from_your_account_mean,0.0,0
5,f102_approved_NAME_GOODS_CATEGORY_XNA_sum,121.55474042892456,16
5,f102_approved_NAME_GOODS_CATEGORY_Vehicles_mean,16.5522198677063,2
5,f102_approved_NAME_PAYMENT_TYPE_Non_cash_from_your_account_sum,0.0,0
5,f102_approved_NAME_SELLER_INDUSTRY_Auto_technology_sum,142.54081964492798,14
5,f102_approved_NAME_PORTFOLIO_POS_sum,32.400330543518066,4
5,f102_approved_NAME_SELLER_INDUSTRY_Tourism_sum,0.0,0
5,f102_approved_NAME_SELLER_INDUSTRY_Construction_mean,65.37405014038086,11
5,f102_approved_NAME_SELLER_INDUSTRY_Clothing_sum,39.399970054626465,5
5,f102_approved_NAME_SELLER_INDUSTRY_Auto_technology_mean,588.927318572998,66
5,f102_approved_NAME_SELLER_INDUSTRY_Construction_sum,7.9771199226379395,1
5,f102_approved_NAME_PRODUCT_TYPE_x_sell_mean,1956.4016692638397,145
5,f102_approved_NAME_SELLER_INDUSTRY_MLM_partners_sum,0.0,0
5,f102_approved_NAME_SELLER_INDUSTRY_Jewelry_mean,41.4470796585083,5
5,f102_approved_NAME_SELLER_INDUSTRY_Industry_sum,5.719299793243408,1
5,f102_approved_NAME_PRODUCT_TYPE_XNA_sum,79.95515060424805,9
5,f102_approved_NAME_PRODUCT_TYPE_XNA_mean,73.00743007659912,8
5,f102_approved_NAME_SELLER_INDUSTRY_Clothing_mean,171.21044969558716,19
5,f102_approved_NAME_SELLER_INDUSTRY_Tourism_mean,0.0,0
5,f102_approved_NAME_SELLER_INDUSTRY_Jewelry_sum,17.736159801483154,3
5,f102_approved_NAME_TYPE_SUITE_Family_sum,315.5593886375427,33
5,f102_approved_NAME_SELLER_INDUSTRY_Consumer_electronics_mean,992.3962495326996,111
5,f102_approved_NAME_SELLER_INDUSTRY_MLM_partners_mean,0.0,0
5,f102_approved_NAME_TYPE_SUITE_Other_B_sum,154.41511058807373,19
5,f102_approved_NAME_SELLER_INDUSTRY_XNA_mean,482.40988874435425,48
5,f102_approved_NAME_TYPE_SUITE_Children_sum,84.79600882530212,12
5,f102_approved_NAME_SELLER_INDUSTRY_Consumer_electronics_sum,321.9226999282837,39
5,f102_approved_NAME_TYPE_SUITE_Other_A_sum,7.238460063934326,1
5,f102_approved_NAME_SELLER_INDUSTRY_XNA_sum,145.25477075576782,15
5,f102_approved_NAME_TYPE_SUITE_Family_mean,636.2062516212463,75
5,f102_approved_NAME_TYPE_SUITE_Group_of_people_mean,0.0,0
5,f102_approved_NAME_TYPE_SUITE_Other_B_mean,273.625292301178,32
5,f102_approved_NAME_TYPE_SUITE_Group_of_people_sum,0.0,0
5,f102_approved_NAME_SELLER_INDUSTRY_Industry_mean,51.39558029174805,8
5,f102_approved_NAME_TYPE_SUITE_Other_A_mean,123.69149112701416,18
5,f102_approved_NAME_TYPE_SUITE_Children_mean,330.14504957199097,46
5,f102_approved_NAME_TYPE_SUITE_Spouse__partner_sum,60.1010308265686,8
5,f102_approved_NAME_TYPE_SUITE_Spouse__partner_mean,383.0286707878113,48
5,f102_approved_NAME_TYPE_SUITE_Unaccompanied_sum,416.842062830925,51
5,f102_approved_NAME_YIELD_GROUP_middle_sum,750.8200387954712,73
5,f102_approved_PRODUCT_COMBINATION_POS_household_with_interest_sum,153.0713188648224,21
5,f102_approved_NAME_TYPE_SUITE_Unaccompanied_mean,1235.3606507778168,154
5,f102_approved_PRODUCT_COMBINATION_Card_X_Sell_sum,423.7242865562439,29
5,f102_approved_NAME_YIELD_GROUP_middle_mean,1721.0465219020844,173
5,f102_approved_RATE_INTEREST_PRIMARY_max,325.07905864715576,52
5,f102_approved_RATE_DOWN_PAYMENT_std_div_mean,506.49132204055786,63
5,f102_approved_PRODUCT_COMBINATION_POS_household_with_interest_mean,791.1553304195404,82
5,f102_approved_PRODUCT_COMBINATION_POS_industry_without_interest_sum,502.4767208099365,61
5,f102_approved_RATE_DOWN_PAYMENT_max_div_min,1058.483093738556,120
5,f102_approved_PRODUCT_COMBINATION_POS_household_without_interest_mean,1042.9253497123718,106
5,f102_approved_PRODUCT_COMBINATION_Card_X_Sell_mean,918.4523315429688,75
5,f102_approved_PREV_COUNT,36.31399059295654,5
5,f102_approved_PRODUCT_COMBINATION_POS_mobile_without_interest_sum,52.5984206199646,8
6,f102_approved_RATE_INTEREST_PRIMARY_mean,311.9513713121414,56
6,f102_approved_RATE_INTEREST_PRIVILEGED_min,143.01143980026245,27
6,f102_approved_RATE_INTEREST_PRIVILEGED_std_div_mean,0.0,0
6,f102_approved_RATE_INTEREST_PRIMARY_min,266.2875485420227,49
6,f102_approved_RATE_INTEREST_PRIVILEGED_std,0.0,0
6,f102_approved_PRODUCT_COMBINATION_POS_other_with_interest_mean,542.2785723209381,87
6,f102_approved_RATE_INTEREST_PRIVILEGED_mean,98.24866008758545,19
6,f102_approved_PRODUCT_COMBINATION_POS_mobile_without_interest_mean,657.8258759975433,86
6,f102_approved_PRODUCT_COMBINATION_POS_industry_without_interest_mean,795.0604426860809,103
6,f102_approved_PRODUCT_COMBINATION_POS_others_without_interest_mean,35.83584976196289,7
6,f102_approved_PRODUCT_COMBINATION_POS_other_with_interest_sum,79.03695964813232,12
6,f102_approved_PRODUCT_COMBINATION_POS_others_without_interest_sum,22.72012948989868,5
6,f102_approved_RATE_INTEREST_PRIVILEGED_max,43.101500034332275,8
6,f102_approved_SELLERPLACE_AREA_std_div_mean,3888.4112387895584,599
6,f102_approved_SELLERPLACE_AREA_max_div_min,3146.032973766327,468
6,f102_approved_SELLERPLACE_AREA_std,3549.5437272787094,551
6,f102_approved_WEEKDAY_APPR_PROCESS_START_FRIDAY_mean,1109.7942802906036,171
6,f102_approved_SELLERPLACE_AREA_min,7270.894273221493,1018
6,f102_approved_SELLERPLACE_AREA_mean,7543.013960003853,1072
6,f102_approved_WEEKDAY_APPR_PROCESS_START_FRIDAY_sum,321.59337854385376,53
6,f102_approved_WEEKDAY_APPR_PROCESS_START_SATURDAY_sum,277.4420802593231,46
6,f102_approved_WEEKDAY_APPR_PROCESS_START_MONDAY_mean,1250.6864521503448,176
6,f102_approved_WEEKDAY_APPR_PROCESS_START_THURSDAY_sum,421.5590181350708,64
6,f102_approved_WEEKDAY_APPR_PROCESS_START_MONDAY_sum,545.2913506031036,81
6,f102_approved_WEEKDAY_APPR_PROCESS_START_TUESDAY_sum,278.2171320915222,49
6,f102_approved_WEEKDAY_APPR_PROCESS_START_SUNDAY_mean,529.26580286026,85
6,f102_approved_WEEKDAY_APPR_PROCESS_START_THURSDAY_mean,884.1032123565674,141
6,f102_approved_WEEKDAY_APPR_PROCESS_START_WEDNESDAY_mean,1195.0000059604645,185
6,f102_approved_active_std_div_mean,593.5787916183472,88
6,f102_approved_active_std,491.6673002243042,75
6,f102_approved_active_min,702.8807380199432,46
6,f102_approved_WEEKDAY_APPR_PROCESS_START_SUNDAY_sum,395.1235303878784,64
6,f102_approved_WEEKDAY_APPR_PROCESS_START_SATURDAY_mean,776.3301177024841,123
6,f102_approved_SELLERPLACE_AREA_max,7160.421978652477,1001
6,f102_approved_WEEKDAY_APPR_PROCESS_START_TUESDAY_mean,886.810188293457,140
6,f102_approved_amt_paid_max_div_min,1724.3823425769806,281
6,f102_approved_amt_unpaid_std,1974.736987054348,321
6,f102_approved_amt_paid_std_div_mean,2943.474525809288,460
6,f102_approved_amt_unpaid_max_div_min,1681.2544131875038,271
6,f102_approved_amt_unpaid_mean,5113.541354626417,739
6,f102_approved_WEEKDAY_APPR_PROCESS_START_WEDNESDAY_sum,388.05458188056946,63
6,f102_approved_amt_unpaid_std_div_mean,1507.0445206165314,257
6,f102_approved_amt_unpaid_min,5786.214533507824,848
6,f102_approved_cnt_paid_mean,3749.210587143898,592
6,f102_approved_amt_unpaid_max,5061.613787412643,694
6,f102_approved_cnt_paid_min,3094.586273431778,462
6,f102_approved_cnt_paid_ratio_max_div_min,1758.2607287168503,264
6,f102_approved_cnt_paid_max,2641.285114169121,432
6,f102_approved_cnt_unpaid_std,1697.2692012786865,277
6,f102_approved_cnt_paid_ratio_std,2359.063316345215,379
6,f102_approved_cnt_paid_max_div_min,952.3928914070129,151
6,f102_approved_cnt_unpaid_max_div_min,1229.0796101093292,203
6,f102_approved_cnt_paid_std_div_mean,1658.7304997444153,269
6,f102_approved_cnt_paid_std,1067.25981092453,174
6,f102_approved_amt_unpaid_sum,4406.491553783417,571
6,f102_approved_completed_std_div_mean,656.7222077846527,103
6,f102_approved_completed_min,62.36189889907837,8
6,f102_approved_interest_rate_diff_max,6502.433919608593,934
6,f102_approved_interest_rate_diff_max_div_min,2536.3024725914,385
6,f102_approved_interest_rate_pctchange_std,5631.10862237215,881
6,f102_approved_cnt_unpaid_sum,8741.605093628168,1058
6,f102_approved_interest_rate_max_div_min,5292.663885235786,773
6,f102_approved_interest_rate_diff_mean,6565.514579236507,979
6,f102_approved_interest_rate_diff_min,10792.433590605855,1265
6,f102_approved_total_debt_diff_max_div_min,908.08398604393,119
6,f102_approved_interest_rate_pctchange_max,5379.139200747013,785
6,f102_approved_total_debt_diff_max,5347.595523059368,762
6,f102_approved_interest_rate_pctchange_min,9371.802316576242,1159
6,f102_approved_total_debt_diff_std,1355.8505725860596,225
6,f102_approved_total_debt_diff_std_div_mean,1162.4075679779053,186
6,f102_approved_total_debt_diff_mean,4406.918175339699,645
6,f102_approved_interest_rate_pctchange_mean,6287.183916687965,895
6,f102_approved_total_debt_pctchange_max_div_min,796.7991378307343,115
6,f102_approved_total_debt_max,7657.839256227016,1061
6,f102_approved_interest_rate_pctchange_max_div_min,2531.264749646187,381
6,f102_approved_total_debt_pctchange_max,4854.143138200045,725
6,f102_approved_total_debt_diff_min,4703.559676647186,680
6,f102_approved_total_debt_mean,7378.140674293041,1016
6,f102_approved_total_debt_min,9637.530777096748,1311
6,f102_approved_total_debt_pctchange_std_div_mean,1560.456264257431,235
6,f102_approved_total_debt_max_div_min,1925.0339369773865,298
6,f102_approved_total_debt_pctchange_std,1134.7909483909607,178
6,f102_approved_total_debt_pctchange_mean,4555.408510804176,640
6,f102_completed_AMT_ANNUITY_d_app_AMT_ANNUITY_diff_max_div_min,13.09469985961914,1
6,f102_approved_total_debt_std_div_mean,3258.144575715065,512
6,f102_completed_AMT_ANNUITY_d_app_AMT_ANNUITY_diff_std_div_mean,0.0,0
6,f102_completed_AMT_ANNUITY_d_app_AMT_ANNUITY_std_div_mean,16.228339672088623,3
6,f102_approved_total_debt_std,3418.6847581863403,526
6,f102_completed_AMT_ANNUITY_d_app_AMT_ANNUITY_pctchange_max_div_min,0.0,0
6,f102_approved_total_debt_pctchange_min,5948.907977938652,830
6,f102_completed_AMT_ANNUITY_d_app_AMT_ANNUITY_max_div_min,7.389939785003662,1
6,f102_completed_AMT_ANNUITY_d_app_AMT_ANNUITY_pctchange_std_div_mean,0.0,0
6,f102_completed_AMT_ANNUITY_d_app_AMT_CREDIT_pctchange_std_div_mean,0.0,0
6,f102_completed_AMT_ANNUITY_d_app_AMT_CREDIT_diff_std_div_mean,0.0,0
6,f102_completed_AMT_ANNUITY_d_app_AMT_CREDIT_diff_max_div_min,0.0,0
6,f102_completed_AMT_ANNUITY_d_app_AMT_GOODS_PRICE_diff_std_div_mean,0.0,0
6,f102_completed_AMT_ANNUITY_d_app_AMT_CREDIT_std_div_mean,6.801819801330566,1
6,f102_completed_AMT_ANNUITY_d_app_AMT_CREDIT_max_div_min,18.537839889526367,3
6,f102_completed_AMT_ANNUITY_d_app_AMT_CREDIT_pctchange_max_div_min,0.0,0
6,f102_completed_AMT_ANNUITY_d_app_AMT_GOODS_PRICE_pctchange_std_div_mean,0.0,0
6,f102_completed_AMT_ANNUITY_d_app_AMT_GOODS_PRICE_diff_max_div_min,0.0,0
6,f102_completed_AMT_ANNUITY_d_app_AMT_GOODS_PRICE_std_div_mean,0.0,0
6,f102_completed_AMT_ANNUITY_d_app_AMT_GOODS_PRICE_max_div_min,0.0,0
6,f102_completed_AMT_ANNUITY_d_app_AMT_INCOME_TOTAL_diff_std_div_mean,0.0,0
6,f102_completed_AMT_ANNUITY_d_app_AMT_INCOME_TOTAL_diff_std,0.0,0
6,f102_completed_AMT_ANNUITY_d_app_AMT_GOODS_PRICE_pctchange_max_div_min,0.0,0
6,f102_completed_AMT_ANNUITY_d_app_AMT_INCOME_TOTAL_std_div_mean,0.0,0
6,f102_completed_AMT_ANNUITY_d_app_AMT_INCOME_TOTAL_pctchange_std_div_mean,0.0,0
6,f102_completed_AMT_ANNUITY_d_app_AMT_INCOME_TOTAL_diff_max_div_min,0.0,0
6,f102_completed_AMT_ANNUITY_d_app_AMT_INCOME_TOTAL_pctchange_max_div_min,0.0,0
6,f102_completed_AMT_ANNUITY_d_app_AMT_INCOME_TOTAL_max_div_min,0.0,0
6,f102_completed_AMT_ANNUITY_m_app_AMT_GOODS_PRICE_d_app_AMT_INCOME_TOTAL_diff_std,0.0,0
6,f102_completed_AMT_ANNUITY_m_app_AMT_GOODS_PRICE_d_app_AMT_INCOME_TOTAL_diff_std_div_mean,0.0,0
6,f102_completed_AMT_ANNUITY_m_app_AMT_GOODS_PRICE_d_app_AMT_INCOME_TOTAL_diff_max_div_min,0.0,0
6,f102_completed_AMT_ANNUITY_m_app_AMT_GOODS_PRICE_d_app_AMT_INCOME_TOTAL_max,2192.188259989023,322
6,f102_completed_AMT_ANNUITY_m_app_AMT_GOODS_PRICE_d_app_AMT_INCOME_TOTAL_mean,1661.0576610565186,218
6,f102_completed_AMT_ANNUITY_s_app_AMT_ANNUITY_d_app_AMT_INCOME_TOTAL_diff_std_div_mean,0.0,0
6,f102_completed_AMT_ANNUITY_m_app_AMT_GOODS_PRICE_d_app_AMT_INCOME_TOTAL_pctchange_std_div_mean,0.0,0
6,f102_completed_AMT_ANNUITY_max_div_min,7.809969902038574,1
6,f102_completed_AMT_ANNUITY_s_app_AMT_ANNUITY_d_app_AMT_INCOME_TOTAL_std_div_mean,5.880280017852783,1
6,f102_completed_AMT_ANNUITY_m_app_AMT_GOODS_PRICE_d_app_AMT_INCOME_TOTAL_max_div_min,0.0,0
6,f102_completed_AMT_ANNUITY_m_app_AMT_GOODS_PRICE_d_app_AMT_INCOME_TOTAL_min,1299.6736509799957,187
6,f102_completed_AMT_ANNUITY_s_app_AMT_ANNUITY_d_app_AMT_INCOME_TOTAL_pctchange_max,1057.842280626297,174
6,f102_completed_AMT_ANNUITY_m_app_AMT_GOODS_PRICE_d_app_AMT_INCOME_TOTAL_pctchange_max_div_min,0.0,0
6,f102_completed_AMT_ANNUITY_s_app_AMT_ANNUITY_d_app_AMT_INCOME_TOTAL_diff_max_div_min,0.0,0
6,f102_completed_AMT_ANNUITY_s_app_AMT_ANNUITY_d_app_AMT_INCOME_TOTAL_diff_std,0.0,0
6,f102_completed_AMT_ANNUITY_s_app_AMT_ANNUITY_diff_max_div_min,0.0,0
6,f102_completed_AMT_ANNUITY_s_app_AMT_ANNUITY_d_app_AMT_INCOME_TOTAL_pctchange_max_div_min,0.0,0
6,f102_completed_AMT_ANNUITY_s_app_AMT_ANNUITY_d_app_AMT_INCOME_TOTAL_pctchange_mean,753.9690766334534,127
6,f102_completed_AMT_ANNUITY_s_app_AMT_ANNUITY_diff_std_div_mean,0.0,0
6,f102_completed_AMT_ANNUITY_s_app_AMT_ANNUITY_d_app_AMT_INCOME_TOTAL_max_div_min,0.0,0
6,f102_completed_AMT_ANNUITY_s_app_AMT_CREDIT_d_app_AMT_INCOME_TOTAL_diff_std,0.0,0
6,f102_completed_AMT_ANNUITY_s_app_AMT_ANNUITY_pctchange_max_div_min,0.0,0
6,f102_completed_AMT_ANNUITY_s_app_AMT_ANNUITY_max_div_min,0.0,0
6,f102_completed_AMT_ANNUITY_s_app_AMT_ANNUITY_pctchange_max,321.24640011787415,52
6,f102_completed_AMT_ANNUITY_s_app_AMT_ANNUITY_d_app_AMT_INCOME_TOTAL_pctchange_min,1209.7636864185333,194
6,f102_completed_AMT_ANNUITY_s_app_AMT_ANNUITY_pctchange_mean,167.95487070083618,28
6,f102_completed_AMT_ANNUITY_s_app_AMT_ANNUITY_pctchange_min,385.33445858955383,60
6,f102_completed_AMT_ANNUITY_s_app_AMT_ANNUITY_std_div_mean,0.0,0
6,f102_completed_AMT_ANNUITY_s_app_AMT_CREDIT_d_app_AMT_INCOME_TOTAL_diff_std_div_mean,0.0,0
6,f102_completed_AMT_ANNUITY_s_app_AMT_CREDIT_d_app_AMT_INCOME_TOTAL_mean,1813.0823764801025,285
6,f102_completed_AMT_ANNUITY_s_app_AMT_CREDIT_d_app_AMT_INCOME_TOTAL_max,1138.880508184433,173
6,f102_completed_AMT_ANNUITY_s_app_AMT_CREDIT_d_app_AMT_INCOME_TOTAL_diff_max_div_min,0.0,0
6,f102_completed_AMT_ANNUITY_s_app_AMT_CREDIT_d_app_AMT_INCOME_TOTAL_min,1042.9773569107056,157
6,f102_completed_AMT_ANNUITY_s_app_AMT_CREDIT_d_app_AMT_INCOME_TOTAL_pctchange_std_div_mean,0.0,0
6,f102_completed_AMT_ANNUITY_s_app_AMT_CREDIT_d_app_AMT_INCOME_TOTAL_pctchange_max_div_min,0.0,0
6,f102_completed_AMT_ANNUITY_s_app_AMT_CREDIT_pctchange_std_div_mean,0.0,0
6,f102_completed_AMT_ANNUITY_s_app_AMT_CREDIT_diff_std_div_mean,0.0,0
6,f102_completed_AMT_ANNUITY_s_app_AMT_CREDIT_diff_max_div_min,0.0,0
6,f102_completed_AMT_ANNUITY_s_app_AMT_CREDIT_pctchange_max_div_min,0.0,0
6,f102_completed_AMT_ANNUITY_s_app_AMT_INCOME_TOTAL_diff_std_div_mean,0.0,0
6,f102_completed_AMT_ANNUITY_s_app_AMT_GOODS_PRICE_max_div_min,0.0,0
6,f102_completed_AMT_ANNUITY_s_app_AMT_GOODS_PRICE_diff_std_div_mean,0.0,0
6,f102_completed_AMT_ANNUITY_s_app_AMT_GOODS_PRICE_pctchange_std_div_mean,0.0,0
6,f102_completed_AMT_ANNUITY_s_app_AMT_INCOME_TOTAL_pctchange_std_div_mean,0.0,0
6,f102_completed_AMT_ANNUITY_std_div_mean,0.0,0
6,f102_completed_AMT_ANNUITY_s_app_AMT_INCOME_TOTAL_max_div_min,0.0,0
6,f102_completed_AMT_ANNUITY_s_app_AMT_GOODS_PRICE_diff_max_div_min,0.0,0
6,f102_completed_AMT_ANNUITY_s_app_AMT_GOODS_PRICE_pctchange_max_div_min,0.0,0
6,f102_completed_AMT_ANNUITY_s_app_AMT_INCOME_TOTAL_pctchange_max,1283.718534231186,204
6,f102_completed_AMT_ANNUITY_s_app_AMT_INCOME_TOTAL_diff_max_div_min,0.0,0
6,f102_completed_AMT_ANNUITY_s_app_AMT_INCOME_TOTAL_pctchange_std,0.0,0
6,f102_completed_AMT_APPLICATION_d_app_AMT_ANNUITY_diff_std_div_mean,0.0,0
6,f102_completed_AMT_ANNUITY_s_app_AMT_INCOME_TOTAL_pctchange_min,1267.7482737600803,208
6,f102_completed_AMT_ANNUITY_s_app_AMT_INCOME_TOTAL_pctchange_max_div_min,0.0,0
6,f102_completed_AMT_APPLICATION_d_app_AMT_ANNUITY_pctchange_std_div_mean,0.0,0
6,f102_completed_AMT_APPLICATION_d_app_AMT_ANNUITY_diff_min,428.89124941825867,69
6,f102_completed_AMT_APPLICATION_d_app_AMT_ANNUITY_diff_std,0.0,0
6,f102_completed_AMT_ANNUITY_s_app_AMT_INCOME_TOTAL_pctchange_mean,1325.977187871933,218
6,f102_completed_AMT_APPLICATION_d_app_AMT_ANNUITY_diff_max,416.9825801849365,63
6,f102_completed_AMT_APPLICATION_d_app_AMT_ANNUITY_max_div_min,12.40999984741211,1
6,f102_completed_AMT_APPLICATION_d_app_AMT_ANNUITY_diff_mean,379.90296816825867,56
6,f102_completed_AMT_APPLICATION_d_app_AMT_ANNUITY_diff_max_div_min,5.431980133056641,1
6,f102_completed_AMT_APPLICATION_d_app_AMT_ANNUITY_std,3.5267200469970703,1
6,f102_completed_AMT_APPLICATION_d_app_AMT_ANNUITY_pctchange_std,7.311769962310791,1
6,f102_completed_AMT_APPLICATION_d_app_AMT_ANNUITY_pctchange_max_div_min,0.0,0
6,f102_completed_AMT_APPLICATION_d_app_AMT_CREDIT_diff_std,0.0,0
6,f102_completed_AMT_APPLICATION_d_app_AMT_CREDIT_diff_std_div_mean,0.0,0
6,f102_completed_AMT_APPLICATION_d_app_AMT_CREDIT_pctchange_std,0.0,0
6,f102_completed_AMT_APPLICATION_d_app_AMT_CREDIT_diff_max,198.6230194568634,31
6,f102_completed_AMT_APPLICATION_d_app_AMT_CREDIT_diff_mean,109.84269905090332,16
6,f102_completed_AMT_APPLICATION_d_app_AMT_CREDIT_pctchange_max_div_min,0.0,0
6,f102_completed_AMT_APPLICATION_d_app_AMT_CREDIT_diff_max_div_min,0.0,0
6,f102_completed_AMT_APPLICATION_d_app_AMT_CREDIT_diff_min,152.4691596031189,21
6,f102_completed_AMT_APPLICATION_d_app_AMT_CREDIT_std,0.0,0
6,f102_completed_AMT_APPLICATION_d_app_AMT_CREDIT_max_div_min,0.0,0
6,f102_completed_AMT_APPLICATION_d_app_AMT_CREDIT_pctchange_std_div_mean,0.0,0
6,f102_completed_AMT_APPLICATION_d_app_AMT_GOODS_PRICE_diff_std,0.0,0
6,f102_completed_AMT_APPLICATION_d_app_AMT_GOODS_PRICE_diff_mean,205.1423602104187,30
6,f102_completed_AMT_APPLICATION_d_app_AMT_GOODS_PRICE_diff_std_div_mean,0.0,0
6,f102_completed_AMT_APPLICATION_d_app_AMT_GOODS_PRICE_diff_min,212.22902965545654,33
6,f102_completed_AMT_APPLICATION_d_app_AMT_GOODS_PRICE_diff_max_div_min,0.0,0
6,f102_completed_AMT_APPLICATION_d_app_AMT_GOODS_PRICE_pctchange_std,0.0,0
6,f102_completed_AMT_APPLICATION_d_app_AMT_GOODS_PRICE_pctchange_std_div_mean,0.0,0
6,f102_completed_AMT_APPLICATION_d_app_AMT_GOODS_PRICE_diff_max,238.07244116067886,38
6,f102_completed_AMT_APPLICATION_d_app_AMT_GOODS_PRICE_pctchange_max_div_min,0.0,0
6,f102_completed_AMT_APPLICATION_d_app_AMT_GOODS_PRICE_std,5.2034101486206055,1
6,f102_completed_AMT_APPLICATION_d_app_AMT_GOODS_PRICE_max_div_min,0.0,0
6,f102_completed_AMT_APPLICATION_d_app_AMT_INCOME_TOTAL_pctchange_std,0.0,0
6,f102_completed_AMT_APPLICATION_d_app_AMT_INCOME_TOTAL_pctchange_std_div_mean,0.0,0
6,f102_completed_AMT_APPLICATION_d_app_AMT_INCOME_TOTAL_diff_std_div_mean,0.0,0
6,f102_completed_AMT_APPLICATION_d_app_AMT_INCOME_TOTAL_diff_max_div_min,0.0,0
6,f102_completed_AMT_APPLICATION_d_app_AMT_INCOME_TOTAL_max_div_min,0.0,0
6,f102_completed_AMT_APPLICATION_d_app_AMT_INCOME_TOTAL_pctchange_max_div_min,0.0,0
6,f102_completed_AMT_APPLICATION_m_app_AMT_GOODS_PRICE_d_app_AMT_INCOME_TOTAL_diff_std_div_mean,0.0,0
6,f102_completed_AMT_APPLICATION_d_app_AMT_INCOME_TOTAL_diff_min,400.10646057128906,65
6,f102_completed_AMT_APPLICATION_m_app_AMT_GOODS_PRICE_d_app_AMT_INCOME_TOTAL_pctchange_std,0.0,0
6,f102_completed_AMT_APPLICATION_m_app_AMT_GOODS_PRICE_d_app_AMT_INCOME_TOTAL_diff_min,296.3781690597534,52
6,f102_completed_AMT_APPLICATION_m_app_AMT_GOODS_PRICE_d_app_AMT_INCOME_TOTAL_max,1180.1464358568192,170
6,f102_completed_AMT_APPLICATION_m_app_AMT_GOODS_PRICE_d_app_AMT_INCOME_TOTAL_max_div_min,0.0,0
6,f102_completed_AMT_APPLICATION_m_app_AMT_GOODS_PRICE_d_app_AMT_INCOME_TOTAL_std_div_mean,0.0,0
6,f102_completed_AMT_APPLICATION_m_app_AMT_GOODS_PRICE_d_app_AMT_INCOME_TOTAL_pctchange_std_div_mean,0.0,0
6,f102_completed_AMT_APPLICATION_m_app_AMT_GOODS_PRICE_d_app_AMT_INCOME_TOTAL_pctchange_mean,336.8341701030731,53
6,f102_completed_AMT_APPLICATION_m_app_AMT_GOODS_PRICE_d_app_AMT_INCOME_TOTAL_mean,1057.9345667362213,144
6,f102_completed_AMT_APPLICATION_m_app_AMT_GOODS_PRICE_d_app_AMT_INCOME_TOTAL_diff_max_div_min,0.0,0
6,f102_completed_AMT_APPLICATION_m_app_AMT_GOODS_PRICE_d_app_AMT_INCOME_TOTAL_pctchange_max_div_min,0.0,0
6,f102_completed_AMT_APPLICATION_s_app_AMT_ANNUITY_d_app_AMT_INCOME_TOTAL_diff_std_div_mean,0.0,0
6,f102_completed_AMT_APPLICATION_m_app_AMT_GOODS_PRICE_d_app_AMT_INCOME_TOTAL_min,1341.2215960025787,159
6,f102_completed_AMT_APPLICATION_m_app_AMT_GOODS_PRICE_d_app_AMT_INCOME_TOTAL_pctchange_min,399.1823205947876,62
6,f102_completed_AMT_APPLICATION_m_app_AMT_GOODS_PRICE_d_app_AMT_INCOME_TOTAL_pctchange_max,313.79476952552795,55
6,f102_completed_AMT_APPLICATION_s_app_AMT_ANNUITY_d_app_AMT_INCOME_TOTAL_pctchange_std_div_mean,0.0,0
6,f102_completed_AMT_APPLICATION_s_app_AMT_ANNUITY_d_app_AMT_INCOME_TOTAL_diff_max_div_min,0.0,0
6,f102_completed_AMT_APPLICATION_s_app_AMT_ANNUITY_diff_std_div_mean,0.0,0
6,f102_completed_AMT_APPLICATION_s_app_AMT_ANNUITY_d_app_AMT_INCOME_TOTAL_max_div_min,0.0,0
6,f102_completed_AMT_APPLICATION_s_app_AMT_ANNUITY_diff_std,0.0,0
6,f102_completed_AMT_APPLICATION_s_app_AMT_ANNUITY_pctchange_std_div_mean,0.0,0
6,f102_completed_AMT_APPLICATION_s_app_AMT_ANNUITY_d_app_AMT_INCOME_TOTAL_pctchange_max_div_min,0.0,0
6,f102_completed_AMT_APPLICATION_s_app_AMT_ANNUITY_d_app_AMT_INCOME_TOTAL_pctchange_max,980.4742469787598,139
6,f102_completed_AMT_APPLICATION_max_div_min,0.0,0
6,f102_completed_AMT_APPLICATION_s_app_AMT_ANNUITY_d_app_AMT_INCOME_TOTAL_pctchange_mean,1515.2923505306244,161
6,f102_completed_AMT_APPLICATION_s_app_AMT_ANNUITY_d_app_AMT_INCOME_TOTAL_diff_min,173.24742889404297,28
6,f102_completed_AMT_APPLICATION_s_app_AMT_ANNUITY_d_app_AMT_INCOME_TOTAL_pctchange_min,974.3932416439056,149
6,f102_completed_AMT_APPLICATION_s_app_AMT_ANNUITY_diff_min,406.54281973838806,60
6,f102_completed_AMT_APPLICATION_s_app_AMT_ANNUITY_diff_mean,350.066219329834,55
6,f102_completed_AMT_APPLICATION_s_app_AMT_ANNUITY_diff_max_div_min,0.0,0
6,f102_completed_AMT_APPLICATION_s_app_AMT_ANNUITY_max_div_min,0.0,0
6,f102_completed_AMT_APPLICATION_s_app_AMT_ANNUITY_diff_max,430.9404819011688,66
6,f102_completed_AMT_APPLICATION_s_app_AMT_ANNUITY_std,0.0,0
6,f102_completed_AMT_APPLICATION_s_app_AMT_ANNUITY_pctchange_mean,412.2459032535553,44
6,f102_completed_AMT_APPLICATION_s_app_AMT_CREDIT_d_app_AMT_INCOME_TOTAL_diff_std_div_mean,0.0,0
6,f102_completed_AMT_APPLICATION_s_app_AMT_ANNUITY_pctchange_max_div_min,0.0,0
6,f102_completed_AMT_APPLICATION_s_app_AMT_ANNUITY_pctchange_max,307.36421728134155,46
6,f102_completed_AMT_APPLICATION_s_app_AMT_ANNUITY_pctchange_min,294.1653697490692,43
6,f102_completed_AMT_APPLICATION_s_app_AMT_CREDIT_d_app_AMT_INCOME_TOTAL_diff_min,93.67224049568176,16
6,f102_completed_AMT_APPLICATION_s_app_AMT_CREDIT_d_app_AMT_INCOME_TOTAL_max,1145.6968984603882,153
6,f102_completed_AMT_APPLICATION_s_app_AMT_CREDIT_d_app_AMT_INCOME_TOTAL_mean,1076.366310596466,142
6,f102_completed_AMT_APPLICATION_s_app_AMT_CREDIT_d_app_AMT_INCOME_TOTAL_pctchange_std,0.0,0
6,f102_completed_AMT_APPLICATION_s_app_AMT_CREDIT_diff_std,0.0,0
6,f102_completed_AMT_APPLICATION_s_app_AMT_CREDIT_d_app_AMT_INCOME_TOTAL_pctchange_max,416.013787984848,65
6,f102_completed_AMT_APPLICATION_s_app_AMT_CREDIT_d_app_AMT_INCOME_TOTAL_min,1031.2019691467285,139
6,f102_completed_AMT_APPLICATION_s_app_AMT_CREDIT_d_app_AMT_INCOME_TOTAL_pctchange_std_div_mean,0.0,0
6,f102_completed_AMT_APPLICATION_s_app_AMT_CREDIT_diff_max,158.26065015792847,25
6,f102_completed_AMT_APPLICATION_s_app_AMT_CREDIT_d_app_AMT_INCOME_TOTAL_diff_max_div_min,0.0,0
6,f102_completed_AMT_APPLICATION_s_app_AMT_CREDIT_diff_max_div_min,0.0,0
6,f102_completed_AMT_APPLICATION_s_app_AMT_CREDIT_d_app_AMT_INCOME_TOTAL_max_div_min,0.0,0
6,f102_completed_AMT_APPLICATION_s_app_AMT_CREDIT_d_app_AMT_INCOME_TOTAL_pctchange_max_div_min,0.0,0
6,f102_completed_AMT_APPLICATION_s_app_AMT_CREDIT_pctchange_std,0.0,0
6,f102_completed_AMT_APPLICATION_s_app_AMT_CREDIT_diff_std_div_mean,0.0,0
6,f102_completed_AMT_APPLICATION_s_app_AMT_CREDIT_d_app_AMT_INCOME_TOTAL_pctchange_min,384.82484126091003,64
6,f102_completed_AMT_APPLICATION_s_app_AMT_CREDIT_d_app_AMT_INCOME_TOTAL_pctchange_mean,300.55774080753326,50
6,f102_completed_AMT_APPLICATION_s_app_AMT_CREDIT_diff_mean,116.04775047302246,17
6,f102_completed_AMT_APPLICATION_s_app_AMT_CREDIT_pctchange_max,104.36105012893677,16
6,f102_completed_AMT_APPLICATION_s_app_AMT_CREDIT_diff_min,101.81025981903076,15
6,f102_completed_AMT_APPLICATION_s_app_AMT_CREDIT_pctchange_mean,82.95960998535156,13
6,f102_completed_AMT_APPLICATION_s_app_AMT_CREDIT_mean,1465.82060110569,213
6,f102_completed_AMT_APPLICATION_s_app_AMT_CREDIT_max_div_min,5.460440158843994,1
6,f102_completed_AMT_APPLICATION_s_app_AMT_CREDIT_min,1479.9704213142395,195
6,f102_completed_AMT_APPLICATION_s_app_AMT_CREDIT_pctchange_max_div_min,0.0,0
6,f102_completed_AMT_APPLICATION_s_app_AMT_GOODS_PRICE_diff_std,0.0,0
6,f102_completed_AMT_APPLICATION_s_app_AMT_CREDIT_std,0.0,0
6,f102_completed_AMT_APPLICATION_s_app_AMT_CREDIT_max,1482.8697489500046,195
6,f102_completed_AMT_APPLICATION_s_app_AMT_CREDIT_pctchange_std_div_mean,0.0,0
6,f102_completed_AMT_APPLICATION_s_app_AMT_GOODS_PRICE_diff_std_div_mean,0.0,0
6,f102_completed_AMT_APPLICATION_s_app_AMT_CREDIT_pctchange_min,171.60293841362,29
6,f102_completed_AMT_APPLICATION_s_app_AMT_GOODS_PRICE_diff_max_div_min,0.0,0
6,f102_completed_AMT_APPLICATION_s_app_AMT_GOODS_PRICE_diff_min,237.0554699897766,39
6,f102_completed_AMT_APPLICATION_s_app_AMT_GOODS_PRICE_std_div_mean,4.259079933166504,1
6,f102_completed_AMT_APPLICATION_s_app_AMT_GOODS_PRICE_diff_max,222.6846911907196,35
6,f102_completed_AMT_APPLICATION_s_app_AMT_GOODS_PRICE_pctchange_std,0.0,0
6,f102_completed_AMT_APPLICATION_s_app_AMT_GOODS_PRICE_diff_mean,197.36624145507812,31
6,f102_completed_AMT_APPLICATION_s_app_AMT_GOODS_PRICE_pctchange_max,132.98293924331665,26
6,f102_completed_AMT_APPLICATION_s_app_AMT_GOODS_PRICE_pctchange_std_div_mean,0.0,0
6,f102_completed_AMT_APPLICATION_s_app_AMT_GOODS_PRICE_std,0.0,0
6,f102_completed_AMT_APPLICATION_s_app_AMT_INCOME_TOTAL_diff_std,0.0,0
6,f102_completed_AMT_APPLICATION_s_app_AMT_GOODS_PRICE_pctchange_min,139.65464043617249,24
6,f102_completed_AMT_APPLICATION_s_app_AMT_GOODS_PRICE_max_div_min,0.0,0
6,f102_completed_AMT_APPLICATION_s_app_AMT_INCOME_TOTAL_diff_std_div_mean,0.0,0
6,f102_completed_AMT_APPLICATION_s_app_AMT_GOODS_PRICE_pctchange_max_div_min,0.0,0
6,f102_completed_AMT_APPLICATION_s_app_AMT_GOODS_PRICE_pctchange_mean,86.9924099445343,14
6,f102_completed_AMT_APPLICATION_s_app_AMT_INCOME_TOTAL_diff_max,3.972529888153076,1
6,f102_completed_AMT_APPLICATION_s_app_AMT_INCOME_TOTAL_diff_max_div_min,0.0,0
6,f102_completed_AMT_APPLICATION_s_app_AMT_INCOME_TOTAL_diff_mean,11.749159812927246,2
6,f102_completed_AMT_APPLICATION_s_app_AMT_INCOME_TOTAL_std_div_mean,4.86952018737793,1
6,f102_completed_AMT_APPLICATION_s_app_AMT_INCOME_TOTAL_std,0.0,0
6,f102_completed_AMT_APPLICATION_s_app_AMT_INCOME_TOTAL_diff_min,21.503820419311523,3
6,f102_completed_AMT_CREDIT_d_AMT_ANNUITY_diff_std_div_mean,0.0,0
6,f102_completed_AMT_APPLICATION_s_app_AMT_INCOME_TOTAL_pctchange_max,1041.6736598014832,162
6,f102_completed_AMT_APPLICATION_s_app_AMT_INCOME_TOTAL_pctchange_mean,1182.8373801708221,183
6,f102_completed_AMT_APPLICATION_s_app_AMT_INCOME_TOTAL_pctchange_max_div_min,0.0,0
6,f102_completed_AMT_APPLICATION_s_app_AMT_INCOME_TOTAL_pctchange_min,1041.348933339119,171
6,f102_completed_AMT_APPLICATION_s_app_AMT_INCOME_TOTAL_max_div_min,0.0,0
6,f102_completed_AMT_APPLICATION_std,0.0,0
6,f102_completed_AMT_CREDIT_d_AMT_ANNUITY_pctchange_std_div_mean,0.0,0
6,f102_completed_AMT_CREDIT_d_AMT_ANNUITY_max_div_min,0.0,0
6,f102_completed_AMT_CREDIT_d_AMT_ANNUITY_diff_max_div_min,7.3608198165893555,1
6,f102_completed_AMT_CREDIT_d_AMT_APPLICATION_pctchange_std_div_mean,0.0,0
6,f102_completed_AMT_CREDIT_d_AMT_APPLICATION_diff_max_div_min,19.536259651184082,2
6,f102_completed_AMT_CREDIT_d_AMT_APPLICATION_diff_max,799.5224988460541,127
6,f102_completed_AMT_CREDIT_d_AMT_ANNUITY_pctchange_max_div_min,0.0,0
6,f102_completed_AMT_CREDIT_d_AMT_APPLICATION_diff_min,1369.6606063842773,205
6,f102_completed_AMT_CREDIT_d_AMT_APPLICATION_diff_mean,662.9080998897552,105
6,f102_completed_AMT_CREDIT_d_app_AMT_ANNUITY_diff_std,0.0,0
6,f102_completed_AMT_CREDIT_d_AMT_APPLICATION_max_div_min,0.0,0
6,f102_completed_AMT_CREDIT_d_AMT_APPLICATION_pctchange_max_div_min,6.452439785003662,1
6,f102_completed_AMT_CREDIT_d_AMT_APPLICATION_pctchange_mean,568.1345610618591,84
6,f102_completed_AMT_CREDIT_d_app_AMT_ANNUITY_diff_max,446.87209033966064,71
6,f102_completed_AMT_CREDIT_d_AMT_APPLICATION_pctchange_max,398.4040014743805,72
6,f102_completed_AMT_CREDIT_d_AMT_APPLICATION_pctchange_min,574.1338292360306,84
6,f102_completed_AMT_CREDIT_d_app_AMT_ANNUITY_std_div_mean,20.899779796600342,3
6,f102_completed_AMT_CREDIT_d_app_AMT_ANNUITY_max_div_min,13.69021987915039,2
6,f102_completed_AMT_CREDIT_d_app_AMT_ANNUITY_diff_min,477.4334397315979,68
6,f102_completed_AMT_CREDIT_d_app_AMT_ANNUITY_diff_std_div_mean,0.0,0
6,f102_completed_AMT_CREDIT_d_app_AMT_ANNUITY_std,0.0,0
6,f102_completed_AMT_CREDIT_d_app_AMT_ANNUITY_diff_mean,450.2277603149414,71
6,f102_completed_AMT_CREDIT_d_app_AMT_CREDIT_diff_std_div_mean,0.0,0
6,f102_completed_AMT_CREDIT_d_app_AMT_ANNUITY_pctchange_std,0.0,0
6,f102_completed_AMT_CREDIT_d_app_AMT_CREDIT_diff_mean,225.08416867256165,35
6,f102_completed_AMT_CREDIT_d_app_AMT_CREDIT_diff_max,193.49778056144714,29
6,f102_completed_AMT_CREDIT_d_app_AMT_CREDIT_diff_std,0.0,0
6,f102_completed_AMT_CREDIT_d_app_AMT_GOODS_PRICE_diff_std,0.0,0
6,f102_completed_AMT_CREDIT_d_app_AMT_CREDIT_diff_min,252.17020058631897,42
6,f102_completed_AMT_CREDIT_d_app_AMT_CREDIT_std_div_mean,5.887189865112305,1
6,f102_completed_AMT_CREDIT_d_app_AMT_CREDIT_std,6.688199996948242,1
6,f102_completed_AMT_CREDIT_d_app_AMT_CREDIT_pctchange_std,0.0,0
6,f102_completed_AMT_CREDIT_d_app_AMT_CREDIT_max_div_min,0.0,0
6,f102_completed_AMT_CREDIT_d_app_AMT_GOODS_PRICE_diff_min,273.03208017349243,43
6,f102_completed_AMT_CREDIT_d_app_AMT_GOODS_PRICE_pctchange_std,0.0,0
6,f102_completed_AMT_CREDIT_d_app_AMT_GOODS_PRICE_diff_mean,176.55726099014282,31
6,f102_completed_AMT_CREDIT_d_app_AMT_GOODS_PRICE_diff_std_div_mean,0.0,0
6,f102_completed_AMT_CREDIT_d_app_AMT_GOODS_PRICE_std_div_mean,0.0,0
6,f102_completed_AMT_CREDIT_d_total_debt_diff_std_div_mean,0.0,0
6,f102_completed_AMT_CREDIT_d_app_AMT_INCOME_TOTAL_pctchange_std,0.0,0
6,f102_completed_AMT_CREDIT_d_app_AMT_INCOME_TOTAL_diff_std_div_mean,0.0,0
6,f102_completed_AMT_CREDIT_d_app_AMT_INCOME_TOTAL_std_div_mean,0.0,0
6,f102_completed_AMT_CREDIT_d_app_AMT_INCOME_TOTAL_max_div_min,0.0,0
6,f102_completed_AMT_CREDIT_d_app_AMT_GOODS_PRICE_max_div_min,0.0,0
6,f102_completed_AMT_CREDIT_d_total_debt_max_div_min,13.399899959564209,2
6,f102_completed_AMT_CREDIT_m_app_AMT_GOODS_PRICE_d_app_AMT_INCOME_TOTAL_diff_std_div_mean,0.0,0
6,f102_completed_AMT_CREDIT_d_total_debt_diff_max_div_min,4.24521017074585,1
6,f102_completed_AMT_CREDIT_d_total_debt_pctchange_max_div_min,25.271180152893066,3
6,f102_completed_AMT_CREDIT_m_app_AMT_GOODS_PRICE_d_app_AMT_INCOME_TOTAL_pctchange_mean,429.4666119813919,67
6,f102_completed_AMT_CREDIT_m_app_AMT_GOODS_PRICE_d_app_AMT_INCOME_TOTAL_min,1662.2118487358093,230
6,f102_completed_AMT_CREDIT_m_app_AMT_GOODS_PRICE_d_app_AMT_INCOME_TOTAL_mean,1191.529130578041,184
6,f102_completed_AMT_CREDIT_m_app_AMT_GOODS_PRICE_d_app_AMT_INCOME_TOTAL_pctchange_max,483.8520574569702,80
6,f102_completed_AMT_CREDIT_m_app_AMT_GOODS_PRICE_d_app_AMT_INCOME_TOTAL_max,1090.5396423339844,154
6,f102_completed_AMT_CREDIT_m_app_AMT_GOODS_PRICE_d_app_AMT_INCOME_TOTAL_max_div_min,0.0,0
6,f102_completed_AMT_CREDIT_s_app_AMT_ANNUITY_d_app_AMT_INCOME_TOTAL_pctchange_std_div_mean,0.0,0
6,f102_completed_AMT_CREDIT_m_app_AMT_GOODS_PRICE_d_app_AMT_INCOME_TOTAL_pctchange_min,553.4254715442657,93
6,f102_completed_AMT_CREDIT_s_app_AMT_ANNUITY_d_app_AMT_INCOME_TOTAL_diff_std_div_mean,0.0,0
6,f102_completed_AMT_CREDIT_max_div_min,0.0,0
6,f102_completed_AMT_CREDIT_m_app_AMT_GOODS_PRICE_d_app_AMT_INCOME_TOTAL_pctchange_max_div_min,21.79190969467163,2
6,f102_completed_AMT_CREDIT_s_app_AMT_ANNUITY_d_app_AMT_INCOME_TOTAL_pctchange_mean,874.5246026515961,139
6,f102_completed_AMT_CREDIT_s_app_AMT_ANNUITY_d_app_AMT_INCOME_TOTAL_pctchange_min,997.149011850357,158
6,f102_completed_AMT_CREDIT_s_app_AMT_ANNUITY_diff_std,0.0,0
6,f102_completed_AMT_CREDIT_s_app_AMT_ANNUITY_diff_mean,247.09508156776428,38
6,f102_completed_AMT_CREDIT_s_app_AMT_ANNUITY_diff_max,294.480188369751,54
6,f102_completed_AMT_CREDIT_s_app_AMT_ANNUITY_pctchange_std_div_mean,0.0,0
6,f102_completed_AMT_CREDIT_s_app_AMT_ANNUITY_std,0.0,0
6,f102_completed_AMT_CREDIT_s_app_AMT_ANNUITY_diff_std_div_mean,0.0,0
6,f102_completed_AMT_CREDIT_s_app_AMT_ANNUITY_diff_min,275.2891688346863,45
6,f102_completed_AMT_CREDIT_s_app_AMT_ANNUITY_pctchange_max,843.7728757858276,132
6,f102_completed_AMT_CREDIT_s_app_AMT_ANNUITY_d_app_AMT_INCOME_TOTAL_pctchange_max,241.75098943710327,39
6,f102_completed_AMT_CREDIT_s_app_AMT_CREDIT_d_app_AMT_INCOME_TOTAL_diff_std_div_mean,0.0,0
6,f102_completed_AMT_CREDIT_s_app_AMT_ANNUITY_pctchange_mean,288.03115010261536,44
6,f102_completed_AMT_CREDIT_s_app_AMT_CREDIT_d_app_AMT_INCOME_TOTAL_pctchange_std_div_mean,0.0,0
6,f102_completed_AMT_CREDIT_s_app_AMT_CREDIT_d_app_AMT_INCOME_TOTAL_pctchange_mean,313.35139858722687,49
6,f102_completed_AMT_CREDIT_s_app_AMT_CREDIT_d_app_AMT_INCOME_TOTAL_max,1056.6213557720184,161
6,f102_completed_AMT_CREDIT_s_app_AMT_CREDIT_d_app_AMT_INCOME_TOTAL_pctchange_max,371.17999029159546,62
6,f102_completed_AMT_CREDIT_s_app_AMT_CREDIT_d_app_AMT_INCOME_TOTAL_mean,901.7617809772491,132
6,f102_completed_AMT_CREDIT_s_app_AMT_CREDIT_diff_std,0.0,0
6,f102_completed_AMT_CREDIT_s_app_AMT_ANNUITY_pctchange_min,284.5783793926239,44
6,f102_completed_AMT_CREDIT_s_app_AMT_CREDIT_d_app_AMT_INCOME_TOTAL_min,995.0853467285633,139
6,f102_completed_AMT_CREDIT_s_app_AMT_CREDIT_d_app_AMT_INCOME_TOTAL_pctchange_max_div_min,7.216790199279785,1
6,f102_completed_AMT_CREDIT_s_app_AMT_CREDIT_d_app_AMT_INCOME_TOTAL_max_div_min,19.48240089416504,1
6,f102_completed_AMT_CREDIT_s_app_AMT_CREDIT_d_app_AMT_INCOME_TOTAL_pctchange_std,0.0,0
6,f102_completed_AMT_CREDIT_s_app_AMT_CREDIT_d_app_AMT_INCOME_TOTAL_std_div_mean,14.193440437316895,2
6,f102_completed_AMT_CREDIT_s_app_AMT_CREDIT_diff_std_div_mean,0.0,0
6,f102_completed_AMT_CREDIT_s_app_AMT_CREDIT_diff_max,172.8264515399933,26
6,f102_completed_AMT_CREDIT_s_app_AMT_CREDIT_std_div_mean,10.33266019821167,2
6,f102_completed_AMT_CREDIT_s_app_AMT_CREDIT_diff_mean,111.15968894958496,18
6,f102_completed_AMT_CREDIT_s_app_AMT_CREDIT_d_app_AMT_INCOME_TOTAL_pctchange_min,438.3609881401062,72
6,f102_completed_AMT_CREDIT_s_app_AMT_CREDIT_pctchange_std,0.0,0
6,f102_completed_AMT_CREDIT_s_app_AMT_CREDIT_min,2348.207628130913,301
6,f102_completed_AMT_CREDIT_s_app_AMT_CREDIT_diff_min,114.9458396434784,21
6,f102_completed_AMT_CREDIT_s_app_AMT_CREDIT_pctchange_max,92.29852032661438,13
6,f102_completed_AMT_CREDIT_s_app_AMT_CREDIT_pctchange_max_div_min,0.0,0
6,f102_completed_AMT_CREDIT_s_app_AMT_CREDIT_mean,1334.1788634061813,185
6,f102_completed_AMT_CREDIT_s_app_AMT_CREDIT_max,1731.4674322605133,227
6,f102_completed_AMT_CREDIT_s_app_AMT_CREDIT_pctchange_std_div_mean,0.0,0
6,f102_completed_AMT_CREDIT_s_app_AMT_CREDIT_pctchange_min,161.46360111236572,29
6,f102_completed_AMT_CREDIT_s_app_AMT_CREDIT_max_div_min,0.0,0
6,f102_completed_AMT_CREDIT_s_app_AMT_CREDIT_std,0.0,0
6,f102_completed_AMT_CREDIT_s_app_AMT_GOODS_PRICE_diff_std_div_mean,0.0,0
6,f102_completed_AMT_CREDIT_s_app_AMT_GOODS_PRICE_diff_std,0.0,0
6,f102_completed_AMT_CREDIT_s_app_AMT_CREDIT_pctchange_mean,76.7909607887268,13
6,f102_completed_AMT_CREDIT_s_app_AMT_GOODS_PRICE_diff_max,138.96397924423218,26
6,f102_completed_AMT_CREDIT_s_app_AMT_GOODS_PRICE_diff_min,135.96235060691833,21
6,f102_completed_AMT_CREDIT_s_app_AMT_GOODS_PRICE_diff_mean,114.37578964233398,18
6,f102_completed_AMT_CREDIT_s_app_AMT_GOODS_PRICE_std,0.0,0
6,f102_completed_AMT_CREDIT_s_app_AMT_GOODS_PRICE_pctchange_max_div_min,0.0,0
6,f102_completed_AMT_CREDIT_s_app_AMT_INCOME_TOTAL_diff_std_div_mean,0.0,0
6,f102_completed_AMT_CREDIT_s_app_AMT_GOODS_PRICE_max_div_min,6.8540802001953125,1
6,f102_completed_AMT_CREDIT_s_app_AMT_GOODS_PRICE_pctchange_min,123.80293011665344,21
6,f102_completed_AMT_CREDIT_s_app_AMT_GOODS_PRICE_pctchange_max,116.42723083496094,20
6,f102_completed_AMT_CREDIT_s_app_AMT_GOODS_PRICE_pctchange_mean,150.93921947479248,23
6,f102_completed_AMT_CREDIT_s_app_AMT_INCOME_TOTAL_diff_std,0.0,0
6,f102_completed_AMT_CREDIT_s_app_AMT_INCOME_TOTAL_max_div_min,5.006539821624756,1
6,f102_completed_AMT_CREDIT_std,6.187729835510254,1
6,f102_completed_AMT_CREDIT_s_app_AMT_INCOME_TOTAL_diff_min,54.10725998878479,9
6,f102_completed_AMT_CREDIT_s_app_AMT_INCOME_TOTAL_diff_mean,7.765429973602295,1
6,f102_completed_AMT_CREDIT_s_app_AMT_INCOME_TOTAL_diff_max,32.638569831848145,6
6,f102_completed_AMT_CREDIT_std_div_mean,5.629310131072998,1
6,f102_completed_AMT_CREDIT_s_app_AMT_INCOME_TOTAL_std,0.0,0
6,f102_completed_AMT_CREDIT_s_app_AMT_INCOME_TOTAL_pctchange_std,0.0,0
6,f102_completed_AMT_CREDIT_s_app_AMT_INCOME_TOTAL_std_div_mean,0.0,0
6,f102_completed_AMT_CREDIT_s_app_AMT_INCOME_TOTAL_pctchange_max_div_min,0.0,0
6,f102_completed_AMT_CREDIT_s_app_AMT_INCOME_TOTAL_pctchange_min,1216.0061979293823,192
6,f102_completed_AMT_DOWN_PAYMENT_d_AMT_GOODS_PRICE_max_div_min,38.9558801651001,5
6,f102_completed_AMT_CREDIT_s_app_AMT_INCOME_TOTAL_pctchange_mean,852.4351699352264,136
6,f102_completed_AMT_CREDIT_s_app_AMT_INCOME_TOTAL_pctchange_max,1046.7922184467316,166
6,f102_completed_AMT_DOWN_PAYMENT_d_AMT_GOODS_PRICE_mean,884.7658891677856,147
6,f102_completed_AMT_DOWN_PAYMENT_d_AMT_GOODS_PRICE_diff_max_div_min,213.7481827735901,24
6,f102_completed_AMT_DOWN_PAYMENT_d_AMT_GOODS_PRICE_diff_std_div_mean,0.0,0
6,f102_completed_AMT_DOWN_PAYMENT_d_AMT_GOODS_PRICE_max,869.808601140976,142
6,f102_completed_AMT_DOWN_PAYMENT_d_AMT_GOODS_PRICE_diff_min,691.2925374507904,103
6,f102_completed_AMT_DOWN_PAYMENT_d_AMT_GOODS_PRICE_pctchange_max_div_min,40.2842698097229,6
6,f102_completed_AMT_DOWN_PAYMENT_d_AMT_GOODS_PRICE_pctchange_max,360.86306059360504,61
6,f102_completed_AMT_DOWN_PAYMENT_d_AMT_GOODS_PRICE_diff_mean,581.3260281085968,93
6,f102_completed_AMT_DOWN_PAYMENT_d_AMT_GOODS_PRICE_diff_max,526.9314184188843,85
6,f102_completed_AMT_DOWN_PAYMENT_d_AMT_GOODS_PRICE_pctchange_min,244.36757159233093,44
6,f102_completed_AMT_DOWN_PAYMENT_d_AMT_GOODS_PRICE_min,791.6000711917877,126
6,f102_completed_AMT_DOWN_PAYMENT_max_div_min,9.164200067520142,2
6,f102_completed_AMT_DOWN_PAYMENT_d_AMT_GOODS_PRICE_pctchange_mean,256.91550040245056,39
6,f102_completed_AMT_GOODS_PRICE_d_AMT_ANNUITY_diff_max_div_min,0.0,0
6,f102_completed_AMT_GOODS_PRICE_d_AMT_CREDIT_diff_std,0.0,0
6,f102_completed_AMT_GOODS_PRICE_d_AMT_CREDIT_diff_mean,650.5552979707718,103
6,f102_completed_AMT_GOODS_PRICE_d_AMT_ANNUITY_pctchange_std_div_mean,0.0,0
6,f102_completed_AMT_GOODS_PRICE_d_AMT_CREDIT_pctchange_max,402.0119503736496,61
6,f102_completed_AMT_GOODS_PRICE_d_AMT_CREDIT_diff_min,806.9544506072998,125
6,f102_completed_AMT_GOODS_PRICE_d_AMT_CREDIT_diff_max,672.054790019989,102
6,f102_completed_AMT_GOODS_PRICE_d_AMT_ANNUITY_diff_std_div_mean,0.0,0
6,f102_completed_AMT_GOODS_PRICE_d_AMT_CREDIT_pctchange_mean,328.0718710422516,49
6,f102_completed_AMT_GOODS_PRICE_d_AMT_ANNUITY_pctchange_max_div_min,0.0,0
6,f102_completed_AMT_GOODS_PRICE_d_AMT_CREDIT_pctchange_max_div_min,0.0,0
6,f102_completed_AMT_GOODS_PRICE_d_AMT_CREDIT_diff_max_div_min,10.523809909820557,2
6,f102_completed_AMT_GOODS_PRICE_d_AMT_CREDIT_max_div_min,3.320919990539551,1
6,f102_completed_AMT_GOODS_PRICE_d_AMT_ANNUITY_max_div_min,0.0,0
6,f102_completed_AMT_GOODS_PRICE_d_app_AMT_ANNUITY_diff_std_div_mean,0.0,0
6,f102_completed_AMT_GOODS_PRICE_d_app_AMT_ANNUITY_diff_std,0.0,0
6,f102_completed_AMT_GOODS_PRICE_d_AMT_CREDIT_pctchange_min,288.6424798965454,45
6,f102_completed_AMT_GOODS_PRICE_d_app_AMT_ANNUITY_std,0.0,0
6,f102_completed_AMT_GOODS_PRICE_d_app_AMT_ANNUITY_diff_max_div_min,6.777679920196533,1
6,f102_completed_AMT_GOODS_PRICE_d_app_AMT_ANNUITY_max_div_min,0.0,0
6,f102_completed_AMT_GOODS_PRICE_d_app_AMT_ANNUITY_pctchange_std_div_mean,0.0,0
6,f102_completed_AMT_GOODS_PRICE_d_app_AMT_CREDIT_diff_std_div_mean,0.0,0
6,f102_completed_AMT_GOODS_PRICE_d_app_AMT_CREDIT_pctchange_std,0.0,0
6,f102_completed_AMT_GOODS_PRICE_d_app_AMT_CREDIT_diff_max,281.4942665696144,43
6,f102_completed_AMT_GOODS_PRICE_d_app_AMT_ANNUITY_pctchange_std,0.0,0
6,f102_completed_AMT_GOODS_PRICE_d_app_AMT_ANNUITY_diff_max,346.55852031707764,54
6,f102_completed_AMT_GOODS_PRICE_d_app_AMT_CREDIT_diff_std,0.0,0
6,f102_completed_AMT_GOODS_PRICE_d_app_AMT_ANNUITY_diff_mean,254.25903844833374,40
6,f102_completed_AMT_GOODS_PRICE_d_app_AMT_CREDIT_diff_max_div_min,0.0,0
6,f102_completed_AMT_GOODS_PRICE_d_app_AMT_ANNUITY_diff_min,323.0413296222687,50
6,f102_completed_AMT_GOODS_PRICE_d_app_AMT_CREDIT_pctchange_max_div_min,0.0,0
6,f102_completed_AMT_GOODS_PRICE_d_app_AMT_ANNUITY_pctchange_max_div_min,0.0,0
6,f102_completed_AMT_GOODS_PRICE_d_app_AMT_CREDIT_max_div_min,0.0,0
6,f102_completed_AMT_GOODS_PRICE_d_app_AMT_CREDIT_diff_mean,148.31004095077515,26
6,f102_completed_AMT_GOODS_PRICE_d_app_AMT_CREDIT_diff_min,166.48161959648132,29
6,f102_completed_AMT_GOODS_PRICE_d_app_AMT_GOODS_PRICE_diff_std,0.0,0
6,f102_completed_AMT_GOODS_PRICE_d_app_AMT_CREDIT_pctchange_std_div_mean,0.0,0
7,f102_completed_AMT_GOODS_PRICE_d_app_AMT_CREDIT_std,0.0,0
7,f102_completed_AMT_GOODS_PRICE_d_app_AMT_GOODS_PRICE_pctchange_std,0.0,0
7,f102_completed_AMT_GOODS_PRICE_d_app_AMT_INCOME_TOTAL_diff_std,0.0,0
7,f102_completed_AMT_GOODS_PRICE_d_app_AMT_GOODS_PRICE_diff_max,1054.7548169493675,193
7,f102_completed_AMT_GOODS_PRICE_d_app_AMT_GOODS_PRICE_pctchange_std_div_mean,0.0,0
7,f102_completed_AMT_GOODS_PRICE_d_app_AMT_GOODS_PRICE_pctchange_max_div_min,0.0,0
7,f102_completed_AMT_GOODS_PRICE_d_app_AMT_GOODS_PRICE_diff_std_div_mean,0.0,0
7,f102_completed_AMT_GOODS_PRICE_d_app_AMT_GOODS_PRICE_max_div_min,0.0,0
7,f102_completed_AMT_GOODS_PRICE_d_app_AMT_GOODS_PRICE_diff_max_div_min,25.301729679107666,4
7,f102_completed_AMT_GOODS_PRICE_d_app_AMT_INCOME_TOTAL_diff_max_div_min,3.5264599323272705,1
7,f102_completed_AMT_GOODS_PRICE_d_app_AMT_GOODS_PRICE_diff_min,890.7415498495102,161
7,f102_completed_AMT_GOODS_PRICE_d_app_AMT_GOODS_PRICE_diff_mean,697.2665090560913,126
7,f102_completed_AMT_GOODS_PRICE_d_app_AMT_GOODS_PRICE_std,0.0,0
7,f102_completed_AMT_GOODS_PRICE_d_app_AMT_INCOME_TOTAL_pctchange_std_div_mean,0.0,0
7,f102_completed_AMT_GOODS_PRICE_d_app_AMT_INCOME_TOTAL_pctchange_std,0.0,0
7,f102_completed_AMT_GOODS_PRICE_d_total_debt_diff_std_div_mean,0.0,0
7,f102_completed_AMT_GOODS_PRICE_d_app_AMT_INCOME_TOTAL_diff_std_div_mean,0.0,0
7,f102_completed_AMT_GOODS_PRICE_d_app_AMT_INCOME_TOTAL_pctchange_max_div_min,0.0,0
7,f102_completed_AMT_GOODS_PRICE_d_app_AMT_INCOME_TOTAL_max_div_min,0.0,0
7,f102_completed_AMT_GOODS_PRICE_d_total_debt_diff_min,2224.7665922641754,401
7,f102_completed_AMT_GOODS_PRICE_d_total_debt_diff_max,2533.7362773418427,452
7,f102_completed_AMT_GOODS_PRICE_d_app_AMT_INCOME_TOTAL_diff_min,1057.8828600049019,195
7,f102_completed_AMT_GOODS_PRICE_d_total_debt_diff_max_div_min,0.0,0
7,f102_completed_AMT_GOODS_PRICE_d_total_debt_diff_mean,1764.0322406291962,307
7,f102_completed_AMT_GOODS_PRICE_d_total_debt_std,0.0,0
7,f102_completed_AMT_GOODS_PRICE_m_app_AMT_GOODS_PRICE_d_app_AMT_INCOME_TOTAL_diff_std,0.0,0
7,f102_completed_AMT_GOODS_PRICE_d_total_debt_std_div_mean,0.0,0
7,f102_completed_AMT_GOODS_PRICE_d_total_debt_pctchange_max_div_min,5.967100143432617,1
7,f102_completed_AMT_GOODS_PRICE_m_app_AMT_GOODS_PRICE_d_app_AMT_INCOME_TOTAL_diff_std_div_mean,0.0,0
7,f102_completed_AMT_GOODS_PRICE_d_total_debt_max_div_min,0.0,0
7,f102_completed_AMT_GOODS_PRICE_m_app_AMT_GOODS_PRICE_d_app_AMT_INCOME_TOTAL_diff_min,680.0854320526123,126
7,f102_completed_AMT_GOODS_PRICE_m_app_AMT_GOODS_PRICE_d_app_AMT_INCOME_TOTAL_pctchange_std,0.0,0
7,f102_completed_AMT_GOODS_PRICE_m_app_AMT_GOODS_PRICE_d_app_AMT_INCOME_TOTAL_mean,2989.8023426532745,553
7,f102_completed_AMT_GOODS_PRICE_m_app_AMT_GOODS_PRICE_d_app_AMT_INCOME_TOTAL_max_div_min,0.0,0
7,f102_completed_AMT_GOODS_PRICE_m_app_AMT_GOODS_PRICE_d_app_AMT_INCOME_TOTAL_max,2765.5454012155533,483
7,f102_completed_AMT_GOODS_PRICE_m_app_AMT_GOODS_PRICE_d_app_AMT_INCOME_TOTAL_std_div_mean,0.0,0
7,f102_completed_AMT_GOODS_PRICE_m_app_AMT_GOODS_PRICE_d_app_AMT_INCOME_TOTAL_diff_max_div_min,0.0,0
7,f102_completed_AMT_GOODS_PRICE_m_app_AMT_GOODS_PRICE_d_app_AMT_INCOME_TOTAL_pctchange_mean,773.8576418161392,137
7,f102_completed_AMT_GOODS_PRICE_m_app_AMT_GOODS_PRICE_d_app_AMT_INCOME_TOTAL_pctchange_std_div_mean,0.0,0
7,f102_completed_AMT_GOODS_PRICE_s_app_AMT_ANNUITY_d_app_AMT_INCOME_TOTAL_diff_std,0.0,0
7,f102_completed_AMT_GOODS_PRICE_m_app_AMT_GOODS_PRICE_d_app_AMT_INCOME_TOTAL_pctchange_max_div_min,12.393919944763184,2
7,f102_completed_AMT_GOODS_PRICE_m_app_AMT_GOODS_PRICE_d_app_AMT_INCOME_TOTAL_pctchange_min,1069.0263464450836,199
7,f102_completed_AMT_GOODS_PRICE_s_app_AMT_ANNUITY_d_app_AMT_INCOME_TOTAL_diff_std_div_mean,0.0,0
7,f102_completed_AMT_GOODS_PRICE_m_app_AMT_GOODS_PRICE_d_app_AMT_INCOME_TOTAL_pctchange_max,912.7201499938965,169
7,f102_completed_AMT_GOODS_PRICE_s_app_AMT_ANNUITY_d_app_AMT_INCOME_TOTAL_diff_max_div_min,2.463560104370117,1
7,f102_completed_AMT_GOODS_PRICE_max_div_min,0.0,0
7,f102_completed_AMT_GOODS_PRICE_m_app_AMT_GOODS_PRICE_d_app_AMT_INCOME_TOTAL_min,2715.912784278393,469
7,f102_completed_AMT_GOODS_PRICE_s_app_AMT_ANNUITY_d_app_AMT_INCOME_TOTAL_diff_min,310.7388709783554,54
7,f102_completed_AMT_GOODS_PRICE_s_app_AMT_ANNUITY_diff_std_div_mean,0.0,0
7,f102_completed_AMT_GOODS_PRICE_s_app_AMT_ANNUITY_d_app_AMT_INCOME_TOTAL_pctchange_mean,2067.1878402233124,321
7,f102_completed_AMT_GOODS_PRICE_s_app_AMT_ANNUITY_d_app_AMT_INCOME_TOTAL_pctchange_min,2480.5003014802933,411
7,f102_completed_AMT_GOODS_PRICE_s_app_AMT_ANNUITY_d_app_AMT_INCOME_TOTAL_pctchange_max_div_min,0.0,0
7,f102_completed_AMT_GOODS_PRICE_s_app_AMT_ANNUITY_d_app_AMT_INCOME_TOTAL_max_div_min,0.0,0
7,f102_completed_AMT_GOODS_PRICE_s_app_AMT_ANNUITY_d_app_AMT_INCOME_TOTAL_pctchange_max,1828.1166903972626,328
7,f102_completed_AMT_GOODS_PRICE_s_app_AMT_ANNUITY_diff_std,0.0,0
7,f102_completed_AMT_GOODS_PRICE_s_app_AMT_ANNUITY_diff_mean,695.3890300989151,123
7,f102_completed_AMT_GOODS_PRICE_s_app_AMT_ANNUITY_diff_max_div_min,0.0,0
7,f102_completed_AMT_GOODS_PRICE_s_app_AMT_CREDIT_d_app_AMT_INCOME_TOTAL_diff_std_div_mean,0.0,0
7,f102_completed_AMT_GOODS_PRICE_s_app_AMT_ANNUITY_diff_min,788.2896208763123,152
7,f102_completed_AMT_GOODS_PRICE_s_app_AMT_ANNUITY_std,4.854939937591553,1
7,f102_completed_AMT_GOODS_PRICE_s_app_AMT_ANNUITY_diff_max,805.2262754440308,146
7,f102_completed_AMT_GOODS_PRICE_s_app_AMT_ANNUITY_pctchange_max_div_min,0.0,0
7,f102_completed_AMT_GOODS_PRICE_s_app_AMT_ANNUITY_max_div_min,0.0,0
7,f102_completed_AMT_GOODS_PRICE_s_app_AMT_ANNUITY_pctchange_max,527.5231895446777,91
7,f102_completed_AMT_GOODS_PRICE_s_app_AMT_ANNUITY_pctchange_min,804.4274913072586,135
7,f102_completed_AMT_GOODS_PRICE_s_app_AMT_ANNUITY_pctchange_mean,497.5154620409012,91
7,f102_completed_AMT_GOODS_PRICE_s_app_AMT_CREDIT_d_app_AMT_INCOME_TOTAL_pctchange_std_div_mean,0.0,0
7,f102_completed_AMT_GOODS_PRICE_s_app_AMT_CREDIT_d_app_AMT_INCOME_TOTAL_diff_std,0.0,0
7,f102_completed_AMT_GOODS_PRICE_s_app_AMT_CREDIT_d_app_AMT_INCOME_TOTAL_diff_max_div_min,0.0,0
7,f102_completed_AMT_GOODS_PRICE_s_app_AMT_CREDIT_d_app_AMT_INCOME_TOTAL_diff_min,212.98021030426025,43
7,f102_completed_AMT_GOODS_PRICE_s_app_AMT_CREDIT_d_app_AMT_INCOME_TOTAL_min,3085.231619119644,568
7,f102_completed_AMT_GOODS_PRICE_s_app_AMT_CREDIT_d_app_AMT_INCOME_TOTAL_mean,2464.3324976935983,440
7,f102_completed_AMT_GOODS_PRICE_s_app_AMT_CREDIT_d_app_AMT_INCOME_TOTAL_max_div_min,0.0,0
7,f102_completed_AMT_GOODS_PRICE_s_app_AMT_CREDIT_d_app_AMT_INCOME_TOTAL_pctchange_max,877.3817411661148,165
7,f102_completed_AMT_GOODS_PRICE_s_app_AMT_CREDIT_d_app_AMT_INCOME_TOTAL_max,2836.196752548218,488
7,f102_completed_AMT_GOODS_PRICE_s_app_AMT_CREDIT_diff_max,187.73057961463928,36
7,f102_completed_AMT_GOODS_PRICE_s_app_AMT_CREDIT_diff_max_div_min,0.0,0
7,f102_completed_AMT_GOODS_PRICE_s_app_AMT_CREDIT_diff_std_div_mean,0.0,0
7,f102_completed_AMT_GOODS_PRICE_s_app_AMT_CREDIT_diff_mean,234.10901927947998,45
7,f102_completed_AMT_GOODS_PRICE_s_app_AMT_CREDIT_d_app_AMT_INCOME_TOTAL_pctchange_max_div_min,5.326580047607422,2
7,f102_completed_AMT_GOODS_PRICE_s_app_AMT_CREDIT_diff_std,0.0,0
7,f102_completed_AMT_GOODS_PRICE_s_app_AMT_CREDIT_d_app_AMT_INCOME_TOTAL_pctchange_mean,791.1129792928696,145
7,f102_completed_AMT_GOODS_PRICE_s_app_AMT_CREDIT_d_app_AMT_INCOME_TOTAL_pctchange_min,914.7116716504097,170
7,f102_completed_AMT_GOODS_PRICE_s_app_AMT_GOODS_PRICE_diff_std,0.0,0
7,f102_completed_AMT_GOODS_PRICE_s_app_AMT_CREDIT_pctchange_max,293.26164066791534,53
7,f102_completed_AMT_GOODS_PRICE_s_app_AMT_CREDIT_mean,3965.4332023262978,694
7,f102_completed_AMT_GOODS_PRICE_s_app_AMT_CREDIT_max,3363.77951836586,597
7,f102_completed_AMT_GOODS_PRICE_s_app_AMT_CREDIT_max_div_min,0.0,0
7,f102_completed_AMT_GOODS_PRICE_s_app_AMT_CREDIT_pctchange_std_div_mean,0.0,0
7,f102_completed_AMT_GOODS_PRICE_s_app_AMT_CREDIT_diff_min,297.10074985027313,54
7,f102_completed_AMT_GOODS_PRICE_s_app_AMT_CREDIT_pctchange_max_div_min,0.0,0
7,f102_completed_AMT_GOODS_PRICE_s_app_AMT_CREDIT_std,0.0,0
7,f102_completed_AMT_GOODS_PRICE_s_app_AMT_CREDIT_min,3334.1836799681187,591
7,f102_completed_AMT_GOODS_PRICE_s_app_AMT_GOODS_PRICE_pctchange_std,0.0,0
7,f102_completed_AMT_GOODS_PRICE_s_app_AMT_CREDIT_pctchange_mean,196.42114973068237,40
7,f102_completed_AMT_GOODS_PRICE_s_app_AMT_GOODS_PRICE_diff_min,308.13761019706726,58
7,f102_completed_AMT_GOODS_PRICE_s_app_AMT_CREDIT_pctchange_min,284.15447974205017,50
7,f102_completed_AMT_GOODS_PRICE_s_app_AMT_GOODS_PRICE_diff_mean,269.1950614452362,50
7,f102_completed_AMT_GOODS_PRICE_s_app_AMT_GOODS_PRICE_diff_max,362.0335099697113,63
7,f102_completed_AMT_GOODS_PRICE_s_app_AMT_GOODS_PRICE_std,0.0,0
7,f102_completed_AMT_GOODS_PRICE_s_app_AMT_GOODS_PRICE_diff_max_div_min,0.0,0
7,f102_completed_AMT_GOODS_PRICE_s_app_AMT_GOODS_PRICE_diff_std_div_mean,0.0,0
7,f102_completed_AMT_GOODS_PRICE_s_app_AMT_GOODS_PRICE_pctchange_min,261.25498151779175,52
7,f102_completed_AMT_GOODS_PRICE_s_app_AMT_GOODS_PRICE_pctchange_max,266.9747724533081,48
7,f102_completed_AMT_GOODS_PRICE_s_app_AMT_GOODS_PRICE_std_div_mean,0.0,0
7,f102_completed_AMT_GOODS_PRICE_s_app_AMT_GOODS_PRICE_pctchange_max_div_min,0.0,0
7,f102_completed_AMT_GOODS_PRICE_s_app_AMT_GOODS_PRICE_max_div_min,0.0,0
7,f102_completed_AMT_GOODS_PRICE_s_app_AMT_GOODS_PRICE_pctchange_mean,207.96138167381287,40
7,f102_completed_AMT_GOODS_PRICE_s_app_AMT_GOODS_PRICE_pctchange_std_div_mean,0.0,0
7,f102_completed_AMT_GOODS_PRICE_s_app_AMT_INCOME_TOTAL_diff_std_div_mean,0.0,0
7,f102_completed_AMT_GOODS_PRICE_s_app_AMT_INCOME_TOTAL_diff_mean,14.210239887237549,3
7,f102_completed_AMT_GOODS_PRICE_s_app_AMT_INCOME_TOTAL_diff_min,30.83244037628174,5
7,f102_completed_AMT_GOODS_PRICE_s_app_AMT_INCOME_TOTAL_diff_max_div_min,0.0,0
7,f102_completed_AMT_GOODS_PRICE_s_app_AMT_INCOME_TOTAL_diff_std,0.0,0
7,f102_completed_AMT_GOODS_PRICE_s_app_AMT_INCOME_TOTAL_std_div_mean,0.0,0
7,f102_completed_AMT_GOODS_PRICE_s_app_AMT_INCOME_TOTAL_std,0.0,0
7,f102_completed_AMT_GOODS_PRICE_s_app_AMT_INCOME_TOTAL_diff_max,67.87816047668457,14
7,f102_completed_AMT_GOODS_PRICE_s_app_AMT_INCOME_TOTAL_pctchange_max_div_min,0.0,0
7,f102_completed_AMT_GOODS_PRICE_s_app_AMT_INCOME_TOTAL_pctchange_min,2164.5498077869415,415
7,f102_completed_AMT_GOODS_PRICE_s_app_AMT_INCOME_TOTAL_max_div_min,0.0,0
7,f102_completed_AMT_GOODS_PRICE_s_app_AMT_INCOME_TOTAL_pctchange_mean,1709.7193878889084,328
7,f102_completed_AMT_GOODS_PRICE_std,0.0,0
7,f102_completed_AMT_GOODS_PRICE_s_app_AMT_INCOME_TOTAL_pctchange_max,1854.401720404625,369
7,f102_completed_CHANNEL_TYPE_Channel_of_corporate_sales_sum,0.0,0
7,f102_completed_CHANNEL_TYPE_AP___Cash_loan__mean,0.0,0
7,f102_completed_CHANNEL_TYPE_Contact_center_sum,0.0,0
7,f102_completed_CHANNEL_TYPE_AP___Cash_loan__sum,0.0,0
7,f102_completed_CHANNEL_TYPE_Channel_of_corporate_sales_mean,0.0,0
7,f102_completed_CHANNEL_TYPE_Stone_sum,97.88134860992432,20
7,f102_completed_CNT_PAYMENT_mean,27.228750228881836,7
7,f102_completed_CHANNEL_TYPE_Contact_center_mean,0.0,0
7,f102_completed_CNT_PAYMENT_max,10.102749824523926,2
7,f102_completed_CHANNEL_TYPE_Regional___Local_sum,154.6954002380371,29
7,f102_completed_CHANNEL_TYPE_Regional___Local_mean,179.86199021339417,36
7,f102_completed_CODE_REJECT_REASON_XAP_sum,0.0,0
7,f102_completed_CNT_PAYMENT_max_div_min,0.0,0
7,f102_completed_CODE_REJECT_REASON_XAP_mean,0.0,0
7,f102_completed_CHANNEL_TYPE_Stone_mean,191.38472199440002,43
7,f102_completed_CODE_REJECT_REASON_XNA_sum,0.0,0
7,f102_completed_DAYS_DECISION_d_app_DAYS_BIRTH_max_div_min,0.0,0
7,f102_completed_DAYS_DECISION_d_app_DAYS_ID_PUBLISH_max,2629.407630443573,465
7,f102_completed_CNT_PAYMENT_min,32.833409786224365,6
7,f102_completed_DAYS_DECISION_d_app_DAYS_LAST_PHONE_CHANGE_mean,2546.469725251198,350
7,f102_completed_CODE_REJECT_REASON_XNA_mean,0.0,0
7,f102_completed_DAYS_DECISION_d_app_DAYS_EMPLOYED_max_div_min,0.0,0
7,f102_completed_DAYS_DECISION_d_app_DAYS_REGISTRATION_std,0.0,0
7,f102_completed_DAYS_DECISION_d_app_DAYS_LAST_PHONE_CHANGE_max,2186.7138971090317,315
7,f102_completed_DAYS_DECISION_d_app_DAYS_LAST_PHONE_CHANGE_max_div_min,6.865119934082031,1
7,f102_completed_DAYS_DECISION_d_app_DAYS_REGISTRATION_mean,1909.9934740066528,352
7,f102_completed_DAYS_DECISION_s_app_DAYS_ID_PUBLISH_std_div_mean,4.399360179901123,1
7,f102_completed_DAYS_DECISION_d_app_DAYS_LAST_PHONE_CHANGE_min,2117.9072581529617,343
7,f102_completed_DAYS_DECISION_d_app_DAYS_ID_PUBLISH_mean,2234.5143570899963,361
7,f102_completed_DAYS_DECISION_d_app_DAYS_ID_PUBLISH_max_div_min,0.0,0
7,f102_completed_DAYS_DECISION_d_app_DAYS_REGISTRATION_max,1665.463607788086,312
7,f102_completed_DAYS_DECISION_d_app_DAYS_REGISTRATION_max_div_min,0.0,0
7,f102_completed_DAYS_DECISION_d_app_DAYS_REGISTRATION_min,2150.3287122249603,396
7,f102_completed_DAYS_DECISION_d_app_DAYS_ID_PUBLISH_min,2169.5530477166176,383
7,f102_completed_DAYS_DECISION_s_app_DAYS_LAST_PHONE_CHANGE_std_div_mean,6.479320049285889,1
7,f102_completed_DAYS_DECISION_s_app_DAYS_ID_PUBLISH_max_div_min,0.0,0
7,f102_completed_DAYS_DECISION_s_app_DAYS_REGISTRATION_std_div_mean,10.866260051727295,2
7,f102_completed_DAYS_FIRST_DUE_d_app_DAYS_ID_PUBLISH_max_div_min,0.0,0
7,f102_completed_DAYS_DECISION_s_app_DAYS_LAST_PHONE_CHANGE_max_div_min,266.72814762592316,56
7,f102_completed_DAYS_DECISION_s_app_DAYS_REGISTRATION_max_div_min,0.0,0
7,f102_completed_DAYS_FIRST_DUE_d_app_DAYS_BIRTH_max_div_min,0.0,0
7,f102_completed_DAYS_DECISION_s_app_DAYS_EMPLOYED_max_div_min,0.0,0
7,f102_completed_DAYS_FIRST_DUE_d_app_DAYS_ID_PUBLISH_max,2056.7264127135277,385
7,f102_completed_DAYS_FIRST_DUE_d_app_DAYS_EMPLOYED_max_div_min,0.0,0
7,f102_completed_DAYS_FIRST_DUE_d_app_DAYS_ID_PUBLISH_mean,2211.046527147293,337
7,f102_completed_DAYS_FIRST_DUE_d_app_DAYS_ID_PUBLISH_min,2475.8303921222687,384
7,f102_completed_DAYS_FIRST_DUE_d_app_DAYS_LAST_PHONE_CHANGE_min,3223.083799600601,616
7,f102_completed_DAYS_FIRST_DUE_d_app_DAYS_LAST_PHONE_CHANGE_mean,2617.3371982574463,479
7,f102_completed_DAYS_FIRST_DUE_d_app_DAYS_LAST_PHONE_CHANGE_max,3274.5313128829002,564
7,f102_completed_DAYS_FIRST_DUE_d_app_DAYS_LAST_PHONE_CHANGE_max_div_min,3.935159921646118,1
7,f102_completed_DAYS_FIRST_DUE_d_app_DAYS_REGISTRATION_mean,1635.1582489013672,314
7,f102_completed_DAYS_FIRST_DUE_s_DAYS_DECISIONS_std,0.0,0
7,f102_completed_DAYS_FIRST_DUE_d_app_DAYS_REGISTRATION_std,0.0,0
7,f102_completed_DAYS_FIRST_DUE_s_DAYS_DECISIONS_std_div_mean,0.0,0
7,f102_completed_DAYS_FIRST_DUE_d_app_DAYS_REGISTRATION_max_div_min,0.0,0
7,f102_completed_DAYS_FIRST_DUE_d_app_DAYS_REGISTRATION_min,2058.04533970356,386
7,f102_completed_DAYS_FIRST_DUE_s_DAYS_DECISIONS_max_div_min,0.0,0
7,f102_completed_DAYS_FIRST_DUE_d_app_DAYS_REGISTRATION_max,1680.2698979973793,332
7,f102_completed_DAYS_FIRST_DUE_s_app_DAYS_ID_PUBLISH_std_div_mean,0.0,0
7,f102_completed_DAYS_FIRST_DUE_s_app_DAYS_EMPLOYED_std_div_mean,9.508349895477295,2
7,f102_completed_DAYS_LAST_DUE_1ST_VERSION_d_app_DAYS_BIRTH_std_div_mean,4.89385986328125,1
7,f102_completed_DAYS_FIRST_DUE_s_app_DAYS_LAST_PHONE_CHANGE_std_div_mean,0.0,0
7,f102_completed_DAYS_LAST_DUE_1ST_VERSION_d_app_DAYS_BIRTH_max_div_min,0.0,0
7,f102_completed_DAYS_FIRST_DUE_s_app_DAYS_EMPLOYED_max_div_min,0.0,0
7,f102_completed_DAYS_FIRST_DUE_s_app_DAYS_REGISTRATION_max_div_min,0.0,0
7,f102_completed_DAYS_FIRST_DUE_s_app_DAYS_LAST_PHONE_CHANGE_max_div_min,0.0,0
7,f102_completed_DAYS_FIRST_DUE_s_app_DAYS_ID_PUBLISH_max_div_min,0.0,0
7,f102_completed_DAYS_LAST_DUE_1ST_VERSION_d_app_DAYS_EMPLOYED_std_div_mean,11.962600231170654,2
7,f102_completed_DAYS_LAST_DUE_1ST_VERSION_d_app_DAYS_ID_PUBLISH_max,2045.309908568859,382
7,f102_completed_DAYS_LAST_DUE_1ST_VERSION_d_app_DAYS_ID_PUBLISH_mean,1625.577681362629,327
7,f102_completed_DAYS_LAST_DUE_1ST_VERSION_d_app_DAYS_ID_PUBLISH_std_div_mean,0.0,0
7,f102_completed_DAYS_LAST_DUE_1ST_VERSION_d_app_DAYS_ID_PUBLISH_max_div_min,0.0,0
7,f102_completed_DAYS_LAST_DUE_1ST_VERSION_d_app_DAYS_EMPLOYED_max,3006.3838786780834,554
7,f102_completed_DAYS_LAST_DUE_1ST_VERSION_d_app_DAYS_LAST_PHONE_CHANGE_std_div_mean,0.0,0
7,f102_completed_DAYS_LAST_DUE_1ST_VERSION_d_app_DAYS_EMPLOYED_mean,2511.330926656723,436
7,f102_completed_DAYS_LAST_DUE_1ST_VERSION_d_app_DAYS_EMPLOYED_max_div_min,0.0,0
7,f102_completed_DAYS_LAST_DUE_1ST_VERSION_d_app_DAYS_EMPLOYED_min,3453.2819188833237,591
7,f102_completed_DAYS_LAST_DUE_1ST_VERSION_d_app_DAYS_LAST_PHONE_CHANGE_max,3005.734212100506,582
7,f102_completed_DAYS_LAST_DUE_1ST_VERSION_d_app_DAYS_LAST_PHONE_CHANGE_mean,2230.1635890603065,433
7,f102_completed_DAYS_LAST_DUE_1ST_VERSION_d_app_DAYS_REGISTRATION_max,2085.1021107435226,408
7,f102_completed_DAYS_LAST_DUE_1ST_VERSION_d_app_DAYS_REGISTRATION_mean,1860.0505026578903,355
7,f102_completed_DAYS_LAST_DUE_1ST_VERSION_d_app_DAYS_REGISTRATION_std,9.427950382232666,2
7,f102_completed_DAYS_LAST_DUE_1ST_VERSION_d_app_DAYS_REGISTRATION_std_div_mean,0.0,0
7,f102_completed_DAYS_LAST_DUE_1ST_VERSION_d_app_DAYS_LAST_PHONE_CHANGE_min,3067.655097156763,593
7,f102_completed_DAYS_LAST_DUE_1ST_VERSION_s_DAYS_DECISIONS_min,1505.172688961029,302
7,f102_completed_DAYS_LAST_DUE_1ST_VERSION_d_app_DAYS_LAST_PHONE_CHANGE_max_div_min,40.93277978897095,7
7,f102_completed_DAYS_LAST_DUE_1ST_VERSION_d_app_DAYS_REGISTRATION_min,2183.9716724157333,415
7,f102_completed_DAYS_LAST_DUE_1ST_VERSION_d_app_DAYS_ID_PUBLISH_min,2203.0865317583084,435
7,f102_completed_DAYS_LAST_DUE_1ST_VERSION_d_app_DAYS_REGISTRATION_max_div_min,0.0,0
7,f102_completed_DAYS_LAST_DUE_1ST_VERSION_s_DAYS_DECISIONS_max_div_min,4.854119777679443,1
7,f102_completed_DAYS_LAST_DUE_1ST_VERSION_s_DAYS_DECISIONS_max,1229.5336346626282,247
7,f102_completed_DAYS_LAST_DUE_1ST_VERSION_s_DAYS_DECISIONS_mean,933.0342290401459,187
7,f102_completed_DAYS_LAST_DUE_1ST_VERSION_s_DAYS_FIRST_DUE_mean,27.772200107574463,5
7,f102_completed_DAYS_LAST_DUE_1ST_VERSION_s_DAYS_FIRST_DUE_max_div_min,0.0,0
7,f102_completed_DAYS_LAST_DUE_1ST_VERSION_s_app_DAYS_EMPLOYED_max_div_min,8.5037202835083,1
7,f102_completed_DAYS_LAST_DUE_1ST_VERSION_s_DAYS_FIRST_DUE_max,0.0,0
7,f102_completed_DAYS_LAST_DUE_1ST_VERSION_s_DAYS_FIRST_DUE_min,56.4163703918457,11
7,f102_completed_DAYS_LAST_DUE_1ST_VERSION_s_app_DAYS_LAST_PHONE_CHANGE_std_div_mean,0.0,0
7,f102_completed_DAYS_LAST_DUE_1ST_VERSION_s_app_DAYS_ID_PUBLISH_max_div_min,0.0,0
7,f102_completed_DAYS_LAST_DUE_1ST_VERSION_s_app_DAYS_LAST_PHONE_CHANGE_max_div_min,0.0,0
7,f102_completed_DAYS_LAST_DUE_1ST_VERSION_s_app_DAYS_ID_PUBLISH_std_div_mean,0.0,0
7,f102_completed_DAYS_LAST_DUE_d_app_DAYS_EMPLOYED_max,1628.714056968689,326
7,f102_completed_DAYS_LAST_DUE_1ST_VERSION_s_app_DAYS_REGISTRATION_max_div_min,0.0,0
7,f102_completed_DAYS_LAST_DUE_d_app_DAYS_BIRTH_max_div_min,0.0,0
7,f102_completed_DAYS_LAST_DUE_d_app_DAYS_EMPLOYED_min,2584.679414600134,403
7,f102_completed_DAYS_LAST_DUE_d_app_DAYS_EMPLOYED_mean,1579.9706594347954,275
7,f102_completed_DAYS_LAST_DUE_d_app_DAYS_ID_PUBLISH_min,2218.092761158943,411
7,f102_completed_DAYS_LAST_DUE_d_app_DAYS_ID_PUBLISH_mean,1692.5086996555328,309
7,f102_completed_DAYS_LAST_DUE_d_app_DAYS_ID_PUBLISH_max,1648.2266733944416,300
7,f102_completed_DAYS_LAST_DUE_d_app_DAYS_ID_PUBLISH_max_div_min,0.0,0
7,f102_completed_DAYS_LAST_DUE_d_app_DAYS_EMPLOYED_max_div_min,0.0,0
7,f102_completed_DAYS_LAST_DUE_d_app_DAYS_REGISTRATION_mean,1690.5329358577728,319
7,f102_completed_DAYS_LAST_DUE_d_app_DAYS_LAST_PHONE_CHANGE_mean,1577.0795221924782,308
7,f102_completed_DAYS_LAST_DUE_d_app_DAYS_LAST_PHONE_CHANGE_max,1999.9915750026703,376
7,f102_completed_DAYS_LAST_DUE_d_app_DAYS_REGISTRATION_max,1701.8256820440292,314
7,f102_completed_DAYS_LAST_DUE_d_app_DAYS_LAST_PHONE_CHANGE_max_div_min,9.81350040435791,1
7,f102_completed_DAYS_LAST_DUE_d_app_DAYS_REGISTRATION_max_div_min,0.0,0
7,f102_completed_DAYS_LAST_DUE_d_app_DAYS_REGISTRATION_std,0.0,0
7,f102_completed_DAYS_LAST_DUE_d_app_DAYS_LAST_PHONE_CHANGE_min,1714.8982563018799,335
7,f102_completed_DAYS_LAST_DUE_s_DAYS_DECISIONS_max,1027.514504313469,207
7,f102_completed_DAYS_LAST_DUE_d_app_DAYS_REGISTRATION_min,1616.4251798391342,302
7,f102_completed_DAYS_LAST_DUE_s_DAYS_DECISIONS_max_div_min,0.0,0
7,f102_completed_DAYS_LAST_DUE_s_DAYS_DECISIONS_min,1066.1032609939575,215
7,f102_completed_DAYS_LAST_DUE_s_DAYS_FIRST_DUE_max,81.48852944374084,16
7,f102_completed_DAYS_LAST_DUE_s_DAYS_FIRST_DUE_min,67.63423991203308,13
7,f102_completed_DAYS_LAST_DUE_s_DAYS_DECISIONS_mean,825.6912076473236,158
7,f102_completed_DAYS_LAST_DUE_s_DAYS_LAST_DUE_1ST_VERSION_min,195.6025984287262,37
7,f102_completed_DAYS_LAST_DUE_s_DAYS_FIRST_DUE_max_div_min,15.107200145721436,2
7,f102_completed_DAYS_LAST_DUE_s_DAYS_FIRST_DUE_mean,33.82418966293335,7
7,f102_completed_DAYS_LAST_DUE_s_DAYS_LAST_DUE_1ST_VERSION_mean,158.86042082309723,27
7,f102_completed_DAYS_LAST_DUE_s_DAYS_LAST_DUE_1ST_VERSION_max_div_min,134.68401980400085,18
7,f102_completed_DAYS_LAST_DUE_s_DAYS_LAST_DUE_1ST_VERSION_max,103.60629308223724,22
7,f102_completed_DAYS_LAST_DUE_s_app_DAYS_ID_PUBLISH_std_div_mean,0.0,0
7,f102_completed_DAYS_LAST_DUE_s_app_DAYS_EMPLOYED_max_div_min,0.0,0
7,f102_completed_DAYS_LAST_DUE_s_app_DAYS_LAST_PHONE_CHANGE_max_div_min,0.0,0
7,f102_completed_DAYS_LAST_DUE_s_app_DAYS_LAST_PHONE_CHANGE_std_div_mean,0.0,0
7,f102_completed_DAYS_LAST_DUE_s_app_DAYS_ID_PUBLISH_max_div_min,0.0,0
7,f102_completed_DAYS_TERMINATION_d_app_DAYS_EMPLOYED_max,1991.3286508023739,366
7,f102_completed_DAYS_TERMINATION_d_app_DAYS_EMPLOYED_max_div_min,0.0,0
7,f102_completed_DAYS_LAST_DUE_s_app_DAYS_REGISTRATION_max_div_min,0.0,0
7,f102_completed_DAYS_TERMINATION_d_app_DAYS_BIRTH_max_div_min,3.145400047302246,1
7,f102_completed_DAYS_TERMINATION_d_app_DAYS_ID_PUBLISH_max,1924.3695775270462,370
7,f102_completed_DAYS_TERMINATION_d_app_DAYS_EMPLOYED_mean,1818.943560242653,306
7,f102_completed_DAYS_TERMINATION_d_app_DAYS_EMPLOYED_min,2745.5932211875916,411
7,f102_completed_DAYS_TERMINATION_d_app_DAYS_ID_PUBLISH_max_div_min,0.0,0
7,f102_completed_DAYS_TERMINATION_d_app_DAYS_ID_PUBLISH_min,2216.7890251278877,404
7,f102_completed_DAYS_TERMINATION_d_app_DAYS_ID_PUBLISH_mean,1354.3582018613815,268
7,f102_completed_DAYS_TERMINATION_d_app_DAYS_LAST_PHONE_CHANGE_max_div_min,7.719299793243408,1
7,f102_completed_DAYS_TERMINATION_d_app_DAYS_LAST_PHONE_CHANGE_max,1963.0419291257858,379
7,f102_completed_DAYS_TERMINATION_d_app_DAYS_REGISTRATION_std,0.0,0
7,f102_completed_DAYS_TERMINATION_d_app_DAYS_LAST_PHONE_CHANGE_min,2053.7975021600723,386
7,f102_completed_DAYS_TERMINATION_d_app_DAYS_LAST_PHONE_CHANGE_mean,1340.5207426548004,251
7,f102_completed_DAYS_TERMINATION_d_app_DAYS_REGISTRATION_max_div_min,0.0,0
7,f102_completed_DAYS_TERMINATION_d_app_DAYS_REGISTRATION_mean,1453.8310339450836,292
7,f102_completed_DAYS_TERMINATION_s_DAYS_DECISIONS_mean,1189.1930713057518,243
7,f102_completed_DAYS_TERMINATION_s_DAYS_DECISIONS_max,1351.159252166748,263
7,f102_completed_DAYS_TERMINATION_s_DAYS_FIRST_DUE_max,1256.7403239011765,248
7,f102_completed_DAYS_TERMINATION_s_DAYS_DECISIONS_max_div_min,0.0,0
7,f102_completed_DAYS_TERMINATION_s_DAYS_LAST_DUE_1ST_VERSION_min,2160.772153198719,404
7,f102_completed_DAYS_TERMINATION_d_app_DAYS_REGISTRATION_max,1848.2046001553535,354
7,f102_completed_DAYS_TERMINATION_s_DAYS_DECISIONS_min,1248.6891051530838,229
7,f102_completed_DAYS_TERMINATION_s_DAYS_LAST_DUE_1ST_VERSION_max_div_min,0.0,0
7,f102_completed_DAYS_TERMINATION_s_DAYS_FIRST_DUE_mean,913.6534887552261,187
7,f102_completed_DAYS_TERMINATION_d_app_DAYS_REGISTRATION_min,1705.197125673294,335
7,f102_completed_DAYS_TERMINATION_s_DAYS_LAST_DUE_std,0.0,0
7,f102_completed_DAYS_TERMINATION_s_DAYS_FIRST_DUE_min,1150.3726387023926,215
7,f102_completed_DAYS_TERMINATION_s_DAYS_LAST_DUE_std_div_mean,0.0,0
7,f102_completed_DAYS_TERMINATION_s_DAYS_LAST_DUE_1ST_VERSION_mean,1267.0102216601372,241
7,f102_completed_DAYS_TERMINATION_s_DAYS_LAST_DUE_1ST_VERSION_max,1485.9097025990486,271
7,f102_completed_DAYS_TERMINATION_s_app_DAYS_ID_PUBLISH_std_div_mean,0.0,0
7,f102_completed_DAYS_TERMINATION_s_DAYS_FIRST_DUE_max_div_min,0.0,0
7,f102_completed_DAYS_TERMINATION_s_app_DAYS_EMPLOYED_max_div_min,0.0,0
7,f102_completed_DAYS_TERMINATION_s_DAYS_LAST_DUE_max_div_min,0.0,0
7,f102_completed_DAYS_TERMINATION_s_app_DAYS_LAST_PHONE_CHANGE_max_div_min,0.0,0
7,f102_completed_DAYS_TERMINATION_s_app_DAYS_LAST_PHONE_CHANGE_std_div_mean,0.0,0
7,f102_completed_DAYS_TERMINATION_s_app_DAYS_ID_PUBLISH_max_div_min,0.0,0
7,f102_completed_HOUR_APPR_PROCESS_START_max_div_min,0.0,0
7,f102_completed_DAYS_TERMINATION_s_app_DAYS_REGISTRATION_max_div_min,0.0,0
7,f102_completed_NAME_CASH_LOAN_PURPOSE_Buying_a_garage_sum,0.0,0
7,f102_completed_NAME_CASH_LOAN_PURPOSE_Buying_a_used_car_mean,0.0,0
7,f102_completed_NAME_CASH_LOAN_PURPOSE_Business_development_sum,0.0,0
7,f102_completed_NAME_CASH_LOAN_PURPOSE_Buying_a_home_mean,0.0,0
7,f102_completed_NAME_CASH_LOAN_PURPOSE_Buying_a_home_sum,0.0,0
7,f102_completed_NAME_CASH_LOAN_PURPOSE_Car_repairs_sum,0.0,0
7,f102_completed_NAME_CASH_LOAN_PURPOSE_Business_development_mean,0.0,0
7,f102_completed_NAME_CASH_LOAN_PURPOSE_Furniture_sum,0.0,0
7,f102_completed_NAME_CASH_LOAN_PURPOSE_Education_sum,0.0,0
7,f102_completed_NAME_CASH_LOAN_PURPOSE_Everyday_expenses_sum,0.0,0
7,f102_completed_NAME_CASH_LOAN_PURPOSE_Everyday_expenses_mean,0.0,0
7,f102_completed_NAME_CASH_LOAN_PURPOSE_Car_repairs_mean,0.0,0
7,f102_completed_NAME_CASH_LOAN_PURPOSE_Buying_a_used_car_sum,0.0,0
7,f102_completed_NAME_CASH_LOAN_PURPOSE_Buying_a_garage_mean,0.0,0
7,f102_completed_NAME_CASH_LOAN_PURPOSE_Furniture_mean,0.0,0
7,f102_completed_NAME_CASH_LOAN_PURPOSE_Other_mean,0.0,0
7,f102_completed_NAME_CASH_LOAN_PURPOSE_Education_mean,0.0,0
7,f102_completed_NAME_CASH_LOAN_PURPOSE_Payments_on_other_loans_mean,0.0,0
7,f102_completed_NAME_CASH_LOAN_PURPOSE_Journey_mean,0.0,0
7,f102_completed_NAME_CASH_LOAN_PURPOSE_Wedding___gift___holiday_mean,0.0,0
7,f102_completed_NAME_CASH_LOAN_PURPOSE_Other_sum,0.0,0
7,f102_completed_NAME_CASH_LOAN_PURPOSE_Journey_sum,0.0,0
7,f102_completed_NAME_CASH_LOAN_PURPOSE_Repairs_sum,0.0,0
7,f102_completed_NAME_CASH_LOAN_PURPOSE_Wedding___gift___holiday_sum,0.0,0
7,f102_completed_NAME_CASH_LOAN_PURPOSE_Repairs_mean,0.0,0
7,f102_completed_NAME_CASH_LOAN_PURPOSE_Urgent_needs_mean,0.0,0
7,f102_completed_NAME_CASH_LOAN_PURPOSE_Payments_on_other_loans_sum,0.0,0
7,f102_completed_NAME_CONTRACT_STATUS_Approved_sum,0.0,0
7,f102_completed_NAME_CASH_LOAN_PURPOSE_Urgent_needs_sum,0.0,0
7,f102_completed_NAME_CLIENT_TYPE_XNA_mean,0.0,0
7,f102_completed_NAME_GOODS_CATEGORY_Computers_mean,407.9421606063843,75
7,f102_completed_NAME_CLIENT_TYPE_XNA_sum,0.0,0
7,f102_completed_NAME_GOODS_CATEGORY_Clothing_and_Accessories_mean,42.42654013633728,10
7,f102_completed_NAME_GOODS_CATEGORY_Auto_Accessories_mean,4.596459865570068,1
7,f102_completed_NAME_GOODS_CATEGORY_Audio_Video_sum,85.6589207649231,18
7,f102_completed_NAME_GOODS_CATEGORY_Auto_Accessories_sum,0.0,0
7,f102_completed_NAME_GOODS_CATEGORY_Audio_Video_mean,117.73567044734955,26
7,f102_completed_NAME_GOODS_CATEGORY_Computers_sum,49.88675928115845,8
7,f102_completed_NAME_GOODS_CATEGORY_Construction_Materials_mean,65.7829098701477,14
7,f102_completed_NAME_GOODS_CATEGORY_Education_sum,0.0,0
7,f102_completed_NAME_GOODS_CATEGORY_Clothing_and_Accessories_sum,17.888569831848145,3
7,f102_completed_NAME_GOODS_CATEGORY_Consumer_Electronics_sum,111.61448001861572,20
7,f102_completed_NAME_GOODS_CATEGORY_Fitness_sum,0.0,0
7,f102_completed_NAME_GOODS_CATEGORY_Construction_Materials_sum,22.290519952774048,5
7,f102_completed_NAME_GOODS_CATEGORY_Education_mean,0.0,0
7,f102_completed_NAME_GOODS_CATEGORY_Consumer_Electronics_mean,194.13807106018066,40
7,f102_completed_NAME_GOODS_CATEGORY_Insurance_sum,0.0,0
7,f102_completed_NAME_GOODS_CATEGORY_Direct_Sales_sum,0.0,0
7,f102_completed_NAME_GOODS_CATEGORY_Direct_Sales_mean,0.0,0
7,f102_completed_NAME_GOODS_CATEGORY_Fitness_mean,0.0,0
7,f102_completed_NAME_GOODS_CATEGORY_Medical_Supplies_mean,0.0,0
7,f102_completed_NAME_GOODS_CATEGORY_Jewelry_sum,19.41057014465332,5
7,f102_completed_NAME_GOODS_CATEGORY_Jewelry_mean,16.86618971824646,4
7,f102_completed_NAME_GOODS_CATEGORY_Gardening_sum,0.0,0
7,f102_completed_NAME_GOODS_CATEGORY_Gardening_mean,0.0,0
7,f102_completed_NAME_GOODS_CATEGORY_Office_Appliances_mean,0.0,0
7,f102_completed_NAME_GOODS_CATEGORY_Medical_Supplies_sum,0.0,0
7,f102_completed_NAME_GOODS_CATEGORY_Homewares_sum,0.0,0
7,f102_completed_NAME_GOODS_CATEGORY_Sport_and_Leisure_mean,0.0,0
7,f102_completed_NAME_GOODS_CATEGORY_Insurance_mean,0.0,0
7,f102_completed_NAME_PAYMENT_TYPE_Cash_through_the_bank_mean,155.76597142219543,33
7,f102_completed_NAME_GOODS_CATEGORY_Tourism_sum,0.0,0
7,f102_completed_NAME_GOODS_CATEGORY_Medicine_sum,0.0,0
7,f102_completed_NAME_GOODS_CATEGORY_Weapon_mean,0.0,0
7,f102_completed_NAME_GOODS_CATEGORY_Medicine_mean,0.0,0
7,f102_completed_NAME_GOODS_CATEGORY_Office_Appliances_sum,0.0,0
7,f102_completed_NAME_GOODS_CATEGORY_Homewares_mean,0.0,0
7,f102_completed_NAME_GOODS_CATEGORY_Weapon_sum,0.0,0
7,f102_completed_NAME_GOODS_CATEGORY_Vehicles_sum,0.0,0
7,f102_completed_NAME_GOODS_CATEGORY_Tourism_mean,0.0,0
7,f102_completed_NAME_GOODS_CATEGORY_Vehicles_mean,0.0,0
7,f102_completed_NAME_PAYMENT_TYPE_Non_cash_from_your_account_mean,0.0,0
7,f102_completed_NAME_SELLER_INDUSTRY_Auto_technology_sum,117.33207988739014,22
7,f102_completed_NAME_GOODS_CATEGORY_Sport_and_Leisure_sum,0.0,0
7,f102_completed_NAME_PAYMENT_TYPE_Cashless_from_the_account_of_the_employer_mean,0.0,0
7,f102_completed_NAME_PRODUCT_TYPE_walk_in_sum,23.374540090560913,5
7,f102_completed_NAME_PAYMENT_TYPE_Non_cash_from_your_account_sum,0.0,0
7,f102_completed_NAME_PAYMENT_TYPE_Cash_through_the_bank_sum,17.23734951019287,4
7,f102_completed_NAME_PAYMENT_TYPE_Cashless_from_the_account_of_the_employer_sum,0.0,0
7,f102_completed_NAME_PAYMENT_TYPE_XNA_sum,57.39590001106262,13
7,f102_completed_NAME_PAYMENT_TYPE_XNA_mean,117.24661946296692,23
7,f102_completed_NAME_SELLER_INDUSTRY_Auto_technology_mean,86.01569032669067,17
7,f102_completed_NAME_SELLER_INDUSTRY_Clothing_mean,73.87417030334473,15
7,f102_completed_NAME_SELLER_INDUSTRY_Construction_sum,11.439150094985962,3
7,f102_completed_NAME_PRODUCT_TYPE_walk_in_mean,184.1924102306366,30
7,f102_completed_NAME_SELLER_INDUSTRY_Jewelry_sum,0.0,0
7,f102_completed_NAME_SELLER_INDUSTRY_Consumer_electronics_mean,317.2335398197174,60
7,f102_completed_NAME_SELLER_INDUSTRY_Construction_mean,40.218159675598145,10
7,f102_completed_NAME_SELLER_INDUSTRY_Industry_mean,32.172240018844604,8
7,f102_completed_NAME_SELLER_INDUSTRY_Consumer_electronics_sum,90.77047991752625,18
7,f102_completed_NAME_SELLER_INDUSTRY_MLM_partners_mean,0.0,0
7,f102_completed_NAME_TYPE_SUITE_Children_mean,0.0,0
7,f102_completed_NAME_SELLER_INDUSTRY_Tourism_mean,0.0,0
7,f102_completed_NAME_TYPE_SUITE_Group_of_people_sum,0.0,0
7,f102_completed_NAME_SELLER_INDUSTRY_Industry_sum,37.228989601135254,7
7,f102_completed_NAME_SELLER_INDUSTRY_Jewelry_mean,0.0,0
7,f102_completed_NAME_TYPE_SUITE_Family_sum,146.61067986488342,27
7,f102_completed_NAME_SELLER_INDUSTRY_MLM_partners_sum,0.0,0
7,f102_completed_NAME_TYPE_SUITE_Other_A_mean,0.0,0
7,f102_completed_NAME_TYPE_SUITE_Children_sum,0.0,0
7,f102_completed_NAME_SELLER_INDUSTRY_Tourism_sum,0.0,0
7,f102_completed_NAME_TYPE_SUITE_Group_of_people_mean,0.0,0
7,f102_completed_NAME_TYPE_SUITE_Spouse__partner_mean,80.66563987731934,17
7,f102_completed_NAME_TYPE_SUITE_Other_A_sum,0.0,0
7,f102_completed_NAME_TYPE_SUITE_Other_B_mean,0.0,0
7,f102_completed_NAME_TYPE_SUITE_Family_mean,138.21561002731323,28
7,f102_completed_NAME_TYPE_SUITE_Unaccompanied_sum,344.0944790840149,67
7,f102_completed_PRODUCT_COMBINATION_POS_household_with_interest_sum,186.5625901222229,35
7,f102_completed_NAME_TYPE_SUITE_Other_B_sum,0.0,0
7,f102_completed_NAME_TYPE_SUITE_Unaccompanied_mean,380.3785102367401,80
7,f102_completed_NAME_YIELD_GROUP_low_action_mean,127.00077104568481,28
7,f102_completed_PRODUCT_COMBINATION_POS_household_with_interest_mean,269.2675893306732,52
7,f102_completed_NAME_TYPE_SUITE_Spouse__partner_sum,19.536420106887817,4
7,f102_completed_NAME_YIELD_GROUP_middle_mean,884.6693605184555,168
7,f102_completed_NAME_YIELD_GROUP_low_action_sum,64.01494908332825,12
7,f102_completed_PREV_COUNT,0.0,0
7,f102_completed_NAME_YIELD_GROUP_middle_sum,123.84197044372559,27
7,f102_completed_PRODUCT_COMBINATION_POS_industry_without_interest_sum,0.0,0
7,f102_completed_PRODUCT_COMBINATION_POS_household_without_interest_sum,17.873929738998413,5
7,f102_completed_PRODUCT_COMBINATION_POS_industry_without_interest_mean,0.0,0
7,f102_completed_RATE_DOWN_PAYMENT_mean,1529.868063211441,273
7,f102_completed_PRODUCT_COMBINATION_POS_mobile_without_interest_mean,91.05736088752747,18
7,f102_completed_RATE_DOWN_PAYMENT_max_div_min,85.90471076965332,17
7,f102_completed_PRODUCT_COMBINATION_POS_mobile_without_interest_sum,18.043870210647583,4
7,f102_completed_PRODUCT_COMBINATION_POS_household_without_interest_mean,52.65783929824829,13
7,f102_completed_PRODUCT_COMBINATION_POS_others_without_interest_mean,0.0,0
7,f102_completed_PRODUCT_COMBINATION_POS_others_without_interest_sum,0.0,0
7,f102_completed_RATE_DOWN_PAYMENT_max,1763.2590401172638,313
7,f102_completed_PRODUCT_COMBINATION_POS_other_with_interest_sum,17.531890153884888,5
7,f102_completed_PRODUCT_COMBINATION_POS_other_with_interest_mean,35.98245048522949,9
7,f102_completed_SELLERPLACE_AREA_max_div_min,0.0,0
7,f102_completed_RATE_DOWN_PAYMENT_min,1318.8039083480835,254
7,f102_completed_SELLERPLACE_AREA_min,3148.3344720602036,628
7,f102_completed_SELLERPLACE_AREA_max,3392.980210542679,646
7,f102_completed_SELLERPLACE_AREA_mean,2330.0051012039185,450
7,f102_completed_WEEKDAY_APPR_PROCESS_START_FRIDAY_sum,111.22992968559265,23
7,f102_completed_WEEKDAY_APPR_PROCESS_START_TUESDAY_mean,380.7476296424866,73
7,f102_completed_WEEKDAY_APPR_PROCESS_START_FRIDAY_mean,350.1921398639679,68
7,f102_completed_WEEKDAY_APPR_PROCESS_START_THURSDAY_mean,223.76946902275085,45
7,f102_completed_WEEKDAY_APPR_PROCESS_START_SUNDAY_mean,209.16148948669434,46
7,f102_completed_WEEKDAY_APPR_PROCESS_START_TUESDAY_sum,67.7004005908966,15
7,f102_completed_WEEKDAY_APPR_PROCESS_START_WEDNESDAY_sum,115.79714012145996,21
7,f102_completed_amt_paid_std,12.588299751281738,2
7,f102_completed_WEEKDAY_APPR_PROCESS_START_SUNDAY_sum,70.05513978004456,14
7,f102_completed_WEEKDAY_APPR_PROCESS_START_SATURDAY_sum,115.23252964019775,22
7,f102_completed_WEEKDAY_APPR_PROCESS_START_THURSDAY_sum,67.57702922821045,14
7,f102_completed_amt_paid_max_div_min,5.886839866638184,1
7,f102_completed_WEEKDAY_APPR_PROCESS_START_SATURDAY_mean,154.51355957984924,29
7,f102_completed_WEEKDAY_APPR_PROCESS_START_MONDAY_mean,291.79659032821655,57
7,f102_completed_interest_rate_diff_std_div_mean,0.0,0
7,f102_completed_WEEKDAY_APPR_PROCESS_START_WEDNESDAY_mean,182.88002038002014,40
7,f102_completed_WEEKDAY_APPR_PROCESS_START_MONDAY_sum,38.52900004386902,9
7,f102_completed_cnt_paid_max,3.4586799144744873,1
7,f102_completed_interest_rate_diff_std,0.0,0
7,f102_completed_cnt_paid_mean,0.0,0
7,f102_completed_cnt_paid_max_div_min,0.0,0
7,f102_completed_cnt_paid_sum,162.93577003479004,33
7,f102_completed_interest_rate_diff_max,2585.24232172966,473
7,f102_completed_interest_rate_pctchange_std,4.204969882965088,1
7,f102_completed_cnt_paid_min,10.68837022781372,2
7,f102_completed_interest_rate_max_div_min,0.0,0
7,f102_completed_interest_rate_diff_max_div_min,47.4336199760437,9
7,f102_completed_interest_rate_diff_min,2633.0838992595673,482
7,f102_completed_completed_sum,0.0,0
7,f102_completed_interest_rate_diff_mean,1945.2575305104256,370
7,f102_completed_total_debt_std,6.380939960479736,1
7,f102_completed_total_debt_diff_std_div_mean,0.0,0
7,f102_completed_interest_rate_pctchange_max_div_min,15.025279998779297,2
7,f102_completed_total_debt_diff_max_div_min,33.44838047027588,4
7,f102_completed_interest_rate_pctchange_min,1696.1191840171814,329
7,f102_completed_interest_rate_pctchange_max,1618.5163303613663,297
7,f102_completed_total_debt_diff_max,1493.7690541148186,265
7,f102_completed_interest_rate_pctchange_mean,1139.9920626282692,217
7,f102_completed_total_debt_diff_mean,1493.9475877285004,260
7,f102_completed_total_debt_max_div_min,12.896090030670166,2
7,f102_completed_total_debt_pctchange_max_div_min,55.1383900642395,4
7,f102_completed_total_debt_diff_min,1358.1285774707794,246
7,f102_nyg_high_AMT_ANNUITY_d_app_AMT_ANNUITY_diff_std,2309.2920792102814,377
7,f102_nyg_high_AMT_ANNUITY_d_app_AMT_ANNUITY_diff_min,9010.876817425822,1411
8,f102_nyg_high_AMT_ANNUITY_d_app_AMT_CREDIT_diff_min,407.02033948898315,76
8,f102_nyg_high_AMT_ANNUITY_d_app_AMT_ANNUITY_std_div_mean,371.7607204914093,58
8,f102_nyg_high_AMT_ANNUITY_d_app_AMT_GOODS_PRICE_std,105.63122057914734,21
8,f102_nyg_high_AMT_ANNUITY_d_app_AMT_CREDIT_std_div_mean,103.23521018028259,19
8,f102_nyg_high_AMT_ANNUITY_d_app_AMT_CREDIT_pctchange_mean,784.3310315608978,130
8,f102_nyg_high_AMT_ANNUITY_d_app_AMT_GOODS_PRICE_diff_min,387.4472109079361,79
8,f102_nyg_high_AMT_ANNUITY_d_app_AMT_GOODS_PRICE_diff_std,95.32702946662903,17
8,f102_nyg_high_AMT_ANNUITY_d_app_AMT_CREDIT_pctchange_min,730.6883701086044,135
8,f102_nyg_high_AMT_ANNUITY_d_app_AMT_ANNUITY_pctchange_min,284.64455008506775,52
8,f102_nyg_high_AMT_ANNUITY_d_app_AMT_CREDIT_diff_mean,442.5067584514618,78
8,f102_nyg_high_AMT_ANNUITY_d_app_AMT_ANNUITY_pctchange_mean,356.15398025512695,54
8,f102_nyg_high_AMT_ANNUITY_d_app_AMT_ANNUITY_diff_mean,749.1304590702057,142
8,f102_nyg_high_AMT_ANNUITY_d_app_AMT_INCOME_TOTAL_diff_std,50.969890117645264,11
8,f102_nyg_high_AMT_ANNUITY_d_app_AMT_GOODS_PRICE_max,2647.2063398957253,463
8,f102_nyg_high_AMT_ANNUITY_d_app_AMT_GOODS_PRICE_std_div_mean,113.33321070671082,19
8,f102_nyg_high_AMT_ANNUITY_d_app_AMT_GOODS_PRICE_diff_mean,479.68628787994385,88
8,f102_nyg_high_AMT_ANNUITY_d_app_AMT_INCOME_TOTAL_std,137.86904954910278,23
8,f102_nyg_high_AMT_ANNUITY_d_app_AMT_GOODS_PRICE_pctchange_min,328.8071620464325,61
8,f102_nyg_high_AMT_ANNUITY_d_app_AMT_INCOME_TOTAL_diff_mean,532.5784525871277,90
8,f102_nyg_high_AMT_ANNUITY_d_app_AMT_INCOME_TOTAL_mean,1460.5284035801888,261
8,f102_nyg_high_AMT_ANNUITY_d_app_AMT_INCOME_TOTAL_min,1889.175802052021,346
8,f102_nyg_high_AMT_ANNUITY_d_app_AMT_INCOME_TOTAL_max,1952.9353314638138,378
8,f102_nyg_high_AMT_ANNUITY_d_app_AMT_GOODS_PRICE_pctchange_mean,292.0065689086914,58
8,f102_nyg_high_AMT_ANNUITY_d_app_AMT_INCOME_TOTAL_diff_min,393.1370739340782,78
8,f102_nyg_high_AMT_ANNUITY_m_app_AMT_GOODS_PRICE_d_app_AMT_INCOME_TOTAL_diff_std,18.132810354232788,4
8,f102_nyg_high_AMT_ANNUITY_d_app_AMT_INCOME_TOTAL_std_div_mean,28.495650053024292,4
8,f102_nyg_high_AMT_ANNUITY_m_app_AMT_GOODS_PRICE_d_app_AMT_INCOME_TOTAL_min,2117.839303612709,369
8,f102_nyg_high_AMT_ANNUITY_m_app_AMT_GOODS_PRICE_d_app_AMT_INCOME_TOTAL_pctchange_max,401.1844713687897,75
8,f102_nyg_high_AMT_ANNUITY_d_app_AMT_INCOME_TOTAL_pctchange_min,78.74991989135742,17
8,f102_nyg_high_AMT_ANNUITY_m_app_AMT_GOODS_PRICE_d_app_AMT_INCOME_TOTAL_mean,1553.600399017334,267
8,f102_nyg_high_AMT_ANNUITY_d_app_AMT_INCOME_TOTAL_pctchange_mean,78.27075958251953,12
8,f102_nyg_high_AMT_ANNUITY_m_app_AMT_GOODS_PRICE_d_app_AMT_INCOME_TOTAL_std,57.559680223464966,11
8,f102_nyg_high_AMT_ANNUITY_m_app_AMT_GOODS_PRICE_d_app_AMT_INCOME_TOTAL_diff_min,223.041441321373,44
8,f102_nyg_high_AMT_ANNUITY_m_app_AMT_GOODS_PRICE_d_app_AMT_INCOME_TOTAL_diff_mean,225.49359965324402,37
8,f102_nyg_high_AMT_ANNUITY_m_app_AMT_GOODS_PRICE_d_app_AMT_INCOME_TOTAL_pctchange_max_div_min,44.73692989349365,8
8,f102_nyg_high_AMT_ANNUITY_m_app_AMT_GOODS_PRICE_d_app_AMT_INCOME_TOTAL_max,1529.7107853889465,267
8,f102_nyg_high_AMT_ANNUITY_m_app_AMT_GOODS_PRICE_d_app_AMT_INCOME_TOTAL_std_div_mean,160.91917181015015,17
8,f102_nyg_high_AMT_ANNUITY_max,3130.3714787960052,549
8,f102_nyg_high_AMT_ANNUITY_m_app_AMT_GOODS_PRICE_d_app_AMT_INCOME_TOTAL_pctchange_mean,507.7049721479416,93
8,f102_nyg_high_AMT_ANNUITY_s_app_AMT_ANNUITY_d_app_AMT_INCOME_TOTAL_diff_std,18.005670070648193,4
8,f102_nyg_high_AMT_ANNUITY_s_app_AMT_ANNUITY_d_app_AMT_INCOME_TOTAL_pctchange_max_div_min,110.23164987564087,14
8,f102_nyg_high_AMT_ANNUITY_s_app_AMT_ANNUITY_d_app_AMT_INCOME_TOTAL_diff_mean,59.70263910293579,13
8,f102_nyg_high_AMT_ANNUITY_s_app_AMT_ANNUITY_d_app_AMT_INCOME_TOTAL_diff_min,79.3994791507721,15
8,f102_nyg_high_AMT_ANNUITY_s_app_AMT_ANNUITY_d_app_AMT_INCOME_TOTAL_std,29.64247989654541,6
8,f102_nyg_high_AMT_ANNUITY_s_app_AMT_ANNUITY_d_app_AMT_INCOME_TOTAL_max_div_min,187.6956000328064,24
8,f102_nyg_high_AMT_ANNUITY_s_app_AMT_ANNUITY_d_app_AMT_INCOME_TOTAL_pctchange_std_div_mean,139.01176977157593,26
8,f102_nyg_high_AMT_ANNUITY_s_app_AMT_ANNUITY_d_app_AMT_INCOME_TOTAL_pctchange_max,2539.2825741767883,442
8,f102_nyg_high_AMT_ANNUITY_s_app_AMT_ANNUITY_pctchange_max_div_min,14.186099529266357,2
8,f102_nyg_high_AMT_ANNUITY_s_app_AMT_ANNUITY_max_div_min,33.270880460739136,6
8,f102_nyg_high_AMT_ANNUITY_s_app_AMT_CREDIT_d_app_AMT_INCOME_TOTAL_diff_std,0.0,0
8,f102_nyg_high_AMT_ANNUITY_s_app_AMT_ANNUITY_pctchange_std_div_mean,30.77342987060547,6
8,f102_nyg_high_AMT_ANNUITY_s_app_AMT_ANNUITY_pctchange_max,754.8658800125122,134
8,f102_nyg_high_AMT_ANNUITY_s_app_AMT_ANNUITY_diff_min,420.58739030361176,80
8,f102_nyg_high_AMT_ANNUITY_s_app_AMT_CREDIT_d_app_AMT_INCOME_TOTAL_diff_mean,22.331640005111694,5
8,f102_nyg_high_AMT_ANNUITY_s_app_AMT_ANNUITY_diff_mean,422.47884154319763,77
8,f102_nyg_high_AMT_ANNUITY_s_app_AMT_ANNUITY_std,251.77969932556152,44
8,f102_nyg_high_AMT_ANNUITY_s_app_AMT_ANNUITY_max,3979.472811102867,611
8,f102_nyg_high_AMT_ANNUITY_s_app_AMT_CREDIT_d_app_AMT_INCOME_TOTAL_diff_min,67.98827075958252,11
8,f102_nyg_high_AMT_ANNUITY_s_app_AMT_CREDIT_d_app_AMT_INCOME_TOTAL_pctchange_max,384.0669102668762,71
8,f102_nyg_high_AMT_ANNUITY_s_app_AMT_CREDIT_d_app_AMT_INCOME_TOTAL_mean,2327.3816870450974,321
8,f102_nyg_high_AMT_ANNUITY_s_app_AMT_CREDIT_d_app_AMT_INCOME_TOTAL_max,1963.9779064655304,302
8,f102_nyg_high_AMT_ANNUITY_s_app_AMT_CREDIT_d_app_AMT_INCOME_TOTAL_std_div_mean,129.64596033096313,19
8,f102_nyg_high_AMT_ANNUITY_s_app_AMT_CREDIT_d_app_AMT_INCOME_TOTAL_pctchange_max_div_min,24.538599967956543,2
8,f102_nyg_high_AMT_ANNUITY_s_app_AMT_CREDIT_d_app_AMT_INCOME_TOTAL_min,1359.7433606386185,208
8,f102_nyg_high_AMT_ANNUITY_s_app_AMT_CREDIT_d_app_AMT_INCOME_TOTAL_pctchange_mean,402.23481154441833,82
8,f102_nyg_high_AMT_ANNUITY_s_app_AMT_CREDIT_pctchange_max_div_min,25.570140600204468,2
8,f102_nyg_high_AMT_ANNUITY_s_app_AMT_CREDIT_d_app_AMT_INCOME_TOTAL_std,26.12187957763672,5
8,f102_nyg_high_AMT_ANNUITY_s_app_AMT_CREDIT_diff_min,184.93523979187012,37
8,f102_nyg_high_AMT_ANNUITY_s_app_AMT_CREDIT_pctchange_mean,170.07546210289001,24
8,f102_nyg_high_AMT_ANNUITY_s_app_AMT_CREDIT_diff_mean,156.11712956428528,26
8,f102_nyg_high_AMT_ANNUITY_s_app_AMT_CREDIT_pctchange_max,62.33131003379822,12
8,f102_nyg_high_AMT_ANNUITY_s_app_AMT_CREDIT_std,115.53230023384094,18
8,f102_nyg_high_AMT_ANNUITY_s_app_AMT_CREDIT_std_div_mean,9.885059833526611,2
8,f102_nyg_high_AMT_ANNUITY_s_app_AMT_GOODS_PRICE_std,104.78623962402344,17
8,f102_nyg_high_AMT_ANNUITY_s_app_AMT_GOODS_PRICE_diff_mean,200.34506118297577,38
8,f102_nyg_high_AMT_ANNUITY_s_app_AMT_GOODS_PRICE_diff_min,245.92647123336792,43
8,f102_nyg_high_AMT_ANNUITY_s_app_AMT_GOODS_PRICE_std_div_mean,38.785640239715576,7
8,f102_nyg_high_AMT_ANNUITY_s_app_AMT_GOODS_PRICE_pctchange_mean,106.85109043121338,20
8,f102_nyg_high_AMT_ANNUITY_s_app_AMT_GOODS_PRICE_pctchange_max,121.64308881759644,22
8,f102_nyg_high_AMT_ANNUITY_s_app_AMT_INCOME_TOTAL_pctchange_std_div_mean,394.56802225112915,46
8,f102_nyg_high_AMT_ANNUITY_s_app_AMT_GOODS_PRICE_pctchange_max_div_min,0.0,0
8,f102_nyg_high_AMT_ANNUITY_s_app_AMT_INCOME_TOTAL_diff_mean,35.487990617752075,7
8,f102_nyg_high_AMT_ANNUITY_s_app_AMT_INCOME_TOTAL_max,2370.1469893455505,428
8,f102_nyg_high_AMT_ANNUITY_s_app_AMT_INCOME_TOTAL_std_div_mean,178.33076858520508,27
8,f102_nyg_high_AMT_ANNUITY_s_app_AMT_INCOME_TOTAL_std,0.0,0
8,f102_nyg_high_AMT_ANNUITY_std,5.889880180358887,1
8,f102_nyg_high_AMT_ANNUITY_s_app_AMT_INCOME_TOTAL_mean,2396.1074489951134,412
8,f102_nyg_high_AMT_ANNUITY_std_div_mean,10.857190132141113,2
8,f102_nyg_high_AMT_ANNUITY_s_app_AMT_INCOME_TOTAL_pctchange_max_div_min,4.379749774932861,1
8,f102_nyg_high_AMT_ANNUITY_s_app_AMT_INCOME_TOTAL_min,2444.8005452156067,446
8,f102_nyg_high_AMT_ANNUITY_s_app_AMT_INCOME_TOTAL_pctchange_mean,499.29092955589294,90
8,f102_nyg_high_AMT_APPLICATION_d_app_AMT_ANNUITY_pctchange_min,628.379391670227,105
8,f102_nyg_high_AMT_APPLICATION_d_app_AMT_ANNUITY_min,1523.3660714626312,237
8,f102_nyg_high_AMT_APPLICATION_d_app_AMT_ANNUITY_mean,993.4913796186447,169
8,f102_nyg_high_AMT_APPLICATION_d_app_AMT_ANNUITY_diff_max_div_min,10.734430313110352,2
8,f102_nyg_high_AMT_ANNUITY_s_app_AMT_INCOME_TOTAL_pctchange_min,920.9280099868774,165
8,f102_nyg_high_AMT_APPLICATION_d_app_AMT_CREDIT_min,982.32541847229,159
8,f102_nyg_high_AMT_APPLICATION_d_app_AMT_CREDIT_mean,613.0726124048233,106
8,f102_nyg_high_AMT_APPLICATION_d_app_AMT_CREDIT_diff_max_div_min,3.0802500247955322,1
8,f102_nyg_high_AMT_APPLICATION_d_app_AMT_ANNUITY_pctchange_max_div_min,0.0,0
8,f102_nyg_high_AMT_APPLICATION_d_app_AMT_CREDIT_diff_min,419.27192056179047,77
8,f102_nyg_high_AMT_APPLICATION_d_app_AMT_GOODS_PRICE_diff_max_div_min,24.14150047302246,1
8,f102_nyg_high_AMT_APPLICATION_d_app_AMT_CREDIT_pctchange_min,220.95848035812378,40
8,f102_nyg_high_AMT_APPLICATION_d_app_AMT_CREDIT_pctchange_max_div_min,0.0,0
8,f102_nyg_high_AMT_ANNUITY_s_app_AMT_INCOME_TOTAL_diff_min,73.13627076148987,16
8,f102_nyg_high_AMT_APPLICATION_d_app_AMT_CREDIT_max,840.7872292399406,153
8,f102_nyg_high_AMT_APPLICATION_d_app_AMT_GOODS_PRICE_max,958.0854634046555,165
8,f102_nyg_high_AMT_ANNUITY_s_app_AMT_INCOME_TOTAL_pctchange_max,356.0347168445587,60
8,f102_nyg_high_AMT_APPLICATION_d_app_AMT_ANNUITY_diff_min,436.43227303028107,81
8,f102_nyg_high_AMT_APPLICATION_d_app_AMT_GOODS_PRICE_mean,787.5149683952332,129
8,f102_nyg_high_AMT_APPLICATION_d_app_AMT_GOODS_PRICE_pctchange_max_div_min,4.5737199783325195,1
8,f102_nyg_high_AMT_APPLICATION_d_app_AMT_ANNUITY_max,1088.8173497915268,192
8,f102_nyg_high_AMT_APPLICATION_d_app_AMT_INCOME_TOTAL_diff_max_div_min,0.0,0
8,f102_nyg_high_AMT_APPLICATION_d_app_AMT_GOODS_PRICE_pctchange_min,234.580411195755,48
8,f102_nyg_high_AMT_APPLICATION_d_app_AMT_GOODS_PRICE_diff_min,282.81786942481995,50
8,f102_nyg_high_AMT_APPLICATION_d_app_AMT_GOODS_PRICE_min,848.3587602376938,142
8,f102_nyg_high_AMT_APPLICATION_d_app_AMT_INCOME_TOTAL_diff_min,269.89124846458435,49
8,f102_nyg_high_AMT_APPLICATION_d_app_AMT_INCOME_TOTAL_diff_mean,396.87229204177856,74
8,f102_nyg_high_AMT_APPLICATION_d_app_AMT_INCOME_TOTAL_pctchange_min,22.72792959213257,4
8,f102_nyg_high_AMT_APPLICATION_d_app_AMT_INCOME_TOTAL_pctchange_max_div_min,0.0,0
8,f102_nyg_high_AMT_APPLICATION_d_app_AMT_INCOME_TOTAL_min,1738.6239629983902,309
8,f102_nyg_high_AMT_APPLICATION_m_app_AMT_GOODS_PRICE_d_app_AMT_INCOME_TOTAL_diff_min,188.20055079460144,35
8,f102_nyg_high_AMT_APPLICATION_m_app_AMT_GOODS_PRICE_d_app_AMT_INCOME_TOTAL_pctchange_std,33.12858009338379,8
8,f102_nyg_high_AMT_APPLICATION_m_app_AMT_GOODS_PRICE_d_app_AMT_INCOME_TOTAL_diff_max_div_min,0.0,0
8,f102_nyg_high_AMT_APPLICATION_m_app_AMT_GOODS_PRICE_d_app_AMT_INCOME_TOTAL_diff_mean,229.2068306207657,45
8,f102_nyg_high_AMT_APPLICATION_m_app_AMT_GOODS_PRICE_d_app_AMT_INCOME_TOTAL_max_div_min,81.76764988899231,14
8,f102_nyg_high_AMT_APPLICATION_m_app_AMT_GOODS_PRICE_d_app_AMT_INCOME_TOTAL_pctchange_std_div_mean,62.86626958847046,12
8,f102_nyg_high_AMT_APPLICATION_m_app_AMT_GOODS_PRICE_d_app_AMT_INCOME_TOTAL_min,1603.0494805574417,228
8,f102_nyg_high_AMT_APPLICATION_m_app_AMT_GOODS_PRICE_d_app_AMT_INCOME_TOTAL_mean,1506.9223135709763,220
8,f102_nyg_high_AMT_APPLICATION_mean,748.4497495889664,129
8,f102_nyg_high_AMT_APPLICATION_s_app_AMT_ANNUITY_d_app_AMT_INCOME_TOTAL_diff_min,81.04739022254944,14
8,f102_nyg_high_AMT_APPLICATION_m_app_AMT_GOODS_PRICE_d_app_AMT_INCOME_TOTAL_pctchange_max_div_min,90.88685059547424,13
8,f102_nyg_high_AMT_APPLICATION_m_app_AMT_GOODS_PRICE_d_app_AMT_INCOME_TOTAL_pctchange_min,754.7393381595612,130
8,f102_nyg_high_AMT_APPLICATION_m_app_AMT_GOODS_PRICE_d_app_AMT_INCOME_TOTAL_pctchange_max,655.9255582094193,122
8,f102_nyg_high_AMT_APPLICATION_m_app_AMT_GOODS_PRICE_d_app_AMT_INCOME_TOTAL_pctchange_mean,564.4350838065147,103
8,f102_nyg_high_AMT_APPLICATION_max,1015.0341095924377,179
8,f102_nyg_high_AMT_APPLICATION_min,1236.1609692573547,208
8,f102_nyg_high_AMT_APPLICATION_s_app_AMT_ANNUITY_d_app_AMT_INCOME_TOTAL_std_div_mean,250.67021942138672,37
8,f102_nyg_high_AMT_APPLICATION_s_app_AMT_ANNUITY_d_app_AMT_INCOME_TOTAL_diff_max_div_min,0.0,0
8,f102_nyg_high_AMT_APPLICATION_s_app_AMT_ANNUITY_d_app_AMT_INCOME_TOTAL_min,1581.6174023151398,266
8,f102_nyg_high_AMT_APPLICATION_s_app_AMT_ANNUITY_d_app_AMT_INCOME_TOTAL_diff_mean,66.40890955924988,13
8,f102_nyg_high_AMT_APPLICATION_s_app_AMT_ANNUITY_diff_min,331.27733647823334,59
8,f102_nyg_high_AMT_APPLICATION_s_app_AMT_ANNUITY_d_app_AMT_INCOME_TOTAL_max_div_min,71.06493997573853,14
8,f102_nyg_high_AMT_APPLICATION_s_app_AMT_ANNUITY_d_app_AMT_INCOME_TOTAL_pctchange_min,857.7731366157532,148
8,f102_nyg_high_AMT_APPLICATION_s_app_AMT_ANNUITY_d_app_AMT_INCOME_TOTAL_pctchange_mean,884.5301988124847,162
8,f102_nyg_high_AMT_APPLICATION_s_app_AMT_ANNUITY_d_app_AMT_INCOME_TOTAL_pctchange_max_div_min,7.282410144805908,1
8,f102_nyg_high_AMT_APPLICATION_s_app_AMT_ANNUITY_diff_mean,381.617559671402,70
8,f102_nyg_high_AMT_APPLICATION_s_app_AMT_ANNUITY_std_div_mean,43.163299560546875,8
8,f102_nyg_high_AMT_APPLICATION_s_app_AMT_ANNUITY_diff_max_div_min,0.0,0
8,f102_nyg_high_AMT_APPLICATION_s_app_AMT_ANNUITY_max,782.0656843781471,141
8,f102_nyg_high_AMT_APPLICATION_s_app_AMT_ANNUITY_max_div_min,0.0,0
8,f102_nyg_high_AMT_APPLICATION_s_app_AMT_ANNUITY_pctchange_min,321.2270402908325,65
8,f102_nyg_high_AMT_APPLICATION_s_app_AMT_ANNUITY_mean,593.9332864582539,111
8,f102_nyg_high_AMT_APPLICATION_s_app_AMT_ANNUITY_pctchange_max_div_min,31.10919976234436,3
8,f102_nyg_high_AMT_APPLICATION_s_app_AMT_ANNUITY_min,1052.6049509048462,183
8,f102_nyg_high_AMT_APPLICATION_s_app_AMT_ANNUITY_pctchange_mean,257.5748689174652,45
8,f102_nyg_high_AMT_APPLICATION_s_app_AMT_CREDIT_d_app_AMT_INCOME_TOTAL_diff_max_div_min,0.0,0
8,f102_nyg_high_AMT_APPLICATION_s_app_AMT_CREDIT_d_app_AMT_INCOME_TOTAL_mean,874.0222891569138,139
8,f102_nyg_high_AMT_APPLICATION_s_app_AMT_CREDIT_d_app_AMT_INCOME_TOTAL_diff_min,49.83420968055725,9
8,f102_nyg_high_AMT_APPLICATION_s_app_AMT_CREDIT_d_app_AMT_INCOME_TOTAL_pctchange_max,716.9097604751587,122
8,f102_nyg_high_AMT_APPLICATION_s_app_AMT_CREDIT_d_app_AMT_INCOME_TOTAL_max,791.1812893152237,144
8,f102_nyg_high_AMT_APPLICATION_s_app_AMT_CREDIT_d_app_AMT_INCOME_TOTAL_diff_mean,39.89931070804596,9
8,f102_nyg_high_AMT_APPLICATION_s_app_AMT_CREDIT_d_app_AMT_INCOME_TOTAL_min,1134.2960457801819,194
8,f102_nyg_high_AMT_APPLICATION_s_app_AMT_CREDIT_d_app_AMT_INCOME_TOTAL_pctchange_mean,409.7806639075279,77
8,f102_nyg_high_AMT_APPLICATION_s_app_AMT_CREDIT_diff_max_div_min,0.0,0
8,f102_nyg_high_AMT_APPLICATION_s_app_AMT_CREDIT_d_app_AMT_INCOME_TOTAL_pctchange_std,121.1596508026123,20
8,f102_nyg_high_AMT_APPLICATION_s_app_AMT_CREDIT_d_app_AMT_INCOME_TOTAL_pctchange_min,678.3142502307892,115
8,f102_nyg_high_AMT_APPLICATION_s_app_AMT_CREDIT_d_app_AMT_INCOME_TOTAL_pctchange_max_div_min,8.229499816894531,1
8,f102_nyg_high_AMT_APPLICATION_s_app_AMT_CREDIT_pctchange_max_div_min,36.38593053817749,4
8,f102_nyg_high_AMT_APPLICATION_s_app_AMT_CREDIT_diff_min,104.748450756073,21
8,f102_nyg_high_AMT_APPLICATION_s_app_AMT_CREDIT_diff_mean,139.42082905769348,22
8,f102_nyg_high_AMT_APPLICATION_s_app_AMT_CREDIT_pctchange_std,40.0247004032135,8
8,f102_nyg_high_AMT_APPLICATION_s_app_AMT_CREDIT_pctchange_max,162.20054054260254,30
8,f102_nyg_high_AMT_APPLICATION_s_app_AMT_GOODS_PRICE_diff_max_div_min,0.0,0
8,f102_nyg_high_AMT_APPLICATION_s_app_AMT_CREDIT_pctchange_min,190.35187077522278,31
8,f102_nyg_high_AMT_APPLICATION_s_app_AMT_CREDIT_pctchange_mean,132.51369071006775,25
8,f102_nyg_high_AMT_APPLICATION_s_app_AMT_GOODS_PRICE_diff_mean,198.0992652773857,37
8,f102_nyg_high_AMT_APPLICATION_s_app_AMT_GOODS_PRICE_pctchange_max,254.2963011264801,46
8,f102_nyg_high_AMT_APPLICATION_s_app_AMT_GOODS_PRICE_pctchange_std_div_mean,20.12158989906311,5
8,f102_nyg_high_AMT_APPLICATION_s_app_AMT_GOODS_PRICE_diff_min,194.81731986999512,34
8,f102_nyg_high_AMT_APPLICATION_s_app_AMT_GOODS_PRICE_max_div_min,16.409149646759033,3
8,f102_nyg_high_AMT_APPLICATION_s_app_AMT_GOODS_PRICE_pctchange_max_div_min,17.960100173950195,2
8,f102_nyg_high_AMT_APPLICATION_s_app_AMT_GOODS_PRICE_pctchange_std,11.197229862213135,2
8,f102_nyg_high_AMT_APPLICATION_s_app_AMT_GOODS_PRICE_pctchange_min,200.91140055656433,37
8,f102_nyg_high_AMT_APPLICATION_s_app_AMT_GOODS_PRICE_pctchange_mean,155.30328977108002,28
8,f102_nyg_high_AMT_APPLICATION_s_app_AMT_INCOME_TOTAL_diff_max_div_min,0.0,0
8,f102_nyg_high_AMT_APPLICATION_s_app_AMT_INCOME_TOTAL_pctchange_std,104.08509016036987,18
8,f102_nyg_high_AMT_APPLICATION_s_app_AMT_INCOME_TOTAL_diff_min,24.33448028564453,5
8,f102_nyg_high_AMT_APPLICATION_s_app_AMT_INCOME_TOTAL_pctchange_std_div_mean,191.720041513443,29
8,f102_nyg_high_AMT_APPLICATION_s_app_AMT_INCOME_TOTAL_max_div_min,122.82825922966003,18
8,f102_nyg_high_AMT_CREDIT_d_AMT_ANNUITY_diff_max_div_min,43.58885049819946,8
8,f102_nyg_high_AMT_CREDIT_d_AMT_ANNUITY_diff_min,1453.206838965416,263
8,f102_nyg_high_AMT_APPLICATION_s_app_AMT_INCOME_TOTAL_pctchange_max_div_min,31.42915987968445,6
8,f102_nyg_high_AMT_APPLICATION_s_app_AMT_INCOME_TOTAL_diff_mean,39.04197025299072,7
8,f102_nyg_high_AMT_CREDIT_d_AMT_APPLICATION_diff_std,127.04944944381714,23
8,f102_nyg_high_AMT_CREDIT_d_AMT_ANNUITY_pctchange_max_div_min,54.7153902053833,10
8,f102_nyg_high_AMT_APPLICATION_s_app_AMT_INCOME_TOTAL_min,1579.2507410049438,311
8,f102_nyg_high_AMT_CREDIT_d_AMT_APPLICATION_diff_std_div_mean,120.7488899230957,20
8,f102_nyg_high_AMT_CREDIT_d_AMT_APPLICATION_pctchange_std_div_mean,215.59406113624573,28
8,f102_nyg_high_AMT_CREDIT_d_AMT_ANNUITY_pctchange_min,1565.2394301891327,294
8,f102_nyg_high_AMT_CREDIT_d_AMT_APPLICATION_std_div_mean,165.65175914764404,32
8,f102_nyg_high_AMT_CREDIT_d_AMT_APPLICATION_diff_min,3055.6285658478737,564
8,f102_nyg_high_AMT_CREDIT_d_AMT_APPLICATION_std,363.5783624649048,56
8,f102_nyg_high_AMT_CREDIT_d_app_AMT_ANNUITY_min,1107.25121819973,201
8,f102_nyg_high_AMT_CREDIT_d_app_AMT_ANNUITY_pctchange_min,659.375500202179,129
8,f102_nyg_high_AMT_CREDIT_d_app_AMT_ANNUITY_diff_max_div_min,9.241899967193604,2
8,f102_nyg_high_AMT_CREDIT_d_app_AMT_ANNUITY_max,952.4336943626404,166
8,f102_nyg_high_AMT_CREDIT_d_app_AMT_ANNUITY_mean,830.8596292734146,148
8,f102_nyg_high_AMT_CREDIT_d_app_AMT_ANNUITY_diff_min,657.52445936203,118
8,f102_nyg_high_AMT_CREDIT_d_app_AMT_CREDIT_pctchange_max_div_min,42.534109115600586,9
8,f102_nyg_high_AMT_CREDIT_d_app_AMT_CREDIT_diff_max_div_min,4.279940128326416,1
8,f102_nyg_high_AMT_CREDIT_d_app_AMT_CREDIT_mean,680.5127902030945,122
8,f102_nyg_high_AMT_CREDIT_d_app_AMT_ANNUITY_pctchange_max_div_min,0.0,0
8,f102_nyg_high_AMT_CREDIT_d_app_AMT_CREDIT_min,912.9468216896057,169
8,f102_nyg_high_AMT_CREDIT_d_app_AMT_GOODS_PRICE_diff_min,598.2945926189423,106
8,f102_nyg_high_AMT_CREDIT_d_app_AMT_CREDIT_max,922.1572286486626,175
8,f102_nyg_high_AMT_CREDIT_d_app_AMT_GOODS_PRICE_diff_max_div_min,16.67558002471924,3
8,f102_nyg_high_AMT_CREDIT_d_app_AMT_CREDIT_pctchange_min,165.00556075572968,32
8,f102_nyg_high_AMT_CREDIT_d_app_AMT_CREDIT_diff_min,394.2005114555359,77
8,f102_nyg_high_AMT_CREDIT_d_app_AMT_GOODS_PRICE_pctchange_min,298.74303007125854,52
8,f102_nyg_high_AMT_CREDIT_d_app_AMT_GOODS_PRICE_max,1060.00896859169,181
8,f102_nyg_high_AMT_CREDIT_d_app_AMT_GOODS_PRICE_min,1203.8853375911713,207
8,f102_nyg_high_AMT_CREDIT_d_app_AMT_GOODS_PRICE_mean,1069.2152593135834,174
8,f102_nyg_high_AMT_CREDIT_d_app_AMT_INCOME_TOTAL_diff_mean,768.3025147914886,133
8,f102_nyg_high_AMT_CREDIT_d_app_AMT_GOODS_PRICE_pctchange_max_div_min,3.8917300701141357,1
8,f102_nyg_high_AMT_CREDIT_d_app_AMT_INCOME_TOTAL_diff_min,438.56838196516037,76
8,f102_nyg_high_AMT_CREDIT_d_app_AMT_INCOME_TOTAL_diff_max_div_min,0.0,0
8,f102_nyg_high_AMT_CREDIT_d_app_AMT_INCOME_TOTAL_pctchange_min,38.42205047607422,9
8,f102_nyg_high_AMT_CREDIT_d_app_AMT_INCOME_TOTAL_pctchange_max_div_min,0.0,0
8,f102_nyg_high_AMT_CREDIT_d_total_debt_diff_max_div_min,77.53891968727112,16
8,f102_nyg_high_AMT_CREDIT_d_total_debt_diff_max,2503.0721007585526,490
8,f102_nyg_high_AMT_CREDIT_d_total_debt_std,375.0030722618103,65
8,f102_nyg_high_AMT_CREDIT_d_total_debt_std_div_mean,253.62438106536865,37
8,f102_nyg_high_AMT_CREDIT_m_app_AMT_GOODS_PRICE_d_app_AMT_INCOME_TOTAL_max_div_min,54.4783399105072,11
8,f102_nyg_high_AMT_CREDIT_d_total_debt_pctchange_max_div_min,25.305309534072876,5
8,f102_nyg_high_AMT_CREDIT_m_app_AMT_GOODS_PRICE_d_app_AMT_INCOME_TOTAL_diff_min,303.1009393930435,57
8,f102_nyg_high_AMT_CREDIT_m_app_AMT_GOODS_PRICE_d_app_AMT_INCOME_TOTAL_pctchange_std_div_mean,152.6544895172119,24
8,f102_nyg_high_AMT_CREDIT_d_total_debt_pctchange_max,1883.1384049654007,351
8,f102_nyg_high_AMT_CREDIT_m_app_AMT_GOODS_PRICE_d_app_AMT_INCOME_TOTAL_diff_max_div_min,10.347179889678955,2
8,f102_nyg_high_AMT_CREDIT_m_app_AMT_GOODS_PRICE_d_app_AMT_INCOME_TOTAL_diff_mean,469.15070819854736,82
8,f102_nyg_high_AMT_CREDIT_m_app_AMT_GOODS_PRICE_d_app_AMT_INCOME_TOTAL_pctchange_max_div_min,30.661139726638794,7
8,f102_nyg_high_AMT_CREDIT_s_app_AMT_ANNUITY_d_app_AMT_INCOME_TOTAL_diff_mean,193.10940074920654,34
8,f102_nyg_high_AMT_CREDIT_min,1689.1782364845276,299
8,f102_nyg_high_AMT_CREDIT_m_app_AMT_GOODS_PRICE_d_app_AMT_INCOME_TOTAL_min,1777.8729399442673,270
8,f102_nyg_high_AMT_CREDIT_s_app_AMT_ANNUITY_d_app_AMT_INCOME_TOTAL_diff_max_div_min,0.0,0
8,f102_nyg_high_AMT_CREDIT_s_app_AMT_ANNUITY_d_app_AMT_INCOME_TOTAL_diff_min,149.3382499217987,25
8,f102_nyg_high_AMT_CREDIT_s_app_AMT_ANNUITY_mean,1020.404207110405,187
8,f102_nyg_high_AMT_CREDIT_mean,1745.3964697122574,290
8,f102_nyg_high_AMT_CREDIT_s_app_AMT_ANNUITY_d_app_AMT_INCOME_TOTAL_max_div_min,109.7343897819519,18
8,f102_nyg_high_AMT_CREDIT_s_app_AMT_ANNUITY_d_app_AMT_INCOME_TOTAL_pctchange_min,1448.222439110279,266
8,f102_nyg_high_AMT_CREDIT_s_app_AMT_ANNUITY_min,1256.8169215917587,227
8,f102_nyg_high_AMT_CREDIT_s_app_AMT_ANNUITY_max_div_min,42.18883967399597,6
8,f102_nyg_high_AMT_CREDIT_s_app_AMT_ANNUITY_diff_min,414.3321280479431,72
8,f102_nyg_high_AMT_CREDIT_s_app_AMT_CREDIT_d_app_AMT_INCOME_TOTAL_diff_max_div_min,0.0,0
8,f102_nyg_high_AMT_CREDIT_s_app_AMT_ANNUITY_pctchange_min,372.42711091041565,71
8,f102_nyg_high_AMT_CREDIT_s_app_AMT_ANNUITY_diff_max_div_min,0.0,0
8,f102_nyg_high_AMT_CREDIT_s_app_AMT_CREDIT_d_app_AMT_INCOME_TOTAL_pctchange_std,67.90469121932983,10
8,f102_nyg_high_AMT_CREDIT_s_app_AMT_CREDIT_d_app_AMT_INCOME_TOTAL_std_div_mean,278.97285056114197,49
8,f102_nyg_high_AMT_CREDIT_s_app_AMT_CREDIT_d_app_AMT_INCOME_TOTAL_pctchange_max,921.9131429195404,158
8,f102_nyg_high_AMT_CREDIT_s_app_AMT_CREDIT_d_app_AMT_INCOME_TOTAL_diff_mean,74.6469898223877,11
8,f102_nyg_high_AMT_CREDIT_s_app_AMT_CREDIT_d_app_AMT_INCOME_TOTAL_max,944.086993098259,171
8,f102_nyg_high_AMT_CREDIT_s_app_AMT_CREDIT_d_app_AMT_INCOME_TOTAL_max_div_min,238.6349492073059,25
8,f102_nyg_high_AMT_CREDIT_s_app_AMT_CREDIT_d_app_AMT_INCOME_TOTAL_mean,604.0119603872299,116
8,f102_nyg_high_AMT_CREDIT_s_app_AMT_CREDIT_d_app_AMT_INCOME_TOTAL_pctchange_max_div_min,77.614750623703,12
8,f102_nyg_high_AMT_CREDIT_s_app_AMT_CREDIT_pctchange_max_div_min,14.417799949645996,3
8,f102_nyg_high_AMT_CREDIT_s_app_AMT_CREDIT_d_app_AMT_INCOME_TOTAL_diff_min,29.789889812469482,4
8,f102_nyg_high_AMT_CREDIT_s_app_AMT_CREDIT_diff_max_div_min,0.0,0
8,f102_nyg_high_AMT_CREDIT_s_app_AMT_GOODS_PRICE_diff_max_div_min,0.0,0
8,f102_nyg_high_AMT_CREDIT_s_app_AMT_CREDIT_d_app_AMT_INCOME_TOTAL_pctchange_mean,714.858806848526,133
8,f102_nyg_high_AMT_CREDIT_s_app_AMT_CREDIT_max_div_min,57.431029081344604,7
8,f102_nyg_high_AMT_CREDIT_s_app_AMT_CREDIT_d_app_AMT_INCOME_TOTAL_min,783.4746739864349,136
8,f102_nyg_high_AMT_CREDIT_s_app_AMT_CREDIT_pctchange_mean,273.96763932704926,47
8,f102_nyg_high_AMT_CREDIT_s_app_AMT_CREDIT_pctchange_std,28.002089977264404,5
8,f102_nyg_high_AMT_CREDIT_s_app_AMT_GOODS_PRICE_pctchange_std_div_mean,13.206259965896606,3
8,f102_nyg_high_AMT_CREDIT_s_app_AMT_CREDIT_std_div_mean,69.1072301864624,13
8,f102_nyg_high_AMT_CREDIT_s_app_AMT_GOODS_PRICE_diff_min,341.13916015625,59
8,f102_nyg_high_AMT_CREDIT_s_app_AMT_CREDIT_pctchange_min,938.3416382074356,164
8,f102_nyg_high_AMT_CREDIT_s_app_AMT_GOODS_PRICE_diff_mean,686.6297777891159,120
8,f102_nyg_high_AMT_CREDIT_s_app_AMT_INCOME_TOTAL_pctchange_std,238.82554078102112,35
8,f102_nyg_high_AMT_CREDIT_s_app_AMT_GOODS_PRICE_max_div_min,26.45753049850464,4
8,f102_nyg_high_AMT_CREDIT_s_app_AMT_INCOME_TOTAL_diff_max_div_min,0.0,0
8,f102_nyg_high_AMT_CREDIT_s_app_AMT_INCOME_TOTAL_diff_min,71.67724013328552,15
8,f102_nyg_high_AMT_CREDIT_s_app_AMT_INCOME_TOTAL_max_div_min,85.09089875221252,13
8,f102_nyg_high_AMT_CREDIT_s_app_AMT_CREDIT_diff_min,12.024909973144531,3
8,f102_nyg_high_AMT_DOWN_PAYMENT_d_AMT_GOODS_PRICE_diff_std_div_mean,46.533639907836914,8
8,f102_nyg_high_AMT_DOWN_PAYMENT_d_AMT_GOODS_PRICE_diff_max_div_min,457.39235162734985,58
8,f102_nyg_high_AMT_CREDIT_s_app_AMT_CREDIT_d_app_AMT_INCOME_TOTAL_pctchange_min,373.3189809322357,67
8,f102_nyg_high_AMT_DOWN_PAYMENT_d_AMT_GOODS_PRICE_max_div_min,271.4871509075165,49
8,f102_nyg_high_AMT_DOWN_PAYMENT_d_AMT_GOODS_PRICE_pctchange_max,299.56526255607605,57
8,f102_nyg_high_AMT_CREDIT_s_app_AMT_CREDIT_pctchange_max,338.45200967788696,63
8,f102_nyg_high_AMT_CREDIT_s_app_AMT_GOODS_PRICE_pctchange_max_div_min,4.726779937744141,1
8,f102_nyg_high_AMT_DOWN_PAYMENT_d_AMT_GOODS_PRICE_pctchange_max_div_min,45.106650829315186,8
8,f102_nyg_high_AMT_CREDIT_s_app_AMT_INCOME_TOTAL_min,1437.738159418106,276
8,f102_nyg_high_AMT_DOWN_PAYMENT_d_AMT_GOODS_PRICE_pctchange_min,443.73804092407227,77
8,f102_nyg_high_AMT_GOODS_PRICE_d_AMT_ANNUITY_diff_std,59.5417001247406,10
8,f102_nyg_high_AMT_GOODS_PRICE_d_AMT_ANNUITY_diff_min,1258.47480905056,231
8,f102_nyg_high_AMT_GOODS_PRICE_d_AMT_ANNUITY_diff_mean,1209.0174224376678,218
8,f102_nyg_high_AMT_DOWN_PAYMENT_max_div_min,173.1257095336914,28
8,f102_nyg_high_AMT_DOWN_PAYMENT_d_AMT_GOODS_PRICE_pctchange_mean,231.78520131111145,44
8,f102_nyg_high_AMT_GOODS_PRICE_d_AMT_ANNUITY_pctchange_max_div_min,16.54527974128723,3
8,f102_nyg_high_AMT_GOODS_PRICE_d_AMT_ANNUITY_diff_max_div_min,12.36761999130249,3
8,f102_nyg_high_AMT_GOODS_PRICE_d_AMT_ANNUITY_pctchange_min,1281.1079016923904,238
8,f102_nyg_high_AMT_GOODS_PRICE_d_AMT_ANNUITY_pctchange_mean,1586.2430497407913,286
8,f102_nyg_high_AMT_GOODS_PRICE_d_AMT_ANNUITY_pctchange_std,74.74618005752563,13
8,f102_nyg_high_AMT_GOODS_PRICE_d_AMT_CREDIT_diff_std_div_mean,32.71524977684021,7
8,f102_nyg_high_AMT_GOODS_PRICE_d_AMT_ANNUITY_pctchange_std_div_mean,111.94824051856995,22
8,f102_nyg_high_AMT_GOODS_PRICE_d_AMT_CREDIT_std_div_mean,144.53659200668335,21
8,f102_nyg_high_AMT_GOODS_PRICE_d_app_AMT_ANNUITY_diff_max_div_min,19.718380212783813,5
8,f102_nyg_high_AMT_GOODS_PRICE_d_app_AMT_ANNUITY_max,405.07567167282104,60
8,f102_nyg_high_AMT_GOODS_PRICE_d_app_AMT_ANNUITY_pctchange_max_div_min,0.0,0
8,f102_nyg_high_AMT_GOODS_PRICE_d_app_AMT_ANNUITY_min,480.87270760536194,69
8,f102_nyg_high_AMT_GOODS_PRICE_d_app_AMT_ANNUITY_mean,293.1492395401001,43
8,f102_nyg_high_AMT_GOODS_PRICE_d_app_AMT_ANNUITY_diff_min,277.2185595035553,53
8,f102_nyg_high_AMT_GOODS_PRICE_d_app_AMT_CREDIT_diff_max_div_min,16.343689441680908,2
8,f102_nyg_high_AMT_GOODS_PRICE_d_app_AMT_CREDIT_min,226.60613989830017,41
8,f102_nyg_high_AMT_GOODS_PRICE_d_app_AMT_CREDIT_diff_min,364.31884145736694,59
8,f102_nyg_high_AMT_GOODS_PRICE_d_app_AMT_ANNUITY_pctchange_min,20.980850219726562,4
8,f102_nyg_high_AMT_GOODS_PRICE_d_app_AMT_CREDIT_mean,156.3192102909088,31
8,f102_nyg_high_AMT_GOODS_PRICE_d_app_AMT_CREDIT_max,235.10027027130127,42
8,f102_nyg_high_AMT_GOODS_PRICE_d_app_AMT_CREDIT_pctchange_max_div_min,0.0,0
8,f102_nyg_high_AMT_GOODS_PRICE_d_app_AMT_GOODS_PRICE_diff_max_div_min,4.366049766540527,1
8,f102_nyg_high_AMT_GOODS_PRICE_d_app_AMT_GOODS_PRICE_pctchange_max_div_min,9.078100204467773,1
8,f102_nyg_high_AMT_GOODS_PRICE_d_app_AMT_GOODS_PRICE_diff_min,243.45940762758255,48
8,f102_nyg_high_AMT_GOODS_PRICE_d_app_AMT_GOODS_PRICE_min,197.47219157218933,37
8,f102_nyg_high_AMT_GOODS_PRICE_d_app_AMT_GOODS_PRICE_mean,160.0585901737213,32
8,f102_nyg_high_AMT_GOODS_PRICE_d_app_AMT_GOODS_PRICE_max,301.55227732658386,51
8,f102_nyg_high_AMT_GOODS_PRICE_d_app_AMT_CREDIT_pctchange_min,0.0,0
8,f102_nyg_high_AMT_GOODS_PRICE_d_app_AMT_GOODS_PRICE_pctchange_min,43.20051980018616,10
8,f102_nyg_high_AMT_GOODS_PRICE_d_app_AMT_INCOME_TOTAL_diff_max_div_min,0.0,0
8,f102_nyg_high_AMT_GOODS_PRICE_d_app_AMT_INCOME_TOTAL_diff_mean,225.14978122711182,42
8,f102_nyg_high_AMT_GOODS_PRICE_d_app_AMT_INCOME_TOTAL_pctchange_max_div_min,0.0,0
8,f102_nyg_high_AMT_GOODS_PRICE_d_app_AMT_INCOME_TOTAL_diff_min,209.15649843215942,40
8,f102_nyg_high_AMT_GOODS_PRICE_d_total_debt_diff_std,64.03734993934631,11
8,f102_nyg_high_AMT_GOODS_PRICE_d_app_AMT_INCOME_TOTAL_min,536.3748188018799,103
8,f102_nyg_high_AMT_GOODS_PRICE_d_total_debt_diff_max_div_min,80.37946939468384,15
8,f102_nyg_high_AMT_GOODS_PRICE_d_app_AMT_INCOME_TOTAL_pctchange_min,6.854800224304199,1
8,f102_nyg_high_AMT_GOODS_PRICE_m_app_AMT_GOODS_PRICE_d_app_AMT_INCOME_TOTAL_pctchange_std_div_mean,35.72375011444092,6
8,f102_nyg_high_AMT_GOODS_PRICE_d_total_debt_pctchange_max_div_min,21.837900638580322,3
8,f102_nyg_high_AMT_GOODS_PRICE_d_total_debt_std_div_mean,398.62884163856506,67
8,f102_nyg_high_AMT_GOODS_PRICE_m_app_AMT_GOODS_PRICE_d_app_AMT_INCOME_TOTAL_pctchange_std,29.57093071937561,4
8,f102_nyg_high_AMT_GOODS_PRICE_m_app_AMT_GOODS_PRICE_d_app_AMT_INCOME_TOTAL_max_div_min,24.606930255889893,5
8,f102_nyg_high_AMT_GOODS_PRICE_m_app_AMT_GOODS_PRICE_d_app_AMT_INCOME_TOTAL_diff_max_div_min,0.0,0
8,f102_nyg_high_AMT_GOODS_PRICE_m_app_AMT_GOODS_PRICE_d_app_AMT_INCOME_TOTAL_diff_mean,153.82228112220764,25
8,f102_nyg_high_AMT_GOODS_PRICE_m_app_AMT_GOODS_PRICE_d_app_AMT_INCOME_TOTAL_diff_min,127.83674955368042,21
8,f102_nyg_high_AMT_GOODS_PRICE_m_app_AMT_GOODS_PRICE_d_app_AMT_INCOME_TOTAL_pctchange_max_div_min,35.13059043884277,6
8,f102_nyg_high_AMT_GOODS_PRICE_m_app_AMT_GOODS_PRICE_d_app_AMT_INCOME_TOTAL_mean,427.22122979164124,83
8,f102_nyg_high_AMT_GOODS_PRICE_m_app_AMT_GOODS_PRICE_d_app_AMT_INCOME_TOTAL_pctchange_mean,341.0840903520584,63
8,f102_nyg_high_AMT_GOODS_PRICE_m_app_AMT_GOODS_PRICE_d_app_AMT_INCOME_TOTAL_pctchange_max,381.6495795249939,63
8,f102_nyg_high_AMT_GOODS_PRICE_m_app_AMT_GOODS_PRICE_d_app_AMT_INCOME_TOTAL_pctchange_min,407.04740858078003,66
8,f102_nyg_high_AMT_GOODS_PRICE_m_app_AMT_GOODS_PRICE_d_app_AMT_INCOME_TOTAL_min,354.53860998153687,64
8,f102_nyg_high_AMT_GOODS_PRICE_s_app_AMT_ANNUITY_d_app_AMT_INCOME_TOTAL_diff_min,159.05889010429382,26
8,f102_nyg_high_AMT_GOODS_PRICE_s_app_AMT_ANNUITY_d_app_AMT_INCOME_TOTAL_diff_max_div_min,0.0,0
8,f102_nyg_high_AMT_GOODS_PRICE_s_app_AMT_ANNUITY_d_app_AMT_INCOME_TOTAL_pctchange_mean,688.0586080551147,126
8,f102_nyg_high_AMT_GOODS_PRICE_min,456.0315806865692,78
8,f102_nyg_high_AMT_GOODS_PRICE_mean,229.84006023406982,40
8,f102_nyg_high_AMT_GOODS_PRICE_s_app_AMT_ANNUITY_d_app_AMT_INCOME_TOTAL_diff_mean,60.48320960998535,11
8,f102_nyg_high_AMT_GOODS_PRICE_max,348.2970416545868,54
8,f102_nyg_high_AMT_GOODS_PRICE_s_app_AMT_ANNUITY_d_app_AMT_INCOME_TOTAL_max_div_min,0.0,0
8,f102_nyg_high_AMT_GOODS_PRICE_s_app_AMT_ANNUITY_d_app_AMT_INCOME_TOTAL_pctchange_max_div_min,3.4684700965881348,1
8,f102_nyg_high_AMT_GOODS_PRICE_s_app_AMT_ANNUITY_d_app_AMT_INCOME_TOTAL_min,358.1072702407837,68
8,f102_nyg_high_AMT_GOODS_PRICE_s_app_AMT_ANNUITY_diff_min,167.93566966056824,29
8,f102_nyg_high_AMT_GOODS_PRICE_s_app_AMT_ANNUITY_d_app_AMT_INCOME_TOTAL_pctchange_min,501.35252809524536,89
8,f102_nyg_high_AMT_GOODS_PRICE_s_app_AMT_ANNUITY_std_div_mean,7.056180000305176,1
8,f102_nyg_high_AMT_GOODS_PRICE_s_app_AMT_ANNUITY_diff_max_div_min,0.0,0
8,f102_nyg_high_AMT_GOODS_PRICE_s_app_AMT_ANNUITY_diff_mean,194.52780985832214,37
8,f102_nyg_high_AMT_GOODS_PRICE_s_app_AMT_ANNUITY_d_app_AMT_INCOME_TOTAL_std_div_mean,18.313650131225586,3
8,f102_nyg_high_AMT_GOODS_PRICE_s_app_AMT_ANNUITY_max,273.4720501899719,45
8,f102_nyg_high_AMT_GOODS_PRICE_s_app_AMT_ANNUITY_max_div_min,0.0,0
8,f102_nyg_high_AMT_GOODS_PRICE_s_app_AMT_ANNUITY_mean,212.23231959342957,37
8,f102_nyg_high_AMT_GOODS_PRICE_s_app_AMT_ANNUITY_pctchange_min,127.49748015403748,22
8,f102_nyg_high_AMT_GOODS_PRICE_s_app_AMT_ANNUITY_min,266.686518907547,54
8,f102_nyg_high_AMT_GOODS_PRICE_s_app_AMT_ANNUITY_pctchange_mean,163.88200974464417,32
8,f102_nyg_high_AMT_GOODS_PRICE_s_app_AMT_CREDIT_d_app_AMT_INCOME_TOTAL_diff_max_div_min,0.0,0
8,f102_nyg_high_AMT_GOODS_PRICE_s_app_AMT_CREDIT_d_app_AMT_INCOME_TOTAL_min,297.92377948760986,49
8,f102_nyg_high_AMT_GOODS_PRICE_s_app_AMT_CREDIT_d_app_AMT_INCOME_TOTAL_mean,241.82866024971008,42
8,f102_nyg_high_AMT_GOODS_PRICE_s_app_AMT_ANNUITY_pctchange_max_div_min,0.0,0
8,f102_nyg_high_AMT_GOODS_PRICE_s_app_AMT_CREDIT_d_app_AMT_INCOME_TOTAL_pctchange_std,49.35555958747864,8
8,f102_nyg_high_AMT_GOODS_PRICE_s_app_AMT_CREDIT_d_app_AMT_INCOME_TOTAL_diff_mean,22.375739812850952,3
8,f102_nyg_high_AMT_GOODS_PRICE_s_app_AMT_CREDIT_d_app_AMT_INCOME_TOTAL_diff_min,68.5741798877716,13
8,f102_nyg_high_AMT_GOODS_PRICE_s_app_AMT_CREDIT_d_app_AMT_INCOME_TOTAL_max,330.05709052085876,52
8,f102_nyg_high_AMT_GOODS_PRICE_s_app_AMT_CREDIT_diff_max_div_min,0.0,0
8,f102_nyg_high_AMT_GOODS_PRICE_s_app_AMT_CREDIT_d_app_AMT_INCOME_TOTAL_pctchange_min,294.8098098039627,52
8,f102_nyg_high_AMT_GOODS_PRICE_s_app_AMT_CREDIT_d_app_AMT_INCOME_TOTAL_pctchange_mean,372.33510994911194,63
8,f102_nyg_high_AMT_GOODS_PRICE_s_app_AMT_CREDIT_d_app_AMT_INCOME_TOTAL_pctchange_max_div_min,21.530270099639893,4
8,f102_nyg_high_AMT_GOODS_PRICE_s_app_AMT_CREDIT_pctchange_std,8.331920146942139,2
8,f102_nyg_high_AMT_GOODS_PRICE_s_app_AMT_CREDIT_d_app_AMT_INCOME_TOTAL_pctchange_max,268.69828844070435,51
8,f102_nyg_high_AMT_GOODS_PRICE_s_app_AMT_GOODS_PRICE_diff_max_div_min,0.0,0
8,f102_nyg_high_AMT_GOODS_PRICE_s_app_AMT_CREDIT_diff_mean,36.9297194480896,4
8,f102_nyg_high_AMT_GOODS_PRICE_s_app_AMT_CREDIT_pctchange_max,151.47632002830505,27
8,f102_nyg_high_AMT_GOODS_PRICE_s_app_AMT_CREDIT_pctchange_max_div_min,4.696209907531738,1
8,f102_nyg_high_AMT_GOODS_PRICE_s_app_AMT_CREDIT_diff_min,25.24684989452362,5
8,f102_nyg_high_AMT_GOODS_PRICE_s_app_AMT_GOODS_PRICE_diff_mean,129.2702642083168,21
8,f102_nyg_high_AMT_GOODS_PRICE_s_app_AMT_GOODS_PRICE_pctchange_std_div_mean,9.2150297164917,2
8,f102_nyg_high_AMT_GOODS_PRICE_s_app_AMT_CREDIT_pctchange_min,79.71039032936096,16
8,f102_nyg_high_AMT_GOODS_PRICE_s_app_AMT_CREDIT_pctchange_mean,75.21762943267822,15
8,f102_nyg_high_AMT_GOODS_PRICE_s_app_AMT_INCOME_TOTAL_pctchange_max_div_min,39.056010007858276,9
8,f102_nyg_high_AMT_GOODS_PRICE_s_app_AMT_GOODS_PRICE_diff_min,72.58835029602051,13
8,f102_nyg_high_AMT_GOODS_PRICE_s_app_AMT_GOODS_PRICE_pctchange_min,245.8788287639618,40
8,f102_nyg_high_AMT_GOODS_PRICE_s_app_AMT_GOODS_PRICE_pctchange_max_div_min,15.24239993095398,3
8,f102_nyg_high_AMT_GOODS_PRICE_s_app_AMT_GOODS_PRICE_pctchange_max,57.43111026287079,12
8,f102_nyg_high_AMT_GOODS_PRICE_s_app_AMT_INCOME_TOTAL_pctchange_std,80.09344053268433,16
8,f102_nyg_high_AMT_GOODS_PRICE_s_app_AMT_GOODS_PRICE_max_div_min,4.130579948425293,1
8,f102_nyg_high_AMT_GOODS_PRICE_s_app_AMT_GOODS_PRICE_pctchange_mean,76.84348058700562,15
8,f102_nyg_high_AMT_GOODS_PRICE_s_app_AMT_INCOME_TOTAL_diff_mean,0.0,0
8,f102_nyg_high_AMT_GOODS_PRICE_s_app_AMT_GOODS_PRICE_pctchange_std,21.628180027008057,3
8,f102_nyg_high_AMT_GOODS_PRICE_s_app_AMT_INCOME_TOTAL_pctchange_std_div_mean,63.61176061630249,12
8,f102_nyg_high_AMT_GOODS_PRICE_s_app_AMT_INCOME_TOTAL_max_div_min,47.396379709243774,7
8,f102_nyg_high_AMT_GOODS_PRICE_s_app_AMT_INCOME_TOTAL_min,475.51656687259674,92
8,f102_nyg_high_AMT_GOODS_PRICE_s_app_AMT_INCOME_TOTAL_diff_max_div_min,0.0,0
8,f102_nyg_high_AMT_GOODS_PRICE_s_app_AMT_INCOME_TOTAL_diff_min,0.0,0
8,f102_nyg_high_CHANNEL_TYPE_Country_wide_sum,185.38814681768417,37
8,f102_nyg_high_CHANNEL_TYPE_Country_wide_mean,177.35766100883484,33
8,f102_nyg_high_CHANNEL_TYPE_Contact_center_mean,66.36489009857178,14
8,f102_nyg_high_CHANNEL_TYPE_Credit_and_cash_offices_mean,137.9286586046219,28
8,f102_nyg_high_CHANNEL_TYPE_Regional___Local_sum,7.116369724273682,2
8,f102_nyg_high_CNT_PAYMENT_std,148.66609144210815,18
8,f102_nyg_high_CHANNEL_TYPE_Stone_sum,61.3138701915741,13
8,f102_nyg_high_CHANNEL_TYPE_Stone_mean,67.14603996276855,15
8,f102_nyg_high_CHANNEL_TYPE_Regional___Local_mean,14.189599990844727,3
8,f102_nyg_high_DAYS_DECISION_d_app_DAYS_EMPLOYED_std_div_mean,76.57073044776917,13
8,f102_nyg_high_CODE_REJECT_REASON_SCOFR_mean,0.0,0
8,f102_nyg_high_CODE_REJECT_REASON_SCOFR_sum,0.0,0
8,f102_nyg_high_CODE_REJECT_REASON_XNA_sum,0.0,0
8,f102_nyg_high_CODE_REJECT_REASON_CLIENT_sum,0.0,0
8,f102_nyg_high_CODE_REJECT_REASON_VERIF_sum,0.0,0
8,f102_nyg_high_CODE_REJECT_REASON_CLIENT_mean,0.0,0
8,f102_nyg_high_CODE_REJECT_REASON_VERIF_mean,0.0,0
8,f102_nyg_high_DAYS_DECISION_d_app_DAYS_EMPLOYED_std,151.62023973464966,28
8,f102_nyg_high_CODE_REJECT_REASON_XNA_mean,0.0,0
8,f102_nyg_high_DAYS_DECISION_d_app_DAYS_EMPLOYED_mean,2955.0052780508995,404
8,f102_nyg_high_DAYS_DECISION_d_app_DAYS_ID_PUBLISH_std,84.8367702960968,15
8,f102_nyg_high_DAYS_DECISION_d_app_DAYS_BIRTH_std_div_mean,136.43401074409485,16
8,f102_nyg_high_DAYS_DECISION_d_app_DAYS_LAST_PHONE_CHANGE_min,2918.8490668535233,501
8,f102_nyg_high_DAYS_DECISION_d_app_DAYS_EMPLOYED_min,2760.8386956453323,459
8,f102_nyg_high_DAYS_DECISION_d_app_DAYS_ID_PUBLISH_mean,1932.8126012682915,356
8,f102_nyg_high_DAYS_DECISION_d_app_DAYS_ID_PUBLISH_std_div_mean,13.862259864807129,2
8,f102_nyg_high_DAYS_DECISION_d_app_DAYS_EMPLOYED_max,4021.618747115135,415
8,f102_nyg_high_DAYS_DECISION_d_app_DAYS_REGISTRATION_std_div_mean,6.4551100730896,1
8,f102_nyg_high_DAYS_DECISION_d_app_DAYS_ID_PUBLISH_min,2000.6681746840477,378
8,f102_nyg_high_DAYS_DECISION_s_app_DAYS_BIRTH_std,50.93111062049866,9
8,f102_nyg_high_DAYS_DECISION_d_app_DAYS_LAST_PHONE_CHANGE_std_div_mean,166.29186010360718,26
8,f102_nyg_high_DAYS_DECISION_s_app_DAYS_ID_PUBLISH_std_div_mean,140.98580956459045,23
8,f102_nyg_high_DAYS_DECISION_d_app_DAYS_LAST_PHONE_CHANGE_mean,2613.771698951721,399
8,f102_nyg_high_DAYS_DECISION_d_app_DAYS_ID_PUBLISH_max,2170.1843864917755,398
8,f102_nyg_high_DAYS_DECISION_s_app_DAYS_ID_PUBLISH_std,39.98897051811218,6
8,f102_nyg_high_DAYS_DECISION_s_app_DAYS_LAST_PHONE_CHANGE_max_div_min,337.11966824531555,55
8,f102_nyg_high_DAYS_DECISION_s_app_DAYS_EMPLOYED_std,21.3444402217865,4
8,f102_nyg_high_DAYS_DECISION_d_app_DAYS_LAST_PHONE_CHANGE_max,3074.670164823532,405
8,f102_nyg_high_DAYS_DECISION_s_app_DAYS_LAST_PHONE_CHANGE_std,4.964940071105957,1
8,f102_nyg_high_DAYS_DECISION_s_app_DAYS_REGISTRATION_std,3.0029499530792236,1
8,f102_nyg_high_DAYS_DECISION_s_app_DAYS_EMPLOYED_max_div_min,93.08900964260101,18
8,f102_nyg_high_DAYS_DECISION_s_app_DAYS_LAST_PHONE_CHANGE_std_div_mean,382.6710093021393,53
8,f102_nyg_high_DAYS_FIRST_DUE_d_app_DAYS_ID_PUBLISH_mean,2026.2536420822144,375
8,f102_nyg_high_DAYS_FIRST_DUE_d_app_DAYS_EMPLOYED_max_div_min,0.0,0
8,f102_nyg_high_DAYS_DECISION_s_app_DAYS_REGISTRATION_max_div_min,63.11746025085449,12
8,f102_nyg_high_DAYS_DECISION_s_app_DAYS_REGISTRATION_std_div_mean,120.41818165779114,22
8,f102_nyg_high_DAYS_FIRST_DUE_d_app_DAYS_EMPLOYED_mean,2301.9160383939743,396
8,f102_nyg_high_DAYS_FIRST_DUE_d_app_DAYS_EMPLOYED_min,2143.0142797231674,375
8,f102_nyg_high_DAYS_FIRST_DUE_d_app_DAYS_BIRTH_max_div_min,0.0,0
8,f102_nyg_high_DAYS_FIRST_DUE_d_app_DAYS_ID_PUBLISH_max_div_min,22.726759910583496,2
8,f102_nyg_high_DAYS_FIRST_DUE_d_app_DAYS_ID_PUBLISH_max,1905.628637433052,373
8,f102_nyg_high_DAYS_FIRST_DUE_d_app_DAYS_ID_PUBLISH_min,1980.2678663730621,370
8,f102_nyg_high_DAYS_FIRST_DUE_d_app_DAYS_EMPLOYED_max,1823.7835121154785,329
8,f102_nyg_high_DAYS_FIRST_DUE_d_app_DAYS_LAST_PHONE_CHANGE_max_div_min,12.768880128860474,3
8,f102_nyg_high_DAYS_FIRST_DUE_d_app_DAYS_REGISTRATION_max_div_min,0.0,0
8,f102_nyg_high_DAYS_FIRST_DUE_s_DAYS_DECISIONS_max,1150.291749715805,216
8,f102_nyg_high_DAYS_FIRST_DUE_s_DAYS_DECISIONS_mean,674.7802515029907,138
8,f102_nyg_high_DAYS_FIRST_DUE_s_DAYS_DECISIONS_min,819.4425323009491,148
8,f102_nyg_high_DAYS_FIRST_DUE_d_app_DAYS_LAST_PHONE_CHANGE_min,2238.0227887630463,407
8,f102_nyg_high_DAYS_LAST_DUE_1ST_VERSION_d_app_DAYS_BIRTH_std_div_mean,12.721450090408325,3
8,f102_nyg_high_DAYS_LAST_DUE_1ST_VERSION_d_app_DAYS_BIRTH_max_div_min,26.33523803949356,5
8,f102_nyg_high_DAYS_FIRST_DUE_d_app_DAYS_LAST_PHONE_CHANGE_mean,1971.519893169403,371
8,f102_nyg_high_DAYS_FIRST_DUE_d_app_DAYS_LAST_PHONE_CHANGE_max,1730.5880898088217,341
8,f102_nyg_high_DAYS_FIRST_DUE_s_DAYS_DECISIONS_max_div_min,6.0477800369262695,1
8,f102_nyg_high_DAYS_FIRST_DUE_s_app_DAYS_ID_PUBLISH_max_div_min,0.0,0
8,f102_nyg_high_DAYS_LAST_DUE_1ST_VERSION_d_app_DAYS_ID_PUBLISH_std_div_mean,10.169359683990479,2
8,f102_nyg_high_DAYS_LAST_DUE_1ST_VERSION_d_app_DAYS_ID_PUBLISH_max,5407.60013538599,861
8,f102_nyg_high_DAYS_LAST_DUE_1ST_VERSION_d_app_DAYS_EMPLOYED_max_div_min,4.199230194091797,1
8,f102_nyg_high_DAYS_LAST_DUE_1ST_VERSION_d_app_DAYS_ID_PUBLISH_max_div_min,24.732489585876465,3
8,f102_nyg_high_DAYS_LAST_DUE_1ST_VERSION_d_app_DAYS_LAST_PHONE_CHANGE_max,6144.658892244101,846
9,f102_nyg_high_DAYS_LAST_DUE_1ST_VERSION_d_app_DAYS_LAST_PHONE_CHANGE_max_div_min,106.02868974208832,24
9,f102_nyg_high_DAYS_LAST_DUE_1ST_VERSION_d_app_DAYS_REGISTRATION_std_div_mean,38.217480182647705,10
9,f102_nyg_high_DAYS_LAST_DUE_d_app_DAYS_BIRTH_max_div_min,6.412410020828247,2
9,f102_nyg_high_DAYS_LAST_DUE_1ST_VERSION_s_DAYS_DECISIONS_std_div_mean,195.84791111946106,42
9,f102_nyg_high_DAYS_LAST_DUE_1ST_VERSION_s_app_DAYS_REGISTRATION_std_div_mean,45.90611004829407,11
9,f102_nyg_high_DAYS_LAST_DUE_1ST_VERSION_d_app_DAYS_LAST_PHONE_CHANGE_mean,6476.979660898447,1165
9,f102_nyg_high_DAYS_LAST_DUE_1ST_VERSION_s_DAYS_FIRST_DUE_std_div_mean,0.0,0
9,f102_nyg_high_DAYS_LAST_DUE_1ST_VERSION_d_app_DAYS_LAST_PHONE_CHANGE_min,5916.083762526512,996
9,f102_nyg_high_DAYS_LAST_DUE_1ST_VERSION_d_app_DAYS_REGISTRATION_max_div_min,45.42107903957367,10
9,f102_nyg_high_DAYS_LAST_DUE_1ST_VERSION_d_app_DAYS_ID_PUBLISH_mean,5224.95915722847,1050
9,f102_nyg_high_DAYS_LAST_DUE_1ST_VERSION_d_app_DAYS_ID_PUBLISH_min,5453.200933665037,1066
9,f102_nyg_high_DAYS_LAST_DUE_1ST_VERSION_s_app_DAYS_EMPLOYED_max_div_min,69.0828902721405,13
9,f102_nyg_high_DAYS_LAST_DUE_d_app_DAYS_EMPLOYED_max_div_min,0.0,0
9,f102_nyg_high_DAYS_LAST_DUE_d_app_DAYS_REGISTRATION_max_div_min,6.977729797363281,1
9,f102_nyg_high_DAYS_LAST_DUE_d_app_DAYS_EMPLOYED_mean,1957.4714497327805,385
9,f102_nyg_high_DAYS_LAST_DUE_d_app_DAYS_EMPLOYED_max,1328.2545272111893,277
9,f102_nyg_high_DAYS_LAST_DUE_d_app_DAYS_LAST_PHONE_CHANGE_max_div_min,18.690110087394714,5
9,f102_nyg_high_DAYS_LAST_DUE_d_app_DAYS_EMPLOYED_min,1491.1700393855572,280
9,f102_nyg_high_DAYS_LAST_DUE_d_app_DAYS_LAST_PHONE_CHANGE_min,1461.888470172882,313
9,f102_nyg_high_DAYS_LAST_DUE_d_app_DAYS_LAST_PHONE_CHANGE_max,1564.600043952465,321
9,f102_nyg_high_DAYS_LAST_DUE_1ST_VERSION_s_app_DAYS_REGISTRATION_max_div_min,48.8269100189209,10
9,f102_nyg_high_DAYS_LAST_DUE_d_app_DAYS_ID_PUBLISH_max_div_min,0.0,0
9,f102_nyg_high_DAYS_LAST_DUE_s_DAYS_FIRST_DUE_max_div_min,242.23420131206512,44
9,f102_nyg_high_DAYS_LAST_DUE_d_app_DAYS_LAST_PHONE_CHANGE_mean,1024.400209903717,211
9,f102_nyg_high_DAYS_LAST_DUE_s_app_DAYS_EMPLOYED_max_div_min,0.0,0
9,f102_nyg_high_DAYS_LAST_DUE_s_app_DAYS_REGISTRATION_std_div_mean,0.0,0
9,f102_nyg_high_DAYS_LAST_DUE_s_DAYS_LAST_DUE_1ST_VERSION_max_div_min,284.64982080459595,59
9,f102_nyg_high_DAYS_LAST_DUE_s_app_DAYS_REGISTRATION_max_div_min,0.0,0
9,f102_nyg_high_DAYS_TERMINATION_d_app_DAYS_EMPLOYED_max_div_min,2.244339942932129,1
9,f102_nyg_high_DAYS_TERMINATION_d_app_DAYS_BIRTH_max_div_min,0.0,0
9,f102_nyg_high_DAYS_TERMINATION_d_app_DAYS_EMPLOYED_min,2105.86344461143,418
9,f102_nyg_high_DAYS_TERMINATION_d_app_DAYS_LAST_PHONE_CHANGE_mean,1573.4645560383797,344
9,f102_nyg_high_DAYS_LAST_DUE_s_app_DAYS_ID_PUBLISH_max_div_min,6.767650127410889,1
9,f102_nyg_high_DAYS_TERMINATION_d_app_DAYS_ID_PUBLISH_max_div_min,0.0,0
9,f102_nyg_high_DAYS_TERMINATION_d_app_DAYS_EMPLOYED_max,1483.1432032585144,307
9,f102_nyg_high_DAYS_TERMINATION_d_app_DAYS_LAST_PHONE_CHANGE_max_div_min,0.0,0
9,f102_nyg_high_DAYS_TERMINATION_d_app_DAYS_LAST_PHONE_CHANGE_max,1416.8911885023117,304
9,f102_nyg_high_DAYS_TERMINATION_d_app_DAYS_REGISTRATION_max_div_min,0.0,0
9,f102_nyg_high_DAYS_TERMINATION_d_app_DAYS_LAST_PHONE_CHANGE_min,1412.494547009468,312
9,f102_nyg_high_DAYS_TERMINATION_s_DAYS_LAST_DUE_max_div_min,0.0,0
9,f102_nyg_high_DAYS_TERMINATION_s_DAYS_LAST_DUE_1ST_VERSION_max_div_min,0.0,0
9,f102_nyg_high_DAYS_TERMINATION_s_DAYS_LAST_DUE_1ST_VERSION_std_div_mean,0.0,0
9,f102_nyg_high_DAYS_TERMINATION_s_app_DAYS_ID_PUBLISH_max_div_min,0.0,0
9,f102_nyg_high_DAYS_TERMINATION_d_app_DAYS_EMPLOYED_mean,931.7085561454296,201
9,f102_nyg_high_DAYS_TERMINATION_s_app_DAYS_REGISTRATION_std_div_mean,0.0,0
9,f102_nyg_high_DAYS_TERMINATION_s_app_DAYS_EMPLOYED_max_div_min,0.0,0
9,f102_nyg_high_DAYS_TERMINATION_s_app_DAYS_REGISTRATION_max_div_min,0.0,0
9,f102_nyg_high_HOUR_APPR_PROCESS_START_max,5309.687320038676,796
9,f102_nyg_high_NAME_CASH_LOAN_PURPOSE_Business_development_sum,0.0,0
9,f102_nyg_high_NAME_CASH_LOAN_PURPOSE_Buying_a_home_mean,0.0,0
9,f102_nyg_high_NAME_CASH_LOAN_PURPOSE_Buying_a_garage_sum,0.0,0
9,f102_nyg_high_NAME_CASH_LOAN_PURPOSE_Building_a_house_or_an_annex_mean,0.0,0
9,f102_nyg_high_NAME_CASH_LOAN_PURPOSE_Buying_a_holiday_home___land_sum,0.0,0
9,f102_nyg_high_NAME_CASH_LOAN_PURPOSE_Buying_a_used_car_sum,0.0,0
9,f102_nyg_high_NAME_CASH_LOAN_PURPOSE_Business_development_mean,0.0,0
9,f102_nyg_high_NAME_CASH_LOAN_PURPOSE_Buying_a_home_sum,0.0,0
9,f102_nyg_high_NAME_CASH_LOAN_PURPOSE_Buying_a_garage_mean,0.0,0
9,f102_nyg_high_NAME_CASH_LOAN_PURPOSE_Building_a_house_or_an_annex_sum,0.0,0
9,f102_nyg_high_NAME_CASH_LOAN_PURPOSE_Car_repairs_sum,0.0,0
9,f102_nyg_high_NAME_CASH_LOAN_PURPOSE_Car_repairs_mean,0.0,0
9,f102_nyg_high_NAME_CASH_LOAN_PURPOSE_Buying_a_new_car_mean,0.0,0
9,f102_nyg_high_NAME_CASH_LOAN_PURPOSE_Buying_a_new_car_sum,0.0,0
9,f102_nyg_high_NAME_CASH_LOAN_PURPOSE_Education_mean,0.0,0
9,f102_nyg_high_NAME_CASH_LOAN_PURPOSE_Everyday_expenses_sum,0.0,0
9,f102_nyg_high_NAME_CASH_LOAN_PURPOSE_Buying_a_used_car_mean,0.0,0
9,f102_nyg_high_NAME_CASH_LOAN_PURPOSE_Education_sum,0.0,0
9,f102_nyg_high_NAME_CASH_LOAN_PURPOSE_Medicine_sum,0.0,0
9,f102_nyg_high_NAME_CASH_LOAN_PURPOSE_Journey_mean,0.0,0
9,f102_nyg_high_NAME_CASH_LOAN_PURPOSE_Everyday_expenses_mean,0.0,0
9,f102_nyg_high_NAME_CASH_LOAN_PURPOSE_Purchase_of_electronic_equipment_sum,0.0,0
9,f102_nyg_high_NAME_CASH_LOAN_PURPOSE_Furniture_sum,0.0,0
9,f102_nyg_high_NAME_CASH_LOAN_PURPOSE_Gasification___water_supply_sum,5.332059860229492,1
9,f102_nyg_high_NAME_CASH_LOAN_PURPOSE_Hobby_sum,0.0,0
9,f102_nyg_high_NAME_CASH_LOAN_PURPOSE_Gasification___water_supply_mean,0.0,0
9,f102_nyg_high_NAME_CASH_LOAN_PURPOSE_Journey_sum,0.0,0
9,f102_nyg_high_NAME_CASH_LOAN_PURPOSE_Furniture_mean,0.0,0
9,f102_nyg_high_NAME_CASH_LOAN_PURPOSE_Payments_on_other_loans_mean,0.0,0
9,f102_nyg_high_NAME_CASH_LOAN_PURPOSE_Payments_on_other_loans_sum,0.0,0
9,f102_nyg_high_NAME_CASH_LOAN_PURPOSE_Purchase_of_electronic_equipment_mean,0.0,0
9,f102_nyg_high_NAME_CASH_LOAN_PURPOSE_Other_sum,32.55361986160278,9
9,f102_nyg_high_NAME_CASH_LOAN_PURPOSE_Other_mean,95.74228048324585,25
9,f102_nyg_high_NAME_CLIENT_TYPE_XNA_mean,0.0,0
9,f102_nyg_high_NAME_CASH_LOAN_PURPOSE_Wedding___gift___holiday_sum,0.0,0
9,f102_nyg_high_NAME_CLIENT_TYPE_Repeater_mean,602.0790814161301,122
9,f102_nyg_high_NAME_CASH_LOAN_PURPOSE_Wedding___gift___holiday_mean,0.0,0
9,f102_nyg_high_NAME_CONTRACT_STATUS_Unused_offer_mean,0.0,0
9,f102_nyg_high_NAME_CLIENT_TYPE_XNA_sum,0.0,0
9,f102_nyg_high_NAME_GOODS_CATEGORY_Auto_Accessories_mean,0.0,0
9,f102_nyg_high_NAME_CLIENT_TYPE_Refreshed_sum,513.4442899227142,55
9,f102_nyg_high_NAME_CONTRACT_STATUS_Unused_offer_sum,0.0,0
9,f102_nyg_high_NAME_GOODS_CATEGORY_Construction_Materials_mean,0.0,0
9,f102_nyg_high_NAME_GOODS_CATEGORY_Computers_sum,151.0083589553833,28
9,f102_nyg_high_NAME_GOODS_CATEGORY_Construction_Materials_sum,0.0,0
9,f102_nyg_high_NAME_GOODS_CATEGORY_Audio_Video_sum,0.0,0
9,f102_nyg_high_NAME_GOODS_CATEGORY_Auto_Accessories_sum,0.0,0
9,f102_nyg_high_NAME_GOODS_CATEGORY_Consumer_Electronics_mean,7.660580158233643,1
9,f102_nyg_high_NAME_GOODS_CATEGORY_Audio_Video_mean,0.0,0
9,f102_nyg_high_NAME_GOODS_CATEGORY_Furniture_mean,72.16230010986328,1
9,f102_nyg_high_NAME_GOODS_CATEGORY_Computers_mean,445.1295416355133,80
9,f102_nyg_high_NAME_GOODS_CATEGORY_Consumer_Electronics_sum,0.0,0
9,f102_nyg_high_NAME_GOODS_CATEGORY_Gardening_mean,0.0,0
9,f102_nyg_high_NAME_GOODS_CATEGORY_Education_mean,0.0,0
9,f102_nyg_high_NAME_GOODS_CATEGORY_Gardening_sum,0.0,0
9,f102_nyg_high_NAME_GOODS_CATEGORY_Education_sum,0.0,0
9,f102_nyg_high_NAME_GOODS_CATEGORY_Homewares_mean,0.0,0
9,f102_nyg_high_NAME_GOODS_CATEGORY_Furniture_sum,0.0,0
9,f102_nyg_high_NAME_GOODS_CATEGORY_Photo___Cinema_Equipment_sum,0.0,0
9,f102_nyg_high_NAME_GOODS_CATEGORY_Sport_and_Leisure_mean,0.0,0
9,f102_nyg_high_NAME_GOODS_CATEGORY_Vehicles_sum,0.0,0
9,f102_nyg_high_NAME_GOODS_CATEGORY_Office_Appliances_mean,0.0,0
9,f102_nyg_high_NAME_GOODS_CATEGORY_Jewelry_sum,0.0,0
9,f102_nyg_high_NAME_GOODS_CATEGORY_Photo___Cinema_Equipment_mean,0.0,0
9,f102_nyg_high_NAME_GOODS_CATEGORY_Homewares_sum,0.0,0
9,f102_nyg_high_NAME_GOODS_CATEGORY_Tourism_sum,0.0,0
9,f102_nyg_high_NAME_GOODS_CATEGORY_Jewelry_mean,152.2310028076172,1
9,f102_nyg_high_NAME_GOODS_CATEGORY_Sport_and_Leisure_sum,0.0,0
9,f102_nyg_high_NAME_GOODS_CATEGORY_Vehicles_mean,0.0,0
9,f102_nyg_high_NAME_PAYMENT_TYPE_Cashless_from_the_account_of_the_employer_sum,0.0,0
9,f102_nyg_high_NAME_GOODS_CATEGORY_Weapon_mean,0.0,0
9,f102_nyg_high_NAME_GOODS_CATEGORY_Office_Appliances_sum,0.0,0
9,f102_nyg_high_NAME_GOODS_CATEGORY_Weapon_sum,0.0,0
9,f102_nyg_high_NAME_PAYMENT_TYPE_Non_cash_from_your_account_sum,0.0,0
9,f102_nyg_high_NAME_PAYMENT_TYPE_Non_cash_from_your_account_mean,0.0,0
9,f102_nyg_high_NAME_GOODS_CATEGORY_Tourism_mean,0.0,0
9,f102_nyg_high_NAME_SELLER_INDUSTRY_Connectivity_sum,214.77720403671265,45
9,f102_nyg_high_NAME_PAYMENT_TYPE_Cashless_from_the_account_of_the_employer_mean,0.0,0
9,f102_nyg_high_NAME_SELLER_INDUSTRY_Auto_technology_mean,0.0,0
9,f102_nyg_high_NAME_SELLER_INDUSTRY_Connectivity_mean,327.6151237487793,68
9,f102_nyg_high_NAME_SELLER_INDUSTRY_Auto_technology_sum,0.0,0
9,f102_nyg_high_NAME_SELLER_INDUSTRY_Jewelry_sum,0.0,0
9,f102_nyg_high_NAME_SELLER_INDUSTRY_Jewelry_mean,0.0,0
9,f102_nyg_high_NAME_SELLER_INDUSTRY_Industry_sum,0.0,0
9,f102_nyg_high_NAME_SELLER_INDUSTRY_Tourism_mean,0.0,0
9,f102_nyg_high_NAME_SELLER_INDUSTRY_Consumer_electronics_sum,309.89359921216965,23
9,f102_nyg_high_NAME_SELLER_INDUSTRY_Construction_sum,0.0,0
9,f102_nyg_high_NAME_TYPE_SUITE_Children_mean,0.0,0
9,f102_nyg_high_NAME_SELLER_INDUSTRY_Construction_mean,0.0,0
9,f102_nyg_high_NAME_SELLER_INDUSTRY_Tourism_sum,0.0,0
9,f102_nyg_high_NAME_TYPE_SUITE_Family_sum,84.61288046836853,18
9,f102_nyg_high_NAME_SELLER_INDUSTRY_Furniture_sum,0.0,0
9,f102_nyg_high_NAME_TYPE_SUITE_Group_of_people_sum,0.0,0
9,f102_nyg_high_NAME_TYPE_SUITE_Family_mean,486.54388666152954,62
9,f102_nyg_high_NAME_TYPE_SUITE_Other_B_mean,0.0,0
9,f102_nyg_high_NAME_SELLER_INDUSTRY_Furniture_mean,0.0,0
9,f102_nyg_high_NAME_SELLER_INDUSTRY_Industry_mean,0.0,0
9,f102_nyg_high_NAME_TYPE_SUITE_Unaccompanied_mean,743.6914033293724,167
9,f102_nyg_high_NAME_TYPE_SUITE_Children_sum,0.0,0
9,f102_nyg_high_PRODUCT_COMBINATION_POS_mobile_with_interest_sum,185.30005884170532,42
9,f102_nyg_high_NAME_TYPE_SUITE_Group_of_people_mean,0.0,0
9,f102_nyg_high_NAME_TYPE_SUITE_Spouse__partner_mean,91.21381950378418,20
9,f102_nyg_high_NAME_TYPE_SUITE_Spouse__partner_sum,19.063740015029907,3
9,f102_nyg_high_PRODUCT_COMBINATION_POS_household_without_interest_mean,0.0,0
9,f102_nyg_high_NAME_TYPE_SUITE_Other_B_sum,0.0,0
9,f102_nyg_high_PRODUCT_COMBINATION_POS_mobile_with_interest_mean,361.82298934459686,78
9,f102_nyg_high_RATE_DOWN_PAYMENT_max_div_min,1124.0582011938095,201
9,f102_nyg_high_PRODUCT_COMBINATION_POS_other_with_interest_sum,0.0,0
9,f102_nyg_high_PRODUCT_COMBINATION_POS_other_with_interest_mean,0.0,0
9,f102_nyg_high_SELLERPLACE_AREA_mean,3540.8342180363834,643
9,f102_nyg_high_PRODUCT_COMBINATION_POS_industry_without_interest_mean,0.0,0
9,f102_nyg_high_PRODUCT_COMBINATION_POS_household_without_interest_sum,0.0,0
9,f102_nyg_high_SELLERPLACE_AREA_std,431.68366038799286,85
9,f102_nyg_high_PRODUCT_COMBINATION_POS_others_without_interest_mean,0.0,0
9,f102_nyg_high_PRODUCT_COMBINATION_POS_others_without_interest_sum,0.0,0
9,f102_nyg_high_PRODUCT_COMBINATION_POS_industry_without_interest_sum,0.0,0
9,f102_nyg_high_SELLERPLACE_AREA_std_div_mean,577.7003811597824,103
9,f102_nyg_high_SELLERPLACE_AREA_max,3634.050951451063,671
9,f102_nyg_high_SELLERPLACE_AREA_max_div_min,245.5446367263794,10
9,f102_nyg_high_WEEKDAY_APPR_PROCESS_START_MONDAY_mean,344.568589925766,73
9,f102_nyg_high_WEEKDAY_APPR_PROCESS_START_THURSDAY_mean,378.99780082702637,85
9,f102_nyg_high_WEEKDAY_APPR_PROCESS_START_MONDAY_sum,69.47973012924194,16
9,f102_nyg_high_active_max,89.8313717842102,14
9,f102_nyg_high_WEEKDAY_APPR_PROCESS_START_SUNDAY_mean,440.7445299625397,87
9,f102_nyg_high_WEEKDAY_APPR_PROCESS_START_SATURDAY_mean,596.1636159420013,79
9,f102_nyg_high_WEEKDAY_APPR_PROCESS_START_WEDNESDAY_mean,400.12227964401245,80
9,f102_nyg_high_WEEKDAY_APPR_PROCESS_START_THURSDAY_sum,67.50597953796387,14
9,f102_nyg_high_SELLERPLACE_AREA_min,4522.8751856684685,694
9,f102_nyg_high_amt_paid_std,38.35134029388428,9
9,f102_nyg_high_active_std,270.3165593147278,49
9,f102_nyg_high_amt_paid_max_div_min,121.02953958511353,26
9,f102_nyg_high_active_sum,23.456398963928223,2
9,f102_nyg_high_WEEKDAY_APPR_PROCESS_START_SATURDAY_sum,114.3321602344513,20
9,f102_nyg_high_active_min,155.9074603319168,31
9,f102_nyg_high_WEEKDAY_APPR_PROCESS_START_SUNDAY_sum,112.89090895652771,21
9,f102_nyg_high_WEEKDAY_APPR_PROCESS_START_TUESDAY_mean,482.9407193660736,103
9,f102_nyg_high_amt_unpaid_max_div_min,78.21075057983398,19
9,f102_nyg_high_active_mean,457.405478477478,72
9,f102_nyg_high_cnt_paid_max,1453.5743666887283,337
9,f102_nyg_high_cnt_paid_max_div_min,28.3867449760437,10
9,f102_nyg_high_cnt_paid_min,1492.2717925310135,329
9,f102_nyg_high_cnt_unpaid_std_div_mean,5.233980178833008,1
9,f102_nyg_high_cnt_unpaid_max_div_min,31.775970697402954,5
9,f102_nyg_high_interest_rate_pctchange_std,1455.598377108574,304
9,f102_nyg_high_interest_rate_diff_max_div_min,1680.5178480148315,275
9,f102_nyg_high_cnt_paid_mean,1031.8364593982697,235
9,f102_nyg_high_total_debt_diff_max_div_min,637.7956453561783,145
9,f102_nyg_high_interest_rate_diff_std_div_mean,1293.6978273391724,251
9,f102_nyg_high_interest_rate_pctchange_max_div_min,1000.8956756591797,159
9,f102_nyg_high_interest_rate_max_div_min,990.7995090484619,211
9,f102_nyg_high_total_debt_pctchange_min,5569.609084308147,1233
9,f102_nyg_high_total_debt_diff_min,5727.980561494827,1268
9,f102_nyg_low_action_AMT_ANNUITY_d_app_AMT_ANNUITY_diff_std_div_mean,12.130459785461426,3
9,f102_nyg_low_action_AMT_ANNUITY_d_app_AMT_ANNUITY_diff_max,571.8176683187485,116
9,f102_nyg_low_action_AMT_ANNUITY_d_app_AMT_ANNUITY_diff_min,658.1546549797058,127
9,f102_nyg_low_action_AMT_ANNUITY_d_app_AMT_ANNUITY_diff_mean,775.3315750360489,143
9,f102_nyg_low_action_AMT_ANNUITY_d_app_AMT_ANNUITY_pctchange_std,72.53858971595764,14
9,f102_nyg_low_action_AMT_ANNUITY_d_app_AMT_ANNUITY_diff_max_div_min,71.33730006217957,15
9,f102_nyg_low_action_AMT_ANNUITY_d_app_AMT_ANNUITY_max,1531.5679261684418,275
9,f102_nyg_low_action_AMT_ANNUITY_d_app_AMT_ANNUITY_pctchange_std_div_mean,11.663010120391846,3
9,f102_nyg_low_action_AMT_ANNUITY_d_app_AMT_ANNUITY_pctchange_max,792.9214099645615,158
9,f102_nyg_low_action_AMT_ANNUITY_d_app_AMT_ANNUITY_pctchange_max_div_min,29.98211979866028,5
9,f102_nyg_low_action_AMT_ANNUITY_d_app_AMT_ANNUITY_min,1660.7879514694214,322
9,f102_nyg_low_action_AMT_ANNUITY_d_app_AMT_CREDIT_diff_std,6.220739841461182,1
9,f102_nyg_low_action_AMT_ANNUITY_d_app_AMT_ANNUITY_pctchange_mean,550.6014119386673,110
9,f102_nyg_low_action_AMT_ANNUITY_d_app_AMT_CREDIT_diff_std_div_mean,2.784940004348755,1
9,f102_nyg_low_action_AMT_ANNUITY_d_app_AMT_ANNUITY_mean,1210.97900724411,220
9,f102_nyg_low_action_AMT_ANNUITY_d_app_AMT_ANNUITY_pctchange_min,720.0580488443375,135
9,f102_nyg_low_action_AMT_ANNUITY_d_app_AMT_CREDIT_diff_max_div_min,1.169469952583313,1
9,f102_nyg_low_action_AMT_ANNUITY_d_app_AMT_ANNUITY_max_div_min,249.95282006263733,53
9,f102_nyg_low_action_AMT_ANNUITY_d_app_AMT_CREDIT_diff_min,366.24248147010803,70
9,f102_nyg_low_action_AMT_ANNUITY_d_app_AMT_CREDIT_max_div_min,76.3988299369812,15
9,f102_nyg_low_action_AMT_ANNUITY_d_app_AMT_CREDIT_diff_max,440.1905403137207,82
9,f102_nyg_low_action_AMT_ANNUITY_d_app_AMT_CREDIT_max,1078.1642587780952,218
9,f102_nyg_low_action_AMT_ANNUITY_d_app_AMT_CREDIT_diff_mean,354.3238583803177,66
9,f102_nyg_low_action_AMT_ANNUITY_d_app_AMT_CREDIT_pctchange_std,13.163220167160034,3
9,f102_nyg_low_action_AMT_ANNUITY_d_app_AMT_CREDIT_pctchange_std_div_mean,18.966999769210815,4
9,f102_nyg_low_action_AMT_ANNUITY_d_app_AMT_CREDIT_pctchange_max_div_min,15.775469779968262,3
9,f102_nyg_low_action_AMT_ANNUITY_d_app_AMT_GOODS_PRICE_diff_max,488.3842496871948,91
9,f102_nyg_low_action_AMT_ANNUITY_d_app_AMT_CREDIT_mean,1128.9505261778831,214
9,f102_nyg_low_action_AMT_ANNUITY_d_app_AMT_GOODS_PRICE_diff_max_div_min,4.148859977722168,1
9,f102_nyg_low_action_AMT_ANNUITY_d_app_AMT_GOODS_PRICE_diff_std,26.419039726257324,5
9,f102_nyg_low_action_AMT_ANNUITY_d_app_AMT_CREDIT_pctchange_max,210.10293912887573,40
9,f102_nyg_low_action_AMT_ANNUITY_d_app_AMT_CREDIT_pctchange_min,231.73094868659973,40
9,f102_nyg_low_action_AMT_ANNUITY_d_app_AMT_CREDIT_min,1377.5968500375748,274
9,f102_nyg_low_action_AMT_ANNUITY_d_app_AMT_CREDIT_pctchange_mean,140.8215696811676,29
9,f102_nyg_low_action_AMT_ANNUITY_d_app_AMT_GOODS_PRICE_pctchange_max,140.4967098236084,26
9,f102_nyg_low_action_AMT_ANNUITY_d_app_AMT_GOODS_PRICE_diff_std_div_mean,17.54489040374756,3
9,f102_nyg_low_action_AMT_ANNUITY_d_app_AMT_GOODS_PRICE_diff_mean,304.9295972287655,60
9,f102_nyg_low_action_AMT_ANNUITY_d_app_AMT_GOODS_PRICE_pctchange_std,21.363499641418457,5
9,f102_nyg_low_action_AMT_ANNUITY_d_app_AMT_GOODS_PRICE_pctchange_max_div_min,7.217819929122925,2
9,f102_nyg_low_action_AMT_ANNUITY_d_app_AMT_INCOME_TOTAL_diff_max_div_min,0.0,0
9,f102_nyg_low_action_AMT_ANNUITY_d_app_AMT_GOODS_PRICE_mean,1285.916827082634,257
9,f102_nyg_low_action_AMT_ANNUITY_d_app_AMT_GOODS_PRICE_max_div_min,44.231629848480225,7
9,f102_nyg_low_action_AMT_ANNUITY_d_app_AMT_GOODS_PRICE_pctchange_std_div_mean,3.6485800743103027,1
9,f102_nyg_low_action_AMT_ANNUITY_d_app_AMT_GOODS_PRICE_diff_min,428.8001596927643,75
9,f102_nyg_low_action_AMT_ANNUITY_d_app_AMT_GOODS_PRICE_min,1284.2602512091398,265
9,f102_nyg_low_action_AMT_ANNUITY_d_app_AMT_GOODS_PRICE_max,1318.2904785871506,249
9,f102_nyg_low_action_AMT_ANNUITY_d_app_AMT_INCOME_TOTAL_diff_std_div_mean,0.0,0
9,f102_nyg_low_action_AMT_ANNUITY_d_app_AMT_GOODS_PRICE_pctchange_min,119.14147961139679,24
9,f102_nyg_low_action_AMT_ANNUITY_d_app_AMT_INCOME_TOTAL_diff_max,369.02503979206085,72
9,f102_nyg_low_action_AMT_ANNUITY_d_app_AMT_INCOME_TOTAL_diff_mean,466.7461805343628,83
9,f102_nyg_low_action_AMT_ANNUITY_d_app_AMT_INCOME_TOTAL_max,2137.6557279527187,425
9,f102_nyg_low_action_AMT_ANNUITY_d_app_AMT_INCOME_TOTAL_max_div_min,4.674600124359131,1
9,f102_nyg_low_action_AMT_ANNUITY_d_app_AMT_INCOME_TOTAL_pctchange_max_div_min,0.0,0
9,f102_nyg_low_action_AMT_ANNUITY_d_app_AMT_INCOME_TOTAL_pctchange_max,32.19680953025818,7
9,f102_nyg_low_action_AMT_ANNUITY_d_app_AMT_GOODS_PRICE_pctchange_mean,134.12183952331543,24
9,f102_nyg_low_action_AMT_ANNUITY_d_app_AMT_INCOME_TOTAL_mean,1678.168897897005,333
9,f102_nyg_low_action_AMT_ANNUITY_d_app_AMT_INCOME_TOTAL_pctchange_mean,26.26930046081543,5
9,f102_nyg_low_action_AMT_ANNUITY_d_app_AMT_INCOME_TOTAL_pctchange_std,0.0,0
9,f102_nyg_low_action_AMT_ANNUITY_d_app_AMT_INCOME_TOTAL_diff_min,426.56223344802856,89
9,f102_nyg_low_action_AMT_ANNUITY_d_app_AMT_INCOME_TOTAL_pctchange_std_div_mean,0.0,0
9,f102_nyg_low_action_AMT_ANNUITY_d_app_AMT_INCOME_TOTAL_pctchange_min,39.3642201423645,8
9,f102_nyg_low_action_AMT_ANNUITY_m_app_AMT_GOODS_PRICE_d_app_AMT_INCOME_TOTAL_diff_max,145.09031134843826,28
9,f102_nyg_low_action_AMT_ANNUITY_m_app_AMT_GOODS_PRICE_d_app_AMT_INCOME_TOTAL_diff_mean,140.97187042236328,32
9,f102_nyg_low_action_AMT_ANNUITY_m_app_AMT_GOODS_PRICE_d_app_AMT_INCOME_TOTAL_diff_max_div_min,6.4700798988342285,1
9,f102_nyg_low_action_AMT_ANNUITY_m_app_AMT_GOODS_PRICE_d_app_AMT_INCOME_TOTAL_diff_std_div_mean,0.0,0
9,f102_nyg_low_action_AMT_ANNUITY_m_app_AMT_GOODS_PRICE_d_app_AMT_INCOME_TOTAL_pctchange_std,24.25274968147278,5
9,f102_nyg_low_action_AMT_ANNUITY_m_app_AMT_GOODS_PRICE_d_app_AMT_INCOME_TOTAL_pctchange_mean,298.1830711364746,56
9,f102_nyg_low_action_AMT_ANNUITY_m_app_AMT_GOODS_PRICE_d_app_AMT_INCOME_TOTAL_diff_min,253.17444968223572,54
9,f102_nyg_low_action_AMT_ANNUITY_m_app_AMT_GOODS_PRICE_d_app_AMT_INCOME_TOTAL_pctchange_max,494.5093439221382,82
9,f102_nyg_low_action_AMT_ANNUITY_m_app_AMT_GOODS_PRICE_d_app_AMT_INCOME_TOTAL_pctchange_max_div_min,20.576939344406128,4
9,f102_nyg_low_action_AMT_ANNUITY_m_app_AMT_GOODS_PRICE_d_app_AMT_INCOME_TOTAL_max_div_min,78.90943002700806,16
9,f102_nyg_low_action_AMT_ANNUITY_m_app_AMT_GOODS_PRICE_d_app_AMT_INCOME_TOTAL_max,1875.4892127513885,361
9,f102_nyg_low_action_AMT_ANNUITY_m_app_AMT_GOODS_PRICE_d_app_AMT_INCOME_TOTAL_min,1903.638808876276,341
9,f102_nyg_low_action_AMT_ANNUITY_m_app_AMT_GOODS_PRICE_d_app_AMT_INCOME_TOTAL_pctchange_min,514.3755497932434,101
9,f102_nyg_low_action_AMT_ANNUITY_m_app_AMT_GOODS_PRICE_d_app_AMT_INCOME_TOTAL_std_div_mean,583.334990978241,95
9,f102_nyg_low_action_AMT_ANNUITY_max_div_min,0.0,0
9,f102_nyg_low_action_AMT_ANNUITY_m_app_AMT_GOODS_PRICE_d_app_AMT_INCOME_TOTAL_mean,1614.9518300294876,290
9,f102_nyg_low_action_AMT_ANNUITY_s_app_AMT_ANNUITY_d_app_AMT_INCOME_TOTAL_diff_max,37.11103963851929,7
9,f102_nyg_low_action_AMT_ANNUITY_s_app_AMT_ANNUITY_d_app_AMT_INCOME_TOTAL_diff_std_div_mean,0.0,0
9,f102_nyg_low_action_AMT_ANNUITY_s_app_AMT_ANNUITY_d_app_AMT_INCOME_TOTAL_diff_max_div_min,0.0,0
9,f102_nyg_low_action_AMT_ANNUITY_s_app_AMT_ANNUITY_d_app_AMT_INCOME_TOTAL_diff_mean,21.275439739227295,4
9,f102_nyg_low_action_AMT_ANNUITY_s_app_AMT_ANNUITY_d_app_AMT_INCOME_TOTAL_pctchange_max,1073.4298523664474,220
9,f102_nyg_low_action_AMT_ANNUITY_s_app_AMT_ANNUITY_d_app_AMT_INCOME_TOTAL_max,1718.0177384018898,347
9,f102_nyg_low_action_AMT_ANNUITY_s_app_AMT_ANNUITY_d_app_AMT_INCOME_TOTAL_mean,1732.158598124981,327
9,f102_nyg_low_action_AMT_ANNUITY_s_app_AMT_ANNUITY_diff_std,9.086689949035645,2
9,f102_nyg_low_action_AMT_ANNUITY_s_app_AMT_ANNUITY_d_app_AMT_INCOME_TOTAL_diff_min,67.13545060157776,14
9,f102_nyg_low_action_AMT_ANNUITY_s_app_AMT_ANNUITY_d_app_AMT_INCOME_TOTAL_pctchange_max_div_min,89.99717950820923,16
9,f102_nyg_low_action_AMT_ANNUITY_s_app_AMT_ANNUITY_d_app_AMT_INCOME_TOTAL_pctchange_mean,1238.20404073596,236
9,f102_nyg_low_action_AMT_ANNUITY_s_app_AMT_ANNUITY_d_app_AMT_INCOME_TOTAL_pctchange_std_div_mean,61.7496497631073,11
9,f102_nyg_low_action_AMT_ANNUITY_s_app_AMT_ANNUITY_diff_min,443.24219822883606,94
9,f102_nyg_low_action_AMT_ANNUITY_s_app_AMT_ANNUITY_d_app_AMT_INCOME_TOTAL_pctchange_std,55.18050003051758,12
9,f102_nyg_low_action_AMT_ANNUITY_s_app_AMT_ANNUITY_pctchange_max,386.75648307800293,82
9,f102_nyg_low_action_AMT_ANNUITY_s_app_AMT_ANNUITY_d_app_AMT_INCOME_TOTAL_std_div_mean,483.11818170547485,95
9,f102_nyg_low_action_AMT_ANNUITY_s_app_AMT_ANNUITY_diff_max_div_min,0.0,0
9,f102_nyg_low_action_AMT_ANNUITY_s_app_AMT_ANNUITY_diff_mean,384.1671807169914,79
9,f102_nyg_low_action_AMT_ANNUITY_s_app_AMT_ANNUITY_pctchange_std,37.59450960159302,7
9,f102_nyg_low_action_AMT_ANNUITY_s_app_AMT_ANNUITY_diff_max,396.55638210475445,78
9,f102_nyg_low_action_AMT_ANNUITY_s_app_AMT_ANNUITY_d_app_AMT_INCOME_TOTAL_pctchange_min,1363.9252601861954,282
9,f102_nyg_low_action_AMT_ANNUITY_s_app_AMT_ANNUITY_max,1481.1517865210772,290
9,f102_nyg_low_action_AMT_ANNUITY_s_app_AMT_ANNUITY_min,1844.8482074141502,370
9,f102_nyg_low_action_AMT_ANNUITY_s_app_AMT_ANNUITY_diff_std_div_mean,0.0,0
9,f102_nyg_low_action_AMT_ANNUITY_s_app_AMT_ANNUITY_pctchange_std_div_mean,20.849549770355225,4
9,f102_nyg_low_action_AMT_ANNUITY_s_app_AMT_CREDIT_d_app_AMT_INCOME_TOTAL_diff_std_div_mean,0.0,0
9,f102_nyg_low_action_AMT_ANNUITY_s_app_AMT_ANNUITY_pctchange_min,358.3428200483322,72
9,f102_nyg_low_action_AMT_ANNUITY_s_app_AMT_ANNUITY_pctchange_max_div_min,37.18029975891113,6
9,f102_nyg_low_action_AMT_ANNUITY_s_app_AMT_ANNUITY_mean,1209.0302684903145,235
9,f102_nyg_low_action_AMT_ANNUITY_s_app_AMT_CREDIT_d_app_AMT_INCOME_TOTAL_max,1656.188460290432,329
9,f102_nyg_low_action_AMT_ANNUITY_s_app_AMT_ANNUITY_pctchange_mean,339.2712401151657,73
9,f102_nyg_low_action_AMT_ANNUITY_s_app_AMT_CREDIT_d_app_AMT_INCOME_TOTAL_diff_mean,12.108819961547852,3
9,f102_nyg_low_action_AMT_ANNUITY_s_app_AMT_CREDIT_d_app_AMT_INCOME_TOTAL_diff_max_div_min,0.0,0
9,f102_nyg_low_action_AMT_ANNUITY_s_app_AMT_CREDIT_d_app_AMT_INCOME_TOTAL_diff_min,27.642889976501465,5
9,f102_nyg_low_action_AMT_ANNUITY_s_app_AMT_ANNUITY_std_div_mean,109.19495916366577,21
9,f102_nyg_low_action_AMT_ANNUITY_s_app_AMT_CREDIT_d_app_AMT_INCOME_TOTAL_diff_max,14.798880100250244,3
9,f102_nyg_low_action_AMT_ANNUITY_s_app_AMT_CREDIT_d_app_AMT_INCOME_TOTAL_pctchange_std,30.466540098190308,6
9,f102_nyg_low_action_AMT_ANNUITY_s_app_AMT_CREDIT_d_app_AMT_INCOME_TOTAL_pctchange_mean,323.5905703306198,63
9,f102_nyg_low_action_AMT_ANNUITY_s_app_AMT_CREDIT_d_app_AMT_INCOME_TOTAL_pctchange_max,336.98670077323914,67
9,f102_nyg_low_action_AMT_ANNUITY_s_app_AMT_CREDIT_d_app_AMT_INCOME_TOTAL_min,1702.3025903701782,337
9,f102_nyg_low_action_AMT_ANNUITY_s_app_AMT_CREDIT_d_app_AMT_INCOME_TOTAL_pctchange_min,476.9720208644867,84
9,f102_nyg_low_action_AMT_ANNUITY_s_app_AMT_CREDIT_d_app_AMT_INCOME_TOTAL_pctchange_max_div_min,0.0,0
9,f102_nyg_low_action_AMT_ANNUITY_s_app_AMT_CREDIT_d_app_AMT_INCOME_TOTAL_mean,1156.2264462709427,226
9,f102_nyg_low_action_AMT_ANNUITY_s_app_AMT_CREDIT_diff_std_div_mean,0.0,0
9,f102_nyg_low_action_AMT_ANNUITY_s_app_AMT_CREDIT_d_app_AMT_INCOME_TOTAL_max_div_min,109.78187012672424,22
9,f102_nyg_low_action_AMT_ANNUITY_s_app_AMT_CREDIT_diff_std,4.573299884796143,1
9,f102_nyg_low_action_AMT_ANNUITY_s_app_AMT_CREDIT_diff_max,166.58944880962372,33
9,f102_nyg_low_action_AMT_ANNUITY_s_app_AMT_CREDIT_diff_max_div_min,0.0,0
9,f102_nyg_low_action_AMT_ANNUITY_s_app_AMT_CREDIT_diff_min,126.7044403553009,27
9,f102_nyg_low_action_AMT_ANNUITY_s_app_AMT_CREDIT_pctchange_std,0.0,0
9,f102_nyg_low_action_AMT_ANNUITY_s_app_AMT_CREDIT_diff_mean,148.54811722040176,29
9,f102_nyg_low_action_AMT_ANNUITY_s_app_AMT_CREDIT_pctchange_max_div_min,2.680919885635376,1
9,f102_nyg_low_action_AMT_ANNUITY_s_app_AMT_CREDIT_max_div_min,24.31158995628357,5
9,f102_nyg_low_action_AMT_ANNUITY_s_app_AMT_CREDIT_pctchange_mean,86.0288895368576,15
9,f102_nyg_low_action_AMT_ANNUITY_s_app_AMT_GOODS_PRICE_diff_std,19.70706081390381,3
9,f102_nyg_low_action_AMT_ANNUITY_s_app_AMT_GOODS_PRICE_diff_max,96.15466058254242,19
9,f102_nyg_low_action_AMT_ANNUITY_s_app_AMT_CREDIT_pctchange_min,126.93130946159363,21
9,f102_nyg_low_action_AMT_ANNUITY_s_app_AMT_CREDIT_pctchange_max,92.75512099266052,17
9,f102_nyg_low_action_AMT_ANNUITY_s_app_AMT_GOODS_PRICE_diff_std_div_mean,12.444300174713135,2
9,f102_nyg_low_action_AMT_ANNUITY_s_app_AMT_GOODS_PRICE_diff_min,86.67318105697632,18
9,f102_nyg_low_action_AMT_ANNUITY_s_app_AMT_GOODS_PRICE_max_div_min,32.59953022003174,6
9,f102_nyg_low_action_AMT_ANNUITY_s_app_AMT_GOODS_PRICE_diff_mean,98.69050979614258,18
9,f102_nyg_low_action_AMT_ANNUITY_s_app_AMT_GOODS_PRICE_pctchange_std,0.0,0
9,f102_nyg_low_action_AMT_ANNUITY_s_app_AMT_GOODS_PRICE_pctchange_max,154.94763958454132,28
9,f102_nyg_low_action_AMT_ANNUITY_s_app_AMT_INCOME_TOTAL_diff_max_div_min,0.0,0
9,f102_nyg_low_action_AMT_ANNUITY_s_app_AMT_GOODS_PRICE_diff_max_div_min,3.576040029525757,1
9,f102_nyg_low_action_AMT_ANNUITY_s_app_AMT_GOODS_PRICE_std_div_mean,225.40739059448242,39
9,f102_nyg_low_action_AMT_ANNUITY_s_app_AMT_GOODS_PRICE_pctchange_max_div_min,3.838330030441284,1
9,f102_nyg_low_action_AMT_ANNUITY_s_app_AMT_INCOME_TOTAL_diff_max,42.08613991737366,10
9,f102_nyg_low_action_AMT_ANNUITY_s_app_AMT_GOODS_PRICE_pctchange_mean,86.6259708404541,15
9,f102_nyg_low_action_AMT_ANNUITY_s_app_AMT_INCOME_TOTAL_diff_std,10.177989959716797,2
9,f102_nyg_low_action_AMT_ANNUITY_s_app_AMT_GOODS_PRICE_pctchange_min,109.3210380077362,21
9,f102_nyg_low_action_AMT_ANNUITY_s_app_AMT_INCOME_TOTAL_diff_std_div_mean,0.0,0
9,f102_nyg_low_action_AMT_ANNUITY_s_app_AMT_INCOME_TOTAL_pctchange_max,521.8302178382874,105
9,f102_nyg_low_action_AMT_ANNUITY_s_app_AMT_INCOME_TOTAL_diff_min,19.5974702835083,4
9,f102_nyg_low_action_AMT_ANNUITY_s_app_AMT_INCOME_TOTAL_pctchange_max_div_min,0.0,0
9,f102_nyg_low_action_AMT_ANNUITY_s_app_AMT_INCOME_TOTAL_mean,1791.6072677075863,404
9,f102_nyg_low_action_AMT_ANNUITY_s_app_AMT_INCOME_TOTAL_pctchange_mean,402.6899603009224,80
9,f102_nyg_low_action_AMT_ANNUITY_s_app_AMT_INCOME_TOTAL_diff_mean,0.0,0
9,f102_nyg_low_action_AMT_ANNUITY_s_app_AMT_INCOME_TOTAL_pctchange_std,97.51068949699402,18
9,f102_nyg_low_action_AMT_ANNUITY_s_app_AMT_INCOME_TOTAL_min,2130.2294986099005,451
9,f102_nyg_low_action_AMT_ANNUITY_s_app_AMT_INCOME_TOTAL_max,1651.3656857609749,365
9,f102_nyg_low_action_AMT_ANNUITY_s_app_AMT_INCOME_TOTAL_pctchange_min,395.61110162734985,88
9,f102_nyg_low_action_AMT_APPLICATION_d_app_AMT_ANNUITY_diff_std,27.21662998199463,5
9,f102_nyg_low_action_AMT_APPLICATION_d_app_AMT_ANNUITY_diff_mean,470.3547879457474,88
9,f102_nyg_low_action_AMT_APPLICATION_d_app_AMT_ANNUITY_diff_max,441.8802320957184,85
9,f102_nyg_low_action_AMT_APPLICATION_d_app_AMT_ANNUITY_diff_std_div_mean,54.57104015350342,10
9,f102_nyg_low_action_AMT_APPLICATION_d_app_AMT_ANNUITY_max_div_min,119.4493796825409,25
9,f102_nyg_low_action_AMT_APPLICATION_d_app_AMT_ANNUITY_min,1323.5465193390846,256
9,f102_nyg_low_action_AMT_APPLICATION_d_app_AMT_ANNUITY_mean,1255.5729076974094,251
9,f102_nyg_low_action_AMT_APPLICATION_d_app_AMT_ANNUITY_diff_min,575.6290190219879,105
9,f102_nyg_low_action_AMT_APPLICATION_d_app_AMT_ANNUITY_std,160.28977036476135,33
9,f102_nyg_low_action_AMT_APPLICATION_d_app_AMT_CREDIT_diff_std,4.585879802703857,1
9,f102_nyg_low_action_AMT_APPLICATION_d_app_AMT_CREDIT_diff_max,432.88655054569244,86
9,f102_nyg_low_action_AMT_APPLICATION_d_app_AMT_ANNUITY_pctchange_max,758.1649191379547,148
9,f102_nyg_low_action_AMT_APPLICATION_d_app_AMT_CREDIT_diff_mean,313.6584494113922,54
9,f102_nyg_low_action_AMT_APPLICATION_d_app_AMT_ANNUITY_max,1181.2391710877419,239
9,f102_nyg_low_action_AMT_APPLICATION_d_app_AMT_CREDIT_diff_std_div_mean,11.050660133361816,2
9,f102_nyg_low_action_AMT_APPLICATION_d_app_AMT_CREDIT_min,997.3805801868439,205
9,f102_nyg_low_action_AMT_APPLICATION_d_app_AMT_CREDIT_diff_min,442.59822034835815,93
9,f102_nyg_low_action_AMT_APPLICATION_d_app_AMT_CREDIT_pctchange_max,355.63904070854187,68
9,f102_nyg_low_action_AMT_APPLICATION_d_app_AMT_CREDIT_max_div_min,24.75109076499939,5
9,f102_nyg_low_action_AMT_APPLICATION_d_app_AMT_CREDIT_mean,929.8142892420292,175
9,f102_nyg_low_action_AMT_APPLICATION_d_app_AMT_GOODS_PRICE_diff_std_div_mean,0.0,0
9,f102_nyg_low_action_AMT_APPLICATION_d_app_AMT_GOODS_PRICE_diff_std,13.780250310897827,3
9,f102_nyg_low_action_AMT_APPLICATION_d_app_AMT_CREDIT_std,193.7591905593872,41
9,f102_nyg_low_action_AMT_APPLICATION_d_app_AMT_GOODS_PRICE_std,74.41407942771912,15
9,f102_nyg_low_action_AMT_APPLICATION_d_app_AMT_CREDIT_max,1093.8539350032806,210
9,f102_nyg_low_action_AMT_APPLICATION_d_app_AMT_GOODS_PRICE_diff_max,444.297297000885,85
9,f102_nyg_low_action_AMT_APPLICATION_d_app_AMT_GOODS_PRICE_diff_mean,411.52109384536743,83
9,f102_nyg_low_action_AMT_APPLICATION_d_app_AMT_GOODS_PRICE_max_div_min,81.91431975364685,15
9,f102_nyg_low_action_AMT_APPLICATION_d_app_AMT_GOODS_PRICE_diff_min,365.0555055141449,70
9,f102_nyg_low_action_AMT_APPLICATION_d_app_AMT_GOODS_PRICE_min,1650.1871268749237,335
9,f102_nyg_low_action_AMT_APPLICATION_d_app_AMT_INCOME_TOTAL_diff_std_div_mean,0.0,0
9,f102_nyg_low_action_AMT_APPLICATION_d_app_AMT_GOODS_PRICE_pctchange_max,249.50806760787964,40
9,f102_nyg_low_action_AMT_APPLICATION_d_app_AMT_INCOME_TOTAL_mean,1325.991528570652,268
9,f102_nyg_low_action_AMT_APPLICATION_d_app_AMT_INCOME_TOTAL_max_div_min,18.165770053863525,3
9,f102_nyg_low_action_AMT_APPLICATION_d_app_AMT_INCOME_TOTAL_diff_mean,484.09135687351227,91
9,f102_nyg_low_action_AMT_APPLICATION_d_app_AMT_INCOME_TOTAL_pctchange_max,35.57354998588562,7
9,f102_nyg_low_action_AMT_APPLICATION_m_app_AMT_GOODS_PRICE_d_app_AMT_INCOME_TOTAL_diff_std_div_mean,3.59768009185791,1
9,f102_nyg_low_action_AMT_APPLICATION_d_app_AMT_INCOME_TOTAL_min,1387.8864350318909,272
9,f102_nyg_low_action_AMT_APPLICATION_d_app_AMT_INCOME_TOTAL_diff_min,360.31309151649475,71
9,f102_nyg_low_action_AMT_APPLICATION_m_app_AMT_GOODS_PRICE_d_app_AMT_INCOME_TOTAL_mean,1768.289174437523,330
9,f102_nyg_low_action_AMT_APPLICATION_m_app_AMT_GOODS_PRICE_d_app_AMT_INCOME_TOTAL_min,1739.3835619091988,326
9,f102_nyg_low_action_AMT_APPLICATION_m_app_AMT_GOODS_PRICE_d_app_AMT_INCOME_TOTAL_pctchange_max,912.4254447221756,180
9,f102_nyg_low_action_AMT_APPLICATION_m_app_AMT_GOODS_PRICE_d_app_AMT_INCOME_TOTAL_diff_mean,346.64890241622925,67
9,f102_nyg_low_action_AMT_APPLICATION_m_app_AMT_GOODS_PRICE_d_app_AMT_INCOME_TOTAL_pctchange_std,15.051129817962646,3
9,f102_nyg_low_action_AMT_APPLICATION_m_app_AMT_GOODS_PRICE_d_app_AMT_INCOME_TOTAL_diff_min,180.95387983322144,36
9,f102_nyg_low_action_AMT_APPLICATION_mean,1159.2366786003113,232
9,f102_nyg_low_action_AMT_APPLICATION_m_app_AMT_GOODS_PRICE_d_app_AMT_INCOME_TOTAL_pctchange_max_div_min,81.05590057373047,14
9,f102_nyg_low_action_AMT_APPLICATION_m_app_AMT_GOODS_PRICE_d_app_AMT_INCOME_TOTAL_max_div_min,150.5098581314087,24
9,f102_nyg_low_action_AMT_APPLICATION_m_app_AMT_GOODS_PRICE_d_app_AMT_INCOME_TOTAL_pctchange_std_div_mean,8.830399751663208,2
9,f102_nyg_low_action_AMT_APPLICATION_max,1537.8923956155777,311
9,f102_nyg_low_action_AMT_APPLICATION_m_app_AMT_GOODS_PRICE_d_app_AMT_INCOME_TOTAL_pctchange_min,956.0135389566422,204
9,f102_nyg_low_action_AMT_APPLICATION_m_app_AMT_GOODS_PRICE_d_app_AMT_INCOME_TOTAL_pctchange_mean,1042.998667061329,216
9,f102_nyg_low_action_AMT_APPLICATION_max_div_min,0.0,0
9,f102_nyg_low_action_AMT_APPLICATION_m_app_AMT_GOODS_PRICE_d_app_AMT_INCOME_TOTAL_std_div_mean,198.9715611934662,38
9,f102_nyg_low_action_AMT_APPLICATION_s_app_AMT_ANNUITY_d_app_AMT_INCOME_TOTAL_diff_std_div_mean,0.0,0
9,f102_nyg_low_action_AMT_APPLICATION_s_app_AMT_ANNUITY_d_app_AMT_INCOME_TOTAL_mean,1344.7574603557587,266
9,f102_nyg_low_action_AMT_APPLICATION_s_app_AMT_ANNUITY_d_app_AMT_INCOME_TOTAL_pctchange_std_div_mean,45.51477026939392,9
9,f102_nyg_low_action_AMT_APPLICATION_s_app_AMT_ANNUITY_d_app_AMT_INCOME_TOTAL_pctchange_std,142.36040997505188,25
9,f102_nyg_low_action_AMT_APPLICATION_s_app_AMT_ANNUITY_d_app_AMT_INCOME_TOTAL_diff_mean,174.47531962394714,28
9,f102_nyg_low_action_AMT_APPLICATION_s_app_AMT_ANNUITY_d_app_AMT_INCOME_TOTAL_diff_min,109.24353981018066,23
9,f102_nyg_low_action_AMT_APPLICATION_s_app_AMT_ANNUITY_d_app_AMT_INCOME_TOTAL_pctchange_max,876.6189978122711,171
9,f102_nyg_low_action_AMT_APPLICATION_s_app_AMT_ANNUITY_d_app_AMT_INCOME_TOTAL_pctchange_mean,779.9322338104248,162
9,f102_nyg_low_action_AMT_APPLICATION_s_app_AMT_ANNUITY_d_app_AMT_INCOME_TOTAL_max_div_min,139.8619396686554,25
9,f102_nyg_low_action_AMT_APPLICATION_min,1410.3485879898071,272
9,f102_nyg_low_action_AMT_APPLICATION_s_app_AMT_ANNUITY_diff_max,486.01012974977493,96
9,f102_nyg_low_action_AMT_APPLICATION_s_app_AMT_ANNUITY_d_app_AMT_INCOME_TOTAL_pctchange_min,978.287458896637,193
9,f102_nyg_low_action_AMT_APPLICATION_s_app_AMT_ANNUITY_d_app_AMT_INCOME_TOTAL_min,1076.6055911779404,223
9,f102_nyg_low_action_AMT_APPLICATION_s_app_AMT_ANNUITY_diff_std_div_mean,0.0,0
9,f102_nyg_low_action_AMT_APPLICATION_s_app_AMT_ANNUITY_diff_std,60.47473955154419,13
9,f102_nyg_low_action_AMT_APPLICATION_s_app_AMT_ANNUITY_diff_min,411.2868514060974,85
9,f102_nyg_low_action_AMT_APPLICATION_s_app_AMT_ANNUITY_max,1224.952709943056,244
9,f102_nyg_low_action_AMT_APPLICATION_s_app_AMT_ANNUITY_diff_mean,500.08838844299316,84
9,f102_nyg_low_action_AMT_APPLICATION_s_app_AMT_ANNUITY_pctchange_max,161.05257987976074,36
9,f102_nyg_low_action_AMT_APPLICATION_s_app_AMT_ANNUITY_min,1557.189778804779,293
9,f102_nyg_low_action_AMT_APPLICATION_s_app_AMT_ANNUITY_mean,1046.5941046476364,210
9,f102_nyg_low_action_AMT_APPLICATION_s_app_AMT_ANNUITY_max_div_min,50.52185940742493,9
9,f102_nyg_low_action_AMT_APPLICATION_s_app_AMT_ANNUITY_pctchange_std_div_mean,14.647559881210327,3
9,f102_nyg_low_action_AMT_APPLICATION_s_app_AMT_ANNUITY_pctchange_std,46.68673014640808,7
9,f102_nyg_low_action_AMT_APPLICATION_s_app_AMT_ANNUITY_std,337.9182496070862,61
9,f102_nyg_low_action_AMT_APPLICATION_s_app_AMT_ANNUITY_pctchange_mean,270.9162395000458,52
9,f102_nyg_low_action_AMT_APPLICATION_s_app_AMT_CREDIT_d_app_AMT_INCOME_TOTAL_diff_mean,71.44631123542786,14
9,f102_nyg_low_action_AMT_APPLICATION_s_app_AMT_CREDIT_d_app_AMT_INCOME_TOTAL_pctchange_max_div_min,75.19309997558594,11
9,f102_nyg_low_action_AMT_APPLICATION_s_app_AMT_ANNUITY_pctchange_min,261.71446868777275,59
9,f102_nyg_low_action_AMT_APPLICATION_s_app_AMT_CREDIT_d_app_AMT_INCOME_TOTAL_diff_std_div_mean,0.0,0
9,f102_nyg_low_action_AMT_APPLICATION_s_app_AMT_CREDIT_d_app_AMT_INCOME_TOTAL_diff_min,65.24848985671997,12
9,f102_nyg_low_action_AMT_APPLICATION_s_app_AMT_CREDIT_d_app_AMT_INCOME_TOTAL_max_div_min,125.33575987815857,17
9,f102_nyg_low_action_AMT_APPLICATION_s_app_AMT_CREDIT_d_app_AMT_INCOME_TOTAL_mean,1091.1415738463402,219
9,f102_nyg_low_action_AMT_APPLICATION_s_app_AMT_CREDIT_diff_std,7.3915300369262695,1
9,f102_nyg_low_action_AMT_APPLICATION_s_app_AMT_CREDIT_d_app_AMT_INCOME_TOTAL_min,1298.2255782485008,254
9,f102_nyg_low_action_AMT_APPLICATION_s_app_AMT_CREDIT_d_app_AMT_INCOME_TOTAL_std_div_mean,236.91211009025574,46
9,f102_nyg_low_action_AMT_APPLICATION_s_app_AMT_CREDIT_diff_max,110.50425958633423,20
9,f102_nyg_low_action_AMT_APPLICATION_s_app_AMT_CREDIT_diff_mean,112.60087943077087,20
9,f102_nyg_low_action_AMT_APPLICATION_s_app_AMT_CREDIT_pctchange_max_div_min,3.799259901046753,1
9,f102_nyg_low_action_AMT_APPLICATION_s_app_AMT_CREDIT_diff_std_div_mean,0.0,0
9,f102_nyg_low_action_AMT_APPLICATION_s_app_AMT_CREDIT_diff_min,144.67181015014648,29
9,f102_nyg_low_action_AMT_APPLICATION_s_app_AMT_CREDIT_d_app_AMT_INCOME_TOTAL_pctchange_std_div_mean,48.88338017463684,11
9,f102_nyg_low_action_AMT_APPLICATION_s_app_AMT_GOODS_PRICE_diff_std,10.788169860839844,2
9,f102_nyg_low_action_AMT_APPLICATION_s_app_AMT_CREDIT_pctchange_std_div_mean,13.059379816055298,3
9,f102_nyg_low_action_AMT_APPLICATION_s_app_AMT_GOODS_PRICE_diff_min,165.68675935268402,33
9,f102_nyg_low_action_AMT_APPLICATION_s_app_AMT_CREDIT_max_div_min,17.54660987854004,3
9,f102_nyg_low_action_AMT_APPLICATION_s_app_AMT_GOODS_PRICE_diff_std_div_mean,0.0,0
9,f102_nyg_low_action_AMT_APPLICATION_s_app_AMT_CREDIT_std_div_mean,80.3777003288269,12
9,f102_nyg_low_action_AMT_APPLICATION_s_app_AMT_CREDIT_std,107.4504497051239,20
9,f102_nyg_low_action_AMT_APPLICATION_s_app_AMT_GOODS_PRICE_pctchange_std,11.6218900680542,2
9,f102_nyg_low_action_AMT_APPLICATION_s_app_AMT_GOODS_PRICE_diff_mean,145.88996005058289,27
9,f102_nyg_low_action_AMT_APPLICATION_s_app_AMT_GOODS_PRICE_pctchange_std_div_mean,7.179699897766113,1
9,f102_nyg_low_action_AMT_APPLICATION_s_app_AMT_GOODS_PRICE_diff_max,102.12307065725327,19
9,f102_nyg_low_action_AMT_APPLICATION_s_app_AMT_GOODS_PRICE_pctchange_min,290.043438911438,53
9,f102_nyg_low_action_AMT_APPLICATION_s_app_AMT_GOODS_PRICE_pctchange_max_div_min,10.305469751358032,3
9,f102_nyg_low_action_AMT_APPLICATION_s_app_AMT_GOODS_PRICE_pctchange_max,321.8617053627968,68
9,f102_nyg_low_action_AMT_APPLICATION_s_app_AMT_GOODS_PRICE_max_div_min,32.32992076873779,5
9,f102_nyg_low_action_AMT_APPLICATION_s_app_AMT_INCOME_TOTAL_max_div_min,82.1048002243042,19
9,f102_nyg_low_action_AMT_APPLICATION_s_app_AMT_GOODS_PRICE_std,54.14832925796509,10
9,f102_nyg_low_action_AMT_APPLICATION_s_app_AMT_GOODS_PRICE_std_div_mean,86.80640029907227,16
9,f102_nyg_low_action_AMT_APPLICATION_s_app_AMT_GOODS_PRICE_pctchange_mean,244.90133851766586,51
9,f102_nyg_low_action_AMT_APPLICATION_s_app_AMT_INCOME_TOTAL_diff_max,30.519110202789307,5
9,f102_nyg_low_action_AMT_APPLICATION_s_app_AMT_INCOME_TOTAL_diff_mean,23.504209518432617,4
9,f102_nyg_low_action_AMT_APPLICATION_s_app_AMT_INCOME_TOTAL_diff_std_div_mean,0.0,0
9,f102_nyg_low_action_AMT_APPLICATION_s_app_AMT_INCOME_TOTAL_diff_min,19.641010284423828,4
9,f102_nyg_low_action_AMT_APPLICATION_s_app_AMT_INCOME_TOTAL_diff_std,0.0,0
10,f102_nyg_low_action_AMT_APPLICATION_s_app_AMT_INCOME_TOTAL_std,197.54416966438293,36
10,f102_nyg_low_action_AMT_APPLICATION_s_app_AMT_INCOME_TOTAL_pctchange_min,539.1037104129791,112
10,f102_nyg_low_action_AMT_CREDIT_d_AMT_ANNUITY_diff_mean,762.7960197925568,159
10,f102_nyg_low_action_AMT_APPLICATION_s_app_AMT_INCOME_TOTAL_pctchange_max,562.8769905567169,126
10,f102_nyg_low_action_AMT_APPLICATION_s_app_AMT_INCOME_TOTAL_pctchange_mean,345.8893117159605,74
10,f102_nyg_low_action_AMT_APPLICATION_s_app_AMT_INCOME_TOTAL_pctchange_std_div_mean,20.677539825439453,3
10,f102_nyg_low_action_AMT_APPLICATION_s_app_AMT_INCOME_TOTAL_max,1168.0966330170631,250
10,f102_nyg_low_action_AMT_APPLICATION_std,41.67613101005554,8
10,f102_nyg_low_action_AMT_APPLICATION_s_app_AMT_INCOME_TOTAL_pctchange_max_div_min,37.237220287323,7
10,f102_nyg_low_action_AMT_APPLICATION_s_app_AMT_INCOME_TOTAL_min,885.4644233584404,198
10,f102_nyg_low_action_AMT_CREDIT_d_AMT_ANNUITY_diff_std_div_mean,21.618410110473633,6
10,f102_nyg_low_action_AMT_APPLICATION_s_app_AMT_INCOME_TOTAL_mean,555.785106420517,130
10,f102_nyg_low_action_AMT_CREDIT_d_AMT_ANNUITY_pctchange_std_div_mean,23.695740222930908,4
10,f102_nyg_low_action_AMT_CREDIT_d_AMT_ANNUITY_pctchange_min,880.5911591053009,201
10,f102_nyg_low_action_AMT_CREDIT_d_AMT_ANNUITY_diff_max,874.7015805542469,185
10,f102_nyg_low_action_AMT_CREDIT_d_AMT_ANNUITY_diff_max_div_min,41.38219118118286,9
10,f102_nyg_low_action_AMT_CREDIT_d_AMT_ANNUITY_pctchange_max_div_min,11.498039960861206,4
10,f102_nyg_low_action_AMT_CREDIT_d_AMT_ANNUITY_pctchange_mean,609.3094635605812,131
10,f102_nyg_low_action_AMT_CREDIT_d_AMT_ANNUITY_pctchange_max,711.5934047698975,142
10,f102_nyg_low_action_AMT_CREDIT_d_AMT_APPLICATION_diff_std_div_mean,28.659780025482178,6
10,f102_nyg_low_action_AMT_CREDIT_d_AMT_APPLICATION_max_div_min,122.60334014892578,29
10,f102_nyg_low_action_AMT_CREDIT_d_app_AMT_ANNUITY_diff_mean,395.48212906718254,77
10,f102_nyg_low_action_AMT_CREDIT_d_AMT_APPLICATION_diff_max_div_min,51.98436975479126,14
10,f102_nyg_low_action_AMT_CREDIT_d_app_AMT_ANNUITY_diff_max,479.0986211299896,98
10,f102_nyg_low_action_AMT_CREDIT_d_app_AMT_ANNUITY_diff_std_div_mean,8.771759748458862,2
10,f102_nyg_low_action_AMT_CREDIT_d_AMT_APPLICATION_pctchange_max_div_min,19.539039731025696,4
10,f102_nyg_low_action_AMT_CREDIT_d_app_AMT_ANNUITY_diff_std,61.14231038093567,9
10,f102_nyg_low_action_AMT_CREDIT_d_app_AMT_ANNUITY_pctchange_max,432.9193514585495,89
10,f102_nyg_low_action_AMT_CREDIT_d_app_AMT_ANNUITY_mean,1140.3626393079758,235
10,f102_nyg_low_action_AMT_CREDIT_d_app_AMT_ANNUITY_max,1161.480837970972,257
10,f102_nyg_low_action_AMT_CREDIT_d_app_AMT_ANNUITY_min,1270.2954950630665,281
10,f102_nyg_low_action_AMT_CREDIT_d_app_AMT_CREDIT_diff_std,12.457829713821411,3
10,f102_nyg_low_action_AMT_CREDIT_d_app_AMT_ANNUITY_pctchange_std_div_mean,69.25070929527283,15
10,f102_nyg_low_action_AMT_CREDIT_d_app_AMT_ANNUITY_max_div_min,74.12902069091797,13
10,f102_nyg_low_action_AMT_CREDIT_d_app_AMT_CREDIT_diff_mean,412.37993878126144,77
10,f102_nyg_low_action_AMT_CREDIT_d_app_AMT_ANNUITY_diff_min,343.3244564831257,76
10,f102_nyg_low_action_AMT_CREDIT_d_app_AMT_CREDIT_diff_min,262.8338191509247,51
10,f102_nyg_low_action_AMT_CREDIT_d_app_AMT_ANNUITY_std,241.77292108535767,43
10,f102_nyg_low_action_AMT_CREDIT_d_app_AMT_CREDIT_diff_std_div_mean,8.107570171356201,2
10,f102_nyg_low_action_AMT_CREDIT_d_app_AMT_CREDIT_diff_max,239.41184103488922,52
10,f102_nyg_low_action_AMT_CREDIT_d_app_AMT_CREDIT_max,982.7132690548897,210
10,f102_nyg_low_action_AMT_CREDIT_d_app_AMT_CREDIT_mean,770.3151626288891,172
10,f102_nyg_low_action_AMT_CREDIT_d_app_AMT_CREDIT_max_div_min,27.190810322761536,5
10,f102_nyg_low_action_AMT_CREDIT_d_app_AMT_GOODS_PRICE_diff_std_div_mean,17.787060260772705,3
10,f102_nyg_low_action_AMT_CREDIT_d_app_AMT_CREDIT_std,136.20737028121948,29
10,f102_nyg_low_action_AMT_CREDIT_d_app_AMT_CREDIT_pctchange_max,254.79778957366943,50
10,f102_nyg_low_action_AMT_CREDIT_d_app_AMT_CREDIT_min,1014.1100662052631,229
10,f102_nyg_low_action_AMT_CREDIT_d_app_AMT_CREDIT_pctchange_std_div_mean,20.43530011177063,5
10,f102_nyg_low_action_AMT_CREDIT_d_app_AMT_GOODS_PRICE_diff_std,36.39841938018799,5
10,f102_nyg_low_action_AMT_CREDIT_d_app_AMT_GOODS_PRICE_diff_max,292.33945870399475,64
10,f102_nyg_low_action_AMT_CREDIT_d_app_AMT_GOODS_PRICE_diff_min,258.0145592689514,55
10,f102_nyg_low_action_AMT_CREDIT_d_app_AMT_GOODS_PRICE_diff_mean,204.5999420285225,48
10,f102_nyg_low_action_AMT_CREDIT_d_app_AMT_GOODS_PRICE_std,153.70891892910004,33
10,f102_nyg_low_action_AMT_CREDIT_d_app_AMT_GOODS_PRICE_pctchange_std_div_mean,8.308809757232666,2
10,f102_nyg_low_action_AMT_CREDIT_d_app_AMT_GOODS_PRICE_pctchange_max,236.29594027996063,48
10,f102_nyg_low_action_AMT_CREDIT_d_app_AMT_GOODS_PRICE_max_div_min,9.28561019897461,2
10,f102_nyg_low_action_AMT_CREDIT_d_app_AMT_INCOME_TOTAL_diff_std_div_mean,0.0,0
10,f102_nyg_low_action_AMT_CREDIT_d_app_AMT_INCOME_TOTAL_diff_max,338.61151146888733,69
10,f102_nyg_low_action_AMT_CREDIT_d_app_AMT_INCOME_TOTAL_diff_mean,422.1247287988663,79
10,f102_nyg_low_action_AMT_CREDIT_d_app_AMT_INCOME_TOTAL_pctchange_std_div_mean,0.0,0
10,f102_nyg_low_action_AMT_CREDIT_d_app_AMT_INCOME_TOTAL_min,1126.502961354563,242
10,f102_nyg_low_action_AMT_CREDIT_d_total_debt_pctchange_min,1122.4608407020569,232
10,f102_nyg_low_action_AMT_CREDIT_d_app_AMT_INCOME_TOTAL_max_div_min,0.0,0
10,f102_nyg_low_action_AMT_CREDIT_m_app_AMT_GOODS_PRICE_d_app_AMT_INCOME_TOTAL_diff_std_div_mean,5.499340057373047,1
10,f102_nyg_low_action_AMT_CREDIT_d_total_debt_diff_std_div_mean,16.84443974494934,4
10,f102_nyg_low_action_AMT_CREDIT_d_app_AMT_INCOME_TOTAL_pctchange_max,35.90578007698059,9
10,f102_nyg_low_action_AMT_CREDIT_m_app_AMT_GOODS_PRICE_d_app_AMT_INCOME_TOTAL_diff_mean,147.5702536702156,30
10,f102_nyg_low_action_AMT_CREDIT_m_app_AMT_GOODS_PRICE_d_app_AMT_INCOME_TOTAL_pctchange_max,537.1104318499565,114
10,f102_nyg_low_action_AMT_CREDIT_m_app_AMT_GOODS_PRICE_d_app_AMT_INCOME_TOTAL_min,1443.6284065376967,305
10,f102_nyg_low_action_AMT_CREDIT_m_app_AMT_GOODS_PRICE_d_app_AMT_INCOME_TOTAL_pctchange_max_div_min,74.31398129463196,19
10,f102_nyg_low_action_AMT_CREDIT_m_app_AMT_GOODS_PRICE_d_app_AMT_INCOME_TOTAL_pctchange_mean,456.9928489923477,98
10,f102_nyg_low_action_AMT_CREDIT_d_app_AMT_INCOME_TOTAL_diff_min,270.24362993240356,53
10,f102_nyg_low_action_AMT_CREDIT_m_app_AMT_GOODS_PRICE_d_app_AMT_INCOME_TOTAL_diff_min,186.0550615787506,30
10,f102_nyg_low_action_AMT_CREDIT_d_app_AMT_INCOME_TOTAL_mean,1006.1754613816738,216
10,f102_nyg_low_action_AMT_CREDIT_m_app_AMT_GOODS_PRICE_d_app_AMT_INCOME_TOTAL_pctchange_std_div_mean,26.39485001564026,5
10,f102_nyg_low_action_AMT_CREDIT_m_app_AMT_GOODS_PRICE_d_app_AMT_INCOME_TOTAL_mean,1334.3645367324352,291
10,f102_nyg_low_action_AMT_CREDIT_max,867.39542979002,178
10,f102_nyg_low_action_AMT_CREDIT_m_app_AMT_GOODS_PRICE_d_app_AMT_INCOME_TOTAL_max_div_min,66.64471006393433,14
10,f102_nyg_low_action_AMT_CREDIT_min,1098.1882653832436,252
10,f102_nyg_low_action_AMT_CREDIT_m_app_AMT_GOODS_PRICE_d_app_AMT_INCOME_TOTAL_pctchange_min,477.34139734506607,112
10,f102_nyg_low_action_AMT_CREDIT_max_div_min,0.0,0
10,f102_nyg_low_action_AMT_CREDIT_s_app_AMT_ANNUITY_d_app_AMT_INCOME_TOTAL_diff_std_div_mean,0.0,0
10,f102_nyg_low_action_AMT_CREDIT_s_app_AMT_ANNUITY_d_app_AMT_INCOME_TOTAL_pctchange_max,675.9944081306458,151
10,f102_nyg_low_action_AMT_CREDIT_s_app_AMT_ANNUITY_d_app_AMT_INCOME_TOTAL_diff_max,100.02472031116486,21
10,f102_nyg_low_action_AMT_CREDIT_mean,734.9832116663456,158
10,f102_nyg_low_action_AMT_CREDIT_s_app_AMT_ANNUITY_d_app_AMT_INCOME_TOTAL_mean,873.8536668717861,201
10,f102_nyg_low_action_AMT_CREDIT_s_app_AMT_ANNUITY_d_app_AMT_INCOME_TOTAL_diff_mean,103.54310965538025,19
10,f102_nyg_low_action_AMT_CREDIT_s_app_AMT_ANNUITY_d_app_AMT_INCOME_TOTAL_diff_min,24.367090702056885,5
10,f102_nyg_low_action_AMT_CREDIT_s_app_AMT_ANNUITY_diff_max,259.4418286085129,52
10,f102_nyg_low_action_AMT_CREDIT_s_app_AMT_ANNUITY_d_app_AMT_INCOME_TOTAL_max_div_min,83.17483067512512,19
10,f102_nyg_low_action_AMT_CREDIT_s_app_AMT_ANNUITY_d_app_AMT_INCOME_TOTAL_pctchange_min,671.0075094103813,148
10,f102_nyg_low_action_AMT_CREDIT_s_app_AMT_ANNUITY_d_app_AMT_INCOME_TOTAL_pctchange_std,111.19471073150635,19
10,f102_nyg_low_action_AMT_CREDIT_d_total_debt_diff_min,1376.5443414449692,287
10,f102_nyg_low_action_AMT_CREDIT_s_app_AMT_ANNUITY_diff_mean,204.47678443789482,45
10,f102_nyg_low_action_AMT_CREDIT_s_app_AMT_ANNUITY_d_app_AMT_INCOME_TOTAL_pctchange_mean,596.1765506267548,127
10,f102_nyg_low_action_AMT_CREDIT_s_app_AMT_ANNUITY_d_app_AMT_INCOME_TOTAL_min,944.3035794496536,215
10,f102_nyg_low_action_AMT_CREDIT_s_app_AMT_ANNUITY_diff_std_div_mean,0.0,0
10,f102_nyg_low_action_AMT_CREDIT_m_app_AMT_GOODS_PRICE_d_app_AMT_INCOME_TOTAL_diff_max,86.21123027801514,16
10,f102_nyg_low_action_AMT_CREDIT_s_app_AMT_ANNUITY_min,867.9269595444202,185
10,f102_nyg_low_action_AMT_CREDIT_s_app_AMT_ANNUITY_diff_std,11.760369777679443,2
10,f102_nyg_low_action_AMT_CREDIT_m_app_AMT_GOODS_PRICE_d_app_AMT_INCOME_TOTAL_std_div_mean,122.68989968299866,28
10,f102_nyg_low_action_AMT_CREDIT_s_app_AMT_ANNUITY_max,804.792836368084,178
10,f102_nyg_low_action_AMT_CREDIT_m_app_AMT_GOODS_PRICE_d_app_AMT_INCOME_TOTAL_pctchange_std,20.84798002243042,3
10,f102_nyg_low_action_AMT_CREDIT_s_app_AMT_ANNUITY_mean,625.2983041405678,125
10,f102_nyg_low_action_AMT_CREDIT_s_app_AMT_ANNUITY_max_div_min,67.43569898605347,11
10,f102_nyg_low_action_AMT_CREDIT_s_app_AMT_ANNUITY_diff_min,297.58153116703033,69
10,f102_nyg_low_action_AMT_CREDIT_s_app_AMT_ANNUITY_pctchange_max,185.8821058869362,39
10,f102_nyg_low_action_AMT_CREDIT_s_app_AMT_ANNUITY_pctchange_min,156.3240293264389,35
10,f102_nyg_low_action_AMT_CREDIT_s_app_AMT_ANNUITY_pctchange_std,31.12315034866333,5
10,f102_nyg_low_action_AMT_CREDIT_s_app_AMT_ANNUITY_std,178.44904160499573,35
10,f102_nyg_low_action_AMT_CREDIT_s_app_AMT_ANNUITY_pctchange_mean,208.15916991233826,42
10,f102_nyg_low_action_AMT_CREDIT_s_app_AMT_CREDIT_d_app_AMT_INCOME_TOTAL_diff_min,0.0,0
10,f102_nyg_low_action_AMT_CREDIT_s_app_AMT_CREDIT_d_app_AMT_INCOME_TOTAL_diff_max,14.880900144577026,4
10,f102_nyg_low_action_AMT_CREDIT_s_app_AMT_CREDIT_d_app_AMT_INCOME_TOTAL_diff_std_div_mean,0.0,0
10,f102_nyg_low_action_AMT_CREDIT_s_app_AMT_CREDIT_d_app_AMT_INCOME_TOTAL_pctchange_mean,606.0877817869186,114
10,f102_nyg_low_action_AMT_CREDIT_s_app_AMT_CREDIT_d_app_AMT_INCOME_TOTAL_pctchange_max,561.1068729758263,124
10,f102_nyg_low_action_AMT_CREDIT_s_app_AMT_CREDIT_d_app_AMT_INCOME_TOTAL_min,1068.2682326436043,250
10,f102_nyg_low_action_AMT_CREDIT_s_app_AMT_CREDIT_d_app_AMT_INCOME_TOTAL_diff_mean,28.55597996711731,6
10,f102_nyg_low_action_AMT_CREDIT_s_app_AMT_CREDIT_d_app_AMT_INCOME_TOTAL_pctchange_min,797.0963299274445,164
10,f102_nyg_low_action_AMT_CREDIT_s_app_AMT_CREDIT_diff_std_div_mean,0.0,0
10,f102_nyg_low_action_AMT_CREDIT_s_app_AMT_CREDIT_d_app_AMT_INCOME_TOTAL_max_div_min,36.36615014076233,9
10,f102_nyg_low_action_AMT_CREDIT_s_app_AMT_CREDIT_d_app_AMT_INCOME_TOTAL_pctchange_std_div_mean,13.16992998123169,3
10,f102_nyg_low_action_AMT_CREDIT_s_app_AMT_CREDIT_d_app_AMT_INCOME_TOTAL_mean,855.0474573671818,201
10,f102_nyg_low_action_AMT_CREDIT_s_app_AMT_CREDIT_diff_std,5.537869930267334,1
10,f102_nyg_low_action_AMT_CREDIT_s_app_AMT_CREDIT_d_app_AMT_INCOME_TOTAL_std_div_mean,95.04448986053467,22
10,f102_nyg_low_action_AMT_CREDIT_s_app_AMT_CREDIT_diff_min,63.34322941303253,14
10,f102_nyg_low_action_AMT_CREDIT_s_app_AMT_CREDIT_pctchange_std_div_mean,4.181600093841553,1
10,f102_nyg_low_action_AMT_CREDIT_s_app_AMT_CREDIT_std,91.13503980636597,16
10,f102_nyg_low_action_AMT_CREDIT_s_app_AMT_CREDIT_diff_mean,78.6654098033905,14
10,f102_nyg_low_action_AMT_CREDIT_s_app_AMT_CREDIT_max_div_min,12.617479920387268,5
10,f102_nyg_low_action_AMT_CREDIT_s_app_AMT_CREDIT_pctchange_min,252.66257083415985,55
10,f102_nyg_low_action_AMT_CREDIT_s_app_AMT_CREDIT_diff_max,77.4260094165802,18
10,f102_nyg_low_action_AMT_CREDIT_s_app_AMT_CREDIT_pctchange_max,224.4661705493927,42
10,f102_nyg_low_action_AMT_CREDIT_s_app_AMT_CREDIT_pctchange_mean,206.2882467508316,43
10,f102_nyg_low_action_AMT_CREDIT_s_app_AMT_GOODS_PRICE_diff_std_div_mean,0.0,0
10,f102_nyg_low_action_AMT_CREDIT_s_app_AMT_GOODS_PRICE_diff_max,59.78743052482605,11
10,f102_nyg_low_action_AMT_CREDIT_s_app_AMT_GOODS_PRICE_diff_std,0.0,0
10,f102_nyg_low_action_AMT_CREDIT_s_app_AMT_GOODS_PRICE_diff_mean,105.28861999511719,20
10,f102_nyg_low_action_AMT_CREDIT_s_app_AMT_CREDIT_std_div_mean,24.677289724349976,6
10,f102_nyg_low_action_AMT_CREDIT_s_app_AMT_GOODS_PRICE_diff_min,98.26318037509918,23
10,f102_nyg_low_action_AMT_CREDIT_s_app_AMT_GOODS_PRICE_pctchange_std_div_mean,22.94604992866516,6
10,f102_nyg_low_action_AMT_CREDIT_s_app_AMT_GOODS_PRICE_std_div_mean,25.95615005493164,6
10,f102_nyg_low_action_AMT_CREDIT_s_app_AMT_GOODS_PRICE_std,42.58000993728638,9
10,f102_nyg_low_action_AMT_CREDIT_s_app_AMT_GOODS_PRICE_max_div_min,23.16129994392395,5
10,f102_nyg_low_action_AMT_CREDIT_s_app_AMT_GOODS_PRICE_pctchange_max,187.99961042404175,41
10,f102_nyg_low_action_AMT_CREDIT_s_app_AMT_GOODS_PRICE_pctchange_std,8.162030220031738,1
10,f102_nyg_low_action_AMT_CREDIT_s_app_AMT_GOODS_PRICE_pctchange_min,123.27248895168304,31
10,f102_nyg_low_action_AMT_CREDIT_s_app_AMT_INCOME_TOTAL_diff_max,2.9651100635528564,1
10,f102_nyg_low_action_AMT_CREDIT_s_app_AMT_INCOME_TOTAL_diff_std_div_mean,0.0,0
10,f102_nyg_low_action_AMT_CREDIT_s_app_AMT_GOODS_PRICE_pctchange_mean,136.11280047893524,30
10,f102_nyg_low_action_AMT_CREDIT_s_app_AMT_INCOME_TOTAL_diff_std,0.0,0
10,f102_nyg_low_action_AMT_CREDIT_s_app_AMT_GOODS_PRICE_pctchange_max_div_min,32.236550092697144,6
10,f102_nyg_low_action_AMT_CREDIT_s_app_AMT_INCOME_TOTAL_mean,714.9395648241043,151
10,f102_nyg_low_action_AMT_CREDIT_s_app_AMT_INCOME_TOTAL_diff_mean,11.040440082550049,3
10,f102_nyg_low_action_AMT_CREDIT_s_app_AMT_INCOME_TOTAL_max_div_min,75.03655004501343,18
10,f102_nyg_low_action_AMT_CREDIT_s_app_AMT_INCOME_TOTAL_max,954.7132493257523,219
10,f102_nyg_low_action_AMT_CREDIT_s_app_AMT_INCOME_TOTAL_diff_min,25.419339895248413,9
10,f102_nyg_low_action_AMT_CREDIT_s_app_AMT_INCOME_TOTAL_pctchange_max,889.5896705389023,197
10,f102_nyg_low_action_AMT_CREDIT_s_app_AMT_INCOME_TOTAL_min,1208.9587697982788,253
10,f102_nyg_low_action_AMT_CREDIT_s_app_AMT_INCOME_TOTAL_std_div_mean,282.25974011421204,51
10,f102_nyg_low_action_AMT_CREDIT_s_app_AMT_INCOME_TOTAL_pctchange_mean,569.9057624340057,122
10,f102_nyg_low_action_AMT_CREDIT_s_app_AMT_INCOME_TOTAL_pctchange_std_div_mean,6.40585994720459,2
10,f102_nyg_low_action_AMT_CREDIT_std,18.072399854660034,4
10,f102_nyg_low_action_AMT_CREDIT_s_app_AMT_INCOME_TOTAL_std,0.0,0
10,f102_nyg_low_action_AMT_DOWN_PAYMENT_d_AMT_GOODS_PRICE_pctchange_max,75.9556303024292,17
10,f102_nyg_low_action_AMT_DOWN_PAYMENT_d_AMT_GOODS_PRICE_diff_std_div_mean,0.0,0
10,f102_nyg_low_action_AMT_CREDIT_s_app_AMT_INCOME_TOTAL_pctchange_min,923.1655074357986,198
10,f102_nyg_low_action_AMT_DOWN_PAYMENT_d_AMT_GOODS_PRICE_max,53.29957056045532,10
10,f102_nyg_low_action_AMT_DOWN_PAYMENT_d_AMT_GOODS_PRICE_pctchange_min,43.473140001297,11
10,f102_nyg_low_action_AMT_DOWN_PAYMENT_d_AMT_GOODS_PRICE_pctchange_mean,12.11674976348877,2
10,f102_nyg_low_action_AMT_DOWN_PAYMENT_d_AMT_GOODS_PRICE_mean,18.62718963623047,4
10,f102_nyg_low_action_AMT_DOWN_PAYMENT_d_AMT_GOODS_PRICE_diff_max_div_min,61.970879554748535,13
10,f102_nyg_low_action_AMT_DOWN_PAYMENT_d_AMT_GOODS_PRICE_min,9.861940145492554,2
10,f102_nyg_low_action_AMT_DOWN_PAYMENT_mean,0.0,0
10,f102_nyg_low_action_AMT_DOWN_PAYMENT_d_AMT_GOODS_PRICE_std,0.0,0
10,f102_nyg_low_action_AMT_GOODS_PRICE_d_AMT_ANNUITY_diff_std_div_mean,37.340009927749634,8
10,f102_nyg_low_action_AMT_DOWN_PAYMENT_min,0.0,0
10,f102_nyg_low_action_AMT_GOODS_PRICE_d_AMT_ANNUITY_pctchange_max_div_min,37.38130044937134,8
10,f102_nyg_low_action_AMT_GOODS_PRICE_d_AMT_ANNUITY_pctchange_min,1392.4403194189072,278
10,f102_nyg_low_action_AMT_GOODS_PRICE_d_AMT_ANNUITY_diff_max_div_min,35.80013024806976,6
10,f102_nyg_low_action_AMT_DOWN_PAYMENT_max,10.795810222625732,2
10,f102_nyg_low_action_AMT_GOODS_PRICE_d_AMT_ANNUITY_pctchange_max,800.0055866241455,179
10,f102_nyg_low_action_AMT_GOODS_PRICE_d_AMT_ANNUITY_pctchange_mean,812.0558116100729,170
10,f102_nyg_low_action_AMT_GOODS_PRICE_d_app_AMT_ANNUITY_diff_max,258.24742490053177,57
10,f102_nyg_low_action_AMT_GOODS_PRICE_d_AMT_CREDIT_max_div_min,69.73948013782501,14
10,f102_nyg_low_action_AMT_GOODS_PRICE_d_app_AMT_ANNUITY_diff_std,19.14273977279663,4
10,f102_nyg_low_action_AMT_GOODS_PRICE_d_app_AMT_ANNUITY_diff_std_div_mean,50.94095969200134,9
10,f102_nyg_low_action_AMT_GOODS_PRICE_d_app_AMT_ANNUITY_pctchange_max,513.8606137633324,101
10,f102_nyg_low_action_AMT_GOODS_PRICE_d_app_AMT_ANNUITY_min,1343.2930722385645,294
10,f102_nyg_low_action_AMT_GOODS_PRICE_d_app_AMT_ANNUITY_max_div_min,60.30115985870361,13
10,f102_nyg_low_action_AMT_GOODS_PRICE_d_AMT_CREDIT_diff_std_div_mean,23.562389850616455,5
10,f102_nyg_low_action_AMT_GOODS_PRICE_d_AMT_CREDIT_pctchange_max_div_min,119.75906580686569,25
10,f102_nyg_low_action_AMT_GOODS_PRICE_d_AMT_CREDIT_diff_max_div_min,101.04606902599335,21
10,f102_nyg_low_action_AMT_GOODS_PRICE_d_app_AMT_CREDIT_diff_max,207.23378026485443,40
10,f102_nyg_low_action_AMT_GOODS_PRICE_d_app_AMT_ANNUITY_diff_min,275.9293406009674,55
10,f102_nyg_low_action_AMT_GOODS_PRICE_d_app_AMT_ANNUITY_max,1173.485794723034,253
10,f102_nyg_low_action_AMT_GOODS_PRICE_d_app_AMT_ANNUITY_mean,1231.9405018687248,260
10,f102_nyg_low_action_AMT_GOODS_PRICE_d_app_AMT_ANNUITY_diff_mean,264.38227927684784,58
10,f102_nyg_low_action_AMT_GOODS_PRICE_d_app_AMT_CREDIT_diff_mean,263.4046194553375,51
10,f102_nyg_low_action_AMT_GOODS_PRICE_d_app_AMT_CREDIT_diff_std_div_mean,25.650680541992188,4
10,f102_nyg_low_action_AMT_GOODS_PRICE_d_app_AMT_ANNUITY_std,95.1612104177475,19
10,f102_nyg_low_action_AMT_GOODS_PRICE_d_app_AMT_CREDIT_pctchange_max,131.31846034526825,28
10,f102_nyg_low_action_AMT_GOODS_PRICE_d_app_AMT_CREDIT_mean,690.5614023208618,140
10,f102_nyg_low_action_AMT_GOODS_PRICE_d_app_AMT_CREDIT_diff_std,21.22470611333847,4
10,f102_nyg_low_action_AMT_GOODS_PRICE_d_app_AMT_GOODS_PRICE_diff_std,0.0,0
10,f102_nyg_low_action_AMT_GOODS_PRICE_d_app_AMT_CREDIT_max,1068.1923885047436,236
10,f102_nyg_low_action_AMT_GOODS_PRICE_d_app_AMT_CREDIT_std,98.17111945152283,22
10,f102_nyg_low_action_AMT_GOODS_PRICE_d_app_AMT_CREDIT_min,901.1310302615166,207
10,f102_nyg_low_action_AMT_GOODS_PRICE_d_app_AMT_CREDIT_diff_min,202.79510974884033,44
10,f102_nyg_low_action_AMT_GOODS_PRICE_d_app_AMT_CREDIT_max_div_min,12.155849933624268,2
10,f102_nyg_low_action_AMT_GOODS_PRICE_d_app_AMT_GOODS_PRICE_diff_min,177.17772817611694,41
10,f102_nyg_low_action_AMT_GOODS_PRICE_d_app_AMT_GOODS_PRICE_diff_max,251.05866873264313,46
10,f102_nyg_low_action_AMT_GOODS_PRICE_d_app_AMT_GOODS_PRICE_diff_mean,228.19089150428772,47
10,f102_nyg_low_action_AMT_GOODS_PRICE_d_app_AMT_GOODS_PRICE_diff_std_div_mean,29.00661015510559,5
10,f102_nyg_low_action_AMT_GOODS_PRICE_d_app_AMT_GOODS_PRICE_min,1743.8588700294495,388
10,f102_nyg_low_action_AMT_GOODS_PRICE_d_app_AMT_GOODS_PRICE_std,123.64005041122437,23
10,f102_nyg_low_action_AMT_GOODS_PRICE_d_app_AMT_GOODS_PRICE_pctchange_max,176.4187162220478,30
10,f102_nyg_low_action_AMT_GOODS_PRICE_d_app_AMT_INCOME_TOTAL_diff_std_div_mean,3.885430097579956,1
10,f102_nyg_low_action_AMT_GOODS_PRICE_d_app_AMT_INCOME_TOTAL_diff_mean,302.7823915183544,62
10,f102_nyg_low_action_AMT_GOODS_PRICE_d_app_AMT_GOODS_PRICE_max_div_min,10.416309833526611,2
10,f102_nyg_low_action_AMT_GOODS_PRICE_d_app_AMT_INCOME_TOTAL_diff_min,170.03957080841064,35
10,f102_nyg_low_action_AMT_GOODS_PRICE_d_app_AMT_INCOME_TOTAL_min,621.9806044101715,144
10,f102_nyg_low_action_AMT_GOODS_PRICE_d_app_AMT_INCOME_TOTAL_pctchange_max,29.683509826660156,4
10,f102_nyg_low_action_AMT_GOODS_PRICE_d_app_AMT_INCOME_TOTAL_mean,1051.066391095519,229
10,f102_nyg_low_action_AMT_GOODS_PRICE_d_total_debt_diff_std_div_mean,45.64282011985779,9
10,f102_nyg_low_action_AMT_GOODS_PRICE_d_app_AMT_INCOME_TOTAL_max_div_min,5.379519939422607,1
10,f102_nyg_low_action_AMT_GOODS_PRICE_d_total_debt_diff_max,694.2466664612293,150
10,f102_nyg_low_action_AMT_GOODS_PRICE_d_total_debt_pctchange_mean,756.8788130879402,165
10,f102_nyg_low_action_AMT_GOODS_PRICE_d_total_debt_pctchange_max,561.605574131012,130
10,f102_nyg_low_action_AMT_GOODS_PRICE_d_total_debt_diff_mean,889.2837439775467,178
10,f102_nyg_low_action_AMT_GOODS_PRICE_d_total_debt_pctchange_min,1299.4359496831894,255
10,f102_nyg_low_action_AMT_GOODS_PRICE_m_app_AMT_GOODS_PRICE_d_app_AMT_INCOME_TOTAL_diff_mean,167.1343995332718,35
10,f102_nyg_low_action_AMT_GOODS_PRICE_m_app_AMT_GOODS_PRICE_d_app_AMT_INCOME_TOTAL_max_div_min,84.2577383518219,11
10,f102_nyg_low_action_AMT_GOODS_PRICE_m_app_AMT_GOODS_PRICE_d_app_AMT_INCOME_TOTAL_diff_std_div_mean,3.269320011138916,1
10,f102_nyg_low_action_AMT_GOODS_PRICE_m_app_AMT_GOODS_PRICE_d_app_AMT_INCOME_TOTAL_mean,1206.821345448494,259
10,f102_nyg_low_action_AMT_GOODS_PRICE_m_app_AMT_GOODS_PRICE_d_app_AMT_INCOME_TOTAL_diff_min,86.92647108435631,19
10,f102_nyg_low_action_AMT_GOODS_PRICE_m_app_AMT_GOODS_PRICE_d_app_AMT_INCOME_TOTAL_min,1662.1444414760917,355
10,f102_nyg_low_action_AMT_GOODS_PRICE_m_app_AMT_GOODS_PRICE_d_app_AMT_INCOME_TOTAL_pctchange_max,732.562798500061,157
10,f102_nyg_low_action_AMT_GOODS_PRICE_m_app_AMT_GOODS_PRICE_d_app_AMT_INCOME_TOTAL_pctchange_mean,664.0480312108994,138
10,f102_nyg_low_action_AMT_GOODS_PRICE_m_app_AMT_GOODS_PRICE_d_app_AMT_INCOME_TOTAL_pctchange_min,662.5576570928097,125
10,f102_nyg_low_action_AMT_GOODS_PRICE_m_app_AMT_GOODS_PRICE_d_app_AMT_INCOME_TOTAL_std_div_mean,200.63140082359314,34
10,f102_nyg_low_action_AMT_GOODS_PRICE_max,1097.358125925064,234
10,f102_nyg_low_action_AMT_GOODS_PRICE_m_app_AMT_GOODS_PRICE_d_app_AMT_INCOME_TOTAL_pctchange_std,34.629640340805054,6
10,f102_nyg_low_action_AMT_GOODS_PRICE_m_app_AMT_GOODS_PRICE_d_app_AMT_INCOME_TOTAL_pctchange_std_div_mean,16.345640182495117,4
10,f102_nyg_low_action_AMT_GOODS_PRICE_max_div_min,0.0,0
10,f102_nyg_low_action_AMT_GOODS_PRICE_s_app_AMT_ANNUITY_d_app_AMT_INCOME_TOTAL_diff_min,63.014050245285034,12
10,f102_nyg_low_action_AMT_GOODS_PRICE_m_app_AMT_GOODS_PRICE_d_app_AMT_INCOME_TOTAL_pctchange_max_div_min,48.36652064323425,10
10,f102_nyg_low_action_AMT_GOODS_PRICE_s_app_AMT_ANNUITY_d_app_AMT_INCOME_TOTAL_diff_std_div_mean,4.388979911804199,1
10,f102_nyg_low_action_AMT_GOODS_PRICE_mean,874.4304952323437,179
10,f102_nyg_low_action_AMT_GOODS_PRICE_s_app_AMT_ANNUITY_d_app_AMT_INCOME_TOTAL_max_div_min,41.57390999794006,9
10,f102_nyg_low_action_AMT_GOODS_PRICE_min,1204.1307764798403,248
10,f102_nyg_low_action_AMT_GOODS_PRICE_s_app_AMT_ANNUITY_d_app_AMT_INCOME_TOTAL_diff_mean,34.81492018699646,10
10,f102_nyg_low_action_AMT_GOODS_PRICE_s_app_AMT_ANNUITY_d_app_AMT_INCOME_TOTAL_mean,1160.0904150009155,245
10,f102_nyg_low_action_AMT_GOODS_PRICE_s_app_AMT_ANNUITY_d_app_AMT_INCOME_TOTAL_pctchange_std_div_mean,18.82946014404297,2
10,f102_nyg_low_action_AMT_GOODS_PRICE_s_app_AMT_ANNUITY_diff_max,241.76540899276733,52
10,f102_nyg_low_action_AMT_GOODS_PRICE_s_app_AMT_ANNUITY_d_app_AMT_INCOME_TOTAL_pctchange_mean,626.9653793275356,135
10,f102_nyg_low_action_AMT_GOODS_PRICE_s_app_AMT_ANNUITY_d_app_AMT_INCOME_TOTAL_min,978.2512554526329,218
10,f102_nyg_low_action_AMT_GOODS_PRICE_s_app_AMT_ANNUITY_d_app_AMT_INCOME_TOTAL_pctchange_std,40.15023970603943,8
10,f102_nyg_low_action_AMT_GOODS_PRICE_s_app_AMT_ANNUITY_diff_std,58.7170889377594,9
10,f102_nyg_low_action_AMT_GOODS_PRICE_s_app_AMT_ANNUITY_d_app_AMT_INCOME_TOTAL_pctchange_min,699.3103339076042,141
10,f102_nyg_low_action_AMT_GOODS_PRICE_s_app_AMT_ANNUITY_diff_std_div_mean,0.0,0
10,f102_nyg_low_action_AMT_GOODS_PRICE_s_app_AMT_ANNUITY_d_app_AMT_INCOME_TOTAL_pctchange_max,534.144387960434,112
10,f102_nyg_low_action_AMT_GOODS_PRICE_s_app_AMT_ANNUITY_min,1020.6709560155869,222
10,f102_nyg_low_action_AMT_GOODS_PRICE_s_app_AMT_ANNUITY_max,803.6651377677917,183
10,f102_nyg_low_action_AMT_GOODS_PRICE_s_app_AMT_ANNUITY_diff_min,253.2374973297119,51
10,f102_nyg_low_action_AMT_GOODS_PRICE_s_app_AMT_ANNUITY_max_div_min,7.4490602016448975,2
10,f102_nyg_low_action_AMT_GOODS_PRICE_s_app_AMT_ANNUITY_diff_mean,222.95004177093506,39
10,f102_nyg_low_action_AMT_GOODS_PRICE_s_app_AMT_ANNUITY_mean,647.705384761095,144
10,f102_nyg_low_action_AMT_GOODS_PRICE_s_app_AMT_ANNUITY_pctchange_max,152.63652920722961,38
10,f102_nyg_low_action_AMT_GOODS_PRICE_s_app_AMT_ANNUITY_pctchange_std_div_mean,15.135290622711182,2
10,f102_nyg_low_action_AMT_GOODS_PRICE_s_app_AMT_ANNUITY_pctchange_std,3.778330087661743,1
10,f102_nyg_low_action_AMT_GOODS_PRICE_s_app_AMT_ANNUITY_pctchange_min,209.88474941253662,41
10,f102_nyg_low_action_AMT_GOODS_PRICE_s_app_AMT_ANNUITY_std,78.55737972259521,15
10,f102_nyg_low_action_AMT_GOODS_PRICE_s_app_AMT_CREDIT_d_app_AMT_INCOME_TOTAL_diff_mean,30.640419960021973,5
10,f102_nyg_low_action_AMT_GOODS_PRICE_s_app_AMT_CREDIT_d_app_AMT_INCOME_TOTAL_diff_std_div_mean,0.0,0
10,f102_nyg_low_action_AMT_GOODS_PRICE_s_app_AMT_CREDIT_d_app_AMT_INCOME_TOTAL_pctchange_max_div_min,7.260010242462158,2
10,f102_nyg_low_action_AMT_GOODS_PRICE_s_app_AMT_CREDIT_d_app_AMT_INCOME_TOTAL_min,1129.5269704461098,249
10,f102_nyg_low_action_AMT_GOODS_PRICE_s_app_AMT_ANNUITY_pctchange_mean,167.77851057052612,33
10,f102_nyg_low_action_AMT_GOODS_PRICE_s_app_AMT_CREDIT_d_app_AMT_INCOME_TOTAL_diff_min,18.703139781951904,4
10,f102_nyg_low_action_AMT_GOODS_PRICE_s_app_AMT_CREDIT_d_app_AMT_INCOME_TOTAL_max_div_min,17.386820316314697,5
10,f102_nyg_low_action_AMT_GOODS_PRICE_s_app_AMT_CREDIT_d_app_AMT_INCOME_TOTAL_pctchange_std_div_mean,15.251669883728027,3
10,f102_nyg_low_action_AMT_GOODS_PRICE_s_app_AMT_CREDIT_diff_min,64.84009930491447,14
10,f102_nyg_low_action_AMT_GOODS_PRICE_s_app_AMT_CREDIT_d_app_AMT_INCOME_TOTAL_mean,966.4824148416519,240
10,f102_nyg_low_action_AMT_GOODS_PRICE_s_app_AMT_CREDIT_diff_std,5.1917500495910645,1
10,f102_nyg_low_action_AMT_GOODS_PRICE_s_app_AMT_CREDIT_diff_mean,54.32370948791504,12
10,f102_nyg_low_action_AMT_GOODS_PRICE_s_app_AMT_CREDIT_diff_max,103.42739987373352,21
10,f102_nyg_low_action_AMT_GOODS_PRICE_s_app_AMT_CREDIT_d_app_AMT_INCOME_TOTAL_std_div_mean,70.68404030799866,14
10,f102_nyg_low_action_AMT_GOODS_PRICE_s_app_AMT_GOODS_PRICE_diff_std,44.05783009529114,8
10,f102_nyg_low_action_AMT_GOODS_PRICE_s_app_AMT_CREDIT_std_div_mean,39.68251991271973,7
10,f102_nyg_low_action_AMT_GOODS_PRICE_s_app_AMT_CREDIT_pctchange_max_div_min,7.293570041656494,1
10,f102_nyg_low_action_AMT_GOODS_PRICE_s_app_AMT_CREDIT_diff_std_div_mean,0.0,0
10,f102_nyg_low_action_AMT_GOODS_PRICE_s_app_AMT_CREDIT_max_div_min,12.359870195388794,3
10,f102_nyg_low_action_AMT_GOODS_PRICE_s_app_AMT_GOODS_PRICE_diff_std_div_mean,3.3086299896240234,1
10,f102_nyg_low_action_AMT_GOODS_PRICE_s_app_AMT_CREDIT_pctchange_std_div_mean,7.722970008850098,2
10,f102_nyg_low_action_AMT_GOODS_PRICE_s_app_AMT_CREDIT_std,0.0,0
10,f102_nyg_low_action_AMT_GOODS_PRICE_s_app_AMT_GOODS_PRICE_diff_min,77.61802041530609,17
10,f102_nyg_low_action_AMT_GOODS_PRICE_s_app_AMT_GOODS_PRICE_diff_mean,93.85903000831604,20
10,f102_nyg_low_action_AMT_GOODS_PRICE_s_app_AMT_GOODS_PRICE_std,48.44393062591553,7
10,f102_nyg_low_action_AMT_GOODS_PRICE_s_app_AMT_GOODS_PRICE_diff_max,117.78935134410858,26
10,f102_nyg_low_action_AMT_GOODS_PRICE_s_app_AMT_GOODS_PRICE_pctchange_std,8.546799898147583,2
10,f102_nyg_low_action_AMT_GOODS_PRICE_s_app_AMT_GOODS_PRICE_pctchange_std_div_mean,0.0,0
10,f102_nyg_low_action_AMT_GOODS_PRICE_s_app_AMT_GOODS_PRICE_pctchange_max_div_min,0.0,0
10,f102_nyg_low_action_AMT_GOODS_PRICE_s_app_AMT_GOODS_PRICE_pctchange_min,159.5200606584549,38
10,f102_nyg_low_action_AMT_GOODS_PRICE_s_app_AMT_GOODS_PRICE_pctchange_max,199.142679810524,46
10,f102_nyg_low_action_AMT_GOODS_PRICE_s_app_AMT_GOODS_PRICE_max_div_min,17.28542971611023,3
10,f102_nyg_low_action_AMT_GOODS_PRICE_s_app_AMT_GOODS_PRICE_pctchange_mean,178.1816897392273,38
10,f102_nyg_low_action_AMT_GOODS_PRICE_s_app_AMT_GOODS_PRICE_std_div_mean,90.0249115228653,18
10,f102_nyg_low_action_AMT_GOODS_PRICE_s_app_AMT_INCOME_TOTAL_diff_std_div_mean,0.0,0
10,f102_nyg_low_action_AMT_GOODS_PRICE_s_app_AMT_INCOME_TOTAL_diff_mean,5.772310018539429,2
10,f102_nyg_low_action_AMT_GOODS_PRICE_s_app_AMT_INCOME_TOTAL_diff_min,19.287519931793213,4
10,f102_nyg_low_action_AMT_GOODS_PRICE_s_app_AMT_INCOME_TOTAL_max_div_min,34.5874400138855,5
10,f102_nyg_low_action_AMT_GOODS_PRICE_s_app_AMT_INCOME_TOTAL_diff_max,26.925819635391235,5
10,f102_nyg_low_action_AMT_GOODS_PRICE_s_app_AMT_INCOME_TOTAL_diff_std,15.303029537200928,3
10,f102_nyg_low_action_AMT_GOODS_PRICE_s_app_AMT_INCOME_TOTAL_pctchange_std_div_mean,0.0,0
10,f102_nyg_low_action_AMT_GOODS_PRICE_s_app_AMT_INCOME_TOTAL_mean,210.7536107301712,43
10,f102_nyg_low_action_AMT_GOODS_PRICE_s_app_AMT_INCOME_TOTAL_max,215.25251019001007,48
10,f102_nyg_low_action_AMT_GOODS_PRICE_s_app_AMT_INCOME_TOTAL_std,0.0,0
10,f102_nyg_low_action_AMT_GOODS_PRICE_std,0.0,0
10,f102_nyg_low_action_AMT_GOODS_PRICE_s_app_AMT_INCOME_TOTAL_pctchange_max_div_min,47.68445014953613,9
10,f102_nyg_low_action_AMT_GOODS_PRICE_s_app_AMT_INCOME_TOTAL_min,318.009931743145,73
10,f102_nyg_low_action_AMT_GOODS_PRICE_s_app_AMT_INCOME_TOTAL_pctchange_max,531.831282377243,108
10,f102_nyg_low_action_AMT_GOODS_PRICE_s_app_AMT_INCOME_TOTAL_pctchange_mean,375.1757471114397,78
10,f102_nyg_low_action_AMT_GOODS_PRICE_s_app_AMT_INCOME_TOTAL_pctchange_min,488.85318809747696,105
10,f102_nyg_low_action_CHANNEL_TYPE_Country_wide_mean,447.17086696624756,106
10,f102_nyg_low_action_CHANNEL_TYPE_Credit_and_cash_offices_mean,303.6903167963028,63
10,f102_nyg_low_action_CHANNEL_TYPE_Country_wide_sum,144.12378978729248,31
10,f102_nyg_low_action_CHANNEL_TYPE_AP___Cash_loan__sum,1.3089300394058228,1
10,f102_nyg_low_action_CHANNEL_TYPE_Channel_of_corporate_sales_sum,0.0,0
10,f102_nyg_low_action_CHANNEL_TYPE_AP___Cash_loan__mean,0.0,0
10,f102_nyg_low_action_CHANNEL_TYPE_Channel_of_corporate_sales_mean,0.18748100101947784,1
10,f102_nyg_low_action_CHANNEL_TYPE_Contact_center_mean,74.41113042831421,18
10,f102_nyg_low_action_CHANNEL_TYPE_Regional___Local_mean,327.9644501209259,58
10,f102_nyg_low_action_CHANNEL_TYPE_Contact_center_sum,16.10157012939453,3
10,f102_nyg_low_action_CHANNEL_TYPE_Regional___Local_sum,76.48306012153625,11
10,f102_nyg_low_action_CHANNEL_TYPE_Credit_and_cash_offices_sum,69.49569940567017,18
10,f102_nyg_low_action_CHANNEL_TYPE_Stone_mean,76.04282021522522,18
10,f102_nyg_low_action_CHANNEL_TYPE_Stone_sum,7.090319871902466,2
10,f102_nyg_low_action_CODE_REJECT_REASON_SCO_sum,0.9400429725646973,1
10,f102_nyg_low_action_CODE_REJECT_REASON_SCO_mean,0.0,0
10,f102_nyg_low_action_CODE_REJECT_REASON_VERIF_mean,0.0,0
10,f102_nyg_low_action_DAYS_DECISION_d_app_DAYS_BIRTH_max_div_min,81.68260836601257,16
10,f102_nyg_low_action_CODE_REJECT_REASON_XNA_sum,0.0,0
10,f102_nyg_low_action_CODE_REJECT_REASON_XNA_mean,0.0,0
10,f102_nyg_low_action_DAYS_DECISION_d_app_DAYS_ID_PUBLISH_mean,1875.2055808156729,432
10,f102_nyg_low_action_CODE_REJECT_REASON_VERIF_sum,0.0,0
10,f102_nyg_low_action_DAYS_DECISION_d_app_DAYS_EMPLOYED_max_div_min,25.04544997215271,5
10,f102_nyg_low_action_DAYS_DECISION_d_app_DAYS_ID_PUBLISH_max_div_min,13.95209002494812,3
10,f102_nyg_low_action_DAYS_DECISION_d_app_DAYS_LAST_PHONE_CHANGE_min,2587.618175103329,621
10,f102_nyg_low_action_DAYS_DECISION_d_app_DAYS_LAST_PHONE_CHANGE_max,2328.4433264881372,546
10,f102_nyg_low_action_DAYS_DECISION_d_app_DAYS_ID_PUBLISH_max,2217.383540391922,528
10,f102_nyg_low_action_DAYS_DECISION_d_app_DAYS_LAST_PHONE_CHANGE_mean,1891.2761290669441,441
10,f102_nyg_low_action_DAYS_DECISION_d_app_DAYS_LAST_PHONE_CHANGE_std,251.82894921302795,50
10,f102_nyg_low_action_DAYS_DECISION_d_app_DAYS_REGISTRATION_max_div_min,1.0544500350952148,1
10,f102_nyg_low_action_DAYS_DECISION_d_app_DAYS_REGISTRATION_max,2317.7463124990463,525
10,f102_nyg_low_action_DAYS_DECISION_d_app_DAYS_ID_PUBLISH_min,2072.491929754615,493
10,f102_nyg_low_action_DAYS_DECISION_d_app_DAYS_LAST_PHONE_CHANGE_max_div_min,97.79663908481598,18
10,f102_nyg_low_action_DAYS_DECISION_s_app_DAYS_ID_PUBLISH_std_div_mean,191.51530051231384,40
10,f102_nyg_low_action_DAYS_DECISION_d_app_DAYS_REGISTRATION_min,1783.6237797737122,433
10,f102_nyg_low_action_DAYS_DECISION_s_app_DAYS_LAST_PHONE_CHANGE_max_div_min,597.9951106309891,110
10,f102_nyg_low_action_DAYS_DECISION_d_app_DAYS_REGISTRATION_mean,1715.7429312765598,394
10,f102_nyg_low_action_DAYS_DECISION_s_app_DAYS_LAST_PHONE_CHANGE_std_div_mean,137.04663968086243,29
10,f102_nyg_low_action_DAYS_DECISION_s_app_DAYS_EMPLOYED_max_div_min,35.76639986038208,7
10,f102_nyg_low_action_DAYS_DECISION_s_app_DAYS_ID_PUBLISH_max_div_min,25.963129997253418,6
10,f102_nyg_low_action_DAYS_DECISION_s_app_DAYS_REGISTRATION_std_div_mean,136.64493131637573,29
10,f102_nyg_low_action_DAYS_DECISION_s_app_DAYS_REGISTRATION_max_div_min,125.21564030647278,22
10,f102_nyg_low_action_DAYS_FIRST_DUE_d_app_DAYS_BIRTH_std_div_mean,0.0,0
10,f102_nyg_low_action_DAYS_FIRST_DUE_d_app_DAYS_BIRTH_max_div_min,0.0,0
10,f102_nyg_low_action_DAYS_FIRST_DUE_d_app_DAYS_EMPLOYED_max_div_min,0.0,0
10,f102_nyg_low_action_DAYS_FIRST_DUE_d_app_DAYS_ID_PUBLISH_max_div_min,0.0,0
10,f102_nyg_low_action_DAYS_FIRST_DUE_d_app_DAYS_ID_PUBLISH_std_div_mean,0.0,0
10,f102_nyg_low_action_DAYS_FIRST_DUE_d_app_DAYS_ID_PUBLISH_std,0.0,0
10,f102_nyg_low_action_DAYS_FIRST_DUE_d_app_DAYS_EMPLOYED_std_div_mean,0.0,0
10,f102_nyg_low_action_DAYS_FIRST_DUE_d_app_DAYS_LAST_PHONE_CHANGE_std_div_mean,0.0,0
10,f102_nyg_low_action_DAYS_FIRST_DUE_d_app_DAYS_ID_PUBLISH_mean,1388.8029230386019,304
10,f102_nyg_low_action_DAYS_FIRST_DUE_d_app_DAYS_LAST_PHONE_CHANGE_max,1566.11707790941,343
10,f102_nyg_low_action_DAYS_FIRST_DUE_d_app_DAYS_ID_PUBLISH_max,1242.6987670361996,268
10,f102_nyg_low_action_DAYS_FIRST_DUE_d_app_DAYS_LAST_PHONE_CHANGE_std,0.0,0
10,f102_nyg_low_action_DAYS_FIRST_DUE_d_app_DAYS_ID_PUBLISH_min,1232.1013624072075,275
10,f102_nyg_low_action_DAYS_FIRST_DUE_d_app_DAYS_LAST_PHONE_CHANGE_min,1578.9662623107433,327
10,f102_nyg_low_action_DAYS_FIRST_DUE_d_app_DAYS_REGISTRATION_std,0.0,0
10,f102_nyg_low_action_DAYS_FIRST_DUE_d_app_DAYS_LAST_PHONE_CHANGE_mean,948.3474409133196,221
10,f102_nyg_low_action_DAYS_FIRST_DUE_d_app_DAYS_LAST_PHONE_CHANGE_max_div_min,0.0,0
10,f102_nyg_low_action_DAYS_FIRST_DUE_d_app_DAYS_REGISTRATION_min,1273.6699022352695,290
10,f102_nyg_low_action_DAYS_FIRST_DUE_d_app_DAYS_REGISTRATION_max,1395.7282058298588,302
10,f102_nyg_low_action_DAYS_FIRST_DUE_d_app_DAYS_REGISTRATION_max_div_min,0.0,0
10,f102_nyg_low_action_DAYS_FIRST_DUE_s_app_DAYS_BIRTH_std,0.0,0
10,f102_nyg_low_action_DAYS_FIRST_DUE_d_app_DAYS_REGISTRATION_std_div_mean,0.0,0
10,f102_nyg_low_action_DAYS_FIRST_DUE_s_app_DAYS_ID_PUBLISH_std,0.0,0
10,f102_nyg_low_action_DAYS_FIRST_DUE_s_DAYS_DECISIONS_max_div_min,0.0,0
10,f102_nyg_low_action_DAYS_FIRST_DUE_d_app_DAYS_REGISTRATION_mean,1273.579850435257,244
10,f102_nyg_low_action_DAYS_FIRST_DUE_s_app_DAYS_EMPLOYED_std,0.0,0
10,f102_nyg_low_action_DAYS_FIRST_DUE_s_app_DAYS_LAST_PHONE_CHANGE_std_div_mean,0.0,0
10,f102_nyg_low_action_DAYS_FIRST_DUE_s_app_DAYS_LAST_PHONE_CHANGE_std,0.0,0
10,f102_nyg_low_action_DAYS_FIRST_DUE_s_app_DAYS_EMPLOYED_max_div_min,0.0,0
10,f102_nyg_low_action_DAYS_FIRST_DUE_s_app_DAYS_ID_PUBLISH_max_div_min,0.0,0
10,f102_nyg_low_action_DAYS_FIRST_DUE_s_app_DAYS_REGISTRATION_std,0.0,0
10,f102_nyg_low_action_DAYS_FIRST_DUE_s_app_DAYS_REGISTRATION_max_div_min,0.0,0
10,f102_nyg_low_action_DAYS_FIRST_DUE_s_app_DAYS_ID_PUBLISH_std_div_mean,0.0,0
10,f102_nyg_low_action_DAYS_FIRST_DUE_s_app_DAYS_LAST_PHONE_CHANGE_max_div_min,0.0,0
10,f102_nyg_low_action_DAYS_LAST_DUE_1ST_VERSION_d_app_DAYS_BIRTH_max_div_min,3.5967800617218018,1
10,f102_nyg_low_action_DAYS_LAST_DUE_1ST_VERSION_d_app_DAYS_EMPLOYED_std_div_mean,0.0,0
10,f102_nyg_low_action_DAYS_LAST_DUE_1ST_VERSION_d_app_DAYS_EMPLOYED_std,0.0,0
10,f102_nyg_low_action_DAYS_LAST_DUE_1ST_VERSION_d_app_DAYS_EMPLOYED_max_div_min,0.0,0
10,f102_nyg_low_action_DAYS_LAST_DUE_1ST_VERSION_d_app_DAYS_ID_PUBLISH_max,2136.0289192795753,412
10,f102_nyg_low_action_DAYS_LAST_DUE_1ST_VERSION_d_app_DAYS_ID_PUBLISH_mean,1418.2078429087996,287
10,f102_nyg_low_action_DAYS_LAST_DUE_1ST_VERSION_d_app_DAYS_ID_PUBLISH_min,1207.0448674559593,270
10,f102_nyg_low_action_DAYS_LAST_DUE_1ST_VERSION_d_app_DAYS_ID_PUBLISH_max_div_min,0.0,0
10,f102_nyg_low_action_DAYS_LAST_DUE_1ST_VERSION_d_app_DAYS_LAST_PHONE_CHANGE_std,0.0,0
10,f102_nyg_low_action_DAYS_LAST_DUE_1ST_VERSION_d_app_DAYS_LAST_PHONE_CHANGE_min,1395.2326403856277,329
10,f102_nyg_low_action_DAYS_LAST_DUE_1ST_VERSION_d_app_DAYS_LAST_PHONE_CHANGE_mean,1274.0955666005611,290
10,f102_nyg_low_action_DAYS_LAST_DUE_1ST_VERSION_d_app_DAYS_REGISTRATION_max_div_min,0.0,0
10,f102_nyg_low_action_DAYS_LAST_DUE_1ST_VERSION_d_app_DAYS_LAST_PHONE_CHANGE_max,1666.1560005545616,319
10,f102_nyg_low_action_DAYS_LAST_DUE_1ST_VERSION_d_app_DAYS_LAST_PHONE_CHANGE_max_div_min,8.693239688873291,2
10,f102_nyg_low_action_DAYS_LAST_DUE_1ST_VERSION_s_DAYS_DECISIONS_max,715.9819910526276,161
10,f102_nyg_low_action_DAYS_LAST_DUE_1ST_VERSION_d_app_DAYS_REGISTRATION_std,0.0,0
10,f102_nyg_low_action_DAYS_LAST_DUE_1ST_VERSION_d_app_DAYS_REGISTRATION_mean,1476.5292206406593,320
10,f102_nyg_low_action_DAYS_LAST_DUE_1ST_VERSION_d_app_DAYS_REGISTRATION_max,1722.549111025408,355
10,f102_nyg_low_action_DAYS_LAST_DUE_1ST_VERSION_s_DAYS_DECISIONS_mean,479.5862624645233,98
10,f102_nyg_low_action_DAYS_LAST_DUE_1ST_VERSION_s_DAYS_DECISIONS_min,590.3140915632248,118
10,f102_nyg_low_action_DAYS_LAST_DUE_1ST_VERSION_d_app_DAYS_REGISTRATION_min,1374.5862656235695,318
10,f102_nyg_low_action_DAYS_LAST_DUE_1ST_VERSION_s_app_DAYS_EMPLOYED_std_div_mean,0.0,0
10,f102_nyg_low_action_DAYS_LAST_DUE_1ST_VERSION_s_DAYS_FIRST_DUE_mean,96.29790997505188,18
10,f102_nyg_low_action_DAYS_LAST_DUE_1ST_VERSION_s_DAYS_FIRST_DUE_max,45.0886492729187,10
10,f102_nyg_low_action_DAYS_LAST_DUE_1ST_VERSION_s_DAYS_FIRST_DUE_min,35.85579061508179,6
10,f102_nyg_low_action_DAYS_LAST_DUE_1ST_VERSION_s_app_DAYS_EMPLOYED_max_div_min,0.0,0
10,f102_nyg_low_action_DAYS_LAST_DUE_d_app_DAYS_EMPLOYED_max_div_min,0.0,0
10,f102_nyg_low_action_DAYS_LAST_DUE_d_app_DAYS_EMPLOYED_max,223.86512207984924,36
10,f102_nyg_low_action_DAYS_LAST_DUE_1ST_VERSION_s_app_DAYS_LAST_PHONE_CHANGE_max_div_min,0.0,0
10,f102_nyg_low_action_DAYS_LAST_DUE_d_app_DAYS_EMPLOYED_mean,237.14291977882385,40
10,f102_nyg_low_action_DAYS_LAST_DUE_1ST_VERSION_s_app_DAYS_LAST_PHONE_CHANGE_min,2970.880958378315,633
10,f102_nyg_low_action_DAYS_LAST_DUE_1ST_VERSION_s_app_DAYS_REGISTRATION_max_div_min,0.0,0
10,f102_nyg_low_action_DAYS_LAST_DUE_d_app_DAYS_LAST_PHONE_CHANGE_max_div_min,6.57165002822876,2
10,f102_nyg_low_action_DAYS_LAST_DUE_d_app_DAYS_EMPLOYED_min,271.32397174835205,45
10,f102_nyg_low_action_DAYS_LAST_DUE_d_app_DAYS_ID_PUBLISH_min,153.76893043518066,29
10,f102_nyg_low_action_DAYS_LAST_DUE_d_app_DAYS_BIRTH_max_div_min,0.0,0
10,f102_nyg_low_action_DAYS_LAST_DUE_d_app_DAYS_ID_PUBLISH_mean,154.33081984519958,31
10,f102_nyg_low_action_DAYS_LAST_DUE_d_app_DAYS_ID_PUBLISH_max,153.59493947029114,32
10,f102_nyg_low_action_DAYS_LAST_DUE_d_app_DAYS_LAST_PHONE_CHANGE_min,89.89018964767456,20
10,f102_nyg_low_action_DAYS_LAST_DUE_d_app_DAYS_LAST_PHONE_CHANGE_mean,159.20873069763184,34
10,f102_nyg_low_action_DAYS_LAST_DUE_d_app_DAYS_REGISTRATION_mean,53.284459829330444,12
10,f102_nyg_low_action_DAYS_LAST_DUE_d_app_DAYS_ID_PUBLISH_max_div_min,0.0,0
10,f102_nyg_low_action_DAYS_LAST_DUE_d_app_DAYS_REGISTRATION_max_div_min,0.0,0
10,f102_nyg_low_action_DAYS_LAST_DUE_d_app_DAYS_REGISTRATION_max,38.35006928443909,9
10,f102_nyg_low_action_DAYS_LAST_DUE_s_DAYS_DECISIONS_mean,70.16045999526978,15
10,f102_nyg_low_action_DAYS_LAST_DUE_d_app_DAYS_REGISTRATION_min,58.18571949005127,11
10,f102_nyg_low_action_DAYS_LAST_DUE_s_DAYS_FIRST_DUE_max_div_min,0.0,0
10,f102_nyg_low_action_DAYS_LAST_DUE_s_DAYS_FIRST_DUE_min,24.32668972015381,4
10,f102_nyg_low_action_DAYS_LAST_DUE_s_DAYS_DECISIONS_max_div_min,0.0,0
10,f102_nyg_low_action_DAYS_LAST_DUE_s_DAYS_DECISIONS_min,129.57325887680054,23
10,f102_nyg_low_action_DAYS_LAST_DUE_s_DAYS_DECISIONS_max,34.89467906951904,6
10,f102_nyg_low_action_DAYS_LAST_DUE_s_DAYS_FIRST_DUE_max,0.0,0
10,f102_nyg_low_action_DAYS_LAST_DUE_s_app_DAYS_LAST_PHONE_CHANGE_min,137.39706099033356,29
10,f102_nyg_low_action_DAYS_LAST_DUE_s_app_DAYS_ID_PUBLISH_max_div_min,0.0,0
10,f102_nyg_low_action_DAYS_LAST_DUE_s_DAYS_FIRST_DUE_mean,0.0,0
10,f102_nyg_low_action_DAYS_LAST_DUE_s_DAYS_LAST_DUE_1ST_VERSION_min,137.54041981697083,28
10,f102_nyg_low_action_DAYS_LAST_DUE_s_app_DAYS_LAST_PHONE_CHANGE_max_div_min,0.0,0
10,f102_nyg_low_action_DAYS_TERMINATION_d_app_DAYS_ID_PUBLISH_max_div_min,0.0,0
10,f102_nyg_low_action_DAYS_LAST_DUE_s_app_DAYS_LAST_PHONE_CHANGE_mean,37.57170033454895,9
10,f102_nyg_low_action_DAYS_TERMINATION_d_app_DAYS_EMPLOYED_min,244.32878935337067,42
10,f102_nyg_low_action_DAYS_LAST_DUE_s_app_DAYS_LAST_PHONE_CHANGE_max,25.542190313339233,6
10,f102_nyg_low_action_DAYS_TERMINATION_d_app_DAYS_BIRTH_max_div_min,0.0,0
10,f102_nyg_low_action_DAYS_TERMINATION_d_app_DAYS_REGISTRATION_max,53.313979625701904,11
10,f102_nyg_low_action_DAYS_TERMINATION_d_app_DAYS_LAST_PHONE_CHANGE_max_div_min,4.779749870300293,1
10,f102_nyg_low_action_DAYS_TERMINATION_s_DAYS_DECISIONS_min,105.84690928459167,22
10,f102_nyg_low_action_DAYS_TERMINATION_d_app_DAYS_EMPLOYED_max,123.83614039421082,22
10,f102_nyg_low_action_DAYS_TERMINATION_d_app_DAYS_EMPLOYED_mean,113.29946851730347,18
10,f102_nyg_low_action_DAYS_TERMINATION_d_app_DAYS_EMPLOYED_max_div_min,0.0,0
10,f102_nyg_low_action_DAYS_TERMINATION_s_DAYS_DECISIONS_max,33.440760135650635,9
10,f102_nyg_low_action_DAYS_TERMINATION_s_DAYS_DECISIONS_mean,17.920329570770264,3
10,f102_nyg_low_action_DAYS_TERMINATION_s_DAYS_DECISIONS_max_div_min,0.0,0
10,f102_nyg_low_action_DAYS_TERMINATION_s_DAYS_FIRST_DUE_max_div_min,0.0,0
10,f102_nyg_low_action_DAYS_TERMINATION_d_app_DAYS_REGISTRATION_max_div_min,0.0,0
10,f102_nyg_low_action_DAYS_TERMINATION_d_app_DAYS_REGISTRATION_mean,18.816009759902954,6
10,f102_nyg_low_action_DAYS_TERMINATION_d_app_DAYS_REGISTRATION_min,57.18143057823181,10
10,f102_nyg_low_action_DAYS_TERMINATION_s_DAYS_FIRST_DUE_max,19.707810163497925,4
10,f102_nyg_low_action_DAYS_TERMINATION_s_DAYS_FIRST_DUE_mean,81.94699001312256,18
10,f102_nyg_low_action_DAYS_TERMINATION_s_DAYS_LAST_DUE_max,58.35501980781555,11
10,f102_nyg_low_action_DAYS_TERMINATION_s_DAYS_LAST_DUE_mean,9.510310173034668,2
10,f102_nyg_low_action_DAYS_TERMINATION_s_DAYS_LAST_DUE_1ST_VERSION_max_div_min,0.0,0
10,f102_nyg_low_action_DAYS_TERMINATION_s_DAYS_FIRST_DUE_min,156.82159113883972,28
11,f102_nyg_low_action_DAYS_TERMINATION_s_app_DAYS_LAST_PHONE_CHANGE_max,543.4302503466606,101
11,f102_nyg_low_action_DAYS_TERMINATION_s_app_DAYS_LAST_PHONE_CHANGE_max_div_min,0.0,0
11,f102_nyg_low_action_HOUR_APPR_PROCESS_START_mean,1126.7243750095367,225
11,f102_nyg_low_action_NAME_CASH_LOAN_PURPOSE_Buying_a_garage_sum,0.0,0
11,f102_nyg_low_action_DAYS_TERMINATION_s_app_DAYS_ID_PUBLISH_max_div_min,0.0,0
11,f102_nyg_low_action_HOUR_APPR_PROCESS_START_max_div_min,292.16016775369644,54
11,f102_nyg_low_action_DAYS_TERMINATION_s_app_DAYS_LAST_PHONE_CHANGE_min,272.57274055480957,54
11,f102_nyg_low_action_NAME_CASH_LOAN_PURPOSE_Buying_a_garage_mean,0.0,0
11,f102_nyg_low_action_NAME_CASH_LOAN_PURPOSE_Buying_a_new_car_mean,0.0,0
11,f102_nyg_low_action_HOUR_APPR_PROCESS_START_min,601.0165554583073,115
11,f102_nyg_low_action_NAME_CASH_LOAN_PURPOSE_Business_development_mean,0.0,0
11,f102_nyg_low_action_NAME_CASH_LOAN_PURPOSE_Buying_a_holiday_home___land_mean,0.0,0
11,f102_nyg_low_action_NAME_CASH_LOAN_PURPOSE_Furniture_sum,0.0,0
11,f102_nyg_low_action_NAME_CASH_LOAN_PURPOSE_Business_development_sum,0.0,0
11,f102_nyg_low_action_NAME_CASH_LOAN_PURPOSE_Buying_a_holiday_home___land_sum,0.0,0
11,f102_nyg_low_action_NAME_CASH_LOAN_PURPOSE_Everyday_expenses_mean,0.0,0
11,f102_nyg_low_action_NAME_CASH_LOAN_PURPOSE_Buying_a_used_car_mean,0.0,0
11,f102_nyg_low_action_NAME_CASH_LOAN_PURPOSE_Education_sum,0.0,0
11,f102_nyg_low_action_NAME_CASH_LOAN_PURPOSE_Buying_a_home_mean,0.0,0
11,f102_nyg_low_action_NAME_CASH_LOAN_PURPOSE_Education_mean,0.0,0
11,f102_nyg_low_action_NAME_CASH_LOAN_PURPOSE_Car_repairs_sum,0.0,0
11,f102_nyg_low_action_NAME_CASH_LOAN_PURPOSE_Everyday_expenses_sum,0.0,0
11,f102_nyg_low_action_NAME_CASH_LOAN_PURPOSE_Car_repairs_mean,0.0,0
11,f102_nyg_low_action_NAME_CASH_LOAN_PURPOSE_Journey_mean,0.0,0
11,f102_nyg_low_action_NAME_CASH_LOAN_PURPOSE_Gasification___water_supply_sum,0.0,0
11,f102_nyg_low_action_NAME_CASH_LOAN_PURPOSE_Buying_a_used_car_sum,0.0,0
11,f102_nyg_low_action_NAME_CASH_LOAN_PURPOSE_Medicine_sum,0.0,0
11,f102_nyg_low_action_DAYS_TERMINATION_s_app_DAYS_LAST_PHONE_CHANGE_mean,221.51494097709656,40
11,f102_nyg_low_action_NAME_CASH_LOAN_PURPOSE_Gasification___water_supply_mean,0.0,0
11,f102_nyg_low_action_DAYS_TERMINATION_s_DAYS_LAST_DUE_min,164.33336901664734,34
11,f102_nyg_low_action_NAME_CASH_LOAN_PURPOSE_Furniture_mean,0.0,0
11,f102_nyg_low_action_NAME_CASH_LOAN_PURPOSE_Purchase_of_electronic_equipment_mean,0.0,0
11,f102_nyg_low_action_NAME_CASH_LOAN_PURPOSE_Journey_sum,0.0,0
11,f102_nyg_low_action_NAME_CASH_LOAN_PURPOSE_Payments_on_other_loans_mean,0.0,0
11,f102_nyg_low_action_NAME_CASH_LOAN_PURPOSE_Medicine_mean,0.0,0
11,f102_nyg_low_action_NAME_CASH_LOAN_PURPOSE_Payments_on_other_loans_sum,0.0,0
11,f102_nyg_low_action_NAME_CASH_LOAN_PURPOSE_Repairs_sum,68.81247973442078,14
11,f102_nyg_low_action_NAME_CASH_LOAN_PURPOSE_Urgent_needs_sum,0.0,0
11,f102_nyg_low_action_NAME_CASH_LOAN_PURPOSE_XAP_mean,10.86033010482788,2
11,f102_nyg_low_action_NAME_CASH_LOAN_PURPOSE_Wedding___gift___holiday_mean,0.0,0
11,f102_nyg_low_action_HOUR_APPR_PROCESS_START_max,974.4117342233658,187
11,f102_nyg_low_action_NAME_CLIENT_TYPE_Repeater_mean,131.51294946670532,29
11,f102_nyg_low_action_NAME_CASH_LOAN_PURPOSE_Buying_a_home_sum,0.0,0
11,f102_nyg_low_action_NAME_CASH_LOAN_PURPOSE_Purchase_of_electronic_equipment_sum,0.0,0
11,f102_nyg_low_action_NAME_CASH_LOAN_PURPOSE_XNA_sum,282.45664870738983,42
11,f102_nyg_low_action_NAME_CLIENT_TYPE_Repeater_sum,44.029540061950684,7
11,f102_nyg_low_action_NAME_CONTRACT_TYPE_Cash_loans_mean,0.0,0
11,f102_nyg_low_action_NAME_CASH_LOAN_PURPOSE_Repairs_mean,52.10223984718323,6
11,f102_nyg_low_action_NAME_CASH_LOAN_PURPOSE_Wedding___gift___holiday_sum,0.0,0
11,f102_nyg_low_action_NAME_CASH_LOAN_PURPOSE_XNA_mean,262.610959649086,36
11,f102_nyg_low_action_NAME_CASH_LOAN_PURPOSE_XAP_sum,46.39833950996399,8
11,f102_nyg_low_action_NAME_CONTRACT_STATUS_Canceled_mean,0.0,0
11,f102_nyg_low_action_NAME_CASH_LOAN_PURPOSE_Urgent_needs_mean,0.0,0
11,f102_nyg_low_action_NAME_CLIENT_TYPE_XNA_mean,7.801390171051025,1
11,f102_nyg_low_action_NAME_CONTRACT_TYPE_Consumer_loans_sum,33.79221963882446,6
11,f102_nyg_low_action_NAME_CONTRACT_TYPE_Consumer_loans_mean,0.0,0
11,f102_nyg_low_action_NAME_CONTRACT_TYPE_Cash_loans_sum,98.62562990188599,18
11,f102_nyg_low_action_NAME_GOODS_CATEGORY_Audio_Video_mean,75.62133002281189,15
11,f102_nyg_low_action_NAME_CLIENT_TYPE_XNA_sum,0.0,0
11,f102_nyg_low_action_NAME_CONTRACT_STATUS_Canceled_sum,0.0,0
11,f102_nyg_low_action_NAME_GOODS_CATEGORY_Computers_sum,72.77263069152832,12
11,f102_nyg_low_action_NAME_GOODS_CATEGORY_Auto_Accessories_sum,0.0,0
11,f102_nyg_low_action_NAME_GOODS_CATEGORY_Construction_Materials_mean,0.0,0
11,f102_nyg_low_action_NAME_GOODS_CATEGORY_Auto_Accessories_mean,0.0,0
11,f102_nyg_low_action_NAME_GOODS_CATEGORY_Consumer_Electronics_mean,104.85458016395569,21
11,f102_nyg_low_action_NAME_GOODS_CATEGORY_Clothing_and_Accessories_sum,0.0,0
11,f102_nyg_low_action_NAME_GOODS_CATEGORY_Audio_Video_sum,14.63545036315918,3
11,f102_nyg_low_action_NAME_GOODS_CATEGORY_Clothing_and_Accessories_mean,0.0,0
11,f102_nyg_low_action_NAME_GOODS_CATEGORY_Direct_Sales_mean,0.0,0
11,f102_nyg_low_action_NAME_GOODS_CATEGORY_Computers_mean,198.69722998142242,35
11,f102_nyg_low_action_NAME_GOODS_CATEGORY_Education_mean,0.0,0
11,f102_nyg_low_action_NAME_GOODS_CATEGORY_Direct_Sales_sum,0.0,0
11,f102_nyg_low_action_NAME_GOODS_CATEGORY_Jewelry_sum,0.0,0
11,f102_nyg_low_action_NAME_GOODS_CATEGORY_Gardening_mean,0.0,0
11,f102_nyg_low_action_NAME_GOODS_CATEGORY_Education_sum,0.0,0
11,f102_nyg_low_action_NAME_GOODS_CATEGORY_Construction_Materials_sum,0.0,0
11,f102_nyg_low_action_NAME_GOODS_CATEGORY_Medical_Supplies_mean,0.0,0
11,f102_nyg_low_action_NAME_GOODS_CATEGORY_Consumer_Electronics_sum,46.4652795791626,8
11,f102_nyg_low_action_NAME_GOODS_CATEGORY_Mobile_sum,0.0,0
11,f102_nyg_low_action_NAME_GOODS_CATEGORY_Jewelry_mean,0.0,0
11,f102_nyg_low_action_NAME_GOODS_CATEGORY_Gardening_sum,0.0,0
11,f102_nyg_low_action_NAME_GOODS_CATEGORY_Photo___Cinema_Equipment_mean,0.0,0
11,f102_nyg_low_action_NAME_GOODS_CATEGORY_Office_Appliances_sum,0.0,0
11,f102_nyg_low_action_NAME_GOODS_CATEGORY_Photo___Cinema_Equipment_sum,7.584370136260986,1
11,f102_nyg_low_action_NAME_GOODS_CATEGORY_Medicine_sum,0.0,0
11,f102_nyg_low_action_NAME_GOODS_CATEGORY_Sport_and_Leisure_sum,0.0,0
11,f102_nyg_low_action_NAME_GOODS_CATEGORY_Medicine_mean,0.0,0
11,f102_nyg_low_action_NAME_GOODS_CATEGORY_Office_Appliances_mean,0.0,0
11,f102_nyg_low_action_NAME_GOODS_CATEGORY_Medical_Supplies_sum,0.0,0
11,f102_nyg_low_action_NAME_PORTFOLIO_Cash_sum,19.680569887161255,4
11,f102_nyg_low_action_NAME_GOODS_CATEGORY_Mobile_mean,0.0,0
11,f102_nyg_low_action_NAME_PAYMENT_TYPE_Cash_through_the_bank_mean,124.73908019065857,26
11,f102_nyg_low_action_NAME_GOODS_CATEGORY_Tourism_sum,0.0,0
11,f102_nyg_low_action_NAME_GOODS_CATEGORY_Vehicles_sum,0.0,0
11,f102_nyg_low_action_NAME_GOODS_CATEGORY_Sport_and_Leisure_mean,0.0,0
11,f102_nyg_low_action_NAME_GOODS_CATEGORY_XNA_sum,6.0024800300598145,1
11,f102_nyg_low_action_NAME_GOODS_CATEGORY_XNA_mean,9.884499549865723,1
11,f102_nyg_low_action_NAME_GOODS_CATEGORY_Tourism_mean,0.0,0
11,f102_nyg_low_action_NAME_PAYMENT_TYPE_XNA_sum,13.05063009262085,3
11,f102_nyg_low_action_NAME_PAYMENT_TYPE_Non_cash_from_your_account_sum,0.0,0
11,f102_nyg_low_action_NAME_PORTFOLIO_POS_mean,0.0,0
11,f102_nyg_low_action_NAME_PAYMENT_TYPE_XNA_mean,55.277820110321045,12
11,f102_nyg_low_action_NAME_PAYMENT_TYPE_Cashless_from_the_account_of_the_employer_mean,0.0,0
11,f102_nyg_low_action_NAME_PAYMENT_TYPE_Cash_through_the_bank_sum,64.37303948402405,10
11,f102_nyg_low_action_NAME_PAYMENT_TYPE_Cashless_from_the_account_of_the_employer_sum,0.0,0
11,f102_nyg_low_action_NAME_SELLER_INDUSTRY_Auto_technology_mean,0.0,0
11,f102_nyg_low_action_NAME_PRODUCT_TYPE_x_sell_sum,27.82388973236084,6
11,f102_nyg_low_action_NAME_PORTFOLIO_Cash_mean,0.0,0
11,f102_nyg_low_action_NAME_PAYMENT_TYPE_Non_cash_from_your_account_mean,0.0,0
11,f102_nyg_low_action_NAME_SELLER_INDUSTRY_Clothing_mean,0.0,0
11,f102_nyg_low_action_NAME_PRODUCT_TYPE_XNA_sum,5.617000102996826,1
11,f102_nyg_low_action_NAME_PRODUCT_TYPE_XNA_mean,0.0,0
11,f102_nyg_low_action_NAME_PRODUCT_TYPE_x_sell_mean,62.18206977844238,8
11,f102_nyg_low_action_NAME_SELLER_INDUSTRY_Auto_technology_sum,0.0,0
11,f102_nyg_low_action_NAME_PORTFOLIO_POS_sum,0.0,0
11,f102_nyg_low_action_NAME_SELLER_INDUSTRY_Consumer_electronics_mean,236.50473737716675,27
11,f102_nyg_low_action_NAME_SELLER_INDUSTRY_Industry_mean,0.0,0
11,f102_nyg_low_action_NAME_SELLER_INDUSTRY_Construction_sum,0.0,0
11,f102_nyg_low_action_NAME_SELLER_INDUSTRY_Connectivity_mean,0.0,0
11,f102_nyg_low_action_NAME_SELLER_INDUSTRY_Clothing_sum,0.0,0
11,f102_nyg_low_action_NAME_SELLER_INDUSTRY_Construction_mean,26.81049919128418,1
11,f102_nyg_low_action_NAME_SELLER_INDUSTRY_XNA_sum,35.69137907028198,6
11,f102_nyg_low_action_NAME_SELLER_INDUSTRY_Tourism_sum,0.0,0
11,f102_nyg_low_action_NAME_SELLER_INDUSTRY_Consumer_electronics_sum,42.41244053840637,6
11,f102_nyg_low_action_NAME_SELLER_INDUSTRY_Industry_sum,0.0,0
11,f102_nyg_low_action_NAME_SELLER_INDUSTRY_XNA_mean,70.08803081512451,10
11,f102_nyg_low_action_NAME_TYPE_SUITE_Family_mean,238.38162922859192,46
11,f102_nyg_low_action_NAME_SELLER_INDUSTRY_Jewelry_sum,0.0,0
11,f102_nyg_low_action_NAME_SELLER_INDUSTRY_MLM_partners_mean,0.0,0
11,f102_nyg_low_action_NAME_TYPE_SUITE_Children_mean,0.0,0
11,f102_nyg_low_action_NAME_SELLER_INDUSTRY_Jewelry_mean,0.0,0
11,f102_nyg_low_action_NAME_SELLER_INDUSTRY_Tourism_mean,0.0,0
11,f102_nyg_low_action_NAME_SELLER_INDUSTRY_MLM_partners_sum,0.0,0
11,f102_nyg_low_action_NAME_TYPE_SUITE_Other_A_mean,0.0,0
11,f102_nyg_low_action_NAME_TYPE_SUITE_Other_B_sum,0.0,0
11,f102_nyg_low_action_NAME_TYPE_SUITE_Group_of_people_sum,0.0,0
11,f102_nyg_low_action_NAME_TYPE_SUITE_Other_A_sum,0.0,0
11,f102_nyg_low_action_NAME_TYPE_SUITE_Children_sum,0.0,0
11,f102_nyg_low_action_NAME_TYPE_SUITE_Family_sum,66.6386102437973,13
11,f102_nyg_low_action_NAME_TYPE_SUITE_Group_of_people_mean,0.0,0
11,f102_nyg_low_action_NAME_TYPE_SUITE_Unaccompanied_sum,85.14572930335999,21
11,f102_nyg_low_action_NAME_TYPE_SUITE_Spouse__partner_mean,41.95220994949341,8
11,f102_nyg_low_action_NAME_TYPE_SUITE_Other_B_mean,0.0,0
11,f102_nyg_low_action_NAME_YIELD_GROUP_low_action_sum,12.933489680290222,3
11,f102_nyg_low_action_NAME_TYPE_SUITE_Spouse__partner_sum,5.678430080413818,1
11,f102_nyg_low_action_PRODUCT_COMBINATION_POS_industry_without_interest_mean,185.91295909881592,32
11,f102_nyg_low_action_PRODUCT_COMBINATION_POS_industry_without_interest_sum,32.88667035102844,6
11,f102_nyg_low_action_PRODUCT_COMBINATION_POS_industry_with_interest_mean,0.0,0
11,f102_nyg_low_action_NAME_TYPE_SUITE_Unaccompanied_mean,350.1208798289299,66
11,f102_nyg_low_action_PRODUCT_COMBINATION_POS_household_without_interest_sum,89.70227932929993,13
11,f102_nyg_low_action_PREV_COUNT,8.107670068740845,2
11,f102_nyg_low_action_PRODUCT_COMBINATION_POS_household_with_interest_mean,0.0,0
11,f102_nyg_low_action_PRODUCT_COMBINATION_POS_household_without_interest_mean,207.59296083450317,31
11,f102_nyg_low_action_PRODUCT_COMBINATION_POS_household_with_interest_sum,0.0,0
11,f102_nyg_low_action_PRODUCT_COMBINATION_POS_industry_with_interest_sum,0.0,0
11,f102_nyg_low_action_RATE_DOWN_PAYMENT_max,98.90366983413696,19
11,f102_nyg_low_action_PRODUCT_COMBINATION_POS_other_with_interest_mean,0.0,0
11,f102_nyg_low_action_PRODUCT_COMBINATION_POS_mobile_without_interest_sum,0.0,0
11,f102_nyg_low_action_PRODUCT_COMBINATION_POS_others_without_interest_sum,0.0,0
11,f102_nyg_low_action_PRODUCT_COMBINATION_POS_others_without_interest_mean,0.0,0
11,f102_nyg_low_action_PRODUCT_COMBINATION_POS_other_with_interest_sum,0.0,0
11,f102_nyg_low_action_PRODUCT_COMBINATION_POS_mobile_without_interest_mean,0.0,0
11,f102_nyg_low_action_RATE_DOWN_PAYMENT_std,8.839670181274414,2
11,f102_nyg_low_action_RATE_DOWN_PAYMENT_mean,41.100850105285645,8
11,f102_nyg_low_action_SELLERPLACE_AREA_max,1064.5653862059116,200
11,f102_nyg_low_action_RATE_DOWN_PAYMENT_min,41.43175029754639,8
11,f102_nyg_low_action_SELLERPLACE_AREA_max_div_min,0.0,0
11,f102_nyg_low_action_SELLERPLACE_AREA_mean,883.2882288694382,167
11,f102_nyg_low_action_WEEKDAY_APPR_PROCESS_START_FRIDAY_sum,35.13073992729187,7
11,f102_nyg_low_action_SELLERPLACE_AREA_min,928.2227087020874,162
11,f102_nyg_low_action_WEEKDAY_APPR_PROCESS_START_MONDAY_sum,142.13313961029053,25
11,f102_nyg_low_action_WEEKDAY_APPR_PROCESS_START_FRIDAY_mean,284.7834892272949,46
11,f102_nyg_low_action_amt_paid_std,0.0,0
11,f102_nyg_low_action_WEEKDAY_APPR_PROCESS_START_SATURDAY_mean,159.97991967201233,30
11,f102_nyg_low_action_WEEKDAY_APPR_PROCESS_START_THURSDAY_mean,139.73527026176453,29
11,f102_nyg_low_action_WEEKDAY_APPR_PROCESS_START_SATURDAY_sum,8.324990272521973,1
11,f102_nyg_low_action_WEEKDAY_APPR_PROCESS_START_SUNDAY_mean,106.95544981956482,21
11,f102_nyg_low_action_WEEKDAY_APPR_PROCESS_START_TUESDAY_sum,27.555610179901123,6
11,f102_nyg_low_action_WEEKDAY_APPR_PROCESS_START_TUESDAY_mean,122.07345008850098,23
11,f102_nyg_low_action_amt_paid_max_div_min,5.44393002986908,2
11,f102_nyg_low_action_active_std,156.04263067245483,24
11,f102_nyg_low_action_cnt_paid_max_div_min,34.13937020301819,6
11,f102_nyg_low_action_active_max,16.30205011367798,3
11,f102_nyg_low_action_amt_unpaid_min,1569.3461849093437,273
11,f102_nyg_low_action_amt_unpaid_mean,1238.2328329756856,221
11,f102_nyg_low_action_cnt_paid_std,0.0,0
11,f102_nyg_low_action_cnt_paid_std_div_mean,0.0,0
11,f102_nyg_low_action_amt_unpaid_max_div_min,11.669089794158936,2
11,f102_nyg_low_action_amt_unpaid_max,1220.2050948143005,228
11,f102_nyg_low_action_cnt_paid_min,1062.9837746024132,207
11,f102_nyg_low_action_cnt_unpaid_max_div_min,15.50909972190857,5
11,f102_nyg_low_action_amt_unpaid_sum,708.571077466011,132
11,f102_nyg_low_action_cnt_unpaid_mean,1315.9161264002323,183
11,f102_nyg_low_action_completed_std,0.0,0
11,f102_nyg_low_action_completed_max,0.0,0
11,f102_nyg_low_action_interest_rate_diff_std,440.5745024085045,85
11,f102_nyg_low_action_completed_mean,15.073250532150269,5
11,f102_nyg_low_action_completed_sum,0.0,0
11,f102_nyg_low_action_cnt_unpaid_sum,404.99064194061793,86
11,f102_nyg_low_action_interest_rate_diff_max_div_min,230.8542401790619,38
11,f102_nyg_low_action_cnt_unpaid_max,663.4960021972656,116
11,f102_nyg_low_action_interest_rate_diff_std_div_mean,657.2531406879425,113
11,f102_nyg_low_action_interest_rate_pctchange_max,1475.9586715102196,277
11,f102_nyg_low_action_interest_rate_pctchange_std_div_mean,524.6702891588211,99
11,f102_nyg_low_action_interest_rate_pctchange_max_div_min,176.09989148378372,26
11,f102_nyg_low_action_interest_rate_diff_mean,1607.2207000255585,249
11,f102_nyg_low_action_completed_min,9.91754961013794,2
11,f102_nyg_low_action_interest_rate_max_div_min,485.47467041015625,82
11,f102_nyg_low_action_interest_rate_pctchange_min,2278.85638743639,379
11,f102_nyg_low_action_total_debt_diff_std,86.94144034385681,17
11,f102_nyg_low_action_interest_rate_diff_max,1213.6607383526862,224
11,f102_nyg_low_action_total_debt_diff_min,1429.0250731110573,268
11,f102_nyg_low_action_total_debt_diff_std_div_mean,103.352059841156,20
11,f102_nyg_low_action_total_debt_diff_max_div_min,72.66943955421448,12
11,f102_nyg_low_action_interest_rate_pctchange_mean,1352.735051304102,226
11,f102_nyg_low_action_total_debt_pctchange_std_div_mean,103.0121500492096,19
11,f102_nyg_low_action_total_debt_diff_max,1378.500033378601,245
11,f102_nyg_low_action_total_debt_diff_mean,1308.3451251611114,235
11,f102_nyg_low_action_total_debt_max_div_min,444.40363907814026,79
11,f102_nyg_low_normal_AMT_ANNUITY_d_app_AMT_ANNUITY_diff_max_div_min,502.6522419452667,71
11,f102_nyg_low_action_total_debt_pctchange_max_div_min,67.32261955738068,14
11,f102_nyg_low_normal_AMT_ANNUITY_d_app_AMT_ANNUITY_diff_std_div_mean,274.6340916156769,50
11,f102_nyg_low_normal_AMT_ANNUITY_d_app_AMT_ANNUITY_diff_mean,1324.3825809955597,204
11,f102_nyg_low_normal_AMT_ANNUITY_d_app_AMT_ANNUITY_diff_max,1823.3221514225006,289
11,f102_nyg_low_normal_AMT_ANNUITY_d_app_AMT_ANNUITY_max_div_min,598.4043705463409,95
11,f102_nyg_low_normal_AMT_ANNUITY_d_app_AMT_ANNUITY_std_div_mean,1249.1314400434494,202
11,f102_nyg_low_normal_AMT_ANNUITY_d_app_AMT_ANNUITY_pctchange_mean,1498.7529282569885,230
11,f102_nyg_low_normal_AMT_ANNUITY_d_app_AMT_ANNUITY_diff_min,1652.2720495164394,255
11,f102_nyg_low_normal_AMT_ANNUITY_d_app_AMT_CREDIT_diff_max_div_min,128.77495777606964,20
11,f102_nyg_low_normal_AMT_ANNUITY_d_app_AMT_ANNUITY_pctchange_std_div_mean,483.9858503341675,83
11,f102_nyg_low_normal_AMT_ANNUITY_d_app_AMT_ANNUITY_std,1379.9938611984253,223
11,f102_nyg_low_normal_AMT_ANNUITY_d_app_AMT_ANNUITY_pctchange_max_div_min,473.2891585826874,71
11,f102_nyg_low_normal_AMT_ANNUITY_d_app_AMT_CREDIT_diff_std_div_mean,103.42271959781647,21
11,f102_nyg_low_normal_AMT_ANNUITY_d_app_AMT_CREDIT_diff_max,784.3605599403381,120
11,f102_nyg_low_normal_AMT_ANNUITY_d_app_AMT_ANNUITY_pctchange_min,1466.1114184856415,229
11,f102_nyg_low_normal_AMT_ANNUITY_d_app_AMT_CREDIT_pctchange_max_div_min,112.8421003818512,17
11,f102_nyg_low_normal_AMT_ANNUITY_d_app_AMT_CREDIT_max_div_min,254.70905947685242,44
11,f102_nyg_low_normal_AMT_ANNUITY_d_app_AMT_ANNUITY_pctchange_max,1372.5193413496017,212
11,f102_nyg_low_normal_AMT_ANNUITY_d_app_AMT_CREDIT_pctchange_max,495.0620931982994,75
11,f102_nyg_low_normal_AMT_ANNUITY_d_app_AMT_CREDIT_diff_mean,692.3829545974731,109
11,f102_nyg_low_normal_AMT_ANNUITY_d_app_AMT_CREDIT_std,641.2335407733917,97
11,f102_nyg_low_normal_AMT_ANNUITY_d_app_AMT_CREDIT_diff_min,701.1736834645271,112
11,f102_nyg_low_normal_AMT_ANNUITY_d_app_AMT_GOODS_PRICE_diff_mean,858.7978804111481,129
11,f102_nyg_low_normal_AMT_ANNUITY_d_app_AMT_CREDIT_pctchange_std_div_mean,99.17402911186218,17
11,f102_nyg_low_normal_AMT_ANNUITY_d_app_AMT_GOODS_PRICE_diff_max_div_min,31.60726010799408,7
11,f102_nyg_low_normal_AMT_ANNUITY_d_app_AMT_CREDIT_pctchange_mean,640.047214448452,107
11,f102_nyg_low_normal_AMT_ANNUITY_d_app_AMT_GOODS_PRICE_diff_max,1056.8349707126617,156
11,f102_nyg_low_normal_AMT_ANNUITY_d_app_AMT_GOODS_PRICE_diff_min,693.1183296442032,106
11,f102_nyg_low_normal_AMT_ANNUITY_d_app_AMT_GOODS_PRICE_pctchange_max_div_min,87.5202100276947,13
11,f102_nyg_low_normal_AMT_ANNUITY_d_app_AMT_GOODS_PRICE_diff_std_div_mean,33.381659507751465,6
11,f102_nyg_low_normal_AMT_ANNUITY_d_app_AMT_GOODS_PRICE_max_div_min,535.0566005706787,80
11,f102_nyg_low_normal_AMT_ANNUITY_d_app_AMT_GOODS_PRICE_pctchange_min,946.9418894052505,143
11,f102_nyg_low_normal_AMT_ANNUITY_d_app_AMT_GOODS_PRICE_pctchange_max,833.3737894296646,136
11,f102_nyg_low_normal_AMT_ANNUITY_d_app_AMT_GOODS_PRICE_min,4658.040049374104,690
11,f102_nyg_low_normal_AMT_ANNUITY_d_app_AMT_CREDIT_std_div_mean,378.3588203191757,62
11,f102_nyg_low_normal_AMT_ANNUITY_d_app_AMT_GOODS_PRICE_std_div_mean,383.33094930648804,62
11,f102_nyg_low_normal_AMT_ANNUITY_d_app_AMT_GOODS_PRICE_pctchange_mean,525.7633006572723,82
11,f102_nyg_low_normal_AMT_ANNUITY_d_app_AMT_CREDIT_pctchange_min,346.5972623825073,54
11,f102_nyg_low_normal_AMT_ANNUITY_d_app_AMT_GOODS_PRICE_mean,3826.6627912521362,558
11,f102_nyg_low_normal_AMT_ANNUITY_d_app_AMT_GOODS_PRICE_pctchange_std_div_mean,68.03619980812073,13
11,f102_nyg_low_normal_AMT_ANNUITY_d_app_AMT_INCOME_TOTAL_diff_min,896.8118026256561,139
11,f102_nyg_low_normal_AMT_ANNUITY_d_app_AMT_GOODS_PRICE_std,520.7912014722824,86
11,f102_nyg_low_normal_AMT_ANNUITY_d_app_AMT_INCOME_TOTAL_diff_mean,959.5552400350571,152
11,f102_nyg_low_normal_AMT_ANNUITY_d_app_AMT_GOODS_PRICE_max,4269.237297952175,637
11,f102_nyg_low_normal_AMT_ANNUITY_d_app_AMT_INCOME_TOTAL_diff_max_div_min,0.0,0
11,f102_nyg_low_normal_AMT_ANNUITY_d_app_AMT_INCOME_TOTAL_diff_std_div_mean,4.532110214233398,1
11,f102_nyg_low_normal_AMT_ANNUITY_d_app_AMT_INCOME_TOTAL_pctchange_max,204.66928100585938,35
11,f102_nyg_low_normal_AMT_ANNUITY_d_app_AMT_INCOME_TOTAL_pctchange_min,102.54553985595703,16
11,f102_nyg_low_normal_AMT_ANNUITY_d_app_AMT_INCOME_TOTAL_diff_max,873.7540522813797,139
11,f102_nyg_low_normal_AMT_ANNUITY_d_app_AMT_INCOME_TOTAL_max,7694.58477935195,1155
11,f102_nyg_low_normal_AMT_ANNUITY_d_app_AMT_INCOME_TOTAL_pctchange_max_div_min,16.520950317382812,2
11,f102_nyg_low_normal_AMT_ANNUITY_d_app_AMT_INCOME_TOTAL_pctchange_std_div_mean,0.0,0
11,f102_nyg_low_normal_AMT_ANNUITY_d_app_AMT_INCOME_TOTAL_pctchange_mean,106.49834895133972,18
11,f102_nyg_low_normal_AMT_ANNUITY_m_app_AMT_GOODS_PRICE_d_app_AMT_INCOME_TOTAL_diff_max_div_min,18.57059955596924,3
11,f102_nyg_low_normal_AMT_ANNUITY_d_app_AMT_INCOME_TOTAL_std_div_mean,89.48929023742676,15
11,f102_nyg_low_normal_AMT_ANNUITY_m_app_AMT_GOODS_PRICE_d_app_AMT_INCOME_TOTAL_diff_std_div_mean,0.0,0
11,f102_nyg_low_normal_AMT_ANNUITY_m_app_AMT_GOODS_PRICE_d_app_AMT_INCOME_TOTAL_diff_min,519.1741809844971,79
11,f102_nyg_low_normal_AMT_ANNUITY_d_app_AMT_INCOME_TOTAL_std,778.8314220905304,124
11,f102_nyg_low_normal_AMT_ANNUITY_m_app_AMT_GOODS_PRICE_d_app_AMT_INCOME_TOTAL_diff_mean,502.21066331863403,77
11,f102_nyg_low_normal_AMT_ANNUITY_d_app_AMT_INCOME_TOTAL_max_div_min,17.35653018951416,3
11,f102_nyg_low_normal_AMT_ANNUITY_m_app_AMT_GOODS_PRICE_d_app_AMT_INCOME_TOTAL_diff_max,588.9782092571259,93
11,f102_nyg_low_normal_AMT_ANNUITY_m_app_AMT_GOODS_PRICE_d_app_AMT_INCOME_TOTAL_pctchange_std_div_mean,360.7568998336792,60
11,f102_nyg_low_normal_AMT_ANNUITY_m_app_AMT_GOODS_PRICE_d_app_AMT_INCOME_TOTAL_std,240.02026176452637,38
11,f102_nyg_low_normal_AMT_ANNUITY_m_app_AMT_GOODS_PRICE_d_app_AMT_INCOME_TOTAL_std_div_mean,762.303098320961,119
11,f102_nyg_low_normal_AMT_ANNUITY_m_app_AMT_GOODS_PRICE_d_app_AMT_INCOME_TOTAL_max,3928.6233091056347,568
11,f102_nyg_low_normal_AMT_ANNUITY_m_app_AMT_GOODS_PRICE_d_app_AMT_INCOME_TOTAL_pctchange_min,1043.6792894601822,160
11,f102_nyg_low_normal_AMT_ANNUITY_m_app_AMT_GOODS_PRICE_d_app_AMT_INCOME_TOTAL_max_div_min,532.256109714508,79
11,f102_nyg_low_normal_AMT_ANNUITY_m_app_AMT_GOODS_PRICE_d_app_AMT_INCOME_TOTAL_pctchange_max_div_min,171.41682946681976,32
11,f102_nyg_low_normal_AMT_ANNUITY_m_app_AMT_GOODS_PRICE_d_app_AMT_INCOME_TOTAL_mean,3865.017368912697,524
11,f102_nyg_low_normal_AMT_ANNUITY_m_app_AMT_GOODS_PRICE_d_app_AMT_INCOME_TOTAL_min,3864.646585583687,528
11,f102_nyg_low_normal_AMT_ANNUITY_s_app_AMT_ANNUITY_d_app_AMT_INCOME_TOTAL_diff_std_div_mean,0.0,0
11,f102_nyg_low_normal_AMT_ANNUITY_m_app_AMT_GOODS_PRICE_d_app_AMT_INCOME_TOTAL_pctchange_max,884.1880121231079,131
11,f102_nyg_low_normal_AMT_ANNUITY_s_app_AMT_ANNUITY_d_app_AMT_INCOME_TOTAL_diff_mean,125.31639099121094,20
11,f102_nyg_low_normal_AMT_ANNUITY_s_app_AMT_ANNUITY_d_app_AMT_INCOME_TOTAL_diff_min,148.29818964004517,26
11,f102_nyg_low_normal_AMT_ANNUITY_m_app_AMT_GOODS_PRICE_d_app_AMT_INCOME_TOTAL_pctchange_mean,636.6456588506699,100
11,f102_nyg_low_normal_AMT_ANNUITY_s_app_AMT_ANNUITY_d_app_AMT_INCOME_TOTAL_diff_max_div_min,0.0,0
11,f102_nyg_low_normal_AMT_ANNUITY_s_app_AMT_ANNUITY_d_app_AMT_INCOME_TOTAL_pctchange_std,686.4318791627884,118
11,f102_nyg_low_normal_AMT_ANNUITY_s_app_AMT_ANNUITY_d_app_AMT_INCOME_TOTAL_diff_max,230.95317935943604,37
11,f102_nyg_low_normal_AMT_ANNUITY_s_app_AMT_ANNUITY_d_app_AMT_INCOME_TOTAL_pctchange_max,3350.0116817951202,534
11,f102_nyg_low_normal_AMT_ANNUITY_s_app_AMT_ANNUITY_d_app_AMT_INCOME_TOTAL_max_div_min,1369.0240297317505,217
11,f102_nyg_low_normal_AMT_ANNUITY_max_div_min,11.984649896621704,2
11,f102_nyg_low_normal_AMT_ANNUITY_s_app_AMT_ANNUITY_d_app_AMT_INCOME_TOTAL_pctchange_std_div_mean,859.3919363021851,147
11,f102_nyg_low_normal_AMT_ANNUITY_s_app_AMT_ANNUITY_d_app_AMT_INCOME_TOTAL_std,98.97359943389893,17
11,f102_nyg_low_normal_AMT_ANNUITY_s_app_AMT_ANNUITY_d_app_AMT_INCOME_TOTAL_pctchange_min,3677.4906660318375,574
11,f102_nyg_low_normal_AMT_ANNUITY_s_app_AMT_ANNUITY_diff_min,1118.0317694321275,181
11,f102_nyg_low_normal_AMT_ANNUITY_s_app_AMT_ANNUITY_d_app_AMT_INCOME_TOTAL_std_div_mean,1889.8570296764374,301
11,f102_nyg_low_normal_AMT_ANNUITY_s_app_AMT_ANNUITY_diff_max_div_min,0.0,0
11,f102_nyg_low_normal_AMT_ANNUITY_s_app_AMT_ANNUITY_diff_std_div_mean,0.0,0
11,f102_nyg_low_normal_AMT_ANNUITY_s_app_AMT_ANNUITY_d_app_AMT_INCOME_TOTAL_pctchange_mean,2235.090506672859,371
11,f102_nyg_low_normal_AMT_ANNUITY_s_app_AMT_ANNUITY_diff_max,1385.3636131435633,203
11,f102_nyg_low_normal_AMT_ANNUITY_s_app_AMT_ANNUITY_pctchange_std_div_mean,173.50377011299133,30
11,f102_nyg_low_normal_AMT_ANNUITY_s_app_AMT_ANNUITY_pctchange_std,217.51088905334473,35
11,f102_nyg_low_normal_AMT_ANNUITY_s_app_AMT_ANNUITY_std_div_mean,616.0354379415512,95
11,f102_nyg_low_normal_AMT_ANNUITY_s_app_AMT_ANNUITY_max_div_min,377.7739186286926,59
11,f102_nyg_low_normal_AMT_ANNUITY_s_app_AMT_ANNUITY_pctchange_min,955.3490016460419,147
11,f102_nyg_low_normal_AMT_ANNUITY_s_app_AMT_ANNUITY_diff_mean,1093.213699579239,173
11,f102_nyg_low_normal_AMT_ANNUITY_s_app_AMT_CREDIT_d_app_AMT_INCOME_TOTAL_diff_std_div_mean,0.0,0
11,f102_nyg_low_normal_AMT_ANNUITY_s_app_AMT_ANNUITY_pctchange_max,1038.0039883255959,149
11,f102_nyg_low_normal_AMT_ANNUITY_s_app_AMT_ANNUITY_pctchange_mean,946.6705207824707,144
11,f102_nyg_low_normal_AMT_ANNUITY_s_app_AMT_CREDIT_d_app_AMT_INCOME_TOTAL_diff_max,134.24863874912262,21
11,f102_nyg_low_normal_AMT_ANNUITY_s_app_AMT_CREDIT_d_app_AMT_INCOME_TOTAL_max_div_min,533.3320007324219,83
11,f102_nyg_low_normal_AMT_ANNUITY_s_app_AMT_CREDIT_d_app_AMT_INCOME_TOTAL_mean,4054.2670674324036,569
11,f102_nyg_low_normal_AMT_ANNUITY_s_app_AMT_CREDIT_d_app_AMT_INCOME_TOTAL_diff_mean,23.016700267791748,4
11,f102_nyg_low_normal_AMT_ANNUITY_s_app_AMT_CREDIT_d_app_AMT_INCOME_TOTAL_min,4156.054101467133,580
11,f102_nyg_low_normal_AMT_ANNUITY_s_app_AMT_CREDIT_d_app_AMT_INCOME_TOTAL_std,48.78343963623047,9
11,f102_nyg_low_normal_AMT_ANNUITY_s_app_AMT_CREDIT_d_app_AMT_INCOME_TOTAL_pctchange_std,732.0676121711731,119
11,f102_nyg_low_normal_AMT_ANNUITY_s_app_AMT_CREDIT_d_app_AMT_INCOME_TOTAL_diff_min,52.0073299407959,8
11,f102_nyg_low_normal_AMT_ANNUITY_s_app_AMT_CREDIT_d_app_AMT_INCOME_TOTAL_pctchange_std_div_mean,153.81624007225037,24
11,f102_nyg_low_normal_AMT_ANNUITY_s_app_AMT_CREDIT_d_app_AMT_INCOME_TOTAL_diff_max_div_min,0.0,0
11,f102_nyg_low_normal_AMT_ANNUITY_s_app_AMT_CREDIT_d_app_AMT_INCOME_TOTAL_pctchange_max_div_min,103.0462098121643,18
11,f102_nyg_low_normal_AMT_ANNUITY_s_app_AMT_CREDIT_d_app_AMT_INCOME_TOTAL_pctchange_mean,773.8838297128677,127
11,f102_nyg_low_normal_AMT_ANNUITY_s_app_AMT_CREDIT_d_app_AMT_INCOME_TOTAL_pctchange_min,797.9184925556183,128
11,f102_nyg_low_normal_AMT_ANNUITY_s_app_AMT_CREDIT_d_app_AMT_INCOME_TOTAL_std_div_mean,596.5842534303665,97
11,f102_nyg_low_normal_AMT_ANNUITY_s_app_AMT_CREDIT_d_app_AMT_INCOME_TOTAL_max,3883.6437869668007,536
11,f102_nyg_low_normal_AMT_ANNUITY_s_app_AMT_CREDIT_diff_std_div_mean,0.0,0
11,f102_nyg_low_normal_AMT_ANNUITY_s_app_AMT_CREDIT_diff_max_div_min,0.0,0
11,f102_nyg_low_normal_AMT_ANNUITY_s_app_AMT_CREDIT_diff_max,625.7597196102142,87
11,f102_nyg_low_normal_AMT_ANNUITY_s_app_AMT_CREDIT_pctchange_max_div_min,54.612980365753174,6
11,f102_nyg_low_normal_AMT_ANNUITY_s_app_AMT_CREDIT_d_app_AMT_INCOME_TOTAL_pctchange_max,884.7801334261894,138
11,f102_nyg_low_normal_AMT_ANNUITY_s_app_AMT_CREDIT_pctchange_std_div_mean,47.04246997833252,7
11,f102_nyg_low_normal_AMT_ANNUITY_s_app_AMT_CREDIT_std_div_mean,174.53803873062134,26
11,f102_nyg_low_normal_AMT_ANNUITY_s_app_AMT_CREDIT_diff_mean,488.9554890394211,73
11,f102_nyg_low_normal_AMT_ANNUITY_s_app_AMT_CREDIT_diff_min,670.1155298352242,96
11,f102_nyg_low_normal_AMT_ANNUITY_s_app_AMT_CREDIT_max_div_min,87.5123999118805,16
11,f102_nyg_low_normal_AMT_ANNUITY_s_app_AMT_CREDIT_pctchange_max,276.3086426258087,39
11,f102_nyg_low_normal_AMT_ANNUITY_s_app_AMT_GOODS_PRICE_diff_max_div_min,0.0,0
11,f102_nyg_low_normal_AMT_ANNUITY_s_app_AMT_CREDIT_pctchange_std,281.020991563797,46
11,f102_nyg_low_normal_AMT_ANNUITY_s_app_AMT_CREDIT_pctchange_min,333.06251096725464,52
11,f102_nyg_low_normal_AMT_ANNUITY_s_app_AMT_CREDIT_pctchange_mean,195.37789130210876,28
11,f102_nyg_low_normal_AMT_ANNUITY_s_app_AMT_GOODS_PRICE_diff_std_div_mean,0.0,0
11,f102_nyg_low_normal_AMT_ANNUITY_s_app_AMT_GOODS_PRICE_diff_min,769.704149723053,117
11,f102_nyg_low_normal_AMT_ANNUITY_s_app_AMT_GOODS_PRICE_pctchange_max_div_min,18.235730171203613,3
11,f102_nyg_low_normal_AMT_ANNUITY_s_app_AMT_GOODS_PRICE_pctchange_max,278.1842997074127,42
11,f102_nyg_low_normal_AMT_ANNUITY_s_app_AMT_GOODS_PRICE_diff_max,1066.0621675252914,163
11,f102_nyg_low_normal_AMT_ANNUITY_s_app_AMT_GOODS_PRICE_max_div_min,141.74417996406555,23
11,f102_nyg_low_normal_AMT_ANNUITY_s_app_AMT_GOODS_PRICE_diff_mean,433.6928791999817,74
11,f102_nyg_low_normal_AMT_ANNUITY_s_app_AMT_GOODS_PRICE_pctchange_min,255.19037127494812,35
11,f102_nyg_low_normal_AMT_ANNUITY_s_app_AMT_GOODS_PRICE_pctchange_std_div_mean,69.59759974479675,9
11,f102_nyg_low_normal_AMT_ANNUITY_s_app_AMT_INCOME_TOTAL_diff_std_div_mean,0.0,0
11,f102_nyg_low_normal_AMT_ANNUITY_s_app_AMT_INCOME_TOTAL_diff_max_div_min,0.0,0
11,f102_nyg_low_normal_AMT_ANNUITY_s_app_AMT_GOODS_PRICE_pctchange_mean,251.6030112504959,34
11,f102_nyg_low_normal_AMT_ANNUITY_s_app_AMT_INCOME_TOTAL_diff_max,165.74101066589355,23
11,f102_nyg_low_normal_AMT_ANNUITY_s_app_AMT_GOODS_PRICE_std_div_mean,213.40459036827087,34
11,f102_nyg_low_normal_AMT_ANNUITY_s_app_AMT_INCOME_TOTAL_max_div_min,652.5335799455643,101
11,f102_nyg_low_normal_AMT_ANNUITY_s_app_AMT_INCOME_TOTAL_pctchange_std_div_mean,288.27695202827454,52
11,f102_nyg_low_normal_AMT_ANNUITY_s_app_AMT_INCOME_TOTAL_diff_mean,39.68504023551941,7
11,f102_nyg_low_normal_AMT_ANNUITY_s_app_AMT_INCOME_TOTAL_pctchange_mean,928.2712689638138,144
11,f102_nyg_low_normal_AMT_ANNUITY_s_app_AMT_INCOME_TOTAL_mean,4520.529589116573,691
11,f102_nyg_low_normal_AMT_ANNUITY_s_app_AMT_INCOME_TOTAL_diff_min,122.25445985794067,19
11,f102_nyg_low_normal_AMT_ANNUITY_s_app_AMT_INCOME_TOTAL_pctchange_min,1100.8207396268845,163
11,f102_nyg_low_normal_AMT_APPLICATION_d_app_AMT_ANNUITY_diff_std_div_mean,461.6000690460205,79
11,f102_nyg_low_normal_AMT_ANNUITY_s_app_AMT_INCOME_TOTAL_max,3873.898926436901,604
11,f102_nyg_low_normal_AMT_ANNUITY_s_app_AMT_INCOME_TOTAL_pctchange_max_div_min,143.15219938755035,25
11,f102_nyg_low_normal_AMT_APPLICATION_d_app_AMT_ANNUITY_diff_max_div_min,213.7756189107895,38
11,f102_nyg_low_normal_AMT_APPLICATION_d_app_AMT_ANNUITY_diff_std,608.5990591049194,100
11,f102_nyg_low_normal_AMT_ANNUITY_s_app_AMT_INCOME_TOTAL_std_div_mean,962.5839924812317,159
11,f102_nyg_low_normal_AMT_ANNUITY_s_app_AMT_INCOME_TOTAL_pctchange_max,1068.1393386125565,160
11,f102_nyg_low_normal_AMT_APPLICATION_d_app_AMT_ANNUITY_diff_mean,1651.7277961969376,252
11,f102_nyg_low_normal_AMT_ANNUITY_s_app_AMT_INCOME_TOTAL_min,4408.785449229181,691
11,f102_nyg_low_normal_AMT_ANNUITY_std_div_mean,125.13023924827576,18
11,f102_nyg_low_normal_AMT_APPLICATION_d_app_AMT_ANNUITY_diff_min,1492.5770989656448,245
11,f102_nyg_low_normal_AMT_APPLICATION_d_app_AMT_ANNUITY_pctchange_std,525.9665105342865,80
11,f102_nyg_low_normal_AMT_APPLICATION_d_app_AMT_ANNUITY_diff_max,1587.7422617673874,238
11,f102_nyg_low_normal_AMT_APPLICATION_d_app_AMT_ANNUITY_pctchange_max_div_min,169.19512009620667,31
11,f102_nyg_low_normal_AMT_APPLICATION_d_app_AMT_ANNUITY_min,4430.1569511294365,640
11,f102_nyg_low_normal_AMT_APPLICATION_d_app_AMT_ANNUITY_max_div_min,503.27678871154785,81
11,f102_nyg_low_normal_AMT_APPLICATION_d_app_AMT_ANNUITY_pctchange_std_div_mean,409.0148684978485,70
11,f102_nyg_low_normal_AMT_APPLICATION_d_app_AMT_CREDIT_diff_std,266.1511093378067,45
11,f102_nyg_low_normal_AMT_APPLICATION_d_app_AMT_ANNUITY_pctchange_min,1413.4734766483307,223
11,f102_nyg_low_normal_AMT_APPLICATION_d_app_AMT_ANNUITY_std,1208.5376106500626,183
11,f102_nyg_low_normal_AMT_APPLICATION_d_app_AMT_ANNUITY_pctchange_mean,1487.2841086387634,232
11,f102_nyg_low_normal_AMT_APPLICATION_d_app_AMT_ANNUITY_pctchange_max,1606.2936443090439,235
11,f102_nyg_low_normal_AMT_APPLICATION_d_app_AMT_ANNUITY_std_div_mean,1082.3692387342453,181
11,f102_nyg_low_normal_AMT_APPLICATION_d_app_AMT_CREDIT_diff_max_div_min,100.06439018249512,15
11,f102_nyg_low_normal_AMT_APPLICATION_d_app_AMT_ANNUITY_mean,4193.657614946365,614
11,f102_nyg_low_normal_AMT_APPLICATION_d_app_AMT_ANNUITY_max,3620.512417078018,550
11,f102_nyg_low_normal_AMT_APPLICATION_d_app_AMT_CREDIT_max,3392.86834192276,491
11,f102_nyg_low_normal_AMT_APPLICATION_d_app_AMT_CREDIT_diff_min,1043.6243920326233,173
11,f102_nyg_low_normal_AMT_APPLICATION_d_app_AMT_CREDIT_max_div_min,108.22075057029724,18
11,f102_nyg_low_normal_AMT_APPLICATION_d_app_AMT_CREDIT_std,838.9406895637512,132
11,f102_nyg_low_normal_AMT_APPLICATION_d_app_AMT_CREDIT_pctchange_std_div_mean,127.97996950149536,21
11,f102_nyg_low_normal_AMT_APPLICATION_d_app_AMT_CREDIT_pctchange_std,166.3690515756607,26
11,f102_nyg_low_normal_AMT_APPLICATION_d_app_AMT_CREDIT_std_div_mean,393.77545976638794,63
11,f102_nyg_low_normal_AMT_APPLICATION_d_app_AMT_CREDIT_diff_max,1317.71475481987,198
11,f102_nyg_low_normal_AMT_APPLICATION_d_app_AMT_CREDIT_pctchange_max_div_min,92.9029107093811,13
11,f102_nyg_low_normal_AMT_APPLICATION_d_app_AMT_CREDIT_pctchange_min,499.87616086006165,74
11,f102_nyg_low_normal_AMT_APPLICATION_d_app_AMT_CREDIT_min,3605.6825659275055,537
11,f102_nyg_low_normal_AMT_APPLICATION_d_app_AMT_CREDIT_diff_mean,1325.3802193403244,211
11,f102_nyg_low_normal_AMT_APPLICATION_d_app_AMT_CREDIT_pctchange_mean,496.58249974250793,69
11,f102_nyg_low_normal_AMT_APPLICATION_d_app_AMT_CREDIT_pctchange_max,500.1442183852196,72
11,f102_nyg_low_normal_AMT_APPLICATION_d_app_AMT_GOODS_PRICE_diff_std,429.45228099823,67
11,f102_nyg_low_normal_AMT_APPLICATION_d_app_AMT_CREDIT_mean,2666.7977763712406,381
11,f102_nyg_low_normal_AMT_APPLICATION_d_app_AMT_GOODS_PRICE_diff_mean,1046.5874803066254,155
11,f102_nyg_low_normal_AMT_APPLICATION_d_app_AMT_GOODS_PRICE_diff_max_div_min,28.08360981941223,4
11,f102_nyg_low_normal_AMT_APPLICATION_d_app_AMT_GOODS_PRICE_max,3669.7675646543503,504
11,f102_nyg_low_normal_AMT_APPLICATION_d_app_AMT_GOODS_PRICE_mean,3693.302938580513,505
11,f102_nyg_low_normal_AMT_APPLICATION_d_app_AMT_GOODS_PRICE_pctchange_std,62.950629472732544,9
11,f102_nyg_low_normal_AMT_APPLICATION_d_app_AMT_GOODS_PRICE_min,4901.727653026581,680
11,f102_nyg_low_normal_AMT_APPLICATION_d_app_AMT_GOODS_PRICE_max_div_min,118.09743094444275,17
11,f102_nyg_low_normal_AMT_APPLICATION_d_app_AMT_GOODS_PRICE_diff_max,1663.9055758714676,238
11,f102_nyg_low_normal_AMT_APPLICATION_d_app_AMT_GOODS_PRICE_pctchange_max,408.33984994888306,70
11,f102_nyg_low_normal_AMT_APPLICATION_d_app_AMT_GOODS_PRICE_pctchange_std_div_mean,216.0016906261444,32
11,f102_nyg_low_normal_AMT_APPLICATION_d_app_AMT_INCOME_TOTAL_diff_max_div_min,21.43978977203369,3
11,f102_nyg_low_normal_AMT_APPLICATION_d_app_AMT_GOODS_PRICE_diff_min,1483.3209768533707,218
11,f102_nyg_low_normal_AMT_APPLICATION_d_app_AMT_GOODS_PRICE_pctchange_min,335.2780089378357,56
11,f102_nyg_low_normal_AMT_APPLICATION_d_app_AMT_GOODS_PRICE_std_div_mean,318.614177942276,52
11,f102_nyg_low_normal_AMT_APPLICATION_d_app_AMT_GOODS_PRICE_std,786.4079604148865,126
11,f102_nyg_low_normal_AMT_APPLICATION_d_app_AMT_INCOME_TOTAL_diff_std,529.7385187149048,86
11,f102_nyg_low_normal_AMT_APPLICATION_d_app_AMT_GOODS_PRICE_pctchange_mean,470.95769119262695,72
11,f102_nyg_low_normal_AMT_APPLICATION_d_app_AMT_INCOME_TOTAL_diff_max,1273.38958466053,198
11,f102_nyg_low_normal_AMT_APPLICATION_d_app_AMT_INCOME_TOTAL_min,2935.462290763855,470
11,f102_nyg_low_normal_AMT_APPLICATION_d_app_AMT_INCOME_TOTAL_mean,2908.8054873347282,446
11,f102_nyg_low_normal_AMT_APPLICATION_d_app_AMT_GOODS_PRICE_pctchange_max_div_min,58.941669940948486,9
11,f102_nyg_low_normal_AMT_APPLICATION_d_app_AMT_INCOME_TOTAL_max_div_min,42.36270093917847,6
11,f102_nyg_low_normal_AMT_APPLICATION_d_app_AMT_INCOME_TOTAL_pctchange_max_div_min,9.788809776306152,1
11,f102_nyg_low_normal_AMT_APPLICATION_d_app_AMT_INCOME_TOTAL_diff_min,1192.4754401445389,197
11,f102_nyg_low_normal_AMT_APPLICATION_d_app_AMT_INCOME_TOTAL_max,2386.3854103684425,360
11,f102_nyg_low_normal_AMT_APPLICATION_d_app_AMT_INCOME_TOTAL_pctchange_std,25.638449668884277,4
11,f102_nyg_low_normal_AMT_APPLICATION_d_app_AMT_INCOME_TOTAL_std_div_mean,120.75555038452148,18
11,f102_nyg_low_normal_AMT_APPLICATION_d_app_AMT_INCOME_TOTAL_pctchange_std_div_mean,16.749200344085693,3
11,f102_nyg_low_normal_AMT_APPLICATION_m_app_AMT_GOODS_PRICE_d_app_AMT_INCOME_TOTAL_diff_max_div_min,3.865679979324341,1
11,f102_nyg_low_normal_AMT_APPLICATION_m_app_AMT_GOODS_PRICE_d_app_AMT_INCOME_TOTAL_diff_min,754.0080690383911,116
11,f102_nyg_low_normal_AMT_APPLICATION_d_app_AMT_INCOME_TOTAL_pctchange_min,124.9317901134491,18
11,f102_nyg_low_normal_AMT_APPLICATION_d_app_AMT_INCOME_TOTAL_pctchange_max,94.48325967788696,13
11,f102_nyg_low_normal_AMT_APPLICATION_d_app_AMT_INCOME_TOTAL_diff_mean,990.7135132551193,156
11,f102_nyg_low_normal_AMT_APPLICATION_d_app_AMT_INCOME_TOTAL_pctchange_mean,138.41435074806213,20
11,f102_nyg_low_normal_AMT_APPLICATION_m_app_AMT_GOODS_PRICE_d_app_AMT_INCOME_TOTAL_diff_mean,492.3675181865692,77
11,f102_nyg_low_normal_AMT_APPLICATION_d_app_AMT_INCOME_TOTAL_std,983.6629527807236,159
11,f102_nyg_low_normal_AMT_APPLICATION_m_app_AMT_GOODS_PRICE_d_app_AMT_INCOME_TOTAL_pctchange_max,2920.021225333214,463
11,f102_nyg_low_normal_AMT_APPLICATION_m_app_AMT_GOODS_PRICE_d_app_AMT_INCOME_TOTAL_diff_std_div_mean,275.1613087654114,44
11,f102_nyg_low_normal_AMT_APPLICATION_m_app_AMT_GOODS_PRICE_d_app_AMT_INCOME_TOTAL_pctchange_mean,3119.8818777799606,494
11,f102_nyg_low_normal_AMT_APPLICATION_m_app_AMT_GOODS_PRICE_d_app_AMT_INCOME_TOTAL_diff_std,179.8078591823578,27
11,f102_nyg_low_normal_AMT_APPLICATION_m_app_AMT_GOODS_PRICE_d_app_AMT_INCOME_TOTAL_max_div_min,1529.8239794969559,240
11,f102_nyg_low_normal_AMT_APPLICATION_m_app_AMT_GOODS_PRICE_d_app_AMT_INCOME_TOTAL_pctchange_max_div_min,618.3123316764832,89
11,f102_nyg_low_normal_AMT_APPLICATION_m_app_AMT_GOODS_PRICE_d_app_AMT_INCOME_TOTAL_diff_max,704.9810492992401,105
11,f102_nyg_low_normal_AMT_APPLICATION_m_app_AMT_GOODS_PRICE_d_app_AMT_INCOME_TOTAL_pctchange_std_div_mean,940.3999500274658,142
11,f102_nyg_low_normal_AMT_APPLICATION_m_app_AMT_GOODS_PRICE_d_app_AMT_INCOME_TOTAL_std,568.2577199935913,92
11,f102_nyg_low_normal_AMT_APPLICATION_m_app_AMT_GOODS_PRICE_d_app_AMT_INCOME_TOTAL_pctchange_std,967.4177086353302,153
11,f102_nyg_low_normal_AMT_APPLICATION_m_app_AMT_GOODS_PRICE_d_app_AMT_INCOME_TOTAL_pctchange_min,2617.0740280151367,416
11,f102_nyg_low_normal_AMT_APPLICATION_max_div_min,7.21658992767334,1
11,f102_nyg_low_normal_AMT_APPLICATION_s_app_AMT_ANNUITY_d_app_AMT_INCOME_TOTAL_diff_max,262.47007989883423,43
11,f102_nyg_low_normal_AMT_APPLICATION_m_app_AMT_GOODS_PRICE_d_app_AMT_INCOME_TOTAL_std_div_mean,1208.6333472132683,195
11,f102_nyg_low_normal_AMT_APPLICATION_s_app_AMT_ANNUITY_d_app_AMT_INCOME_TOTAL_diff_max_div_min,0.0,0
11,f102_nyg_low_normal_AMT_APPLICATION_s_app_AMT_ANNUITY_d_app_AMT_INCOME_TOTAL_diff_std,137.0472390651703,22
11,f102_nyg_low_normal_AMT_APPLICATION_min,4329.653057932854,667
11,f102_nyg_low_normal_AMT_APPLICATION_s_app_AMT_ANNUITY_d_app_AMT_INCOME_TOTAL_pctchange_max,2566.9248896837234,403
11,f102_nyg_low_normal_AMT_APPLICATION_max,4045.6320329904556,623
11,f102_nyg_low_normal_AMT_APPLICATION_s_app_AMT_ANNUITY_d_app_AMT_INCOME_TOTAL_pctchange_max_div_min,212.0054394006729,36
11,f102_nyg_low_normal_AMT_APPLICATION_s_app_AMT_ANNUITY_d_app_AMT_INCOME_TOTAL_min,2485.990189909935,389
11,f102_nyg_low_normal_AMT_APPLICATION_s_app_AMT_ANNUITY_d_app_AMT_INCOME_TOTAL_max_div_min,666.3721619844437,110
11,f102_nyg_low_normal_AMT_APPLICATION_mean,3271.6834067106247,498
11,f102_nyg_low_normal_AMT_APPLICATION_s_app_AMT_ANNUITY_d_app_AMT_INCOME_TOTAL_max,2696.183442890644,400
11,f102_nyg_low_normal_AMT_APPLICATION_s_app_AMT_ANNUITY_d_app_AMT_INCOME_TOTAL_diff_mean,551.1955709457397,82
11,f102_nyg_low_normal_AMT_APPLICATION_s_app_AMT_ANNUITY_d_app_AMT_INCOME_TOTAL_pctchange_std,696.8010921478271,109
11,f102_nyg_low_normal_AMT_APPLICATION_s_app_AMT_ANNUITY_diff_max,2447.877146959305,371
11,f102_nyg_low_normal_AMT_APPLICATION_s_app_AMT_ANNUITY_d_app_AMT_INCOME_TOTAL_pctchange_std_div_mean,409.7042624950409,68
11,f102_nyg_low_normal_AMT_APPLICATION_s_app_AMT_ANNUITY_diff_max_div_min,9.18220043182373,1
11,f102_nyg_low_normal_AMT_APPLICATION_s_app_AMT_ANNUITY_diff_min,1789.0402518510818,283
11,f102_nyg_low_normal_AMT_APPLICATION_s_app_AMT_ANNUITY_d_app_AMT_INCOME_TOTAL_diff_min,306.2733302116394,52
11,f102_nyg_low_normal_AMT_APPLICATION_s_app_AMT_ANNUITY_d_app_AMT_INCOME_TOTAL_pctchange_mean,2695.8170948028564,418
12,f102_nyg_low_normal_AMT_APPLICATION_s_app_AMT_ANNUITY_diff_std,142.16805958747864,24
12,f102_nyg_low_normal_AMT_APPLICATION_s_app_AMT_ANNUITY_diff_mean,633.7812696695328,99
12,f102_nyg_low_normal_AMT_APPLICATION_s_app_AMT_ANNUITY_pctchange_min,737.3961272239685,123
12,f102_nyg_low_normal_AMT_APPLICATION_s_app_AMT_ANNUITY_pctchange_max_div_min,99.8927993774414,13
12,f102_nyg_low_normal_AMT_APPLICATION_s_app_AMT_ANNUITY_mean,1205.6676748096943,183
12,f102_nyg_low_normal_AMT_APPLICATION_s_app_AMT_ANNUITY_d_app_AMT_INCOME_TOTAL_std_div_mean,334.72899889945984,51
12,f102_nyg_low_normal_AMT_APPLICATION_s_app_AMT_ANNUITY_d_app_AMT_INCOME_TOTAL_mean,1607.7347518205643,248
12,f102_nyg_low_normal_AMT_APPLICATION_s_app_AMT_ANNUITY_d_app_AMT_INCOME_TOTAL_std,410.47087836265564,63
12,f102_nyg_low_normal_AMT_APPLICATION_s_app_AMT_ANNUITY_d_app_AMT_INCOME_TOTAL_pctchange_min,264.6594703197479,41
12,f102_nyg_low_normal_AMT_APPLICATION_s_app_AMT_ANNUITY_min,1608.8505660295486,238
12,f102_nyg_low_normal_AMT_APPLICATION_s_app_AMT_ANNUITY_pctchange_std_div_mean,119.43784952163696,18
12,f102_nyg_low_normal_AMT_APPLICATION_s_app_AMT_CREDIT_d_app_AMT_INCOME_TOTAL_diff_std,120.77462005615234,20
12,f102_nyg_low_normal_AMT_APPLICATION_s_app_AMT_ANNUITY_pctchange_max,895.0501240491867,146
12,f102_nyg_low_normal_AMT_APPLICATION_s_app_AMT_CREDIT_d_app_AMT_INCOME_TOTAL_diff_max_div_min,83.20596098899841,12
12,f102_nyg_low_normal_AMT_APPLICATION_s_app_AMT_CREDIT_d_app_AMT_INCOME_TOTAL_diff_max,535.2217326164246,82
12,f102_nyg_low_normal_AMT_APPLICATION_s_app_AMT_ANNUITY_std,352.92041087150574,62
12,f102_nyg_low_normal_AMT_APPLICATION_s_app_AMT_ANNUITY_std_div_mean,118.82919979095459,18
12,f102_nyg_low_normal_AMT_APPLICATION_s_app_AMT_ANNUITY_max,1547.3815560042858,221
12,f102_nyg_low_normal_AMT_APPLICATION_s_app_AMT_ANNUITY_pctchange_mean,823.0627700090408,124
12,f102_nyg_low_normal_AMT_APPLICATION_s_app_AMT_CREDIT_d_app_AMT_INCOME_TOTAL_pctchange_mean,1397.4298100471497,221
12,f102_nyg_low_normal_AMT_APPLICATION_s_app_AMT_CREDIT_d_app_AMT_INCOME_TOTAL_pctchange_max_div_min,120.04379987716675,16
12,f102_nyg_low_normal_AMT_APPLICATION_s_app_AMT_CREDIT_d_app_AMT_INCOME_TOTAL_pctchange_std_div_mean,260.42529106140137,40
12,f102_nyg_low_normal_AMT_APPLICATION_s_app_AMT_CREDIT_d_app_AMT_INCOME_TOTAL_mean,2806.09829723835,407
12,f102_nyg_low_normal_AMT_APPLICATION_s_app_AMT_CREDIT_d_app_AMT_INCOME_TOTAL_max,2721.3771303892136,400
12,f102_nyg_low_normal_AMT_APPLICATION_s_app_AMT_CREDIT_d_app_AMT_INCOME_TOTAL_pctchange_min,1339.0744059085846,213
12,f102_nyg_low_normal_AMT_APPLICATION_s_app_AMT_CREDIT_diff_std,24.73546028137207,4
12,f102_nyg_low_normal_AMT_APPLICATION_s_app_AMT_CREDIT_d_app_AMT_INCOME_TOTAL_min,3379.8732957839966,483
12,f102_nyg_low_normal_AMT_APPLICATION_s_app_AMT_CREDIT_d_app_AMT_INCOME_TOTAL_std,284.5288202762604,46
12,f102_nyg_low_normal_AMT_APPLICATION_s_app_AMT_CREDIT_diff_max,743.2765913009644,120
12,f102_nyg_low_normal_AMT_APPLICATION_s_app_AMT_CREDIT_d_app_AMT_INCOME_TOTAL_std_div_mean,674.3831598758698,114
12,f102_nyg_low_normal_AMT_APPLICATION_s_app_AMT_CREDIT_diff_min,874.9606672525406,117
12,f102_nyg_low_normal_AMT_APPLICATION_s_app_AMT_CREDIT_diff_max_div_min,37.67506980895996,6
12,f102_nyg_low_normal_AMT_APPLICATION_s_app_AMT_CREDIT_diff_mean,248.92248034477234,36
12,f102_nyg_low_normal_AMT_APPLICATION_s_app_AMT_CREDIT_std,75.34619927406311,12
12,f102_nyg_low_normal_AMT_APPLICATION_s_app_AMT_CREDIT_d_app_AMT_INCOME_TOTAL_max_div_min,574.5844175815582,96
12,f102_nyg_low_normal_AMT_APPLICATION_s_app_AMT_CREDIT_std_div_mean,232.50912070274353,40
12,f102_nyg_low_normal_AMT_APPLICATION_s_app_AMT_CREDIT_pctchange_max_div_min,61.027000427246094,9
12,f102_nyg_low_normal_AMT_APPLICATION_s_app_AMT_CREDIT_d_app_AMT_INCOME_TOTAL_pctchange_max,1241.612116932869,196
12,f102_nyg_low_normal_AMT_APPLICATION_s_app_AMT_CREDIT_pctchange_std_div_mean,105.9226598739624,16
12,f102_nyg_low_normal_AMT_APPLICATION_s_app_AMT_CREDIT_pctchange_std,261.797758102417,42
12,f102_nyg_low_normal_AMT_APPLICATION_s_app_AMT_CREDIT_max_div_min,183.3491506576538,28
12,f102_nyg_low_normal_AMT_APPLICATION_s_app_AMT_CREDIT_d_app_AMT_INCOME_TOTAL_diff_min,427.59056866168976,70
12,f102_nyg_low_normal_AMT_APPLICATION_s_app_AMT_CREDIT_pctchange_min,326.4412405490875,50
12,f102_nyg_low_normal_AMT_APPLICATION_s_app_AMT_CREDIT_pctchange_mean,375.34354734420776,57
12,f102_nyg_low_normal_AMT_APPLICATION_s_app_AMT_GOODS_PRICE_diff_mean,147.02677083015442,23
12,f102_nyg_low_normal_AMT_APPLICATION_s_app_AMT_GOODS_PRICE_diff_max,356.4280096292496,52
12,f102_nyg_low_normal_AMT_APPLICATION_s_app_AMT_CREDIT_pctchange_max,437.0683761239052,68
12,f102_nyg_low_normal_AMT_APPLICATION_s_app_AMT_GOODS_PRICE_max_div_min,671.8843512535095,102
12,f102_nyg_low_normal_AMT_APPLICATION_s_app_AMT_GOODS_PRICE_diff_std,11.431830406188965,2
12,f102_nyg_low_normal_AMT_APPLICATION_s_app_AMT_GOODS_PRICE_diff_min,314.7155108451843,47
12,f102_nyg_low_normal_AMT_APPLICATION_s_app_AMT_GOODS_PRICE_diff_max_div_min,0.0,0
12,f102_nyg_low_normal_AMT_APPLICATION_s_app_AMT_ANNUITY_max_div_min,341.2877025604248,45
12,f102_nyg_low_normal_AMT_APPLICATION_s_app_AMT_GOODS_PRICE_pctchange_std,284.5866003036499,45
12,f102_nyg_low_normal_AMT_APPLICATION_s_app_AMT_INCOME_TOTAL_diff_max,79.5229697227478,11
12,f102_nyg_low_normal_AMT_APPLICATION_s_app_AMT_GOODS_PRICE_std,82.17629957199097,14
12,f102_nyg_low_normal_AMT_APPLICATION_s_app_AMT_GOODS_PRICE_std_div_mean,548.3116176128387,88
12,f102_nyg_low_normal_AMT_APPLICATION_s_app_AMT_CREDIT_d_app_AMT_INCOME_TOTAL_diff_mean,384.55866050720215,57
12,f102_nyg_low_normal_AMT_APPLICATION_s_app_AMT_ANNUITY_pctchange_std,150.0969202518463,23
12,f102_nyg_low_normal_AMT_APPLICATION_s_app_AMT_CREDIT_d_app_AMT_INCOME_TOTAL_pctchange_std,129.65703010559082,20
12,f102_nyg_low_normal_AMT_APPLICATION_s_app_AMT_INCOME_TOTAL_diff_max_div_min,2.980520009994507,1
12,f102_nyg_low_normal_AMT_APPLICATION_s_app_AMT_GOODS_PRICE_pctchange_std_div_mean,298.32236075401306,45
12,f102_nyg_low_normal_AMT_APPLICATION_s_app_AMT_GOODS_PRICE_pctchange_min,800.7779695987701,128
12,f102_nyg_low_normal_AMT_APPLICATION_s_app_AMT_GOODS_PRICE_pctchange_max,905.7340202331543,150
12,f102_nyg_low_normal_AMT_APPLICATION_s_app_AMT_INCOME_TOTAL_diff_std,0.0,0
12,f102_nyg_low_normal_AMT_APPLICATION_s_app_AMT_INCOME_TOTAL_max,1872.1167576909065,302
12,f102_nyg_low_normal_AMT_APPLICATION_s_app_AMT_GOODS_PRICE_pctchange_max_div_min,112.11058008670807,21
12,f102_nyg_low_normal_AMT_APPLICATION_s_app_AMT_INCOME_TOTAL_diff_mean,32.60620927810669,6
12,f102_nyg_low_normal_AMT_APPLICATION_s_app_AMT_INCOME_TOTAL_diff_min,122.09072089195251,18
12,f102_nyg_low_normal_AMT_APPLICATION_s_app_AMT_GOODS_PRICE_pctchange_mean,938.2361382246017,152
12,f102_nyg_low_normal_AMT_APPLICATION_s_app_AMT_INCOME_TOTAL_pctchange_std,486.1482837200165,72
12,f102_nyg_low_normal_AMT_APPLICATION_s_app_AMT_INCOME_TOTAL_max_div_min,940.937385559082,143
12,f102_nyg_low_normal_AMT_APPLICATION_s_app_AMT_INCOME_TOTAL_pctchange_std_div_mean,421.1460208892822,65
12,f102_nyg_low_normal_AMT_APPLICATION_s_app_AMT_INCOME_TOTAL_pctchange_max_div_min,149.38554000854492,22
12,f102_nyg_low_normal_AMT_APPLICATION_std,0.0,0
12,f102_nyg_low_normal_AMT_APPLICATION_s_app_AMT_INCOME_TOTAL_min,1663.6854908168316,279
12,f102_nyg_low_normal_AMT_APPLICATION_s_app_AMT_INCOME_TOTAL_std,8.763629913330078,1
12,f102_nyg_low_normal_AMT_APPLICATION_std_div_mean,243.3950810432434,35
12,f102_nyg_low_normal_AMT_CREDIT_d_AMT_ANNUITY_diff_max_div_min,252.08830845355988,45
12,f102_nyg_low_normal_AMT_CREDIT_d_AMT_ANNUITY_diff_max,1823.0439780950546,265
12,f102_nyg_low_normal_AMT_APPLICATION_s_app_AMT_INCOME_TOTAL_pctchange_max,2014.6559770703316,320
12,f102_nyg_low_normal_AMT_APPLICATION_s_app_AMT_INCOME_TOTAL_pctchange_min,2341.59208881855,374
12,f102_nyg_low_normal_AMT_APPLICATION_s_app_AMT_INCOME_TOTAL_mean,1531.9157316684723,242
12,f102_nyg_low_normal_AMT_APPLICATION_s_app_AMT_INCOME_TOTAL_std_div_mean,593.8099207878113,90
12,f102_nyg_low_normal_AMT_CREDIT_d_AMT_ANNUITY_pctchange_max_div_min,214.30865025520325,32
12,f102_nyg_low_normal_AMT_CREDIT_d_AMT_ANNUITY_diff_std,546.5479288101196,80
12,f102_nyg_low_normal_AMT_APPLICATION_s_app_AMT_INCOME_TOTAL_pctchange_mean,1986.2954400777817,300
12,f102_nyg_low_normal_AMT_CREDIT_d_AMT_ANNUITY_diff_std_div_mean,309.9367597103119,47
12,f102_nyg_low_normal_AMT_CREDIT_d_AMT_ANNUITY_diff_mean,1684.84942394495,241
12,f102_nyg_low_normal_AMT_CREDIT_d_AMT_ANNUITY_pctchange_max,1609.5002103745937,255
12,f102_nyg_low_normal_AMT_CREDIT_d_AMT_ANNUITY_pctchange_std_div_mean,256.1503608226776,41
12,f102_nyg_low_normal_AMT_CREDIT_d_AMT_ANNUITY_diff_min,1882.3033237457275,287
12,f102_nyg_low_normal_AMT_CREDIT_d_AMT_ANNUITY_std,1375.4836361408234,207
12,f102_nyg_low_normal_AMT_CREDIT_d_AMT_ANNUITY_max_div_min,819.9410171508789,125
12,f102_nyg_low_normal_AMT_CREDIT_d_AMT_APPLICATION_diff_max_div_min,283.11084961891174,46
12,f102_nyg_low_normal_AMT_CREDIT_d_AMT_APPLICATION_diff_mean,1417.5234240293503,216
12,f102_nyg_low_normal_AMT_CREDIT_d_AMT_ANNUITY_pctchange_min,1569.1499676704407,253
12,f102_nyg_low_normal_AMT_CREDIT_d_AMT_APPLICATION_diff_max,1678.0955410003662,234
12,f102_nyg_low_normal_AMT_CREDIT_d_AMT_ANNUITY_pctchange_mean,1573.154330611229,238
12,f102_nyg_low_normal_AMT_CREDIT_d_AMT_APPLICATION_diff_min,1180.9278188943863,190
12,f102_nyg_low_normal_AMT_CREDIT_d_AMT_APPLICATION_diff_std,335.6150403022766,51
12,f102_nyg_low_normal_AMT_CREDIT_d_AMT_APPLICATION_diff_std_div_mean,123.16983032226562,18
12,f102_nyg_low_normal_AMT_CREDIT_d_AMT_APPLICATION_pctchange_max,893.1382831335068,143
12,f102_nyg_low_normal_AMT_CREDIT_d_AMT_APPLICATION_pctchange_max_div_min,215.61574959754944,35
12,f102_nyg_low_normal_AMT_CREDIT_d_AMT_APPLICATION_pctchange_std_div_mean,205.31808042526245,31
12,f102_nyg_low_normal_AMT_CREDIT_d_AMT_APPLICATION_pctchange_min,842.986310005188,134
12,f102_nyg_low_normal_AMT_CREDIT_d_app_AMT_ANNUITY_diff_max_div_min,180.14067101478577,26
12,f102_nyg_low_normal_AMT_CREDIT_d_app_AMT_ANNUITY_diff_std,118.33236026763916,21
12,f102_nyg_low_normal_AMT_CREDIT_d_AMT_APPLICATION_pctchange_mean,662.26899933815,111
12,f102_nyg_low_normal_AMT_CREDIT_d_app_AMT_ANNUITY_diff_max,932.2429702281952,137
12,f102_nyg_low_normal_AMT_CREDIT_d_AMT_APPLICATION_pctchange_std,95.47033977508545,14
12,f102_nyg_low_normal_AMT_CREDIT_d_AMT_APPLICATION_max_div_min,608.2249851822853,91
12,f102_nyg_low_normal_AMT_CREDIT_d_app_AMT_ANNUITY_diff_std_div_mean,137.6089894771576,19
12,f102_nyg_low_normal_AMT_CREDIT_d_app_AMT_ANNUITY_diff_min,957.0573986172676,157
12,f102_nyg_low_normal_AMT_CREDIT_d_app_AMT_ANNUITY_diff_mean,888.7641915082932,136
12,f102_nyg_low_normal_AMT_CREDIT_d_app_AMT_ANNUITY_pctchange_std_div_mean,173.85416960716248,28
12,f102_nyg_low_normal_AMT_CREDIT_d_AMT_APPLICATION_std,957.665100812912,158
12,f102_nyg_low_normal_AMT_CREDIT_d_app_AMT_ANNUITY_pctchange_max,483.5793579816818,79
12,f102_nyg_low_normal_AMT_CREDIT_d_app_AMT_ANNUITY_pctchange_mean,523.1871778964996,82
12,f102_nyg_low_normal_AMT_CREDIT_d_app_AMT_ANNUITY_mean,1840.5692138671875,290
12,f102_nyg_low_normal_AMT_CREDIT_d_app_AMT_ANNUITY_max,1765.003092765808,261
12,f102_nyg_low_normal_AMT_CREDIT_d_app_AMT_ANNUITY_pctchange_std,207.21195077896118,31
12,f102_nyg_low_normal_AMT_CREDIT_d_AMT_APPLICATION_std_div_mean,596.2251789569855,92
12,f102_nyg_low_normal_AMT_CREDIT_d_app_AMT_ANNUITY_max_div_min,174.04688954353333,25
12,f102_nyg_low_normal_AMT_CREDIT_d_app_AMT_ANNUITY_pctchange_min,734.3319520950317,108
12,f102_nyg_low_normal_AMT_CREDIT_d_app_AMT_CREDIT_diff_std,154.0441722869873,25
12,f102_nyg_low_normal_AMT_CREDIT_d_app_AMT_CREDIT_diff_max,761.510729432106,116
12,f102_nyg_low_normal_AMT_CREDIT_d_app_AMT_CREDIT_diff_max_div_min,29.73517942428589,4
12,f102_nyg_low_normal_AMT_CREDIT_d_app_AMT_CREDIT_diff_std_div_mean,69.29794979095459,10
12,f102_nyg_low_normal_AMT_CREDIT_d_app_AMT_ANNUITY_min,2044.61005961895,302
12,f102_nyg_low_normal_AMT_CREDIT_d_app_AMT_ANNUITY_std_div_mean,265.5257902145386,38
12,f102_nyg_low_normal_AMT_CREDIT_d_app_AMT_CREDIT_diff_mean,750.4923131465912,109
12,f102_nyg_low_normal_AMT_CREDIT_d_app_AMT_CREDIT_max_div_min,67.07378053665161,10
12,f102_nyg_low_normal_AMT_CREDIT_d_app_AMT_ANNUITY_std,486.07663011550903,78
12,f102_nyg_low_normal_AMT_CREDIT_d_app_AMT_CREDIT_pctchange_std,42.17395043373108,6
12,f102_nyg_low_normal_AMT_CREDIT_d_app_AMT_ANNUITY_pctchange_max_div_min,185.40337109565735,26
12,f102_nyg_low_normal_AMT_CREDIT_d_app_AMT_CREDIT_diff_min,785.9352972507477,119
12,f102_nyg_low_normal_AMT_CREDIT_d_app_AMT_CREDIT_pctchange_min,250.50958156585693,37
12,f102_nyg_low_normal_AMT_CREDIT_d_app_AMT_CREDIT_pctchange_mean,218.21597051620483,35
12,f102_nyg_low_normal_AMT_CREDIT_d_app_AMT_CREDIT_std,563.9559600353241,88
12,f102_nyg_low_normal_AMT_CREDIT_d_app_AMT_CREDIT_std_div_mean,81.81393003463745,12
12,f102_nyg_low_normal_AMT_CREDIT_d_app_AMT_CREDIT_max,1877.0324240028858,260
12,f102_nyg_low_normal_AMT_CREDIT_d_app_AMT_CREDIT_min,1829.5626394748688,262
12,f102_nyg_low_normal_AMT_CREDIT_d_app_AMT_CREDIT_pctchange_max_div_min,117.9990611076355,11
12,f102_nyg_low_normal_AMT_CREDIT_d_app_AMT_CREDIT_pctchange_std_div_mean,28.88023018836975,6
12,f102_nyg_low_normal_AMT_CREDIT_d_app_AMT_GOODS_PRICE_diff_std_div_mean,24.16245985031128,3
12,f102_nyg_low_normal_AMT_CREDIT_d_app_AMT_CREDIT_pctchange_max,160.86422085762024,25
12,f102_nyg_low_normal_AMT_CREDIT_d_app_AMT_GOODS_PRICE_diff_std,150.56838941574097,22
12,f102_nyg_low_normal_AMT_CREDIT_d_app_AMT_CREDIT_mean,1389.9611900150776,215
12,f102_nyg_low_normal_AMT_CREDIT_d_app_AMT_GOODS_PRICE_diff_max_div_min,18.57109022140503,3
12,f102_nyg_low_normal_AMT_CREDIT_d_app_AMT_GOODS_PRICE_diff_min,817.4848127141595,127
12,f102_nyg_low_normal_AMT_CREDIT_d_app_AMT_GOODS_PRICE_diff_max,856.8481800556183,124
12,f102_nyg_low_normal_AMT_CREDIT_d_app_AMT_GOODS_PRICE_pctchange_std_div_mean,32.35584020614624,4
12,f102_nyg_low_normal_AMT_CREDIT_d_app_AMT_GOODS_PRICE_max,2930.7885208129883,362
12,f102_nyg_low_normal_AMT_CREDIT_d_app_AMT_GOODS_PRICE_max_div_min,10.22985029220581,2
12,f102_nyg_low_normal_AMT_CREDIT_d_app_AMT_GOODS_PRICE_mean,3354.4564230442047,434
12,f102_nyg_low_normal_AMT_CREDIT_d_app_AMT_GOODS_PRICE_pctchange_std,49.13009977340698,8
12,f102_nyg_low_normal_AMT_CREDIT_d_app_AMT_GOODS_PRICE_diff_mean,873.1675510406494,120
12,f102_nyg_low_normal_AMT_CREDIT_d_app_AMT_GOODS_PRICE_pctchange_mean,456.57198655605316,66
12,f102_nyg_low_normal_AMT_CREDIT_d_app_AMT_GOODS_PRICE_min,4298.126316785812,533
12,f102_nyg_low_normal_AMT_CREDIT_d_app_AMT_GOODS_PRICE_pctchange_max,231.4407970905304,37
12,f102_nyg_low_normal_AMT_CREDIT_d_app_AMT_GOODS_PRICE_pctchange_min,299.6824996471405,49
12,f102_nyg_low_normal_AMT_CREDIT_d_app_AMT_INCOME_TOTAL_diff_max_div_min,0.0,0
12,f102_nyg_low_normal_AMT_CREDIT_d_app_AMT_INCOME_TOTAL_diff_std_div_mean,31.838220357894897,7
12,f102_nyg_low_normal_AMT_CREDIT_d_app_AMT_INCOME_TOTAL_diff_std,203.29025983810425,31
12,f102_nyg_low_normal_AMT_CREDIT_d_app_AMT_INCOME_TOTAL_diff_max,558.678000330925,90
12,f102_nyg_low_normal_AMT_CREDIT_d_app_AMT_INCOME_TOTAL_pctchange_max,24.070979833602905,5
12,f102_nyg_low_normal_AMT_CREDIT_d_app_AMT_INCOME_TOTAL_diff_min,713.530878663063,113
12,f102_nyg_low_normal_AMT_CREDIT_d_app_AMT_INCOME_TOTAL_pctchange_max_div_min,4.001910209655762,1
12,f102_nyg_low_normal_AMT_CREDIT_d_app_AMT_INCOME_TOTAL_pctchange_std,16.164639949798584,3
12,f102_nyg_low_normal_AMT_CREDIT_d_app_AMT_INCOME_TOTAL_min,2026.8485946059227,304
12,f102_nyg_low_normal_AMT_CREDIT_d_total_debt_diff_mean,2315.442481994629,375
12,f102_nyg_low_normal_AMT_CREDIT_d_app_AMT_INCOME_TOTAL_pctchange_std_div_mean,6.311399936676025,1
12,f102_nyg_low_normal_AMT_CREDIT_d_app_AMT_INCOME_TOTAL_max_div_min,0.0,0
12,f102_nyg_low_normal_AMT_CREDIT_d_app_AMT_INCOME_TOTAL_pctchange_mean,64.13583993911743,11
12,f102_nyg_low_normal_AMT_CREDIT_d_total_debt_diff_min,2218.132112786174,334
12,f102_nyg_low_normal_AMT_CREDIT_d_app_AMT_GOODS_PRICE_pctchange_max_div_min,33.81324028968811,4
12,f102_nyg_low_normal_AMT_CREDIT_d_total_debt_diff_std,390.2269012928009,65
12,f102_nyg_low_normal_AMT_CREDIT_d_app_AMT_INCOME_TOTAL_std_div_mean,122.58758020401001,20
12,f102_nyg_low_normal_AMT_CREDIT_d_total_debt_diff_std_div_mean,307.92659974098206,50
12,f102_nyg_low_normal_AMT_CREDIT_d_total_debt_diff_max,2503.638791438192,371
12,f102_nyg_low_normal_AMT_CREDIT_d_app_AMT_GOODS_PRICE_std,543.350419998169,82
12,f102_nyg_low_normal_AMT_CREDIT_d_app_AMT_INCOME_TOTAL_pctchange_min,52.681830406188965,8
12,f102_nyg_low_normal_AMT_CREDIT_d_app_AMT_GOODS_PRICE_std_div_mean,28.37883996963501,5
12,f102_nyg_low_normal_AMT_CREDIT_d_total_debt_pctchange_std,187.82255125045776,30
12,f102_nyg_low_normal_AMT_CREDIT_d_total_debt_max_div_min,736.6072100400925,113
12,f102_nyg_low_normal_AMT_CREDIT_d_app_AMT_INCOME_TOTAL_std,592.4631867408752,94
12,f102_nyg_low_normal_AMT_CREDIT_d_app_AMT_INCOME_TOTAL_diff_mean,525.5318710803986,80
12,f102_nyg_low_normal_AMT_CREDIT_d_total_debt_pctchange_min,2570.3635989427567,384
12,f102_nyg_low_normal_AMT_CREDIT_m_app_AMT_GOODS_PRICE_d_app_AMT_INCOME_TOTAL_diff_mean,566.9936096668243,85
12,f102_nyg_low_normal_AMT_CREDIT_m_app_AMT_GOODS_PRICE_d_app_AMT_INCOME_TOTAL_diff_std,64.56279063224792,9
12,f102_nyg_low_normal_AMT_CREDIT_d_total_debt_pctchange_std_div_mean,414.3381885290146,67
12,f102_nyg_low_normal_AMT_CREDIT_m_app_AMT_GOODS_PRICE_d_app_AMT_INCOME_TOTAL_diff_std_div_mean,5.738319993019104,2
12,f102_nyg_low_normal_AMT_CREDIT_m_app_AMT_GOODS_PRICE_d_app_AMT_INCOME_TOTAL_diff_max_div_min,5.040740013122559,1
12,f102_nyg_low_normal_AMT_CREDIT_m_app_AMT_GOODS_PRICE_d_app_AMT_INCOME_TOTAL_pctchange_std_div_mean,397.28457975387573,56
12,f102_nyg_low_normal_AMT_CREDIT_m_app_AMT_GOODS_PRICE_d_app_AMT_INCOME_TOTAL_diff_min,378.79335141181946,53
12,f102_nyg_low_normal_AMT_CREDIT_m_app_AMT_GOODS_PRICE_d_app_AMT_INCOME_TOTAL_pctchange_min,1725.7961455583572,269
12,f102_nyg_low_normal_AMT_CREDIT_m_app_AMT_GOODS_PRICE_d_app_AMT_INCOME_TOTAL_pctchange_mean,1298.6495583057404,214
12,f102_nyg_low_normal_AMT_CREDIT_m_app_AMT_GOODS_PRICE_d_app_AMT_INCOME_TOTAL_diff_max,439.9957854747772,66
12,f102_nyg_low_normal_AMT_CREDIT_m_app_AMT_GOODS_PRICE_d_app_AMT_INCOME_TOTAL_pctchange_std,275.03619146347046,42
12,f102_nyg_low_normal_AMT_CREDIT_s_app_AMT_ANNUITY_d_app_AMT_INCOME_TOTAL_diff_max,187.54375958442688,31
12,f102_nyg_low_normal_AMT_CREDIT_s_app_AMT_ANNUITY_d_app_AMT_INCOME_TOTAL_diff_max_div_min,0.0,0
12,f102_nyg_low_normal_AMT_CREDIT_m_app_AMT_GOODS_PRICE_d_app_AMT_INCOME_TOTAL_max_div_min,472.8729704618454,81
12,f102_nyg_low_normal_AMT_CREDIT_m_app_AMT_GOODS_PRICE_d_app_AMT_INCOME_TOTAL_pctchange_max_div_min,221.23051929473877,31
12,f102_nyg_low_normal_AMT_CREDIT_m_app_AMT_GOODS_PRICE_d_app_AMT_INCOME_TOTAL_std_div_mean,807.1752026081085,125
12,f102_nyg_low_normal_AMT_CREDIT_m_app_AMT_GOODS_PRICE_d_app_AMT_INCOME_TOTAL_std,307.4223892688751,50
12,f102_nyg_low_normal_AMT_CREDIT_m_app_AMT_GOODS_PRICE_d_app_AMT_INCOME_TOTAL_pctchange_max,1752.826214402914,265
12,f102_nyg_low_normal_AMT_CREDIT_min,2179.4655844569206,321
12,f102_nyg_low_normal_AMT_CREDIT_max_div_min,0.0,0
12,f102_nyg_low_normal_AMT_CREDIT_s_app_AMT_ANNUITY_d_app_AMT_INCOME_TOTAL_diff_std_div_mean,9.744279861450195,1
12,f102_nyg_low_normal_AMT_CREDIT_s_app_AMT_ANNUITY_d_app_AMT_INCOME_TOTAL_diff_mean,235.20818090438843,35
12,f102_nyg_low_normal_AMT_CREDIT_s_app_AMT_ANNUITY_d_app_AMT_INCOME_TOTAL_diff_min,233.18533945083618,37
12,f102_nyg_low_normal_AMT_CREDIT_s_app_AMT_ANNUITY_d_app_AMT_INCOME_TOTAL_diff_std,22.487699508666992,3
12,f102_nyg_low_normal_AMT_CREDIT_mean,1541.2388702630997,226
12,f102_nyg_low_normal_AMT_CREDIT_max,1672.7262231111526,237
12,f102_nyg_low_normal_AMT_CREDIT_s_app_AMT_ANNUITY_d_app_AMT_INCOME_TOTAL_pctchange_max_div_min,115.10694861412048,18
12,f102_nyg_low_normal_AMT_CREDIT_s_app_AMT_ANNUITY_d_app_AMT_INCOME_TOTAL_pctchange_min,1283.4752653837204,206
12,f102_nyg_low_normal_AMT_CREDIT_s_app_AMT_ANNUITY_diff_std_div_mean,0.0,0
12,f102_nyg_low_normal_AMT_CREDIT_s_app_AMT_ANNUITY_d_app_AMT_INCOME_TOTAL_pctchange_mean,1037.0556666851044,156
12,f102_nyg_low_normal_AMT_CREDIT_s_app_AMT_ANNUITY_d_app_AMT_INCOME_TOTAL_max_div_min,383.4535701274872,59
12,f102_nyg_low_normal_AMT_CREDIT_s_app_AMT_ANNUITY_d_app_AMT_INCOME_TOTAL_min,2078.708589076996,306
12,f102_nyg_low_normal_AMT_CREDIT_s_app_AMT_ANNUITY_d_app_AMT_INCOME_TOTAL_std,159.35109114646912,25
12,f102_nyg_low_normal_AMT_CREDIT_s_app_AMT_ANNUITY_diff_mean,490.7903301715851,78
12,f102_nyg_low_normal_AMT_CREDIT_s_app_AMT_ANNUITY_diff_min,780.2565677165985,119
12,f102_nyg_low_normal_AMT_CREDIT_s_app_AMT_ANNUITY_diff_max,855.3318384885788,128
12,f102_nyg_low_normal_AMT_CREDIT_s_app_AMT_ANNUITY_d_app_AMT_INCOME_TOTAL_pctchange_max,1117.0375878810883,173
12,f102_nyg_low_normal_AMT_CREDIT_s_app_AMT_ANNUITY_diff_std,186.32729983329773,27
12,f102_nyg_low_normal_AMT_CREDIT_s_app_AMT_ANNUITY_diff_max_div_min,0.0,0
12,f102_nyg_low_normal_AMT_CREDIT_s_app_AMT_ANNUITY_d_app_AMT_INCOME_TOTAL_pctchange_std_div_mean,251.2014491558075,38
12,f102_nyg_low_normal_AMT_CREDIT_s_app_AMT_ANNUITY_d_app_AMT_INCOME_TOTAL_std_div_mean,578.8843009471893,89
12,f102_nyg_low_normal_AMT_CREDIT_s_app_AMT_ANNUITY_d_app_AMT_INCOME_TOTAL_pctchange_std,165.5847008228302,27
12,f102_nyg_low_normal_AMT_CREDIT_s_app_AMT_ANNUITY_min,1870.3008227050304,276
12,f102_nyg_low_normal_AMT_CREDIT_s_app_AMT_ANNUITY_pctchange_std_div_mean,66.87051010131836,11
12,f102_nyg_low_normal_AMT_CREDIT_s_app_AMT_ANNUITY_pctchange_std,67.8665099143982,12
12,f102_nyg_low_normal_AMT_CREDIT_s_app_AMT_ANNUITY_mean,1589.6424605250359,216
12,f102_nyg_low_normal_AMT_CREDIT_s_app_AMT_ANNUITY_max_div_min,125.23430013656616,18
12,f102_nyg_low_normal_AMT_CREDIT_s_app_AMT_ANNUITY_pctchange_max,248.80288004875183,37
12,f102_nyg_low_normal_AMT_CREDIT_s_app_AMT_ANNUITY_pctchange_max_div_min,53.734909892082214,10
12,f102_nyg_low_normal_AMT_CREDIT_s_app_AMT_ANNUITY_pctchange_mean,258.71337890625,41
12,f102_nyg_low_normal_AMT_CREDIT_s_app_AMT_CREDIT_d_app_AMT_INCOME_TOTAL_diff_std_div_mean,10.25133991241455,2
12,f102_nyg_low_normal_AMT_CREDIT_s_app_AMT_CREDIT_d_app_AMT_INCOME_TOTAL_diff_std,10.162879943847656,2
12,f102_nyg_low_normal_AMT_CREDIT_s_app_AMT_ANNUITY_max,1379.1154581904411,196
12,f102_nyg_low_normal_AMT_CREDIT_s_app_AMT_ANNUITY_std_div_mean,128.3130292892456,19
12,f102_nyg_low_normal_AMT_CREDIT_s_app_AMT_CREDIT_d_app_AMT_INCOME_TOTAL_diff_mean,59.9092903137207,10
12,f102_nyg_low_normal_AMT_CREDIT_s_app_AMT_CREDIT_d_app_AMT_INCOME_TOTAL_std,46.55252933502197,6
12,f102_nyg_low_normal_AMT_CREDIT_s_app_AMT_CREDIT_d_app_AMT_INCOME_TOTAL_diff_max_div_min,0.0,0
12,f102_nyg_low_normal_AMT_CREDIT_s_app_AMT_CREDIT_d_app_AMT_INCOME_TOTAL_diff_min,17.672070264816284,4
12,f102_nyg_low_normal_AMT_CREDIT_s_app_AMT_ANNUITY_std,625.7068490982056,102
12,f102_nyg_low_normal_AMT_CREDIT_s_app_AMT_CREDIT_d_app_AMT_INCOME_TOTAL_pctchange_std,358.5693188905716,56
12,f102_nyg_low_normal_AMT_CREDIT_s_app_AMT_ANNUITY_pctchange_min,311.2159614562988,53
12,f102_nyg_low_normal_AMT_CREDIT_s_app_AMT_CREDIT_d_app_AMT_INCOME_TOTAL_max_div_min,783.5805568695068,120
12,f102_nyg_low_normal_AMT_CREDIT_s_app_AMT_CREDIT_d_app_AMT_INCOME_TOTAL_pctchange_mean,1487.4398782253265,214
12,f102_nyg_low_normal_AMT_CREDIT_s_app_AMT_CREDIT_d_app_AMT_INCOME_TOTAL_std_div_mean,714.4256901741028,124
12,f102_nyg_low_normal_AMT_CREDIT_s_app_AMT_CREDIT_d_app_AMT_INCOME_TOTAL_diff_max,47.356029987335205,7
12,f102_nyg_low_normal_AMT_CREDIT_s_app_AMT_CREDIT_d_app_AMT_INCOME_TOTAL_pctchange_max_div_min,147.76779079437256,24
12,f102_nyg_low_normal_AMT_CREDIT_s_app_AMT_CREDIT_diff_min,167.7988886833191,25
12,f102_nyg_low_normal_AMT_CREDIT_s_app_AMT_CREDIT_diff_mean,208.0562195777893,31
12,f102_nyg_low_normal_AMT_CREDIT_s_app_AMT_CREDIT_d_app_AMT_INCOME_TOTAL_pctchange_max,1234.2702388763428,200
12,f102_nyg_low_normal_AMT_CREDIT_s_app_AMT_CREDIT_d_app_AMT_INCOME_TOTAL_pctchange_min,1094.0640757083893,168
12,f102_nyg_low_normal_AMT_CREDIT_s_app_AMT_CREDIT_d_app_AMT_INCOME_TOTAL_min,2983.8214987516403,460
12,f102_nyg_low_normal_AMT_CREDIT_s_app_AMT_CREDIT_max_div_min,243.2287209033966,39
12,f102_nyg_low_normal_AMT_CREDIT_s_app_AMT_CREDIT_diff_max_div_min,0.0,0
12,f102_nyg_low_normal_AMT_CREDIT_s_app_AMT_CREDIT_diff_std_div_mean,2.298419952392578,1
12,f102_nyg_low_normal_AMT_CREDIT_s_app_AMT_CREDIT_pctchange_max_div_min,16.411279678344727,2
12,f102_nyg_low_normal_AMT_CREDIT_s_app_AMT_CREDIT_pctchange_min,439.4345498085022,71
12,f102_nyg_low_normal_AMT_CREDIT_s_app_AMT_CREDIT_diff_max,243.67300009727478,37
12,f102_nyg_low_normal_AMT_CREDIT_s_app_AMT_CREDIT_diff_std,88.11393976211548,14
12,f102_nyg_low_normal_AMT_CREDIT_s_app_AMT_CREDIT_std,144.77037024497986,21
12,f102_nyg_low_normal_AMT_CREDIT_s_app_AMT_CREDIT_pctchange_std,133.24725914001465,19
12,f102_nyg_low_normal_AMT_CREDIT_s_app_AMT_GOODS_PRICE_diff_max_div_min,0.0,0
12,f102_nyg_low_normal_AMT_CREDIT_s_app_AMT_GOODS_PRICE_diff_std_div_mean,0.0,0
12,f102_nyg_low_normal_AMT_CREDIT_s_app_AMT_CREDIT_pctchange_mean,343.23415088653564,54
12,f102_nyg_low_normal_AMT_CREDIT_s_app_AMT_CREDIT_std_div_mean,222.0899806022644,38
12,f102_nyg_low_normal_AMT_CREDIT_s_app_AMT_GOODS_PRICE_diff_std,17.718219757080078,3
12,f102_nyg_low_normal_AMT_CREDIT_s_app_AMT_GOODS_PRICE_diff_max,490.38129806518555,73
12,f102_nyg_low_normal_AMT_CREDIT_s_app_AMT_GOODS_PRICE_diff_mean,443.9927200078964,69
12,f102_nyg_low_normal_AMT_CREDIT_s_app_AMT_GOODS_PRICE_pctchange_max_div_min,92.1174910068512,12
12,f102_nyg_low_normal_AMT_CREDIT_s_app_AMT_CREDIT_pctchange_max,397.6333304643631,62
12,f102_nyg_low_normal_AMT_CREDIT_s_app_AMT_GOODS_PRICE_diff_min,343.4621877670288,55
12,f102_nyg_low_normal_AMT_CREDIT_s_app_AMT_GOODS_PRICE_max_div_min,166.64222073554993,24
12,f102_nyg_low_normal_AMT_CREDIT_s_app_AMT_GOODS_PRICE_pctchange_std,127.37313103675842,18
12,f102_nyg_low_normal_AMT_CREDIT_s_app_AMT_INCOME_TOTAL_diff_mean,36.567139625549316,5
12,f102_nyg_low_normal_AMT_CREDIT_s_app_AMT_GOODS_PRICE_pctchange_std_div_mean,112.64762020111084,17
12,f102_nyg_low_normal_AMT_CREDIT_s_app_AMT_GOODS_PRICE_pctchange_max,535.627440571785,85
12,f102_nyg_low_normal_AMT_CREDIT_s_app_AMT_GOODS_PRICE_std,72.94649028778076,11
12,f102_nyg_low_normal_AMT_CREDIT_s_app_AMT_INCOME_TOTAL_diff_min,53.013360023498535,10
12,f102_nyg_low_normal_AMT_CREDIT_s_app_AMT_INCOME_TOTAL_diff_max_div_min,0.0,0
12,f102_nyg_low_normal_AMT_CREDIT_s_app_AMT_GOODS_PRICE_pctchange_mean,348.3397207260132,54
12,f102_nyg_low_normal_AMT_CREDIT_s_app_AMT_GOODS_PRICE_pctchange_min,597.0761045217514,93
12,f102_nyg_low_normal_AMT_CREDIT_s_app_AMT_INCOME_TOTAL_pctchange_max,2079.8135275244713,330
12,f102_nyg_low_normal_AMT_CREDIT_s_app_AMT_INCOME_TOTAL_diff_std,0.0,0
12,f102_nyg_low_normal_AMT_CREDIT_s_app_AMT_INCOME_TOTAL_pctchange_max_div_min,256.2448799610138,39
12,f102_nyg_low_normal_AMT_CREDIT_s_app_AMT_GOODS_PRICE_std_div_mean,225.03724122047424,35
12,f102_nyg_low_normal_AMT_CREDIT_s_app_AMT_INCOME_TOTAL_pctchange_mean,1846.6462623476982,290
12,f102_nyg_low_normal_AMT_CREDIT_s_app_AMT_INCOME_TOTAL_pctchange_min,1974.5557833909988,307
12,f102_nyg_low_normal_AMT_CREDIT_s_app_AMT_INCOME_TOTAL_max,2062.737729907036,297
12,f102_nyg_low_normal_AMT_CREDIT_s_app_AMT_INCOME_TOTAL_diff_max,71.64716053009033,13
12,f102_nyg_low_normal_AMT_CREDIT_s_app_AMT_INCOME_TOTAL_diff_std_div_mean,0.0,0
12,f102_nyg_low_normal_AMT_CREDIT_s_app_AMT_INCOME_TOTAL_min,1833.1982229948044,276
12,f102_nyg_low_normal_AMT_CREDIT_s_app_AMT_INCOME_TOTAL_mean,1813.2526335716248,277
12,f102_nyg_low_normal_AMT_DOWN_PAYMENT_d_AMT_GOODS_PRICE_diff_max_div_min,233.44522905349731,21
12,f102_nyg_low_normal_AMT_CREDIT_s_app_AMT_INCOME_TOTAL_std,7.534649848937988,1
12,f102_nyg_low_normal_AMT_CREDIT_std,0.0,0
12,f102_nyg_low_normal_AMT_CREDIT_s_app_AMT_INCOME_TOTAL_std_div_mean,546.6138112545013,96
12,f102_nyg_low_normal_AMT_DOWN_PAYMENT_d_AMT_GOODS_PRICE_diff_max,901.7160151600838,131
12,f102_nyg_low_normal_AMT_CREDIT_s_app_AMT_INCOME_TOTAL_max_div_min,783.6712293624878,123
12,f102_nyg_low_normal_AMT_CREDIT_std_div_mean,38.40888023376465,5
12,f102_nyg_low_normal_AMT_DOWN_PAYMENT_d_AMT_GOODS_PRICE_diff_std_div_mean,33.362850189208984,5
12,f102_nyg_low_normal_AMT_DOWN_PAYMENT_d_AMT_GOODS_PRICE_pctchange_mean,214.77251887321472,33
12,f102_nyg_low_normal_AMT_DOWN_PAYMENT_d_AMT_GOODS_PRICE_max_div_min,8.299540042877197,2
12,f102_nyg_low_normal_AMT_DOWN_PAYMENT_d_AMT_GOODS_PRICE_pctchange_max,196.06356942653656,31
12,f102_nyg_low_normal_AMT_DOWN_PAYMENT_d_AMT_GOODS_PRICE_pctchange_min,95.96136021614075,17
12,f102_nyg_low_normal_AMT_DOWN_PAYMENT_d_AMT_GOODS_PRICE_diff_mean,887.9090988636017,123
12,f102_nyg_low_normal_AMT_DOWN_PAYMENT_d_AMT_GOODS_PRICE_pctchange_max_div_min,63.37295937538147,9
12,f102_nyg_low_normal_AMT_DOWN_PAYMENT_max_div_min,0.0,0
12,f102_nyg_low_normal_AMT_DOWN_PAYMENT_std,74.64399003982544,15
12,f102_nyg_low_normal_AMT_DOWN_PAYMENT_d_AMT_GOODS_PRICE_diff_min,1078.2627004384995,153
12,f102_nyg_low_normal_AMT_DOWN_PAYMENT_mean,568.9225492477417,96
12,f102_nyg_low_normal_AMT_DOWN_PAYMENT_d_AMT_GOODS_PRICE_min,638.2152798175812,102
12,f102_nyg_low_normal_AMT_GOODS_PRICE_d_AMT_ANNUITY_diff_std,616.6367515325546,95
12,f102_nyg_low_normal_AMT_GOODS_PRICE_d_AMT_ANNUITY_diff_std_div_mean,298.8097994327545,45
12,f102_nyg_low_normal_AMT_DOWN_PAYMENT_max,523.9193909168243,87
12,f102_nyg_low_normal_AMT_GOODS_PRICE_d_AMT_ANNUITY_diff_max,1926.5757992267609,305
12,f102_nyg_low_normal_AMT_DOWN_PAYMENT_min,461.9286003112793,79
12,f102_nyg_low_normal_AMT_GOODS_PRICE_d_AMT_ANNUITY_max_div_min,592.5661933422089,92
12,f102_nyg_low_normal_AMT_GOODS_PRICE_d_AMT_ANNUITY_diff_max_div_min,335.0938915014267,54
12,f102_nyg_low_normal_AMT_GOODS_PRICE_d_AMT_CREDIT_diff_max_div_min,206.9726812839508,35
12,f102_nyg_low_normal_AMT_GOODS_PRICE_d_AMT_ANNUITY_diff_mean,1892.0771197676659,283
12,f102_nyg_low_normal_AMT_GOODS_PRICE_d_AMT_ANNUITY_pctchange_max,1571.4541682600975,257
12,f102_nyg_low_normal_AMT_GOODS_PRICE_d_AMT_CREDIT_diff_max,1136.8578481674194,189
12,f102_nyg_low_normal_AMT_GOODS_PRICE_d_AMT_ANNUITY_diff_min,1841.428829073906,287
12,f102_nyg_low_normal_AMT_GOODS_PRICE_d_AMT_ANNUITY_pctchange_std_div_mean,296.87259101867676,47
12,f102_nyg_low_normal_AMT_GOODS_PRICE_d_AMT_ANNUITY_pctchange_max_div_min,200.99095010757446,30
12,f102_nyg_low_normal_AMT_GOODS_PRICE_d_AMT_ANNUITY_std,1345.0820620059967,204
12,f102_nyg_low_normal_AMT_GOODS_PRICE_d_AMT_CREDIT_max_div_min,229.06634211540222,32
12,f102_nyg_low_normal_AMT_GOODS_PRICE_d_AMT_CREDIT_diff_std,187.94494152069092,31
12,f102_nyg_low_normal_AMT_GOODS_PRICE_d_AMT_ANNUITY_pctchange_min,1639.672932624817,260
12,f102_nyg_low_normal_AMT_GOODS_PRICE_d_AMT_ANNUITY_pctchange_mean,1400.482228755951,229
12,f102_nyg_low_normal_AMT_GOODS_PRICE_d_AMT_CREDIT_pctchange_std_div_mean,236.3978624343872,35
12,f102_nyg_low_normal_AMT_GOODS_PRICE_d_AMT_CREDIT_pctchange_max_div_min,203.81002020835876,33
12,f102_nyg_low_normal_AMT_GOODS_PRICE_d_AMT_CREDIT_diff_std_div_mean,218.42349076271057,35
12,f102_nyg_low_normal_AMT_GOODS_PRICE_d_AMT_CREDIT_pctchange_max,571.7473956346512,84
12,f102_nyg_low_normal_AMT_GOODS_PRICE_d_AMT_CREDIT_diff_min,1299.8838470578194,200
12,f102_nyg_low_normal_AMT_GOODS_PRICE_d_AMT_CREDIT_pctchange_std,215.4101505279541,35
12,f102_nyg_low_normal_AMT_GOODS_PRICE_d_AMT_CREDIT_std_div_mean,265.1460292339325,43
12,f102_nyg_low_normal_AMT_GOODS_PRICE_d_AMT_CREDIT_std,1020.9595990180969,162
12,f102_nyg_low_normal_AMT_GOODS_PRICE_d_app_AMT_ANNUITY_diff_max,878.4253358095884,140
12,f102_nyg_low_normal_AMT_GOODS_PRICE_d_app_AMT_ANNUITY_diff_min,1117.5912871360779,163
12,f102_nyg_low_normal_AMT_GOODS_PRICE_d_app_AMT_ANNUITY_diff_max_div_min,72.34172928333282,10
12,f102_nyg_low_normal_AMT_GOODS_PRICE_d_app_AMT_ANNUITY_diff_mean,934.6401493549347,131
12,f102_nyg_low_normal_AMT_GOODS_PRICE_d_AMT_CREDIT_pctchange_min,689.4752988815308,96
12,f102_nyg_low_normal_AMT_GOODS_PRICE_d_app_AMT_ANNUITY_diff_std_div_mean,309.39902091026306,43
12,f102_nyg_low_normal_AMT_GOODS_PRICE_d_AMT_CREDIT_diff_mean,1076.5807975530624,164
12,f102_nyg_low_normal_AMT_GOODS_PRICE_d_app_AMT_ANNUITY_min,2418.232607603073,336
12,f102_nyg_low_normal_AMT_GOODS_PRICE_d_AMT_CREDIT_pctchange_mean,735.2055730819702,121
12,f102_nyg_low_normal_AMT_GOODS_PRICE_d_app_AMT_ANNUITY_pctchange_max_div_min,72.56865048408508,13
12,f102_nyg_low_normal_AMT_GOODS_PRICE_d_app_AMT_ANNUITY_diff_std,335.7996299266815,50
12,f102_nyg_low_normal_AMT_GOODS_PRICE_d_app_AMT_ANNUITY_mean,2920.2351425886154,404
12,f102_nyg_low_normal_AMT_GOODS_PRICE_d_app_AMT_ANNUITY_max_div_min,272.60388827323914,42
12,f102_nyg_low_normal_AMT_GOODS_PRICE_d_app_AMT_ANNUITY_pctchange_min,695.8713622093201,109
12,f102_nyg_low_normal_AMT_GOODS_PRICE_d_app_AMT_CREDIT_diff_std,138.85279893875122,21
12,f102_nyg_low_normal_AMT_GOODS_PRICE_d_app_AMT_ANNUITY_max,2766.477546930313,396
12,f102_nyg_low_normal_AMT_GOODS_PRICE_d_app_AMT_ANNUITY_pctchange_std_div_mean,225.28417038917542,34
12,f102_nyg_low_normal_AMT_GOODS_PRICE_d_app_AMT_ANNUITY_pctchange_std,96.76193046569824,15
12,f102_nyg_low_normal_AMT_GOODS_PRICE_d_app_AMT_ANNUITY_std,644.2182779312134,100
12,f102_nyg_low_normal_AMT_GOODS_PRICE_d_app_AMT_ANNUITY_std_div_mean,220.4661099910736,36
12,f102_nyg_low_normal_AMT_GOODS_PRICE_d_app_AMT_CREDIT_diff_max,678.5053601264954,105
12,f102_nyg_low_normal_AMT_GOODS_PRICE_d_app_AMT_ANNUITY_pctchange_max,597.4689626693726,87
12,f102_nyg_low_normal_AMT_GOODS_PRICE_d_app_AMT_CREDIT_pctchange_std_div_mean,68.02991938591003,10
12,f102_nyg_low_normal_AMT_GOODS_PRICE_d_app_AMT_ANNUITY_pctchange_mean,684.4165066480637,102
12,f102_nyg_low_normal_AMT_GOODS_PRICE_d_app_AMT_CREDIT_diff_max_div_min,57.462809801101685,8
12,f102_nyg_low_normal_AMT_GOODS_PRICE_d_app_AMT_CREDIT_pctchange_min,201.86234045028687,30
12,f102_nyg_low_normal_AMT_GOODS_PRICE_d_app_AMT_CREDIT_diff_min,569.9104492664337,92
12,f102_nyg_low_normal_AMT_GOODS_PRICE_d_app_AMT_CREDIT_diff_mean,677.0859999656677,102
12,f102_nyg_low_normal_AMT_GOODS_PRICE_d_app_AMT_CREDIT_max,2908.421895980835,380
12,f102_nyg_low_normal_AMT_GOODS_PRICE_d_app_AMT_CREDIT_pctchange_std,96.50472974777222,13
12,f102_nyg_low_normal_AMT_GOODS_PRICE_d_app_AMT_CREDIT_mean,2196.1220512390137,276
12,f102_nyg_low_normal_AMT_GOODS_PRICE_d_app_AMT_CREDIT_pctchange_mean,208.05001163482666,31
12,f102_nyg_low_normal_AMT_GOODS_PRICE_d_app_AMT_CREDIT_pctchange_max_div_min,20.544610023498535,4
12,f102_nyg_low_normal_AMT_GOODS_PRICE_d_app_AMT_CREDIT_std_div_mean,94.72133016586304,14
12,f102_nyg_low_normal_AMT_GOODS_PRICE_d_app_AMT_GOODS_PRICE_diff_std,170.02971136569977,26
12,f102_nyg_low_normal_AMT_GOODS_PRICE_d_app_AMT_GOODS_PRICE_diff_max,689.952271938324,96
12,f102_nyg_low_normal_AMT_GOODS_PRICE_d_app_AMT_GOODS_PRICE_diff_max_div_min,0.0,0
12,f102_nyg_low_normal_AMT_GOODS_PRICE_d_app_AMT_CREDIT_pctchange_max,248.62569952011108,35
12,f102_nyg_low_normal_AMT_GOODS_PRICE_d_app_AMT_CREDIT_std,480.60553884506226,78
12,f102_nyg_low_normal_AMT_GOODS_PRICE_d_app_AMT_CREDIT_max_div_min,98.54592061042786,14
12,f102_nyg_low_normal_AMT_GOODS_PRICE_d_app_AMT_GOODS_PRICE_pctchange_std,30.135279655456543,5
12,f102_nyg_low_normal_AMT_GOODS_PRICE_d_app_AMT_GOODS_PRICE_max_div_min,132.3824005126953,17
12,f102_nyg_low_normal_AMT_GOODS_PRICE_d_app_AMT_GOODS_PRICE_diff_mean,746.2064048051834,109
12,f102_nyg_low_normal_AMT_GOODS_PRICE_d_app_AMT_CREDIT_min,2995.545412182808,404
12,f102_nyg_low_normal_AMT_GOODS_PRICE_d_app_AMT_GOODS_PRICE_pctchange_std_div_mean,60.00802040100098,8
12,f102_nyg_low_normal_AMT_GOODS_PRICE_d_app_AMT_GOODS_PRICE_mean,1910.252808690071,262
12,f102_nyg_low_normal_AMT_GOODS_PRICE_d_app_AMT_GOODS_PRICE_diff_min,790.1549866199493,118
12,f102_nyg_low_normal_AMT_GOODS_PRICE_d_app_AMT_GOODS_PRICE_pctchange_max_div_min,11.252589702606201,2
12,f102_nyg_low_normal_AMT_GOODS_PRICE_d_app_AMT_GOODS_PRICE_max,2001.5450470149517,285
12,f102_nyg_low_normal_AMT_GOODS_PRICE_d_app_AMT_GOODS_PRICE_pctchange_min,180.7621204853058,30
12,f102_nyg_low_normal_AMT_GOODS_PRICE_d_app_AMT_GOODS_PRICE_std,358.1384379863739,58
12,f102_nyg_low_normal_AMT_GOODS_PRICE_d_app_AMT_GOODS_PRICE_pctchange_mean,260.80099964141846,40
12,f102_nyg_low_normal_AMT_GOODS_PRICE_d_app_AMT_GOODS_PRICE_std_div_mean,68.36257934570312,10
12,f102_nyg_low_normal_AMT_GOODS_PRICE_d_app_AMT_INCOME_TOTAL_diff_std,194.43575942516327,29
12,f102_nyg_low_normal_AMT_GOODS_PRICE_d_app_AMT_GOODS_PRICE_min,2494.623837351799,350
12,f102_nyg_low_normal_AMT_GOODS_PRICE_d_app_AMT_INCOME_TOTAL_min,1577.8665494918823,246
12,f102_nyg_low_normal_AMT_GOODS_PRICE_d_app_AMT_INCOME_TOTAL_diff_mean,378.06839948892593,63
12,f102_nyg_low_normal_AMT_GOODS_PRICE_d_app_AMT_INCOME_TOTAL_mean,1619.2984648942947,253
12,f102_nyg_low_normal_AMT_GOODS_PRICE_d_app_AMT_GOODS_PRICE_pctchange_max,193.07916831970215,28
12,f102_nyg_low_normal_AMT_GOODS_PRICE_d_app_AMT_INCOME_TOTAL_max_div_min,16.858669757843018,2
12,f102_nyg_low_normal_AMT_GOODS_PRICE_d_app_AMT_INCOME_TOTAL_diff_max,380.76732552051544,57
12,f102_nyg_low_normal_AMT_GOODS_PRICE_d_app_AMT_INCOME_TOTAL_pctchange_std,3.8607900142669678,1
12,f102_nyg_low_normal_AMT_GOODS_PRICE_d_app_AMT_INCOME_TOTAL_pctchange_std_div_mean,33.51101016998291,6
12,f102_nyg_low_normal_AMT_GOODS_PRICE_d_app_AMT_INCOME_TOTAL_diff_max_div_min,0.0,0
12,f102_nyg_low_normal_AMT_GOODS_PRICE_d_app_AMT_INCOME_TOTAL_diff_min,301.91300469636917,50
12,f102_nyg_low_normal_AMT_GOODS_PRICE_d_app_AMT_INCOME_TOTAL_std_div_mean,40.29792928695679,6
12,f102_nyg_low_normal_AMT_GOODS_PRICE_d_total_debt_diff_max_div_min,124.20576047897339,21
12,f102_nyg_low_normal_AMT_GOODS_PRICE_d_app_AMT_INCOME_TOTAL_std,130.57578039169312,19
12,f102_nyg_low_normal_AMT_GOODS_PRICE_d_app_AMT_INCOME_TOTAL_max,1557.0187096744776,228
12,f102_nyg_low_normal_AMT_GOODS_PRICE_d_app_AMT_INCOME_TOTAL_pctchange_min,29.765999794006348,4
12,f102_nyg_low_normal_AMT_GOODS_PRICE_d_total_debt_diff_max,1924.342533454299,299
12,f102_nyg_low_normal_AMT_GOODS_PRICE_d_app_AMT_INCOME_TOTAL_pctchange_max_div_min,0.0,0
12,f102_nyg_low_normal_AMT_GOODS_PRICE_d_app_AMT_INCOME_TOTAL_pctchange_mean,37.67968010902405,7
12,f102_nyg_low_normal_AMT_GOODS_PRICE_d_total_debt_diff_std_div_mean,348.6997596025467,56
12,f102_nyg_low_normal_AMT_GOODS_PRICE_d_total_debt_diff_mean,1882.6455536782742,286
12,f102_nyg_low_normal_AMT_GOODS_PRICE_d_total_debt_diff_min,1863.1812021136284,285
12,f102_nyg_low_normal_AMT_GOODS_PRICE_d_total_debt_pctchange_max,1820.7125411629677,275
12,f102_nyg_low_normal_AMT_GOODS_PRICE_d_total_debt_pctchange_max_div_min,145.40298008918762,22
12,f102_nyg_low_normal_AMT_GOODS_PRICE_d_app_AMT_INCOME_TOTAL_pctchange_max,49.270920515060425,9
12,f102_nyg_low_normal_AMT_GOODS_PRICE_d_total_debt_pctchange_std_div_mean,367.3017899990082,60
12,f102_nyg_low_normal_AMT_GOODS_PRICE_d_total_debt_max_div_min,781.4181686639786,123
12,f102_nyg_low_normal_AMT_GOODS_PRICE_d_total_debt_pctchange_std,527.5540492534637,84
12,f102_nyg_low_normal_AMT_GOODS_PRICE_m_app_AMT_GOODS_PRICE_d_app_AMT_INCOME_TOTAL_diff_min,299.1616887152195,43
12,f102_nyg_low_normal_AMT_GOODS_PRICE_d_total_debt_pctchange_mean,1818.4732257127762,264
12,f102_nyg_low_normal_AMT_GOODS_PRICE_d_total_debt_pctchange_min,1905.3526837825775,278
12,f102_nyg_low_normal_AMT_GOODS_PRICE_m_app_AMT_GOODS_PRICE_d_app_AMT_INCOME_TOTAL_diff_std_div_mean,168.1103801727295,25
12,f102_nyg_low_normal_AMT_GOODS_PRICE_m_app_AMT_GOODS_PRICE_d_app_AMT_INCOME_TOTAL_diff_std,157.5081295967102,21
12,f102_nyg_low_normal_AMT_GOODS_PRICE_m_app_AMT_GOODS_PRICE_d_app_AMT_INCOME_TOTAL_diff_max,245.20364928245544,33
12,f102_nyg_low_normal_AMT_GOODS_PRICE_m_app_AMT_GOODS_PRICE_d_app_AMT_INCOME_TOTAL_diff_max_div_min,10.160989999771118,2
12,f102_nyg_low_normal_AMT_GOODS_PRICE_m_app_AMT_GOODS_PRICE_d_app_AMT_INCOME_TOTAL_diff_mean,325.19974994659424,47
12,f102_nyg_low_normal_AMT_GOODS_PRICE_m_app_AMT_GOODS_PRICE_d_app_AMT_INCOME_TOTAL_max_div_min,338.50938153266907,52
12,f102_nyg_low_normal_AMT_GOODS_PRICE_m_app_AMT_GOODS_PRICE_d_app_AMT_INCOME_TOTAL_pctchange_max_div_min,172.1411406993866,26
12,f102_nyg_low_normal_AMT_GOODS_PRICE_m_app_AMT_GOODS_PRICE_d_app_AMT_INCOME_TOTAL_pctchange_std,455.0243978500366,70
12,f102_nyg_low_normal_AMT_GOODS_PRICE_m_app_AMT_GOODS_PRICE_d_app_AMT_INCOME_TOTAL_pctchange_mean,968.1696120500565,145
12,f102_nyg_low_normal_AMT_GOODS_PRICE_m_app_AMT_GOODS_PRICE_d_app_AMT_INCOME_TOTAL_pctchange_min,913.4366207122803,141
12,f102_nyg_low_normal_AMT_GOODS_PRICE_m_app_AMT_GOODS_PRICE_d_app_AMT_INCOME_TOTAL_pctchange_std_div_mean,272.984258890152,43
12,f102_nyg_low_normal_AMT_GOODS_PRICE_m_app_AMT_GOODS_PRICE_d_app_AMT_INCOME_TOTAL_std,76.67422008514404,11
12,f102_nyg_low_normal_AMT_GOODS_PRICE_s_app_AMT_ANNUITY_d_app_AMT_INCOME_TOTAL_diff_max_div_min,0.0,0
12,f102_nyg_low_normal_AMT_GOODS_PRICE_max_div_min,0.0,0
12,f102_nyg_low_normal_AMT_GOODS_PRICE_m_app_AMT_GOODS_PRICE_d_app_AMT_INCOME_TOTAL_std_div_mean,409.9382722377777,69
12,f102_nyg_low_normal_AMT_GOODS_PRICE_s_app_AMT_ANNUITY_d_app_AMT_INCOME_TOTAL_diff_max,192.55925929546356,28
12,f102_nyg_low_normal_AMT_GOODS_PRICE_min,2175.5970813035965,303
12,f102_nyg_low_normal_AMT_GOODS_PRICE_s_app_AMT_ANNUITY_d_app_AMT_INCOME_TOTAL_pctchange_max_div_min,138.64456009864807,21
12,f102_nyg_low_normal_AMT_GOODS_PRICE_max,2177.2247785925865,306
12,f102_nyg_low_normal_AMT_GOODS_PRICE_s_app_AMT_ANNUITY_d_app_AMT_INCOME_TOTAL_diff_std,102.26376914978027,14
12,f102_nyg_low_normal_AMT_GOODS_PRICE_m_app_AMT_GOODS_PRICE_d_app_AMT_INCOME_TOTAL_pctchange_max,783.4304786920547,118
12,f102_nyg_low_normal_AMT_GOODS_PRICE_s_app_AMT_ANNUITY_d_app_AMT_INCOME_TOTAL_pctchange_max,861.0753858089447,133
12,f102_nyg_low_normal_AMT_GOODS_PRICE_s_app_AMT_ANNUITY_d_app_AMT_INCOME_TOTAL_max,1623.9567259550095,241
12,f102_nyg_low_normal_AMT_GOODS_PRICE_mean,1466.9805653095245,216
12,f102_nyg_low_normal_AMT_GOODS_PRICE_s_app_AMT_ANNUITY_d_app_AMT_INCOME_TOTAL_pctchange_std_div_mean,171.63663935661316,28
12,f102_nyg_low_normal_AMT_GOODS_PRICE_s_app_AMT_ANNUITY_d_app_AMT_INCOME_TOTAL_diff_min,167.4259295463562,23
12,f102_nyg_low_normal_AMT_GOODS_PRICE_s_app_AMT_ANNUITY_d_app_AMT_INCOME_TOTAL_mean,418.84165143966675,60
12,f102_nyg_low_normal_AMT_GOODS_PRICE_s_app_AMT_ANNUITY_d_app_AMT_INCOME_TOTAL_diff_mean,173.2572695016861,28
12,f102_nyg_low_normal_AMT_GOODS_PRICE_s_app_AMT_ANNUITY_d_app_AMT_INCOME_TOTAL_max_div_min,140.61514115333557,20
12,f102_nyg_low_normal_AMT_GOODS_PRICE_s_app_AMT_ANNUITY_diff_min,497.282190322876,73
12,f102_nyg_low_normal_AMT_GOODS_PRICE_s_app_AMT_ANNUITY_d_app_AMT_INCOME_TOTAL_std,67.54074001312256,10
12,f102_nyg_low_normal_AMT_GOODS_PRICE_s_app_AMT_ANNUITY_d_app_AMT_INCOME_TOTAL_std_div_mean,210.05746150016785,31
12,f102_nyg_low_normal_AMT_GOODS_PRICE_s_app_AMT_ANNUITY_d_app_AMT_INCOME_TOTAL_pctchange_min,850.2329128980637,127
12,f102_nyg_low_normal_AMT_GOODS_PRICE_s_app_AMT_ANNUITY_diff_max_div_min,0.0,0
12,f102_nyg_low_normal_AMT_GOODS_PRICE_s_app_AMT_ANNUITY_diff_std,135.70381951332092,21
12,f102_nyg_low_normal_AMT_GOODS_PRICE_s_app_AMT_ANNUITY_pctchange_max_div_min,12.550469875335693,2
12,f102_nyg_low_normal_AMT_GOODS_PRICE_s_app_AMT_ANNUITY_diff_max,643.9366767406464,90
12,f102_nyg_low_normal_AMT_GOODS_PRICE_s_app_AMT_ANNUITY_d_app_AMT_INCOME_TOTAL_pctchange_std,265.05407762527466,39
12,f102_nyg_low_normal_AMT_GOODS_PRICE_s_app_AMT_ANNUITY_d_app_AMT_INCOME_TOTAL_pctchange_mean,896.8948448896408,142
12,f102_nyg_low_normal_AMT_GOODS_PRICE_s_app_AMT_ANNUITY_diff_mean,474.1172478199005,71
12,f102_nyg_low_normal_AMT_GOODS_PRICE_s_app_AMT_ANNUITY_d_app_AMT_INCOME_TOTAL_min,1482.3469496965408,231
12,f102_nyg_low_normal_AMT_GOODS_PRICE_s_app_AMT_ANNUITY_pctchange_min,298.09195852279663,43
12,f102_nyg_low_normal_AMT_GOODS_PRICE_s_app_AMT_ANNUITY_max,601.0767014026642,81
12,f102_nyg_low_normal_AMT_GOODS_PRICE_s_app_AMT_ANNUITY_min,731.8858313560486,103
12,f102_nyg_low_normal_AMT_GOODS_PRICE_s_app_AMT_ANNUITY_pctchange_max,180.67358922958374,27
12,f102_nyg_low_normal_AMT_GOODS_PRICE_s_app_AMT_CREDIT_d_app_AMT_INCOME_TOTAL_diff_std,21.87086057662964,2
12,f102_nyg_low_normal_AMT_GOODS_PRICE_s_app_AMT_ANNUITY_max_div_min,47.998300313949585,8
12,f102_nyg_low_normal_AMT_GOODS_PRICE_s_app_AMT_ANNUITY_pctchange_std,88.43416047096252,14
12,f102_nyg_low_normal_AMT_GOODS_PRICE_s_app_AMT_ANNUITY_std,62.83371067047119,10
12,f102_nyg_low_normal_AMT_GOODS_PRICE_s_app_AMT_ANNUITY_mean,518.6311057955027,79
13,f102_nyg_low_normal_AMT_GOODS_PRICE_s_app_AMT_CREDIT_d_app_AMT_INCOME_TOTAL_pctchange_std,523.4065272808075,81
13,f102_nyg_low_normal_AMT_GOODS_PRICE_s_app_AMT_CREDIT_d_app_AMT_INCOME_TOTAL_diff_max_div_min,462.18692779541016,65
13,f102_nyg_low_normal_AMT_GOODS_PRICE_s_app_AMT_CREDIT_d_app_AMT_INCOME_TOTAL_max_div_min,766.4817991256714,108
13,f102_nyg_low_normal_AMT_GOODS_PRICE_s_app_AMT_ANNUITY_std_div_mean,922.2539179325104,125
13,f102_nyg_low_normal_AMT_GOODS_PRICE_s_app_AMT_CREDIT_d_app_AMT_INCOME_TOTAL_pctchange_std_div_mean,650.2036685943604,97
13,f102_nyg_low_normal_AMT_GOODS_PRICE_s_app_AMT_CREDIT_d_app_AMT_INCOME_TOTAL_pctchange_min,1918.0858402252197,267
13,f102_nyg_low_normal_AMT_GOODS_PRICE_s_app_AMT_CREDIT_d_app_AMT_INCOME_TOTAL_diff_max,1618.054936170578,235
13,f102_nyg_low_normal_AMT_GOODS_PRICE_s_app_AMT_CREDIT_d_app_AMT_INCOME_TOTAL_max,4081.53683757782,556
13,f102_nyg_low_normal_AMT_GOODS_PRICE_s_app_AMT_CREDIT_d_app_AMT_INCOME_TOTAL_diff_min,1484.1664729118347,210
13,f102_nyg_low_normal_AMT_GOODS_PRICE_s_app_AMT_CREDIT_d_app_AMT_INCOME_TOTAL_pctchange_max_div_min,223.69221901893616,31
13,f102_nyg_low_normal_AMT_GOODS_PRICE_s_app_AMT_ANNUITY_pctchange_mean,3615.2291556596756,518
13,f102_nyg_low_normal_AMT_GOODS_PRICE_s_app_AMT_ANNUITY_pctchange_std_div_mean,515.5218298435211,78
13,f102_nyg_low_normal_AMT_GOODS_PRICE_s_app_AMT_CREDIT_diff_std,487.89928007125854,76
13,f102_nyg_low_normal_AMT_GOODS_PRICE_s_app_AMT_CREDIT_d_app_AMT_INCOME_TOTAL_diff_mean,1719.2448818683624,225
13,f102_nyg_low_normal_AMT_GOODS_PRICE_s_app_AMT_CREDIT_d_app_AMT_INCOME_TOTAL_mean,4067.396449446678,551
13,f102_nyg_low_normal_AMT_GOODS_PRICE_s_app_AMT_CREDIT_diff_max_div_min,224.32273119688034,31
13,f102_nyg_low_normal_AMT_GOODS_PRICE_s_app_AMT_CREDIT_d_app_AMT_INCOME_TOTAL_min,4688.794104754925,647
13,f102_nyg_low_normal_AMT_GOODS_PRICE_s_app_AMT_CREDIT_diff_min,1763.6413515806198,244
13,f102_nyg_low_normal_AMT_GOODS_PRICE_s_app_AMT_CREDIT_diff_max,1638.0791051387787,225
13,f102_nyg_low_normal_AMT_GOODS_PRICE_s_app_AMT_CREDIT_diff_mean,1095.1430805921555,151
13,f102_nyg_low_normal_AMT_GOODS_PRICE_s_app_AMT_CREDIT_d_app_AMT_INCOME_TOTAL_pctchange_max,2182.8487346172333,295
13,f102_nyg_low_normal_AMT_GOODS_PRICE_s_app_AMT_CREDIT_d_app_AMT_INCOME_TOTAL_std,1129.0876276493073,158
13,f102_nyg_low_normal_AMT_GOODS_PRICE_s_app_AMT_CREDIT_d_app_AMT_INCOME_TOTAL_pctchange_mean,1728.9461063146591,228
13,f102_nyg_low_normal_AMT_GOODS_PRICE_s_app_AMT_CREDIT_pctchange_std,199.76284074783325,27
13,f102_nyg_low_normal_AMT_GOODS_PRICE_s_app_AMT_CREDIT_d_app_AMT_INCOME_TOTAL_std_div_mean,916.885359287262,133
13,f102_nyg_low_normal_AMT_GOODS_PRICE_s_app_AMT_CREDIT_pctchange_max_div_min,108.08559942245483,15
13,f102_nyg_low_normal_AMT_GOODS_PRICE_s_app_AMT_CREDIT_pctchange_std_div_mean,154.37336993217468,26
13,f102_nyg_low_normal_AMT_GOODS_PRICE_s_app_AMT_CREDIT_max_div_min,190.14504981040955,29
13,f102_nyg_low_normal_AMT_GOODS_PRICE_s_app_AMT_GOODS_PRICE_diff_std,137.48201990127563,20
13,f102_nyg_low_normal_AMT_GOODS_PRICE_s_app_AMT_CREDIT_std,600.667548418045,89
13,f102_nyg_low_normal_AMT_GOODS_PRICE_s_app_AMT_CREDIT_pctchange_min,493.508540391922,76
13,f102_nyg_low_normal_AMT_GOODS_PRICE_s_app_AMT_CREDIT_std_div_mean,311.6724591255188,46
13,f102_nyg_low_normal_AMT_GOODS_PRICE_s_app_AMT_CREDIT_pctchange_max,571.4188570976257,82
13,f102_nyg_low_normal_AMT_GOODS_PRICE_s_app_AMT_CREDIT_pctchange_mean,614.1656992435455,84
13,f102_nyg_low_normal_AMT_GOODS_PRICE_s_app_AMT_GOODS_PRICE_diff_min,850.6956139802933,115
13,f102_nyg_low_normal_AMT_GOODS_PRICE_s_app_AMT_GOODS_PRICE_max_div_min,1163.435754776001,171
13,f102_nyg_low_normal_AMT_GOODS_PRICE_s_app_AMT_GOODS_PRICE_pctchange_std_div_mean,448.0059404373169,69
13,f102_nyg_low_normal_AMT_GOODS_PRICE_s_app_AMT_GOODS_PRICE_diff_max_div_min,72.09333062171936,10
13,f102_nyg_low_normal_AMT_GOODS_PRICE_s_app_AMT_GOODS_PRICE_diff_max,999.3455258607864,130
13,f102_nyg_low_normal_AMT_GOODS_PRICE_s_app_AMT_GOODS_PRICE_std_div_mean,789.0814092159271,115
13,f102_nyg_low_normal_AMT_GOODS_PRICE_s_app_AMT_GOODS_PRICE_diff_mean,597.3574913740158,88
13,f102_nyg_low_normal_AMT_GOODS_PRICE_s_app_AMT_GOODS_PRICE_pctchange_min,2091.285833120346,287
13,f102_nyg_low_normal_AMT_GOODS_PRICE_s_app_AMT_GOODS_PRICE_pctchange_std,699.9928097724915,106
13,f102_nyg_low_normal_AMT_GOODS_PRICE_s_app_AMT_INCOME_TOTAL_diff_max,224.32622957229614,32
13,f102_nyg_low_normal_AMT_GOODS_PRICE_s_app_AMT_GOODS_PRICE_pctchange_max,2653.5394701957703,356
13,f102_nyg_low_normal_AMT_GOODS_PRICE_s_app_AMT_GOODS_PRICE_std,244.3407096862793,38
13,f102_nyg_low_normal_AMT_GOODS_PRICE_s_app_AMT_INCOME_TOTAL_diff_max_div_min,34.938119411468506,5
13,f102_nyg_low_normal_AMT_GOODS_PRICE_s_app_AMT_GOODS_PRICE_pctchange_mean,2264.5808597803116,310
13,f102_nyg_low_normal_AMT_GOODS_PRICE_s_app_AMT_INCOME_TOTAL_diff_std,46.5316801071167,6
13,f102_nyg_low_normal_AMT_GOODS_PRICE_s_app_AMT_GOODS_PRICE_pctchange_max_div_min,462.4683701992035,67
13,f102_nyg_low_normal_AMT_GOODS_PRICE_s_app_AMT_INCOME_TOTAL_diff_mean,200.6808795928955,30
13,f102_nyg_low_normal_AMT_GOODS_PRICE_s_app_AMT_INCOME_TOTAL_pctchange_max_div_min,411.57641887664795,61
13,f102_nyg_low_normal_AMT_GOODS_PRICE_s_app_AMT_INCOME_TOTAL_mean,3527.386090517044,488
13,f102_nyg_low_normal_AMT_GOODS_PRICE_s_app_AMT_INCOME_TOTAL_min,3981.7612183094025,541
13,f102_nyg_low_normal_AMT_GOODS_PRICE_s_app_AMT_INCOME_TOTAL_pctchange_max,2666.6924551725388,365
13,f102_nyg_low_normal_AMT_GOODS_PRICE_s_app_AMT_INCOME_TOTAL_max_div_min,1091.669404745102,144
13,f102_nyg_low_normal_AMT_GOODS_PRICE_s_app_AMT_INCOME_TOTAL_pctchange_std_div_mean,549.4254093170166,79
13,f102_nyg_low_normal_AMT_GOODS_PRICE_std,91.12857103347778,13
13,f102_nyg_low_normal_AMT_GOODS_PRICE_std_div_mean,630.555659532547,94
13,f102_nyg_low_normal_AMT_GOODS_PRICE_s_app_AMT_INCOME_TOTAL_diff_min,180.0028111934662,28
13,f102_nyg_low_normal_AMT_GOODS_PRICE_s_app_AMT_INCOME_TOTAL_std_div_mean,898.5803115367889,131
13,f102_nyg_low_normal_AMT_GOODS_PRICE_s_app_AMT_INCOME_TOTAL_pctchange_mean,2422.226048707962,355
13,f102_nyg_low_normal_AMT_GOODS_PRICE_s_app_AMT_INCOME_TOTAL_std,11.016520023345947,2
13,f102_nyg_low_normal_AMT_GOODS_PRICE_s_app_AMT_INCOME_TOTAL_pctchange_std,788.190714597702,116
13,f102_nyg_low_normal_AMT_GOODS_PRICE_s_app_AMT_INCOME_TOTAL_max,3151.021344065666,440
13,f102_nyg_low_normal_AMT_GOODS_PRICE_s_app_AMT_INCOME_TOTAL_pctchange_min,2756.0177450180054,400
13,f102_nyg_low_normal_CHANNEL_TYPE_Regional___Local_sum,39.872230052948,7
13,f102_nyg_low_normal_CHANNEL_TYPE_Country_wide_sum,185.6052188873291,28
13,f102_nyg_low_normal_CHANNEL_TYPE_Credit_and_cash_offices_mean,496.6576097011566,70
13,f102_nyg_low_normal_CHANNEL_TYPE_Credit_and_cash_offices_sum,245.46605968475342,32
13,f102_nyg_low_normal_CHANNEL_TYPE_Channel_of_corporate_sales_sum,0.0,0
13,f102_nyg_low_normal_CHANNEL_TYPE_Regional___Local_mean,185.67756032943726,26
13,f102_nyg_low_normal_CHANNEL_TYPE_Contact_center_sum,262.3828101158142,30
13,f102_nyg_low_normal_CHANNEL_TYPE_Contact_center_mean,291.4865794181824,37
13,f102_nyg_low_normal_CHANNEL_TYPE_Country_wide_mean,322.7736704349518,40
13,f102_nyg_low_normal_CODE_REJECT_REASON_CLIENT_mean,0.0,0
13,f102_nyg_low_normal_CNT_PAYMENT_max_div_min,868.6507155895233,117
13,f102_nyg_low_normal_CHANNEL_TYPE_Channel_of_corporate_sales_mean,0.0,0
13,f102_nyg_low_normal_CHANNEL_TYPE_Stone_mean,327.7541992664337,48
13,f102_nyg_low_normal_DAYS_DECISION_d_app_DAYS_EMPLOYED_std_div_mean,522.9918115139008,74
13,f102_nyg_low_normal_CHANNEL_TYPE_Stone_sum,98.33723974227905,13
13,f102_nyg_low_normal_CODE_REJECT_REASON_CLIENT_sum,0.0,0
13,f102_nyg_low_normal_CODE_REJECT_REASON_LIMIT_sum,16.630589962005615,3
13,f102_nyg_low_normal_CODE_REJECT_REASON_VERIF_sum,14.348569869995117,3
13,f102_nyg_low_normal_DAYS_DECISION_d_app_DAYS_BIRTH_max_div_min,210.4135309457779,30
13,f102_nyg_low_normal_DAYS_DECISION_d_app_DAYS_ID_PUBLISH_max,3478.0264847278595,460
13,f102_nyg_low_normal_DAYS_DECISION_d_app_DAYS_EMPLOYED_mean,4895.719705700874,490
13,f102_nyg_low_normal_CODE_REJECT_REASON_VERIF_mean,63.25742053985596,11
13,f102_nyg_low_normal_CODE_REJECT_REASON_XNA_mean,0.0,0
13,f102_nyg_low_normal_DAYS_DECISION_d_app_DAYS_EMPLOYED_max,4964.024031758308,529
13,f102_nyg_low_normal_DAYS_DECISION_d_app_DAYS_LAST_PHONE_CHANGE_std_div_mean,668.2341725826263,98
13,f102_nyg_low_normal_DAYS_DECISION_d_app_DAYS_ID_PUBLISH_max_div_min,45.07054042816162,7
13,f102_nyg_low_normal_DAYS_DECISION_d_app_DAYS_EMPLOYED_min,4306.641037344933,568
13,f102_nyg_low_normal_DAYS_DECISION_d_app_DAYS_LAST_PHONE_CHANGE_mean,4416.507432222366,592
13,f102_nyg_low_normal_DAYS_DECISION_d_app_DAYS_ID_PUBLISH_std,370.68864917755127,50
13,f102_nyg_low_normal_DAYS_DECISION_d_app_DAYS_EMPLOYED_max_div_min,330.38811016082764,51
13,f102_nyg_low_normal_DAYS_DECISION_d_app_DAYS_LAST_PHONE_CHANGE_max,4736.2969889342785,609
13,f102_nyg_low_normal_DAYS_DECISION_d_app_DAYS_REGISTRATION_max_div_min,42.714200496673584,6
13,f102_nyg_low_normal_DAYS_DECISION_d_app_DAYS_LAST_PHONE_CHANGE_min,4226.415107250214,588
13,f102_nyg_low_normal_DAYS_DECISION_d_app_DAYS_ID_PUBLISH_mean,3253.2901549339294,421
13,f102_nyg_low_normal_DAYS_DECISION_d_app_DAYS_REGISTRATION_std,734.4759275913239,109
13,f102_nyg_low_normal_DAYS_DECISION_d_app_DAYS_ID_PUBLISH_min,3483.146100819111,481
13,f102_nyg_low_normal_DAYS_DECISION_d_app_DAYS_LAST_PHONE_CHANGE_max_div_min,840.9829626083374,102
13,f102_nyg_low_normal_DAYS_DECISION_s_app_DAYS_EMPLOYED_std,452.0797290802002,75
13,f102_nyg_low_normal_DAYS_DECISION_s_app_DAYS_EMPLOYED_std_div_mean,670.0981724262238,99
13,f102_nyg_low_normal_DAYS_DECISION_s_app_DAYS_BIRTH_std,239.6007423400879,33
13,f102_nyg_low_normal_DAYS_DECISION_s_app_DAYS_ID_PUBLISH_max_div_min,561.3426464796066,77
13,f102_nyg_low_normal_DAYS_DECISION_d_app_DAYS_REGISTRATION_max,3798.7798175811768,520
13,f102_nyg_low_normal_DAYS_DECISION_d_app_DAYS_REGISTRATION_min,3628.1155673265457,502
13,f102_nyg_low_normal_DAYS_DECISION_s_app_DAYS_ID_PUBLISH_std_div_mean,748.9832136631012,102
13,f102_nyg_low_normal_DAYS_DECISION_s_app_DAYS_ID_PUBLISH_std,92.24490094184875,13
13,f102_nyg_low_normal_DAYS_DECISION_d_app_DAYS_REGISTRATION_mean,3144.2467470765114,448
13,f102_nyg_low_normal_DAYS_DECISION_s_app_DAYS_EMPLOYED_max_div_min,426.6387996673584,62
13,f102_nyg_low_normal_DAYS_DECISION_s_app_DAYS_LAST_PHONE_CHANGE_std,33.683680057525635,5
13,f102_nyg_low_normal_DAYS_DECISION_s_app_DAYS_LAST_PHONE_CHANGE_max_div_min,1168.1053285598755,168
13,f102_nyg_low_normal_DAYS_DECISION_s_app_DAYS_REGISTRATION_std_div_mean,740.0339119434357,113
13,f102_nyg_low_normal_DAYS_FIRST_DUE_d_app_DAYS_BIRTH_max_div_min,59.963080167770386,8
13,f102_nyg_low_normal_DAYS_DECISION_s_app_DAYS_LAST_PHONE_CHANGE_std_div_mean,1110.1460616588593,153
13,f102_nyg_low_normal_DAYS_DECISION_s_app_DAYS_REGISTRATION_std,12.559679985046387,2
13,f102_nyg_low_normal_DAYS_DECISION_s_app_DAYS_REGISTRATION_max_div_min,656.5197508335114,84
13,f102_nyg_low_normal_DAYS_FIRST_DUE_d_app_DAYS_EMPLOYED_std_div_mean,106.80531883239746,15
13,f102_nyg_low_normal_DAYS_FIRST_DUE_d_app_DAYS_BIRTH_std_div_mean,61.133670806884766,9
13,f102_nyg_low_normal_DAYS_FIRST_DUE_d_app_DAYS_EMPLOYED_max,2676.6823310256004,330
13,f102_nyg_low_normal_DAYS_FIRST_DUE_d_app_DAYS_EMPLOYED_max_div_min,49.1920690536499,6
13,f102_nyg_low_normal_DAYS_FIRST_DUE_d_app_DAYS_ID_PUBLISH_std,18.758230209350586,2
13,f102_nyg_low_normal_DAYS_FIRST_DUE_d_app_DAYS_ID_PUBLISH_std_div_mean,12.671810150146484,2
13,f102_nyg_low_normal_DAYS_FIRST_DUE_d_app_DAYS_ID_PUBLISH_mean,1848.9242527484894,247
13,f102_nyg_low_normal_DAYS_FIRST_DUE_d_app_DAYS_ID_PUBLISH_max,2004.1207022666931,279
13,f102_nyg_low_normal_DAYS_FIRST_DUE_d_app_DAYS_ID_PUBLISH_max_div_min,20.426889896392822,3
13,f102_nyg_low_normal_DAYS_FIRST_DUE_d_app_DAYS_EMPLOYED_min,2992.7739717960358,345
13,f102_nyg_low_normal_DAYS_FIRST_DUE_d_app_DAYS_EMPLOYED_mean,2639.690182209015,266
13,f102_nyg_low_normal_DAYS_FIRST_DUE_d_app_DAYS_ID_PUBLISH_min,1992.24471783638,256
13,f102_nyg_low_normal_DAYS_FIRST_DUE_d_app_DAYS_LAST_PHONE_CHANGE_std,63.06961917877197,9
13,f102_nyg_low_normal_DAYS_FIRST_DUE_d_app_DAYS_LAST_PHONE_CHANGE_std_div_mean,244.22537899017334,31
13,f102_nyg_low_normal_DAYS_FIRST_DUE_d_app_DAYS_REGISTRATION_max_div_min,0.0,0
13,f102_nyg_low_normal_DAYS_FIRST_DUE_d_app_DAYS_REGISTRATION_mean,1943.8505874872208,280
13,f102_nyg_low_normal_DAYS_FIRST_DUE_d_app_DAYS_LAST_PHONE_CHANGE_max_div_min,60.74788045883179,7
13,f102_nyg_low_normal_DAYS_FIRST_DUE_d_app_DAYS_LAST_PHONE_CHANGE_mean,2536.5860189199448,316
13,f102_nyg_low_normal_DAYS_FIRST_DUE_s_app_DAYS_BIRTH_std,55.108449935913086,8
13,f102_nyg_low_normal_DAYS_FIRST_DUE_d_app_DAYS_REGISTRATION_std,54.86400032043457,9
13,f102_nyg_low_normal_DAYS_FIRST_DUE_d_app_DAYS_REGISTRATION_max,2146.5714631080627,305
13,f102_nyg_low_normal_DAYS_FIRST_DUE_s_app_DAYS_EMPLOYED_max_div_min,79.43557024002075,12
13,f102_nyg_low_normal_DAYS_FIRST_DUE_s_app_DAYS_ID_PUBLISH_std,30.33730983734131,4
13,f102_nyg_low_normal_DAYS_FIRST_DUE_s_app_DAYS_LAST_PHONE_CHANGE_std,0.0,0
13,f102_nyg_low_normal_DAYS_FIRST_DUE_d_app_DAYS_REGISTRATION_min,1835.2783997058868,264
13,f102_nyg_low_normal_DAYS_FIRST_DUE_s_app_DAYS_REGISTRATION_std,20.18039035797119,2
13,f102_nyg_low_normal_DAYS_FIRST_DUE_s_app_DAYS_EMPLOYED_std_div_mean,55.4845404624939,9
13,f102_nyg_low_normal_DAYS_FIRST_DUE_d_app_DAYS_LAST_PHONE_CHANGE_max,2696.691237092018,347
13,f102_nyg_low_normal_DAYS_FIRST_DUE_s_DAYS_DECISIONS_max_div_min,20.20792007446289,3
13,f102_nyg_low_normal_DAYS_FIRST_DUE_s_app_DAYS_ID_PUBLISH_max_div_min,16.59937047958374,3
13,f102_nyg_low_normal_DAYS_FIRST_DUE_s_app_DAYS_LAST_PHONE_CHANGE_max_div_min,35.36380958557129,5
13,f102_nyg_low_normal_DAYS_FIRST_DUE_s_app_DAYS_ID_PUBLISH_std_div_mean,54.8465895652771,9
13,f102_nyg_low_normal_DAYS_FIRST_DUE_s_app_DAYS_REGISTRATION_max_div_min,6.597030162811279,1
13,f102_nyg_low_normal_DAYS_FIRST_DUE_s_app_DAYS_EMPLOYED_std,0.0,0
13,f102_nyg_low_normal_DAYS_LAST_DUE_1ST_VERSION_d_app_DAYS_ID_PUBLISH_max_div_min,87.48108959197998,11
13,f102_nyg_low_normal_DAYS_LAST_DUE_1ST_VERSION_d_app_DAYS_ID_PUBLISH_min,2629.5391323566437,328
13,f102_nyg_low_normal_DAYS_FIRST_DUE_s_app_DAYS_REGISTRATION_std_div_mean,115.45663070678711,16
13,f102_nyg_low_normal_DAYS_FIRST_DUE_d_app_DAYS_LAST_PHONE_CHANGE_min,2652.586284518242,335
13,f102_nyg_low_normal_DAYS_LAST_DUE_1ST_VERSION_d_app_DAYS_BIRTH_max_div_min,0.0,0
13,f102_nyg_low_normal_DAYS_FIRST_DUE_d_app_DAYS_REGISTRATION_std_div_mean,15.451410293579102,3
13,f102_nyg_low_normal_DAYS_LAST_DUE_1ST_VERSION_d_app_DAYS_EMPLOYED_max_div_min,73.06151008605957,11
13,f102_nyg_low_normal_DAYS_LAST_DUE_1ST_VERSION_d_app_DAYS_ID_PUBLISH_std,281.5910987854004,42
13,f102_nyg_low_normal_DAYS_LAST_DUE_1ST_VERSION_d_app_DAYS_LAST_PHONE_CHANGE_max_div_min,100.85281944274902,15
13,f102_nyg_low_normal_DAYS_LAST_DUE_1ST_VERSION_d_app_DAYS_REGISTRATION_max_div_min,25.200790405273438,3
13,f102_nyg_low_normal_DAYS_LAST_DUE_1ST_VERSION_d_app_DAYS_ID_PUBLISH_mean,2672.1368395090103,318
13,f102_nyg_low_normal_DAYS_LAST_DUE_1ST_VERSION_d_app_DAYS_ID_PUBLISH_max,3312.2809220552444,385
13,f102_nyg_low_normal_DAYS_LAST_DUE_1ST_VERSION_d_app_DAYS_LAST_PHONE_CHANGE_mean,3302.1972645521164,349
13,f102_nyg_low_normal_DAYS_LAST_DUE_1ST_VERSION_s_DAYS_DECISIONS_std_div_mean,201.00745940208435,32
13,f102_nyg_low_normal_DAYS_LAST_DUE_1ST_VERSION_d_app_DAYS_REGISTRATION_std,96.55867028236389,15
13,f102_nyg_low_normal_DAYS_LAST_DUE_1ST_VERSION_d_app_DAYS_REGISTRATION_max,3549.754294991493,428
13,f102_nyg_low_normal_DAYS_LAST_DUE_1ST_VERSION_d_app_DAYS_LAST_PHONE_CHANGE_min,3022.813689351082,363
13,f102_nyg_low_normal_DAYS_LAST_DUE_1ST_VERSION_d_app_DAYS_LAST_PHONE_CHANGE_max,3214.314470052719,410
13,f102_nyg_low_normal_DAYS_LAST_DUE_1ST_VERSION_s_DAYS_FIRST_DUE_max_div_min,28.105679273605347,5
13,f102_nyg_low_normal_DAYS_LAST_DUE_1ST_VERSION_s_app_DAYS_BIRTH_max_div_min,94.64230132102966,16
13,f102_nyg_low_normal_DAYS_LAST_DUE_1ST_VERSION_d_app_DAYS_REGISTRATION_min,2409.7101842164993,302
13,f102_nyg_low_normal_DAYS_LAST_DUE_1ST_VERSION_s_app_DAYS_EMPLOYED_max_div_min,62.46419048309326,9
13,f102_nyg_low_normal_DAYS_LAST_DUE_1ST_VERSION_s_DAYS_DECISIONS_max_div_min,96.62224960327148,13
13,f102_nyg_low_normal_DAYS_LAST_DUE_1ST_VERSION_d_app_DAYS_REGISTRATION_mean,2641.8071519881487,309
13,f102_nyg_low_normal_DAYS_LAST_DUE_1ST_VERSION_s_app_DAYS_LAST_PHONE_CHANGE_std_div_mean,68.62557983398438,10
13,f102_nyg_low_normal_DAYS_LAST_DUE_1ST_VERSION_s_app_DAYS_REGISTRATION_std_div_mean,104.74918985366821,16
13,f102_nyg_low_normal_DAYS_LAST_DUE_1ST_VERSION_s_app_DAYS_ID_PUBLISH_max_div_min,15.897380352020264,2
13,f102_nyg_low_normal_DAYS_LAST_DUE_1ST_VERSION_s_app_DAYS_LAST_PHONE_CHANGE_max_div_min,41.84625005722046,5
13,f102_nyg_low_normal_DAYS_LAST_DUE_d_app_DAYS_EMPLOYED_max_div_min,13.584569931030273,2
13,f102_nyg_low_normal_DAYS_LAST_DUE_1ST_VERSION_s_app_DAYS_REGISTRATION_max_div_min,38.455299854278564,5
13,f102_nyg_low_normal_DAYS_LAST_DUE_d_app_DAYS_ID_PUBLISH_std,0.0,0
13,f102_nyg_low_normal_DAYS_LAST_DUE_d_app_DAYS_BIRTH_max_div_min,0.0,0
13,f102_nyg_low_normal_DAYS_LAST_DUE_d_app_DAYS_ID_PUBLISH_max_div_min,0.0,0
13,f102_nyg_low_normal_DAYS_LAST_DUE_d_app_DAYS_ID_PUBLISH_max,613.4610108137131,89
13,f102_nyg_low_normal_DAYS_LAST_DUE_d_app_DAYS_LAST_PHONE_CHANGE_std,0.0,0
13,f102_nyg_low_normal_DAYS_LAST_DUE_d_app_DAYS_REGISTRATION_min,1066.3168015480042,140
13,f102_nyg_low_normal_DAYS_LAST_DUE_d_app_DAYS_ID_PUBLISH_min,736.3426495790482,102
13,f102_nyg_low_normal_DAYS_LAST_DUE_d_app_DAYS_ID_PUBLISH_mean,554.2388513088226,74
13,f102_nyg_low_normal_DAYS_LAST_DUE_d_app_DAYS_REGISTRATION_max,582.1203989982605,80
13,f102_nyg_low_normal_DAYS_LAST_DUE_d_app_DAYS_LAST_PHONE_CHANGE_max,686.0554263740778,104
13,f102_nyg_low_normal_DAYS_LAST_DUE_d_app_DAYS_LAST_PHONE_CHANGE_mean,536.398900270462,77
13,f102_nyg_low_normal_DAYS_LAST_DUE_d_app_DAYS_LAST_PHONE_CHANGE_max_div_min,17.68068027496338,2
13,f102_nyg_low_normal_DAYS_LAST_DUE_d_app_DAYS_REGISTRATION_max_div_min,0.0,0
13,f102_nyg_low_normal_DAYS_LAST_DUE_d_app_DAYS_LAST_PHONE_CHANGE_min,579.31401014328,86
13,f102_nyg_low_normal_DAYS_LAST_DUE_s_DAYS_DECISIONS_max_div_min,0.0,0
13,f102_nyg_low_normal_DAYS_LAST_DUE_s_DAYS_FIRST_DUE_max_div_min,14.609330654144287,2
13,f102_nyg_low_normal_DAYS_LAST_DUE_s_app_DAYS_ID_PUBLISH_std_div_mean,0.0,0
13,f102_nyg_low_normal_DAYS_LAST_DUE_d_app_DAYS_REGISTRATION_mean,570.1266770362854,84
13,f102_nyg_low_normal_DAYS_LAST_DUE_s_app_DAYS_LAST_PHONE_CHANGE_max_div_min,0.0,0
13,f102_nyg_low_normal_DAYS_LAST_DUE_s_app_DAYS_ID_PUBLISH_max_div_min,0.0,0
13,f102_nyg_low_normal_DAYS_TERMINATION_d_app_DAYS_BIRTH_max_div_min,0.0,0
13,f102_nyg_low_normal_DAYS_TERMINATION_d_app_DAYS_EMPLOYED_max_div_min,0.0,0
13,f102_nyg_low_normal_DAYS_TERMINATION_d_app_DAYS_ID_PUBLISH_std,0.0,0
13,f102_nyg_low_normal_DAYS_TERMINATION_d_app_DAYS_ID_PUBLISH_max,708.4081034660339,101
13,f102_nyg_low_normal_DAYS_TERMINATION_d_app_DAYS_ID_PUBLISH_max_div_min,0.0,0
13,f102_nyg_low_normal_DAYS_TERMINATION_d_app_DAYS_LAST_PHONE_CHANGE_std,0.0,0
13,f102_nyg_low_normal_DAYS_TERMINATION_d_app_DAYS_LAST_PHONE_CHANGE_max_div_min,0.0,0
13,f102_nyg_low_normal_DAYS_TERMINATION_d_app_DAYS_LAST_PHONE_CHANGE_max,386.1446511745453,59
13,f102_nyg_low_normal_DAYS_TERMINATION_d_app_DAYS_ID_PUBLISH_mean,583.386449098587,84
13,f102_nyg_low_normal_DAYS_TERMINATION_d_app_DAYS_LAST_PHONE_CHANGE_min,543.3695864677429,83
13,f102_nyg_low_normal_DAYS_TERMINATION_d_app_DAYS_LAST_PHONE_CHANGE_mean,434.0733380317688,67
13,f102_nyg_low_normal_DAYS_TERMINATION_d_app_DAYS_ID_PUBLISH_min,964.8178679943085,125
13,f102_nyg_low_normal_DAYS_TERMINATION_d_app_DAYS_REGISTRATION_max_div_min,0.0,0
13,f102_nyg_low_normal_DAYS_TERMINATION_d_app_DAYS_REGISTRATION_mean,500.8919212818146,71
13,f102_nyg_low_normal_DAYS_TERMINATION_s_DAYS_DECISIONS_max_div_min,0.0,0
13,f102_nyg_low_normal_DAYS_TERMINATION_d_app_DAYS_REGISTRATION_max,438.21159052848816,61
13,f102_nyg_low_normal_DAYS_TERMINATION_s_DAYS_FIRST_DUE_max_div_min,0.0,0
13,f102_nyg_low_normal_DAYS_TERMINATION_s_app_DAYS_ID_PUBLISH_std_div_mean,0.0,0
13,f102_nyg_low_normal_DAYS_TERMINATION_d_app_DAYS_REGISTRATION_min,621.8475756645203,92
13,f102_nyg_low_normal_DAYS_TERMINATION_s_DAYS_LAST_DUE_1ST_VERSION_max_div_min,0.0,0
13,f102_nyg_low_normal_DAYS_TERMINATION_s_app_DAYS_ID_PUBLISH_max_div_min,0.0,0
13,f102_nyg_low_normal_DAYS_TERMINATION_s_DAYS_LAST_DUE_max_div_min,0.0,0
13,f102_nyg_low_normal_NAME_CASH_LOAN_PURPOSE_Buying_a_garage_mean,0.0,0
13,f102_nyg_low_normal_HOUR_APPR_PROCESS_START_max_div_min,450.9438395500183,72
13,f102_nyg_low_normal_NAME_CASH_LOAN_PURPOSE_Building_a_house_or_an_annex_sum,59.95990037918091,12
13,f102_nyg_low_normal_HOUR_APPR_PROCESS_START_std_div_mean,1298.8275896310806,197
13,f102_nyg_low_normal_NAME_CASH_LOAN_PURPOSE_Business_development_mean,0.0,0
13,f102_nyg_low_normal_NAME_CASH_LOAN_PURPOSE_Buying_a_holiday_home___land_sum,0.0,0
13,f102_nyg_low_normal_NAME_CASH_LOAN_PURPOSE_Business_development_sum,0.0,0
13,f102_nyg_low_normal_NAME_CASH_LOAN_PURPOSE_Buying_a_garage_sum,0.0,0
13,f102_nyg_low_normal_NAME_CASH_LOAN_PURPOSE_Buying_a_new_car_mean,0.0,0
13,f102_nyg_low_normal_NAME_CASH_LOAN_PURPOSE_Buying_a_new_car_sum,0.0,0
13,f102_nyg_low_normal_NAME_CASH_LOAN_PURPOSE_Buying_a_holiday_home___land_mean,0.0,0
13,f102_nyg_low_normal_NAME_CASH_LOAN_PURPOSE_Buying_a_home_mean,0.0,0
13,f102_nyg_low_normal_NAME_CASH_LOAN_PURPOSE_Everyday_expenses_sum,0.0,0
13,f102_nyg_low_normal_NAME_CASH_LOAN_PURPOSE_Education_mean,0.0,0
13,f102_nyg_low_normal_NAME_CASH_LOAN_PURPOSE_Buying_a_home_sum,0.0,0
13,f102_nyg_low_normal_NAME_CASH_LOAN_PURPOSE_Car_repairs_sum,0.0,0
13,f102_nyg_low_normal_NAME_CASH_LOAN_PURPOSE_Furniture_mean,0.0,0
13,f102_nyg_low_normal_NAME_CASH_LOAN_PURPOSE_Car_repairs_mean,0.0,0
13,f102_nyg_low_normal_NAME_CASH_LOAN_PURPOSE_Furniture_sum,0.0,0
13,f102_nyg_low_normal_NAME_CASH_LOAN_PURPOSE_Buying_a_used_car_sum,0.0,0
13,f102_nyg_low_normal_NAME_CASH_LOAN_PURPOSE_Everyday_expenses_mean,0.0,0
13,f102_nyg_low_normal_NAME_CASH_LOAN_PURPOSE_Education_sum,0.0,0
13,f102_nyg_low_normal_NAME_CASH_LOAN_PURPOSE_Gasification___water_supply_sum,0.0,0
13,f102_nyg_low_normal_NAME_CASH_LOAN_PURPOSE_Medicine_sum,0.0,0
13,f102_nyg_low_normal_NAME_CASH_LOAN_PURPOSE_Medicine_mean,0.0,0
13,f102_nyg_low_normal_NAME_CASH_LOAN_PURPOSE_Buying_a_used_car_mean,0.0,0
13,f102_nyg_low_normal_NAME_CASH_LOAN_PURPOSE_Journey_sum,0.0,0
13,f102_nyg_low_normal_NAME_CASH_LOAN_PURPOSE_Purchase_of_electronic_equipment_sum,0.0,0
13,f102_nyg_low_normal_NAME_CASH_LOAN_PURPOSE_Gasification___water_supply_mean,0.0,0
13,f102_nyg_low_normal_NAME_CASH_LOAN_PURPOSE_Purchase_of_electronic_equipment_mean,0.0,0
13,f102_nyg_low_normal_NAME_CASH_LOAN_PURPOSE_Wedding___gift___holiday_mean,0.0,0
13,f102_nyg_low_normal_NAME_CASH_LOAN_PURPOSE_Payments_on_other_loans_sum,0.0,0
13,f102_nyg_low_normal_NAME_CASH_LOAN_PURPOSE_Payments_on_other_loans_mean,0.0,0
13,f102_nyg_low_normal_NAME_CASH_LOAN_PURPOSE_Journey_mean,0.0,0
13,f102_nyg_low_normal_NAME_CASH_LOAN_PURPOSE_Other_sum,98.14668989181519,16
13,f102_nyg_low_normal_NAME_CASH_LOAN_PURPOSE_XAP_mean,100.11242055892944,12
13,f102_nyg_low_normal_NAME_CASH_LOAN_PURPOSE_Urgent_needs_mean,38.64911937713623,7
13,f102_nyg_low_normal_NAME_CLIENT_TYPE_Repeater_sum,153.49706983566284,22
13,f102_nyg_low_normal_NAME_CLIENT_TYPE_XNA_sum,0.0,0
13,f102_nyg_low_normal_NAME_CASH_LOAN_PURPOSE_XAP_sum,31.505990028381348,5
13,f102_nyg_low_normal_NAME_CONTRACT_STATUS_Canceled_sum,64.16264057159424,9
13,f102_nyg_low_normal_NAME_CLIENT_TYPE_Refreshed_sum,192.11155796051025,31
13,f102_nyg_low_normal_NAME_CONTRACT_STATUS_Unused_offer_mean,0.0,0
13,f102_nyg_low_normal_NAME_CONTRACT_TYPE_Consumer_loans_mean,23.22145986557007,3
13,f102_nyg_low_normal_NAME_CLIENT_TYPE_XNA_mean,0.0,0
13,f102_nyg_low_normal_NAME_CONTRACT_TYPE_Cash_loans_sum,68.38777017593384,8
13,f102_nyg_low_normal_NAME_CONTRACT_STATUS_Unused_offer_sum,0.0,0
13,f102_nyg_low_normal_NAME_CASH_LOAN_PURPOSE_Wedding___gift___holiday_sum,0.0,0
13,f102_nyg_low_normal_NAME_CASH_LOAN_PURPOSE_XNA_sum,639.4478187561035,69
13,f102_nyg_low_normal_NAME_GOODS_CATEGORY_Auto_Accessories_sum,0.0,0
13,f102_nyg_low_normal_NAME_GOODS_CATEGORY_Clothing_and_Accessories_sum,98.38760018348694,16
13,f102_nyg_low_normal_NAME_GOODS_CATEGORY_Clothing_and_Accessories_mean,113.92791032791138,19
13,f102_nyg_low_normal_NAME_GOODS_CATEGORY_Audio_Video_sum,14.694920063018799,3
13,f102_nyg_low_normal_NAME_GOODS_CATEGORY_Computers_sum,34.14785957336426,5
13,f102_nyg_low_normal_NAME_CONTRACT_TYPE_Cash_loans_mean,0.0,0
13,f102_nyg_low_normal_NAME_GOODS_CATEGORY_Computers_mean,127.11096048355103,18
13,f102_nyg_low_normal_NAME_GOODS_CATEGORY_Direct_Sales_sum,0.0,0
13,f102_nyg_low_normal_NAME_GOODS_CATEGORY_Construction_Materials_sum,34.57484006881714,5
13,f102_nyg_low_normal_NAME_CONTRACT_TYPE_Consumer_loans_sum,0.0,0
13,f102_nyg_low_normal_NAME_CLIENT_TYPE_Repeater_mean,171.79045855998993,27
13,f102_nyg_low_normal_NAME_CONTRACT_STATUS_Canceled_mean,485.8772509098053,59
13,f102_nyg_low_normal_NAME_GOODS_CATEGORY_Direct_Sales_mean,0.0,0
13,f102_nyg_low_normal_NAME_GOODS_CATEGORY_Fitness_sum,0.0,0
13,f102_nyg_low_normal_NAME_GOODS_CATEGORY_Education_mean,0.0,0
13,f102_nyg_low_normal_NAME_GOODS_CATEGORY_Construction_Materials_mean,255.6763186454773,36
13,f102_nyg_low_normal_NAME_GOODS_CATEGORY_Auto_Accessories_mean,5.499680042266846,1
13,f102_nyg_low_normal_NAME_GOODS_CATEGORY_Consumer_Electronics_mean,114.45691895484924,20
13,f102_nyg_low_normal_NAME_GOODS_CATEGORY_Fitness_mean,0.0,0
13,f102_nyg_low_normal_NAME_GOODS_CATEGORY_Education_sum,0.0,0
13,f102_nyg_low_normal_NAME_GOODS_CATEGORY_Audio_Video_mean,70.8994390964508,12
13,f102_nyg_low_normal_NAME_GOODS_CATEGORY_Furniture_sum,29.048719882965088,4
13,f102_nyg_low_normal_NAME_GOODS_CATEGORY_Jewelry_mean,0.0,0
13,f102_nyg_low_normal_NAME_GOODS_CATEGORY_Gardening_mean,0.0,0
13,f102_nyg_low_normal_NAME_GOODS_CATEGORY_Insurance_sum,0.0,0
13,f102_nyg_low_normal_NAME_GOODS_CATEGORY_Furniture_mean,90.64252972602844,13
13,f102_nyg_low_normal_NAME_GOODS_CATEGORY_Consumer_Electronics_sum,30.9969801902771,5
13,f102_nyg_low_normal_NAME_GOODS_CATEGORY_Gardening_sum,0.0,0
13,f102_nyg_low_normal_NAME_GOODS_CATEGORY_Homewares_mean,0.0,0
13,f102_nyg_low_normal_NAME_GOODS_CATEGORY_Photo___Cinema_Equipment_mean,0.0,0
13,f102_nyg_low_normal_NAME_GOODS_CATEGORY_Jewelry_sum,0.0,0
13,f102_nyg_low_normal_NAME_GOODS_CATEGORY_Homewares_sum,0.0,0
13,f102_nyg_low_normal_NAME_GOODS_CATEGORY_Photo___Cinema_Equipment_sum,0.0,0
13,f102_nyg_low_normal_NAME_GOODS_CATEGORY_Medical_Supplies_sum,4.016630172729492,1
13,f102_nyg_low_normal_NAME_GOODS_CATEGORY_Medical_Supplies_mean,0.0,0
13,f102_nyg_low_normal_NAME_GOODS_CATEGORY_Medicine_mean,0.0,0
13,f102_nyg_low_normal_NAME_GOODS_CATEGORY_Office_Appliances_mean,0.0,0
13,f102_nyg_low_normal_NAME_GOODS_CATEGORY_Medicine_sum,0.0,0
13,f102_nyg_low_normal_NAME_GOODS_CATEGORY_Vehicles_mean,0.0,0
13,f102_nyg_low_normal_NAME_GOODS_CATEGORY_Office_Appliances_sum,0.0,0
13,f102_nyg_low_normal_NAME_GOODS_CATEGORY_XNA_sum,41.93829011917114,6
13,f102_nyg_low_normal_NAME_PAYMENT_TYPE_Cash_through_the_bank_mean,494.6916480064392,66
13,f102_nyg_low_normal_NAME_GOODS_CATEGORY_Tourism_sum,0.0,0
13,f102_nyg_low_normal_NAME_GOODS_CATEGORY_Tourism_mean,0.0,0
13,f102_nyg_low_normal_NAME_GOODS_CATEGORY_Vehicles_sum,0.0,0
13,f102_nyg_low_normal_NAME_GOODS_CATEGORY_Sport_and_Leisure_sum,0.0,0
13,f102_nyg_low_normal_NAME_PAYMENT_TYPE_Cashless_from_the_account_of_the_employer_sum,0.0,0
13,f102_nyg_low_normal_NAME_GOODS_CATEGORY_Sport_and_Leisure_mean,0.0,0
13,f102_nyg_low_normal_NAME_PORTFOLIO_Cash_mean,0.0,0
13,f102_nyg_low_normal_NAME_PORTFOLIO_Cash_sum,0.0,0
13,f102_nyg_low_normal_NAME_GOODS_CATEGORY_XNA_mean,0.0,0
13,f102_nyg_low_normal_NAME_PORTFOLIO_POS_mean,0.0,0
13,f102_nyg_low_normal_NAME_PAYMENT_TYPE_XNA_mean,340.6545310020447,46
13,f102_nyg_low_normal_NAME_PAYMENT_TYPE_XNA_sum,92.92838954925537,14
13,f102_nyg_low_normal_NAME_PAYMENT_TYPE_Cashless_from_the_account_of_the_employer_mean,0.0,0
13,f102_nyg_low_normal_NAME_PRODUCT_TYPE_x_sell_sum,485.92965030670166,51
13,f102_nyg_low_normal_NAME_SELLER_INDUSTRY_Connectivity_sum,428.473349571228,41
13,f102_nyg_low_normal_NAME_SELLER_INDUSTRY_Auto_technology_mean,194.82975912094116,31
13,f102_nyg_low_normal_NAME_PRODUCT_TYPE_XNA_sum,0.0,0
13,f102_nyg_low_normal_NAME_PORTFOLIO_POS_sum,0.0,0
13,f102_nyg_low_normal_NAME_SELLER_INDUSTRY_Clothing_sum,34.999019622802734,6
13,f102_nyg_low_normal_NAME_PRODUCT_TYPE_XNA_mean,0.0,0
13,f102_nyg_low_normal_NAME_SELLER_INDUSTRY_Consumer_electronics_mean,167.41466116905212,26
13,f102_nyg_low_normal_NAME_SELLER_INDUSTRY_Auto_technology_sum,65.80340051651001,11
13,f102_nyg_low_normal_NAME_SELLER_INDUSTRY_Clothing_mean,24.751010179519653,5
13,f102_nyg_low_normal_NAME_SELLER_INDUSTRY_Jewelry_sum,0.0,0
13,f102_nyg_low_normal_NAME_SELLER_INDUSTRY_Furniture_sum,20.878310203552246,4
13,f102_nyg_low_normal_NAME_SELLER_INDUSTRY_Furniture_mean,56.81620907783508,10
13,f102_nyg_low_normal_NAME_SELLER_INDUSTRY_Construction_mean,125.79082107543945,17
13,f102_nyg_low_normal_NAME_SELLER_INDUSTRY_Jewelry_mean,0.0,0
13,f102_nyg_low_normal_NAME_SELLER_INDUSTRY_Consumer_electronics_sum,31.398080348968506,5
13,f102_nyg_low_normal_NAME_SELLER_INDUSTRY_Construction_sum,17.200290203094482,2
13,f102_nyg_low_normal_NAME_SELLER_INDUSTRY_Tourism_sum,0.0,0
13,f102_nyg_low_normal_NAME_TYPE_SUITE_Other_A_sum,0.0,0
13,f102_nyg_low_normal_NAME_SELLER_INDUSTRY_Industry_mean,30.24744963645935,5
13,f102_nyg_low_normal_NAME_SELLER_INDUSTRY_MLM_partners_sum,0.0,0
13,f102_nyg_low_normal_NAME_SELLER_INDUSTRY_XNA_sum,270.87381863594055,32
13,f102_nyg_low_normal_NAME_SELLER_INDUSTRY_Industry_sum,0.0,0
13,f102_nyg_low_normal_NAME_TYPE_SUITE_Group_of_people_mean,0.0,0
13,f102_nyg_low_normal_NAME_SELLER_INDUSTRY_MLM_partners_mean,0.0,0
13,f102_nyg_low_normal_NAME_SELLER_INDUSTRY_Tourism_mean,0.0,0
13,f102_nyg_low_normal_NAME_SELLER_INDUSTRY_XNA_mean,131.05423021316528,16
13,f102_nyg_low_normal_NAME_TYPE_SUITE_Children_sum,4.174910068511963,1
13,f102_nyg_low_normal_NAME_TYPE_SUITE_Group_of_people_sum,0.0,0
13,f102_nyg_low_normal_NAME_TYPE_SUITE_Other_A_mean,0.0,0
13,f102_nyg_low_normal_NAME_TYPE_SUITE_Family_mean,308.19735860824585,45
13,f102_nyg_low_normal_NAME_TYPE_SUITE_Family_sum,140.02806043624878,24
13,f102_nyg_low_normal_NAME_TYPE_SUITE_Unaccompanied_sum,591.3245315551758,84
13,f102_nyg_low_normal_NAME_TYPE_SUITE_Other_B_sum,297.40493083000183,39
13,f102_nyg_low_normal_NAME_TYPE_SUITE_Spouse__partner_mean,307.39785981178284,42
13,f102_nyg_low_normal_NAME_TYPE_SUITE_Children_mean,26.43764066696167,5
13,f102_nyg_low_normal_PRODUCT_COMBINATION_POS_industry_with_interest_sum,69.53129959106445,8
13,f102_nyg_low_normal_NAME_TYPE_SUITE_Unaccompanied_mean,677.5354392528534,108
13,f102_nyg_low_normal_PRODUCT_COMBINATION_POS_household_without_interest_mean,0.0,0
13,f102_nyg_low_normal_PRODUCT_COMBINATION_POS_household_without_interest_sum,0.0,0
13,f102_nyg_low_normal_PRODUCT_COMBINATION_POS_household_with_interest_mean,197.55974960327148,30
13,f102_nyg_low_normal_NAME_TYPE_SUITE_Spouse__partner_sum,100.11874008178711,12
13,f102_nyg_low_normal_PRODUCT_COMBINATION_POS_industry_without_interest_mean,0.0,0
13,f102_nyg_low_normal_PRODUCT_COMBINATION_POS_others_without_interest_sum,0.0,0
13,f102_nyg_low_normal_PRODUCT_COMBINATION_POS_mobile_without_interest_sum,379.66069173812866,38
13,f102_nyg_low_normal_PRODUCT_COMBINATION_POS_household_with_interest_sum,30.076680183410645,4
13,f102_nyg_low_normal_PRODUCT_COMBINATION_POS_industry_with_interest_mean,209.14103031158447,28
13,f102_nyg_low_normal_PRODUCT_COMBINATION_POS_other_with_interest_sum,107.0215106010437,17
13,f102_nyg_low_normal_RATE_DOWN_PAYMENT_max_div_min,231.64046096801758,37
13,f102_nyg_low_normal_PRODUCT_COMBINATION_POS_mobile_with_interest_mean,0.0,0
13,f102_nyg_low_normal_PRODUCT_COMBINATION_POS_other_with_interest_mean,222.94629049301147,37
13,f102_nyg_low_normal_PRODUCT_COMBINATION_POS_industry_without_interest_sum,0.0,0
13,f102_nyg_low_normal_PRODUCT_COMBINATION_POS_mobile_with_interest_sum,0.0,0
13,f102_nyg_low_normal_PRODUCT_COMBINATION_POS_others_without_interest_mean,0.0,0
13,f102_nyg_low_normal_SELLERPLACE_AREA_mean,2512.0654833316803,324
13,f102_nyg_low_normal_SELLERPLACE_AREA_max,1921.946317076683,251
13,f102_nyg_low_normal_SELLERPLACE_AREA_max_div_min,691.3918514251709,81
13,f102_nyg_low_normal_WEEKDAY_APPR_PROCESS_START_FRIDAY_mean,739.4772596359253,102
13,f102_nyg_low_normal_SELLERPLACE_AREA_min,2422.4416188001633,317
13,f102_nyg_low_normal_SELLERPLACE_AREA_std,319.15133142471313,46
13,f102_nyg_low_normal_WEEKDAY_APPR_PROCESS_START_SATURDAY_sum,215.62583208084106,32
13,f102_nyg_low_normal_WEEKDAY_APPR_PROCESS_START_MONDAY_sum,111.42349910736084,17
13,f102_nyg_low_normal_WEEKDAY_APPR_PROCESS_START_SATURDAY_mean,329.1431317329407,49
13,f102_nyg_low_normal_WEEKDAY_APPR_PROCESS_START_MONDAY_mean,496.3066294193268,70
13,f102_nyg_low_normal_WEEKDAY_APPR_PROCESS_START_FRIDAY_sum,164.99092841148376,21
13,f102_nyg_low_normal_WEEKDAY_APPR_PROCESS_START_SUNDAY_mean,452.574059009552,65
13,f102_nyg_low_normal_WEEKDAY_APPR_PROCESS_START_WEDNESDAY_mean,578.0880696773529,84
13,f102_nyg_low_normal_WEEKDAY_APPR_PROCESS_START_THURSDAY_mean,463.9525179862976,71
13,f102_nyg_low_normal_WEEKDAY_APPR_PROCESS_START_TUESDAY_mean,426.1286315917969,66
13,f102_nyg_low_normal_WEEKDAY_APPR_PROCESS_START_WEDNESDAY_sum,109.5571813583374,18
13,f102_nyg_low_normal_WEEKDAY_APPR_PROCESS_START_SUNDAY_sum,79.37959051132202,13
13,f102_nyg_low_normal_WEEKDAY_APPR_PROCESS_START_TUESDAY_sum,99.3114104270935,14
13,f102_nyg_low_normal_amt_unpaid_std_div_mean,126.08503913879395,16
13,f102_nyg_low_normal_amt_paid_std,160.58571100234985,22
13,f102_nyg_low_normal_amt_paid_max_div_min,37.8696403503418,7
13,f102_nyg_low_normal_active_std_div_mean,146.4429693222046,21
13,f102_nyg_low_normal_WEEKDAY_APPR_PROCESS_START_THURSDAY_sum,51.353209495544434,8
13,f102_nyg_low_normal_cnt_paid_max_div_min,43.02615988254547,7
13,f102_nyg_low_normal_amt_unpaid_max_div_min,161.03706908226013,26
13,f102_nyg_low_normal_cnt_paid_max,984.7919882535934,133
13,f102_nyg_low_normal_amt_unpaid_min,1548.868333041668,210
13,f102_nyg_low_normal_amt_unpaid_mean,1377.1458797454834,173
13,f102_nyg_low_normal_amt_unpaid_max,1407.3921092748642,186
13,f102_nyg_low_normal_cnt_paid_ratio_std,195.16895842552185,30
13,f102_nyg_low_normal_cnt_paid_std_div_mean,26.398399829864502,4
13,f102_nyg_low_normal_cnt_paid_std,21.35280990600586,3
13,f102_nyg_low_normal_amt_unpaid_sum,1042.885630607605,140
13,f102_nyg_low_normal_cnt_paid_mean,914.6801810264587,130
13,f102_nyg_low_normal_cnt_paid_min,656.1648684740067,98
13,f102_nyg_low_normal_cnt_paid_ratio_max_div_min,67.9594202041626,9
13,f102_nyg_low_normal_cnt_unpaid_max_div_min,102.46751022338867,15
13,f102_nyg_low_normal_interest_rate_diff_std,1175.5524687767029,170
13,f102_nyg_low_normal_cnt_unpaid_sum,1601.728106021881,209
13,f102_nyg_low_normal_interest_rate_diff_max_div_min,577.3989742994308,84
13,f102_nyg_low_normal_interest_rate_pctchange_std,1390.1973717212677,203
13,f102_nyg_low_normal_interest_rate_pctchange_std_div_mean,1143.4213781356812,168
13,f102_nyg_low_normal_interest_rate_diff_std_div_mean,1029.6131708621979,148
13,f102_nyg_low_normal_interest_rate_max_div_min,1147.6339581012726,160
13,f102_nyg_low_normal_interest_rate_diff_max,7477.438697606325,964
13,f102_nyg_low_normal_total_debt_diff_std_div_mean,445.7300400733948,71
13,f102_nyg_low_normal_total_debt_diff_std,477.95296907424927,74
13,f102_nyg_low_normal_total_debt_diff_max,1771.992791891098,251
13,f102_nyg_low_normal_interest_rate_pctchange_max_div_min,365.8256506919861,55
13,f102_nyg_low_normal_total_debt_diff_mean,2089.199812412262,303
13,f102_nyg_low_normal_interest_rate_pctchange_max,3768.224615931511,517
13,f102_nyg_low_normal_total_debt_diff_min,2146.572260260582,298
13,f102_nyg_low_normal_total_debt_std,1197.7743830680847,175
13,f102_nyg_low_normal_total_debt_pctchange_std,527.7836396694183,77
13,f102_nyg_low_normal_total_debt_diff_max_div_min,324.2630295753479,43
13,f102_nyg_low_normal_total_debt_pctchange_min,2590.883130788803,355
13,f102_nyg_middle_AMT_ANNUITY_d_app_AMT_ANNUITY_max_div_min,1322.1358731985092,198
13,f102_nyg_low_normal_total_debt_std_div_mean,756.8515181541443,107
13,f102_nyg_middle_AMT_ANNUITY_d_app_AMT_ANNUITY_diff_min,1557.7637149989605,260
13,f102_nyg_low_normal_total_debt_pctchange_max,1918.4888684749603,274
13,f102_nyg_middle_AMT_ANNUITY_d_app_AMT_ANNUITY_diff_max_div_min,536.76791036129,84
13,f102_nyg_low_normal_total_debt_max_div_min,692.5393471717834,90
13,f102_nyg_low_normal_total_debt_pctchange_mean,1884.1916251182556,269
13,f102_nyg_middle_AMT_ANNUITY_d_app_AMT_ANNUITY_diff_std_div_mean,1080.109613955021,152
13,f102_nyg_middle_AMT_ANNUITY_d_app_AMT_ANNUITY_diff_max,1905.7000377178192,295
13,f102_nyg_middle_AMT_ANNUITY_d_app_AMT_ANNUITY_pctchange_max_div_min,326.22024142742157,55
13,f102_nyg_middle_AMT_ANNUITY_d_app_AMT_ANNUITY_pctchange_mean,2648.0130252838135,386
13,f102_nyg_middle_AMT_ANNUITY_d_app_AMT_ANNUITY_diff_mean,1405.9054483175278,215
13,f102_nyg_middle_AMT_ANNUITY_d_app_AMT_ANNUITY_max,5045.526328027248,679
13,f102_nyg_middle_AMT_ANNUITY_d_app_AMT_ANNUITY_mean,5131.056952215731,663
13,f102_nyg_middle_AMT_ANNUITY_d_app_AMT_ANNUITY_pctchange_min,2696.606856688857,401
13,f102_nyg_middle_AMT_ANNUITY_d_app_AMT_CREDIT_diff_std_div_mean,334.94417905807495,42
13,f102_nyg_middle_AMT_ANNUITY_d_app_AMT_ANNUITY_std_div_mean,3492.8331031799316,374
13,f102_nyg_middle_AMT_ANNUITY_d_app_AMT_CREDIT_diff_max_div_min,198.093501329422,23
13,f102_nyg_middle_AMT_ANNUITY_d_app_AMT_CREDIT_max_div_min,506.6148085594177,68
13,f102_nyg_middle_AMT_ANNUITY_d_app_AMT_CREDIT_diff_max,1525.062807828188,226
13,f102_nyg_middle_AMT_ANNUITY_d_app_AMT_CREDIT_diff_mean,1438.4741413593292,221
13,f102_nyg_middle_AMT_ANNUITY_d_app_AMT_CREDIT_diff_min,1912.824518918991,285
13,f102_nyg_middle_AMT_ANNUITY_d_app_AMT_CREDIT_mean,3339.631929397583,446
13,f102_nyg_middle_AMT_ANNUITY_d_app_AMT_CREDIT_pctchange_max_div_min,95.39158916473389,15
13,f102_nyg_middle_AMT_ANNUITY_d_app_AMT_CREDIT_max,3434.9856599867344,472
13,f102_nyg_middle_AMT_ANNUITY_d_app_AMT_GOODS_PRICE_diff_std_div_mean,417.6726098060608,59
13,f102_nyg_middle_AMT_ANNUITY_d_app_AMT_CREDIT_std_div_mean,1050.3458409309387,137
13,f102_nyg_middle_AMT_ANNUITY_d_app_AMT_GOODS_PRICE_pctchange_max_div_min,91.89530968666077,15
13,f102_nyg_middle_AMT_ANNUITY_d_app_AMT_GOODS_PRICE_diff_mean,1625.9059028625488,228
13,f102_nyg_middle_AMT_ANNUITY_d_app_AMT_GOODS_PRICE_diff_max_div_min,214.16630053520203,33
13,f102_nyg_middle_AMT_ANNUITY_d_app_AMT_CREDIT_min,3730.449969664216,527
13,f102_nyg_middle_AMT_ANNUITY_d_app_AMT_CREDIT_pctchange_mean,614.5982303619385,94
13,f102_nyg_middle_AMT_ANNUITY_d_app_AMT_GOODS_PRICE_max_div_min,859.1897513866425,103
13,f102_nyg_middle_AMT_ANNUITY_d_app_AMT_GOODS_PRICE_diff_max,2165.3617494106293,307
13,f102_nyg_middle_AMT_ANNUITY_d_app_AMT_CREDIT_pctchange_min,801.0509011745453,112
13,f102_nyg_middle_AMT_ANNUITY_d_app_AMT_GOODS_PRICE_min,4094.390254378319,569
13,f102_nyg_middle_AMT_ANNUITY_d_app_AMT_GOODS_PRICE_diff_min,2014.1959334015846,297
13,f102_nyg_middle_AMT_ANNUITY_d_app_AMT_GOODS_PRICE_pctchange_mean,533.289668917656,86
13,f102_nyg_middle_AMT_ANNUITY_d_app_AMT_GOODS_PRICE_mean,3545.156631410122,488
13,f102_nyg_middle_AMT_ANNUITY_d_app_AMT_GOODS_PRICE_max,4267.201357193291,576
14,f102_nyg_middle_AMT_ANNUITY_m_app_AMT_GOODS_PRICE_d_app_AMT_INCOME_TOTAL_diff_std_div_mean,422.8809494972229,57
14,f102_nyg_middle_AMT_ANNUITY_d_app_AMT_INCOME_TOTAL_diff_std_div_mean,232.22966289520264,34
14,f102_nyg_middle_AMT_ANNUITY_d_app_AMT_GOODS_PRICE_pctchange_min,1956.7667433023453,292
14,f102_nyg_middle_AMT_ANNUITY_d_app_AMT_INCOME_TOTAL_min,3710.6581337451935,570
14,f102_nyg_middle_AMT_ANNUITY_d_app_AMT_GOODS_PRICE_std_div_mean,610.3626209497452,86
14,f102_nyg_middle_AMT_ANNUITY_d_app_AMT_INCOME_TOTAL_diff_min,844.7679023742676,129
14,f102_nyg_middle_AMT_ANNUITY_d_app_AMT_INCOME_TOTAL_max_div_min,357.3441879749298,52
14,f102_nyg_middle_AMT_ANNUITY_d_app_AMT_INCOME_TOTAL_diff_max,1028.755341053009,162
14,f102_nyg_middle_AMT_ANNUITY_d_app_AMT_INCOME_TOTAL_diff_max_div_min,223.55309891700745,33
14,f102_nyg_middle_AMT_ANNUITY_d_app_AMT_INCOME_TOTAL_pctchange_min,795.078122138977,128
14,f102_nyg_middle_AMT_ANNUITY_d_app_AMT_INCOME_TOTAL_pctchange_mean,1798.909816980362,274
14,f102_nyg_middle_AMT_ANNUITY_d_app_AMT_INCOME_TOTAL_diff_mean,812.1179066896439,126
14,f102_nyg_middle_AMT_ANNUITY_d_app_AMT_INCOME_TOTAL_mean,3408.9218620061874,501
14,f102_nyg_middle_AMT_ANNUITY_d_app_AMT_INCOME_TOTAL_std,599.3688793182373,86
14,f102_nyg_middle_AMT_ANNUITY_d_app_AMT_INCOME_TOTAL_std_div_mean,567.6966414451599,83
14,f102_nyg_middle_AMT_ANNUITY_d_app_AMT_INCOME_TOTAL_pctchange_max_div_min,164.76493000984192,23
14,f102_nyg_middle_AMT_ANNUITY_d_app_AMT_INCOME_TOTAL_max,4002.8042090535164,578
14,f102_nyg_middle_AMT_ANNUITY_m_app_AMT_GOODS_PRICE_d_app_AMT_INCOME_TOTAL_pctchange_max_div_min,79.64683961868286,11
14,f102_nyg_middle_AMT_ANNUITY_m_app_AMT_GOODS_PRICE_d_app_AMT_INCOME_TOTAL_diff_max_div_min,90.71552968025208,13
14,f102_nyg_middle_AMT_ANNUITY_m_app_AMT_GOODS_PRICE_d_app_AMT_INCOME_TOTAL_pctchange_min,1390.686419725418,200
14,f102_nyg_middle_AMT_ANNUITY_m_app_AMT_GOODS_PRICE_d_app_AMT_INCOME_TOTAL_max_div_min,388.5816378593445,56
14,f102_nyg_middle_AMT_ANNUITY_m_app_AMT_GOODS_PRICE_d_app_AMT_INCOME_TOTAL_diff_mean,369.73028099536896,59
14,f102_nyg_middle_AMT_ANNUITY_m_app_AMT_GOODS_PRICE_d_app_AMT_INCOME_TOTAL_diff_max,429.5091611146927,69
14,f102_nyg_middle_AMT_ANNUITY_m_app_AMT_GOODS_PRICE_d_app_AMT_INCOME_TOTAL_diff_min,378.4272915124893,57
14,f102_nyg_middle_AMT_ANNUITY_m_app_AMT_GOODS_PRICE_d_app_AMT_INCOME_TOTAL_std_div_mean,667.6269104480743,96
14,f102_nyg_middle_AMT_ANNUITY_m_app_AMT_GOODS_PRICE_d_app_AMT_INCOME_TOTAL_pctchange_mean,1279.317703127861,190
14,f102_nyg_middle_AMT_ANNUITY_m_app_AMT_GOODS_PRICE_d_app_AMT_INCOME_TOTAL_std,511.0921518802643,68
14,f102_nyg_middle_AMT_ANNUITY_s_app_AMT_ANNUITY_d_app_AMT_INCOME_TOTAL_diff_mean,196.64798951148987,27
14,f102_nyg_middle_AMT_ANNUITY_m_app_AMT_GOODS_PRICE_d_app_AMT_INCOME_TOTAL_pctchange_max,1747.2573124170303,254
14,f102_nyg_middle_AMT_ANNUITY_s_app_AMT_ANNUITY_d_app_AMT_INCOME_TOTAL_diff_max,146.38285040855408,17
14,f102_nyg_middle_AMT_ANNUITY_s_app_AMT_ANNUITY_d_app_AMT_INCOME_TOTAL_diff_std_div_mean,63.913259983062744,10
14,f102_nyg_middle_AMT_ANNUITY_s_app_AMT_ANNUITY_d_app_AMT_INCOME_TOTAL_pctchange_std,372.15036273002625,62
14,f102_nyg_middle_AMT_ANNUITY_min,4071.9463464021683,584
14,f102_nyg_middle_AMT_ANNUITY_mean,3712.0926147699356,504
14,f102_nyg_middle_AMT_ANNUITY_s_app_AMT_ANNUITY_d_app_AMT_INCOME_TOTAL_pctchange_max_div_min,305.6530797481537,46
14,f102_nyg_middle_AMT_ANNUITY_s_app_AMT_ANNUITY_d_app_AMT_INCOME_TOTAL_pctchange_max,1957.9967979192734,314
14,f102_nyg_middle_AMT_ANNUITY_s_app_AMT_ANNUITY_d_app_AMT_INCOME_TOTAL_diff_max_div_min,40.87900972366333,5
14,f102_nyg_middle_AMT_ANNUITY_max,3656.932124078274,529
14,f102_nyg_middle_AMT_ANNUITY_max_div_min,74.55412101745605,13
14,f102_nyg_middle_AMT_ANNUITY_s_app_AMT_ANNUITY_d_app_AMT_INCOME_TOTAL_diff_min,114.17004013061523,19
14,f102_nyg_middle_AMT_ANNUITY_s_app_AMT_ANNUITY_d_app_AMT_INCOME_TOTAL_pctchange_mean,1969.381626546383,321
14,f102_nyg_middle_AMT_ANNUITY_s_app_AMT_ANNUITY_d_app_AMT_INCOME_TOTAL_std_div_mean,1281.9021756649017,183
14,f102_nyg_middle_AMT_ANNUITY_s_app_AMT_ANNUITY_d_app_AMT_INCOME_TOTAL_max_div_min,560.5052602291107,87
14,f102_nyg_middle_AMT_ANNUITY_s_app_AMT_ANNUITY_diff_std_div_mean,25.895970344543457,3
14,f102_nyg_middle_AMT_ANNUITY_s_app_AMT_ANNUITY_d_app_AMT_INCOME_TOTAL_max,6002.763521254063,807
14,f102_nyg_middle_AMT_ANNUITY_s_app_AMT_ANNUITY_diff_max_div_min,4.226379871368408,1
14,f102_nyg_middle_AMT_ANNUITY_s_app_AMT_ANNUITY_d_app_AMT_INCOME_TOTAL_std,114.33240985870361,18
14,f102_nyg_middle_AMT_ANNUITY_s_app_AMT_ANNUITY_d_app_AMT_INCOME_TOTAL_pctchange_min,2347.577011346817,359
14,f102_nyg_middle_AMT_ANNUITY_s_app_AMT_ANNUITY_pctchange_std,127.52771210670471,17
14,f102_nyg_middle_AMT_ANNUITY_s_app_AMT_ANNUITY_pctchange_max_div_min,73.09174990653992,13
14,f102_nyg_middle_AMT_ANNUITY_s_app_AMT_ANNUITY_diff_max,1298.6594936847687,193
14,f102_nyg_middle_AMT_ANNUITY_s_app_AMT_ANNUITY_diff_mean,806.8743801116943,136
14,f102_nyg_middle_AMT_ANNUITY_s_app_AMT_ANNUITY_diff_min,1107.2623118162155,167
14,f102_nyg_middle_AMT_ANNUITY_s_app_AMT_ANNUITY_max,3497.342502117157,506
14,f102_nyg_middle_AMT_ANNUITY_s_app_AMT_ANNUITY_pctchange_min,732.9003397226334,110
14,f102_nyg_middle_AMT_ANNUITY_s_app_AMT_ANNUITY_std_div_mean,277.31295943260193,41
14,f102_nyg_middle_AMT_ANNUITY_s_app_AMT_ANNUITY_mean,4410.430349469185,596
14,f102_nyg_middle_AMT_ANNUITY_s_app_AMT_CREDIT_d_app_AMT_INCOME_TOTAL_diff_max_div_min,5.962530136108398,1
14,f102_nyg_middle_AMT_ANNUITY_s_app_AMT_ANNUITY_min,4197.231179654598,580
14,f102_nyg_middle_AMT_ANNUITY_s_app_AMT_CREDIT_d_app_AMT_INCOME_TOTAL_diff_std_div_mean,0.0,0
14,f102_nyg_middle_AMT_ANNUITY_s_app_AMT_ANNUITY_pctchange_max,628.5026261806488,104
14,f102_nyg_middle_AMT_ANNUITY_s_app_AMT_ANNUITY_pctchange_mean,511.2735176086426,77
14,f102_nyg_middle_AMT_ANNUITY_s_app_AMT_ANNUITY_max_div_min,139.18578934669495,22
14,f102_nyg_middle_AMT_ANNUITY_s_app_AMT_CREDIT_d_app_AMT_INCOME_TOTAL_mean,3197.310288786888,487
14,f102_nyg_middle_AMT_ANNUITY_s_app_AMT_CREDIT_d_app_AMT_INCOME_TOTAL_max_div_min,337.8069314956665,51
14,f102_nyg_middle_AMT_ANNUITY_s_app_AMT_CREDIT_d_app_AMT_INCOME_TOTAL_diff_min,40.67654037475586,6
14,f102_nyg_middle_AMT_ANNUITY_s_app_AMT_CREDIT_d_app_AMT_INCOME_TOTAL_diff_max,58.188719034194946,10
14,f102_nyg_middle_AMT_ANNUITY_s_app_AMT_CREDIT_d_app_AMT_INCOME_TOTAL_pctchange_max_div_min,21.09124994277954,5
14,f102_nyg_middle_AMT_ANNUITY_s_app_AMT_CREDIT_d_app_AMT_INCOME_TOTAL_diff_mean,80.96311950683594,11
14,f102_nyg_middle_AMT_ANNUITY_s_app_AMT_CREDIT_d_app_AMT_INCOME_TOTAL_std,95.76452875137329,14
14,f102_nyg_middle_AMT_ANNUITY_s_app_AMT_CREDIT_d_app_AMT_INCOME_TOTAL_max,3381.897162795067,520
14,f102_nyg_middle_AMT_ANNUITY_s_app_AMT_CREDIT_d_app_AMT_INCOME_TOTAL_pctchange_max,1345.4645637273788,197
14,f102_nyg_middle_AMT_ANNUITY_s_app_AMT_CREDIT_diff_max,454.0501003265381,67
14,f102_nyg_middle_AMT_ANNUITY_s_app_AMT_CREDIT_diff_max_div_min,0.0,0
14,f102_nyg_middle_AMT_ANNUITY_s_app_AMT_CREDIT_d_app_AMT_INCOME_TOTAL_pctchange_mean,885.2983012199402,135
14,f102_nyg_middle_AMT_ANNUITY_s_app_AMT_CREDIT_diff_mean,301.1674008369446,44
14,f102_nyg_middle_AMT_ANNUITY_s_app_AMT_CREDIT_d_app_AMT_INCOME_TOTAL_min,3038.159015595913,457
14,f102_nyg_middle_AMT_ANNUITY_s_app_AMT_CREDIT_diff_std_div_mean,0.0,0
14,f102_nyg_middle_AMT_ANNUITY_s_app_AMT_CREDIT_diff_min,533.236062169075,78
14,f102_nyg_middle_AMT_ANNUITY_s_app_AMT_CREDIT_d_app_AMT_INCOME_TOTAL_pctchange_min,1410.042492866516,196
14,f102_nyg_middle_AMT_ANNUITY_s_app_AMT_CREDIT_pctchange_min,365.3410701751709,54
14,f102_nyg_middle_AMT_ANNUITY_s_app_AMT_GOODS_PRICE_diff_max_div_min,20.659290313720703,2
14,f102_nyg_middle_AMT_ANNUITY_s_app_AMT_CREDIT_pctchange_max,514.9611675739288,74
14,f102_nyg_middle_AMT_ANNUITY_s_app_AMT_CREDIT_max_div_min,130.9653823375702,21
14,f102_nyg_middle_AMT_ANNUITY_s_app_AMT_GOODS_PRICE_diff_std_div_mean,0.0,0
14,f102_nyg_middle_AMT_ANNUITY_s_app_AMT_GOODS_PRICE_diff_mean,438.3996489048004,67
14,f102_nyg_middle_AMT_ANNUITY_s_app_AMT_GOODS_PRICE_diff_max,379.6356112957001,53
14,f102_nyg_middle_AMT_ANNUITY_s_app_AMT_CREDIT_pctchange_mean,351.33519220352173,50
14,f102_nyg_middle_AMT_ANNUITY_s_app_AMT_GOODS_PRICE_diff_min,531.4687211513519,81
14,f102_nyg_middle_AMT_ANNUITY_s_app_AMT_CREDIT_pctchange_max_div_min,7.883009910583496,1
14,f102_nyg_middle_AMT_ANNUITY_s_app_AMT_GOODS_PRICE_max_div_min,106.47466897964478,14
14,f102_nyg_middle_AMT_ANNUITY_s_app_AMT_GOODS_PRICE_std_div_mean,145.3110489845276,25
14,f102_nyg_middle_AMT_ANNUITY_s_app_AMT_GOODS_PRICE_pctchange_min,466.38907957077026,73
14,f102_nyg_middle_AMT_ANNUITY_s_app_AMT_GOODS_PRICE_pctchange_max_div_min,28.233590126037598,4
14,f102_nyg_middle_AMT_ANNUITY_s_app_AMT_INCOME_TOTAL_pctchange_std,340.01698899269104,49
14,f102_nyg_middle_AMT_ANNUITY_s_app_AMT_GOODS_PRICE_pctchange_mean,336.2614998817444,53
14,f102_nyg_middle_AMT_ANNUITY_s_app_AMT_INCOME_TOTAL_pctchange_max_div_min,101.67377042770386,14
14,f102_nyg_middle_AMT_ANNUITY_s_app_AMT_INCOME_TOTAL_diff_std_div_mean,0.0,0
14,f102_nyg_middle_AMT_ANNUITY_s_app_AMT_GOODS_PRICE_pctchange_max,500.4748065471649,79
14,f102_nyg_middle_AMT_ANNUITY_s_app_AMT_INCOME_TOTAL_diff_mean,81.60130977630615,14
14,f102_nyg_middle_AMT_ANNUITY_s_app_AMT_INCOME_TOTAL_diff_max_div_min,0.0,0
14,f102_nyg_middle_AMT_ANNUITY_s_app_AMT_INCOME_TOTAL_diff_min,39.02626061439514,7
14,f102_nyg_middle_AMT_ANNUITY_s_app_AMT_INCOME_TOTAL_pctchange_max,961.6911499500275,140
14,f102_nyg_middle_AMT_ANNUITY_s_app_AMT_INCOME_TOTAL_diff_max,171.5415506362915,26
14,f102_nyg_middle_AMT_ANNUITY_s_app_AMT_INCOME_TOTAL_max_div_min,131.02610874176025,22
14,f102_nyg_middle_AMT_ANNUITY_std_div_mean,315.5689203739166,34
14,f102_nyg_middle_AMT_APPLICATION_d_app_AMT_ANNUITY_diff_std_div_mean,37.95637035369873,5
14,f102_nyg_middle_AMT_APPLICATION_d_app_AMT_ANNUITY_diff_std,163.76036047935486,22
14,f102_nyg_middle_AMT_ANNUITY_s_app_AMT_INCOME_TOTAL_std_div_mean,619.0667998790741,90
14,f102_nyg_middle_AMT_ANNUITY_s_app_AMT_INCOME_TOTAL_pctchange_min,1034.8669562339783,161
14,f102_nyg_middle_AMT_ANNUITY_s_app_AMT_INCOME_TOTAL_pctchange_mean,777.792601943016,120
14,f102_nyg_middle_AMT_APPLICATION_d_app_AMT_ANNUITY_std,353.9586992263794,54
14,f102_nyg_middle_AMT_APPLICATION_d_app_AMT_ANNUITY_diff_max_div_min,70.90011072158813,10
14,f102_nyg_middle_AMT_APPLICATION_d_app_AMT_ANNUITY_pctchange_max_div_min,77.97257041931152,11
14,f102_nyg_middle_AMT_APPLICATION_d_app_AMT_ANNUITY_diff_min,1027.0471991300583,152
14,f102_nyg_middle_AMT_APPLICATION_d_app_AMT_ANNUITY_mean,1977.1266635656357,293
14,f102_nyg_middle_AMT_APPLICATION_d_app_AMT_ANNUITY_min,2614.2913739681244,354
14,f102_nyg_middle_AMT_APPLICATION_d_app_AMT_ANNUITY_max,2492.487006008625,377
14,f102_nyg_middle_AMT_APPLICATION_d_app_AMT_ANNUITY_pctchange_std_div_mean,79.59865927696228,14
14,f102_nyg_middle_AMT_APPLICATION_d_app_AMT_CREDIT_diff_std,237.18111991882324,34
14,f102_nyg_middle_AMT_APPLICATION_d_app_AMT_CREDIT_pctchange_std_div_mean,22.185409545898438,4
14,f102_nyg_middle_AMT_APPLICATION_d_app_AMT_ANNUITY_std_div_mean,303.9110019207001,43
14,f102_nyg_middle_AMT_APPLICATION_d_app_AMT_CREDIT_diff_mean,715.0592031478882,99
14,f102_nyg_middle_AMT_APPLICATION_d_app_AMT_CREDIT_diff_max_div_min,17.954009532928467,3
14,f102_nyg_middle_AMT_APPLICATION_d_app_AMT_CREDIT_pctchange_max_div_min,8.504549980163574,2
14,f102_nyg_middle_AMT_APPLICATION_d_app_AMT_CREDIT_mean,2941.066645860672,431
14,f102_nyg_middle_AMT_APPLICATION_d_app_AMT_CREDIT_std,346.7679615020752,34
14,f102_nyg_middle_AMT_APPLICATION_d_app_AMT_CREDIT_diff_min,503.07237935066223,75
14,f102_nyg_middle_AMT_APPLICATION_d_app_AMT_GOODS_PRICE_diff_max_div_min,52.55769968032837,8
14,f102_nyg_middle_AMT_APPLICATION_d_app_AMT_CREDIT_min,2668.8764392137527,402
14,f102_nyg_middle_AMT_APPLICATION_d_app_AMT_GOODS_PRICE_diff_std,152.82713985443115,23
14,f102_nyg_middle_AMT_APPLICATION_d_app_AMT_GOODS_PRICE_diff_mean,963.863120675087,142
14,f102_nyg_middle_AMT_APPLICATION_d_app_AMT_GOODS_PRICE_diff_min,840.4013611078262,128
14,f102_nyg_middle_AMT_APPLICATION_d_app_AMT_GOODS_PRICE_pctchange_max_div_min,4.777850151062012,1
14,f102_nyg_middle_AMT_APPLICATION_d_app_AMT_INCOME_TOTAL_pctchange_max_div_min,12.448840141296387,2
14,f102_nyg_middle_AMT_APPLICATION_d_app_AMT_INCOME_TOTAL_std,256.18263959884644,39
14,f102_nyg_middle_AMT_APPLICATION_d_app_AMT_GOODS_PRICE_std,202.8353488445282,30
14,f102_nyg_middle_AMT_APPLICATION_d_app_AMT_INCOME_TOTAL_pctchange_std_div_mean,9.420370101928711,1
14,f102_nyg_middle_AMT_APPLICATION_d_app_AMT_GOODS_PRICE_std_div_mean,232.00320100784302,31
14,f102_nyg_middle_AMT_APPLICATION_m_app_AMT_GOODS_PRICE_d_app_AMT_INCOME_TOTAL_diff_max_div_min,0.0,0
14,f102_nyg_middle_AMT_APPLICATION_m_app_AMT_GOODS_PRICE_d_app_AMT_INCOME_TOTAL_diff_std,73.34303998947144,13
14,f102_nyg_middle_AMT_APPLICATION_d_app_AMT_GOODS_PRICE_pctchange_std_div_mean,28.373029708862305,5
14,f102_nyg_middle_AMT_APPLICATION_d_app_AMT_CREDIT_std_div_mean,119.07497024536133,17
14,f102_nyg_middle_AMT_APPLICATION_d_app_AMT_INCOME_TOTAL_diff_std,43.14538025856018,7
14,f102_nyg_middle_AMT_APPLICATION_m_app_AMT_GOODS_PRICE_d_app_AMT_INCOME_TOTAL_diff_std_div_mean,12.974410057067871,2
14,f102_nyg_middle_AMT_APPLICATION_d_app_AMT_INCOME_TOTAL_std_div_mean,32.151349782943726,5
14,f102_nyg_middle_AMT_APPLICATION_d_app_AMT_INCOME_TOTAL_diff_min,984.8602023124695,140
14,f102_nyg_middle_AMT_APPLICATION_m_app_AMT_GOODS_PRICE_d_app_AMT_INCOME_TOTAL_pctchange_max,1970.669159770012,300
14,f102_nyg_middle_AMT_APPLICATION_m_app_AMT_GOODS_PRICE_d_app_AMT_INCOME_TOTAL_max_div_min,441.42547059059143,66
14,f102_nyg_middle_AMT_APPLICATION_m_app_AMT_GOODS_PRICE_d_app_AMT_INCOME_TOTAL_pctchange_std_div_mean,126.80507016181946,21
14,f102_nyg_middle_AMT_APPLICATION_d_app_AMT_INCOME_TOTAL_diff_max_div_min,5.291460037231445,1
14,f102_nyg_middle_AMT_APPLICATION_m_app_AMT_GOODS_PRICE_d_app_AMT_INCOME_TOTAL_std_div_mean,363.9351809024811,53
14,f102_nyg_middle_AMT_APPLICATION_m_app_AMT_GOODS_PRICE_d_app_AMT_INCOME_TOTAL_pctchange_max_div_min,157.36404085159302,24
14,f102_nyg_middle_AMT_APPLICATION_s_app_AMT_ANNUITY_d_app_AMT_INCOME_TOTAL_diff_max_div_min,9.160540103912354,2
14,f102_nyg_middle_AMT_APPLICATION_m_app_AMT_GOODS_PRICE_d_app_AMT_INCOME_TOTAL_std,185.6000987291336,26
14,f102_nyg_middle_AMT_APPLICATION_m_app_AMT_GOODS_PRICE_d_app_AMT_INCOME_TOTAL_diff_min,614.5141394138336,91
14,f102_nyg_middle_AMT_APPLICATION_s_app_AMT_ANNUITY_d_app_AMT_INCOME_TOTAL_diff_std,36.29088020324707,6
14,f102_nyg_middle_AMT_APPLICATION_min,3828.098291993141,527
14,f102_nyg_middle_AMT_APPLICATION_s_app_AMT_ANNUITY_d_app_AMT_INCOME_TOTAL_diff_std_div_mean,13.28734016418457,3
14,f102_nyg_middle_AMT_APPLICATION_s_app_AMT_ANNUITY_d_app_AMT_INCOME_TOTAL_max_div_min,292.2630891799927,45
14,f102_nyg_middle_AMT_APPLICATION_s_app_AMT_ANNUITY_d_app_AMT_INCOME_TOTAL_pctchange_max,1108.524834573269,158
14,f102_nyg_middle_AMT_APPLICATION_s_app_AMT_ANNUITY_d_app_AMT_INCOME_TOTAL_pctchange_std,189.03656816482544,30
14,f102_nyg_middle_AMT_APPLICATION_s_app_AMT_ANNUITY_d_app_AMT_INCOME_TOTAL_min,2230.1687391400337,336
14,f102_nyg_middle_AMT_APPLICATION_s_app_AMT_ANNUITY_d_app_AMT_INCOME_TOTAL_pctchange_max_div_min,93.56932973861694,18
14,f102_nyg_middle_AMT_APPLICATION_s_app_AMT_ANNUITY_d_app_AMT_INCOME_TOTAL_std,60.776949644088745,10
14,f102_nyg_middle_AMT_APPLICATION_s_app_AMT_ANNUITY_d_app_AMT_INCOME_TOTAL_diff_min,200.0647008419037,33
14,f102_nyg_middle_AMT_APPLICATION_s_app_AMT_ANNUITY_d_app_AMT_INCOME_TOTAL_pctchange_std_div_mean,178.76653957366943,27
14,f102_nyg_middle_AMT_APPLICATION_s_app_AMT_ANNUITY_diff_std,97.42597961425781,14
14,f102_nyg_middle_AMT_APPLICATION_s_app_AMT_ANNUITY_diff_max_div_min,3.7004899978637695,1
14,f102_nyg_middle_AMT_APPLICATION_s_app_AMT_ANNUITY_d_app_AMT_INCOME_TOTAL_std_div_mean,347.7980782985687,52
14,f102_nyg_middle_AMT_APPLICATION_s_app_AMT_ANNUITY_diff_std_div_mean,6.835229873657227,1
14,f102_nyg_middle_AMT_APPLICATION_s_app_AMT_ANNUITY_max_div_min,88.50863981246948,14
14,f102_nyg_middle_AMT_APPLICATION_s_app_AMT_ANNUITY_pctchange_max_div_min,27.900240421295166,4
14,f102_nyg_middle_AMT_APPLICATION_s_app_AMT_ANNUITY_diff_min,1118.4872679710388,164
14,f102_nyg_middle_AMT_APPLICATION_s_app_AMT_ANNUITY_d_app_AMT_INCOME_TOTAL_pctchange_min,1102.0747069120407,165
14,f102_nyg_middle_AMT_APPLICATION_s_app_AMT_CREDIT_d_app_AMT_INCOME_TOTAL_diff_max_div_min,0.0,0
14,f102_nyg_middle_AMT_APPLICATION_s_app_AMT_ANNUITY_d_app_AMT_INCOME_TOTAL_pctchange_mean,1088.5689200162888,164
14,f102_nyg_middle_AMT_APPLICATION_s_app_AMT_CREDIT_d_app_AMT_INCOME_TOTAL_diff_std,11.829839706420898,2
14,f102_nyg_middle_AMT_APPLICATION_s_app_AMT_ANNUITY_std,516.7216012477875,67
14,f102_nyg_middle_AMT_APPLICATION_s_app_AMT_ANNUITY_std_div_mean,108.63355946540833,16
14,f102_nyg_middle_AMT_APPLICATION_s_app_AMT_ANNUITY_min,2558.8938742876053,379
14,f102_nyg_middle_AMT_APPLICATION_s_app_AMT_ANNUITY_pctchange_std,38.806740283966064,6
14,f102_nyg_middle_AMT_APPLICATION_s_app_AMT_ANNUITY_pctchange_std_div_mean,55.07580065727234,11
14,f102_nyg_middle_AMT_APPLICATION_s_app_AMT_ANNUITY_pctchange_mean,342.8571708202362,47
14,f102_nyg_middle_AMT_APPLICATION_s_app_AMT_ANNUITY_pctchange_max,297.0925496816635,41
14,f102_nyg_middle_AMT_APPLICATION_s_app_AMT_CREDIT_d_app_AMT_INCOME_TOTAL_pctchange_max_div_min,129.52881002426147,18
14,f102_nyg_middle_AMT_APPLICATION_s_app_AMT_ANNUITY_pctchange_min,307.1057689189911,42
14,f102_nyg_middle_AMT_APPLICATION_s_app_AMT_CREDIT_d_app_AMT_INCOME_TOTAL_diff_min,138.66119933128357,20
14,f102_nyg_middle_AMT_APPLICATION_s_app_AMT_CREDIT_diff_std,27.21606969833374,4
14,f102_nyg_middle_AMT_APPLICATION_s_app_AMT_CREDIT_d_app_AMT_INCOME_TOTAL_min,3659.04158949852,530
14,f102_nyg_middle_AMT_APPLICATION_s_app_AMT_CREDIT_d_app_AMT_INCOME_TOTAL_max_div_min,318.6901707649231,46
14,f102_nyg_middle_AMT_APPLICATION_s_app_AMT_CREDIT_d_app_AMT_INCOME_TOTAL_diff_std_div_mean,5.33981990814209,1
14,f102_nyg_middle_AMT_APPLICATION_s_app_AMT_CREDIT_d_app_AMT_INCOME_TOTAL_std,24.316349506378174,4
14,f102_nyg_middle_AMT_APPLICATION_s_app_AMT_CREDIT_diff_std_div_mean,0.0,0
14,f102_nyg_middle_AMT_APPLICATION_s_app_AMT_CREDIT_diff_max_div_min,6.14201021194458,1
14,f102_nyg_middle_AMT_APPLICATION_s_app_AMT_CREDIT_d_app_AMT_INCOME_TOTAL_pctchange_std_div_mean,256.0944302082062,36
14,f102_nyg_middle_AMT_APPLICATION_s_app_AMT_CREDIT_pctchange_max_div_min,17.254319667816162,3
14,f102_nyg_middle_AMT_APPLICATION_s_app_AMT_CREDIT_pctchange_std_div_mean,22.46373987197876,5
14,f102_nyg_middle_AMT_APPLICATION_s_app_AMT_CREDIT_diff_min,484.49611139297485,67
14,f102_nyg_middle_AMT_APPLICATION_s_app_AMT_CREDIT_pctchange_max,1518.9671673178673,242
14,f102_nyg_middle_AMT_APPLICATION_s_app_AMT_CREDIT_d_app_AMT_INCOME_TOTAL_std_div_mean,417.51564049720764,65
14,f102_nyg_middle_AMT_APPLICATION_s_app_AMT_CREDIT_d_app_AMT_INCOME_TOTAL_pctchange_max,785.1589595079422,116
14,f102_nyg_middle_AMT_APPLICATION_s_app_AMT_CREDIT_std,201.25908875465393,31
14,f102_nyg_middle_AMT_APPLICATION_s_app_AMT_GOODS_PRICE_max_div_min,195.7878384590149,20
14,f102_nyg_middle_AMT_APPLICATION_s_app_AMT_CREDIT_std_div_mean,252.08970999717712,32
14,f102_nyg_middle_AMT_APPLICATION_s_app_AMT_CREDIT_max_div_min,46.84099054336548,7
14,f102_nyg_middle_AMT_APPLICATION_s_app_AMT_GOODS_PRICE_diff_std,50.077709674835205,7
14,f102_nyg_middle_AMT_APPLICATION_s_app_AMT_GOODS_PRICE_diff_max_div_min,0.0,0
14,f102_nyg_middle_AMT_APPLICATION_s_app_AMT_GOODS_PRICE_std_div_mean,82.46315121650696,12
14,f102_nyg_middle_AMT_APPLICATION_s_app_AMT_GOODS_PRICE_diff_std_div_mean,9.552990198135376,2
14,f102_nyg_middle_AMT_APPLICATION_s_app_AMT_GOODS_PRICE_diff_min,273.31382036209106,42
14,f102_nyg_middle_AMT_APPLICATION_s_app_AMT_GOODS_PRICE_std,117.17920923233032,17
14,f102_nyg_middle_AMT_APPLICATION_s_app_AMT_GOODS_PRICE_pctchange_max_div_min,45.503470063209534,8
14,f102_nyg_middle_AMT_APPLICATION_s_app_AMT_INCOME_TOTAL_diff_min,7.729529857635498,1
14,f102_nyg_middle_AMT_APPLICATION_s_app_AMT_GOODS_PRICE_pctchange_std_div_mean,58.97910022735596,10
14,f102_nyg_middle_AMT_APPLICATION_s_app_AMT_GOODS_PRICE_pctchange_max,518.8112080097198,76
14,f102_nyg_middle_AMT_APPLICATION_s_app_AMT_INCOME_TOTAL_diff_std,3.7172999382019043,1
14,f102_nyg_middle_AMT_APPLICATION_s_app_AMT_INCOME_TOTAL_diff_std_div_mean,0.0,0
14,f102_nyg_middle_AMT_APPLICATION_s_app_AMT_INCOME_TOTAL_max_div_min,938.931229352951,129
14,f102_nyg_middle_AMT_APPLICATION_s_app_AMT_INCOME_TOTAL_mean,2323.036290168762,340
14,f102_nyg_middle_AMT_APPLICATION_std_div_mean,22.05921983718872,3
14,f102_nyg_middle_AMT_APPLICATION_std,3.836280107498169,1
14,f102_nyg_middle_AMT_APPLICATION_s_app_AMT_INCOME_TOTAL_min,2699.812361598015,392
14,f102_nyg_middle_AMT_APPLICATION_s_app_AMT_INCOME_TOTAL_pctchange_max_div_min,272.90976190567017,43
14,f102_nyg_middle_AMT_APPLICATION_s_app_AMT_INCOME_TOTAL_pctchange_std,460.1565206050873,73
14,f102_nyg_middle_AMT_APPLICATION_s_app_AMT_INCOME_TOTAL_pctchange_max,2116.0707612633705,341
14,f102_nyg_middle_AMT_APPLICATION_s_app_AMT_INCOME_TOTAL_max,2332.022936463356,349
14,f102_nyg_middle_AMT_CREDIT_d_AMT_ANNUITY_diff_std,359.7176594734192,58
14,f102_nyg_middle_AMT_APPLICATION_s_app_AMT_INCOME_TOTAL_std_div_mean,902.3165181875229,133
14,f102_nyg_middle_AMT_CREDIT_d_AMT_ANNUITY_diff_std_div_mean,588.3079777956009,83
14,f102_nyg_middle_AMT_APPLICATION_s_app_AMT_INCOME_TOTAL_diff_max_div_min,0.0,0
14,f102_nyg_middle_AMT_APPLICATION_s_app_AMT_INCOME_TOTAL_std,14.167139530181885,2
14,f102_nyg_middle_AMT_APPLICATION_s_app_AMT_INCOME_TOTAL_pctchange_mean,2295.6650117635727,371
14,f102_nyg_middle_AMT_APPLICATION_s_app_AMT_INCOME_TOTAL_pctchange_min,2154.5934460163116,338
14,f102_nyg_middle_AMT_CREDIT_d_AMT_ANNUITY_diff_max_div_min,231.42471146583557,38
14,f102_nyg_middle_AMT_CREDIT_d_AMT_ANNUITY_std_div_mean,1241.4260318279266,179
14,f102_nyg_middle_AMT_CREDIT_d_AMT_ANNUITY_pctchange_min,3404.630985856056,486
14,f102_nyg_middle_AMT_CREDIT_d_AMT_ANNUITY_pctchange_max,2395.3261345624924,342
14,f102_nyg_middle_AMT_CREDIT_d_AMT_APPLICATION_diff_std_div_mean,497.02476239204407,67
14,f102_nyg_middle_AMT_CREDIT_d_AMT_APPLICATION_diff_max_div_min,304.8208010196686,46
14,f102_nyg_middle_AMT_CREDIT_d_AMT_APPLICATION_diff_std,449.86747789382935,72
14,f102_nyg_middle_AMT_CREDIT_d_AMT_ANNUITY_pctchange_max_div_min,231.11240935325623,35
14,f102_nyg_middle_AMT_CREDIT_d_AMT_APPLICATION_pctchange_std_div_mean,207.03727102279663,34
14,f102_nyg_middle_AMT_CREDIT_d_app_AMT_ANNUITY_diff_std,186.41210079193115,30
14,f102_nyg_middle_AMT_CREDIT_d_AMT_ANNUITY_pctchange_mean,2214.661945104599,329
14,f102_nyg_middle_AMT_CREDIT_d_app_AMT_ANNUITY_diff_std_div_mean,174.94086956977844,26
14,f102_nyg_middle_AMT_CREDIT_d_AMT_APPLICATION_pctchange_max_div_min,172.6561506986618,31
14,f102_nyg_middle_AMT_CREDIT_d_app_AMT_ANNUITY_diff_max_div_min,70.26545977592468,12
14,f102_nyg_middle_AMT_CREDIT_d_app_AMT_ANNUITY_pctchange_std_div_mean,195.19012069702148,35
14,f102_nyg_middle_AMT_CREDIT_d_app_AMT_ANNUITY_diff_min,1510.9911917299032,236
14,f102_nyg_middle_AMT_CREDIT_d_app_AMT_CREDIT_diff_std,192.9762396812439,29
14,f102_nyg_middle_AMT_CREDIT_d_app_AMT_ANNUITY_std_div_mean,355.39579010009766,47
14,f102_nyg_middle_AMT_CREDIT_d_app_AMT_CREDIT_diff_std_div_mean,50.97865915298462,7
14,f102_nyg_middle_AMT_CREDIT_d_app_AMT_GOODS_PRICE_diff_std_div_mean,74.15278005599976,13
14,f102_nyg_middle_AMT_CREDIT_d_app_AMT_GOODS_PRICE_diff_std,123.13284134864807,20
14,f102_nyg_middle_AMT_CREDIT_d_app_AMT_CREDIT_diff_min,908.9979193210602,131
14,f102_nyg_middle_AMT_CREDIT_d_app_AMT_ANNUITY_min,3715.1051902472973,510
14,f102_nyg_middle_AMT_CREDIT_d_app_AMT_ANNUITY_std,410.84355103969574,59
14,f102_nyg_middle_AMT_CREDIT_d_app_AMT_CREDIT_diff_max_div_min,0.0,0
14,f102_nyg_middle_AMT_CREDIT_d_app_AMT_GOODS_PRICE_pctchange_std_div_mean,98.24405002593994,15
14,f102_nyg_middle_AMT_CREDIT_d_app_AMT_GOODS_PRICE_diff_max_div_min,87.4762396812439,12
14,f102_nyg_middle_AMT_CREDIT_d_app_AMT_GOODS_PRICE_diff_min,1754.0786726474762,241
14,f102_nyg_middle_AMT_CREDIT_d_app_AMT_GOODS_PRICE_std,356.9999408721924,56
14,f102_nyg_middle_AMT_CREDIT_d_app_AMT_INCOME_TOTAL_diff_std,144.53839921951294,24
14,f102_nyg_middle_AMT_CREDIT_d_app_AMT_CREDIT_pctchange_max_div_min,78.26076149940491,9
14,f102_nyg_middle_AMT_CREDIT_d_app_AMT_GOODS_PRICE_pctchange_max_div_min,18.213720321655273,2
14,f102_nyg_middle_AMT_CREDIT_d_app_AMT_CREDIT_std,444.36879682540894,60
14,f102_nyg_middle_AMT_CREDIT_d_app_AMT_CREDIT_pctchange_std_div_mean,49.58336925506592,5
14,f102_nyg_middle_AMT_CREDIT_d_app_AMT_ANNUITY_pctchange_max_div_min,18.64180016517639,3
14,f102_nyg_middle_AMT_CREDIT_d_total_debt_diff_max,2105.658216357231,300
14,f102_nyg_middle_AMT_CREDIT_d_app_AMT_INCOME_TOTAL_pctchange_max_div_min,0.0,0
14,f102_nyg_middle_AMT_CREDIT_d_app_AMT_CREDIT_std_div_mean,153.562490940094,25
14,f102_nyg_middle_AMT_CREDIT_d_app_AMT_INCOME_TOTAL_diff_std_div_mean,8.329509735107422,1
14,f102_nyg_middle_AMT_CREDIT_d_app_AMT_INCOME_TOTAL_pctchange_std_div_mean,9.477399826049805,1
14,f102_nyg_middle_AMT_CREDIT_d_app_AMT_INCOME_TOTAL_std_div_mean,43.24934005737305,7
14,f102_nyg_middle_AMT_CREDIT_d_total_debt_diff_mean,1662.6889305114746,246
14,f102_nyg_middle_AMT_CREDIT_d_total_debt_diff_min,1789.6763087511063,269
14,f102_nyg_middle_AMT_CREDIT_d_total_debt_diff_std_div_mean,317.3613386154175,49
14,f102_nyg_middle_AMT_CREDIT_d_app_AMT_INCOME_TOTAL_diff_max_div_min,0.0,0
14,f102_nyg_middle_AMT_CREDIT_d_total_debt_diff_max_div_min,153.67954015731812,26
14,f102_nyg_middle_AMT_CREDIT_d_total_debt_pctchange_std_div_mean,243.12213850021362,38
14,f102_nyg_middle_AMT_CREDIT_d_total_debt_diff_std,349.92422008514404,62
14,f102_nyg_middle_AMT_CREDIT_d_total_debt_pctchange_max_div_min,144.80183124542236,17
14,f102_nyg_middle_AMT_CREDIT_d_app_AMT_GOODS_PRICE_std_div_mean,70.1813895702362,11
14,f102_nyg_middle_AMT_CREDIT_d_total_debt_pctchange_max,2226.0868895053864,311
14,f102_nyg_middle_AMT_CREDIT_d_total_debt_pctchange_mean,2244.3523454666138,315
14,f102_nyg_middle_AMT_CREDIT_m_app_AMT_GOODS_PRICE_d_app_AMT_INCOME_TOTAL_diff_std,85.66202044487,15
14,f102_nyg_middle_AMT_CREDIT_d_total_debt_pctchange_std,475.39115929603577,67
14,f102_nyg_middle_AMT_CREDIT_m_app_AMT_GOODS_PRICE_d_app_AMT_INCOME_TOTAL_diff_max_div_min,34.02983045578003,4
14,f102_nyg_middle_AMT_CREDIT_d_total_debt_pctchange_min,2184.64233982563,314
14,f102_nyg_middle_AMT_CREDIT_m_app_AMT_GOODS_PRICE_d_app_AMT_INCOME_TOTAL_pctchange_max,3198.469401240349,471
14,f102_nyg_middle_AMT_CREDIT_m_app_AMT_GOODS_PRICE_d_app_AMT_INCOME_TOTAL_diff_std_div_mean,13.047320127487183,3
14,f102_nyg_middle_AMT_CREDIT_m_app_AMT_GOODS_PRICE_d_app_AMT_INCOME_TOTAL_pctchange_std_div_mean,242.0843904018402,39
14,f102_nyg_middle_AMT_CREDIT_m_app_AMT_GOODS_PRICE_d_app_AMT_INCOME_TOTAL_pctchange_max_div_min,207.56019926071167,34
14,f102_nyg_middle_AMT_CREDIT_s_app_AMT_ANNUITY_d_app_AMT_INCOME_TOTAL_diff_max_div_min,6.761360168457031,1
14,f102_nyg_middle_AMT_CREDIT_s_app_AMT_ANNUITY_d_app_AMT_INCOME_TOTAL_diff_std,59.74150885641575,11
14,f102_nyg_middle_AMT_CREDIT_m_app_AMT_GOODS_PRICE_d_app_AMT_INCOME_TOTAL_std_div_mean,852.7905511856079,125
14,f102_nyg_middle_AMT_CREDIT_m_app_AMT_GOODS_PRICE_d_app_AMT_INCOME_TOTAL_max_div_min,606.2334787845612,80
14,f102_nyg_middle_AMT_CREDIT_s_app_AMT_ANNUITY_d_app_AMT_INCOME_TOTAL_pctchange_std_div_mean,334.61021161079407,50
14,f102_nyg_middle_AMT_CREDIT_s_app_AMT_ANNUITY_d_app_AMT_INCOME_TOTAL_diff_std_div_mean,0.0,0
14,f102_nyg_middle_AMT_CREDIT_s_app_AMT_ANNUITY_d_app_AMT_INCOME_TOTAL_pctchange_max_div_min,252.36817026138306,41
14,f102_nyg_middle_AMT_CREDIT_s_app_AMT_ANNUITY_d_app_AMT_INCOME_TOTAL_max_div_min,266.73275923728943,43
14,f102_nyg_middle_AMT_CREDIT_s_app_AMT_ANNUITY_d_app_AMT_INCOME_TOTAL_pctchange_max,1392.2606778144836,202
14,f102_nyg_middle_AMT_CREDIT_s_app_AMT_ANNUITY_d_app_AMT_INCOME_TOTAL_pctchange_std,203.70570850372314,32
14,f102_nyg_middle_AMT_CREDIT_s_app_AMT_ANNUITY_d_app_AMT_INCOME_TOTAL_std_div_mean,645.3606214523315,105
14,f102_nyg_middle_AMT_CREDIT_s_app_AMT_ANNUITY_diff_std,229.5185887813568,37
14,f102_nyg_middle_AMT_CREDIT_s_app_AMT_ANNUITY_d_app_AMT_INCOME_TOTAL_pctchange_mean,1663.830916762352,234
14,f102_nyg_middle_AMT_CREDIT_s_app_AMT_ANNUITY_diff_max_div_min,0.0,0
14,f102_nyg_middle_AMT_CREDIT_s_app_AMT_ANNUITY_pctchange_max_div_min,97.83706951141357,15
14,f102_nyg_middle_AMT_CREDIT_s_app_AMT_ANNUITY_d_app_AMT_INCOME_TOTAL_pctchange_min,1762.7565623521805,252
14,f102_nyg_middle_AMT_CREDIT_s_app_AMT_ANNUITY_pctchange_std,75.30276012420654,12
14,f102_nyg_middle_AMT_CREDIT_s_app_AMT_ANNUITY_pctchange_mean,528.4927413463593,79
14,f102_nyg_middle_AMT_CREDIT_s_app_AMT_ANNUITY_pctchange_std_div_mean,92.17308855056763,10
14,f102_nyg_middle_AMT_CREDIT_s_app_AMT_CREDIT_d_app_AMT_INCOME_TOTAL_diff_std_div_mean,4.0096001625061035,1
14,f102_nyg_middle_AMT_CREDIT_s_app_AMT_ANNUITY_std_div_mean,187.33624935150146,27
14,f102_nyg_middle_AMT_CREDIT_s_app_AMT_ANNUITY_pctchange_max,515.7745304107666,81
14,f102_nyg_middle_AMT_CREDIT_s_app_AMT_CREDIT_d_app_AMT_INCOME_TOTAL_diff_std,13.551479816436768,2
14,f102_nyg_middle_AMT_CREDIT_s_app_AMT_ANNUITY_diff_std_div_mean,0.0,0
14,f102_nyg_middle_AMT_CREDIT_s_app_AMT_CREDIT_d_app_AMT_INCOME_TOTAL_diff_max_div_min,0.0,0
14,f102_nyg_middle_AMT_CREDIT_s_app_AMT_ANNUITY_pctchange_min,516.6566390991211,66
14,f102_nyg_middle_AMT_CREDIT_s_app_AMT_ANNUITY_max_div_min,58.61076045036316,9
14,f102_nyg_middle_AMT_CREDIT_s_app_AMT_CREDIT_d_app_AMT_INCOME_TOTAL_max_div_min,691.7783356904984,94
14,f102_nyg_middle_AMT_CREDIT_s_app_AMT_CREDIT_d_app_AMT_INCOME_TOTAL_pctchange_std_div_mean,179.20222961902618,29
14,f102_nyg_middle_AMT_CREDIT_s_app_AMT_CREDIT_diff_std_div_mean,0.0,0
14,f102_nyg_middle_AMT_CREDIT_s_app_AMT_CREDIT_diff_std,82.01286029815674,11
14,f102_nyg_middle_AMT_CREDIT_s_app_AMT_CREDIT_pctchange_std_div_mean,70.12240052223206,12
14,f102_nyg_middle_AMT_CREDIT_s_app_AMT_CREDIT_d_app_AMT_INCOME_TOTAL_pctchange_max,1949.7114248275757,307
14,f102_nyg_middle_AMT_CREDIT_s_app_AMT_CREDIT_diff_max_div_min,0.0,0
14,f102_nyg_middle_AMT_CREDIT_s_app_AMT_CREDIT_d_app_AMT_INCOME_TOTAL_pctchange_max_div_min,176.78925919532776,28
14,f102_nyg_middle_AMT_CREDIT_s_app_AMT_CREDIT_std_div_mean,543.989549279213,90
14,f102_nyg_middle_AMT_CREDIT_s_app_AMT_CREDIT_pctchange_max_div_min,5.0146098136901855,1
14,f102_nyg_middle_AMT_CREDIT_s_app_AMT_CREDIT_d_app_AMT_INCOME_TOTAL_std_div_mean,235.4710886478424,38
14,f102_nyg_middle_AMT_CREDIT_s_app_AMT_GOODS_PRICE_diff_std,52.827049255371094,9
14,f102_nyg_middle_AMT_CREDIT_s_app_AMT_CREDIT_max_div_min,262.5555028915405,27
14,f102_nyg_middle_AMT_CREDIT_s_app_AMT_GOODS_PRICE_diff_max_div_min,17.950300216674805,1
14,f102_nyg_middle_AMT_CREDIT_s_app_AMT_CREDIT_pctchange_max,606.7998802661896,93
14,f102_nyg_middle_AMT_CREDIT_s_app_AMT_GOODS_PRICE_pctchange_max,787.2222573757172,123
14,f102_nyg_middle_AMT_CREDIT_s_app_AMT_GOODS_PRICE_diff_std_div_mean,0.0,0
14,f102_nyg_middle_AMT_CREDIT_s_app_AMT_GOODS_PRICE_std_div_mean,210.69978952407837,33
14,f102_nyg_middle_AMT_CREDIT_s_app_AMT_GOODS_PRICE_pctchange_std_div_mean,88.25493907928467,10
14,f102_nyg_middle_AMT_CREDIT_s_app_AMT_GOODS_PRICE_max_div_min,207.71671104431152,25
14,f102_nyg_middle_AMT_CREDIT_s_app_AMT_INCOME_TOTAL_diff_std_div_mean,0.0,0
14,f102_nyg_middle_AMT_CREDIT_s_app_AMT_INCOME_TOTAL_min,3352.0862970352173,455
14,f102_nyg_middle_AMT_CREDIT_s_app_AMT_INCOME_TOTAL_diff_std,15.642149925231934,2
14,f102_nyg_middle_AMT_CREDIT_s_app_AMT_INCOME_TOTAL_max_div_min,415.4255700111389,65
14,f102_nyg_middle_AMT_CREDIT_s_app_AMT_GOODS_PRICE_pctchange_max_div_min,28.41078007221222,6
14,f102_nyg_middle_AMT_CREDIT_s_app_AMT_INCOME_TOTAL_diff_max_div_min,0.0,0
14,f102_nyg_middle_AMT_CREDIT_s_app_AMT_INCOME_TOTAL_max,4836.584119796753,490
14,f102_nyg_middle_AMT_CREDIT_s_app_AMT_INCOME_TOTAL_pctchange_mean,2261.8452668190002,347
14,f102_nyg_middle_AMT_DOWN_PAYMENT_d_AMT_GOODS_PRICE_diff_std_div_mean,198.8375599384308,31
14,f102_nyg_middle_AMT_DOWN_PAYMENT_d_AMT_GOODS_PRICE_diff_max_div_min,441.6690604686737,59
14,f102_nyg_middle_AMT_CREDIT_s_app_AMT_INCOME_TOTAL_mean,3916.1512402296066,474
14,f102_nyg_middle_AMT_CREDIT_s_app_AMT_INCOME_TOTAL_pctchange_max_div_min,268.5148855447769,41
14,f102_nyg_middle_AMT_CREDIT_s_app_AMT_INCOME_TOTAL_pctchange_max,2436.464956641197,367
14,f102_nyg_middle_AMT_DOWN_PAYMENT_d_AMT_GOODS_PRICE_diff_min,2519.18287730217,382
14,f102_nyg_middle_AMT_DOWN_PAYMENT_d_AMT_GOODS_PRICE_pctchange_max,604.2238295078278,93
14,f102_nyg_middle_AMT_DOWN_PAYMENT_d_AMT_GOODS_PRICE_max_div_min,747.6061480045319,68
14,f102_nyg_middle_AMT_DOWN_PAYMENT_d_AMT_GOODS_PRICE_pctchange_mean,479.7145428657532,77
14,f102_nyg_middle_AMT_CREDIT_std_div_mean,82.30717015266418,14
14,f102_nyg_middle_AMT_DOWN_PAYMENT_std,787.261061668396,69
14,f102_nyg_middle_AMT_CREDIT_s_app_AMT_INCOME_TOTAL_pctchange_min,2172.1326752901077,342
14,f102_nyg_middle_AMT_GOODS_PRICE_d_AMT_ANNUITY_diff_std_div_mean,775.299711227417,102
14,f102_nyg_middle_AMT_GOODS_PRICE_d_AMT_ANNUITY_diff_std,349.08885049819946,55
14,f102_nyg_middle_AMT_DOWN_PAYMENT_max_div_min,492.47093057632446,46
14,f102_nyg_middle_AMT_DOWN_PAYMENT_d_AMT_GOODS_PRICE_pctchange_max_div_min,52.22205924987793,7
14,f102_nyg_middle_AMT_GOODS_PRICE_d_AMT_ANNUITY_diff_mean,2503.3059124946594,369
14,f102_nyg_middle_AMT_DOWN_PAYMENT_d_AMT_GOODS_PRICE_pctchange_min,498.80183029174805,79
14,f102_nyg_middle_AMT_GOODS_PRICE_d_AMT_ANNUITY_std_div_mean,925.1010797023773,136
14,f102_nyg_middle_AMT_GOODS_PRICE_d_AMT_CREDIT_diff_std_div_mean,243.89225029945374,41
14,f102_nyg_middle_AMT_GOODS_PRICE_d_AMT_ANNUITY_pctchange_mean,2126.11426281929,327
14,f102_nyg_middle_AMT_GOODS_PRICE_d_AMT_ANNUITY_pctchange_min,2182.5096909999847,332
14,f102_nyg_middle_AMT_GOODS_PRICE_d_AMT_ANNUITY_pctchange_max,1939.0672884583473,302
14,f102_nyg_middle_AMT_GOODS_PRICE_d_AMT_ANNUITY_diff_min,2868.842621922493,430
14,f102_nyg_middle_AMT_GOODS_PRICE_d_AMT_ANNUITY_std,1367.791173696518,190
14,f102_nyg_middle_AMT_GOODS_PRICE_d_AMT_CREDIT_diff_max_div_min,407.3488209247589,60
14,f102_nyg_middle_AMT_GOODS_PRICE_d_AMT_CREDIT_pctchange_std_div_mean,258.12448954582214,39
14,f102_nyg_middle_AMT_GOODS_PRICE_d_AMT_CREDIT_pctchange_max_div_min,253.0871684551239,38
14,f102_nyg_middle_AMT_GOODS_PRICE_d_app_AMT_ANNUITY_diff_max_div_min,31.446369171142578,4
14,f102_nyg_middle_AMT_GOODS_PRICE_d_app_AMT_ANNUITY_diff_std,264.5765607357025,40
14,f102_nyg_middle_AMT_GOODS_PRICE_d_app_AMT_ANNUITY_diff_std_div_mean,122.83570051193237,19
14,f102_nyg_middle_AMT_GOODS_PRICE_d_app_AMT_ANNUITY_diff_min,916.0023386478424,135
14,f102_nyg_middle_AMT_GOODS_PRICE_d_app_AMT_ANNUITY_std_div_mean,96.92559957504272,13
14,f102_nyg_middle_AMT_GOODS_PRICE_d_app_AMT_ANNUITY_pctchange_max_div_min,0.0,0
14,f102_nyg_middle_AMT_GOODS_PRICE_d_app_AMT_CREDIT_diff_max_div_min,4.02249002456665,1
14,f102_nyg_middle_AMT_GOODS_PRICE_d_app_AMT_ANNUITY_max,666.9976394176483,96
14,f102_nyg_middle_AMT_GOODS_PRICE_d_app_AMT_CREDIT_diff_std,163.62060952186584,23
14,f102_nyg_middle_AMT_GOODS_PRICE_d_app_AMT_ANNUITY_std,174.87957859039307,26
14,f102_nyg_middle_AMT_GOODS_PRICE_d_app_AMT_ANNUITY_mean,1138.681470632553,159
14,f102_nyg_middle_AMT_GOODS_PRICE_d_app_AMT_ANNUITY_pctchange_std_div_mean,38.48531103134155,4
14,f102_nyg_middle_AMT_GOODS_PRICE_d_app_AMT_ANNUITY_min,782.7777581214905,118
14,f102_nyg_middle_AMT_GOODS_PRICE_d_app_AMT_CREDIT_pctchange_max_div_min,7.54380989074707,1
14,f102_nyg_middle_AMT_GOODS_PRICE_d_app_AMT_CREDIT_diff_min,577.5782871246338,87
14,f102_nyg_middle_AMT_GOODS_PRICE_d_app_AMT_GOODS_PRICE_diff_std,198.67022109031677,26
14,f102_nyg_middle_AMT_GOODS_PRICE_d_app_AMT_CREDIT_diff_mean,742.5062711238861,108
14,f102_nyg_middle_AMT_GOODS_PRICE_d_app_AMT_CREDIT_pctchange_std_div_mean,15.052639484405518,2
14,f102_nyg_middle_AMT_GOODS_PRICE_d_app_AMT_CREDIT_mean,1107.0672155022621,164
14,f102_nyg_middle_AMT_GOODS_PRICE_d_app_AMT_CREDIT_min,1419.6436989307404,217
14,f102_nyg_middle_AMT_GOODS_PRICE_d_app_AMT_CREDIT_std,110.72497010231018,16
14,f102_nyg_middle_AMT_GOODS_PRICE_d_app_AMT_GOODS_PRICE_diff_mean,913.4291306734085,120
14,f102_nyg_middle_AMT_GOODS_PRICE_d_app_AMT_GOODS_PRICE_std,123.28032994270325,16
14,f102_nyg_middle_AMT_GOODS_PRICE_d_app_AMT_CREDIT_std_div_mean,38.01644945144653,6
14,f102_nyg_middle_AMT_GOODS_PRICE_d_app_AMT_GOODS_PRICE_diff_max_div_min,5.322780132293701,1
14,f102_nyg_middle_AMT_GOODS_PRICE_d_app_AMT_INCOME_TOTAL_diff_std,111.57878994941711,15
14,f102_nyg_middle_AMT_GOODS_PRICE_d_app_AMT_GOODS_PRICE_pctchange_std_div_mean,4.622509956359863,1
14,f102_nyg_middle_AMT_GOODS_PRICE_d_app_AMT_GOODS_PRICE_diff_min,676.9652684926987,96
14,f102_nyg_middle_AMT_GOODS_PRICE_d_app_AMT_GOODS_PRICE_std_div_mean,31.129820346832275,5
14,f102_nyg_middle_AMT_GOODS_PRICE_d_app_AMT_GOODS_PRICE_pctchange_max_div_min,7.543190002441406,1
14,f102_nyg_middle_AMT_GOODS_PRICE_d_app_AMT_INCOME_TOTAL_diff_max_div_min,4.76632022857666,1
14,f102_nyg_middle_AMT_GOODS_PRICE_d_app_AMT_INCOME_TOTAL_diff_min,578.1851805448532,87
14,f102_nyg_middle_AMT_GOODS_PRICE_d_app_AMT_INCOME_TOTAL_std_div_mean,48.22714948654175,9
14,f102_nyg_middle_AMT_GOODS_PRICE_d_app_AMT_INCOME_TOTAL_std,23.803679943084717,4
14,f102_nyg_middle_AMT_GOODS_PRICE_d_app_AMT_INCOME_TOTAL_pctchange_std_div_mean,0.0,0
14,f102_nyg_middle_AMT_GOODS_PRICE_d_total_debt_diff_max,2346.155557990074,372
14,f102_nyg_middle_AMT_GOODS_PRICE_d_app_AMT_INCOME_TOTAL_pctchange_max_div_min,12.960449695587158,2
14,f102_nyg_middle_AMT_GOODS_PRICE_d_total_debt_diff_std_div_mean,285.5085995197296,45
14,f102_nyg_middle_AMT_GOODS_PRICE_d_total_debt_diff_mean,2278.6796305179596,347
14,f102_nyg_middle_AMT_GOODS_PRICE_d_total_debt_diff_max_div_min,120.32708048820496,18
14,f102_nyg_middle_AMT_GOODS_PRICE_m_app_AMT_GOODS_PRICE_d_app_AMT_INCOME_TOTAL_diff_max_div_min,19.268199920654297,3
14,f102_nyg_middle_AMT_GOODS_PRICE_d_total_debt_pctchange_std,558.4053716659546,91
14,f102_nyg_middle_AMT_GOODS_PRICE_d_total_debt_pctchange_max_div_min,207.73709082603455,32
14,f102_nyg_middle_AMT_GOODS_PRICE_d_total_debt_pctchange_max,2311.4194108247757,349
14,f102_nyg_middle_AMT_GOODS_PRICE_d_total_debt_pctchange_std_div_mean,493.8111672401428,71
14,f102_nyg_middle_AMT_GOODS_PRICE_d_total_debt_pctchange_mean,2134.436269581318,317
14,f102_nyg_middle_AMT_GOODS_PRICE_m_app_AMT_GOODS_PRICE_d_app_AMT_INCOME_TOTAL_diff_std_div_mean,41.750619411468506,5
14,f102_nyg_middle_AMT_GOODS_PRICE_m_app_AMT_GOODS_PRICE_d_app_AMT_INCOME_TOTAL_diff_std,91.31120038032532,14
14,f102_nyg_middle_AMT_GOODS_PRICE_d_total_debt_pctchange_min,2493.069169640541,370
14,f102_nyg_middle_AMT_GOODS_PRICE_m_app_AMT_GOODS_PRICE_d_app_AMT_INCOME_TOTAL_std_div_mean,139.4343605041504,23
14,f102_nyg_middle_AMT_GOODS_PRICE_m_app_AMT_GOODS_PRICE_d_app_AMT_INCOME_TOTAL_pctchange_max_div_min,106.15765047073364,16
14,f102_nyg_middle_AMT_GOODS_PRICE_m_app_AMT_GOODS_PRICE_d_app_AMT_INCOME_TOTAL_pctchange_max,1196.1551800966263,182
14,f102_nyg_middle_AMT_GOODS_PRICE_m_app_AMT_GOODS_PRICE_d_app_AMT_INCOME_TOTAL_max_div_min,33.478740215301514,4
14,f102_nyg_middle_AMT_GOODS_PRICE_m_app_AMT_GOODS_PRICE_d_app_AMT_INCOME_TOTAL_diff_min,385.12168860435486,58
14,f102_nyg_middle_AMT_GOODS_PRICE_s_app_AMT_ANNUITY_d_app_AMT_INCOME_TOTAL_diff_std_div_mean,11.450620174407959,2
14,f102_nyg_middle_AMT_GOODS_PRICE_m_app_AMT_GOODS_PRICE_d_app_AMT_INCOME_TOTAL_pctchange_std_div_mean,109.83581042289734,18
14,f102_nyg_middle_AMT_GOODS_PRICE_s_app_AMT_ANNUITY_d_app_AMT_INCOME_TOTAL_diff_std,33.78298997879028,6
14,f102_nyg_middle_AMT_GOODS_PRICE_s_app_AMT_ANNUITY_d_app_AMT_INCOME_TOTAL_diff_max_div_min,0.0,0
14,f102_nyg_middle_AMT_GOODS_PRICE_m_app_AMT_GOODS_PRICE_d_app_AMT_INCOME_TOTAL_std,22.404190063476562,4
14,f102_nyg_middle_AMT_GOODS_PRICE_min,1446.867641210556,207
14,f102_nyg_middle_AMT_GOODS_PRICE_s_app_AMT_ANNUITY_d_app_AMT_INCOME_TOTAL_pctchange_std,170.60324883460999,27
14,f102_nyg_middle_AMT_GOODS_PRICE_s_app_AMT_ANNUITY_d_app_AMT_INCOME_TOTAL_pctchange_std_div_mean,136.45673036575317,21
14,f102_nyg_middle_AMT_GOODS_PRICE_s_app_AMT_ANNUITY_d_app_AMT_INCOME_TOTAL_std,52.93019104003906,8
14,f102_nyg_middle_AMT_GOODS_PRICE_s_app_AMT_ANNUITY_d_app_AMT_INCOME_TOTAL_pctchange_max,704.3768872022629,112
14,f102_nyg_middle_AMT_GOODS_PRICE_s_app_AMT_ANNUITY_d_app_AMT_INCOME_TOTAL_max_div_min,116.29587912559509,17
14,f102_nyg_middle_AMT_GOODS_PRICE_s_app_AMT_ANNUITY_diff_max_div_min,0.0,0
14,f102_nyg_middle_AMT_GOODS_PRICE_s_app_AMT_ANNUITY_diff_std_div_mean,8.937000274658203,2
14,f102_nyg_middle_AMT_GOODS_PRICE_s_app_AMT_ANNUITY_d_app_AMT_INCOME_TOTAL_std_div_mean,191.1845097541809,27
14,f102_nyg_middle_AMT_GOODS_PRICE_s_app_AMT_ANNUITY_d_app_AMT_INCOME_TOTAL_diff_min,104.23486018180847,16
14,f102_nyg_middle_AMT_GOODS_PRICE_s_app_AMT_ANNUITY_d_app_AMT_INCOME_TOTAL_pctchange_mean,731.6224611997604,110
14,f102_nyg_middle_AMT_GOODS_PRICE_s_app_AMT_ANNUITY_d_app_AMT_INCOME_TOTAL_pctchange_min,1014.4276704192162,154
14,f102_nyg_middle_AMT_GOODS_PRICE_s_app_AMT_ANNUITY_d_app_AMT_INCOME_TOTAL_min,1652.9104923009872,244
14,f102_nyg_middle_AMT_GOODS_PRICE_s_app_AMT_CREDIT_d_app_AMT_INCOME_TOTAL_diff_std,59.40372085571289,9
14,f102_nyg_middle_AMT_GOODS_PRICE_s_app_AMT_ANNUITY_diff_std,189.65190958976746,29
14,f102_nyg_middle_AMT_GOODS_PRICE_s_app_AMT_ANNUITY_pctchange_max_div_min,93.7178406715393,15
14,f102_nyg_middle_AMT_GOODS_PRICE_s_app_AMT_ANNUITY_d_app_AMT_INCOME_TOTAL_pctchange_max_div_min,10.087830066680908,2
14,f102_nyg_middle_AMT_GOODS_PRICE_s_app_AMT_ANNUITY_pctchange_mean,176.23412990570068,25
14,f102_nyg_middle_AMT_GOODS_PRICE_s_app_AMT_ANNUITY_std_div_mean,21.325690269470215,4
14,f102_nyg_middle_AMT_GOODS_PRICE_s_app_AMT_ANNUITY_pctchange_std_div_mean,24.48420000076294,4
14,f102_nyg_middle_AMT_GOODS_PRICE_s_app_AMT_ANNUITY_pctchange_std,35.35487961769104,7
14,f102_nyg_middle_AMT_GOODS_PRICE_s_app_AMT_ANNUITY_max_div_min,65.65774941444397,10
14,f102_nyg_middle_AMT_GOODS_PRICE_s_app_AMT_ANNUITY_std,65.76721954345703,11
14,f102_nyg_middle_AMT_GOODS_PRICE_s_app_AMT_ANNUITY_pctchange_max,202.30458974838257,35
14,f102_nyg_middle_AMT_GOODS_PRICE_s_app_AMT_ANNUITY_diff_min,573.0896217823029,86
14,f102_nyg_middle_AMT_GOODS_PRICE_s_app_AMT_CREDIT_d_app_AMT_INCOME_TOTAL_diff_std_div_mean,3.6547000408172607,1
14,f102_nyg_middle_AMT_GOODS_PRICE_s_app_AMT_CREDIT_d_app_AMT_INCOME_TOTAL_diff_max_div_min,0.0,0
14,f102_nyg_middle_AMT_GOODS_PRICE_s_app_AMT_ANNUITY_pctchange_min,367.20740842819214,58
14,f102_nyg_middle_AMT_GOODS_PRICE_s_app_AMT_CREDIT_d_app_AMT_INCOME_TOTAL_diff_min,117.03955078125,22
14,f102_nyg_middle_AMT_GOODS_PRICE_s_app_AMT_ANNUITY_min,957.8206872940063,138
14,f102_nyg_middle_AMT_GOODS_PRICE_s_app_AMT_CREDIT_diff_std,22.08718967437744,3
14,f102_nyg_middle_AMT_GOODS_PRICE_s_app_AMT_CREDIT_d_app_AMT_INCOME_TOTAL_pctchange_max_div_min,63.088260769844055,9
14,f102_nyg_middle_AMT_GOODS_PRICE_s_app_AMT_CREDIT_d_app_AMT_INCOME_TOTAL_pctchange_std_div_mean,123.92473149299622,19
14,f102_nyg_middle_AMT_GOODS_PRICE_s_app_AMT_CREDIT_d_app_AMT_INCOME_TOTAL_max_div_min,83.09886026382446,13
14,f102_nyg_middle_AMT_GOODS_PRICE_s_app_AMT_CREDIT_d_app_AMT_INCOME_TOTAL_pctchange_max,1189.1068829894066,175
14,f102_nyg_middle_AMT_GOODS_PRICE_s_app_AMT_CREDIT_diff_max_div_min,0.0,0
14,f102_nyg_middle_AMT_GOODS_PRICE_s_app_AMT_CREDIT_diff_min,200.834228515625,34
14,f102_nyg_middle_AMT_GOODS_PRICE_s_app_AMT_CREDIT_pctchange_std_div_mean,39.30022096633911,5
14,f102_nyg_middle_AMT_GOODS_PRICE_s_app_AMT_CREDIT_d_app_AMT_INCOME_TOTAL_std_div_mean,147.32033967971802,22
14,f102_nyg_middle_AMT_GOODS_PRICE_s_app_AMT_CREDIT_diff_std_div_mean,0.0,0
14,f102_nyg_middle_AMT_GOODS_PRICE_s_app_AMT_CREDIT_d_app_AMT_INCOME_TOTAL_std,0.0,0
14,f102_nyg_middle_AMT_GOODS_PRICE_s_app_AMT_CREDIT_d_app_AMT_INCOME_TOTAL_min,1755.3602502346039,246
14,f102_nyg_middle_AMT_GOODS_PRICE_s_app_AMT_CREDIT_std,51.8111093044281,9
14,f102_nyg_middle_AMT_GOODS_PRICE_s_app_AMT_CREDIT_max_div_min,27.430270195007324,3
15,f102_nyg_middle_AMT_GOODS_PRICE_s_app_AMT_GOODS_PRICE_std,680.1142394542694,90
15,f102_nyg_middle_AMT_GOODS_PRICE_s_app_AMT_GOODS_PRICE_max_div_min,864.3949394226074,120
15,f102_nyg_middle_AMT_GOODS_PRICE_s_app_AMT_GOODS_PRICE_std_div_mean,895.51003241539,129
15,f102_nyg_middle_AMT_GOODS_PRICE_s_app_AMT_GOODS_PRICE_pctchange_std_div_mean,587.6214690208435,83
15,f102_nyg_middle_AMT_GOODS_PRICE_s_app_AMT_GOODS_PRICE_diff_std,689.3253481388092,99
15,f102_nyg_middle_AMT_GOODS_PRICE_s_app_AMT_GOODS_PRICE_pctchange_max,4122.216516137123,592
15,f102_nyg_middle_AMT_GOODS_PRICE_s_app_AMT_CREDIT_pctchange_max_div_min,289.48897075653076,44
15,f102_nyg_middle_AMT_GOODS_PRICE_s_app_AMT_GOODS_PRICE_diff_std_div_mean,408.68279790878296,54
15,f102_nyg_middle_AMT_GOODS_PRICE_s_app_AMT_GOODS_PRICE_diff_min,3802.461077749729,541
15,f102_nyg_middle_AMT_GOODS_PRICE_s_app_AMT_GOODS_PRICE_diff_max_div_min,296.0840594768524,47
15,f102_nyg_middle_AMT_GOODS_PRICE_s_app_AMT_CREDIT_std_div_mean,1118.2644867897034,164
15,f102_nyg_middle_AMT_GOODS_PRICE_s_app_AMT_CREDIT_pctchange_max,4139.245028495789,600
15,f102_nyg_middle_AMT_GOODS_PRICE_s_app_AMT_INCOME_TOTAL_diff_std,330.1447672843933,49
15,f102_nyg_middle_AMT_GOODS_PRICE_s_app_AMT_GOODS_PRICE_pctchange_max_div_min,329.1752116680145,49
15,f102_nyg_middle_AMT_GOODS_PRICE_s_app_AMT_INCOME_TOTAL_diff_std_div_mean,201.80472922325134,33
15,f102_nyg_middle_AMT_GOODS_PRICE_s_app_AMT_INCOME_TOTAL_pctchange_std,713.4588124752045,111
15,f102_nyg_middle_AMT_GOODS_PRICE_s_app_AMT_INCOME_TOTAL_std_div_mean,1071.027694940567,151
15,f102_nyg_middle_AMT_GOODS_PRICE_std,283.2084872722626,41
15,f102_nyg_middle_AMT_GOODS_PRICE_s_app_AMT_INCOME_TOTAL_diff_min,1812.269059062004,251
15,f102_nyg_middle_AMT_GOODS_PRICE_s_app_AMT_INCOME_TOTAL_diff_max_div_min,87.73698019981384,13
15,f102_nyg_middle_AMT_GOODS_PRICE_s_app_AMT_INCOME_TOTAL_pctchange_max,3652.231237947941,533
15,f102_nyg_middle_AMT_GOODS_PRICE_s_app_AMT_INCOME_TOTAL_max_div_min,830.889262676239,122
15,f102_nyg_middle_AMT_GOODS_PRICE_s_app_AMT_INCOME_TOTAL_pctchange_max_div_min,491.4941772222519,72
15,f102_nyg_middle_AMT_GOODS_PRICE_s_app_AMT_INCOME_TOTAL_max,3979.3625596761703,554
15,f102_nyg_middle_AMT_GOODS_PRICE_std_div_mean,747.1406400203705,107
15,f102_nyg_middle_AMT_GOODS_PRICE_s_app_AMT_INCOME_TOTAL_min,5243.297261595726,741
15,f102_nyg_middle_AMT_GOODS_PRICE_s_app_AMT_INCOME_TOTAL_mean,4111.8094817996025,578
15,f102_nyg_middle_AMT_GOODS_PRICE_s_app_AMT_INCOME_TOTAL_std,116.94290065765381,16
15,f102_nyg_middle_CHANNEL_TYPE_Regional___Local_mean,289.84781885147095,37
15,f102_nyg_middle_CHANNEL_TYPE_Contact_center_mean,247.359361410141,34
15,f102_nyg_middle_CHANNEL_TYPE_Channel_of_corporate_sales_mean,0.0,0
15,f102_nyg_middle_AMT_GOODS_PRICE_s_app_AMT_INCOME_TOTAL_pctchange_min,3403.291080981493,502
15,f102_nyg_middle_AMT_GOODS_PRICE_s_app_AMT_INCOME_TOTAL_pctchange_mean,3574.5339381694794,531
15,f102_nyg_middle_CHANNEL_TYPE_Contact_center_sum,41.24771070480347,5
15,f102_nyg_middle_CHANNEL_TYPE_Country_wide_mean,516.3227616548538,78
15,f102_nyg_middle_CHANNEL_TYPE_Channel_of_corporate_sales_sum,0.0,0
15,f102_nyg_middle_CHANNEL_TYPE_Country_wide_sum,194.2533106803894,27
15,f102_nyg_middle_CNT_PAYMENT_std_div_mean,802.170750617981,110
15,f102_nyg_middle_CHANNEL_TYPE_Stone_sum,143.1926896572113,20
15,f102_nyg_middle_CHANNEL_TYPE_Regional___Local_sum,71.23893022537231,11
15,f102_nyg_middle_CODE_REJECT_REASON_VERIF_sum,0.0,0
15,f102_nyg_middle_CODE_REJECT_REASON_CLIENT_sum,0.0,0
15,f102_nyg_middle_CODE_REJECT_REASON_CLIENT_mean,0.0,0
15,f102_nyg_middle_DAYS_DECISION_d_app_DAYS_BIRTH_max_div_min,173.180499792099,24
15,f102_nyg_middle_CODE_REJECT_REASON_XNA_sum,0.0,0
15,f102_nyg_middle_CODE_REJECT_REASON_XNA_mean,0.0,0
15,f102_nyg_middle_DAYS_DECISION_d_app_DAYS_BIRTH_std_div_mean,307.11717987060547,43
15,f102_nyg_middle_DAYS_DECISION_d_app_DAYS_EMPLOYED_max_div_min,365.38310050964355,42
15,f102_nyg_middle_DAYS_DECISION_d_app_DAYS_EMPLOYED_std_div_mean,411.68782234191895,44
15,f102_nyg_middle_CODE_REJECT_REASON_VERIF_mean,0.0,0
15,f102_nyg_middle_DAYS_DECISION_d_app_DAYS_ID_PUBLISH_max,4722.48447394371,556
15,f102_nyg_middle_DAYS_DECISION_d_app_DAYS_LAST_PHONE_CHANGE_std,586.1589894294739,87
15,f102_nyg_middle_DAYS_DECISION_d_app_DAYS_ID_PUBLISH_std,620.6850719451904,83
15,f102_nyg_middle_DAYS_DECISION_d_app_DAYS_ID_PUBLISH_std_div_mean,99.7543396949768,15
15,f102_nyg_middle_DAYS_DECISION_d_app_DAYS_LAST_PHONE_CHANGE_max_div_min,735.9672999382019,98
15,f102_nyg_middle_DAYS_DECISION_d_app_DAYS_ID_PUBLISH_max_div_min,56.1421799659729,8
15,f102_nyg_middle_DAYS_DECISION_d_app_DAYS_LAST_PHONE_CHANGE_std_div_mean,438.469358086586,67
15,f102_nyg_middle_DAYS_DECISION_d_app_DAYS_LAST_PHONE_CHANGE_min,4753.11723279953,598
15,f102_nyg_middle_DAYS_DECISION_d_app_DAYS_LAST_PHONE_CHANGE_mean,4016.4778542518616,519
15,f102_nyg_middle_DAYS_DECISION_d_app_DAYS_LAST_PHONE_CHANGE_max,5147.548945307732,614
15,f102_nyg_middle_DAYS_DECISION_d_app_DAYS_ID_PUBLISH_mean,3206.1454844474792,420
15,f102_nyg_middle_DAYS_DECISION_d_app_DAYS_REGISTRATION_std_div_mean,10.828740119934082,2
15,f102_nyg_middle_DAYS_DECISION_d_app_DAYS_REGISTRATION_max_div_min,12.062100410461426,1
15,f102_nyg_middle_DAYS_DECISION_d_app_DAYS_ID_PUBLISH_min,3491.471548050642,476
15,f102_nyg_middle_DAYS_DECISION_s_app_DAYS_BIRTH_std,522.5892305374146,71
15,f102_nyg_middle_DAYS_DECISION_d_app_DAYS_REGISTRATION_std,579.4789214134216,77
15,f102_nyg_middle_DAYS_DECISION_s_app_DAYS_EMPLOYED_std,193.86407899856567,28
15,f102_nyg_middle_DAYS_DECISION_d_app_DAYS_REGISTRATION_max,3879.0084931850433,536
15,f102_nyg_middle_DAYS_DECISION_d_app_DAYS_REGISTRATION_mean,3032.4796503782272,430
15,f102_nyg_middle_DAYS_DECISION_s_app_DAYS_ID_PUBLISH_std,49.45200967788696,6
15,f102_nyg_middle_DAYS_DECISION_s_app_DAYS_LAST_PHONE_CHANGE_std,18.249279975891113,2
15,f102_nyg_middle_DAYS_DECISION_d_app_DAYS_REGISTRATION_min,3161.2569959163666,463
15,f102_nyg_middle_DAYS_DECISION_s_app_DAYS_ID_PUBLISH_max_div_min,613.222168803215,78
15,f102_nyg_middle_DAYS_DECISION_s_app_DAYS_REGISTRATION_max_div_min,377.8692820072174,55
15,f102_nyg_middle_DAYS_DECISION_s_app_DAYS_REGISTRATION_std,0.0,0
15,f102_nyg_middle_DAYS_DECISION_s_app_DAYS_EMPLOYED_std_div_mean,1032.5695192813873,115
15,f102_nyg_middle_DAYS_DECISION_s_app_DAYS_LAST_PHONE_CHANGE_max_div_min,1125.6237478852272,166
15,f102_nyg_middle_DAYS_DECISION_s_app_DAYS_EMPLOYED_max_div_min,1030.8521211147308,111
15,f102_nyg_middle_DAYS_FIRST_DUE_d_app_DAYS_EMPLOYED_std_div_mean,78.97459006309509,14
15,f102_nyg_middle_DAYS_FIRST_DUE_d_app_DAYS_EMPLOYED_std,95.31595993041992,16
15,f102_nyg_middle_DAYS_FIRST_DUE_d_app_DAYS_BIRTH_std_div_mean,86.98830008506775,14
15,f102_nyg_middle_DAYS_FIRST_DUE_d_app_DAYS_ID_PUBLISH_std,160.24642038345337,26
15,f102_nyg_middle_DAYS_FIRST_DUE_d_app_DAYS_BIRTH_max_div_min,17.454570531845093,3
15,f102_nyg_middle_DAYS_FIRST_DUE_d_app_DAYS_ID_PUBLISH_max_div_min,0.0,0
15,f102_nyg_middle_DAYS_FIRST_DUE_d_app_DAYS_EMPLOYED_max_div_min,82.49874019622803,8
15,f102_nyg_middle_DAYS_FIRST_DUE_d_app_DAYS_LAST_PHONE_CHANGE_std_div_mean,124.74962019920349,21
15,f102_nyg_middle_DAYS_FIRST_DUE_d_app_DAYS_LAST_PHONE_CHANGE_max_div_min,131.47778034210205,20
15,f102_nyg_middle_DAYS_FIRST_DUE_d_app_DAYS_ID_PUBLISH_max,2516.2610211372375,361
15,f102_nyg_middle_DAYS_FIRST_DUE_d_app_DAYS_REGISTRATION_max,3111.517014205456,447
15,f102_nyg_middle_DAYS_FIRST_DUE_d_app_DAYS_LAST_PHONE_CHANGE_max,3239.1180817484856,381
15,f102_nyg_middle_DAYS_FIRST_DUE_d_app_DAYS_ID_PUBLISH_std_div_mean,42.53158903121948,6
15,f102_nyg_middle_DAYS_FIRST_DUE_d_app_DAYS_ID_PUBLISH_mean,2701.449867248535,348
15,f102_nyg_middle_DAYS_FIRST_DUE_d_app_DAYS_ID_PUBLISH_min,3178.9797508716583,419
15,f102_nyg_middle_DAYS_FIRST_DUE_d_app_DAYS_REGISTRATION_max_div_min,13.50517988204956,2
15,f102_nyg_middle_DAYS_FIRST_DUE_d_app_DAYS_REGISTRATION_mean,2566.2675013542175,345
15,f102_nyg_middle_DAYS_FIRST_DUE_d_app_DAYS_REGISTRATION_std,140.2647202014923,19
15,f102_nyg_middle_DAYS_FIRST_DUE_s_app_DAYS_BIRTH_std,245.67981147766113,36
15,f102_nyg_middle_DAYS_FIRST_DUE_d_app_DAYS_REGISTRATION_std_div_mean,14.54345989227295,2
15,f102_nyg_middle_DAYS_FIRST_DUE_s_DAYS_DECISIONS_min,873.2726054191589,128
15,f102_nyg_middle_DAYS_FIRST_DUE_d_app_DAYS_LAST_PHONE_CHANGE_min,3280.976474881172,441
15,f102_nyg_middle_DAYS_FIRST_DUE_d_app_DAYS_LAST_PHONE_CHANGE_mean,3315.7141513824463,365
15,f102_nyg_middle_DAYS_FIRST_DUE_s_DAYS_DECISIONS_max,1266.5486423969269,182
15,f102_nyg_middle_DAYS_FIRST_DUE_s_app_DAYS_EMPLOYED_std_div_mean,146.9863405227661,20
15,f102_nyg_middle_DAYS_FIRST_DUE_s_DAYS_DECISIONS_max_div_min,136.8747410774231,19
15,f102_nyg_middle_DAYS_FIRST_DUE_s_DAYS_DECISIONS_mean,961.9415987730026,133
15,f102_nyg_middle_DAYS_FIRST_DUE_d_app_DAYS_REGISTRATION_min,2587.1458008289337,353
15,f102_nyg_middle_DAYS_FIRST_DUE_s_app_DAYS_EMPLOYED_std,75.62435960769653,13
15,f102_nyg_middle_DAYS_FIRST_DUE_s_app_DAYS_LAST_PHONE_CHANGE_max_div_min,106.05946946144104,14
15,f102_nyg_middle_DAYS_FIRST_DUE_s_app_DAYS_ID_PUBLISH_std_div_mean,188.39039015769958,29
15,f102_nyg_middle_DAYS_FIRST_DUE_s_app_DAYS_EMPLOYED_max_div_min,205.6961407661438,21
15,f102_nyg_middle_DAYS_LAST_DUE_1ST_VERSION_d_app_DAYS_BIRTH_max_div_min,65.07845973968506,10
15,f102_nyg_middle_DAYS_FIRST_DUE_s_app_DAYS_REGISTRATION_std,11.341020107269287,2
15,f102_nyg_middle_DAYS_LAST_DUE_1ST_VERSION_d_app_DAYS_ID_PUBLISH_max_div_min,19.701200485229492,3
15,f102_nyg_middle_DAYS_FIRST_DUE_s_app_DAYS_REGISTRATION_max_div_min,71.98584985733032,11
15,f102_nyg_middle_DAYS_FIRST_DUE_s_app_DAYS_ID_PUBLISH_std,16.092990398406982,2
15,f102_nyg_middle_DAYS_LAST_DUE_1ST_VERSION_d_app_DAYS_BIRTH_std_div_mean,72.76981925964355,12
15,f102_nyg_middle_DAYS_LAST_DUE_1ST_VERSION_d_app_DAYS_EMPLOYED_std,195.97936964035034,23
15,f102_nyg_middle_DAYS_FIRST_DUE_s_app_DAYS_LAST_PHONE_CHANGE_std_div_mean,116.087770819664,18
15,f102_nyg_middle_DAYS_FIRST_DUE_s_app_DAYS_LAST_PHONE_CHANGE_std,0.0,0
15,f102_nyg_middle_DAYS_LAST_DUE_1ST_VERSION_d_app_DAYS_EMPLOYED_std_div_mean,151.66531038284302,24
15,f102_nyg_middle_DAYS_FIRST_DUE_s_app_DAYS_REGISTRATION_std_div_mean,154.75288915634155,24
15,f102_nyg_middle_DAYS_LAST_DUE_1ST_VERSION_d_app_DAYS_EMPLOYED_max_div_min,126.28812003135681,20
15,f102_nyg_middle_DAYS_LAST_DUE_1ST_VERSION_d_app_DAYS_ID_PUBLISH_std_div_mean,78.62472009658813,11
15,f102_nyg_middle_DAYS_LAST_DUE_1ST_VERSION_d_app_DAYS_ID_PUBLISH_max,3833.499659061432,495
15,f102_nyg_middle_DAYS_LAST_DUE_1ST_VERSION_d_app_DAYS_ID_PUBLISH_mean,4059.431962132454,454
15,f102_nyg_middle_DAYS_LAST_DUE_1ST_VERSION_d_app_DAYS_REGISTRATION_max,3693.476559281349,470
15,f102_nyg_middle_DAYS_LAST_DUE_1ST_VERSION_d_app_DAYS_LAST_PHONE_CHANGE_max_div_min,171.13755989074707,21
15,f102_nyg_middle_DAYS_LAST_DUE_1ST_VERSION_d_app_DAYS_ID_PUBLISH_min,4697.6750284433365,502
15,f102_nyg_middle_DAYS_LAST_DUE_1ST_VERSION_d_app_DAYS_LAST_PHONE_CHANGE_std_div_mean,115.90233945846558,19
15,f102_nyg_middle_DAYS_LAST_DUE_1ST_VERSION_d_app_DAYS_REGISTRATION_std,339.9542727470398,42
15,f102_nyg_middle_DAYS_LAST_DUE_1ST_VERSION_d_app_DAYS_REGISTRATION_std_div_mean,13.050230026245117,2
15,f102_nyg_middle_DAYS_LAST_DUE_1ST_VERSION_d_app_DAYS_REGISTRATION_max_div_min,22.872889518737793,3
15,f102_nyg_middle_DAYS_LAST_DUE_1ST_VERSION_d_app_DAYS_REGISTRATION_min,3807.112728834152,472
15,f102_nyg_middle_DAYS_LAST_DUE_1ST_VERSION_d_app_DAYS_REGISTRATION_mean,3158.245586037636,393
15,f102_nyg_middle_DAYS_LAST_DUE_1ST_VERSION_s_DAYS_DECISIONS_max_div_min,93.19468021392822,14
15,f102_nyg_middle_DAYS_LAST_DUE_1ST_VERSION_s_DAYS_FIRST_DUE_max_div_min,93.76540946960449,13
15,f102_nyg_middle_DAYS_LAST_DUE_1ST_VERSION_s_app_DAYS_EMPLOYED_std_div_mean,350.1623203754425,44
15,f102_nyg_middle_DAYS_LAST_DUE_1ST_VERSION_s_app_DAYS_ID_PUBLISH_max_div_min,70.91871976852417,12
15,f102_nyg_middle_DAYS_LAST_DUE_1ST_VERSION_s_app_DAYS_EMPLOYED_max_div_min,52.02596455812454,10
15,f102_nyg_middle_DAYS_LAST_DUE_1ST_VERSION_s_app_DAYS_LAST_PHONE_CHANGE_max_div_min,172.3463900089264,19
15,f102_nyg_middle_DAYS_LAST_DUE_1ST_VERSION_s_app_DAYS_ID_PUBLISH_std_div_mean,145.09317922592163,21
15,f102_nyg_middle_DAYS_LAST_DUE_1ST_VERSION_s_app_DAYS_LAST_PHONE_CHANGE_std_div_mean,400.96465253829956,50
15,f102_nyg_middle_DAYS_LAST_DUE_d_app_DAYS_ID_PUBLISH_std,0.0,0
15,f102_nyg_middle_DAYS_LAST_DUE_d_app_DAYS_ID_PUBLISH_mean,913.0467637777328,132
15,f102_nyg_middle_DAYS_LAST_DUE_1ST_VERSION_s_app_DAYS_REGISTRATION_max_div_min,166.4974102973938,23
15,f102_nyg_middle_DAYS_LAST_DUE_1ST_VERSION_s_app_DAYS_REGISTRATION_std_div_mean,325.0986318588257,42
15,f102_nyg_middle_DAYS_LAST_DUE_d_app_DAYS_ID_PUBLISH_max_div_min,12.304400444030762,1
15,f102_nyg_middle_DAYS_LAST_DUE_d_app_DAYS_BIRTH_max_div_min,0.0,0
15,f102_nyg_middle_DAYS_LAST_DUE_d_app_DAYS_REGISTRATION_mean,879.2273690700531,121
15,f102_nyg_middle_DAYS_LAST_DUE_d_app_DAYS_ID_PUBLISH_max,994.1081297397614,131
15,f102_nyg_middle_DAYS_LAST_DUE_d_app_DAYS_ID_PUBLISH_min,1477.1635909080505,183
15,f102_nyg_middle_DAYS_LAST_DUE_d_app_DAYS_EMPLOYED_max_div_min,0.0,0
15,f102_nyg_middle_DAYS_LAST_DUE_d_app_DAYS_REGISTRATION_std,0.0,0
15,f102_nyg_middle_DAYS_LAST_DUE_d_app_DAYS_REGISTRATION_max_div_min,0.0,0
15,f102_nyg_middle_DAYS_LAST_DUE_d_app_DAYS_LAST_PHONE_CHANGE_min,1318.4511301517487,175
15,f102_nyg_middle_DAYS_LAST_DUE_d_app_DAYS_LAST_PHONE_CHANGE_max_div_min,50.97805976867676,5
15,f102_nyg_middle_DAYS_LAST_DUE_d_app_DAYS_LAST_PHONE_CHANGE_mean,899.3616638183594,119
15,f102_nyg_middle_DAYS_LAST_DUE_d_app_DAYS_LAST_PHONE_CHANGE_max,1123.9979152679443,145
15,f102_nyg_middle_DAYS_LAST_DUE_s_DAYS_DECISIONS_max,721.5543177723885,100
15,f102_nyg_middle_DAYS_LAST_DUE_d_app_DAYS_REGISTRATION_max,855.4315207004547,125
15,f102_nyg_middle_DAYS_LAST_DUE_d_app_DAYS_REGISTRATION_min,1126.5325894355774,151
15,f102_nyg_middle_DAYS_LAST_DUE_s_DAYS_DECISIONS_min,608.425897359848,82
15,f102_nyg_middle_DAYS_LAST_DUE_s_DAYS_FIRST_DUE_max_div_min,16.32351040840149,2
15,f102_nyg_middle_DAYS_LAST_DUE_s_DAYS_DECISIONS_max_div_min,0.0,0
15,f102_nyg_middle_DAYS_LAST_DUE_s_DAYS_DECISIONS_mean,444.7668192386627,59
15,f102_nyg_middle_DAYS_LAST_DUE_s_DAYS_LAST_DUE_1ST_VERSION_max_div_min,143.51952028274536,17
15,f102_nyg_middle_DAYS_LAST_DUE_s_DAYS_FIRST_DUE_max,5.745560169219971,1
15,f102_nyg_middle_DAYS_LAST_DUE_s_DAYS_FIRST_DUE_min,45.64564037322998,6
15,f102_nyg_middle_DAYS_LAST_DUE_s_app_DAYS_EMPLOYED_std_div_mean,0.0,0
15,f102_nyg_middle_DAYS_LAST_DUE_s_app_DAYS_REGISTRATION_max_div_min,4.794250011444092,1
15,f102_nyg_middle_DAYS_TERMINATION_d_app_DAYS_BIRTH_max_div_min,8.351750135421753,2
15,f102_nyg_middle_DAYS_LAST_DUE_s_DAYS_FIRST_DUE_mean,0.0,0
15,f102_nyg_middle_DAYS_LAST_DUE_s_app_DAYS_LAST_PHONE_CHANGE_max_div_min,31.026090145111084,4
15,f102_nyg_middle_DAYS_LAST_DUE_s_app_DAYS_ID_PUBLISH_max_div_min,10.526200294494629,1
15,f102_nyg_middle_DAYS_LAST_DUE_s_app_DAYS_EMPLOYED_max_div_min,17.478359699249268,3
15,f102_nyg_middle_DAYS_TERMINATION_d_app_DAYS_EMPLOYED_max_div_min,6.320069789886475,1
15,f102_nyg_middle_DAYS_TERMINATION_d_app_DAYS_ID_PUBLISH_std,0.0,0
15,f102_nyg_middle_DAYS_TERMINATION_d_app_DAYS_ID_PUBLISH_max,990.4492378234863,136
15,f102_nyg_middle_DAYS_TERMINATION_d_app_DAYS_ID_PUBLISH_mean,893.2816681861877,136
15,f102_nyg_middle_DAYS_TERMINATION_s_DAYS_DECISIONS_max_div_min,0.0,0
15,f102_nyg_middle_DAYS_TERMINATION_d_app_DAYS_LAST_PHONE_CHANGE_max,791.3587503433228,109
15,f102_nyg_middle_DAYS_TERMINATION_d_app_DAYS_ID_PUBLISH_min,962.9978201389313,152
15,f102_nyg_middle_DAYS_TERMINATION_d_app_DAYS_LAST_PHONE_CHANGE_max_div_min,36.369868755340576,3
15,f102_nyg_middle_DAYS_TERMINATION_d_app_DAYS_LAST_PHONE_CHANGE_min,873.1975479125977,125
15,f102_nyg_middle_DAYS_TERMINATION_d_app_DAYS_LAST_PHONE_CHANGE_mean,807.1417987346649,110
15,f102_nyg_middle_DAYS_TERMINATION_d_app_DAYS_ID_PUBLISH_max_div_min,0.0,0
15,f102_nyg_middle_DAYS_TERMINATION_s_DAYS_DECISIONS_max,819.217459321022,115
15,f102_nyg_middle_DAYS_TERMINATION_d_app_DAYS_REGISTRATION_std,6.291840076446533,1
15,f102_nyg_middle_DAYS_TERMINATION_d_app_DAYS_REGISTRATION_max_div_min,0.0,0
15,f102_nyg_middle_DAYS_TERMINATION_d_app_DAYS_REGISTRATION_min,1148.6793339252472,165
15,f102_nyg_middle_DAYS_TERMINATION_d_app_DAYS_REGISTRATION_mean,789.2336703538895,120
15,f102_nyg_middle_DAYS_TERMINATION_d_app_DAYS_REGISTRATION_max,821.0679652094841,123
15,f102_nyg_middle_DAYS_TERMINATION_s_DAYS_DECISIONS_mean,585.8305599689484,88
15,f102_nyg_middle_DAYS_TERMINATION_s_DAYS_FIRST_DUE_max,859.7460012435913,116
15,f102_nyg_middle_DAYS_TERMINATION_s_DAYS_FIRST_DUE_mean,770.7077925205231,112
15,f102_nyg_middle_DAYS_TERMINATION_s_DAYS_DECISIONS_min,691.9089712500572,100
15,f102_nyg_middle_DAYS_TERMINATION_s_DAYS_FIRST_DUE_max_div_min,0.0,0
15,f102_nyg_middle_DAYS_TERMINATION_s_DAYS_LAST_DUE_std_div_mean,8.193599700927734,1
15,f102_nyg_middle_DAYS_TERMINATION_s_DAYS_LAST_DUE_1ST_VERSION_max_div_min,0.0,0
15,f102_nyg_middle_DAYS_TERMINATION_s_DAYS_LAST_DUE_min,376.1062390804291,59
15,f102_nyg_middle_DAYS_TERMINATION_s_DAYS_FIRST_DUE_min,882.3409430980682,125
15,f102_nyg_middle_DAYS_TERMINATION_s_DAYS_LAST_DUE_max,502.6541621685028,75
15,f102_nyg_middle_DAYS_TERMINATION_s_DAYS_LAST_DUE_mean,388.7828596830368,59
15,f102_nyg_middle_DAYS_TERMINATION_s_app_DAYS_EMPLOYED_max_div_min,0.0,0
15,f102_nyg_middle_DAYS_TERMINATION_s_DAYS_LAST_DUE_max_div_min,0.0,0
15,f102_nyg_middle_DAYS_TERMINATION_s_app_DAYS_EMPLOYED_std_div_mean,8.122960090637207,1
15,f102_nyg_middle_DAYS_TERMINATION_s_app_DAYS_REGISTRATION_max_div_min,0.0,0
15,f102_nyg_middle_DAYS_TERMINATION_s_app_DAYS_ID_PUBLISH_max_div_min,0.0,0
15,f102_nyg_middle_NAME_CASH_LOAN_PURPOSE_Buying_a_holiday_home___land_sum,0.0,0
15,f102_nyg_middle_DAYS_TERMINATION_s_app_DAYS_LAST_PHONE_CHANGE_max_div_min,0.0,0
15,f102_nyg_middle_NAME_CASH_LOAN_PURPOSE_Business_development_mean,0.0,0
15,f102_nyg_middle_HOUR_APPR_PROCESS_START_max,3839.692817389965,542
15,f102_nyg_middle_NAME_CASH_LOAN_PURPOSE_Buying_a_new_car_mean,0.0,0
15,f102_nyg_middle_NAME_CASH_LOAN_PURPOSE_Buying_a_home_mean,0.0,0
15,f102_nyg_middle_NAME_CASH_LOAN_PURPOSE_Buying_a_garage_mean,0.0,0
15,f102_nyg_middle_NAME_CASH_LOAN_PURPOSE_Business_development_sum,0.0,0
15,f102_nyg_middle_NAME_CASH_LOAN_PURPOSE_Buying_a_holiday_home___land_mean,0.0,0
15,f102_nyg_middle_NAME_CASH_LOAN_PURPOSE_Buying_a_home_sum,0.0,0
15,f102_nyg_middle_NAME_CASH_LOAN_PURPOSE_Everyday_expenses_mean,7.971489906311035,1
15,f102_nyg_middle_NAME_CASH_LOAN_PURPOSE_Education_sum,0.0,0
15,f102_nyg_middle_NAME_CASH_LOAN_PURPOSE_Buying_a_new_car_sum,0.0,0
15,f102_nyg_middle_NAME_CASH_LOAN_PURPOSE_Hobby_sum,0.0,0
15,f102_nyg_middle_NAME_CASH_LOAN_PURPOSE_Buying_a_used_car_sum,4.7495598793029785,1
15,f102_nyg_middle_NAME_CASH_LOAN_PURPOSE_Gasification___water_supply_sum,0.0,0
15,f102_nyg_middle_NAME_CASH_LOAN_PURPOSE_Journey_mean,0.0,0
15,f102_nyg_middle_NAME_CASH_LOAN_PURPOSE_Journey_sum,0.0,0
15,f102_nyg_middle_NAME_CASH_LOAN_PURPOSE_Hobby_mean,0.0,0
15,f102_nyg_middle_NAME_CASH_LOAN_PURPOSE_Furniture_sum,0.0,0
15,f102_nyg_middle_NAME_CASH_LOAN_PURPOSE_Car_repairs_sum,0.0,0
15,f102_nyg_middle_NAME_CLIENT_TYPE_XNA_sum,0.0,0
15,f102_nyg_middle_NAME_CASH_LOAN_PURPOSE_Buying_a_garage_sum,0.0,0
15,f102_nyg_middle_NAME_CLIENT_TYPE_Refreshed_sum,171.8905909061432,25
15,f102_nyg_middle_NAME_CLIENT_TYPE_XNA_mean,0.0,0
15,f102_nyg_middle_NAME_CONTRACT_STATUS_Canceled_sum,56.80289030075073,10
15,f102_nyg_middle_NAME_CASH_LOAN_PURPOSE_XNA_mean,675.5982401371002,82
15,f102_nyg_middle_NAME_CASH_LOAN_PURPOSE_Wedding___gift___holiday_mean,0.0,0
15,f102_nyg_middle_NAME_CASH_LOAN_PURPOSE_Wedding___gift___holiday_sum,0.0,0
15,f102_nyg_middle_NAME_CLIENT_TYPE_Repeater_mean,900.6090198159218,116
15,f102_nyg_middle_NAME_CASH_LOAN_PURPOSE_Education_mean,0.0,0
15,f102_nyg_middle_NAME_GOODS_CATEGORY_Audio_Video_mean,203.8229694366455,27
15,f102_nyg_middle_NAME_GOODS_CATEGORY_Clothing_and_Accessories_sum,67.4915599822998,11
15,f102_nyg_middle_NAME_CONTRACT_STATUS_Unused_offer_sum,0.0,0
15,f102_nyg_middle_NAME_GOODS_CATEGORY_Auto_Accessories_mean,58.40398979187012,10
15,f102_nyg_middle_NAME_CONTRACT_STATUS_Canceled_mean,96.95015931129456,18
15,f102_nyg_middle_NAME_GOODS_CATEGORY_Auto_Accessories_sum,10.066389560699463,2
15,f102_nyg_middle_NAME_GOODS_CATEGORY_Direct_Sales_mean,0.0,0
15,f102_nyg_middle_NAME_GOODS_CATEGORY_Computers_mean,433.0450325012207,58
15,f102_nyg_middle_NAME_GOODS_CATEGORY_Computers_sum,78.54456901550293,12
15,f102_nyg_middle_NAME_CONTRACT_STATUS_Unused_offer_mean,0.0,0
15,f102_nyg_middle_NAME_GOODS_CATEGORY_Construction_Materials_sum,16.487679958343506,3
15,f102_nyg_middle_NAME_GOODS_CATEGORY_Fitness_mean,0.0,0
15,f102_nyg_middle_NAME_GOODS_CATEGORY_Direct_Sales_sum,0.0,0
15,f102_nyg_middle_NAME_GOODS_CATEGORY_Fitness_sum,0.0,0
15,f102_nyg_middle_NAME_CASH_LOAN_PURPOSE_Buying_a_used_car_mean,0.0,0
15,f102_nyg_middle_NAME_GOODS_CATEGORY_Consumer_Electronics_sum,121.72841906547546,19
15,f102_nyg_middle_NAME_CASH_LOAN_PURPOSE_Car_repairs_mean,0.0,0
15,f102_nyg_middle_NAME_GOODS_CATEGORY_Jewelry_sum,65.1242003440857,9
15,f102_nyg_middle_NAME_GOODS_CATEGORY_Gardening_sum,0.0,0
15,f102_nyg_middle_NAME_GOODS_CATEGORY_Gardening_mean,0.0,0
15,f102_nyg_middle_NAME_GOODS_CATEGORY_Medicine_sum,0.0,0
15,f102_nyg_middle_NAME_GOODS_CATEGORY_Homewares_mean,0.0,0
15,f102_nyg_middle_NAME_GOODS_CATEGORY_Mobile_mean,140.06237816810608,22
15,f102_nyg_middle_NAME_GOODS_CATEGORY_Audio_Video_sum,18.883150100708008,3
15,f102_nyg_middle_NAME_GOODS_CATEGORY_Construction_Materials_mean,35.29155969619751,6
15,f102_nyg_middle_NAME_GOODS_CATEGORY_Medicine_mean,0.0,0
15,f102_nyg_middle_NAME_GOODS_CATEGORY_Jewelry_mean,350.65488052368164,43
15,f102_nyg_middle_NAME_GOODS_CATEGORY_Office_Appliances_mean,0.0,0
15,f102_nyg_middle_NAME_GOODS_CATEGORY_Homewares_sum,0.0,0
15,f102_nyg_middle_NAME_GOODS_CATEGORY_Medical_Supplies_sum,0.0,0
15,f102_nyg_middle_NAME_GOODS_CATEGORY_Photo___Cinema_Equipment_sum,0.0,0
15,f102_nyg_middle_NAME_GOODS_CATEGORY_Medical_Supplies_mean,0.0,0
15,f102_nyg_middle_NAME_GOODS_CATEGORY_Office_Appliances_sum,0.0,0
15,f102_nyg_middle_NAME_GOODS_CATEGORY_Sport_and_Leisure_sum,0.0,0
15,f102_nyg_middle_NAME_GOODS_CATEGORY_Weapon_sum,0.0,0
15,f102_nyg_middle_NAME_GOODS_CATEGORY_Tourism_mean,0.0,0
15,f102_nyg_middle_NAME_GOODS_CATEGORY_Photo___Cinema_Equipment_mean,0.0,0
15,f102_nyg_middle_NAME_GOODS_CATEGORY_Mobile_sum,11.937439918518066,2
15,f102_nyg_middle_NAME_PAYMENT_TYPE_Cash_through_the_bank_mean,581.8318026065826,82
15,f102_nyg_middle_NAME_GOODS_CATEGORY_Sport_and_Leisure_mean,0.0,0
15,f102_nyg_middle_NAME_GOODS_CATEGORY_Tourism_sum,0.0,0
15,f102_nyg_middle_NAME_PAYMENT_TYPE_XNA_mean,316.6861891746521,48
15,f102_nyg_middle_NAME_GOODS_CATEGORY_Weapon_mean,0.0,0
15,f102_nyg_middle_NAME_GOODS_CATEGORY_Vehicles_mean,0.0,0
15,f102_nyg_middle_NAME_PAYMENT_TYPE_Non_cash_from_your_account_mean,0.0,0
15,f102_nyg_middle_NAME_SELLER_INDUSTRY_Clothing_sum,84.16610050201416,12
15,f102_nyg_middle_NAME_SELLER_INDUSTRY_Auto_technology_mean,492.91542196273804,61
15,f102_nyg_middle_NAME_GOODS_CATEGORY_Vehicles_sum,0.0,0
15,f102_nyg_middle_NAME_PAYMENT_TYPE_XNA_sum,78.98164963722229,11
15,f102_nyg_middle_NAME_PAYMENT_TYPE_Non_cash_from_your_account_sum,0.0,0
15,f102_nyg_middle_NAME_SELLER_INDUSTRY_Connectivity_mean,334.2335910797119,45
15,f102_nyg_middle_NAME_SELLER_INDUSTRY_Auto_technology_sum,86.51805925369263,12
15,f102_nyg_middle_NAME_PRODUCT_TYPE_x_sell_mean,457.13551926612854,60
15,f102_nyg_middle_NAME_SELLER_INDUSTRY_Consumer_electronics_sum,511.807480096817,66
15,f102_nyg_middle_NAME_SELLER_INDUSTRY_Construction_sum,30.09573984146118,5
15,f102_nyg_middle_NAME_SELLER_INDUSTRY_Industry_mean,125.19872999191284,18
15,f102_nyg_middle_NAME_SELLER_INDUSTRY_Jewelry_mean,59.119680404663086,9
15,f102_nyg_middle_NAME_TYPE_SUITE_Children_mean,73.63792991638184,13
15,f102_nyg_middle_NAME_SELLER_INDUSTRY_Construction_mean,140.53491067886353,21
15,f102_nyg_middle_NAME_TYPE_SUITE_Children_sum,52.19914960861206,8
15,f102_nyg_middle_NAME_SELLER_INDUSTRY_Connectivity_sum,91.33958911895752,10
15,f102_nyg_middle_NAME_SELLER_INDUSTRY_Tourism_sum,0.0,0
15,f102_nyg_middle_NAME_TYPE_SUITE_Other_B_sum,29.94817018508911,5
15,f102_nyg_middle_NAME_SELLER_INDUSTRY_Tourism_mean,0.0,0
15,f102_nyg_middle_NAME_SELLER_INDUSTRY_Industry_sum,10.282190322875977,2
15,f102_nyg_middle_NAME_SELLER_INDUSTRY_MLM_partners_mean,0.0,0
15,f102_nyg_middle_NAME_SELLER_INDUSTRY_MLM_partners_sum,0.0,0
15,f102_nyg_middle_NAME_SELLER_INDUSTRY_Jewelry_sum,0.0,0
15,f102_nyg_middle_NAME_TYPE_SUITE_Group_of_people_sum,0.0,0
15,f102_nyg_middle_NAME_TYPE_SUITE_Other_A_sum,0.0,0
15,f102_nyg_middle_NAME_TYPE_SUITE_Family_sum,439.8406894207001,69
15,f102_nyg_middle_NAME_TYPE_SUITE_Other_A_mean,0.0,0
15,f102_nyg_middle_NAME_TYPE_SUITE_Other_B_mean,151.40064907073975,23
15,f102_nyg_middle_NAME_TYPE_SUITE_Spouse__partner_sum,23.927799224853516,4
15,f102_nyg_middle_PRODUCT_COMBINATION_POS_mobile_with_interest_sum,114.67179846763611,17
15,f102_nyg_middle_PRODUCT_COMBINATION_POS_industry_without_interest_sum,0.0,0
15,f102_nyg_middle_PRODUCT_COMBINATION_POS_household_without_interest_sum,0.0,0
15,f102_nyg_middle_NAME_TYPE_SUITE_Spouse__partner_mean,214.53906846046448,31
15,f102_nyg_middle_NAME_TYPE_SUITE_Group_of_people_mean,0.0,0
15,f102_nyg_middle_PRODUCT_COMBINATION_POS_household_with_interest_sum,345.3647572994232,44
15,f102_nyg_middle_RATE_DOWN_PAYMENT_max_div_min,916.603785276413,123
15,f102_nyg_middle_PRODUCT_COMBINATION_POS_mobile_with_interest_mean,154.46424007415771,21
15,f102_nyg_middle_PRODUCT_COMBINATION_POS_industry_without_interest_mean,0.0,0
15,f102_nyg_middle_PRODUCT_COMBINATION_POS_other_with_interest_sum,101.61609888076782,9
15,f102_nyg_middle_PRODUCT_COMBINATION_POS_mobile_without_interest_sum,0.0,0
15,f102_nyg_middle_PRODUCT_COMBINATION_POS_household_without_interest_mean,0.0,0
15,f102_nyg_middle_RATE_INTEREST_PRIMARY_min,269.7922101020813,43
15,f102_nyg_middle_PRODUCT_COMBINATION_POS_others_without_interest_mean,0.0,0
15,f102_nyg_middle_PRODUCT_COMBINATION_POS_other_with_interest_mean,216.21660041809082,28
15,f102_nyg_middle_PRODUCT_COMBINATION_POS_mobile_without_interest_mean,0.0,0
15,f102_nyg_middle_RATE_INTEREST_PRIVILEGED_std_div_mean,0.0,0
15,f102_nyg_middle_RATE_INTEREST_PRIVILEGED_std,0.0,0
15,f102_nyg_middle_RATE_INTEREST_PRIMARY_mean,202.3643298149109,30
15,f102_nyg_middle_RATE_INTEREST_PRIMARY_max,144.89536881446838,22
15,f102_nyg_middle_PRODUCT_COMBINATION_POS_others_without_interest_sum,0.0,0
15,f102_nyg_middle_RATE_INTEREST_PRIVILEGED_max,93.83592987060547,17
15,f102_nyg_middle_RATE_INTEREST_PRIVILEGED_min,63.6572802066803,11
15,f102_nyg_middle_RATE_INTEREST_PRIVILEGED_mean,64.1356692314148,11
15,f102_nyg_middle_SELLERPLACE_AREA_min,2507.2003828287125,365
15,f102_nyg_middle_WEEKDAY_APPR_PROCESS_START_SUNDAY_mean,276.3739104270935,48
15,f102_nyg_middle_SELLERPLACE_AREA_mean,2587.6066949367523,371
15,f102_nyg_middle_WEEKDAY_APPR_PROCESS_START_FRIDAY_mean,442.3090796470642,68
15,f102_nyg_middle_SELLERPLACE_AREA_max_div_min,682.8488311767578,98
15,f102_nyg_middle_SELLERPLACE_AREA_max,3021.6911919116974,416
15,f102_nyg_middle_WEEKDAY_APPR_PROCESS_START_SUNDAY_sum,75.35065031051636,10
15,f102_nyg_middle_WEEKDAY_APPR_PROCESS_START_MONDAY_mean,956.5944395065308,121
15,f102_nyg_middle_WEEKDAY_APPR_PROCESS_START_FRIDAY_sum,81.83056926727295,14
15,f102_nyg_middle_WEEKDAY_APPR_PROCESS_START_SATURDAY_mean,412.30783796310425,65
15,f102_nyg_middle_WEEKDAY_APPR_PROCESS_START_THURSDAY_mean,819.9536619186401,115
15,f102_nyg_middle_WEEKDAY_APPR_PROCESS_START_TUESDAY_sum,229.69477933645248,40
15,f102_nyg_middle_WEEKDAY_APPR_PROCESS_START_SATURDAY_sum,172.28111934661865,27
15,f102_nyg_middle_WEEKDAY_APPR_PROCESS_START_WEDNESDAY_mean,595.7366461753845,81
15,f102_nyg_middle_WEEKDAY_APPR_PROCESS_START_TUESDAY_mean,320.4834406375885,49
15,f102_nyg_middle_amt_unpaid_std_div_mean,129.98529052734375,20
15,f102_nyg_middle_amt_paid_max_div_min,243.4677402973175,37
15,f102_nyg_middle_WEEKDAY_APPR_PROCESS_START_WEDNESDAY_sum,128.31153988838196,17
15,f102_nyg_middle_amt_unpaid_max_div_min,164.21826934814453,24
15,f102_nyg_middle_cnt_paid_max,1138.920459985733,148
15,f102_nyg_middle_cnt_paid_min,775.2258409261703,116
15,f102_nyg_middle_cnt_paid_max_div_min,23.02372980117798,4
15,f102_nyg_middle_cnt_unpaid_max_div_min,160.17579913139343,22
15,f102_nyg_middle_cnt_paid_mean,1046.4313969016075,145
15,f102_nyg_middle_cnt_unpaid_std_div_mean,121.94828987121582,20
15,f102_nyg_middle_interest_rate_diff_std_div_mean,925.0246834754944,135
15,f102_nyg_middle_cnt_paid_ratio_max_div_min,65.3018399477005,12
15,f102_nyg_middle_total_debt_diff_std_div_mean,458.1099833250046,69
15,f102_nyg_middle_interest_rate_pctchange_max_div_min,977.0036904811859,144
15,f102_nyg_middle_interest_rate_diff_max_div_min,753.3041299581528,105
15,f102_nyg_middle_interest_rate_diff_std,1044.326528787613,158
15,f102_nyg_middle_interest_rate_pctchange_std_div_mean,912.9724886417389,133
15,f102_nyg_middle_total_debt_diff_max_div_min,595.6254901885986,78
15,f102_nyg_middle_total_debt_pctchange_std,886.9645113945007,132
15,f102_nyg_middle_total_debt_diff_min,4868.214902162552,655
15,f102_nyg_middle_total_debt_pctchange_min,5340.708144664764,756
15,f102_refused_AMT_ANNUITY_d_app_AMT_ANNUITY_diff_max_div_min,644.3715078830719,90
15,f102_nyg_middle_total_debt_std_div_mean,1505.8792514801025,212
15,f102_refused_AMT_ANNUITY_d_app_AMT_ANNUITY_diff_max,1311.1262934207916,195
15,f102_refused_AMT_ANNUITY_d_app_AMT_ANNUITY_diff_min,1867.4890578985214,269
15,f102_refused_AMT_ANNUITY_d_app_AMT_ANNUITY_pctchange_max_div_min,750.9632114171982,112
15,f102_refused_AMT_ANNUITY_d_app_AMT_ANNUITY_diff_mean,1260.1332267522812,199
15,f102_nyg_middle_total_debt_pctchange_max_div_min,485.54419696331024,58
15,f102_refused_AMT_ANNUITY_d_app_AMT_ANNUITY_pctchange_std_div_mean,969.2730672359467,152
15,f102_refused_AMT_ANNUITY_d_app_AMT_CREDIT_pctchange_max_div_min,205.34290051460266,30
15,f102_refused_AMT_ANNUITY_d_app_AMT_CREDIT_diff_min,599.8167293071747,92
15,f102_refused_AMT_ANNUITY_d_app_AMT_CREDIT_diff_std_div_mean,962.2329206466675,146
15,f102_refused_AMT_ANNUITY_d_app_AMT_ANNUITY_std,2251.089712023735,323
15,f102_refused_AMT_ANNUITY_d_app_AMT_ANNUITY_pctchange_min,2210.2001717090607,328
15,f102_refused_AMT_ANNUITY_d_app_AMT_CREDIT_diff_max,923.6363670825958,132
15,f102_refused_AMT_ANNUITY_d_app_AMT_CREDIT_diff_mean,538.5939288139343,80
15,f102_refused_AMT_ANNUITY_d_app_AMT_CREDIT_diff_std,593.2284510135651,88
15,f102_refused_AMT_ANNUITY_d_app_AMT_CREDIT_diff_max_div_min,175.47572088241577,29
15,f102_refused_AMT_ANNUITY_d_app_AMT_GOODS_PRICE_diff_std,731.3122625350952,104
15,f102_refused_AMT_ANNUITY_d_app_AMT_CREDIT_pctchange_min,691.0246305465698,99
15,f102_refused_AMT_ANNUITY_d_app_AMT_CREDIT_std,1123.470869064331,158
15,f102_refused_AMT_ANNUITY_d_app_AMT_GOODS_PRICE_diff_max,1227.2085310220718,169
15,f102_refused_AMT_ANNUITY_d_app_AMT_GOODS_PRICE_diff_max_div_min,147.59339833259583,16
15,f102_refused_AMT_ANNUITY_d_app_AMT_GOODS_PRICE_diff_mean,1000.1307594776154,150
15,f102_refused_AMT_ANNUITY_d_app_AMT_CREDIT_pctchange_std_div_mean,314.6583685874939,47
15,f102_refused_AMT_ANNUITY_d_app_AMT_GOODS_PRICE_pctchange_max_div_min,91.29679000377655,16
15,f102_refused_AMT_ANNUITY_d_app_AMT_GOODS_PRICE_diff_min,1009.7317907810211,145
15,f102_refused_AMT_ANNUITY_d_app_AMT_GOODS_PRICE_pctchange_std_div_mean,208.6487488746643,33
15,f102_refused_AMT_ANNUITY_d_app_AMT_GOODS_PRICE_max,4517.546186357737,623
15,f102_refused_AMT_ANNUITY_d_app_AMT_GOODS_PRICE_pctchange_min,820.7970905303955,125
15,f102_refused_AMT_ANNUITY_d_app_AMT_INCOME_TOTAL_diff_max_div_min,17.39912986755371,2
15,f102_refused_AMT_ANNUITY_d_app_AMT_GOODS_PRICE_std,1582.162160396576,214
15,f102_refused_AMT_ANNUITY_d_app_AMT_INCOME_TOTAL_pctchange_std_div_mean,59.80488991737366,10
15,f102_refused_AMT_ANNUITY_d_app_AMT_INCOME_TOTAL_diff_min,1019.044549703598,162
15,f102_refused_AMT_ANNUITY_d_app_AMT_INCOME_TOTAL_diff_std,957.7213780879974,151
15,f102_refused_AMT_ANNUITY_d_app_AMT_INCOME_TOTAL_max,4059.2385305315256,593
15,f102_refused_AMT_ANNUITY_d_app_AMT_INCOME_TOTAL_diff_mean,1038.4207606315613,159
15,f102_refused_AMT_ANNUITY_d_app_AMT_INCOME_TOTAL_std,1220.5500667095184,189
15,f102_refused_AMT_ANNUITY_d_app_AMT_INCOME_TOTAL_pctchange_max_div_min,11.311200141906738,1
15,f102_refused_AMT_ANNUITY_d_app_AMT_INCOME_TOTAL_pctchange_min,127.7273211479187,20
15,f102_refused_AMT_ANNUITY_m_app_AMT_GOODS_PRICE_d_app_AMT_INCOME_TOTAL_max,3505.08136087656,393
15,f102_refused_AMT_ANNUITY_m_app_AMT_GOODS_PRICE_d_app_AMT_INCOME_TOTAL_min,3151.203262925148,413
15,f102_refused_AMT_ANNUITY_d_app_AMT_INCOME_TOTAL_mean,4364.866474062204,602
15,f102_refused_AMT_ANNUITY_m_app_AMT_GOODS_PRICE_d_app_AMT_INCOME_TOTAL_diff_max_div_min,37.77399015426636,7
15,f102_refused_AMT_ANNUITY_m_app_AMT_GOODS_PRICE_d_app_AMT_INCOME_TOTAL_diff_mean,688.3152379989624,105
15,f102_refused_AMT_ANNUITY_m_app_AMT_GOODS_PRICE_d_app_AMT_INCOME_TOTAL_diff_std,367.26061034202576,58
15,f102_refused_AMT_ANNUITY_m_app_AMT_GOODS_PRICE_d_app_AMT_INCOME_TOTAL_mean,2515.0947012901306,339
15,f102_refused_AMT_ANNUITY_m_app_AMT_GOODS_PRICE_d_app_AMT_INCOME_TOTAL_pctchange_mean,809.8446687459946,129
15,f102_refused_AMT_ANNUITY_m_app_AMT_GOODS_PRICE_d_app_AMT_INCOME_TOTAL_diff_min,653.3781895637512,99
15,f102_refused_AMT_ANNUITY_m_app_AMT_GOODS_PRICE_d_app_AMT_INCOME_TOTAL_pctchange_std,548.1667103767395,79
15,f102_refused_AMT_ANNUITY_m_app_AMT_GOODS_PRICE_d_app_AMT_INCOME_TOTAL_pctchange_max_div_min,476.4851200580597,80
15,f102_refused_AMT_ANNUITY_m_app_AMT_GOODS_PRICE_d_app_AMT_INCOME_TOTAL_std,861.1044497489929,120
15,f102_refused_AMT_ANNUITY_s_app_AMT_ANNUITY_d_app_AMT_INCOME_TOTAL_diff_std,274.6634609699249,43
15,f102_refused_AMT_ANNUITY_m_app_AMT_GOODS_PRICE_d_app_AMT_INCOME_TOTAL_pctchange_min,1080.5885000228882,154
15,f102_refused_AMT_ANNUITY_m_app_AMT_GOODS_PRICE_d_app_AMT_INCOME_TOTAL_pctchange_max,961.7371109724045,145
15,f102_refused_AMT_ANNUITY_s_app_AMT_ANNUITY_d_app_AMT_INCOME_TOTAL_max_div_min,5868.381401717663,387
15,f102_refused_AMT_ANNUITY_s_app_AMT_ANNUITY_d_app_AMT_INCOME_TOTAL_diff_std_div_mean,422.7368280887604,61
15,f102_refused_AMT_ANNUITY_s_app_AMT_ANNUITY_d_app_AMT_INCOME_TOTAL_diff_min,231.8669090270996,36
15,f102_refused_AMT_ANNUITY_s_app_AMT_ANNUITY_d_app_AMT_INCOME_TOTAL_pctchange_std_div_mean,1174.9906075000763,181
15,f102_refused_AMT_ANNUITY_s_app_AMT_ANNUITY_d_app_AMT_INCOME_TOTAL_diff_mean,219.92262077331543,36
15,f102_refused_AMT_ANNUITY_s_app_AMT_ANNUITY_d_app_AMT_INCOME_TOTAL_pctchange_max,2755.210736989975,415
15,f102_refused_AMT_ANNUITY_s_app_AMT_ANNUITY_d_app_AMT_INCOME_TOTAL_diff_max_div_min,0.0,0
15,f102_refused_AMT_ANNUITY_s_app_AMT_ANNUITY_d_app_AMT_INCOME_TOTAL_pctchange_min,2909.7410737276077,429
15,f102_refused_AMT_ANNUITY_s_app_AMT_ANNUITY_diff_max_div_min,0.0,0
15,f102_refused_AMT_ANNUITY_s_app_AMT_ANNUITY_d_app_AMT_INCOME_TOTAL_std_div_mean,3374.0630729198456,425
15,f102_refused_AMT_ANNUITY_s_app_AMT_ANNUITY_diff_max,1252.5267190933228,192
15,f102_refused_AMT_ANNUITY_s_app_AMT_ANNUITY_d_app_AMT_INCOME_TOTAL_pctchange_mean,2423.902636528015,373
15,f102_refused_AMT_ANNUITY_s_app_AMT_ANNUITY_d_app_AMT_INCOME_TOTAL_std,199.40724802017212,30
15,f102_refused_AMT_ANNUITY_s_app_AMT_ANNUITY_pctchange_max,840.3767908811569,125
15,f102_refused_AMT_ANNUITY_s_app_AMT_ANNUITY_diff_mean,1234.0240594148636,183
15,f102_refused_AMT_ANNUITY_s_app_AMT_ANNUITY_diff_min,1644.493450641632,242
15,f102_refused_AMT_ANNUITY_s_app_AMT_ANNUITY_std,2136.862478852272,312
15,f102_refused_AMT_ANNUITY_s_app_AMT_ANNUITY_max_div_min,2192.933251619339,106
15,f102_refused_AMT_ANNUITY_s_app_AMT_CREDIT_d_app_AMT_INCOME_TOTAL_diff_max_div_min,0.0,0
15,f102_refused_AMT_ANNUITY_s_app_AMT_ANNUITY_std_div_mean,820.7809433937073,104
15,f102_refused_AMT_ANNUITY_s_app_AMT_ANNUITY_pctchange_std_div_mean,316.61807894706726,50
15,f102_refused_AMT_ANNUITY_s_app_AMT_ANNUITY_pctchange_min,994.9688102006912,144
15,f102_refused_AMT_ANNUITY_s_app_AMT_CREDIT_d_app_AMT_INCOME_TOTAL_diff_std,30.25105047225952,5
15,f102_refused_AMT_ANNUITY_s_app_AMT_ANNUITY_pctchange_mean,583.1509299278259,90
15,f102_refused_AMT_ANNUITY_s_app_AMT_CREDIT_d_app_AMT_INCOME_TOTAL_pctchange_max_div_min,584.7751194238663,81
15,f102_refused_AMT_ANNUITY_s_app_AMT_CREDIT_d_app_AMT_INCOME_TOTAL_diff_min,115.52029991149902,18
15,f102_refused_AMT_ANNUITY_s_app_AMT_CREDIT_d_app_AMT_INCOME_TOTAL_diff_mean,121.9935290813446,17
15,f102_refused_AMT_ANNUITY_s_app_AMT_CREDIT_d_app_AMT_INCOME_TOTAL_std_div_mean,1062.5962604284286,159
15,f102_refused_AMT_ANNUITY_s_app_AMT_CREDIT_d_app_AMT_INCOME_TOTAL_pctchange_max,673.0106010437012,101
15,f102_refused_AMT_ANNUITY_s_app_AMT_CREDIT_d_app_AMT_INCOME_TOTAL_min,3377.5592280626297,419
15,f102_refused_AMT_ANNUITY_s_app_AMT_CREDIT_d_app_AMT_INCOME_TOTAL_max,3622.652474999428,425
15,f102_refused_AMT_ANNUITY_s_app_AMT_CREDIT_d_app_AMT_INCOME_TOTAL_pctchange_min,606.6545307636261,93
15,f102_refused_AMT_ANNUITY_s_app_AMT_CREDIT_diff_min,667.0174984931946,89
15,f102_refused_AMT_ANNUITY_s_app_AMT_CREDIT_d_app_AMT_INCOME_TOTAL_pctchange_mean,699.5290560722351,101
15,f102_refused_AMT_ANNUITY_s_app_AMT_CREDIT_d_app_AMT_INCOME_TOTAL_std,300.16154766082764,49
15,f102_refused_AMT_ANNUITY_s_app_AMT_CREDIT_d_app_AMT_INCOME_TOTAL_mean,2844.524610877037,326
15,f102_refused_AMT_ANNUITY_s_app_AMT_CREDIT_diff_mean,445.8810796737671,68
15,f102_refused_AMT_ANNUITY_s_app_AMT_CREDIT_d_app_AMT_INCOME_TOTAL_pctchange_std,802.7158262729645,120
15,f102_refused_AMT_ANNUITY_s_app_AMT_CREDIT_pctchange_min,166.08737802505493,26
15,f102_refused_AMT_ANNUITY_s_app_AMT_CREDIT_pctchange_max,158.26302003860474,27
15,f102_refused_AMT_ANNUITY_s_app_AMT_CREDIT_diff_max,599.5653198957443,90
15,f102_refused_AMT_ANNUITY_s_app_AMT_CREDIT_diff_max_div_min,0.0,0
15,f102_refused_AMT_ANNUITY_s_app_AMT_CREDIT_pctchange_std,162.75213050842285,24
15,f102_refused_AMT_ANNUITY_s_app_AMT_GOODS_PRICE_diff_max_div_min,21.25936985015869,3
15,f102_refused_AMT_ANNUITY_s_app_AMT_CREDIT_pctchange_mean,198.56108975410461,29
15,f102_refused_AMT_ANNUITY_s_app_AMT_CREDIT_std,703.3312482833862,114
15,f102_refused_AMT_ANNUITY_s_app_AMT_CREDIT_pctchange_max_div_min,141.0447700023651,22
15,f102_refused_AMT_ANNUITY_s_app_AMT_GOODS_PRICE_diff_min,803.8415031433105,120
15,f102_refused_AMT_ANNUITY_s_app_AMT_CREDIT_std_div_mean,382.0971689224243,56
15,f102_refused_AMT_ANNUITY_s_app_AMT_GOODS_PRICE_pctchange_std,156.91740036010742,24
15,f102_refused_AMT_ANNUITY_s_app_AMT_GOODS_PRICE_diff_max,628.8534796237946,100
15,f102_refused_AMT_ANNUITY_s_app_AMT_GOODS_PRICE_pctchange_max,309.87620973587036,47
15,f102_refused_AMT_ANNUITY_s_app_AMT_GOODS_PRICE_diff_mean,732.499744206667,113
16,f102_refused_AMT_ANNUITY_s_app_AMT_GOODS_PRICE_pctchange_min,2040.8092893362045,313
16,f102_refused_AMT_ANNUITY_s_app_AMT_INCOME_TOTAL_std_div_mean,1264.2005324363708,203
16,f102_refused_AMT_ANNUITY_s_app_AMT_INCOME_TOTAL_pctchange_std_div_mean,797.0283780097961,121
16,f102_refused_AMT_ANNUITY_s_app_AMT_INCOME_TOTAL_diff_max,1546.9576210975647,242
16,f102_refused_AMT_ANNUITY_s_app_AMT_INCOME_TOTAL_diff_min,2269.5947666168213,339
16,f102_refused_AMT_ANNUITY_s_app_AMT_INCOME_TOTAL_diff_mean,1633.6209108829498,264
16,f102_refused_AMT_ANNUITY_s_app_AMT_GOODS_PRICE_pctchange_mean,2055.677835404873,325
16,f102_refused_AMT_ANNUITY_s_app_AMT_INCOME_TOTAL_diff_max_div_min,527.2864499092102,81
16,f102_refused_AMT_ANNUITY_s_app_AMT_INCOME_TOTAL_max_div_min,1092.5129606723785,161
16,f102_refused_AMT_ANNUITY_s_app_AMT_GOODS_PRICE_std,1370.2555495500565,225
16,f102_refused_AMT_ANNUITY_s_app_AMT_INCOME_TOTAL_max,3275.2112278938293,535
16,f102_refused_AMT_ANNUITY_s_app_AMT_GOODS_PRICE_pctchange_max_div_min,514.8320906162262,80
16,f102_refused_AMT_ANNUITY_s_app_AMT_INCOME_TOTAL_std,659.7307380437851,105
16,f102_refused_AMT_ANNUITY_s_app_AMT_INCOME_TOTAL_pctchange_max_div_min,514.6882786750793,79
16,f102_refused_AMT_ANNUITY_s_app_AMT_INCOME_TOTAL_pctchange_std,858.2994086742401,136
16,f102_refused_AMT_ANNUITY_s_app_AMT_INCOME_TOTAL_pctchange_max,1706.65984249115,261
16,f102_refused_AMT_ANNUITY_s_app_AMT_INCOME_TOTAL_pctchange_mean,1627.6569856405258,244
16,f102_refused_AMT_ANNUITY_s_app_AMT_INCOME_TOTAL_min,3155.725026369095,507
16,f102_refused_AMT_APPLICATION_d_app_AMT_ANNUITY_diff_std,281.20164799690247,43
16,f102_refused_AMT_ANNUITY_s_app_AMT_INCOME_TOTAL_pctchange_min,2152.8651163578033,334
16,f102_refused_AMT_APPLICATION_d_app_AMT_ANNUITY_diff_max,749.3629301786423,109
16,f102_refused_AMT_ANNUITY_std,122.89722156524658,20
16,f102_refused_AMT_ANNUITY_s_app_AMT_INCOME_TOTAL_mean,2415.581857919693,406
16,f102_refused_AMT_APPLICATION_d_app_AMT_ANNUITY_diff_min,495.3792169690132,77
16,f102_refused_AMT_APPLICATION_d_app_AMT_ANNUITY_pctchange_std_div_mean,181.30757021903992,22
16,f102_refused_AMT_APPLICATION_d_app_AMT_ANNUITY_diff_max_div_min,158.93294084072113,24
16,f102_refused_AMT_APPLICATION_d_app_AMT_ANNUITY_pctchange_mean,347.88188099861145,54
16,f102_refused_AMT_APPLICATION_d_app_AMT_ANNUITY_diff_mean,567.770471572876,77
16,f102_refused_AMT_APPLICATION_d_app_AMT_ANNUITY_pctchange_max_div_min,142.68128967285156,21
16,f102_refused_AMT_APPLICATION_d_app_AMT_ANNUITY_pctchange_std,162.40854024887085,24
16,f102_refused_AMT_APPLICATION_d_app_AMT_ANNUITY_pctchange_min,441.23788237571716,67
16,f102_refused_AMT_APPLICATION_d_app_AMT_ANNUITY_std,656.3463287353516,98
16,f102_refused_AMT_APPLICATION_d_app_AMT_CREDIT_diff_std,302.6869385242462,44
16,f102_refused_AMT_APPLICATION_d_app_AMT_ANNUITY_pctchange_max,496.82994961738586,72
16,f102_refused_AMT_APPLICATION_d_app_AMT_CREDIT_diff_min,543.2713510990143,84
16,f102_refused_AMT_APPLICATION_d_app_AMT_CREDIT_pctchange_std,25.432169914245605,6
16,f102_refused_AMT_APPLICATION_d_app_AMT_CREDIT_diff_mean,340.91982185840607,55
16,f102_refused_AMT_APPLICATION_d_app_AMT_CREDIT_diff_max_div_min,32.91589021682739,6
16,f102_refused_AMT_APPLICATION_d_app_AMT_CREDIT_diff_max,584.9497078061104,90
16,f102_refused_AMT_APPLICATION_d_app_AMT_CREDIT_max,2494.797803401947,340
16,f102_refused_AMT_APPLICATION_d_app_AMT_CREDIT_pctchange_mean,198.89090991020203,30
16,f102_refused_AMT_APPLICATION_d_app_AMT_CREDIT_std,354.722221493721,54
16,f102_refused_AMT_APPLICATION_d_app_AMT_CREDIT_pctchange_std_div_mean,50.37274980545044,8
16,f102_refused_AMT_APPLICATION_d_app_AMT_GOODS_PRICE_diff_std,335.68468976020813,45
16,f102_refused_AMT_APPLICATION_d_app_AMT_CREDIT_pctchange_max,147.88539147377014,25
16,f102_refused_AMT_APPLICATION_d_app_AMT_GOODS_PRICE_diff_max,504.98192977905273,69
16,f102_refused_AMT_APPLICATION_d_app_AMT_GOODS_PRICE_diff_max_div_min,52.30793046951294,8
16,f102_refused_AMT_APPLICATION_d_app_AMT_GOODS_PRICE_pctchange_max_div_min,61.92789030075073,11
16,f102_refused_AMT_APPLICATION_d_app_AMT_GOODS_PRICE_pctchange_max,157.53994363546371,24
16,f102_refused_AMT_APPLICATION_d_app_AMT_GOODS_PRICE_diff_mean,343.5801810026169,55
16,f102_refused_AMT_APPLICATION_d_app_AMT_CREDIT_pctchange_min,133.7425503730774,20
16,f102_refused_AMT_APPLICATION_d_app_AMT_CREDIT_pctchange_max_div_min,9.610279560089111,2
16,f102_refused_AMT_APPLICATION_d_app_AMT_GOODS_PRICE_max,1543.773391008377,229
16,f102_refused_AMT_APPLICATION_d_app_AMT_GOODS_PRICE_diff_min,570.0643712282181,90
16,f102_refused_AMT_APPLICATION_d_app_AMT_INCOME_TOTAL_diff_max,385.4965000152588,61
16,f102_refused_AMT_APPLICATION_d_app_AMT_GOODS_PRICE_pctchange_mean,103.6685004234314,16
16,f102_refused_AMT_APPLICATION_d_app_AMT_GOODS_PRICE_std,494.8508484363556,75
16,f102_refused_AMT_APPLICATION_d_app_AMT_INCOME_TOTAL_diff_max_div_min,7.573070049285889,2
16,f102_refused_AMT_APPLICATION_d_app_AMT_INCOME_TOTAL_diff_min,429.6050523519516,60
16,f102_refused_AMT_APPLICATION_d_app_AMT_INCOME_TOTAL_mean,1027.9931839108467,163
16,f102_refused_AMT_APPLICATION_d_app_AMT_GOODS_PRICE_pctchange_std,30.976150512695312,5
16,f102_refused_AMT_APPLICATION_d_app_AMT_INCOME_TOTAL_max,846.1205402612686,145
16,f102_refused_AMT_APPLICATION_d_app_AMT_GOODS_PRICE_pctchange_std_div_mean,48.187621116638184,7
16,f102_refused_AMT_APPLICATION_d_app_AMT_GOODS_PRICE_pctchange_min,240.53984761238098,29
16,f102_refused_AMT_APPLICATION_d_app_AMT_INCOME_TOTAL_diff_std,207.56347620487213,33
16,f102_refused_AMT_APPLICATION_d_app_AMT_INCOME_TOTAL_diff_mean,406.42423939704895,59
16,f102_refused_AMT_APPLICATION_d_app_AMT_INCOME_TOTAL_diff_std_div_mean,196.38110065460205,29
16,f102_refused_AMT_APPLICATION_d_app_AMT_INCOME_TOTAL_pctchange_max_div_min,35.34573030471802,6
16,f102_refused_AMT_APPLICATION_m_app_AMT_GOODS_PRICE_d_app_AMT_INCOME_TOTAL_diff_std,104.39831924438477,16
16,f102_refused_AMT_APPLICATION_d_app_AMT_INCOME_TOTAL_pctchange_mean,31.864499807357788,5
16,f102_refused_AMT_APPLICATION_d_app_AMT_INCOME_TOTAL_pctchange_std_div_mean,59.613990783691406,7
16,f102_refused_AMT_APPLICATION_d_app_AMT_INCOME_TOTAL_pctchange_max,94.5170693397522,12
16,f102_refused_AMT_APPLICATION_m_app_AMT_GOODS_PRICE_d_app_AMT_INCOME_TOTAL_diff_min,147.1981496810913,23
16,f102_refused_AMT_APPLICATION_m_app_AMT_GOODS_PRICE_d_app_AMT_INCOME_TOTAL_diff_std_div_mean,165.35426783561707,25
16,f102_refused_AMT_APPLICATION_m_app_AMT_GOODS_PRICE_d_app_AMT_INCOME_TOTAL_diff_max_div_min,21.59071969985962,3
16,f102_refused_AMT_APPLICATION_m_app_AMT_GOODS_PRICE_d_app_AMT_INCOME_TOTAL_pctchange_max_div_min,294.83563113212585,52
16,f102_refused_AMT_APPLICATION_m_app_AMT_GOODS_PRICE_d_app_AMT_INCOME_TOTAL_mean,1136.7246503829956,177
16,f102_refused_AMT_APPLICATION_d_app_AMT_INCOME_TOTAL_std,451.78253149986267,64
16,f102_refused_AMT_APPLICATION_d_app_AMT_INCOME_TOTAL_pctchange_min,60.702619552612305,10
16,f102_refused_AMT_APPLICATION_m_app_AMT_GOODS_PRICE_d_app_AMT_INCOME_TOTAL_std_div_mean,969.0376625061035,139
16,f102_refused_AMT_APPLICATION_s_app_AMT_ANNUITY_d_app_AMT_INCOME_TOTAL_diff_mean,238.68862891197205,37
16,f102_refused_AMT_APPLICATION_m_app_AMT_GOODS_PRICE_d_app_AMT_INCOME_TOTAL_pctchange_max,1329.3710306882858,207
16,f102_refused_AMT_APPLICATION_m_app_AMT_GOODS_PRICE_d_app_AMT_INCOME_TOTAL_max_div_min,1092.9332764148712,151
16,f102_refused_AMT_APPLICATION_s_app_AMT_ANNUITY_d_app_AMT_INCOME_TOTAL_diff_min,101.45284128189087,15
16,f102_refused_AMT_APPLICATION_m_app_AMT_GOODS_PRICE_d_app_AMT_INCOME_TOTAL_diff_mean,91.69267964363098,18
16,f102_refused_AMT_APPLICATION_d_app_AMT_INCOME_TOTAL_pctchange_std,27.90322995185852,4
16,f102_refused_AMT_APPLICATION_m_app_AMT_GOODS_PRICE_d_app_AMT_INCOME_TOTAL_diff_max,247.28573203086853,34
16,f102_refused_AMT_APPLICATION_m_app_AMT_GOODS_PRICE_d_app_AMT_INCOME_TOTAL_max,1236.012107849121,182
16,f102_refused_AMT_APPLICATION_s_app_AMT_ANNUITY_d_app_AMT_INCOME_TOTAL_diff_max_div_min,4.133150100708008,1
16,f102_refused_AMT_APPLICATION_s_app_AMT_ANNUITY_d_app_AMT_INCOME_TOTAL_diff_std,44.46958017349243,7
16,f102_refused_AMT_APPLICATION_s_app_AMT_ANNUITY_d_app_AMT_INCOME_TOTAL_diff_max,127.4968900680542,18
16,f102_refused_AMT_APPLICATION_m_app_AMT_GOODS_PRICE_d_app_AMT_INCOME_TOTAL_std,230.19312000274658,33
16,f102_refused_AMT_APPLICATION_s_app_AMT_ANNUITY_d_app_AMT_INCOME_TOTAL_pctchange_min,797.2705500125885,118
16,f102_refused_AMT_APPLICATION_s_app_AMT_ANNUITY_d_app_AMT_INCOME_TOTAL_pctchange_max_div_min,75.18093919754028,12
16,f102_refused_AMT_APPLICATION_s_app_AMT_ANNUITY_d_app_AMT_INCOME_TOTAL_pctchange_mean,642.1633915901184,101
16,f102_refused_AMT_APPLICATION_s_app_AMT_ANNUITY_d_app_AMT_INCOME_TOTAL_max_div_min,437.3296914100647,66
16,f102_refused_AMT_APPLICATION_s_app_AMT_ANNUITY_d_app_AMT_INCOME_TOTAL_max,1102.6590490341187,157
16,f102_refused_AMT_APPLICATION_s_app_AMT_ANNUITY_diff_std_div_mean,121.71429991722107,19
16,f102_refused_AMT_APPLICATION_s_app_AMT_ANNUITY_d_app_AMT_INCOME_TOTAL_pctchange_max,692.8348988294601,106
16,f102_refused_AMT_APPLICATION_s_app_AMT_ANNUITY_diff_mean,509.48464179039,72
16,f102_refused_AMT_APPLICATION_s_app_AMT_ANNUITY_d_app_AMT_INCOME_TOTAL_pctchange_std_div_mean,219.62412858009338,36
16,f102_refused_AMT_APPLICATION_s_app_AMT_ANNUITY_d_app_AMT_INCOME_TOTAL_mean,1256.5029789209366,184
16,f102_refused_AMT_APPLICATION_s_app_AMT_ANNUITY_d_app_AMT_INCOME_TOTAL_pctchange_std,207.7870397567749,35
16,f102_refused_AMT_APPLICATION_s_app_AMT_ANNUITY_d_app_AMT_INCOME_TOTAL_std,149.04694032669067,22
16,f102_refused_AMT_APPLICATION_s_app_AMT_ANNUITY_pctchange_std_div_mean,26.815009117126465,4
16,f102_refused_AMT_APPLICATION_s_app_AMT_ANNUITY_diff_min,436.5930597782135,70
16,f102_refused_AMT_APPLICATION_s_app_AMT_ANNUITY_diff_max_div_min,20.94305968284607,3
16,f102_refused_AMT_APPLICATION_s_app_AMT_ANNUITY_diff_max,430.9290609359741,61
16,f102_refused_AMT_APPLICATION_s_app_AMT_ANNUITY_pctchange_std,80.47180008888245,14
16,f102_refused_AMT_APPLICATION_s_app_AMT_ANNUITY_pctchange_mean,145.24674928188324,27
16,f102_refused_AMT_APPLICATION_s_app_AMT_ANNUITY_pctchange_max_div_min,25.784990310668945,4
16,f102_refused_AMT_APPLICATION_s_app_AMT_ANNUITY_pctchange_max,161.22800087928772,27
16,f102_refused_AMT_APPLICATION_s_app_AMT_ANNUITY_pctchange_min,250.32900047302246,41
16,f102_refused_AMT_APPLICATION_s_app_AMT_ANNUITY_max_div_min,136.00913166999817,17
16,f102_refused_AMT_APPLICATION_s_app_AMT_CREDIT_d_app_AMT_INCOME_TOTAL_diff_std,15.130130290985107,2
16,f102_refused_AMT_APPLICATION_s_app_AMT_CREDIT_d_app_AMT_INCOME_TOTAL_diff_min,102.48096990585327,15
16,f102_refused_AMT_APPLICATION_s_app_AMT_CREDIT_d_app_AMT_INCOME_TOTAL_diff_max,47.6017804145813,8
16,f102_refused_AMT_APPLICATION_s_app_AMT_CREDIT_d_app_AMT_INCOME_TOTAL_diff_mean,70.46856021881104,11
16,f102_refused_AMT_APPLICATION_s_app_AMT_CREDIT_d_app_AMT_INCOME_TOTAL_max,2525.7375069260597,341
16,f102_refused_AMT_APPLICATION_s_app_AMT_ANNUITY_std,563.1451313495636,85
16,f102_refused_AMT_APPLICATION_s_app_AMT_CREDIT_d_app_AMT_INCOME_TOTAL_max_div_min,796.0240104198456,122
16,f102_refused_AMT_APPLICATION_s_app_AMT_CREDIT_d_app_AMT_INCOME_TOTAL_pctchange_max,1595.2305887937546,260
16,f102_refused_AMT_APPLICATION_s_app_AMT_CREDIT_d_app_AMT_INCOME_TOTAL_diff_max_div_min,9.730530023574829,2
16,f102_refused_AMT_APPLICATION_s_app_AMT_CREDIT_d_app_AMT_INCOME_TOTAL_std,90.96890139579773,12
16,f102_refused_AMT_APPLICATION_s_app_AMT_CREDIT_d_app_AMT_INCOME_TOTAL_pctchange_max_div_min,232.5412083864212,40
16,f102_refused_AMT_APPLICATION_s_app_AMT_CREDIT_mean,2124.2188777923584,286
16,f102_refused_AMT_APPLICATION_s_app_AMT_CREDIT_diff_std_div_mean,36.26169013977051,5
16,f102_refused_AMT_APPLICATION_s_app_AMT_CREDIT_d_app_AMT_INCOME_TOTAL_std_div_mean,1212.7919433116913,172
16,f102_refused_AMT_APPLICATION_s_app_AMT_CREDIT_diff_min,97.78415989875793,15
16,f102_refused_AMT_APPLICATION_s_app_AMT_CREDIT_diff_max,158.0772294998169,22
16,f102_refused_AMT_APPLICATION_s_app_AMT_CREDIT_diff_mean,229.88062024116516,35
16,f102_refused_AMT_APPLICATION_s_app_AMT_CREDIT_diff_max_div_min,0.0,0
16,f102_refused_AMT_APPLICATION_s_app_AMT_CREDIT_pctchange_std_div_mean,318.9448699951172,55
16,f102_refused_AMT_APPLICATION_s_app_AMT_CREDIT_max_div_min,292.86532974243164,44
16,f102_refused_AMT_APPLICATION_s_app_AMT_CREDIT_max,1904.095573067665,252
16,f102_refused_AMT_APPLICATION_s_app_AMT_GOODS_PRICE_diff_max_div_min,7.089690208435059,1
16,f102_refused_AMT_APPLICATION_s_app_AMT_GOODS_PRICE_diff_max,120.19461059570312,19
16,f102_refused_AMT_APPLICATION_s_app_AMT_CREDIT_std,158.5445396900177,26
16,f102_refused_AMT_APPLICATION_s_app_AMT_GOODS_PRICE_diff_std_div_mean,88.86285996437073,12
16,f102_refused_AMT_APPLICATION_s_app_AMT_CREDIT_pctchange_max_div_min,73.0706901550293,12
16,f102_refused_AMT_APPLICATION_s_app_AMT_CREDIT_std_div_mean,690.6227629184723,100
16,f102_refused_AMT_APPLICATION_s_app_AMT_CREDIT_pctchange_max,521.8340408802032,84
16,f102_refused_AMT_APPLICATION_s_app_AMT_GOODS_PRICE_pctchange_max,472.03732097148895,77
16,f102_refused_AMT_APPLICATION_s_app_AMT_GOODS_PRICE_diff_min,74.44501948356628,12
16,f102_refused_AMT_APPLICATION_s_app_AMT_GOODS_PRICE_max_div_min,308.5198812484741,45
16,f102_refused_AMT_APPLICATION_s_app_AMT_GOODS_PRICE_max,1438.6180700063705,204
16,f102_refused_AMT_APPLICATION_s_app_AMT_GOODS_PRICE_pctchange_max_div_min,106.50049018859863,15
16,f102_refused_AMT_APPLICATION_s_app_AMT_INCOME_TOTAL_diff_max,50.32045030593872,7
16,f102_refused_AMT_APPLICATION_s_app_AMT_GOODS_PRICE_diff_mean,101.04843926429749,16
16,f102_refused_AMT_APPLICATION_s_app_AMT_GOODS_PRICE_min,2255.9795676469803,324
16,f102_refused_AMT_APPLICATION_s_app_AMT_INCOME_TOTAL_diff_max_div_min,0.0,0
16,f102_refused_AMT_APPLICATION_s_app_AMT_INCOME_TOTAL_diff_mean,0.0,0
16,f102_refused_AMT_APPLICATION_s_app_AMT_GOODS_PRICE_std,136.7302508354187,21
16,f102_refused_AMT_APPLICATION_s_app_AMT_GOODS_PRICE_mean,1459.9872642159462,221
16,f102_refused_AMT_APPLICATION_s_app_AMT_INCOME_TOTAL_diff_std_div_mean,8.685210227966309,1
16,f102_refused_AMT_APPLICATION_s_app_AMT_GOODS_PRICE_pctchange_std_div_mean,786.8330419063568,111
16,f102_refused_AMT_APPLICATION_s_app_AMT_INCOME_TOTAL_diff_min,5.353419780731201,1
16,f102_refused_AMT_APPLICATION_s_app_AMT_INCOME_TOTAL_pctchange_min,1560.1806505918503,238
16,f102_refused_AMT_APPLICATION_s_app_AMT_GOODS_PRICE_std_div_mean,421.2915989160538,68
16,f102_refused_AMT_APPLICATION_s_app_AMT_INCOME_TOTAL_pctchange_max,1847.2328218221664,268
16,f102_refused_AMT_APPLICATION_s_app_AMT_INCOME_TOTAL_pctchange_max_div_min,332.507239818573,48
16,f102_refused_AMT_APPLICATION_s_app_AMT_INCOME_TOTAL_max_div_min,1258.1251327991486,170
16,f102_refused_AMT_APPLICATION_s_app_AMT_INCOME_TOTAL_pctchange_std,1185.5284513235092,178
16,f102_refused_AMT_APPLICATION_std,11.518670320510864,3
16,f102_refused_AMT_APPLICATION_s_app_AMT_INCOME_TOTAL_pctchange_mean,1558.041632771492,253
16,f102_refused_AMT_CREDIT_d_AMT_ANNUITY_diff_max_div_min,631.1426210403442,101
16,f102_refused_AMT_CREDIT_d_AMT_ANNUITY_max,4733.484138011932,650
16,f102_refused_AMT_APPLICATION_s_app_AMT_INCOME_TOTAL_std,0.0,0
16,f102_refused_AMT_APPLICATION_s_app_AMT_INCOME_TOTAL_pctchange_std_div_mean,488.48555290699005,76
16,f102_refused_AMT_CREDIT_d_AMT_ANNUITY_diff_std_div_mean,798.934818983078,117
16,f102_refused_AMT_CREDIT_d_AMT_ANNUITY_max_div_min,1087.747453570366,162
16,f102_refused_AMT_CREDIT_d_AMT_ANNUITY_pctchange_max_div_min,451.03755044937134,68
16,f102_refused_AMT_CREDIT_d_AMT_ANNUITY_mean,4284.12558555603,632
16,f102_refused_AMT_CREDIT_d_AMT_ANNUITY_pctchange_std_div_mean,1033.2530405521393,146
16,f102_refused_AMT_CREDIT_d_AMT_ANNUITY_std_div_mean,1381.4015192985535,202
16,f102_refused_AMT_CREDIT_d_AMT_APPLICATION_diff_std_div_mean,770.6309552192688,103
16,f102_refused_AMT_CREDIT_d_AMT_APPLICATION_diff_min,1498.1736102104187,211
16,f102_refused_AMT_CREDIT_d_AMT_ANNUITY_std,1592.8268638849258,213
16,f102_refused_AMT_CREDIT_d_AMT_APPLICATION_max_div_min,1025.605613231659,114
16,f102_refused_AMT_CREDIT_d_AMT_APPLICATION_diff_mean,1450.9066656827927,219
16,f102_refused_AMT_CREDIT_d_AMT_APPLICATION_pctchange_std_div_mean,578.383309841156,83
16,f102_refused_AMT_CREDIT_d_AMT_APPLICATION_pctchange_min,871.5989022254944,134
16,f102_refused_AMT_CREDIT_d_AMT_APPLICATION_pctchange_std,506.7371187210083,70
16,f102_refused_AMT_CREDIT_d_AMT_APPLICATION_pctchange_mean,1168.828402042389,179
16,f102_refused_AMT_CREDIT_d_AMT_APPLICATION_pctchange_max,1495.7437635660172,199
16,f102_refused_AMT_CREDIT_d_app_AMT_ANNUITY_diff_max,829.6247892379761,123
16,f102_refused_AMT_CREDIT_d_app_AMT_ANNUITY_diff_max_div_min,240.21089005470276,41
16,f102_refused_AMT_CREDIT_d_app_AMT_ANNUITY_diff_min,985.5612810850143,142
16,f102_refused_AMT_CREDIT_d_app_AMT_ANNUITY_diff_mean,943.6920783519745,141
16,f102_refused_AMT_CREDIT_d_app_AMT_ANNUITY_pctchange_max_div_min,687.1042318344116,100
16,f102_refused_AMT_CREDIT_d_app_AMT_ANNUITY_diff_std_div_mean,312.2459387779236,49
16,f102_refused_AMT_CREDIT_d_app_AMT_ANNUITY_pctchange_std,469.7233896255493,67
16,f102_refused_AMT_CREDIT_d_app_AMT_ANNUITY_pctchange_min,403.28585040569305,70
16,f102_refused_AMT_CREDIT_d_app_AMT_ANNUITY_std,885.2073931694031,139
16,f102_refused_AMT_CREDIT_d_app_AMT_ANNUITY_pctchange_std_div_mean,346.3963215351105,53
16,f102_refused_AMT_CREDIT_d_app_AMT_ANNUITY_pctchange_mean,657.1735122203827,102
16,f102_refused_AMT_CREDIT_d_app_AMT_CREDIT_diff_std,521.7388896942139,76
16,f102_refused_AMT_CREDIT_d_app_AMT_ANNUITY_pctchange_max,714.7019121646881,105
16,f102_refused_AMT_CREDIT_d_app_AMT_CREDIT_pctchange_max,276.9143006801605,40
16,f102_refused_AMT_CREDIT_d_app_AMT_CREDIT_diff_mean,590.9426424503326,88
16,f102_refused_AMT_CREDIT_d_app_AMT_CREDIT_diff_max,507.9252886772156,81
16,f102_refused_AMT_CREDIT_d_app_AMT_CREDIT_pctchange_std,134.77918982505798,24
16,f102_refused_AMT_CREDIT_d_app_AMT_CREDIT_pctchange_std_div_mean,79.76037931442261,13
16,f102_refused_AMT_CREDIT_d_app_AMT_CREDIT_max,1410.2117598056793,222
16,f102_refused_AMT_CREDIT_d_app_AMT_CREDIT_diff_min,438.30177903175354,72
16,f102_refused_AMT_CREDIT_d_app_AMT_CREDIT_diff_max_div_min,71.31823015213013,13
16,f102_refused_AMT_CREDIT_d_app_AMT_CREDIT_pctchange_mean,199.42902994155884,33
16,f102_refused_AMT_CREDIT_d_app_AMT_CREDIT_pctchange_min,234.0281002521515,29
16,f102_refused_AMT_CREDIT_d_app_AMT_GOODS_PRICE_diff_max,666.4416608810425,97
16,f102_refused_AMT_CREDIT_d_app_AMT_CREDIT_std,785.9769733548164,129
16,f102_refused_AMT_CREDIT_d_app_AMT_GOODS_PRICE_diff_max_div_min,41.09107971191406,7
16,f102_refused_AMT_CREDIT_d_app_AMT_CREDIT_pctchange_max_div_min,169.97867918014526,23
16,f102_refused_AMT_CREDIT_d_app_AMT_GOODS_PRICE_diff_std,468.7142025232315,73
16,f102_refused_AMT_CREDIT_d_app_AMT_GOODS_PRICE_pctchange_std_div_mean,112.37833023071289,21
16,f102_refused_AMT_CREDIT_d_app_AMT_GOODS_PRICE_diff_mean,815.4223110675812,123
16,f102_refused_AMT_CREDIT_d_app_AMT_GOODS_PRICE_diff_min,762.4474530220032,117
16,f102_refused_AMT_CREDIT_d_app_AMT_INCOME_TOTAL_diff_max,479.2249798774719,79
16,f102_refused_AMT_CREDIT_d_app_AMT_GOODS_PRICE_pctchange_std,164.86089992523193,22
16,f102_refused_AMT_CREDIT_d_app_AMT_GOODS_PRICE_pctchange_max,320.3666206598282,49
16,f102_refused_AMT_CREDIT_d_app_AMT_INCOME_TOTAL_diff_min,399.0783785581589,69
16,f102_refused_AMT_CREDIT_d_app_AMT_INCOME_TOTAL_pctchange_min,59.67933940887451,10
16,f102_refused_AMT_CREDIT_d_app_AMT_INCOME_TOTAL_diff_max_div_min,4.965199947357178,1
16,f102_refused_AMT_CREDIT_d_app_AMT_INCOME_TOTAL_diff_mean,428.88206934928894,61
16,f102_refused_AMT_CREDIT_d_app_AMT_GOODS_PRICE_pctchange_min,159.67058897018433,24
16,f102_refused_AMT_CREDIT_d_app_AMT_GOODS_PRICE_mean,1647.3084098100662,252
16,f102_refused_AMT_CREDIT_d_app_AMT_INCOME_TOTAL_diff_std,346.20107078552246,58
16,f102_refused_AMT_CREDIT_d_app_AMT_GOODS_PRICE_std,806.5326104164124,120
16,f102_refused_AMT_CREDIT_d_app_AMT_GOODS_PRICE_pctchange_max_div_min,78.23873949050903,9
16,f102_refused_AMT_CREDIT_d_app_AMT_INCOME_TOTAL_pctchange_max_div_min,31.33686065673828,4
16,f102_refused_AMT_CREDIT_d_app_AMT_GOODS_PRICE_pctchange_mean,286.9469094276428,43
16,f102_refused_AMT_CREDIT_d_app_AMT_INCOME_TOTAL_pctchange_mean,35.42763042449951,6
16,f102_refused_AMT_CREDIT_d_total_debt_diff_std,939.2327175140381,133
16,f102_refused_AMT_CREDIT_d_total_debt_diff_std_div_mean,469.4747813940048,77
16,f102_refused_AMT_CREDIT_d_app_AMT_INCOME_TOTAL_max,1111.2193094491959,168
16,f102_refused_AMT_CREDIT_d_app_AMT_INCOME_TOTAL_pctchange_std_div_mean,16.650550365447998,3
16,f102_refused_AMT_CREDIT_d_app_AMT_INCOME_TOTAL_diff_std_div_mean,156.8894009590149,26
16,f102_refused_AMT_CREDIT_d_total_debt_diff_max,1894.8912298679352,281
16,f102_refused_AMT_CREDIT_d_app_AMT_GOODS_PRICE_max,1600.4834648370743,227
16,f102_refused_AMT_CREDIT_d_app_AMT_INCOME_TOTAL_mean,1168.9114600419998,175
16,f102_refused_AMT_CREDIT_d_total_debt_pctchange_mean,1995.9685807228088,306
16,f102_refused_AMT_CREDIT_d_app_AMT_INCOME_TOTAL_min,2221.389276266098,317
16,f102_refused_AMT_CREDIT_d_app_AMT_INCOME_TOTAL_std,564.2837295532227,90
16,f102_refused_AMT_CREDIT_d_total_debt_pctchange_std_div_mean,622.427549123764,95
16,f102_refused_AMT_CREDIT_d_total_debt_diff_mean,1306.6230684518814,198
16,f102_refused_AMT_CREDIT_d_app_AMT_INCOME_TOTAL_pctchange_max,66.32224988937378,10
16,f102_refused_AMT_CREDIT_d_app_AMT_INCOME_TOTAL_pctchange_std,8.926730155944824,1
16,f102_refused_AMT_CREDIT_m_app_AMT_GOODS_PRICE_d_app_AMT_INCOME_TOTAL_diff_std_div_mean,184.78737115859985,30
16,f102_refused_AMT_CREDIT_m_app_AMT_GOODS_PRICE_d_app_AMT_INCOME_TOTAL_diff_std,245.73198986053467,36
16,f102_refused_AMT_CREDIT_m_app_AMT_GOODS_PRICE_d_app_AMT_INCOME_TOTAL_diff_mean,271.78639960289,36
16,f102_refused_AMT_CREDIT_m_app_AMT_GOODS_PRICE_d_app_AMT_INCOME_TOTAL_max_div_min,1057.2011723518372,158
16,f102_refused_AMT_CREDIT_d_total_debt_pctchange_max,1944.5573056936264,278
16,f102_refused_AMT_CREDIT_m_app_AMT_GOODS_PRICE_d_app_AMT_INCOME_TOTAL_diff_min,256.26334857940674,39
16,f102_refused_AMT_CREDIT_d_total_debt_std,1865.179603934288,294
16,f102_refused_AMT_CREDIT_m_app_AMT_GOODS_PRICE_d_app_AMT_INCOME_TOTAL_diff_max_div_min,18.47288990020752,2
16,f102_refused_AMT_CREDIT_m_app_AMT_GOODS_PRICE_d_app_AMT_INCOME_TOTAL_diff_max,380.12885987758636,61
16,f102_refused_AMT_CREDIT_m_app_AMT_GOODS_PRICE_d_app_AMT_INCOME_TOTAL_mean,1383.929255783558,203
16,f102_refused_AMT_CREDIT_m_app_AMT_GOODS_PRICE_d_app_AMT_INCOME_TOTAL_pctchange_mean,1824.7350002527237,284
16,f102_refused_AMT_CREDIT_m_app_AMT_GOODS_PRICE_d_app_AMT_INCOME_TOTAL_max,1579.1341192126274,221
16,f102_refused_AMT_CREDIT_m_app_AMT_GOODS_PRICE_d_app_AMT_INCOME_TOTAL_std,347.5888509750366,51
16,f102_refused_AMT_CREDIT_m_app_AMT_GOODS_PRICE_d_app_AMT_INCOME_TOTAL_pctchange_max,1504.0892958641052,241
16,f102_refused_AMT_CREDIT_m_app_AMT_GOODS_PRICE_d_app_AMT_INCOME_TOTAL_min,1725.8006081581116,253
16,f102_refused_AMT_CREDIT_s_app_AMT_ANNUITY_d_app_AMT_INCOME_TOTAL_diff_std,97.828120470047,14
16,f102_refused_AMT_CREDIT_m_app_AMT_GOODS_PRICE_d_app_AMT_INCOME_TOTAL_std_div_mean,1040.4265801906586,166
16,f102_refused_AMT_CREDIT_s_app_AMT_ANNUITY_d_app_AMT_INCOME_TOTAL_diff_max,176.2923789024353,27
16,f102_refused_AMT_CREDIT_s_app_AMT_ANNUITY_d_app_AMT_INCOME_TOTAL_diff_max_div_min,0.0,0
16,f102_refused_AMT_CREDIT_s_app_AMT_ANNUITY_d_app_AMT_INCOME_TOTAL_diff_mean,91.11045122146606,16
16,f102_refused_AMT_CREDIT_s_app_AMT_ANNUITY_d_app_AMT_INCOME_TOTAL_pctchange_min,1064.7109909057617,159
16,f102_refused_AMT_CREDIT_s_app_AMT_ANNUITY_d_app_AMT_INCOME_TOTAL_pctchange_max,937.0200618505478,137
16,f102_refused_AMT_CREDIT_s_app_AMT_ANNUITY_d_app_AMT_INCOME_TOTAL_pctchange_std,401.6713123321533,61
16,f102_refused_AMT_CREDIT_s_app_AMT_ANNUITY_d_app_AMT_INCOME_TOTAL_pctchange_std_div_mean,457.25836968421936,58
16,f102_refused_AMT_CREDIT_s_app_AMT_ANNUITY_d_app_AMT_INCOME_TOTAL_max_div_min,807.2634258270264,106
16,f102_refused_AMT_CREDIT_s_app_AMT_ANNUITY_d_app_AMT_INCOME_TOTAL_diff_min,130.18335962295532,20
16,f102_refused_AMT_CREDIT_s_app_AMT_ANNUITY_d_app_AMT_INCOME_TOTAL_mean,1091.488399028778,166
16,f102_refused_AMT_CREDIT_s_app_AMT_ANNUITY_d_app_AMT_INCOME_TOTAL_max,1042.548901796341,173
16,f102_refused_AMT_CREDIT_s_app_AMT_ANNUITY_d_app_AMT_INCOME_TOTAL_pctchange_mean,1039.7274403572083,152
16,f102_refused_AMT_CREDIT_s_app_AMT_ANNUITY_d_app_AMT_INCOME_TOTAL_min,1870.6931483745575,273
16,f102_refused_AMT_CREDIT_s_app_AMT_ANNUITY_diff_max_div_min,12.736909866333008,2
16,f102_refused_AMT_CREDIT_s_app_AMT_ANNUITY_d_app_AMT_INCOME_TOTAL_pctchange_max_div_min,396.67386960983276,59
16,f102_refused_AMT_CREDIT_s_app_AMT_ANNUITY_max_div_min,461.3501614332199,41
16,f102_refused_AMT_CREDIT_s_app_AMT_ANNUITY_pctchange_max,277.07482147216797,43
16,f102_refused_AMT_CREDIT_s_app_AMT_ANNUITY_d_app_AMT_INCOME_TOTAL_std,184.1391499042511,27
16,f102_refused_AMT_CREDIT_s_app_AMT_ANNUITY_pctchange_std_div_mean,247.65576028823853,33
16,f102_refused_AMT_CREDIT_s_app_AMT_ANNUITY_diff_max,667.2175388336182,99
16,f102_refused_AMT_CREDIT_s_app_AMT_ANNUITY_pctchange_mean,280.88672852516174,43
16,f102_refused_AMT_CREDIT_s_app_AMT_ANNUITY_diff_min,639.1209571361542,91
16,f102_refused_AMT_CREDIT_s_app_AMT_ANNUITY_std,598.354542016983,95
16,f102_refused_AMT_CREDIT_s_app_AMT_ANNUITY_diff_mean,484.97817730903625,77
16,f102_refused_AMT_CREDIT_s_app_AMT_ANNUITY_pctchange_std,129.25520038604736,20
16,f102_refused_AMT_CREDIT_s_app_AMT_ANNUITY_pctchange_max_div_min,105.85749959945679,14
16,f102_refused_AMT_CREDIT_s_app_AMT_CREDIT_d_app_AMT_INCOME_TOTAL_diff_std_div_mean,83.28477001190186,15
16,f102_refused_AMT_CREDIT_s_app_AMT_CREDIT_d_app_AMT_INCOME_TOTAL_diff_std,39.020530223846436,6
16,f102_refused_AMT_CREDIT_s_app_AMT_ANNUITY_pctchange_min,225.58339929580688,34
16,f102_refused_AMT_CREDIT_s_app_AMT_CREDIT_d_app_AMT_INCOME_TOTAL_diff_max_div_min,35.885849952697754,5
16,f102_refused_AMT_CREDIT_s_app_AMT_CREDIT_d_app_AMT_INCOME_TOTAL_diff_mean,35.42877006530762,5
16,f102_refused_AMT_CREDIT_s_app_AMT_CREDIT_d_app_AMT_INCOME_TOTAL_max_div_min,966.096750497818,148
16,f102_refused_AMT_CREDIT_s_app_AMT_CREDIT_d_app_AMT_INCOME_TOTAL_pctchange_std_div_mean,789.8657333850861,116
16,f102_refused_AMT_CREDIT_s_app_AMT_CREDIT_d_app_AMT_INCOME_TOTAL_mean,1629.05291223526,244
16,f102_refused_AMT_CREDIT_s_app_AMT_CREDIT_d_app_AMT_INCOME_TOTAL_diff_max,108.7676191329956,18
16,f102_refused_AMT_CREDIT_s_app_AMT_CREDIT_d_app_AMT_INCOME_TOTAL_max,1479.2171117067337,216
16,f102_refused_AMT_CREDIT_s_app_AMT_CREDIT_d_app_AMT_INCOME_TOTAL_std,114.77465963363647,14
16,f102_refused_AMT_CREDIT_s_app_AMT_CREDIT_d_app_AMT_INCOME_TOTAL_diff_min,47.23000246286392,9
16,f102_refused_AMT_CREDIT_s_app_AMT_CREDIT_diff_max_div_min,39.46888971328735,4
16,f102_refused_AMT_CREDIT_s_app_AMT_CREDIT_d_app_AMT_INCOME_TOTAL_pctchange_max_div_min,305.00151085853577,47
16,f102_refused_AMT_CREDIT_s_app_AMT_CREDIT_d_app_AMT_INCOME_TOTAL_pctchange_max,1301.2294800281525,205
16,f102_refused_AMT_CREDIT_s_app_AMT_CREDIT_d_app_AMT_INCOME_TOTAL_pctchange_mean,1463.0325808525085,246
16,f102_refused_AMT_CREDIT_s_app_AMT_CREDIT_d_app_AMT_INCOME_TOTAL_std_div_mean,1215.6180233955383,184
16,f102_refused_AMT_CREDIT_s_app_AMT_CREDIT_diff_max,126.44704008102417,19
16,f102_refused_AMT_CREDIT_s_app_AMT_CREDIT_diff_min,137.34649085998535,22
16,f102_refused_AMT_CREDIT_s_app_AMT_CREDIT_diff_mean,133.37903928756714,19
16,f102_refused_AMT_CREDIT_s_app_AMT_CREDIT_max_div_min,258.47770047187805,42
16,f102_refused_AMT_CREDIT_s_app_AMT_CREDIT_mean,1032.1948690414429,165
16,f102_refused_AMT_CREDIT_s_app_AMT_CREDIT_max,1128.5827516317368,177
16,f102_refused_AMT_CREDIT_s_app_AMT_CREDIT_min,1657.3768733739853,243
16,f102_refused_AMT_CREDIT_s_app_AMT_CREDIT_pctchange_max,443.894229888916,68
16,f102_refused_AMT_CREDIT_s_app_AMT_CREDIT_pctchange_mean,360.54255986213684,60
16,f102_refused_AMT_CREDIT_s_app_AMT_CREDIT_pctchange_max_div_min,139.94453048706055,23
16,f102_refused_AMT_CREDIT_s_app_AMT_CREDIT_std,181.97052001953125,28
16,f102_refused_AMT_CREDIT_s_app_AMT_GOODS_PRICE_diff_mean,292.98579835891724,44
16,f102_refused_AMT_CREDIT_s_app_AMT_GOODS_PRICE_diff_max,242.36345100402832,43
16,f102_refused_AMT_CREDIT_s_app_AMT_GOODS_PRICE_diff_max_div_min,5.830420017242432,1
16,f102_refused_AMT_CREDIT_s_app_AMT_GOODS_PRICE_diff_min,211.35105073451996,40
16,f102_refused_AMT_CREDIT_s_app_AMT_CREDIT_pctchange_std_div_mean,239.87422227859497,36
16,f102_refused_AMT_CREDIT_s_app_AMT_CREDIT_std_div_mean,523.2334494590759,73
16,f102_refused_AMT_CREDIT_s_app_AMT_GOODS_PRICE_pctchange_max,347.5637092590332,56
16,f102_refused_AMT_CREDIT_s_app_AMT_GOODS_PRICE_pctchange_mean,684.6706600189209,109
16,f102_refused_AMT_CREDIT_s_app_AMT_GOODS_PRICE_max_div_min,288.16058897972107,45
16,f102_refused_AMT_CREDIT_s_app_AMT_GOODS_PRICE_min,1686.6509099006653,249
16,f102_refused_AMT_CREDIT_s_app_AMT_GOODS_PRICE_max,1420.1661262512207,211
16,f102_refused_AMT_CREDIT_s_app_AMT_INCOME_TOTAL_diff_mean,25.99425983428955,4
16,f102_refused_AMT_CREDIT_s_app_AMT_INCOME_TOTAL_diff_max,24.85673999786377,4
16,f102_refused_AMT_CREDIT_s_app_AMT_GOODS_PRICE_mean,1731.4695090055466,234
16,f102_refused_AMT_CREDIT_s_app_AMT_GOODS_PRICE_std_div_mean,502.92650961875916,70
16,f102_refused_AMT_CREDIT_s_app_AMT_INCOME_TOTAL_max,2655.543496131897,384
16,f102_refused_AMT_CREDIT_s_app_AMT_INCOME_TOTAL_diff_max_div_min,0.0,0
16,f102_refused_AMT_CREDIT_s_app_AMT_INCOME_TOTAL_diff_min,15.061919450759888,3
16,f102_refused_AMT_CREDIT_s_app_AMT_INCOME_TOTAL_pctchange_std_div_mean,635.3744904994965,106
16,f102_refused_AMT_CREDIT_s_app_AMT_GOODS_PRICE_std,191.2443299293518,30
16,f102_refused_AMT_CREDIT_s_app_AMT_INCOME_TOTAL_pctchange_std,814.5829210281372,126
16,f102_refused_AMT_CREDIT_s_app_AMT_INCOME_TOTAL_pctchange_max_div_min,463.7023777961731,71
16,f102_refused_AMT_CREDIT_s_app_AMT_INCOME_TOTAL_pctchange_max,1889.953294992447,294
16,f102_refused_AMT_CREDIT_s_app_AMT_INCOME_TOTAL_max_div_min,1614.224665760994,192
16,f102_refused_AMT_CREDIT_s_app_AMT_INCOME_TOTAL_pctchange_mean,1685.412208199501,263
16,f102_refused_AMT_CREDIT_s_app_AMT_INCOME_TOTAL_std_div_mean,1656.9698152542114,232
16,f102_refused_AMT_CREDIT_s_app_AMT_INCOME_TOTAL_pctchange_min,1799.1719192266464,280
16,f102_refused_AMT_DOWN_PAYMENT_d_AMT_GOODS_PRICE_pctchange_max,175.6138515472412,25
16,f102_refused_AMT_CREDIT_s_app_AMT_INCOME_TOTAL_std,67.87626099586487,8
16,f102_refused_AMT_DOWN_PAYMENT_d_AMT_GOODS_PRICE_diff_min,775.8584818840027,99
16,f102_refused_AMT_DOWN_PAYMENT_d_AMT_GOODS_PRICE_diff_max,371.0326507091522,61
16,f102_refused_AMT_DOWN_PAYMENT_d_AMT_GOODS_PRICE_pctchange_max_div_min,0.0,0
16,f102_refused_AMT_DOWN_PAYMENT_d_AMT_GOODS_PRICE_max_div_min,35.00416040420532,7
16,f102_refused_AMT_DOWN_PAYMENT_d_AMT_GOODS_PRICE_diff_mean,569.659245967865,73
16,f102_refused_AMT_CREDIT_std,0.0,0
16,f102_refused_AMT_DOWN_PAYMENT_d_AMT_GOODS_PRICE_pctchange_mean,99.57129001617432,14
16,f102_refused_AMT_DOWN_PAYMENT_d_AMT_GOODS_PRICE_mean,147.7731010913849,24
16,f102_refused_AMT_DOWN_PAYMENT_d_AMT_GOODS_PRICE_pctchange_min,21.895560264587402,5
16,f102_refused_AMT_DOWN_PAYMENT_max,1683.530678987503,77
16,f102_refused_AMT_GOODS_PRICE_d_AMT_ANNUITY_diff_std_div_mean,792.0323214530945,127
16,f102_refused_AMT_DOWN_PAYMENT_d_AMT_GOODS_PRICE_max,171.84531021118164,29
16,f102_refused_AMT_GOODS_PRICE_d_AMT_ANNUITY_diff_max_div_min,393.86665868759155,59
16,f102_refused_AMT_DOWN_PAYMENT_std,1594.8210166841745,181
16,f102_refused_AMT_DOWN_PAYMENT_d_AMT_GOODS_PRICE_std,56.8315806388855,8
16,f102_refused_AMT_DOWN_PAYMENT_min,8351.078419685364,95
16,f102_refused_AMT_GOODS_PRICE_d_AMT_ANNUITY_pctchange_max_div_min,609.876642882824,91
16,f102_refused_AMT_DOWN_PAYMENT_mean,3224.6223855018616,82
16,f102_refused_AMT_GOODS_PRICE_d_AMT_ANNUITY_std,1330.3676853179932,196
16,f102_refused_AMT_GOODS_PRICE_d_AMT_CREDIT_diff_max,1001.5849739313126,155
16,f102_refused_AMT_GOODS_PRICE_d_AMT_CREDIT_diff_std_div_mean,857.8296222686768,116
16,f102_refused_AMT_GOODS_PRICE_d_AMT_ANNUITY_pctchange_std_div_mean,888.8537514209747,123
16,f102_refused_AMT_GOODS_PRICE_d_AMT_CREDIT_diff_min,1516.1815073490143,223
16,f102_refused_AMT_GOODS_PRICE_d_AMT_CREDIT_diff_mean,772.357300400734,127
16,f102_refused_AMT_GOODS_PRICE_d_AMT_CREDIT_max_div_min,753.3085997104645,88
16,f102_refused_AMT_GOODS_PRICE_d_AMT_CREDIT_pctchange_max_div_min,648.7345952987671,100
16,f102_refused_AMT_GOODS_PRICE_d_AMT_CREDIT_pctchange_max,719.3195277452469,104
16,f102_refused_AMT_GOODS_PRICE_d_AMT_ANNUITY_std_div_mean,1305.07950091362,201
16,f102_refused_AMT_GOODS_PRICE_d_AMT_CREDIT_diff_std,576.625173330307,81
16,f102_refused_AMT_GOODS_PRICE_d_AMT_CREDIT_diff_max_div_min,681.8906271457672,97
16,f102_refused_AMT_GOODS_PRICE_d_AMT_CREDIT_pctchange_std_div_mean,511.43820977211,77
16,f102_refused_AMT_GOODS_PRICE_d_app_AMT_ANNUITY_diff_max,546.185629606247,87
16,f102_refused_AMT_GOODS_PRICE_d_AMT_CREDIT_pctchange_mean,938.1381021738052,149
16,f102_refused_AMT_GOODS_PRICE_d_app_AMT_ANNUITY_diff_std,329.9291899204254,45
16,f102_refused_AMT_GOODS_PRICE_d_AMT_CREDIT_pctchange_std,502.9090721607208,68
16,f102_refused_AMT_GOODS_PRICE_d_AMT_CREDIT_std,1605.3528544306755,238
16,f102_refused_AMT_GOODS_PRICE_d_app_AMT_ANNUITY_diff_min,619.421390235424,93
16,f102_refused_AMT_GOODS_PRICE_d_app_AMT_ANNUITY_diff_mean,704.1137325763702,96
16,f102_refused_AMT_GOODS_PRICE_d_app_AMT_ANNUITY_pctchange_min,171.71435928344727,29
16,f102_refused_AMT_GOODS_PRICE_d_app_AMT_ANNUITY_diff_max_div_min,160.9375593662262,26
16,f102_refused_AMT_GOODS_PRICE_d_app_AMT_ANNUITY_pctchange_std_div_mean,217.31218957901,32
16,f102_refused_AMT_GOODS_PRICE_d_app_AMT_ANNUITY_pctchange_max_div_min,65.67744874954224,10
16,f102_refused_AMT_GOODS_PRICE_d_app_AMT_ANNUITY_pctchange_mean,279.84944105148315,40
16,f102_refused_AMT_GOODS_PRICE_d_app_AMT_ANNUITY_pctchange_std,111.78904867172241,15
16,f102_refused_AMT_GOODS_PRICE_d_app_AMT_CREDIT_diff_min,316.5520486831665,48
16,f102_refused_AMT_GOODS_PRICE_d_app_AMT_CREDIT_diff_std,248.5780701637268,39
16,f102_refused_AMT_GOODS_PRICE_d_app_AMT_ANNUITY_pctchange_max,212.68622088432312,30
16,f102_refused_AMT_GOODS_PRICE_d_app_AMT_CREDIT_diff_max_div_min,43.236469745635986,8
16,f102_refused_AMT_GOODS_PRICE_d_app_AMT_CREDIT_pctchange_std,48.41399908065796,5
16,f102_refused_AMT_GOODS_PRICE_d_app_AMT_CREDIT_diff_mean,403.2975912094116,62
16,f102_refused_AMT_GOODS_PRICE_d_app_AMT_CREDIT_pctchange_std_div_mean,109.11026978492737,16
16,f102_refused_AMT_GOODS_PRICE_d_app_AMT_CREDIT_diff_max,477.4723415374756,72
16,f102_refused_AMT_GOODS_PRICE_d_app_AMT_ANNUITY_std,557.8093731403351,83
16,f102_refused_AMT_GOODS_PRICE_d_app_AMT_CREDIT_max,1335.6505428552628,186
16,f102_refused_AMT_GOODS_PRICE_d_app_AMT_CREDIT_pctchange_max,101.12662029266357,15
16,f102_refused_AMT_GOODS_PRICE_d_app_AMT_CREDIT_std,399.92704153060913,63
16,f102_refused_AMT_GOODS_PRICE_d_app_AMT_CREDIT_pctchange_max_div_min,18.902390480041504,2
16,f102_refused_AMT_GOODS_PRICE_d_app_AMT_GOODS_PRICE_max,869.2124076485634,131
16,f102_refused_AMT_GOODS_PRICE_d_app_AMT_CREDIT_pctchange_mean,114.82946038246155,16
16,f102_refused_AMT_GOODS_PRICE_d_app_AMT_CREDIT_pctchange_min,109.36277914047241,17
16,f102_refused_AMT_GOODS_PRICE_d_app_AMT_GOODS_PRICE_diff_min,377.98453855514526,56
16,f102_refused_AMT_GOODS_PRICE_d_app_AMT_GOODS_PRICE_pctchange_std,45.53908014297485,6
16,f102_refused_AMT_GOODS_PRICE_d_app_AMT_GOODS_PRICE_diff_max_div_min,12.623690128326416,2
16,f102_refused_AMT_GOODS_PRICE_d_app_AMT_GOODS_PRICE_diff_std,197.2865505218506,30
16,f102_refused_AMT_GOODS_PRICE_d_app_AMT_GOODS_PRICE_diff_mean,417.48017930984497,61
16,f102_refused_AMT_GOODS_PRICE_d_app_AMT_GOODS_PRICE_diff_max,387.9771281480789,58
16,f102_refused_AMT_GOODS_PRICE_d_app_AMT_GOODS_PRICE_pctchange_std_div_mean,88.25716972351074,12
16,f102_refused_AMT_GOODS_PRICE_d_app_AMT_GOODS_PRICE_pctchange_mean,115.30383902788162,15
16,f102_refused_AMT_GOODS_PRICE_d_app_AMT_INCOME_TOTAL_diff_max_div_min,12.796689987182617,2
16,f102_refused_AMT_GOODS_PRICE_d_app_AMT_INCOME_TOTAL_diff_max,278.4567105770111,41
16,f102_refused_AMT_GOODS_PRICE_d_app_AMT_GOODS_PRICE_pctchange_max,62.351380586624146,10
16,f102_refused_AMT_GOODS_PRICE_d_app_AMT_INCOME_TOTAL_diff_std_div_mean,168.54627895355225,23
16,f102_refused_AMT_GOODS_PRICE_d_app_AMT_INCOME_TOTAL_diff_mean,292.0702414512634,48
16,f102_refused_AMT_GOODS_PRICE_d_app_AMT_GOODS_PRICE_pctchange_max_div_min,5.400259971618652,1
16,f102_refused_AMT_GOODS_PRICE_d_app_AMT_INCOME_TOTAL_diff_std,149.37510085105896,23
16,f102_refused_AMT_GOODS_PRICE_d_app_AMT_GOODS_PRICE_pctchange_min,61.72011876106262,7
16,f102_refused_AMT_GOODS_PRICE_d_app_AMT_INCOME_TOTAL_pctchange_max_div_min,7.859540224075317,2
16,f102_refused_AMT_GOODS_PRICE_d_app_AMT_INCOME_TOTAL_diff_min,360.5966396331787,47
16,f102_refused_AMT_GOODS_PRICE_d_app_AMT_INCOME_TOTAL_mean,698.979299902916,112
16,f102_refused_AMT_GOODS_PRICE_d_app_AMT_INCOME_TOTAL_pctchange_max,32.94169998168945,4
16,f102_refused_AMT_GOODS_PRICE_d_app_AMT_INCOME_TOTAL_max,472.4356517791748,74
16,f102_refused_AMT_GOODS_PRICE_d_app_AMT_INCOME_TOTAL_pctchange_std,11.176719665527344,2
16,f102_refused_AMT_GOODS_PRICE_d_total_debt_diff_min,1951.604786992073,319
16,f102_refused_AMT_GOODS_PRICE_d_app_AMT_INCOME_TOTAL_pctchange_min,35.92652940750122,5
16,f102_refused_AMT_GOODS_PRICE_d_total_debt_pctchange_mean,1387.8340293169022,202
16,f102_refused_AMT_GOODS_PRICE_d_app_AMT_INCOME_TOTAL_pctchange_std_div_mean,120.06339025497437,12
16,f102_refused_AMT_GOODS_PRICE_d_app_AMT_INCOME_TOTAL_pctchange_mean,17.68840980529785,3
16,f102_refused_AMT_GOODS_PRICE_d_total_debt_diff_max,1703.947455406189,268
16,f102_refused_AMT_GOODS_PRICE_d_total_debt_diff_max_div_min,387.31024169921875,66
16,f102_refused_AMT_GOODS_PRICE_d_total_debt_diff_std_div_mean,745.2358633875847,113
16,f102_refused_AMT_GOODS_PRICE_d_app_AMT_INCOME_TOTAL_std,250.2902295589447,36
16,f102_refused_AMT_GOODS_PRICE_d_total_debt_diff_std,712.7116014957428,114
16,f102_refused_AMT_GOODS_PRICE_d_total_debt_diff_mean,1567.602337360382,232
16,f102_refused_AMT_GOODS_PRICE_d_total_debt_pctchange_max_div_min,366.69180965423584,62
16,f102_refused_AMT_GOODS_PRICE_m_app_AMT_GOODS_PRICE_d_app_AMT_INCOME_TOTAL_diff_std_div_mean,183.37451887130737,27
16,f102_refused_AMT_GOODS_PRICE_m_app_AMT_GOODS_PRICE_d_app_AMT_INCOME_TOTAL_diff_max_div_min,28.4571795463562,4
16,f102_refused_AMT_GOODS_PRICE_m_app_AMT_GOODS_PRICE_d_app_AMT_INCOME_TOTAL_diff_mean,211.07728028297424,31
16,f102_refused_AMT_GOODS_PRICE_m_app_AMT_GOODS_PRICE_d_app_AMT_INCOME_TOTAL_diff_min,185.30920028686523,23
16,f102_refused_AMT_GOODS_PRICE_m_app_AMT_GOODS_PRICE_d_app_AMT_INCOME_TOTAL_diff_std,90.08271074295044,11
16,f102_refused_AMT_GOODS_PRICE_d_total_debt_pctchange_std_div_mean,575.9225125312805,86
16,f102_refused_AMT_GOODS_PRICE_d_total_debt_pctchange_max,1505.1173644065857,229
16,f102_refused_AMT_GOODS_PRICE_m_app_AMT_GOODS_PRICE_d_app_AMT_INCOME_TOTAL_pctchange_max,806.4023785591125,124
16,f102_refused_AMT_GOODS_PRICE_d_total_debt_std,1942.1258970499039,300
16,f102_refused_AMT_GOODS_PRICE_m_app_AMT_GOODS_PRICE_d_app_AMT_INCOME_TOTAL_diff_max,154.40756940841675,20
16,f102_refused_AMT_GOODS_PRICE_m_app_AMT_GOODS_PRICE_d_app_AMT_INCOME_TOTAL_max_div_min,637.7571794986725,96
16,f102_refused_AMT_GOODS_PRICE_m_app_AMT_GOODS_PRICE_d_app_AMT_INCOME_TOTAL_pctchange_max_div_min,316.4059774875641,44
16,f102_refused_AMT_GOODS_PRICE_s_app_AMT_ANNUITY_d_app_AMT_INCOME_TOTAL_diff_mean,115.62966990470886,12
16,f102_refused_AMT_GOODS_PRICE_m_app_AMT_GOODS_PRICE_d_app_AMT_INCOME_TOTAL_max,475.7639012336731,69
16,f102_refused_AMT_GOODS_PRICE_s_app_AMT_ANNUITY_d_app_AMT_INCOME_TOTAL_diff_max_div_min,6.187099933624268,1
16,f102_refused_AMT_GOODS_PRICE_s_app_AMT_ANNUITY_d_app_AMT_INCOME_TOTAL_diff_max,66.29934978485107,10
16,f102_refused_AMT_GOODS_PRICE_m_app_AMT_GOODS_PRICE_d_app_AMT_INCOME_TOTAL_mean,778.3937948942184,109
16,f102_refused_AMT_GOODS_PRICE_m_app_AMT_GOODS_PRICE_d_app_AMT_INCOME_TOTAL_std,166.056649684906,28
16,f102_refused_AMT_GOODS_PRICE_m_app_AMT_GOODS_PRICE_d_app_AMT_INCOME_TOTAL_std_div_mean,646.2903697490692,90
16,f102_refused_AMT_GOODS_PRICE_s_app_AMT_ANNUITY_d_app_AMT_INCOME_TOTAL_diff_std,71.35792946815491,11
16,f102_refused_AMT_GOODS_PRICE_s_app_AMT_ANNUITY_d_app_AMT_INCOME_TOTAL_diff_min,100.31579875946045,16
16,f102_refused_AMT_GOODS_PRICE_s_app_AMT_ANNUITY_d_app_AMT_INCOME_TOTAL_pctchange_mean,486.1859574317932,75
16,f102_refused_AMT_GOODS_PRICE_s_app_AMT_ANNUITY_d_app_AMT_INCOME_TOTAL_pctchange_min,586.1927407979965,85
16,f102_refused_AMT_GOODS_PRICE_s_app_AMT_ANNUITY_diff_std_div_mean,238.32872819900513,23
16,f102_refused_AMT_GOODS_PRICE_s_app_AMT_ANNUITY_d_app_AMT_INCOME_TOTAL_pctchange_std,278.57689905166626,41
16,f102_refused_AMT_GOODS_PRICE_s_app_AMT_ANNUITY_d_app_AMT_INCOME_TOTAL_pctchange_max_div_min,170.07433032989502,27
16,f102_refused_AMT_GOODS_PRICE_s_app_AMT_ANNUITY_d_app_AMT_INCOME_TOTAL_max_div_min,408.17988431453705,46
16,f102_refused_AMT_GOODS_PRICE_s_app_AMT_ANNUITY_d_app_AMT_INCOME_TOTAL_max,939.8630013465881,129
16,f102_refused_AMT_GOODS_PRICE_s_app_AMT_ANNUITY_d_app_AMT_INCOME_TOTAL_mean,872.3760491609573,127
16,f102_refused_AMT_GOODS_PRICE_s_app_AMT_ANNUITY_d_app_AMT_INCOME_TOTAL_pctchange_max,441.1198706626892,65
16,f102_refused_AMT_GOODS_PRICE_s_app_AMT_ANNUITY_diff_max_div_min,3.3266499042510986,1
16,f102_refused_AMT_GOODS_PRICE_s_app_AMT_ANNUITY_pctchange_std_div_mean,454.42958998680115,61
16,f102_refused_AMT_GOODS_PRICE_s_app_AMT_ANNUITY_d_app_AMT_INCOME_TOTAL_pctchange_std_div_mean,122.5484094619751,18
16,f102_refused_AMT_GOODS_PRICE_s_app_AMT_ANNUITY_diff_max,299.16243171691895,46
16,f102_refused_AMT_GOODS_PRICE_s_app_AMT_ANNUITY_diff_min,328.34196043014526,50
16,f102_refused_AMT_GOODS_PRICE_s_app_AMT_ANNUITY_pctchange_max_div_min,57.94464993476868,9
16,f102_refused_AMT_GOODS_PRICE_s_app_AMT_ANNUITY_pctchange_std,53.855499029159546,8
16,f102_refused_AMT_GOODS_PRICE_s_app_AMT_ANNUITY_diff_mean,286.5241611003876,45
16,f102_refused_AMT_GOODS_PRICE_s_app_AMT_ANNUITY_pctchange_max,183.687320291996,33
16,f102_refused_AMT_GOODS_PRICE_s_app_AMT_ANNUITY_d_app_AMT_INCOME_TOTAL_std,90.61958956718445,14
17,f102_refused_AMT_GOODS_PRICE_s_app_AMT_CREDIT_d_app_AMT_INCOME_TOTAL_diff_max_div_min,1035.2531368732452,160
17,f102_refused_AMT_GOODS_PRICE_s_app_AMT_ANNUITY_pctchange_mean,3313.9467161893845,516
17,f102_refused_AMT_GOODS_PRICE_s_app_AMT_CREDIT_d_app_AMT_INCOME_TOTAL_max,5478.991215765476,843
17,f102_refused_AMT_GOODS_PRICE_s_app_AMT_ANNUITY_max_div_min,1681.0893689393997,247
17,f102_refused_AMT_GOODS_PRICE_s_app_AMT_ANNUITY_std,1664.7757639884949,266
17,f102_refused_AMT_GOODS_PRICE_s_app_AMT_CREDIT_d_app_AMT_INCOME_TOTAL_max_div_min,1740.3585325479507,279
17,f102_refused_AMT_GOODS_PRICE_s_app_AMT_CREDIT_d_app_AMT_INCOME_TOTAL_std_div_mean,2410.918444633484,366
17,f102_refused_AMT_GOODS_PRICE_s_app_AMT_CREDIT_d_app_AMT_INCOME_TOTAL_diff_mean,2526.142118692398,399
17,f102_refused_AMT_GOODS_PRICE_s_app_AMT_CREDIT_d_app_AMT_INCOME_TOTAL_diff_max,2408.301974117756,369
17,f102_refused_AMT_GOODS_PRICE_s_app_AMT_CREDIT_d_app_AMT_INCOME_TOTAL_diff_min,2276.008310675621,360
17,f102_refused_AMT_GOODS_PRICE_s_app_AMT_CREDIT_d_app_AMT_INCOME_TOTAL_diff_std,1699.0037224292755,268
17,f102_refused_AMT_GOODS_PRICE_s_app_AMT_ANNUITY_pctchange_min,3443.1315945386887,521
17,f102_refused_AMT_GOODS_PRICE_s_app_AMT_CREDIT_diff_mean,1773.4573085308075,277
17,f102_refused_AMT_GOODS_PRICE_s_app_AMT_CREDIT_d_app_AMT_INCOME_TOTAL_pctchange_max,3488.8367742300034,574
17,f102_refused_AMT_GOODS_PRICE_s_app_AMT_CREDIT_diff_std_div_mean,1228.4790214300156,190
17,f102_refused_AMT_GOODS_PRICE_s_app_AMT_CREDIT_diff_max,1936.053848862648,299
17,f102_refused_AMT_GOODS_PRICE_s_app_AMT_CREDIT_d_app_AMT_INCOME_TOTAL_std,2062.194059729576,315
17,f102_refused_AMT_GOODS_PRICE_s_app_AMT_CREDIT_diff_min,1726.4628702402115,271
17,f102_refused_AMT_GOODS_PRICE_s_app_AMT_CREDIT_max,4406.350552916527,625
17,f102_refused_AMT_GOODS_PRICE_s_app_AMT_CREDIT_d_app_AMT_INCOME_TOTAL_pctchange_max_div_min,550.7334889173508,88
17,f102_refused_AMT_GOODS_PRICE_s_app_AMT_CREDIT_mean,5292.24934643507,737
17,f102_refused_AMT_GOODS_PRICE_s_app_AMT_CREDIT_max_div_min,510.84054040908813,82
17,f102_refused_AMT_GOODS_PRICE_s_app_AMT_CREDIT_diff_max_div_min,291.699569940567,49
17,f102_refused_AMT_GOODS_PRICE_s_app_AMT_CREDIT_std_div_mean,936.2494962215424,143
17,f102_refused_AMT_GOODS_PRICE_s_app_AMT_CREDIT_pctchange_std_div_mean,1158.9380209445953,186
17,f102_refused_AMT_GOODS_PRICE_s_app_AMT_CREDIT_pctchange_max_div_min,200.90738010406494,31
17,f102_refused_AMT_GOODS_PRICE_s_app_AMT_GOODS_PRICE_diff_max_div_min,197.17204999923706,34
17,f102_refused_AMT_GOODS_PRICE_s_app_AMT_CREDIT_pctchange_max,1143.7961027622223,193
17,f102_refused_AMT_GOODS_PRICE_s_app_AMT_GOODS_PRICE_diff_std_div_mean,759.1391121149063,109
17,f102_refused_AMT_GOODS_PRICE_s_app_AMT_GOODS_PRICE_diff_max,789.6380863189697,122
17,f102_refused_AMT_GOODS_PRICE_s_app_AMT_GOODS_PRICE_mean,4070.4121069312096,602
17,f102_refused_AMT_GOODS_PRICE_s_app_AMT_CREDIT_std,629.1689183712006,101
17,f102_refused_AMT_GOODS_PRICE_s_app_AMT_GOODS_PRICE_pctchange_max_div_min,742.2052592039108,121
17,f102_refused_AMT_GOODS_PRICE_s_app_AMT_GOODS_PRICE_pctchange_std_div_mean,1221.2403333187103,195
17,f102_refused_AMT_GOODS_PRICE_s_app_AMT_GOODS_PRICE_max,3876.624327659607,592
17,f102_refused_AMT_GOODS_PRICE_s_app_AMT_GOODS_PRICE_diff_mean,938.5254315137863,148
17,f102_refused_AMT_GOODS_PRICE_s_app_AMT_GOODS_PRICE_min,4929.571152210236,751
17,f102_refused_AMT_GOODS_PRICE_s_app_AMT_GOODS_PRICE_max_div_min,2319.128340959549,347
17,f102_refused_AMT_GOODS_PRICE_s_app_AMT_GOODS_PRICE_pctchange_max,3434.64687782526,560
17,f102_refused_AMT_GOODS_PRICE_s_app_AMT_GOODS_PRICE_std,396.57775115966797,59
17,f102_refused_AMT_GOODS_PRICE_s_app_AMT_GOODS_PRICE_diff_min,675.265304684639,108
17,f102_refused_AMT_GOODS_PRICE_s_app_AMT_INCOME_TOTAL_pctchange_mean,3483.7803987264633,551
17,f102_refused_AMT_GOODS_PRICE_s_app_AMT_INCOME_TOTAL_diff_max_div_min,79.9872899055481,12
17,f102_refused_AMT_GOODS_PRICE_s_app_AMT_INCOME_TOTAL_diff_mean,242.24696826934814,36
17,f102_refused_AMT_GOODS_PRICE_s_app_AMT_INCOME_TOTAL_pctchange_max,3342.6085312366486,523
17,f102_refused_AMT_GOODS_PRICE_s_app_AMT_INCOME_TOTAL_diff_std_div_mean,241.7682592868805,34
17,f102_refused_AMT_GOODS_PRICE_s_app_AMT_INCOME_TOTAL_diff_min,226.86127018928528,35
17,f102_refused_AMT_GOODS_PRICE_s_app_AMT_GOODS_PRICE_std_div_mean,2113.852808356285,331
17,f102_refused_AMT_GOODS_PRICE_s_app_AMT_INCOME_TOTAL_diff_max,250.0001187324524,37
17,f102_refused_AMT_GOODS_PRICE_s_app_AMT_INCOME_TOTAL_pctchange_std,1927.608838558197,301
17,f102_refused_AMT_GOODS_PRICE_s_app_AMT_INCOME_TOTAL_max_div_min,2576.32652425766,374
17,f102_refused_AMT_GOODS_PRICE_std,60.49727010726929,10
17,f102_refused_AMT_GOODS_PRICE_s_app_AMT_INCOME_TOTAL_pctchange_min,3452.8315348625183,522
17,f102_refused_AMT_GOODS_PRICE_s_app_AMT_INCOME_TOTAL_pctchange_std_div_mean,1139.2403774261475,183
17,f102_refused_AMT_GOODS_PRICE_s_app_AMT_INCOME_TOTAL_pctchange_max_div_min,685.3199872970581,114
17,f102_refused_CHANNEL_TYPE_Contact_center_mean,537.3004984855652,86
17,f102_refused_CHANNEL_TYPE_Stone_mean,252.63561010360718,45
17,f102_refused_CHANNEL_TYPE_Channel_of_corporate_sales_sum,17.014559745788574,3
17,f102_refused_CHANNEL_TYPE_Stone_sum,44.62492036819458,6
17,f102_refused_CHANNEL_TYPE_Channel_of_corporate_sales_mean,46.81676959991455,8
17,f102_refused_AMT_GOODS_PRICE_s_app_AMT_INCOME_TOTAL_std,9.019089937210083,2
17,f102_refused_CHANNEL_TYPE_Credit_and_cash_offices_mean,1875.6191972494125,258
17,f102_refused_CNT_PAYMENT_max,1271.8816921710968,158
17,f102_refused_CHANNEL_TYPE_Regional___Local_mean,135.63257026672363,28
17,f102_refused_CHANNEL_TYPE_Country_wide_mean,437.9973978996277,63
17,f102_refused_CHANNEL_TYPE_Regional___Local_sum,6.824160099029541,1
17,f102_refused_CNT_PAYMENT_mean,4214.933279633522,497
17,f102_refused_CNT_PAYMENT_std,1361.539562702179,216
17,f102_refused_CNT_PAYMENT_max_div_min,797.656080365181,123
17,f102_refused_CNT_PAYMENT_std_div_mean,1638.6409170627594,236
17,f102_refused_CNT_PAYMENT_min,2018.3529720306396,231
17,f102_refused_CODE_REJECT_REASON_SCO_mean,608.7141523361206,102
17,f102_refused_CODE_REJECT_REASON_LIMIT_mean,408.0875906944275,69
17,f102_refused_CODE_REJECT_REASON_SCO_sum,131.05126976966858,24
17,f102_refused_CODE_REJECT_REASON_VERIF_mean,136.3002097606659,27
17,f102_refused_CODE_REJECT_REASON_HC_sum,1756.830209493637,249
17,f102_refused_DAYS_DECISION_d_app_DAYS_EMPLOYED_max_div_min,2140.7833975553513,254
17,f102_refused_DAYS_DECISION_d_app_DAYS_LAST_PHONE_CHANGE_max,8744.05086696148,1037
17,f102_refused_CODE_REJECT_REASON_XNA_sum,21.538949966430664,4
17,f102_refused_DAYS_DECISION_d_app_DAYS_ID_PUBLISH_max_div_min,884.9150196313858,122
17,f102_refused_DAYS_DECISION_d_app_DAYS_ID_PUBLISH_min,5588.189340233803,869
17,f102_refused_DAYS_DECISION_d_app_DAYS_ID_PUBLISH_mean,5771.598046600819,782
17,f102_refused_DAYS_DECISION_d_app_DAYS_ID_PUBLISH_std,2018.132905125618,292
17,f102_refused_DAYS_DECISION_d_app_DAYS_ID_PUBLISH_max,7206.610542178154,918
17,f102_refused_DAYS_DECISION_d_app_DAYS_LAST_PHONE_CHANGE_max_div_min,1863.7306743860245,272
17,f102_refused_CHANNEL_TYPE_Contact_center_sum,157.56658005714417,25
17,f102_refused_DAYS_DECISION_d_app_DAYS_REGISTRATION_min,6026.020530164242,926
17,f102_refused_CODE_REJECT_REASON_XNA_mean,159.18304991722107,31
17,f102_refused_CODE_REJECT_REASON_VERIF_sum,20.114540100097656,4
17,f102_refused_DAYS_DECISION_d_app_DAYS_REGISTRATION_std,2215.9570989608765,316
17,f102_refused_DAYS_DECISION_d_app_DAYS_REGISTRATION_max,8208.031522750854,895
17,f102_refused_DAYS_DECISION_d_app_DAYS_BIRTH_max_div_min,270.1700197458267,44
17,f102_refused_DAYS_DECISION_d_app_DAYS_REGISTRATION_max_div_min,119.73468017578125,21
17,f102_refused_DAYS_DECISION_d_app_DAYS_LAST_PHONE_CHANGE_mean,6715.855779528618,979
17,f102_refused_DAYS_DECISION_d_app_DAYS_LAST_PHONE_CHANGE_min,6828.666979432106,1017
17,f102_refused_DAYS_DECISION_d_app_DAYS_LAST_PHONE_CHANGE_std,3302.5681326389313,497
17,f102_refused_DAYS_DECISION_s_app_DAYS_ID_PUBLISH_max_div_min,1559.9519690275192,232
17,f102_refused_DAYS_DECISION_s_app_DAYS_EMPLOYED_max_div_min,4723.534938812256,438
17,f102_refused_DAYS_DECISION_s_app_DAYS_REGISTRATION_std_div_mean,2006.670247554779,298
17,f102_refused_DAYS_DECISION_d_app_DAYS_REGISTRATION_mean,5257.286708831787,798
17,f102_refused_FLAG_LAST_APPL_PER_CONTRACT_max,19.071020364761353,3
17,f102_refused_DAYS_DECISION_s_app_DAYS_LAST_PHONE_CHANGE_max_div_min,4491.635005533695,595
17,f102_refused_DAYS_DECISION_s_app_DAYS_ID_PUBLISH_std_div_mean,2259.0375722646713,328
17,f102_refused_DAYS_DECISION_s_app_DAYS_REGISTRATION_max_div_min,1819.173326253891,239
17,f102_refused_FLAG_LAST_APPL_PER_CONTRACT_min,50.460739850997925,10
17,f102_refused_FLAG_LAST_APPL_PER_CONTRACT_std,39.734920501708984,8
17,f102_refused_FLAG_LAST_APPL_PER_CONTRACT_std_div_mean,40.606940269470215,9
17,f102_refused_NAME_CASH_LOAN_PURPOSE_Buying_a_garage_mean,0.0,0
17,f102_refused_HOUR_APPR_PROCESS_START_max,5207.755507469177,779
17,f102_refused_NAME_CASH_LOAN_PURPOSE_Business_development_mean,0.0,0
17,f102_refused_NAME_CASH_LOAN_PURPOSE_Buying_a_holiday_home___land_mean,0.0,0
17,f102_refused_NAME_CASH_LOAN_PURPOSE_Car_repairs_mean,0.0,0
17,f102_refused_NAME_CASH_LOAN_PURPOSE_Buying_a_garage_sum,0.0,0
17,f102_refused_NAME_CASH_LOAN_PURPOSE_Business_development_sum,0.0,0
17,f102_refused_NAME_CASH_LOAN_PURPOSE_Buying_a_home_mean,0.0,0
17,f102_refused_NAME_CASH_LOAN_PURPOSE_Buying_a_holiday_home___land_sum,0.0,0
17,f102_refused_NAME_CASH_LOAN_PURPOSE_Building_a_house_or_an_annex_sum,21.151370525360107,4
17,f102_refused_NAME_CASH_LOAN_PURPOSE_Education_mean,0.0,0
17,f102_refused_NAME_CASH_LOAN_PURPOSE_Building_a_house_or_an_annex_mean,152.6939697265625,25
17,f102_refused_NAME_CASH_LOAN_PURPOSE_Buying_a_new_car_sum,0.0,0
17,f102_refused_NAME_CASH_LOAN_PURPOSE_Education_sum,0.0,0
17,f102_refused_NAME_CASH_LOAN_PURPOSE_Buying_a_new_car_mean,0.0,0
17,f102_refused_NAME_CASH_LOAN_PURPOSE_Buying_a_used_car_sum,0.0,0
17,f102_refused_NAME_CASH_LOAN_PURPOSE_Car_repairs_sum,0.0,0
17,f102_refused_NAME_CASH_LOAN_PURPOSE_Gasification___water_supply_mean,0.0,0
17,f102_refused_NAME_CASH_LOAN_PURPOSE_Buying_a_used_car_mean,11.703380107879639,2
17,f102_refused_NAME_CASH_LOAN_PURPOSE_Hobby_sum,0.0,0
17,f102_refused_NAME_CASH_LOAN_PURPOSE_Buying_a_home_sum,0.0,0
17,f102_refused_NAME_CASH_LOAN_PURPOSE_Journey_mean,0.0,0
17,f102_refused_NAME_CASH_LOAN_PURPOSE_Journey_sum,0.0,0
17,f102_refused_NAME_CASH_LOAN_PURPOSE_Furniture_sum,0.0,0
17,f102_refused_NAME_CASH_LOAN_PURPOSE_Furniture_mean,0.0,0
17,f102_refused_NAME_CASH_LOAN_PURPOSE_Everyday_expenses_mean,0.0,0
17,f102_refused_NAME_CASH_LOAN_PURPOSE_Gasification___water_supply_sum,0.0,0
17,f102_refused_NAME_CASH_LOAN_PURPOSE_Repairs_mean,406.3279285430908,64
17,f102_refused_NAME_CASH_LOAN_PURPOSE_Medicine_sum,0.0,0
17,f102_refused_NAME_CASH_LOAN_PURPOSE_Urgent_needs_mean,246.23903131484985,48
17,f102_refused_NAME_CASH_LOAN_PURPOSE_Payments_on_other_loans_mean,35.05806040763855,7
17,f102_refused_NAME_CASH_LOAN_PURPOSE_Hobby_mean,0.0,0
17,f102_refused_NAME_CASH_LOAN_PURPOSE_Wedding___gift___holiday_sum,0.0,0
17,f102_refused_NAME_CASH_LOAN_PURPOSE_Payments_on_other_loans_sum,9.60234022140503,2
17,f102_refused_NAME_CASH_LOAN_PURPOSE_Medicine_mean,0.0,0
17,f102_refused_NAME_CASH_LOAN_PURPOSE_Purchase_of_electronic_equipment_sum,0.0,0
17,f102_refused_NAME_CASH_LOAN_PURPOSE_Purchase_of_electronic_equipment_mean,0.0,0
17,f102_refused_NAME_CASH_LOAN_PURPOSE_XAP_sum,191.08430981636047,32
17,f102_refused_NAME_CASH_LOAN_PURPOSE_XAP_mean,875.4985011816025,91
17,f102_refused_NAME_CASH_LOAN_PURPOSE_Repairs_sum,96.18413043022156,17
17,f102_refused_NAME_CASH_LOAN_PURPOSE_Wedding___gift___holiday_mean,0.0,0
17,f102_refused_NAME_CASH_LOAN_PURPOSE_Refusal_to_name_the_goal_sum,0.0,0
17,f102_refused_NAME_CLIENT_TYPE_XNA_mean,0.0,0
17,f102_refused_NAME_CONTRACT_TYPE_Revolving_loans_mean,287.0758903026581,46
17,f102_refused_NAME_CLIENT_TYPE_Refreshed_mean,208.13814043998718,37
17,f102_refused_NAME_CLIENT_TYPE_Refreshed_sum,83.03857970237732,15
17,f102_refused_NAME_CLIENT_TYPE_XNA_sum,0.0,0
17,f102_refused_NAME_CLIENT_TYPE_New_mean,130.4927306175232,25
17,f102_refused_NAME_CASH_LOAN_PURPOSE_XNA_mean,1419.987883925438,185
17,f102_refused_NAME_CLIENT_TYPE_Repeater_mean,169.0779721736908,31
17,f102_refused_NAME_CONTRACT_TYPE_Consumer_loans_mean,101.84892106056213,17
17,f102_refused_NAME_CONTRACT_TYPE_Revolving_loans_sum,89.82603025436401,16
17,f102_refused_NAME_CONTRACT_TYPE_Cash_loans_mean,263.2476284503937,29
17,f102_refused_NAME_GOODS_CATEGORY_Auto_Accessories_mean,0.0,0
17,f102_refused_NAME_CONTRACT_TYPE_XNA_sum,0.0,0
17,f102_refused_NAME_CONTRACT_TYPE_Consumer_loans_sum,44.09882116317749,6
17,f102_refused_NAME_GOODS_CATEGORY_Clothing_and_Accessories_sum,0.0,0
17,f102_refused_NAME_GOODS_CATEGORY_Audio_Video_mean,12.61670970916748,3
17,f102_refused_NAME_GOODS_CATEGORY_Computers_mean,113.24216055870056,23
17,f102_refused_NAME_GOODS_CATEGORY_Construction_Materials_mean,0.0,0
17,f102_refused_NAME_GOODS_CATEGORY_Furniture_mean,0.0,0
17,f102_refused_NAME_GOODS_CATEGORY_Computers_sum,10.784380197525024,2
17,f102_refused_NAME_GOODS_CATEGORY_Construction_Materials_sum,0.0,0
17,f102_refused_NAME_GOODS_CATEGORY_Auto_Accessories_sum,0.0,0
17,f102_refused_NAME_GOODS_CATEGORY_Education_mean,0.0,0
17,f102_refused_NAME_GOODS_CATEGORY_Clothing_and_Accessories_mean,0.0,0
17,f102_refused_NAME_GOODS_CATEGORY_Gardening_mean,0.0,0
17,f102_refused_NAME_GOODS_CATEGORY_Furniture_sum,0.0,0
17,f102_refused_NAME_GOODS_CATEGORY_Audio_Video_sum,0.0,0
17,f102_refused_NAME_GOODS_CATEGORY_Consumer_Electronics_sum,0.0,0
17,f102_refused_NAME_GOODS_CATEGORY_Education_sum,0.0,0
17,f102_refused_NAME_GOODS_CATEGORY_Consumer_Electronics_mean,0.0,0
17,f102_refused_NAME_GOODS_CATEGORY_Jewelry_sum,0.0,0
17,f102_refused_NAME_GOODS_CATEGORY_Medical_Supplies_mean,0.0,0
17,f102_refused_NAME_GOODS_CATEGORY_Gardening_sum,0.0,0
17,f102_refused_NAME_GOODS_CATEGORY_Homewares_sum,0.0,0
17,f102_refused_NAME_GOODS_CATEGORY_Mobile_sum,29.62113928794861,5
17,f102_refused_NAME_GOODS_CATEGORY_Direct_Sales_mean,0.0,0
17,f102_refused_NAME_GOODS_CATEGORY_Medicine_mean,0.0,0
17,f102_refused_NAME_GOODS_CATEGORY_Sport_and_Leisure_sum,0.0,0
17,f102_refused_NAME_GOODS_CATEGORY_Medical_Supplies_sum,0.0,0
17,f102_refused_NAME_GOODS_CATEGORY_Tourism_mean,0.0,0
17,f102_refused_NAME_GOODS_CATEGORY_Office_Appliances_mean,0.0,0
17,f102_refused_NAME_GOODS_CATEGORY_Medicine_sum,0.0,0
17,f102_refused_NAME_GOODS_CATEGORY_Jewelry_mean,0.0,0
17,f102_refused_NAME_GOODS_CATEGORY_Homewares_mean,0.0,0
17,f102_refused_NAME_GOODS_CATEGORY_Direct_Sales_sum,0.0,0
17,f102_refused_NAME_GOODS_CATEGORY_Photo___Cinema_Equipment_mean,0.0,0
17,f102_refused_NAME_GOODS_CATEGORY_Office_Appliances_sum,0.0,0
17,f102_refused_NAME_PAYMENT_TYPE_Cash_through_the_bank_sum,401.98030138015747,62
17,f102_refused_NAME_GOODS_CATEGORY_Vehicles_sum,0.0,0
17,f102_refused_NAME_PAYMENT_TYPE_Cashless_from_the_account_of_the_employer_mean,0.0,0
17,f102_refused_NAME_GOODS_CATEGORY_XNA_mean,638.3100121021271,18
17,f102_refused_NAME_GOODS_CATEGORY_Mobile_mean,159.64316964149475,28
17,f102_refused_NAME_GOODS_CATEGORY_Tourism_sum,0.0,0
17,f102_refused_NAME_PORTFOLIO_POS_sum,106.09138941764832,16
17,f102_refused_NAME_PORTFOLIO_Cards_sum,309.62644934654236,55
17,f102_refused_NAME_GOODS_CATEGORY_Photo___Cinema_Equipment_sum,0.0,0
17,f102_refused_NAME_GOODS_CATEGORY_Vehicles_mean,0.0,0
17,f102_refused_NAME_PORTFOLIO_POS_mean,213.43594026565552,30
17,f102_refused_NAME_PORTFOLIO_Cards_mean,370.7667009830475,54
17,f102_refused_NAME_PORTFOLIO_Cash_sum,320.11772084236145,50
17,f102_refused_NAME_PAYMENT_TYPE_Non_cash_from_your_account_sum,0.0,0
17,f102_refused_NAME_SELLER_INDUSTRY_Clothing_mean,0.0,0
17,f102_refused_NAME_PAYMENT_TYPE_Cashless_from_the_account_of_the_employer_sum,0.0,0
17,f102_refused_NAME_SELLER_INDUSTRY_Auto_technology_sum,0.0,0
17,f102_refused_NAME_PRODUCT_TYPE_x_sell_sum,1855.6251497268677,194
17,f102_refused_NAME_SELLER_INDUSTRY_Furniture_mean,99.46145033836365,20
17,f102_refused_NAME_SELLER_INDUSTRY_Auto_technology_mean,0.0,0
17,f102_refused_NAME_SELLER_INDUSTRY_Clothing_sum,0.0,0
17,f102_refused_NAME_SELLER_INDUSTRY_Consumer_electronics_mean,220.15724873542786,39
17,f102_refused_NAME_SELLER_INDUSTRY_Furniture_sum,44.27673029899597,8
17,f102_refused_NAME_SELLER_INDUSTRY_Consumer_electronics_sum,39.32875037193298,8
17,f102_refused_NAME_SELLER_INDUSTRY_Construction_mean,0.0,0
17,f102_refused_NAME_SELLER_INDUSTRY_Tourism_sum,0.0,0
17,f102_refused_NAME_SELLER_INDUSTRY_Jewelry_mean,0.0,0
17,f102_refused_NAME_SELLER_INDUSTRY_Tourism_mean,0.0,0
17,f102_refused_NAME_SELLER_INDUSTRY_XNA_mean,266.85538935661316,41
17,f102_refused_NAME_SELLER_INDUSTRY_Construction_sum,0.0,0
17,f102_refused_NAME_SELLER_INDUSTRY_Jewelry_sum,0.0,0
17,f102_refused_NAME_SELLER_INDUSTRY_Industry_mean,0.0,0
17,f102_refused_NAME_SELLER_INDUSTRY_MLM_partners_mean,0.0,0
17,f102_refused_NAME_SELLER_INDUSTRY_MLM_partners_sum,0.0,0
17,f102_refused_NAME_TYPE_SUITE_Other_A_sum,0.0,0
17,f102_refused_NAME_SELLER_INDUSTRY_Industry_sum,0.0,0
17,f102_refused_NAME_TYPE_SUITE_Family_sum,358.53641080856323,60
17,f102_refused_NAME_TYPE_SUITE_Other_A_mean,0.0,0
17,f102_refused_NAME_TYPE_SUITE_Children_mean,10.871829986572266,2
17,f102_refused_NAME_TYPE_SUITE_Other_B_mean,0.0,0
17,f102_refused_NAME_TYPE_SUITE_Other_B_sum,0.0,0
17,f102_refused_NAME_TYPE_SUITE_Group_of_people_sum,0.0,0
17,f102_refused_NAME_TYPE_SUITE_Group_of_people_mean,0.0,0
17,f102_refused_NAME_TYPE_SUITE_Spouse__partner_mean,385.1346833705902,66
17,f102_refused_NAME_TYPE_SUITE_Unaccompanied_sum,1011.4845876693726,162
17,f102_refused_NAME_TYPE_SUITE_Children_sum,4.78223991394043,1
17,f102_refused_NFLAG_LAST_APPL_IN_DAY_std_div_mean,15.86991024017334,3
17,f102_refused_NAME_TYPE_SUITE_Spouse__partner_sum,35.330859661102295,7
17,f102_refused_PRODUCT_COMBINATION_POS_household_without_interest_mean,24.09220004081726,4
17,f102_refused_PRODUCT_COMBINATION_POS_industry_with_interest_mean,68.40987992286682,12
17,f102_refused_PRODUCT_COMBINATION_POS_household_with_interest_sum,57.9482204914093,9
17,f102_refused_NFLAG_LAST_APPL_IN_DAY_min,40.58209037780762,7
17,f102_refused_NFLAG_LAST_APPL_IN_DAY_std,8.11939001083374,2
17,f102_refused_PRODUCT_COMBINATION_POS_mobile_without_interest_sum,0.0,0
17,f102_refused_PRODUCT_COMBINATION_POS_industry_with_interest_sum,21.798179864883423,4
17,f102_refused_PRODUCT_COMBINATION_POS_mobile_with_interest_sum,18.385330200195312,3
17,f102_refused_PRODUCT_COMBINATION_POS_industry_without_interest_sum,0.0,0
17,f102_refused_PRODUCT_COMBINATION_POS_household_with_interest_mean,209.54839086532593,39
17,f102_refused_PRODUCT_COMBINATION_POS_mobile_with_interest_mean,139.89602136611938,26
17,f102_refused_RATE_DOWN_PAYMENT_std_div_mean,131.8437192440033,24
17,f102_refused_PRODUCT_COMBINATION_POS_mobile_without_interest_mean,0.0,0
17,f102_refused_PRODUCT_COMBINATION_POS_other_with_interest_mean,0.0,0
17,f102_refused_PRODUCT_COMBINATION_POS_industry_without_interest_mean,0.0,0
17,f102_refused_PRODUCT_COMBINATION_POS_others_without_interest_mean,0.0,0
17,f102_refused_PRODUCT_COMBINATION_POS_household_without_interest_sum,0.0,0
17,f102_refused_RATE_DOWN_PAYMENT_std,79.52052021026611,15
17,f102_refused_RATE_DOWN_PAYMENT_max,547.4120678901672,88
17,f102_refused_PRODUCT_COMBINATION_POS_others_without_interest_sum,0.0,0
17,f102_refused_PRODUCT_COMBINATION_POS_other_with_interest_sum,0.0,0
17,f102_refused_SELLERPLACE_AREA_mean,2119.1201568841934,290
17,f102_refused_WEEKDAY_APPR_PROCESS_START_SUNDAY_sum,393.158917427063,65
17,f102_refused_SELLERPLACE_AREA_min,1672.9442882537842,201
17,f102_refused_SELLERPLACE_AREA_std,1493.1895941495895,186
17,f102_refused_WEEKDAY_APPR_PROCESS_START_FRIDAY_sum,280.17098021507263,45
17,f102_refused_SELLERPLACE_AREA_max_div_min,1261.6855585575104,167
17,f102_refused_WEEKDAY_APPR_PROCESS_START_MONDAY_mean,1489.0705704689026,228
17,f102_refused_SELLERPLACE_AREA_max,1832.8459901809692,267
17,f102_refused_WEEKDAY_APPR_PROCESS_START_FRIDAY_mean,949.999029636383,161
17,f102_refused_WEEKDAY_APPR_PROCESS_START_SATURDAY_mean,743.688642501831,121
17,f102_refused_WEEKDAY_APPR_PROCESS_START_SATURDAY_sum,304.6993887424469,51
17,f102_refused_WEEKDAY_APPR_PROCESS_START_WEDNESDAY_mean,770.9389770030975,119
17,f102_refused_WEEKDAY_APPR_PROCESS_START_TUESDAY_sum,585.340588092804,93
17,f102_refused_WEEKDAY_APPR_PROCESS_START_THURSDAY_mean,1098.9678616523743,167
17,f102_refused_interest_rate_pctchange_max_div_min,2086.6634101867676,314
17,f102_refused_interest_rate_diff_max_div_min,1605.077580690384,254
17,f102_refused_WEEKDAY_APPR_PROCESS_START_WEDNESDAY_sum,196.30438995361328,34
17,f102_refused_WEEKDAY_APPR_PROCESS_START_TUESDAY_mean,858.6402516365051,141
17,f102_refused_interest_rate_pctchange_max,6044.027913212776,841
17,f102_refused_interest_rate_min,14025.792277395725,939
17,f102_refused_interest_rate_pctchange_std,3727.7827993631363,557
17,f102_refused_interest_rate_pctchange_std_div_mean,4213.005034446716,660
17,f102_refused_total_debt_diff_max,2488.8020174503326,396
17,f102_refused_interest_rate_diff_mean,3192.208130002022,508
17,f102_refused_interest_rate_diff_min,5021.417895913124,650
17,f102_refused_total_debt_diff_max_div_min,729.9420299530029,114
17,f102_refused_total_debt_pctchange_mean,2237.281037569046,340
17,f102_refused_total_debt_diff_std_div_mean,919.5165522098541,149
17,f102_refused_total_debt_diff_min,1857.7141664028168,310
17,f102_refused_total_debt_pctchange_max_div_min,619.249191403389,100
17,f102_refused_total_debt_diff_std,837.6933642625809,135
17,f102_refused_total_debt_diff_mean,1989.2489227056503,307
17,f102_refused_total_debt_max,4873.223516464233,767
17,f102_refused_interest_rate_pctchange_min,2033.8370451927185,288
17,f102_refused_total_debt_std,2944.10991024971,457
17,f102_refused_total_debt_pctchange_std_div_mean,762.6128985881805,125
17,f102_refused_interest_rate_pctchange_mean,3499.7781113386154,529
17,f102_refused_total_debt_pctchange_std,1269.2948393821716,198
17,f102_refused_total_debt_pctchange_min,2657.1395457983017,406
17,f102_refused_total_debt_mean,5167.231640100479,789
17,f102_refused_total_debt_pctchange_max,2357.7187250852585,374
