chunk,feature,importance_gain,importance_split,auc_train,auc_valid
1,f001_EXT_SOURCES_mean,134318.74364852905,553,0.8431505210149275,0.7694442278167969
1,f002_ORGANIZATION_TYPE,40218.14224481583,2180,0.8431505210149275,0.7694442278167969
1,f001_EXT_SOURCE_3,22602.950154274702,496,0.8431505210149275,0.7694442278167969
1,f001_EXT_SOURCES_sum,43787.04287528992,319,0.8431505210149275,0.7694442278167969
1,f001_EXT_SOURCE_2,15430.561754971743,390,0.8431505210149275,0.7694442278167969
1,f001_AMT_CREDIT-d-AMT_ANNUITY,13272.844332933426,578,0.8431505210149275,0.7694442278167969
1,f001_AMT_GOODS_PRICE-d-AMT_CREDIT,9547.871046543121,263,0.8431505210149275,0.7694442278167969
1,f001_AMT_GOODS_PRICE-d-AMT_ANNUITY,8576.382660627365,314,0.8431505210149275,0.7694442278167969
1,f003_OCCUPATION_TYPE_ta,4029.5681302547455,179,0.8431505210149275,0.7694442278167969
1,f001_DAYS_EMPLOYED,3242.584219098091,100,0.8431505210149275,0.7694442278167969
1,f001_EXT_SOURCES_prod,9007.8467502594,163,0.8431505210149275,0.7694442278167969
1,f001_EXT_SOURCES_2-3,3923.589020907879,188,0.8431505210149275,0.7694442278167969
1,f001_DAYS_ID_PUBLISH,2309.3378858566284,149,0.8431505210149275,0.7694442278167969
1,f001_AMT_GOODS_PRICE-s-AMT_CREDIT,4587.894663572311,202,0.8431505210149275,0.7694442278167969
1,f001_DAYS_ID_PUBLISH-s-DAYS_BIRTH,2695.562113404274,165,0.8431505210149275,0.7694442278167969
1,f001_CODE_GENDER,5694.982666015625,197,0.8431505210149275,0.7694442278167969
1,f001_DAYS_EMPLOYED-d-DAYS_BIRTH,1685.3917784690857,83,0.8431505210149275,0.7694442278167969
1,f003_NAME_EDUCATION_TYPE_ta,5197.661098003387,182,0.8431505210149275,0.7694442278167969
1,f001_EXT_SOURCE_1,3900.1969603300095,215,0.8431505210149275,0.7694442278167969
1,f001_REGION_POPULATION_RELATIVE,2129.632849216461,161,0.8431505210149275,0.7694442278167969
1,f001_EXT_SOURCES_std,1723.44278383255,111,0.8431505210149275,0.7694442278167969
1,f001_maxwell_feature,3913.887227535248,126,0.8431505210149275,0.7694442278167969
1,f003_NAME_FAMILY_STATUS_ta,2506.1329869031906,149,0.8431505210149275,0.7694442278167969
1,f101_active_AMT_GOODS_PRICE_d_total_debt_mean,1963.7888069152832,69,0.8431505210149275,0.7694442278167969
1,f001_age_finish_payment,1237.5319561362267,59,0.8431505210149275,0.7694442278167969
1,f001_AMT_ANNUITY-d-AMT_INCOME_TOTAL,1561.8442950248718,114,0.8431505210149275,0.7694442278167969
1,f001_AMT_GOODS_PRICE-s-AMT_CREDIT-d-AMT_INCOME_TOTAL,2640.3861808776855,130,0.8431505210149275,0.7694442278167969
1,f101_active_AMT_CREDIT_d_total_debt_mean,1786.6711320877075,77,0.8431505210149275,0.7694442278167969
1,f001_OWN_CAR_AGE-s-DAYS_EMPLOYED,2740.682433128357,116,0.8431505210149275,0.7694442278167969
1,f101_active_AMT_GOODS_PRICE_d_total_debt_max,937.4657297134399,58,0.8431505210149275,0.7694442278167969
1,f101_approved_AMT_ANNUITY_s_app_AMT_ANNUITY_mean,1936.7153529524803,90,0.8431505210149275,0.7694442278167969
1,f001_AMT_GOODS_PRICE,2112.243772506714,97,0.8431505210149275,0.7694442278167969
1,f001_DAYS_REGISTRATION-s-DAYS_BIRTH,839.5622909069061,69,0.8431505210149275,0.7694442278167969
1,f101_approved_AMT_ANNUITY_s_app_AMT_ANNUITY_d_app_AMT_INCOME_TOTAL_min,1323.909526348114,90,0.8431505210149275,0.7694442278167969
1,f001_DAYS_LAST_PHONE_CHANGE,922.144181728363,65,0.8431505210149275,0.7694442278167969
1,f101_approved_AMT_ANNUITY_min,839.4698188304901,65,0.8431505210149275,0.7694442278167969
1,f101_active_AMT_CREDIT_d_total_debt_min,1591.1274905204773,64,0.8431505210149275,0.7694442278167969
1,f001_OWN_CAR_AGE-d-DAYS_BIRTH,2114.280683994293,113,0.8431505210149275,0.7694442278167969
1,f101_active_AMT_GOODS_PRICE_d_total_debt_min,1958.762951374054,73,0.8431505210149275,0.7694442278167969
1,f001_EXT_SOURCES_1-2,1641.3926420211792,102,0.8431505210149275,0.7694442278167969
1,f003_ORGANIZATION_TYPE_ta,1838.0461988449097,86,0.8431505210149275,0.7694442278167969
1,f001_DAYS_REGISTRATION,686.4039614200592,44,0.8431505210149275,0.7694442278167969
1,f101_approved_AMT_ANNUITY_d_app_AMT_ANNUITY_min,1082.8522691726685,72,0.8431505210149275,0.7694442278167969
1,f001_DAYS_BIRTH,999.5884795188904,54,0.8431505210149275,0.7694442278167969
1,f001_AMT_GOODS_PRICE-d-cnt_adults,1317.381841659546,90,0.8431505210149275,0.7694442278167969
1,f001_DAYS_LAST_PHONE_CHANGE-s-DAYS_REGISTRATION,630.473153591156,47,0.8431505210149275,0.7694442278167969
1,f101_approved_AMT_ANNUITY_s_app_AMT_ANNUITY_d_app_AMT_INCOME_TOTAL_max,1343.9070496559143,58,0.8431505210149275,0.7694442278167969
1,f101_approved_AMT_ANNUITY_d_app_AMT_ANNUITY_mean,1089.5559828281403,55,0.8431505210149275,0.7694442278167969
1,f101_approved_AMT_ANNUITY_d_app_AMT_ANNUITY_max,1522.0089240074158,62,0.8431505210149275,0.7694442278167969
1,f001_DAYS_LAST_PHONE_CHANGE-s-DAYS_BIRTH,1174.9599432349205,58,0.8431505210149275,0.7694442278167969
1,f001_DAYS_EMPLOYED-s-DAYS_BIRTH-d-DAYS_LAST_PHONE_CHANGE-s-DAYS_BIRTH,1053.361484527588,63,0.8431505210149275,0.7694442278167969
1,f101_approved_AMT_ANNUITY_d_app_AMT_INCOME_TOTAL_mean,509.9238529205322,41,0.8431505210149275,0.7694442278167969
1,f001_DAYS_LAST_PHONE_CHANGE-s-DAYS_EMPLOYED,1381.7185490131378,56,0.8431505210149275,0.7694442278167969
1,f101_approved_AMT_APPLICATION_d_app_AMT_CREDIT_diff_max,352.25897097587585,29,0.8431505210149275,0.7694442278167969
1,f001_AMT_CREDIT-d-CNT_FAM_MEMBERS,1476.9915959835052,104,0.8431505210149275,0.7694442278167969
1,f101_approved_AMT_ANNUITY_s_app_AMT_ANNUITY_max,1111.7488722801208,58,0.8431505210149275,0.7694442278167969
1,f101_approved_AMT_ANNUITY_s_app_AMT_ANNUITY_d_app_AMT_INCOME_TOTAL_mean,1547.731066942215,85,0.8431505210149275,0.7694442278167969
1,f101_approved_AMT_ANNUITY_mean,793.7039723396301,55,0.8431505210149275,0.7694442278167969
1,f001_DAYS_LAST_PHONE_CHANGE-d-DAYS_BIRTH,831.5474224090576,64,0.8431505210149275,0.7694442278167969
1,f001_age,822.7371661067009,41,0.8431505210149275,0.7694442278167969
1,f101_approved_AMT_ANNUITY_s_app_AMT_GOODS_PRICE_min,1199.5849052667618,61,0.8431505210149275,0.7694442278167969
1,f001_DAYS_LAST_PHONE_CHANGE-s-DAYS_ID_PUBLISH,548.2833075523376,42,0.8431505210149275,0.7694442278167969
1,f001_alldocs_kurt,2286.1979060173035,98,0.8431505210149275,0.7694442278167969
1,f101_approved_AMT_ANNUITY_d_app_AMT_CREDIT_min,577.222749710083,45,0.8431505210149275,0.7694442278167969
1,f101_approved_AMT_APPLICATION_d_app_AMT_ANNUITY_diff_max,441.8964376449585,35,0.8431505210149275,0.7694442278167969
1,f001_OWN_CAR_AGE-d-DAYS_EMPLOYED,1942.0274748802185,95,0.8431505210149275,0.7694442278167969
1,f001_EXT_SOURCES_1-2-3,934.4233430624008,67,0.8431505210149275,0.7694442278167969
1,f101_approved_AMT_ANNUITY_d_app_AMT_INCOME_TOTAL_max,687.7585830688477,50,0.8431505210149275,0.7694442278167969
1,f101_approved_AMT_APPLICATION_mean,268.787100315094,17,0.8431505210149275,0.7694442278167969
1,f001_DAYS_ID_PUBLISH-s-DAYS_EMPLOYED,691.9503394961357,58,0.8431505210149275,0.7694442278167969
1,f101_approved_AMT_APPLICATION_d_app_AMT_ANNUITY_max,634.6912789344788,27,0.8431505210149275,0.7694442278167969
1,f101_active_interest_rate_max,1478.399362564087,81,0.8431505210149275,0.7694442278167969
1,f001_AMT_GOODS_PRICE-d-CNT_FAM_MEMBERS,1153.2095532417297,82,0.8431505210149275,0.7694442278167969
1,f001_OWN_CAR_AGE-s-DAYS_BIRTH,1183.8759487867355,83,0.8431505210149275,0.7694442278167969
1,f001_DEF_30_CNT_SOCIAL_CIRCLE-d-OBS_30_CNT_SOCIAL_CIRCLE,2066.119653224945,111,0.8431505210149275,0.7694442278167969
1,f001_DAYS_EMPLOYED-s-DAYS_BIRTH-d-DAYS_ID_PUBLISH-s-DAYS_BIRTH,956.6742260456085,65,0.8431505210149275,0.7694442278167969
1,f001_OWN_CAR_AGE,2249.045606613159,98,0.8431505210149275,0.7694442278167969
1,f101_approved_AMT_ANNUITY_d_app_AMT_CREDIT_mean,704.068127155304,39,0.8431505210149275,0.7694442278167969
1,f101_approved_AMT_APPLICATION_max,245.5571813583374,14,0.8431505210149275,0.7694442278167969
1,f101_approved_AMT_APPLICATION_s_app_AMT_ANNUITY_max,434.5676107406616,22,0.8431505210149275,0.7694442278167969
1,f101_approved_AMT_ANNUITY_d_app_AMT_ANNUITY_diff_std,453.9833688735962,34,0.8431505210149275,0.7694442278167969
1,f001_EXT_SOURCES_2-1-3,813.9522752761841,54,0.8431505210149275,0.7694442278167969
1,f101_approved_AMT_ANNUITY_max,530.750725030899,39,0.8431505210149275,0.7694442278167969
1,f101_approved_AMT_APPLICATION_d_app_AMT_INCOME_TOTAL_max,220.248948097229,19,0.8431505210149275,0.7694442278167969
1,f101_approved_AMT_APPLICATION_s_app_AMT_ANNUITY_d_app_AMT_INCOME_TOTAL_max,192.71661043167114,15,0.8431505210149275,0.7694442278167969
1,f001_building_score_mode_mean,1466.2311363220215,84,0.8431505210149275,0.7694442278167969
1,f101_approved_AMT_ANNUITY_d_app_AMT_ANNUITY_std,374.6468815803528,29,0.8431505210149275,0.7694442278167969
1,f001_building_score_medi_mean,897.4316244125366,50,0.8431505210149275,0.7694442278167969
1,f001_TOTALAREA_MODE,1029.0111727714539,64,0.8431505210149275,0.7694442278167969
1,f101_approved_AMT_APPLICATION_d_app_AMT_ANNUITY_mean,510.31609773635864,29,0.8431505210149275,0.7694442278167969
1,f101_active_AMT_CREDIT_d_total_debt_max,1076.4692854881287,59,0.8431505210149275,0.7694442278167969
1,f101_approved_AMT_APPLICATION_d_app_AMT_CREDIT_mean,260.33674716949463,15,0.8431505210149275,0.7694442278167969
1,f101_approved_AMT_ANNUITY_d_app_AMT_CREDIT_std,365.2614302635193,33,0.8431505210149275,0.7694442278167969
1,f101_approved_AMT_APPLICATION_d_app_AMT_CREDIT_max,195.58143186569214,12,0.8431505210149275,0.7694442278167969
1,f001_AMT_CREDIT-d-CNT_CHILDREN,565.5263113975525,41,0.8431505210149275,0.7694442278167969
1,f101_approved_AMT_ANNUITY_d_app_AMT_CREDIT_diff_std,419.49188232421875,34,0.8431505210149275,0.7694442278167969
1,f101_approved_AMT_ANNUITY_d_app_AMT_CREDIT_max,539.4656498432159,35,0.8431505210149275,0.7694442278167969
1,f001_DEF_60_CNT_SOCIAL_CIRCLE-d-OBS_60_CNT_SOCIAL_CIRCLE,1605.067194223404,93,0.8431505210149275,0.7694442278167969
1,f101_approved_AMT_ANNUITY_d_app_AMT_GOODS_PRICE_diff_std,225.3772623538971,19,0.8431505210149275,0.7694442278167969
1,f101_active_DAYS_LAST_DUE_1ST_VERSION_d_app_DAYS_BIRTH_mean,964.3830804824829,61,0.8431505210149275,0.7694442278167969
1,f001_FLAG_WORK_PHONE,1591.1982440948486,90,0.8431505210149275,0.7694442278167969
1,f101_approved_AMT_ANNUITY_d_app_AMT_GOODS_PRICE_mean,377.4629702568054,24,0.8431505210149275,0.7694442278167969
1,f101_approved_AMT_ANNUITY_s_app_AMT_GOODS_PRICE_max,501.83953046798706,32,0.8431505210149275,0.7694442278167969
1,f101_approved_AMT_ANNUITY_s_app_AMT_CREDIT_max,818.764012336731,43,0.8431505210149275,0.7694442278167969
1,f001_building_score_avg_mean,993.5712995529175,56,0.8431505210149275,0.7694442278167969
1,f101_approved_AMT_ANNUITY_d_app_AMT_GOODS_PRICE_max,240.5047481060028,15,0.8431505210149275,0.7694442278167969
1,f101_approved_AMT_APPLICATION_d_app_AMT_GOODS_PRICE_max,306.31566190719604,19,0.8431505210149275,0.7694442278167969
1,f101_approved_AMT_ANNUITY_s_app_AMT_CREDIT_min,553.0380845069885,29,0.8431505210149275,0.7694442278167969
1,f101_active_interest_rate_mean,857.8970918655396,54,0.8431505210149275,0.7694442278167969
1,f101_approved_AMT_ANNUITY_s_app_AMT_INCOME_TOTAL_max_div_min,455.0066485404968,33,0.8431505210149275,0.7694442278167969
1,f101_approved_AMT_ANNUITY_s_app_AMT_CREDIT_mean,458.0669631958008,17,0.8431505210149275,0.7694442278167969
1,f003_NAME_INCOME_TYPE_ta,911.9929041862488,57,0.8431505210149275,0.7694442278167969
1,f101_active_interest_rate_min,638.7112011909485,44,0.8431505210149275,0.7694442278167969
1,f101_approved_AMT_ANNUITY_s_app_AMT_GOODS_PRICE_mean,461.904034614563,28,0.8431505210149275,0.7694442278167969
1,f001_APARTMENTS_MODE,892.3666973114014,61,0.8431505210149275,0.7694442278167969
1,f101_active_DAYS_LAST_DUE_1ST_VERSION_d_app_DAYS_BIRTH_min,1029.5390791893005,62,0.8431505210149275,0.7694442278167969
1,f101_active_AMT_CREDIT_d_AMT_APPLICATION_max,266.38041830062866,16,0.8431505210149275,0.7694442278167969
1,f001_LIVINGAREA_MODE,599.8381309509277,45,0.8431505210149275,0.7694442278167969
1,f101_approved_AMT_ANNUITY_d_app_AMT_ANNUITY_diff_max,420.80924940109253,32,0.8431505210149275,0.7694442278167969
1,f001_AMT_GOODS_PRICE-d-CNT_CHILDREN,501.39642667770386,39,0.8431505210149275,0.7694442278167969
1,f001_HOUR_APPR_PROCESS_START,288.9828896522522,25,0.8431505210149275,0.7694442278167969
1,f101_active_AMT_CREDIT_d_total_debt_diff_min,298.3812599182129,22,0.8431505210149275,0.7694442278167969
1,f001_AMT_CREDIT,375.4067392349243,21,0.8431505210149275,0.7694442278167969
1,f003_NAME_HOUSING_TYPE_ta,438.13949489593506,35,0.8431505210149275,0.7694442278167969
1,f101_active_DAYS_LAST_DUE_d_app_DAYS_BIRTH_min,646.5042057037354,39,0.8431505210149275,0.7694442278167969
1,f101_active_amt_unpaid_std,942.2519989013672,59,0.8431505210149275,0.7694442278167969
1,f001_REGION_RATING_CLIENT_W_CITY,949.1842665672302,58,0.8431505210149275,0.7694442278167969
1,f001_LIVINGAREA_MEDI,748.4544060230255,44,0.8431505210149275,0.7694442278167969
1,f001_APARTMENTS_AVG,535.8590984344482,34,0.8431505210149275,0.7694442278167969
1,f101_active_AMT_CREDIT_d_total_debt_pctchange_min,337.25327014923096,26,0.8431505210149275,0.7694442278167969
1,f101_active_DAYS_LAST_DUE_1ST_VERSION_d_app_DAYS_BIRTH_max,438.65586042404175,33,0.8431505210149275,0.7694442278167969
1,f001_LIVINGAREA_AVG,479.44918990135193,34,0.8431505210149275,0.7694442278167969
1,f101_active_DAYS_LAST_DUE_1ST_VERSION_s_app_DAYS_LAST_PHONE_CHANGE_min,485.6426010131836,38,0.8431505210149275,0.7694442278167969
1,f101_approved_AMT_ANNUITY_m_app_AMT_GOODS_PRICE_d_app_AMT_INCOME_TOTAL_diff_max,481.8984389305115,39,0.8431505210149275,0.7694442278167969
1,f101_active_cnt_unpaid_sum,436.47983956336975,32,0.8431505210149275,0.7694442278167969
1,f101_approved_AMT_ANNUITY_s_app_AMT_GOODS_PRICE_std,324.4497420191765,27,0.8431505210149275,0.7694442278167969
1,f101_active_DAYS_LAST_DUE_1ST_VERSION_s_app_DAYS_ID_PUBLISH_min,448.61255073547363,38,0.8431505210149275,0.7694442278167969
1,f101_active_AMT_CREDIT_d_total_debt_diff_max,592.4025068283081,44,0.8431505210149275,0.7694442278167969
1,f001_APARTMENTS_MEDI,406.09386014938354,30,0.8431505210149275,0.7694442278167969
1,f101_active_AMT_ANNUITY_s_app_AMT_ANNUITY_d_app_AMT_INCOME_TOTAL_min,776.156982421875,55,0.8431505210149275,0.7694442278167969
1,f101_active_DAYS_TERMINATION_s_DAYS_LAST_DUE_1ST_VERSION_max,696.3632407188416,50,0.8431505210149275,0.7694442278167969
1,f101_active_cnt_paid_ratio_mean,473.5594778060913,35,0.8431505210149275,0.7694442278167969
1,f101_active_cnt_paid_ratio_min,672.7147216796875,48,0.8431505210149275,0.7694442278167969
1,f101_active_AMT_GOODS_PRICE_d_AMT_CREDIT_mean,415.8276810646057,33,0.8431505210149275,0.7694442278167969
1,f101_active_DAYS_LAST_DUE_1ST_VERSION_d_app_DAYS_EMPLOYED_mean,627.910403251648,39,0.8431505210149275,0.7694442278167969
1,f101_approved_AMT_ANNUITY_s_app_AMT_CREDIT_diff_std,189.11418914794922,18,0.8431505210149275,0.7694442278167969
1,f001_DEF_30_CNT_SOCIAL_CIRCLE,1560.1245431900024,80,0.8431505210149275,0.7694442278167969
1,f101_active_cnt_unpaid_mean,360.2087993621826,21,0.8431505210149275,0.7694442278167969
1,f101_approved_AMT_ANNUITY_s_app_AMT_GOODS_PRICE_diff_std,229.6812195777893,20,0.8431505210149275,0.7694442278167969
1,f101_active_AMT_ANNUITY_max,559.0840373039246,42,0.8431505210149275,0.7694442278167969
1,f101_active_AMT_CREDIT_d_total_debt_diff_mean,280.08283710479736,18,0.8431505210149275,0.7694442278167969
1,f101_approved_AMT_ANNUITY_s_app_AMT_ANNUITY_diff_std,209.23242664337158,13,0.8431505210149275,0.7694442278167969
1,f101_approved_AMT_ANNUITY_d_app_AMT_CREDIT_diff_max,285.6338777542114,22,0.8431505210149275,0.7694442278167969
1,f101_approved_AMT_ANNUITY_d_app_AMT_INCOME_TOTAL_diff_max,395.3471817970276,30,0.8431505210149275,0.7694442278167969
1,f101_active_DAYS_LAST_DUE_1ST_VERSION_d_app_DAYS_EMPLOYED_min,402.8954734802246,28,0.8431505210149275,0.7694442278167969
1,f101_active_DAYS_LAST_DUE_1ST_VERSION_s_app_DAYS_LAST_PHONE_CHANGE_max,278.108860462904,25,0.8431505210149275,0.7694442278167969
1,f101_active_AMT_ANNUITY_min,579.8835124969482,46,0.8431505210149275,0.7694442278167969
1,f101_approved_AMT_ANNUITY_d_app_AMT_GOODS_PRICE_diff_max,420.4087119102478,32,0.8431505210149275,0.7694442278167969
1,f001_building_score_avg_sum,705.770503282547,41,0.8431505210149275,0.7694442278167969
1,f101_active_DAYS_TERMINATION_s_DAYS_LAST_DUE_1ST_VERSION_mean,372.35400581359863,28,0.8431505210149275,0.7694442278167969
1,f101_active_AMT_GOODS_PRICE_d_AMT_CREDIT_min,331.66319942474365,18,0.8431505210149275,0.7694442278167969
1,f101_active_DAYS_TERMINATION_d_app_DAYS_BIRTH_min,434.4646258354187,27,0.8431505210149275,0.7694442278167969
1,f101_approved_AMT_ANNUITY_std,313.8560800552368,25,0.8431505210149275,0.7694442278167969
1,f001_building_score_mode_sum,1110.420824289322,56,0.8431505210149275,0.7694442278167969
1,f101_active_AMT_CREDIT_d_AMT_APPLICATION_mean,392.12918186187744,24,0.8431505210149275,0.7694442278167969
1,f101_active_AMT_ANNUITY_s_app_AMT_ANNUITY_min,643.7253170013428,43,0.8431505210149275,0.7694442278167969
1,f101_approved_AMT_GOODS_PRICE_d_total_debt_mean,9887.63607764244,263,0.8431505210149275,0.7694442278167969
1,f101_approved_HOUR_APPR_PROCESS_START_mean,1001.1719219684601,76,0.8431505210149275,0.7694442278167969
1,f101_approved_AMT_GOODS_PRICE_d_total_debt_max,3451.557158946991,113,0.8431505210149275,0.7694442278167969
1,f101_approved_interest_rate_min,2524.278516292572,113,0.8431505210149275,0.7694442278167969
1,f101_approved_DAYS_FIRST_DUE_s_app_DAYS_BIRTH_max,986.7581257820129,37,0.8431505210149275,0.7694442278167969
1,f101_approved_DAYS_DECISION_s_app_DAYS_BIRTH_max,777.8618412017822,46,0.8431505210149275,0.7694442278167969
1,f101_completed_AMT_ANNUITY_s_app_AMT_GOODS_PRICE_min,725.0298404693604,36,0.8431505210149275,0.7694442278167969
1,f101_approved_AMT_GOODS_PRICE_d_total_debt_min,1690.0616455078125,89,0.8431505210149275,0.7694442278167969
1,f101_approved_DAYS_FIRST_DRAWING_d_app_DAYS_BIRTH_min,4980.918442726135,158,0.8431505210149275,0.7694442278167969
1,f101_approved_DAYS_TERMINATION_s_DAYS_LAST_DUE_1ST_VERSION_max,2451.903256893158,165,0.8431505210149275,0.7694442278167969
1,f101_approved_AMT_CREDIT_d_total_debt_min,1124.601902961731,58,0.8431505210149275,0.7694442278167969
1,f101_approved_DAYS_LAST_DUE_d_app_DAYS_BIRTH_min,1564.1855244636536,118,0.8431505210149275,0.7694442278167969
1,f101_approved_DAYS_FIRST_DUE_s_app_DAYS_LAST_PHONE_CHANGE_max,487.536180973053,38,0.8431505210149275,0.7694442278167969
1,f101_approved_DAYS_LAST_DUE_1ST_VERSION_d_app_DAYS_BIRTH_mean,1400.9554233551025,99,0.8431505210149275,0.7694442278167969
1,f101_approved_DAYS_FIRST_DRAWING_d_app_DAYS_BIRTH_max,2745.1292839050293,101,0.8431505210149275,0.7694442278167969
1,f101_completed_AMT_ANNUITY_s_app_AMT_GOODS_PRICE_mean,263.39695835113525,15,0.8431505210149275,0.7694442278167969
1,f101_approved_DAYS_LAST_DUE_s_app_DAYS_BIRTH_max,356.32329845428467,23,0.8431505210149275,0.7694442278167969
1,f101_approved_DAYS_LAST_DUE_1ST_VERSION_d_app_DAYS_BIRTH_max,875.128725528717,63,0.8431505210149275,0.7694442278167969
1,f101_approved_DAYS_FIRST_DUE_s_DAYS_DECISIONS_std_div_mean,1853.49440407753,122,0.8431505210149275,0.7694442278167969
1,f101_approved_AMT_CREDIT_d_total_debt_mean,4243.381858348846,123,0.8431505210149275,0.7694442278167969
1,f101_approved_HOUR_APPR_PROCESS_START_max,350.0371586084366,30,0.8431505210149275,0.7694442278167969
1,f101_approved_amt_paid_sum,1341.2589881420135,61,0.8431505210149275,0.7694442278167969
1,f101_approved_DAYS_FIRST_DRAWING_d_app_DAYS_BIRTH_mean,2055.223548412323,72,0.8431505210149275,0.7694442278167969
1,f101_approved_DAYS_DECISION_d_app_DAYS_BIRTH_min,901.0291132926941,72,0.8431505210149275,0.7694442278167969
1,f101_approved_DAYS_DECISION_s_app_DAYS_LAST_PHONE_CHANGE_max,484.06318950653076,32,0.8431505210149275,0.7694442278167969
1,f101_completed_AMT_ANNUITY_s_app_AMT_ANNUITY_d_app_AMT_INCOME_TOTAL_max,1227.2483751773834,65,0.8431505210149275,0.7694442278167969
1,f101_approved_DAYS_FIRST_DUE_s_app_DAYS_EMPLOYED_max,900.4702053070068,48,0.8431505210149275,0.7694442278167969
1,f101_completed_AMT_ANNUITY_s_app_AMT_ANNUITY_mean,1128.324337720871,60,0.8431505210149275,0.7694442278167969
1,f101_approved_AMT_CREDIT_d_AMT_APPLICATION_mean,1754.892141342163,84,0.8431505210149275,0.7694442278167969
1,f101_approved_DAYS_LAST_DUE_s_app_DAYS_LAST_PHONE_CHANGE_max,414.72786378860474,29,0.8431505210149275,0.7694442278167969
1,f101_approved_DAYS_TERMINATION_s_DAYS_LAST_DUE_1ST_VERSION_min,1477.7491879463196,87,0.8431505210149275,0.7694442278167969
1,f101_approved_AMT_CREDIT_d_app_AMT_ANNUITY_mean,532.9752020835876,31,0.8431505210149275,0.7694442278167969
1,f101_completed_AMT_APPLICATION_d_app_AMT_ANNUITY_max,761.1546273231506,34,0.8431505210149275,0.7694442278167969
1,f101_approved_DAYS_FIRST_DUE_s_app_DAYS_ID_PUBLISH_max,703.5660090446472,45,0.8431505210149275,0.7694442278167969
1,f101_approved_DAYS_TERMINATION_s_DAYS_LAST_DUE_1ST_VERSION_mean,1454.5947804450989,95,0.8431505210149275,0.7694442278167969
1,f101_approved_DAYS_LAST_DUE_d_app_DAYS_EMPLOYED_min,776.3858697414398,40,0.8431505210149275,0.7694442278167969
1,f101_approved_AMT_CREDIT_d_total_debt_std_div_mean,1983.7329812049866,88,0.8431505210149275,0.7694442278167969
1,f101_approved_DAYS_FIRST_DUE_d_app_DAYS_EMPLOYED_min,1193.0584664344788,54,0.8431505210149275,0.7694442278167969
1,f101_approved_DAYS_LAST_DUE_1ST_VERSION_s_app_DAYS_EMPLOYED_max,711.1135779619217,49,0.8431505210149275,0.7694442278167969
1,f101_approved_AMT_GOODS_PRICE_d_app_AMT_ANNUITY_mean,194.42556023597717,15,0.8431505210149275,0.7694442278167969
1,f101_approved_AMT_CREDIT_d_total_debt_std,946.0194463729858,63,0.8431505210149275,0.7694442278167969
1,f101_completed_AMT_ANNUITY_s_app_AMT_ANNUITY_d_app_AMT_INCOME_TOTAL_mean,953.7352724075317,52,0.8431505210149275,0.7694442278167969
1,f101_approved_interest_rate_std,1108.39511013031,82,0.8431505210149275,0.7694442278167969
1,f101_completed_AMT_APPLICATION_d_app_AMT_ANNUITY_min,533.8337669372559,31,0.8431505210149275,0.7694442278167969
1,f101_approved_NAME_CLIENT_TYPE_New_mean,1134.9671792984009,55,0.8431505210149275,0.7694442278167969
1,f101_approved_AMT_GOODS_PRICE_d_total_debt_std_div_mean,961.5760827064514,69,0.8431505210149275,0.7694442278167969
1,f101_completed_AMT_APPLICATION_min,450.9039978981018,34,0.8431505210149275,0.7694442278167969
1,f101_completed_AMT_ANNUITY_s_app_AMT_CREDIT_min,257.22737979888916,16,0.8431505210149275,0.7694442278167969
1,f101_approved_AMT_CREDIT_d_total_debt_max,1087.0242700576782,70,0.8431505210149275,0.7694442278167969
1,f101_approved_AMT_APPLICATION_s_app_AMT_GOODS_PRICE_min,513.9475574493408,29,0.8431505210149275,0.7694442278167969
1,f101_approved_DAYS_DECISION_s_app_DAYS_EMPLOYED_max,387.9495892524719,23,0.8431505210149275,0.7694442278167969
1,f101_completed_AMT_ANNUITY_s_app_AMT_ANNUITY_max,1587.8731269836426,62,0.8431505210149275,0.7694442278167969
1,f101_approved_AMT_GOODS_PRICE_s_app_AMT_GOODS_PRICE_min,360.4032688140869,18,0.8431505210149275,0.7694442278167969
1,f101_approved_interest_rate_mean,1223.936311006546,79,0.8431505210149275,0.7694442278167969
1,f101_completed_AMT_ANNUITY_d_app_AMT_ANNUITY_min,667.1884727478027,48,0.8431505210149275,0.7694442278167969
1,f101_completed_AMT_ANNUITY_s_app_AMT_ANNUITY_d_app_AMT_INCOME_TOTAL_min,636.7389672994614,44,0.8431505210149275,0.7694442278167969
1,f101_approved_AMT_CREDIT_d_app_AMT_ANNUITY_max,800.3855264186859,44,0.8431505210149275,0.7694442278167969
1,f101_approved_DAYS_TERMINATION_s_app_DAYS_LAST_PHONE_CHANGE_max,372.20626068115234,29,0.8431505210149275,0.7694442278167969
1,f101_approved_DAYS_LAST_DUE_1ST_VERSION_d_app_DAYS_EMPLOYED_std,467.0174798965454,35,0.8431505210149275,0.7694442278167969
1,f101_completed_AMT_APPLICATION_d_app_AMT_ANNUITY_mean,665.8946738243103,29,0.8431505210149275,0.7694442278167969
1,f101_completed_AMT_ANNUITY_s_app_AMT_GOODS_PRICE_max,350.54371958971024,17,0.8431505210149275,0.7694442278167969
1,f101_approved_AMT_CREDIT_s_app_AMT_GOODS_PRICE_min,416.5872983932495,20,0.8431505210149275,0.7694442278167969
1,f101_approved_DAYS_LAST_DUE_s_app_DAYS_EMPLOYED_max,489.222487449646,33,0.8431505210149275,0.7694442278167969
1,f101_approved_DAYS_FIRST_DUE_s_app_DAYS_LAST_PHONE_CHANGE_max_div_min,619.7749290466309,47,0.8431505210149275,0.7694442278167969
1,f101_approved_DAYS_LAST_DUE_1ST_VERSION_s_app_DAYS_BIRTH_max,836.5084276199341,50,0.8431505210149275,0.7694442278167969
1,f101_approved_DAYS_LAST_DUE_1ST_VERSION_s_app_DAYS_LAST_PHONE_CHANGE_max,458.6025776863098,34,0.8431505210149275,0.7694442278167969
1,f101_approved_DAYS_LAST_DUE_s_DAYS_LAST_DUE_1ST_VERSION_std_div_mean,543.4630305767059,41,0.8431505210149275,0.7694442278167969
1,f101_approved_interest_rate_diff_std,442.7337136268616,36,0.8431505210149275,0.7694442278167969
1,f101_approved_AMT_CREDIT_s_app_AMT_CREDIT_min,410.46294689178467,22,0.8431505210149275,0.7694442278167969
1,f101_completed_AMT_ANNUITY_s_app_AMT_CREDIT_max,408.86684799194336,18,0.8431505210149275,0.7694442278167969
1,f101_approved_AMT_DOWN_PAYMENT_d_AMT_GOODS_PRICE_diff_min,497.7496199607849,41,0.8431505210149275,0.7694442278167969
1,f101_approved_AMT_CREDIT_s_app_AMT_GOODS_PRICE_mean,559.9550700187683,36,0.8431505210149275,0.7694442278167969
1,f101_approved_amt_paid_max,747.0276783257723,53,0.8431505210149275,0.7694442278167969
1,f101_approved_AMT_CREDIT_d_AMT_ANNUITY_min,539.7231502532959,45,0.8431505210149275,0.7694442278167969
1,f101_approved_AMT_GOODS_PRICE_s_app_AMT_GOODS_PRICE_mean,418.10822200775146,30,0.8431505210149275,0.7694442278167969
1,f101_completed_AMT_ANNUITY_d_app_AMT_ANNUITY_max,1094.9271144866943,47,0.8431505210149275,0.7694442278167969
1,f101_approved_AMT_GOODS_PRICE_d_app_AMT_ANNUITY_max,381.10049533843994,19,0.8431505210149275,0.7694442278167969
1,f101_completed_AMT_ANNUITY_s_app_AMT_CREDIT_mean,255.0225968360901,17,0.8431505210149275,0.7694442278167969
1,f101_approved_DAYS_TERMINATION_d_app_DAYS_EMPLOYED_min,746.6693425178528,33,0.8431505210149275,0.7694442278167969
1,f101_approved_DAYS_LAST_DUE_1ST_VERSION_s_app_DAYS_ID_PUBLISH_max,746.2056980133057,51,0.8431505210149275,0.7694442278167969
1,f101_completed_AMT_ANNUITY_d_app_AMT_INCOME_TOTAL_max,609.1337900161743,47,0.8431505210149275,0.7694442278167969
1,f101_approved_cnt_unpaid_std,2280.55957698822,73,0.8431505210149275,0.7694442278167969
1,f101_approved_DAYS_FIRST_DUE_d_app_DAYS_BIRTH_min,994.8092753887177,71,0.8431505210149275,0.7694442278167969
1,f101_approved_AMT_CREDIT_d_AMT_APPLICATION_max,601.5544357299805,45,0.8431505210149275,0.7694442278167969
1,f101_completed_AMT_ANNUITY_min,616.3880043029785,48,0.8431505210149275,0.7694442278167969
1,f101_approved_DAYS_DECISION_s_app_DAYS_ID_PUBLISH_max,622.7083973884583,42,0.8431505210149275,0.7694442278167969
1,f101_approved_AMT_APPLICATION_s_app_AMT_CREDIT_min,559.4959325790405,25,0.8431505210149275,0.7694442278167969
1,f101_completed_AMT_ANNUITY_d_app_AMT_INCOME_TOTAL_mean,634.9678466320038,44,0.8431505210149275,0.7694442278167969
1,f101_approved_DAYS_TERMINATION_d_app_DAYS_LAST_PHONE_CHANGE_max_div_min,766.9005041122437,48,0.8431505210149275,0.7694442278167969
1,f101_approved_DAYS_TERMINATION_s_app_DAYS_EMPLOYED_max,544.943380355835,30,0.8431505210149275,0.7694442278167969
1,f101_completed_AMT_APPLICATION_mean,196.74811840057373,16,0.8431505210149275,0.7694442278167969
1,f101_approved_DAYS_LAST_DUE_d_app_DAYS_LAST_PHONE_CHANGE_max_div_min,1511.919349193573,90,0.8431505210149275,0.7694442278167969
1,f101_completed_AMT_APPLICATION_d_app_AMT_INCOME_TOTAL_mean,232.34728908538818,15,0.8431505210149275,0.7694442278167969
1,f101_completed_AMT_ANNUITY_mean,699.4030704498291,43,0.8431505210149275,0.7694442278167969
1,f101_approved_DAYS_LAST_DUE_s_app_DAYS_LAST_PHONE_CHANGE_mean,412.49034881591797,32,0.8431505210149275,0.7694442278167969
1,f101_approved_AMT_DOWN_PAYMENT_max,1188.7627863883972,61,0.8431505210149275,0.7694442278167969
1,f101_approved_DAYS_DECISION_d_app_DAYS_EMPLOYED_std_div_mean,595.4630222320557,44,0.8431505210149275,0.7694442278167969
1,f101_approved_DAYS_LAST_DUE_s_app_DAYS_ID_PUBLISH_max,618.5999660491943,42,0.8431505210149275,0.7694442278167969
1,f101_approved_AMT_CREDIT_d_AMT_ANNUITY_max_div_min,713.5317702293396,54,0.8431505210149275,0.7694442278167969
1,f101_approved_DAYS_LAST_DUE_1ST_VERSION_s_app_DAYS_LAST_PHONE_CHANGE_mean,755.0078620910645,51,0.8431505210149275,0.7694442278167969
1,f101_approved_interest_rate_max,744.735072851181,59,0.8431505210149275,0.7694442278167969
1,f101_completed_AMT_APPLICATION_d_app_AMT_CREDIT_min,232.72352933883667,18,0.8431505210149275,0.7694442278167969
1,f101_approved_DAYS_LAST_DUE_s_DAYS_FIRST_DUE_max,525.8380012512207,41,0.8431505210149275,0.7694442278167969
1,f101_approved_AMT_GOODS_PRICE_d_app_AMT_CREDIT_mean,415.99541997909546,27,0.8431505210149275,0.7694442278167969
1,f101_approved_DAYS_FIRST_DRAWING_s_DAYS_DECISIONS_max,1064.1184296607971,68,0.8431505210149275,0.7694442278167969
1,f101_approved_DAYS_TERMINATION_s_app_DAYS_ID_PUBLISH_max,489.0228033065796,36,0.8431505210149275,0.7694442278167969
1,f101_completed_AMT_ANNUITY_d_app_AMT_ANNUITY_mean,831.8375860452652,43,0.8431505210149275,0.7694442278167969
1,f101_approved_DAYS_FIRST_DUE_s_app_DAYS_LAST_PHONE_CHANGE_mean,515.0481898784637,40,0.8431505210149275,0.7694442278167969
1,f101_approved_DAYS_DECISION_d_app_DAYS_EMPLOYED_min,904.2942233085632,55,0.8431505210149275,0.7694442278167969
1,f101_approved_AMT_GOODS_PRICE_d_AMT_CREDIT_mean,1120.8424588441849,64,0.8431505210149275,0.7694442278167969
1,f101_completed_AMT_APPLICATION_d_app_AMT_CREDIT_max,685.7116022109985,27,0.8431505210149275,0.7694442278167969
1,f101_completed_AMT_APPLICATION_d_app_AMT_INCOME_TOTAL_max,251.01051652431488,17,0.8431505210149275,0.7694442278167969
1,f101_approved_DAYS_FIRST_DUE_d_app_DAYS_EMPLOYED_std_div_mean,397.85582399368286,31,0.8431505210149275,0.7694442278167969
1,f101_approved_AMT_GOODS_PRICE_d_AMT_CREDIT_min,596.401792049408,38,0.8431505210149275,0.7694442278167969
1,f101_approved_DAYS_TERMINATION_s_DAYS_LAST_DUE_1ST_VERSION_std,538.2072520256042,39,0.8431505210149275,0.7694442278167969
1,f101_approved_AMT_GOODS_PRICE_d_total_debt_pctchange_std,321.8042674064636,28,0.8431505210149275,0.7694442278167969
1,f101_completed_AMT_ANNUITY_d_app_AMT_CREDIT_min,448.88655042648315,35,0.8431505210149275,0.7694442278167969
1,f101_approved_DAYS_TERMINATION_s_app_DAYS_LAST_PHONE_CHANGE_mean,423.12783765792847,30,0.8431505210149275,0.7694442278167969
1,f101_approved_AMT_APPLICATION_s_app_AMT_GOODS_PRICE_mean,721.417121887207,48,0.8431505210149275,0.7694442278167969
1,f101_approved_AMT_DOWN_PAYMENT_std,1084.9826707839966,65,0.8431505210149275,0.7694442278167969
1,f101_approved_CHANNEL_TYPE_AP___Cash_loan__mean,1416.7369451522827,85,0.8431505210149275,0.7694442278167969
1,f101_approved_AMT_CREDIT_d_total_debt_pctchange_std,545.3722910881042,37,0.8431505210149275,0.7694442278167969
1,f101_completed_AMT_ANNUITY_max,653.3386907577515,43,0.8431505210149275,0.7694442278167969
1,f101_approved_cnt_paid_ratio_std_div_mean,627.9729180335999,33,0.8431505210149275,0.7694442278167969
1,f101_completed_AMT_APPLICATION_d_app_AMT_CREDIT_mean,203.75481176376343,10,0.8431505210149275,0.7694442278167969
1,f101_approved_DAYS_TERMINATION_s_app_DAYS_BIRTH_max,318.2139730453491,22,0.8431505210149275,0.7694442278167969
1,f101_approved_DAYS_DECISION_d_app_DAYS_EMPLOYED_mean,457.38845109939575,30,0.8431505210149275,0.7694442278167969
1,f101_approved_DAYS_LAST_DUE_d_app_DAYS_EMPLOYED_std_div_mean,392.6290421485901,28,0.8431505210149275,0.7694442278167969
1,f101_approved_DAYS_LAST_DUE_1ST_VERSION_s_app_DAYS_REGISTRATION_max,459.70362216234207,34,0.8431505210149275,0.7694442278167969
1,f101_approved_DAYS_LAST_DUE_1ST_VERSION_s_app_DAYS_ID_PUBLISH_mean,514.1007194519043,39,0.8431505210149275,0.7694442278167969
1,f101_approved_DAYS_TERMINATION_d_app_DAYS_EMPLOYED_std_div_mean,465.7498607635498,36,0.8431505210149275,0.7694442278167969
1,f101_approved_AMT_GOODS_PRICE_s_app_AMT_CREDIT_min,295.57752618193626,15,0.8431505210149275,0.7694442278167969
1,f101_approved_DAYS_FIRST_DUE_s_app_DAYS_ID_PUBLISH_min,393.03260135650635,27,0.8431505210149275,0.7694442278167969
1,f101_approved_AMT_DOWN_PAYMENT_d_AMT_GOODS_PRICE_diff_std,347.7633628845215,24,0.8431505210149275,0.7694442278167969
1,f101_approved_DAYS_FIRST_DUE_d_app_DAYS_EMPLOYED_mean,397.58136081695557,32,0.8431505210149275,0.7694442278167969
1,f101_approved_cnt_paid_ratio_mean,443.14038705825806,28,0.8431505210149275,0.7694442278167969
1,f101_approved_AMT_CREDIT_d_total_debt_diff_std,292.96159076690674,23,0.8431505210149275,0.7694442278167969
1,f101_approved_AMT_GOODS_PRICE_d_app_AMT_GOODS_PRICE_diff_max,448.6263484954834,34,0.8431505210149275,0.7694442278167969
1,f101_approved_AMT_CREDIT_s_app_AMT_INCOME_TOTAL_max,431.99688053131104,32,0.8431505210149275,0.7694442278167969
1,f101_approved_AMT_GOODS_PRICE_d_app_AMT_ANNUITY_diff_max,326.27822956442833,28,0.8431505210149275,0.7694442278167969
1,f101_approved_DAYS_DECISION_s_app_DAYS_ID_PUBLISH_mean,503.70277321338654,37,0.8431505210149275,0.7694442278167969
1,f101_approved_DAYS_DECISION_s_app_DAYS_LAST_PHONE_CHANGE_mean,326.33453702926636,24,0.8431505210149275,0.7694442278167969
1,f101_approved_AMT_DOWN_PAYMENT_mean,770.3385815620422,49,0.8431505210149275,0.7694442278167969
1,f101_approved_DAYS_LAST_DUE_1ST_VERSION_s_DAYS_DECISIONS_mean,880.9942739009857,55,0.8431505210149275,0.7694442278167969
1,f101_approved_AMT_CREDIT_d_app_AMT_CREDIT_max,443.28912019729614,27,0.8431505210149275,0.7694442278167969
1,f101_approved_NAME_PRODUCT_TYPE_x_sell_mean,248.36167734861374,20,0.8431505210149275,0.7694442278167969
1,f101_approved_AMT_DOWN_PAYMENT_d_AMT_GOODS_PRICE_std,308.52685022354126,23,0.8431505210149275,0.7694442278167969
1,f101_approved_DAYS_LAST_DUE_1ST_VERSION_s_app_DAYS_EMPLOYED_mean,431.8567705154419,29,0.8431505210149275,0.7694442278167969
1,f101_approved_DAYS_DECISION_s_app_DAYS_BIRTH_mean,546.2400660514832,30,0.8431505210149275,0.7694442278167969
1,f101_approved_DAYS_LAST_DUE_s_DAYS_LAST_DUE_1ST_VERSION_std,526.4181199073792,32,0.8431505210149275,0.7694442278167969
1,f101_completed_AMT_APPLICATION_d_app_AMT_GOODS_PRICE_mean,298.84603214263916,16,0.8431505210149275,0.7694442278167969
1,f101_approved_AMT_GOODS_PRICE_d_app_AMT_INCOME_TOTAL_max,179.45293998718262,15,0.8431505210149275,0.7694442278167969
1,f101_completed_AMT_APPLICATION_d_app_AMT_GOODS_PRICE_max,160.0322003364563,13,0.8431505210149275,0.7694442278167969
1,f101_approved_NAME_YIELD_GROUP_high_mean,651.1062873601913,27,0.8431505210149275,0.7694442278167969
1,f101_approved_DAYS_TERMINATION_s_app_DAYS_REGISTRATION_max,337.9660816192627,24,0.8431505210149275,0.7694442278167969
1,f101_approved_DAYS_LAST_DUE_1ST_VERSION_s_DAYS_DECISIONS_std,318.0723788738251,25,0.8431505210149275,0.7694442278167969
1,f101_completed_AMT_APPLICATION_d_app_AMT_ANNUITY_diff_mean,351.5541410446167,25,0.8431505210149275,0.7694442278167969
1,f101_approved_AMT_GOODS_PRICE_s_app_AMT_ANNUITY_d_app_AMT_INCOME_TOTAL_max,279.89088010787964,19,0.8431505210149275,0.7694442278167969
1,f101_completed_AMT_APPLICATION_d_app_AMT_CREDIT_diff_std,287.75723218917847,19,0.8431505210149275,0.7694442278167969
1,f101_approved_AMT_GOODS_PRICE_d_app_AMT_CREDIT_diff_max,336.3861861228943,27,0.8431505210149275,0.7694442278167969
1,f101_approved_AMT_GOODS_PRICE_d_app_AMT_CREDIT_max,216.42985105514526,15,0.8431505210149275,0.7694442278167969
1,f101_approved_cnt_paid_max_div_min,166.19539999961853,14,0.8431505210149275,0.7694442278167969
1,f101_approved_DAYS_TERMINATION_d_app_DAYS_EMPLOYED_mean,215.3479986190796,17,0.8431505210149275,0.7694442278167969
1,f101_approved_DAYS_LAST_DUE_1ST_VERSION_s_app_DAYS_EMPLOYED_min,238.59675931930542,16,0.8431505210149275,0.7694442278167969
1,f101_approved_cnt_paid_sum,429.79903173446655,29,0.8431505210149275,0.7694442278167969
1,f101_approved_DAYS_LAST_DUE_1ST_VERSION_s_DAYS_DECISIONS_min,441.56568908691406,33,0.8431505210149275,0.7694442278167969
1,f101_approved_DAYS_LAST_DUE_s_app_DAYS_ID_PUBLISH_min,166.64414954185486,15,0.8431505210149275,0.7694442278167969
1,f101_approved_NAME_SELLER_INDUSTRY_Connectivity_mean,992.7210159301758,69,0.8431505210149275,0.7694442278167969
1,f101_approved_DAYS_TERMINATION_s_app_DAYS_ID_PUBLISH_min,218.15022897720337,16,0.8431505210149275,0.7694442278167969
1,f101_approved_DAYS_FIRST_DUE_s_app_DAYS_ID_PUBLISH_mean,354.0656623840332,29,0.8431505210149275,0.7694442278167969
1,f101_completed_AMT_ANNUITY_d_app_AMT_CREDIT_max,354.56319189071655,17,0.8431505210149275,0.7694442278167969
1,f101_completed_AMT_ANNUITY_d_app_AMT_CREDIT_mean,339.5903272628784,21,0.8431505210149275,0.7694442278167969
1,f101_approved_DAYS_LAST_DUE_s_app_DAYS_REGISTRATION_max,409.56876051425934,31,0.8431505210149275,0.7694442278167969
1,f101_approved_RATE_DOWN_PAYMENT_std,409.4768887013197,33,0.8431505210149275,0.7694442278167969
1,f101_completed_AMT_ANNUITY_s_app_AMT_ANNUITY_d_app_AMT_INCOME_TOTAL_pctchange_max,298.3868818283081,20,0.8431505210149275,0.7694442278167969
1,f101_approved_DAYS_LAST_DUE_1ST_VERSION_s_app_DAYS_REGISTRATION_mean,316.92673909664154,24,0.8431505210149275,0.7694442278167969
1,f101_completed_AMT_ANNUITY_d_app_AMT_ANNUITY_std,456.6724224090576,34,0.8431505210149275,0.7694442278167969
1,f101_approved_cnt_unpaid_mean,415.41275548934937,28,0.8431505210149275,0.7694442278167969
1,f101_approved_AMT_DOWN_PAYMENT_d_AMT_GOODS_PRICE_mean,689.3040833473206,54,0.8431505210149275,0.7694442278167969
1,f101_completed_AMT_ANNUITY_s_app_AMT_ANNUITY_d_app_AMT_INCOME_TOTAL_pctchange_mean,302.45158077031374,26,0.8431505210149275,0.7694442278167969
1,f101_approved_DAYS_FIRST_DUE_s_app_DAYS_REGISTRATION_max,422.530499458313,30,0.8431505210149275,0.7694442278167969
1,f101_approved_DAYS_LAST_DUE_1ST_VERSION_s_app_DAYS_BIRTH_min,561.2053904533386,36,0.8431505210149275,0.7694442278167969
1,f101_approved_cnt_unpaid_max,428.7124300003052,24,0.8431505210149275,0.7694442278167969
1,f101_approved_DAYS_FIRST_DUE_s_app_DAYS_BIRTH_min,718.4494872093201,38,0.8431505210149275,0.7694442278167969
1,f101_approved_DAYS_FIRST_DUE_s_app_DAYS_BIRTH_max_div_min,590.7386422157288,35,0.8431505210149275,0.7694442278167969
1,f101_approved_DAYS_LAST_DUE_s_app_DAYS_BIRTH_mean,241.8347659111023,19,0.8431505210149275,0.7694442278167969
1,f101_approved_DAYS_FIRST_DRAWING_s_app_DAYS_EMPLOYED_min,861.4564895629883,50,0.8431505210149275,0.7694442278167969
1,f101_approved_cnt_paid_ratio_std,250.91364002227783,18,0.8431505210149275,0.7694442278167969
1,f101_approved_DAYS_LAST_DUE_s_app_DAYS_ID_PUBLISH_mean,238.84435892105103,20,0.8431505210149275,0.7694442278167969
1,f101_completed_AMT_ANNUITY_d_app_AMT_GOODS_PRICE_max,301.25861978530884,21,0.8431505210149275,0.7694442278167969
1,f101_approved_DAYS_LAST_DUE_1ST_VERSION_s_app_DAYS_BIRTH_max_div_min,604.438937664032,43,0.8431505210149275,0.7694442278167969
1,f101_approved_DAYS_TERMINATION_s_app_DAYS_ID_PUBLISH_mean,203.15663051605225,17,0.8431505210149275,0.7694442278167969
1,f101_approved_AMT_GOODS_PRICE_d_app_AMT_GOODS_PRICE_max,240.31786060333252,17,0.8431505210149275,0.7694442278167969
1,f101_approved_DAYS_DECISION_s_app_DAYS_EMPLOYED_mean,306.3531103134155,21,0.8431505210149275,0.7694442278167969
1,f101_approved_AMT_APPLICATION_s_app_AMT_INCOME_TOTAL_max,199.93521928787231,17,0.8431505210149275,0.7694442278167969
1,f101_completed_AMT_APPLICATION_d_app_AMT_INCOME_TOTAL_std,364.2005796432495,25,0.8431505210149275,0.7694442278167969
1,f101_approved_AMT_CREDIT_max,282.30621910095215,19,0.8431505210149275,0.7694442278167969
1,f101_approved_AMT_CREDIT_d_AMT_APPLICATION_min,387.60138019919395,30,0.8431505210149275,0.7694442278167969
1,f101_approved_DAYS_FIRST_DRAWING_s_DAYS_DECISIONS_min,1346.1028079986572,72,0.8431505210149275,0.7694442278167969
1,f101_approved_AMT_GOODS_PRICE_mean,216.06866121292114,18,0.8431505210149275,0.7694442278167969
1,f101_approved_RATE_DOWN_PAYMENT_mean,402.01092052459717,29,0.8431505210149275,0.7694442278167969
1,f101_approved_DAYS_DECISION_s_app_DAYS_REGISTRATION_max,392.48126697540283,27,0.8431505210149275,0.7694442278167969
1,f101_approved_DAYS_TERMINATION_s_app_DAYS_BIRTH_mean,238.09305810928345,14,0.8431505210149275,0.7694442278167969
1,f101_approved_AMT_APPLICATION_s_app_AMT_ANNUITY_mean,337.1135997772217,19,0.8431505210149275,0.7694442278167969
1,f101_approved_DAYS_LAST_DUE_1ST_VERSION_s_app_DAYS_BIRTH_mean,653.6561403274536,41,0.8431505210149275,0.7694442278167969
1,f101_completed_AMT_ANNUITY_s_app_AMT_ANNUITY_pctchange_max,403.40447890758514,33,0.8431505210149275,0.7694442278167969
1,f101_approved_DAYS_LAST_DUE_d_app_DAYS_EMPLOYED_mean,242.973970413208,19,0.8431505210149275,0.7694442278167969
1,f101_completed_AMT_APPLICATION_d_app_AMT_GOODS_PRICE_diff_max,218.62348747253418,15,0.8431505210149275,0.7694442278167969
1,f101_approved_cnt_unpaid_sum,203.2857494354248,16,0.8431505210149275,0.7694442278167969
1,f101_approved_AMT_DOWN_PAYMENT_d_AMT_GOODS_PRICE_max,484.2083706855774,32,0.8431505210149275,0.7694442278167969
1,f101_completed_AMT_ANNUITY_d_app_AMT_GOODS_PRICE_mean,260.92820739746094,19,0.8431505210149275,0.7694442278167969
1,f101_approved_DAYS_FIRST_DRAWING_s_app_DAYS_BIRTH_max,855.8361873626709,55,0.8431505210149275,0.7694442278167969
1,f101_approved_DAYS_FIRST_DUE_s_app_DAYS_REGISTRATION_mean,266.02999114990234,17,0.8431505210149275,0.7694442278167969
1,f101_completed_AMT_ANNUITY_s_app_AMT_ANNUITY_pctchange_mean,226.30096864700317,18,0.8431505210149275,0.7694442278167969
1,f101_approved_DAYS_FIRST_DUE_s_app_DAYS_EMPLOYED_mean,434.63250827789307,29,0.8431505210149275,0.7694442278167969
1,f101_approved_DAYS_TERMINATION_s_app_DAYS_REGISTRATION_mean,285.2987699508667,19,0.8431505210149275,0.7694442278167969
1,f101_approved_DAYS_LAST_DUE_s_app_DAYS_EMPLOYED_mean,215.88223242759705,18,0.8431505210149275,0.7694442278167969
1,f101_approved_AMT_CREDIT_s_app_AMT_ANNUITY_mean,280.96640157699585,22,0.8431505210149275,0.7694442278167969
1,f101_approved_AMT_CREDIT_mean,302.18117928504944,25,0.8431505210149275,0.7694442278167969
1,f101_approved_AMT_GOODS_PRICE_s_app_AMT_ANNUITY_max,207.02423334121704,15,0.8431505210149275,0.7694442278167969
1,f101_approved_CNT_PAYMENT_std,333.53977155685425,22,0.8431505210149275,0.7694442278167969
1,f101_approved_DAYS_LAST_DUE_1ST_VERSION_s_app_DAYS_REGISTRATION_min,414.25793194770813,33,0.8431505210149275,0.7694442278167969
1,f101_approved_DAYS_TERMINATION_s_app_DAYS_EMPLOYED_min,298.17008209228516,23,0.8431505210149275,0.7694442278167969
1,f101_approved_DAYS_LAST_DUE_s_DAYS_FIRST_DRAWING_max,1282.7955713272095,83,0.8431505210149275,0.7694442278167969
1,f101_completed_AMT_APPLICATION_d_app_AMT_CREDIT_diff_max,146.71969985961914,7,0.8431505210149275,0.7694442278167969
1,f101_approved_AMT_GOODS_PRICE_s_app_AMT_INCOME_TOTAL_max,300.4370174407959,22,0.8431505210149275,0.7694442278167969
1,f101_approved_DAYS_DECISION_s_app_DAYS_ID_PUBLISH_min,352.7567102909088,27,0.8431505210149275,0.7694442278167969
1,f101_approved_amt_unpaid_std,441.27501010894775,28,0.8431505210149275,0.7694442278167969
1,f101_approved_DAYS_TERMINATION_s_app_DAYS_BIRTH_min,194.30894088745117,14,0.8431505210149275,0.7694442278167969
1,f101_approved_DAYS_LAST_DUE_s_DAYS_LAST_DUE_1ST_VERSION_mean,628.7422426939011,38,0.8431505210149275,0.7694442278167969
1,f101_approved_amt_unpaid_mean,274.23706340789795,20,0.8431505210149275,0.7694442278167969
1,f101_approved_DAYS_LAST_DUE_s_app_DAYS_REGISTRATION_min,413.24039632081985,29,0.8431505210149275,0.7694442278167969
1,f101_completed_AMT_APPLICATION_m_app_AMT_GOODS_PRICE_d_app_AMT_INCOME_TOTAL_diff_mean,418.9402289390564,28,0.8431505210149275,0.7694442278167969
1,f101_approved_DAYS_LAST_DUE_1ST_VERSION_s_DAYS_FIRST_DUE_std,350.09170365333557,21,0.8431505210149275,0.7694442278167969
1,f101_approved_AMT_GOODS_PRICE_max,127.75205039978027,9,0.8431505210149275,0.7694442278167969
1,f101_approved_DAYS_DECISION_s_app_DAYS_BIRTH_max_div_min,425.70878314971924,31,0.8431505210149275,0.7694442278167969
1,f101_approved_DAYS_LAST_DUE_s_app_DAYS_EMPLOYED_min,190.70198106765747,14,0.8431505210149275,0.7694442278167969
1,f101_approved_DAYS_DECISION_s_app_DAYS_REGISTRATION_min,333.841717004776,24,0.8431505210149275,0.7694442278167969
1,f101_approved_DAYS_FIRST_DUE_s_app_DAYS_REGISTRATION_min,366.1430516242981,25,0.8431505210149275,0.7694442278167969
1,f101_approved_AMT_GOODS_PRICE_s_app_AMT_ANNUITY_mean,182.41529083251953,16,0.8431505210149275,0.7694442278167969
1,f101_approved_DAYS_LAST_DUE_s_app_DAYS_REGISTRATION_mean,290.293662071228,23,0.8431505210149275,0.7694442278167969
1,f101_completed_AMT_APPLICATION_d_app_AMT_GOODS_PRICE_std,72.71758842468262,6,0.8431505210149275,0.7694442278167969
1,f101_completed_AMT_ANNUITY_d_app_AMT_GOODS_PRICE_std,273.16554975509644,17,0.8431505210149275,0.7694442278167969
1,f101_approved_DAYS_LAST_DUE_s_app_DAYS_BIRTH_min,242.47607898712158,14,0.8431505210149275,0.7694442278167969
1,f101_completed_AMT_APPLICATION_d_app_AMT_INCOME_TOTAL_diff_mean,340.6354193687439,20,0.8431505210149275,0.7694442278167969
1,f101_approved_DAYS_TERMINATION_s_app_DAYS_EMPLOYED_mean,303.3170700073242,22,0.8431505210149275,0.7694442278167969
1,f101_approved_DAYS_FIRST_DUE_s_app_DAYS_BIRTH_mean,416.83345890045166,29,0.8431505210149275,0.7694442278167969
1,f101_approved_AMT_CREDIT_s_app_AMT_ANNUITY_max,311.4552116394043,21,0.8431505210149275,0.7694442278167969
1,f101_completed_AMT_APPLICATION_d_app_AMT_ANNUITY_std,175.16159772872925,9,0.8431505210149275,0.7694442278167969
1,f101_approved_DAYS_FIRST_DRAWING_s_DAYS_DECISIONS_mean,312.6386933326721,15,0.8431505210149275,0.7694442278167969
1,f101_approved_CHANNEL_TYPE_Stone_sum,112.03507995605469,10,0.8431505210149275,0.7694442278167969
1,f101_completed_AMT_APPLICATION_d_app_AMT_ANNUITY_diff_max,144.48480832576752,10,0.8431505210149275,0.7694442278167969
1,f101_approved_DAYS_FIRST_DUE_s_app_DAYS_EMPLOYED_min,213.79646921157837,17,0.8431505210149275,0.7694442278167969
1,f101_completed_AMT_ANNUITY_d_app_AMT_ANNUITY_diff_max,523.8617701530457,40,0.8431505210149275,0.7694442278167969
1,f101_approved_PRODUCT_COMBINATION_POS_household_with_interest_sum,72.82489967346191,6,0.8431505210149275,0.7694442278167969
1,f101_approved_NAME_TYPE_SUITE_Unaccompanied_sum,241.60731744766235,22,0.8431505210149275,0.7694442278167969
1,f101_completed_AMT_ANNUITY_d_app_AMT_CREDIT_std,302.7283172607422,19,0.8431505210149275,0.7694442278167969
1,f101_completed_DAYS_DECISION_d_app_DAYS_EMPLOYED_min,2377.800908088684,57,0.8431505210149275,0.7694442278167969
1,f101_completed_AMT_GOODS_PRICE_d_total_debt_max,573.9415740966797,36,0.8431505210149275,0.7694442278167969
1,f101_completed_HOUR_APPR_PROCESS_START_mean,760.4664268493652,60,0.8431505210149275,0.7694442278167969
1,f101_completed_AMT_GOODS_PRICE_d_total_debt_mean,629.7368609905243,51,0.8431505210149275,0.7694442278167969
1,f101_completed_HOUR_APPR_PROCESS_START_max,410.6425590515137,31,0.8431505210149275,0.7694442278167969
1,f101_completed_AMT_CREDIT_d_total_debt_pctchange_mean,785.5450959801674,52,0.8431505210149275,0.7694442278167969
1,f101_completed_AMT_GOODS_PRICE_d_app_AMT_ANNUITY_mean,370.5695958137512,23,0.8431505210149275,0.7694442278167969
1,f101_completed_DAYS_FIRST_DUE_d_app_DAYS_EMPLOYED_min,1618.4010648727417,50,0.8431505210149275,0.7694442278167969
1,f101_completed_AMT_CREDIT_s_app_AMT_GOODS_PRICE_min,225.55806875228882,15,0.8431505210149275,0.7694442278167969
1,f101_completed_DAYS_TERMINATION_d_app_DAYS_BIRTH_min,706.8684906959534,49,0.8431505210149275,0.7694442278167969
1,f101_completed_DAYS_LAST_DUE_1ST_VERSION_d_app_DAYS_BIRTH_min,664.0988388061523,52,0.8431505210149275,0.7694442278167969
1,f101_completed_DAYS_DECISION_s_app_DAYS_BIRTH_max,378.42889976501465,15,0.8431505210149275,0.7694442278167969
1,f101_completed_AMT_CREDIT_d_total_debt_mean,585.8452498912811,49,0.8431505210149275,0.7694442278167969
1,f101_completed_AMT_CREDIT_s_app_AMT_CREDIT_min,211.40687942504883,14,0.8431505210149275,0.7694442278167969
1,f101_completed_AMT_CREDIT_d_total_debt_max,771.3983979225159,54,0.8431505210149275,0.7694442278167969
1,f101_completed_AMT_GOODS_PRICE_d_app_AMT_ANNUITY_min,374.11749935150146,22,0.8431505210149275,0.7694442278167969
1,f101_completed_AMT_GOODS_PRICE_s_app_AMT_GOODS_PRICE_min,128.59293937683105,10,0.8431505210149275,0.7694442278167969
1,f101_completed_AMT_GOODS_PRICE_d_app_AMT_ANNUITY_max,1262.5472030639648,42,0.8431505210149275,0.7694442278167969
1,f101_completed_AMT_APPLICATION_s_app_AMT_GOODS_PRICE_min,138.46014022827148,9,0.8431505210149275,0.7694442278167969
1,f101_completed_AMT_CREDIT_d_app_AMT_ANNUITY_min,522.2164895534515,36,0.8431505210149275,0.7694442278167969
1,f101_completed_DAYS_LAST_DUE_s_DAYS_DECISIONS_max,461.40696907043457,38,0.8431505210149275,0.7694442278167969
1,f101_completed_AMT_GOODS_PRICE_d_total_debt_min,768.3903019428253,55,0.8431505210149275,0.7694442278167969
1,f101_completed_DAYS_LAST_DUE_s_DAYS_LAST_DUE_1ST_VERSION_std,426.14690828323364,32,0.8431505210149275,0.7694442278167969
1,f101_completed_DAYS_LAST_DUE_d_app_DAYS_BIRTH_min,622.6041212081909,46,0.8431505210149275,0.7694442278167969
1,f101_completed_AMT_DOWN_PAYMENT_max,684.5974307060242,41,0.8431505210149275,0.7694442278167969
1,f101_completed_AMT_CREDIT_d_AMT_APPLICATION_max,696.7523913383484,56,0.8431505210149275,0.7694442278167969
1,f101_completed_AMT_CREDIT_s_app_AMT_GOODS_PRICE_mean,255.96789932250977,18,0.8431505210149275,0.7694442278167969
1,f101_completed_AMT_APPLICATION_s_app_AMT_CREDIT_min,183.73412990570068,12,0.8431505210149275,0.7694442278167969
1,f101_completed_DAYS_TERMINATION_s_app_DAYS_LAST_PHONE_CHANGE_max,315.6580982208252,25,0.8431505210149275,0.7694442278167969
1,f101_completed_NAME_CLIENT_TYPE_New_mean,284.5915470123291,18,0.8431505210149275,0.7694442278167969
1,f101_completed_AMT_CREDIT_d_total_debt_min,626.7501635551453,51,0.8431505210149275,0.7694442278167969
1,f101_completed_AMT_GOODS_PRICE_d_app_AMT_CREDIT_min,279.37191903591156,20,0.8431505210149275,0.7694442278167969
1,f101_completed_AMT_GOODS_PRICE_s_app_AMT_CREDIT_min,134.91345882415771,9,0.8431505210149275,0.7694442278167969
1,f101_completed_AMT_GOODS_PRICE_d_AMT_ANNUITY_max,1015.7263207435608,64,0.8431505210149275,0.7694442278167969
1,f101_completed_DAYS_FIRST_DUE_s_app_DAYS_BIRTH_max,240.42728757858276,16,0.8431505210149275,0.7694442278167969
1,f101_completed_DAYS_FIRST_DUE_s_app_DAYS_LAST_PHONE_CHANGE_max,331.7542395591736,26,0.8431505210149275,0.7694442278167969
1,f101_completed_DAYS_LAST_DUE_s_app_DAYS_LAST_PHONE_CHANGE_max,462.1732006072998,31,0.8431505210149275,0.7694442278167969
1,f101_completed_AMT_CREDIT_d_AMT_APPLICATION_mean,522.3771562576294,41,0.8431505210149275,0.7694442278167969
1,f101_completed_DAYS_DECISION_s_app_DAYS_LAST_PHONE_CHANGE_max,203.70024967193604,16,0.8431505210149275,0.7694442278167969
1,f101_completed_AMT_GOODS_PRICE_d_app_AMT_CREDIT_max,282.1607265472412,15,0.8431505210149275,0.7694442278167969
1,f101_completed_AMT_CREDIT_d_AMT_ANNUITY_max,552.5367612838745,43,0.8431505210149275,0.7694442278167969
1,f101_completed_DAYS_DECISION_d_app_DAYS_BIRTH_min,397.13489961624146,32,0.8431505210149275,0.7694442278167969
1,f101_completed_AMT_GOODS_PRICE_d_AMT_ANNUITY_mean,991.8228763341904,80,0.8431505210149275,0.7694442278167969
1,f101_completed_DAYS_LAST_DUE_s_app_DAYS_BIRTH_max,240.20913863182068,17,0.8431505210149275,0.7694442278167969
1,f101_completed_AMT_GOODS_PRICE_min,434.52714586257935,35,0.8431505210149275,0.7694442278167969
1,f101_completed_AMT_CREDIT_d_app_AMT_ANNUITY_mean,370.4131941795349,22,0.8431505210149275,0.7694442278167969
1,f101_completed_AMT_GOODS_PRICE_d_total_debt_pctchange_std,565.4924097061157,43,0.8431505210149275,0.7694442278167969
1,f101_completed_AMT_DOWN_PAYMENT_std,903.9146640300751,47,0.8431505210149275,0.7694442278167969
1,f101_completed_AMT_CREDIT_d_total_debt_pctchange_std,359.62595319747925,26,0.8431505210149275,0.7694442278167969
1,f101_completed_AMT_DOWN_PAYMENT_d_AMT_GOODS_PRICE_diff_min,274.7518014907837,20,0.8431505210149275,0.7694442278167969
1,f101_completed_DAYS_FIRST_DUE_d_app_DAYS_BIRTH_min,558.304868221283,43,0.8431505210149275,0.7694442278167969
1,f101_completed_DAYS_TERMINATION_s_app_DAYS_LAST_PHONE_CHANGE_mean,337.5309896469116,26,0.8431505210149275,0.7694442278167969
1,f101_completed_AMT_GOODS_PRICE_d_app_AMT_CREDIT_mean,319.8008508682251,15,0.8431505210149275,0.7694442278167969
1,f101_completed_AMT_CREDIT_d_total_debt_std_div_mean,539.4731116294861,36,0.8431505210149275,0.7694442278167969
1,f101_completed_DAYS_FIRST_DUE_s_DAYS_DECISIONS_min,990.8459701538086,64,0.8431505210149275,0.7694442278167969
1,f101_completed_DAYS_FIRST_DUE_s_app_DAYS_LAST_PHONE_CHANGE_max_div_min,482.8101518750191,36,0.8431505210149275,0.7694442278167969
1,f101_completed_DAYS_LAST_DUE_1ST_VERSION_s_app_DAYS_ID_PUBLISH_max,314.6993808746338,24,0.8431505210149275,0.7694442278167969
1,f101_completed_AMT_GOODS_PRICE_d_AMT_CREDIT_mean,513.4582786560059,37,0.8431505210149275,0.7694442278167969
1,f101_completed_DAYS_TERMINATION_s_app_DAYS_ID_PUBLISH_max,232.95025873184204,19,0.8431505210149275,0.7694442278167969
1,f101_completed_AMT_GOODS_PRICE_d_AMT_ANNUITY_pctchange_max,314.88225984573364,25,0.8431505210149275,0.7694442278167969
1,f101_completed_DAYS_LAST_DUE_1ST_VERSION_d_app_DAYS_EMPLOYED_min,559.133044719696,39,0.8431505210149275,0.7694442278167969
1,f101_completed_DAYS_TERMINATION_s_app_DAYS_EMPLOYED_max,353.02439975738525,23,0.8431505210149275,0.7694442278167969
1,f101_completed_DAYS_FIRST_DUE_s_app_DAYS_ID_PUBLISH_max,322.40365982055664,19,0.8431505210149275,0.7694442278167969
1,f101_completed_DAYS_FIRST_DUE_s_app_DAYS_EMPLOYED_max,523.373345375061,28,0.8431505210149275,0.7694442278167969
1,f101_completed_AMT_CREDIT_d_AMT_APPLICATION_min,422.5973892211914,28,0.8431505210149275,0.7694442278167969
1,f101_completed_DAYS_LAST_DUE_s_app_DAYS_ID_PUBLISH_max,319.5784869194031,22,0.8431505210149275,0.7694442278167969
1,f101_completed_AMT_DOWN_PAYMENT_mean,616.5353035926819,40,0.8431505210149275,0.7694442278167969
1,f101_completed_DAYS_LAST_DUE_1ST_VERSION_s_DAYS_DECISIONS_min,486.1397705078125,37,0.8431505210149275,0.7694442278167969
1,f101_completed_DAYS_DECISION_s_app_DAYS_ID_PUBLISH_max,343.7053122520447,24,0.8431505210149275,0.7694442278167969
1,f101_completed_DAYS_TERMINATION_s_app_DAYS_BIRTH_max,258.15198850631714,18,0.8431505210149275,0.7694442278167969
1,f101_completed_AMT_CREDIT_d_app_AMT_CREDIT_max,280.9475984573364,19,0.8431505210149275,0.7694442278167969
1,f101_completed_AMT_CREDIT_d_app_AMT_ANNUITY_max,380.5607075691223,20,0.8431505210149275,0.7694442278167969
1,f101_completed_DAYS_LAST_DUE_1ST_VERSION_s_app_DAYS_LAST_PHONE_CHANGE_max,519.4201149940491,37,0.8431505210149275,0.7694442278167969
1,f101_completed_AMT_GOODS_PRICE_d_app_AMT_GOODS_PRICE_max,170.0268898010254,10,0.8431505210149275,0.7694442278167969
1,f101_completed_AMT_CREDIT_s_app_AMT_INCOME_TOTAL_max,673.3557662963867,45,0.8431505210149275,0.7694442278167969
1,f101_completed_AMT_GOODS_PRICE_d_AMT_ANNUITY_diff_max,372.6749334335327,29,0.8431505210149275,0.7694442278167969
1,f101_completed_AMT_APPLICATION_s_app_AMT_GOODS_PRICE_mean,201.38305187225342,14,0.8431505210149275,0.7694442278167969
1,f101_completed_DAYS_LAST_DUE_1ST_VERSION_d_app_DAYS_EMPLOYED_std_div_mean,349.71998023986816,31,0.8431505210149275,0.7694442278167969
1,f101_completed_HOUR_APPR_PROCESS_START_max_div_min,312.81170070171356,22,0.8431505210149275,0.7694442278167969
1,f101_completed_DAYS_LAST_DUE_s_DAYS_FIRST_DUE_max_div_min,308.99830961227417,24,0.8431505210149275,0.7694442278167969
1,f101_completed_NAME_YIELD_GROUP_high_mean,274.01948833465576,22,0.8431505210149275,0.7694442278167969
1,f101_completed_AMT_GOODS_PRICE_d_app_AMT_INCOME_TOTAL_mean,227.84374904632568,18,0.8431505210149275,0.7694442278167969
1,f101_completed_AMT_CREDIT_d_AMT_ANNUITY_pctchange_max,340.8424801826477,23,0.8431505210149275,0.7694442278167969
1,f101_completed_DAYS_LAST_DUE_s_app_DAYS_EMPLOYED_max,151.0418996810913,10,0.8431505210149275,0.7694442278167969
1,f101_completed_DAYS_DECISION_s_app_DAYS_EMPLOYED_max,776.4956617355347,44,0.8431505210149275,0.7694442278167969
1,f101_completed_DAYS_LAST_DUE_1ST_VERSION_s_app_DAYS_BIRTH_max,234.50123977661133,14,0.8431505210149275,0.7694442278167969
1,f101_completed_AMT_GOODS_PRICE_d_app_AMT_CREDIT_diff_std,218.8201413154602,17,0.8431505210149275,0.7694442278167969
1,f101_completed_AMT_CREDIT_d_app_AMT_GOODS_PRICE_max,174.59891176223755,14,0.8431505210149275,0.7694442278167969
1,f101_completed_DAYS_LAST_DUE_1ST_VERSION_d_app_DAYS_EMPLOYED_mean,240.49419033527374,21,0.8431505210149275,0.7694442278167969
1,f101_completed_AMT_CREDIT_d_app_AMT_INCOME_TOTAL_mean,186.10693979263306,16,0.8431505210149275,0.7694442278167969
1,f101_completed_AMT_GOODS_PRICE_s_app_AMT_GOODS_PRICE_mean,180.63400173187256,11,0.8431505210149275,0.7694442278167969
1,f101_completed_amt_paid_sum,569.882824420929,30,0.8431505210149275,0.7694442278167969
1,f101_completed_DAYS_TERMINATION_d_app_DAYS_EMPLOYED_min,400.6802797317505,22,0.8431505210149275,0.7694442278167969
1,f101_completed_AMT_CREDIT_d_app_AMT_GOODS_PRICE_mean,205.37396907806396,17,0.8431505210149275,0.7694442278167969
1,f101_completed_AMT_CREDIT_d_AMT_ANNUITY_diff_max,298.70705938339233,25,0.8431505210149275,0.7694442278167969
1,f101_completed_DAYS_LAST_DUE_1ST_VERSION_s_app_DAYS_LAST_PHONE_CHANGE_mean,314.35584235191345,25,0.8431505210149275,0.7694442278167969
1,f101_completed_DAYS_LAST_DUE_1ST_VERSION_s_app_DAYS_EMPLOYED_max,448.4308705329895,26,0.8431505210149275,0.7694442278167969
1,f101_completed_DAYS_TERMINATION_s_app_DAYS_REGISTRATION_max,199.99274969100952,17,0.8431505210149275,0.7694442278167969
1,f101_completed_DAYS_LAST_DUE_d_app_DAYS_LAST_PHONE_CHANGE_max_div_min,383.92578077316284,28,0.8431505210149275,0.7694442278167969
1,f101_completed_AMT_CREDIT_d_total_debt_diff_std,272.1686382293701,20,0.8431505210149275,0.7694442278167969
1,f101_completed_DAYS_TERMINATION_s_DAYS_DECISIONS_max_div_min,314.0730004310608,24,0.8431505210149275,0.7694442278167969
1,f101_completed_AMT_GOODS_PRICE_d_app_AMT_CREDIT_diff_mean,295.0175886154175,21,0.8431505210149275,0.7694442278167969
1,f101_completed_AMT_CREDIT_d_total_debt_max_div_min,170.18598747253418,13,0.8431505210149275,0.7694442278167969
1,f101_completed_DAYS_TERMINATION_d_app_DAYS_LAST_PHONE_CHANGE_max_div_min,179.83220100402832,15,0.8431505210149275,0.7694442278167969
1,f101_completed_AMT_GOODS_PRICE_d_app_AMT_GOODS_PRICE_mean,102.97974967956543,8,0.8431505210149275,0.7694442278167969
1,f101_completed_AMT_GOODS_PRICE_mean,246.95205211639404,17,0.8431505210149275,0.7694442278167969
1,f101_completed_DAYS_LAST_DUE_d_app_DAYS_EMPLOYED_mean,307.9689521789551,22,0.8431505210149275,0.7694442278167969
1,f101_completed_AMT_DOWN_PAYMENT_d_AMT_GOODS_PRICE_mean,330.9656300544739,27,0.8431505210149275,0.7694442278167969
1,f101_completed_amt_paid_max,276.8200778067112,23,0.8431505210149275,0.7694442278167969
1,f101_completed_DAYS_LAST_DUE_s_DAYS_LAST_DUE_1ST_VERSION_max,262.92756843566895,19,0.8431505210149275,0.7694442278167969
1,f101_completed_DAYS_LAST_DUE_s_app_DAYS_REGISTRATION_max,274.58929920196533,18,0.8431505210149275,0.7694442278167969
1,f101_completed_AMT_CREDIT_d_app_AMT_CREDIT_mean,214.76473236083984,15,0.8431505210149275,0.7694442278167969
1,f101_completed_DAYS_LAST_DUE_s_app_DAYS_LAST_PHONE_CHANGE_mean,294.0640535354614,26,0.8431505210149275,0.7694442278167969
1,f101_completed_DAYS_TERMINATION_s_app_DAYS_BIRTH_min,200.70142030715942,13,0.8431505210149275,0.7694442278167969
1,f101_completed_AMT_GOODS_PRICE_d_AMT_CREDIT_max,374.53203147649765,26,0.8431505210149275,0.7694442278167969
1,f101_completed_DAYS_TERMINATION_s_app_DAYS_ID_PUBLISH_mean,302.4412384033203,22,0.8431505210149275,0.7694442278167969
1,f101_completed_AMT_CREDIT_mean,292.3756685256958,21,0.8431505210149275,0.7694442278167969
1,f101_completed_DAYS_FIRST_DUE_s_app_DAYS_LAST_PHONE_CHANGE_mean,240.08253240585327,19,0.8431505210149275,0.7694442278167969
1,f101_completed_DAYS_TERMINATION_d_app_DAYS_EMPLOYED_mean,302.6398115158081,22,0.8431505210149275,0.7694442278167969
1,f101_completed_AMT_APPLICATION_s_app_AMT_ANNUITY_mean,176.83665943145752,11,0.8431505210149275,0.7694442278167969
1,f101_completed_DAYS_TERMINATION_s_app_DAYS_ID_PUBLISH_min,225.70604801177979,16,0.8431505210149275,0.7694442278167969
1,f101_completed_AMT_CREDIT_s_app_AMT_ANNUITY_d_app_AMT_INCOME_TOTAL_mean,325.57361936569214,19,0.8431505210149275,0.7694442278167969
1,f101_completed_AMT_GOODS_PRICE_d_app_AMT_ANNUITY_diff_mean,245.5794997215271,20,0.8431505210149275,0.7694442278167969
1,f101_completed_DAYS_DECISION_s_app_DAYS_LAST_PHONE_CHANGE_mean,175.15354204177856,13,0.8431505210149275,0.7694442278167969
1,f101_completed_DAYS_TERMINATION_s_app_DAYS_REGISTRATION_min,433.69861936569214,31,0.8431505210149275,0.7694442278167969
1,f101_completed_DAYS_FIRST_DUE_s_app_DAYS_REGISTRATION_max,269.98329615592957,21,0.8431505210149275,0.7694442278167969
1,f101_completed_AMT_APPLICATION_s_app_AMT_INCOME_TOTAL_max,348.2839984893799,25,0.8431505210149275,0.7694442278167969
1,f101_completed_DAYS_LAST_DUE_s_DAYS_LAST_DUE_1ST_VERSION_max_div_min,150.5202178955078,12,0.8431505210149275,0.7694442278167969
1,f101_completed_DAYS_LAST_DUE_1ST_VERSION_s_app_DAYS_REGISTRATION_max,208.5416374206543,16,0.8431505210149275,0.7694442278167969
1,f101_completed_DAYS_TERMINATION_s_app_DAYS_EMPLOYED_min,163.78901958465576,13,0.8431505210149275,0.7694442278167969
1,f101_completed_DAYS_LAST_DUE_1ST_VERSION_s_app_DAYS_ID_PUBLISH_min,269.78409004211426,21,0.8431505210149275,0.7694442278167969
1,f101_completed_amt_paid_mean,265.56249809265137,19,0.8431505210149275,0.7694442278167969
1,f101_completed_AMT_GOODS_PRICE_s_app_AMT_INCOME_TOTAL_max,222.73994135856628,18,0.8431505210149275,0.7694442278167969
1,f101_completed_DAYS_LAST_DUE_s_app_DAYS_ID_PUBLISH_min,168.16919946670532,13,0.8431505210149275,0.7694442278167969
1,f101_completed_DAYS_LAST_DUE_s_app_DAYS_BIRTH_mean,221.53107070922852,14,0.8431505210149275,0.7694442278167969
1,f101_completed_DAYS_TERMINATION_d_app_DAYS_LAST_PHONE_CHANGE_std_div_mean,403.1186499595642,31,0.8431505210149275,0.7694442278167969
1,f101_completed_DAYS_DECISION_s_app_DAYS_REGISTRATION_max,278.2515892982483,19,0.8431505210149275,0.7694442278167969
1,f101_completed_AMT_GOODS_PRICE_d_app_AMT_INCOME_TOTAL_max,267.38683009147644,20,0.8431505210149275,0.7694442278167969
1,f101_completed_AMT_GOODS_PRICE_d_total_debt_max_div_min,430.08053556084633,33,0.8431505210149275,0.7694442278167969
1,f101_completed_AMT_CREDIT_d_app_AMT_INCOME_TOTAL_max,230.21153163909912,15,0.8431505210149275,0.7694442278167969
1,f101_completed_AMT_CREDIT_s_app_AMT_ANNUITY_max,251.7910623550415,15,0.8431505210149275,0.7694442278167969
1,f101_completed_DAYS_TERMINATION_s_app_DAYS_REGISTRATION_mean,191.80649089813232,15,0.8431505210149275,0.7694442278167969
1,f101_completed_DAYS_LAST_DUE_d_app_DAYS_LAST_PHONE_CHANGE_std_div_mean,367.20630168914795,29,0.8431505210149275,0.7694442278167969
1,f101_completed_DAYS_LAST_DUE_d_app_DAYS_EMPLOYED_min,528.7879109382629,21,0.8431505210149275,0.7694442278167969
1,f101_completed_AMT_GOODS_PRICE_d_app_AMT_ANNUITY_std,120.75783014297485,9,0.8431505210149275,0.7694442278167969
1,f101_completed_AMT_DOWN_PAYMENT_d_AMT_GOODS_PRICE_max,288.8127226829529,19,0.8431505210149275,0.7694442278167969
1,f101_completed_DAYS_DECISION_d_app_DAYS_LAST_PHONE_CHANGE_max_div_min,231.23207664489746,15,0.8431505210149275,0.7694442278167969
1,f101_completed_DAYS_FIRST_DUE_s_app_DAYS_ID_PUBLISH_mean,231.81182289123535,17,0.8431505210149275,0.7694442278167969
1,f101_completed_AMT_APPLICATION_s_app_AMT_CREDIT_d_app_AMT_INCOME_TOTAL_diff_mean,318.79151153564453,22,0.8431505210149275,0.7694442278167969
1,f101_completed_DAYS_TERMINATION_s_app_DAYS_BIRTH_mean,210.45049953460693,12,0.8431505210149275,0.7694442278167969
1,f101_completed_AMT_CREDIT_s_app_AMT_ANNUITY_mean,314.64744758605957,20,0.8431505210149275,0.7694442278167969
1,f101_completed_AMT_CREDIT_d_app_AMT_GOODS_PRICE_std,202.00379991531372,14,0.8431505210149275,0.7694442278167969
1,f101_completed_RATE_DOWN_PAYMENT_mean,332.0137891769409,26,0.8431505210149275,0.7694442278167969
1,f101_completed_AMT_GOODS_PRICE_s_app_AMT_ANNUITY_max,525.088041305542,25,0.8431505210149275,0.7694442278167969
1,f101_completed_DAYS_LAST_DUE_1ST_VERSION_s_app_DAYS_BIRTH_mean,180.4431972503662,11,0.8431505210149275,0.7694442278167969
1,f101_completed_AMT_GOODS_PRICE_d_AMT_ANNUITY_max_div_min,220.870121717453,15,0.8431505210149275,0.7694442278167969
1,f101_completed_NAME_PRODUCT_TYPE_walk_in_mean,678.3354110717773,39,0.8431505210149275,0.7694442278167969
1,f101_completed_AMT_GOODS_PRICE_d_app_AMT_ANNUITY_diff_max,348.98208141326904,26,0.8431505210149275,0.7694442278167969
1,f101_completed_AMT_GOODS_PRICE_s_app_AMT_ANNUITY_d_app_AMT_INCOME_TOTAL_mean,552.5278043746948,32,0.8431505210149275,0.7694442278167969
1,f101_completed_DAYS_LAST_DUE_s_app_DAYS_BIRTH_min,232.9432725906372,17,0.8431505210149275,0.7694442278167969
1,f101_completed_DAYS_LAST_DUE_s_app_DAYS_REGISTRATION_mean,154.58787894248962,11,0.8431505210149275,0.7694442278167969
1,f101_completed_AMT_GOODS_PRICE_s_app_AMT_ANNUITY_mean,182.2997407913208,11,0.8431505210149275,0.7694442278167969
1,f101_completed_AMT_GOODS_PRICE_d_app_AMT_GOODS_PRICE_std,104.35879135131836,8,0.8431505210149275,0.7694442278167969
1,f101_completed_DAYS_DECISION_d_app_DAYS_EMPLOYED_max,285.80400371551514,20,0.8431505210149275,0.7694442278167969
1,f101_completed_AMT_CREDIT_d_app_AMT_ANNUITY_std,210.10389137268066,17,0.8431505210149275,0.7694442278167969
1,f101_completed_DAYS_DECISION_s_app_DAYS_ID_PUBLISH_min,236.339759349823,19,0.8431505210149275,0.7694442278167969
1,f101_completed_DAYS_LAST_DUE_1ST_VERSION_s_app_DAYS_BIRTH_min,284.7450819015503,18,0.8431505210149275,0.7694442278167969
1,f101_completed_DAYS_LAST_DUE_1ST_VERSION_s_app_DAYS_ID_PUBLISH_mean,246.95867204666138,20,0.8431505210149275,0.7694442278167969
1,f101_completed_amt_paid_max_div_min,261.89223861694336,21,0.8431505210149275,0.7694442278167969
1,f101_completed_DAYS_DECISION_d_app_DAYS_LAST_PHONE_CHANGE_std_div_mean,186.95588850975037,15,0.8431505210149275,0.7694442278167969
1,f101_completed_DAYS_TERMINATION_d_app_DAYS_EMPLOYED_std_div_mean,392.2404775619507,24,0.8431505210149275,0.7694442278167969
1,f101_completed_NAME_SELLER_INDUSTRY_Connectivity_mean,94.3703498840332,8,0.8431505210149275,0.7694442278167969
1,f101_completed_AMT_CREDIT_s_app_AMT_ANNUITY_d_app_AMT_INCOME_TOTAL_max,226.39950942993164,14,0.8431505210149275,0.7694442278167969
1,f101_completed_DAYS_TERMINATION_s_app_DAYS_EMPLOYED_mean,259.1031885147095,20,0.8431505210149275,0.7694442278167969
1,f101_completed_AMT_CREDIT_d_app_AMT_ANNUITY_diff_max,467.729688167572,34,0.8431505210149275,0.7694442278167969
1,f101_completed_DAYS_FIRST_DUE_d_app_DAYS_LAST_PHONE_CHANGE_max_div_min,419.5129814147949,23,0.8431505210149275,0.7694442278167969
1,f101_completed_AMT_GOODS_PRICE_d_app_AMT_CREDIT_diff_max,275.23232078552246,21,0.8431505210149275,0.7694442278167969
2,f101_completed_DAYS_FIRST_DUE_s_app_DAYS_EMPLOYED_min,588.6499934196472,35,0.7780836022786467,0.6727286740205766
2,f101_completed_AMT_CREDIT_d_AMT_APPLICATION_max_div_min,565.4187006950378,47,0.7780836022786467,0.6727286740205766
2,f101_completed_DAYS_LAST_DUE_s_app_DAYS_ID_PUBLISH_mean,1957.06734598428,148,0.7780836022786467,0.6727286740205766
2,f101_completed_DAYS_DECISION_d_app_DAYS_EMPLOYED_mean,4817.211142539978,99,0.7780836022786467,0.6727286740205766
2,f101_completed_DAYS_LAST_DUE_1ST_VERSION_s_app_DAYS_REGISTRATION_min,517.1230396032333,43,0.7780836022786467,0.6727286740205766
2,f101_completed_AMT_CREDIT_d_app_AMT_CREDIT_diff_max,1145.8543293476105,78,0.7780836022786467,0.6727286740205766
2,f101_completed_RATE_DOWN_PAYMENT_max,5488.769239783287,255,0.7780836022786467,0.6727286740205766
2,f101_completed_DAYS_FIRST_DUE_d_app_DAYS_EMPLOYED_max,1040.1503877677023,88,0.7780836022786467,0.6727286740205766
2,f101_completed_DAYS_DECISION_s_app_DAYS_ID_PUBLISH_mean,3227.733076170087,183,0.7780836022786467,0.6727286740205766
2,f101_completed_AMT_CREDIT_d_AMT_ANNUITY_max_div_min,784.8093476295471,52,0.7780836022786467,0.6727286740205766
2,f101_completed_AMT_APPLICATION_s_app_AMT_ANNUITY_d_app_AMT_INCOME_TOTAL_mean,2557.6134719848633,147,0.7780836022786467,0.6727286740205766
2,f101_completed_DAYS_FIRST_DUE_d_app_DAYS_EMPLOYED_mean,1697.2913809120655,85,0.7780836022786467,0.6727286740205766
2,f101_completed_DAYS_DECISION_s_app_DAYS_EMPLOYED_min,539.9216439723969,35,0.7780836022786467,0.6727286740205766
2,f101_completed_AMT_GOODS_PRICE_max,2348.9900974035263,82,0.7780836022786467,0.6727286740205766
2,f101_completed_DAYS_FIRST_DUE_s_app_DAYS_ID_PUBLISH_min,1130.1198109090328,96,0.7780836022786467,0.6727286740205766
2,f101_completed_AMT_CREDIT_max,849.9608705043793,58,0.7780836022786467,0.6727286740205766
2,f101_completed_DAYS_LAST_DUE_s_app_DAYS_EMPLOYED_min,642.8398396670818,58,0.7780836022786467,0.6727286740205766
2,f101_completed_DAYS_LAST_DUE_s_DAYS_FIRST_DUE_max,618.1628853082657,63,0.7780836022786467,0.6727286740205766
2,f101_completed_AMT_APPLICATION_s_app_AMT_ANNUITY_max,6524.039163397625,196,0.7780836022786467,0.6727286740205766
2,f101_completed_DAYS_FIRST_DUE_s_app_DAYS_EMPLOYED_mean,2608.1273547410965,95,0.7780836022786467,0.6727286740205766
2,f101_completed_DAYS_FIRST_DUE_d_app_DAYS_LAST_PHONE_CHANGE_std_div_mean,3022.0608981847763,150,0.7780836022786467,0.6727286740205766
2,f101_completed_AMT_GOODS_PRICE_d_app_AMT_GOODS_PRICE_diff_max,1197.379198551178,91,0.7780836022786467,0.6727286740205766
2,f101_completed_AMT_GOODS_PRICE_d_app_AMT_CREDIT_std,1653.7666985988617,93,0.7780836022786467,0.6727286740205766
2,f101_completed_DAYS_LAST_DUE_s_app_DAYS_REGISTRATION_min,680.4899105429649,59,0.7780836022786467,0.6727286740205766
2,f101_completed_DAYS_FIRST_DUE_s_app_DAYS_BIRTH_min,862.0315153598785,64,0.7780836022786467,0.6727286740205766
2,f101_completed_DAYS_DECISION_s_app_DAYS_BIRTH_min,1087.6408603191376,53,0.7780836022786467,0.6727286740205766
2,f101_completed_DAYS_LAST_DUE_1ST_VERSION_s_app_DAYS_EMPLOYED_mean,1916.279592871666,80,0.7780836022786467,0.6727286740205766
2,f101_completed_AMT_CREDIT_d_app_AMT_GOODS_PRICE_diff_max,868.022742152214,57,0.7780836022786467,0.6727286740205766
2,f101_completed_DAYS_DECISION_s_app_DAYS_EMPLOYED_mean,3059.401223242283,101,0.7780836022786467,0.6727286740205766
2,f101_completed_DAYS_LAST_DUE_1ST_VERSION_s_DAYS_DECISIONS_max_div_min,646.515593290329,57,0.7780836022786467,0.6727286740205766
2,f101_completed_DAYS_LAST_DUE_1ST_VERSION_s_app_DAYS_EMPLOYED_min,606.8426869511604,42,0.7780836022786467,0.6727286740205766
2,f101_completed_AMT_APPLICATION_s_app_AMT_ANNUITY_d_app_AMT_INCOME_TOTAL_max,2567.497941970825,162,0.7780836022786467,0.6727286740205766
2,f101_completed_DAYS_LAST_DUE_s_app_DAYS_EMPLOYED_mean,1410.3757712841034,78,0.7780836022786467,0.6727286740205766
2,f101_completed_DAYS_DECISION_s_app_DAYS_BIRTH_mean,8068.390735268593,139,0.7780836022786467,0.6727286740205766
2,f101_completed_AMT_APPLICATION_max,2612.4188199043274,97,0.7780836022786467,0.6727286740205766
2,f101_completed_AMT_CREDIT_d_app_AMT_CREDIT_std,715.8799560070038,57,0.7780836022786467,0.6727286740205766
2,f101_completed_DAYS_FIRST_DUE_s_app_DAYS_REGISTRATION_mean,1196.7323346138,88,0.7780836022786467,0.6727286740205766
2,f101_completed_NAME_GOODS_CATEGORY_Mobile_mean,352.6435697078705,37,0.7780836022786467,0.6727286740205766
2,f101_completed_DAYS_LAST_DUE_d_app_DAYS_EMPLOYED_std_div_mean,1292.9395714998245,117,0.7780836022786467,0.6727286740205766
2,f101_completed_DAYS_FIRST_DUE_s_app_DAYS_REGISTRATION_min,460.6389636397362,37,0.7780836022786467,0.6727286740205766
2,f101_completed_DAYS_DECISION_s_app_DAYS_BIRTH_max_div_min,3261.7174501419067,126,0.7780836022786467,0.6727286740205766
2,f101_completed_AMT_GOODS_PRICE_d_app_AMT_GOODS_PRICE_pctchange_max,1374.2230339050293,103,0.7780836022786467,0.6727286740205766
2,f101_completed_DAYS_DECISION_s_app_DAYS_REGISTRATION_min,490.71649289131165,40,0.7780836022786467,0.6727286740205766
2,f101_completed_AMT_GOODS_PRICE_d_AMT_CREDIT_max_div_min,772.8869500160217,56,0.7780836022786467,0.6727286740205766
2,f101_completed_DAYS_FIRST_DUE_s_app_DAYS_BIRTH_mean,7911.532679319382,127,0.7780836022786467,0.6727286740205766
2,f101_completed_interest_rate_min,3036.140575170517,135,0.7780836022786467,0.6727286740205766
2,f101_completed_total_debt_max,974.2819700539112,76,0.7780836022786467,0.6727286740205766
2,f101_nyg_high_AMT_GOODS_PRICE_d_total_debt_mean,8214.66331064701,113,0.7780836022786467,0.6727286740205766
2,f101_nyg_high_AMT_GOODS_PRICE_d_total_debt_min,6498.07336473465,86,0.7780836022786467,0.6727286740205766
2,f101_completed_total_debt_diff_mean,2382.837098002434,169,0.7780836022786467,0.6727286740205766
2,f101_nyg_high_DAYS_DECISION_s_app_DAYS_BIRTH_min,604.1727991104126,40,0.7780836022786467,0.6727286740205766
2,f101_nyg_high_DAYS_DECISION_s_app_DAYS_EMPLOYED_max,1110.1249749660492,65,0.7780836022786467,0.6727286740205766
2,f101_nyg_high_DAYS_DECISION_d_app_DAYS_BIRTH_min,2901.8629078269005,122,0.7780836022786467,0.6727286740205766
2,f101_nyg_high_DAYS_DECISION_s_app_DAYS_BIRTH_mean,440.827841758728,31,0.7780836022786467,0.6727286740205766
2,f101_completed_total_debt_mean,756.2431101053953,74,0.7780836022786467,0.6727286740205766
2,f101_nyg_high_DAYS_DECISION_d_app_DAYS_BIRTH_mean,2933.1475868225098,129,0.7780836022786467,0.6727286740205766
2,f101_nyg_high_DAYS_DECISION_s_app_DAYS_BIRTH_max,596.9473013877869,39,0.7780836022786467,0.6727286740205766
2,f101_completed_interest_rate_mean,1567.364289522171,104,0.7780836022786467,0.6727286740205766
2,f101_nyg_high_AMT_CREDIT_d_total_debt_min,4592.042109966278,86,0.7780836022786467,0.6727286740205766
2,f101_completed_interest_rate_std_div_mean,1766.715359210968,113,0.7780836022786467,0.6727286740205766
2,f101_completed_total_debt_diff_max,995.9984161555767,82,0.7780836022786467,0.6727286740205766
2,f101_nyg_high_DAYS_DECISION_s_app_DAYS_EMPLOYED_min,306.08310198783875,26,0.7780836022786467,0.6727286740205766
2,f101_nyg_high_DAYS_DECISION_s_app_DAYS_EMPLOYED_mean,311.55524921417236,23,0.7780836022786467,0.6727286740205766
2,f101_completed_interest_rate_max,1193.7760617136955,116,0.7780836022786467,0.6727286740205766
2,f101_nyg_high_AMT_ANNUITY_s_app_AMT_GOODS_PRICE_min,2921.4613099098206,141,0.7780836022786467,0.6727286740205766
2,f101_nyg_high_DAYS_DECISION_d_app_DAYS_BIRTH_max,1170.380517423153,69,0.7780836022786467,0.6727286740205766
2,f101_completed_interest_rate_max_div_min,1320.7616144418716,64,0.7780836022786467,0.6727286740205766
2,f101_nyg_high_DAYS_DECISION_s_app_DAYS_REGISTRATION_max,370.1899299621582,33,0.7780836022786467,0.6727286740205766
2,f101_nyg_high_DAYS_DECISION_d_app_DAYS_LAST_PHONE_CHANGE_max_div_min,1343.4533557891846,97,0.7780836022786467,0.6727286740205766
2,f101_completed_cnt_paid_sum,505.62577080726624,41,0.7780836022786467,0.6727286740205766
2,f101_completed_total_debt_max_div_min,1373.0101801902056,69,0.7780836022786467,0.6727286740205766
2,f101_completed_total_debt_pctchange_std_div_mean,973.807290315628,88,0.7780836022786467,0.6727286740205766
2,f101_nyg_high_DAYS_DECISION_s_app_DAYS_REGISTRATION_mean,94.85191988945007,11,0.7780836022786467,0.6727286740205766
2,f101_nyg_high_AMT_GOODS_PRICE_d_AMT_ANNUITY_diff_min,853.8819117546082,67,0.7780836022786467,0.6727286740205766
2,f101_nyg_high_AMT_ANNUITY_s_app_AMT_GOODS_PRICE_mean,1661.889267206192,86,0.7780836022786467,0.6727286740205766
2,f101_nyg_high_DAYS_DECISION_s_app_DAYS_REGISTRATION_min,381.95315742492676,32,0.7780836022786467,0.6727286740205766
2,f101_nyg_high_AMT_GOODS_PRICE_d_total_debt_max,750.544732093811,49,0.7780836022786467,0.6727286740205766
2,f101_completed_cnt_paid_min,723.4129536747932,52,0.7780836022786467,0.6727286740205766
2,f101_nyg_high_AMT_CREDIT_s_app_AMT_CREDIT_d_app_AMT_INCOME_TOTAL_max,916.6851317882538,68,0.7780836022786467,0.6727286740205766
2,f101_nyg_high_AMT_ANNUITY_s_app_AMT_CREDIT_max,1105.8315148353577,64,0.7780836022786467,0.6727286740205766
2,f101_nyg_high_AMT_ANNUITY_s_app_AMT_INCOME_TOTAL_max,758.5585141181946,65,0.7780836022786467,0.6727286740205766
2,f101_nyg_high_AMT_GOODS_PRICE_d_AMT_CREDIT_mean,689.9325655698776,51,0.7780836022786467,0.6727286740205766
2,f101_nyg_high_AMT_ANNUITY_s_app_AMT_GOODS_PRICE_max,1021.5796146392822,57,0.7780836022786467,0.6727286740205766
2,f101_nyg_high_AMT_CREDIT_s_app_AMT_ANNUITY_d_app_AMT_INCOME_TOTAL_min,1001.4849307537079,66,0.7780836022786467,0.6727286740205766
2,f101_nyg_high_AMT_CREDIT_s_app_AMT_ANNUITY_min,1615.4479067325592,88,0.7780836022786467,0.6727286740205766
2,f101_nyg_high_AMT_ANNUITY_max,737.8008569478989,63,0.7780836022786467,0.6727286740205766
2,f101_nyg_high_AMT_CREDIT_d_total_debt_max,784.9750421047211,58,0.7780836022786467,0.6727286740205766
2,f101_nyg_high_AMT_GOODS_PRICE_d_AMT_ANNUITY_max,429.4697813987732,39,0.7780836022786467,0.6727286740205766
2,f101_nyg_high_AMT_CREDIT_d_total_debt_diff_mean,740.7826285362244,64,0.7780836022786467,0.6727286740205766
2,f101_nyg_high_AMT_CREDIT_d_AMT_APPLICATION_mean,880.0071315765381,46,0.7780836022786467,0.6727286740205766
2,f101_nyg_high_AMT_ANNUITY_s_app_AMT_INCOME_TOTAL_mean,706.3782413005829,61,0.7780836022786467,0.6727286740205766
2,f101_nyg_high_AMT_CREDIT_d_total_debt_mean,1753.4200277328491,101,0.7780836022786467,0.6727286740205766
2,f101_nyg_high_AMT_ANNUITY_s_app_AMT_CREDIT_mean,1015.4885625839233,58,0.7780836022786467,0.6727286740205766
2,f101_nyg_high_AMT_CREDIT_d_AMT_ANNUITY_min,502.3162078857422,47,0.7780836022786467,0.6727286740205766
2,f101_nyg_high_AMT_ANNUITY_s_app_AMT_CREDIT_min,990.7370038032532,55,0.7780836022786467,0.6727286740205766
2,f101_nyg_high_AMT_GOODS_PRICE_d_AMT_ANNUITY_mean,447.9805608987808,47,0.7780836022786467,0.6727286740205766
2,f101_nyg_high_AMT_GOODS_PRICE_d_total_debt_pctchange_mean,548.1247205734253,45,0.7780836022786467,0.6727286740205766
2,f101_nyg_high_AMT_CREDIT_d_AMT_ANNUITY_pctchange_max,615.4560825824738,52,0.7780836022786467,0.6727286740205766
2,f101_nyg_high_AMT_ANNUITY_d_app_AMT_INCOME_TOTAL_mean,607.8321771621704,52,0.7780836022786467,0.6727286740205766
2,f101_nyg_high_AMT_GOODS_PRICE_d_AMT_ANNUITY_pctchange_max,621.1837003231049,54,0.7780836022786467,0.6727286740205766
2,f101_nyg_high_AMT_DOWN_PAYMENT_mean,1194.0357282161713,45,0.7780836022786467,0.6727286740205766
2,f101_nyg_high_AMT_GOODS_PRICE_d_AMT_CREDIT_min,996.5018727779388,55,0.7780836022786467,0.6727286740205766
2,f101_nyg_high_AMT_GOODS_PRICE_d_total_debt_pctchange_min,609.5815423130989,53,0.7780836022786467,0.6727286740205766
2,f101_nyg_high_AMT_CREDIT_d_AMT_APPLICATION_max,627.1121942996979,41,0.7780836022786467,0.6727286740205766
2,f101_nyg_high_CODE_REJECT_REASON_XAP_mean,1027.2267365455627,53,0.7780836022786467,0.6727286740205766
2,f101_nyg_high_AMT_CREDIT_s_app_AMT_GOODS_PRICE_max,715.4913446903229,43,0.7780836022786467,0.6727286740205766
2,f101_nyg_high_AMT_CREDIT_m_app_AMT_GOODS_PRICE_d_app_AMT_INCOME_TOTAL_mean,282.3471488952637,20,0.7780836022786467,0.6727286740205766
2,f101_nyg_high_AMT_ANNUITY_d_app_AMT_INCOME_TOTAL_max,612.3225622177124,59,0.7780836022786467,0.6727286740205766
2,f101_nyg_high_AMT_CREDIT_min,598.8669735193253,46,0.7780836022786467,0.6727286740205766
2,f101_nyg_high_AMT_CREDIT_d_total_debt_pctchange_min,531.2660808563232,44,0.7780836022786467,0.6727286740205766
2,f101_nyg_high_AMT_GOODS_PRICE_d_total_debt_diff_mean,571.9006819725037,41,0.7780836022786467,0.6727286740205766
2,f101_nyg_high_AMT_CREDIT_d_AMT_APPLICATION_diff_max,456.0544788837433,38,0.7780836022786467,0.6727286740205766
2,f101_nyg_high_AMT_CREDIT_d_AMT_ANNUITY_mean,503.7716670334339,45,0.7780836022786467,0.6727286740205766
2,f101_nyg_high_AMT_GOODS_PRICE_d_AMT_ANNUITY_std,686.7376923561096,55,0.7780836022786467,0.6727286740205766
2,f101_nyg_high_AMT_CREDIT_d_AMT_ANNUITY_diff_max,411.64235442876816,38,0.7780836022786467,0.6727286740205766
2,f101_nyg_high_AMT_CREDIT_d_total_debt_diff_min,467.14272904396057,41,0.7780836022786467,0.6727286740205766
2,f101_nyg_high_AMT_DOWN_PAYMENT_max,795.1314115524292,41,0.7780836022786467,0.6727286740205766
2,f101_nyg_high_AMT_APPLICATION_d_app_AMT_ANNUITY_mean,942.57093334198,63,0.7780836022786467,0.6727286740205766
2,f101_nyg_high_AMT_GOODS_PRICE_d_AMT_CREDIT_diff_mean,511.7333011627197,42,0.7780836022786467,0.6727286740205766
2,f101_nyg_high_AMT_GOODS_PRICE_d_AMT_CREDIT_diff_std,352.5380611419678,31,0.7780836022786467,0.6727286740205766
2,f101_nyg_high_AMT_GOODS_PRICE_d_AMT_CREDIT_pctchange_mean,436.7950167655945,39,0.7780836022786467,0.6727286740205766
2,f101_nyg_high_AMT_GOODS_PRICE_d_total_debt_diff_min,638.3889441490173,56,0.7780836022786467,0.6727286740205766
2,f101_nyg_high_AMT_DOWN_PAYMENT_d_AMT_GOODS_PRICE_diff_max,449.3298429250717,40,0.7780836022786467,0.6727286740205766
2,f101_nyg_high_AMT_GOODS_PRICE_d_AMT_CREDIT_max,273.23568320274353,27,0.7780836022786467,0.6727286740205766
2,f101_nyg_high_AMT_GOODS_PRICE_d_app_AMT_ANNUITY_mean,985.9414896965027,64,0.7780836022786467,0.6727286740205766
2,f101_nyg_high_AMT_CREDIT_d_app_AMT_INCOME_TOTAL_min,332.5386915206909,31,0.7780836022786467,0.6727286740205766
2,f101_nyg_high_DAYS_DECISION_d_app_DAYS_LAST_PHONE_CHANGE_std_div_mean,401.4489588737488,30,0.7780836022786467,0.6727286740205766
2,f101_nyg_high_AMT_CREDIT_d_AMT_ANNUITY_max,370.566650390625,32,0.7780836022786467,0.6727286740205766
2,f101_nyg_high_AMT_ANNUITY_d_app_AMT_GOODS_PRICE_diff_max,400.6816906929016,38,0.7780836022786467,0.6727286740205766
2,f101_nyg_high_AMT_CREDIT_s_app_AMT_CREDIT_min,577.090541601181,38,0.7780836022786467,0.6727286740205766
2,f101_nyg_high_AMT_CREDIT_d_AMT_APPLICATION_min,282.7997374534607,27,0.7780836022786467,0.6727286740205766
2,f101_nyg_high_AMT_CREDIT_s_app_AMT_GOODS_PRICE_min,577.4543018341064,37,0.7780836022786467,0.6727286740205766
2,f101_nyg_high_AMT_GOODS_PRICE_d_total_debt_std_div_mean,279.1022307872772,24,0.7780836022786467,0.6727286740205766
2,f101_nyg_high_AMT_DOWN_PAYMENT_d_AMT_GOODS_PRICE_diff_std,1168.8519024848938,69,0.7780836022786467,0.6727286740205766
2,f101_nyg_high_AMT_CREDIT_d_app_AMT_ANNUITY_mean,368.6938614845276,29,0.7780836022786467,0.6727286740205766
2,f101_nyg_high_AMT_CREDIT_d_AMT_ANNUITY_diff_std,298.5841917991638,24,0.7780836022786467,0.6727286740205766
2,f101_nyg_high_AMT_CREDIT_d_app_AMT_CREDIT_mean,443.5877459049225,40,0.7780836022786467,0.6727286740205766
2,f101_nyg_high_AMT_CREDIT_s_app_AMT_INCOME_TOTAL_min,282.6948621571064,31,0.7780836022786467,0.6727286740205766
2,f101_nyg_high_AMT_ANNUITY_d_app_AMT_ANNUITY_diff_max,404.49971055984497,38,0.7780836022786467,0.6727286740205766
2,f101_nyg_high_AMT_GOODS_PRICE_d_AMT_ANNUITY_diff_std,287.45745873451233,26,0.7780836022786467,0.6727286740205766
2,f101_nyg_high_AMT_DOWN_PAYMENT_d_AMT_GOODS_PRICE_std,173.45166206359863,16,0.7780836022786467,0.6727286740205766
2,f101_nyg_high_AMT_DOWN_PAYMENT_d_AMT_GOODS_PRICE_max,393.5345106124878,30,0.7780836022786467,0.6727286740205766
2,f101_nyg_high_AMT_CREDIT_m_app_AMT_GOODS_PRICE_d_app_AMT_INCOME_TOTAL_max,362.7229303121567,30,0.7780836022786467,0.6727286740205766
2,f101_nyg_high_AMT_CREDIT_d_AMT_APPLICATION_diff_mean,388.3911714553833,34,0.7780836022786467,0.6727286740205766
2,f101_nyg_high_AMT_ANNUITY_s_app_AMT_ANNUITY_d_app_AMT_INCOME_TOTAL_pctchange_std,337.88909101486206,29,0.7780836022786467,0.6727286740205766
2,f101_nyg_high_AMT_CREDIT_d_app_AMT_GOODS_PRICE_mean,235.75094175338745,21,0.7780836022786467,0.6727286740205766
2,f101_nyg_high_AMT_DOWN_PAYMENT_d_AMT_GOODS_PRICE_mean,326.7373094558716,23,0.7780836022786467,0.6727286740205766
2,f101_nyg_high_AMT_CREDIT_s_app_AMT_GOODS_PRICE_mean,424.4345989227295,28,0.7780836022786467,0.6727286740205766
2,f101_nyg_high_AMT_CREDIT_d_app_AMT_CREDIT_max,260.4478087425232,23,0.7780836022786467,0.6727286740205766
2,f101_nyg_high_AMT_CREDIT_d_app_AMT_ANNUITY_diff_mean,599.2650822401047,56,0.7780836022786467,0.6727286740205766
2,f101_nyg_high_AMT_GOODS_PRICE_d_total_debt_pctchange_std,170.74177074432373,15,0.7780836022786467,0.6727286740205766
2,f101_nyg_high_AMT_APPLICATION_d_app_AMT_INCOME_TOTAL_min,306.68588972091675,31,0.7780836022786467,0.6727286740205766
2,f101_nyg_high_AMT_GOODS_PRICE_d_app_AMT_INCOME_TOTAL_min,296.6233326494694,23,0.7780836022786467,0.6727286740205766
2,f101_nyg_high_DAYS_DECISION_d_app_DAYS_EMPLOYED_std_div_mean,237.82796144485474,18,0.7780836022786467,0.6727286740205766
2,f101_nyg_high_AMT_APPLICATION_s_app_AMT_CREDIT_min,893.0424437522888,44,0.7780836022786467,0.6727286740205766
2,f101_nyg_high_AMT_CREDIT_d_total_debt_diff_std,256.635968208313,21,0.7780836022786467,0.6727286740205766
2,f101_nyg_high_AMT_CREDIT_d_app_AMT_INCOME_TOTAL_max,317.05267494916916,27,0.7780836022786467,0.6727286740205766
2,f101_nyg_high_AMT_DOWN_PAYMENT_std_div_mean,348.2418484687805,28,0.7780836022786467,0.6727286740205766
2,f101_nyg_high_AMT_CREDIT_s_app_AMT_CREDIT_max,315.6357822418213,21,0.7780836022786467,0.6727286740205766
2,f101_nyg_high_AMT_CREDIT_d_AMT_ANNUITY_std,328.10871171951294,26,0.7780836022786467,0.6727286740205766
2,f101_nyg_high_AMT_CREDIT_s_app_AMT_ANNUITY_d_app_AMT_INCOME_TOTAL_max,359.4925980567932,29,0.7780836022786467,0.6727286740205766
2,f101_nyg_high_AMT_CREDIT_d_total_debt_std,189.5626516342163,17,0.7780836022786467,0.6727286740205766
2,f101_nyg_high_AMT_CREDIT_s_app_AMT_CREDIT_mean,558.7662886381149,34,0.7780836022786467,0.6727286740205766
2,f101_nyg_high_AMT_CREDIT_d_app_AMT_ANNUITY_max,374.8053345680237,35,0.7780836022786467,0.6727286740205766
2,f101_nyg_high_AMT_CREDIT_mean,129.54326105117798,12,0.7780836022786467,0.6727286740205766
2,f101_nyg_high_AMT_CREDIT_d_total_debt_std_div_mean,238.3628134727478,16,0.7780836022786467,0.6727286740205766
2,f101_nyg_high_AMT_DOWN_PAYMENT_std,546.9847502708435,43,0.7780836022786467,0.6727286740205766
2,f101_nyg_high_AMT_GOODS_PRICE_d_AMT_CREDIT_pctchange_min,291.29163122177124,23,0.7780836022786467,0.6727286740205766
2,f101_nyg_high_AMT_GOODS_PRICE_s_app_AMT_CREDIT_min,1120.1891198158264,56,0.7780836022786467,0.6727286740205766
2,f101_nyg_high_AMT_ANNUITY_s_app_AMT_INCOME_TOTAL_std_div_mean,886.4822373390198,67,0.7780836022786467,0.6727286740205766
2,f101_nyg_high_AMT_CREDIT_s_app_AMT_ANNUITY_d_app_AMT_INCOME_TOTAL_mean,272.20028805732727,25,0.7780836022786467,0.6727286740205766
2,f101_nyg_high_AMT_GOODS_PRICE_d_AMT_CREDIT_diff_min,413.6077297925949,38,0.7780836022786467,0.6727286740205766
2,f101_nyg_high_AMT_CREDIT_d_app_AMT_ANNUITY_pctchange_std,365.97869765758514,32,0.7780836022786467,0.6727286740205766
2,f101_nyg_high_AMT_CREDIT_d_AMT_ANNUITY_pctchange_std,202.50446033477783,16,0.7780836022786467,0.6727286740205766
2,f101_nyg_high_AMT_GOODS_PRICE_d_AMT_ANNUITY_max_div_min,221.86926090717316,20,0.7780836022786467,0.6727286740205766
2,f101_nyg_high_AMT_CREDIT_d_app_AMT_GOODS_PRICE_max,245.86129140853882,23,0.7780836022786467,0.6727286740205766
2,f101_nyg_high_AMT_GOODS_PRICE_d_AMT_ANNUITY_pctchange_std,131.2144694328308,13,0.7780836022786467,0.6727286740205766
2,f101_nyg_high_CNT_PAYMENT_std_div_mean,243.68546104431152,24,0.7780836022786467,0.6727286740205766
2,f101_nyg_high_AMT_APPLICATION_d_app_AMT_ANNUITY_max,318.44816303253174,19,0.7780836022786467,0.6727286740205766
2,f101_nyg_high_AMT_CREDIT_d_AMT_APPLICATION_pctchange_max,263.93930888175964,22,0.7780836022786467,0.6727286740205766
2,f101_nyg_high_AMT_APPLICATION_s_app_AMT_GOODS_PRICE_max,684.3591377735138,44,0.7780836022786467,0.6727286740205766
2,f101_nyg_high_AMT_APPLICATION_s_app_AMT_INCOME_TOTAL_min,296.9289776980877,30,0.7780836022786467,0.6727286740205766
2,f101_nyg_high_AMT_APPLICATION_s_app_AMT_CREDIT_max,427.11995124816895,21,0.7780836022786467,0.6727286740205766
2,f101_nyg_high_AMT_GOODS_PRICE_d_app_AMT_ANNUITY_max,353.0862500667572,26,0.7780836022786467,0.6727286740205766
2,f101_nyg_high_AMT_GOODS_PRICE_d_total_debt_max_div_min,243.3504114151001,16,0.7780836022786467,0.6727286740205766
2,f101_nyg_high_AMT_CREDIT_s_app_AMT_INCOME_TOTAL_mean,388.15697607398033,34,0.7780836022786467,0.6727286740205766
2,f101_nyg_high_AMT_CREDIT_d_total_debt_pctchange_std,126.34691834449768,13,0.7780836022786467,0.6727286740205766
2,f101_nyg_high_AMT_APPLICATION_s_app_AMT_CREDIT_mean,905.6672978401184,53,0.7780836022786467,0.6727286740205766
2,f101_nyg_high_AMT_CREDIT_s_app_AMT_INCOME_TOTAL_max,249.7427716255188,23,0.7780836022786467,0.6727286740205766
2,f101_nyg_high_AMT_DOWN_PAYMENT_d_AMT_GOODS_PRICE_std_div_mean,173.26505994796753,17,0.7780836022786467,0.6727286740205766
2,f101_nyg_high_AMT_CREDIT_s_app_AMT_ANNUITY_mean,289.50575828552246,26,0.7780836022786467,0.6727286740205766
2,f101_nyg_high_AMT_CREDIT_d_app_AMT_GOODS_PRICE_diff_max,399.9806809425354,36,0.7780836022786467,0.6727286740205766
2,f101_nyg_high_AMT_APPLICATION_s_app_AMT_GOODS_PRICE_min,579.1198744773865,37,0.7780836022786467,0.6727286740205766
2,f101_nyg_high_AMT_APPLICATION_d_app_AMT_GOODS_PRICE_max,298.3878526687622,24,0.7780836022786467,0.6727286740205766
2,f101_nyg_high_AMT_CREDIT_s_app_AMT_CREDIT_std_div_mean,283.03589153289795,23,0.7780836022786467,0.6727286740205766
2,f101_nyg_high_AMT_APPLICATION_mean,265.5500189065933,22,0.7780836022786467,0.6727286740205766
2,f101_nyg_high_AMT_GOODS_PRICE_d_app_AMT_GOODS_PRICE_max,104.22918891906738,9,0.7780836022786467,0.6727286740205766
2,f101_nyg_high_AMT_DOWN_PAYMENT_d_AMT_GOODS_PRICE_min,179.64983081817627,16,0.7780836022786467,0.6727286740205766
2,f101_nyg_high_AMT_APPLICATION_d_app_AMT_ANNUITY_pctchange_std,262.157968044281,22,0.7780836022786467,0.6727286740205766
2,f101_nyg_high_AMT_ANNUITY_d_app_AMT_INCOME_TOTAL_diff_std,236.4894101023674,21,0.7780836022786467,0.6727286740205766
2,f101_nyg_high_AMT_GOODS_PRICE_m_app_AMT_GOODS_PRICE_d_app_AMT_INCOME_TOTAL_pctchange_std_div_mean,164.2627387046814,18,0.7780836022786467,0.6727286740205766
2,f101_nyg_high_AMT_GOODS_PRICE_s_app_AMT_CREDIT_d_app_AMT_INCOME_TOTAL_pctchange_std_div_mean,92.18211054801941,10,0.7780836022786467,0.6727286740205766
2,f101_nyg_high_AMT_GOODS_PRICE_mean,220.41702032089233,20,0.7780836022786467,0.6727286740205766
2,f101_nyg_high_AMT_GOODS_PRICE_s_app_AMT_CREDIT_max,361.9784905910492,25,0.7780836022786467,0.6727286740205766
2,f101_nyg_high_AMT_GOODS_PRICE_m_app_AMT_GOODS_PRICE_d_app_AMT_INCOME_TOTAL_max,250.25204133987427,22,0.7780836022786467,0.6727286740205766
2,f101_nyg_high_AMT_CREDIT_s_app_AMT_CREDIT_d_app_AMT_INCOME_TOTAL_std_div_mean,251.31662130355835,19,0.7780836022786467,0.6727286740205766
2,f101_nyg_high_AMT_CREDIT_d_app_AMT_INCOME_TOTAL_mean,201.6585170030594,18,0.7780836022786467,0.6727286740205766
2,f101_nyg_high_AMT_GOODS_PRICE_s_app_AMT_INCOME_TOTAL_min,246.80477094650269,25,0.7780836022786467,0.6727286740205766
2,f101_nyg_high_AMT_CREDIT_max,155.20959901809692,15,0.7780836022786467,0.6727286740205766
2,f101_nyg_high_AMT_DOWN_PAYMENT_min,375.09875869750977,24,0.7780836022786467,0.6727286740205766
2,f101_nyg_high_AMT_APPLICATION_s_app_AMT_CREDIT_d_app_AMT_INCOME_TOTAL_pctchange_std_div_mean,340.85060024261475,20,0.7780836022786467,0.6727286740205766
2,f101_nyg_high_AMT_APPLICATION_s_app_AMT_ANNUITY_max,269.8243579864502,22,0.7780836022786467,0.6727286740205766
2,f101_nyg_high_DAYS_LAST_DUE_1ST_VERSION_d_app_DAYS_BIRTH_mean,2216.0073162317276,64,0.7780836022786467,0.6727286740205766
2,f101_nyg_high_amt_paid_mean,718.3411523103714,54,0.7780836022786467,0.6727286740205766
2,f101_nyg_high_completed_mean,3961.0173285007477,31,0.7780836022786467,0.6727286740205766
2,f101_nyg_high_HOUR_APPR_PROCESS_START_mean,1846.391705274582,134,0.7780836022786467,0.6727286740205766
2,f101_nyg_high_total_debt_min,438.8986315727234,37,0.7780836022786467,0.6727286740205766
2,f101_nyg_high_RATE_DOWN_PAYMENT_mean,316.1564710140228,23,0.7780836022786467,0.6727286740205766
2,f101_nyg_high_DAYS_LAST_DUE_1ST_VERSION_d_app_DAYS_BIRTH_min,1453.1404554843903,74,0.7780836022786467,0.6727286740205766
2,f101_nyg_high_RATE_DOWN_PAYMENT_max,253.88220119476318,24,0.7780836022786467,0.6727286740205766
2,f101_nyg_high_DAYS_TERMINATION_s_DAYS_LAST_DUE_1ST_VERSION_max,2153.8268156051636,144,0.7780836022786467,0.6727286740205766
2,f101_nyg_high_amt_paid_max,546.7699794769287,45,0.7780836022786467,0.6727286740205766
2,f101_nyg_high_DAYS_TERMINATION_s_DAYS_LAST_DUE_1ST_VERSION_mean,1496.5401626825333,114,0.7780836022786467,0.6727286740205766
2,f101_nyg_high_total_debt_max,188.4890594482422,13,0.7780836022786467,0.6727286740205766
2,f101_nyg_high_interest_rate_pctchange_mean,448.5957989692688,39,0.7780836022786467,0.6727286740205766
2,f101_nyg_high_HOUR_APPR_PROCESS_START_std_div_mean,598.4828195571899,43,0.7780836022786467,0.6727286740205766
2,f101_nyg_high_DAYS_TERMINATION_s_DAYS_LAST_DUE_1ST_VERSION_min,1785.185189962387,123,0.7780836022786467,0.6727286740205766
2,f101_nyg_high_DAYS_FIRST_DUE_d_app_DAYS_EMPLOYED_max,861.5353704094887,52,0.7780836022786467,0.6727286740205766
2,f101_nyg_high_total_debt_diff_mean,570.1037583351135,44,0.7780836022786467,0.6727286740205766
2,f101_nyg_high_DAYS_FIRST_DUE_s_app_DAYS_BIRTH_max,569.3902213573456,40,0.7780836022786467,0.6727286740205766
2,f101_nyg_high_DAYS_FIRST_DUE_d_app_DAYS_EMPLOYED_mean,848.2634847164154,58,0.7780836022786467,0.6727286740205766
2,f101_nyg_high_total_debt_pctchange_min,495.6918396949768,47,0.7780836022786467,0.6727286740205766
2,f101_nyg_high_interest_rate_diff_mean,600.109691619873,44,0.7780836022786467,0.6727286740205766
2,f101_nyg_high_NAME_CLIENT_TYPE_New_sum,800.4145574569702,54,0.7780836022786467,0.6727286740205766
2,f101_nyg_high_total_debt_pctchange_max,263.9165394306183,26,0.7780836022786467,0.6727286740205766
2,f101_nyg_high_total_debt_mean,243.4169797897339,20,0.7780836022786467,0.6727286740205766
2,f101_nyg_high_interest_rate_diff_min,623.5149394571781,51,0.7780836022786467,0.6727286740205766
2,f101_nyg_high_DAYS_FIRST_DUE_s_app_DAYS_EMPLOYED_max,566.1638283729553,41,0.7780836022786467,0.6727286740205766
2,f101_nyg_high_total_debt_pctchange_mean,407.9424338936806,33,0.7780836022786467,0.6727286740205766
2,f101_nyg_high_total_debt_diff_max,280.91465198993683,25,0.7780836022786467,0.6727286740205766
2,f101_nyg_high_DAYS_LAST_DUE_1ST_VERSION_s_DAYS_DECISIONS_min,628.5317743048072,52,0.7780836022786467,0.6727286740205766
2,f101_nyg_high_total_debt_std_div_mean,556.7326204776764,44,0.7780836022786467,0.6727286740205766
2,f101_nyg_high_DAYS_LAST_DUE_1ST_VERSION_s_DAYS_DECISIONS_mean,641.4223568439484,52,0.7780836022786467,0.6727286740205766
2,f101_nyg_high_total_debt_diff_std,609.3056783676147,48,0.7780836022786467,0.6727286740205766
2,f101_nyg_high_DAYS_TERMINATION_d_app_DAYS_BIRTH_max,768.3423392772675,55,0.7780836022786467,0.6727286740205766
2,f101_nyg_high_interest_rate_pctchange_min,687.6060842871666,61,0.7780836022786467,0.6727286740205766
2,f101_nyg_high_DAYS_FIRST_DUE_s_app_DAYS_BIRTH_min,403.2029514312744,34,0.7780836022786467,0.6727286740205766
2,f101_nyg_high_interest_rate_diff_std,293.6217498779297,24,0.7780836022786467,0.6727286740205766
2,f101_nyg_high_DAYS_LAST_DUE_d_app_DAYS_BIRTH_max,571.9064674377441,37,0.7780836022786467,0.6727286740205766
2,f101_nyg_high_total_debt_std,370.2455515861511,24,0.7780836022786467,0.6727286740205766
2,f101_nyg_high_DAYS_TERMINATION_d_app_DAYS_BIRTH_min,686.0537433624268,55,0.7780836022786467,0.6727286740205766
2,f101_nyg_high_DAYS_LAST_DUE_1ST_VERSION_s_app_DAYS_BIRTH_max,534.305431842804,44,0.7780836022786467,0.6727286740205766
2,f101_nyg_high_DAYS_TERMINATION_d_app_DAYS_BIRTH_mean,857.3186755180359,58,0.7780836022786467,0.6727286740205766
2,f101_nyg_high_RATE_DOWN_PAYMENT_std,130.34421062469482,12,0.7780836022786467,0.6727286740205766
2,f101_nyg_high_DAYS_LAST_DUE_1ST_VERSION_d_app_DAYS_BIRTH_max,985.8146648406982,56,0.7780836022786467,0.6727286740205766
2,f101_nyg_high_DAYS_LAST_DUE_s_app_DAYS_BIRTH_max,368.49222683906555,27,0.7780836022786467,0.6727286740205766
2,f101_nyg_high_HOUR_APPR_PROCESS_START_min,1822.379810810089,102,0.7780836022786467,0.6727286740205766
2,f101_nyg_high_DAYS_FIRST_DUE_d_app_DAYS_LAST_PHONE_CHANGE_std_div_mean,315.3722972869873,27,0.7780836022786467,0.6727286740205766
2,f101_nyg_high_DAYS_LAST_DUE_d_app_DAYS_BIRTH_mean,1244.664974451065,81,0.7780836022786467,0.6727286740205766
2,f101_nyg_high_DAYS_FIRST_DUE_d_app_DAYS_BIRTH_min,446.9707978218794,42,0.7780836022786467,0.6727286740205766
2,f101_nyg_high_total_debt_pctchange_std,175.7515196800232,16,0.7780836022786467,0.6727286740205766
2,f101_nyg_high_DAYS_LAST_DUE_1ST_VERSION_s_app_DAYS_EMPLOYED_max,337.22037076950073,26,0.7780836022786467,0.6727286740205766
2,f101_nyg_high_DAYS_FIRST_DUE_s_app_DAYS_BIRTH_mean,395.3921194076538,28,0.7780836022786467,0.6727286740205766
2,f101_nyg_high_DAYS_LAST_DUE_d_app_DAYS_BIRTH_min,1099.7957062721252,70,0.7780836022786467,0.6727286740205766
2,f101_nyg_high_HOUR_APPR_PROCESS_START_max,706.1818151473999,55,0.7780836022786467,0.6727286740205766
2,f101_nyg_high_DAYS_LAST_DUE_1ST_VERSION_s_app_DAYS_REGISTRATION_max,421.6278121471405,33,0.7780836022786467,0.6727286740205766
2,f101_nyg_high_DAYS_LAST_DUE_1ST_VERSION_d_app_DAYS_BIRTH_std,414.6693410873413,35,0.7780836022786467,0.6727286740205766
2,f101_nyg_high_amt_paid_std_div_mean,329.6975380182266,32,0.7780836022786467,0.6727286740205766
2,f101_nyg_high_DAYS_TERMINATION_s_app_DAYS_EMPLOYED_std_div_mean,928.758150100708,72,0.7780836022786467,0.6727286740205766
2,f101_nyg_high_DAYS_LAST_DUE_1ST_VERSION_s_DAYS_DECISIONS_max,290.8593487739563,28,0.7780836022786467,0.6727286740205766
2,f101_nyg_high_RATE_DOWN_PAYMENT_min,102.37515842914581,9,0.7780836022786467,0.6727286740205766
2,f101_nyg_low_action_DAYS_FIRST_DUE_d_app_DAYS_BIRTH_mean,207.81892001628876,21,0.7780836022786467,0.6727286740205766
2,f101_nyg_high_DAYS_FIRST_DUE_d_app_DAYS_BIRTH_mean,622.8349688053131,43,0.7780836022786467,0.6727286740205766
2,f101_nyg_high_RATE_DOWN_PAYMENT_std_div_mean,217.26208877563477,19,0.7780836022786467,0.6727286740205766
2,f101_nyg_high_DAYS_TERMINATION_s_DAYS_LAST_DUE_1ST_VERSION_std,569.221269607544,38,0.7780836022786467,0.6727286740205766
2,f101_nyg_low_action_DAYS_FIRST_DUE_s_app_DAYS_BIRTH_max,113.96487855911255,9,0.7780836022786467,0.6727286740205766
2,f101_nyg_low_action_AMT_ANNUITY_s_app_AMT_GOODS_PRICE_min,320.0181714296341,24,0.7780836022786467,0.6727286740205766
2,f101_nyg_high_amt_paid_std,546.9734425544739,41,0.7780836022786467,0.6727286740205766
2,f101_nyg_high_DAYS_FIRST_DUE_s_app_DAYS_REGISTRATION_max,463.15159010887146,40,0.7780836022786467,0.6727286740205766
2,f101_nyg_high_DAYS_TERMINATION_d_app_DAYS_EMPLOYED_max,408.77495980262756,31,0.7780836022786467,0.6727286740205766
2,f101_nyg_low_action_DAYS_FIRST_DUE_d_app_DAYS_EMPLOYED_min,517.3174779415131,29,0.7780836022786467,0.6727286740205766
2,f101_nyg_low_action_DAYS_DECISION_d_app_DAYS_EMPLOYED_min,634.1582572460175,36,0.7780836022786467,0.6727286740205766
2,f101_nyg_low_action_DAYS_DECISION_s_app_DAYS_LAST_PHONE_CHANGE_max,184.91098833084106,15,0.7780836022786467,0.6727286740205766
2,f101_nyg_high_total_debt_max_div_min,257.5280303955078,20,0.7780836022786467,0.6727286740205766
2,f101_nyg_high_DAYS_LAST_DUE_1ST_VERSION_s_app_DAYS_BIRTH_min,433.91415071487427,26,0.7780836022786467,0.6727286740205766
2,f101_nyg_high_DAYS_FIRST_DUE_d_app_DAYS_BIRTH_max,451.06274819374084,38,0.7780836022786467,0.6727286740205766
2,f101_nyg_high_DAYS_LAST_DUE_s_app_DAYS_BIRTH_min,296.9605221748352,22,0.7780836022786467,0.6727286740205766
2,f101_nyg_high_DAYS_FIRST_DUE_s_app_DAYS_EMPLOYED_min,293.0674777030945,21,0.7780836022786467,0.6727286740205766
2,f101_nyg_high_DAYS_LAST_DUE_1ST_VERSION_s_app_DAYS_BIRTH_mean,412.833642244339,30,0.7780836022786467,0.6727286740205766
2,f101_nyg_low_action_DAYS_DECISION_s_app_DAYS_ID_PUBLISH_min,262.4550709724426,20,0.7780836022786467,0.6727286740205766
2,f101_nyg_low_action_DAYS_FIRST_DUE_d_app_DAYS_EMPLOYED_mean,484.1129288673401,28,0.7780836022786467,0.6727286740205766
2,f101_nyg_low_action_DAYS_DECISION_s_app_DAYS_ID_PUBLISH_max,170.0543987751007,16,0.7780836022786467,0.6727286740205766
2,f101_nyg_low_action_AMT_ANNUITY_s_app_AMT_CREDIT_max,222.93363857269287,18,0.7780836022786467,0.6727286740205766
2,f101_nyg_low_action_DAYS_DECISION_d_app_DAYS_BIRTH_mean,180.29332971572876,17,0.7780836022786467,0.6727286740205766
2,f101_nyg_low_action_DAYS_DECISION_s_app_DAYS_ID_PUBLISH_mean,170.14522051811218,13,0.7780836022786467,0.6727286740205766
2,f101_nyg_high_DAYS_FIRST_DUE_d_app_DAYS_BIRTH_std_div_mean,262.4035894870758,25,0.7780836022786467,0.6727286740205766
2,f101_nyg_low_action_AMT_ANNUITY_s_app_AMT_ANNUITY_d_app_AMT_INCOME_TOTAL_min,567.364982843399,40,0.7780836022786467,0.6727286740205766
2,f101_nyg_high_HOUR_APPR_PROCESS_START_max_div_min,488.2613728046417,32,0.7780836022786467,0.6727286740205766
2,f101_nyg_high_DAYS_TERMINATION_s_app_DAYS_REGISTRATION_max,307.8547582626343,26,0.7780836022786467,0.6727286740205766
2,f101_nyg_high_DAYS_TERMINATION_s_app_DAYS_BIRTH_min,401.60531854629517,30,0.7780836022786467,0.6727286740205766
2,f101_nyg_low_action_AMT_CREDIT_d_AMT_ANNUITY_min,431.34360933303833,35,0.7780836022786467,0.6727286740205766
2,f101_nyg_high_DAYS_TERMINATION_s_app_DAYS_REGISTRATION_min,170.41177821159363,18,0.7780836022786467,0.6727286740205766
2,f101_nyg_low_action_DAYS_DECISION_s_app_DAYS_REGISTRATION_max,192.45363903045654,15,0.7780836022786467,0.6727286740205766
2,f101_nyg_high_DAYS_FIRST_DUE_d_app_DAYS_EMPLOYED_std,127.8699893951416,11,0.7780836022786467,0.6727286740205766
2,f101_nyg_high_DAYS_TERMINATION_s_app_DAYS_EMPLOYED_max,306.6671615242958,22,0.7780836022786467,0.6727286740205766
2,f101_nyg_low_action_DAYS_FIRST_DUE_s_app_DAYS_BIRTH_mean,120.72424221038818,8,0.7780836022786467,0.6727286740205766
2,f101_nyg_low_action_AMT_GOODS_PRICE_d_total_debt_min,366.72444224357605,34,0.7780836022786467,0.6727286740205766
2,f101_nyg_low_action_AMT_CREDIT_d_total_debt_diff_min,249.1542580127716,22,0.7780836022786467,0.6727286740205766
2,f101_nyg_high_DAYS_LAST_DUE_1ST_VERSION_s_app_DAYS_EMPLOYED_min,209.0338921546936,20,0.7780836022786467,0.6727286740205766
2,f101_nyg_low_action_DAYS_FIRST_DUE_d_app_DAYS_BIRTH_min,434.48246259242296,38,0.7780836022786467,0.6727286740205766
2,f101_nyg_high_DAYS_LAST_DUE_1ST_VERSION_d_app_DAYS_EMPLOYED_std,380.86482763290405,32,0.7780836022786467,0.6727286740205766
2,f101_nyg_high_DAYS_LAST_DUE_1ST_VERSION_s_app_DAYS_REGISTRATION_min,240.74155974388123,21,0.7780836022786467,0.6727286740205766
2,f101_nyg_high_DAYS_LAST_DUE_d_app_DAYS_EMPLOYED_max,396.95125836133957,33,0.7780836022786467,0.6727286740205766
2,f101_nyg_high_DAYS_FIRST_DUE_s_app_DAYS_REGISTRATION_min,427.12496876716614,28,0.7780836022786467,0.6727286740205766
2,f101_nyg_low_action_AMT_ANNUITY_s_app_AMT_GOODS_PRICE_mean,285.1672213077545,21,0.7780836022786467,0.6727286740205766
2,f101_nyg_low_action_DAYS_DECISION_s_app_DAYS_REGISTRATION_min,318.25192391872406,25,0.7780836022786467,0.6727286740205766
2,f101_nyg_high_cnt_paid_std,499.6574583053589,42,0.7780836022786467,0.6727286740205766
2,f101_nyg_low_action_AMT_ANNUITY_s_app_AMT_GOODS_PRICE_max,429.0584791302681,31,0.7780836022786467,0.6727286740205766
2,f101_nyg_low_action_DAYS_DECISION_s_app_DAYS_REGISTRATION_mean,163.72078037261963,13,0.7780836022786467,0.6727286740205766
2,f101_nyg_high_DAYS_TERMINATION_s_app_DAYS_BIRTH_max,312.6271811723709,25,0.7780836022786467,0.6727286740205766
2,f101_nyg_high_DAYS_LAST_DUE_s_DAYS_LAST_DUE_1ST_VERSION_std,453.595899105072,27,0.7780836022786467,0.6727286740205766
2,f101_nyg_high_DAYS_LAST_DUE_s_app_DAYS_REGISTRATION_max,291.40874806046486,23,0.7780836022786467,0.6727286740205766
2,f101_nyg_low_action_DAYS_DECISION_s_app_DAYS_LAST_PHONE_CHANGE_mean,177.30094933509827,15,0.7780836022786467,0.6727286740205766
2,f101_nyg_low_action_DAYS_DECISION_d_app_DAYS_BIRTH_min,254.2189018726349,24,0.7780836022786467,0.6727286740205766
2,f101_nyg_high_DAYS_LAST_DUE_s_app_DAYS_EMPLOYED_max,263.5521402359009,19,0.7780836022786467,0.6727286740205766
2,f101_nyg_high_DAYS_FIRST_DUE_s_app_DAYS_REGISTRATION_mean,240.05134773254395,17,0.7780836022786467,0.6727286740205766
2,f101_nyg_low_action_AMT_ANNUITY_d_app_AMT_ANNUITY_min,210.89233779907227,16,0.7780836022786467,0.6727286740205766
2,f101_nyg_high_cnt_paid_mean,264.67757999897003,20,0.7780836022786467,0.6727286740205766
2,f101_nyg_high_DAYS_LAST_DUE_1ST_VERSION_s_app_DAYS_REGISTRATION_mean,212.73010063171387,19,0.7780836022786467,0.6727286740205766
2,f101_nyg_low_action_DAYS_DECISION_s_app_DAYS_EMPLOYED_max,233.77307629585266,20,0.7780836022786467,0.6727286740205766
2,f101_nyg_low_action_DAYS_FIRST_DUE_s_app_DAYS_BIRTH_min,110.84006977081299,11,0.7780836022786467,0.6727286740205766
2,f101_nyg_high_DAYS_TERMINATION_s_app_DAYS_REGISTRATION_mean,249.5429883003235,19,0.7780836022786467,0.6727286740205766
2,f101_nyg_high_DAYS_LAST_DUE_s_app_DAYS_BIRTH_mean,219.06841802597046,17,0.7780836022786467,0.6727286740205766
2,f101_nyg_low_action_AMT_CREDIT_d_AMT_APPLICATION_max,1390.1373839378357,69,0.7780836022786467,0.6727286740205766
2,f101_nyg_high_DAYS_LAST_DUE_1ST_VERSION_s_DAYS_DECISIONS_std_div_mean,261.686092376709,22,0.7780836022786467,0.6727286740205766
2,f101_nyg_high_DAYS_LAST_DUE_d_app_DAYS_LAST_PHONE_CHANGE_std_div_mean,269.3219892978668,24,0.7780836022786467,0.6727286740205766
2,f101_nyg_high_completed_min,268.48649406433105,2,0.7780836022786467,0.6727286740205766
2,f101_nyg_high_NAME_CONTRACT_STATUS_Refused_mean,720.5033946037292,41,0.7780836022786467,0.6727286740205766
2,f101_nyg_low_action_DAYS_DECISION_s_app_DAYS_BIRTH_min,207.79754066467285,14,0.7780836022786467,0.6727286740205766
2,f101_nyg_low_action_AMT_CREDIT_d_AMT_ANNUITY_max,386.6142225265503,31,0.7780836022786467,0.6727286740205766
2,f101_nyg_high_DAYS_LAST_DUE_1ST_VERSION_s_app_DAYS_EMPLOYED_mean,203.97721004486084,16,0.7780836022786467,0.6727286740205766
2,f101_nyg_high_DAYS_LAST_DUE_s_app_DAYS_REGISTRATION_min,163.8345503807068,16,0.7780836022786467,0.6727286740205766
2,f101_nyg_low_action_AMT_ANNUITY_s_app_AMT_ANNUITY_d_app_AMT_INCOME_TOTAL_max,280.78671002388,27,0.7780836022786467,0.6727286740205766
2,f101_nyg_low_action_DAYS_DECISION_s_app_DAYS_LAST_PHONE_CHANGE_min,378.2787567973137,33,0.7780836022786467,0.6727286740205766
2,f101_nyg_high_DAYS_FIRST_DUE_s_app_DAYS_EMPLOYED_mean,296.89258098602295,24,0.7780836022786467,0.6727286740205766
2,f101_nyg_low_action_AMT_ANNUITY_d_app_AMT_INCOME_TOTAL_min,151.85887050628662,11,0.7780836022786467,0.6727286740205766
2,f101_nyg_low_action_AMT_GOODS_PRICE_d_total_debt_max,210.91632080078125,19,0.7780836022786467,0.6727286740205766
2,f101_nyg_high_DAYS_TERMINATION_s_app_DAYS_BIRTH_mean,200.20724153518677,19,0.7780836022786467,0.6727286740205766
2,f101_nyg_high_DAYS_TERMINATION_d_app_DAYS_LAST_PHONE_CHANGE_std_div_mean,336.7174994945526,29,0.7780836022786467,0.6727286740205766
2,f101_nyg_low_action_AMT_ANNUITY_min,211.87972283363342,18,0.7780836022786467,0.6727286740205766
2,f101_nyg_low_action_AMT_GOODS_PRICE_d_total_debt_mean,582.2644062042236,49,0.7780836022786467,0.6727286740205766
2,f101_nyg_low_action_AMT_GOODS_PRICE_d_AMT_ANNUITY_mean,194.1910490989685,17,0.7780836022786467,0.6727286740205766
2,f101_nyg_high_NAME_PRODUCT_TYPE_walk_in_mean,268.44497060775757,22,0.7780836022786467,0.6727286740205766
2,f101_nyg_high_DAYS_TERMINATION_s_app_DAYS_EMPLOYED_min,239.19006395339966,21,0.7780836022786467,0.6727286740205766
2,f101_nyg_high_DAYS_LAST_DUE_1ST_VERSION_s_DAYS_DECISIONS_std,311.65373849868774,26,0.7780836022786467,0.6727286740205766
2,f101_nyg_low_action_AMT_ANNUITY_s_app_AMT_ANNUITY_min,211.26014983654022,18,0.7780836022786467,0.6727286740205766
2,f101_nyg_low_action_AMT_ANNUITY_max,182.28360986709595,15,0.7780836022786467,0.6727286740205766
2,f101_nyg_high_DAYS_LAST_DUE_s_app_DAYS_EMPLOYED_min,157.0152711868286,16,0.7780836022786467,0.6727286740205766
2,f101_nyg_low_action_AMT_ANNUITY_s_app_AMT_ANNUITY_d_app_AMT_INCOME_TOTAL_mean,462.5134906768799,28,0.7780836022786467,0.6727286740205766
2,f101_nyg_high_DAYS_LAST_DUE_s_DAYS_LAST_DUE_1ST_VERSION_mean,358.7806987762451,25,0.7780836022786467,0.6727286740205766
2,f101_nyg_low_action_DAYS_DECISION_s_app_DAYS_BIRTH_max,257.8787111490965,20,0.7780836022786467,0.6727286740205766
2,f101_nyg_high_NAME_CONTRACT_STATUS_Approved_mean,159.96148681640625,11,0.7780836022786467,0.6727286740205766
2,f101_nyg_high_DAYS_FIRST_DUE_d_app_DAYS_EMPLOYED_std_div_mean,129.02565956115723,13,0.7780836022786467,0.6727286740205766
2,f101_nyg_low_action_AMT_ANNUITY_s_app_AMT_CREDIT_min,187.0457501411438,15,0.7780836022786467,0.6727286740205766
2,f101_nyg_high_DAYS_LAST_DUE_d_app_DAYS_EMPLOYED_std,202.114000082016,19,0.7780836022786467,0.6727286740205766
2,f101_nyg_low_action_AMT_GOODS_PRICE_d_AMT_ANNUITY_min,164.7664670944214,12,0.7780836022786467,0.6727286740205766
2,f101_nyg_low_action_DAYS_DECISION_s_app_DAYS_EMPLOYED_min,129.3578405380249,11,0.7780836022786467,0.6727286740205766
2,f101_nyg_low_action_DAYS_DECISION_d_app_DAYS_EMPLOYED_mean,152.82926166057587,11,0.7780836022786467,0.6727286740205766
2,f101_nyg_low_action_AMT_ANNUITY_mean,139.94021010398865,10,0.7780836022786467,0.6727286740205766
2,f101_nyg_low_action_DAYS_DECISION_s_app_DAYS_EMPLOYED_mean,133.60779094696045,11,0.7780836022786467,0.6727286740205766
2,f101_nyg_high_DAYS_LAST_DUE_1ST_VERSION_s_DAYS_DECISIONS_max_div_min,159.79346919059753,16,0.7780836022786467,0.6727286740205766
2,f101_nyg_high_DAYS_TERMINATION_s_app_DAYS_EMPLOYED_mean,153.12515926361084,13,0.7780836022786467,0.6727286740205766
2,f101_nyg_low_action_AMT_ANNUITY_s_app_AMT_ANNUITY_mean,113.17072939872742,10,0.7780836022786467,0.6727286740205766
2,f101_nyg_low_action_AMT_ANNUITY_d_app_AMT_ANNUITY_max,201.1750681400299,14,0.7780836022786467,0.6727286740205766
2,f101_nyg_low_action_DAYS_FIRST_DUE_d_app_DAYS_EMPLOYED_max,255.6640357375145,20,0.7780836022786467,0.6727286740205766
2,f101_nyg_low_action_AMT_ANNUITY_s_app_AMT_CREDIT_mean,154.38495993614197,14,0.7780836022786467,0.6727286740205766
2,f101_nyg_high_DAYS_LAST_DUE_s_app_DAYS_REGISTRATION_mean,172.42386883497238,16,0.7780836022786467,0.6727286740205766
2,f101_nyg_low_action_AMT_ANNUITY_d_app_AMT_INCOME_TOTAL_mean,96.38823080062866,9,0.7780836022786467,0.6727286740205766
2,f101_nyg_low_action_AMT_CREDIT_d_AMT_ANNUITY_mean,311.86228108406067,25,0.7780836022786467,0.6727286740205766
2,f101_nyg_low_action_AMT_GOODS_PRICE_d_AMT_CREDIT_min,1226.5281944274902,53,0.7780836022786467,0.6727286740205766
2,f101_nyg_low_action_AMT_ANNUITY_d_app_AMT_INCOME_TOTAL_max,54.7006893157959,5,0.7780836022786467,0.6727286740205766
2,f101_nyg_low_action_AMT_APPLICATION_d_app_AMT_ANNUITY_diff_max,162.09137058258057,14,0.7780836022786467,0.6727286740205766
2,f101_nyg_high_DAYS_LAST_DUE_s_app_DAYS_EMPLOYED_mean,103.77175068855286,10,0.7780836022786467,0.6727286740205766
2,f101_nyg_low_action_DAYS_DECISION_s_app_DAYS_BIRTH_mean,153.14346981048584,13,0.7780836022786467,0.6727286740205766
2,f101_nyg_low_action_AMT_DOWN_PAYMENT_d_AMT_GOODS_PRICE_diff_min,104.02374076843262,10,0.7780836022786467,0.6727286740205766
2,f101_nyg_low_action_AMT_ANNUITY_d_app_AMT_CREDIT_min,202.47142219543457,19,0.7780836022786467,0.6727286740205766
2,f101_nyg_low_action_AMT_ANNUITY_d_app_AMT_CREDIT_max,403.6889202594757,33,0.7780836022786467,0.6727286740205766
2,f101_nyg_low_action_AMT_ANNUITY_s_app_AMT_ANNUITY_max,213.25661945343018,18,0.7780836022786467,0.6727286740205766
2,f101_nyg_low_normal_DAYS_FIRST_DUE_s_app_DAYS_BIRTH_max,906.7152490615845,24,0.7780836022786467,0.6727286740205766
2,f101_nyg_middle_AMT_ANNUITY_s_app_AMT_CREDIT_max,1776.7181878089905,93,0.7780836022786467,0.6727286740205766
2,f101_nyg_middle_AMT_APPLICATION_s_app_AMT_ANNUITY_d_app_AMT_INCOME_TOTAL_mean,1660.8814907073975,125,0.7780836022786467,0.6727286740205766
2,f101_nyg_low_normal_HOUR_APPR_PROCESS_START_mean,2304.581110596657,156,0.7780836022786467,0.6727286740205766
2,f101_nyg_middle_AMT_APPLICATION_s_app_AMT_GOODS_PRICE_max,2141.241767525673,141,0.7780836022786467,0.6727286740205766
2,f101_nyg_middle_AMT_APPLICATION_s_app_AMT_ANNUITY_d_app_AMT_INCOME_TOTAL_max,1633.787768959999,115,0.7780836022786467,0.6727286740205766
2,f101_nyg_middle_AMT_ANNUITY_s_app_AMT_GOODS_PRICE_min,2255.116434931755,123,0.7780836022786467,0.6727286740205766
2,f101_nyg_low_normal_AMT_GOODS_PRICE_d_total_debt_min,4098.117370605469,175,0.7780836022786467,0.6727286740205766
2,f101_nyg_middle_AMT_APPLICATION_d_app_AMT_INCOME_TOTAL_mean,1593.6701238155365,127,0.7780836022786467,0.6727286740205766
2,f101_nyg_low_normal_DAYS_FIRST_DUE_d_app_DAYS_EMPLOYED_min,2076.746809720993,70,0.7780836022786467,0.6727286740205766
2,f101_nyg_low_normal_AMT_ANNUITY_s_app_AMT_GOODS_PRICE_min,2125.6868200302124,108,0.7780836022786467,0.6727286740205766
2,f101_nyg_low_normal_DAYS_DECISION_s_app_DAYS_EMPLOYED_max,611.618793129921,45,0.7780836022786467,0.6727286740205766
2,f101_nyg_low_normal_AMT_ANNUITY_s_app_AMT_ANNUITY_d_app_AMT_INCOME_TOTAL_min,1307.6594860553741,80,0.7780836022786467,0.6727286740205766
2,f101_nyg_low_normal_AMT_ANNUITY_d_app_AMT_INCOME_TOTAL_max,792.2259956896305,70,0.7780836022786467,0.6727286740205766
2,f101_nyg_low_normal_DAYS_FIRST_DUE_s_app_DAYS_BIRTH_mean,139.64674854278564,10,0.7780836022786467,0.6727286740205766
2,f101_nyg_low_normal_DAYS_LAST_DUE_s_app_DAYS_BIRTH_max,507.8438730239868,24,0.7780836022786467,0.6727286740205766
2,f101_nyg_middle_AMT_ANNUITY_s_app_AMT_CREDIT_min,1786.2027733325958,94,0.7780836022786467,0.6727286740205766
2,f101_nyg_middle_AMT_ANNUITY_s_app_AMT_CREDIT_mean,1538.287133216858,81,0.7780836022786467,0.6727286740205766
2,f101_nyg_low_normal_AMT_ANNUITY_min,890.8790508508682,77,0.7780836022786467,0.6727286740205766
2,f101_nyg_low_normal_DAYS_FIRST_DUE_s_app_DAYS_LAST_PHONE_CHANGE_max,2225.168451309204,103,0.7780836022786467,0.6727286740205766
2,f101_nyg_middle_AMT_APPLICATION_d_app_AMT_INCOME_TOTAL_max,1329.0501730442047,105,0.7780836022786467,0.6727286740205766
2,f101_nyg_low_normal_AMT_ANNUITY_d_app_AMT_ANNUITY_mean,1086.9452110528946,69,0.7780836022786467,0.6727286740205766
2,f101_nyg_low_normal_amt_paid_mean,737.4998939037323,57,0.7780836022786467,0.6727286740205766
2,f101_nyg_low_normal_AMT_GOODS_PRICE_d_total_debt_mean,1845.2491768300533,94,0.7780836022786467,0.6727286740205766
2,f101_nyg_low_normal_DAYS_FIRST_DUE_d_app_DAYS_BIRTH_min,790.5592658519745,71,0.7780836022786467,0.6727286740205766
2,f101_nyg_low_normal_AMT_ANNUITY_s_app_AMT_ANNUITY_mean,1078.4561920166016,78,0.7780836022786467,0.6727286740205766
2,f101_nyg_low_normal_AMT_ANNUITY_s_app_AMT_ANNUITY_d_app_AMT_INCOME_TOTAL_mean,1042.1550440117717,69,0.7780836022786467,0.6727286740205766
2,f101_nyg_low_normal_AMT_CREDIT_d_AMT_APPLICATION_mean,1799.9752836227417,86,0.7780836022786467,0.6727286740205766
2,f101_nyg_middle_AMT_APPLICATION_s_app_AMT_GOODS_PRICE_mean,1641.5758600234985,97,0.7780836022786467,0.6727286740205766
2,f101_nyg_low_normal_AMT_GOODS_PRICE_d_total_debt_max,1107.8000766932964,68,0.7780836022786467,0.6727286740205766
2,f101_nyg_low_normal_AMT_CREDIT_d_AMT_APPLICATION_max,1553.2945113182068,86,0.7780836022786467,0.6727286740205766
2,f101_nyg_low_normal_AMT_ANNUITY_s_app_AMT_ANNUITY_d_app_AMT_INCOME_TOTAL_max,1573.0656797885895,92,0.7780836022786467,0.6727286740205766
2,f101_nyg_low_action_DAYS_LAST_DUE_1ST_VERSION_s_app_DAYS_BIRTH_max,367.5360914468765,19,0.7780836022786467,0.6727286740205766
2,f101_nyg_middle_AMT_APPLICATION_m_app_AMT_GOODS_PRICE_d_app_AMT_INCOME_TOTAL_mean,948.5239958763123,76,0.7780836022786467,0.6727286740205766
2,f101_nyg_low_normal_AMT_ANNUITY_d_app_AMT_CREDIT_mean,956.0684005022049,62,0.7780836022786467,0.6727286740205766
2,f101_nyg_low_normal_AMT_GOODS_PRICE_d_AMT_CREDIT_mean,1644.9150280952454,74,0.7780836022786467,0.6727286740205766
2,f101_nyg_low_normal_amt_paid_sum,1363.7102895975113,70,0.7780836022786467,0.6727286740205766
2,f101_nyg_low_normal_DAYS_DECISION_d_app_DAYS_EMPLOYED_min,676.3628649115562,57,0.7780836022786467,0.6727286740205766
2,f101_nyg_middle_AMT_ANNUITY_s_app_AMT_ANNUITY_d_app_AMT_INCOME_TOTAL_pctchange_std,576.7837499380112,49,0.7780836022786467,0.6727286740205766
2,f101_nyg_middle_AMT_APPLICATION_s_app_AMT_CREDIT_min,1483.5509816110134,95,0.7780836022786467,0.6727286740205766
2,f101_nyg_low_normal_DAYS_DECISION_s_app_DAYS_LAST_PHONE_CHANGE_max,1177.1996054649353,86,0.7780836022786467,0.6727286740205766
2,f101_nyg_low_normal_amt_paid_max,881.6375880241394,59,0.7780836022786467,0.6727286740205766
2,f101_nyg_middle_AMT_ANNUITY_s_app_AMT_GOODS_PRICE_mean,2112.6402242183685,95,0.7780836022786467,0.6727286740205766
2,f101_nyg_low_normal_AMT_GOODS_PRICE_d_total_debt_pctchange_max,480.500839471817,47,0.7780836022786467,0.6727286740205766
2,f101_nyg_middle_AMT_APPLICATION_m_app_AMT_GOODS_PRICE_d_app_AMT_INCOME_TOTAL_min,826.1742332577705,66,0.7780836022786467,0.6727286740205766
2,f101_nyg_low_normal_DAYS_DECISION_s_app_DAYS_ID_PUBLISH_max,784.8875043392181,66,0.7780836022786467,0.6727286740205766
2,f101_nyg_low_normal_AMT_CREDIT_d_total_debt_pctchange_mean,549.5409784317017,43,0.7780836022786467,0.6727286740205766
2,f101_nyg_middle_AMT_APPLICATION_s_app_AMT_CREDIT_max,587.350087761879,55,0.7780836022786467,0.6727286740205766
2,f101_nyg_middle_AMT_APPLICATION_m_app_AMT_GOODS_PRICE_d_app_AMT_INCOME_TOTAL_max,958.6180317401886,81,0.7780836022786467,0.6727286740205766
2,f101_nyg_low_normal_AMT_GOODS_PRICE_d_total_debt_diff_min,404.608029127121,35,0.7780836022786467,0.6727286740205766
2,f101_nyg_low_normal_AMT_CREDIT_d_total_debt_pctchange_max,705.3794729709625,56,0.7780836022786467,0.6727286740205766
2,f101_nyg_low_normal_AMT_ANNUITY_s_app_AMT_ANNUITY_max,1144.7758963108063,70,0.7780836022786467,0.6727286740205766
2,f101_nyg_low_normal_DAYS_DECISION_s_app_DAYS_LAST_PHONE_CHANGE_mean,971.9029766321182,73,0.7780836022786467,0.6727286740205766
2,f101_nyg_low_normal_AMT_ANNUITY_mean,492.19039142131805,43,0.7780836022786467,0.6727286740205766
2,f101_nyg_low_normal_AMT_CREDIT_d_total_debt_min,1095.4868035912514,70,0.7780836022786467,0.6727286740205766
2,f101_nyg_low_normal_AMT_DOWN_PAYMENT_d_AMT_GOODS_PRICE_diff_mean,667.3888071775436,51,0.7780836022786467,0.6727286740205766
2,f101_nyg_low_normal_DAYS_TERMINATION_s_DAYS_LAST_DUE_1ST_VERSION_max,870.3912702798843,74,0.7780836022786467,0.6727286740205766
2,f101_nyg_low_normal_DAYS_FIRST_DUE_s_app_DAYS_ID_PUBLISH_max,840.0625281333923,58,0.7780836022786467,0.6727286740205766
2,f101_nyg_low_normal_HOUR_APPR_PROCESS_START_max,1010.6047260761261,70,0.7780836022786467,0.6727286740205766
2,f101_nyg_low_normal_AMT_GOODS_PRICE_d_total_debt_pctchange_mean,504.9286711215973,43,0.7780836022786467,0.6727286740205766
2,f101_nyg_middle_AMT_APPLICATION_s_app_AMT_GOODS_PRICE_min,1012.4430686235428,71,0.7780836022786467,0.6727286740205766
2,f101_nyg_low_normal_AMT_CREDIT_d_total_debt_max,831.6958189755678,71,0.7780836022786467,0.6727286740205766
2,f101_nyg_low_normal_AMT_CREDIT_d_total_debt_mean,1674.9094038009644,99,0.7780836022786467,0.6727286740205766
2,f101_nyg_low_normal_total_debt_std,866.5637474060059,66,0.7780836022786467,0.6727286740205766
2,f101_nyg_low_normal_AMT_GOODS_PRICE_d_AMT_CREDIT_min,1767.6558721065521,100,0.7780836022786467,0.6727286740205766
2,f101_nyg_low_normal_AMT_ANNUITY_s_app_AMT_GOODS_PRICE_mean,1546.8005967140198,77,0.7780836022786467,0.6727286740205766
2,f101_nyg_low_normal_DAYS_DECISION_s_app_DAYS_BIRTH_max,564.2957410812378,45,0.7780836022786467,0.6727286740205766
2,f101_nyg_low_normal_AMT_ANNUITY_s_app_AMT_GOODS_PRICE_max,1292.4894943237305,69,0.7780836022786467,0.6727286740205766
2,f101_nyg_low_normal_DAYS_DECISION_s_app_DAYS_ID_PUBLISH_mean,529.7838882803917,45,0.7780836022786467,0.6727286740205766
2,f101_nyg_low_normal_DAYS_LAST_DUE_d_app_DAYS_BIRTH_min,691.0096698999405,60,0.7780836022786467,0.6727286740205766
2,f101_nyg_low_normal_DAYS_DECISION_s_app_DAYS_REGISTRATION_max,546.8700015544891,44,0.7780836022786467,0.6727286740205766
2,f101_nyg_middle_AMT_ANNUITY_s_app_AMT_GOODS_PRICE_max,1066.0911629498005,64,0.7780836022786467,0.6727286740205766
2,f101_nyg_low_normal_HOUR_APPR_PROCESS_START_min,1054.7417106628418,65,0.7780836022786467,0.6727286740205766
2,f101_nyg_low_normal_AMT_ANNUITY_s_app_AMT_CREDIT_mean,713.9780429601669,44,0.7780836022786467,0.6727286740205766
2,f101_nyg_low_normal_interest_rate_pctchange_mean,580.5647594928741,52,0.7780836022786467,0.6727286740205766
2,f101_nyg_low_normal_AMT_ANNUITY_max,405.2705675959587,36,0.7780836022786467,0.6727286740205766
2,f101_nyg_low_normal_DAYS_TERMINATION_s_DAYS_LAST_DUE_1ST_VERSION_mean,526.7606217861176,43,0.7780836022786467,0.6727286740205766
2,f101_nyg_low_normal_DAYS_DECISION_s_app_DAYS_BIRTH_min,412.04721212387085,30,0.7780836022786467,0.6727286740205766
2,f101_nyg_low_normal_DAYS_LAST_DUE_1ST_VERSION_s_DAYS_DECISIONS_mean,394.3319400548935,35,0.7780836022786467,0.6727286740205766
2,f101_nyg_low_normal_DAYS_FIRST_DUE_s_app_DAYS_LAST_PHONE_CHANGE_mean,751.5378797054291,41,0.7780836022786467,0.6727286740205766
2,f101_nyg_low_normal_DAYS_LAST_DUE_d_app_DAYS_EMPLOYED_min,588.8878626823425,33,0.7780836022786467,0.6727286740205766
2,f101_nyg_low_normal_AMT_GOODS_PRICE_d_AMT_ANNUITY_max,765.1842393875122,60,0.7780836022786467,0.6727286740205766
2,f101_nyg_low_normal_DAYS_LAST_DUE_1ST_VERSION_s_app_DAYS_ID_PUBLISH_max,566.1160129904747,48,0.7780836022786467,0.6727286740205766
2,f101_nyg_middle_AMT_APPLICATION_s_app_AMT_CREDIT_mean,686.95751786232,59,0.7780836022786467,0.6727286740205766
2,f101_nyg_low_normal_AMT_ANNUITY_d_app_AMT_CREDIT_max,724.8196325302124,54,0.7780836022786467,0.6727286740205766
2,f101_nyg_low_normal_interest_rate_pctchange_min,507.8758399486542,50,0.7780836022786467,0.6727286740205766
2,f101_nyg_low_normal_DAYS_FIRST_DUE_s_DAYS_DECISIONS_min,1407.7695813179016,94,0.7780836022786467,0.6727286740205766
2,f101_nyg_low_normal_AMT_ANNUITY_s_app_AMT_CREDIT_max,505.1144800186157,30,0.7780836022786467,0.6727286740205766
2,f101_nyg_low_normal_DAYS_FIRST_DUE_s_app_DAYS_LAST_PHONE_CHANGE_min,282.850709438324,24,0.7780836022786467,0.6727286740205766
2,f101_nyg_low_normal_DAYS_FIRST_DUE_s_DAYS_DECISIONS_mean,1019.2950215339661,80,0.7780836022786467,0.6727286740205766
2,f101_nyg_low_normal_DAYS_DECISION_s_app_DAYS_ID_PUBLISH_min,419.91959953308105,37,0.7780836022786467,0.6727286740205766
2,f101_nyg_low_normal_AMT_CREDIT_d_AMT_ANNUITY_max,1089.9931074380875,72,0.7780836022786467,0.6727286740205766
2,f101_nyg_low_normal_DAYS_LAST_DUE_1ST_VERSION_s_app_DAYS_LAST_PHONE_CHANGE_max,432.9138414859772,36,0.7780836022786467,0.6727286740205766
2,f101_nyg_low_normal_AMT_ANNUITY_s_app_AMT_CREDIT_min,838.9979441165924,49,0.7780836022786467,0.6727286740205766
2,f101_nyg_low_normal_DAYS_FIRST_DUE_s_app_DAYS_EMPLOYED_max,762.0572323799133,39,0.7780836022786467,0.6727286740205766
2,f101_nyg_low_normal_interest_rate_diff_min,496.9189486503601,45,0.7780836022786467,0.6727286740205766
2,f101_nyg_low_normal_DAYS_FIRST_DUE_s_app_DAYS_ID_PUBLISH_min,414.6381084918976,30,0.7780836022786467,0.6727286740205766
2,f101_nyg_low_normal_DAYS_LAST_DUE_d_app_DAYS_BIRTH_mean,409.8800804615021,36,0.7780836022786467,0.6727286740205766
2,f101_nyg_low_normal_AMT_ANNUITY_d_app_AMT_ANNUITY_max,828.1455755233765,53,0.7780836022786467,0.6727286740205766
2,f101_nyg_low_action_DAYS_LAST_DUE_1ST_VERSION_s_app_DAYS_BIRTH_mean,173.62988233566284,9,0.7780836022786467,0.6727286740205766
2,f101_nyg_low_normal_AMT_GOODS_PRICE_d_total_debt_pctchange_min,435.64082288742065,35,0.7780836022786467,0.6727286740205766
2,f101_nyg_low_action_HOUR_APPR_PROCESS_START_mean,810.4270619153976,64,0.7780836022786467,0.6727286740205766
2,f101_nyg_low_normal_AMT_GOODS_PRICE_d_AMT_ANNUITY_mean,710.8106828927994,58,0.7780836022786467,0.6727286740205766
2,f101_nyg_low_normal_AMT_GOODS_PRICE_d_AMT_ANNUITY_min,361.35678815841675,34,0.7780836022786467,0.6727286740205766
2,f101_nyg_low_normal_DAYS_DECISION_s_app_DAYS_EMPLOYED_mean,386.65101075172424,30,0.7780836022786467,0.6727286740205766
2,f101_nyg_low_normal_AMT_CREDIT_s_app_AMT_GOODS_PRICE_max,666.7675886154175,52,0.7780836022786467,0.6727286740205766
2,f101_nyg_low_normal_AMT_CREDIT_d_AMT_ANNUITY_mean,1210.3472423553467,65,0.7780836022786467,0.6727286740205766
2,f101_nyg_low_normal_interest_rate_diff_mean,332.3177616596222,30,0.7780836022786467,0.6727286740205766
2,f101_nyg_low_normal_AMT_CREDIT_d_total_debt_std_div_mean,441.8193392753601,39,0.7780836022786467,0.6727286740205766
2,f101_nyg_low_normal_interest_rate_pctchange_max,356.7112011909485,34,0.7780836022786467,0.6727286740205766
2,f101_nyg_low_normal_AMT_ANNUITY_d_app_AMT_GOODS_PRICE_max,424.565070271492,41,0.7780836022786467,0.6727286740205766
2,f101_nyg_low_normal_cnt_paid_ratio_mean,818.4709293842316,57,0.7780836022786467,0.6727286740205766
2,f101_nyg_low_normal_DAYS_DECISION_s_app_DAYS_BIRTH_mean,304.0667577981949,22,0.7780836022786467,0.6727286740205766
2,f101_nyg_low_normal_DAYS_LAST_DUE_s_app_DAYS_EMPLOYED_max,437.2705235481262,22,0.7780836022786467,0.6727286740205766
2,f101_nyg_low_normal_AMT_CREDIT_d_AMT_ANNUITY_min,358.44005060195923,32,0.7780836022786467,0.6727286740205766
2,f101_nyg_low_normal_DAYS_FIRST_DUE_d_app_DAYS_EMPLOYED_mean,362.29676842689514,29,0.7780836022786467,0.6727286740205766
2,f101_nyg_low_action_DAYS_FIRST_DUE_s_app_DAYS_EMPLOYED_max,311.9166040048003,29,0.7780836022786467,0.6727286740205766
2,f101_nyg_middle_AMT_APPLICATION_s_app_AMT_INCOME_TOTAL_pctchange_std,651.3956604003906,51,0.7780836022786467,0.6727286740205766
2,f101_nyg_low_normal_DAYS_DECISION_s_app_DAYS_REGISTRATION_min,488.670640707016,43,0.7780836022786467,0.6727286740205766
2,f101_nyg_low_normal_AMT_DOWN_PAYMENT_d_AMT_GOODS_PRICE_diff_min,452.30509996414185,39,0.7780836022786467,0.6727286740205766
2,f101_nyg_middle_AMT_APPLICATION_d_app_AMT_INCOME_TOTAL_diff_std_div_mean,357.5522083044052,34,0.7780836022786467,0.6727286740205766
2,f101_nyg_low_normal_DAYS_LAST_DUE_1ST_VERSION_s_app_DAYS_REGISTRATION_max,465.76727843284607,42,0.7780836022786467,0.6727286740205766
2,f101_nyg_low_action_total_debt_diff_max,375.5311126857996,34,0.7780836022786467,0.6727286740205766
2,f101_nyg_low_action_DAYS_LAST_DUE_1ST_VERSION_s_app_DAYS_BIRTH_min,207.3744888305664,18,0.7780836022786467,0.6727286740205766
2,f101_nyg_low_normal_DAYS_DECISION_s_app_DAYS_REGISTRATION_mean,417.6939115524292,33,0.7780836022786467,0.6727286740205766
2,f101_nyg_low_normal_DAYS_LAST_DUE_1ST_VERSION_s_app_DAYS_LAST_PHONE_CHANGE_mean,399.0668488740921,36,0.7780836022786467,0.6727286740205766
2,f101_nyg_low_normal_interest_rate_diff_max,458.536424100399,42,0.7780836022786467,0.6727286740205766
2,f101_nyg_low_normal_interest_rate_pctchange_std_div_mean,495.53379249572754,47,0.7780836022786467,0.6727286740205766
2,f101_nyg_low_normal_AMT_ANNUITY_s_app_AMT_INCOME_TOTAL_std_div_mean,502.11696696281433,44,0.7780836022786467,0.6727286740205766
2,f101_nyg_low_normal_DAYS_LAST_DUE_1ST_VERSION_s_DAYS_DECISIONS_min,381.4964599609375,31,0.7780836022786467,0.6727286740205766
2,f101_nyg_low_normal_DAYS_TERMINATION_d_app_DAYS_BIRTH_min,351.05187225341797,35,0.7780836022786467,0.6727286740205766
2,f101_nyg_low_normal_DAYS_FIRST_DUE_s_app_DAYS_ID_PUBLISH_mean,268.417329788208,21,0.7780836022786467,0.6727286740205766
2,f101_nyg_low_normal_AMT_CREDIT_s_app_AMT_ANNUITY_d_app_AMT_INCOME_TOTAL_pctchange_std,501.3431077003479,44,0.7780836022786467,0.6727286740205766
2,f101_nyg_low_normal_AMT_CREDIT_s_app_AMT_GOODS_PRICE_min,413.4019205570221,35,0.7780836022786467,0.6727286740205766
2,f101_nyg_low_normal_interest_rate_diff_std_div_mean,310.8542594909668,25,0.7780836022786467,0.6727286740205766
2,f101_nyg_low_normal_AMT_GOODS_PRICE_d_AMT_CREDIT_max,700.8235859870911,48,0.7780836022786467,0.6727286740205766
2,f101_nyg_low_normal_AMT_CREDIT_d_AMT_APPLICATION_min,557.8814911842346,35,0.7780836022786467,0.6727286740205766
2,f101_nyg_low_normal_SELLERPLACE_AREA_std_div_mean,277.49748665094376,25,0.7780836022786467,0.6727286740205766
2,f101_nyg_low_normal_DAYS_LAST_DUE_1ST_VERSION_s_app_DAYS_BIRTH_max,480.8642749786377,33,0.7780836022786467,0.6727286740205766
2,f101_nyg_low_normal_AMT_ANNUITY_d_app_AMT_GOODS_PRICE_diff_mean,460.17499351501465,38,0.7780836022786467,0.6727286740205766
2,f101_nyg_low_normal_DAYS_LAST_DUE_1ST_VERSION_s_app_DAYS_ID_PUBLISH_mean,408.68673157691956,37,0.7780836022786467,0.6727286740205766
2,f101_nyg_low_normal_DAYS_LAST_DUE_s_app_DAYS_LAST_PHONE_CHANGE_max,510.1921052634716,40,0.7780836022786467,0.6727286740205766
2,f101_nyg_low_normal_DAYS_DECISION_s_app_DAYS_EMPLOYED_std,273.167781829834,24,0.7780836022786467,0.6727286740205766
2,f101_nyg_low_normal_DAYS_LAST_DUE_s_app_DAYS_BIRTH_mean,173.7429699897766,12,0.7780836022786467,0.6727286740205766
2,f101_nyg_middle_AMT_APPLICATION_d_app_AMT_INCOME_TOTAL_diff_std,892.9372127056122,63,0.7780836022786467,0.6727286740205766
2,f101_nyg_low_normal_DAYS_FIRST_DUE_s_app_DAYS_REGISTRATION_max,461.35529041290283,36,0.7780836022786467,0.6727286740205766
2,f101_nyg_low_normal_AMT_CREDIT_s_app_AMT_GOODS_PRICE_mean,538.0400876402855,39,0.7780836022786467,0.6727286740205766
2,f101_nyg_low_normal_AMT_ANNUITY_d_app_AMT_ANNUITY_diff_mean,595.9963803291321,52,0.7780836022786467,0.6727286740205766
2,f101_nyg_low_normal_DAYS_TERMINATION_s_app_DAYS_REGISTRATION_max,251.74360752105713,22,0.7780836022786467,0.6727286740205766
2,f101_nyg_low_normal_DAYS_TERMINATION_s_app_DAYS_LAST_PHONE_CHANGE_max,414.650621175766,35,0.7780836022786467,0.6727286740205766
2,f101_nyg_low_normal_DAYS_LAST_DUE_1ST_VERSION_s_app_DAYS_EMPLOYED_max,417.5429878234863,39,0.7780836022786467,0.6727286740205766
2,f101_nyg_low_normal_AMT_CREDIT_s_app_AMT_CREDIT_max,500.0512788295746,36,0.7780836022786467,0.6727286740205766
2,f101_nyg_low_action_DAYS_FIRST_DUE_s_app_DAYS_ID_PUBLISH_min,413.5577425956726,27,0.7780836022786467,0.6727286740205766
2,f101_nyg_low_action_DAYS_FIRST_DUE_s_app_DAYS_ID_PUBLISH_max,330.94503116607666,21,0.7780836022786467,0.6727286740205766
2,f101_nyg_low_normal_AMT_ANNUITY_d_app_AMT_GOODS_PRICE_diff_max,360.66615039110184,30,0.7780836022786467,0.6727286740205766
2,f101_nyg_low_normal_cnt_unpaid_max,797.069056391716,61,0.7780836022786467,0.6727286740205766
2,f101_nyg_middle_AMT_APPLICATION_m_app_AMT_GOODS_PRICE_d_app_AMT_INCOME_TOTAL_std,1107.8070276975632,75,0.7780836022786467,0.6727286740205766
2,f101_nyg_middle_AMT_APPLICATION_s_app_AMT_CREDIT_d_app_AMT_INCOME_TOTAL_pctchange_std,404.6738579273224,34,0.7780836022786467,0.6727286740205766
2,f101_nyg_low_normal_DAYS_TERMINATION_d_app_DAYS_BIRTH_mean,422.07084798812866,36,0.7780836022786467,0.6727286740205766
2,f101_nyg_low_normal_AMT_CREDIT_d_AMT_ANNUITY_std,416.16927790641785,38,0.7780836022786467,0.6727286740205766
2,f101_nyg_low_normal_DAYS_LAST_DUE_1ST_VERSION_s_app_DAYS_REGISTRATION_min,306.7522988319397,29,0.7780836022786467,0.6727286740205766
2,f101_nyg_low_normal_NAME_PRODUCT_TYPE_x_sell_mean,632.6332197189331,38,0.7780836022786467,0.6727286740205766
2,f101_nyg_low_normal_DAYS_TERMINATION_s_app_DAYS_LAST_PHONE_CHANGE_min,352.06139636039734,29,0.7780836022786467,0.6727286740205766
2,f101_nyg_low_normal_total_debt_diff_max_div_min,573.0097508430481,47,0.7780836022786467,0.6727286740205766
2,f101_nyg_low_normal_DAYS_LAST_DUE_s_app_DAYS_ID_PUBLISH_max,249.48761534690857,25,0.7780836022786467,0.6727286740205766
2,f101_nyg_low_normal_DAYS_TERMINATION_s_app_DAYS_ID_PUBLISH_mean,209.79711151123047,20,0.7780836022786467,0.6727286740205766
2,f101_nyg_low_normal_DAYS_TERMINATION_d_app_DAYS_EMPLOYED_min,283.9258301258087,26,0.7780836022786467,0.6727286740205766
2,f101_nyg_low_normal_DAYS_TERMINATION_s_app_DAYS_ID_PUBLISH_max,231.07477855682373,22,0.7780836022786467,0.6727286740205766
2,f101_nyg_low_normal_DAYS_LAST_DUE_1ST_VERSION_s_app_DAYS_BIRTH_mean,160.9417600631714,14,0.7780836022786467,0.6727286740205766
2,f101_nyg_low_normal_DAYS_DECISION_d_app_DAYS_LAST_PHONE_CHANGE_std_div_mean,274.1425485610962,29,0.7780836022786467,0.6727286740205766
2,f101_nyg_low_normal_cnt_unpaid_mean,826.4277000427246,52,0.7780836022786467,0.6727286740205766
2,f101_nyg_low_action_DAYS_FIRST_DUE_s_app_DAYS_LAST_PHONE_CHANGE_max,702.8390677571297,39,0.7780836022786467,0.6727286740205766
2,f101_nyg_low_normal_AMT_ANNUITY_d_app_AMT_CREDIT_diff_max,332.80980944633484,32,0.7780836022786467,0.6727286740205766
2,f101_nyg_low_normal_DAYS_DECISION_s_app_DAYS_EMPLOYED_min,359.75275909900665,31,0.7780836022786467,0.6727286740205766
2,f101_nyg_low_normal_AMT_GOODS_PRICE_d_AMT_CREDIT_diff_std,380.91876888275146,32,0.7780836022786467,0.6727286740205766
2,f101_nyg_low_normal_DAYS_LAST_DUE_s_app_DAYS_REGISTRATION_max,284.5256314277649,24,0.7780836022786467,0.6727286740205766
2,f101_nyg_low_normal_AMT_ANNUITY_s_app_AMT_GOODS_PRICE_diff_min,613.0407514572144,54,0.7780836022786467,0.6727286740205766
2,f101_nyg_low_normal_DAYS_DECISION_d_app_DAYS_EMPLOYED_std_div_mean,145.87674951553345,16,0.7780836022786467,0.6727286740205766
2,f101_nyg_middle_AMT_APPLICATION_s_app_AMT_ANNUITY_d_app_AMT_INCOME_TOTAL_std,808.8438212871552,61,0.7780836022786467,0.6727286740205766
2,f101_nyg_low_normal_AMT_CREDIT_s_app_AMT_CREDIT_min,769.9174492359161,51,0.7780836022786467,0.6727286740205766
2,f101_nyg_middle_AMT_APPLICATION_m_app_AMT_GOODS_PRICE_d_app_AMT_INCOME_TOTAL_pctchange_std,414.28644037246704,31,0.7780836022786467,0.6727286740205766
2,f101_nyg_low_normal_DAYS_LAST_DUE_s_app_DAYS_REGISTRATION_min,235.4452805519104,21,0.7780836022786467,0.6727286740205766
2,f101_nyg_low_normal_DAYS_LAST_DUE_1ST_VERSION_s_app_DAYS_BIRTH_min,357.3092498779297,28,0.7780836022786467,0.6727286740205766
2,f101_nyg_low_normal_DAYS_LAST_DUE_1ST_VERSION_s_app_DAYS_EMPLOYED_min,340.0999765396118,25,0.7780836022786467,0.6727286740205766
2,f101_nyg_low_normal_DAYS_LAST_DUE_s_DAYS_LAST_DUE_1ST_VERSION_mean,259.3058090209961,19,0.7780836022786467,0.6727286740205766
2,f101_nyg_low_normal_AMT_GOODS_PRICE_s_app_AMT_GOODS_PRICE_max,499.8999066352844,31,0.7780836022786467,0.6727286740205766
2,f101_nyg_low_normal_DAYS_TERMINATION_s_app_DAYS_LAST_PHONE_CHANGE_mean,341.0295100212097,30,0.7780836022786467,0.6727286740205766
2,f101_nyg_low_action_HOUR_APPR_PROCESS_START_max,723.0547204017639,56,0.7780836022786467,0.6727286740205766
2,f101_nyg_low_normal_DAYS_LAST_DUE_s_app_DAYS_LAST_PHONE_CHANGE_min,233.2082097530365,19,0.7780836022786467,0.6727286740205766
2,f101_nyg_low_normal_DAYS_FIRST_DUE_s_app_DAYS_LAST_PHONE_CHANGE_max_div_min,710.5693731307983,50,0.7780836022786467,0.6727286740205766
2,f101_nyg_low_normal_DAYS_TERMINATION_d_app_DAYS_EMPLOYED_mean,280.54072856903076,22,0.7780836022786467,0.6727286740205766
2,f101_nyg_low_action_amt_paid_sum,296.65045976638794,23,0.7780836022786467,0.6727286740205766
2,f101_nyg_low_normal_DAYS_FIRST_DUE_s_app_DAYS_BIRTH_min,146.86379480361938,15,0.7780836022786467,0.6727286740205766
2,f101_nyg_low_normal_DAYS_FIRST_DUE_s_app_DAYS_REGISTRATION_min,410.2694414258003,26,0.7780836022786467,0.6727286740205766
2,f101_nyg_middle_AMT_APPLICATION_d_app_AMT_CREDIT_pctchange_std,561.9025883674622,49,0.7780836022786467,0.6727286740205766
2,f101_nyg_low_normal_DAYS_TERMINATION_s_app_DAYS_EMPLOYED_max,403.2232177257538,23,0.7780836022786467,0.6727286740205766
2,f101_nyg_low_normal_amt_unpaid_min,220.4274091720581,19,0.7780836022786467,0.6727286740205766
2,f101_nyg_low_normal_AMT_ANNUITY_d_app_AMT_ANNUITY_std,357.56376123428345,28,0.7780836022786467,0.6727286740205766
2,f101_nyg_low_action_DAYS_LAST_DUE_1ST_VERSION_s_app_DAYS_LAST_PHONE_CHANGE_max,516.7636567354202,36,0.7780836022786467,0.6727286740205766
2,f101_nyg_low_normal_AMT_ANNUITY_d_app_AMT_ANNUITY_diff_max,262.6573917865753,24,0.7780836022786467,0.6727286740205766
2,f101_nyg_low_normal_DAYS_TERMINATION_s_app_DAYS_LAST_PHONE_CHANGE_std_div_mean,345.2568521499634,28,0.7780836022786467,0.6727286740205766
2,f101_nyg_low_normal_total_debt_pctchange_max_div_min,469.91938066482544,39,0.7780836022786467,0.6727286740205766
2,f101_nyg_low_normal_AMT_APPLICATION_s_app_AMT_GOODS_PRICE_max,372.0220345556736,29,0.7780836022786467,0.6727286740205766
2,f101_nyg_low_action_amt_paid_min,333.2698414325714,27,0.7780836022786467,0.6727286740205766
2,f101_nyg_low_normal_DAYS_LAST_DUE_1ST_VERSION_s_app_DAYS_EMPLOYED_mean,256.1558015346527,19,0.7780836022786467,0.6727286740205766
2,f101_nyg_low_normal_DAYS_LAST_DUE_d_app_DAYS_EMPLOYED_mean,242.75767040252686,22,0.7780836022786467,0.6727286740205766
2,f101_nyg_low_normal_AMT_CREDIT_s_app_AMT_CREDIT_mean,495.8616615533829,37,0.7780836022786467,0.6727286740205766
2,f101_nyg_low_normal_DAYS_LAST_DUE_s_app_DAYS_LAST_PHONE_CHANGE_mean,262.5717272758484,21,0.7780836022786467,0.6727286740205766
2,f101_nyg_low_normal_DAYS_FIRST_DUE_s_app_DAYS_EMPLOYED_mean,399.5173225402832,24,0.7780836022786467,0.6727286740205766
2,f101_nyg_low_normal_AMT_APPLICATION_s_app_AMT_GOODS_PRICE_min,469.76580929756165,34,0.7780836022786467,0.6727286740205766
2,f101_nyg_middle_AMT_APPLICATION_s_app_AMT_ANNUITY_std,1360.3294122219086,89,0.7780836022786467,0.6727286740205766
2,f101_nyg_low_normal_DAYS_LAST_DUE_s_app_DAYS_BIRTH_min,391.4257312864065,33,0.7780836022786467,0.6727286740205766
3,f101_nyg_low_action_NAME_CONTRACT_STATUS_Refused_mean,2147.1320371627808,105,0.8332331364499324,0.7672825974011611
3,f101_nyg_low_normal_CNT_PAYMENT_mean,5108.843862012029,249,0.8332331364499324,0.7672825974011611
3,f101_nyg_middle_AMT_APPLICATION_s_app_AMT_GOODS_PRICE_std,279.5634608268738,25,0.8332331364499324,0.7672825974011611
3,f101_nyg_low_normal_DAYS_TERMINATION_s_app_DAYS_ID_PUBLISH_min,983.7021658420563,70,0.8332331364499324,0.7672825974011611
3,f101_refused_AMT_ANNUITY_s_app_AMT_GOODS_PRICE_max,243.39053916931152,18,0.8332331364499324,0.7672825974011611
3,f101_nyg_middle_HOUR_APPR_PROCESS_START_mean,616.7826272249222,52,0.8332331364499324,0.7672825974011611
3,f101_nyg_low_normal_DAYS_LAST_DUE_s_app_DAYS_ID_PUBLISH_mean,1806.0047277212143,93,0.8332331364499324,0.7672825974011611
3,f101_nyg_middle_DAYS_LAST_DUE_1ST_VERSION_d_app_DAYS_BIRTH_mean,890.2412402629852,58,0.8332331364499324,0.7672825974011611
3,f101_nyg_middle_AMT_CREDIT_d_total_debt_min,1639.2531814575195,88,0.8332331364499324,0.7672825974011611
3,f101_nyg_middle_DAYS_FIRST_DUE_s_app_DAYS_LAST_PHONE_CHANGE_max,841.5694668292999,62,0.8332331364499324,0.7672825974011611
3,f101_nyg_middle_DAYS_FIRST_DUE_d_app_DAYS_EMPLOYED_min,681.5496316999197,49,0.8332331364499324,0.7672825974011611
3,f101_nyg_middle_DAYS_LAST_DUE_1ST_VERSION_d_app_DAYS_BIRTH_max,841.4100368022919,60,0.8332331364499324,0.7672825974011611
3,f101_refused_AMT_ANNUITY_s_app_AMT_GOODS_PRICE_min,161.85772943496704,11,0.8332331364499324,0.7672825974011611
3,f101_nyg_middle_DAYS_LAST_DUE_1ST_VERSION_d_app_DAYS_BIRTH_min,1716.9973237514496,89,0.8332331364499324,0.7672825974011611
3,f101_nyg_middle_AMT_GOODS_PRICE_d_total_debt_mean,2187.71057754755,99,0.8332331364499324,0.7672825974011611
3,f101_nyg_middle_AMT_CREDIT_d_AMT_APPLICATION_mean,801.9171898365021,52,0.8332331364499324,0.7672825974011611
3,f101_nyg_middle_DAYS_LAST_DUE_s_app_DAYS_BIRTH_max,227.20412874221802,16,0.8332331364499324,0.7672825974011611
3,f101_nyg_middle_DAYS_DECISION_s_app_DAYS_BIRTH_max,143.7888207435608,12,0.8332331364499324,0.7672825974011611
3,f101_refused_AMT_ANNUITY_s_app_AMT_GOODS_PRICE_mean,142.7821798324585,11,0.8332331364499324,0.7672825974011611
3,f101_nyg_middle_DAYS_DECISION_s_app_DAYS_LAST_PHONE_CHANGE_max,414.9178500175476,32,0.8332331364499324,0.7672825974011611
3,f101_nyg_middle_DAYS_TERMINATION_s_DAYS_LAST_DUE_1ST_VERSION_max,1434.379203081131,97,0.8332331364499324,0.7672825974011611
3,f101_nyg_middle_AMT_GOODS_PRICE_d_AMT_CREDIT_mean,987.5068693161011,64,0.8332331364499324,0.7672825974011611
3,f101_refused_AMT_ANNUITY_s_app_AMT_ANNUITY_d_app_AMT_INCOME_TOTAL_min,689.7524005174637,44,0.8332331364499324,0.7672825974011611
3,f101_nyg_middle_interest_rate_diff_max,941.743607878685,73,0.8332331364499324,0.7672825974011611
3,f101_nyg_middle_AMT_CREDIT_s_app_AMT_ANNUITY_min,582.5896904468536,46,0.8332331364499324,0.7672825974011611
3,f101_refused_AMT_ANNUITY_s_app_AMT_ANNUITY_min,608.8652958869934,41,0.8332331364499324,0.7672825974011611
3,f101_nyg_middle_AMT_CREDIT_d_total_debt_mean,1554.5402565002441,76,0.8332331364499324,0.7672825974011611
3,f101_nyg_middle_interest_rate_diff_mean,593.6702392101288,48,0.8332331364499324,0.7672825974011611
3,f101_nyg_middle_DAYS_DECISION_s_app_DAYS_ID_PUBLISH_max,407.7197996377945,35,0.8332331364499324,0.7672825974011611
3,f101_nyg_middle_AMT_GOODS_PRICE_d_total_debt_min,1270.4386719465256,70,0.8332331364499324,0.7672825974011611
3,f101_nyg_middle_total_debt_pctchange_max,604.2770863771439,46,0.8332331364499324,0.7672825974011611
3,f101_nyg_middle_DAYS_FIRST_DUE_d_app_DAYS_EMPLOYED_mean,430.4551794528961,34,0.8332331364499324,0.7672825974011611
3,f101_nyg_middle_DAYS_FIRST_DUE_s_app_DAYS_LAST_PHONE_CHANGE_mean,500.1857576370239,41,0.8332331364499324,0.7672825974011611
3,f101_nyg_middle_DAYS_DECISION_s_app_DAYS_EMPLOYED_max,444.7987003326416,37,0.8332331364499324,0.7672825974011611
3,f101_nyg_middle_NAME_CLIENT_TYPE_New_mean,704.0550985336304,44,0.8332331364499324,0.7672825974011611
3,f101_refused_AMT_APPLICATION_d_app_AMT_ANNUITY_min,314.30428981781006,25,0.8332331364499324,0.7672825974011611
3,f101_nyg_middle_AMT_CREDIT_s_app_AMT_CREDIT_d_app_AMT_INCOME_TOTAL_mean,286.58508110046387,26,0.8332331364499324,0.7672825974011611
3,f101_refused_AMT_APPLICATION_min,68.04998970031738,6,0.8332331364499324,0.7672825974011611
3,f101_refused_AMT_ANNUITY_s_app_AMT_ANNUITY_d_app_AMT_INCOME_TOTAL_mean,949.3601369857788,67,0.8332331364499324,0.7672825974011611
3,f101_nyg_middle_total_debt_diff_max,729.0328702926636,52,0.8332331364499324,0.7672825974011611
3,f101_refused_AMT_ANNUITY_s_app_AMT_CREDIT_mean,212.09994101524353,12,0.8332331364499324,0.7672825974011611
3,f101_nyg_middle_AMT_CREDIT_s_app_AMT_ANNUITY_d_app_AMT_INCOME_TOTAL_min,528.5528977811337,42,0.8332331364499324,0.7672825974011611
3,f101_refused_AMT_ANNUITY_s_app_AMT_CREDIT_min,363.6350402832031,24,0.8332331364499324,0.7672825974011611
3,f101_nyg_middle_AMT_CREDIT_s_app_AMT_CREDIT_d_app_AMT_INCOME_TOTAL_max,289.20492005348206,27,0.8332331364499324,0.7672825974011611
3,f101_nyg_middle_DAYS_DECISION_s_app_DAYS_LAST_PHONE_CHANGE_mean,407.8392152786255,32,0.8332331364499324,0.7672825974011611
3,f101_nyg_middle_AMT_CREDIT_d_app_AMT_INCOME_TOTAL_min,781.2311191558838,63,0.8332331364499324,0.7672825974011611
3,f101_nyg_middle_interest_rate_diff_min,667.8496587276459,55,0.8332331364499324,0.7672825974011611
3,f101_refused_AMT_APPLICATION_d_app_AMT_GOODS_PRICE_min,174.75411224365234,14,0.8332331364499324,0.7672825974011611
3,f101_nyg_middle_DAYS_FIRST_DUE_s_app_DAYS_EMPLOYED_max,585.8798995018005,36,0.8332331364499324,0.7672825974011611
3,f101_nyg_middle_DAYS_TERMINATION_s_DAYS_LAST_DUE_1ST_VERSION_min,1236.8710265159607,85,0.8332331364499324,0.7672825974011611
3,f101_nyg_middle_AMT_GOODS_PRICE_d_total_debt_max,1095.3644618988037,69,0.8332331364499324,0.7672825974011611
3,f101_nyg_middle_DAYS_DECISION_s_app_DAYS_EMPLOYED_mean,254.4349386692047,22,0.8332331364499324,0.7672825974011611
3,f101_nyg_middle_AMT_GOODS_PRICE_s_app_AMT_CREDIT_min,192.8344178199768,17,0.8332331364499324,0.7672825974011611
3,f101_nyg_middle_DAYS_TERMINATION_s_DAYS_LAST_DUE_1ST_VERSION_mean,764.2362213134766,60,0.8332331364499324,0.7672825974011611
3,f101_nyg_middle_AMT_CREDIT_s_app_AMT_GOODS_PRICE_min,145.70808124542236,11,0.8332331364499324,0.7672825974011611
3,f101_nyg_middle_HOUR_APPR_PROCESS_START_max,276.21604013442993,25,0.8332331364499324,0.7672825974011611
3,f101_nyg_middle_AMT_GOODS_PRICE_s_app_AMT_ANNUITY_d_app_AMT_INCOME_TOTAL_mean,625.2139596939087,43,0.8332331364499324,0.7672825974011611
3,f101_nyg_middle_AMT_CREDIT_d_AMT_APPLICATION_max,359.5777897834778,26,0.8332331364499324,0.7672825974011611
3,f101_nyg_middle_interest_rate_pctchange_min,635.6444025039673,52,0.8332331364499324,0.7672825974011611
3,f101_nyg_middle_AMT_CREDIT_d_total_debt_max,678.5406748056412,51,0.8332331364499324,0.7672825974011611
3,f101_nyg_middle_DAYS_DECISION_s_app_DAYS_BIRTH_mean,253.87544059753418,19,0.8332331364499324,0.7672825974011611
3,f101_refused_AMT_APPLICATION_d_app_AMT_INCOME_TOTAL_std,193.30897092819214,14,0.8332331364499324,0.7672825974011611
3,f101_refused_AMT_ANNUITY_s_app_AMT_CREDIT_max,317.6854912042618,18,0.8332331364499324,0.7672825974011611
3,f101_nyg_middle_AMT_CREDIT_s_app_AMT_CREDIT_min,197.4911322593689,18,0.8332331364499324,0.7672825974011611
3,f101_nyg_middle_AMT_CREDIT_d_AMT_ANNUITY_min,899.9980523586273,60,0.8332331364499324,0.7672825974011611
3,f101_refused_AMT_APPLICATION_d_app_AMT_ANNUITY_std_div_mean,796.7506084442139,45,0.8332331364499324,0.7672825974011611
3,f101_nyg_middle_AMT_GOODS_PRICE_d_AMT_ANNUITY_max,753.271476149559,56,0.8332331364499324,0.7672825974011611
3,f101_nyg_middle_DAYS_FIRST_DUE_s_app_DAYS_BIRTH_max,332.64019107818604,20,0.8332331364499324,0.7672825974011611
3,f101_nyg_middle_DAYS_LAST_DUE_1ST_VERSION_s_app_DAYS_BIRTH_max,291.66236686706543,22,0.8332331364499324,0.7672825974011611
3,f101_nyg_middle_AMT_GOODS_PRICE_d_AMT_CREDIT_min,489.21953201293945,36,0.8332331364499324,0.7672825974011611
3,f101_refused_AMT_APPLICATION_m_app_AMT_GOODS_PRICE_d_app_AMT_INCOME_TOTAL_pctchange_std,274.70980167388916,22,0.8332331364499324,0.7672825974011611
3,f101_nyg_middle_DAYS_DECISION_s_app_DAYS_EMPLOYED_min,297.1360584497452,28,0.8332331364499324,0.7672825974011611
3,f101_nyg_middle_AMT_GOODS_PRICE_s_app_AMT_CREDIT_mean,312.32584714889526,26,0.8332331364499324,0.7672825974011611
3,f101_nyg_middle_AMT_GOODS_PRICE_s_app_AMT_GOODS_PRICE_min,261.26686799526215,24,0.8332331364499324,0.7672825974011611
3,f101_refused_AMT_ANNUITY_min,332.56565058231354,27,0.8332331364499324,0.7672825974011611
3,f101_nyg_middle_AMT_CREDIT_d_AMT_ANNUITY_pctchange_std_div_mean,232.796248793602,23,0.8332331364499324,0.7672825974011611
3,f101_nyg_middle_AMT_GOODS_PRICE_d_AMT_ANNUITY_min,555.4187579154968,46,0.8332331364499324,0.7672825974011611
3,f101_nyg_middle_DAYS_LAST_DUE_1ST_VERSION_s_app_DAYS_ID_PUBLISH_max,263.69168734550476,25,0.8332331364499324,0.7672825974011611
3,f101_nyg_middle_DAYS_LAST_DUE_1ST_VERSION_s_app_DAYS_EMPLOYED_max,255.59448099136353,21,0.8332331364499324,0.7672825974011611
3,f101_nyg_middle_DAYS_DECISION_s_app_DAYS_ID_PUBLISH_min,352.0687007904053,32,0.8332331364499324,0.7672825974011611
3,f101_refused_AMT_APPLICATION_d_app_AMT_CREDIT_min,123.86503982543945,9,0.8332331364499324,0.7672825974011611
3,f101_nyg_middle_DAYS_LAST_DUE_s_app_DAYS_LAST_PHONE_CHANGE_max,534.7615501880646,39,0.8332331364499324,0.7672825974011611
3,f101_nyg_middle_DAYS_DECISION_s_app_DAYS_BIRTH_min,253.62506103515625,20,0.8332331364499324,0.7672825974011611
3,f101_nyg_middle_AMT_GOODS_PRICE_s_app_AMT_GOODS_PRICE_max,460.9123387336731,34,0.8332331364499324,0.7672825974011611
3,f101_nyg_middle_DAYS_DECISION_s_app_DAYS_ID_PUBLISH_mean,389.35542422533035,29,0.8332331364499324,0.7672825974011611
3,f101_nyg_middle_AMT_CREDIT_d_AMT_ANNUITY_max,834.9387907981873,61,0.8332331364499324,0.7672825974011611
3,f101_refused_AMT_ANNUITY_d_app_AMT_CREDIT_min,245.6486611366272,22,0.8332331364499324,0.7672825974011611
3,f101_nyg_middle_total_debt_min,475.2495024204254,39,0.8332331364499324,0.7672825974011611
3,f101_nyg_middle_AMT_CREDIT_s_app_AMT_GOODS_PRICE_max,375.77907609939575,28,0.8332331364499324,0.7672825974011611
3,f101_nyg_middle_DAYS_LAST_DUE_1ST_VERSION_s_app_DAYS_REGISTRATION_max,369.554559469223,31,0.8332331364499324,0.7672825974011611
3,f101_nyg_middle_AMT_GOODS_PRICE_m_app_AMT_GOODS_PRICE_d_app_AMT_INCOME_TOTAL_min,345.41166162490845,27,0.8332331364499324,0.7672825974011611
3,f101_nyg_middle_DAYS_LAST_DUE_s_app_DAYS_LAST_PHONE_CHANGE_mean,433.1333291530609,39,0.8332331364499324,0.7672825974011611
3,f101_nyg_middle_DAYS_FIRST_DUE_s_app_DAYS_ID_PUBLISH_max,596.1692800521851,40,0.8332331364499324,0.7672825974011611
3,f101_refused_AMT_ANNUITY_d_app_AMT_GOODS_PRICE_pctchange_max,364.34180974960327,26,0.8332331364499324,0.7672825974011611
3,f101_nyg_middle_DAYS_TERMINATION_s_app_DAYS_LAST_PHONE_CHANGE_max,342.1869513988495,27,0.8332331364499324,0.7672825974011611
3,f101_nyg_middle_AMT_GOODS_PRICE_s_app_AMT_ANNUITY_d_app_AMT_INCOME_TOTAL_max,712.4398901462555,50,0.8332331364499324,0.7672825974011611
3,f101_refused_AMT_APPLICATION_m_app_AMT_GOODS_PRICE_d_app_AMT_INCOME_TOTAL_pctchange_std_div_mean,357.0425786972046,28,0.8332331364499324,0.7672825974011611
3,f101_nyg_middle_AMT_GOODS_PRICE_d_total_debt_pctchange_std,219.3148797750473,20,0.8332331364499324,0.7672825974011611
3,f101_refused_AMT_ANNUITY_d_app_AMT_GOODS_PRICE_min,215.42059898376465,16,0.8332331364499324,0.7672825974011611
3,f101_nyg_middle_DAYS_TERMINATION_s_app_DAYS_LAST_PHONE_CHANGE_mean,440.71473026275635,31,0.8332331364499324,0.7672825974011611
3,f101_nyg_middle_AMT_GOODS_PRICE_d_AMT_ANNUITY_mean,500.23400235176086,43,0.8332331364499324,0.7672825974011611
3,f101_nyg_middle_interest_rate_diff_std,300.50526189804077,27,0.8332331364499324,0.7672825974011611
3,f101_nyg_middle_AMT_GOODS_PRICE_d_app_AMT_INCOME_TOTAL_mean,946.028178691864,64,0.8332331364499324,0.7672825974011611
3,f101_nyg_middle_DAYS_FIRST_DUE_s_DAYS_DECISIONS_min,387.43376779556274,31,0.8332331364499324,0.7672825974011611
3,f101_nyg_middle_DAYS_DECISION_s_app_DAYS_REGISTRATION_max,498.95921874046326,39,0.8332331364499324,0.7672825974011611
3,f101_nyg_middle_AMT_GOODS_PRICE_s_app_AMT_INCOME_TOTAL_pctchange_std,322.23929834365845,27,0.8332331364499324,0.7672825974011611
3,f101_nyg_middle_AMT_CREDIT_d_AMT_APPLICATION_min,764.2993206977844,50,0.8332331364499324,0.7672825974011611
3,f101_nyg_middle_DAYS_TERMINATION_s_app_DAYS_BIRTH_max,219.989408493042,19,0.8332331364499324,0.7672825974011611
3,f101_nyg_middle_AMT_GOODS_PRICE_s_app_AMT_GOODS_PRICE_mean,233.78388023376465,19,0.8332331364499324,0.7672825974011611
3,f101_nyg_middle_AMT_CREDIT_s_app_AMT_ANNUITY_mean,469.09270215034485,32,0.8332331364499324,0.7672825974011611
3,f101_refused_AMT_ANNUITY_d_app_AMT_ANNUITY_mean,638.8004760742188,43,0.8332331364499324,0.7672825974011611
3,f101_nyg_middle_DAYS_LAST_DUE_1ST_VERSION_s_app_DAYS_EMPLOYED_mean,206.60640907287598,17,0.8332331364499324,0.7672825974011611
3,f101_nyg_middle_DAYS_LAST_DUE_s_app_DAYS_BIRTH_mean,211.33925867080688,19,0.8332331364499324,0.7672825974011611
3,f101_nyg_middle_AMT_CREDIT_s_app_AMT_CREDIT_max,356.71291065216064,28,0.8332331364499324,0.7672825974011611
3,f101_refused_AMT_ANNUITY_d_app_AMT_ANNUITY_min,369.76162815093994,28,0.8332331364499324,0.7672825974011611
3,f101_nyg_middle_AMT_CREDIT_s_app_AMT_GOODS_PRICE_mean,162.1106400489807,13,0.8332331364499324,0.7672825974011611
3,f101_nyg_middle_AMT_CREDIT_min,446.86984845995903,38,0.8332331364499324,0.7672825974011611
3,f101_nyg_middle_DAYS_DECISION_d_app_DAYS_EMPLOYED_std_div_mean,181.50405073165894,16,0.8332331364499324,0.7672825974011611
3,f101_refused_AMT_ANNUITY_d_app_AMT_ANNUITY_std_div_mean,317.98809242248535,24,0.8332331364499324,0.7672825974011611
3,f101_refused_AMT_ANNUITY_d_app_AMT_ANNUITY_pctchange_max,209.39202737808228,16,0.8332331364499324,0.7672825974011611
3,f101_nyg_middle_AMT_CREDIT_d_AMT_ANNUITY_mean,589.1692192554474,39,0.8332331364499324,0.7672825974011611
3,f101_nyg_middle_DAYS_LAST_DUE_1ST_VERSION_s_app_DAYS_ID_PUBLISH_min,315.87392139434814,25,0.8332331364499324,0.7672825974011611
3,f101_nyg_middle_AMT_CREDIT_s_app_AMT_CREDIT_mean,171.03222131729126,14,0.8332331364499324,0.7672825974011611
3,f101_nyg_middle_AMT_GOODS_PRICE_d_total_debt_std_div_mean,336.51611709594727,28,0.8332331364499324,0.7672825974011611
3,f101_nyg_middle_DAYS_TERMINATION_s_DAYS_DECISIONS_std_div_mean,240.7835202217102,19,0.8332331364499324,0.7672825974011611
3,f101_nyg_middle_DAYS_FIRST_DUE_s_app_DAYS_EMPLOYED_std,698.7419509887695,44,0.8332331364499324,0.7672825974011611
3,f101_nyg_middle_AMT_GOODS_PRICE_s_app_AMT_CREDIT_max,410.5196409225464,31,0.8332331364499324,0.7672825974011611
3,f101_nyg_middle_DAYS_LAST_DUE_1ST_VERSION_s_app_DAYS_EMPLOYED_min,242.07789969444275,21,0.8332331364499324,0.7672825974011611
3,f101_nyg_middle_AMT_GOODS_PRICE_m_app_AMT_GOODS_PRICE_d_app_AMT_INCOME_TOTAL_mean,215.01661109924316,17,0.8332331364499324,0.7672825974011611
3,f101_nyg_middle_AMT_GOODS_PRICE_d_AMT_CREDIT_max,825.5605874210596,62,0.8332331364499324,0.7672825974011611
3,f101_nyg_middle_DAYS_LAST_DUE_s_DAYS_LAST_DUE_1ST_VERSION_std_div_mean,283.61723232269287,20,0.8332331364499324,0.7672825974011611
3,f101_nyg_middle_AMT_CREDIT_d_AMT_ANNUITY_std,290.88331055641174,25,0.8332331364499324,0.7672825974011611
3,f101_nyg_middle_DAYS_TERMINATION_s_app_DAYS_EMPLOYED_max,254.16843366622925,21,0.8332331364499324,0.7672825974011611
3,f101_nyg_middle_AMT_CREDIT_d_app_AMT_INCOME_TOTAL_mean,304.6118197441101,24,0.8332331364499324,0.7672825974011611
3,f101_nyg_middle_DAYS_LAST_DUE_1ST_VERSION_s_app_DAYS_REGISTRATION_min,226.56257104873657,21,0.8332331364499324,0.7672825974011611
3,f101_nyg_middle_AMT_DOWN_PAYMENT_max,686.0509660243988,47,0.8332331364499324,0.7672825974011611
3,f101_nyg_middle_AMT_CREDIT_s_app_AMT_ANNUITY_max,293.10675859451294,20,0.8332331364499324,0.7672825974011611
3,f101_nyg_middle_DAYS_DECISION_s_app_DAYS_REGISTRATION_min,320.0030884742737,26,0.8332331364499324,0.7672825974011611
3,f101_nyg_middle_DAYS_TERMINATION_s_app_DAYS_ID_PUBLISH_max,268.5322108268738,23,0.8332331364499324,0.7672825974011611
3,f101_nyg_middle_DAYS_LAST_DUE_s_app_DAYS_ID_PUBLISH_std_div_mean,362.44592666625977,28,0.8332331364499324,0.7672825974011611
3,f101_nyg_middle_DAYS_FIRST_DUE_s_app_DAYS_ID_PUBLISH_min,249.95375061035156,21,0.8332331364499324,0.7672825974011611
3,f101_nyg_middle_DAYS_FIRST_DUE_s_app_DAYS_ID_PUBLISH_mean,177.2050199508667,15,0.8332331364499324,0.7672825974011611
3,f101_nyg_middle_AMT_GOODS_PRICE_d_app_AMT_INCOME_TOTAL_max,583.8877789974213,49,0.8332331364499324,0.7672825974011611
3,f101_nyg_middle_AMT_GOODS_PRICE_m_app_AMT_GOODS_PRICE_d_app_AMT_INCOME_TOTAL_max,412.36100721359253,32,0.8332331364499324,0.7672825974011611
3,f101_nyg_middle_AMT_CREDIT_mean,231.88508939743042,18,0.8332331364499324,0.7672825974011611
3,f101_nyg_middle_AMT_CREDIT_d_total_debt_std_div_mean,270.77070903778076,22,0.8332331364499324,0.7672825974011611
3,f101_nyg_middle_AMT_GOODS_PRICE_d_AMT_ANNUITY_diff_std_div_mean,128.7302393913269,12,0.8332331364499324,0.7672825974011611
3,f101_nyg_middle_AMT_CREDIT_m_app_AMT_GOODS_PRICE_d_app_AMT_INCOME_TOTAL_min,217.82042169570923,18,0.8332331364499324,0.7672825974011611
3,f101_nyg_middle_AMT_CREDIT_m_app_AMT_GOODS_PRICE_d_app_AMT_INCOME_TOTAL_mean,266.3835310935974,19,0.8332331364499324,0.7672825974011611
3,f101_nyg_middle_DAYS_FIRST_DUE_s_app_DAYS_REGISTRATION_max,212.62794882059097,16,0.8332331364499324,0.7672825974011611
3,f101_nyg_middle_AMT_CREDIT_max,188.2089053541422,15,0.8332331364499324,0.7672825974011611
3,f101_nyg_middle_AMT_DOWN_PAYMENT_d_AMT_GOODS_PRICE_diff_std,144.16638231277466,13,0.8332331364499324,0.7672825974011611
3,f101_nyg_middle_DAYS_LAST_DUE_1ST_VERSION_s_app_DAYS_ID_PUBLISH_mean,409.5384168624878,34,0.8332331364499324,0.7672825974011611
3,f101_nyg_middle_DAYS_LAST_DUE_s_app_DAYS_EMPLOYED_max,276.8222870826721,20,0.8332331364499324,0.7672825974011611
3,f101_nyg_middle_total_debt_pctchange_std,335.2434238791466,30,0.8332331364499324,0.7672825974011611
3,f101_nyg_middle_AMT_GOODS_PRICE_d_app_AMT_INCOME_TOTAL_diff_std_div_mean,151.031231880188,13,0.8332331364499324,0.7672825974011611
3,f101_nyg_middle_AMT_GOODS_PRICE_d_AMT_ANNUITY_pctchange_std_div_mean,180.9901204109192,15,0.8332331364499324,0.7672825974011611
3,f101_refused_AMT_ANNUITY_s_app_AMT_CREDIT_d_app_AMT_INCOME_TOTAL_pctchange_min,265.71204948425293,23,0.8332331364499324,0.7672825974011611
3,f101_nyg_middle_DAYS_LAST_DUE_1ST_VERSION_s_DAYS_DECISIONS_std_div_mean,457.6914882659912,28,0.8332331364499324,0.7672825974011611
3,f101_nyg_middle_DAYS_LAST_DUE_s_app_DAYS_ID_PUBLISH_max,239.37780237197876,18,0.8332331364499324,0.7672825974011611
3,f101_nyg_middle_AMT_CREDIT_d_total_debt_pctchange_std,243.75482988357544,18,0.8332331364499324,0.7672825974011611
3,f101_refused_AMT_APPLICATION_d_app_AMT_ANNUITY_diff_std_div_mean,327.3765802383423,20,0.8332331364499324,0.7672825974011611
3,f101_nyg_middle_total_debt_mean,467.7040591239929,31,0.8332331364499324,0.7672825974011611
3,f101_refused_AMT_ANNUITY_s_app_AMT_CREDIT_pctchange_min,187.79794025421143,16,0.8332331364499324,0.7672825974011611
3,f101_nyg_middle_total_debt_std,257.7934637069702,20,0.8332331364499324,0.7672825974011611
3,f101_nyg_middle_DAYS_LAST_DUE_1ST_VERSION_s_app_DAYS_BIRTH_min,281.32421112060547,22,0.8332331364499324,0.7672825974011611
3,f101_nyg_middle_AMT_DOWN_PAYMENT_mean,531.6326990127563,38,0.8332331364499324,0.7672825974011611
3,f101_nyg_middle_total_debt_pctchange_std_div_mean,221.7859010696411,21,0.8332331364499324,0.7672825974011611
3,f101_refused_AMT_ANNUITY_d_app_AMT_ANNUITY_pctchange_std,221.2125689983368,19,0.8332331364499324,0.7672825974011611
3,f101_nyg_middle_DAYS_FIRST_DUE_s_app_DAYS_EMPLOYED_mean,254.0915493965149,19,0.8332331364499324,0.7672825974011611
3,f101_nyg_middle_DAYS_DECISION_s_app_DAYS_REGISTRATION_mean,236.6986621618271,17,0.8332331364499324,0.7672825974011611
3,f101_nyg_middle_AMT_CREDIT_m_app_AMT_GOODS_PRICE_d_app_AMT_INCOME_TOTAL_pctchange_std,164.67162084579468,15,0.8332331364499324,0.7672825974011611
3,f101_nyg_middle_DAYS_TERMINATION_s_DAYS_LAST_DUE_1ST_VERSION_std,667.3215479850769,35,0.8332331364499324,0.7672825974011611
3,f101_nyg_middle_DAYS_TERMINATION_s_app_DAYS_EMPLOYED_min,331.58747124671936,28,0.8332331364499324,0.7672825974011611
3,f101_nyg_middle_AMT_CREDIT_m_app_AMT_GOODS_PRICE_d_app_AMT_INCOME_TOTAL_max,412.5514826774597,34,0.8332331364499324,0.7672825974011611
3,f101_nyg_middle_DAYS_LAST_DUE_1ST_VERSION_d_app_DAYS_EMPLOYED_std,339.75384998321533,29,0.8332331364499324,0.7672825974011611
3,f101_nyg_middle_DAYS_FIRST_DUE_s_app_DAYS_BIRTH_min,240.5804524421692,15,0.8332331364499324,0.7672825974011611
3,f101_nyg_middle_AMT_CREDIT_d_app_AMT_INCOME_TOTAL_max,328.35426139831543,25,0.8332331364499324,0.7672825974011611
3,f101_refused_AMT_ANNUITY_d_app_AMT_CREDIT_pctchange_max,247.881281375885,17,0.8332331364499324,0.7672825974011611
3,f101_nyg_middle_DAYS_FIRST_DUE_s_app_DAYS_REGISTRATION_min,238.00534915924072,21,0.8332331364499324,0.7672825974011611
3,f101_nyg_middle_AMT_GOODS_PRICE_m_app_AMT_GOODS_PRICE_d_app_AMT_INCOME_TOTAL_pctchange_std,132.68766069412231,13,0.8332331364499324,0.7672825974011611
3,f101_nyg_middle_AMT_CREDIT_s_app_AMT_GOODS_PRICE_diff_mean,227.79757118225098,18,0.8332331364499324,0.7672825974011611
3,f101_nyg_middle_AMT_CREDIT_s_app_AMT_ANNUITY_d_app_AMT_INCOME_TOTAL_mean,364.7606019973755,25,0.8332331364499324,0.7672825974011611
3,f101_nyg_middle_DAYS_LAST_DUE_1ST_VERSION_s_app_DAYS_BIRTH_mean,205.57801020145416,17,0.8332331364499324,0.7672825974011611
3,f101_nyg_middle_DAYS_LAST_DUE_1ST_VERSION_s_DAYS_DECISIONS_min,286.3967263698578,26,0.8332331364499324,0.7672825974011611
3,f101_nyg_middle_DAYS_FIRST_DUE_s_app_DAYS_BIRTH_mean,176.4044508934021,13,0.8332331364499324,0.7672825974011611
3,f101_nyg_middle_DAYS_FIRST_DUE_d_app_DAYS_EMPLOYED_std_div_mean,303.8895015716553,23,0.8332331364499324,0.7672825974011611
3,f101_nyg_middle_DAYS_TERMINATION_s_app_DAYS_ID_PUBLISH_min,253.81896305084229,18,0.8332331364499324,0.7672825974011611
3,f101_nyg_middle_cnt_paid_min,201.72808933258057,16,0.8332331364499324,0.7672825974011611
3,f101_nyg_middle_total_debt_max,787.1045413017273,49,0.8332331364499324,0.7672825974011611
3,f101_nyg_middle_AMT_CREDIT_s_app_AMT_ANNUITY_d_app_AMT_INCOME_TOTAL_max,335.504686832428,25,0.8332331364499324,0.7672825974011611
3,f101_nyg_middle_total_debt_diff_std,308.2603302001953,25,0.8332331364499324,0.7672825974011611
3,f101_nyg_middle_DAYS_FIRST_DUE_s_app_DAYS_EMPLOYED_min,176.8629388809204,15,0.8332331364499324,0.7672825974011611
3,f101_nyg_middle_cnt_unpaid_std,1214.846778869629,49,0.8332331364499324,0.7672825974011611
3,f101_nyg_middle_AMT_CREDIT_s_app_AMT_CREDIT_d_app_AMT_INCOME_TOTAL_pctchange_std,190.15670716762543,18,0.8332331364499324,0.7672825974011611
3,f101_nyg_middle_DAYS_LAST_DUE_1ST_VERSION_s_app_DAYS_REGISTRATION_mean,266.1162385940552,23,0.8332331364499324,0.7672825974011611
3,f101_nyg_middle_DAYS_LAST_DUE_1ST_VERSION_s_DAYS_DECISIONS_std,514.3931565284729,30,0.8332331364499324,0.7672825974011611
3,f101_nyg_middle_AMT_CREDIT_d_total_debt_diff_std,142.84508800506592,11,0.8332331364499324,0.7672825974011611
3,f101_nyg_middle_DAYS_LAST_DUE_s_app_DAYS_BIRTH_min,393.5050792694092,28,0.8332331364499324,0.7672825974011611
3,f101_refused_AMT_APPLICATION_m_app_AMT_GOODS_PRICE_d_app_AMT_INCOME_TOTAL_std,72.15073204040527,5,0.8332331364499324,0.7672825974011611
3,f101_nyg_middle_DAYS_LAST_DUE_s_app_DAYS_ID_PUBLISH_min,284.8685920238495,21,0.8332331364499324,0.7672825974011611
3,f101_nyg_middle_DAYS_LAST_DUE_1ST_VERSION_s_DAYS_DECISIONS_mean,422.9439200311899,30,0.8332331364499324,0.7672825974011611
3,f101_nyg_middle_DAYS_LAST_DUE_1ST_VERSION_s_app_DAYS_BIRTH_std_div_mean,116.8481296300888,10,0.8332331364499324,0.7672825974011611
3,f101_nyg_middle_DAYS_TERMINATION_s_app_DAYS_REGISTRATION_max,468.65058946609497,38,0.8332331364499324,0.7672825974011611
3,f101_nyg_middle_cnt_unpaid_sum,1413.6357996165752,71,0.8332331364499324,0.7672825974011611
3,f101_nyg_middle_amt_unpaid_std,437.00686597824097,22,0.8332331364499324,0.7672825974011611
3,f101_nyg_middle_cnt_paid_ratio_min,184.51616954803467,13,0.8332331364499324,0.7672825974011611
3,f101_nyg_middle_AMT_CREDIT_s_app_AMT_ANNUITY_diff_mean,290.60222029685974,19,0.8332331364499324,0.7672825974011611
3,f101_nyg_middle_cnt_paid_ratio_mean,370.4725685119629,24,0.8332331364499324,0.7672825974011611
3,f101_nyg_middle_cnt_paid_std,389.20527935028076,28,0.8332331364499324,0.7672825974011611
3,f101_nyg_middle_DAYS_LAST_DUE_s_app_DAYS_REGISTRATION_min,207.43126106262207,14,0.8332331364499324,0.7672825974011611
3,f101_nyg_middle_AMT_CREDIT_s_app_AMT_INCOME_TOTAL_diff_mean,332.3062038421631,24,0.8332331364499324,0.7672825974011611
3,f101_refused_AMT_ANNUITY_d_app_AMT_INCOME_TOTAL_pctchange_max,233.2364912033081,16,0.8332331364499324,0.7672825974011611
3,f101_nyg_middle_DAYS_LAST_DUE_s_app_DAYS_ID_PUBLISH_mean,190.12303733825684,16,0.8332331364499324,0.7672825974011611
3,f101_nyg_middle_AMT_CREDIT_s_app_AMT_CREDIT_diff_mean,266.94105982780457,19,0.8332331364499324,0.7672825974011611
3,f101_nyg_middle_DAYS_LAST_DUE_1ST_VERSION_s_DAYS_DECISIONS_max,500.54864025115967,35,0.8332331364499324,0.7672825974011611
3,f101_nyg_middle_DAYS_LAST_DUE_s_DAYS_LAST_DUE_1ST_VERSION_mean,437.9227044582367,29,0.8332331364499324,0.7672825974011611
3,f101_refused_AMT_ANNUITY_m_app_AMT_GOODS_PRICE_d_app_AMT_INCOME_TOTAL_pctchange_std_div_mean,308.7793505191803,23,0.8332331364499324,0.7672825974011611
3,f101_nyg_middle_AMT_CREDIT_s_app_AMT_GOODS_PRICE_diff_max,602.1310381889343,48,0.8332331364499324,0.7672825974011611
3,f101_nyg_middle_DAYS_TERMINATION_s_app_DAYS_REGISTRATION_min,311.8901410102844,27,0.8332331364499324,0.7672825974011611
3,f101_nyg_middle_AMT_CREDIT_d_total_debt_max_div_min,347.57613134384155,31,0.8332331364499324,0.7672825974011611
3,f101_nyg_middle_DAYS_FIRST_DUE_s_app_DAYS_REGISTRATION_mean,215.59779953956604,19,0.8332331364499324,0.7672825974011611
3,f101_nyg_middle_DAYS_TERMINATION_s_app_DAYS_REGISTRATION_mean,248.25442910194397,21,0.8332331364499324,0.7672825974011611
3,f101_nyg_middle_DAYS_LAST_DUE_s_app_DAYS_EMPLOYED_min,151.02259922027588,17,0.8332331364499324,0.7672825974011611
3,f101_nyg_middle_AMT_CREDIT_m_app_AMT_GOODS_PRICE_d_app_AMT_INCOME_TOTAL_diff_max,355.5369166135788,31,0.8332331364499324,0.7672825974011611
3,f101_refused_AMT_APPLICATION_s_app_AMT_ANNUITY_d_app_AMT_INCOME_TOTAL_diff_std_div_mean,239.26033735275269,17,0.8332331364499324,0.7672825974011611
3,f101_nyg_middle_AMT_CREDIT_s_app_AMT_ANNUITY_d_app_AMT_INCOME_TOTAL_diff_max,391.33772468566895,28,0.8332331364499324,0.7672825974011611
3,f101_nyg_middle_AMT_DOWN_PAYMENT_std_div_mean,89.61561012268066,7,0.8332331364499324,0.7672825974011611
3,f101_nyg_middle_AMT_CREDIT_d_total_debt_std,224.75182151794434,19,0.8332331364499324,0.7672825974011611
3,f101_refused_AMT_ANNUITY_s_app_AMT_INCOME_TOTAL_max_div_min,264.0818692445755,21,0.8332331364499324,0.7672825974011611
3,f101_refused_AMT_ANNUITY_m_app_AMT_GOODS_PRICE_d_app_AMT_INCOME_TOTAL_diff_max,329.63108134269714,28,0.8332331364499324,0.7672825974011611
3,f101_nyg_middle_AMT_CREDIT_d_app_AMT_INCOME_TOTAL_diff_std,383.20002722740173,32,0.8332331364499324,0.7672825974011611
3,f101_refused_DAYS_DECISION_s_app_DAYS_BIRTH_mean,546.9583172798157,25,0.8332331364499324,0.7672825974011611
3,f101_refused_DAYS_DECISION_s_app_DAYS_BIRTH_max,496.376380443573,30,0.8332331364499324,0.7672825974011611
3,f101_refused_AMT_CREDIT_d_total_debt_min,2275.605749130249,78,0.8332331364499324,0.7672825974011611
3,f101_refused_DAYS_DECISION_s_app_DAYS_EMPLOYED_max,431.5570421218872,33,0.8332331364499324,0.7672825974011611
3,f101_refused_AMT_GOODS_PRICE_d_total_debt_min,2076.7724390029907,62,0.8332331364499324,0.7672825974011611
3,f101_refused_DAYS_DECISION_d_app_DAYS_BIRTH_mean,1076.0066019296646,73,0.8332331364499324,0.7672825974011611
3,f101_refused_AMT_GOODS_PRICE_d_total_debt_mean,1791.6847743988037,62,0.8332331364499324,0.7672825974011611
3,f101_refused_DAYS_DECISION_s_app_DAYS_BIRTH_min,482.0936393737793,29,0.8332331364499324,0.7672825974011611
3,f101_refused_AMT_GOODS_PRICE_d_total_debt_max,1448.3282723426819,70,0.8332331364499324,0.7672825974011611
3,f101_refused_DAYS_DECISION_d_app_DAYS_BIRTH_max,574.160783290863,44,0.8332331364499324,0.7672825974011611
3,f101_refused_DAYS_DECISION_d_app_DAYS_BIRTH_min,2261.196890592575,110,0.8332331364499324,0.7672825974011611
3,f101_refused_HOUR_APPR_PROCESS_START_mean,410.144029378891,35,0.8332331364499324,0.7672825974011611
3,f101_refused_DAYS_DECISION_s_app_DAYS_ID_PUBLISH_max,464.7892413139343,37,0.8332331364499324,0.7672825974011611
3,f101_refused_interest_rate_diff_max,819.9047493934631,63,0.8332331364499324,0.7672825974011611
3,f101_refused_AMT_CREDIT_d_total_debt_max,596.3181982040405,36,0.8332331364499324,0.7672825974011611
3,f101_refused_AMT_GOODS_PRICE_d_AMT_ANNUITY_diff_min,316.40025103092194,28,0.8332331364499324,0.7672825974011611
3,f101_refused_AMT_GOODS_PRICE_s_app_AMT_GOODS_PRICE_max,163.13880896568298,15,0.8332331364499324,0.7672825974011611
3,f101_refused_DAYS_DECISION_s_app_DAYS_EMPLOYED_mean,561.7471611499786,37,0.8332331364499324,0.7672825974011611
3,f101_refused_DAYS_DECISION_s_app_DAYS_EMPLOYED_min,397.90449714660645,27,0.8332331364499324,0.7672825974011611
3,f101_refused_AMT_CREDIT_d_AMT_ANNUITY_pctchange_min,422.66601157188416,34,0.8332331364499324,0.7672825974011611
3,f101_refused_AMT_GOODS_PRICE_d_app_AMT_ANNUITY_min,253.68795204162598,19,0.8332331364499324,0.7672825974011611
3,f101_refused_DAYS_DECISION_s_app_DAYS_ID_PUBLISH_min,551.4823081493378,42,0.8332331364499324,0.7672825974011611
3,f101_refused_AMT_CREDIT_s_app_AMT_CREDIT_max,219.07701921463013,17,0.8332331364499324,0.7672825974011611
3,f101_refused_interest_rate_diff_std,429.7954717874527,36,0.8332331364499324,0.7672825974011611
3,f101_refused_AMT_CREDIT_d_AMT_ANNUITY_diff_min,408.34752130508423,31,0.8332331364499324,0.7672825974011611
3,f101_refused_DAYS_DECISION_s_app_DAYS_REGISTRATION_max,392.52886962890625,31,0.8332331364499324,0.7672825974011611
3,f101_refused_DAYS_DECISION_s_app_DAYS_ID_PUBLISH_mean,475.15162110328674,36,0.8332331364499324,0.7672825974011611
3,f101_refused_AMT_CREDIT_s_app_AMT_GOODS_PRICE_max,222.06234645843506,18,0.8332331364499324,0.7672825974011611
3,f101_refused_interest_rate_diff_min,615.7111568450928,49,0.8332331364499324,0.7672825974011611
3,f101_refused_AMT_CREDIT_d_app_AMT_ANNUITY_min,198.84367990493774,15,0.8332331364499324,0.7672825974011611
3,f101_refused_AMT_GOODS_PRICE_d_app_AMT_CREDIT_min,127.02330017089844,11,0.8332331364499324,0.7672825974011611
3,f101_refused_AMT_CREDIT_d_total_debt_diff_mean,480.7882488965988,41,0.8332331364499324,0.7672825974011611
3,f101_refused_AMT_CREDIT_m_app_AMT_GOODS_PRICE_d_app_AMT_INCOME_TOTAL_max,241.58848786354065,21,0.8332331364499324,0.7672825974011611
3,f101_refused_DAYS_DECISION_d_app_DAYS_LAST_PHONE_CHANGE_std_div_mean,709.2780299186707,43,0.8332331364499324,0.7672825974011611
3,f101_refused_AMT_CREDIT_d_AMT_APPLICATION_pctchange_max,418.2754306793213,32,0.8332331364499324,0.7672825974011611
3,f101_refused_AMT_CREDIT_d_total_debt_mean,1676.9694759845734,63,0.8332331364499324,0.7672825974011611
3,f101_refused_DAYS_DECISION_s_app_DAYS_REGISTRATION_min,463.42288541793823,34,0.8332331364499324,0.7672825974011611
3,f101_refused_AMT_GOODS_PRICE_d_total_debt_diff_min,409.231321811676,32,0.8332331364499324,0.7672825974011611
3,f101_refused_DAYS_DECISION_s_app_DAYS_REGISTRATION_mean,393.28074979782104,26,0.8332331364499324,0.7672825974011611
3,f101_refused_AMT_CREDIT_d_AMT_APPLICATION_diff_max,406.1799578666687,33,0.8332331364499324,0.7672825974011611
3,f101_refused_HOUR_APPR_PROCESS_START_min,257.66697120666504,18,0.8332331364499324,0.7672825974011611
3,f101_refused_AMT_APPLICATION_s_app_AMT_ANNUITY_min,106.98873853683472,9,0.8332331364499324,0.7672825974011611
3,f101_refused_AMT_CREDIT_d_app_AMT_INCOME_TOTAL_max,355.32796716690063,29,0.8332331364499324,0.7672825974011611
3,f101_refused_AMT_APPLICATION_s_app_AMT_INCOME_TOTAL_min,378.323269367218,28,0.8332331364499324,0.7672825974011611
3,f101_refused_HOUR_APPR_PROCESS_START_std_div_mean,544.6574683189392,39,0.8332331364499324,0.7672825974011611
3,f101_refused_interest_rate_max,775.6684215515852,45,0.8332331364499324,0.7672825974011611
3,f101_refused_AMT_CREDIT_d_total_debt_diff_min,368.9094216823578,30,0.8332331364499324,0.7672825974011611
3,f101_refused_AMT_GOODS_PRICE_s_app_AMT_INCOME_TOTAL_min,232.73536086082458,20,0.8332331364499324,0.7672825974011611
3,f101_refused_AMT_CREDIT_s_app_AMT_ANNUITY_d_app_AMT_INCOME_TOTAL_max,323.693678855896,26,0.8332331364499324,0.7672825974011611
3,f101_refused_AMT_CREDIT_d_total_debt_pctchange_min,259.61429023742676,21,0.8332331364499324,0.7672825974011611
3,f101_refused_DAYS_DECISION_s_app_DAYS_EMPLOYED_std_div_mean,375.2013740539551,26,0.8332331364499324,0.7672825974011611
3,f101_refused_AMT_GOODS_PRICE_d_AMT_ANNUITY_max_div_min,300.7186903953552,26,0.8332331364499324,0.7672825974011611
3,f101_refused_AMT_GOODS_PRICE_d_total_debt_pctchange_min,298.7874495983124,22,0.8332331364499324,0.7672825974011611
3,f101_refused_AMT_CREDIT_d_AMT_APPLICATION_max,683.2105679512024,31,0.8332331364499324,0.7672825974011611
3,f101_refused_AMT_CREDIT_d_AMT_APPLICATION_mean,460.8351101875305,29,0.8332331364499324,0.7672825974011611
3,f101_refused_AMT_CREDIT_d_AMT_APPLICATION_diff_std,316.4148807525635,20,0.8332331364499324,0.7672825974011611
3,f101_refused_AMT_CREDIT_m_app_AMT_GOODS_PRICE_d_app_AMT_INCOME_TOTAL_diff_max,300.86519861221313,21,0.8332331364499324,0.7672825974011611
3,f101_refused_CODE_REJECT_REASON_SCOFR_mean,500.87970876693726,25,0.8332331364499324,0.7672825974011611
3,f101_refused_DAYS_DECISION_d_app_DAYS_EMPLOYED_std_div_mean,289.57596588134766,17,0.8332331364499324,0.7672825974011611
3,f101_refused_HOUR_APPR_PROCESS_START_std,304.7122302055359,20,0.8332331364499324,0.7672825974011611
3,f101_refused_AMT_GOODS_PRICE_d_app_AMT_ANNUITY_diff_std,236.98243081569672,20,0.8332331364499324,0.7672825974011611
3,f101_refused_AMT_GOODS_PRICE_d_total_debt_pctchange_std,117.65231943130493,10,0.8332331364499324,0.7672825974011611
3,f101_refused_AMT_CREDIT_min,211.15905237197876,16,0.8332331364499324,0.7672825974011611
3,f101_refused_SELLERPLACE_AREA_std_div_mean,209.85842180252075,17,0.8332331364499324,0.7672825974011611
3,f101_refused_interest_rate_std_div_mean,244.1789412498474,24,0.8332331364499324,0.7672825974011611
3,f101_refused_AMT_GOODS_PRICE_min,178.38082027435303,14,0.8332331364499324,0.7672825974011611
3,f101_refused_total_debt_std,392.6788601875305,25,0.8332331364499324,0.7672825974011611
3,f101_refused_AMT_CREDIT_s_app_AMT_ANNUITY_min,160.96479177474976,13,0.8332331364499324,0.7672825974011611
3,f101_refused_AMT_CREDIT_s_app_AMT_CREDIT_d_app_AMT_INCOME_TOTAL_diff_max,165.28682947158813,13,0.8332331364499324,0.7672825974011611
3,f101_refused_AMT_CREDIT_d_app_AMT_ANNUITY_pctchange_std_div_mean,184.9665184020996,15,0.8332331364499324,0.7672825974011611
3,f101_refused_interest_rate_std,419.3196077346802,27,0.8332331364499324,0.7672825974011611
3,f101_refused_AMT_GOODS_PRICE_d_AMT_CREDIT_mean,259.78597116470337,16,0.8332331364499324,0.7672825974011611
3,f101_refused_AMT_GOODS_PRICE_d_total_debt_std_div_mean,287.5476493835449,24,0.8332331364499324,0.7672825974011611
3,f101_refused_AMT_CREDIT_s_app_AMT_ANNUITY_d_app_AMT_INCOME_TOTAL_diff_max,350.879654109478,29,0.8332331364499324,0.7672825974011611
3,f101_refused_total_debt_std_div_mean,465.3336772918701,31,0.8332331364499324,0.7672825974011611
3,f101_refused_AMT_CREDIT_d_app_AMT_INCOME_TOTAL_diff_max,101.9764301776886,11,0.8332331364499324,0.7672825974011611
3,f101_refused_AMT_GOODS_PRICE_d_AMT_CREDIT_min,213.5891890525818,15,0.8332331364499324,0.7672825974011611
3,f101_refused_AMT_CREDIT_m_app_AMT_GOODS_PRICE_d_app_AMT_INCOME_TOTAL_pctchange_std,129.32415091991425,11,0.8332331364499324,0.7672825974011611
3,f101_refused_AMT_CREDIT_d_total_debt_pctchange_std,104.5957088470459,8,0.8332331364499324,0.7672825974011611
3,f101_refused_AMT_CREDIT_s_app_AMT_CREDIT_d_app_AMT_INCOME_TOTAL_pctchange_std,223.36131024360657,19,0.8332331364499324,0.7672825974011611
3,f101_refused_AMT_CREDIT_d_total_debt_std_div_mean,122.65016841888428,9,0.8332331364499324,0.7672825974011611
3,f101_refused_AMT_CREDIT_d_AMT_APPLICATION_std_div_mean,236.70448970794678,21,0.8332331364499324,0.7672825974011611
3,f101_refused_DAYS_DECISION_d_app_DAYS_BIRTH_std_div_mean,501.464115858078,30,0.8332331364499324,0.7672825974011611
3,f101_refused_AMT_GOODS_PRICE_m_app_AMT_GOODS_PRICE_d_app_AMT_INCOME_TOTAL_pctchange_std_div_mean,134.67302131652832,11,0.8332331364499324,0.7672825974011611
3,f101_refused_AMT_GOODS_PRICE_s_app_AMT_ANNUITY_min,285.4037699699402,22,0.8332331364499324,0.7672825974011611
3,f101_refused_AMT_APPLICATION_s_app_AMT_GOODS_PRICE_pctchange_std_div_mean,16.21476984024048,2,0.8332331364499324,0.7672825974011611
3,f101_refused_AMT_CREDIT_d_total_debt_diff_std,120.24417221546173,11,0.8332331364499324,0.7672825974011611
3,f101_refused_AMT_CREDIT_d_total_debt_std,247.8416018486023,20,0.8332331364499324,0.7672825974011611
3,f101_refused_CNT_PAYMENT_mean,240.9455018043518,17,0.8332331364499324,0.7672825974011611
3,f101_refused_HOUR_APPR_PROCESS_START_max_div_min,476.09920835494995,29,0.8332331364499324,0.7672825974011611
3,f101_refused_AMT_GOODS_PRICE_d_total_debt_max_div_min,199.69395101070404,15,0.8332331364499324,0.7672825974011611
3,f101_refused_AMT_CREDIT_d_app_AMT_INCOME_TOTAL_std,183.4831624031067,14,0.8332331364499324,0.7672825974011611
3,f101_refused_total_debt_max_div_min,346.65284967422485,26,0.8332331364499324,0.7672825974011611
3,f101_refused_AMT_CREDIT_d_AMT_APPLICATION_std,109.4523515701294,10,0.8332331364499324,0.7672825974011611
3,f101_refused_AMT_GOODS_PRICE_d_AMT_CREDIT_max,200.27728271484375,16,0.8332331364499324,0.7672825974011611
3,f101_refused_AMT_CREDIT_d_AMT_APPLICATION_min,169.19981241226196,13,0.8332331364499324,0.7672825974011611
3,f101_refused_AMT_APPLICATION_s_app_AMT_GOODS_PRICE_pctchange_std,147.21920013427734,10,0.8332331364499324,0.7672825974011611
3,f101_refused_CODE_REJECT_REASON_LIMIT_sum,207.154860496521,16,0.8332331364499324,0.7672825974011611
3,f101_refused_PRODUCT_COMBINATION_Cash_mean,468.54025650024414,26,0.8332331364499324,0.7672825974011611
3,f101_refused_AMT_APPLICATION_s_app_AMT_ANNUITY_d_app_AMT_INCOME_TOTAL_std,90.50905799865723,7,0.8332331364499324,0.7672825974011611
3,f101_refused_AMT_APPLICATION_s_app_AMT_CREDIT_pctchange_std,111.44155025482178,9,0.8332331364499324,0.7672825974011611
3,f101_refused_NAME_PAYMENT_TYPE_Cash_through_the_bank_mean,416.4087791442871,24,0.8332331364499324,0.7672825974011611
3,f101_refused_AMT_GOODS_PRICE_s_app_AMT_CREDIT_d_app_AMT_INCOME_TOTAL_pctchange_std,152.68408012390137,11,0.8332331364499324,0.7672825974011611
3,f101_refused_AMT_GOODS_PRICE_d_AMT_CREDIT_max_div_min,218.7665777206421,16,0.8332331364499324,0.7672825974011611
3,f101_refused_CHANNEL_TYPE_AP___Cash_loan__mean,334.7142972946167,21,0.8332331364499324,0.7672825974011611
3,f101_refused_AMT_CREDIT_d_total_debt_max_div_min,219.5513026714325,14,0.8332331364499324,0.7672825974011611
3,f101_refused_AMT_GOODS_PRICE_d_app_AMT_ANNUITY_std_div_mean,286.05994033813477,21,0.8332331364499324,0.7672825974011611
3,f101_refused_AMT_CREDIT_d_app_AMT_ANNUITY_std_div_mean,618.9135842323303,37,0.8332331364499324,0.7672825974011611
3,f101_refused_AMT_GOODS_PRICE_m_app_AMT_GOODS_PRICE_d_app_AMT_INCOME_TOTAL_pctchange_std,281.9337372779846,23,0.8332331364499324,0.7672825974011611
3,f101_refused_NAME_TYPE_SUITE_Family_mean,90.64202976226807,7,0.8332331364499324,0.7672825974011611
3,f101_refused_AMT_APPLICATION_std_div_mean,247.7511692047119,14,0.8332331364499324,0.7672825974011611
3,f101_refused_NAME_PRODUCT_TYPE_x_sell_mean,144.27944946289062,13,0.8332331364499324,0.7672825974011611
3,f101_refused_AMT_DOWN_PAYMENT_d_AMT_GOODS_PRICE_diff_std,289.7414788007736,21,0.8332331364499324,0.7672825974011611
3,f101_refused_CODE_REJECT_REASON_SCOFR_sum,111.69640064239502,6,0.8332331364499324,0.7672825974011611
3,f101_refused_AMT_CREDIT_d_app_AMT_GOODS_PRICE_pctchange_std_div_mean,138.60130882263184,13,0.8332331364499324,0.7672825974011611
3,f101_refused_NAME_SELLER_INDUSTRY_XNA_mean,216.95584201812744,14,0.8332331364499324,0.7672825974011611
3,f101_refused_NAME_PAYMENT_TYPE_XNA_mean,347.49205911159515,21,0.8332331364499324,0.7672825974011611
3,f101_refused_NAME_PRODUCT_TYPE_walk_in_mean,243.54047918319702,18,0.8332331364499324,0.7672825974011611
3,f101_refused_NAME_TYPE_SUITE_Unaccompanied_sum,172.55388069152832,15,0.8332331364499324,0.7672825974011611
3,f101_refused_CHANNEL_TYPE_AP___Cash_loan__sum,359.7817282676697,25,0.8332331364499324,0.7672825974011611
3,f101_refused_NAME_SELLER_INDUSTRY_Connectivity_sum,95.02639961242676,6,0.8332331364499324,0.7672825974011611
3,f002_ORGANIZATION_TYPE,36387.32584142685,2018,0.8332331364499324,0.7672825974011611
3,f001_EXT_SOURCES_mean,149677.55533206463,589,0.8332331364499324,0.7672825974011611
3,f001_EXT_SOURCES_sum,30882.714653253555,329,0.8332331364499324,0.7672825974011611
3,f101_refused_NAME_PRODUCT_TYPE_XNA_sum,383.23526987433434,31,0.8332331364499324,0.7672825974011611
3,f001_EXT_SOURCE_3,19861.507347032428,497,0.8332331364499324,0.7672825974011611
3,f001_AMT_CREDIT-d-AMT_ANNUITY,14915.338939905167,659,0.8332331364499324,0.7672825974011611
3,f001_AMT_GOODS_PRICE-d-AMT_ANNUITY,8492.76719224453,314,0.8332331364499324,0.7672825974011611
3,f001_AMT_GOODS_PRICE-d-AMT_CREDIT,10512.753594219685,313,0.8332331364499324,0.7672825974011611
3,f001_EXT_SOURCE_2,15456.791370391846,411,0.8332331364499324,0.7672825974011611
3,f001_AMT_ANNUITY-d-AMT_INCOME_TOTAL,4462.811707139015,291,0.8332331364499324,0.7672825974011611
3,f003_OCCUPATION_TYPE_ta,4997.33499288559,232,0.8332331364499324,0.7672825974011611
3,f001_AMT_GOODS_PRICE-s-AMT_CREDIT,5203.581014513969,233,0.8332331364499324,0.7672825974011611
3,f001_DAYS_ID_PUBLISH,3187.255214571953,227,0.8332331364499324,0.7672825974011611
3,f001_EXT_SOURCES_prod,7880.581587791443,168,0.8332331364499324,0.7672825974011611
3,f001_DAYS_ID_PUBLISH-s-DAYS_BIRTH,3897.712963283062,241,0.8332331364499324,0.7672825974011611
3,f001_EXT_SOURCE_1,4395.248269319534,255,0.8332331364499324,0.7672825974011611
3,f001_DAYS_EMPLOYED,6564.577740684152,196,0.8332331364499324,0.7672825974011611
3,f001_EXT_SOURCES_2-3,4016.71898368001,230,0.8332331364499324,0.7672825974011611
3,f001_EXT_SOURCES_std,1708.5564912557602,116,0.8332331364499324,0.7672825974011611
3,f001_REGION_POPULATION_RELATIVE,2155.2745363414288,178,0.8332331364499324,0.7672825974011611
3,f001_DAYS_EMPLOYED-d-DAYS_BIRTH,3307.5836703777313,158,0.8332331364499324,0.7672825974011611
3,f001_AMT_CREDIT,3221.2675244808197,151,0.8332331364499324,0.7672825974011611
3,f001_AMT_GOODS_PRICE,3861.6619284152985,190,0.8332331364499324,0.7672825974011611
3,f003_NAME_EDUCATION_TYPE_ta,4956.102933168411,168,0.8332331364499324,0.7672825974011611
3,f001_CODE_GENDER,5890.561134815216,213,0.8332331364499324,0.7672825974011611
3,f001_DAYS_LAST_PHONE_CHANGE,1694.4848296642303,125,0.8332331364499324,0.7672825974011611
3,f001_AMT_GOODS_PRICE-s-AMT_CREDIT-d-AMT_INCOME_TOTAL,3183.890550136566,164,0.8332331364499324,0.7672825974011611
3,f001_age_finish_payment,2446.741190314293,109,0.8332331364499324,0.7672825974011611
3,f003_NAME_FAMILY_STATUS_ta,2145.3851669430733,144,0.8332331364499324,0.7672825974011611
3,f001_AMT_GOODS_PRICE-d-cnt_adults,1877.6314628124237,114,0.8332331364499324,0.7672825974011611
3,f001_DAYS_REGISTRATION,1036.2775498628616,85,0.8332331364499324,0.7672825974011611
3,f001_maxwell_feature,3145.4420330524445,115,0.8332331364499324,0.7672825974011611
3,f001_DAYS_REGISTRATION-s-DAYS_BIRTH,1191.542774438858,109,0.8332331364499324,0.7672825974011611
3,f001_DAYS_LAST_PHONE_CHANGE-s-DAYS_REGISTRATION,1316.302760720253,108,0.8332331364499324,0.7672825974011611
3,f001_DAYS_LAST_PHONE_CHANGE-d-DAYS_BIRTH,1209.018786907196,98,0.8332331364499324,0.7672825974011611
3,f001_EXT_SOURCES_1-2,1794.3462154865265,135,0.8332331364499324,0.7672825974011611
3,f001_DAYS_LAST_PHONE_CHANGE-s-DAYS_EMPLOYED,1464.7201216220856,81,0.8332331364499324,0.7672825974011611
3,f003_ORGANIZATION_TYPE_ta,1839.2212777733803,79,0.8332331364499324,0.7672825974011611
3,f001_OWN_CAR_AGE-d-DAYS_BIRTH,2184.8560262918472,122,0.8332331364499324,0.7672825974011611
3,f001_DAYS_LAST_PHONE_CHANGE-s-DAYS_ID_PUBLISH,814.983934879303,73,0.8332331364499324,0.7672825974011611
3,f001_AMT_CREDIT-d-CNT_FAM_MEMBERS,2145.290263056755,157,0.8332331364499324,0.7672825974011611
3,f001_DAYS_EMPLOYED-s-DAYS_BIRTH-d-DAYS_ID_PUBLISH-s-DAYS_BIRTH,1083.2509063482285,92,0.8332331364499324,0.7672825974011611
3,f001_DAYS_EMPLOYED-s-DAYS_BIRTH-d-DAYS_LAST_PHONE_CHANGE-s-DAYS_BIRTH,1770.6141199022532,106,0.8332331364499324,0.7672825974011611
3,f001_OWN_CAR_AGE-s-DAYS_EMPLOYED,3728.8801171779633,164,0.8332331364499324,0.7672825974011611
3,f001_DAYS_BIRTH,2122.2447424530983,117,0.8332331364499324,0.7672825974011611
3,f001_DAYS_LAST_PHONE_CHANGE-s-DAYS_BIRTH,1817.4326759576797,118,0.8332331364499324,0.7672825974011611
3,f001_OWN_CAR_AGE-d-DAYS_EMPLOYED,2333.85413312912,117,0.8332331364499324,0.7672825974011611
3,f001_AMT_GOODS_PRICE-d-CNT_FAM_MEMBERS,1567.9422093629837,117,0.8332331364499324,0.7672825974011611
3,f001_DAYS_ID_PUBLISH-s-DAYS_EMPLOYED,956.8812402188778,85,0.8332331364499324,0.7672825974011611
3,f001_age,1685.4515132904053,89,0.8332331364499324,0.7672825974011611
3,f001_OWN_CAR_AGE-s-DAYS_BIRTH,1230.3772426843643,77,0.8332331364499324,0.7672825974011611
3,f001_alldocs_kurt,3270.916269212961,130,0.8332331364499324,0.7672825974011611
3,f001_EXT_SOURCES_1-2-3,897.7982876300812,61,0.8332331364499324,0.7672825974011611
3,f102_active_AMT_GOODS_PRICE_d_total_debt_max,570.8700976371765,31,0.8332331364499324,0.7672825974011611
3,f001_EXT_SOURCES_2-1-3,1219.2225041389465,60,0.8332331364499324,0.7672825974011611
3,f001_TOTALAREA_MODE,1363.9806292057037,90,0.8332331364499324,0.7672825974011611
3,f001_building_score_mode_mean,1210.8809690475464,76,0.8332331364499324,0.7672825974011611
3,f102_active_AMT_GOODS_PRICE_d_total_debt_mean,631.7469973564148,33,0.8332331364499324,0.7672825974011611
3,f001_AMT_CREDIT-d-CNT_CHILDREN,911.1883919239044,73,0.8332331364499324,0.7672825974011611
3,f102_active_AMT_GOODS_PRICE_d_total_debt_min,654.8202905654907,39,0.8332331364499324,0.7672825974011611
3,f001_DEF_30_CNT_SOCIAL_CIRCLE-d-OBS_30_CNT_SOCIAL_CIRCLE,1832.136273033917,100,0.8332331364499324,0.7672825974011611
3,f001_DEF_60_CNT_SOCIAL_CIRCLE-d-OBS_60_CNT_SOCIAL_CIRCLE,1733.2410247325897,105,0.8332331364499324,0.7672825974011611
3,f001_AMT_GOODS_PRICE-d-CNT_CHILDREN,688.2947375774384,59,0.8332331364499324,0.7672825974011611
3,f001_FLAG_WORK_PHONE,1538.9123578071594,90,0.8332331364499324,0.7672825974011611
3,f001_building_score_avg_mean,900.3764736652374,63,0.8332331364499324,0.7672825974011611
3,f001_OWN_CAR_AGE,1930.77995967865,90,0.8332331364499324,0.7672825974011611
3,f001_building_score_medi_mean,991.8453307151794,62,0.8332331364499324,0.7672825974011611
3,f003_NAME_INCOME_TYPE_ta,939.3324128389359,64,0.8332331364499324,0.7672825974011611
3,f001_LIVINGAREA_MODE,686.4283912181854,55,0.8332331364499324,0.7672825974011611
3,f102_active_AMT_CREDIT_d_total_debt_max,401.9738688468933,30,0.8332331364499324,0.7672825974011611
3,f001_HOUR_APPR_PROCESS_START,311.0875803232193,32,0.8332331364499324,0.7672825974011611
3,f102_active_AMT_CREDIT_d_total_debt_mean,478.2340455055237,30,0.8332331364499324,0.7672825974011611
3,f102_active_AMT_CREDIT_d_total_debt_min,471.33315992355347,31,0.8332331364499324,0.7672825974011611
3,f001_APARTMENTS_MODE,758.0571737289429,55,0.8332331364499324,0.7672825974011611
3,f003_NAME_HOUSING_TYPE_ta,443.7985682487488,44,0.8332331364499324,0.7672825974011611
3,f102_active_AMT_CREDIT_d_total_debt_diff_min,282.25846910476685,24,0.8332331364499324,0.7672825974011611
3,f001_LIVINGAREA_MEDI,642.0179387331009,42,0.8332331364499324,0.7672825974011611
3,f102_active_AMT_CREDIT_d_total_debt_diff_mean,276.31386137008667,23,0.8332331364499324,0.7672825974011611
3,f001_LIVINGAREA_AVG,978.6442884206772,59,0.8332331364499324,0.7672825974011611
3,f001_APARTMENTS_MEDI,388.0113458633423,26,0.8332331364499324,0.7672825974011611
3,f001_REGION_RATING_CLIENT_W_CITY,897.745108127594,57,0.8332331364499324,0.7672825974011611
3,f001_APARTMENTS_AVG,765.1700417995453,55,0.8332331364499324,0.7672825974011611
3,f001_building_score_mode_sum,722.323511838913,38,0.8332331364499324,0.7672825974011611
3,f102_active_AMT_ANNUITY_s_app_AMT_INCOME_TOTAL_min,350.3134169578552,28,0.8332331364499324,0.7672825974011611
3,f001_DEF_30_CNT_SOCIAL_CIRCLE,1348.6796000003815,80,0.8332331364499324,0.7672825974011611
3,f102_active_AMT_ANNUITY_max,215.29677867889404,16,0.8332331364499324,0.7672825974011611
3,f102_active_AMT_ANNUITY_s_app_AMT_INCOME_TOTAL_max,327.9705810546875,30,0.8332331364499324,0.7672825974011611
3,f102_active_DAYS_LAST_DUE_1ST_VERSION_d_app_DAYS_BIRTH_min,177.0119571685791,15,0.8332331364499324,0.7672825974011611
3,f102_active_AMT_ANNUITY_d_app_AMT_INCOME_TOTAL_min,298.53021907806396,24,0.8332331364499324,0.7672825974011611
3,f102_active_DAYS_LAST_DUE_1ST_VERSION_d_app_DAYS_BIRTH_max,224.74842071533203,19,0.8332331364499324,0.7672825974011611
3,f001_building_score_medi_sum,672.1410002708435,41,0.8332331364499324,0.7672825974011611
3,f102_active_DAYS_LAST_DUE_1ST_VERSION_d_app_DAYS_BIRTH_mean,137.970712184906,11,0.8332331364499324,0.7672825974011611
3,f102_active_AMT_ANNUITY_s_app_AMT_INCOME_TOTAL_mean,292.44582986831665,25,0.8332331364499324,0.7672825974011611
3,f002_NAME_EDUCATION_TYPE,1003.8617992401123,31,0.8332331364499324,0.7672825974011611
3,f001_building_score_avg_sum,592.1814285516739,36,0.8332331364499324,0.7672825974011611
3,f102_active_DAYS_LAST_DUE_1ST_VERSION_d_app_DAYS_EMPLOYED_mean,244.73911142349243,18,0.8332331364499324,0.7672825974011611
3,f102_active_AMT_GOODS_PRICE_d_AMT_CREDIT_max,551.4830131530762,34,0.8332331364499324,0.7672825974011611
3,f102_active_AMT_ANNUITY_d_app_AMT_INCOME_TOTAL_mean,268.7686195373535,20,0.8332331364499324,0.7672825974011611
3,f102_active_DAYS_LAST_DUE_1ST_VERSION_d_app_DAYS_EMPLOYED_min,177.05273294448853,14,0.8332331364499324,0.7672825974011611
3,f102_active_AMT_ANNUITY_s_app_AMT_ANNUITY_d_app_AMT_INCOME_TOTAL_max,371.6685690879822,28,0.8332331364499324,0.7672825974011611
3,f102_active_DAYS_LAST_DUE_1ST_VERSION_d_app_DAYS_EMPLOYED_max,212.12395000457764,17,0.8332331364499324,0.7672825974011611
3,f102_active_AMT_ANNUITY_min,251.8490011692047,20,0.8332331364499324,0.7672825974011611
3,f102_active_DAYS_LAST_DUE_1ST_VERSION_s_app_DAYS_ID_PUBLISH_min,382.6751809120178,30,0.8332331364499324,0.7672825974011611
3,f102_active_AMT_APPLICATION_s_app_AMT_INCOME_TOTAL_pctchange_min,251.1700301170349,21,0.8332331364499324,0.7672825974011611
3,f102_active_AMT_GOODS_PRICE_d_AMT_CREDIT_mean,950.8552305102348,43,0.8332331364499324,0.7672825974011611
3,f001_REGION_RATING_CLIENT,319.5249009132385,23,0.8332331364499324,0.7672825974011611
3,f102_active_AMT_ANNUITY_s_app_AMT_GOODS_PRICE_min,343.99161076545715,30,0.8332331364499324,0.7672825974011611
3,f102_approved_AMT_ANNUITY_s_app_AMT_GOODS_PRICE_min,380.065701007843,27,0.8332331364499324,0.7672825974011611
3,f102_approved_AMT_GOODS_PRICE_d_total_debt_max,2314.2125849723816,106,0.8332331364499324,0.7672825974011611
3,f102_approved_AMT_CREDIT_d_total_debt_mean,1257.9308075904846,61,0.8332331364499324,0.7672825974011611
3,f102_approved_AMT_GOODS_PRICE_d_total_debt_min,664.6896059513092,44,0.8332331364499324,0.7672825974011611
3,f102_approved_AMT_GOODS_PRICE_d_total_debt_mean,1234.4529776573181,66,0.8332331364499324,0.7672825974011611
3,f102_approved_DAYS_LAST_DUE_1ST_VERSION_d_app_DAYS_EMPLOYED_mean,654.9797463417053,44,0.8332331364499324,0.7672825974011611
3,f102_active_interest_rate_max,185.97750508785248,15,0.8332331364499324,0.7672825974011611
3,f102_approved_AMT_ANNUITY_s_app_AMT_GOODS_PRICE_mean,351.5477271080017,26,0.8332331364499324,0.7672825974011611
3,f102_approved_AMT_ANNUITY_s_app_AMT_ANNUITY_d_app_AMT_INCOME_TOTAL_max,960.2785029411316,52,0.8332331364499324,0.7672825974011611
3,f102_approved_DAYS_LAST_DUE_1ST_VERSION_d_app_DAYS_EMPLOYED_max,618.4906001091003,43,0.8332331364499324,0.7672825974011611
3,f102_approved_DAYS_DECISION_s_app_DAYS_LAST_PHONE_CHANGE_max,416.2089385986328,32,0.8332331364499324,0.7672825974011611
3,f102_approved_AMT_ANNUITY_s_app_AMT_GOODS_PRICE_max,216.15094995498657,16,0.8332331364499324,0.7672825974011611
3,f102_approved_DAYS_DECISION_s_app_DAYS_BIRTH_max,228.1929588317871,16,0.8332331364499324,0.7672825974011611
3,f102_approved_AMT_CREDIT_d_total_debt_min,923.0728523731232,57,0.8332331364499324,0.7672825974011611
3,f102_approved_AMT_CREDIT_d_total_debt_max,1689.5666065216064,94,0.8332331364499324,0.7672825974011611
3,f102_approved_DAYS_DECISION_s_app_DAYS_LAST_PHONE_CHANGE_min,320.5713121891022,24,0.8332331364499324,0.7672825974011611
3,f102_approved_DAYS_DECISION_s_app_DAYS_ID_PUBLISH_max,528.919629573822,36,0.8332331364499324,0.7672825974011611
3,f102_approved_DAYS_LAST_DUE_1ST_VERSION_d_app_DAYS_EMPLOYED_min,403.8963586091995,27,0.8332331364499324,0.7672825974011611
3,f102_approved_DAYS_FIRST_DUE_s_app_DAYS_LAST_PHONE_CHANGE_min,394.1954765319824,29,0.8332331364499324,0.7672825974011611
3,f102_approved_DAYS_FIRST_DUE_s_app_DAYS_LAST_PHONE_CHANGE_max,419.2655701637268,29,0.8332331364499324,0.7672825974011611
3,f102_approved_DAYS_FIRST_DUE_d_app_DAYS_EMPLOYED_min,506.4395112991333,38,0.8332331364499324,0.7672825974011611
3,f102_approved_DAYS_LAST_DUE_1ST_VERSION_d_app_DAYS_BIRTH_min,812.3386301994324,57,0.8332331364499324,0.7672825974011611
3,f102_approved_AMT_ANNUITY_s_app_AMT_CREDIT_min,180.49314212799072,16,0.8332331364499324,0.7672825974011611
3,f102_active_interest_rate_diff_min,397.6393437385559,34,0.8332331364499324,0.7672825974011611
3,f102_approved_AMT_ANNUITY_s_app_AMT_ANNUITY_min,567.018949508667,44,0.8332331364499324,0.7672825974011611
3,f102_approved_DAYS_FIRST_DRAWING_s_app_DAYS_ID_PUBLISH_min,1395.574830532074,62,0.8332331364499324,0.7672825974011611
3,f102_approved_DAYS_DECISION_s_app_DAYS_ID_PUBLISH_mean,366.9456596970558,26,0.8332331364499324,0.7672825974011611
3,f102_approved_DAYS_DECISION_s_app_DAYS_BIRTH_mean,169.49302339553833,14,0.8332331364499324,0.7672825974011611
3,f102_approved_AMT_ANNUITY_s_app_AMT_ANNUITY_max,481.79223799705505,34,0.8332331364499324,0.7672825974011611
3,f102_approved_AMT_ANNUITY_s_app_AMT_CREDIT_max,181.65187048912048,15,0.8332331364499324,0.7672825974011611
3,f102_approved_AMT_ANNUITY_s_app_AMT_ANNUITY_mean,461.48084020614624,32,0.8332331364499324,0.7672825974011611
3,f102_active_interest_rate_diff_max,323.79566606134176,28,0.8332331364499324,0.7672825974011611
3,f102_approved_DAYS_LAST_DUE_1ST_VERSION_d_app_DAYS_BIRTH_max,560.3614881038666,44,0.8332331364499324,0.7672825974011611
3,f102_approved_AMT_ANNUITY_max,702.5042858123779,50,0.8332331364499324,0.7672825974011611
3,f102_approved_DAYS_FIRST_DRAWING_s_app_DAYS_BIRTH_max,2055.5660543441772,75,0.8332331364499324,0.7672825974011611
3,f102_approved_DAYS_DECISION_s_app_DAYS_ID_PUBLISH_min,381.044650554657,29,0.8332331364499324,0.7672825974011611
3,f102_approved_DAYS_DECISION_s_app_DAYS_LAST_PHONE_CHANGE_mean,326.2884383201599,24,0.8332331364499324,0.7672825974011611
3,f102_approved_DAYS_FIRST_DUE_d_app_DAYS_EMPLOYED_max,274.2801399230957,18,0.8332331364499324,0.7672825974011611
3,f102_approved_DAYS_DECISION_s_app_DAYS_BIRTH_min,192.66618013381958,16,0.8332331364499324,0.7672825974011611
3,f102_approved_AMT_ANNUITY_s_app_AMT_CREDIT_mean,223.35406041145325,16,0.8332331364499324,0.7672825974011611
3,f102_approved_DAYS_FIRST_DUE_s_app_DAYS_ID_PUBLISH_max,262.18683433532715,18,0.8332331364499324,0.7672825974011611
3,f102_approved_DAYS_LAST_DUE_1ST_VERSION_d_app_DAYS_BIRTH_mean,558.1658115386963,35,0.8332331364499324,0.7672825974011611
3,f102_approved_DAYS_DECISION_s_app_DAYS_EMPLOYED_max,115.0029125213623,9,0.8332331364499324,0.7672825974011611
3,f102_approved_AMT_ANNUITY_s_app_AMT_ANNUITY_d_app_AMT_INCOME_TOTAL_min,451.96057987213135,31,0.8332331364499324,0.7672825974011611
3,f102_approved_AMT_CREDIT_d_AMT_APPLICATION_mean,729.3889894485474,47,0.8332331364499324,0.7672825974011611
3,f102_approved_AMT_ANNUITY_s_app_AMT_ANNUITY_d_app_AMT_INCOME_TOTAL_mean,813.766713142395,49,0.8332331364499324,0.7672825974011611
3,f102_active_interest_rate_mean,222.88892936706543,21,0.8332331364499324,0.7672825974011611
3,f102_active_interest_rate_min,323.3410892486572,25,0.8332331364499324,0.7672825974011611
3,f102_approved_DAYS_FIRST_DUE_s_DAYS_DECISIONS_mean,698.1820179224014,50,0.8332331364499324,0.7672825974011611
3,f102_approved_AMT_ANNUITY_d_app_AMT_GOODS_PRICE_diff_max,256.0523910522461,20,0.8332331364499324,0.7672825974011611
3,f102_active_interest_rate_diff_mean,398.5298767089844,30,0.8332331364499324,0.7672825974011611
3,f102_approved_DAYS_FIRST_DRAWING_s_app_DAYS_LAST_PHONE_CHANGE_max,1021.0965223312378,48,0.8332331364499324,0.7672825974011611
3,f102_approved_DAYS_FIRST_DUE_s_app_DAYS_REGISTRATION_max,530.1344156265259,40,0.8332331364499324,0.7672825974011611
3,f102_approved_AMT_GOODS_PRICE_d_AMT_CREDIT_mean,649.0267930030823,42,0.8332331364499324,0.7672825974011611
3,f102_approved_DAYS_FIRST_DRAWING_d_app_DAYS_EMPLOYED_min,1106.0468502044678,46,0.8332331364499324,0.7672825974011611
3,f102_approved_DAYS_FIRST_DUE_s_app_DAYS_LAST_PHONE_CHANGE_mean,351.8031597137451,25,0.8332331364499324,0.7672825974011611
3,f102_approved_AMT_ANNUITY_d_app_AMT_INCOME_TOTAL_max,669.9223008155823,46,0.8332331364499324,0.7672825974011611
3,f102_approved_DAYS_DECISION_d_app_DAYS_EMPLOYED_min,319.52011823654175,25,0.8332331364499324,0.7672825974011611
3,f102_active_amt_paid_min,274.2113313674927,23,0.8332331364499324,0.7672825974011611
3,f102_approved_DAYS_DECISION_s_app_DAYS_REGISTRATION_max,442.1018099784851,34,0.8332331364499324,0.7672825974011611
3,f102_approved_AMT_ANNUITY_d_app_AMT_GOODS_PRICE_min,237.47177028656006,19,0.8332331364499324,0.7672825974011611
3,f102_approved_DAYS_FIRST_DUE_s_app_DAYS_EMPLOYED_min,244.8341886997223,21,0.8332331364499324,0.7672825974011611
3,f102_approved_DAYS_FIRST_DRAWING_s_app_DAYS_EMPLOYED_mean,866.3065643310547,35,0.8332331364499324,0.7672825974011611
3,f102_approved_AMT_ANNUITY_d_app_AMT_INCOME_TOTAL_min,395.5503807067871,34,0.8332331364499324,0.7672825974011611
3,f102_approved_DAYS_FIRST_DUE_s_app_DAYS_EMPLOYED_max,123.21753978729248,11,0.8332331364499324,0.7672825974011611
3,f102_approved_AMT_ANNUITY_mean,486.85584783554077,30,0.8332331364499324,0.7672825974011611
3,f102_approved_AMT_CREDIT_d_AMT_ANNUITY_min,269.3052101135254,26,0.8332331364499324,0.7672825974011611
3,f102_approved_DAYS_FIRST_DUE_d_app_DAYS_EMPLOYED_mean,228.28335905075073,18,0.8332331364499324,0.7672825974011611
3,f102_approved_AMT_CREDIT_d_AMT_ANNUITY_mean,370.2029504776001,30,0.8332331364499324,0.7672825974011611
3,f102_approved_AMT_ANNUITY_d_app_AMT_INCOME_TOTAL_mean,278.0530710220337,21,0.8332331364499324,0.7672825974011611
3,f102_approved_DAYS_DECISION_d_app_DAYS_EMPLOYED_mean,326.3293786048889,26,0.8332331364499324,0.7672825974011611
3,f102_approved_AMT_ANNUITY_d_app_AMT_CREDIT_diff_max,208.4737195968628,20,0.8332331364499324,0.7672825974011611
3,f102_approved_DAYS_FIRST_DRAWING_s_DAYS_DECISIONS_max,2026.855658531189,85,0.8332331364499324,0.7672825974011611
3,f102_approved_AMT_ANNUITY_d_app_AMT_CREDIT_max,322.62564039230347,20,0.8332331364499324,0.7672825974011611
3,f102_approved_DAYS_FIRST_DUE_s_app_DAYS_ID_PUBLISH_mean,188.22894954681396,17,0.8332331364499324,0.7672825974011611
3,f102_approved_DAYS_FIRST_DUE_s_app_DAYS_BIRTH_min,149.99888968467712,14,0.8332331364499324,0.7672825974011611
3,f102_active_amt_paid_sum,288.8258113861084,21,0.8332331364499324,0.7672825974011611
3,f102_approved_DAYS_FIRST_DUE_s_app_DAYS_ID_PUBLISH_min,215.60928693413734,20,0.8332331364499324,0.7672825974011611
3,f102_approved_DAYS_FIRST_DUE_s_app_DAYS_BIRTH_max,226.42601919174194,16,0.8332331364499324,0.7672825974011611
3,f102_approved_AMT_ANNUITY_d_app_AMT_GOODS_PRICE_max,339.030321598053,22,0.8332331364499324,0.7672825974011611
3,f102_approved_DAYS_FIRST_DUE_s_app_DAYS_REGISTRATION_min,270.47604846954346,24,0.8332331364499324,0.7672825974011611
3,f102_approved_AMT_ANNUITY_d_app_AMT_ANNUITY_max,427.0070413351059,26,0.8332331364499324,0.7672825974011611
3,f102_active_HOUR_APPR_PROCESS_START_mean,122.59880065917969,11,0.8332331364499324,0.7672825974011611
3,f102_approved_DAYS_DECISION_s_app_DAYS_EMPLOYED_mean,117.42030262947083,11,0.8332331364499324,0.7672825974011611
3,f102_approved_DAYS_FIRST_DUE_s_DAYS_DECISIONS_min,246.9706106185913,20,0.8332331364499324,0.7672825974011611
3,f102_approved_DAYS_FIRST_DUE_s_app_DAYS_BIRTH_mean,253.52186965942383,17,0.8332331364499324,0.7672825974011611
3,f102_approved_DAYS_DECISION_s_app_DAYS_REGISTRATION_min,297.90747117996216,23,0.8332331364499324,0.7672825974011611
3,f102_approved_DAYS_DECISION_d_app_DAYS_EMPLOYED_std,193.77260065078735,16,0.8332331364499324,0.7672825974011611
3,f102_approved_AMT_ANNUITY_d_app_AMT_CREDIT_mean,184.27500081062317,16,0.8332331364499324,0.7672825974011611
3,f102_active_amt_paid_max,214.06901824474335,19,0.8332331364499324,0.7672825974011611
3,f102_approved_AMT_APPLICATION_d_app_AMT_GOODS_PRICE_max,143.69658088684082,10,0.8332331364499324,0.7672825974011611
3,f102_approved_DAYS_DECISION_s_app_DAYS_REGISTRATION_mean,233.21342086791992,19,0.8332331364499324,0.7672825974011611
3,f102_approved_AMT_ANNUITY_d_app_AMT_GOODS_PRICE_mean,155.64331889152527,12,0.8332331364499324,0.7672825974011611
3,f102_active_amt_paid_mean,174.54594087600708,13,0.8332331364499324,0.7672825974011611
3,f102_approved_AMT_ANNUITY_d_app_AMT_ANNUITY_mean,309.5953984260559,20,0.8332331364499324,0.7672825974011611
3,f102_approved_DAYS_FIRST_DUE_s_app_DAYS_REGISTRATION_mean,205.80167770385742,16,0.8332331364499324,0.7672825974011611
3,f102_approved_AMT_APPLICATION_s_app_AMT_ANNUITY_d_app_AMT_INCOME_TOTAL_min,195.82862901687622,17,0.8332331364499324,0.7672825974011611
3,f102_active_HOUR_APPR_PROCESS_START_max,68.31440019607544,5,0.8332331364499324,0.7672825974011611
3,f102_approved_AMT_APPLICATION_d_app_AMT_ANNUITY_max,544.8550682067871,37,0.8332331364499324,0.7672825974011611
3,f102_approved_DAYS_DECISION_d_app_DAYS_EMPLOYED_max,306.02960872650146,25,0.8332331364499324,0.7672825974011611
3,f102_approved_AMT_GOODS_PRICE_s_app_AMT_CREDIT_pctchange_mean,148.67114782333374,15,0.8332331364499324,0.7672825974011611
3,f102_approved_AMT_ANNUITY_d_app_AMT_CREDIT_min,199.8488392829895,17,0.8332331364499324,0.7672825974011611
3,f102_approved_AMT_GOODS_PRICE_s_app_AMT_CREDIT_d_app_AMT_INCOME_TOTAL_pctchange_mean,130.40275049209595,12,0.8332331364499324,0.7672825974011611
3,f102_approved_AMT_GOODS_PRICE_d_app_AMT_INCOME_TOTAL_min,300.2135224342346,21,0.8332331364499324,0.7672825974011611
3,f102_approved_DAYS_FIRST_DUE_s_app_DAYS_EMPLOYED_mean,203.16556978225708,15,0.8332331364499324,0.7672825974011611
3,f102_approved_AMT_CREDIT_d_AMT_APPLICATION_std,294.3072009086609,22,0.8332331364499324,0.7672825974011611
3,f102_approved_DAYS_FIRST_DUE_s_DAYS_DECISIONS_max,314.6141014099121,23,0.8332331364499324,0.7672825974011611
3,f102_approved_AMT_ANNUITY_min,154.3201413154602,14,0.8332331364499324,0.7672825974011611
3,f102_approved_AMT_GOODS_PRICE_d_app_AMT_ANNUITY_max,243.313702583313,17,0.8332331364499324,0.7672825974011611
3,f102_active_HOUR_APPR_PROCESS_START_min,100.65968108177185,10,0.8332331364499324,0.7672825974011611
3,f102_approved_AMT_GOODS_PRICE_s_app_AMT_ANNUITY_d_app_AMT_INCOME_TOTAL_min,308.4080090522766,25,0.8332331364499324,0.7672825974011611
3,f102_approved_DAYS_DECISION_s_app_DAYS_EMPLOYED_min,172.3261284828186,13,0.8332331364499324,0.7672825974011611
3,f102_approved_AMT_CREDIT_d_AMT_APPLICATION_max,595.8479199409485,34,0.8332331364499324,0.7672825974011611
3,f102_approved_AMT_GOODS_PRICE_d_AMT_CREDIT_min,331.9450216293335,22,0.8332331364499324,0.7672825974011611
3,f102_approved_AMT_APPLICATION_s_app_AMT_CREDIT_d_app_AMT_INCOME_TOTAL_pctchange_mean,252.64128065109253,23,0.8332331364499324,0.7672825974011611
3,f102_approved_AMT_APPLICATION_s_app_AMT_CREDIT_pctchange_min,192.64652180671692,18,0.8332331364499324,0.7672825974011611
3,f102_approved_AMT_ANNUITY_d_app_AMT_ANNUITY_min,324.6024550795555,24,0.8332331364499324,0.7672825974011611
3,f102_approved_AMT_GOODS_PRICE_s_app_AMT_CREDIT_d_app_AMT_INCOME_TOTAL_pctchange_min,150.9674711227417,14,0.8332331364499324,0.7672825974011611
3,f102_approved_AMT_APPLICATION_s_app_AMT_CREDIT_pctchange_mean,86.05753898620605,7,0.8332331364499324,0.7672825974011611
3,f102_approved_AMT_ANNUITY_m_app_AMT_GOODS_PRICE_d_app_AMT_INCOME_TOTAL_diff_max,519.9015202522278,41,0.8332331364499324,0.7672825974011611
3,f102_approved_AMT_CREDIT_s_app_AMT_INCOME_TOTAL_min,229.67624044418335,20,0.8332331364499324,0.7672825974011611
3,f102_approved_AMT_GOODS_PRICE_d_app_AMT_ANNUITY_mean,447.0673475265503,28,0.8332331364499324,0.7672825974011611
3,f102_approved_AMT_GOODS_PRICE_min,668.2754321098328,45,0.8332331364499324,0.7672825974011611
3,f102_approved_AMT_GOODS_PRICE_d_total_debt_std_div_mean,112.96460962295532,10,0.8332331364499324,0.7672825974011611
3,f102_approved_AMT_CREDIT_d_app_AMT_CREDIT_max,208.9406394958496,15,0.8332331364499324,0.7672825974011611
3,f102_approved_AMT_GOODS_PRICE_d_app_AMT_CREDIT_max,107.78189039230347,9,0.8332331364499324,0.7672825974011611
3,f102_approved_AMT_ANNUITY_s_app_AMT_GOODS_PRICE_diff_max,556.2588635087013,48,0.8332331364499324,0.7672825974011611
3,f102_approved_AMT_GOODS_PRICE_s_app_AMT_CREDIT_pctchange_min,226.51973247528076,18,0.8332331364499324,0.7672825974011611
3,f102_approved_AMT_APPLICATION_d_app_AMT_ANNUITY_mean,409.68800580501556,31,0.8332331364499324,0.7672825974011611
3,f102_active_cnt_paid_ratio_mean,308.4506812095642,22,0.8332331364499324,0.7672825974011611
3,f102_approved_AMT_CREDIT_d_app_AMT_ANNUITY_max,266.2105429172516,19,0.8332331364499324,0.7672825974011611
3,f102_approved_AMT_GOODS_PRICE_d_app_AMT_GOODS_PRICE_max,144.37005138397217,11,0.8332331364499324,0.7672825974011611
3,f102_approved_AMT_GOODS_PRICE_s_app_AMT_INCOME_TOTAL_min,146.6794023513794,13,0.8332331364499324,0.7672825974011611
3,f102_approved_DAYS_LAST_DUE_1ST_VERSION_d_app_DAYS_LAST_PHONE_CHANGE_std,78.26450061798096,6,0.8332331364499324,0.7672825974011611
3,f102_active_cnt_paid_ratio_min,299.42637968063354,21,0.8332331364499324,0.7672825974011611
3,f102_approved_AMT_CREDIT_s_app_AMT_INCOME_TOTAL_mean,239.3579499721527,21,0.8332331364499324,0.7672825974011611
3,f102_approved_AMT_APPLICATION_d_app_AMT_CREDIT_max,235.89205121994019,17,0.8332331364499324,0.7672825974011611
3,f102_approved_AMT_CREDIT_d_AMT_APPLICATION_min,319.41579008102417,26,0.8332331364499324,0.7672825974011611
3,f102_approved_DAYS_LAST_DUE_1ST_VERSION_d_app_DAYS_EMPLOYED_std,421.80945014953613,34,0.8332331364499324,0.7672825974011611
3,f102_approved_AMT_GOODS_PRICE_s_app_AMT_ANNUITY_min,350.88656997680664,22,0.8332331364499324,0.7672825974011611
4,f102_approved_DAYS_FIRST_DUE_d_app_DAYS_EMPLOYED_std,388.36776781082153,39,0.6573936074420925,0.6109920404269642
4,f102_approved_AMT_APPLICATION_s_app_AMT_CREDIT_d_app_AMT_INCOME_TOTAL_pctchange_min,898.0488365888596,102,0.6573936074420925,0.6109920404269642
4,f102_approved_AMT_GOODS_PRICE_d_AMT_CREDIT_max,4839.938705474138,217,0.6573936074420925,0.6109920404269642
4,f102_approved_AMT_CREDIT_d_AMT_ANNUITY_pctchange_std,295.9771673679352,24,0.6573936074420925,0.6109920404269642
4,f102_active_DAYS_TERMINATION_d_app_DAYS_REGISTRATION_min,307.69771909713745,34,0.6573936074420925,0.6109920404269642
4,f102_approved_AMT_ANNUITY_s_app_AMT_CREDIT_diff_max,505.40939021110535,54,0.6573936074420925,0.6109920404269642
4,f102_approved_AMT_CREDIT_s_app_AMT_ANNUITY_min,518.9233813285828,56,0.6573936074420925,0.6109920404269642
4,f102_approved_AMT_APPLICATION_min,843.5048749446869,62,0.6573936074420925,0.6109920404269642
4,f102_approved_AMT_CREDIT_min,412.8985897898674,40,0.6573936074420925,0.6109920404269642
4,f102_approved_AMT_APPLICATION_d_app_AMT_CREDIT_mean,1182.594199538231,99,0.6573936074420925,0.6109920404269642
4,f102_approved_AMT_GOODS_PRICE_d_app_AMT_CREDIT_mean,1076.0033562257886,92,0.6573936074420925,0.6109920404269642
4,f102_approved_AMT_APPLICATION_s_app_AMT_ANNUITY_mean,1812.0626689195633,118,0.6573936074420925,0.6109920404269642
4,f102_approved_DAYS_DECISION_d_app_DAYS_EMPLOYED_std_div_mean,516.191432595253,56,0.6573936074420925,0.6109920404269642
4,f102_approved_AMT_APPLICATION_s_app_AMT_ANNUITY_min,1243.360277414322,96,0.6573936074420925,0.6109920404269642
4,f102_active_cnt_paid_ratio_max,899.9501588344574,63,0.6573936074420925,0.6109920404269642
4,f102_approved_DAYS_FIRST_DUE_s_app_DAYS_BIRTH_std,575.7304797172546,50,0.6573936074420925,0.6109920404269642
4,f102_approved_AMT_CREDIT_s_app_AMT_INCOME_TOTAL_max,656.4684307575226,71,0.6573936074420925,0.6109920404269642
4,f102_approved_AMT_ANNUITY_s_app_AMT_INCOME_TOTAL_diff_max,504.05825397372246,53,0.6573936074420925,0.6109920404269642
4,f102_approved_AMT_CREDIT_d_app_AMT_ANNUITY_mean,1582.7501884698868,111,0.6573936074420925,0.6109920404269642
4,f102_approved_AMT_ANNUITY_s_app_AMT_CREDIT_d_app_AMT_INCOME_TOTAL_diff_max,635.8428446650505,77,0.6573936074420925,0.6109920404269642
4,f102_approved_AMT_APPLICATION_s_app_AMT_ANNUITY_d_app_AMT_INCOME_TOTAL_mean,635.9138087034225,58,0.6573936074420925,0.6109920404269642
4,f102_approved_AMT_CREDIT_d_app_AMT_INCOME_TOTAL_max,383.6784673333168,41,0.6573936074420925,0.6109920404269642
4,f102_approved_AMT_APPLICATION_s_app_AMT_ANNUITY_max,1500.6446568965912,100,0.6573936074420925,0.6109920404269642
4,f102_approved_AMT_CREDIT_s_app_AMT_ANNUITY_max,1010.0070922374725,72,0.6573936074420925,0.6109920404269642
4,f102_approved_AMT_CREDIT_d_app_AMT_INCOME_TOTAL_mean,300.3135120868683,33,0.6573936074420925,0.6109920404269642
4,f102_approved_DAYS_FIRST_DRAWING_s_app_DAYS_BIRTH_mean,6204.988257884979,145,0.6573936074420925,0.6109920404269642
4,f102_approved_DAYS_FIRST_DRAWING_d_app_DAYS_EMPLOYED_max,7547.669506072998,122,0.6573936074420925,0.6109920404269642
4,f102_approved_AMT_GOODS_PRICE_d_AMT_ANNUITY_diff_std_div_mean,207.3920111656189,18,0.6573936074420925,0.6109920404269642
4,f102_approved_AMT_CREDIT_s_app_AMT_ANNUITY_d_app_AMT_INCOME_TOTAL_mean,355.8427869975567,41,0.6573936074420925,0.6109920404269642
4,f102_approved_DAYS_LAST_DUE_1ST_VERSION_d_app_DAYS_BIRTH_std,201.2389588356018,19,0.6573936074420925,0.6109920404269642
4,f102_approved_DAYS_FIRST_DRAWING_s_app_DAYS_REGISTRATION_max,2050.753715991974,107,0.6573936074420925,0.6109920404269642
4,f102_approved_AMT_ANNUITY_s_app_AMT_ANNUITY_diff_max,600.6347614824772,74,0.6573936074420925,0.6109920404269642
4,f102_approved_AMT_APPLICATION_s_app_AMT_INCOME_TOTAL_min,789.9412836134434,82,0.6573936074420925,0.6109920404269642
4,f102_approved_AMT_ANNUITY_d_app_AMT_INCOME_TOTAL_diff_max,446.355466902256,52,0.6573936074420925,0.6109920404269642
4,f102_approved_AMT_GOODS_PRICE_s_app_AMT_ANNUITY_d_app_AMT_INCOME_TOTAL_max,869.7808640003204,76,0.6573936074420925,0.6109920404269642
4,f102_approved_AMT_CREDIT_d_AMT_ANNUITY_pctchange_std_div_mean,296.7990298271179,24,0.6573936074420925,0.6109920404269642
4,f102_approved_DAYS_LAST_DUE_1ST_VERSION_s_app_DAYS_BIRTH_min,2954.8298423178494,98,0.6573936074420925,0.6109920404269642
4,f102_approved_DAYS_LAST_DUE_1ST_VERSION_s_app_DAYS_EMPLOYED_max,2213.155296623707,120,0.6573936074420925,0.6109920404269642
4,f102_approved_interest_rate_min,6334.1393839120865,228,0.6573936074420925,0.6109920404269642
4,f102_approved_DAYS_LAST_DUE_1ST_VERSION_s_app_DAYS_LAST_PHONE_CHANGE_min,2360.2830263078213,136,0.6573936074420925,0.6109920404269642
4,f102_approved_DAYS_LAST_DUE_1ST_VERSION_s_app_DAYS_BIRTH_max,2290.4368315041065,123,0.6573936074420925,0.6109920404269642
4,f102_approved_DAYS_LAST_DUE_1ST_VERSION_s_app_DAYS_EMPLOYED_min,1938.9249143600464,106,0.6573936074420925,0.6109920404269642
4,f102_approved_amt_paid_max,1091.5624867230654,95,0.6573936074420925,0.6109920404269642
4,f102_approved_DAYS_LAST_DUE_1ST_VERSION_s_app_DAYS_LAST_PHONE_CHANGE_mean,1612.4155922085047,104,0.6573936074420925,0.6109920404269642
4,f102_approved_amt_paid_mean,768.5879004001617,69,0.6573936074420925,0.6109920404269642
4,f102_approved_amt_paid_min,773.8244085907936,85,0.6573936074420925,0.6109920404269642
4,f102_approved_DAYS_LAST_DUE_1ST_VERSION_s_app_DAYS_LAST_PHONE_CHANGE_max,1368.940025985241,103,0.6573936074420925,0.6109920404269642
4,f102_approved_DAYS_LAST_DUE_1ST_VERSION_s_app_DAYS_EMPLOYED_mean,1884.4129325151443,125,0.6573936074420925,0.6109920404269642
4,f102_approved_DAYS_LAST_DUE_1ST_VERSION_s_app_DAYS_ID_PUBLISH_min,1873.5003802478313,119,0.6573936074420925,0.6109920404269642
4,f102_approved_DAYS_LAST_DUE_1ST_VERSION_s_app_DAYS_BIRTH_mean,1922.428326368332,87,0.6573936074420925,0.6109920404269642
4,f102_approved_DAYS_LAST_DUE_1ST_VERSION_s_app_DAYS_ID_PUBLISH_max,1277.1592292189598,109,0.6573936074420925,0.6109920404269642
4,f102_approved_HOUR_APPR_PROCESS_START_mean,1870.6490228176117,156,0.6573936074420925,0.6109920404269642
4,f102_approved_DAYS_LAST_DUE_1ST_VERSION_s_DAYS_DECISIONS_mean,1357.889132320881,92,0.6573936074420925,0.6109920404269642
4,f102_approved_DAYS_LAST_DUE_1ST_VERSION_s_app_DAYS_REGISTRATION_max,660.5728785395622,70,0.6573936074420925,0.6109920404269642
4,f102_approved_interest_rate_max,988.472008228302,71,0.6573936074420925,0.6109920404269642
4,f102_approved_interest_rate_mean,1004.8649263978004,82,0.6573936074420925,0.6109920404269642
4,f102_approved_amt_paid_sum,926.7003392577171,84,0.6573936074420925,0.6109920404269642
4,f102_approved_DAYS_LAST_DUE_1ST_VERSION_s_app_DAYS_ID_PUBLISH_mean,1344.5253089666367,106,0.6573936074420925,0.6109920404269642
4,f102_approved_DAYS_LAST_DUE_1ST_VERSION_s_DAYS_DECISIONS_min,1165.2652561664581,82,0.6573936074420925,0.6109920404269642
4,f102_approved_DAYS_LAST_DUE_1ST_VERSION_s_app_DAYS_REGISTRATION_min,920.543289899826,85,0.6573936074420925,0.6109920404269642
4,f102_approved_DAYS_LAST_DUE_1ST_VERSION_s_DAYS_DECISIONS_max,1105.0200974941254,72,0.6573936074420925,0.6109920404269642
4,f102_approved_DAYS_LAST_DUE_1ST_VERSION_s_app_DAYS_REGISTRATION_mean,1015.786585599184,82,0.6573936074420925,0.6109920404269642
4,f102_approved_cnt_unpaid_mean,2095.069310426712,124,0.6573936074420925,0.6109920404269642
4,f102_approved_interest_rate_diff_std_div_mean,233.6526569724083,27,0.6573936074420925,0.6109920404269642
4,f102_approved_cnt_unpaid_max,1673.1021795272827,100,0.6573936074420925,0.6109920404269642
4,f102_approved_interest_rate_pctchange_std_div_mean,239.95372891426086,23,0.6573936074420925,0.6109920404269642
4,f102_approved_interest_rate_std_div_mean,369.184571146965,39,0.6573936074420925,0.6109920404269642
4,f102_approved_interest_rate_diff_std,404.49766087532043,40,0.6573936074420925,0.6109920404269642
4,f102_approved_HOUR_APPR_PROCESS_START_min,604.4996996074915,57,0.6573936074420925,0.6109920404269642
4,f102_approved_interest_rate_std,428.0170473456383,45,0.6573936074420925,0.6109920404269642
4,f102_approved_DAYS_LAST_DUE_1ST_VERSION_s_app_DAYS_EMPLOYED_std_div_mean,277.3387699127197,26,0.6573936074420925,0.6109920404269642
4,f102_approved_DAYS_TERMINATION_s_DAYS_LAST_DUE_1ST_VERSION_max,586.501557469368,58,0.6573936074420925,0.6109920404269642
4,f102_approved_HOUR_APPR_PROCESS_START_max,597.5225449800491,59,0.6573936074420925,0.6109920404269642
4,f102_approved_cnt_paid_ratio_min,952.5675115585327,76,0.6573936074420925,0.6109920404269642
4,f102_approved_NAME_CLIENT_TYPE_New_mean,2076.6357855796814,104,0.6573936074420925,0.6109920404269642
4,f102_approved_cnt_paid_ratio_mean,573.8336046915501,62,0.6573936074420925,0.6109920404269642
4,f102_approved_RATE_DOWN_PAYMENT_max,479.92533481121063,36,0.6573936074420925,0.6109920404269642
4,f102_approved_cnt_unpaid_min,900.674355506897,60,0.6573936074420925,0.6109920404269642
4,f102_approved_DAYS_LAST_DUE_s_app_DAYS_REGISTRATION_max,343.8581200838089,33,0.6573936074420925,0.6109920404269642
4,f102_approved_DAYS_TERMINATION_s_app_DAYS_EMPLOYED_min,135.92584025859833,14,0.6573936074420925,0.6109920404269642
4,f102_approved_cnt_paid_sum,267.85603952407837,32,0.6573936074420925,0.6109920404269642
4,f102_approved_cnt_paid_ratio_max,371.3732865154743,33,0.6573936074420925,0.6109920404269642
4,f102_approved_amt_paid_std,108.33084917068481,12,0.6573936074420925,0.6109920404269642
4,f102_approved_DAYS_TERMINATION_s_DAYS_LAST_DUE_1ST_VERSION_min,356.72815012931824,35,0.6573936074420925,0.6109920404269642
4,f102_approved_DAYS_TERMINATION_s_app_DAYS_REGISTRATION_max,238.35531044006348,19,0.6573936074420925,0.6109920404269642
4,f102_approved_DAYS_LAST_DUE_1ST_VERSION_s_app_DAYS_BIRTH_std_div_mean,211.9491000175476,16,0.6573936074420925,0.6109920404269642
4,f102_approved_RATE_DOWN_PAYMENT_mean,205.4762692451477,15,0.6573936074420925,0.6109920404269642
4,f102_approved_DAYS_LAST_DUE_s_app_DAYS_EMPLOYED_mean,339.16144692897797,25,0.6573936074420925,0.6109920404269642
4,f102_approved_DAYS_LAST_DUE_s_app_DAYS_REGISTRATION_min,238.91368889808655,21,0.6573936074420925,0.6109920404269642
4,f102_approved_DAYS_LAST_DUE_s_app_DAYS_ID_PUBLISH_mean,198.31008768081665,16,0.6573936074420925,0.6109920404269642
4,f102_completed_AMT_CREDIT_d_total_debt_max,86.63076937198639,12,0.6573936074420925,0.6109920404269642
4,f102_approved_DAYS_LAST_DUE_s_app_DAYS_LAST_PHONE_CHANGE_min,287.68781350553036,29,0.6573936074420925,0.6109920404269642
4,f102_approved_DAYS_LAST_DUE_s_app_DAYS_BIRTH_max,186.36701083183289,20,0.6573936074420925,0.6109920404269642
4,f102_approved_DAYS_LAST_DUE_s_app_DAYS_LAST_PHONE_CHANGE_max,301.8315875530243,30,0.6573936074420925,0.6109920404269642
4,f102_approved_DAYS_TERMINATION_s_app_DAYS_BIRTH_mean,120.9688451886177,15,0.6573936074420925,0.6109920404269642
4,f102_approved_cnt_paid_ratio_std_div_mean,213.50250053405762,17,0.6573936074420925,0.6109920404269642
4,f102_approved_DAYS_TERMINATION_s_app_DAYS_ID_PUBLISH_mean,209.25472116470337,17,0.6573936074420925,0.6109920404269642
4,f102_approved_DAYS_TERMINATION_s_app_DAYS_ID_PUBLISH_min,136.59498155117035,14,0.6573936074420925,0.6109920404269642
4,f102_approved_DAYS_TERMINATION_s_app_DAYS_LAST_PHONE_CHANGE_min,203.52340984344482,21,0.6573936074420925,0.6109920404269642
4,f102_completed_AMT_CREDIT_d_AMT_APPLICATION_min,176.64900088310242,15,0.6573936074420925,0.6109920404269642
4,f102_approved_DAYS_TERMINATION_s_app_DAYS_REGISTRATION_mean,193.0241503715515,18,0.6573936074420925,0.6109920404269642
4,f102_approved_DAYS_LAST_DUE_s_app_DAYS_ID_PUBLISH_max,454.69596815109253,38,0.6573936074420925,0.6109920404269642
4,f102_approved_DAYS_LAST_DUE_s_app_DAYS_LAST_PHONE_CHANGE_mean,83.16598528623581,8,0.6573936074420925,0.6109920404269642
4,f102_completed_AMT_ANNUITY_s_app_AMT_GOODS_PRICE_mean,321.75752878189087,25,0.6573936074420925,0.6109920404269642
4,f102_completed_AMT_ANNUITY_s_app_AMT_CREDIT_max,314.2426311969757,24,0.6573936074420925,0.6109920404269642
4,f102_approved_DAYS_TERMINATION_s_app_DAYS_EMPLOYED_max,218.5109076499939,15,0.6573936074420925,0.6109920404269642
4,f102_approved_DAYS_TERMINATION_s_app_DAYS_LAST_PHONE_CHANGE_max,297.96554040908813,20,0.6573936074420925,0.6109920404269642
4,f102_approved_DAYS_TERMINATION_s_app_DAYS_ID_PUBLISH_max,215.0563099384308,22,0.6573936074420925,0.6109920404269642
4,f102_approved_DAYS_LAST_DUE_s_app_DAYS_EMPLOYED_max,382.68116772174835,27,0.6573936074420925,0.6109920404269642
4,f102_completed_AMT_ANNUITY_s_app_AMT_ANNUITY_d_app_AMT_INCOME_TOTAL_min,355.4199342727661,26,0.6573936074420925,0.6109920404269642
4,f102_approved_DAYS_TERMINATION_s_app_DAYS_LAST_PHONE_CHANGE_mean,91.77960014343262,13,0.6573936074420925,0.6109920404269642
4,f102_approved_DAYS_LAST_DUE_1ST_VERSION_s_DAYS_FIRST_DUE_mean,478.42184019088745,28,0.6573936074420925,0.6109920404269642
4,f102_completed_AMT_CREDIT_d_AMT_APPLICATION_mean,65.67795991897583,5,0.6573936074420925,0.6109920404269642
4,f102_approved_DAYS_TERMINATION_s_app_DAYS_EMPLOYED_mean,107.969801902771,12,0.6573936074420925,0.6109920404269642
4,f102_approved_DAYS_TERMINATION_s_app_DAYS_BIRTH_max,115.48198902606964,11,0.6573936074420925,0.6109920404269642
4,f102_approved_DAYS_TERMINATION_s_app_DAYS_REGISTRATION_min,104.9025194644928,12,0.6573936074420925,0.6109920404269642
4,f102_approved_RATE_DOWN_PAYMENT_min,186.69733095169067,16,0.6573936074420925,0.6109920404269642
4,f102_approved_DAYS_LAST_DUE_s_app_DAYS_EMPLOYED_min,200.22394847869873,15,0.6573936074420925,0.6109920404269642
4,f102_approved_DAYS_LAST_DUE_s_app_DAYS_ID_PUBLISH_min,99.38271021842957,12,0.6573936074420925,0.6109920404269642
4,f102_approved_DAYS_TERMINATION_s_DAYS_LAST_DUE_1ST_VERSION_mean,231.79457184672356,27,0.6573936074420925,0.6109920404269642
4,f102_approved_cnt_unpaid_std_div_mean,162.82028913497925,15,0.6573936074420925,0.6109920404269642
4,f102_completed_AMT_CREDIT_d_AMT_ANNUITY_max,44.30729055404663,5,0.6573936074420925,0.6109920404269642
4,f102_completed_AMT_ANNUITY_s_app_AMT_ANNUITY_max,557.038521528244,40,0.6573936074420925,0.6109920404269642
4,f102_completed_AMT_CREDIT_d_total_debt_min,12.290689945220947,2,0.6573936074420925,0.6109920404269642
4,f102_completed_AMT_CREDIT_d_AMT_APPLICATION_max,13.58390998840332,5,0.6573936074420925,0.6109920404269642
4,f102_completed_AMT_ANNUITY_s_app_AMT_INCOME_TOTAL_mean,27.240159511566162,3,0.6573936074420925,0.6109920404269642
4,f102_approved_RATE_DOWN_PAYMENT_std,57.4941086769104,6,0.6573936074420925,0.6109920404269642
4,f102_completed_AMT_CREDIT_d_AMT_ANNUITY_min,83.31230998039246,11,0.6573936074420925,0.6109920404269642
4,f102_completed_AMT_ANNUITY_s_app_AMT_ANNUITY_d_app_AMT_INCOME_TOTAL_max,426.51182079315186,31,0.6573936074420925,0.6109920404269642
4,f102_completed_AMT_ANNUITY_s_app_AMT_INCOME_TOTAL_min,37.52063035964966,4,0.6573936074420925,0.6109920404269642
4,f102_approved_DAYS_TERMINATION_s_app_DAYS_BIRTH_min,80.84182506799698,8,0.6573936074420925,0.6109920404269642
4,f102_completed_AMT_APPLICATION_d_app_AMT_ANNUITY_max,306.0238927602768,26,0.6573936074420925,0.6109920404269642
4,f102_approved_DAYS_LAST_DUE_s_app_DAYS_BIRTH_min,153.34694051742554,14,0.6573936074420925,0.6109920404269642
4,f102_approved_DAYS_LAST_DUE_s_app_DAYS_REGISTRATION_mean,204.21242249011993,19,0.6573936074420925,0.6109920404269642
4,f102_completed_AMT_CREDIT_d_total_debt_mean,32.760600328445435,5,0.6573936074420925,0.6109920404269642
4,f102_completed_AMT_ANNUITY_s_app_AMT_INCOME_TOTAL_max,49.60596036911011,6,0.6573936074420925,0.6109920404269642
4,f102_completed_AMT_ANNUITY_s_app_AMT_GOODS_PRICE_min,388.14807891845703,27,0.6573936074420925,0.6109920404269642
4,f102_approved_NAME_SELLER_INDUSTRY_Connectivity_mean,252.18706834316254,28,0.6573936074420925,0.6109920404269642
4,f102_completed_interest_rate_max,127.43724378943443,14,0.6573936074420925,0.6109920404269642
4,f102_completed_interest_rate_mean,47.322399616241455,6,0.6573936074420925,0.6109920404269642
4,f102_completed_AMT_APPLICATION_s_app_AMT_GOODS_PRICE_max,92.8137903213501,10,0.6573936074420925,0.6109920404269642
4,f102_completed_AMT_GOODS_PRICE_d_total_debt_max,75.3627598285675,9,0.6573936074420925,0.6109920404269642
4,f102_completed_interest_rate_min,60.289260387420654,7,0.6573936074420925,0.6109920404269642
4,f102_completed_AMT_GOODS_PRICE_d_AMT_ANNUITY_max,61.44255971908569,7,0.6573936074420925,0.6109920404269642
4,f102_completed_AMT_GOODS_PRICE_d_app_AMT_ANNUITY_max,129.4058713912964,10,0.6573936074420925,0.6109920404269642
4,f102_completed_AMT_GOODS_PRICE_d_AMT_ANNUITY_min,114.29686081409454,13,0.6573936074420925,0.6109920404269642
4,f102_completed_AMT_GOODS_PRICE_d_AMT_CREDIT_max,59.31201124191284,6,0.6573936074420925,0.6109920404269642
4,f102_completed_AMT_GOODS_PRICE_d_app_AMT_ANNUITY_min,119.7771655768156,10,0.6573936074420925,0.6109920404269642
4,f102_completed_DAYS_FIRST_DUE_d_app_DAYS_EMPLOYED_min,647.3272356987,33,0.6573936074420925,0.6109920404269642
4,f102_completed_total_debt_pctchange_max,110.37111705541611,11,0.6573936074420925,0.6109920404269642
4,f102_completed_AMT_GOODS_PRICE_d_total_debt_min,95.08447170257568,9,0.6573936074420925,0.6109920404269642
4,f102_completed_DAYS_DECISION_d_app_DAYS_EMPLOYED_min,477.8920497894287,21,0.6573936074420925,0.6109920404269642
4,f102_completed_DAYS_TERMINATION_s_app_DAYS_REGISTRATION_mean,70.80617094039917,8,0.6573936074420925,0.6109920404269642
4,f102_completed_AMT_GOODS_PRICE_d_app_AMT_ANNUITY_mean,120.87701082229614,8,0.6573936074420925,0.6109920404269642
4,f102_completed_AMT_GOODS_PRICE_d_total_debt_mean,102.37591544352472,12,0.6573936074420925,0.6109920404269642
4,f102_completed_AMT_GOODS_PRICE_d_AMT_ANNUITY_mean,44.296940088272095,6,0.6573936074420925,0.6109920404269642
4,f102_completed_DAYS_LAST_DUE_1ST_VERSION_s_app_DAYS_LAST_PHONE_CHANGE_max,128.11637997627258,8,0.6573936074420925,0.6109920404269642
4,f102_completed_AMT_GOODS_PRICE_d_app_AMT_CREDIT_max,71.26979875564575,6,0.6573936074420925,0.6109920404269642
4,f102_completed_AMT_GOODS_PRICE_d_AMT_CREDIT_mean,52.68643140792847,5,0.6573936074420925,0.6109920404269642
4,f102_completed_DAYS_LAST_DUE_s_app_DAYS_REGISTRATION_max,108.64797973632812,11,0.6573936074420925,0.6109920404269642
4,f102_completed_AMT_GOODS_PRICE_d_app_AMT_CREDIT_min,52.481698513031006,6,0.6573936074420925,0.6109920404269642
4,f102_completed_AMT_GOODS_PRICE_d_total_debt_pctchange_min,308.45336961746216,32,0.6573936074420925,0.6109920404269642
4,f102_completed_DAYS_LAST_DUE_1ST_VERSION_s_app_DAYS_ID_PUBLISH_max,124.25521898269653,14,0.6573936074420925,0.6109920404269642
4,f102_completed_AMT_CREDIT_s_app_AMT_GOODS_PRICE_max,122.53014945983887,10,0.6573936074420925,0.6109920404269642
4,f102_completed_AMT_GOODS_PRICE_d_AMT_CREDIT_min,36.62193036079407,5,0.6573936074420925,0.6109920404269642
4,f102_completed_AMT_GOODS_PRICE_d_app_AMT_GOODS_PRICE_min,89.36091995239258,9,0.6573936074420925,0.6109920404269642
4,f102_completed_AMT_GOODS_PRICE_d_app_AMT_CREDIT_mean,100.04543018341064,6,0.6573936074420925,0.6109920404269642
4,f102_completed_AMT_GOODS_PRICE_s_app_AMT_GOODS_PRICE_max,41.08393216133118,5,0.6573936074420925,0.6109920404269642
4,f102_completed_DAYS_LAST_DUE_s_app_DAYS_BIRTH_mean,63.871628522872925,9,0.6573936074420925,0.6109920404269642
4,f102_completed_AMT_GOODS_PRICE_s_app_AMT_ANNUITY_d_app_AMT_INCOME_TOTAL_max,63.47429966926575,6,0.6573936074420925,0.6109920404269642
4,f102_completed_AMT_GOODS_PRICE_d_total_debt_pctchange_mean,335.8228826522827,30,0.6573936074420925,0.6109920404269642
4,f102_completed_DAYS_TERMINATION_s_app_DAYS_LAST_PHONE_CHANGE_max,60.993520975112915,7,0.6573936074420925,0.6109920404269642
4,f102_completed_AMT_GOODS_PRICE_min,154.70352268218994,11,0.6573936074420925,0.6109920404269642
4,f102_completed_AMT_GOODS_PRICE_d_AMT_ANNUITY_pctchange_min,55.75004959106445,7,0.6573936074420925,0.6109920404269642
4,f102_completed_AMT_CREDIT_s_app_AMT_GOODS_PRICE_min,55.85379981994629,4,0.6573936074420925,0.6109920404269642
4,f102_completed_DAYS_FIRST_DUE_d_app_DAYS_EMPLOYED_mean,471.7177310138941,26,0.6573936074420925,0.6109920404269642
4,f102_completed_AMT_GOODS_PRICE_max,249.87194919586182,12,0.6573936074420925,0.6109920404269642
4,f102_completed_DAYS_LAST_DUE_1ST_VERSION_s_app_DAYS_REGISTRATION_mean,153.05269932746887,15,0.6573936074420925,0.6109920404269642
4,f102_completed_AMT_GOODS_PRICE_s_app_AMT_GOODS_PRICE_min,9.735790252685547,1,0.6573936074420925,0.6109920404269642
4,f102_completed_DAYS_LAST_DUE_s_app_DAYS_ID_PUBLISH_max,107.08080101013184,7,0.6573936074420925,0.6109920404269642
4,f102_completed_DAYS_TERMINATION_s_app_DAYS_BIRTH_max,24.237630367279053,3,0.6573936074420925,0.6109920404269642
4,f102_completed_AMT_GOODS_PRICE_d_app_AMT_GOODS_PRICE_max,31.69152021408081,4,0.6573936074420925,0.6109920404269642
4,f102_completed_DAYS_LAST_DUE_1ST_VERSION_s_app_DAYS_LAST_PHONE_CHANGE_min,23.366040229797363,3,0.6573936074420925,0.6109920404269642
4,f102_completed_DAYS_FIRST_DUE_d_app_DAYS_EMPLOYED_max,425.1978689432144,24,0.6573936074420925,0.6109920404269642
4,f102_completed_AMT_GOODS_PRICE_d_total_debt_pctchange_max,223.5943284034729,19,0.6573936074420925,0.6109920404269642
4,f102_completed_AMT_GOODS_PRICE_d_app_AMT_INCOME_TOTAL_min,103.49621057510376,10,0.6573936074420925,0.6109920404269642
4,f102_completed_DAYS_LAST_DUE_s_app_DAYS_LAST_PHONE_CHANGE_mean,27.7204909324646,3,0.6573936074420925,0.6109920404269642
4,f102_completed_HOUR_APPR_PROCESS_START_max,50.816980838775635,7,0.6573936074420925,0.6109920404269642
4,f102_completed_AMT_GOODS_PRICE_s_app_AMT_GOODS_PRICE_mean,29.096010208129883,3,0.6573936074420925,0.6109920404269642
4,f102_completed_AMT_GOODS_PRICE_s_app_AMT_INCOME_TOTAL_min,59.207520484924316,9,0.6573936074420925,0.6109920404269642
4,f102_completed_AMT_GOODS_PRICE_s_app_AMT_ANNUITY_max,229.19967031478882,14,0.6573936074420925,0.6109920404269642
4,f102_completed_HOUR_APPR_PROCESS_START_min,15.501969814300537,2,0.6573936074420925,0.6109920404269642
4,f102_completed_DAYS_DECISION_d_app_DAYS_EMPLOYED_mean,341.1152641773224,22,0.6573936074420925,0.6109920404269642
4,f102_completed_DAYS_DECISION_s_app_DAYS_BIRTH_max,68.66081368923187,11,0.6573936074420925,0.6109920404269642
4,f102_completed_DAYS_LAST_DUE_s_app_DAYS_EMPLOYED_max,61.373210430145264,6,0.6573936074420925,0.6109920404269642
4,f102_completed_AMT_GOODS_PRICE_s_app_AMT_ANNUITY_d_app_AMT_INCOME_TOTAL_min,60.96507024765015,5,0.6573936074420925,0.6109920404269642
4,f102_completed_DAYS_LAST_DUE_1ST_VERSION_s_app_DAYS_EMPLOYED_max,185.3120620250702,15,0.6573936074420925,0.6109920404269642
4,f102_completed_AMT_CREDIT_s_app_AMT_INCOME_TOTAL_max,47.17972028255463,7,0.6573936074420925,0.6109920404269642
4,f102_completed_amt_paid_min,23.683250427246094,3,0.6573936074420925,0.6109920404269642
4,f102_completed_DAYS_LAST_DUE_1ST_VERSION_s_app_DAYS_LAST_PHONE_CHANGE_mean,128.47038078308105,7,0.6573936074420925,0.6109920404269642
4,f102_completed_AMT_GOODS_PRICE_s_app_AMT_INCOME_TOTAL_max,19.912449836730957,3,0.6573936074420925,0.6109920404269642
4,f102_completed_AMT_GOODS_PRICE_d_AMT_ANNUITY_pctchange_max,177.07167267799377,13,0.6573936074420925,0.6109920404269642
4,f102_completed_AMT_GOODS_PRICE_d_app_AMT_INCOME_TOTAL_max,23.6289005279541,2,0.6573936074420925,0.6109920404269642
4,f102_completed_DAYS_DECISION_s_app_DAYS_ID_PUBLISH_max,163.05703043937683,12,0.6573936074420925,0.6109920404269642
4,f102_completed_DAYS_TERMINATION_s_app_DAYS_ID_PUBLISH_max,136.7604627609253,10,0.6573936074420925,0.6109920404269642
4,f102_completed_AMT_GOODS_PRICE_d_app_AMT_INCOME_TOTAL_mean,54.349000215530396,6,0.6573936074420925,0.6109920404269642
4,f102_completed_AMT_CREDIT_s_app_AMT_GOODS_PRICE_mean,38.66100376844406,3,0.6573936074420925,0.6109920404269642
4,f102_completed_amt_paid_sum,112.57575178146362,11,0.6573936074420925,0.6109920404269642
4,f102_completed_AMT_GOODS_PRICE_d_app_AMT_GOODS_PRICE_mean,69.07611060142517,7,0.6573936074420925,0.6109920404269642
4,f102_completed_HOUR_APPR_PROCESS_START_mean,52.35196018218994,7,0.6573936074420925,0.6109920404269642
4,f102_completed_DAYS_LAST_DUE_s_app_DAYS_BIRTH_max,24.166800022125244,3,0.6573936074420925,0.6109920404269642
4,f102_completed_AMT_GOODS_PRICE_d_app_AMT_INCOME_TOTAL_diff_mean,121.78000974655151,13,0.6573936074420925,0.6109920404269642
4,f102_completed_DAYS_TERMINATION_s_app_DAYS_EMPLOYED_mean,15.561779975891113,2,0.6573936074420925,0.6109920404269642
4,f102_completed_AMT_CREDIT_s_app_AMT_INCOME_TOTAL_mean,35.957130432128906,3,0.6573936074420925,0.6109920404269642
4,f102_completed_DAYS_DECISION_s_app_DAYS_REGISTRATION_mean,165.19026041030884,13,0.6573936074420925,0.6109920404269642
4,f102_completed_AMT_CREDIT_s_app_AMT_INCOME_TOTAL_min,62.68890976905823,9,0.6573936074420925,0.6109920404269642
4,f102_completed_AMT_GOODS_PRICE_s_app_AMT_ANNUITY_min,30.014999866485596,4,0.6573936074420925,0.6109920404269642
4,f102_completed_DAYS_LAST_DUE_s_app_DAYS_LAST_PHONE_CHANGE_min,61.331231236457825,7,0.6573936074420925,0.6109920404269642
4,f102_completed_amt_paid_max,80.09001064300537,6,0.6573936074420925,0.6109920404269642
4,f102_completed_DAYS_DECISION_d_app_DAYS_EMPLOYED_max,153.3192572593689,11,0.6573936074420925,0.6109920404269642
4,f102_completed_DAYS_LAST_DUE_1ST_VERSION_s_app_DAYS_ID_PUBLISH_mean,133.19800853729248,10,0.6573936074420925,0.6109920404269642
4,f102_completed_DAYS_LAST_DUE_s_app_DAYS_REGISTRATION_mean,100.35971093177795,9,0.6573936074420925,0.6109920404269642
4,f102_completed_AMT_GOODS_PRICE_d_AMT_ANNUITY_diff_max,130.2831026315689,12,0.6573936074420925,0.6109920404269642
4,f102_completed_AMT_GOODS_PRICE_s_app_AMT_ANNUITY_mean,44.38972997665405,4,0.6573936074420925,0.6109920404269642
4,f102_completed_DAYS_LAST_DUE_1ST_VERSION_s_app_DAYS_BIRTH_min,61.466960430145264,8,0.6573936074420925,0.6109920404269642
4,f102_completed_AMT_GOODS_PRICE_d_AMT_ANNUITY_diff_min,47.430208683013916,6,0.6573936074420925,0.6109920404269642
4,f102_completed_DAYS_LAST_DUE_s_app_DAYS_LAST_PHONE_CHANGE_max,1.075350046157837,1,0.6573936074420925,0.6109920404269642
4,f102_completed_DAYS_TERMINATION_s_app_DAYS_ID_PUBLISH_min,37.91830062866211,4,0.6573936074420925,0.6109920404269642
4,f102_completed_AMT_GOODS_PRICE_s_app_AMT_ANNUITY_d_app_AMT_INCOME_TOTAL_mean,133.00570964813232,11,0.6573936074420925,0.6109920404269642
4,f102_completed_DAYS_TERMINATION_s_app_DAYS_REGISTRATION_min,100.65487933158875,9,0.6573936074420925,0.6109920404269642
4,f102_completed_DAYS_LAST_DUE_1ST_VERSION_s_app_DAYS_EMPLOYED_min,139.25110840797424,9,0.6573936074420925,0.6109920404269642
4,f102_completed_AMT_GOODS_PRICE_s_app_AMT_INCOME_TOTAL_mean,40.57469034194946,5,0.6573936074420925,0.6109920404269642
4,f102_completed_DAYS_TERMINATION_s_app_DAYS_LAST_PHONE_CHANGE_min,44.607319831848145,6,0.6573936074420925,0.6109920404269642
4,f102_completed_DAYS_LAST_DUE_1ST_VERSION_s_app_DAYS_EMPLOYED_mean,40.9050498008728,4,0.6573936074420925,0.6109920404269642
4,f102_completed_DAYS_TERMINATION_s_DAYS_LAST_DUE_max,34.56700038909912,5,0.6573936074420925,0.6109920404269642
4,f102_completed_DAYS_FIRST_DUE_s_app_DAYS_LAST_PHONE_CHANGE_max,100.20258951187134,8,0.6573936074420925,0.6109920404269642
4,f102_completed_DAYS_LAST_DUE_1ST_VERSION_s_app_DAYS_ID_PUBLISH_min,173.6185131072998,10,0.6573936074420925,0.6109920404269642
4,f102_completed_AMT_GOODS_PRICE_d_AMT_ANNUITY_pctchange_mean,64.32143020629883,5,0.6573936074420925,0.6109920404269642
4,f102_completed_AMT_GOODS_PRICE_d_app_AMT_INCOME_TOTAL_diff_max,118.18380951881409,12,0.6573936074420925,0.6109920404269642
4,f102_completed_DAYS_LAST_DUE_1ST_VERSION_s_app_DAYS_REGISTRATION_max,92.19488048553467,7,0.6573936074420925,0.6109920404269642
4,f102_completed_DAYS_TERMINATION_s_app_DAYS_LAST_PHONE_CHANGE_mean,11.341470003128052,2,0.6573936074420925,0.6109920404269642
4,f102_completed_DAYS_DECISION_s_app_DAYS_REGISTRATION_max,131.68862867355347,11,0.6573936074420925,0.6109920404269642
4,f102_completed_DAYS_TERMINATION_s_DAYS_LAST_DUE_min,27.291590213775635,3,0.6573936074420925,0.6109920404269642
4,f102_completed_AMT_DOWN_PAYMENT_max,65.97799074649811,6,0.6573936074420925,0.6109920404269642
4,f102_completed_AMT_GOODS_PRICE_mean,121.59640121459961,8,0.6573936074420925,0.6109920404269642
4,f102_completed_DAYS_FIRST_DUE_s_app_DAYS_LAST_PHONE_CHANGE_min,62.32174015045166,5,0.6573936074420925,0.6109920404269642
4,f102_completed_DAYS_FIRST_DUE_s_DAYS_DECISIONS_min,131.4672315120697,15,0.6573936074420925,0.6109920404269642
4,f102_completed_DAYS_LAST_DUE_s_app_DAYS_ID_PUBLISH_mean,80.61927032470703,8,0.6573936074420925,0.6109920404269642
4,f102_completed_AMT_GOODS_PRICE_d_app_AMT_ANNUITY_pctchange_min,107.9979190826416,11,0.6573936074420925,0.6109920404269642
4,f102_completed_AMT_GOODS_PRICE_d_AMT_ANNUITY_diff_mean,139.09817123413086,12,0.6573936074420925,0.6109920404269642
4,f102_completed_DAYS_FIRST_DUE_s_app_DAYS_ID_PUBLISH_max,136.55418920516968,10,0.6573936074420925,0.6109920404269642
4,f102_completed_DAYS_DECISION_s_app_DAYS_LAST_PHONE_CHANGE_min,112.83240056037903,11,0.6573936074420925,0.6109920404269642
4,f102_completed_DAYS_FIRST_DUE_s_app_DAYS_LAST_PHONE_CHANGE_mean,29.663949966430664,4,0.6573936074420925,0.6109920404269642
4,f102_completed_DAYS_TERMINATION_s_app_DAYS_EMPLOYED_min,4.62192802131176,2,0.6573936074420925,0.6109920404269642
4,f102_completed_DAYS_TERMINATION_s_app_DAYS_ID_PUBLISH_mean,23.133090257644653,3,0.6573936074420925,0.6109920404269642
4,f102_completed_DAYS_LAST_DUE_1ST_VERSION_s_app_DAYS_BIRTH_mean,8.490500211715698,2,0.6573936074420925,0.6109920404269642
4,f102_completed_amt_paid_mean,43.03179979324341,4,0.6573936074420925,0.6109920404269642
4,f102_completed_AMT_GOODS_PRICE_d_app_AMT_ANNUITY_pctchange_mean,208.75966024398804,13,0.6573936074420925,0.6109920404269642
4,f102_completed_DAYS_FIRST_DUE_s_DAYS_DECISIONS_mean,143.6535201072693,16,0.6573936074420925,0.6109920404269642
4,f102_completed_DAYS_LAST_DUE_s_app_DAYS_BIRTH_min,0.7794569730758667,1,0.6573936074420925,0.6109920404269642
4,f102_completed_DAYS_TERMINATION_s_app_DAYS_EMPLOYED_max,35.96909976005554,4,0.6573936074420925,0.6109920404269642
4,f102_completed_total_debt_max,12.775300025939941,1,0.6573936074420925,0.6109920404269642
4,f102_completed_total_debt_pctchange_min,153.13092947006226,11,0.6573936074420925,0.6109920404269642
4,f102_nyg_high_AMT_GOODS_PRICE_d_total_debt_max,539.7831833362579,19,0.6573936074420925,0.6109920404269642
4,f102_nyg_high_AMT_GOODS_PRICE_d_total_debt_min,1391.8102893829346,33,0.6573936074420925,0.6109920404269642
4,f102_completed_total_debt_mean,11.738669633865356,2,0.6573936074420925,0.6109920404269642
4,f102_nyg_high_AMT_GOODS_PRICE_d_total_debt_mean,1167.1621656417847,25,0.6573936074420925,0.6109920404269642
4,f102_nyg_high_AMT_APPLICATION_m_app_AMT_GOODS_PRICE_d_app_AMT_INCOME_TOTAL_max,10.653300285339355,1,0.6573936074420925,0.6109920404269642
4,f102_nyg_high_AMT_CREDIT_d_total_debt_mean,631.4386448860168,15,0.6573936074420925,0.6109920404269642
4,f102_nyg_high_AMT_CREDIT_d_total_debt_min,309.71062755584717,15,0.6573936074420925,0.6109920404269642
4,f102_completed_total_debt_pctchange_mean,78.70546960830688,8,0.6573936074420925,0.6109920404269642
4,f102_nyg_high_AMT_ANNUITY_min,164.3061809539795,13,0.6573936074420925,0.6109920404269642
4,f102_nyg_high_AMT_CREDIT_max,37.051700592041016,3,0.6573936074420925,0.6109920404269642
4,f102_nyg_high_AMT_CREDIT_d_total_debt_max,436.2846965789795,8,0.6573936074420925,0.6109920404269642
4,f102_nyg_high_AMT_CREDIT_m_app_AMT_GOODS_PRICE_d_app_AMT_INCOME_TOTAL_mean,129.67771911621094,12,0.6573936074420925,0.6109920404269642
4,f102_nyg_high_AMT_GOODS_PRICE_d_AMT_ANNUITY_pctchange_max,152.2042999267578,11,0.6573936074420925,0.6109920404269642
4,f102_nyg_high_AMT_ANNUITY_mean,167.41495895385742,12,0.6573936074420925,0.6109920404269642
4,f102_nyg_high_AMT_ANNUITY_d_app_AMT_CREDIT_min,66.70010089874268,4,0.6573936074420925,0.6109920404269642
4,f102_nyg_high_AMT_ANNUITY_s_app_AMT_GOODS_PRICE_mean,412.05681133270264,21,0.6573936074420925,0.6109920404269642
4,f102_nyg_high_AMT_CREDIT_m_app_AMT_GOODS_PRICE_d_app_AMT_INCOME_TOTAL_max,59.03806018829346,5,0.6573936074420925,0.6109920404269642
4,f102_nyg_high_AMT_ANNUITY_d_app_AMT_GOODS_PRICE_min,88.35324048995972,6,0.6573936074420925,0.6109920404269642
4,f102_nyg_high_AMT_ANNUITY_s_app_AMT_GOODS_PRICE_max,228.48371839523315,16,0.6573936074420925,0.6109920404269642
4,f102_nyg_high_AMT_ANNUITY_s_app_AMT_GOODS_PRICE_min,333.1813659667969,17,0.6573936074420925,0.6109920404269642
4,f102_nyg_high_AMT_ANNUITY_s_app_AMT_CREDIT_max,141.40440940856934,10,0.6573936074420925,0.6109920404269642
4,f102_nyg_high_AMT_ANNUITY_s_app_AMT_ANNUITY_d_app_AMT_INCOME_TOTAL_min,370.9442286491394,20,0.6573936074420925,0.6109920404269642
4,f102_nyg_high_AMT_GOODS_PRICE_d_AMT_ANNUITY_max,167.39009189605713,10,0.6573936074420925,0.6109920404269642
4,f102_nyg_high_AMT_GOODS_PRICE_d_AMT_ANNUITY_min,92.17996025085449,7,0.6573936074420925,0.6109920404269642
4,f102_nyg_high_AMT_ANNUITY_s_app_AMT_ANNUITY_d_app_AMT_INCOME_TOTAL_mean,217.25099229812622,13,0.6573936074420925,0.6109920404269642
4,f102_nyg_high_AMT_ANNUITY_s_app_AMT_ANNUITY_mean,92.39249897003174,6,0.6573936074420925,0.6109920404269642
4,f102_nyg_high_AMT_ANNUITY_s_app_AMT_ANNUITY_d_app_AMT_INCOME_TOTAL_max,251.82904052734375,20,0.6573936074420925,0.6109920404269642
4,f102_nyg_high_AMT_GOODS_PRICE_d_AMT_ANNUITY_diff_max,193.6463499069214,16,0.6573936074420925,0.6109920404269642
4,f102_nyg_high_AMT_ANNUITY_s_app_AMT_ANNUITY_min,277.84632205963135,16,0.6573936074420925,0.6109920404269642
4,f102_nyg_high_AMT_ANNUITY_d_app_AMT_ANNUITY_min,166.04753065109253,14,0.6573936074420925,0.6109920404269642
4,f102_nyg_high_AMT_CREDIT_d_AMT_ANNUITY_min,150.2657790184021,10,0.6573936074420925,0.6109920404269642
4,f102_nyg_high_AMT_ANNUITY_s_app_AMT_CREDIT_mean,22.36575984954834,2,0.6573936074420925,0.6109920404269642
4,f102_nyg_high_AMT_ANNUITY_s_app_AMT_ANNUITY_d_app_AMT_INCOME_TOTAL_pctchange_mean,97.72141027450562,6,0.6573936074420925,0.6109920404269642
4,f102_nyg_high_AMT_ANNUITY_d_app_AMT_ANNUITY_max,44.28371047973633,5,0.6573936074420925,0.6109920404269642
4,f102_nyg_high_AMT_ANNUITY_d_app_AMT_GOODS_PRICE_mean,67.11529922485352,5,0.6573936074420925,0.6109920404269642
4,f102_nyg_high_AMT_CREDIT_d_AMT_ANNUITY_max,25.687970519065857,5,0.6573936074420925,0.6109920404269642
4,f102_nyg_high_AMT_APPLICATION_s_app_AMT_INCOME_TOTAL_pctchange_max,27.11892032623291,2,0.6573936074420925,0.6109920404269642
4,f102_nyg_high_AMT_CREDIT_d_AMT_ANNUITY_mean,62.39346981048584,5,0.6573936074420925,0.6109920404269642
4,f102_nyg_high_AMT_CREDIT_s_app_AMT_ANNUITY_max,44.067230224609375,4,0.6573936074420925,0.6109920404269642
4,f102_nyg_high_AMT_ANNUITY_s_app_AMT_ANNUITY_d_app_AMT_INCOME_TOTAL_pctchange_min,138.95273876190186,10,0.6573936074420925,0.6109920404269642
4,f102_nyg_high_AMT_CREDIT_d_total_debt_diff_min,120.31516790390015,8,0.6573936074420925,0.6109920404269642
4,f102_nyg_high_AMT_CREDIT_s_app_AMT_GOODS_PRICE_min,90.0628092288971,7,0.6573936074420925,0.6109920404269642
4,f102_nyg_high_AMT_APPLICATION_s_app_AMT_INCOME_TOTAL_mean,58.807921409606934,5,0.6573936074420925,0.6109920404269642
4,f102_nyg_high_AMT_CREDIT_s_app_AMT_INCOME_TOTAL_pctchange_min,52.29431915283203,5,0.6573936074420925,0.6109920404269642
4,f102_nyg_high_AMT_APPLICATION_d_app_AMT_INCOME_TOTAL_max,10.323699951171875,1,0.6573936074420925,0.6109920404269642
4,f102_nyg_high_AMT_CREDIT_m_app_AMT_GOODS_PRICE_d_app_AMT_INCOME_TOTAL_pctchange_max,57.607139587402344,5,0.6573936074420925,0.6109920404269642
4,f102_nyg_high_AMT_CREDIT_d_total_debt_diff_mean,63.96084022521973,5,0.6573936074420925,0.6109920404269642
4,f102_nyg_high_AMT_APPLICATION_s_app_AMT_INCOME_TOTAL_pctchange_min,35.39511966705322,2,0.6573936074420925,0.6109920404269642
4,f102_nyg_high_AMT_GOODS_PRICE_d_AMT_ANNUITY_mean,106.66505908966064,4,0.6573936074420925,0.6109920404269642
4,f102_nyg_high_AMT_CREDIT_d_AMT_APPLICATION_min,11.378460168838501,2,0.6573936074420925,0.6109920404269642
4,f102_nyg_high_AMT_APPLICATION_s_app_AMT_INCOME_TOTAL_max,38.641910552978516,3,0.6573936074420925,0.6109920404269642
4,f102_nyg_high_AMT_CREDIT_s_app_AMT_INCOME_TOTAL_pctchange_mean,74.99120140075684,6,0.6573936074420925,0.6109920404269642
4,f102_nyg_high_AMT_CREDIT_s_app_AMT_INCOME_TOTAL_max,24.058300018310547,2,0.6573936074420925,0.6109920404269642
4,f102_nyg_high_AMT_APPLICATION_s_app_AMT_INCOME_TOTAL_pctchange_mean,59.69448947906494,5,0.6573936074420925,0.6109920404269642
4,f102_nyg_high_AMT_ANNUITY_d_app_AMT_ANNUITY_mean,72.0510311126709,6,0.6573936074420925,0.6109920404269642
4,f102_nyg_high_AMT_APPLICATION_s_app_AMT_ANNUITY_d_app_AMT_INCOME_TOTAL_max,89.76333904266357,8,0.6573936074420925,0.6109920404269642
4,f102_nyg_high_AMT_ANNUITY_s_app_AMT_CREDIT_min,146.25861024856567,10,0.6573936074420925,0.6109920404269642
4,f102_nyg_high_AMT_ANNUITY_d_app_AMT_CREDIT_max,130.1892795562744,9,0.6573936074420925,0.6109920404269642
4,f102_nyg_high_AMT_CREDIT_d_AMT_APPLICATION_max,173.3544898033142,12,0.6573936074420925,0.6109920404269642
4,f102_nyg_high_AMT_CREDIT_s_app_AMT_INCOME_TOTAL_mean,35.7883505821228,3,0.6573936074420925,0.6109920404269642
4,f102_nyg_high_AMT_CREDIT_s_app_AMT_INCOME_TOTAL_pctchange_max,47.472660541534424,4,0.6573936074420925,0.6109920404269642
4,f102_nyg_high_AMT_APPLICATION_s_app_AMT_GOODS_PRICE_min,17.644780158996582,2,0.6573936074420925,0.6109920404269642
4,f102_nyg_high_AMT_ANNUITY_d_app_AMT_CREDIT_mean,56.566500663757324,4,0.6573936074420925,0.6109920404269642
4,f102_nyg_high_AMT_APPLICATION_s_app_AMT_GOODS_PRICE_max,92.99117088317871,7,0.6573936074420925,0.6109920404269642
4,f102_nyg_high_AMT_ANNUITY_d_app_AMT_ANNUITY_pctchange_max,188.63039016723633,19,0.6573936074420925,0.6109920404269642
4,f102_nyg_high_AMT_CREDIT_d_AMT_APPLICATION_mean,96.07745170593262,7,0.6573936074420925,0.6109920404269642
4,f102_nyg_high_AMT_CREDIT_s_app_AMT_ANNUITY_d_app_AMT_INCOME_TOTAL_min,55.09823942184448,5,0.6573936074420925,0.6109920404269642
4,f102_nyg_high_AMT_CREDIT_s_app_AMT_GOODS_PRICE_mean,38.06469917297363,2,0.6573936074420925,0.6109920404269642
4,f102_nyg_high_AMT_CREDIT_m_app_AMT_GOODS_PRICE_d_app_AMT_INCOME_TOTAL_pctchange_min,68.70517873764038,5,0.6573936074420925,0.6109920404269642
4,f102_nyg_high_AMT_APPLICATION_s_app_AMT_ANNUITY_d_app_AMT_INCOME_TOTAL_pctchange_max,29.405399322509766,2,0.6573936074420925,0.6109920404269642
4,f102_nyg_high_AMT_APPLICATION_s_app_AMT_ANNUITY_d_app_AMT_INCOME_TOTAL_mean,89.29021072387695,6,0.6573936074420925,0.6109920404269642
4,f102_nyg_high_AMT_GOODS_PRICE_d_total_debt_pctchange_max,18.534950256347656,2,0.6573936074420925,0.6109920404269642
4,f102_nyg_high_AMT_CREDIT_s_app_AMT_CREDIT_min,81.65352058410645,6,0.6573936074420925,0.6109920404269642
4,f102_nyg_high_AMT_CREDIT_d_AMT_ANNUITY_pctchange_mean,144.0716905593872,12,0.6573936074420925,0.6109920404269642
4,f102_nyg_high_AMT_CREDIT_d_total_debt_pctchange_mean,40.56687927246094,4,0.6573936074420925,0.6109920404269642
4,f102_nyg_high_AMT_APPLICATION_d_app_AMT_INCOME_TOTAL_mean,43.16464900970459,3,0.6573936074420925,0.6109920404269642
4,f102_nyg_high_AMT_CREDIT_s_app_AMT_ANNUITY_d_app_AMT_INCOME_TOTAL_pctchange_mean,48.09523916244507,4,0.6573936074420925,0.6109920404269642
4,f102_nyg_high_AMT_ANNUITY_d_app_AMT_INCOME_TOTAL_diff_max,90.23706007003784,7,0.6573936074420925,0.6109920404269642
4,f102_nyg_high_AMT_CREDIT_d_AMT_ANNUITY_diff_mean,57.697250843048096,7,0.6573936074420925,0.6109920404269642
4,f102_nyg_high_AMT_CREDIT_m_app_AMT_GOODS_PRICE_d_app_AMT_INCOME_TOTAL_pctchange_mean,85.24243187904358,9,0.6573936074420925,0.6109920404269642
4,f102_nyg_high_AMT_CREDIT_d_app_AMT_INCOME_TOTAL_min,42.35973024368286,4,0.6573936074420925,0.6109920404269642
4,f102_nyg_high_AMT_APPLICATION_s_app_AMT_CREDIT_max,73.91424942016602,8,0.6573936074420925,0.6109920404269642
4,f102_nyg_high_AMT_GOODS_PRICE_d_total_debt_pctchange_min,21.5820894241333,2,0.6573936074420925,0.6109920404269642
4,f102_nyg_high_AMT_CREDIT_d_AMT_ANNUITY_diff_max,145.41707134246826,12,0.6573936074420925,0.6109920404269642
4,f102_nyg_high_AMT_CREDIT_s_app_AMT_ANNUITY_d_app_AMT_INCOME_TOTAL_max,164.23222064971924,10,0.6573936074420925,0.6109920404269642
4,f102_nyg_high_AMT_CREDIT_s_app_AMT_CREDIT_mean,99.02299976348877,5,0.6573936074420925,0.6109920404269642
4,f102_nyg_high_AMT_CREDIT_d_total_debt_pctchange_min,72.97179126739502,6,0.6573936074420925,0.6109920404269642
4,f102_nyg_high_AMT_CREDIT_s_app_AMT_GOODS_PRICE_max,51.46250057220459,3,0.6573936074420925,0.6109920404269642
4,f102_nyg_high_AMT_APPLICATION_s_app_AMT_CREDIT_min,139.10529804229736,8,0.6573936074420925,0.6109920404269642
4,f102_nyg_high_AMT_ANNUITY_d_app_AMT_ANNUITY_diff_max,27.931877434253693,3,0.6573936074420925,0.6109920404269642
4,f102_nyg_high_AMT_CREDIT_s_app_AMT_ANNUITY_d_app_AMT_INCOME_TOTAL_pctchange_max,98.27704048156738,6,0.6573936074420925,0.6109920404269642
4,f102_nyg_high_AMT_CREDIT_d_AMT_ANNUITY_pctchange_max,148.8981602191925,11,0.6573936074420925,0.6109920404269642
4,f102_nyg_high_AMT_GOODS_PRICE_d_AMT_CREDIT_min,69.8316011428833,4,0.6573936074420925,0.6109920404269642
4,f102_nyg_high_AMT_CREDIT_d_AMT_APPLICATION_diff_max,142.3180513381958,14,0.6573936074420925,0.6109920404269642
4,f102_nyg_high_AMT_GOODS_PRICE_m_app_AMT_GOODS_PRICE_d_app_AMT_INCOME_TOTAL_max,35.385640144348145,4,0.6573936074420925,0.6109920404269642
4,f102_nyg_high_AMT_GOODS_PRICE_s_app_AMT_ANNUITY_d_app_AMT_INCOME_TOTAL_mean,0.0,0,0.6573936074420925,0.6109920404269642
4,f102_nyg_high_AMT_GOODS_PRICE_d_total_debt_pctchange_mean,49.53647041320801,5,0.6573936074420925,0.6109920404269642
4,f102_nyg_high_AMT_GOODS_PRICE_s_app_AMT_ANNUITY_d_app_AMT_INCOME_TOTAL_pctchange_max,45.97307014465332,4,0.6573936074420925,0.6109920404269642
4,f102_nyg_high_AMT_GOODS_PRICE_s_app_AMT_INCOME_TOTAL_pctchange_max,21.173699378967285,2,0.6573936074420925,0.6109920404269642
4,f102_nyg_high_AMT_GOODS_PRICE_s_app_AMT_ANNUITY_d_app_AMT_INCOME_TOTAL_max,43.01940059661865,3,0.6573936074420925,0.6109920404269642
4,f102_nyg_high_DAYS_DECISION_s_app_DAYS_LAST_PHONE_CHANGE_min,1351.2330226898193,20,0.6573936074420925,0.6109920404269642
4,f102_nyg_high_AMT_GOODS_PRICE_s_app_AMT_GOODS_PRICE_mean,20.703479766845703,2,0.6573936074420925,0.6109920404269642
4,f102_nyg_high_AMT_GOODS_PRICE_s_app_AMT_GOODS_PRICE_min,33.13670063018799,2,0.6573936074420925,0.6109920404269642
4,f102_nyg_high_AMT_GOODS_PRICE_s_app_AMT_INCOME_TOTAL_pctchange_min,55.223090171813965,5,0.6573936074420925,0.6109920404269642
4,f102_nyg_high_DAYS_DECISION_s_app_DAYS_EMPLOYED_max,189.71209716796875,6,0.6573936074420925,0.6109920404269642
4,f102_nyg_high_AMT_GOODS_PRICE_s_app_AMT_INCOME_TOTAL_mean,7.277390003204346,1,0.6573936074420925,0.6109920404269642
4,f102_nyg_high_HOUR_APPR_PROCESS_START_mean,149.68038177490234,6,0.6573936074420925,0.6109920404269642
4,f102_nyg_high_AMT_GOODS_PRICE_s_app_AMT_CREDIT_max,0.0,0,0.6573936074420925,0.6109920404269642
4,f102_nyg_high_AMT_GOODS_PRICE_s_app_AMT_INCOME_TOTAL_pctchange_mean,41.38027000427246,4,0.6573936074420925,0.6109920404269642
4,f102_nyg_high_AMT_GOODS_PRICE_s_app_AMT_GOODS_PRICE_max,13.43340015411377,1,0.6573936074420925,0.6109920404269642
4,f102_nyg_high_AMT_GOODS_PRICE_s_app_AMT_CREDIT_min,27.280489921569824,2,0.6573936074420925,0.6109920404269642
4,f102_nyg_high_AMT_GOODS_PRICE_s_app_AMT_INCOME_TOTAL_max,12.076000213623047,1,0.6573936074420925,0.6109920404269642
4,f102_nyg_high_DAYS_DECISION_d_app_DAYS_REGISTRATION_max,42.76463079452515,5,0.6573936074420925,0.6109920404269642
4,f102_nyg_high_DAYS_DECISION_s_app_DAYS_LAST_PHONE_CHANGE_max,719.6017241477966,19,0.6573936074420925,0.6109920404269642
4,f102_nyg_high_DAYS_LAST_DUE_1ST_VERSION_d_app_DAYS_EMPLOYED_max,51.81588137149811,4,0.6573936074420925,0.6109920404269642
4,f102_nyg_high_DAYS_DECISION_s_app_DAYS_BIRTH_max,197.11368894577026,15,0.6573936074420925,0.6109920404269642
4,f102_nyg_high_DAYS_DECISION_d_app_DAYS_REGISTRATION_min,159.12564134597778,11,0.6573936074420925,0.6109920404269642
4,f102_nyg_high_HOUR_APPR_PROCESS_START_min,116.8859977722168,5,0.6573936074420925,0.6109920404269642
4,f102_nyg_high_AMT_GOODS_PRICE_s_app_AMT_CREDIT_mean,30.572200775146484,2,0.6573936074420925,0.6109920404269642
4,f102_nyg_high_DAYS_DECISION_s_app_DAYS_ID_PUBLISH_max,341.00728034973145,19,0.6573936074420925,0.6109920404269642
4,f102_nyg_high_DAYS_DECISION_s_app_DAYS_LAST_PHONE_CHANGE_mean,661.645920753479,14,0.6573936074420925,0.6109920404269642
4,f102_nyg_high_DAYS_LAST_DUE_1ST_VERSION_s_app_DAYS_LAST_PHONE_CHANGE_min,78.03883934020996,6,0.6573936074420925,0.6109920404269642
4,f102_nyg_high_AMT_GOODS_PRICE_s_app_AMT_ANNUITY_diff_max,65.08500003814697,5,0.6573936074420925,0.6109920404269642
4,f102_nyg_high_AMT_GOODS_PRICE_m_app_AMT_GOODS_PRICE_d_app_AMT_INCOME_TOTAL_diff_max,68.52279043197632,5,0.6573936074420925,0.6109920404269642
4,f102_nyg_high_DAYS_DECISION_d_app_DAYS_REGISTRATION_mean,201.31232023239136,14,0.6573936074420925,0.6109920404269642
4,f102_nyg_high_DAYS_DECISION_s_app_DAYS_BIRTH_mean,58.42307996749878,6,0.6573936074420925,0.6109920404269642
4,f102_nyg_high_DAYS_LAST_DUE_1ST_VERSION_d_app_DAYS_BIRTH_min,125.31777048110962,11,0.6573936074420925,0.6109920404269642
4,f102_nyg_high_DAYS_LAST_DUE_1ST_VERSION_d_app_DAYS_EMPLOYED_min,731.9116611480713,25,0.6573936074420925,0.6109920404269642
4,f102_nyg_high_DAYS_LAST_DUE_1ST_VERSION_d_app_DAYS_BIRTH_max,239.73250818252563,20,0.6573936074420925,0.6109920404269642
4,f102_nyg_high_DAYS_DECISION_s_app_DAYS_EMPLOYED_min,54.29046082496643,5,0.6573936074420925,0.6109920404269642
4,f102_nyg_high_DAYS_DECISION_s_app_DAYS_REGISTRATION_mean,40.579570293426514,4,0.6573936074420925,0.6109920404269642
4,f102_nyg_high_DAYS_FIRST_DUE_s_app_DAYS_LAST_PHONE_CHANGE_max,132.64765882492065,13,0.6573936074420925,0.6109920404269642
4,f102_nyg_high_DAYS_LAST_DUE_1ST_VERSION_s_app_DAYS_ID_PUBLISH_max,22.147830486297607,2,0.6573936074420925,0.6109920404269642
4,f102_nyg_high_CNT_PAYMENT_mean,0.0,0,0.6573936074420925,0.6109920404269642
4,f102_nyg_high_DAYS_LAST_DUE_1ST_VERSION_d_app_DAYS_EMPLOYED_mean,480.76739978790283,17,0.6573936074420925,0.6109920404269642
4,f102_nyg_high_DAYS_DECISION_s_app_DAYS_ID_PUBLISH_min,189.81432676315308,7,0.6573936074420925,0.6109920404269642
4,f102_nyg_high_DAYS_LAST_DUE_1ST_VERSION_s_app_DAYS_LAST_PHONE_CHANGE_max,101.58281993865967,6,0.6573936074420925,0.6109920404269642
4,f102_nyg_high_DAYS_LAST_DUE_1ST_VERSION_d_app_DAYS_REGISTRATION_mean,24.491179943084717,3,0.6573936074420925,0.6109920404269642
4,f102_nyg_high_DAYS_DECISION_s_app_DAYS_ID_PUBLISH_mean,82.5674991607666,5,0.6573936074420925,0.6109920404269642
4,f102_nyg_high_DAYS_LAST_DUE_1ST_VERSION_d_app_DAYS_BIRTH_mean,284.2023801803589,16,0.6573936074420925,0.6109920404269642
4,f102_nyg_high_DAYS_LAST_DUE_1ST_VERSION_s_app_DAYS_BIRTH_mean,23.013700485229492,1,0.6573936074420925,0.6109920404269642
4,f102_nyg_high_DAYS_DECISION_s_app_DAYS_BIRTH_min,82.38044023513794,7,0.6573936074420925,0.6109920404269642
4,f102_nyg_high_DAYS_DECISION_s_app_DAYS_REGISTRATION_max,32.196359634399414,3,0.6573936074420925,0.6109920404269642
4,f102_nyg_high_DAYS_FIRST_DUE_d_app_DAYS_REGISTRATION_max,60.32275104522705,7,0.6573936074420925,0.6109920404269642
4,f102_nyg_high_DAYS_FIRST_DUE_d_app_DAYS_REGISTRATION_min,55.68503928184509,6,0.6573936074420925,0.6109920404269642
4,f102_nyg_high_DAYS_DECISION_s_app_DAYS_EMPLOYED_mean,106.12349191308022,7,0.6573936074420925,0.6109920404269642
4,f102_nyg_high_DAYS_DECISION_s_app_DAYS_REGISTRATION_min,28.44320011138916,2,0.6573936074420925,0.6109920404269642
4,f102_nyg_high_DAYS_LAST_DUE_1ST_VERSION_s_app_DAYS_EMPLOYED_mean,30.51762056350708,3,0.6573936074420925,0.6109920404269642
4,f102_nyg_high_DAYS_FIRST_DUE_s_app_DAYS_LAST_PHONE_CHANGE_min,139.85906791687012,8,0.6573936074420925,0.6109920404269642
4,f102_nyg_high_DAYS_LAST_DUE_1ST_VERSION_s_app_DAYS_EMPLOYED_max,14.230400085449219,1,0.6573936074420925,0.6109920404269642
4,f102_nyg_high_DAYS_FIRST_DUE_s_app_DAYS_ID_PUBLISH_max,125.80529880523682,6,0.6573936074420925,0.6109920404269642
4,f102_nyg_high_DAYS_LAST_DUE_1ST_VERSION_s_app_DAYS_REGISTRATION_min,46.920170307159424,6,0.6573936074420925,0.6109920404269642
4,f102_nyg_high_DAYS_LAST_DUE_1ST_VERSION_d_app_DAYS_REGISTRATION_min,33.327290534973145,3,0.6573936074420925,0.6109920404269642
4,f102_nyg_high_DAYS_FIRST_DUE_s_app_DAYS_EMPLOYED_mean,15.92786979675293,2,0.6573936074420925,0.6109920404269642
4,f102_nyg_high_DAYS_LAST_DUE_1ST_VERSION_d_app_DAYS_REGISTRATION_max,27.03548002243042,3,0.6573936074420925,0.6109920404269642
4,f102_nyg_high_DAYS_FIRST_DUE_s_app_DAYS_BIRTH_mean,66.51525974273682,5,0.6573936074420925,0.6109920404269642
4,f102_nyg_high_DAYS_LAST_DUE_1ST_VERSION_s_app_DAYS_EMPLOYED_min,19.647809505462646,2,0.6573936074420925,0.6109920404269642
4,f102_nyg_high_DAYS_LAST_DUE_1ST_VERSION_s_app_DAYS_ID_PUBLISH_min,57.34572887420654,3,0.6573936074420925,0.6109920404269642
4,f102_nyg_high_RATE_DOWN_PAYMENT_min,0.0,0,0.6573936074420925,0.6109920404269642
4,f102_nyg_high_DAYS_FIRST_DUE_s_app_DAYS_REGISTRATION_mean,72.03289031982422,7,0.6573936074420925,0.6109920404269642
4,f102_nyg_high_DAYS_LAST_DUE_1ST_VERSION_s_app_DAYS_LAST_PHONE_CHANGE_mean,43.92483997344971,4,0.6573936074420925,0.6109920404269642
4,f102_nyg_high_DAYS_LAST_DUE_1ST_VERSION_s_DAYS_DECISIONS_max,21.36381959915161,3,0.6573936074420925,0.6109920404269642
4,f102_nyg_high_DAYS_LAST_DUE_1ST_VERSION_s_DAYS_DECISIONS_min,98.95600914955139,10,0.6573936074420925,0.6109920404269642
4,f102_nyg_high_DAYS_FIRST_DUE_d_app_DAYS_REGISTRATION_mean,30.09367036819458,4,0.6573936074420925,0.6109920404269642
4,f102_nyg_high_DAYS_FIRST_DUE_s_app_DAYS_ID_PUBLISH_min,25.42936944961548,2,0.6573936074420925,0.6109920404269642
4,f102_nyg_high_AMT_GOODS_PRICE_s_app_AMT_ANNUITY_d_app_AMT_INCOME_TOTAL_diff_max,24.778610229492188,2,0.6573936074420925,0.6109920404269642
4,f102_nyg_high_DAYS_FIRST_DUE_s_app_DAYS_BIRTH_max,42.437679290771484,4,0.6573936074420925,0.6109920404269642
4,f102_nyg_high_RATE_DOWN_PAYMENT_mean,85.02242851257324,4,0.6573936074420925,0.6109920404269642
4,f102_nyg_high_AMT_GOODS_PRICE_s_app_AMT_ANNUITY_pctchange_max,0.0,0,0.6573936074420925,0.6109920404269642
4,f102_nyg_high_DAYS_FIRST_DUE_s_app_DAYS_EMPLOYED_min,21.29599952697754,1,0.6573936074420925,0.6109920404269642
4,f102_nyg_high_DAYS_FIRST_DUE_s_app_DAYS_EMPLOYED_max,16.006470203399658,2,0.6573936074420925,0.6109920404269642
4,f102_nyg_high_DAYS_LAST_DUE_1ST_VERSION_s_app_DAYS_BIRTH_min,7.183020114898682,1,0.6573936074420925,0.6109920404269642
4,f102_nyg_high_DAYS_FIRST_DUE_s_app_DAYS_ID_PUBLISH_mean,89.99139022827148,7,0.6573936074420925,0.6109920404269642
4,f102_nyg_high_DAYS_FIRST_DUE_s_app_DAYS_LAST_PHONE_CHANGE_mean,41.45120048522949,3,0.6573936074420925,0.6109920404269642
4,f102_nyg_high_DAYS_LAST_DUE_1ST_VERSION_s_app_DAYS_REGISTRATION_max,18.39365005493164,2,0.6573936074420925,0.6109920404269642
4,f102_nyg_high_DAYS_FIRST_DUE_s_app_DAYS_REGISTRATION_max,10.689900398254395,1,0.6573936074420925,0.6109920404269642
4,f102_nyg_high_CNT_PAYMENT_min,0.0,0,0.6573936074420925,0.6109920404269642
4,f102_nyg_high_DAYS_TERMINATION_s_DAYS_LAST_DUE_1ST_VERSION_mean,99.2692699432373,10,0.6573936074420925,0.6109920404269642
4,f102_nyg_high_DAYS_LAST_DUE_1ST_VERSION_s_app_DAYS_ID_PUBLISH_mean,37.93959999084473,2,0.6573936074420925,0.6109920404269642
4,f102_nyg_high_RATE_DOWN_PAYMENT_max,0.0,0,0.6573936074420925,0.6109920404269642
4,f102_nyg_high_DAYS_LAST_DUE_s_app_DAYS_ID_PUBLISH_min,144.76172947883606,11,0.6573936074420925,0.6109920404269642
4,f102_nyg_high_DAYS_LAST_DUE_1ST_VERSION_s_app_DAYS_BIRTH_max,25.584279537200928,3,0.6573936074420925,0.6109920404269642
4,f102_nyg_high_DAYS_LAST_DUE_1ST_VERSION_s_DAYS_DECISIONS_mean,45.47749996185303,4,0.6573936074420925,0.6109920404269642
4,f102_nyg_high_DAYS_LAST_DUE_s_app_DAYS_BIRTH_max,76.91539883613586,7,0.6573936074420925,0.6109920404269642
4,f102_nyg_high_DAYS_LAST_DUE_1ST_VERSION_s_app_DAYS_REGISTRATION_mean,24.890910148620605,3,0.6573936074420925,0.6109920404269642
4,f102_nyg_high_DAYS_TERMINATION_d_app_DAYS_ID_PUBLISH_min,171.03917932510376,15,0.6573936074420925,0.6109920404269642
4,f102_nyg_high_DAYS_LAST_DUE_s_app_DAYS_EMPLOYED_min,82.59949016571045,7,0.6573936074420925,0.6109920404269642
4,f102_nyg_high_AMT_GOODS_PRICE_s_app_AMT_GOODS_PRICE_diff_max,2.7623400688171387,1,0.6573936074420925,0.6109920404269642
4,f102_nyg_high_AMT_GOODS_PRICE_s_app_AMT_CREDIT_diff_max,7.494649887084961,1,0.6573936074420925,0.6109920404269642
4,f102_nyg_high_DAYS_TERMINATION_s_DAYS_LAST_DUE_1ST_VERSION_max,89.79215908050537,9,0.6573936074420925,0.6109920404269642
4,f102_nyg_high_total_debt_mean,37.35387992858887,3,0.6573936074420925,0.6109920404269642
4,f102_nyg_high_interest_rate_diff_min,244.27349019050598,19,0.6573936074420925,0.6109920404269642
4,f102_nyg_high_amt_paid_sum,303.3291325569153,17,0.6573936074420925,0.6109920404269642
4,f102_nyg_high_total_debt_max,66.8936996459961,5,0.6573936074420925,0.6109920404269642
4,f102_nyg_high_total_debt_min,21.14550018310547,1,0.6573936074420925,0.6109920404269642
4,f102_nyg_high_interest_rate_diff_max,123.52513980865479,8,0.6573936074420925,0.6109920404269642
4,f102_nyg_high_total_debt_diff_mean,49.68587017059326,5,0.6573936074420925,0.6109920404269642
4,f102_nyg_high_total_debt_pctchange_mean,51.51737976074219,5,0.6573936074420925,0.6109920404269642
4,f102_nyg_high_interest_rate_diff_mean,103.14920043945312,11,0.6573936074420925,0.6109920404269642
4,f102_nyg_low_action_AMT_ANNUITY_s_app_AMT_ANNUITY_d_app_AMT_INCOME_TOTAL_min,98.800950050354,10,0.6573936074420925,0.6109920404269642
4,f102_nyg_high_total_debt_pctchange_max,58.0131311416626,4,0.6573936074420925,0.6109920404269642
4,f102_nyg_high_amt_paid_max,59.60953998565674,5,0.6573936074420925,0.6109920404269642
4,f102_nyg_low_action_DAYS_DECISION_d_app_DAYS_EMPLOYED_max,328.7392780780792,24,0.6573936074420925,0.6109920404269642
4,f102_nyg_high_total_debt_diff_max,45.53464078903198,3,0.6573936074420925,0.6109920404269642
4,f102_nyg_high_completed_mean,0.0,0,0.6573936074420925,0.6109920404269642
4,f102_nyg_high_interest_rate_pctchange_max,102.30640983581543,10,0.6573936074420925,0.6109920404269642
4,f102_nyg_high_amt_paid_min,115.49902153015137,8,0.6573936074420925,0.6109920404269642
4,f102_nyg_low_action_AMT_ANNUITY_d_app_AMT_INCOME_TOTAL_min,36.75387978553772,6,0.6573936074420925,0.6109920404269642
4,f102_nyg_high_interest_rate_pctchange_mean,81.74657964706421,9,0.6573936074420925,0.6109920404269642
4,f102_nyg_low_action_DAYS_DECISION_d_app_DAYS_EMPLOYED_mean,299.80669927597046,23,0.6573936074420925,0.6109920404269642
4,f102_nyg_high_amt_paid_mean,54.51263952255249,5,0.6573936074420925,0.6109920404269642
4,f102_nyg_low_action_DAYS_DECISION_s_app_DAYS_BIRTH_min,94.748459815979,11,0.6573936074420925,0.6109920404269642
4,f102_nyg_low_action_DAYS_DECISION_s_app_DAYS_REGISTRATION_max,103.54966031014919,10,0.6573936074420925,0.6109920404269642
4,f102_nyg_low_action_DAYS_DECISION_s_app_DAYS_LAST_PHONE_CHANGE_min,80.62114012241364,9,0.6573936074420925,0.6109920404269642
4,f102_nyg_low_action_DAYS_DECISION_d_app_DAYS_EMPLOYED_min,233.8796901702881,21,0.6573936074420925,0.6109920404269642
4,f102_nyg_low_action_DAYS_DECISION_s_app_DAYS_LAST_PHONE_CHANGE_max,64.15059089660645,8,0.6573936074420925,0.6109920404269642
4,f102_nyg_low_action_DAYS_DECISION_s_app_DAYS_ID_PUBLISH_mean,69.68843972682953,11,0.6573936074420925,0.6109920404269642
4,f102_nyg_high_interest_rate_pctchange_min,155.15902042388916,10,0.6573936074420925,0.6109920404269642
4,f102_nyg_low_action_DAYS_DECISION_s_app_DAYS_EMPLOYED_min,43.10754919052124,5,0.6573936074420925,0.6109920404269642
4,f102_nyg_high_cnt_paid_sum,11.401200294494629,1,0.6573936074420925,0.6109920404269642
4,f102_nyg_low_action_DAYS_DECISION_s_app_DAYS_BIRTH_mean,30.38621950149536,4,0.6573936074420925,0.6109920404269642
4,f102_nyg_low_action_AMT_GOODS_PRICE_d_total_debt_max,257.39071357250214,23,0.6573936074420925,0.6109920404269642
4,f102_nyg_low_action_DAYS_DECISION_s_app_DAYS_ID_PUBLISH_max,84.24292993545532,12,0.6573936074420925,0.6109920404269642
4,f102_nyg_low_action_AMT_GOODS_PRICE_d_total_debt_diff_min,168.46220874786377,18,0.6573936074420925,0.6109920404269642
4,f102_nyg_low_action_DAYS_DECISION_s_app_DAYS_REGISTRATION_mean,103.50037908554077,8,0.6573936074420925,0.6109920404269642
4,f102_nyg_high_amt_unpaid_min,17.972829818725586,2,0.6573936074420925,0.6109920404269642
4,f102_nyg_low_action_DAYS_DECISION_s_app_DAYS_ID_PUBLISH_min,7.3165202140808105,1,0.6573936074420925,0.6109920404269642
4,f102_nyg_low_action_DAYS_DECISION_s_app_DAYS_EMPLOYED_max,75.00344955921173,9,0.6573936074420925,0.6109920404269642
4,f102_nyg_high_amt_unpaid_mean,6.821169853210449,1,0.6573936074420925,0.6109920404269642
4,f102_nyg_high_interest_rate_std_div_mean,165.90416049957275,12,0.6573936074420925,0.6109920404269642
4,f102_nyg_low_action_DAYS_DECISION_s_app_DAYS_EMPLOYED_mean,79.16023015975952,7,0.6573936074420925,0.6109920404269642
4,f102_nyg_high_amt_unpaid_sum,9.590689659118652,1,0.6573936074420925,0.6109920404269642
4,f102_nyg_low_action_AMT_CREDIT_d_total_debt_max,209.3802101612091,20,0.6573936074420925,0.6109920404269642
4,f102_nyg_high_total_debt_std_div_mean,103.53585147857666,7,0.6573936074420925,0.6109920404269642
4,f102_nyg_low_action_AMT_ANNUITY_min,39.52619957923889,7,0.6573936074420925,0.6109920404269642
4,f102_nyg_low_action_AMT_ANNUITY_max,107.52239529415965,12,0.6573936074420925,0.6109920404269642
4,f102_nyg_low_action_AMT_CREDIT_d_AMT_ANNUITY_diff_min,15.871320128440857,5,0.6573936074420925,0.6109920404269642
4,f102_nyg_low_action_AMT_CREDIT_d_total_debt_diff_max,6.853789806365967,1,0.6573936074420925,0.6109920404269642
4,f102_nyg_low_action_AMT_CREDIT_d_AMT_ANNUITY_min,23.09046959877014,4,0.6573936074420925,0.6109920404269642
4,f102_nyg_high_interest_rate_diff_std,113.91479969024658,8,0.6573936074420925,0.6109920404269642
4,f102_nyg_low_action_AMT_GOODS_PRICE_d_total_debt_min,74.70436906814575,8,0.6573936074420925,0.6109920404269642
4,f102_nyg_low_action_DAYS_DECISION_s_app_DAYS_LAST_PHONE_CHANGE_mean,61.01169991493225,6,0.6573936074420925,0.6109920404269642
4,f102_nyg_low_action_AMT_APPLICATION_m_app_AMT_GOODS_PRICE_d_app_AMT_INCOME_TOTAL_max,102.79576015472412,9,0.6573936074420925,0.6109920404269642
4,f102_nyg_low_action_AMT_CREDIT_d_total_debt_mean,280.3745069503784,25,0.6573936074420925,0.6109920404269642
4,f102_nyg_low_action_DAYS_DECISION_s_app_DAYS_BIRTH_max,16.6071298122406,3,0.6573936074420925,0.6109920404269642
4,f102_nyg_low_action_AMT_GOODS_PRICE_d_AMT_ANNUITY_diff_max,54.378790855407715,6,0.6573936074420925,0.6109920404269642
4,f102_nyg_high_total_debt_std,94.7645492553711,7,0.6573936074420925,0.6109920404269642
4,f102_nyg_low_action_AMT_ANNUITY_s_app_AMT_GOODS_PRICE_min,26.109300136566162,4,0.6573936074420925,0.6109920404269642
4,f102_nyg_low_action_AMT_GOODS_PRICE_d_AMT_ANNUITY_diff_min,26.845600485801697,4,0.6573936074420925,0.6109920404269642
4,f102_nyg_low_action_AMT_ANNUITY_s_app_AMT_GOODS_PRICE_max,19.260635435581207,3,0.6573936074420925,0.6109920404269642
4,f102_nyg_low_action_AMT_CREDIT_d_app_AMT_INCOME_TOTAL_max,24.738591581583023,4,0.6573936074420925,0.6109920404269642
4,f102_nyg_low_action_AMT_ANNUITY_s_app_AMT_GOODS_PRICE_mean,59.205509662628174,7,0.6573936074420925,0.6109920404269642
4,f102_nyg_low_action_AMT_ANNUITY_mean,34.106099367141724,6,0.6573936074420925,0.6109920404269642
4,f102_nyg_low_action_AMT_GOODS_PRICE_d_AMT_ANNUITY_min,19.353639602661133,2,0.6573936074420925,0.6109920404269642
4,f102_nyg_low_action_DAYS_DECISION_s_app_DAYS_REGISTRATION_min,95.37392020225525,12,0.6573936074420925,0.6109920404269642
4,f102_nyg_low_action_AMT_ANNUITY_s_app_AMT_CREDIT_max,29.090630531311035,3,0.6573936074420925,0.6109920404269642
4,f102_nyg_low_action_AMT_APPLICATION_s_app_AMT_ANNUITY_d_app_AMT_INCOME_TOTAL_max,29.618509769439697,4,0.6573936074420925,0.6109920404269642
4,f102_nyg_low_action_AMT_ANNUITY_s_app_AMT_CREDIT_mean,58.652390480041504,6,0.6573936074420925,0.6109920404269642
4,f102_nyg_low_action_AMT_CREDIT_d_total_debt_pctchange_max,41.268064469099045,9,0.6573936074420925,0.6109920404269642
4,f102_nyg_high_interest_rate_pctchange_std_div_mean,138.6422700881958,9,0.6573936074420925,0.6109920404269642
4,f102_nyg_low_action_AMT_CREDIT_s_app_AMT_ANNUITY_d_app_AMT_INCOME_TOTAL_max,25.75704002380371,3,0.6573936074420925,0.6109920404269642
4,f102_nyg_low_action_AMT_GOODS_PRICE_d_AMT_ANNUITY_diff_mean,12.39490032196045,1,0.6573936074420925,0.6109920404269642
4,f102_nyg_low_action_AMT_CREDIT_d_AMT_APPLICATION_max,134.69572973251343,10,0.6573936074420925,0.6109920404269642
4,f102_nyg_low_action_AMT_CREDIT_d_AMT_ANNUITY_max,40.26340037584305,4,0.6573936074420925,0.6109920404269642
4,f102_nyg_low_action_AMT_GOODS_PRICE_d_AMT_ANNUITY_mean,36.6351900100708,4,0.6573936074420925,0.6109920404269642
4,f102_nyg_low_action_AMT_GOODS_PRICE_d_total_debt_mean,188.6436493396759,15,0.6573936074420925,0.6109920404269642
4,f102_nyg_low_action_AMT_CREDIT_m_app_AMT_GOODS_PRICE_d_app_AMT_INCOME_TOTAL_max,39.71701955795288,6,0.6573936074420925,0.6109920404269642
4,f102_nyg_low_action_AMT_CREDIT_d_total_debt_min,92.36648988723755,9,0.6573936074420925,0.6109920404269642
4,f102_nyg_low_action_AMT_CREDIT_d_AMT_APPLICATION_min,283.18556129932404,22,0.6573936074420925,0.6109920404269642
4,f102_nyg_high_amt_unpaid_max,12.910099983215332,1,0.6573936074420925,0.6109920404269642
4,f102_nyg_low_action_AMT_APPLICATION_d_app_AMT_INCOME_TOTAL_max,45.36582946777344,4,0.6573936074420925,0.6109920404269642
4,f102_nyg_low_action_AMT_CREDIT_d_app_AMT_GOODS_PRICE_min,43.24696530029178,7,0.6573936074420925,0.6109920404269642
4,f102_nyg_high_cnt_paid_ratio_max,65.14400005340576,4,0.6573936074420925,0.6109920404269642
4,f102_nyg_low_action_AMT_CREDIT_d_app_AMT_ANNUITY_pctchange_min,46.36329820752144,9,0.6573936074420925,0.6109920404269642
4,f102_nyg_low_action_AMT_GOODS_PRICE_d_AMT_ANNUITY_max,34.84406924247742,5,0.6573936074420925,0.6109920404269642
4,f102_nyg_high_cnt_paid_ratio_min,0.0,0,0.6573936074420925,0.6109920404269642
4,f102_nyg_low_action_AMT_APPLICATION_s_app_AMT_CREDIT_d_app_AMT_INCOME_TOTAL_max,53.50755953788757,7,0.6573936074420925,0.6109920404269642
4,f102_nyg_low_action_AMT_CREDIT_d_app_AMT_ANNUITY_pctchange_mean,146.85280966758728,18,0.6573936074420925,0.6109920404269642
4,f102_nyg_low_action_AMT_CREDIT_d_AMT_ANNUITY_mean,23.727299690246582,2,0.6573936074420925,0.6109920404269642
4,f102_nyg_high_cnt_unpaid_max,0.0,0,0.6573936074420925,0.6109920404269642
4,f102_nyg_low_action_AMT_CREDIT_d_total_debt_diff_mean,59.60219120979309,7,0.6573936074420925,0.6109920404269642
4,f102_nyg_low_action_AMT_ANNUITY_s_app_AMT_CREDIT_min,40.74591088294983,4,0.6573936074420925,0.6109920404269642
4,f102_nyg_high_WEEKDAY_APPR_PROCESS_START_FRIDAY_mean,54.952500343322754,4,0.6573936074420925,0.6109920404269642
4,f102_nyg_high_cnt_unpaid_min,8.357970237731934,1,0.6573936074420925,0.6109920404269642
4,f102_nyg_high_cnt_unpaid_mean,31.130109786987305,3,0.6573936074420925,0.6109920404269642
4,f102_nyg_low_action_AMT_CREDIT_s_app_AMT_CREDIT_d_app_AMT_INCOME_TOTAL_max,38.7406907081604,4,0.6573936074420925,0.6109920404269642
4,f102_nyg_low_normal_DAYS_DECISION_s_app_DAYS_LAST_PHONE_CHANGE_min,1525.4734808206558,116,0.6573936074420925,0.6109920404269642
4,f102_nyg_low_normal_DAYS_DECISION_s_app_DAYS_ID_PUBLISH_max,1360.5460822582245,98,0.6573936074420925,0.6109920404269642
4,f102_nyg_low_normal_DAYS_DECISION_s_app_DAYS_LAST_PHONE_CHANGE_mean,1417.816038608551,100,0.6573936074420925,0.6109920404269642
4,f102_nyg_low_normal_AMT_CREDIT_d_total_debt_pctchange_mean,869.2925211787224,85,0.6573936074420925,0.6109920404269642
4,f102_nyg_low_normal_DAYS_DECISION_s_app_DAYS_ID_PUBLISH_min,1187.2069870233536,94,0.6573936074420925,0.6109920404269642
4,f102_nyg_low_normal_DAYS_DECISION_s_app_DAYS_BIRTH_mean,591.3478227555752,57,0.6573936074420925,0.6109920404269642
4,f102_nyg_low_normal_DAYS_DECISION_s_app_DAYS_BIRTH_min,622.2130582332611,52,0.6573936074420925,0.6109920404269642
4,f102_nyg_low_normal_AMT_CREDIT_d_total_debt_pctchange_max,786.5173804759979,84,0.6573936074420925,0.6109920404269642
4,f102_nyg_low_normal_DAYS_DECISION_s_app_DAYS_EMPLOYED_max,629.4182410240173,56,0.6573936074420925,0.6109920404269642
4,f102_nyg_low_normal_DAYS_DECISION_s_app_DAYS_EMPLOYED_min,688.1507892608643,62,0.6573936074420925,0.6109920404269642
4,f102_nyg_low_normal_DAYS_DECISION_s_app_DAYS_BIRTH_max,556.4488308429718,48,0.6573936074420925,0.6109920404269642
4,f102_nyg_low_normal_AMT_ANNUITY_d_app_AMT_INCOME_TOTAL_min,359.3551073074341,44,0.6573936074420925,0.6109920404269642
4,f102_nyg_low_normal_AMT_ANNUITY_s_app_AMT_ANNUITY_d_app_AMT_INCOME_TOTAL_min,669.8050315380096,51,0.6573936074420925,0.6109920404269642
4,f102_nyg_low_normal_AMT_ANNUITY_d_app_AMT_INCOME_TOTAL_mean,225.73903155326843,31,0.6573936074420925,0.6109920404269642
4,f102_nyg_low_normal_AMT_ANNUITY_min,440.70075380802155,50,0.6573936074420925,0.6109920404269642
4,f102_nyg_low_normal_AMT_GOODS_PRICE_d_total_debt_max,733.8505482673645,62,0.6573936074420925,0.6109920404269642
4,f102_nyg_low_normal_DAYS_DECISION_s_app_DAYS_EMPLOYED_mean,446.74799144268036,42,0.6573936074420925,0.6109920404269642
4,f102_nyg_low_normal_AMT_GOODS_PRICE_d_total_debt_mean,1257.4868397712708,70,0.6573936074420925,0.6109920404269642
4,f102_nyg_low_normal_AMT_ANNUITY_max,319.77681064605713,32,0.6573936074420925,0.6109920404269642
4,f102_nyg_low_normal_AMT_ANNUITY_s_app_AMT_GOODS_PRICE_min,1622.2644872665405,117,0.6573936074420925,0.6109920404269642
4,f102_nyg_low_action_interest_rate_diff_min,112.06899034976959,18,0.6573936074420925,0.6109920404269642
4,f102_nyg_low_normal_AMT_ANNUITY_s_app_AMT_GOODS_PRICE_max,1107.544457912445,78,0.6573936074420925,0.6109920404269642
4,f102_nyg_low_normal_AMT_ANNUITY_mean,298.4844576716423,33,0.6573936074420925,0.6109920404269642
4,f102_nyg_low_normal_AMT_CREDIT_d_total_debt_max,437.5400695204735,41,0.6573936074420925,0.6109920404269642
4,f102_nyg_low_normal_AMT_CREDIT_d_total_debt_mean,909.05748462677,70,0.6573936074420925,0.6109920404269642
4,f102_nyg_low_normal_AMT_ANNUITY_s_app_AMT_GOODS_PRICE_mean,988.9783840179443,64,0.6573936074420925,0.6109920404269642
4,f102_nyg_low_normal_AMT_ANNUITY_s_app_AMT_ANNUITY_min,643.3314783573151,43,0.6573936074420925,0.6109920404269642
4,f102_nyg_low_normal_AMT_ANNUITY_s_app_AMT_ANNUITY_mean,376.18627858161926,28,0.6573936074420925,0.6109920404269642
4,f102_nyg_low_normal_AMT_GOODS_PRICE_d_total_debt_min,1948.8183015584946,108,0.6573936074420925,0.6109920404269642
4,f102_nyg_low_normal_AMT_ANNUITY_s_app_AMT_CREDIT_min,568.7932922840118,44,0.6573936074420925,0.6109920404269642
4,f102_nyg_low_normal_AMT_ANNUITY_d_app_AMT_ANNUITY_min,380.0924084186554,34,0.6573936074420925,0.6109920404269642
4,f102_nyg_low_normal_AMT_ANNUITY_s_app_AMT_ANNUITY_max,314.9428803920746,29,0.6573936074420925,0.6109920404269642
4,f102_nyg_low_normal_AMT_CREDIT_d_total_debt_min,625.4376306533813,51,0.6573936074420925,0.6109920404269642
4,f102_nyg_low_normal_AMT_ANNUITY_d_app_AMT_CREDIT_min,345.94340991973877,31,0.6573936074420925,0.6109920404269642
4,f102_nyg_low_normal_AMT_ANNUITY_s_app_AMT_ANNUITY_d_app_AMT_INCOME_TOTAL_mean,457.1841299533844,32,0.6573936074420925,0.6109920404269642
4,f102_nyg_low_normal_AMT_ANNUITY_s_app_AMT_ANNUITY_d_app_AMT_INCOME_TOTAL_max,676.7012112140656,57,0.6573936074420925,0.6109920404269642
4,f102_nyg_low_normal_AMT_CREDIT_d_AMT_ANNUITY_min,570.5484063625336,57,0.6573936074420925,0.6109920404269642
4,f102_nyg_low_normal_AMT_ANNUITY_s_app_AMT_CREDIT_max,470.6424823999405,33,0.6573936074420925,0.6109920404269642
4,f102_nyg_low_normal_AMT_ANNUITY_d_app_AMT_CREDIT_max,227.48529015481472,28,0.6573936074420925,0.6109920404269642
4,f102_nyg_low_normal_AMT_CREDIT_d_AMT_ANNUITY_max,790.5202505588531,70,0.6573936074420925,0.6109920404269642
4,f102_nyg_low_normal_AMT_ANNUITY_d_app_AMT_ANNUITY_max,241.7461416721344,22,0.6573936074420925,0.6109920404269642
4,f102_nyg_low_normal_AMT_ANNUITY_d_app_AMT_CREDIT_mean,199.86959052085876,21,0.6573936074420925,0.6109920404269642
4,f102_nyg_low_normal_AMT_CREDIT_s_app_AMT_CREDIT_d_app_AMT_INCOME_TOTAL_mean,521.90380859375,49,0.6573936074420925,0.6109920404269642
4,f102_nyg_low_normal_AMT_GOODS_PRICE_d_AMT_CREDIT_mean,1247.3631401062012,89,0.6573936074420925,0.6109920404269642
4,f102_nyg_low_normal_AMT_ANNUITY_s_app_AMT_CREDIT_mean,586.0864682197571,43,0.6573936074420925,0.6109920404269642
4,f102_nyg_low_normal_AMT_GOODS_PRICE_d_AMT_ANNUITY_max,414.22093856334686,45,0.6573936074420925,0.6109920404269642
4,f102_nyg_low_normal_AMT_CREDIT_d_AMT_APPLICATION_max,726.0431839227676,60,0.6573936074420925,0.6109920404269642
4,f102_nyg_low_normal_AMT_CREDIT_s_app_AMT_CREDIT_d_app_AMT_INCOME_TOTAL_max,354.4212098121643,34,0.6573936074420925,0.6109920404269642
4,f102_nyg_low_normal_AMT_ANNUITY_d_app_AMT_ANNUITY_mean,182.1781702041626,13,0.6573936074420925,0.6109920404269642
4,f102_nyg_low_normal_AMT_GOODS_PRICE_d_AMT_ANNUITY_min,165.39322876930237,20,0.6573936074420925,0.6109920404269642
4,f102_nyg_low_normal_AMT_CREDIT_m_app_AMT_GOODS_PRICE_d_app_AMT_INCOME_TOTAL_min,491.47106201946735,45,0.6573936074420925,0.6109920404269642
5,f102_nyg_low_normal_AMT_CREDIT_s_app_AMT_GOODS_PRICE_mean,300.4782044887543,24,0.6453280009945745,0.6006412579242163
5,f102_nyg_low_normal_AMT_CREDIT_d_AMT_APPLICATION_mean,1996.17343211174,82,0.6453280009945745,0.6006412579242163
5,f102_nyg_low_normal_AMT_CREDIT_s_app_AMT_GOODS_PRICE_min,463.3485760688782,35,0.6453280009945745,0.6006412579242163
5,f102_nyg_low_normal_AMT_CREDIT_d_app_AMT_INCOME_TOTAL_mean,166.63626170158386,15,0.6453280009945745,0.6006412579242163
5,f102_nyg_low_normal_AMT_CREDIT_d_AMT_ANNUITY_mean,555.1121697425842,44,0.6453280009945745,0.6006412579242163
5,f102_nyg_low_normal_AMT_CREDIT_d_app_AMT_INCOME_TOTAL_max,233.82041108608246,22,0.6453280009945745,0.6006412579242163
5,f102_nyg_low_normal_AMT_CREDIT_s_app_AMT_CREDIT_min,276.7539097070694,26,0.6453280009945745,0.6006412579242163
5,f102_nyg_low_normal_AMT_CREDIT_s_app_AMT_ANNUITY_d_app_AMT_INCOME_TOTAL_max,447.4804606437683,38,0.6453280009945745,0.6006412579242163
5,f102_nyg_low_normal_AMT_CREDIT_s_app_AMT_ANNUITY_d_app_AMT_INCOME_TOTAL_mean,317.86131286621094,33,0.6453280009945745,0.6006412579242163
5,f102_nyg_low_normal_AMT_GOODS_PRICE_d_AMT_ANNUITY_mean,464.06263979524374,46,0.6453280009945745,0.6006412579242163
5,f102_nyg_low_normal_AMT_CREDIT_m_app_AMT_GOODS_PRICE_d_app_AMT_INCOME_TOTAL_mean,112.82373470067978,13,0.6453280009945745,0.6006412579242163
5,f102_nyg_low_normal_AMT_CREDIT_m_app_AMT_GOODS_PRICE_d_app_AMT_INCOME_TOTAL_max,135.2054499387741,16,0.6453280009945745,0.6006412579242163
5,f102_nyg_low_normal_DAYS_DECISION_d_app_DAYS_LAST_PHONE_CHANGE_std,55.73123002052307,7,0.6453280009945745,0.6006412579242163
5,f102_nyg_low_normal_AMT_CREDIT_s_app_AMT_CREDIT_max,197.20282196998596,21,0.6453280009945745,0.6006412579242163
5,f102_nyg_low_normal_AMT_CREDIT_d_AMT_APPLICATION_min,1137.60560297966,60,0.6453280009945745,0.6006412579242163
5,f102_nyg_low_action_DAYS_LAST_DUE_1ST_VERSION_d_app_DAYS_EMPLOYED_max,1110.2563718259335,58,0.6453280009945745,0.6006412579242163
5,f102_nyg_low_normal_AMT_APPLICATION_s_app_AMT_CREDIT_min,244.9385917186737,24,0.6453280009945745,0.6006412579242163
5,f102_nyg_low_action_total_debt_min,659.9111651331186,46,0.6453280009945745,0.6006412579242163
5,f102_nyg_low_normal_AMT_APPLICATION_m_app_AMT_GOODS_PRICE_d_app_AMT_INCOME_TOTAL_max,94.20605075359344,11,0.6453280009945745,0.6006412579242163
5,f102_nyg_low_normal_AMT_GOODS_PRICE_d_AMT_CREDIT_min,1094.608725309372,80,0.6453280009945745,0.6006412579242163
5,f102_nyg_low_normal_AMT_CREDIT_s_app_AMT_GOODS_PRICE_max,122.7503490447998,13,0.6453280009945745,0.6006412579242163
5,f102_nyg_low_normal_AMT_APPLICATION_m_app_AMT_GOODS_PRICE_d_app_AMT_INCOME_TOTAL_mean,95.85283088684082,9,0.6453280009945745,0.6006412579242163
5,f102_nyg_low_normal_CODE_REJECT_REASON_XAP_mean,0.0,0,0.6453280009945745,0.6006412579242163
5,f102_nyg_low_normal_AMT_APPLICATION_s_app_AMT_GOODS_PRICE_min,273.9482989311218,21,0.6453280009945745,0.6006412579242163
5,f102_nyg_low_action_DAYS_LAST_DUE_1ST_VERSION_d_app_DAYS_EMPLOYED_mean,645.4606407508254,45,0.6453280009945745,0.6006412579242163
5,f102_nyg_low_normal_DAYS_DECISION_d_app_DAYS_EMPLOYED_std,49.629369258880615,4,0.6453280009945745,0.6006412579242163
5,f102_nyg_low_normal_AMT_APPLICATION_s_app_AMT_CREDIT_max,98.49435091018677,9,0.6453280009945745,0.6006412579242163
5,f102_nyg_low_normal_AMT_ANNUITY_s_app_AMT_ANNUITY_d_app_AMT_INCOME_TOTAL_pctchange_max_div_min,86.04636085033417,10,0.6453280009945745,0.6006412579242163
5,f102_nyg_low_action_DAYS_LAST_DUE_1ST_VERSION_d_app_DAYS_EMPLOYED_min,298.6167474389076,32,0.6453280009945745,0.6006412579242163
5,f102_nyg_low_normal_AMT_APPLICATION_s_app_AMT_GOODS_PRICE_max,157.6452603340149,13,0.6453280009945745,0.6006412579242163
5,f102_nyg_low_action_total_debt_max,139.4784801006317,18,0.6453280009945745,0.6006412579242163
5,f102_nyg_low_action_total_debt_pctchange_mean,296.59908840060234,27,0.6453280009945745,0.6006412579242163
5,f102_nyg_low_normal_AMT_APPLICATION_m_app_AMT_GOODS_PRICE_d_app_AMT_INCOME_TOTAL_min,174.08593916893005,18,0.6453280009945745,0.6006412579242163
5,f102_nyg_low_action_DAYS_FIRST_DUE_d_app_DAYS_EMPLOYED_mean,730.4655741453171,49,0.6453280009945745,0.6006412579242163
5,f102_nyg_low_normal_AMT_APPLICATION_s_app_AMT_GOODS_PRICE_mean,185.33047103881836,14,0.6453280009945745,0.6006412579242163
5,f102_nyg_low_normal_AMT_GOODS_PRICE_d_AMT_CREDIT_max,756.7649552822113,34,0.6453280009945745,0.6006412579242163
5,f102_nyg_low_action_total_debt_pctchange_max,272.92567813396454,27,0.6453280009945745,0.6006412579242163
5,f102_nyg_low_normal_AMT_CREDIT_s_app_AMT_CREDIT_mean,168.87378096580505,13,0.6453280009945745,0.6006412579242163
5,f102_nyg_low_action_total_debt_pctchange_min,107.77745044231415,19,0.6453280009945745,0.6006412579242163
5,f102_nyg_low_normal_DAYS_DECISION_d_app_DAYS_BIRTH_std_div_mean,64.8484206199646,5,0.6453280009945745,0.6006412579242163
5,f102_nyg_low_normal_AMT_GOODS_PRICE_d_total_debt_std,106.15679979324341,12,0.6453280009945745,0.6006412579242163
5,f102_nyg_low_normal_AMT_ANNUITY_s_app_AMT_ANNUITY_std,47.358909130096436,4,0.6453280009945745,0.6006412579242163
5,f102_nyg_low_action_DAYS_FIRST_DUE_d_app_DAYS_EMPLOYED_min,474.2673364877701,28,0.6453280009945745,0.6006412579242163
5,f102_nyg_low_action_total_debt_mean,491.3607032895088,34,0.6453280009945745,0.6006412579242163
5,f102_nyg_low_normal_AMT_CREDIT_d_AMT_ANNUITY_std_div_mean,74.23101949691772,7,0.6453280009945745,0.6006412579242163
5,f102_nyg_low_action_DAYS_LAST_DUE_1ST_VERSION_s_app_DAYS_LAST_PHONE_CHANGE_max,204.84151947498322,27,0.6453280009945745,0.6006412579242163
5,f102_nyg_low_normal_AMT_GOODS_PRICE_d_AMT_ANNUITY_std_div_mean,88.65090894699097,7,0.6453280009945745,0.6006412579242163
5,f102_nyg_low_normal_AMT_APPLICATION_s_app_AMT_CREDIT_mean,213.1030592918396,18,0.6453280009945745,0.6006412579242163
5,f102_nyg_low_normal_DAYS_DECISION_s_app_DAYS_ID_PUBLISH_mean,1338.376892566681,80,0.6453280009945745,0.6006412579242163
5,f102_nyg_low_action_DAYS_FIRST_DUE_d_app_DAYS_EMPLOYED_max,1363.7823889181018,53,0.6453280009945745,0.6006412579242163
5,f102_nyg_low_normal_CODE_REJECT_REASON_HC_mean,22.460580348968506,3,0.6453280009945745,0.6006412579242163
5,f102_nyg_low_normal_AMT_CREDIT_s_app_AMT_INCOME_TOTAL_pctchange_std,43.034770488739014,4,0.6453280009945745,0.6006412579242163
5,f102_nyg_low_action_DAYS_FIRST_DUE_s_app_DAYS_ID_PUBLISH_mean,68.39889746904373,16,0.6453280009945745,0.6006412579242163
5,f102_nyg_middle_AMT_ANNUITY_d_app_AMT_ANNUITY_min,623.7794880867004,45,0.6453280009945745,0.6006412579242163
5,f102_nyg_low_normal_interest_rate_diff_mean,835.3376826047897,72,0.6453280009945745,0.6006412579242163
5,f102_nyg_low_normal_DAYS_DECISION_s_app_DAYS_LAST_PHONE_CHANGE_max,1273.8353490829468,71,0.6453280009945745,0.6006412579242163
5,f102_nyg_middle_AMT_ANNUITY_s_app_AMT_ANNUITY_d_app_AMT_INCOME_TOTAL_mean,1174.8442133665085,80,0.6453280009945745,0.6006412579242163
5,f102_nyg_middle_AMT_ANNUITY_s_app_AMT_ANNUITY_d_app_AMT_INCOME_TOTAL_min,1698.0558650493622,98,0.6453280009945745,0.6006412579242163
5,f102_nyg_low_normal_interest_rate_diff_min,646.9149894416332,61,0.6453280009945745,0.6006412579242163
5,f102_nyg_middle_AMT_ANNUITY_d_app_AMT_ANNUITY_pctchange_max,143.9639692902565,18,0.6453280009945745,0.6006412579242163
5,f102_nyg_low_normal_interest_rate_pctchange_mean,468.28057062625885,47,0.6453280009945745,0.6006412579242163
5,f102_nyg_middle_AMT_ANNUITY_s_app_AMT_GOODS_PRICE_max,449.64719009399414,30,0.6453280009945745,0.6006412579242163
5,f102_nyg_middle_AMT_ANNUITY_s_app_AMT_GOODS_PRICE_min,678.8357331752777,43,0.6453280009945745,0.6006412579242163
5,f102_nyg_low_normal_total_debt_max,432.8199347257614,38,0.6453280009945745,0.6006412579242163
5,f102_nyg_low_normal_total_debt_min,389.6086709499359,33,0.6453280009945745,0.6006412579242163
5,f102_nyg_middle_AMT_ANNUITY_s_app_AMT_GOODS_PRICE_mean,363.0789260864258,22,0.6453280009945745,0.6006412579242163
5,f102_nyg_middle_AMT_APPLICATION_d_app_AMT_INCOME_TOTAL_min,230.2718493938446,24,0.6453280009945745,0.6006412579242163
5,f102_nyg_low_normal_HOUR_APPR_PROCESS_START_mean,424.72802889347076,33,0.6453280009945745,0.6006412579242163
5,f102_nyg_middle_AMT_ANNUITY_s_app_AMT_CREDIT_max,273.72519159317017,20,0.6453280009945745,0.6006412579242163
5,f102_nyg_low_normal_DAYS_DECISION_s_app_DAYS_REGISTRATION_mean,498.4421617984772,39,0.6453280009945745,0.6006412579242163
5,f102_nyg_middle_AMT_ANNUITY_s_app_AMT_CREDIT_mean,284.16317081451416,22,0.6453280009945745,0.6006412579242163
5,f102_nyg_low_normal_DAYS_DECISION_s_app_DAYS_REGISTRATION_min,735.3280229568481,41,0.6453280009945745,0.6006412579242163
5,f102_nyg_low_normal_DAYS_LAST_DUE_1ST_VERSION_d_app_DAYS_BIRTH_max,465.40886418521404,45,0.6453280009945745,0.6006412579242163
5,f102_nyg_low_normal_DAYS_LAST_DUE_1ST_VERSION_d_app_DAYS_EMPLOYED_mean,1824.868929862976,69,0.6453280009945745,0.6006412579242163
5,f102_nyg_low_normal_DAYS_FIRST_DUE_s_app_DAYS_LAST_PHONE_CHANGE_min,641.260971903801,38,0.6453280009945745,0.6006412579242163
5,f102_nyg_low_normal_total_debt_mean,370.1182279586792,28,0.6453280009945745,0.6006412579242163
5,f102_nyg_middle_AMT_ANNUITY_s_app_AMT_INCOME_TOTAL_min,178.67762434482574,20,0.6453280009945745,0.6006412579242163
5,f102_nyg_middle_AMT_ANNUITY_s_app_AMT_INCOME_TOTAL_max,161.56541168689728,16,0.6453280009945745,0.6006412579242163
5,f102_nyg_low_normal_amt_paid_max,592.0331423282623,46,0.6453280009945745,0.6006412579242163
5,f102_nyg_low_normal_DAYS_LAST_DUE_1ST_VERSION_d_app_DAYS_EMPLOYED_min,1514.1605978012085,63,0.6453280009945745,0.6006412579242163
5,f102_nyg_low_normal_DAYS_LAST_DUE_1ST_VERSION_d_app_DAYS_BIRTH_min,1077.00612282753,65,0.6453280009945745,0.6006412579242163
5,f102_nyg_low_normal_interest_rate_std_div_mean,180.7088303565979,14,0.6453280009945745,0.6006412579242163
5,f102_nyg_low_normal_amt_paid_min,292.21014595776796,29,0.6453280009945745,0.6006412579242163
5,f102_nyg_low_normal_DAYS_LAST_DUE_1ST_VERSION_d_app_DAYS_EMPLOYED_max,292.33693397045135,21,0.6453280009945745,0.6006412579242163
5,f102_nyg_low_normal_interest_rate_pctchange_min,290.17479944229126,29,0.6453280009945745,0.6006412579242163
5,f102_nyg_middle_AMT_APPLICATION_max,151.09123039245605,10,0.6453280009945745,0.6006412579242163
5,f102_nyg_middle_AMT_ANNUITY_s_app_AMT_INCOME_TOTAL_mean,97.40841126441956,10,0.6453280009945745,0.6006412579242163
5,f102_nyg_middle_AMT_APPLICATION_d_app_AMT_GOODS_PRICE_min,52.55639886856079,5,0.6453280009945745,0.6006412579242163
5,f102_nyg_middle_AMT_APPLICATION_m_app_AMT_GOODS_PRICE_d_app_AMT_INCOME_TOTAL_min,64.38194990158081,5,0.6453280009945745,0.6006412579242163
5,f102_nyg_low_normal_DAYS_DECISION_s_app_DAYS_REGISTRATION_max,529.1717510223389,35,0.6453280009945745,0.6006412579242163
5,f102_nyg_middle_AMT_APPLICATION_s_app_AMT_ANNUITY_max,402.3454236984253,24,0.6453280009945745,0.6006412579242163
5,f102_nyg_middle_AMT_ANNUITY_m_app_AMT_GOODS_PRICE_d_app_AMT_INCOME_TOTAL_min,232.94675028324127,17,0.6453280009945745,0.6006412579242163
5,f102_nyg_middle_AMT_APPLICATION_s_app_AMT_ANNUITY_mean,171.52450942993164,12,0.6453280009945745,0.6006412579242163
5,f102_nyg_low_normal_DAYS_FIRST_DUE_s_app_DAYS_EMPLOYED_min,597.09011054039,41,0.6453280009945745,0.6006412579242163
5,f102_nyg_low_normal_DAYS_FIRST_DUE_s_app_DAYS_LAST_PHONE_CHANGE_mean,560.2575151920319,31,0.6453280009945745,0.6006412579242163
5,f102_nyg_low_normal_DAYS_FIRST_DUE_s_app_DAYS_EMPLOYED_max,679.2920120060444,49,0.6453280009945745,0.6006412579242163
5,f102_nyg_low_normal_amt_paid_sum,468.34575152397156,46,0.6453280009945745,0.6006412579242163
5,f102_nyg_middle_AMT_APPLICATION_d_app_AMT_INCOME_TOTAL_max,112.41195964813232,9,0.6453280009945745,0.6006412579242163
5,f102_nyg_middle_AMT_ANNUITY_s_app_AMT_CREDIT_min,230.99773979187012,18,0.6453280009945745,0.6006412579242163
5,f102_nyg_middle_AMT_APPLICATION_mean,48.909850120544434,5,0.6453280009945745,0.6006412579242163
5,f102_nyg_middle_AMT_APPLICATION_m_app_AMT_GOODS_PRICE_d_app_AMT_INCOME_TOTAL_mean,67.45223951339722,4,0.6453280009945745,0.6006412579242163
5,f102_nyg_low_normal_amt_paid_mean,515.679083108902,45,0.6453280009945745,0.6006412579242163
5,f102_nyg_middle_AMT_APPLICATION_m_app_AMT_GOODS_PRICE_d_app_AMT_INCOME_TOTAL_pctchange_mean,118.72411942481995,13,0.6453280009945745,0.6006412579242163
5,f102_nyg_middle_AMT_APPLICATION_d_app_AMT_INCOME_TOTAL_mean,123.09825134277344,9,0.6453280009945745,0.6006412579242163
5,f102_nyg_middle_AMT_APPLICATION_d_app_AMT_CREDIT_max,119.32928091287613,8,0.6453280009945745,0.6006412579242163
5,f102_nyg_middle_AMT_APPLICATION_s_app_AMT_CREDIT_min,117.99355959892273,10,0.6453280009945745,0.6006412579242163
5,f102_nyg_middle_AMT_APPLICATION_s_app_AMT_ANNUITY_d_app_AMT_INCOME_TOTAL_max,102.8514494895935,9,0.6453280009945745,0.6006412579242163
5,f102_nyg_middle_AMT_APPLICATION_d_app_AMT_GOODS_PRICE_max,10.799799919128418,1,0.6453280009945745,0.6006412579242163
5,f102_nyg_low_normal_HOUR_APPR_PROCESS_START_max,217.52492105960846,28,0.6453280009945745,0.6006412579242163
5,f102_nyg_middle_AMT_APPLICATION_m_app_AMT_GOODS_PRICE_d_app_AMT_INCOME_TOTAL_pctchange_min,69.05720657110214,10,0.6453280009945745,0.6006412579242163
5,f102_nyg_middle_AMT_APPLICATION_s_app_AMT_CREDIT_d_app_AMT_INCOME_TOTAL_mean,64.17725896835327,6,0.6453280009945745,0.6006412579242163
5,f102_nyg_low_normal_DAYS_LAST_DUE_1ST_VERSION_d_app_DAYS_BIRTH_mean,1178.85258436203,68,0.6453280009945745,0.6006412579242163
5,f102_nyg_low_normal_DAYS_FIRST_DUE_s_app_DAYS_BIRTH_min,559.9041295051575,40,0.6453280009945745,0.6006412579242163
5,f102_nyg_middle_AMT_APPLICATION_m_app_AMT_GOODS_PRICE_d_app_AMT_INCOME_TOTAL_max,70.09300994873047,6,0.6453280009945745,0.6006412579242163
5,f102_nyg_middle_AMT_APPLICATION_d_app_AMT_ANNUITY_pctchange_min,119.73520123958588,12,0.6453280009945745,0.6006412579242163
5,f102_nyg_middle_AMT_APPLICATION_s_app_AMT_CREDIT_d_app_AMT_INCOME_TOTAL_pctchange_mean,45.98053979873657,5,0.6453280009945745,0.6006412579242163
5,f102_nyg_low_normal_DAYS_FIRST_DUE_s_app_DAYS_LAST_PHONE_CHANGE_max,1219.6500916481018,61,0.6453280009945745,0.6006412579242163
5,f102_nyg_low_normal_DAYS_FIRST_DUE_s_app_DAYS_BIRTH_max,661.6759104728699,33,0.6453280009945745,0.6006412579242163
5,f102_nyg_middle_AMT_ANNUITY_m_app_AMT_GOODS_PRICE_d_app_AMT_INCOME_TOTAL_max,253.02867078781128,22,0.6453280009945745,0.6006412579242163
5,f102_nyg_middle_AMT_APPLICATION_s_app_AMT_ANNUITY_d_app_AMT_INCOME_TOTAL_mean,99.93813943862915,9,0.6453280009945745,0.6006412579242163
5,f102_nyg_low_normal_DAYS_LAST_DUE_1ST_VERSION_s_app_DAYS_EMPLOYED_max,223.69368863105774,19,0.6453280009945745,0.6006412579242163
5,f102_nyg_low_normal_DAYS_LAST_DUE_1ST_VERSION_s_app_DAYS_BIRTH_min,391.71455121040344,31,0.6453280009945745,0.6006412579242163
5,f102_nyg_low_normal_DAYS_FIRST_DUE_s_app_DAYS_ID_PUBLISH_max,340.17108142375946,26,0.6453280009945745,0.6006412579242163
5,f102_nyg_middle_AMT_APPLICATION_d_app_AMT_GOODS_PRICE_mean,36.15742111206055,4,0.6453280009945745,0.6006412579242163
5,f102_nyg_middle_AMT_APPLICATION_s_app_AMT_CREDIT_d_app_AMT_INCOME_TOTAL_max,85.68261957168579,8,0.6453280009945745,0.6006412579242163
5,f102_nyg_low_normal_DAYS_LAST_DUE_1ST_VERSION_s_app_DAYS_LAST_PHONE_CHANGE_mean,134.88836145401,12,0.6453280009945745,0.6006412579242163
5,f102_nyg_middle_AMT_APPLICATION_s_app_AMT_CREDIT_max,188.155827999115,13,0.6453280009945745,0.6006412579242163
5,f102_nyg_low_normal_DAYS_LAST_DUE_1ST_VERSION_s_app_DAYS_ID_PUBLISH_max,297.10807824134827,27,0.6453280009945745,0.6006412579242163
5,f102_nyg_low_normal_DAYS_LAST_DUE_1ST_VERSION_s_app_DAYS_BIRTH_max,382.7694511413574,27,0.6453280009945745,0.6006412579242163
5,f102_nyg_middle_AMT_APPLICATION_s_app_AMT_CREDIT_d_app_AMT_INCOME_TOTAL_pctchange_min,28.477013781666756,4,0.6453280009945745,0.6006412579242163
5,f102_nyg_low_normal_HOUR_APPR_PROCESS_START_min,111.5086070895195,14,0.6453280009945745,0.6006412579242163
5,f102_nyg_low_normal_DAYS_LAST_DUE_1ST_VERSION_s_app_DAYS_LAST_PHONE_CHANGE_min,165.73854380846024,16,0.6453280009945745,0.6006412579242163
5,f102_nyg_low_normal_DAYS_LAST_DUE_1ST_VERSION_s_app_DAYS_LAST_PHONE_CHANGE_max,222.9202013015747,22,0.6453280009945745,0.6006412579242163
5,f102_nyg_low_normal_DAYS_LAST_DUE_1ST_VERSION_s_app_DAYS_ID_PUBLISH_min,319.8055100440979,29,0.6453280009945745,0.6006412579242163
5,f102_nyg_middle_AMT_ANNUITY_m_app_AMT_GOODS_PRICE_d_app_AMT_INCOME_TOTAL_mean,138.01489114761353,9,0.6453280009945745,0.6006412579242163
5,f102_nyg_low_normal_DAYS_LAST_DUE_1ST_VERSION_s_app_DAYS_EMPLOYED_min,144.59490084648132,15,0.6453280009945745,0.6006412579242163
5,f102_nyg_low_normal_DAYS_FIRST_DUE_s_app_DAYS_BIRTH_mean,220.74234056472778,13,0.6453280009945745,0.6006412579242163
5,f102_nyg_low_normal_DAYS_FIRST_DUE_s_app_DAYS_ID_PUBLISH_min,223.3435674905777,22,0.6453280009945745,0.6006412579242163
5,f102_nyg_middle_AMT_APPLICATION_d_app_AMT_ANNUITY_diff_mean,44.78169870376587,5,0.6453280009945745,0.6006412579242163
5,f102_nyg_low_normal_DAYS_FIRST_DUE_s_app_DAYS_EMPLOYED_mean,385.4587997198105,32,0.6453280009945745,0.6006412579242163
5,f102_nyg_low_normal_DAYS_LAST_DUE_1ST_VERSION_s_app_DAYS_EMPLOYED_mean,206.1773886680603,17,0.6453280009945745,0.6006412579242163
5,f102_nyg_low_normal_DAYS_LAST_DUE_1ST_VERSION_s_app_DAYS_REGISTRATION_max,90.47015130519867,9,0.6453280009945745,0.6006412579242163
5,f102_nyg_low_normal_DAYS_LAST_DUE_1ST_VERSION_s_app_DAYS_REGISTRATION_min,42.70547008514404,4,0.6453280009945745,0.6006412579242163
5,f102_nyg_middle_AMT_APPLICATION_d_app_AMT_INCOME_TOTAL_diff_mean,101.50287961959839,10,0.6453280009945745,0.6006412579242163
5,f102_nyg_low_normal_DAYS_FIRST_DUE_s_app_DAYS_REGISTRATION_max,160.95970249176025,12,0.6453280009945745,0.6006412579242163
5,f102_nyg_middle_AMT_ANNUITY_d_app_AMT_ANNUITY_std,5.717130184173584,1,0.6453280009945745,0.6006412579242163
5,f102_nyg_middle_AMT_APPLICATION_s_app_AMT_ANNUITY_diff_mean,47.62251138687134,4,0.6453280009945745,0.6006412579242163
5,f102_nyg_low_normal_DAYS_LAST_DUE_1ST_VERSION_s_app_DAYS_ID_PUBLISH_mean,312.257440328598,22,0.6453280009945745,0.6006412579242163
5,f102_nyg_middle_AMT_APPLICATION_d_app_AMT_ANNUITY_pctchange_mean,137.29725980758667,11,0.6453280009945745,0.6006412579242163
5,f102_nyg_low_normal_HOUR_APPR_PROCESS_START_std,43.40186023712158,4,0.6453280009945745,0.6006412579242163
5,f102_nyg_low_normal_DAYS_LAST_DUE_1ST_VERSION_s_DAYS_DECISIONS_min,278.9303197860718,24,0.6453280009945745,0.6006412579242163
5,f102_nyg_middle_AMT_APPLICATION_s_app_AMT_ANNUITY_diff_max,112.93140029907227,10,0.6453280009945745,0.6006412579242163
5,f102_nyg_low_normal_DAYS_LAST_DUE_1ST_VERSION_s_app_DAYS_BIRTH_mean,180.79095441102982,18,0.6453280009945745,0.6006412579242163
5,f102_nyg_middle_AMT_APPLICATION_d_app_AMT_ANNUITY_diff_max,36.23227024078369,4,0.6453280009945745,0.6006412579242163
5,f102_nyg_middle_AMT_ANNUITY_d_app_AMT_CREDIT_pctchange_max,118.95911026000977,10,0.6453280009945745,0.6006412579242163
5,f102_nyg_low_normal_NAME_CONTRACT_STATUS_Refused_mean,0.0,0,0.6453280009945745,0.6006412579242163
5,f102_nyg_low_normal_DAYS_FIRST_DUE_s_app_DAYS_ID_PUBLISH_mean,327.7135432958603,24,0.6453280009945745,0.6006412579242163
5,f102_nyg_low_normal_DAYS_FIRST_DUE_s_app_DAYS_REGISTRATION_min,168.23540198802948,18,0.6453280009945745,0.6006412579242163
5,f102_nyg_middle_AMT_ANNUITY_d_app_AMT_GOODS_PRICE_pctchange_max,51.45445990562439,5,0.6453280009945745,0.6006412579242163
5,f102_nyg_low_normal_DAYS_LAST_DUE_1ST_VERSION_s_app_DAYS_REGISTRATION_mean,108.7421407699585,11,0.6453280009945745,0.6006412579242163
5,f102_nyg_middle_AMT_ANNUITY_s_app_AMT_ANNUITY_std,25.843900680541992,2,0.6453280009945745,0.6006412579242163
5,f102_nyg_low_normal_cnt_paid_sum,44.13913708925247,8,0.6453280009945745,0.6006412579242163
5,f102_nyg_middle_AMT_APPLICATION_d_app_AMT_CREDIT_diff_max,13.724699974060059,1,0.6453280009945745,0.6006412579242163
5,f102_nyg_low_normal_SELLERPLACE_AREA_std_div_mean,5.484230041503906,1,0.6453280009945745,0.6006412579242163
5,f102_nyg_middle_AMT_APPLICATION_d_app_AMT_GOODS_PRICE_diff_max,29.20075035095215,3,0.6453280009945745,0.6006412579242163
5,f102_nyg_middle_AMT_APPLICATION_d_app_AMT_INCOME_TOTAL_diff_max,94.27625036239624,8,0.6453280009945745,0.6006412579242163
5,f102_nyg_low_normal_DAYS_LAST_DUE_1ST_VERSION_s_DAYS_DECISIONS_mean,245.2814905643463,23,0.6453280009945745,0.6006412579242163
5,f102_nyg_low_normal_DAYS_FIRST_DUE_s_DAYS_DECISIONS_min,355.8495306968689,25,0.6453280009945745,0.6006412579242163
5,f102_nyg_middle_AMT_ANNUITY_d_app_AMT_CREDIT_std,12.116800308227539,1,0.6453280009945745,0.6006412579242163
5,f102_nyg_low_normal_total_debt_pctchange_std_div_mean,14.18016004562378,2,0.6453280009945745,0.6006412579242163
5,f102_nyg_low_normal_total_debt_pctchange_max_div_min,53.94876003265381,6,0.6453280009945745,0.6006412579242163
5,f102_nyg_low_normal_DAYS_FIRST_DUE_s_DAYS_DECISIONS_mean,359.32881784439087,26,0.6453280009945745,0.6006412579242163
5,f102_nyg_middle_AMT_APPLICATION_d_app_AMT_ANNUITY_pctchange_max,143.40144062042236,14,0.6453280009945745,0.6006412579242163
5,f102_nyg_low_normal_cnt_paid_ratio_min,167.37057065963745,18,0.6453280009945745,0.6006412579242163
5,f102_nyg_low_normal_NAME_CASH_LOAN_PURPOSE_XNA_mean,174.31483840942383,14,0.6453280009945745,0.6006412579242163
5,f102_nyg_middle_AMT_GOODS_PRICE_d_total_debt_diff_min,365.49367809295654,31,0.6453280009945745,0.6006412579242163
5,f102_nyg_middle_AMT_GOODS_PRICE_d_total_debt_min,818.2107465267181,41,0.6453280009945745,0.6006412579242163
5,f102_nyg_middle_AMT_APPLICATION_d_app_AMT_ANNUITY_max_div_min,49.64474964141846,4,0.6453280009945745,0.6006412579242163
5,f102_nyg_middle_AMT_GOODS_PRICE_d_total_debt_mean,797.1916387081146,44,0.6453280009945745,0.6006412579242163
5,f102_nyg_middle_AMT_CREDIT_d_total_debt_min,980.245698928833,44,0.6453280009945745,0.6006412579242163
5,f102_nyg_middle_DAYS_DECISION_s_app_DAYS_ID_PUBLISH_max,540.3318204879761,36,0.6453280009945745,0.6006412579242163
5,f102_nyg_middle_AMT_CREDIT_d_app_AMT_ANNUITY_mean,283.91144037246704,19,0.6453280009945745,0.6006412579242163
5,f102_nyg_middle_AMT_CREDIT_d_AMT_APPLICATION_max,985.2609171867371,40,0.6453280009945745,0.6006412579242163
5,f102_nyg_middle_DAYS_DECISION_s_app_DAYS_BIRTH_max,473.594361782074,29,0.6453280009945745,0.6006412579242163
5,f102_nyg_middle_DAYS_LAST_DUE_1ST_VERSION_d_app_DAYS_LAST_PHONE_CHANGE_max,721.8489301204681,46,0.6453280009945745,0.6006412579242163
5,f102_nyg_middle_DAYS_DECISION_d_app_DAYS_EMPLOYED_max,511.4709393978119,31,0.6453280009945745,0.6006412579242163
5,f102_nyg_middle_DAYS_LAST_DUE_1ST_VERSION_d_app_DAYS_LAST_PHONE_CHANGE_mean,678.922426700592,39,0.6453280009945745,0.6006412579242163
5,f102_nyg_middle_AMT_GOODS_PRICE_d_AMT_ANNUITY_diff_max,240.55260038375854,19,0.6453280009945745,0.6006412579242163
5,f102_nyg_middle_AMT_CREDIT_d_app_AMT_ANNUITY_max,226.38061952590942,14,0.6453280009945745,0.6006412579242163
5,f102_nyg_middle_DAYS_LAST_DUE_1ST_VERSION_d_app_DAYS_LAST_PHONE_CHANGE_min,684.5359770059586,44,0.6453280009945745,0.6006412579242163
5,f102_nyg_middle_DAYS_DECISION_d_app_DAYS_EMPLOYED_mean,386.1830801963806,22,0.6453280009945745,0.6006412579242163
5,f102_nyg_middle_DAYS_DECISION_s_app_DAYS_ID_PUBLISH_min,808.3289194107056,42,0.6453280009945745,0.6006412579242163
5,f102_nyg_middle_DAYS_DECISION_s_app_DAYS_EMPLOYED_max,338.8843984603882,22,0.6453280009945745,0.6006412579242163
5,f102_nyg_middle_DAYS_DECISION_s_app_DAYS_LAST_PHONE_CHANGE_max,360.1601207256317,24,0.6453280009945745,0.6006412579242163
5,f102_nyg_middle_AMT_GOODS_PRICE_d_total_debt_max,946.2748758792877,55,0.6453280009945745,0.6006412579242163
5,f102_nyg_middle_AMT_CREDIT_d_AMT_ANNUITY_diff_min,153.72196102142334,17,0.6453280009945745,0.6006412579242163
5,f102_nyg_middle_DAYS_DECISION_s_app_DAYS_LAST_PHONE_CHANGE_min,523.4053049087524,33,0.6453280009945745,0.6006412579242163
5,f102_nyg_middle_DAYS_DECISION_s_app_DAYS_REGISTRATION_min,406.42276191711426,28,0.6453280009945745,0.6006412579242163
5,f102_nyg_middle_DAYS_LAST_DUE_1ST_VERSION_d_app_DAYS_EMPLOYED_min,612.9623897075653,32,0.6453280009945745,0.6006412579242163
5,f102_nyg_middle_DAYS_DECISION_d_app_DAYS_EMPLOYED_min,289.5657786130905,23,0.6453280009945745,0.6006412579242163
5,f102_nyg_middle_AMT_GOODS_PRICE_d_app_AMT_INCOME_TOTAL_min,109.30066132545471,9,0.6453280009945745,0.6006412579242163
5,f102_nyg_middle_AMT_CREDIT_d_total_debt_max,214.09557104110718,20,0.6453280009945745,0.6006412579242163
5,f102_nyg_middle_DAYS_DECISION_s_app_DAYS_ID_PUBLISH_mean,722.2711396217346,39,0.6453280009945745,0.6006412579242163
5,f102_nyg_middle_DAYS_DECISION_s_app_DAYS_BIRTH_min,346.1185982823372,20,0.6453280009945745,0.6006412579242163
5,f102_nyg_middle_DAYS_LAST_DUE_d_app_DAYS_EMPLOYED_min,234.6669192314148,17,0.6453280009945745,0.6006412579242163
5,f102_nyg_middle_AMT_CREDIT_d_AMT_ANNUITY_diff_max,111.07457876205444,12,0.6453280009945745,0.6006412579242163
5,f102_nyg_middle_AMT_CREDIT_d_total_debt_mean,403.5469020307064,31,0.6453280009945745,0.6006412579242163
5,f102_nyg_middle_DAYS_DECISION_s_app_DAYS_LAST_PHONE_CHANGE_mean,551.9624376296997,24,0.6453280009945745,0.6006412579242163
5,f102_nyg_middle_DAYS_FIRST_DUE_d_app_DAYS_EMPLOYED_min,459.0511496067047,26,0.6453280009945745,0.6006412579242163
5,f102_nyg_middle_DAYS_DECISION_s_app_DAYS_BIRTH_mean,369.9889907836914,16,0.6453280009945745,0.6006412579242163
5,f102_nyg_middle_DAYS_LAST_DUE_1ST_VERSION_d_app_DAYS_EMPLOYED_mean,762.7698469161987,42,0.6453280009945745,0.6006412579242163
5,f102_nyg_middle_DAYS_FIRST_DUE_s_app_DAYS_LAST_PHONE_CHANGE_max,789.2516388893127,30,0.6453280009945745,0.6006412579242163
5,f102_nyg_middle_DAYS_LAST_DUE_1ST_VERSION_s_app_DAYS_REGISTRATION_max,100.71181011199951,11,0.6453280009945745,0.6006412579242163
5,f102_nyg_middle_DAYS_FIRST_DUE_d_app_DAYS_EMPLOYED_max,864.2716393470764,38,0.6453280009945745,0.6006412579242163
5,f102_nyg_middle_DAYS_FIRST_DUE_s_app_DAYS_LAST_PHONE_CHANGE_min,454.05916929244995,23,0.6453280009945745,0.6006412579242163
5,f102_nyg_middle_AMT_CREDIT_d_AMT_APPLICATION_mean,904.0479001998901,40,0.6453280009945745,0.6006412579242163
5,f102_nyg_middle_DAYS_LAST_DUE_1ST_VERSION_d_app_DAYS_EMPLOYED_max,545.4962913990021,32,0.6453280009945745,0.6006412579242163
5,f102_nyg_middle_AMT_CREDIT_d_AMT_ANNUITY_diff_mean,162.60159146785736,14,0.6453280009945745,0.6006412579242163
5,f102_nyg_middle_DAYS_DECISION_s_app_DAYS_REGISTRATION_max,291.8305838108063,22,0.6453280009945745,0.6006412579242163
5,f102_nyg_middle_DAYS_DECISION_s_app_DAYS_EMPLOYED_mean,468.64120960235596,30,0.6453280009945745,0.6006412579242163
5,f102_nyg_middle_DAYS_FIRST_DUE_s_app_DAYS_LAST_PHONE_CHANGE_mean,383.5217890739441,19,0.6453280009945745,0.6006412579242163
5,f102_nyg_middle_DAYS_FIRST_DUE_d_app_DAYS_EMPLOYED_mean,626.749935567379,20,0.6453280009945745,0.6006412579242163
5,f102_nyg_middle_DAYS_LAST_DUE_1ST_VERSION_d_app_DAYS_BIRTH_min,547.1319704055786,34,0.6453280009945745,0.6006412579242163
5,f102_nyg_middle_DAYS_FIRST_DUE_s_app_DAYS_REGISTRATION_mean,167.12474942207336,14,0.6453280009945745,0.6006412579242163
5,f102_nyg_middle_DAYS_DECISION_s_app_DAYS_REGISTRATION_mean,124.8852391242981,11,0.6453280009945745,0.6006412579242163
5,f102_nyg_middle_AMT_CREDIT_s_app_AMT_ANNUITY_d_app_AMT_INCOME_TOTAL_min,96.95886993408203,7,0.6453280009945745,0.6006412579242163
5,f102_nyg_middle_DAYS_LAST_DUE_1ST_VERSION_s_app_DAYS_LAST_PHONE_CHANGE_max,192.12365373969078,12,0.6453280009945745,0.6006412579242163
5,f102_nyg_middle_DAYS_LAST_DUE_d_app_DAYS_EMPLOYED_max,228.7392315864563,11,0.6453280009945745,0.6006412579242163
5,f102_nyg_middle_AMT_GOODS_PRICE_d_AMT_CREDIT_min,1252.9820777475834,45,0.6453280009945745,0.6006412579242163
5,f102_nyg_middle_AMT_GOODS_PRICE_d_AMT_CREDIT_mean,880.7010099887848,43,0.6453280009945745,0.6006412579242163
5,f102_nyg_middle_DAYS_DECISION_s_app_DAYS_EMPLOYED_min,246.70999002456665,18,0.6453280009945745,0.6006412579242163
5,f102_nyg_middle_AMT_GOODS_PRICE_d_AMT_ANNUITY_min,163.09309935569763,15,0.6453280009945745,0.6006412579242163
5,f102_nyg_middle_AMT_CREDIT_d_AMT_ANNUITY_min,134.6304395198822,13,0.6453280009945745,0.6006412579242163
5,f102_nyg_middle_AMT_CREDIT_d_app_AMT_INCOME_TOTAL_min,95.72808074951172,10,0.6453280009945745,0.6006412579242163
5,f102_nyg_middle_AMT_GOODS_PRICE_d_AMT_ANNUITY_max,205.44471749663353,20,0.6453280009945745,0.6006412579242163
5,f102_nyg_middle_DAYS_FIRST_DUE_s_app_DAYS_ID_PUBLISH_mean,271.450820684433,17,0.6453280009945745,0.6006412579242163
5,f102_nyg_middle_AMT_GOODS_PRICE_s_app_AMT_CREDIT_min,36.143699645996094,2,0.6453280009945745,0.6006412579242163
5,f102_nyg_middle_DAYS_LAST_DUE_1ST_VERSION_s_app_DAYS_BIRTH_max,184.87082386016846,12,0.6453280009945745,0.6006412579242163
5,f102_nyg_middle_AMT_GOODS_PRICE_s_app_AMT_ANNUITY_max,74.67424869537354,4,0.6453280009945745,0.6006412579242163
5,f102_nyg_middle_DAYS_FIRST_DUE_s_app_DAYS_ID_PUBLISH_max,370.4511077404022,21,0.6453280009945745,0.6006412579242163
5,f102_nyg_middle_CODE_REJECT_REASON_XAP_mean,11.80370044708252,1,0.6453280009945745,0.6006412579242163
5,f102_nyg_middle_AMT_CREDIT_s_app_AMT_CREDIT_d_app_AMT_INCOME_TOTAL_min,23.483520030975342,2,0.6453280009945745,0.6006412579242163
5,f102_nyg_middle_DAYS_LAST_DUE_1ST_VERSION_s_app_DAYS_REGISTRATION_mean,194.71827030181885,11,0.6453280009945745,0.6006412579242163
5,f102_nyg_middle_DAYS_LAST_DUE_1ST_VERSION_d_app_DAYS_BIRTH_max,387.4759397506714,25,0.6453280009945745,0.6006412579242163
5,f102_nyg_middle_AMT_CREDIT_min,114.95820927619934,8,0.6453280009945745,0.6006412579242163
5,f102_nyg_middle_AMT_GOODS_PRICE_m_app_AMT_GOODS_PRICE_d_app_AMT_INCOME_TOTAL_min,23.10749912261963,2,0.6453280009945745,0.6006412579242163
5,f102_nyg_middle_DAYS_LAST_DUE_1ST_VERSION_s_app_DAYS_LAST_PHONE_CHANGE_min,305.0511145591736,14,0.6453280009945745,0.6006412579242163
5,f102_nyg_middle_AMT_GOODS_PRICE_s_app_AMT_ANNUITY_d_app_AMT_INCOME_TOTAL_max,33.56784975528717,4,0.6453280009945745,0.6006412579242163
5,f102_nyg_middle_AMT_CREDIT_m_app_AMT_GOODS_PRICE_d_app_AMT_INCOME_TOTAL_pctchange_mean,131.29601097106934,13,0.6453280009945745,0.6006412579242163
5,f102_nyg_middle_AMT_GOODS_PRICE_d_app_AMT_CREDIT_max,17.50221014022827,2,0.6453280009945745,0.6006412579242163
5,f102_nyg_middle_DAYS_LAST_DUE_1ST_VERSION_s_app_DAYS_ID_PUBLISH_max,198.8306179046631,19,0.6453280009945745,0.6006412579242163
5,f102_nyg_middle_DAYS_LAST_DUE_1ST_VERSION_s_app_DAYS_ID_PUBLISH_min,164.5433406829834,14,0.6453280009945745,0.6006412579242163
5,f102_nyg_middle_AMT_CREDIT_d_AMT_ANNUITY_max,182.32005071640015,17,0.6453280009945745,0.6006412579242163
5,f102_nyg_middle_AMT_CREDIT_s_app_AMT_ANNUITY_min,228.9275627732277,21,0.6453280009945745,0.6006412579242163
5,f102_nyg_middle_AMT_CREDIT_d_AMT_APPLICATION_min,308.8604691028595,24,0.6453280009945745,0.6006412579242163
5,f102_nyg_middle_DAYS_LAST_DUE_1ST_VERSION_s_app_DAYS_EMPLOYED_max,200.4203610420227,15,0.6453280009945745,0.6006412579242163
5,f102_nyg_middle_AMT_GOODS_PRICE_s_app_AMT_CREDIT_d_app_AMT_INCOME_TOTAL_max,11.27750015258789,1,0.6453280009945745,0.6006412579242163
5,f102_nyg_middle_DAYS_LAST_DUE_1ST_VERSION_s_app_DAYS_LAST_PHONE_CHANGE_mean,116.3215024471283,11,0.6453280009945745,0.6006412579242163
5,f102_nyg_middle_AMT_CREDIT_d_AMT_ANNUITY_mean,92.79663944244385,9,0.6453280009945745,0.6006412579242163
5,f102_nyg_middle_AMT_GOODS_PRICE_d_AMT_ANNUITY_mean,94.10381138324738,12,0.6453280009945745,0.6006412579242163
5,f102_nyg_middle_DAYS_LAST_DUE_d_app_DAYS_EMPLOYED_mean,119.05976057052612,8,0.6453280009945745,0.6006412579242163
5,f102_nyg_middle_DAYS_LAST_DUE_1ST_VERSION_s_app_DAYS_BIRTH_min,81.69381093978882,9,0.6453280009945745,0.6006412579242163
5,f102_nyg_middle_AMT_GOODS_PRICE_s_app_AMT_CREDIT_d_app_AMT_INCOME_TOTAL_mean,68.31637859344482,5,0.6453280009945745,0.6006412579242163
5,f102_nyg_middle_DAYS_LAST_DUE_1ST_VERSION_s_app_DAYS_REGISTRATION_min,122.78389072418213,8,0.6453280009945745,0.6006412579242163
5,f102_nyg_middle_AMT_GOODS_PRICE_d_app_AMT_INCOME_TOTAL_mean,42.60223960876465,5,0.6453280009945745,0.6006412579242163
5,f102_nyg_middle_AMT_GOODS_PRICE_max,83.00704097747803,6,0.6453280009945745,0.6006412579242163
5,f102_nyg_middle_DAYS_FIRST_DUE_s_app_DAYS_BIRTH_mean,78.41905987262726,8,0.6453280009945745,0.6006412579242163
5,f102_nyg_middle_AMT_CREDIT_s_app_AMT_GOODS_PRICE_max,106.93244123458862,8,0.6453280009945745,0.6006412579242163
5,f102_nyg_middle_AMT_GOODS_PRICE_d_app_AMT_INCOME_TOTAL_max,59.32385969161987,6,0.6453280009945745,0.6006412579242163
5,f102_nyg_middle_AMT_GOODS_PRICE_s_app_AMT_CREDIT_d_app_AMT_INCOME_TOTAL_pctchange_mean,43.89596962928772,5,0.6453280009945745,0.6006412579242163
5,f102_nyg_middle_DAYS_LAST_DUE_1ST_VERSION_d_app_DAYS_BIRTH_mean,617.5575499534607,35,0.6453280009945745,0.6006412579242163
5,f102_nyg_middle_AMT_CREDIT_d_AMT_APPLICATION_diff_min,73.20619869232178,5,0.6453280009945745,0.6006412579242163
5,f102_nyg_middle_AMT_CREDIT_s_app_AMT_GOODS_PRICE_min,141.1327986717224,9,0.6453280009945745,0.6006412579242163
5,f102_nyg_middle_AMT_CREDIT_s_app_AMT_CREDIT_max,125.9791796207428,11,0.6453280009945745,0.6006412579242163
5,f102_nyg_middle_DAYS_LAST_DUE_1ST_VERSION_s_app_DAYS_EMPLOYED_min,153.90570735931396,12,0.6453280009945745,0.6006412579242163
5,f102_nyg_middle_AMT_GOODS_PRICE_s_app_AMT_ANNUITY_d_app_AMT_INCOME_TOTAL_mean,11.315500259399414,1,0.6453280009945745,0.6006412579242163
5,f102_nyg_middle_AMT_CREDIT_s_app_AMT_CREDIT_min,29.883499145507812,2,0.6453280009945745,0.6006412579242163
5,f102_nyg_middle_DAYS_LAST_DUE_1ST_VERSION_s_app_DAYS_BIRTH_mean,77.15432929992676,7,0.6453280009945745,0.6006412579242163
5,f102_nyg_middle_DAYS_LAST_DUE_1ST_VERSION_s_app_DAYS_EMPLOYED_mean,164.27274084091187,11,0.6453280009945745,0.6006412579242163
5,f102_nyg_middle_AMT_GOODS_PRICE_d_app_AMT_ANNUITY_diff_mean,49.136290550231934,4,0.6453280009945745,0.6006412579242163
5,f102_nyg_middle_AMT_GOODS_PRICE_s_app_AMT_ANNUITY_mean,87.20100116729736,5,0.6453280009945745,0.6006412579242163
5,f102_nyg_middle_AMT_APPLICATION_s_app_AMT_CREDIT_mean,175.7610902786255,13,0.6453280009945745,0.6006412579242163
5,f102_nyg_middle_AMT_CREDIT_d_app_AMT_CREDIT_min,179.9310703277588,14,0.6453280009945745,0.6006412579242163
5,f102_nyg_middle_AMT_GOODS_PRICE_mean,8.031920433044434,1,0.6453280009945745,0.6006412579242163
5,f102_nyg_middle_AMT_CREDIT_s_app_AMT_CREDIT_d_app_AMT_INCOME_TOTAL_pctchange_mean,113.22871336340904,14,0.6453280009945745,0.6006412579242163
5,f102_nyg_middle_DAYS_FIRST_DUE_s_app_DAYS_EMPLOYED_max,88.846759557724,7,0.6453280009945745,0.6006412579242163
5,f102_nyg_middle_AMT_CREDIT_m_app_AMT_GOODS_PRICE_d_app_AMT_INCOME_TOTAL_min,72.22764921188354,8,0.6453280009945745,0.6006412579242163
5,f102_nyg_middle_DAYS_FIRST_DUE_s_app_DAYS_REGISTRATION_max,190.9561800956726,18,0.6453280009945745,0.6006412579242163
5,f102_nyg_middle_AMT_GOODS_PRICE_s_app_AMT_CREDIT_d_app_AMT_INCOME_TOTAL_pctchange_min,29.65849018096924,3,0.6453280009945745,0.6006412579242163
5,f102_nyg_middle_AMT_CREDIT_d_app_AMT_INCOME_TOTAL_max,96.05532884597778,9,0.6453280009945745,0.6006412579242163
5,f102_nyg_middle_DAYS_FIRST_DUE_s_app_DAYS_EMPLOYED_mean,75.18828010559082,6,0.6453280009945745,0.6006412579242163
5,f102_nyg_middle_AMT_GOODS_PRICE_s_app_AMT_CREDIT_max,7.257599830627441,1,0.6453280009945745,0.6006412579242163
5,f102_nyg_middle_AMT_CREDIT_s_app_AMT_GOODS_PRICE_mean,172.13274812698364,11,0.6453280009945745,0.6006412579242163
5,f102_nyg_middle_DAYS_FIRST_DUE_s_app_DAYS_ID_PUBLISH_min,178.88387966156006,10,0.6453280009945745,0.6006412579242163
5,f102_nyg_middle_AMT_APPLICATION_s_app_AMT_GOODS_PRICE_max,158.47149872779846,11,0.6453280009945745,0.6006412579242163
5,f102_nyg_middle_DAYS_FIRST_DUE_s_app_DAYS_EMPLOYED_min,61.36560940742493,5,0.6453280009945745,0.6006412579242163
5,f102_nyg_middle_DAYS_DECISION_s_app_DAYS_ID_PUBLISH_std_div_mean,145.7929015159607,12,0.6453280009945745,0.6006412579242163
5,f102_nyg_middle_AMT_CREDIT_s_app_AMT_ANNUITY_mean,32.32038974761963,3,0.6453280009945745,0.6006412579242163
5,f102_nyg_middle_AMT_CREDIT_d_app_AMT_GOODS_PRICE_max,18.152379989624023,2,0.6453280009945745,0.6006412579242163
5,f102_nyg_middle_AMT_APPLICATION_s_app_AMT_GOODS_PRICE_mean,84.20169925689697,5,0.6453280009945745,0.6006412579242163
5,f102_nyg_middle_AMT_GOODS_PRICE_m_app_AMT_GOODS_PRICE_d_app_AMT_INCOME_TOTAL_max,5.903749942779541,1,0.6453280009945745,0.6006412579242163
5,f102_nyg_middle_AMT_CREDIT_m_app_AMT_GOODS_PRICE_d_app_AMT_INCOME_TOTAL_max,78.10564994812012,7,0.6453280009945745,0.6006412579242163
5,f102_nyg_middle_AMT_GOODS_PRICE_d_AMT_CREDIT_diff_min,72.30300951004028,5,0.6453280009945745,0.6006412579242163
5,f102_nyg_middle_AMT_APPLICATION_s_app_AMT_GOODS_PRICE_min,126.15751934051514,10,0.6453280009945745,0.6006412579242163
5,f102_nyg_middle_DAYS_LAST_DUE_1ST_VERSION_s_app_DAYS_ID_PUBLISH_mean,195.5249410867691,16,0.6453280009945745,0.6006412579242163
5,f102_nyg_middle_AMT_GOODS_PRICE_d_AMT_CREDIT_diff_max,81.48338007926941,10,0.6453280009945745,0.6006412579242163
5,f102_nyg_middle_AMT_CREDIT_s_app_AMT_ANNUITY_max,109.45768928527832,12,0.6453280009945745,0.6006412579242163
5,f102_nyg_middle_AMT_CREDIT_m_app_AMT_GOODS_PRICE_d_app_AMT_INCOME_TOTAL_pctchange_min,35.298709869384766,4,0.6453280009945745,0.6006412579242163
5,f102_nyg_middle_AMT_GOODS_PRICE_d_app_AMT_GOODS_PRICE_min,24.707390308380127,3,0.6453280009945745,0.6006412579242163
5,f102_nyg_middle_AMT_CREDIT_m_app_AMT_GOODS_PRICE_d_app_AMT_INCOME_TOTAL_mean,90.9156289100647,9,0.6453280009945745,0.6006412579242163
5,f102_nyg_middle_AMT_CREDIT_d_app_AMT_GOODS_PRICE_min,56.033054530620575,9,0.6453280009945745,0.6006412579242163
5,f102_nyg_middle_AMT_CREDIT_s_app_AMT_CREDIT_d_app_AMT_INCOME_TOTAL_mean,51.149169921875,5,0.6453280009945745,0.6006412579242163
5,f102_nyg_middle_AMT_CREDIT_d_AMT_APPLICATION_diff_max,81.22443008422852,9,0.6453280009945745,0.6006412579242163
5,f102_nyg_middle_AMT_GOODS_PRICE_d_AMT_CREDIT_max,136.8636817932129,9,0.6453280009945745,0.6006412579242163
5,f102_nyg_middle_AMT_CREDIT_s_app_AMT_ANNUITY_d_app_AMT_INCOME_TOTAL_mean,40.87376046180725,5,0.6453280009945745,0.6006412579242163
5,f102_nyg_middle_AMT_GOODS_PRICE_m_app_AMT_GOODS_PRICE_d_app_AMT_INCOME_TOTAL_mean,5.492199897766113,1,0.6453280009945745,0.6006412579242163
5,f102_nyg_middle_AMT_CREDIT_d_AMT_APPLICATION_diff_mean,49.11659920215607,6,0.6453280009945745,0.6006412579242163
5,f102_nyg_middle_AMT_GOODS_PRICE_d_app_AMT_GOODS_PRICE_mean,12.453499794006348,1,0.6453280009945745,0.6006412579242163
5,f102_nyg_middle_AMT_CREDIT_d_app_AMT_INCOME_TOTAL_mean,71.19687080383301,6,0.6453280009945745,0.6006412579242163
5,f102_nyg_middle_AMT_CREDIT_d_app_AMT_ANNUITY_diff_mean,166.6762900352478,14,0.6453280009945745,0.6006412579242163
5,f102_nyg_middle_AMT_CREDIT_s_app_AMT_ANNUITY_d_app_AMT_INCOME_TOTAL_max,65.88772964477539,8,0.6453280009945745,0.6006412579242163
5,f102_nyg_middle_AMT_GOODS_PRICE_d_AMT_CREDIT_diff_mean,36.725799560546875,4,0.6453280009945745,0.6006412579242163
5,f102_nyg_middle_AMT_CREDIT_s_app_AMT_CREDIT_mean,56.32643008232117,5,0.6453280009945745,0.6006412579242163
5,f102_nyg_middle_AMT_CREDIT_s_app_AMT_CREDIT_d_app_AMT_INCOME_TOTAL_pctchange_min,72.04699897766113,6,0.6453280009945745,0.6006412579242163
5,f102_nyg_middle_AMT_CREDIT_s_app_AMT_CREDIT_d_app_AMT_INCOME_TOTAL_max,54.44545936584473,5,0.6453280009945745,0.6006412579242163
5,f102_nyg_middle_AMT_CREDIT_d_app_AMT_GOODS_PRICE_mean,64.7549500465393,9,0.6453280009945745,0.6006412579242163
5,f102_nyg_middle_AMT_CREDIT_d_app_AMT_CREDIT_mean,56.13333034515381,5,0.6453280009945745,0.6006412579242163
5,f102_nyg_middle_AMT_CREDIT_s_app_AMT_INCOME_TOTAL_std_div_mean,35.29633903503418,3,0.6453280009945745,0.6006412579242163
5,f102_nyg_middle_DAYS_FIRST_DUE_s_app_DAYS_BIRTH_max,139.34136056900024,9,0.6453280009945745,0.6006412579242163
5,f102_nyg_middle_DAYS_LAST_DUE_1ST_VERSION_s_DAYS_DECISIONS_mean,97.5846815109253,8,0.6453280009945745,0.6006412579242163
5,f102_nyg_middle_DAYS_FIRST_DUE_s_app_DAYS_REGISTRATION_min,143.78401947021484,9,0.6453280009945745,0.6006412579242163
5,f102_nyg_middle_DAYS_LAST_DUE_1ST_VERSION_s_DAYS_DECISIONS_min,115.1578311920166,11,0.6453280009945745,0.6006412579242163
5,f102_nyg_middle_AMT_CREDIT_d_AMT_APPLICATION_pctchange_max,65.75897121429443,6,0.6453280009945745,0.6006412579242163
5,f102_nyg_middle_AMT_CREDIT_mean,87.11709022521973,7,0.6453280009945745,0.6006412579242163
5,f102_nyg_middle_AMT_GOODS_PRICE_d_app_AMT_ANNUITY_pctchange_min,13.41565914452076,3,0.6453280009945745,0.6006412579242163
5,f102_nyg_middle_DAYS_FIRST_DUE_s_app_DAYS_BIRTH_min,97.95439910888672,7,0.6453280009945745,0.6006412579242163
5,f102_nyg_middle_AMT_CREDIT_d_AMT_APPLICATION_pctchange_mean,36.19537973403931,4,0.6453280009945745,0.6006412579242163
5,f102_refused_AMT_GOODS_PRICE_d_total_debt_mean,1047.632071018219,50,0.6453280009945745,0.6006412579242163
5,f102_nyg_middle_AMT_GOODS_PRICE_d_app_AMT_GOODS_PRICE_max,20.209580421447754,2,0.6453280009945745,0.6006412579242163
5,f102_refused_AMT_ANNUITY_d_app_AMT_INCOME_TOTAL_min,417.3412084579468,33,0.6453280009945745,0.6006412579242163
5,f102_nyg_middle_interest_rate_diff_min,355.3554193973541,31,0.6453280009945745,0.6006412579242163
5,f102_nyg_middle_AMT_CREDIT_max,48.35603904724121,5,0.6453280009945745,0.6006412579242163
5,f102_nyg_middle_total_debt_min,125.79154968261719,8,0.6453280009945745,0.6006412579242163
5,f102_nyg_middle_interest_rate_diff_max,575.0467476844788,39,0.6453280009945745,0.6006412579242163
5,f102_refused_AMT_CREDIT_d_total_debt_mean,575.0348525047302,33,0.6453280009945745,0.6006412579242163
5,f102_refused_AMT_ANNUITY_s_app_AMT_GOODS_PRICE_min,647.2387816905975,45,0.6453280009945745,0.6006412579242163
5,f102_nyg_middle_amt_paid_min,389.40996980667114,31,0.6453280009945745,0.6006412579242163
5,f102_refused_AMT_CREDIT_d_total_debt_max,628.6375744342804,50,0.6453280009945745,0.6006412579242163
5,f102_nyg_middle_interest_rate_diff_mean,349.26099967956543,28,0.6453280009945745,0.6006412579242163
5,f102_nyg_middle_total_debt_max,30.802826911211014,4,0.6453280009945745,0.6006412579242163
5,f102_nyg_middle_total_debt_mean,98.52330017089844,6,0.6453280009945745,0.6006412579242163
5,f102_refused_AMT_CREDIT_d_total_debt_min,388.56366872787476,33,0.6453280009945745,0.6006412579242163
5,f102_refused_AMT_GOODS_PRICE_d_total_debt_min,731.0661321878433,35,0.6453280009945745,0.6006412579242163
5,f102_nyg_middle_total_debt_diff_max,127.1385908126831,11,0.6453280009945745,0.6006412579242163
5,f102_nyg_middle_amt_paid_max,323.5487300157547,26,0.6453280009945745,0.6006412579242163
5,f102_nyg_middle_HOUR_APPR_PROCESS_START_mean,197.22968864440918,20,0.6453280009945745,0.6006412579242163
5,f102_nyg_middle_total_debt_diff_mean,64.31346434354782,9,0.6453280009945745,0.6006412579242163
5,f102_nyg_middle_DAYS_TERMINATION_d_app_DAYS_EMPLOYED_min,68.32378786802292,6,0.6453280009945745,0.6006412579242163
5,f102_refused_AMT_GOODS_PRICE_d_total_debt_max,1565.273033618927,79,0.6453280009945745,0.6006412579242163
5,f102_refused_AMT_ANNUITY_s_app_AMT_GOODS_PRICE_mean,306.27150797843933,25,0.6453280009945745,0.6006412579242163
5,f102_nyg_middle_total_debt_pctchange_max,79.92624044418335,7,0.6453280009945745,0.6006412579242163
5,f102_nyg_middle_total_debt_pctchange_mean,84.4286994934082,9,0.6453280009945745,0.6006412579242163
5,f102_nyg_middle_HOUR_APPR_PROCESS_START_min,248.19024044275284,19,0.6453280009945745,0.6006412579242163
5,f102_nyg_middle_amt_paid_sum,284.4995017051697,20,0.6453280009945745,0.6006412579242163
5,f102_refused_AMT_GOODS_PRICE_d_AMT_ANNUITY_min,168.0881905555725,17,0.6453280009945745,0.6006412579242163
5,f102_refused_AMT_ANNUITY_s_app_AMT_ANNUITY_d_app_AMT_INCOME_TOTAL_min,369.8954579234123,25,0.6453280009945745,0.6006412579242163
5,f102_nyg_middle_amt_paid_mean,248.99055016040802,23,0.6453280009945745,0.6006412579242163
5,f102_nyg_middle_interest_rate_pctchange_max,223.4784039258957,19,0.6453280009945745,0.6006412579242163
5,f102_refused_AMT_ANNUITY_s_app_AMT_ANNUITY_d_app_AMT_INCOME_TOTAL_max,426.13710413873196,29,0.6453280009945745,0.6006412579242163
5,f102_refused_AMT_ANNUITY_s_app_AMT_ANNUITY_min,431.27627086639404,20,0.6453280009945745,0.6006412579242163
5,f102_refused_AMT_CREDIT_d_total_debt_pctchange_min,96.25720083713531,11,0.6453280009945745,0.6006412579242163
5,f102_refused_AMT_CREDIT_d_AMT_APPLICATION_diff_max,139.52979183197021,13,0.6453280009945745,0.6006412579242163
5,f102_refused_AMT_GOODS_PRICE_d_AMT_CREDIT_pctchange_min,89.68950939178467,9,0.6453280009945745,0.6006412579242163
5,f102_refused_AMT_ANNUITY_s_app_AMT_ANNUITY_mean,457.96746015548706,37,0.6453280009945745,0.6006412579242163
5,f102_refused_AMT_ANNUITY_s_app_AMT_GOODS_PRICE_max,312.49631929397583,22,0.6453280009945745,0.6006412579242163
5,f102_nyg_middle_RATE_DOWN_PAYMENT_max,56.339019775390625,4,0.6453280009945745,0.6006412579242163
5,f102_refused_AMT_ANNUITY_s_app_AMT_ANNUITY_d_app_AMT_INCOME_TOTAL_mean,654.1559008359909,32,0.6453280009945745,0.6006412579242163
5,f102_refused_AMT_APPLICATION_m_app_AMT_GOODS_PRICE_d_app_AMT_INCOME_TOTAL_min,107.47807121276855,11,0.6453280009945745,0.6006412579242163
5,f102_nyg_middle_interest_rate_pctchange_min,128.0685693025589,11,0.6453280009945745,0.6006412579242163
5,f102_refused_AMT_ANNUITY_s_app_AMT_CREDIT_min,413.46041840314865,30,0.6453280009945745,0.6006412579242163
5,f102_refused_AMT_ANNUITY_d_app_AMT_GOODS_PRICE_min,209.46697157621384,21,0.6453280009945745,0.6006412579242163
5,f102_refused_AMT_CREDIT_d_total_debt_diff_min,141.41632747650146,10,0.6453280009945745,0.6006412579242163
5,f102_refused_AMT_ANNUITY_s_app_AMT_ANNUITY_max,88.94147062301636,9,0.6453280009945745,0.6006412579242163
5,f102_nyg_middle_interest_rate_pctchange_mean,178.23197889328003,15,0.6453280009945745,0.6006412579242163
5,f102_refused_AMT_ANNUITY_d_app_AMT_INCOME_TOTAL_diff_max,252.61315727233887,22,0.6453280009945745,0.6006412579242163
5,f102_refused_AMT_ANNUITY_s_app_AMT_CREDIT_mean,363.98896169662476,23,0.6453280009945745,0.6006412579242163
5,f102_refused_AMT_CREDIT_d_AMT_ANNUITY_min,210.77941846847534,21,0.6453280009945745,0.6006412579242163
5,f102_refused_AMT_ANNUITY_s_app_AMT_CREDIT_max,219.9300684928894,15,0.6453280009945745,0.6006412579242163
5,f102_refused_AMT_APPLICATION_m_app_AMT_GOODS_PRICE_d_app_AMT_INCOME_TOTAL_pctchange_mean,37.27596950531006,4,0.6453280009945745,0.6006412579242163
5,f102_refused_AMT_ANNUITY_d_app_AMT_ANNUITY_pctchange_mean,273.5786499977112,23,0.6453280009945745,0.6006412579242163
5,f102_refused_AMT_GOODS_PRICE_d_AMT_ANNUITY_max,159.97418069839478,13,0.6453280009945745,0.6006412579242163
5,f102_refused_AMT_ANNUITY_d_app_AMT_CREDIT_max,232.18837082386017,21,0.6453280009945745,0.6006412579242163
5,f102_refused_AMT_ANNUITY_max,113.68252849578857,11,0.6453280009945745,0.6006412579242163
5,f102_nyg_middle_cnt_unpaid_max,60.974950551986694,6,0.6453280009945745,0.6006412579242163
5,f102_refused_AMT_ANNUITY_d_app_AMT_GOODS_PRICE_mean,194.96026039123535,14,0.6453280009945745,0.6006412579242163
5,f102_refused_AMT_CREDIT_d_AMT_ANNUITY_diff_min,90.66064012050629,8,0.6453280009945745,0.6006412579242163
5,f102_refused_AMT_APPLICATION_s_app_AMT_CREDIT_d_app_AMT_INCOME_TOTAL_min,102.56417083740234,9,0.6453280009945745,0.6006412579242163
5,f102_refused_AMT_APPLICATION_s_app_AMT_CREDIT_d_app_AMT_INCOME_TOTAL_mean,254.3977813720703,18,0.6453280009945745,0.6006412579242163
5,f102_refused_AMT_GOODS_PRICE_d_AMT_ANNUITY_pctchange_min,49.554756343364716,6,0.6453280009945745,0.6006412579242163
5,f102_refused_AMT_GOODS_PRICE_d_total_debt_pctchange_min,144.58675813674927,16,0.6453280009945745,0.6006412579242163
5,f102_refused_AMT_ANNUITY_d_app_AMT_ANNUITY_max,436.99720072746277,29,0.6453280009945745,0.6006412579242163
5,f102_refused_AMT_APPLICATION_d_app_AMT_ANNUITY_min,154.24755835533142,13,0.6453280009945745,0.6006412579242163
5,f102_refused_AMT_APPLICATION_s_app_AMT_INCOME_TOTAL_std_div_mean,76.78359031677246,8,0.6453280009945745,0.6006412579242163
5,f102_refused_AMT_CREDIT_m_app_AMT_GOODS_PRICE_d_app_AMT_INCOME_TOTAL_pctchange_min,138.3091131746769,15,0.6453280009945745,0.6006412579242163
5,f102_refused_AMT_GOODS_PRICE_d_AMT_ANNUITY_diff_min,138.02515029907227,11,0.6453280009945745,0.6006412579242163
5,f102_nyg_middle_amt_unpaid_min,58.77561508864164,8,0.6453280009945745,0.6006412579242163
5,f102_refused_AMT_ANNUITY_d_app_AMT_ANNUITY_mean,274.412278175354,15,0.6453280009945745,0.6006412579242163
5,f102_refused_AMT_APPLICATION_s_app_AMT_CREDIT_d_app_AMT_INCOME_TOTAL_pctchange_mean,62.98420125246048,11,0.6453280009945745,0.6006412579242163
5,f102_refused_AMT_GOODS_PRICE_d_AMT_ANNUITY_mean,163.66796875,15,0.6453280009945745,0.6006412579242163
5,f102_refused_AMT_ANNUITY_d_app_AMT_CREDIT_min,85.49160957336426,7,0.6453280009945745,0.6006412579242163
5,f102_nyg_middle_cnt_unpaid_sum,137.5495901107788,9,0.6453280009945745,0.6006412579242163
5,f102_refused_AMT_CREDIT_d_AMT_APPLICATION_max,336.16819047927856,16,0.6453280009945745,0.6006412579242163
5,f102_refused_AMT_APPLICATION_s_app_AMT_INCOME_TOTAL_max,69.93656134605408,7,0.6453280009945745,0.6006412579242163
5,f102_nyg_middle_amt_unpaid_max,117.53317999839783,10,0.6453280009945745,0.6006412579242163
5,f102_refused_AMT_APPLICATION_m_app_AMT_GOODS_PRICE_d_app_AMT_INCOME_TOTAL_pctchange_min,68.67766904830933,5,0.6453280009945745,0.6006412579242163
5,f102_refused_AMT_ANNUITY_min,71.44856142997742,7,0.6453280009945745,0.6006412579242163
5,f102_nyg_middle_DAYS_LAST_DUE_s_app_DAYS_REGISTRATION_min,286.65060874819756,22,0.6453280009945745,0.6006412579242163
5,f102_refused_AMT_CREDIT_s_app_AMT_CREDIT_d_app_AMT_INCOME_TOTAL_min,129.9493396282196,14,0.6453280009945745,0.6006412579242163
5,f102_refused_AMT_GOODS_PRICE_d_AMT_ANNUITY_diff_mean,119.59318017959595,11,0.6453280009945745,0.6006412579242163
5,f102_nyg_middle_DAYS_TERMINATION_d_app_DAYS_EMPLOYED_mean,49.528789043426514,5,0.6453280009945745,0.6006412579242163
5,f102_nyg_middle_DAYS_TERMINATION_d_app_DAYS_EMPLOYED_max,27.698360919952393,3,0.6453280009945745,0.6006412579242163
5,f102_nyg_middle_RATE_DOWN_PAYMENT_mean,90.22435903549194,7,0.6453280009945745,0.6006412579242163
5,f102_refused_AMT_APPLICATION_s_app_AMT_CREDIT_d_app_AMT_INCOME_TOTAL_pctchange_min,62.594839572906494,6,0.6453280009945745,0.6006412579242163
5,f102_refused_AMT_CREDIT_d_app_AMT_ANNUITY_min,144.20148181915283,10,0.6453280009945745,0.6006412579242163
5,f102_refused_AMT_APPLICATION_s_app_AMT_CREDIT_min,79.90244007110596,8,0.6453280009945745,0.6006412579242163
5,f102_refused_AMT_CREDIT_d_AMT_APPLICATION_min,289.494176864624,23,0.6453280009945745,0.6006412579242163
5,f102_nyg_middle_cnt_unpaid_mean,33.37904930114746,4,0.6453280009945745,0.6006412579242163
5,f102_nyg_middle_DAYS_LAST_DUE_s_app_DAYS_BIRTH_mean,65.69865942001343,7,0.6453280009945745,0.6006412579242163
5,f102_refused_AMT_CREDIT_d_AMT_ANNUITY_pctchange_mean,88.51978015899658,7,0.6453280009945745,0.6006412579242163
5,f102_refused_AMT_APPLICATION_s_app_AMT_ANNUITY_d_app_AMT_INCOME_TOTAL_min,61.771390438079834,7,0.6453280009945745,0.6006412579242163
5,f102_refused_AMT_CREDIT_d_AMT_ANNUITY_diff_max,227.85551291704178,22,0.6453280009945745,0.6006412579242163
5,f102_nyg_middle_total_debt_std,0.0,0,0.6453280009945745,0.6006412579242163
5,f102_refused_AMT_CREDIT_d_total_debt_std_div_mean,43.38176918029785,4,0.6453280009945745,0.6006412579242163
5,f102_refused_AMT_CREDIT_s_app_AMT_CREDIT_d_app_AMT_INCOME_TOTAL_pctchange_min,113.12539029121399,13,0.6453280009945745,0.6006412579242163
5,f102_nyg_middle_DAYS_LAST_DUE_s_app_DAYS_ID_PUBLISH_max,138.17276096343994,11,0.6453280009945745,0.6006412579242163
5,f102_refused_AMT_GOODS_PRICE_d_total_debt_std_div_mean,213.8184986114502,16,0.6453280009945745,0.6006412579242163
5,f102_refused_AMT_ANNUITY_d_app_AMT_ANNUITY_pctchange_max,287.95314741134644,25,0.6453280009945745,0.6006412579242163
5,f102_nyg_middle_NAME_CLIENT_TYPE_New_mean,598.306679725647,35,0.6453280009945745,0.6006412579242163
5,f102_refused_AMT_ANNUITY_mean,182.9334785938263,18,0.6453280009945745,0.6006412579242163
5,f102_nyg_middle_cnt_paid_sum,55.233309745788574,5,0.6453280009945745,0.6006412579242163
5,f102_refused_AMT_CREDIT_d_AMT_ANNUITY_pctchange_max,199.69559907913208,16,0.6453280009945745,0.6006412579242163
5,f102_refused_AMT_GOODS_PRICE_d_AMT_ANNUITY_pctchange_mean,111.01605352014303,12,0.6453280009945745,0.6006412579242163
5,f102_refused_AMT_GOODS_PRICE_d_AMT_CREDIT_mean,432.0388512611389,28,0.6453280009945745,0.6006412579242163
5,f102_refused_AMT_GOODS_PRICE_d_AMT_CREDIT_min,167.4570701122284,14,0.6453280009945745,0.6006412579242163
5,f102_nyg_middle_DAYS_LAST_DUE_s_app_DAYS_LAST_PHONE_CHANGE_max,108.08124017715454,8,0.6453280009945745,0.6006412579242163
5,f102_refused_AMT_ANNUITY_m_app_AMT_GOODS_PRICE_d_app_AMT_INCOME_TOTAL_diff_max,87.19464015960693,7,0.6453280009945745,0.6006412579242163
5,f102_refused_AMT_GOODS_PRICE_d_AMT_ANNUITY_diff_max,96.40729022026062,11,0.6453280009945745,0.6006412579242163
5,f102_refused_AMT_CREDIT_s_app_AMT_INCOME_TOTAL_mean,77.55526733398438,7,0.6453280009945745,0.6006412579242163
5,f102_nyg_middle_DAYS_LAST_DUE_s_app_DAYS_LAST_PHONE_CHANGE_min,77.78134059906006,5,0.6453280009945745,0.6006412579242163
5,f102_nyg_middle_amt_unpaid_mean,15.911443054676056,4,0.6453280009945745,0.6006412579242163
5,f102_refused_AMT_APPLICATION_s_app_AMT_INCOME_TOTAL_min,53.088950634002686,7,0.6453280009945745,0.6006412579242163
5,f102_nyg_middle_interest_rate_pctchange_std,16.432570457458496,2,0.6453280009945745,0.6006412579242163
5,f102_refused_AMT_APPLICATION_d_app_AMT_INCOME_TOTAL_min,67.23170971870422,9,0.6453280009945745,0.6006412579242163
5,f102_nyg_middle_RATE_DOWN_PAYMENT_min,43.243300437927246,3,0.6453280009945745,0.6006412579242163
5,f102_refused_AMT_GOODS_PRICE_d_AMT_ANNUITY_max_div_min,75.03683948516846,7,0.6453280009945745,0.6006412579242163
5,f102_nyg_middle_interest_rate_std_div_mean,199.2263627052307,18,0.6453280009945745,0.6006412579242163
5,f102_refused_AMT_CREDIT_d_app_AMT_GOODS_PRICE_min,130.2877106666565,11,0.6453280009945745,0.6006412579242163
5,f102_nyg_middle_DAYS_TERMINATION_s_app_DAYS_ID_PUBLISH_max,89.84163999557495,9,0.6453280009945745,0.6006412579242163
5,f102_nyg_middle_cnt_paid_ratio_min,152.33236932754517,11,0.6453280009945745,0.6006412579242163
5,f102_refused_AMT_CREDIT_d_AMT_ANNUITY_diff_mean,152.01637893915176,15,0.6453280009945745,0.6006412579242163
5,f102_nyg_middle_DAYS_LAST_DUE_s_app_DAYS_REGISTRATION_max,299.3822503089905,20,0.6453280009945745,0.6006412579242163
5,f102_refused_AMT_GOODS_PRICE_d_app_AMT_ANNUITY_min,24.76816987991333,3,0.6453280009945745,0.6006412579242163
5,f102_refused_AMT_ANNUITY_s_app_AMT_ANNUITY_d_app_AMT_INCOME_TOTAL_pctchange_std,30.477479934692383,3,0.6453280009945745,0.6006412579242163
5,f102_refused_AMT_ANNUITY_d_app_AMT_CREDIT_mean,234.60572957992554,16,0.6453280009945745,0.6006412579242163
5,f102_refused_AMT_APPLICATION_d_app_AMT_ANNUITY_mean,140.86135497689247,11,0.6453280009945745,0.6006412579242163
5,f102_refused_AMT_APPLICATION_d_app_AMT_GOODS_PRICE_mean,110.7666392326355,10,0.6453280009945745,0.6006412579242163
5,f102_refused_AMT_GOODS_PRICE_d_AMT_ANNUITY_pctchange_max,112.11030149459839,11,0.6453280009945745,0.6006412579242163
5,f102_nyg_middle_DAYS_TERMINATION_s_app_DAYS_LAST_PHONE_CHANGE_max,70.01679992675781,4,0.6453280009945745,0.6006412579242163
5,f102_refused_AMT_CREDIT_d_AMT_APPLICATION_mean,407.562780380249,21,0.6453280009945745,0.6006412579242163
5,f102_refused_AMT_APPLICATION_s_app_AMT_INCOME_TOTAL_mean,123.72201013565063,11,0.6453280009945745,0.6006412579242163
5,f102_refused_AMT_CREDIT_d_total_debt_pctchange_std,11.36359977722168,1,0.6453280009945745,0.6006412579242163
5,f102_refused_AMT_CREDIT_d_AMT_ANNUITY_pctchange_min,71.90071105957031,6,0.6453280009945745,0.6006412579242163
5,f102_refused_AMT_ANNUITY_d_app_AMT_ANNUITY_min,100.07340955734253,10,0.6453280009945745,0.6006412579242163
5,f102_nyg_middle_DAYS_TERMINATION_s_DAYS_LAST_DUE_1ST_VERSION_min,210.90998828411102,20,0.6453280009945745,0.6006412579242163
5,f102_refused_AMT_ANNUITY_d_app_AMT_ANNUITY_std_div_mean,119.20451855659485,10,0.6453280009945745,0.6006412579242163
5,f102_refused_AMT_CREDIT_d_AMT_APPLICATION_diff_std,62.901299476623535,5,0.6453280009945745,0.6006412579242163
5,f102_refused_AMT_CREDIT_s_app_AMT_INCOME_TOTAL_min,67.12411117553711,6,0.6453280009945745,0.6006412579242163
5,f102_nyg_middle_DAYS_TERMINATION_s_app_DAYS_REGISTRATION_max,109.46417093276978,9,0.6453280009945745,0.6006412579242163
5,f102_refused_AMT_APPLICATION_s_app_AMT_ANNUITY_min,61.782469749450684,5,0.6453280009945745,0.6006412579242163
5,f102_nyg_middle_DAYS_TERMINATION_s_DAYS_LAST_DUE_1ST_VERSION_max,93.90481162071228,9,0.6453280009945745,0.6006412579242163
5,f102_nyg_middle_DAYS_TERMINATION_s_DAYS_LAST_DUE_1ST_VERSION_mean,127.99128913879395,12,0.6453280009945745,0.6006412579242163
5,f102_refused_DAYS_DECISION_d_app_DAYS_EMPLOYED_max,4611.446717977524,32,0.6453280009945745,0.6006412579242163
5,f102_nyg_middle_DAYS_LAST_DUE_s_app_DAYS_ID_PUBLISH_mean,25.34961986541748,3,0.6453280009945745,0.6006412579242163
5,f102_refused_DAYS_DECISION_s_app_DAYS_BIRTH_mean,4047.692686676979,55,0.6453280009945745,0.6006412579242163
5,f102_refused_AMT_GOODS_PRICE_m_app_AMT_GOODS_PRICE_d_app_AMT_INCOME_TOTAL_min,22.09389019012451,3,0.6453280009945745,0.6006412579242163
5,f102_refused_AMT_GOODS_PRICE_s_app_AMT_CREDIT_min,24.068819999694824,3,0.6453280009945745,0.6006412579242163
5,f102_refused_AMT_CREDIT_d_app_AMT_ANNUITY_max,112.87905931472778,9,0.6453280009945745,0.6006412579242163
5,f102_refused_DAYS_DECISION_s_app_DAYS_BIRTH_min,2322.5955048799515,45,0.6453280009945745,0.6006412579242163
5,f102_refused_HOUR_APPR_PROCESS_START_mean,796.9896063804626,50,0.6453280009945745,0.6006412579242163
5,f102_refused_DAYS_DECISION_s_app_DAYS_BIRTH_max,3532.938014984131,46,0.6453280009945745,0.6006412579242163
5,f102_refused_DAYS_DECISION_s_app_DAYS_LAST_PHONE_CHANGE_min,4036.426792383194,68,0.6453280009945745,0.6006412579242163
5,f102_refused_AMT_GOODS_PRICE_s_app_AMT_CREDIT_d_app_AMT_INCOME_TOTAL_mean,144.12786030769348,11,0.6453280009945745,0.6006412579242163
5,f102_refused_AMT_GOODS_PRICE_s_app_AMT_ANNUITY_d_app_AMT_INCOME_TOTAL_min,50.85884952545166,4,0.6453280009945745,0.6006412579242163
5,f102_refused_AMT_GOODS_PRICE_s_app_AMT_CREDIT_d_app_AMT_INCOME_TOTAL_min,125.00696873664856,8,0.6453280009945745,0.6006412579242163
5,f102_refused_DAYS_DECISION_s_app_DAYS_LAST_PHONE_CHANGE_max,1038.0363364219666,33,0.6453280009945745,0.6006412579242163
5,f102_refused_DAYS_DECISION_s_app_DAYS_ID_PUBLISH_max,420.45742177963257,31,0.6453280009945745,0.6006412579242163
5,f102_refused_DAYS_DECISION_s_app_DAYS_ID_PUBLISH_min,923.7791835069656,58,0.6453280009945745,0.6006412579242163
5,f102_refused_DAYS_DECISION_d_app_DAYS_EMPLOYED_min,204.1903796195984,18,0.6453280009945745,0.6006412579242163
5,f102_refused_DAYS_DECISION_d_app_DAYS_EMPLOYED_mean,954.0958913564682,25,0.6453280009945745,0.6006412579242163
5,f102_refused_DAYS_DECISION_s_app_DAYS_ID_PUBLISH_mean,645.6586538553238,38,0.6453280009945745,0.6006412579242163
5,f102_refused_DAYS_DECISION_s_app_DAYS_LAST_PHONE_CHANGE_mean,1460.159285068512,43,0.6453280009945745,0.6006412579242163
5,f102_refused_DAYS_DECISION_s_app_DAYS_REGISTRATION_min,256.23766952753067,19,0.6453280009945745,0.6006412579242163
5,f102_refused_DAYS_DECISION_s_app_DAYS_REGISTRATION_mean,197.50251936912537,16,0.6453280009945745,0.6006412579242163
5,f102_refused_DAYS_DECISION_s_app_DAYS_EMPLOYED_mean,818.5292444229126,42,0.6453280009945745,0.6006412579242163
5,f102_refused_DAYS_DECISION_s_app_DAYS_REGISTRATION_max,257.5829017162323,16,0.6453280009945745,0.6006412579242163
5,f102_refused_DAYS_DECISION_s_app_DAYS_LAST_PHONE_CHANGE_std_div_mean,482.69291138648987,25,0.6453280009945745,0.6006412579242163
5,f102_refused_AMT_GOODS_PRICE_m_app_AMT_GOODS_PRICE_d_app_AMT_INCOME_TOTAL_pctchange_mean,62.22500014305115,9,0.6453280009945745,0.6006412579242163
5,f102_refused_AMT_GOODS_PRICE_s_app_AMT_CREDIT_d_app_AMT_INCOME_TOTAL_pctchange_mean,82.33787029981613,9,0.6453280009945745,0.6006412579242163
5,f102_refused_DAYS_DECISION_s_app_DAYS_EMPLOYED_max,631.8039412498474,31,0.6453280009945745,0.6006412579242163
5,f102_refused_AMT_GOODS_PRICE_s_app_AMT_INCOME_TOTAL_min,61.562769412994385,7,0.6453280009945745,0.6006412579242163
5,f102_refused_AMT_GOODS_PRICE_s_app_AMT_CREDIT_d_app_AMT_INCOME_TOTAL_pctchange_min,22.640120148658752,4,0.6453280009945745,0.6006412579242163
5,f102_refused_AMT_GOODS_PRICE_m_app_AMT_GOODS_PRICE_d_app_AMT_INCOME_TOTAL_pctchange_min,63.941269874572754,7,0.6453280009945745,0.6006412579242163
5,f102_refused_HOUR_APPR_PROCESS_START_std_div_mean,256.33364963531494,21,0.6453280009945745,0.6006412579242163
5,f102_refused_AMT_GOODS_PRICE_s_app_AMT_ANNUITY_min,90.82439923286438,9,0.6453280009945745,0.6006412579242163
5,f102_refused_AMT_GOODS_PRICE_s_app_AMT_ANNUITY_max,75.9840898513794,7,0.6453280009945745,0.6006412579242163
5,f102_refused_DAYS_DECISION_s_app_DAYS_EMPLOYED_min,1037.4045181274414,45,0.6453280009945745,0.6006412579242163
5,f102_refused_AMT_GOODS_PRICE_s_app_AMT_INCOME_TOTAL_max,46.3543906211853,4,0.6453280009945745,0.6006412579242163
5,f102_refused_HOUR_APPR_PROCESS_START_min,684.5186570584774,40,0.6453280009945745,0.6006412579242163
5,f102_refused_AMT_GOODS_PRICE_s_app_AMT_INCOME_TOTAL_mean,32.93290042877197,3,0.6453280009945745,0.6006412579242163
5,f102_refused_AMT_GOODS_PRICE_s_app_AMT_INCOME_TOTAL_std_div_mean,73.87742042541504,6,0.6453280009945745,0.6006412579242163
5,f102_refused_AMT_GOODS_PRICE_s_app_AMT_ANNUITY_mean,120.89894008636475,11,0.6453280009945745,0.6006412579242163
5,f102_refused_AMT_GOODS_PRICE_min,26.79631996154785,3,0.6453280009945745,0.6006412579242163
5,f102_refused_DAYS_DECISION_s_app_DAYS_EMPLOYED_std_div_mean,1671.744475364685,43,0.6453280009945745,0.6006412579242163
5,f102_refused_AMT_GOODS_PRICE_mean,126.55179715156555,9,0.6453280009945745,0.6006412579242163
5,f102_refused_DAYS_DECISION_d_app_DAYS_LAST_PHONE_CHANGE_std_div_mean,314.46418809890747,24,0.6453280009945745,0.6006412579242163
5,f102_refused_HOUR_APPR_PROCESS_START_std,127.85919952392578,11,0.6453280009945745,0.6006412579242163
5,f102_refused_AMT_GOODS_PRICE_s_app_AMT_ANNUITY_d_app_AMT_INCOME_TOTAL_std_div_mean,79.72891998291016,7,0.6453280009945745,0.6006412579242163
5,f102_refused_AMT_GOODS_PRICE_max,47.46240949630737,5,0.6453280009945745,0.6006412579242163
5,f102_refused_DAYS_DECISION_d_app_DAYS_EMPLOYED_std,305.22779655456543,13,0.6453280009945745,0.6006412579242163
5,f102_refused_AMT_GOODS_PRICE_max_div_min,71.51859951019287,3,0.6453280009945745,0.6006412579242163
5,f102_refused_AMT_GOODS_PRICE_s_app_AMT_CREDIT_d_app_AMT_INCOME_TOTAL_pctchange_std,30.722390174865723,3,0.6453280009945745,0.6006412579242163
5,f102_refused_AMT_GOODS_PRICE_std_div_mean,105.74732828140259,10,0.6453280009945745,0.6006412579242163
5,f102_refused_DAYS_DECISION_d_app_DAYS_BIRTH_std_div_mean,423.14810514450073,24,0.6453280009945745,0.6006412579242163
5,f102_refused_NAME_CONTRACT_TYPE_Cash_loans_sum,25.697730541229248,2,0.6453280009945745,0.6006412579242163
5,f102_refused_DAYS_DECISION_d_app_DAYS_EMPLOYED_std_div_mean,425.5194945335388,24,0.6453280009945745,0.6006412579242163
5,f102_refused_DAYS_DECISION_s_app_DAYS_BIRTH_std,199.69962787628174,14,0.6453280009945745,0.6006412579242163
5,f102_refused_AMT_GOODS_PRICE_s_app_AMT_ANNUITY_diff_std,0.0,0,0.6453280009945745,0.6006412579242163
5,f102_refused_AMT_GOODS_PRICE_s_app_AMT_GOODS_PRICE_pctchange_min,19.591370105743408,2,0.6453280009945745,0.6006412579242163
5,f102_refused_AMT_GOODS_PRICE_m_app_AMT_GOODS_PRICE_d_app_AMT_INCOME_TOTAL_pctchange_std_div_mean,121.49508047103882,9,0.6453280009945745,0.6006412579242163
5,f102_refused_AMT_GOODS_PRICE_s_app_AMT_GOODS_PRICE_pctchange_std,14.873689651489258,2,0.6453280009945745,0.6006412579242163
5,f102_refused_AMT_GOODS_PRICE_s_app_AMT_CREDIT_d_app_AMT_INCOME_TOTAL_pctchange_std_div_mean,80.02172088623047,6,0.6453280009945745,0.6006412579242163
5,f102_refused_AMT_GOODS_PRICE_s_app_AMT_ANNUITY_d_app_AMT_INCOME_TOTAL_diff_std_div_mean,38.73867154121399,3,0.6453280009945745,0.6006412579242163
5,f102_refused_CODE_REJECT_REASON_SCOFR_mean,562.6828145980835,20,0.6453280009945745,0.6006412579242163
5,f102_refused_AMT_GOODS_PRICE_s_app_AMT_CREDIT_pctchange_min,31.151598930358887,2,0.6453280009945745,0.6006412579242163
5,f102_refused_AMT_GOODS_PRICE_s_app_AMT_CREDIT_pctchange_mean,33.43013048171997,4,0.6453280009945745,0.6006412579242163
5,f102_refused_AMT_GOODS_PRICE_s_app_AMT_GOODS_PRICE_pctchange_mean,30.70745038986206,3,0.6453280009945745,0.6006412579242163
5,f102_refused_CHANNEL_TYPE_Credit_and_cash_offices_sum,156.27855157852173,14,0.6453280009945745,0.6006412579242163
5,f102_refused_HOUR_APPR_PROCESS_START_max_div_min,158.44049167633057,11,0.6453280009945745,0.6006412579242163
5,f102_refused_AMT_GOODS_PRICE_s_app_AMT_CREDIT_d_app_AMT_INCOME_TOTAL_diff_std_div_mean,25.275599479675293,2,0.6453280009945745,0.6006412579242163
5,f102_refused_CODE_REJECT_REASON_HC_mean,86.19903898239136,11,0.6453280009945745,0.6006412579242163
5,f102_refused_NAME_CLIENT_TYPE_Repeater_sum,25.05210018157959,2,0.6453280009945745,0.6006412579242163
5,f102_refused_CHANNEL_TYPE_AP___Cash_loan__mean,557.1833691596985,30,0.6453280009945745,0.6006412579242163
5,f102_refused_AMT_GOODS_PRICE_s_app_AMT_ANNUITY_std_div_mean,36.468899726867676,3,0.6453280009945745,0.6006412579242163
5,f102_refused_DAYS_DECISION_d_app_DAYS_ID_PUBLISH_std_div_mean,216.3050627708435,9,0.6453280009945745,0.6006412579242163
5,f102_refused_CHANNEL_TYPE_Country_wide_sum,0.0,0,0.6453280009945745,0.6006412579242163
5,f102_refused_AMT_GOODS_PRICE_s_app_AMT_GOODS_PRICE_diff_std,32.918139934539795,4,0.6453280009945745,0.6006412579242163
5,f102_refused_CHANNEL_TYPE_AP___Cash_loan__sum,253.84399890899658,13,0.6453280009945745,0.6006412579242163
5,f102_refused_AMT_GOODS_PRICE_s_app_AMT_CREDIT_diff_std,0.0,0,0.6453280009945745,0.6006412579242163
5,f102_refused_DAYS_DECISION_s_app_DAYS_EMPLOYED_std,166.4563717842102,10,0.6453280009945745,0.6006412579242163
5,f102_refused_CODE_REJECT_REASON_SCOFR_sum,346.3329019546509,16,0.6453280009945745,0.6006412579242163
5,f102_refused_AMT_GOODS_PRICE_s_app_AMT_CREDIT_pctchange_std,25.21684980392456,3,0.6453280009945745,0.6006412579242163
5,f102_refused_DAYS_DECISION_s_app_DAYS_LAST_PHONE_CHANGE_std,76.64939975738525,2,0.6453280009945745,0.6006412579242163
5,f102_refused_DAYS_DECISION_d_app_DAYS_REGISTRATION_std_div_mean,62.24870014190674,4,0.6453280009945745,0.6006412579242163
5,f102_refused_FLAG_LAST_APPL_PER_CONTRACT_mean,0.0,0,0.6453280009945745,0.6006412579242163
5,f102_refused_NAME_CASH_LOAN_PURPOSE_Other_mean,0.0,0,0.6453280009945745,0.6006412579242163
5,f102_refused_DAYS_DECISION_s_app_DAYS_REGISTRATION_std,27.345499992370605,2,0.6453280009945745,0.6006412579242163
5,f102_refused_DAYS_DECISION_s_app_DAYS_ID_PUBLISH_std,26.915199279785156,1,0.6453280009945745,0.6006412579242163
5,f102_refused_NAME_CLIENT_TYPE_New_sum,0.0,0,0.6453280009945745,0.6006412579242163
5,f102_refused_NAME_CASH_LOAN_PURPOSE_Urgent_needs_sum,0.0,0,0.6453280009945745,0.6006412579242163
5,f102_refused_CODE_REJECT_REASON_LIMIT_sum,0.0,0,0.6453280009945745,0.6006412579242163
5,f102_refused_NAME_CASH_LOAN_PURPOSE_Other_sum,0.0,0,0.6453280009945745,0.6006412579242163
5,f102_refused_interest_rate_diff_max,461.4190866947174,40,0.6453280009945745,0.6006412579242163
5,f102_refused_AMT_GOODS_PRICE_s_app_AMT_INCOME_TOTAL_diff_std,0.0,0,0.6453280009945745,0.6006412579242163
5,f102_refused_total_debt_max_div_min,149.9138708114624,13,0.6453280009945745,0.6006412579242163
5,f102_refused_interest_rate_mean,932.2716415524483,19,0.6453280009945745,0.6006412579242163
5,f102_refused_interest_rate_diff_std,126.47383880615234,12,0.6453280009945745,0.6006412579242163
5,f102_refused_interest_rate_std,73.91164946556091,8,0.6453280009945745,0.6006412579242163
5,f102_refused_interest_rate_max_div_min,61.8713493347168,5,0.6453280009945745,0.6006412579242163
5,f102_refused_total_debt_std_div_mean,123.60756015777588,10,0.6453280009945745,0.6006412579242163
5,f102_refused_interest_rate_max,923.7731161117554,14,0.6453280009945745,0.6006412579242163
5,f102_refused_interest_rate_diff_std_div_mean,187.95829963684082,19,0.6453280009945745,0.6006412579242163
5,f102_refused_interest_rate_std_div_mean,145.88842034339905,14,0.6453280009945745,0.6006412579242163
5,f102_refused_total_debt_min,190.6452100276947,20,0.6453280009945745,0.6006412579242163
5,f102_refused_SELLERPLACE_AREA_std_div_mean,860.8641784191132,42,0.6453280009945745,0.6006412579242163
5,f102_refused_NAME_TYPE_SUITE_Unaccompanied_mean,80.92301070690155,9,0.6453280009945745,0.6006412579242163
5,f102_refused_NAME_PRODUCT_TYPE_walk_in_mean,91.15223026275635,9,0.6453280009945745,0.6006412579242163
5,f102_refused_WEEKDAY_APPR_PROCESS_START_THURSDAY_sum,48.43574047088623,5,0.6453280009945745,0.6006412579242163
5,f102_refused_WEEKDAY_APPR_PROCESS_START_SUNDAY_mean,10.634599685668945,1,0.6453280009945745,0.6006412579242163
5,f102_refused_NAME_CASH_LOAN_PURPOSE_XNA_sum,18.29697036743164,2,0.6453280009945745,0.6006412579242163
5,f102_refused_NAME_PAYMENT_TYPE_Cash_through_the_bank_mean,64.84329891204834,8,0.6453280009945745,0.6006412579242163
5,f102_refused_WEEKDAY_APPR_PROCESS_START_MONDAY_sum,311.9455223083496,22,0.6453280009945745,0.6006412579242163
5,f102_refused_NAME_YIELD_GROUP_low_normal_mean,19.589890241622925,3,0.6453280009945745,0.6006412579242163
5,f102_refused_NAME_SELLER_INDUSTRY_XNA_sum,24.816470623016357,3,0.6453280009945745,0.6006412579242163
5,f102_refused_NAME_PRODUCT_TYPE_x_sell_mean,111.0870201587677,7,0.6453280009945745,0.6006412579242163
5,f102_refused_NAME_TYPE_SUITE_Family_mean,8.481080055236816,1,0.6453280009945745,0.6006412579242163
5,f102_refused_NAME_PRODUCT_TYPE_walk_in_sum,9.767260313034058,2,0.6453280009945745,0.6006412579242163
5,f102_refused_NAME_YIELD_GROUP_middle_mean,0.0,0,0.6453280009945745,0.6006412579242163
5,f102_refused_PRODUCT_COMBINATION_Card_X_Sell_mean,41.70681858062744,2,0.6453280009945745,0.6006412579242163
5,f102_refused_NAME_PAYMENT_TYPE_XNA_mean,31.369959831237793,4,0.6453280009945745,0.6006412579242163
5,f102_refused_NAME_SELLER_INDUSTRY_Connectivity_mean,116.09416007995605,8,0.6453280009945745,0.6006412579242163
6,f102_refused_NAME_YIELD_GROUP_low_normal_sum,1179.1864838600159,51,0.827126831017281,0.7633363046526243
6,f102_refused_RATE_DOWN_PAYMENT_mean,721.8290948867798,24,0.827126831017281,0.7633363046526243
6,f102_refused_NAME_YIELD_GROUP_low_action_mean,1049.469690322876,36,0.827126831017281,0.7633363046526243
6,f102_refused_PRODUCT_COMBINATION_Card_Street_mean,341.33133935928345,25,0.827126831017281,0.7633363046526243
6,f102_refused_PRODUCT_COMBINATION_Cash_mean,542.8832349777222,29,0.827126831017281,0.7633363046526243
6,f102_refused_NAME_PRODUCT_TYPE_XNA_mean,636.1646168231964,34,0.827126831017281,0.7633363046526243
6,f102_refused_NAME_YIELD_GROUP_high_mean,260.91488122940063,15,0.827126831017281,0.7633363046526243
6,f102_refused_NAME_PORTFOLIO_Cash_mean,732.4819102287292,49,0.827126831017281,0.7633363046526243
6,f102_refused_NAME_CONTRACT_STATUS_Refused_sum,496.4534983634949,34,0.827126831017281,0.7633363046526243
6,f102_refused_NAME_GOODS_CATEGORY_XNA_sum,2140.146082878113,93,0.827126831017281,0.7633363046526243
6,f001_EXT_SOURCES_mean,150376.03333234787,666,0.827126831017281,0.7633363046526243
6,f102_refused_NAME_PORTFOLIO_XNA_mean,555.0444402694702,30,0.827126831017281,0.7633363046526243
6,f002_ORGANIZATION_TYPE,37328.24707591534,2151,0.827126831017281,0.7633363046526243
6,f001_EXT_SOURCES_sum,33582.31966364384,401,0.827126831017281,0.7633363046526243
6,f001_AMT_GOODS_PRICE-d-AMT_CREDIT,10525.085231930017,356,0.827126831017281,0.7633363046526243
6,f001_EXT_SOURCE_3,21709.31792163849,611,0.827126831017281,0.7633363046526243
6,f001_AMT_GOODS_PRICE-d-AMT_ANNUITY,9285.939826235175,406,0.827126831017281,0.7633363046526243
6,f001_AMT_CREDIT-d-AMT_ANNUITY,16650.084993302822,764,0.827126831017281,0.7633363046526243
6,f001_EXT_SOURCE_2,14837.613464355469,463,0.827126831017281,0.7633363046526243
6,f001_AMT_ANNUITY-d-AMT_INCOME_TOTAL,5074.294686406851,378,0.827126831017281,0.7633363046526243
6,f001_DAYS_EMPLOYED,6963.536058068275,259,0.827126831017281,0.7633363046526243
6,f001_EXT_SOURCES_prod,7623.6765558719635,186,0.827126831017281,0.7633363046526243
6,f003_OCCUPATION_TYPE_ta,5323.454677045345,288,0.827126831017281,0.7633363046526243
6,f001_EXT_SOURCES_2-3,5228.769717097282,288,0.827126831017281,0.7633363046526243
6,f001_DAYS_ID_PUBLISH,4017.309953570366,295,0.827126831017281,0.7633363046526243
6,f003_NAME_EDUCATION_TYPE_ta,5953.669724106789,226,0.827126831017281,0.7633363046526243
6,f001_DAYS_LAST_PHONE_CHANGE,2201.1449350118637,166,0.827126831017281,0.7633363046526243
6,f001_AMT_CREDIT,3486.6526094675064,181,0.827126831017281,0.7633363046526243
6,f001_DAYS_ID_PUBLISH-s-DAYS_BIRTH,4897.83419418335,300,0.827126831017281,0.7633363046526243
6,f001_AMT_GOODS_PRICE-s-AMT_CREDIT,5926.7376317977905,302,0.827126831017281,0.7633363046526243
6,f001_EXT_SOURCE_1,4354.853405952454,265,0.827126831017281,0.7633363046526243
6,f001_AMT_GOODS_PRICE,5107.471687197685,278,0.827126831017281,0.7633363046526243
6,f001_DAYS_EMPLOYED-d-DAYS_BIRTH,3923.687812447548,196,0.827126831017281,0.7633363046526243
6,f001_EXT_SOURCES_std,2702.8049815893173,208,0.827126831017281,0.7633363046526243
6,f001_REGION_POPULATION_RELATIVE,2465.387774795294,211,0.827126831017281,0.7633363046526243
6,f001_AMT_GOODS_PRICE-s-AMT_CREDIT-d-AMT_INCOME_TOTAL,4022.136911034584,215,0.827126831017281,0.7633363046526243
6,f001_DAYS_REGISTRATION,1457.7190341688693,124,0.827126831017281,0.7633363046526243
6,f001_DAYS_LAST_PHONE_CHANGE-s-DAYS_REGISTRATION,1207.293076992035,113,0.827126831017281,0.7633363046526243
6,f001_CODE_GENDER,6426.598029613495,253,0.827126831017281,0.7633363046526243
6,f001_DAYS_REGISTRATION-s-DAYS_BIRTH,1514.0110483169556,136,0.827126831017281,0.7633363046526243
6,f001_EXT_SOURCES_1-2,2405.53724193573,182,0.827126831017281,0.7633363046526243
6,f001_age_finish_payment,2732.0612294375896,145,0.827126831017281,0.7633363046526243
6,f003_NAME_FAMILY_STATUS_ta,2659.6481570601463,178,0.827126831017281,0.7633363046526243
6,f001_AMT_GOODS_PRICE-d-cnt_adults,2200.476573765278,154,0.827126831017281,0.7633363046526243
6,f001_DAYS_LAST_PHONE_CHANGE-s-DAYS_EMPLOYED,2058.6137285232544,126,0.827126831017281,0.7633363046526243
6,f001_DAYS_LAST_PHONE_CHANGE-d-DAYS_BIRTH,1355.2606601715088,125,0.827126831017281,0.7633363046526243
6,f001_DAYS_LAST_PHONE_CHANGE-s-DAYS_ID_PUBLISH,1306.0774397850037,126,0.827126831017281,0.7633363046526243
6,f001_OWN_CAR_AGE-s-DAYS_EMPLOYED,3679.714934825897,185,0.827126831017281,0.7633363046526243
6,f001_OWN_CAR_AGE-d-DAYS_BIRTH,2851.9149718284607,168,0.827126831017281,0.7633363046526243
6,f001_AMT_CREDIT-d-CNT_FAM_MEMBERS,2450.737009704113,192,0.827126831017281,0.7633363046526243
6,f003_ORGANIZATION_TYPE_ta,2394.044634729624,132,0.827126831017281,0.7633363046526243
6,f001_age,1787.2966556549072,98,0.827126831017281,0.7633363046526243
6,f001_DAYS_ID_PUBLISH-s-DAYS_EMPLOYED,1477.1338769197464,133,0.827126831017281,0.7633363046526243
6,f001_DAYS_EMPLOYED-s-DAYS_BIRTH-d-DAYS_LAST_PHONE_CHANGE-s-DAYS_BIRTH,2393.65418446064,168,0.827126831017281,0.7633363046526243
6,f001_OWN_CAR_AGE-d-DAYS_EMPLOYED,2080.2506808042526,121,0.827126831017281,0.7633363046526243
6,f001_DAYS_LAST_PHONE_CHANGE-s-DAYS_BIRTH,2037.2927896082401,142,0.827126831017281,0.7633363046526243
6,f001_DAYS_BIRTH,1912.159830570221,114,0.827126831017281,0.7633363046526243
6,f001_DAYS_EMPLOYED-s-DAYS_BIRTH-d-DAYS_ID_PUBLISH-s-DAYS_BIRTH,1674.5861008763313,152,0.827126831017281,0.7633363046526243
6,f001_EXT_SOURCES_2-1-3,1216.901977777481,94,0.827126831017281,0.7633363046526243
6,f001_maxwell_feature,3647.590457201004,166,0.827126831017281,0.7633363046526243
6,f001_alldocs_kurt,3337.2663164138794,144,0.827126831017281,0.7633363046526243
6,f001_AMT_GOODS_PRICE-d-CNT_FAM_MEMBERS,1471.6242628097534,120,0.827126831017281,0.7633363046526243
6,f001_TOTALAREA_MODE,1401.432407617569,99,0.827126831017281,0.7633363046526243
6,f001_OWN_CAR_AGE,2492.1801347732544,119,0.827126831017281,0.7633363046526243
6,f001_OWN_CAR_AGE-s-DAYS_BIRTH,1454.4717203378677,101,0.827126831017281,0.7633363046526243
6,f001_EXT_SOURCES_1-2-3,973.3502269983292,78,0.827126831017281,0.7633363046526243
6,f001_LIVINGAREA_MODE,994.4912483692169,71,0.827126831017281,0.7633363046526243
6,f001_DEF_60_CNT_SOCIAL_CIRCLE-d-OBS_60_CNT_SOCIAL_CIRCLE,1786.8834033608437,116,0.827126831017281,0.7633363046526243
6,f001_AMT_CREDIT-d-CNT_CHILDREN,1015.9932212233543,87,0.827126831017281,0.7633363046526243
6,f001_building_score_mode_mean,1488.4914626777172,92,0.827126831017281,0.7633363046526243
6,f001_DEF_30_CNT_SOCIAL_CIRCLE-d-OBS_30_CNT_SOCIAL_CIRCLE,2347.1675868183374,144,0.827126831017281,0.7633363046526243
6,f001_building_score_avg_mean,1440.3357608318329,102,0.827126831017281,0.7633363046526243
6,f001_AMT_GOODS_PRICE-d-CNT_CHILDREN,866.414176940918,77,0.827126831017281,0.7633363046526243
6,f001_FLAG_WORK_PHONE,1811.0654492378235,109,0.827126831017281,0.7633363046526243
6,f001_building_score_medi_mean,988.9980397224426,69,0.827126831017281,0.7633363046526243
6,f001_HOUR_APPR_PROCESS_START,494.22536873817444,53,0.827126831017281,0.7633363046526243
6,f103_active_AMT_GOODS_PRICE_d_total_debt_min,625.6715707778931,29,0.827126831017281,0.7633363046526243
6,f103_active_AMT_CREDIT_d_total_debt_min,994.686371088028,43,0.827126831017281,0.7633363046526243
6,f103_active_AMT_CREDIT_d_total_debt_mean,592.7376146316528,32,0.827126831017281,0.7633363046526243
6,f103_active_AMT_CREDIT_d_total_debt_max,1051.7425818443298,50,0.827126831017281,0.7633363046526243
6,f003_NAME_HOUSING_TYPE_ta,913.0940597057343,82,0.827126831017281,0.7633363046526243
6,f001_APARTMENTS_MODE,768.624070763588,58,0.827126831017281,0.7633363046526243
6,f003_NAME_INCOME_TYPE_ta,1148.2274849414825,72,0.827126831017281,0.7633363046526243
6,f001_LIVINGAREA_AVG,860.0525789260864,60,0.827126831017281,0.7633363046526243
6,f001_REGION_RATING_CLIENT_W_CITY,1020.9481902122498,65,0.827126831017281,0.7633363046526243
6,f001_APARTMENTS_MEDI,721.6505198478699,59,0.827126831017281,0.7633363046526243
6,f001_LIVINGAREA_MEDI,607.9326024055481,51,0.827126831017281,0.7633363046526243
6,f103_active_AMT_GOODS_PRICE_d_total_debt_max,467.72604274749756,29,0.827126831017281,0.7633363046526243
6,f001_building_score_medi_sum,660.2463119029999,46,0.827126831017281,0.7633363046526243
6,f103_active_AMT_GOODS_PRICE_d_total_debt_mean,477.23248291015625,27,0.827126831017281,0.7633363046526243
6,f001_DEF_30_CNT_SOCIAL_CIRCLE,1227.3319582939148,71,0.827126831017281,0.7633363046526243
6,f001_APARTMENTS_AVG,732.1101016998291,53,0.827126831017281,0.7633363046526243
6,f001_building_score_avg_sum,528.3593728542328,34,0.827126831017281,0.7633363046526243
6,f001_building_score_mode_sum,889.1240435838699,57,0.827126831017281,0.7633363046526243
6,f103_active_DAYS_DECISION_d_app_DAYS_BIRTH_max,109.71776914596558,11,0.827126831017281,0.7633363046526243
6,f103_active_AMT_CREDIT_d_AMT_ANNUITY_max,296.0309100151062,22,0.827126831017281,0.7633363046526243
6,f103_active_DAYS_DECISION_s_app_DAYS_REGISTRATION_max,314.71799993515015,27,0.827126831017281,0.7633363046526243
6,f103_active_AMT_CREDIT_d_AMT_ANNUITY_min,168.85744953155518,14,0.827126831017281,0.7633363046526243
6,f103_active_AMT_CREDIT_d_total_debt_diff_min,451.1383023262024,35,0.827126831017281,0.7633363046526243
6,f001_FLOORSMAX_AVG,478.22205090522766,38,0.827126831017281,0.7633363046526243
6,f103_active_AMT_CREDIT_d_total_debt_diff_mean,948.1519260406494,72,0.827126831017281,0.7633363046526243
6,f103_active_AMT_GOODS_PRICE_d_AMT_ANNUITY_mean,398.200279712677,33,0.827126831017281,0.7633363046526243
6,f103_active_AMT_ANNUITY_s_app_AMT_GOODS_PRICE_max,253.38109683990479,20,0.827126831017281,0.7633363046526243
6,f001_FLAG_DOCUMENT_3,1025.13432264328,35,0.827126831017281,0.7633363046526243
6,f001_REGION_RATING_CLIENT,168.5330901145935,14,0.827126831017281,0.7633363046526243
6,f103_active_DAYS_DECISION_d_app_DAYS_BIRTH_mean,232.5138692855835,17,0.827126831017281,0.7633363046526243
6,f103_active_DAYS_DECISION_d_app_DAYS_BIRTH_min,149.5062699317932,14,0.827126831017281,0.7633363046526243
6,f103_approved_AMT_GOODS_PRICE_d_total_debt_mean,1760.1863136291504,87,0.827126831017281,0.7633363046526243
6,f103_approved_AMT_CREDIT_d_total_debt_diff_min,1933.4997286200523,120,0.827126831017281,0.7633363046526243
6,f103_approved_AMT_GOODS_PRICE_d_total_debt_min,1889.9839391708374,95,0.827126831017281,0.7633363046526243
6,f103_approved_DAYS_DECISION_s_app_DAYS_LAST_PHONE_CHANGE_max,248.65707969665527,18,0.827126831017281,0.7633363046526243
6,f103_approved_AMT_CREDIT_d_total_debt_mean,1341.3589828014374,80,0.827126831017281,0.7633363046526243
6,f103_approved_AMT_ANNUITY_s_app_AMT_GOODS_PRICE_min,272.68845891952515,20,0.827126831017281,0.7633363046526243
6,f103_approved_AMT_ANNUITY_s_app_AMT_GOODS_PRICE_mean,302.07431077957153,26,0.827126831017281,0.7633363046526243
6,f103_approved_AMT_CREDIT_d_total_debt_min,2151.7652230262756,103,0.827126831017281,0.7633363046526243
6,f103_approved_AMT_ANNUITY_s_app_AMT_GOODS_PRICE_max,497.3853837400675,38,0.827126831017281,0.7633363046526243
6,f103_approved_DAYS_DECISION_d_app_DAYS_EMPLOYED_min,259.1653190255165,23,0.827126831017281,0.7633363046526243
6,f103_approved_AMT_GOODS_PRICE_d_total_debt_max,1234.7407784461975,75,0.827126831017281,0.7633363046526243
6,f103_approved_AMT_CREDIT_d_total_debt_max,899.3400430679321,64,0.827126831017281,0.7633363046526243
6,f103_approved_AMT_ANNUITY_s_app_AMT_CREDIT_max,207.85418033599854,17,0.827126831017281,0.7633363046526243
6,f103_approved_DAYS_DECISION_s_app_DAYS_LAST_PHONE_CHANGE_mean,203.48194980621338,17,0.827126831017281,0.7633363046526243
6,f103_approved_DAYS_DECISION_d_app_DAYS_EMPLOYED_mean,199.1739490032196,18,0.827126831017281,0.7633363046526243
6,f103_approved_AMT_ANNUITY_d_app_AMT_INCOME_TOTAL_max,773.1938928365707,68,0.827126831017281,0.7633363046526243
6,f103_approved_DAYS_DECISION_s_app_DAYS_REGISTRATION_max,347.64170837402344,22,0.827126831017281,0.7633363046526243
6,f103_approved_AMT_ANNUITY_d_app_AMT_INCOME_TOTAL_min,565.3070373535156,52,0.827126831017281,0.7633363046526243
6,f103_approved_DAYS_DECISION_s_app_DAYS_ID_PUBLISH_min,272.5261926651001,21,0.827126831017281,0.7633363046526243
6,f103_approved_DAYS_DECISION_s_app_DAYS_ID_PUBLISH_max,376.05099868774414,29,0.827126831017281,0.7633363046526243
6,f103_approved_AMT_ANNUITY_s_app_AMT_ANNUITY_d_app_AMT_INCOME_TOTAL_mean,478.40015983581543,41,0.827126831017281,0.7633363046526243
6,f103_approved_AMT_ANNUITY_s_app_AMT_ANNUITY_d_app_AMT_INCOME_TOTAL_max,375.39932012557983,32,0.827126831017281,0.7633363046526243
6,f103_approved_DAYS_FIRST_DUE_s_app_DAYS_BIRTH_max,138.45222854614258,9,0.827126831017281,0.7633363046526243
6,f103_approved_AMT_ANNUITY_s_app_AMT_CREDIT_min,229.51955366134644,20,0.827126831017281,0.7633363046526243
6,f103_approved_AMT_ANNUITY_d_app_AMT_INCOME_TOTAL_mean,661.1179356575012,46,0.827126831017281,0.7633363046526243
6,f103_approved_DAYS_DECISION_s_app_DAYS_REGISTRATION_min,253.43519973754883,21,0.827126831017281,0.7633363046526243
6,f103_approved_AMT_ANNUITY_s_app_AMT_ANNUITY_max,445.17449164390564,37,0.827126831017281,0.7633363046526243
6,f103_approved_DAYS_DECISION_s_app_DAYS_BIRTH_max,253.85616087913513,18,0.827126831017281,0.7633363046526243
6,f103_approved_DAYS_FIRST_DUE_d_app_DAYS_BIRTH_min,328.77100229263306,33,0.827126831017281,0.7633363046526243
6,f103_approved_DAYS_DECISION_s_app_DAYS_ID_PUBLISH_mean,158.29412937164307,15,0.827126831017281,0.7633363046526243
6,f103_approved_DAYS_DECISION_s_app_DAYS_LAST_PHONE_CHANGE_min,232.32464933395386,21,0.827126831017281,0.7633363046526243
6,f103_approved_DAYS_FIRST_DUE_d_app_DAYS_EMPLOYED_min,224.4208221435547,17,0.827126831017281,0.7633363046526243
6,f103_approved_AMT_ANNUITY_mean,513.3104696273804,40,0.827126831017281,0.7633363046526243
6,f103_approved_AMT_ANNUITY_s_app_AMT_CREDIT_mean,237.46321821212769,18,0.827126831017281,0.7633363046526243
6,f103_approved_AMT_ANNUITY_s_app_AMT_ANNUITY_min,758.5812046527863,57,0.827126831017281,0.7633363046526243
6,f103_approved_AMT_ANNUITY_s_app_AMT_ANNUITY_d_app_AMT_INCOME_TOTAL_min,613.929248213768,48,0.827126831017281,0.7633363046526243
6,f103_approved_DAYS_FIRST_DUE_d_app_DAYS_EMPLOYED_max,295.1288378238678,21,0.827126831017281,0.7633363046526243
6,f103_approved_AMT_ANNUITY_d_app_AMT_GOODS_PRICE_min,374.7929503917694,34,0.827126831017281,0.7633363046526243
6,f103_approved_DAYS_DECISION_s_app_DAYS_BIRTH_min,135.5466706752777,13,0.827126831017281,0.7633363046526243
6,f103_approved_DAYS_DECISION_s_app_DAYS_REGISTRATION_mean,258.68585109710693,24,0.827126831017281,0.7633363046526243
6,f103_approved_DAYS_FIRST_DUE_d_app_DAYS_BIRTH_max,442.70583033561707,41,0.827126831017281,0.7633363046526243
6,f103_approved_DAYS_FIRST_DUE_s_app_DAYS_EMPLOYED_mean,128.4130721092224,12,0.827126831017281,0.7633363046526243
6,f103_approved_DAYS_FIRST_DUE_d_app_DAYS_EMPLOYED_mean,287.0236601829529,27,0.827126831017281,0.7633363046526243
6,f103_approved_DAYS_DECISION_s_app_DAYS_BIRTH_mean,131.9431505203247,10,0.827126831017281,0.7633363046526243
6,f103_approved_AMT_ANNUITY_min,543.7973027229309,49,0.827126831017281,0.7633363046526243
6,f103_approved_DAYS_DECISION_d_app_DAYS_BIRTH_min,511.2787606716156,46,0.827126831017281,0.7633363046526243
6,f103_approved_AMT_ANNUITY_s_app_AMT_ANNUITY_mean,493.4026303291321,38,0.827126831017281,0.7633363046526243
6,f103_approved_DAYS_FIRST_DUE_d_app_DAYS_BIRTH_mean,494.1274980902672,48,0.827126831017281,0.7633363046526243
6,f103_approved_AMT_GOODS_PRICE_d_AMT_CREDIT_mean,668.454237639904,55,0.827126831017281,0.7633363046526243
6,f103_approved_AMT_ANNUITY_d_app_AMT_CREDIT_min,363.1754789352417,30,0.827126831017281,0.7633363046526243
6,f103_approved_AMT_ANNUITY_d_app_AMT_ANNUITY_max,461.38988649845123,38,0.827126831017281,0.7633363046526243
6,f103_approved_AMT_APPLICATION_d_app_AMT_CREDIT_min,312.20420026779175,24,0.827126831017281,0.7633363046526243
6,f103_approved_AMT_ANNUITY_max,545.7802971601486,46,0.827126831017281,0.7633363046526243
6,f103_approved_AMT_ANNUITY_d_app_AMT_ANNUITY_min,324.2216477394104,26,0.827126831017281,0.7633363046526243
6,f103_approved_AMT_APPLICATION_d_app_AMT_ANNUITY_mean,201.88292121887207,18,0.827126831017281,0.7633363046526243
6,f103_active_interest_rate_diff_max,357.4054100513458,32,0.827126831017281,0.7633363046526243
6,f103_approved_AMT_ANNUITY_d_app_AMT_GOODS_PRICE_max,340.9790189266205,30,0.827126831017281,0.7633363046526243
6,f103_approved_AMT_ANNUITY_d_app_AMT_CREDIT_max,404.3991470336914,35,0.827126831017281,0.7633363046526243
6,f103_approved_AMT_GOODS_PRICE_d_app_AMT_CREDIT_min,236.04054880142212,20,0.827126831017281,0.7633363046526243
6,f103_approved_AMT_CREDIT_d_AMT_APPLICATION_mean,337.84117245674133,27,0.827126831017281,0.7633363046526243
6,f103_approved_AMT_CREDIT_d_AMT_APPLICATION_max,473.1852219104767,39,0.827126831017281,0.7633363046526243
6,f103_approved_AMT_GOODS_PRICE_d_app_AMT_ANNUITY_min,259.1273419857025,25,0.827126831017281,0.7633363046526243
6,f103_approved_DAYS_DECISION_s_app_DAYS_EMPLOYED_max,171.1696605682373,14,0.827126831017281,0.7633363046526243
6,f103_active_interest_rate_max,190.49549007415771,13,0.827126831017281,0.7633363046526243
6,f103_approved_AMT_ANNUITY_d_app_AMT_GOODS_PRICE_mean,388.8061604499817,29,0.827126831017281,0.7633363046526243
6,f103_approved_AMT_GOODS_PRICE_d_AMT_CREDIT_min,354.14912712574005,28,0.827126831017281,0.7633363046526243
6,f103_approved_AMT_GOODS_PRICE_d_app_AMT_ANNUITY_mean,360.61009991168976,30,0.827126831017281,0.7633363046526243
6,f103_approved_AMT_CREDIT_s_app_AMT_ANNUITY_d_app_AMT_INCOME_TOTAL_pctchange_std,194.62316989898682,18,0.827126831017281,0.7633363046526243
6,f103_approved_DAYS_DECISION_d_app_DAYS_EMPLOYED_max,154.77744102478027,14,0.827126831017281,0.7633363046526243
6,f103_approved_AMT_APPLICATION_min,203.85960054397583,16,0.827126831017281,0.7633363046526243
6,f103_approved_AMT_ANNUITY_d_app_AMT_ANNUITY_mean,387.993980884552,28,0.827126831017281,0.7633363046526243
6,f103_approved_AMT_GOODS_PRICE_d_AMT_CREDIT_max,506.31100392341614,42,0.827126831017281,0.7633363046526243
6,f103_approved_AMT_APPLICATION_d_app_AMT_CREDIT_mean,437.3823289871216,33,0.827126831017281,0.7633363046526243
6,f103_approved_AMT_CREDIT_d_AMT_APPLICATION_min,314.7179388999939,32,0.827126831017281,0.7633363046526243
6,f103_approved_DAYS_DECISION_d_app_DAYS_BIRTH_max,346.33912086486816,30,0.827126831017281,0.7633363046526243
6,f103_approved_DAYS_DECISION_d_app_DAYS_BIRTH_mean,359.91253900527954,32,0.827126831017281,0.7633363046526243
6,f103_approved_AMT_APPLICATION_d_app_AMT_ANNUITY_min,198.3407907485962,15,0.827126831017281,0.7633363046526243
6,f103_approved_DAYS_FIRST_DUE_d_app_DAYS_REGISTRATION_std,172.1369800567627,16,0.827126831017281,0.7633363046526243
6,f103_approved_AMT_GOODS_PRICE_d_app_AMT_CREDIT_mean,320.63618183135986,25,0.827126831017281,0.7633363046526243
6,f103_approved_AMT_CREDIT_s_app_AMT_ANNUITY_d_app_AMT_INCOME_TOTAL_std_div_mean,280.7717094421387,25,0.827126831017281,0.7633363046526243
6,f103_approved_AMT_GOODS_PRICE_s_app_AMT_ANNUITY_mean,206.73326778411865,19,0.827126831017281,0.7633363046526243
6,f103_approved_DAYS_FIRST_DUE_s_DAYS_DECISIONS_mean,518.1387696266174,42,0.827126831017281,0.7633363046526243
6,f103_approved_AMT_GOODS_PRICE_d_AMT_ANNUITY_std_div_mean,164.8129301071167,15,0.827126831017281,0.7633363046526243
6,f103_approved_AMT_ANNUITY_d_app_AMT_CREDIT_std,230.005952835083,20,0.827126831017281,0.7633363046526243
6,f103_approved_AMT_CREDIT_d_app_AMT_ANNUITY_diff_std_div_mean,292.14746141433716,26,0.827126831017281,0.7633363046526243
6,f103_approved_DAYS_FIRST_DUE_d_app_DAYS_EMPLOYED_std_div_mean,196.6945791207254,17,0.827126831017281,0.7633363046526243
6,f103_approved_AMT_CREDIT_d_AMT_ANNUITY_std,241.02889108657837,20,0.827126831017281,0.7633363046526243
6,f103_approved_AMT_APPLICATION_mean,150.17894610762596,15,0.827126831017281,0.7633363046526243
6,f103_active_interest_rate_min,222.79648685455322,15,0.827126831017281,0.7633363046526243
6,f103_active_interest_rate_diff_min,318.66863918304443,28,0.827126831017281,0.7633363046526243
6,f103_approved_AMT_CREDIT_d_AMT_APPLICATION_std,262.3774299621582,23,0.827126831017281,0.7633363046526243
6,f103_approved_DAYS_FIRST_DUE_d_app_DAYS_EMPLOYED_std,141.55939865112305,13,0.827126831017281,0.7633363046526243
6,f103_approved_AMT_ANNUITY_d_app_AMT_CREDIT_mean,311.61371064186096,25,0.827126831017281,0.7633363046526243
6,f103_approved_AMT_APPLICATION_s_app_AMT_ANNUITY_min,175.90811920166016,16,0.827126831017281,0.7633363046526243
6,f103_active_interest_rate_mean,203.41335916519165,18,0.827126831017281,0.7633363046526243
6,f103_approved_DAYS_FIRST_DRAWING_d_app_DAYS_ID_PUBLISH_max,992.7226982116699,57,0.827126831017281,0.7633363046526243
6,f103_approved_DAYS_FIRST_DUE_s_DAYS_DECISIONS_max,483.77263879776,34,0.827126831017281,0.7633363046526243
6,f103_approved_DAYS_DECISION_d_app_DAYS_EMPLOYED_std_div_mean,306.95627784729004,26,0.827126831017281,0.7633363046526243
6,f103_approved_AMT_GOODS_PRICE_d_AMT_ANNUITY_std,366.8703422546387,31,0.827126831017281,0.7633363046526243
6,f103_approved_AMT_ANNUITY_s_app_AMT_ANNUITY_d_app_AMT_INCOME_TOTAL_pctchange_std,234.6571683883667,22,0.827126831017281,0.7633363046526243
6,f103_approved_DAYS_DECISION_s_app_DAYS_ID_PUBLISH_max_div_min,127.30672836303711,10,0.827126831017281,0.7633363046526243
6,f103_approved_AMT_GOODS_PRICE_s_app_AMT_ANNUITY_min,201.4884705543518,20,0.827126831017281,0.7633363046526243
6,f103_approved_DAYS_DECISION_s_app_DAYS_EMPLOYED_min,203.15609216690063,18,0.827126831017281,0.7633363046526243
6,f103_active_interest_rate_diff_mean,114.77758884429932,11,0.827126831017281,0.7633363046526243
6,f103_approved_AMT_CREDIT_d_total_debt_pctchange_std,352.03827142715454,28,0.827126831017281,0.7633363046526243
6,f103_approved_AMT_GOODS_PRICE_d_total_debt_pctchange_std,127.96945095062256,9,0.827126831017281,0.7633363046526243
6,f103_approved_AMT_GOODS_PRICE_min,150.27224551700056,17,0.827126831017281,0.7633363046526243
6,f103_active_amt_paid_mean,697.7065405845642,53,0.827126831017281,0.7633363046526243
6,f103_approved_AMT_CREDIT_d_AMT_APPLICATION_diff_std,161.20336055755615,15,0.827126831017281,0.7633363046526243
6,f103_active_DAYS_LAST_DUE_1ST_VERSION_d_app_DAYS_BIRTH_max,418.99925923347473,31,0.827126831017281,0.7633363046526243
6,f103_approved_AMT_APPLICATION_s_app_AMT_ANNUITY_mean,288.5691900253296,21,0.827126831017281,0.7633363046526243
6,f103_active_amt_paid_min,561.6619300842285,43,0.827126831017281,0.7633363046526243
6,f103_approved_DAYS_DECISION_d_app_DAYS_EMPLOYED_std,192.31885051727295,17,0.827126831017281,0.7633363046526243
6,f103_approved_DAYS_DECISION_s_app_DAYS_EMPLOYED_mean,157.5364899635315,13,0.827126831017281,0.7633363046526243
6,f103_approved_DAYS_FIRST_DUE_s_DAYS_DECISIONS_min,672.5854358673096,46,0.827126831017281,0.7633363046526243
6,f103_approved_AMT_GOODS_PRICE_d_total_debt_std,52.44032472372055,7,0.827126831017281,0.7633363046526243
6,f103_approved_DAYS_FIRST_DRAWING_s_app_DAYS_LAST_PHONE_CHANGE_mean,606.3836398124695,39,0.827126831017281,0.7633363046526243
6,f103_approved_AMT_CREDIT_d_total_debt_std_div_mean,329.5567207336426,24,0.827126831017281,0.7633363046526243
6,f103_approved_AMT_CREDIT_d_total_debt_std,264.307222366333,20,0.827126831017281,0.7633363046526243
6,f103_approved_AMT_APPLICATION_s_app_AMT_GOODS_PRICE_std_div_mean,204.57141828536987,19,0.827126831017281,0.7633363046526243
6,f103_approved_AMT_GOODS_PRICE_d_total_debt_std_div_mean,166.4175796508789,14,0.827126831017281,0.7633363046526243
6,f103_active_HOUR_APPR_PROCESS_START_mean,104.38920879364014,9,0.827126831017281,0.7633363046526243
6,f103_active_DAYS_LAST_DUE_1ST_VERSION_d_app_DAYS_BIRTH_mean,875.7490139007568,57,0.827126831017281,0.7633363046526243
6,f103_approved_AMT_GOODS_PRICE_mean,239.70008087158203,21,0.827126831017281,0.7633363046526243
6,f103_approved_AMT_CREDIT_d_total_debt_diff_std,244.58027839660645,19,0.827126831017281,0.7633363046526243
6,f103_active_DAYS_LAST_DUE_1ST_VERSION_d_app_DAYS_EMPLOYED_max,369.2353410720825,27,0.827126831017281,0.7633363046526243
6,f103_active_HOUR_APPR_PROCESS_START_max,109.64527893066406,9,0.827126831017281,0.7633363046526243
6,f103_approved_DAYS_FIRST_DRAWING_s_app_DAYS_REGISTRATION_max,656.6656770706177,40,0.827126831017281,0.7633363046526243
6,f103_approved_DAYS_FIRST_DRAWING_s_app_DAYS_ID_PUBLISH_min,705.8633451461792,43,0.827126831017281,0.7633363046526243
6,f103_approved_AMT_APPLICATION_s_app_AMT_ANNUITY_d_app_AMT_INCOME_TOTAL_pctchange_std_div_mean,103.12392139434814,10,0.827126831017281,0.7633363046526243
6,f103_active_DAYS_LAST_DUE_1ST_VERSION_s_app_DAYS_ID_PUBLISH_max,157.3935785293579,12,0.827126831017281,0.7633363046526243
6,f103_active_DAYS_LAST_DUE_1ST_VERSION_s_app_DAYS_LAST_PHONE_CHANGE_mean,75.6193904876709,7,0.827126831017281,0.7633363046526243
6,f103_active_DAYS_FIRST_DUE_d_app_DAYS_BIRTH_mean,81.79943060874939,7,0.827126831017281,0.7633363046526243
6,f103_active_DAYS_LAST_DUE_1ST_VERSION_s_app_DAYS_ID_PUBLISH_min,285.6451292037964,22,0.827126831017281,0.7633363046526243
6,f103_approved_AMT_ANNUITY_d_app_AMT_ANNUITY_diff_std,217.6786801815033,19,0.827126831017281,0.7633363046526243
6,f103_approved_AMT_ANNUITY_s_app_AMT_ANNUITY_diff_std,165.75334072113037,14,0.827126831017281,0.7633363046526243
6,f103_active_DAYS_LAST_DUE_1ST_VERSION_d_app_DAYS_EMPLOYED_mean,516.832416832447,37,0.827126831017281,0.7633363046526243
6,f103_approved_AMT_GOODS_PRICE_d_total_debt_diff_std,73.30563163757324,6,0.827126831017281,0.7633363046526243
6,f103_approved_DAYS_FIRST_DUE_s_DAYS_DECISIONS_std_div_mean,137.47548949718475,13,0.827126831017281,0.7633363046526243
6,f103_active_DAYS_LAST_DUE_1ST_VERSION_d_app_DAYS_BIRTH_min,815.0489840507507,50,0.827126831017281,0.7633363046526243
6,f103_active_DAYS_TERMINATION_s_DAYS_LAST_DUE_1ST_VERSION_max,482.6345200538635,38,0.827126831017281,0.7633363046526243
6,f103_active_DAYS_FIRST_DUE_d_app_DAYS_BIRTH_max,186.96983003616333,15,0.827126831017281,0.7633363046526243
6,f103_active_DAYS_LAST_DUE_1ST_VERSION_d_app_DAYS_EMPLOYED_min,262.2032732963562,19,0.827126831017281,0.7633363046526243
6,f103_approved_DAYS_FIRST_DRAWING_s_app_DAYS_EMPLOYED_min,519.4711999893188,34,0.827126831017281,0.7633363046526243
6,f103_active_amt_unpaid_max,248.60320138931274,20,0.827126831017281,0.7633363046526243
6,f103_approved_CNT_PAYMENT_mean,220.90754175186157,18,0.827126831017281,0.7633363046526243
6,f103_active_DAYS_LAST_DUE_1ST_VERSION_s_app_DAYS_LAST_PHONE_CHANGE_max,106.62886142730713,10,0.827126831017281,0.7633363046526243
6,f103_active_DAYS_LAST_DUE_1ST_VERSION_s_app_DAYS_EMPLOYED_max,321.76692056655884,25,0.827126831017281,0.7633363046526243
6,f103_active_DAYS_FIRST_DUE_d_app_DAYS_BIRTH_min,146.58562850952148,14,0.827126831017281,0.7633363046526243
6,f103_approved_CNT_PAYMENT_std_div_mean,177.61144924163818,15,0.827126831017281,0.7633363046526243
6,f103_approved_AMT_APPLICATION_s_app_AMT_CREDIT_d_app_AMT_INCOME_TOTAL_pctchange_std_div_mean,84.35304880142212,8,0.827126831017281,0.7633363046526243
6,f103_active_DAYS_FIRST_DUE_s_app_DAYS_LAST_PHONE_CHANGE_max,135.97988104820251,11,0.827126831017281,0.7633363046526243
6,f103_active_DAYS_FIRST_DUE_s_app_DAYS_LAST_PHONE_CHANGE_mean,77.5959701538086,7,0.827126831017281,0.7633363046526243
6,f103_approved_AMT_GOODS_PRICE_s_app_AMT_ANNUITY_d_app_AMT_INCOME_TOTAL_pctchange_std_div_mean,78.63780975341797,7,0.827126831017281,0.7633363046526243
6,f103_approved_AMT_ANNUITY_d_app_AMT_GOODS_PRICE_diff_std,196.22289037704468,17,0.827126831017281,0.7633363046526243
6,f103_active_amt_unpaid_sum,332.53870964050293,26,0.827126831017281,0.7633363046526243
6,f103_approved_AMT_ANNUITY_d_app_AMT_CREDIT_diff_std,168.73884105682373,17,0.827126831017281,0.7633363046526243
6,f103_active_DAYS_LAST_DUE_d_app_DAYS_BIRTH_min,577.6408004760742,41,0.827126831017281,0.7633363046526243
6,f103_active_HOUR_APPR_PROCESS_START_min,73.67616939544678,6,0.827126831017281,0.7633363046526243
6,f103_approved_AMT_DOWN_PAYMENT_d_AMT_GOODS_PRICE_diff_std,163.63096046447754,14,0.827126831017281,0.7633363046526243
6,f103_approved_AMT_CREDIT_d_total_debt_max_div_min,113.95767021179199,9,0.827126831017281,0.7633363046526243
6,f103_active_cnt_paid_sum,264.226402759552,20,0.827126831017281,0.7633363046526243
6,f103_active_DAYS_LAST_DUE_1ST_VERSION_s_app_DAYS_REGISTRATION_max,187.53182935714722,17,0.827126831017281,0.7633363046526243
6,f103_approved_interest_rate_max,506.62476992607117,42,0.827126831017281,0.7633363046526243
6,f103_active_DAYS_LAST_DUE_1ST_VERSION_s_app_DAYS_LAST_PHONE_CHANGE_min,128.71847021579742,9,0.827126831017281,0.7633363046526243
6,f103_approved_interest_rate_min,1112.830161690712,86,0.827126831017281,0.7633363046526243
6,f103_approved_DAYS_FIRST_DUE_s_app_DAYS_BIRTH_min,166.8656502366066,14,0.827126831017281,0.7633363046526243
6,f103_approved_DAYS_FIRST_DUE_s_app_DAYS_BIRTH_mean,142.9723925590515,11,0.827126831017281,0.7633363046526243
6,f103_approved_DAYS_TERMINATION_s_DAYS_LAST_DUE_1ST_VERSION_max,2519.6300542354584,162,0.827126831017281,0.7633363046526243
6,f103_approved_DAYS_FIRST_DUE_s_app_DAYS_EMPLOYED_max,64.42090034484863,5,0.827126831017281,0.7633363046526243
6,f103_approved_DAYS_LAST_DUE_1ST_VERSION_d_app_DAYS_BIRTH_min,586.3731491565704,45,0.827126831017281,0.7633363046526243
6,f103_approved_HOUR_APPR_PROCESS_START_mean,619.8241677284241,55,0.827126831017281,0.7633363046526243
6,f103_completed_AMT_ANNUITY_s_app_AMT_GOODS_PRICE_max,104.43995022773743,9,0.827126831017281,0.7633363046526243
6,f103_approved_interest_rate_mean,810.2793132066727,67,0.827126831017281,0.7633363046526243
6,f103_approved_DAYS_FIRST_DUE_s_app_DAYS_LAST_PHONE_CHANGE_min,235.9032120704651,21,0.827126831017281,0.7633363046526243
6,f103_approved_DAYS_LAST_DUE_d_app_DAYS_EMPLOYED_max,225.40184020996094,20,0.827126831017281,0.7633363046526243
6,f103_approved_DAYS_FIRST_DUE_s_app_DAYS_LAST_PHONE_CHANGE_max,344.98490047454834,26,0.827126831017281,0.7633363046526243
6,f103_completed_AMT_ANNUITY_s_app_AMT_GOODS_PRICE_min,261.52629792690277,22,0.827126831017281,0.7633363046526243
6,f103_approved_DAYS_FIRST_DUE_s_app_DAYS_EMPLOYED_min,121.65098810195923,10,0.827126831017281,0.7633363046526243
6,f103_completed_AMT_CREDIT_d_total_debt_min,484.5895390510559,43,0.827126831017281,0.7633363046526243
6,f103_approved_DAYS_LAST_DUE_d_app_DAYS_EMPLOYED_mean,211.86689913272858,16,0.827126831017281,0.7633363046526243
6,f103_approved_DAYS_TERMINATION_s_DAYS_LAST_DUE_1ST_VERSION_mean,1464.6278354525566,107,0.827126831017281,0.7633363046526243
6,f103_approved_HOUR_APPR_PROCESS_START_max,342.9627594947815,32,0.827126831017281,0.7633363046526243
6,f103_approved_DAYS_FIRST_DUE_s_app_DAYS_LAST_PHONE_CHANGE_mean,264.326917886734,26,0.827126831017281,0.7633363046526243
6,f103_approved_DAYS_TERMINATION_s_DAYS_LAST_DUE_1ST_VERSION_min,814.5783889293671,60,0.827126831017281,0.7633363046526243
6,f103_completed_AMT_ANNUITY_s_app_AMT_GOODS_PRICE_mean,97.8649787902832,7,0.827126831017281,0.7633363046526243
6,f103_approved_DAYS_TERMINATION_d_app_DAYS_BIRTH_min,576.9523475170135,49,0.827126831017281,0.7633363046526243
6,f103_completed_AMT_ANNUITY_s_app_AMT_CREDIT_max,150.9158205986023,11,0.827126831017281,0.7633363046526243
6,f103_completed_AMT_CREDIT_d_total_debt_mean,346.65469789505005,27,0.827126831017281,0.7633363046526243
6,f103_approved_DAYS_TERMINATION_d_app_DAYS_EMPLOYED_mean,183.60158014297485,17,0.827126831017281,0.7633363046526243
6,f103_approved_DAYS_LAST_DUE_1ST_VERSION_d_app_DAYS_BIRTH_mean,633.9542379379272,49,0.827126831017281,0.7633363046526243
6,f103_approved_DAYS_LAST_DUE_d_app_DAYS_BIRTH_max,696.8323872089386,60,0.827126831017281,0.7633363046526243
6,f103_approved_DAYS_LAST_DUE_1ST_VERSION_s_app_DAYS_BIRTH_min,270.59586930274963,20,0.827126831017281,0.7633363046526243
6,f103_completed_AMT_CREDIT_d_total_debt_pctchange_max,570.9957237243652,37,0.827126831017281,0.7633363046526243
6,f103_completed_AMT_CREDIT_d_total_debt_max,280.1463599205017,24,0.827126831017281,0.7633363046526243
6,f103_approved_DAYS_LAST_DUE_d_app_DAYS_BIRTH_min,521.6075706481934,46,0.827126831017281,0.7633363046526243
6,f103_approved_DAYS_FIRST_DUE_s_app_DAYS_ID_PUBLISH_min,252.7490394115448,20,0.827126831017281,0.7633363046526243
6,f103_approved_DAYS_TERMINATION_d_app_DAYS_BIRTH_mean,485.04155987501144,39,0.827126831017281,0.7633363046526243
6,f103_completed_AMT_ANNUITY_s_app_AMT_CREDIT_min,190.29756021499634,18,0.827126831017281,0.7633363046526243
6,f103_approved_DAYS_FIRST_DUE_s_app_DAYS_ID_PUBLISH_max,320.59906101226807,23,0.827126831017281,0.7633363046526243
6,f103_approved_HOUR_APPR_PROCESS_START_min,335.7042419910431,32,0.827126831017281,0.7633363046526243
6,f103_approved_DAYS_LAST_DUE_1ST_VERSION_s_app_DAYS_LAST_PHONE_CHANGE_min,360.4297103881836,33,0.827126831017281,0.7633363046526243
6,f103_completed_AMT_ANNUITY_s_app_AMT_ANNUITY_d_app_AMT_INCOME_TOTAL_min,345.01383876800537,24,0.827126831017281,0.7633363046526243
6,f103_completed_AMT_CREDIT_d_AMT_APPLICATION_min,249.12630033493042,21,0.827126831017281,0.7633363046526243
6,f103_approved_DAYS_LAST_DUE_1ST_VERSION_s_app_DAYS_ID_PUBLISH_max,310.9684991836548,28,0.827126831017281,0.7633363046526243
6,f103_completed_AMT_ANNUITY_s_app_AMT_ANNUITY_max,549.7840332984924,40,0.827126831017281,0.7633363046526243
6,f103_approved_DAYS_LAST_DUE_1ST_VERSION_s_app_DAYS_REGISTRATION_max,402.58245038986206,30,0.827126831017281,0.7633363046526243
6,f103_approved_DAYS_TERMINATION_d_app_DAYS_BIRTH_max,372.3913378715515,33,0.827126831017281,0.7633363046526243
6,f103_approved_DAYS_LAST_DUE_d_app_DAYS_BIRTH_mean,321.48328161239624,27,0.827126831017281,0.7633363046526243
6,f103_approved_DAYS_LAST_DUE_1ST_VERSION_s_app_DAYS_ID_PUBLISH_min,373.28507359325886,28,0.827126831017281,0.7633363046526243
6,f103_approved_DAYS_LAST_DUE_1ST_VERSION_s_app_DAYS_LAST_PHONE_CHANGE_max,273.0404305458069,25,0.827126831017281,0.7633363046526243
6,f103_approved_DAYS_FIRST_DUE_s_app_DAYS_ID_PUBLISH_mean,152.35467147827148,14,0.827126831017281,0.7633363046526243
6,f103_approved_DAYS_LAST_DUE_1ST_VERSION_s_app_DAYS_EMPLOYED_max,265.0585699081421,24,0.827126831017281,0.7633363046526243
6,f103_completed_AMT_CREDIT_d_AMT_APPLICATION_mean,262.85288095474243,19,0.827126831017281,0.7633363046526243
6,f103_completed_AMT_GOODS_PRICE_d_AMT_CREDIT_mean,233.62264966964722,16,0.827126831017281,0.7633363046526243
6,f103_completed_AMT_ANNUITY_min,299.81685876846313,25,0.827126831017281,0.7633363046526243
6,f103_completed_AMT_GOODS_PRICE_d_AMT_ANNUITY_max,628.5601062774658,41,0.827126831017281,0.7633363046526243
6,f103_approved_DAYS_TERMINATION_s_app_DAYS_LAST_PHONE_CHANGE_max,298.60181951522827,28,0.827126831017281,0.7633363046526243
6,f103_approved_DAYS_LAST_DUE_1ST_VERSION_s_app_DAYS_EMPLOYED_min,238.2656591719715,23,0.827126831017281,0.7633363046526243
6,f103_completed_AMT_ANNUITY_s_app_AMT_CREDIT_mean,176.91213589906693,13,0.827126831017281,0.7633363046526243
6,f103_completed_AMT_ANNUITY_s_app_AMT_ANNUITY_d_app_AMT_INCOME_TOTAL_max,317.6021795272827,25,0.827126831017281,0.7633363046526243
6,f103_approved_interest_rate_std_div_mean,426.8399395942688,38,0.827126831017281,0.7633363046526243
6,f103_completed_AMT_GOODS_PRICE_d_AMT_CREDIT_max,416.0859613418579,31,0.827126831017281,0.7633363046526243
6,f103_completed_AMT_ANNUITY_d_app_AMT_INCOME_TOTAL_max,737.215126991272,47,0.827126831017281,0.7633363046526243
6,f103_completed_AMT_ANNUITY_s_app_AMT_ANNUITY_min,290.8909993171692,22,0.827126831017281,0.7633363046526243
6,f103_completed_AMT_ANNUITY_s_app_AMT_ANNUITY_d_app_AMT_INCOME_TOTAL_mean,310.74720895290375,24,0.827126831017281,0.7633363046526243
6,f103_completed_AMT_ANNUITY_max,592.3469076156616,43,0.827126831017281,0.7633363046526243
6,f103_approved_DAYS_TERMINATION_s_app_DAYS_LAST_PHONE_CHANGE_min,256.47715625166893,25,0.827126831017281,0.7633363046526243
6,f103_completed_AMT_GOODS_PRICE_d_AMT_ANNUITY_mean,502.3937077522278,42,0.827126831017281,0.7633363046526243
6,f103_completed_AMT_CREDIT_d_total_debt_pctchange_mean,354.5856499671936,24,0.827126831017281,0.7633363046526243
6,f103_completed_AMT_CREDIT_d_AMT_APPLICATION_max,159.25786685943604,13,0.827126831017281,0.7633363046526243
6,f103_completed_AMT_ANNUITY_mean,394.834086894989,27,0.827126831017281,0.7633363046526243
6,f103_approved_DAYS_LAST_DUE_1ST_VERSION_s_app_DAYS_BIRTH_max,241.95563793182373,19,0.827126831017281,0.7633363046526243
6,f103_approved_DAYS_LAST_DUE_1ST_VERSION_s_app_DAYS_BIRTH_mean,267.36411714553833,18,0.827126831017281,0.7633363046526243
6,f103_approved_DAYS_FIRST_DUE_s_app_DAYS_REGISTRATION_min,113.8967695236206,11,0.827126831017281,0.7633363046526243
6,f103_approved_DAYS_TERMINATION_d_app_DAYS_EMPLOYED_max,253.99009414203465,24,0.827126831017281,0.7633363046526243
6,f103_approved_DAYS_LAST_DUE_1ST_VERSION_s_app_DAYS_REGISTRATION_min,218.7703619003296,18,0.827126831017281,0.7633363046526243
6,f103_approved_NAME_CLIENT_TYPE_New_mean,1017.2701909542084,60,0.827126831017281,0.7633363046526243
6,f103_approved_DAYS_FIRST_DUE_s_app_DAYS_REGISTRATION_max,258.8839273452759,20,0.827126831017281,0.7633363046526243
6,f103_completed_AMT_ANNUITY_s_app_AMT_ANNUITY_d_app_AMT_INCOME_TOTAL_pctchange_min,422.50297021865845,30,0.827126831017281,0.7633363046526243
6,f103_approved_total_debt_std_div_mean,302.21682834625244,25,0.827126831017281,0.7633363046526243
6,f103_completed_AMT_ANNUITY_s_app_AMT_ANNUITY_mean,341.91892981529236,24,0.827126831017281,0.7633363046526243
6,f103_approved_DAYS_LAST_DUE_1ST_VERSION_s_app_DAYS_ID_PUBLISH_mean,247.45387077331543,21,0.827126831017281,0.7633363046526243
6,f103_approved_DAYS_LAST_DUE_s_app_DAYS_LAST_PHONE_CHANGE_max,227.05341053009033,20,0.827126831017281,0.7633363046526243
6,f103_approved_DAYS_LAST_DUE_1ST_VERSION_s_app_DAYS_EMPLOYED_mean,188.58496141433716,18,0.827126831017281,0.7633363046526243
6,f103_completed_AMT_GOODS_PRICE_d_AMT_CREDIT_min,176.66160798072815,18,0.827126831017281,0.7633363046526243
6,f103_completed_AMT_ANNUITY_d_app_AMT_ANNUITY_max,663.7331695556641,39,0.827126831017281,0.7633363046526243
6,f103_completed_AMT_ANNUITY_d_app_AMT_INCOME_TOTAL_mean,403.32916164398193,29,0.827126831017281,0.7633363046526243
6,f103_approved_DAYS_LAST_DUE_1ST_VERSION_s_app_DAYS_LAST_PHONE_CHANGE_mean,334.25427079200745,30,0.827126831017281,0.7633363046526243
6,f103_completed_AMT_ANNUITY_d_app_AMT_INCOME_TOTAL_min,437.06434643268585,31,0.827126831017281,0.7633363046526243
6,f103_approved_DAYS_LAST_DUE_1ST_VERSION_s_app_DAYS_REGISTRATION_mean,191.50721073150635,17,0.827126831017281,0.7633363046526243
6,f103_approved_total_debt_diff_std,161.4257106781006,12,0.827126831017281,0.7633363046526243
6,f103_approved_DAYS_FIRST_DUE_s_app_DAYS_REGISTRATION_mean,141.03380751609802,12,0.827126831017281,0.7633363046526243
6,f103_approved_DAYS_LAST_DUE_s_app_DAYS_LAST_PHONE_CHANGE_min,303.4552493095398,25,0.827126831017281,0.7633363046526243
6,f103_approved_DAYS_TERMINATION_s_app_DAYS_LAST_PHONE_CHANGE_mean,206.09986209869385,19,0.827126831017281,0.7633363046526243
6,f103_approved_DAYS_TERMINATION_s_app_DAYS_ID_PUBLISH_max,171.01594233512878,14,0.827126831017281,0.7633363046526243
6,f103_approved_DAYS_LAST_DUE_1ST_VERSION_s_DAYS_DECISIONS_max,405.05131101608276,31,0.827126831017281,0.7633363046526243
6,f103_completed_AMT_GOODS_PRICE_d_AMT_ANNUITY_diff_mean,321.7088887691498,25,0.827126831017281,0.7633363046526243
6,f103_approved_DAYS_LAST_DUE_1ST_VERSION_s_DAYS_DECISIONS_mean,604.1443281173706,44,0.827126831017281,0.7633363046526243
6,f103_completed_AMT_ANNUITY_d_app_AMT_CREDIT_min,284.06521940231323,18,0.827126831017281,0.7633363046526243
6,f103_approved_DAYS_TERMINATION_s_app_DAYS_REGISTRATION_max,217.30474948883057,17,0.827126831017281,0.7633363046526243
6,f103_approved_DAYS_TERMINATION_s_app_DAYS_REGISTRATION_min,190.05136966705322,17,0.827126831017281,0.7633363046526243
6,f103_approved_interest_rate_std,234.8598575592041,22,0.827126831017281,0.7633363046526243
6,f103_completed_AMT_CREDIT_d_total_debt_diff_max,427.4762225151062,27,0.827126831017281,0.7633363046526243
6,f103_completed_AMT_GOODS_PRICE_d_AMT_ANNUITY_min,397.21243381500244,34,0.827126831017281,0.7633363046526243
6,f103_completed_AMT_ANNUITY_d_app_AMT_ANNUITY_mean,501.38316535949707,28,0.827126831017281,0.7633363046526243
6,f103_approved_DAYS_LAST_DUE_1ST_VERSION_s_DAYS_DECISIONS_min,338.7082303762436,27,0.827126831017281,0.7633363046526243
6,f103_completed_AMT_ANNUITY_d_app_AMT_ANNUITY_min,298.13540148735046,21,0.827126831017281,0.7633363046526243
6,f103_approved_DAYS_LAST_DUE_s_app_DAYS_ID_PUBLISH_max,144.4794397354126,13,0.827126831017281,0.7633363046526243
6,f103_approved_total_debt_std,238.36790132522583,20,0.827126831017281,0.7633363046526243
6,f103_approved_DAYS_TERMINATION_s_app_DAYS_EMPLOYED_max,297.5860228538513,19,0.827126831017281,0.7633363046526243
6,f103_completed_AMT_CREDIT_d_total_debt_pctchange_min,411.3354320526123,26,0.827126831017281,0.7633363046526243
6,f103_completed_AMT_CREDIT_d_total_debt_diff_min,324.0544981956482,19,0.827126831017281,0.7633363046526243
6,f103_approved_NAME_YIELD_GROUP_high_mean,42.602880001068115,4,0.827126831017281,0.7633363046526243
6,f103_approved_DAYS_LAST_DUE_s_app_DAYS_BIRTH_max,151.51393842697144,12,0.827126831017281,0.7633363046526243
6,f103_completed_AMT_ANNUITY_s_app_AMT_ANNUITY_d_app_AMT_INCOME_TOTAL_pctchange_max,313.3366754055023,26,0.827126831017281,0.7633363046526243
6,f103_approved_DAYS_TERMINATION_s_app_DAYS_BIRTH_max,277.2231287956238,22,0.827126831017281,0.7633363046526243
6,f103_approved_DAYS_LAST_DUE_s_app_DAYS_REGISTRATION_max,118.79328060150146,11,0.827126831017281,0.7633363046526243
6,f103_completed_AMT_APPLICATION_min,80.78490972518921,8,0.827126831017281,0.7633363046526243
6,f103_approved_DAYS_TERMINATION_s_app_DAYS_ID_PUBLISH_min,212.27727890014648,18,0.827126831017281,0.7633363046526243
6,f103_completed_AMT_CREDIT_d_total_debt_diff_mean,426.84286403656006,22,0.827126831017281,0.7633363046526243
6,f103_completed_AMT_GOODS_PRICE_d_AMT_ANNUITY_diff_min,231.74048924446106,19,0.827126831017281,0.7633363046526243
6,f103_approved_DAYS_TERMINATION_s_app_DAYS_REGISTRATION_mean,184.62281036376953,14,0.827126831017281,0.7633363046526243
6,f103_approved_DAYS_LAST_DUE_s_app_DAYS_EMPLOYED_max,154.6327109336853,13,0.827126831017281,0.7633363046526243
6,f103_approved_DAYS_LAST_DUE_s_app_DAYS_EMPLOYED_min,259.91242933273315,25,0.827126831017281,0.7633363046526243
6,f103_completed_AMT_GOODS_PRICE_d_AMT_ANNUITY_pctchange_mean,310.8720488548279,20,0.827126831017281,0.7633363046526243
6,f103_completed_AMT_APPLICATION_s_app_AMT_INCOME_TOTAL_mean,166.7986798286438,12,0.827126831017281,0.7633363046526243
6,f103_completed_AMT_ANNUITY_d_app_AMT_CREDIT_mean,186.88126039505005,12,0.827126831017281,0.7633363046526243
6,f103_completed_AMT_APPLICATION_s_app_AMT_INCOME_TOTAL_min,133.18997192382812,13,0.827126831017281,0.7633363046526243
6,f103_completed_AMT_CREDIT_d_AMT_ANNUITY_diff_mean,255.60532140731812,25,0.827126831017281,0.7633363046526243
6,f103_completed_AMT_ANNUITY_d_app_AMT_GOODS_PRICE_min,174.76010251045227,15,0.827126831017281,0.7633363046526243
6,f103_approved_total_debt_pctchange_std_div_mean,103.50809001922607,8,0.827126831017281,0.7633363046526243
6,f103_completed_AMT_GOODS_PRICE_d_AMT_ANNUITY_diff_max,86.70397937297821,8,0.827126831017281,0.7633363046526243
6,f103_completed_AMT_GOODS_PRICE_d_AMT_ANNUITY_pctchange_max,323.89793848991394,20,0.827126831017281,0.7633363046526243
6,f103_completed_AMT_ANNUITY_d_app_AMT_CREDIT_max,183.4228391647339,14,0.827126831017281,0.7633363046526243
6,f103_approved_DAYS_LAST_DUE_1ST_VERSION_d_app_DAYS_EMPLOYED_std,124.68174743652344,10,0.827126831017281,0.7633363046526243
6,f103_completed_AMT_CREDIT_d_AMT_ANNUITY_diff_max,320.191303730011,18,0.827126831017281,0.7633363046526243
6,f103_completed_AMT_CREDIT_d_app_AMT_INCOME_TOTAL_min,196.58154106140137,16,0.827126831017281,0.7633363046526243
6,f103_completed_AMT_CREDIT_d_app_AMT_GOODS_PRICE_min,134.87834882736206,11,0.827126831017281,0.7633363046526243
6,f103_completed_AMT_APPLICATION_s_app_AMT_INCOME_TOTAL_max,207.90596771240234,14,0.827126831017281,0.7633363046526243
6,f103_completed_AMT_CREDIT_d_app_AMT_INCOME_TOTAL_max,69.39875984191895,7,0.827126831017281,0.7633363046526243
6,f103_approved_DAYS_TERMINATION_s_app_DAYS_ID_PUBLISH_mean,140.7173089981079,12,0.827126831017281,0.7633363046526243
6,f103_approved_DAYS_LAST_DUE_s_app_DAYS_LAST_PHONE_CHANGE_mean,220.6493878364563,20,0.827126831017281,0.7633363046526243
6,f103_completed_AMT_ANNUITY_s_app_AMT_ANNUITY_d_app_AMT_INCOME_TOTAL_pctchange_mean,286.11073023080826,26,0.827126831017281,0.7633363046526243
6,f103_approved_DAYS_LAST_DUE_s_app_DAYS_ID_PUBLISH_min,134.06168937683105,14,0.827126831017281,0.7633363046526243
6,f103_approved_DAYS_LAST_DUE_s_app_DAYS_REGISTRATION_min,140.360600233078,14,0.827126831017281,0.7633363046526243
6,f103_approved_DAYS_TERMINATION_s_app_DAYS_EMPLOYED_min,283.7333011627197,24,0.827126831017281,0.7633363046526243
6,f103_approved_cnt_unpaid_sum,799.5763139724731,46,0.827126831017281,0.7633363046526243
6,f103_completed_AMT_CREDIT_d_AMT_ANNUITY_pctchange_max,247.16485977172852,16,0.827126831017281,0.7633363046526243
6,f103_approved_DAYS_LAST_DUE_s_app_DAYS_ID_PUBLISH_mean,246.59483861923218,19,0.827126831017281,0.7633363046526243
6,f103_completed_AMT_ANNUITY_d_app_AMT_GOODS_PRICE_max,235.2254810333252,19,0.827126831017281,0.7633363046526243
6,f103_approved_DAYS_TERMINATION_s_app_DAYS_BIRTH_min,86.45144939422607,8,0.827126831017281,0.7633363046526243
6,f103_approved_DAYS_LAST_DUE_1ST_VERSION_d_app_DAYS_REGISTRATION_std,155.10141897201538,12,0.827126831017281,0.7633363046526243
6,f103_completed_AMT_APPLICATION_d_app_AMT_INCOME_TOTAL_max,99.0738000869751,5,0.827126831017281,0.7633363046526243
6,f103_approved_DAYS_LAST_DUE_1ST_VERSION_d_app_DAYS_LAST_PHONE_CHANGE_std,155.85813093185425,13,0.827126831017281,0.7633363046526243
6,f103_completed_AMT_CREDIT_d_app_AMT_ANNUITY_min,192.93648958206177,17,0.827126831017281,0.7633363046526243
6,f103_approved_DAYS_LAST_DUE_s_DAYS_FIRST_DUE_std_div_mean,222.9142608642578,21,0.827126831017281,0.7633363046526243
6,f103_completed_AMT_APPLICATION_d_app_AMT_INCOME_TOTAL_min,140.14989852905273,10,0.827126831017281,0.7633363046526243
6,f103_approved_DAYS_LAST_DUE_s_app_DAYS_BIRTH_mean,109.24586057662964,10,0.827126831017281,0.7633363046526243
6,f103_completed_AMT_ANNUITY_d_app_AMT_GOODS_PRICE_mean,151.80237770080566,10,0.827126831017281,0.7633363046526243
6,f103_completed_AMT_APPLICATION_d_app_AMT_GOODS_PRICE_max,128.05911922454834,11,0.827126831017281,0.7633363046526243
6,f103_approved_DAYS_TERMINATION_s_app_DAYS_BIRTH_mean,195.6136293411255,13,0.827126831017281,0.7633363046526243
6,f103_approved_DAYS_LAST_DUE_s_app_DAYS_BIRTH_min,143.01809883117676,12,0.827126831017281,0.7633363046526243
6,f103_completed_AMT_APPLICATION_s_app_AMT_ANNUITY_min,134.0107283592224,10,0.827126831017281,0.7633363046526243
6,f103_completed_AMT_ANNUITY_s_app_AMT_ANNUITY_diff_mean,308.7839415073395,25,0.827126831017281,0.7633363046526243
6,f103_approved_DAYS_TERMINATION_s_app_DAYS_LAST_PHONE_CHANGE_std_div_mean,102.91595780849457,10,0.827126831017281,0.7633363046526243
6,f103_approved_amt_unpaid_sum,223.25456857681274,18,0.827126831017281,0.7633363046526243
6,f103_completed_AMT_APPLICATION_s_app_AMT_ANNUITY_mean,281.97736978530884,18,0.827126831017281,0.7633363046526243
6,f103_approved_amt_unpaid_mean,178.68664050102234,16,0.827126831017281,0.7633363046526243
6,f103_completed_AMT_CREDIT_d_app_AMT_GOODS_PRICE_mean,58.507081031799316,4,0.827126831017281,0.7633363046526243
6,f103_completed_AMT_APPLICATION_d_app_AMT_GOODS_PRICE_min,131.65815019607544,10,0.827126831017281,0.7633363046526243
6,f103_completed_AMT_APPLICATION_max,92.90675926208496,8,0.827126831017281,0.7633363046526243
6,f103_completed_AMT_CREDIT_s_app_AMT_INCOME_TOTAL_min,143.47238087654114,13,0.827126831017281,0.7633363046526243
6,f103_completed_AMT_CREDIT_d_app_AMT_GOODS_PRICE_max,124.34962177276611,8,0.827126831017281,0.7633363046526243
6,f103_approved_DAYS_TERMINATION_s_app_DAYS_EMPLOYED_mean,101.64230012893677,11,0.827126831017281,0.7633363046526243
6,f103_completed_AMT_CREDIT_d_app_AMT_INCOME_TOTAL_mean,27.624619960784912,3,0.827126831017281,0.7633363046526243
6,f103_approved_DAYS_LAST_DUE_s_app_DAYS_EMPLOYED_mean,129.97377967834473,10,0.827126831017281,0.7633363046526243
6,f103_completed_AMT_CREDIT_s_app_AMT_INCOME_TOTAL_mean,80.66366052627563,7,0.827126831017281,0.7633363046526243
6,f103_completed_AMT_CREDIT_s_app_AMT_INCOME_TOTAL_max,140.91232109069824,13,0.827126831017281,0.7633363046526243
6,f103_completed_AMT_ANNUITY_d_app_AMT_ANNUITY_diff_max,269.2404098510742,19,0.827126831017281,0.7633363046526243
6,f103_approved_DAYS_LAST_DUE_s_app_DAYS_REGISTRATION_mean,169.60557746887207,14,0.827126831017281,0.7633363046526243
6,f103_completed_AMT_CREDIT_s_app_AMT_ANNUITY_d_app_AMT_INCOME_TOTAL_min,164.17195987701416,14,0.827126831017281,0.7633363046526243
6,f103_completed_AMT_APPLICATION_d_app_AMT_GOODS_PRICE_diff_max,417.14631843566895,21,0.827126831017281,0.7633363046526243
6,f103_completed_AMT_APPLICATION_mean,92.43805170059204,9,0.827126831017281,0.7633363046526243
6,f103_completed_AMT_APPLICATION_s_app_AMT_ANNUITY_d_app_AMT_INCOME_TOTAL_min,127.58148884773254,10,0.827126831017281,0.7633363046526243
6,f103_completed_AMT_CREDIT_min,99.00927114486694,10,0.827126831017281,0.7633363046526243
6,f103_completed_AMT_GOODS_PRICE_d_app_AMT_CREDIT_max,225.88580799102783,14,0.827126831017281,0.7633363046526243
6,f103_completed_AMT_APPLICATION_d_app_AMT_INCOME_TOTAL_mean,96.56064891815186,7,0.827126831017281,0.7633363046526243
6,f103_completed_AMT_CREDIT_d_app_AMT_CREDIT_max,202.8878583908081,15,0.827126831017281,0.7633363046526243
6,f103_approved_DAYS_TERMINATION_s_app_DAYS_REGISTRATION_std_div_mean,88.24676084518433,9,0.827126831017281,0.7633363046526243
6,f103_approved_DAYS_TERMINATION_d_app_DAYS_EMPLOYED_std_div_mean,309.52345991134644,25,0.827126831017281,0.7633363046526243
6,f103_completed_AMT_APPLICATION_d_app_AMT_CREDIT_max,483.28012323379517,27,0.827126831017281,0.7633363046526243
6,f103_completed_AMT_GOODS_PRICE_d_total_debt_max,717.3507325649261,46,0.827126831017281,0.7633363046526243
6,f103_completed_AMT_GOODS_PRICE_d_total_debt_mean,775.1280689239502,50,0.827126831017281,0.7633363046526243
6,f103_approved_amt_unpaid_max,188.75865030288696,16,0.827126831017281,0.7633363046526243
6,f103_completed_AMT_GOODS_PRICE_d_total_debt_min,538.3724381923676,38,0.827126831017281,0.7633363046526243
6,f103_completed_DAYS_DECISION_d_app_DAYS_EMPLOYED_min,371.12700033187866,17,0.827126831017281,0.7633363046526243
6,f103_nyg_high_AMT_ANNUITY_s_app_AMT_CREDIT_min,502.7822419703007,27,0.827126831017281,0.7633363046526243
6,f103_completed_DAYS_FIRST_DUE_d_app_DAYS_EMPLOYED_min,220.37001061439514,16,0.827126831017281,0.7633363046526243
6,f103_nyg_high_AMT_ANNUITY_s_app_AMT_GOODS_PRICE_mean,312.31848096847534,16,0.827126831017281,0.7633363046526243
6,f103_completed_AMT_GOODS_PRICE_d_total_debt_pctchange_max,433.0174078941345,26,0.827126831017281,0.7633363046526243
6,f103_completed_interest_rate_max,503.7434766292572,37,0.827126831017281,0.7633363046526243
6,f103_completed_AMT_GOODS_PRICE_d_app_AMT_GOODS_PRICE_max,106.93272113800049,8,0.827126831017281,0.7633363046526243
6,f103_completed_AMT_GOODS_PRICE_d_app_AMT_GOODS_PRICE_mean,105.00018095970154,9,0.827126831017281,0.7633363046526243
6,f103_nyg_high_AMT_ANNUITY_d_app_AMT_INCOME_TOTAL_max,683.1321859359741,40,0.827126831017281,0.7633363046526243
6,f103_nyg_high_AMT_ANNUITY_s_app_AMT_GOODS_PRICE_min,308.2051787376404,17,0.827126831017281,0.7633363046526243
6,f103_completed_HOUR_APPR_PROCESS_START_mean,326.9919285774231,24,0.827126831017281,0.7633363046526243
6,f103_completed_AMT_GOODS_PRICE_d_total_debt_pctchange_min,267.1708402633667,17,0.827126831017281,0.7633363046526243
6,f103_completed_interest_rate_min,365.5342903137207,32,0.827126831017281,0.7633363046526243
6,f103_nyg_high_AMT_ANNUITY_s_app_AMT_GOODS_PRICE_max,434.21336007118225,18,0.827126831017281,0.7633363046526243
6,f103_completed_AMT_GOODS_PRICE_d_total_debt_pctchange_mean,153.27123963832855,10,0.827126831017281,0.7633363046526243
6,f103_nyg_high_AMT_ANNUITY_s_app_AMT_ANNUITY_d_app_AMT_INCOME_TOTAL_min,593.9296288490295,34,0.827126831017281,0.7633363046526243
6,f103_completed_AMT_GOODS_PRICE_d_app_AMT_GOODS_PRICE_min,81.75142002105713,7,0.827126831017281,0.7633363046526243
6,f103_completed_DAYS_LAST_DUE_1ST_VERSION_d_app_DAYS_BIRTH_min,266.02458000183105,24,0.827126831017281,0.7633363046526243
6,f103_completed_HOUR_APPR_PROCESS_START_max,167.92897033691406,15,0.827126831017281,0.7633363046526243
6,f103_nyg_high_AMT_ANNUITY_s_app_AMT_CREDIT_max,451.5692071914673,24,0.827126831017281,0.7633363046526243
6,f103_completed_DAYS_TERMINATION_d_app_DAYS_BIRTH_max,198.14539051055908,16,0.827126831017281,0.7633363046526243
6,f103_completed_AMT_GOODS_PRICE_min,40.127060890197754,4,0.827126831017281,0.7633363046526243
6,f103_completed_AMT_GOODS_PRICE_s_app_AMT_ANNUITY_min,59.66245079040527,5,0.827126831017281,0.7633363046526243
6,f103_completed_AMT_GOODS_PRICE_s_app_AMT_INCOME_TOTAL_mean,82.73997974395752,5,0.827126831017281,0.7633363046526243
6,f103_completed_AMT_GOODS_PRICE_s_app_AMT_INCOME_TOTAL_min,58.52651071548462,5,0.827126831017281,0.7633363046526243
6,f103_completed_interest_rate_mean,373.9802920818329,31,0.827126831017281,0.7633363046526243
6,f103_completed_DAYS_LAST_DUE_1ST_VERSION_d_app_DAYS_BIRTH_mean,224.4234402179718,24,0.827126831017281,0.7633363046526243
6,f103_completed_AMT_GOODS_PRICE_s_app_AMT_ANNUITY_mean,129.35376739501953,7,0.827126831017281,0.7633363046526243
6,f103_nyg_high_AMT_ANNUITY_s_app_AMT_INCOME_TOTAL_max,383.434011220932,33,0.827126831017281,0.7633363046526243
6,f103_nyg_high_AMT_APPLICATION_d_app_AMT_ANNUITY_max,1305.4575459957123,80,0.827126831017281,0.7633363046526243
6,f103_completed_DAYS_TERMINATION_d_app_DAYS_BIRTH_mean,165.81675910949707,14,0.827126831017281,0.7633363046526243
6,f103_completed_DAYS_TERMINATION_s_app_DAYS_LAST_PHONE_CHANGE_max,174.77804040908813,14,0.827126831017281,0.7633363046526243
6,f103_completed_AMT_GOODS_PRICE_s_app_AMT_INCOME_TOTAL_max,175.31934022903442,13,0.827126831017281,0.7633363046526243
6,f103_nyg_high_AMT_ANNUITY_d_app_AMT_ANNUITY_min,573.1546812057495,31,0.827126831017281,0.7633363046526243
6,f103_completed_DAYS_LAST_DUE_1ST_VERSION_d_app_DAYS_BIRTH_max,289.5803527832031,27,0.827126831017281,0.7633363046526243
6,f103_completed_AMT_GOODS_PRICE_d_app_AMT_GOODS_PRICE_diff_max,139.4505386352539,12,0.827126831017281,0.7633363046526243
6,f103_completed_DAYS_TERMINATION_d_app_DAYS_BIRTH_min,243.95021033287048,22,0.827126831017281,0.7633363046526243
6,f103_completed_DAYS_FIRST_DUE_d_app_DAYS_BIRTH_min,285.3536801338196,23,0.827126831017281,0.7633363046526243
6,f103_completed_AMT_GOODS_PRICE_d_app_AMT_INCOME_TOTAL_min,92.98046875,8,0.827126831017281,0.7633363046526243
6,f103_completed_AMT_GOODS_PRICE_s_app_AMT_ANNUITY_d_app_AMT_INCOME_TOTAL_min,66.02980041503906,3,0.827126831017281,0.7633363046526243
6,f103_completed_DAYS_DECISION_d_app_DAYS_BIRTH_min,499.5954073667526,42,0.827126831017281,0.7633363046526243
6,f103_completed_total_debt_diff_min,162.44937920570374,14,0.827126831017281,0.7633363046526243
6,f103_completed_DAYS_LAST_DUE_d_app_DAYS_BIRTH_min,264.8298296928406,21,0.827126831017281,0.7633363046526243
6,f103_completed_AMT_GOODS_PRICE_s_app_AMT_ANNUITY_max,296.8813877105713,21,0.827126831017281,0.7633363046526243
6,f103_nyg_high_AMT_ANNUITY_s_app_AMT_INCOME_TOTAL_mean,351.5619320869446,24,0.827126831017281,0.7633363046526243
6,f103_completed_AMT_GOODS_PRICE_d_app_AMT_INCOME_TOTAL_max,135.52963066101074,8,0.827126831017281,0.7633363046526243
6,f103_completed_DAYS_LAST_DUE_d_app_DAYS_BIRTH_max,182.9237608909607,15,0.827126831017281,0.7633363046526243
6,f103_completed_DAYS_TERMINATION_s_app_DAYS_LAST_PHONE_CHANGE_min,193.6064896583557,16,0.827126831017281,0.7633363046526243
6,f103_nyg_high_AMT_ANNUITY_s_app_AMT_CREDIT_mean,328.6333808898926,16,0.827126831017281,0.7633363046526243
6,f103_completed_total_debt_diff_mean,209.58460235595703,19,0.827126831017281,0.7633363046526243
6,f103_nyg_high_AMT_ANNUITY_d_app_AMT_GOODS_PRICE_min,512.1976900100708,27,0.827126831017281,0.7633363046526243
6,f103_completed_DAYS_LAST_DUE_1ST_VERSION_d_app_DAYS_EMPLOYED_min,411.3832914829254,34,0.827126831017281,0.7633363046526243
6,f103_completed_DAYS_LAST_DUE_d_app_DAYS_BIRTH_mean,88.78589916229248,8,0.827126831017281,0.7633363046526243
6,f103_completed_AMT_GOODS_PRICE_s_app_AMT_ANNUITY_d_app_AMT_INCOME_TOTAL_max,193.69416761398315,14,0.827126831017281,0.7633363046526243
6,f103_completed_DAYS_LAST_DUE_1ST_VERSION_s_app_DAYS_LAST_PHONE_CHANGE_max,127.5903697013855,10,0.827126831017281,0.7633363046526243
6,f103_nyg_high_AMT_ANNUITY_d_app_AMT_CREDIT_min,226.61810874938965,14,0.827126831017281,0.7633363046526243
6,f103_completed_total_debt_diff_max,256.24109077453613,18,0.827126831017281,0.7633363046526243
6,f103_completed_DAYS_FIRST_DUE_d_app_DAYS_BIRTH_max,131.76040840148926,9,0.827126831017281,0.7633363046526243
6,f103_completed_AMT_GOODS_PRICE_s_app_AMT_ANNUITY_d_app_AMT_INCOME_TOTAL_mean,140.64929866790771,5,0.827126831017281,0.7633363046526243
6,f103_completed_DAYS_LAST_DUE_1ST_VERSION_s_app_DAYS_LAST_PHONE_CHANGE_min,105.25461864471436,10,0.827126831017281,0.7633363046526243
6,f103_nyg_high_AMT_ANNUITY_d_app_AMT_CREDIT_mean,327.7906756401062,19,0.827126831017281,0.7633363046526243
6,f103_completed_DAYS_TERMINATION_s_app_DAYS_LAST_PHONE_CHANGE_mean,251.67991089820862,22,0.827126831017281,0.7633363046526243
6,f103_completed_AMT_GOODS_PRICE_d_app_AMT_INCOME_TOTAL_mean,28.353919982910156,3,0.827126831017281,0.7633363046526243
6,f103_completed_AMT_GOODS_PRICE_max,141.06100845336914,11,0.827126831017281,0.7633363046526243
6,f103_completed_AMT_GOODS_PRICE_mean,69.84299945831299,5,0.827126831017281,0.7633363046526243
6,f103_completed_DAYS_FIRST_DUE_s_app_DAYS_LAST_PHONE_CHANGE_max,161.10621070861816,13,0.827126831017281,0.7633363046526243
6,f103_completed_DAYS_TERMINATION_s_app_DAYS_REGISTRATION_max,66.92430019378662,6,0.827126831017281,0.7633363046526243
6,f103_completed_DAYS_DECISION_d_app_DAYS_BIRTH_max,108.69707107543945,9,0.827126831017281,0.7633363046526243
6,f103_completed_amt_paid_sum,217.19607254862785,20,0.827126831017281,0.7633363046526243
6,f103_completed_DAYS_TERMINATION_s_app_DAYS_ID_PUBLISH_min,123.74674904346466,14,0.827126831017281,0.7633363046526243
6,f103_completed_DAYS_DECISION_d_app_DAYS_BIRTH_mean,268.467139005661,22,0.827126831017281,0.7633363046526243
6,f103_completed_NAME_CLIENT_TYPE_New_mean,173.39315223693848,8,0.827126831017281,0.7633363046526243
6,f103_completed_DAYS_TERMINATION_d_app_DAYS_EMPLOYED_min,258.0244493484497,22,0.827126831017281,0.7633363046526243
6,f103_completed_DAYS_DECISION_s_app_DAYS_LAST_PHONE_CHANGE_max,120.29362869262695,10,0.827126831017281,0.7633363046526243
6,f103_completed_DAYS_FIRST_DUE_d_app_DAYS_BIRTH_mean,254.12100076675415,21,0.827126831017281,0.7633363046526243
6,f103_completed_DAYS_LAST_DUE_1ST_VERSION_s_app_DAYS_LAST_PHONE_CHANGE_mean,132.0912493467331,11,0.827126831017281,0.7633363046526243
6,f103_completed_DAYS_LAST_DUE_s_app_DAYS_LAST_PHONE_CHANGE_min,157.46888160705566,14,0.827126831017281,0.7633363046526243
6,f103_completed_DAYS_LAST_DUE_1ST_VERSION_d_app_DAYS_EMPLOYED_max,125.38594996929169,13,0.827126831017281,0.7633363046526243
6,f103_completed_DAYS_TERMINATION_s_app_DAYS_REGISTRATION_min,106.4546389579773,10,0.827126831017281,0.7633363046526243
6,f103_completed_DAYS_LAST_DUE_s_app_DAYS_ID_PUBLISH_max,73.42796111106873,6,0.827126831017281,0.7633363046526243
6,f103_completed_DAYS_TERMINATION_s_app_DAYS_ID_PUBLISH_max,167.9698600769043,12,0.827126831017281,0.7633363046526243
6,f103_completed_DAYS_TERMINATION_s_app_DAYS_BIRTH_max,158.06767892837524,9,0.827126831017281,0.7633363046526243
6,f103_completed_DAYS_TERMINATION_d_app_DAYS_EMPLOYED_mean,100.1621789932251,10,0.827126831017281,0.7633363046526243
6,f103_completed_DAYS_LAST_DUE_1ST_VERSION_s_app_DAYS_ID_PUBLISH_max,76.76687955856323,7,0.827126831017281,0.7633363046526243
6,f103_completed_DAYS_LAST_DUE_s_app_DAYS_LAST_PHONE_CHANGE_max,61.66423988342285,6,0.827126831017281,0.7633363046526243
6,f103_nyg_high_AMT_APPLICATION_d_app_AMT_ANNUITY_pctchange_mean,323.5028872489929,24,0.827126831017281,0.7633363046526243
6,f103_completed_DAYS_LAST_DUE_1ST_VERSION_d_app_DAYS_EMPLOYED_mean,232.89734983444214,20,0.827126831017281,0.7633363046526243
6,f103_completed_DAYS_LAST_DUE_s_app_DAYS_ID_PUBLISH_min,103.90753078460693,9,0.827126831017281,0.7633363046526243
6,f103_completed_DAYS_FIRST_DUE_d_app_DAYS_EMPLOYED_mean,298.3741320371628,16,0.827126831017281,0.7633363046526243
6,f103_completed_DAYS_LAST_DUE_1ST_VERSION_s_app_DAYS_REGISTRATION_min,190.47151136398315,14,0.827126831017281,0.7633363046526243
6,f103_completed_DAYS_LAST_DUE_1ST_VERSION_s_app_DAYS_ID_PUBLISH_mean,116.55466938018799,9,0.827126831017281,0.7633363046526243
6,f103_completed_amt_paid_min,82.65860986709595,7,0.827126831017281,0.7633363046526243
6,f103_completed_DAYS_LAST_DUE_1ST_VERSION_s_app_DAYS_BIRTH_max,107.8405704498291,7,0.827126831017281,0.7633363046526243
6,f103_nyg_high_AMT_APPLICATION_d_app_AMT_CREDIT_diff_mean,123.5389895439148,10,0.827126831017281,0.7633363046526243
6,f103_completed_DAYS_LAST_DUE_1ST_VERSION_s_app_DAYS_REGISTRATION_max,72.3677396774292,6,0.827126831017281,0.7633363046526243
6,f103_nyg_high_AMT_APPLICATION_d_app_AMT_ANNUITY_pctchange_min,160.01659870147705,12,0.827126831017281,0.7633363046526243
6,f103_completed_DAYS_LAST_DUE_d_app_DAYS_EMPLOYED_min,226.9268593788147,18,0.827126831017281,0.7633363046526243
6,f103_completed_DAYS_FIRST_DUE_s_app_DAYS_ID_PUBLISH_max,141.0464792251587,12,0.827126831017281,0.7633363046526243
6,f103_completed_DAYS_TERMINATION_s_app_DAYS_REGISTRATION_mean,69.64625930786133,7,0.827126831017281,0.7633363046526243
6,f103_completed_DAYS_FIRST_DUE_s_DAYS_DECISIONS_mean,218.61199855804443,20,0.827126831017281,0.7633363046526243
6,f103_completed_DAYS_LAST_DUE_s_app_DAYS_REGISTRATION_max,93.17066097259521,9,0.827126831017281,0.7633363046526243
6,f103_completed_total_debt_min,142.58399105072021,8,0.827126831017281,0.7633363046526243
6,f103_completed_DAYS_LAST_DUE_1ST_VERSION_s_app_DAYS_ID_PUBLISH_min,170.0411307811737,13,0.827126831017281,0.7633363046526243
6,f103_completed_AMT_GOODS_PRICE_d_app_AMT_INCOME_TOTAL_diff_mean,238.1964807510376,22,0.827126831017281,0.7633363046526243
6,f103_completed_DAYS_TERMINATION_s_app_DAYS_ID_PUBLISH_mean,56.98009967803955,4,0.827126831017281,0.7633363046526243
6,f103_nyg_high_AMT_APPLICATION_d_app_AMT_ANNUITY_diff_max,231.49020767211914,17,0.827126831017281,0.7633363046526243
6,f103_completed_DAYS_DECISION_d_app_DAYS_EMPLOYED_mean,183.73854780197144,12,0.827126831017281,0.7633363046526243
6,f103_completed_AMT_GOODS_PRICE_d_app_AMT_INCOME_TOTAL_diff_max,168.6658902168274,16,0.827126831017281,0.7633363046526243
6,f103_completed_DAYS_DECISION_s_app_DAYS_ID_PUBLISH_mean,244.03195667266846,17,0.827126831017281,0.7633363046526243
6,f103_completed_DAYS_DECISION_s_app_DAYS_ID_PUBLISH_max,195.18249130249023,16,0.827126831017281,0.7633363046526243
6,f103_nyg_high_AMT_APPLICATION_d_app_AMT_ANNUITY_pctchange_max,669.2384395599365,42,0.827126831017281,0.7633363046526243
6,f103_completed_DAYS_LAST_DUE_s_app_DAYS_BIRTH_max,28.588340759277344,2,0.827126831017281,0.7633363046526243
6,f103_nyg_high_AMT_ANNUITY_d_app_AMT_ANNUITY_pctchange_max,596.4909119606018,47,0.827126831017281,0.7633363046526243
6,f103_completed_DAYS_LAST_DUE_1ST_VERSION_s_app_DAYS_EMPLOYED_max,179.99002838134766,11,0.827126831017281,0.7633363046526243
6,f103_completed_DAYS_FIRST_DUE_s_app_DAYS_LAST_PHONE_CHANGE_mean,202.22201824188232,15,0.827126831017281,0.7633363046526243
6,f103_completed_DAYS_TERMINATION_s_app_DAYS_BIRTH_min,178.9309003353119,16,0.827126831017281,0.7633363046526243
6,f103_completed_DAYS_TERMINATION_d_app_DAYS_EMPLOYED_max,63.16603112220764,8,0.827126831017281,0.7633363046526243
6,f103_nyg_high_AMT_APPLICATION_d_app_AMT_ANNUITY_diff_mean,173.0598201751709,14,0.827126831017281,0.7633363046526243
6,f103_completed_DAYS_TERMINATION_s_app_DAYS_EMPLOYED_min,133.46116828918457,14,0.827126831017281,0.7633363046526243
6,f103_completed_DAYS_TERMINATION_s_app_DAYS_BIRTH_mean,96.95394849777222,7,0.827126831017281,0.7633363046526243
6,f103_completed_DAYS_TERMINATION_s_app_DAYS_EMPLOYED_max,292.19622230529785,20,0.827126831017281,0.7633363046526243
6,f103_completed_AMT_GOODS_PRICE_s_app_AMT_ANNUITY_diff_min,370.9013891220093,28,0.827126831017281,0.7633363046526243
6,f103_completed_DAYS_LAST_DUE_d_app_DAYS_EMPLOYED_mean,141.9458303451538,12,0.827126831017281,0.7633363046526243
6,f103_completed_DAYS_LAST_DUE_1ST_VERSION_s_app_DAYS_EMPLOYED_mean,115.81044006347656,8,0.827126831017281,0.7633363046526243
6,f103_completed_DAYS_FIRST_DUE_s_app_DAYS_LAST_PHONE_CHANGE_min,124.11980056762695,8,0.827126831017281,0.7633363046526243
6,f103_nyg_high_AMT_ANNUITY_d_app_AMT_ANNUITY_diff_max,332.1164083480835,22,0.827126831017281,0.7633363046526243
6,f103_completed_DAYS_FIRST_DUE_s_DAYS_DECISIONS_max,155.02248096466064,12,0.827126831017281,0.7633363046526243
6,f103_completed_DAYS_LAST_DUE_s_app_DAYS_ID_PUBLISH_mean,62.592119216918945,4,0.827126831017281,0.7633363046526243
6,f103_completed_DAYS_DECISION_d_app_DAYS_EMPLOYED_max,237.8704810142517,13,0.827126831017281,0.7633363046526243
6,f103_completed_DAYS_LAST_DUE_s_app_DAYS_LAST_PHONE_CHANGE_mean,143.091450214386,13,0.827126831017281,0.7633363046526243
6,f103_completed_DAYS_LAST_DUE_1ST_VERSION_s_app_DAYS_BIRTH_mean,127.22822141647339,10,0.827126831017281,0.7633363046526243
6,f103_nyg_high_AMT_ANNUITY_d_app_AMT_GOODS_PRICE_diff_max,243.8426103591919,17,0.827126831017281,0.7633363046526243
6,f103_nyg_high_AMT_ANNUITY_d_app_AMT_ANNUITY_diff_mean,284.0410590171814,25,0.827126831017281,0.7633363046526243
6,f103_nyg_high_AMT_ANNUITY_d_app_AMT_CREDIT_diff_max,165.259840965271,15,0.827126831017281,0.7633363046526243
6,f103_completed_AMT_GOODS_PRICE_s_app_AMT_ANNUITY_diff_mean,319.5011019706726,22,0.827126831017281,0.7633363046526243
6,f103_nyg_high_AMT_APPLICATION_d_app_AMT_CREDIT_diff_max,242.74900352954865,16,0.827126831017281,0.7633363046526243
6,f103_completed_DAYS_DECISION_s_app_DAYS_ID_PUBLISH_min,91.1897497177124,6,0.827126831017281,0.7633363046526243
7,f103_completed_interest_rate_diff_std,521.8337597846985,42,0.6509540475891512,0.6023092034392226
7,f103_completed_DAYS_LAST_DUE_s_app_DAYS_EMPLOYED_min,390.8606038093567,43,0.6509540475891512,0.6023092034392226
7,f103_completed_AMT_GOODS_PRICE_s_app_AMT_ANNUITY_diff_max,2439.672836124897,163,0.6509540475891512,0.6023092034392226
7,f103_completed_DAYS_DECISION_s_app_DAYS_LAST_PHONE_CHANGE_min,1786.673007197678,82,0.6509540475891512,0.6023092034392226
7,f103_completed_DAYS_LAST_DUE_1ST_VERSION_s_app_DAYS_REGISTRATION_mean,398.05492293834686,47,0.6509540475891512,0.6023092034392226
7,f103_completed_DAYS_LAST_DUE_s_app_DAYS_BIRTH_min,1400.4828072190285,79,0.6509540475891512,0.6023092034392226
7,f103_completed_DAYS_LAST_DUE_1ST_VERSION_s_app_DAYS_EMPLOYED_min,443.9352080523968,39,0.6509540475891512,0.6023092034392226
7,f103_completed_DAYS_LAST_DUE_s_app_DAYS_BIRTH_mean,1449.5533939152956,99,0.6509540475891512,0.6023092034392226
7,f103_completed_DAYS_DECISION_s_app_DAYS_LAST_PHONE_CHANGE_mean,3003.743859767914,128,0.6509540475891512,0.6023092034392226
7,f103_completed_DAYS_DECISION_s_app_DAYS_REGISTRATION_max,421.2797551751137,41,0.6509540475891512,0.6023092034392226
7,f103_completed_DAYS_LAST_DUE_d_app_DAYS_EMPLOYED_max,1170.7408762276173,89,0.6509540475891512,0.6023092034392226
7,f103_completed_DAYS_FIRST_DUE_d_app_DAYS_EMPLOYED_max,8781.247935026884,171,0.6509540475891512,0.6023092034392226
7,f103_completed_DAYS_FIRST_DUE_s_app_DAYS_EMPLOYED_max,1217.4594873189926,84,0.6509540475891512,0.6023092034392226
7,f103_completed_DAYS_DECISION_s_app_DAYS_BIRTH_max,1789.6466944217682,88,0.6509540475891512,0.6023092034392226
7,f103_completed_DAYS_LAST_DUE_s_app_DAYS_EMPLOYED_max,992.762956738472,63,0.6509540475891512,0.6023092034392226
7,f103_completed_DAYS_FIRST_DUE_s_app_DAYS_REGISTRATION_max,424.5611293464899,43,0.6509540475891512,0.6023092034392226
7,f103_completed_DAYS_DECISION_s_app_DAYS_REGISTRATION_min,332.55373150110245,36,0.6509540475891512,0.6023092034392226
7,f103_completed_DAYS_FIRST_DUE_s_DAYS_DECISIONS_min,775.4818131923676,65,0.6509540475891512,0.6023092034392226
7,f103_completed_DAYS_LAST_DUE_1ST_VERSION_s_app_DAYS_BIRTH_min,1438.2708077430725,63,0.6509540475891512,0.6023092034392226
7,f103_completed_total_debt_max,2349.597322613001,154,0.6509540475891512,0.6023092034392226
7,f103_nyg_high_AMT_ANNUITY_s_app_AMT_ANNUITY_diff_max,583.5214638710022,50,0.6509540475891512,0.6023092034392226
7,f103_completed_AMT_GOODS_PRICE_d_app_AMT_INCOME_TOTAL_diff_min,1064.1282506585121,94,0.6509540475891512,0.6023092034392226
7,f103_completed_amt_paid_mean,1346.8166429400444,100,0.6509540475891512,0.6023092034392226
7,f103_completed_DAYS_TERMINATION_s_app_DAYS_EMPLOYED_mean,468.35092186927795,43,0.6509540475891512,0.6023092034392226
7,f103_nyg_high_AMT_CREDIT_d_total_debt_min,4138.495140910149,72,0.6509540475891512,0.6023092034392226
7,f103_nyg_high_DAYS_DECISION_s_app_DAYS_LAST_PHONE_CHANGE_min,927.1451997756958,29,0.6509540475891512,0.6023092034392226
7,f103_completed_DAYS_LAST_DUE_1ST_VERSION_d_app_DAYS_EMPLOYED_std_div_mean,433.87543737888336,38,0.6509540475891512,0.6023092034392226
7,f103_nyg_high_AMT_GOODS_PRICE_d_total_debt_min,7134.875503949821,75,0.6509540475891512,0.6023092034392226
7,f103_nyg_high_DAYS_DECISION_s_app_DAYS_BIRTH_min,109.8371696472168,11,0.6509540475891512,0.6023092034392226
7,f103_nyg_high_DAYS_DECISION_s_app_DAYS_EMPLOYED_max,456.3193187713623,31,0.6509540475891512,0.6023092034392226
7,f103_nyg_high_AMT_GOODS_PRICE_d_total_debt_mean,1586.7255458831787,42,0.6509540475891512,0.6023092034392226
7,f103_nyg_high_DAYS_DECISION_s_app_DAYS_EMPLOYED_min,903.1742548942566,31,0.6509540475891512,0.6023092034392226
7,f103_nyg_high_DAYS_DECISION_s_app_DAYS_EMPLOYED_mean,345.6119894981384,18,0.6509540475891512,0.6023092034392226
7,f103_nyg_high_DAYS_DECISION_s_app_DAYS_LAST_PHONE_CHANGE_max,830.1394090652466,26,0.6509540475891512,0.6023092034392226
7,f103_nyg_high_DAYS_DECISION_s_app_DAYS_ID_PUBLISH_max,232.83577013015747,18,0.6509540475891512,0.6023092034392226
7,f103_nyg_high_DAYS_DECISION_s_app_DAYS_LAST_PHONE_CHANGE_mean,1124.163256585598,34,0.6509540475891512,0.6023092034392226
7,f103_nyg_high_DAYS_DECISION_d_app_DAYS_BIRTH_max,291.96718043088913,25,0.6509540475891512,0.6023092034392226
7,f103_nyg_high_DAYS_DECISION_d_app_DAYS_REGISTRATION_max,266.70652961730957,22,0.6509540475891512,0.6023092034392226
7,f103_nyg_high_DAYS_DECISION_d_app_DAYS_BIRTH_mean,237.62551879882812,21,0.6509540475891512,0.6023092034392226
7,f103_nyg_high_DAYS_DECISION_s_app_DAYS_ID_PUBLISH_mean,156.31433057785034,12,0.6509540475891512,0.6023092034392226
7,f103_nyg_high_DAYS_DECISION_d_app_DAYS_REGISTRATION_mean,260.78643131256104,21,0.6509540475891512,0.6023092034392226
7,f103_nyg_high_DAYS_DECISION_d_app_DAYS_BIRTH_min,340.7346429824829,31,0.6509540475891512,0.6023092034392226
7,f103_nyg_high_AMT_CREDIT_d_total_debt_mean,4336.294698044658,58,0.6509540475891512,0.6023092034392226
7,f103_nyg_high_AMT_CREDIT_d_AMT_ANNUITY_max,830.5450284481049,36,0.6509540475891512,0.6023092034392226
7,f103_nyg_high_DAYS_DECISION_s_app_DAYS_ID_PUBLISH_min,197.9847605228424,17,0.6509540475891512,0.6023092034392226
7,f103_nyg_high_AMT_GOODS_PRICE_d_total_debt_max,823.1789360046387,38,0.6509540475891512,0.6023092034392226
7,f103_nyg_high_AMT_CREDIT_d_AMT_ANNUITY_diff_mean,164.53475952148438,16,0.6509540475891512,0.6023092034392226
7,f103_nyg_high_DAYS_DECISION_s_app_DAYS_BIRTH_max,135.16658067703247,13,0.6509540475891512,0.6023092034392226
7,f103_nyg_high_DAYS_DECISION_s_app_DAYS_BIRTH_mean,76.31164932250977,7,0.6509540475891512,0.6023092034392226
7,f103_nyg_high_AMT_GOODS_PRICE_d_AMT_ANNUITY_diff_max,173.6022310256958,17,0.6509540475891512,0.6023092034392226
7,f103_nyg_high_AMT_APPLICATION_m_app_AMT_GOODS_PRICE_d_app_AMT_INCOME_TOTAL_pctchange_max,260.8435697555542,25,0.6509540475891512,0.6023092034392226
7,f103_nyg_high_AMT_CREDIT_d_total_debt_pctchange_mean,266.456489443779,22,0.6509540475891512,0.6023092034392226
7,f103_nyg_high_AMT_CREDIT_d_app_AMT_ANNUITY_mean,498.8940660953522,33,0.6509540475891512,0.6023092034392226
7,f103_nyg_high_AMT_APPLICATION_s_app_AMT_CREDIT_d_app_AMT_INCOME_TOTAL_max,421.8907513618469,33,0.6509540475891512,0.6023092034392226
7,f103_nyg_high_AMT_GOODS_PRICE_d_app_AMT_ANNUITY_max,294.71096086502075,23,0.6509540475891512,0.6023092034392226
7,f103_nyg_high_AMT_CREDIT_d_total_debt_max,291.53203868865967,22,0.6509540475891512,0.6023092034392226
7,f103_nyg_high_DAYS_DECISION_s_app_DAYS_REGISTRATION_min,234.75418758392334,16,0.6509540475891512,0.6023092034392226
7,f103_nyg_high_AMT_GOODS_PRICE_d_AMT_ANNUITY_pctchange_mean,177.4214985370636,18,0.6509540475891512,0.6023092034392226
7,f103_nyg_high_DAYS_DECISION_s_app_DAYS_REGISTRATION_max,146.09544897079468,9,0.6509540475891512,0.6023092034392226
7,f103_nyg_high_AMT_CREDIT_d_AMT_ANNUITY_pctchange_mean,100.83214902877808,11,0.6509540475891512,0.6023092034392226
7,f103_nyg_high_AMT_GOODS_PRICE_d_total_debt_diff_min,376.1565909385681,26,0.6509540475891512,0.6023092034392226
7,f103_nyg_high_AMT_CREDIT_d_app_AMT_GOODS_PRICE_max,260.48124837875366,20,0.6509540475891512,0.6023092034392226
7,f103_nyg_high_AMT_APPLICATION_s_app_AMT_GOODS_PRICE_min,408.51205813884735,25,0.6509540475891512,0.6023092034392226
7,f103_nyg_high_AMT_GOODS_PRICE_d_AMT_ANNUITY_min,165.9665002822876,16,0.6509540475891512,0.6023092034392226
7,f103_nyg_high_AMT_CREDIT_s_app_AMT_GOODS_PRICE_min,261.7702202796936,16,0.6509540475891512,0.6023092034392226
7,f103_nyg_high_AMT_CREDIT_d_AMT_ANNUITY_mean,1154.1900906562805,34,0.6509540475891512,0.6023092034392226
7,f103_nyg_high_AMT_GOODS_PRICE_d_total_debt_pctchange_mean,360.2554793357849,28,0.6509540475891512,0.6023092034392226
7,f103_nyg_high_AMT_GOODS_PRICE_d_AMT_ANNUITY_mean,164.63844871520996,14,0.6509540475891512,0.6023092034392226
7,f103_nyg_high_AMT_CREDIT_d_AMT_APPLICATION_diff_mean,111.96766948699951,13,0.6509540475891512,0.6023092034392226
7,f103_nyg_high_AMT_CREDIT_d_AMT_ANNUITY_min,218.61137199401855,18,0.6509540475891512,0.6023092034392226
7,f103_nyg_high_AMT_GOODS_PRICE_d_total_debt_diff_mean,240.44331002235413,17,0.6509540475891512,0.6023092034392226
7,f103_nyg_high_AMT_GOODS_PRICE_d_AMT_ANNUITY_pctchange_max,227.22547006607056,22,0.6509540475891512,0.6023092034392226
7,f103_nyg_high_AMT_CREDIT_d_total_debt_diff_min,159.01017892360687,17,0.6509540475891512,0.6023092034392226
7,f103_nyg_high_AMT_CREDIT_s_app_AMT_CREDIT_d_app_AMT_INCOME_TOTAL_max,281.16839027404785,26,0.6509540475891512,0.6023092034392226
7,f103_nyg_high_AMT_CREDIT_d_AMT_APPLICATION_diff_max,152.80605030059814,18,0.6509540475891512,0.6023092034392226
7,f103_nyg_high_AMT_GOODS_PRICE_d_AMT_ANNUITY_max,82.66860055923462,11,0.6509540475891512,0.6023092034392226
7,f103_nyg_high_AMT_APPLICATION_s_app_AMT_CREDIT_min,828.7976371645927,58,0.6509540475891512,0.6023092034392226
7,f103_nyg_high_DAYS_DECISION_s_app_DAYS_REGISTRATION_mean,133.30011224746704,8,0.6509540475891512,0.6023092034392226
7,f103_nyg_high_AMT_CREDIT_d_total_debt_pctchange_min,240.43440008163452,21,0.6509540475891512,0.6023092034392226
7,f103_nyg_high_AMT_CREDIT_d_total_debt_diff_mean,206.50604963302612,17,0.6509540475891512,0.6023092034392226
7,f103_nyg_high_AMT_APPLICATION_s_app_AMT_INCOME_TOTAL_min,90.35267090797424,10,0.6509540475891512,0.6023092034392226
7,f103_nyg_high_AMT_CREDIT_d_AMT_APPLICATION_max,201.78871870040894,16,0.6509540475891512,0.6023092034392226
7,f103_nyg_high_AMT_GOODS_PRICE_d_total_debt_pctchange_min,222.33662033081055,19,0.6509540475891512,0.6023092034392226
7,f103_nyg_high_AMT_GOODS_PRICE_d_AMT_CREDIT_diff_min,139.77696084976196,14,0.6509540475891512,0.6023092034392226
7,f103_nyg_high_AMT_CREDIT_s_app_AMT_CREDIT_min,419.20414304733276,31,0.6509540475891512,0.6023092034392226
7,f103_nyg_high_AMT_CREDIT_d_app_AMT_ANNUITY_max,173.15214204788208,14,0.6509540475891512,0.6023092034392226
7,f103_nyg_high_AMT_CREDIT_d_AMT_APPLICATION_mean,270.74810242652893,19,0.6509540475891512,0.6023092034392226
7,f103_nyg_high_AMT_CREDIT_d_AMT_ANNUITY_pctchange_max,129.86929082870483,13,0.6509540475891512,0.6023092034392226
7,f103_nyg_high_AMT_CREDIT_min,155.10868167877197,12,0.6509540475891512,0.6023092034392226
7,f103_nyg_high_AMT_GOODS_PRICE_d_AMT_CREDIT_pctchange_mean,143.93155002593994,16,0.6509540475891512,0.6023092034392226
7,f103_nyg_high_AMT_CREDIT_s_app_AMT_ANNUITY_min,304.9244108200073,25,0.6509540475891512,0.6023092034392226
7,f103_nyg_high_AMT_CREDIT_s_app_AMT_GOODS_PRICE_max,622.113353729248,27,0.6509540475891512,0.6023092034392226
7,f103_nyg_high_AMT_CREDIT_d_AMT_ANNUITY_diff_max,168.6838710308075,15,0.6509540475891512,0.6023092034392226
7,f103_nyg_high_AMT_APPLICATION_s_app_AMT_GOODS_PRICE_max,395.2946286201477,19,0.6509540475891512,0.6023092034392226
7,f103_nyg_high_AMT_APPLICATION_s_app_AMT_ANNUITY_d_app_AMT_INCOME_TOTAL_min,647.998144865036,45,0.6509540475891512,0.6023092034392226
7,f103_nyg_high_AMT_APPLICATION_m_app_AMT_GOODS_PRICE_d_app_AMT_INCOME_TOTAL_mean,110.56305074691772,10,0.6509540475891512,0.6023092034392226
7,f103_nyg_high_AMT_CREDIT_d_AMT_APPLICATION_min,72.99954986572266,9,0.6509540475891512,0.6023092034392226
7,f103_nyg_high_AMT_GOODS_PRICE_d_AMT_CREDIT_diff_mean,177.13238859176636,15,0.6509540475891512,0.6023092034392226
7,f103_nyg_high_AMT_CREDIT_m_app_AMT_GOODS_PRICE_d_app_AMT_INCOME_TOTAL_min,160.91912984848022,15,0.6509540475891512,0.6023092034392226
7,f103_nyg_high_AMT_CREDIT_d_app_AMT_INCOME_TOTAL_min,112.71444034576416,10,0.6509540475891512,0.6023092034392226
7,f103_nyg_high_AMT_CREDIT_s_app_AMT_GOODS_PRICE_mean,237.6606125831604,17,0.6509540475891512,0.6023092034392226
7,f103_nyg_high_AMT_APPLICATION_s_app_AMT_ANNUITY_mean,286.323299407959,20,0.6509540475891512,0.6023092034392226
7,f103_nyg_high_AMT_APPLICATION_m_app_AMT_GOODS_PRICE_d_app_AMT_INCOME_TOTAL_max,103.45583820343018,7,0.6509540475891512,0.6023092034392226
7,f103_nyg_high_AMT_CREDIT_s_app_AMT_INCOME_TOTAL_min,96.02527022361755,10,0.6509540475891512,0.6023092034392226
7,f103_nyg_high_AMT_APPLICATION_s_app_AMT_GOODS_PRICE_mean,344.66773414611816,23,0.6509540475891512,0.6023092034392226
7,f103_nyg_high_AMT_APPLICATION_s_app_AMT_ANNUITY_max,213.87599754333496,13,0.6509540475891512,0.6023092034392226
7,f103_nyg_high_AMT_CREDIT_s_app_AMT_CREDIT_max,521.8382625579834,24,0.6509540475891512,0.6023092034392226
7,f103_nyg_high_AMT_CREDIT_s_app_AMT_ANNUITY_mean,71.18632984161377,8,0.6509540475891512,0.6023092034392226
7,f103_nyg_high_AMT_CREDIT_d_AMT_APPLICATION_pctchange_max,141.18334102630615,16,0.6509540475891512,0.6023092034392226
7,f103_nyg_high_AMT_CREDIT_d_app_AMT_ANNUITY_diff_max,158.68767309188843,14,0.6509540475891512,0.6023092034392226
7,f103_nyg_high_AMT_APPLICATION_s_app_AMT_INCOME_TOTAL_mean,68.1448302268982,7,0.6509540475891512,0.6023092034392226
7,f103_nyg_high_AMT_CREDIT_m_app_AMT_GOODS_PRICE_d_app_AMT_INCOME_TOTAL_mean,83.69308924674988,9,0.6509540475891512,0.6023092034392226
7,f103_nyg_high_AMT_APPLICATION_s_app_AMT_CREDIT_max,550.246542096138,34,0.6509540475891512,0.6023092034392226
7,f103_nyg_high_AMT_CREDIT_d_app_AMT_ANNUITY_diff_mean,96.46357107162476,9,0.6509540475891512,0.6023092034392226
7,f103_nyg_high_AMT_APPLICATION_s_app_AMT_CREDIT_mean,566.4830574989319,35,0.6509540475891512,0.6023092034392226
7,f103_nyg_high_AMT_CREDIT_d_app_AMT_INCOME_TOTAL_max,184.91560101509094,16,0.6509540475891512,0.6023092034392226
7,f103_nyg_high_AMT_CREDIT_s_app_AMT_INCOME_TOTAL_mean,120.2818512916565,11,0.6509540475891512,0.6023092034392226
7,f103_nyg_high_AMT_CREDIT_d_app_AMT_ANNUITY_pctchange_min,189.71482801437378,20,0.6509540475891512,0.6023092034392226
7,f103_nyg_high_AMT_CREDIT_mean,95.03893852233887,6,0.6509540475891512,0.6023092034392226
7,f103_nyg_high_AMT_GOODS_PRICE_d_AMT_CREDIT_mean,221.9339394569397,15,0.6509540475891512,0.6023092034392226
7,f103_nyg_high_AMT_APPLICATION_s_app_AMT_INCOME_TOTAL_max,182.1211395263672,17,0.6509540475891512,0.6023092034392226
7,f103_nyg_high_AMT_CREDIT_d_app_AMT_ANNUITY_pctchange_mean,294.45385789871216,25,0.6509540475891512,0.6023092034392226
7,f103_nyg_high_AMT_CREDIT_s_app_AMT_ANNUITY_d_app_AMT_INCOME_TOTAL_min,279.6227526664734,18,0.6509540475891512,0.6023092034392226
7,f103_nyg_high_CODE_REJECT_REASON_XAP_mean,660.138913154602,33,0.6509540475891512,0.6023092034392226
7,f103_nyg_high_AMT_APPLICATION_d_app_AMT_INCOME_TOTAL_min,143.8126995563507,14,0.6509540475891512,0.6023092034392226
7,f103_nyg_high_AMT_CREDIT_s_app_AMT_ANNUITY_max,108.50861978530884,9,0.6509540475891512,0.6023092034392226
7,f103_nyg_high_AMT_CREDIT_m_app_AMT_GOODS_PRICE_d_app_AMT_INCOME_TOTAL_max,156.44283962249756,15,0.6509540475891512,0.6023092034392226
7,f103_nyg_high_AMT_CREDIT_d_app_AMT_INCOME_TOTAL_diff_mean,168.4704999923706,16,0.6509540475891512,0.6023092034392226
7,f103_nyg_high_AMT_GOODS_PRICE_d_AMT_CREDIT_max,101.06201088428497,12,0.6509540475891512,0.6023092034392226
7,f103_nyg_high_AMT_APPLICATION_d_app_AMT_GOODS_PRICE_pctchange_min,119.19095945358276,9,0.6509540475891512,0.6023092034392226
7,f103_nyg_high_AMT_GOODS_PRICE_d_AMT_CREDIT_min,192.31750893592834,17,0.6509540475891512,0.6023092034392226
7,f103_nyg_high_AMT_APPLICATION_d_app_AMT_GOODS_PRICE_pctchange_max,381.0104887485504,30,0.6509540475891512,0.6023092034392226
7,f103_nyg_high_AMT_GOODS_PRICE_d_app_AMT_ANNUITY_diff_max,261.35163021087646,22,0.6509540475891512,0.6023092034392226
7,f103_nyg_high_AMT_CREDIT_s_app_AMT_CREDIT_mean,243.17514896392822,18,0.6509540475891512,0.6023092034392226
7,f103_nyg_high_AMT_GOODS_PRICE_m_app_AMT_GOODS_PRICE_d_app_AMT_INCOME_TOTAL_pctchange_max,170.68052196502686,13,0.6509540475891512,0.6023092034392226
7,f103_nyg_high_AMT_CREDIT_d_app_AMT_INCOME_TOTAL_mean,47.03990960121155,5,0.6509540475891512,0.6023092034392226
7,f103_nyg_high_AMT_APPLICATION_max,44.09508991241455,4,0.6509540475891512,0.6023092034392226
7,f103_nyg_high_AMT_CREDIT_s_app_AMT_INCOME_TOTAL_max,95.6359190940857,9,0.6509540475891512,0.6023092034392226
7,f103_nyg_high_AMT_CREDIT_max,33.351399421691895,3,0.6509540475891512,0.6023092034392226
7,f103_nyg_high_AMT_APPLICATION_d_app_AMT_INCOME_TOTAL_max,114.26036167144775,7,0.6509540475891512,0.6023092034392226
7,f103_nyg_high_AMT_APPLICATION_s_app_AMT_ANNUITY_d_app_AMT_INCOME_TOTAL_max,205.14247179031372,17,0.6509540475891512,0.6023092034392226
7,f103_nyg_high_AMT_APPLICATION_d_app_AMT_INCOME_TOTAL_mean,73.26403093338013,7,0.6509540475891512,0.6023092034392226
7,f103_nyg_high_AMT_CREDIT_d_app_AMT_GOODS_PRICE_diff_mean,117.8130693435669,11,0.6509540475891512,0.6023092034392226
7,f103_nyg_high_AMT_APPLICATION_d_app_AMT_GOODS_PRICE_pctchange_mean,238.2466413974762,18,0.6509540475891512,0.6023092034392226
7,f103_nyg_high_DAYS_TERMINATION_d_app_DAYS_REGISTRATION_max,445.35576820373535,38,0.6509540475891512,0.6023092034392226
7,f103_nyg_high_interest_rate_pctchange_mean,396.58193004131317,32,0.6509540475891512,0.6023092034392226
7,f103_nyg_high_RATE_DOWN_PAYMENT_min,87.92269051074982,9,0.6509540475891512,0.6023092034392226
7,f103_nyg_high_interest_rate_diff_min,305.4850811958313,23,0.6509540475891512,0.6023092034392226
7,f103_nyg_high_DAYS_LAST_DUE_d_app_DAYS_REGISTRATION_max,543.1845898628235,39,0.6509540475891512,0.6023092034392226
7,f103_nyg_high_interest_rate_pctchange_max,343.8701686859131,33,0.6509540475891512,0.6023092034392226
7,f103_nyg_high_completed_mean,429.9718255996704,4,0.6509540475891512,0.6023092034392226
7,f103_nyg_high_total_debt_diff_max,221.65106058120728,17,0.6509540475891512,0.6023092034392226
7,f103_nyg_high_total_debt_min,81.4756510257721,10,0.6509540475891512,0.6023092034392226
7,f103_nyg_high_total_debt_pctchange_min,136.6627197265625,14,0.6509540475891512,0.6023092034392226
7,f103_nyg_high_total_debt_max,38.30741000175476,5,0.6509540475891512,0.6023092034392226
7,f103_nyg_high_total_debt_diff_mean,130.15098306536674,15,0.6509540475891512,0.6023092034392226
7,f103_nyg_high_amt_paid_max,84.82539129257202,8,0.6509540475891512,0.6023092034392226
7,f103_nyg_high_DAYS_FIRST_DUE_d_app_DAYS_LAST_PHONE_CHANGE_mean,223.67779298126698,21,0.6509540475891512,0.6023092034392226
7,f103_nyg_high_HOUR_APPR_PROCESS_START_mean,760.6668884754181,59,0.6509540475891512,0.6023092034392226
7,f103_nyg_high_DAYS_FIRST_DUE_d_app_DAYS_BIRTH_min,332.1601083278656,29,0.6509540475891512,0.6023092034392226
7,f103_nyg_high_amt_paid_mean,122.33367919921875,11,0.6509540475891512,0.6023092034392226
7,f103_nyg_high_DAYS_FIRST_DUE_d_app_DAYS_BIRTH_max,204.74296116828918,19,0.6509540475891512,0.6023092034392226
7,f103_nyg_high_DAYS_FIRST_DUE_d_app_DAYS_LAST_PHONE_CHANGE_min,374.67103910446167,23,0.6509540475891512,0.6023092034392226
7,f103_nyg_high_DAYS_FIRST_DUE_d_app_DAYS_LAST_PHONE_CHANGE_max,341.2664544582367,28,0.6509540475891512,0.6023092034392226
7,f103_nyg_high_total_debt_pctchange_max,400.0902290344238,23,0.6509540475891512,0.6023092034392226
7,f103_nyg_high_total_debt_pctchange_mean,118.0693998336792,10,0.6509540475891512,0.6023092034392226
7,f103_nyg_high_interest_rate_pctchange_min,273.8159998655319,21,0.6509540475891512,0.6023092034392226
7,f103_nyg_high_RATE_DOWN_PAYMENT_mean,69.90352010726929,6,0.6509540475891512,0.6023092034392226
7,f103_nyg_high_DAYS_FIRST_DUE_d_app_DAYS_BIRTH_mean,213.06102871894836,16,0.6509540475891512,0.6023092034392226
7,f103_nyg_high_total_debt_mean,64.51374006271362,6,0.6509540475891512,0.6023092034392226
7,f103_nyg_low_action_AMT_APPLICATION_d_app_AMT_CREDIT_min,28.372100830078125,2,0.6509540475891512,0.6023092034392226
7,f103_nyg_high_DAYS_LAST_DUE_1ST_VERSION_d_app_DAYS_BIRTH_max,264.46058988571167,22,0.6509540475891512,0.6023092034392226
7,f103_nyg_high_DAYS_TERMINATION_s_DAYS_LAST_DUE_1ST_VERSION_max,1055.091552734375,71,0.6509540475891512,0.6023092034392226
7,f103_nyg_high_DAYS_LAST_DUE_1ST_VERSION_d_app_DAYS_BIRTH_min,259.45076179504395,23,0.6509540475891512,0.6023092034392226
7,f103_nyg_high_DAYS_TERMINATION_s_DAYS_LAST_DUE_1ST_VERSION_mean,905.6482453346252,67,0.6509540475891512,0.6023092034392226
7,f103_nyg_high_DAYS_LAST_DUE_1ST_VERSION_d_app_DAYS_BIRTH_mean,128.4243597984314,12,0.6509540475891512,0.6023092034392226
7,f103_nyg_high_DAYS_LAST_DUE_1ST_VERSION_s_app_DAYS_ID_PUBLISH_max,192.34505081176758,18,0.6509540475891512,0.6023092034392226
7,f103_nyg_high_DAYS_TERMINATION_s_DAYS_LAST_DUE_1ST_VERSION_min,402.06185829639435,36,0.6509540475891512,0.6023092034392226
7,f103_nyg_high_DAYS_LAST_DUE_1ST_VERSION_s_app_DAYS_EMPLOYED_min,109.76212894916534,11,0.6509540475891512,0.6023092034392226
7,f103_nyg_high_DAYS_TERMINATION_s_DAYS_DECISIONS_max,228.24456119537354,19,0.6509540475891512,0.6023092034392226
7,f103_nyg_high_DAYS_FIRST_DUE_s_app_DAYS_EMPLOYED_mean,167.2813425064087,12,0.6509540475891512,0.6023092034392226
7,f103_nyg_high_HOUR_APPR_PROCESS_START_max,227.88735151290894,18,0.6509540475891512,0.6023092034392226
7,f103_nyg_high_DAYS_LAST_DUE_1ST_VERSION_s_app_DAYS_LAST_PHONE_CHANGE_min,209.73951864242554,17,0.6509540475891512,0.6023092034392226
7,f103_nyg_high_DAYS_FIRST_DUE_s_app_DAYS_LAST_PHONE_CHANGE_min,261.08236837387085,13,0.6509540475891512,0.6023092034392226
7,f103_nyg_high_HOUR_APPR_PROCESS_START_min,282.6425337791443,20,0.6509540475891512,0.6023092034392226
7,f103_nyg_high_DAYS_LAST_DUE_1ST_VERSION_s_app_DAYS_LAST_PHONE_CHANGE_max,163.52206230163574,15,0.6509540475891512,0.6023092034392226
7,f103_nyg_high_DAYS_FIRST_DUE_s_app_DAYS_EMPLOYED_min,59.78598928451538,6,0.6509540475891512,0.6023092034392226
7,f103_nyg_high_RATE_DOWN_PAYMENT_max,53.224860191345215,4,0.6509540475891512,0.6023092034392226
7,f103_nyg_high_DAYS_LAST_DUE_1ST_VERSION_s_app_DAYS_EMPLOYED_max,86.48908042907715,6,0.6509540475891512,0.6023092034392226
7,f103_nyg_high_DAYS_FIRST_DUE_s_app_DAYS_EMPLOYED_max,141.9495611190796,11,0.6509540475891512,0.6023092034392226
7,f103_nyg_high_DAYS_FIRST_DUE_s_app_DAYS_LAST_PHONE_CHANGE_max,165.62221717834473,12,0.6509540475891512,0.6023092034392226
7,f103_nyg_high_DAYS_FIRST_DUE_s_app_DAYS_REGISTRATION_max,139.59619975090027,10,0.6509540475891512,0.6023092034392226
7,f103_nyg_low_action_AMT_ANNUITY_s_app_AMT_GOODS_PRICE_max,112.62416756525636,13,0.6509540475891512,0.6023092034392226
7,f103_nyg_high_DAYS_LAST_DUE_1ST_VERSION_s_app_DAYS_LAST_PHONE_CHANGE_mean,155.34689950942993,13,0.6509540475891512,0.6023092034392226
7,f103_nyg_high_DAYS_LAST_DUE_1ST_VERSION_s_app_DAYS_ID_PUBLISH_min,140.30193090438843,11,0.6509540475891512,0.6023092034392226
7,f103_nyg_high_DAYS_FIRST_DUE_s_app_DAYS_ID_PUBLISH_mean,27.918800354003906,2,0.6509540475891512,0.6023092034392226
7,f103_nyg_high_DAYS_LAST_DUE_s_app_DAYS_EMPLOYED_max,81.81841039657593,8,0.6509540475891512,0.6023092034392226
7,f103_nyg_high_completed_min,0.0,0,0.6509540475891512,0.6023092034392226
7,f103_nyg_high_interest_rate_diff_std,413.0369186401367,27,0.6509540475891512,0.6023092034392226
7,f103_nyg_high_DAYS_TERMINATION_s_DAYS_DECISIONS_mean,255.32819485664368,21,0.6509540475891512,0.6023092034392226
7,f103_nyg_high_interest_rate_std_div_mean,206.280357837677,15,0.6509540475891512,0.6023092034392226
7,f103_nyg_high_DAYS_LAST_DUE_1ST_VERSION_s_app_DAYS_REGISTRATION_min,118.01142024993896,12,0.6509540475891512,0.6023092034392226
7,f103_nyg_low_action_AMT_ANNUITY_s_app_AMT_GOODS_PRICE_min,96.57777178287506,8,0.6509540475891512,0.6023092034392226
7,f103_nyg_high_DAYS_FIRST_DUE_s_app_DAYS_BIRTH_max,70.08455437421799,8,0.6509540475891512,0.6023092034392226
7,f103_nyg_high_DAYS_TERMINATION_s_DAYS_FIRST_DUE_max,126.84714031219482,10,0.6509540475891512,0.6023092034392226
7,f103_nyg_high_DAYS_TERMINATION_s_DAYS_FIRST_DUE_min,236.41244983673096,21,0.6509540475891512,0.6023092034392226
7,f103_nyg_high_DAYS_FIRST_DUE_s_app_DAYS_ID_PUBLISH_min,250.6291389465332,15,0.6509540475891512,0.6023092034392226
7,f103_nyg_low_action_AMT_ANNUITY_s_app_AMT_ANNUITY_d_app_AMT_INCOME_TOTAL_min,411.90631079673767,29,0.6509540475891512,0.6023092034392226
7,f103_nyg_high_DAYS_TERMINATION_s_DAYS_FIRST_DUE_mean,168.03814911842346,17,0.6509540475891512,0.6023092034392226
7,f103_nyg_high_total_debt_diff_std,123.22819948196411,8,0.6509540475891512,0.6023092034392226
7,f103_nyg_high_DAYS_FIRST_DUE_s_app_DAYS_ID_PUBLISH_max,161.0725803375244,13,0.6509540475891512,0.6023092034392226
7,f103_nyg_high_DAYS_TERMINATION_s_DAYS_DECISIONS_min,136.91067147254944,11,0.6509540475891512,0.6023092034392226
7,f103_nyg_high_DAYS_TERMINATION_s_app_DAYS_LAST_PHONE_CHANGE_max,172.13139724731445,15,0.6509540475891512,0.6023092034392226
7,f103_nyg_high_DAYS_LAST_DUE_1ST_VERSION_s_DAYS_DECISIONS_mean,100.47948932647705,10,0.6509540475891512,0.6023092034392226
7,f103_nyg_high_DAYS_LAST_DUE_s_app_DAYS_ID_PUBLISH_max,113.59536051750183,9,0.6509540475891512,0.6023092034392226
7,f103_nyg_high_HOUR_APPR_PROCESS_START_std_div_mean,169.91306161880493,16,0.6509540475891512,0.6023092034392226
7,f103_nyg_high_DAYS_LAST_DUE_s_app_DAYS_BIRTH_min,125.74382054805756,10,0.6509540475891512,0.6023092034392226
7,f103_nyg_low_action_AMT_ANNUITY_s_app_AMT_INCOME_TOTAL_mean,32.99512028694153,6,0.6509540475891512,0.6023092034392226
7,f103_nyg_low_action_AMT_APPLICATION_d_app_AMT_ANNUITY_mean,36.5814094543457,3,0.6509540475891512,0.6023092034392226
7,f103_nyg_high_DAYS_LAST_DUE_s_app_DAYS_LAST_PHONE_CHANGE_max,122.31179857254028,9,0.6509540475891512,0.6023092034392226
7,f103_nyg_high_DAYS_LAST_DUE_1ST_VERSION_s_app_DAYS_EMPLOYED_mean,53.4445104598999,6,0.6509540475891512,0.6023092034392226
7,f103_nyg_high_total_debt_std_div_mean,241.6176404953003,17,0.6509540475891512,0.6023092034392226
7,f103_nyg_high_DAYS_LAST_DUE_1ST_VERSION_s_app_DAYS_ID_PUBLISH_mean,122.39316058158875,12,0.6509540475891512,0.6023092034392226
7,f103_nyg_high_DAYS_TERMINATION_s_app_DAYS_LAST_PHONE_CHANGE_min,162.97880005836487,12,0.6509540475891512,0.6023092034392226
7,f103_nyg_high_DAYS_LAST_DUE_s_app_DAYS_EMPLOYED_min,120.44100081920624,12,0.6509540475891512,0.6023092034392226
7,f103_nyg_low_action_AMT_ANNUITY_s_app_AMT_CREDIT_max,157.9768785238266,17,0.6509540475891512,0.6023092034392226
7,f103_nyg_high_total_debt_std,105.21182918548584,8,0.6509540475891512,0.6023092034392226
7,f103_nyg_low_action_AMT_ANNUITY_min,153.21430206298828,13,0.6509540475891512,0.6023092034392226
7,f103_nyg_high_DAYS_LAST_DUE_1ST_VERSION_s_app_DAYS_BIRTH_min,59.696720123291016,8,0.6509540475891512,0.6023092034392226
7,f103_nyg_high_DAYS_LAST_DUE_s_app_DAYS_EMPLOYED_mean,111.19516944885254,8,0.6509540475891512,0.6023092034392226
7,f103_nyg_high_DAYS_FIRST_DUE_s_app_DAYS_BIRTH_min,85.14248847961426,5,0.6509540475891512,0.6023092034392226
7,f103_nyg_high_DAYS_LAST_DUE_1ST_VERSION_s_app_DAYS_BIRTH_max,62.46583914756775,7,0.6509540475891512,0.6023092034392226
7,f103_nyg_high_DAYS_TERMINATION_s_app_DAYS_BIRTH_max,150.66847133636475,14,0.6509540475891512,0.6023092034392226
7,f103_nyg_high_DAYS_LAST_DUE_1ST_VERSION_s_app_DAYS_REGISTRATION_max,147.66187167167664,12,0.6509540475891512,0.6023092034392226
7,f103_nyg_high_DAYS_FIRST_DUE_s_app_DAYS_REGISTRATION_min,117.79933881759644,8,0.6509540475891512,0.6023092034392226
7,f103_nyg_high_DAYS_LAST_DUE_1ST_VERSION_s_DAYS_DECISIONS_min,164.61718130111694,11,0.6509540475891512,0.6023092034392226
7,f103_nyg_high_DAYS_LAST_DUE_s_app_DAYS_REGISTRATION_min,149.74505853652954,14,0.6509540475891512,0.6023092034392226
7,f103_nyg_high_DAYS_TERMINATION_s_app_DAYS_ID_PUBLISH_max,172.2196798324585,13,0.6509540475891512,0.6023092034392226
7,f103_nyg_low_action_AMT_ANNUITY_s_app_AMT_INCOME_TOTAL_min,86.54551076889038,8,0.6509540475891512,0.6023092034392226
7,f103_nyg_high_DAYS_TERMINATION_s_app_DAYS_EMPLOYED_min,128.536550283432,12,0.6509540475891512,0.6023092034392226
7,f103_nyg_high_DAYS_FIRST_DUE_s_app_DAYS_BIRTH_mean,19.982489585876465,2,0.6509540475891512,0.6023092034392226
7,f103_nyg_high_DAYS_LAST_DUE_1ST_VERSION_s_app_DAYS_REGISTRATION_mean,69.18025016784668,6,0.6509540475891512,0.6023092034392226
7,f103_nyg_low_action_AMT_ANNUITY_d_app_AMT_INCOME_TOTAL_max,100.38118958473206,9,0.6509540475891512,0.6023092034392226
7,f103_nyg_high_DAYS_LAST_DUE_s_app_DAYS_ID_PUBLISH_min,214.18667840957642,16,0.6509540475891512,0.6023092034392226
7,f103_nyg_low_action_AMT_ANNUITY_d_app_AMT_INCOME_TOTAL_mean,33.48305779695511,4,0.6509540475891512,0.6023092034392226
7,f103_nyg_low_action_AMT_APPLICATION_d_app_AMT_ANNUITY_max,25.578689575195312,3,0.6509540475891512,0.6023092034392226
7,f103_nyg_high_DAYS_LAST_DUE_s_app_DAYS_LAST_PHONE_CHANGE_min,202.00515794754028,13,0.6509540475891512,0.6023092034392226
7,f103_nyg_low_action_AMT_ANNUITY_d_app_AMT_CREDIT_min,51.50879955291748,4,0.6509540475891512,0.6023092034392226
7,f103_nyg_high_DAYS_TERMINATION_s_app_DAYS_REGISTRATION_mean,109.76491975784302,9,0.6509540475891512,0.6023092034392226
7,f103_nyg_high_DAYS_LAST_DUE_s_DAYS_DECISIONS_max,172.36996483802795,12,0.6509540475891512,0.6023092034392226
7,f103_nyg_low_action_AMT_APPLICATION_d_app_AMT_CREDIT_diff_max,33.001688957214355,4,0.6509540475891512,0.6023092034392226
7,f103_nyg_high_DAYS_TERMINATION_s_app_DAYS_REGISTRATION_min,64.00746011734009,7,0.6509540475891512,0.6023092034392226
7,f103_nyg_high_DAYS_TERMINATION_s_app_DAYS_EMPLOYED_mean,134.69829988479614,12,0.6509540475891512,0.6023092034392226
7,f103_nyg_low_action_AMT_ANNUITY_d_app_AMT_CREDIT_max,16.846439838409424,2,0.6509540475891512,0.6023092034392226
7,f103_nyg_high_DAYS_TERMINATION_s_app_DAYS_EMPLOYED_max,105.40258264541626,9,0.6509540475891512,0.6023092034392226
7,f103_nyg_low_action_AMT_ANNUITY_d_app_AMT_ANNUITY_min,112.71712373197079,10,0.6509540475891512,0.6023092034392226
7,f103_nyg_high_DAYS_LAST_DUE_1ST_VERSION_s_app_DAYS_BIRTH_mean,51.27994108200073,5,0.6509540475891512,0.6023092034392226
7,f103_nyg_high_DAYS_TERMINATION_s_app_DAYS_LAST_PHONE_CHANGE_mean,73.46733093261719,7,0.6509540475891512,0.6023092034392226
7,f103_nyg_high_DAYS_TERMINATION_s_app_DAYS_ID_PUBLISH_min,126.16446113586426,10,0.6509540475891512,0.6023092034392226
7,f103_nyg_high_DAYS_TERMINATION_s_app_DAYS_ID_PUBLISH_mean,108.55720138549805,8,0.6509540475891512,0.6023092034392226
7,f103_nyg_high_total_debt_pctchange_std_div_mean,24.35665988922119,3,0.6509540475891512,0.6023092034392226
7,f103_nyg_high_DAYS_FIRST_DUE_s_app_DAYS_LAST_PHONE_CHANGE_mean,62.89956855773926,5,0.6509540475891512,0.6023092034392226
7,f103_nyg_low_action_AMT_ANNUITY_max,75.67848914861679,8,0.6509540475891512,0.6023092034392226
7,f103_nyg_low_action_AMT_ANNUITY_s_app_AMT_ANNUITY_mean,71.97404956817627,8,0.6509540475891512,0.6023092034392226
7,f103_nyg_high_total_debt_pctchange_std,34.92048931121826,3,0.6509540475891512,0.6023092034392226
7,f103_nyg_high_NAME_CLIENT_TYPE_New_mean,207.09953832626343,10,0.6509540475891512,0.6023092034392226
7,f103_nyg_high_DAYS_LAST_DUE_s_app_DAYS_LAST_PHONE_CHANGE_mean,55.308420181274414,4,0.6509540475891512,0.6023092034392226
7,f103_nyg_high_DAYS_TERMINATION_s_app_DAYS_REGISTRATION_max,308.18133068084717,20,0.6509540475891512,0.6023092034392226
7,f103_nyg_low_action_AMT_ANNUITY_d_app_AMT_INCOME_TOTAL_min,39.270840644836426,3,0.6509540475891512,0.6023092034392226
7,f103_nyg_high_DAYS_LAST_DUE_s_DAYS_DECISIONS_mean,123.37066197395325,13,0.6509540475891512,0.6023092034392226
7,f103_nyg_low_action_AMT_ANNUITY_s_app_AMT_ANNUITY_d_app_AMT_INCOME_TOTAL_max,170.4286015033722,14,0.6509540475891512,0.6023092034392226
7,f103_nyg_low_action_AMT_ANNUITY_s_app_AMT_ANNUITY_min,26.150619983673096,3,0.6509540475891512,0.6023092034392226
7,f103_nyg_high_DAYS_FIRST_DUE_s_app_DAYS_REGISTRATION_mean,42.45375919342041,3,0.6509540475891512,0.6023092034392226
7,f103_nyg_low_action_AMT_ANNUITY_s_app_AMT_CREDIT_mean,62.033130168914795,6,0.6509540475891512,0.6023092034392226
7,f103_nyg_low_action_DAYS_DECISION_s_app_DAYS_REGISTRATION_mean,230.40609991550446,19,0.6509540475891512,0.6023092034392226
7,f103_nyg_low_action_DAYS_DECISION_s_app_DAYS_BIRTH_max,184.9144401550293,12,0.6509540475891512,0.6023092034392226
7,f103_nyg_low_action_DAYS_DECISION_d_app_DAYS_EMPLOYED_max,385.9355001449585,21,0.6509540475891512,0.6023092034392226
7,f103_nyg_low_action_AMT_GOODS_PRICE_d_total_debt_max,102.4784463942051,12,0.6509540475891512,0.6023092034392226
7,f103_nyg_low_action_DAYS_DECISION_s_app_DAYS_ID_PUBLISH_max,69.20977926254272,7,0.6509540475891512,0.6023092034392226
7,f103_nyg_low_action_AMT_GOODS_PRICE_d_total_debt_min,105.22105002403259,7,0.6509540475891512,0.6023092034392226
7,f103_nyg_low_action_DAYS_DECISION_s_app_DAYS_ID_PUBLISH_mean,27.897859692573547,4,0.6509540475891512,0.6023092034392226
7,f103_nyg_low_action_DAYS_DECISION_d_app_DAYS_BIRTH_min,37.63153958320618,3,0.6509540475891512,0.6023092034392226
7,f103_nyg_low_action_DAYS_DECISION_d_app_DAYS_BIRTH_mean,13.35200023651123,1,0.6509540475891512,0.6023092034392226
7,f103_nyg_low_action_DAYS_DECISION_d_app_DAYS_LAST_PHONE_CHANGE_max,46.63066053390503,7,0.6509540475891512,0.6023092034392226
7,f103_nyg_low_action_DAYS_DECISION_d_app_DAYS_EMPLOYED_mean,275.86229038238525,17,0.6509540475891512,0.6023092034392226
7,f103_nyg_low_action_DAYS_DECISION_d_app_DAYS_EMPLOYED_min,232.31672084331512,14,0.6509540475891512,0.6023092034392226
7,f103_nyg_low_action_DAYS_DECISION_s_app_DAYS_REGISTRATION_max,107.33725118637085,9,0.6509540475891512,0.6023092034392226
7,f103_nyg_low_action_DAYS_DECISION_s_app_DAYS_BIRTH_mean,330.40439635515213,22,0.6509540475891512,0.6023092034392226
7,f103_nyg_low_action_DAYS_DECISION_s_app_DAYS_BIRTH_min,171.5444142818451,12,0.6509540475891512,0.6023092034392226
7,f103_nyg_low_action_DAYS_DECISION_d_app_DAYS_BIRTH_max,0.0,0,0.6509540475891512,0.6023092034392226
7,f103_nyg_low_action_DAYS_DECISION_d_app_DAYS_LAST_PHONE_CHANGE_min,94.54610967636108,10,0.6509540475891512,0.6023092034392226
7,f103_nyg_low_action_DAYS_DECISION_s_app_DAYS_EMPLOYED_mean,51.18488836288452,6,0.6509540475891512,0.6023092034392226
7,f103_nyg_low_action_DAYS_DECISION_s_app_DAYS_ID_PUBLISH_min,50.58621048927307,5,0.6509540475891512,0.6023092034392226
7,f103_nyg_low_action_AMT_CREDIT_d_AMT_APPLICATION_max,368.18209555745125,29,0.6509540475891512,0.6023092034392226
7,f103_nyg_low_action_AMT_GOODS_PRICE_d_total_debt_mean,149.36524200439453,14,0.6509540475891512,0.6023092034392226
7,f103_nyg_low_action_DAYS_DECISION_s_app_DAYS_EMPLOYED_max,55.01051902770996,4,0.6509540475891512,0.6023092034392226
7,f103_nyg_low_action_DAYS_DECISION_s_app_DAYS_EMPLOYED_min,36.20993107557297,4,0.6509540475891512,0.6023092034392226
7,f103_nyg_low_action_DAYS_DECISION_s_app_DAYS_LAST_PHONE_CHANGE_max,13.225199699401855,1,0.6509540475891512,0.6023092034392226
7,f103_nyg_low_action_DAYS_DECISION_s_app_DAYS_REGISTRATION_min,45.71445941925049,4,0.6509540475891512,0.6023092034392226
7,f103_nyg_low_action_AMT_CREDIT_d_AMT_APPLICATION_min,96.7153000831604,10,0.6509540475891512,0.6023092034392226
7,f103_nyg_low_action_DAYS_DECISION_d_app_DAYS_LAST_PHONE_CHANGE_mean,25.75803005695343,4,0.6509540475891512,0.6023092034392226
7,f103_nyg_low_action_AMT_CREDIT_d_AMT_APPLICATION_pctchange_mean,7.302119970321655,2,0.6509540475891512,0.6023092034392226
7,f103_nyg_low_action_AMT_CREDIT_s_app_AMT_INCOME_TOTAL_min,44.89273953437805,5,0.6509540475891512,0.6023092034392226
7,f103_nyg_low_action_AMT_APPLICATION_d_app_AMT_GOODS_PRICE_min,45.15506052970886,6,0.6509540475891512,0.6023092034392226
7,f103_nyg_low_action_AMT_APPLICATION_s_app_AMT_CREDIT_d_app_AMT_INCOME_TOTAL_max,11.946599960327148,1,0.6509540475891512,0.6023092034392226
7,f103_nyg_low_action_AMT_GOODS_PRICE_d_app_AMT_ANNUITY_mean,0.0,0,0.6509540475891512,0.6023092034392226
7,f103_nyg_low_action_AMT_CREDIT_d_app_AMT_ANNUITY_min,5.504270076751709,1,0.6509540475891512,0.6023092034392226
7,f103_nyg_low_action_AMT_GOODS_PRICE_d_app_AMT_ANNUITY_max,0.0,0,0.6509540475891512,0.6023092034392226
7,f103_nyg_low_action_AMT_APPLICATION_d_app_AMT_ANNUITY_min,0.0903346985578537,1,0.6509540475891512,0.6023092034392226
7,f103_nyg_low_action_AMT_APPLICATION_s_app_AMT_CREDIT_d_app_AMT_INCOME_TOTAL_min,9.82861042022705,1,0.6509540475891512,0.6023092034392226
7,f103_nyg_low_action_AMT_CREDIT_d_app_AMT_ANNUITY_max,21.63109016418457,2,0.6509540475891512,0.6023092034392226
7,f103_nyg_low_action_AMT_CREDIT_d_AMT_APPLICATION_pctchange_max,0.0,0,0.6509540475891512,0.6023092034392226
7,f103_nyg_low_action_AMT_APPLICATION_s_app_AMT_INCOME_TOTAL_min,12.483099937438965,1,0.6509540475891512,0.6023092034392226
7,f103_nyg_low_action_AMT_CREDIT_d_app_AMT_GOODS_PRICE_max,10.074999809265137,1,0.6509540475891512,0.6023092034392226
7,f103_nyg_low_action_DAYS_DECISION_s_app_DAYS_LAST_PHONE_CHANGE_mean,28.159910559654236,4,0.6509540475891512,0.6023092034392226
7,f103_nyg_low_action_DAYS_DECISION_s_app_DAYS_LAST_PHONE_CHANGE_min,11.805000305175781,1,0.6509540475891512,0.6023092034392226
7,f103_nyg_low_action_AMT_CREDIT_max,0.0,0,0.6509540475891512,0.6023092034392226
7,f103_nyg_low_action_AMT_GOODS_PRICE_d_AMT_ANNUITY_diff_max,76.38105988502502,8,0.6509540475891512,0.6023092034392226
7,f103_nyg_low_action_AMT_CREDIT_d_app_AMT_GOODS_PRICE_min,26.957850456237793,3,0.6509540475891512,0.6023092034392226
7,f103_nyg_low_action_AMT_CREDIT_d_AMT_ANNUITY_pctchange_min,49.50941073894501,8,0.6509540475891512,0.6023092034392226
7,f103_nyg_low_action_AMT_APPLICATION_s_app_AMT_ANNUITY_max,0.0,0,0.6509540475891512,0.6023092034392226
7,f103_nyg_low_action_AMT_CREDIT_d_AMT_APPLICATION_mean,163.45012855529785,14,0.6509540475891512,0.6023092034392226
7,f103_nyg_low_action_AMT_CREDIT_d_app_AMT_INCOME_TOTAL_max,11.986200332641602,1,0.6509540475891512,0.6023092034392226
7,f103_nyg_low_action_AMT_CREDIT_min,2.0238099098205566,1,0.6509540475891512,0.6023092034392226
7,f103_nyg_low_action_AMT_CREDIT_s_app_AMT_INCOME_TOTAL_max,9.260030031204224,2,0.6509540475891512,0.6023092034392226
7,f103_nyg_low_action_AMT_GOODS_PRICE_d_AMT_CREDIT_diff_min,44.185410261154175,6,0.6509540475891512,0.6023092034392226
7,f103_nyg_low_action_AMT_CREDIT_s_app_AMT_CREDIT_d_app_AMT_INCOME_TOTAL_max,7.483190059661865,1,0.6509540475891512,0.6023092034392226
7,f103_nyg_low_action_AMT_CREDIT_d_AMT_ANNUITY_diff_max,41.791690826416016,5,0.6509540475891512,0.6023092034392226
7,f103_nyg_low_action_AMT_CREDIT_d_app_AMT_CREDIT_min,0.0,0,0.6509540475891512,0.6023092034392226
7,f103_nyg_low_action_AMT_CREDIT_s_app_AMT_CREDIT_d_app_AMT_INCOME_TOTAL_min,15.24158000946045,2,0.6509540475891512,0.6023092034392226
7,f103_nyg_low_action_AMT_CREDIT_d_AMT_ANNUITY_diff_mean,137.91068124771118,13,0.6509540475891512,0.6023092034392226
7,f103_nyg_low_action_AMT_CREDIT_d_app_AMT_CREDIT_max,23.135799407958984,1,0.6509540475891512,0.6023092034392226
7,f103_nyg_low_action_AMT_CREDIT_d_app_AMT_ANNUITY_mean,0.0,0,0.6509540475891512,0.6023092034392226
7,f103_nyg_low_action_AMT_APPLICATION_d_app_AMT_GOODS_PRICE_mean,32.3575701713562,2,0.6509540475891512,0.6023092034392226
7,f103_nyg_low_action_AMT_CREDIT_s_app_AMT_ANNUITY_min,16.425809860229492,2,0.6509540475891512,0.6023092034392226
7,f103_nyg_low_action_AMT_GOODS_PRICE_d_app_AMT_CREDIT_min,3.885319948196411,1,0.6509540475891512,0.6023092034392226
7,f103_nyg_low_action_AMT_APPLICATION_s_app_AMT_ANNUITY_d_app_AMT_INCOME_TOTAL_mean,50.10300004482269,7,0.6509540475891512,0.6023092034392226
7,f103_nyg_low_action_AMT_APPLICATION_min,39.359270095825195,4,0.6509540475891512,0.6023092034392226
7,f103_nyg_low_action_AMT_CREDIT_s_app_AMT_INCOME_TOTAL_mean,15.248899936676025,2,0.6509540475891512,0.6023092034392226
7,f103_nyg_low_action_AMT_CREDIT_d_app_AMT_INCOME_TOTAL_min,5.735630035400391,1,0.6509540475891512,0.6023092034392226
7,f103_nyg_low_action_AMT_APPLICATION_s_app_AMT_ANNUITY_mean,15.353500366210938,1,0.6509540475891512,0.6023092034392226
7,f103_nyg_low_action_AMT_APPLICATION_s_app_AMT_ANNUITY_d_app_AMT_INCOME_TOTAL_min,19.506710052490234,2,0.6509540475891512,0.6023092034392226
7,f103_nyg_low_action_AMT_APPLICATION_s_app_AMT_ANNUITY_min,8.853489875793457,2,0.6509540475891512,0.6023092034392226
7,f103_nyg_low_action_AMT_APPLICATION_s_app_AMT_CREDIT_d_app_AMT_INCOME_TOTAL_mean,28.3983011841774,4,0.6509540475891512,0.6023092034392226
7,f103_nyg_low_action_AMT_APPLICATION_s_app_AMT_INCOME_TOTAL_mean,0.0,0,0.6509540475891512,0.6023092034392226
7,f103_nyg_low_action_AMT_APPLICATION_d_app_AMT_CREDIT_max,6.2859601974487305,1,0.6509540475891512,0.6023092034392226
7,f103_nyg_low_action_AMT_CREDIT_d_AMT_ANNUITY_diff_min,38.764240026474,4,0.6509540475891512,0.6023092034392226
7,f103_nyg_low_action_AMT_CREDIT_d_AMT_ANNUITY_pctchange_max,26.143310070037842,3,0.6509540475891512,0.6023092034392226
7,f103_nyg_low_action_AMT_GOODS_PRICE_d_total_debt_pctchange_max,5.831610202789307,1,0.6509540475891512,0.6023092034392226
7,f103_nyg_low_action_AMT_APPLICATION_max,30.28939914703369,2,0.6509540475891512,0.6023092034392226
7,f103_nyg_low_action_AMT_CREDIT_d_total_debt_diff_max,20.638879895210266,5,0.6509540475891512,0.6023092034392226
7,f103_nyg_low_action_AMT_CREDIT_s_app_AMT_ANNUITY_max,13.595360279083252,2,0.6509540475891512,0.6023092034392226
7,f103_nyg_low_action_AMT_APPLICATION_mean,5.560140132904053,1,0.6509540475891512,0.6023092034392226
7,f103_nyg_low_action_AMT_GOODS_PRICE_d_AMT_ANNUITY_diff_mean,66.6446100473404,6,0.6509540475891512,0.6023092034392226
7,f103_nyg_low_action_AMT_GOODS_PRICE_d_total_debt_diff_max,0.0,0,0.6509540475891512,0.6023092034392226
7,f103_nyg_low_action_AMT_CREDIT_d_app_AMT_INCOME_TOTAL_mean,39.36433982849121,4,0.6509540475891512,0.6023092034392226
7,f103_nyg_low_action_AMT_APPLICATION_d_app_AMT_CREDIT_mean,14.586199760437012,1,0.6509540475891512,0.6023092034392226
7,f103_nyg_low_action_AMT_GOODS_PRICE_d_AMT_CREDIT_min,210.28572988510132,15,0.6509540475891512,0.6023092034392226
7,f103_nyg_low_action_AMT_APPLICATION_s_app_AMT_INCOME_TOTAL_max,0.0,0,0.6509540475891512,0.6023092034392226
7,f103_nyg_low_action_AMT_CREDIT_mean,0.0,0,0.6509540475891512,0.6023092034392226
7,f103_nyg_low_action_AMT_CREDIT_s_app_AMT_ANNUITY_d_app_AMT_INCOME_TOTAL_min,0.0,0,0.6509540475891512,0.6023092034392226
7,f103_nyg_low_action_AMT_CREDIT_d_total_debt_diff_mean,0.0,0,0.6509540475891512,0.6023092034392226
7,f103_nyg_low_action_AMT_CREDIT_s_app_AMT_ANNUITY_mean,4.589550018310547,1,0.6509540475891512,0.6023092034392226
7,f103_nyg_low_action_AMT_CREDIT_d_total_debt_diff_min,26.512149810791016,3,0.6509540475891512,0.6023092034392226
7,f103_nyg_low_action_AMT_APPLICATION_d_app_AMT_GOODS_PRICE_max,0.0,0,0.6509540475891512,0.6023092034392226
7,f103_nyg_low_action_AMT_CREDIT_s_app_AMT_ANNUITY_d_app_AMT_INCOME_TOTAL_max,33.81709957122803,3,0.6509540475891512,0.6023092034392226
7,f103_nyg_low_action_AMT_CREDIT_d_app_AMT_ANNUITY_diff_max,9.509830117225647,3,0.6509540475891512,0.6023092034392226
7,f103_nyg_low_action_AMT_CREDIT_d_app_AMT_GOODS_PRICE_mean,26.53366994857788,3,0.6509540475891512,0.6023092034392226
7,f103_nyg_low_action_AMT_GOODS_PRICE_d_AMT_CREDIT_mean,167.04318761825562,18,0.6509540475891512,0.6023092034392226
7,f103_nyg_low_normal_AMT_CREDIT_d_AMT_ANNUITY_max,377.4455075263977,29,0.6509540475891512,0.6023092034392226
7,f103_nyg_low_action_AMT_CREDIT_s_app_AMT_CREDIT_d_app_AMT_INCOME_TOTAL_mean,16.471829891204834,2,0.6509540475891512,0.6023092034392226
7,f103_nyg_low_normal_AMT_CREDIT_d_AMT_ANNUITY_mean,411.58837890625,38,0.6509540475891512,0.6023092034392226
7,f103_nyg_low_normal_AMT_CREDIT_d_AMT_ANNUITY_min,339.0618619918823,30,0.6509540475891512,0.6023092034392226
7,f103_nyg_low_normal_AMT_CREDIT_d_AMT_APPLICATION_mean,593.0816359817982,41,0.6509540475891512,0.6023092034392226
7,f103_nyg_low_normal_AMT_ANNUITY_d_app_AMT_INCOME_TOTAL_min,472.7791547179222,43,0.6509540475891512,0.6023092034392226
7,f103_nyg_low_normal_AMT_ANNUITY_s_app_AMT_GOODS_PRICE_min,632.9451751708984,55,0.6509540475891512,0.6023092034392226
7,f103_nyg_low_normal_AMT_CREDIT_d_AMT_APPLICATION_max,628.2978281825781,50,0.6509540475891512,0.6023092034392226
7,f103_nyg_low_normal_AMT_CREDIT_d_AMT_APPLICATION_min,313.16042017936707,24,0.6509540475891512,0.6023092034392226
7,f103_nyg_low_normal_AMT_ANNUITY_min,207.16748976707458,20,0.6509540475891512,0.6023092034392226
7,f103_nyg_low_normal_AMT_ANNUITY_s_app_AMT_GOODS_PRICE_mean,731.494784116745,54,0.6509540475891512,0.6023092034392226
7,f103_nyg_low_normal_AMT_ANNUITY_s_app_AMT_CREDIT_min,233.62136888504028,21,0.6509540475891512,0.6023092034392226
7,f103_nyg_low_normal_AMT_ANNUITY_d_app_AMT_INCOME_TOTAL_max,335.5869505405426,29,0.6509540475891512,0.6023092034392226
7,f103_nyg_low_normal_AMT_ANNUITY_s_app_AMT_ANNUITY_min,518.7235269546509,42,0.6509540475891512,0.6023092034392226
7,f103_nyg_low_normal_AMT_ANNUITY_d_app_AMT_ANNUITY_min,557.1035022735596,38,0.6509540475891512,0.6023092034392226
7,f103_nyg_low_normal_AMT_ANNUITY_s_app_AMT_GOODS_PRICE_max,740.4690630435944,54,0.6509540475891512,0.6023092034392226
7,f103_nyg_low_normal_AMT_ANNUITY_d_app_AMT_INCOME_TOTAL_mean,359.9118506908417,35,0.6509540475891512,0.6023092034392226
7,f103_nyg_low_normal_AMT_ANNUITY_max,259.85215252637863,24,0.6509540475891512,0.6023092034392226
7,f103_nyg_low_action_interest_rate_diff_min,76.3262899518013,13,0.6509540475891512,0.6023092034392226
7,f103_nyg_low_normal_AMT_ANNUITY_s_app_AMT_ANNUITY_mean,270.20950841903687,21,0.6509540475891512,0.6023092034392226
7,f103_nyg_low_normal_AMT_ANNUITY_mean,390.2036590576172,30,0.6509540475891512,0.6023092034392226
7,f103_nyg_low_normal_AMT_ANNUITY_s_app_AMT_CREDIT_max,207.40747213363647,23,0.6509540475891512,0.6023092034392226
7,f103_nyg_low_normal_AMT_ANNUITY_s_app_AMT_ANNUITY_d_app_AMT_INCOME_TOTAL_min,560.4875785112381,42,0.6509540475891512,0.6023092034392226
7,f103_nyg_low_normal_AMT_ANNUITY_d_app_AMT_ANNUITY_mean,262.0888409614563,18,0.6509540475891512,0.6023092034392226
7,f103_nyg_low_normal_AMT_ANNUITY_s_app_AMT_CREDIT_mean,203.76051902770996,17,0.6509540475891512,0.6023092034392226
7,f103_nyg_low_normal_AMT_ANNUITY_s_app_AMT_ANNUITY_max,188.8788800239563,13,0.6509540475891512,0.6023092034392226
7,f103_nyg_low_normal_AMT_ANNUITY_s_app_AMT_ANNUITY_d_app_AMT_INCOME_TOTAL_max,281.7325873374939,24,0.6509540475891512,0.6023092034392226
7,f103_nyg_low_normal_AMT_ANNUITY_d_app_AMT_CREDIT_mean,148.7660789489746,13,0.6509540475891512,0.6023092034392226
7,f103_nyg_low_normal_AMT_ANNUITY_d_app_AMT_GOODS_PRICE_min,177.82594853639603,19,0.6509540475891512,0.6023092034392226
7,f103_nyg_low_normal_AMT_ANNUITY_d_app_AMT_GOODS_PRICE_max,137.3009693622589,16,0.6509540475891512,0.6023092034392226
7,f103_nyg_low_normal_AMT_ANNUITY_d_app_AMT_CREDIT_min,326.0049810409546,26,0.6509540475891512,0.6023092034392226
7,f103_nyg_low_normal_AMT_ANNUITY_d_app_AMT_ANNUITY_max,279.42329677939415,21,0.6509540475891512,0.6023092034392226
7,f103_nyg_low_normal_AMT_ANNUITY_d_app_AMT_GOODS_PRICE_mean,97.0429995059967,11,0.6509540475891512,0.6023092034392226
7,f103_nyg_low_normal_AMT_ANNUITY_d_app_AMT_ANNUITY_pctchange_mean,201.34465909004211,24,0.6509540475891512,0.6023092034392226
7,f103_nyg_low_action_DAYS_FIRST_DUE_d_app_DAYS_LAST_PHONE_CHANGE_min,98.97420154884458,11,0.6509540475891512,0.6023092034392226
7,f103_nyg_low_normal_AMT_ANNUITY_d_app_AMT_ANNUITY_pctchange_min,203.71007013320923,23,0.6509540475891512,0.6023092034392226
7,f103_nyg_low_action_DAYS_LAST_DUE_1ST_VERSION_d_app_DAYS_BIRTH_max,207.14976263046265,22,0.6509540475891512,0.6023092034392226
7,f103_nyg_low_normal_AMT_ANNUITY_d_app_AMT_CREDIT_max,144.55907106399536,15,0.6509540475891512,0.6023092034392226
7,f103_nyg_low_normal_AMT_ANNUITY_d_app_AMT_ANNUITY_diff_max,54.3112998008728,7,0.6509540475891512,0.6023092034392226
7,f103_nyg_low_normal_AMT_ANNUITY_s_app_AMT_ANNUITY_d_app_AMT_INCOME_TOTAL_mean,309.01772117614746,26,0.6509540475891512,0.6023092034392226
7,f103_nyg_low_normal_AMT_ANNUITY_d_app_AMT_ANNUITY_diff_min,60.63979995250702,8,0.6509540475891512,0.6023092034392226
7,f103_nyg_low_normal_AMT_ANNUITY_d_app_AMT_GOODS_PRICE_diff_min,140.76941049098969,16,0.6509540475891512,0.6023092034392226
7,f103_nyg_low_normal_AMT_ANNUITY_d_app_AMT_ANNUITY_diff_mean,69.38177391514182,9,0.6509540475891512,0.6023092034392226
7,f103_nyg_low_normal_AMT_ANNUITY_d_app_AMT_INCOME_TOTAL_diff_max,203.4223301410675,17,0.6509540475891512,0.6023092034392226
7,f103_nyg_low_normal_AMT_ANNUITY_d_app_AMT_GOODS_PRICE_diff_mean,121.49243998527527,13,0.6509540475891512,0.6023092034392226
7,f103_nyg_low_normal_AMT_ANNUITY_s_app_AMT_ANNUITY_diff_mean,78.8547101020813,9,0.6509540475891512,0.6023092034392226
7,f103_nyg_low_action_DAYS_LAST_DUE_1ST_VERSION_d_app_DAYS_BIRTH_mean,75.91329193115234,8,0.6509540475891512,0.6023092034392226
7,f103_nyg_low_normal_AMT_ANNUITY_s_app_AMT_ANNUITY_diff_max,102.1025379896164,9,0.6509540475891512,0.6023092034392226
7,f103_nyg_low_normal_AMT_ANNUITY_d_app_AMT_INCOME_TOTAL_diff_min,181.79707992076874,16,0.6509540475891512,0.6023092034392226
7,f103_nyg_low_action_DAYS_FIRST_DUE_d_app_DAYS_EMPLOYED_min,175.31589806079865,18,0.6509540475891512,0.6023092034392226
7,f103_nyg_low_normal_AMT_ANNUITY_d_app_AMT_GOODS_PRICE_diff_max,118.98022067546844,13,0.6509540475891512,0.6023092034392226
7,f103_nyg_low_normal_AMT_ANNUITY_d_app_AMT_CREDIT_diff_min,125.53994846343994,11,0.6509540475891512,0.6023092034392226
7,f103_nyg_low_normal_AMT_ANNUITY_d_app_AMT_INCOME_TOTAL_diff_mean,126.08624505996704,14,0.6509540475891512,0.6023092034392226
7,f103_nyg_low_normal_AMT_ANNUITY_s_app_AMT_ANNUITY_diff_min,103.55642008781433,10,0.6509540475891512,0.6023092034392226
7,f103_nyg_low_normal_AMT_ANNUITY_s_app_AMT_INCOME_TOTAL_std_div_mean,58.41989994049072,5,0.6509540475891512,0.6023092034392226
7,f103_nyg_low_action_DAYS_FIRST_DUE_d_app_DAYS_BIRTH_min,51.97240138053894,6,0.6509540475891512,0.6023092034392226
7,f103_nyg_low_normal_AMT_CREDIT_d_AMT_ANNUITY_diff_std,37.38197833299637,6,0.6509540475891512,0.6023092034392226
7,f103_nyg_low_action_DAYS_FIRST_DUE_d_app_DAYS_LAST_PHONE_CHANGE_max,13.980849504470825,2,0.6509540475891512,0.6023092034392226
7,f103_nyg_low_action_total_debt_min,12.728799819946289,1,0.6509540475891512,0.6023092034392226
7,f103_nyg_low_normal_AMT_ANNUITY_s_app_AMT_CREDIT_d_app_AMT_INCOME_TOTAL_pctchange_mean,39.3587007522583,3,0.6509540475891512,0.6023092034392226
7,f103_nyg_low_action_total_debt_pctchange_min,79.9916558265686,9,0.6509540475891512,0.6023092034392226
7,f103_nyg_low_action_amt_paid_sum,19.1564599275589,3,0.6509540475891512,0.6023092034392226
7,f103_nyg_low_action_DAYS_LAST_DUE_1ST_VERSION_s_app_DAYS_BIRTH_mean,145.69692039489746,13,0.6509540475891512,0.6023092034392226
7,f103_nyg_low_normal_AMT_ANNUITY_d_app_AMT_CREDIT_diff_max,48.04039025306702,6,0.6509540475891512,0.6023092034392226
7,f103_nyg_low_action_total_debt_max,0.0,0,0.6509540475891512,0.6023092034392226
7,f103_nyg_low_action_total_debt_pctchange_mean,46.663628697395325,5,0.6509540475891512,0.6023092034392226
7,f103_nyg_low_action_DAYS_LAST_DUE_1ST_VERSION_s_app_DAYS_REGISTRATION_min,38.38800600171089,9,0.6509540475891512,0.6023092034392226
7,f103_nyg_low_action_total_debt_diff_max,3.0634899139404297,1,0.6509540475891512,0.6023092034392226
7,f103_nyg_low_action_DAYS_FIRST_DUE_d_app_DAYS_BIRTH_max,7.982249975204468,3,0.6509540475891512,0.6023092034392226
7,f103_nyg_low_normal_AMT_ANNUITY_s_app_AMT_CREDIT_d_app_AMT_INCOME_TOTAL_pctchange_min,100.61445021629333,11,0.6509540475891512,0.6023092034392226
7,f103_nyg_low_action_DAYS_FIRST_DUE_s_app_DAYS_REGISTRATION_min,39.88061022758484,6,0.6509540475891512,0.6023092034392226
7,f103_nyg_low_action_DAYS_FIRST_DUE_d_app_DAYS_EMPLOYED_max,70.78257060050964,8,0.6509540475891512,0.6023092034392226
7,f103_nyg_low_action_DAYS_FIRST_DUE_d_app_DAYS_BIRTH_mean,36.12055015563965,3,0.6509540475891512,0.6023092034392226
7,f103_nyg_low_action_total_debt_pctchange_max,13.996500015258789,1,0.6509540475891512,0.6023092034392226
7,f103_nyg_low_action_DAYS_FIRST_DUE_d_app_DAYS_EMPLOYED_mean,60.17770004272461,4,0.6509540475891512,0.6023092034392226
7,f103_nyg_low_action_total_debt_mean,8.310500144958496,1,0.6509540475891512,0.6023092034392226
7,f103_nyg_low_action_DAYS_FIRST_DUE_s_app_DAYS_LAST_PHONE_CHANGE_max,164.08054947853088,15,0.6509540475891512,0.6023092034392226
7,f103_nyg_low_action_total_debt_diff_min,74.41379880905151,7,0.6509540475891512,0.6023092034392226
7,f103_nyg_low_action_amt_paid_min,34.6947603225708,3,0.6509540475891512,0.6023092034392226
7,f103_nyg_low_normal_AMT_ANNUITY_d_app_AMT_CREDIT_diff_mean,17.138190269470215,2,0.6509540475891512,0.6023092034392226
7,f103_nyg_low_action_DAYS_LAST_DUE_1ST_VERSION_s_app_DAYS_REGISTRATION_max,64.85372188687325,7,0.6509540475891512,0.6023092034392226
7,f103_nyg_low_action_amt_paid_max,10.34160041809082,1,0.6509540475891512,0.6023092034392226
7,f103_nyg_low_action_total_debt_diff_mean,13.226499557495117,1,0.6509540475891512,0.6023092034392226
7,f103_nyg_low_normal_AMT_ANNUITY_d_app_AMT_CREDIT_pctchange_mean,136.6909600496292,12,0.6509540475891512,0.6023092034392226
7,f103_nyg_low_normal_AMT_APPLICATION_d_app_AMT_ANNUITY_std_div_mean,342.01236963272095,28,0.6509540475891512,0.6023092034392226
7,f103_nyg_low_normal_AMT_ANNUITY_d_app_AMT_CREDIT_pctchange_min,102.82254028320312,9,0.6509540475891512,0.6023092034392226
7,f103_nyg_low_action_DAYS_LAST_DUE_1ST_VERSION_s_app_DAYS_BIRTH_max,211.28851771354675,13,0.6509540475891512,0.6023092034392226
7,f103_nyg_low_action_DAYS_LAST_DUE_1ST_VERSION_s_app_DAYS_EMPLOYED_mean,56.018550872802734,7,0.6509540475891512,0.6023092034392226
7,f103_nyg_low_action_DAYS_LAST_DUE_1ST_VERSION_s_app_DAYS_ID_PUBLISH_max,123.64343684911728,13,0.6509540475891512,0.6023092034392226
7,f103_nyg_low_action_DAYS_FIRST_DUE_d_app_DAYS_LAST_PHONE_CHANGE_mean,54.66665840148926,4,0.6509540475891512,0.6023092034392226
7,f103_nyg_low_action_amt_paid_mean,23.10949993133545,2,0.6509540475891512,0.6023092034392226
7,f103_nyg_low_normal_AMT_CREDIT_d_AMT_APPLICATION_std_div_mean,46.03191018104553,7,0.6509540475891512,0.6023092034392226
7,f103_nyg_low_action_DAYS_FIRST_DUE_s_app_DAYS_BIRTH_min,116.88242959976196,10,0.6509540475891512,0.6023092034392226
7,f103_nyg_low_normal_AMT_ANNUITY_m_app_AMT_GOODS_PRICE_d_app_AMT_INCOME_TOTAL_diff_max,30.877830028533936,4,0.6509540475891512,0.6023092034392226
7,f103_nyg_low_action_DAYS_FIRST_DUE_s_app_DAYS_ID_PUBLISH_mean,49.96389937400818,7,0.6509540475891512,0.6023092034392226
7,f103_nyg_low_action_DAYS_FIRST_DUE_s_app_DAYS_REGISTRATION_max,45.84911918640137,6,0.6509540475891512,0.6023092034392226
7,f103_nyg_low_action_DAYS_FIRST_DUE_s_app_DAYS_ID_PUBLISH_max,103.30899047851562,10,0.6509540475891512,0.6023092034392226
7,f103_nyg_low_normal_AMT_CREDIT_d_total_debt_pctchange_min,499.6895214319229,43,0.6509540475891512,0.6023092034392226
7,f103_nyg_low_normal_AMT_GOODS_PRICE_d_AMT_CREDIT_mean,437.7944060564041,38,0.6509540475891512,0.6023092034392226
7,f103_nyg_middle_AMT_ANNUITY_s_app_AMT_ANNUITY_d_app_AMT_INCOME_TOTAL_pctchange_min,403.7529739141464,50,0.6509540475891512,0.6023092034392226
7,f103_nyg_low_normal_AMT_CREDIT_s_app_AMT_ANNUITY_d_app_AMT_INCOME_TOTAL_pctchange_min,213.3290921151638,22,0.6509540475891512,0.6023092034392226
7,f103_nyg_middle_AMT_ANNUITY_d_app_AMT_ANNUITY_diff_max,624.520892560482,66,0.6509540475891512,0.6023092034392226
7,f103_nyg_low_normal_AMT_GOODS_PRICE_d_AMT_CREDIT_min,427.1876484155655,32,0.6509540475891512,0.6023092034392226
7,f103_nyg_middle_AMT_ANNUITY_s_app_AMT_ANNUITY_d_app_AMT_INCOME_TOTAL_pctchange_max,324.1246634721756,34,0.6509540475891512,0.6023092034392226
7,f103_nyg_low_normal_amt_paid_min,325.0375669002533,24,0.6509540475891512,0.6023092034392226
7,f103_nyg_low_normal_AMT_CREDIT_d_total_debt_pctchange_max,527.9311785697937,44,0.6509540475891512,0.6023092034392226
7,f103_nyg_low_normal_AMT_CREDIT_s_app_AMT_ANNUITY_d_app_AMT_INCOME_TOTAL_pctchange_max,259.56745862960815,32,0.6509540475891512,0.6023092034392226
7,f103_nyg_middle_AMT_ANNUITY_s_app_AMT_ANNUITY_d_app_AMT_INCOME_TOTAL_pctchange_mean,570.7402365207672,60,0.6509540475891512,0.6023092034392226
7,f103_nyg_low_normal_interest_rate_diff_min,113.43464887142181,13,0.6509540475891512,0.6023092034392226
7,f103_nyg_low_normal_AMT_GOODS_PRICE_d_total_debt_min,936.3843981027603,71,0.6509540475891512,0.6023092034392226
7,f103_nyg_low_normal_AMT_GOODS_PRICE_d_total_debt_pctchange_min,353.7165583372116,35,0.6509540475891512,0.6023092034392226
7,f103_nyg_low_normal_AMT_GOODS_PRICE_d_AMT_ANNUITY_max,368.49790835380554,34,0.6509540475891512,0.6023092034392226
7,f103_nyg_low_normal_AMT_CREDIT_d_total_debt_pctchange_mean,314.34295201301575,25,0.6509540475891512,0.6023092034392226
7,f103_nyg_low_normal_AMT_CREDIT_s_app_AMT_ANNUITY_pctchange_mean,325.7000740170479,32,0.6509540475891512,0.6023092034392226
7,f103_nyg_low_normal_amt_paid_max,285.1968994140625,25,0.6509540475891512,0.6023092034392226
7,f103_nyg_low_normal_AMT_GOODS_PRICE_d_total_debt_max,501.6607275009155,45,0.6509540475891512,0.6023092034392226
7,f103_nyg_low_normal_HOUR_APPR_PROCESS_START_mean,585.8056116104126,44,0.6509540475891512,0.6023092034392226
7,f103_nyg_low_normal_DAYS_DECISION_d_app_DAYS_BIRTH_min,168.10051083564758,19,0.6509540475891512,0.6023092034392226
7,f103_nyg_low_normal_AMT_GOODS_PRICE_d_total_debt_pctchange_max,447.5028495788574,42,0.6509540475891512,0.6023092034392226
7,f103_nyg_low_normal_AMT_GOODS_PRICE_d_AMT_CREDIT_max,185.6698923110962,13,0.6509540475891512,0.6023092034392226
7,f103_nyg_middle_AMT_ANNUITY_d_app_AMT_ANNUITY_pctchange_max,551.9209082126617,59,0.6509540475891512,0.6023092034392226
7,f103_nyg_low_normal_AMT_GOODS_PRICE_d_total_debt_pctchange_mean,332.5771133899689,31,0.6509540475891512,0.6023092034392226
7,f103_nyg_low_normal_amt_paid_sum,714.9143311977386,47,0.6509540475891512,0.6023092034392226
7,f103_nyg_low_normal_AMT_GOODS_PRICE_d_AMT_ANNUITY_min,218.97873878479004,22,0.6509540475891512,0.6023092034392226
7,f103_nyg_low_normal_DAYS_FIRST_DUE_d_app_DAYS_EMPLOYED_min,232.82507991790771,18,0.6509540475891512,0.6023092034392226
7,f103_nyg_low_normal_AMT_GOODS_PRICE_d_total_debt_mean,525.3905982971191,37,0.6509540475891512,0.6023092034392226
7,f103_nyg_low_normal_amt_paid_mean,214.20428919792175,21,0.6509540475891512,0.6023092034392226
7,f103_nyg_low_normal_AMT_CREDIT_d_total_debt_min,329.20136520266533,32,0.6509540475891512,0.6023092034392226
7,f103_nyg_low_normal_DAYS_DECISION_d_app_DAYS_EMPLOYED_min,471.84799003601074,30,0.6509540475891512,0.6023092034392226
7,f103_nyg_low_normal_interest_rate_pctchange_mean,127.87760996818542,18,0.6509540475891512,0.6023092034392226
7,f103_nyg_low_normal_DAYS_LAST_DUE_d_app_DAYS_LAST_PHONE_CHANGE_mean,265.22720098495483,28,0.6509540475891512,0.6023092034392226
7,f103_nyg_low_normal_DAYS_TERMINATION_d_app_DAYS_LAST_PHONE_CHANGE_max,184.10593938827515,20,0.6509540475891512,0.6023092034392226
7,f103_nyg_low_normal_DAYS_DECISION_d_app_DAYS_BIRTH_max,112.83999061584473,15,0.6509540475891512,0.6023092034392226
7,f103_nyg_low_normal_interest_rate_diff_max,154.28937244415283,18,0.6509540475891512,0.6023092034392226
7,f103_nyg_low_normal_DAYS_FIRST_DUE_d_app_DAYS_EMPLOYED_mean,268.9649875164032,16,0.6509540475891512,0.6023092034392226
7,f103_nyg_low_normal_AMT_CREDIT_d_total_debt_max,247.31873869895935,27,0.6509540475891512,0.6023092034392226
7,f103_nyg_middle_AMT_ANNUITY_d_app_AMT_GOODS_PRICE_pctchange_max,469.75924801826477,51,0.6509540475891512,0.6023092034392226
7,f103_nyg_low_normal_DAYS_DECISION_s_app_DAYS_ID_PUBLISH_max,354.7762302160263,35,0.6509540475891512,0.6023092034392226
7,f103_nyg_low_normal_DAYS_LAST_DUE_d_app_DAYS_LAST_PHONE_CHANGE_max,97.14598941802979,9,0.6509540475891512,0.6023092034392226
7,f103_nyg_middle_AMT_ANNUITY_s_app_AMT_ANNUITY_d_app_AMT_INCOME_TOTAL_pctchange_std,855.6774816513062,68,0.6509540475891512,0.6023092034392226
7,f103_nyg_low_normal_DAYS_DECISION_s_app_DAYS_ID_PUBLISH_min,236.43104028701782,24,0.6509540475891512,0.6023092034392226
7,f103_nyg_low_normal_DAYS_LAST_DUE_1ST_VERSION_d_app_DAYS_BIRTH_min,358.13148856163025,31,0.6509540475891512,0.6023092034392226
7,f103_nyg_low_normal_DAYS_FIRST_DUE_d_app_DAYS_BIRTH_max,58.85390067100525,8,0.6509540475891512,0.6023092034392226
7,f103_nyg_low_normal_DAYS_DECISION_d_app_DAYS_BIRTH_mean,134.4489312171936,13,0.6509540475891512,0.6023092034392226
7,f103_nyg_low_normal_DAYS_DECISION_s_app_DAYS_REGISTRATION_max,227.23760426044464,23,0.6509540475891512,0.6023092034392226
7,f103_nyg_low_normal_AMT_GOODS_PRICE_d_AMT_ANNUITY_mean,180.00251245498657,18,0.6509540475891512,0.6023092034392226
7,f103_nyg_low_normal_AMT_CREDIT_d_total_debt_mean,349.8204160928726,32,0.6509540475891512,0.6023092034392226
7,f103_nyg_low_normal_HOUR_APPR_PROCESS_START_max,292.7543700672686,27,0.6509540475891512,0.6023092034392226
7,f103_nyg_low_normal_DAYS_DECISION_s_app_DAYS_LAST_PHONE_CHANGE_max,251.39181900024414,22,0.6509540475891512,0.6023092034392226
7,f103_nyg_low_normal_DAYS_DECISION_s_app_DAYS_BIRTH_mean,643.5272946357727,40,0.6509540475891512,0.6023092034392226
7,f103_nyg_low_normal_DAYS_LAST_DUE_1ST_VERSION_d_app_DAYS_BIRTH_max,238.32249867916107,24,0.6509540475891512,0.6023092034392226
7,f103_nyg_low_normal_DAYS_FIRST_DUE_d_app_DAYS_EMPLOYED_max,211.56899976730347,13,0.6509540475891512,0.6023092034392226
7,f103_nyg_low_normal_interest_rate_pctchange_min,148.5950095653534,15,0.6509540475891512,0.6023092034392226
7,f103_nyg_low_normal_DAYS_FIRST_DUE_d_app_DAYS_BIRTH_min,96.77278071641922,13,0.6509540475891512,0.6023092034392226
7,f103_nyg_low_normal_interest_rate_pctchange_max,202.00882801413536,23,0.6509540475891512,0.6023092034392226
7,f103_nyg_low_normal_DAYS_FIRST_DUE_s_app_DAYS_LAST_PHONE_CHANGE_min,143.73232889175415,13,0.6509540475891512,0.6023092034392226
7,f103_nyg_low_normal_DAYS_DECISION_s_app_DAYS_LAST_PHONE_CHANGE_min,142.4674196243286,19,0.6509540475891512,0.6023092034392226
7,f103_nyg_low_normal_DAYS_DECISION_s_app_DAYS_BIRTH_min,441.73964262008667,28,0.6509540475891512,0.6023092034392226
7,f103_nyg_low_normal_DAYS_LAST_DUE_1ST_VERSION_s_app_DAYS_ID_PUBLISH_max,96.86002761125565,14,0.6509540475891512,0.6023092034392226
7,f103_nyg_low_normal_DAYS_DECISION_s_app_DAYS_BIRTH_max,331.96806049346924,22,0.6509540475891512,0.6023092034392226
7,f103_nyg_middle_AMT_ANNUITY_d_app_AMT_ANNUITY_pctchange_std_div_mean,372.40562629699707,33,0.6509540475891512,0.6023092034392226
7,f103_nyg_low_normal_DAYS_TERMINATION_s_DAYS_LAST_DUE_1ST_VERSION_max,320.7251833677292,30,0.6509540475891512,0.6023092034392226
7,f103_nyg_low_normal_DAYS_TERMINATION_s_DAYS_LAST_DUE_1ST_VERSION_min,459.3291206359863,40,0.6509540475891512,0.6023092034392226
7,f103_nyg_low_normal_DAYS_DECISION_d_app_DAYS_EMPLOYED_mean,353.3620457649231,20,0.6509540475891512,0.6023092034392226
7,f103_nyg_low_normal_DAYS_FIRST_DUE_d_app_DAYS_BIRTH_mean,68.03700017929077,8,0.6509540475891512,0.6023092034392226
7,f103_nyg_low_normal_DAYS_FIRST_DUE_s_app_DAYS_LAST_PHONE_CHANGE_max,178.47910928726196,22,0.6509540475891512,0.6023092034392226
7,f103_nyg_low_normal_interest_rate_diff_mean,99.49733066558838,13,0.6509540475891512,0.6023092034392226
7,f103_nyg_low_normal_DAYS_LAST_DUE_1ST_VERSION_s_app_DAYS_EMPLOYED_max,175.49426174163818,16,0.6509540475891512,0.6023092034392226
7,f103_nyg_low_normal_DAYS_LAST_DUE_1ST_VERSION_s_app_DAYS_ID_PUBLISH_min,65.25090885162354,8,0.6509540475891512,0.6023092034392226
7,f103_nyg_low_normal_DAYS_LAST_DUE_1ST_VERSION_s_app_DAYS_REGISTRATION_min,92.47305011749268,13,0.6509540475891512,0.6023092034392226
7,f103_nyg_low_normal_DAYS_DECISION_s_app_DAYS_REGISTRATION_mean,78.65088081359863,8,0.6509540475891512,0.6023092034392226
7,f103_nyg_low_normal_DAYS_DECISION_s_app_DAYS_EMPLOYED_min,318.23170280456543,26,0.6509540475891512,0.6023092034392226
7,f103_nyg_low_normal_HOUR_APPR_PROCESS_START_min,226.98529982566833,23,0.6509540475891512,0.6023092034392226
7,f103_nyg_low_normal_DAYS_LAST_DUE_1ST_VERSION_s_app_DAYS_REGISTRATION_max,209.87679767608643,19,0.6509540475891512,0.6023092034392226
7,f103_nyg_low_normal_DAYS_DECISION_s_app_DAYS_ID_PUBLISH_mean,127.43232917785645,11,0.6509540475891512,0.6023092034392226
7,f103_nyg_low_normal_DAYS_DECISION_d_app_DAYS_EMPLOYED_max,329.0830897092819,26,0.6509540475891512,0.6023092034392226
7,f103_nyg_low_normal_DAYS_FIRST_DUE_s_app_DAYS_BIRTH_max,143.53409564495087,13,0.6509540475891512,0.6023092034392226
7,f103_nyg_low_normal_DAYS_DECISION_s_app_DAYS_LAST_PHONE_CHANGE_mean,48.4197096824646,5,0.6509540475891512,0.6023092034392226
7,f103_nyg_low_normal_DAYS_LAST_DUE_1ST_VERSION_s_app_DAYS_ID_PUBLISH_mean,70.64478003978729,8,0.6509540475891512,0.6023092034392226
7,f103_nyg_low_normal_DAYS_LAST_DUE_1ST_VERSION_d_app_DAYS_BIRTH_mean,552.1655080318451,39,0.6509540475891512,0.6023092034392226
7,f103_nyg_low_normal_DAYS_LAST_DUE_1ST_VERSION_s_app_DAYS_REGISTRATION_mean,85.97286033630371,7,0.6509540475891512,0.6023092034392226
7,f103_nyg_middle_AMT_ANNUITY_d_app_AMT_CREDIT_pctchange_max,98.89789998531342,12,0.6509540475891512,0.6023092034392226
7,f103_nyg_low_normal_DAYS_TERMINATION_s_DAYS_LAST_DUE_min,318.9744493961334,32,0.6509540475891512,0.6023092034392226
7,f103_nyg_low_normal_DAYS_LAST_DUE_1ST_VERSION_s_app_DAYS_EMPLOYED_min,110.18870067596436,13,0.6509540475891512,0.6023092034392226
7,f103_nyg_low_normal_DAYS_LAST_DUE_d_app_DAYS_BIRTH_min,256.6097297668457,26,0.6509540475891512,0.6023092034392226
7,f103_nyg_low_normal_DAYS_TERMINATION_d_app_DAYS_BIRTH_max,80.63782000541687,10,0.6509540475891512,0.6023092034392226
7,f103_nyg_middle_AMT_ANNUITY_d_app_AMT_ANNUITY_pctchange_std,622.2351149320602,45,0.6509540475891512,0.6023092034392226
7,f103_nyg_low_normal_DAYS_DECISION_s_app_DAYS_EMPLOYED_max,219.66902828216553,19,0.6509540475891512,0.6023092034392226
7,f103_nyg_low_normal_DAYS_TERMINATION_d_app_DAYS_BIRTH_min,153.36952924728394,16,0.6509540475891512,0.6023092034392226
7,f103_nyg_low_normal_DAYS_TERMINATION_s_DAYS_LAST_DUE_1ST_VERSION_mean,208.45232033729553,19,0.6509540475891512,0.6023092034392226
7,f103_nyg_low_normal_DAYS_FIRST_DUE_s_app_DAYS_LAST_PHONE_CHANGE_mean,116.80555009841919,13,0.6509540475891512,0.6023092034392226
7,f103_nyg_low_normal_DAYS_DECISION_s_app_DAYS_REGISTRATION_min,150.93786108493805,15,0.6509540475891512,0.6023092034392226
7,f103_nyg_low_normal_DAYS_LAST_DUE_1ST_VERSION_s_DAYS_DECISIONS_mean,236.2574098110199,26,0.6509540475891512,0.6023092034392226
7,f103_nyg_low_normal_DAYS_LAST_DUE_1ST_VERSION_s_app_DAYS_BIRTH_max,84.29658889770508,9,0.6509540475891512,0.6023092034392226
7,f103_nyg_low_normal_DAYS_LAST_DUE_d_app_DAYS_BIRTH_max,84.22209942340851,11,0.6509540475891512,0.6023092034392226
7,f103_nyg_low_normal_DAYS_LAST_DUE_1ST_VERSION_s_app_DAYS_EMPLOYED_mean,79.5871901512146,9,0.6509540475891512,0.6023092034392226
7,f103_nyg_low_normal_DAYS_FIRST_DUE_s_app_DAYS_ID_PUBLISH_min,117.52826046943665,12,0.6509540475891512,0.6023092034392226
7,f103_nyg_low_normal_DAYS_LAST_DUE_s_app_DAYS_ID_PUBLISH_max,273.250750541687,28,0.6509540475891512,0.6023092034392226
7,f103_nyg_low_normal_DAYS_LAST_DUE_d_app_DAYS_EMPLOYED_min,94.59723925590515,10,0.6509540475891512,0.6023092034392226
7,f103_nyg_low_normal_AMT_CREDIT_s_app_AMT_ANNUITY_pctchange_min,99.04313027858734,9,0.6509540475891512,0.6023092034392226
7,f103_nyg_low_normal_DAYS_FIRST_DUE_s_app_DAYS_ID_PUBLISH_max,125.12092491053045,14,0.6509540475891512,0.6023092034392226
7,f103_nyg_low_normal_DAYS_FIRST_DUE_s_app_DAYS_REGISTRATION_max,116.62877333164215,14,0.6509540475891512,0.6023092034392226
7,f103_nyg_middle_AMT_ANNUITY_s_app_AMT_ANNUITY_d_app_AMT_INCOME_TOTAL_pctchange_max_div_min,545.7730193138123,39,0.6509540475891512,0.6023092034392226
7,f103_nyg_low_normal_DAYS_FIRST_DUE_s_app_DAYS_ID_PUBLISH_mean,29.8887300491333,3,0.6509540475891512,0.6023092034392226
7,f103_nyg_low_normal_DAYS_TERMINATION_s_DAYS_FIRST_DUE_min,11.700899839401245,2,0.6509540475891512,0.6023092034392226
7,f103_nyg_low_normal_DAYS_FIRST_DUE_s_app_DAYS_REGISTRATION_min,126.39747112989426,18,0.6509540475891512,0.6023092034392226
7,f103_nyg_low_normal_DAYS_TERMINATION_s_app_DAYS_REGISTRATION_max,129.37988996505737,17,0.6509540475891512,0.6023092034392226
7,f103_nyg_low_normal_DAYS_LAST_DUE_1ST_VERSION_s_app_DAYS_BIRTH_min,75.41057991981506,8,0.6509540475891512,0.6023092034392226
7,f103_nyg_low_normal_DAYS_LAST_DUE_s_DAYS_DECISIONS_min,43.64387035369873,5,0.6509540475891512,0.6023092034392226
7,f103_nyg_low_normal_DAYS_TERMINATION_s_DAYS_FIRST_DUE_max,54.044660210609436,8,0.6509540475891512,0.6023092034392226
7,f103_nyg_low_normal_DAYS_TERMINATION_s_app_DAYS_LAST_PHONE_CHANGE_min,122.98632490634918,15,0.6509540475891512,0.6023092034392226
7,f103_nyg_low_normal_AMT_CREDIT_s_app_AMT_ANNUITY_pctchange_max,97.22075963020325,9,0.6509540475891512,0.6023092034392226
7,f103_nyg_low_normal_DAYS_DECISION_s_app_DAYS_EMPLOYED_mean,152.89818000793457,12,0.6509540475891512,0.6023092034392226
7,f103_nyg_low_normal_DAYS_TERMINATION_s_DAYS_LAST_DUE_mean,36.048100233078,5,0.6509540475891512,0.6023092034392226
7,f103_nyg_low_normal_DAYS_TERMINATION_s_DAYS_LAST_DUE_max,15.10578989982605,2,0.6509540475891512,0.6023092034392226
7,f103_nyg_low_normal_DAYS_LAST_DUE_1ST_VERSION_s_app_DAYS_BIRTH_mean,62.57062077522278,9,0.6509540475891512,0.6023092034392226
7,f103_nyg_low_normal_DAYS_TERMINATION_d_app_DAYS_EMPLOYED_min,99.97248983383179,10,0.6509540475891512,0.6023092034392226
7,f103_nyg_low_normal_DAYS_FIRST_DUE_s_DAYS_DECISIONS_mean,112.96669054031372,10,0.6509540475891512,0.6023092034392226
7,f103_nyg_low_normal_DAYS_LAST_DUE_s_app_DAYS_REGISTRATION_min,93.50064051151276,13,0.6509540475891512,0.6023092034392226
7,f103_nyg_low_normal_DAYS_TERMINATION_s_DAYS_DECISIONS_max,133.53218722343445,13,0.6509540475891512,0.6023092034392226
7,f103_nyg_low_normal_DAYS_TERMINATION_s_app_DAYS_LAST_PHONE_CHANGE_max,121.16173815727234,12,0.6509540475891512,0.6023092034392226
7,f103_nyg_low_normal_DAYS_FIRST_DUE_s_app_DAYS_BIRTH_mean,274.16260290145874,14,0.6509540475891512,0.6023092034392226
7,f103_nyg_low_normal_DAYS_TERMINATION_s_DAYS_DECISIONS_mean,115.56187963485718,12,0.6509540475891512,0.6023092034392226
7,f103_nyg_low_normal_DAYS_FIRST_DUE_s_DAYS_DECISIONS_min,217.96513986587524,22,0.6509540475891512,0.6023092034392226
7,f103_nyg_middle_AMT_ANNUITY_s_app_AMT_GOODS_PRICE_max,3339.4680565595627,201,0.6509540475891512,0.6023092034392226
7,f103_nyg_middle_AMT_CREDIT_d_AMT_ANNUITY_diff_max,1322.8690864145756,135,0.6509540475891512,0.6023092034392226
7,f103_nyg_middle_DAYS_LAST_DUE_1ST_VERSION_s_app_DAYS_LAST_PHONE_CHANGE_min,1298.4073413014412,123,0.6509540475891512,0.6023092034392226
7,f103_nyg_middle_AMT_ANNUITY_s_app_AMT_ANNUITY_pctchange_min,155.88031223416328,21,0.6509540475891512,0.6023092034392226
7,f103_nyg_middle_AMT_ANNUITY_s_app_AMT_GOODS_PRICE_min,3360.7811625003815,204,0.6509540475891512,0.6023092034392226
7,f103_nyg_middle_AMT_ANNUITY_s_app_AMT_ANNUITY_pctchange_mean,162.36397856473923,19,0.6509540475891512,0.6023092034392226
7,f103_nyg_middle_DAYS_LAST_DUE_d_app_DAYS_BIRTH_max,893.2079602479935,96,0.6509540475891512,0.6023092034392226
8,f103_nyg_middle_AMT_ANNUITY_s_app_AMT_GOODS_PRICE_mean,533.5329279899597,41,0.8226046618751629,0.7620325402787889
8,f103_nyg_middle_DAYS_FIRST_DUE_d_app_DAYS_BIRTH_min,273.43374985456467,27,0.8226046618751629,0.7620325402787889
8,f103_nyg_middle_DAYS_DECISION_s_app_DAYS_BIRTH_min,67.95419979095459,5,0.8226046618751629,0.7620325402787889
8,f103_nyg_middle_DAYS_LAST_DUE_1ST_VERSION_d_app_DAYS_BIRTH_min,1091.233856678009,68,0.8226046618751629,0.7620325402787889
8,f103_nyg_middle_DAYS_LAST_DUE_d_app_DAYS_BIRTH_mean,201.03602993488312,19,0.8226046618751629,0.7620325402787889
8,f103_nyg_middle_AMT_CREDIT_d_AMT_ANNUITY_min,649.5071597099304,44,0.8226046618751629,0.7620325402787889
8,f103_nyg_middle_AMT_GOODS_PRICE_d_total_debt_mean,531.2746233940125,42,0.8226046618751629,0.7620325402787889
8,f103_nyg_middle_AMT_CREDIT_d_AMT_ANNUITY_max,572.1150102615356,40,0.8226046618751629,0.7620325402787889
8,f103_nyg_middle_AMT_CREDIT_d_total_debt_min,401.1491656303406,32,0.8226046618751629,0.7620325402787889
8,f103_nyg_middle_DAYS_FIRST_DUE_s_app_DAYS_LAST_PHONE_CHANGE_max,230.24778079986572,22,0.8226046618751629,0.7620325402787889
8,f103_nyg_middle_DAYS_LAST_DUE_d_app_DAYS_EMPLOYED_max,42.71870040893555,4,0.8226046618751629,0.7620325402787889
8,f103_nyg_middle_DAYS_LAST_DUE_d_app_DAYS_BIRTH_min,277.40512132644653,24,0.8226046618751629,0.7620325402787889
8,f103_nyg_middle_DAYS_LAST_DUE_1ST_VERSION_d_app_DAYS_BIRTH_max,279.2953791618347,23,0.8226046618751629,0.7620325402787889
8,f103_nyg_middle_DAYS_LAST_DUE_d_app_DAYS_EMPLOYED_min,95.61103057861328,9,0.8226046618751629,0.7620325402787889
8,f103_nyg_middle_DAYS_LAST_DUE_d_app_DAYS_EMPLOYED_mean,55.43748092651367,5,0.8226046618751629,0.7620325402787889
8,f103_nyg_middle_DAYS_DECISION_s_app_DAYS_LAST_PHONE_CHANGE_max,167.0388684272766,14,0.8226046618751629,0.7620325402787889
8,f103_nyg_middle_AMT_GOODS_PRICE_d_AMT_CREDIT_mean,393.18618154525757,32,0.8226046618751629,0.7620325402787889
8,f103_nyg_middle_DAYS_DECISION_d_app_DAYS_BIRTH_min,329.12154817581177,31,0.8226046618751629,0.7620325402787889
8,f103_nyg_middle_AMT_CREDIT_d_AMT_APPLICATION_max,312.2839527130127,24,0.8226046618751629,0.7620325402787889
8,f103_nyg_middle_AMT_CREDIT_d_app_AMT_ANNUITY_pctchange_max,349.1896970272064,25,0.8226046618751629,0.7620325402787889
8,f103_nyg_middle_DAYS_LAST_DUE_1ST_VERSION_s_app_DAYS_REGISTRATION_max,139.71995878219604,16,0.8226046618751629,0.7620325402787889
8,f103_nyg_middle_DAYS_DECISION_s_app_DAYS_ID_PUBLISH_max,315.17960834503174,25,0.8226046618751629,0.7620325402787889
8,f103_nyg_middle_AMT_GOODS_PRICE_d_total_debt_min,347.15884017944336,25,0.8226046618751629,0.7620325402787889
8,f103_nyg_middle_AMT_CREDIT_d_total_debt_mean,288.24889039993286,23,0.8226046618751629,0.7620325402787889
8,f103_nyg_middle_DAYS_DECISION_s_app_DAYS_BIRTH_mean,127.66265106201172,11,0.8226046618751629,0.7620325402787889
8,f103_nyg_middle_AMT_GOODS_PRICE_d_total_debt_max,590.4687147140503,38,0.8226046618751629,0.7620325402787889
8,f103_nyg_middle_AMT_CREDIT_d_AMT_ANNUITY_mean,562.3559014797211,33,0.8226046618751629,0.7620325402787889
8,f103_nyg_middle_DAYS_DECISION_s_app_DAYS_LAST_PHONE_CHANGE_min,192.96498203277588,16,0.8226046618751629,0.7620325402787889
8,f103_nyg_middle_AMT_CREDIT_s_app_AMT_CREDIT_min,147.86130046844482,12,0.8226046618751629,0.7620325402787889
8,f103_nyg_middle_DAYS_LAST_DUE_1ST_VERSION_s_app_DAYS_ID_PUBLISH_max,216.75594997406006,19,0.8226046618751629,0.7620325402787889
8,f103_nyg_middle_DAYS_DECISION_d_app_DAYS_EMPLOYED_min,141.61016130447388,11,0.8226046618751629,0.7620325402787889
8,f103_nyg_middle_DAYS_LAST_DUE_1ST_VERSION_s_app_DAYS_ID_PUBLISH_min,259.9795310497284,23,0.8226046618751629,0.7620325402787889
8,f103_nyg_middle_AMT_GOODS_PRICE_d_AMT_ANNUITY_max,538.1998300552368,39,0.8226046618751629,0.7620325402787889
8,f103_nyg_middle_DAYS_DECISION_d_app_DAYS_EMPLOYED_max,139.96013021469116,11,0.8226046618751629,0.7620325402787889
8,f103_nyg_middle_DAYS_DECISION_s_app_DAYS_BIRTH_max,125.9945011138916,10,0.8226046618751629,0.7620325402787889
8,f103_nyg_middle_AMT_CREDIT_d_total_debt_max,438.45565962791443,30,0.8226046618751629,0.7620325402787889
8,f103_nyg_middle_DAYS_DECISION_s_app_DAYS_REGISTRATION_min,190.23828887939453,15,0.8226046618751629,0.7620325402787889
8,f103_nyg_middle_DAYS_FIRST_DUE_s_app_DAYS_LAST_PHONE_CHANGE_mean,117.28393959999084,10,0.8226046618751629,0.7620325402787889
8,f103_nyg_middle_DAYS_DECISION_s_app_DAYS_LAST_PHONE_CHANGE_mean,126.19416165351868,14,0.8226046618751629,0.7620325402787889
8,f103_nyg_middle_DAYS_FIRST_DUE_s_app_DAYS_ID_PUBLISH_mean,168.00500965118408,15,0.8226046618751629,0.7620325402787889
8,f103_nyg_middle_DAYS_DECISION_d_app_DAYS_BIRTH_max,200.05196905136108,20,0.8226046618751629,0.7620325402787889
8,f103_nyg_middle_AMT_GOODS_PRICE_d_AMT_ANNUITY_min,284.4159188270569,23,0.8226046618751629,0.7620325402787889
8,f103_nyg_middle_DAYS_LAST_DUE_1ST_VERSION_d_app_DAYS_BIRTH_mean,422.9553813934326,30,0.8226046618751629,0.7620325402787889
8,f103_nyg_middle_DAYS_FIRST_DUE_d_app_DAYS_BIRTH_max,134.84659004211426,14,0.8226046618751629,0.7620325402787889
8,f103_nyg_middle_DAYS_DECISION_s_app_DAYS_REGISTRATION_max,167.10300064086914,13,0.8226046618751629,0.7620325402787889
8,f103_nyg_middle_AMT_APPLICATION_d_app_AMT_ANNUITY_pctchange_max,312.48948097229004,25,0.8226046618751629,0.7620325402787889
8,f103_nyg_middle_DAYS_FIRST_DUE_d_app_DAYS_EMPLOYED_min,129.12751150131226,11,0.8226046618751629,0.7620325402787889
8,f103_nyg_middle_DAYS_DECISION_d_app_DAYS_BIRTH_mean,309.93350076675415,30,0.8226046618751629,0.7620325402787889
8,f103_nyg_middle_DAYS_FIRST_DUE_d_app_DAYS_BIRTH_mean,316.05385971069336,27,0.8226046618751629,0.7620325402787889
8,f103_nyg_middle_DAYS_FIRST_DUE_s_app_DAYS_ID_PUBLISH_max,140.1922105550766,13,0.8226046618751629,0.7620325402787889
8,f103_nyg_middle_DAYS_DECISION_s_app_DAYS_ID_PUBLISH_min,159.02073001861572,14,0.8226046618751629,0.7620325402787889
8,f103_nyg_middle_AMT_CREDIT_d_app_AMT_GOODS_PRICE_max,204.2050313949585,19,0.8226046618751629,0.7620325402787889
8,f103_nyg_middle_DAYS_DECISION_s_app_DAYS_REGISTRATION_mean,216.810313642025,20,0.8226046618751629,0.7620325402787889
8,f103_nyg_middle_AMT_GOODS_PRICE_d_AMT_CREDIT_min,223.80751847475767,19,0.8226046618751629,0.7620325402787889
8,f103_nyg_middle_DAYS_LAST_DUE_1ST_VERSION_s_app_DAYS_ID_PUBLISH_mean,279.3031282424927,23,0.8226046618751629,0.7620325402787889
8,f103_nyg_middle_DAYS_FIRST_DUE_s_app_DAYS_ID_PUBLISH_min,174.74499940872192,17,0.8226046618751629,0.7620325402787889
8,f103_nyg_middle_AMT_CREDIT_d_app_AMT_ANNUITY_diff_mean,173.04595065116882,17,0.8226046618751629,0.7620325402787889
8,f103_nyg_middle_AMT_CREDIT_d_app_AMT_GOODS_PRICE_mean,75.49809980392456,8,0.8226046618751629,0.7620325402787889
8,f103_nyg_middle_AMT_GOODS_PRICE_m_app_AMT_GOODS_PRICE_d_app_AMT_INCOME_TOTAL_max,92.42882001399994,10,0.8226046618751629,0.7620325402787889
8,f103_nyg_middle_AMT_CREDIT_m_app_AMT_GOODS_PRICE_d_app_AMT_INCOME_TOTAL_mean,175.82138967514038,15,0.8226046618751629,0.7620325402787889
8,f103_nyg_middle_DAYS_DECISION_d_app_DAYS_EMPLOYED_mean,158.53885793685913,16,0.8226046618751629,0.7620325402787889
8,f103_nyg_middle_AMT_GOODS_PRICE_d_AMT_CREDIT_max,375.06687808036804,31,0.8226046618751629,0.7620325402787889
8,f103_nyg_middle_DAYS_LAST_DUE_1ST_VERSION_s_app_DAYS_EMPLOYED_max,143.80720233917236,15,0.8226046618751629,0.7620325402787889
8,f103_nyg_middle_DAYS_FIRST_DUE_s_app_DAYS_LAST_PHONE_CHANGE_min,154.34219026565552,15,0.8226046618751629,0.7620325402787889
8,f103_nyg_middle_DAYS_LAST_DUE_1ST_VERSION_s_app_DAYS_REGISTRATION_min,138.96435809135437,13,0.8226046618751629,0.7620325402787889
8,f103_nyg_middle_DAYS_LAST_DUE_1ST_VERSION_s_app_DAYS_BIRTH_min,165.63778829574585,15,0.8226046618751629,0.7620325402787889
8,f103_nyg_middle_DAYS_LAST_DUE_1ST_VERSION_s_app_DAYS_BIRTH_max,80.4956407546997,7,0.8226046618751629,0.7620325402787889
8,f103_nyg_middle_AMT_GOODS_PRICE_d_AMT_ANNUITY_mean,639.3651895523071,46,0.8226046618751629,0.7620325402787889
8,f103_nyg_middle_AMT_CREDIT_d_AMT_APPLICATION_min,298.14245223999023,24,0.8226046618751629,0.7620325402787889
8,f103_nyg_middle_DAYS_LAST_DUE_1ST_VERSION_s_app_DAYS_EMPLOYED_min,183.3816990852356,17,0.8226046618751629,0.7620325402787889
8,f103_nyg_middle_AMT_CREDIT_min,223.09285831451416,18,0.8226046618751629,0.7620325402787889
8,f103_nyg_middle_DAYS_LAST_DUE_1ST_VERSION_s_app_DAYS_EMPLOYED_mean,172.9878807067871,14,0.8226046618751629,0.7620325402787889
8,f103_nyg_middle_DAYS_FIRST_DUE_d_app_DAYS_EMPLOYED_mean,103.76948022842407,10,0.8226046618751629,0.7620325402787889
8,f103_nyg_middle_DAYS_LAST_DUE_1ST_VERSION_s_app_DAYS_BIRTH_mean,73.07793092727661,8,0.8226046618751629,0.7620325402787889
8,f103_nyg_middle_AMT_CREDIT_d_app_AMT_ANNUITY_diff_max,307.58081245422363,21,0.8226046618751629,0.7620325402787889
8,f103_nyg_middle_AMT_APPLICATION_s_app_AMT_CREDIT_min,64.46711015701294,6,0.8226046618751629,0.7620325402787889
8,f103_nyg_middle_AMT_CREDIT_s_app_AMT_CREDIT_max,69.52160024642944,7,0.8226046618751629,0.7620325402787889
8,f103_nyg_middle_AMT_CREDIT_s_app_AMT_ANNUITY_min,220.29936122894287,19,0.8226046618751629,0.7620325402787889
8,f103_nyg_middle_AMT_CREDIT_m_app_AMT_GOODS_PRICE_d_app_AMT_INCOME_TOTAL_max,142.5769681930542,13,0.8226046618751629,0.7620325402787889
8,f103_nyg_middle_AMT_APPLICATION_m_app_AMT_GOODS_PRICE_d_app_AMT_INCOME_TOTAL_max,168.28811836242676,16,0.8226046618751629,0.7620325402787889
8,f103_nyg_middle_DAYS_DECISION_s_app_DAYS_ID_PUBLISH_mean,134.1557102203369,13,0.8226046618751629,0.7620325402787889
8,f103_nyg_middle_AMT_CREDIT_d_AMT_APPLICATION_mean,133.52591037750244,12,0.8226046618751629,0.7620325402787889
8,f103_nyg_middle_DAYS_LAST_DUE_1ST_VERSION_s_app_DAYS_REGISTRATION_mean,84.45523118972778,9,0.8226046618751629,0.7620325402787889
8,f103_nyg_middle_DAYS_FIRST_DUE_d_app_DAYS_EMPLOYED_max,133.12165021896362,14,0.8226046618751629,0.7620325402787889
8,f103_nyg_middle_AMT_CREDIT_s_app_AMT_ANNUITY_diff_mean,218.5537486076355,18,0.8226046618751629,0.7620325402787889
8,f103_nyg_middle_AMT_CREDIT_d_app_AMT_INCOME_TOTAL_diff_mean,178.26595973968506,15,0.8226046618751629,0.7620325402787889
8,f103_nyg_middle_DAYS_FIRST_DUE_s_app_DAYS_EMPLOYED_max,80.28904056549072,5,0.8226046618751629,0.7620325402787889
8,f103_nyg_middle_DAYS_FIRST_DUE_s_app_DAYS_REGISTRATION_min,104.72491002082825,11,0.8226046618751629,0.7620325402787889
8,f103_nyg_middle_AMT_APPLICATION_d_app_AMT_GOODS_PRICE_diff_mean,95.62428951263428,10,0.8226046618751629,0.7620325402787889
8,f103_nyg_middle_DAYS_FIRST_DUE_s_app_DAYS_REGISTRATION_max,120.29174041748047,12,0.8226046618751629,0.7620325402787889
8,f103_nyg_middle_AMT_CREDIT_d_app_AMT_INCOME_TOTAL_min,244.655668258667,19,0.8226046618751629,0.7620325402787889
8,f103_nyg_middle_DAYS_FIRST_DUE_s_app_DAYS_REGISTRATION_mean,84.21462965011597,8,0.8226046618751629,0.7620325402787889
8,f103_nyg_middle_AMT_CREDIT_s_app_AMT_CREDIT_mean,58.980801582336426,4,0.8226046618751629,0.7620325402787889
8,f103_nyg_middle_AMT_CREDIT_s_app_AMT_INCOME_TOTAL_max,291.53509998321533,23,0.8226046618751629,0.7620325402787889
8,f103_nyg_middle_DAYS_DECISION_s_app_DAYS_EMPLOYED_max,167.28046035766602,13,0.8226046618751629,0.7620325402787889
8,f103_nyg_middle_AMT_CREDIT_s_app_AMT_GOODS_PRICE_min,150.69081020355225,14,0.8226046618751629,0.7620325402787889
8,f103_nyg_middle_AMT_APPLICATION_d_app_AMT_ANNUITY_diff_max,271.9737777709961,24,0.8226046618751629,0.7620325402787889
8,f103_nyg_middle_DAYS_FIRST_DUE_s_app_DAYS_EMPLOYED_min,66.5304708480835,5,0.8226046618751629,0.7620325402787889
8,f103_nyg_middle_AMT_CREDIT_m_app_AMT_GOODS_PRICE_d_app_AMT_INCOME_TOTAL_pctchange_std_div_mean,87.2926893234253,8,0.8226046618751629,0.7620325402787889
8,f103_nyg_middle_DAYS_FIRST_DUE_s_app_DAYS_BIRTH_min,90.04189968109131,6,0.8226046618751629,0.7620325402787889
8,f103_nyg_middle_AMT_CREDIT_s_app_AMT_INCOME_TOTAL_mean,177.50839972496033,16,0.8226046618751629,0.7620325402787889
8,f103_nyg_middle_AMT_CREDIT_d_app_AMT_CREDIT_diff_mean,156.12967014312744,13,0.8226046618751629,0.7620325402787889
8,f103_nyg_middle_AMT_GOODS_PRICE_s_app_AMT_CREDIT_min,47.778926610946655,5,0.8226046618751629,0.7620325402787889
8,f103_nyg_middle_AMT_CREDIT_s_app_AMT_INCOME_TOTAL_min,105.00628089904785,11,0.8226046618751629,0.7620325402787889
8,f103_nyg_middle_DAYS_LAST_DUE_1ST_VERSION_s_DAYS_DECISIONS_max,356.6405396461487,28,0.8226046618751629,0.7620325402787889
8,f103_nyg_middle_DAYS_DECISION_s_app_DAYS_EMPLOYED_mean,75.61790132522583,7,0.8226046618751629,0.7620325402787889
8,f103_nyg_middle_AMT_CREDIT_d_app_AMT_GOODS_PRICE_diff_max,152.81916999816895,13,0.8226046618751629,0.7620325402787889
8,f103_nyg_middle_DAYS_DECISION_s_app_DAYS_EMPLOYED_min,57.66307973861694,6,0.8226046618751629,0.7620325402787889
8,f103_nyg_middle_AMT_CREDIT_s_app_AMT_ANNUITY_d_app_AMT_INCOME_TOTAL_min,236.9294900894165,18,0.8226046618751629,0.7620325402787889
8,f103_nyg_middle_AMT_APPLICATION_d_app_AMT_CREDIT_diff_mean,139.29203033447266,13,0.8226046618751629,0.7620325402787889
8,f103_nyg_middle_AMT_GOODS_PRICE_s_app_AMT_CREDIT_max,55.7613000869751,4,0.8226046618751629,0.7620325402787889
8,f103_nyg_middle_DAYS_FIRST_DUE_s_app_DAYS_BIRTH_max,30.90395975112915,3,0.8226046618751629,0.7620325402787889
8,f103_nyg_middle_AMT_CREDIT_d_total_debt_diff_std_div_mean,230.70775032043457,22,0.8226046618751629,0.7620325402787889
8,f103_nyg_middle_DAYS_FIRST_DUE_s_app_DAYS_BIRTH_mean,39.110790729522705,4,0.8226046618751629,0.7620325402787889
8,f103_nyg_middle_AMT_APPLICATION_s_app_AMT_CREDIT_mean,33.025309562683105,3,0.8226046618751629,0.7620325402787889
8,f103_nyg_middle_AMT_CREDIT_d_app_AMT_INCOME_TOTAL_max,414.6037788391113,30,0.8226046618751629,0.7620325402787889
8,f103_nyg_middle_AMT_CREDIT_s_app_AMT_ANNUITY_d_app_AMT_INCOME_TOTAL_max,280.47335958480835,22,0.8226046618751629,0.7620325402787889
8,f103_nyg_middle_AMT_GOODS_PRICE_s_app_AMT_CREDIT_mean,73.91193008422852,6,0.8226046618751629,0.7620325402787889
8,f103_nyg_middle_AMT_CREDIT_d_app_AMT_GOODS_PRICE_diff_mean,142.17440748214722,13,0.8226046618751629,0.7620325402787889
8,f103_nyg_middle_DAYS_FIRST_DUE_s_app_DAYS_EMPLOYED_mean,121.65220153331757,9,0.8226046618751629,0.7620325402787889
8,f103_nyg_middle_DAYS_LAST_DUE_1ST_VERSION_s_DAYS_DECISIONS_min,115.91190147399902,9,0.8226046618751629,0.7620325402787889
8,f103_nyg_middle_AMT_APPLICATION_s_app_AMT_GOODS_PRICE_min,150.27708041667938,13,0.8226046618751629,0.7620325402787889
8,f103_nyg_middle_AMT_CREDIT_d_app_AMT_CREDIT_diff_max,212.61324882507324,16,0.8226046618751629,0.7620325402787889
8,f103_nyg_middle_AMT_CREDIT_max,133.1435089111328,11,0.8226046618751629,0.7620325402787889
8,f103_nyg_middle_AMT_APPLICATION_s_app_AMT_CREDIT_max,84.11368989944458,6,0.8226046618751629,0.7620325402787889
8,f103_nyg_middle_AMT_CREDIT_s_app_AMT_GOODS_PRICE_max,89.38674068450928,8,0.8226046618751629,0.7620325402787889
8,f103_nyg_middle_AMT_GOODS_PRICE_s_app_AMT_GOODS_PRICE_max,99.26643896102905,8,0.8226046618751629,0.7620325402787889
8,f103_nyg_middle_AMT_CREDIT_d_app_AMT_INCOME_TOTAL_diff_max,331.7489309310913,24,0.8226046618751629,0.7620325402787889
8,f103_nyg_middle_AMT_APPLICATION_s_app_AMT_ANNUITY_d_app_AMT_INCOME_TOTAL_min,166.71979117393494,15,0.8226046618751629,0.7620325402787889
8,f103_nyg_middle_AMT_CREDIT_d_app_AMT_INCOME_TOTAL_mean,305.73076915740967,26,0.8226046618751629,0.7620325402787889
8,f103_nyg_middle_AMT_CREDIT_s_app_AMT_ANNUITY_max,299.45599031448364,26,0.8226046618751629,0.7620325402787889
8,f103_nyg_middle_AMT_GOODS_PRICE_d_app_AMT_GOODS_PRICE_diff_mean,97.64860105514526,8,0.8226046618751629,0.7620325402787889
8,f103_nyg_middle_AMT_GOODS_PRICE_s_app_AMT_INCOME_TOTAL_min,170.47302561998367,16,0.8226046618751629,0.7620325402787889
8,f103_nyg_middle_DAYS_DECISION_s_app_DAYS_REGISTRATION_std_div_mean,26.706589698791504,3,0.8226046618751629,0.7620325402787889
8,f103_nyg_middle_AMT_GOODS_PRICE_d_app_AMT_ANNUITY_diff_max,192.6315689086914,17,0.8226046618751629,0.7620325402787889
8,f103_nyg_middle_AMT_GOODS_PRICE_d_AMT_ANNUITY_diff_std,69.15017986297607,6,0.8226046618751629,0.7620325402787889
8,f103_nyg_middle_AMT_GOODS_PRICE_s_app_AMT_ANNUITY_d_app_AMT_INCOME_TOTAL_min,190.25150115042925,18,0.8226046618751629,0.7620325402787889
8,f103_nyg_middle_AMT_APPLICATION_d_app_AMT_INCOME_TOTAL_diff_max,191.0375280380249,16,0.8226046618751629,0.7620325402787889
8,f103_nyg_middle_AMT_CREDIT_s_app_AMT_GOODS_PRICE_mean,92.40326881408691,7,0.8226046618751629,0.7620325402787889
8,f103_nyg_middle_AMT_CREDIT_s_app_AMT_ANNUITY_mean,232.60125875473022,19,0.8226046618751629,0.7620325402787889
8,f103_nyg_middle_AMT_GOODS_PRICE_d_total_debt_diff_std_div_mean,30.739070415496826,3,0.8226046618751629,0.7620325402787889
8,f103_nyg_middle_AMT_CREDIT_mean,159.12367153167725,15,0.8226046618751629,0.7620325402787889
8,f103_nyg_middle_AMT_APPLICATION_d_app_AMT_GOODS_PRICE_diff_max,218.61475896835327,19,0.8226046618751629,0.7620325402787889
8,f103_nyg_middle_AMT_APPLICATION_s_app_AMT_INCOME_TOTAL_min,108.23662042617798,10,0.8226046618751629,0.7620325402787889
8,f103_nyg_middle_AMT_CREDIT_d_AMT_ANNUITY_diff_std,34.85616970062256,4,0.8226046618751629,0.7620325402787889
8,f103_nyg_middle_AMT_CREDIT_s_app_AMT_ANNUITY_d_app_AMT_INCOME_TOTAL_mean,271.13011932373047,22,0.8226046618751629,0.7620325402787889
8,f103_nyg_middle_AMT_GOODS_PRICE_s_app_AMT_GOODS_PRICE_min,81.73388004302979,6,0.8226046618751629,0.7620325402787889
8,f103_refused_DAYS_DECISION_d_app_DAYS_BIRTH_mean,206.68059730529785,18,0.8226046618751629,0.7620325402787889
8,f103_nyg_middle_AMT_APPLICATION_d_app_AMT_GOODS_PRICE_pctchange_max,147.05058097839355,12,0.8226046618751629,0.7620325402787889
8,f103_nyg_middle_total_debt_pctchange_max,198.80512976646423,17,0.8226046618751629,0.7620325402787889
8,f103_nyg_middle_AMT_GOODS_PRICE_d_app_AMT_INCOME_TOTAL_min,284.98697209358215,26,0.8226046618751629,0.7620325402787889
8,f103_nyg_middle_total_debt_diff_mean,229.82846307754517,18,0.8226046618751629,0.7620325402787889
8,f103_nyg_middle_AMT_CREDIT_s_app_AMT_ANNUITY_diff_max,371.4120903015137,25,0.8226046618751629,0.7620325402787889
8,f103_refused_DAYS_DECISION_d_app_DAYS_BIRTH_min,494.07779932022095,32,0.8226046618751629,0.7620325402787889
8,f103_nyg_middle_total_debt_min,198.18528056144714,19,0.8226046618751629,0.7620325402787889
8,f103_nyg_middle_total_debt_diff_max,322.94577437639236,25,0.8226046618751629,0.7620325402787889
8,f103_nyg_middle_DAYS_TERMINATION_s_DAYS_LAST_DUE_1ST_VERSION_max,901.127968788147,67,0.8226046618751629,0.7620325402787889
8,f103_nyg_middle_interest_rate_diff_min,386.2212176322937,31,0.8226046618751629,0.7620325402787889
8,f103_refused_AMT_CREDIT_d_total_debt_min,2082.9551877975464,63,0.8226046618751629,0.7620325402787889
8,f103_nyg_middle_HOUR_APPR_PROCESS_START_mean,294.66378927230835,26,0.8226046618751629,0.7620325402787889
8,f103_nyg_middle_interest_rate_pctchange_min,349.071057677269,30,0.8226046618751629,0.7620325402787889
8,f103_nyg_middle_interest_rate_diff_mean,240.2628891468048,23,0.8226046618751629,0.7620325402787889
8,f103_nyg_middle_total_debt_max,329.1206524372101,21,0.8226046618751629,0.7620325402787889
8,f103_nyg_middle_DAYS_TERMINATION_d_app_DAYS_BIRTH_max,124.75881028175354,13,0.8226046618751629,0.7620325402787889
8,f103_nyg_middle_total_debt_mean,130.09080028533936,11,0.8226046618751629,0.7620325402787889
8,f103_refused_AMT_GOODS_PRICE_d_total_debt_mean,476.91828298568726,22,0.8226046618751629,0.7620325402787889
8,f103_nyg_middle_DAYS_LAST_DUE_s_app_DAYS_BIRTH_max,57.652838706970215,5,0.8226046618751629,0.7620325402787889
8,f103_nyg_middle_HOUR_APPR_PROCESS_START_min,130.27383065223694,14,0.8226046618751629,0.7620325402787889
8,f103_nyg_middle_DAYS_TERMINATION_s_DAYS_LAST_DUE_1ST_VERSION_mean,537.3594294786453,41,0.8226046618751629,0.7620325402787889
8,f103_nyg_middle_DAYS_TERMINATION_d_app_DAYS_BIRTH_mean,155.34893894195557,13,0.8226046618751629,0.7620325402787889
8,f103_refused_AMT_ANNUITY_s_app_AMT_GOODS_PRICE_min,79.11805361509323,9,0.8226046618751629,0.7620325402787889
8,f103_nyg_middle_DAYS_TERMINATION_s_DAYS_LAST_DUE_1ST_VERSION_min,387.2253322303295,37,0.8226046618751629,0.7620325402787889
8,f103_nyg_middle_DAYS_TERMINATION_d_app_DAYS_BIRTH_min,178.0102412700653,18,0.8226046618751629,0.7620325402787889
8,f103_nyg_middle_DAYS_TERMINATION_s_app_DAYS_LAST_PHONE_CHANGE_min,301.9511675834656,28,0.8226046618751629,0.7620325402787889
8,f103_nyg_middle_DAYS_LAST_DUE_s_app_DAYS_BIRTH_min,152.64113807678223,14,0.8226046618751629,0.7620325402787889
8,f103_nyg_middle_DAYS_TERMINATION_d_app_DAYS_EMPLOYED_max,62.146267265081406,9,0.8226046618751629,0.7620325402787889
8,f103_nyg_middle_DAYS_TERMINATION_s_app_DAYS_LAST_PHONE_CHANGE_max,153.77221012115479,15,0.8226046618751629,0.7620325402787889
8,f103_refused_AMT_CREDIT_d_total_debt_mean,890.3245525360107,42,0.8226046618751629,0.7620325402787889
8,f103_refused_AMT_GOODS_PRICE_d_total_debt_min,773.0864198207855,34,0.8226046618751629,0.7620325402787889
8,f103_nyg_middle_DAYS_LAST_DUE_s_app_DAYS_LAST_PHONE_CHANGE_min,293.9183602333069,28,0.8226046618751629,0.7620325402787889
8,f103_nyg_middle_DAYS_TERMINATION_s_app_DAYS_BIRTH_max,68.74511075019836,8,0.8226046618751629,0.7620325402787889
8,f103_refused_AMT_CREDIT_d_AMT_ANNUITY_diff_mean,154.49088859558105,15,0.8226046618751629,0.7620325402787889
8,f103_refused_AMT_GOODS_PRICE_d_total_debt_max,528.2228593826294,28,0.8226046618751629,0.7620325402787889
8,f103_nyg_middle_DAYS_TERMINATION_d_app_DAYS_EMPLOYED_min,126.65365982055664,15,0.8226046618751629,0.7620325402787889
8,f103_refused_AMT_CREDIT_d_AMT_APPLICATION_diff_max,256.62992000579834,15,0.8226046618751629,0.7620325402787889
8,f103_nyg_middle_DAYS_TERMINATION_d_app_DAYS_EMPLOYED_mean,30.156270027160645,3,0.8226046618751629,0.7620325402787889
8,f103_nyg_middle_DAYS_LAST_DUE_s_app_DAYS_EMPLOYED_max,42.95487070083618,5,0.8226046618751629,0.7620325402787889
8,f103_nyg_middle_DAYS_LAST_DUE_s_app_DAYS_ID_PUBLISH_max,172.1982388496399,16,0.8226046618751629,0.7620325402787889
8,f103_nyg_middle_DAYS_LAST_DUE_s_app_DAYS_BIRTH_mean,66.59536027908325,6,0.8226046618751629,0.7620325402787889
8,f103_refused_DAYS_DECISION_d_app_DAYS_BIRTH_max_div_min,98.7807788848877,7,0.8226046618751629,0.7620325402787889
8,f103_refused_AMT_CREDIT_d_total_debt_max,704.8144068717957,40,0.8226046618751629,0.7620325402787889
8,f103_refused_AMT_CREDIT_d_AMT_APPLICATION_pctchange_max,182.3982973098755,14,0.8226046618751629,0.7620325402787889
8,f103_refused_AMT_CREDIT_d_AMT_ANNUITY_pctchange_min,276.125159740448,24,0.8226046618751629,0.7620325402787889
8,f103_refused_AMT_ANNUITY_s_app_AMT_GOODS_PRICE_max,92.6622793674469,8,0.8226046618751629,0.7620325402787889
8,f103_nyg_middle_DAYS_LAST_DUE_s_app_DAYS_REGISTRATION_min,20.58978009223938,3,0.8226046618751629,0.7620325402787889
8,f103_refused_AMT_ANNUITY_s_app_AMT_GOODS_PRICE_mean,63.14382076263428,5,0.8226046618751629,0.7620325402787889
8,f103_nyg_middle_DAYS_TERMINATION_s_app_DAYS_BIRTH_mean,72.4046220779419,6,0.8226046618751629,0.7620325402787889
8,f103_nyg_middle_DAYS_LAST_DUE_s_app_DAYS_ID_PUBLISH_mean,25.462080001831055,3,0.8226046618751629,0.7620325402787889
8,f103_nyg_middle_DAYS_LAST_DUE_s_app_DAYS_LAST_PHONE_CHANGE_max,97.58138048648834,9,0.8226046618751629,0.7620325402787889
8,f103_nyg_middle_total_debt_pctchange_std,97.9572286605835,8,0.8226046618751629,0.7620325402787889
8,f103_refused_AMT_ANNUITY_s_app_AMT_INCOME_TOTAL_max,370.03018045425415,33,0.8226046618751629,0.7620325402787889
8,f103_refused_AMT_CREDIT_d_AMT_ANNUITY_diff_min,206.50504159927368,18,0.8226046618751629,0.7620325402787889
8,f103_refused_AMT_ANNUITY_d_app_AMT_ANNUITY_pctchange_max,974.1410365104675,59,0.8226046618751629,0.7620325402787889
8,f103_refused_AMT_GOODS_PRICE_d_AMT_ANNUITY_diff_mean,117.40948915481567,9,0.8226046618751629,0.7620325402787889
8,f103_nyg_middle_DAYS_TERMINATION_s_app_DAYS_EMPLOYED_max,74.96414089202881,6,0.8226046618751629,0.7620325402787889
8,f103_refused_AMT_GOODS_PRICE_d_AMT_ANNUITY_diff_min,166.16965261101723,15,0.8226046618751629,0.7620325402787889
8,f103_nyg_middle_DAYS_TERMINATION_s_app_DAYS_BIRTH_min,72.52633905410767,6,0.8226046618751629,0.7620325402787889
8,f103_nyg_middle_DAYS_TERMINATION_s_app_DAYS_REGISTRATION_mean,17.14078986644745,3,0.8226046618751629,0.7620325402787889
8,f103_nyg_middle_DAYS_LAST_DUE_s_app_DAYS_ID_PUBLISH_min,113.67690086364746,9,0.8226046618751629,0.7620325402787889
8,f103_nyg_middle_DAYS_LAST_DUE_s_app_DAYS_REGISTRATION_max,51.952099323272705,5,0.8226046618751629,0.7620325402787889
8,f103_refused_AMT_ANNUITY_s_app_AMT_CREDIT_d_app_AMT_INCOME_TOTAL_pctchange_mean,333.0269401073456,28,0.8226046618751629,0.7620325402787889
8,f103_nyg_middle_DAYS_TERMINATION_s_app_DAYS_LAST_PHONE_CHANGE_mean,174.23134183883667,15,0.8226046618751629,0.7620325402787889
8,f103_nyg_middle_interest_rate_diff_std,68.09741067886353,6,0.8226046618751629,0.7620325402787889
8,f103_nyg_middle_DAYS_LAST_DUE_s_app_DAYS_REGISTRATION_mean,32.30616092681885,4,0.8226046618751629,0.7620325402787889
8,f103_nyg_middle_DAYS_LAST_DUE_s_app_DAYS_EMPLOYED_min,33.88477969169617,5,0.8226046618751629,0.7620325402787889
8,f103_nyg_middle_DAYS_TERMINATION_s_app_DAYS_REGISTRATION_min,151.5701403617859,14,0.8226046618751629,0.7620325402787889
8,f103_nyg_middle_DAYS_LAST_DUE_s_app_DAYS_LAST_PHONE_CHANGE_mean,65.79840993881226,6,0.8226046618751629,0.7620325402787889
8,f103_nyg_middle_DAYS_TERMINATION_s_app_DAYS_ID_PUBLISH_min,46.568989753723145,4,0.8226046618751629,0.7620325402787889
8,f103_nyg_middle_DAYS_TERMINATION_s_app_DAYS_ID_PUBLISH_mean,44.436400413513184,2,0.8226046618751629,0.7620325402787889
8,f103_nyg_middle_DAYS_TERMINATION_s_app_DAYS_ID_PUBLISH_max,129.40202045440674,11,0.8226046618751629,0.7620325402787889
8,f103_nyg_middle_RATE_DOWN_PAYMENT_max,63.27146911621094,6,0.8226046618751629,0.7620325402787889
8,f103_refused_AMT_ANNUITY_s_app_AMT_ANNUITY_min,203.69390964508057,16,0.8226046618751629,0.7620325402787889
8,f103_refused_AMT_ANNUITY_m_app_AMT_GOODS_PRICE_d_app_AMT_INCOME_TOTAL_pctchange_mean,443.1952899694443,39,0.8226046618751629,0.7620325402787889
8,f103_refused_AMT_ANNUITY_s_app_AMT_INCOME_TOTAL_min,507.4064621925354,40,0.8226046618751629,0.7620325402787889
8,f103_refused_AMT_ANNUITY_s_app_AMT_ANNUITY_mean,68.9352902173996,8,0.8226046618751629,0.7620325402787889
8,f103_refused_AMT_ANNUITY_s_app_AMT_INCOME_TOTAL_mean,305.12418937683105,27,0.8226046618751629,0.7620325402787889
8,f103_refused_AMT_ANNUITY_d_app_AMT_INCOME_TOTAL_min,205.9916809797287,20,0.8226046618751629,0.7620325402787889
8,f103_refused_AMT_ANNUITY_s_app_AMT_ANNUITY_d_app_AMT_INCOME_TOTAL_max,159.519211769104,13,0.8226046618751629,0.7620325402787889
8,f103_refused_AMT_CREDIT_d_total_debt_pctchange_mean,228.27052974700928,19,0.8226046618751629,0.7620325402787889
8,f103_refused_AMT_GOODS_PRICE_d_total_debt_diff_min,109.32978010177612,9,0.8226046618751629,0.7620325402787889
8,f103_refused_AMT_GOODS_PRICE_d_total_debt_diff_max,90.05697107315063,9,0.8226046618751629,0.7620325402787889
8,f103_nyg_middle_total_debt_std,182.38041973114014,17,0.8226046618751629,0.7620325402787889
8,f103_nyg_middle_cnt_paid_mean,47.43864989280701,4,0.8226046618751629,0.7620325402787889
8,f103_nyg_middle_RATE_DOWN_PAYMENT_min,188.697820186615,17,0.8226046618751629,0.7620325402787889
8,f103_nyg_middle_DAYS_LAST_DUE_s_app_DAYS_EMPLOYED_mean,74.45071983337402,5,0.8226046618751629,0.7620325402787889
8,f103_refused_AMT_ANNUITY_s_app_AMT_CREDIT_max,150.3625192642212,10,0.8226046618751629,0.7620325402787889
8,f103_refused_AMT_GOODS_PRICE_d_AMT_ANNUITY_mean,262.1022300720215,21,0.8226046618751629,0.7620325402787889
8,f103_nyg_middle_total_debt_diff_std,45.157989501953125,4,0.8226046618751629,0.7620325402787889
8,f103_refused_AMT_ANNUITY_d_app_AMT_ANNUITY_min,132.77394470572472,11,0.8226046618751629,0.7620325402787889
8,f103_nyg_middle_DAYS_TERMINATION_s_app_DAYS_REGISTRATION_max,67.10875988006592,5,0.8226046618751629,0.7620325402787889
8,f103_refused_AMT_CREDIT_d_total_debt_diff_max,134.43712067604065,14,0.8226046618751629,0.7620325402787889
8,f103_refused_CODE_REJECT_REASON_HC_mean,235.89067089557648,12,0.8226046618751629,0.7620325402787889
8,f103_refused_AMT_ANNUITY_min,276.77350902557373,23,0.8226046618751629,0.7620325402787889
8,f103_refused_AMT_ANNUITY_s_app_AMT_CREDIT_mean,65.25982904434204,6,0.8226046618751629,0.7620325402787889
8,f103_refused_AMT_ANNUITY_d_app_AMT_GOODS_PRICE_max,123.580970287323,12,0.8226046618751629,0.7620325402787889
8,f103_refused_AMT_ANNUITY_d_app_AMT_CREDIT_max,146.34900903701782,13,0.8226046618751629,0.7620325402787889
8,f103_refused_AMT_GOODS_PRICE_d_AMT_ANNUITY_pctchange_std_div_mean,162.5399293899536,15,0.8226046618751629,0.7620325402787889
8,f103_nyg_middle_cnt_paid_ratio_min,467.201443195343,29,0.8226046618751629,0.7620325402787889
8,f103_refused_AMT_ANNUITY_d_app_AMT_GOODS_PRICE_min,139.0049901008606,11,0.8226046618751629,0.7620325402787889
8,f103_refused_AMT_GOODS_PRICE_d_AMT_CREDIT_mean,162.2878816127777,13,0.8226046618751629,0.7620325402787889
8,f103_refused_AMT_ANNUITY_max,134.27612924575806,14,0.8226046618751629,0.7620325402787889
8,f103_nyg_middle_total_debt_pctchange_std_div_mean,117.31033039093018,11,0.8226046618751629,0.7620325402787889
8,f103_refused_AMT_ANNUITY_s_app_AMT_ANNUITY_d_app_AMT_INCOME_TOTAL_min,66.76640033721924,5,0.8226046618751629,0.7620325402787889
8,f103_nyg_middle_RATE_DOWN_PAYMENT_mean,58.02470922470093,6,0.8226046618751629,0.7620325402787889
8,f103_nyg_middle_HOUR_APPR_PROCESS_START_std_div_mean,17.76781988143921,2,0.8226046618751629,0.7620325402787889
8,f103_refused_AMT_ANNUITY_s_app_AMT_CREDIT_d_app_AMT_INCOME_TOTAL_diff_max,306.5866104364395,21,0.8226046618751629,0.7620325402787889
8,f103_nyg_middle_DAYS_TERMINATION_s_app_DAYS_EMPLOYED_min,46.042799949645996,4,0.8226046618751629,0.7620325402787889
8,f103_nyg_middle_DAYS_TERMINATION_s_app_DAYS_EMPLOYED_mean,68.50464916229248,6,0.8226046618751629,0.7620325402787889
8,f103_nyg_middle_cnt_paid_max,69.31086921691895,5,0.8226046618751629,0.7620325402787889
8,f103_refused_AMT_ANNUITY_d_app_AMT_ANNUITY_max,89.45867109298706,9,0.8226046618751629,0.7620325402787889
8,f103_nyg_middle_cnt_unpaid_sum,359.46767807006836,17,0.8226046618751629,0.7620325402787889
8,f103_refused_AMT_GOODS_PRICE_d_AMT_ANNUITY_min,122.16088008880615,11,0.8226046618751629,0.7620325402787889
8,f103_nyg_middle_cnt_paid_min,29.0828800201416,3,0.8226046618751629,0.7620325402787889
8,f103_nyg_middle_amt_unpaid_sum,259.3079195022583,16,0.8226046618751629,0.7620325402787889
8,f103_refused_AMT_ANNUITY_s_app_AMT_ANNUITY_d_app_AMT_INCOME_TOTAL_mean,225.14156532287598,14,0.8226046618751629,0.7620325402787889
8,f103_refused_AMT_ANNUITY_s_app_AMT_CREDIT_min,124.19819211959839,7,0.8226046618751629,0.7620325402787889
8,f103_refused_AMT_ANNUITY_d_app_AMT_GOODS_PRICE_mean,95.77122020721436,8,0.8226046618751629,0.7620325402787889
8,f103_nyg_middle_cnt_paid_ratio_mean,286.55292892456055,19,0.8226046618751629,0.7620325402787889
8,f103_refused_AMT_ANNUITY_d_app_AMT_CREDIT_min,153.87565994262695,12,0.8226046618751629,0.7620325402787889
8,f103_refused_AMT_CREDIT_d_AMT_ANNUITY_min,197.55978059768677,13,0.8226046618751629,0.7620325402787889
8,f103_refused_AMT_GOODS_PRICE_d_total_debt_diff_mean,102.04665994644165,10,0.8226046618751629,0.7620325402787889
8,f103_nyg_middle_amt_paid_std,16.224660396575928,2,0.8226046618751629,0.7620325402787889
8,f103_refused_AMT_ANNUITY_mean,76.63924074172974,7,0.8226046618751629,0.7620325402787889
8,f103_refused_DAYS_DECISION_d_app_DAYS_EMPLOYED_max,602.2081832885742,33,0.8226046618751629,0.7620325402787889
8,f103_refused_DAYS_DECISION_d_app_DAYS_BIRTH_max,269.02132964134216,20,0.8226046618751629,0.7620325402787889
8,f103_refused_AMT_ANNUITY_d_app_AMT_CREDIT_mean,93.17560958862305,7,0.8226046618751629,0.7620325402787889
8,f103_refused_AMT_GOODS_PRICE_d_total_debt_pctchange_mean,111.81399917602539,10,0.8226046618751629,0.7620325402787889
8,f103_refused_AMT_GOODS_PRICE_d_total_debt_pctchange_min,112.62883949279785,9,0.8226046618751629,0.7620325402787889
8,f103_refused_DAYS_DECISION_s_app_DAYS_LAST_PHONE_CHANGE_min,172.17995929718018,13,0.8226046618751629,0.7620325402787889
8,f103_refused_DAYS_DECISION_s_app_DAYS_REGISTRATION_max,192.17689752578735,18,0.8226046618751629,0.7620325402787889
8,f103_refused_DAYS_DECISION_s_app_DAYS_BIRTH_min,102.51122093200684,6,0.8226046618751629,0.7620325402787889
8,f103_refused_DAYS_DECISION_s_app_DAYS_LAST_PHONE_CHANGE_max,317.34719038009644,24,0.8226046618751629,0.7620325402787889
8,f103_refused_DAYS_DECISION_s_app_DAYS_LAST_PHONE_CHANGE_mean,359.2061777114868,27,0.8226046618751629,0.7620325402787889
8,f103_refused_DAYS_DECISION_s_app_DAYS_ID_PUBLISH_mean,216.46802401542664,21,0.8226046618751629,0.7620325402787889
8,f103_refused_HOUR_APPR_PROCESS_START_mean,445.5019202232361,39,0.8226046618751629,0.7620325402787889
8,f103_refused_DAYS_DECISION_d_app_DAYS_EMPLOYED_mean,350.8142714500427,21,0.8226046618751629,0.7620325402787889
8,f103_refused_DAYS_DECISION_s_app_DAYS_BIRTH_max,153.4845209121704,10,0.8226046618751629,0.7620325402787889
8,f103_refused_DAYS_DECISION_s_app_DAYS_REGISTRATION_min,236.1842393875122,17,0.8226046618751629,0.7620325402787889
8,f103_refused_DAYS_DECISION_s_app_DAYS_ID_PUBLISH_max,273.4861912727356,19,0.8226046618751629,0.7620325402787889
8,f103_refused_DAYS_DECISION_s_app_DAYS_ID_PUBLISH_min,528.618513584137,30,0.8226046618751629,0.7620325402787889
8,f103_refused_DAYS_DECISION_d_app_DAYS_EMPLOYED_min,340.54189014434814,21,0.8226046618751629,0.7620325402787889
8,f103_refused_DAYS_DECISION_s_app_DAYS_BIRTH_mean,205.52487897872925,13,0.8226046618751629,0.7620325402787889
8,f103_refused_DAYS_DECISION_s_app_DAYS_EMPLOYED_max,356.5551314353943,24,0.8226046618751629,0.7620325402787889
8,f103_refused_DAYS_DECISION_s_app_DAYS_REGISTRATION_mean,156.27472019195557,15,0.8226046618751629,0.7620325402787889
8,f103_refused_HOUR_APPR_PROCESS_START_std_div_mean,172.5425329208374,12,0.8226046618751629,0.7620325402787889
8,f103_refused_DAYS_DECISION_s_app_DAYS_EMPLOYED_mean,245.64762020111084,17,0.8226046618751629,0.7620325402787889
8,f103_refused_DAYS_DECISION_s_app_DAYS_EMPLOYED_min,317.42736053466797,24,0.8226046618751629,0.7620325402787889
8,f103_refused_DAYS_DECISION_s_app_DAYS_LAST_PHONE_CHANGE_std_div_mean,688.2809600830078,40,0.8226046618751629,0.7620325402787889
8,f103_refused_HOUR_APPR_PROCESS_START_min,233.09770727157593,21,0.8226046618751629,0.7620325402787889
8,f103_refused_DAYS_DECISION_d_app_DAYS_REGISTRATION_std,226.2473316192627,13,0.8226046618751629,0.7620325402787889
8,f103_refused_NAME_YIELD_GROUP_high_mean,276.18787956237793,14,0.8226046618751629,0.7620325402787889
8,f103_refused_DAYS_DECISION_d_app_DAYS_EMPLOYED_std,145.34950828552246,8,0.8226046618751629,0.7620325402787889
8,f103_refused_HOUR_APPR_PROCESS_START_std,58.6883602142334,5,0.8226046618751629,0.7620325402787889
8,f103_refused_DAYS_DECISION_s_app_DAYS_REGISTRATION_std_div_mean,201.26475715637207,15,0.8226046618751629,0.7620325402787889
8,f103_refused_DAYS_DECISION_d_app_DAYS_LAST_PHONE_CHANGE_max_div_min,123.47934103012085,9,0.8226046618751629,0.7620325402787889
8,f103_refused_DAYS_DECISION_s_app_DAYS_REGISTRATION_max_div_min,74.42640018463135,5,0.8226046618751629,0.7620325402787889
8,f103_refused_DAYS_DECISION_d_app_DAYS_LAST_PHONE_CHANGE_std_div_mean,105.11586856842041,8,0.8226046618751629,0.7620325402787889
8,f103_refused_DAYS_DECISION_d_app_DAYS_EMPLOYED_std_div_mean,77.00187969207764,4,0.8226046618751629,0.7620325402787889
8,f103_refused_NAME_PAYMENT_TYPE_Cash_through_the_bank_mean,176.7046022415161,9,0.8226046618751629,0.7620325402787889
8,f103_refused_NAME_PAYMENT_TYPE_XNA_mean,63.48495006561279,5,0.8226046618751629,0.7620325402787889
8,f103_refused_NAME_CASH_LOAN_PURPOSE_XNA_mean,25.6075496673584,3,0.8226046618751629,0.7620325402787889
8,f103_refused_NAME_PRODUCT_TYPE_walk_in_mean,76.7213888168335,5,0.8226046618751629,0.7620325402787889
8,f103_refused_HOUR_APPR_PROCESS_START_max_div_min,125.44677972793579,7,0.8226046618751629,0.7620325402787889
8,f103_refused_NAME_PRODUCT_TYPE_x_sell_mean,82.35799884796143,6,0.8226046618751629,0.7620325402787889
8,f103_refused_DAYS_DECISION_d_app_DAYS_ID_PUBLISH_std_div_mean,0.0,0,0.8226046618751629,0.7620325402787889
8,f103_refused_DAYS_DECISION_s_app_DAYS_BIRTH_std,56.298200607299805,3,0.8226046618751629,0.7620325402787889
8,f103_refused_NAME_CONTRACT_TYPE_Cash_loans_sum,26.05430030822754,2,0.8226046618751629,0.7620325402787889
8,f103_refused_NAME_YIELD_GROUP_high_sum,35.11614990234375,3,0.8226046618751629,0.7620325402787889
8,f103_refused_NAME_YIELD_GROUP_middle_mean,28.122900009155273,1,0.8226046618751629,0.7620325402787889
8,f103_refused_NAME_CLIENT_TYPE_Repeater_sum,11.113550186157227,2,0.8226046618751629,0.7620325402787889
8,f103_refused_NAME_SELLER_INDUSTRY_Connectivity_mean,110.0703992843628,7,0.8226046618751629,0.7620325402787889
8,f103_refused_NAME_SELLER_INDUSTRY_XNA_sum,46.2394495010376,4,0.8226046618751629,0.7620325402787889
8,f103_refused_NAME_PRODUCT_TYPE_walk_in_sum,8.906479835510254,1,0.8226046618751629,0.7620325402787889
8,f103_refused_DAYS_DECISION_d_app_DAYS_EMPLOYED_max_div_min,20.208200454711914,1,0.8226046618751629,0.7620325402787889
8,f103_refused_NAME_YIELD_GROUP_XNA_sum,10.034199714660645,1,0.8226046618751629,0.7620325402787889
8,f103_refused_NAME_CASH_LOAN_PURPOSE_Repairs_mean,34.95862007141113,3,0.8226046618751629,0.7620325402787889
8,f103_refused_NAME_YIELD_GROUP_low_normal_mean,9.699480056762695,1,0.8226046618751629,0.7620325402787889
8,f103_refused_DAYS_DECISION_d_app_DAYS_ID_PUBLISH_max_div_min,0.0,0,0.8226046618751629,0.7620325402787889
8,f103_refused_NAME_CASH_LOAN_PURPOSE_XAP_sum,69.87334060668945,6,0.8226046618751629,0.7620325402787889
8,f103_refused_NAME_GOODS_CATEGORY_XNA_sum,15.133600234985352,1,0.8226046618751629,0.7620325402787889
8,f103_refused_NAME_PAYMENT_TYPE_XNA_sum,77.10870170593262,4,0.8226046618751629,0.7620325402787889
8,f103_refused_NAME_PORTFOLIO_Cash_sum,33.591309547424316,3,0.8226046618751629,0.7620325402787889
8,f103_refused_NAME_YIELD_GROUP_low_normal_sum,10.204099655151367,1,0.8226046618751629,0.7620325402787889
8,f103_refused_NAME_PRODUCT_TYPE_x_sell_sum,0.0,0,0.8226046618751629,0.7620325402787889
8,f103_refused_PRODUCT_COMBINATION_Card_Street_mean,0.0,0,0.8226046618751629,0.7620325402787889
8,f103_refused_DAYS_DECISION_s_app_DAYS_EMPLOYED_std,0.0,0,0.8226046618751629,0.7620325402787889
8,f103_refused_NAME_CONTRACT_STATUS_Refused_sum,0.0,0,0.8226046618751629,0.7620325402787889
8,f103_refused_NAME_YIELD_GROUP_low_action_mean,0.0,0,0.8226046618751629,0.7620325402787889
8,f103_refused_NAME_PORTFOLIO_Cards_sum,0.0,0,0.8226046618751629,0.7620325402787889
8,f103_refused_NAME_TYPE_SUITE_Family_mean,0.0,0,0.8226046618751629,0.7620325402787889
8,f103_refused_NAME_SELLER_INDUSTRY_Connectivity_sum,27.216699600219727,2,0.8226046618751629,0.7620325402787889
8,f103_refused_DAYS_DECISION_d_app_DAYS_BIRTH_std_div_mean,0.0,0,0.8226046618751629,0.7620325402787889
8,f103_refused_NAME_CONTRACT_TYPE_Revolving_loans_sum,0.0,0,0.8226046618751629,0.7620325402787889
8,f103_refused_RATE_DOWN_PAYMENT_max_div_min,0.0,0,0.8226046618751629,0.7620325402787889
8,f103_refused_NAME_CASH_LOAN_PURPOSE_Urgent_needs_mean,0.0,0,0.8226046618751629,0.7620325402787889
8,f103_refused_NAME_GOODS_CATEGORY_Computers_sum,7.817619800567627,1,0.8226046618751629,0.7620325402787889
8,f103_refused_DAYS_DECISION_s_app_DAYS_ID_PUBLISH_std,7.302609920501709,1,0.8226046618751629,0.7620325402787889
8,f103_refused_DAYS_DECISION_d_app_DAYS_REGISTRATION_max_div_min,0.0,0,0.8226046618751629,0.7620325402787889
8,f103_refused_DAYS_DECISION_s_app_DAYS_LAST_PHONE_CHANGE_std,0.0,0,0.8226046618751629,0.7620325402787889
8,f103_refused_NAME_CASH_LOAN_PURPOSE_Repairs_sum,0.0,0,0.8226046618751629,0.7620325402787889
8,f103_refused_PRODUCT_COMBINATION_POS_mobile_with_interest_sum,0.0,0,0.8226046618751629,0.7620325402787889
8,f103_refused_PREV_COUNT,11.409199714660645,1,0.8226046618751629,0.7620325402787889
8,f103_refused_NAME_SELLER_INDUSTRY_Furniture_mean,0.0,0,0.8226046618751629,0.7620325402787889
8,f103_refused_DAYS_DECISION_d_app_DAYS_REGISTRATION_std_div_mean,0.0,0,0.8226046618751629,0.7620325402787889
8,f103_refused_NAME_CASH_LOAN_PURPOSE_Urgent_needs_sum,0.0,0,0.8226046618751629,0.7620325402787889
8,f103_refused_DAYS_DECISION_s_app_DAYS_REGISTRATION_std,0.0,0,0.8226046618751629,0.7620325402787889
8,f103_refused_PRODUCT_COMBINATION_Card_Street_sum,0.0,0,0.8226046618751629,0.7620325402787889
8,f103_refused_interest_rate_max,407.3699879646301,23,0.8226046618751629,0.7620325402787889
8,f103_refused_total_debt_min,197.8112609386444,19,0.8226046618751629,0.7620325402787889
8,f103_refused_interest_rate_diff_max,322.35869002342224,28,0.8226046618751629,0.7620325402787889
8,f103_refused_interest_rate_diff_min,175.37766075134277,15,0.8226046618751629,0.7620325402787889
8,f103_refused_interest_rate_diff_std,192.43452167510986,16,0.8226046618751629,0.7620325402787889
8,f103_refused_interest_rate_pctchange_std_div_mean,189.78637027740479,15,0.8226046618751629,0.7620325402787889
8,f103_refused_interest_rate_pctchange_min,133.35232973098755,12,0.8226046618751629,0.7620325402787889
8,f103_refused_total_debt_std_div_mean,60.611939430236816,5,0.8226046618751629,0.7620325402787889
8,f103_refused_total_debt_diff_std,56.55188035964966,5,0.8226046618751629,0.7620325402787889
8,f103_refused_interest_rate_std_div_mean,104.78459024429321,8,0.8226046618751629,0.7620325402787889
8,f103_refused_total_debt_pctchange_std,100.14703750610352,7,0.8226046618751629,0.7620325402787889
8,f103_refused_SELLERPLACE_AREA_std_div_mean,70.09366941452026,5,0.8226046618751629,0.7620325402787889
8,f103_refused_interest_rate_std,130.22212982177734,10,0.8226046618751629,0.7620325402787889
8,f103_refused_interest_rate_max_div_min,83.81029891967773,5,0.8226046618751629,0.7620325402787889
8,f103_refused_WEEKDAY_APPR_PROCESS_START_TUESDAY_sum,23.950160026550293,2,0.8226046618751629,0.7620325402787889
8,f103_refused_total_debt_max_div_min,68.21554946899414,6,0.8226046618751629,0.7620325402787889
8,f001_EXT_SOURCES_mean,147039.57158982754,723,0.8226046618751629,0.7620325402787889
8,f001_EXT_SOURCES_sum,35696.281509160995,403,0.8226046618751629,0.7620325402787889
8,f002_ORGANIZATION_TYPE,38683.10598015785,2236,0.8226046618751629,0.7620325402787889
8,f001_AMT_CREDIT-d-AMT_ANNUITY,18024.84680724144,860,0.8226046618751629,0.7620325402787889
8,f001_EXT_SOURCE_3,20369.874240115285,670,0.8226046618751629,0.7620325402787889
8,f001_EXT_SOURCE_2,16548.883305609226,512,0.8226046618751629,0.7620325402787889
8,f001_AMT_GOODS_PRICE-d-AMT_CREDIT,11675.807552158833,405,0.8226046618751629,0.7620325402787889
8,f001_AMT_GOODS_PRICE-d-AMT_ANNUITY,9544.56347219646,453,0.8226046618751629,0.7620325402787889
8,f001_AMT_ANNUITY-d-AMT_INCOME_TOTAL,5346.582292556763,421,0.8226046618751629,0.7620325402787889
8,f001_EXT_SOURCES_2-3,6694.9556863904,371,0.8226046618751629,0.7620325402787889
8,f001_DAYS_ID_PUBLISH,4613.472561836243,350,0.8226046618751629,0.7620325402787889
8,f001_DAYS_EMPLOYED,6862.520162940025,280,0.8226046618751629,0.7620325402787889
8,f003_OCCUPATION_TYPE_ta,6127.694232046604,347,0.8226046618751629,0.7620325402787889
8,f001_DAYS_ID_PUBLISH-s-DAYS_BIRTH,4829.03566890955,317,0.8226046618751629,0.7620325402787889
8,f001_AMT_GOODS_PRICE,5860.237148284912,340,0.8226046618751629,0.7620325402787889
8,f001_AMT_GOODS_PRICE-s-AMT_CREDIT,6301.816155433655,314,0.8226046618751629,0.7620325402787889
8,f001_EXT_SOURCES_prod,8113.728986263275,188,0.8226046618751629,0.7620325402787889
8,f001_REGION_POPULATION_RELATIVE,2630.697200663388,242,0.8226046618751629,0.7620325402787889
8,f001_AMT_GOODS_PRICE-s-AMT_CREDIT-d-AMT_INCOME_TOTAL,3713.949480652809,229,0.8226046618751629,0.7620325402787889
8,f001_EXT_SOURCE_1,5297.439152032137,352,0.8226046618751629,0.7620325402787889
8,f001_DAYS_EMPLOYED-d-DAYS_BIRTH,4098.437521159649,232,0.8226046618751629,0.7620325402787889
8,f001_AMT_CREDIT,3417.2075083851814,204,0.8226046618751629,0.7620325402787889
8,f001_DAYS_REGISTRATION,1792.9514722824097,153,0.8226046618751629,0.7620325402787889
8,f001_DAYS_REGISTRATION-s-DAYS_BIRTH,1812.2517229318619,180,0.8226046618751629,0.7620325402787889
8,f001_EXT_SOURCES_std,2579.137401599437,239,0.8226046618751629,0.7620325402787889
8,f001_DAYS_LAST_PHONE_CHANGE-s-DAYS_REGISTRATION,1823.7121602892876,177,0.8226046618751629,0.7620325402787889
8,f001_DAYS_LAST_PHONE_CHANGE-d-DAYS_BIRTH,1898.1635888814926,176,0.8226046618751629,0.7620325402787889
8,f003_NAME_EDUCATION_TYPE_ta,5249.782852172852,217,0.8226046618751629,0.7620325402787889
8,f001_DAYS_LAST_PHONE_CHANGE,2865.6782990694046,219,0.8226046618751629,0.7620325402787889
8,f001_DAYS_LAST_PHONE_CHANGE-s-DAYS_EMPLOYED,2913.4950663149357,169,0.8226046618751629,0.7620325402787889
8,f001_maxwell_feature,3592.6909132003784,160,0.8226046618751629,0.7620325402787889
8,f001_DAYS_LAST_PHONE_CHANGE-s-DAYS_ID_PUBLISH,1749.037405371666,176,0.8226046618751629,0.7620325402787889
8,f001_DAYS_LAST_PHONE_CHANGE-s-DAYS_BIRTH,2671.516417503357,199,0.8226046618751629,0.7620325402787889
8,f001_AMT_CREDIT-d-CNT_FAM_MEMBERS,2634.8107537031174,207,0.8226046618751629,0.7620325402787889
8,f001_DAYS_EMPLOYED-s-DAYS_BIRTH-d-DAYS_LAST_PHONE_CHANGE-s-DAYS_BIRTH,2438.5476774573326,165,0.8226046618751629,0.7620325402787889
8,f003_ORGANIZATION_TYPE_ta,2060.8730951547623,147,0.8226046618751629,0.7620325402787889
8,f001_EXT_SOURCES_1-2,2476.739812283311,199,0.8226046618751629,0.7620325402787889
8,f001_DAYS_EMPLOYED-s-DAYS_BIRTH-d-DAYS_ID_PUBLISH-s-DAYS_BIRTH,1799.0201287269592,156,0.8226046618751629,0.7620325402787889
8,f001_OWN_CAR_AGE-s-DAYS_EMPLOYED,3776.2885386943817,198,0.8226046618751629,0.7620325402787889
8,f001_age_finish_payment,2938.616644024849,170,0.8226046618751629,0.7620325402787889
8,f001_AMT_GOODS_PRICE-d-CNT_FAM_MEMBERS,1949.0538057088852,162,0.8226046618751629,0.7620325402787889
8,f001_AMT_GOODS_PRICE-d-cnt_adults,2590.945987865329,183,0.8226046618751629,0.7620325402787889
8,f001_CODE_GENDER,6257.197790622711,259,0.8226046618751629,0.7620325402787889
8,f001_DAYS_ID_PUBLISH-s-DAYS_EMPLOYED,1581.1784181296825,151,0.8226046618751629,0.7620325402787889
8,f001_OWN_CAR_AGE-d-DAYS_EMPLOYED,2704.223133802414,155,0.8226046618751629,0.7620325402787889
8,f001_OWN_CAR_AGE-d-DAYS_BIRTH,2967.644189476967,182,0.8226046618751629,0.7620325402787889
8,f001_DAYS_BIRTH,2192.20168659091,140,0.8226046618751629,0.7620325402787889
8,f003_NAME_FAMILY_STATUS_ta,2848.732954606414,206,0.8226046618751629,0.7620325402787889
8,f001_age,2264.8262507915497,140,0.8226046618751629,0.7620325402787889
8,f001_OWN_CAR_AGE-s-DAYS_BIRTH,1871.013575553894,141,0.8226046618751629,0.7620325402787889
8,f001_EXT_SOURCES_1-2-3,1345.2433531880379,116,0.8226046618751629,0.7620325402787889
8,f001_DEF_30_CNT_SOCIAL_CIRCLE-d-OBS_30_CNT_SOCIAL_CIRCLE,2041.7923753261566,132,0.8226046618751629,0.7620325402787889
8,f001_TOTALAREA_MODE,1664.3999740183353,120,0.8226046618751629,0.7620325402787889
8,f001_AMT_CREDIT-d-CNT_CHILDREN,1021.6239113807678,90,0.8226046618751629,0.7620325402787889
8,f001_building_score_mode_mean,1697.021754860878,119,0.8226046618751629,0.7620325402787889
8,f001_HOUR_APPR_PROCESS_START,685.7773544788361,78,0.8226046618751629,0.7620325402787889
8,f001_OWN_CAR_AGE,2229.1815226078033,123,0.8226046618751629,0.7620325402787889
8,f001_EXT_SOURCES_2-1-3,1479.7021207809448,81,0.8226046618751629,0.7620325402787889
8,f001_DEF_60_CNT_SOCIAL_CIRCLE-d-OBS_60_CNT_SOCIAL_CIRCLE,2101.503462612629,145,0.8226046618751629,0.7620325402787889
8,f001_APARTMENTS_MODE,795.7014486789703,70,0.8226046618751629,0.7620325402787889
8,f001_LIVINGAREA_MODE,959.6312109231949,84,0.8226046618751629,0.7620325402787889
8,f003_NAME_INCOME_TYPE_ta,1143.921179652214,92,0.8226046618751629,0.7620325402787889
8,f001_AMT_GOODS_PRICE-d-CNT_CHILDREN,1029.031900882721,95,0.8226046618751629,0.7620325402787889
8,f001_LIVINGAREA_AVG,802.2366497516632,63,0.8226046618751629,0.7620325402787889
8,f001_alldocs_kurt,3219.59632730484,137,0.8226046618751629,0.7620325402787889
8,f001_building_score_medi_mean,1158.5263932943344,94,0.8226046618751629,0.7620325402787889
8,f003_NAME_HOUSING_TYPE_ta,791.1010873913765,87,0.8226046618751629,0.7620325402787889
8,f001_LIVINGAREA_MEDI,761.4530425071716,59,0.8226046618751629,0.7620325402787889
8,f001_FLAG_WORK_PHONE,1883.7852792739868,125,0.8226046618751629,0.7620325402787889
8,f001_APARTMENTS_MEDI,859.2138833403587,69,0.8226046618751629,0.7620325402787889
8,f001_building_score_avg_mean,1174.4574792385101,90,0.8226046618751629,0.7620325402787889
8,f001_APARTMENTS_AVG,824.2849624156952,74,0.8226046618751629,0.7620325402787889
8,f001_building_score_mode_sum,926.6919686794281,57,0.8226046618751629,0.7620325402787889
8,f104_active_AMT_CREDIT_d_total_debt_min,722.324030995369,39,0.8226046618751629,0.7620325402787889
8,f001_DEF_30_CNT_SOCIAL_CIRCLE,1221.3233752250671,71,0.8226046618751629,0.7620325402787889
8,f001_REGION_RATING_CLIENT_W_CITY,923.727053642273,62,0.8226046618751629,0.7620325402787889
8,f001_building_score_avg_sum,563.0512509346008,41,0.8226046618751629,0.7620325402787889
8,f104_active_AMT_CREDIT_d_total_debt_mean,666.057538986206,30,0.8226046618751629,0.7620325402787889
8,f001_FLOORSMIN_AVG,305.3612802028656,28,0.8226046618751629,0.7620325402787889
8,f002_NAME_EDUCATION_TYPE,1018.4217262268066,36,0.8226046618751629,0.7620325402787889
8,f001_FLAG_DOCUMENT_3,933.7159743309021,30,0.8226046618751629,0.7620325402787889
8,f001_alldocs_skew,394.74329471588135,17,0.8226046618751629,0.7620325402787889
8,f001_building_score_medi_sum,647.2792624384165,49,0.8226046618751629,0.7620325402787889
8,f001_FLOORSMAX_AVG,276.9433617591858,21,0.8226046618751629,0.7620325402787889
8,f104_active_AMT_CREDIT_d_total_debt_max,395.7261915206909,23,0.8226046618751629,0.7620325402787889
8,f001_FLAG_PHONE,336.38855266571045,28,0.8226046618751629,0.7620325402787889
8,f001_REG_CITY_NOT_LIVE_CITY,555.2960906028748,38,0.8226046618751629,0.7620325402787889
8,f001_REGION_RATING_CLIENT,372.9980912208557,31,0.8226046618751629,0.7620325402787889
8,f001_FLOORSMIN_MODE,173.04115986824036,17,0.8226046618751629,0.7620325402787889
8,f002_WALLSMATERIAL_MODE,465.833580493927,31,0.8226046618751629,0.7620325402787889
8,f001_DEF_60_CNT_SOCIAL_CIRCLE,522.0343775749207,33,0.8226046618751629,0.7620325402787889
8,f001_ELEVATORS_AVG,148.74194955825806,15,0.8226046618751629,0.7620325402787889
8,f001_AMT_INCOME_TOTAL_by_ORGANIZATION_TYPE,94.27260041236877,8,0.8226046618751629,0.7620325402787889
8,f104_active_AMT_ANNUITY_m_app_AMT_GOODS_PRICE_d_app_AMT_INCOME_TOTAL_min,367.3172085285187,26,0.8226046618751629,0.7620325402787889
8,f001_FLOORSMIN_MEDI,107.24816966056824,11,0.8226046618751629,0.7620325402787889
8,f104_active_AMT_ANNUITY_s_app_AMT_CREDIT_d_app_AMT_INCOME_TOTAL_mean,146.88389205932617,13,0.8226046618751629,0.7620325402787889
8,f104_active_AMT_GOODS_PRICE_d_AMT_CREDIT_diff_min,452.0236918926239,41,0.8226046618751629,0.7620325402787889
8,f001_ELEVATORS_MODE,133.2432610988617,12,0.8226046618751629,0.7620325402787889
8,f104_active_AMT_GOODS_PRICE_d_AMT_CREDIT_diff_max,254.97856044769287,21,0.8226046618751629,0.7620325402787889
8,f002_NAME_INCOME_TYPE,386.54594898223877,27,0.8226046618751629,0.7620325402787889
8,f001_REG_CITY_NOT_WORK_CITY,310.14947843551636,18,0.8226046618751629,0.7620325402787889
8,f104_active_AMT_ANNUITY_d_app_AMT_GOODS_PRICE_min,476.0087025165558,39,0.8226046618751629,0.7620325402787889
8,f104_active_AMT_CREDIT_d_AMT_ANNUITY_min,179.76570320129395,9,0.8226046618751629,0.7620325402787889
8,f104_active_AMT_GOODS_PRICE_d_AMT_ANNUITY_min,158.36225986480713,10,0.8226046618751629,0.7620325402787889
8,f001_FLOORSMAX_MODE,142.81975078582764,10,0.8226046618751629,0.7620325402787889
8,f001_FLOORSMAX_MEDI,218.46643221378326,19,0.8226046618751629,0.7620325402787889
8,f001_ELEVATORS_MEDI,70.46475863456726,6,0.8226046618751629,0.7620325402787889
8,f104_active_AMT_CREDIT_d_AMT_APPLICATION_max,161.16381788253784,14,0.8226046618751629,0.7620325402787889
8,f104_active_AMT_ANNUITY_max,202.8076000213623,17,0.8226046618751629,0.7620325402787889
8,f002_HOUSETYPE_MODE,136.70569849014282,11,0.8226046618751629,0.7620325402787889
8,f104_active_AMT_GOODS_PRICE_d_AMT_CREDIT_diff_mean,355.9269223213196,31,0.8226046618751629,0.7620325402787889
8,f104_active_AMT_CREDIT_d_AMT_APPLICATION_mean,153.35531187057495,14,0.8226046618751629,0.7620325402787889
8,f104_active_AMT_ANNUITY_s_app_AMT_ANNUITY_diff_mean,183.97126960754395,18,0.8226046618751629,0.7620325402787889
8,f104_active_AMT_ANNUITY_m_app_AMT_GOODS_PRICE_d_app_AMT_INCOME_TOTAL_max,350.6111207008362,26,0.8226046618751629,0.7620325402787889
8,f002_NAME_HOUSING_TYPE,151.1889991760254,14,0.8226046618751629,0.7620325402787889
8,f001_CNT_CHILDREN-d-CNT_FAM_MEMBERS,41.923619747161865,5,0.8226046618751629,0.7620325402787889
8,f104_active_AMT_GOODS_PRICE_d_AMT_ANNUITY_max,98.29889154434204,8,0.8226046618751629,0.7620325402787889
8,f104_active_AMT_CREDIT_s_app_AMT_ANNUITY_diff_max,224.0971179008484,17,0.8226046618751629,0.7620325402787889
8,f104_active_AMT_CREDIT_d_AMT_ANNUITY_mean,49.561240434646606,4,0.8226046618751629,0.7620325402787889
8,f104_active_AMT_GOODS_PRICE_d_AMT_ANNUITY_mean,44.00436019897461,4,0.8226046618751629,0.7620325402787889
8,f104_approved_AMT_GOODS_PRICE_d_total_debt_max,3403.0379462242126,195,0.8226046618751629,0.7620325402787889
8,f104_approved_AMT_CREDIT_d_total_debt_min,2124.7902141809464,135,0.8226046618751629,0.7620325402787889
8,f104_approved_AMT_CREDIT_d_total_debt_mean,2848.194589138031,178,0.8226046618751629,0.7620325402787889
8,f104_approved_AMT_ANNUITY_s_app_AMT_GOODS_PRICE_min,368.97743797302246,33,0.8226046618751629,0.7620325402787889
8,f104_approved_AMT_APPLICATION_d_app_AMT_ANNUITY_mean,524.688818693161,48,0.8226046618751629,0.7620325402787889
8,f104_approved_AMT_CREDIT_d_total_debt_max,1623.7601027488708,120,0.8226046618751629,0.7620325402787889
8,f104_approved_AMT_ANNUITY_s_app_AMT_GOODS_PRICE_max,351.12822926044464,28,0.8226046618751629,0.7620325402787889
8,f104_approved_AMT_GOODS_PRICE_d_app_AMT_ANNUITY_mean,434.2608394920826,38,0.8226046618751629,0.7620325402787889
8,f104_approved_AMT_ANNUITY_s_app_AMT_GOODS_PRICE_mean,282.94443798065186,26,0.8226046618751629,0.7620325402787889
8,f104_approved_AMT_CREDIT_d_total_debt_pctchange_min,712.6451122760773,58,0.8226046618751629,0.7620325402787889
8,f104_approved_AMT_CREDIT_d_total_debt_diff_mean,794.9824910163879,64,0.8226046618751629,0.7620325402787889
8,f104_approved_AMT_ANNUITY_min,601.9800370931625,58,0.8226046618751629,0.7620325402787889
8,f104_approved_AMT_ANNUITY_s_app_AMT_ANNUITY_mean,430.92853927612305,38,0.8226046618751629,0.7620325402787889
8,f104_approved_AMT_CREDIT_d_AMT_APPLICATION_max,710.532422542572,60,0.8226046618751629,0.7620325402787889
8,f104_approved_AMT_ANNUITY_s_app_AMT_ANNUITY_d_app_AMT_INCOME_TOTAL_min,619.9414503574371,57,0.8226046618751629,0.7620325402787889
8,f104_approved_AMT_CREDIT_s_app_AMT_CREDIT_d_app_AMT_INCOME_TOTAL_pctchange_mean,650.3582785725594,53,0.8226046618751629,0.7620325402787889
8,f104_approved_AMT_ANNUITY_d_app_AMT_INCOME_TOTAL_min,814.4326585531235,73,0.8226046618751629,0.7620325402787889
8,f104_approved_AMT_ANNUITY_s_app_AMT_ANNUITY_min,329.77946972846985,31,0.8226046618751629,0.7620325402787889
8,f104_approved_AMT_ANNUITY_mean,635.5398135185242,58,0.8226046618751629,0.7620325402787889
8,f104_approved_AMT_ANNUITY_max,512.3997704982758,46,0.8226046618751629,0.7620325402787889
8,f104_approved_AMT_GOODS_PRICE_d_AMT_CREDIT_min,722.8907307982445,60,0.8226046618751629,0.7620325402787889
8,f104_approved_AMT_APPLICATION_d_app_AMT_CREDIT_mean,264.5329668521881,25,0.8226046618751629,0.7620325402787889
8,f104_approved_AMT_ANNUITY_s_app_AMT_ANNUITY_d_app_AMT_INCOME_TOTAL_mean,575.8107323646545,46,0.8226046618751629,0.7620325402787889
8,f104_approved_AMT_CREDIT_d_AMT_APPLICATION_mean,620.7540595531464,52,0.8226046618751629,0.7620325402787889
8,f104_approved_AMT_CREDIT_s_app_AMT_CREDIT_pctchange_min,485.01730966567993,42,0.8226046618751629,0.7620325402787889
8,f104_approved_AMT_ANNUITY_d_app_AMT_INCOME_TOTAL_mean,856.4178409576416,75,0.8226046618751629,0.7620325402787889
8,f104_approved_AMT_ANNUITY_d_app_AMT_GOODS_PRICE_min,392.3934783935547,35,0.8226046618751629,0.7620325402787889
8,f104_approved_AMT_ANNUITY_d_app_AMT_CREDIT_max,647.1655087471008,35,0.8226046618751629,0.7620325402787889
8,f104_approved_AMT_ANNUITY_d_app_AMT_INCOME_TOTAL_max,781.2698481082916,68,0.8226046618751629,0.7620325402787889
8,f104_approved_AMT_CREDIT_d_total_debt_diff_min,764.5438836216927,58,0.8226046618751629,0.7620325402787889
8,f104_approved_AMT_ANNUITY_d_app_AMT_GOODS_PRICE_mean,441.3830089569092,32,0.8226046618751629,0.7620325402787889
8,f104_approved_AMT_ANNUITY_s_app_AMT_ANNUITY_max,410.82338881492615,35,0.8226046618751629,0.7620325402787889
8,f104_approved_AMT_GOODS_PRICE_d_app_AMT_CREDIT_mean,345.80912923812866,28,0.8226046618751629,0.7620325402787889
8,f104_approved_AMT_CREDIT_s_app_AMT_CREDIT_d_app_AMT_INCOME_TOTAL_pctchange_min,596.145001411438,47,0.8226046618751629,0.7620325402787889
8,f104_approved_AMT_ANNUITY_d_app_AMT_ANNUITY_min,469.1329894065857,39,0.8226046618751629,0.7620325402787889
8,f104_approved_AMT_ANNUITY_d_app_AMT_CREDIT_mean,437.04910230636597,33,0.8226046618751629,0.7620325402787889
8,f104_approved_AMT_ANNUITY_d_app_AMT_ANNUITY_mean,229.84580886363983,23,0.8226046618751629,0.7620325402787889
8,f104_approved_AMT_ANNUITY_d_app_AMT_CREDIT_min,537.2292142510414,48,0.8226046618751629,0.7620325402787889
8,f104_approved_AMT_ANNUITY_d_app_AMT_GOODS_PRICE_max,355.98066687583923,29,0.8226046618751629,0.7620325402787889
8,f104_approved_AMT_ANNUITY_d_app_AMT_ANNUITY_max,344.430979013443,28,0.8226046618751629,0.7620325402787889
8,f104_approved_AMT_CREDIT_s_app_AMT_CREDIT_pctchange_mean,427.76693201065063,40,0.8226046618751629,0.7620325402787889
8,f104_approved_AMT_ANNUITY_s_app_AMT_ANNUITY_d_app_AMT_INCOME_TOTAL_max,543.2883906364441,44,0.8226046618751629,0.7620325402787889
8,f104_approved_AMT_CREDIT_d_AMT_APPLICATION_min,448.9632475376129,38,0.8226046618751629,0.7620325402787889
8,f104_approved_AMT_GOODS_PRICE_d_app_AMT_CREDIT_max,390.9778985977173,33,0.8226046618751629,0.7620325402787889
8,f104_approved_AMT_APPLICATION_d_app_AMT_CREDIT_max,326.79435181617737,26,0.8226046618751629,0.7620325402787889
8,f104_approved_AMT_GOODS_PRICE_d_total_debt_std_div_mean,111.66679000854492,11,0.8226046618751629,0.7620325402787889
8,f104_approved_AMT_GOODS_PRICE_d_AMT_CREDIT_mean,859.6490716934204,62,0.8226046618751629,0.7620325402787889
8,f104_active_interest_rate_max,254.7152271270752,13,0.8226046618751629,0.7620325402787889
8,f104_active_AMT_GOODS_PRICE_d_total_debt_min,242.97667264938354,16,0.8226046618751629,0.7620325402787889
8,f104_active_AMT_GOODS_PRICE_d_total_debt_mean,91.06861162185669,8,0.8226046618751629,0.7620325402787889
8,f104_approved_AMT_GOODS_PRICE_d_AMT_CREDIT_std_div_mean,237.2275505065918,21,0.8226046618751629,0.7620325402787889
8,f104_approved_AMT_APPLICATION_s_app_AMT_INCOME_TOTAL_std_div_mean,358.9746470451355,33,0.8226046618751629,0.7620325402787889
8,f104_active_amt_unpaid_sum,445.8855199813843,34,0.8226046618751629,0.7620325402787889
8,f104_approved_AMT_CREDIT_d_AMT_APPLICATION_std,163.7012095451355,17,0.8226046618751629,0.7620325402787889
8,f104_approved_AMT_GOODS_PRICE_d_total_debt_pctchange_std,70.05665969848633,7,0.8226046618751629,0.7620325402787889
8,f104_active_interest_rate_diff_max,171.3508105278015,17,0.8226046618751629,0.7620325402787889
8,f104_approved_AMT_GOODS_PRICE_d_AMT_CREDIT_max,721.3537833690643,66,0.8226046618751629,0.7620325402787889
8,f104_active_interest_rate_mean,455.94313859939575,22,0.8226046618751629,0.7620325402787889
8,f104_approved_AMT_CREDIT_s_app_AMT_CREDIT_d_app_AMT_INCOME_TOTAL_pctchange_std,250.0177984237671,22,0.8226046618751629,0.7620325402787889
8,f104_active_HOUR_APPR_PROCESS_START_mean,66.73566055297852,6,0.8226046618751629,0.7620325402787889
8,f104_approved_AMT_CREDIT_d_total_debt_std_div_mean,111.63886022567749,10,0.8226046618751629,0.7620325402787889
8,f104_approved_AMT_CREDIT_d_total_debt_std,144.75582838058472,13,0.8226046618751629,0.7620325402787889
8,f104_approved_AMT_APPLICATION_s_app_AMT_CREDIT_d_app_AMT_INCOME_TOTAL_pctchange_std_div_mean,122.20083093643188,12,0.8226046618751629,0.7620325402787889
8,f104_approved_AMT_GOODS_PRICE_d_total_debt_pctchange_max_div_min,236.02922105789185,19,0.8226046618751629,0.7620325402787889
8,f104_approved_AMT_GOODS_PRICE_d_total_debt_diff_max_div_min,236.17330074310303,18,0.8226046618751629,0.7620325402787889
8,f104_approved_AMT_ANNUITY_d_app_AMT_INCOME_TOTAL_diff_std,92.64026927947998,8,0.8226046618751629,0.7620325402787889
8,f104_active_interest_rate_min,118.23880958557129,8,0.8226046618751629,0.7620325402787889
8,f104_active_AMT_GOODS_PRICE_d_total_debt_max,172.6795210838318,10,0.8226046618751629,0.7620325402787889
8,f104_active_DAYS_LAST_DUE_1ST_VERSION_s_app_DAYS_LAST_PHONE_CHANGE_mean,203.18819880485535,17,0.8226046618751629,0.7620325402787889
8,f104_active_interest_rate_diff_mean,214.31104946136475,20,0.8226046618751629,0.7620325402787889
8,f104_approved_AMT_CREDIT_d_total_debt_pctchange_std,179.37807989120483,14,0.8226046618751629,0.7620325402787889
8,f104_active_DAYS_LAST_DUE_d_app_DAYS_EMPLOYED_max,261.81142950057983,18,0.8226046618751629,0.7620325402787889
8,f104_active_DAYS_TERMINATION_s_DAYS_LAST_DUE_1ST_VERSION_mean,298.65117168426514,20,0.8226046618751629,0.7620325402787889
8,f104_approved_AMT_ANNUITY_d_app_AMT_GOODS_PRICE_diff_std,87.61511039733887,8,0.8226046618751629,0.7620325402787889
8,f104_active_total_debt_diff_mean,229.8140594959259,19,0.8226046618751629,0.7620325402787889
8,f104_approved_AMT_ANNUITY_s_app_AMT_CREDIT_d_app_AMT_INCOME_TOTAL_pctchange_std,124.27107095718384,11,0.8226046618751629,0.7620325402787889
8,f104_approved_AMT_CREDIT_s_app_AMT_CREDIT_pctchange_std,76.55214929580688,6,0.8226046618751629,0.7620325402787889
8,f104_active_AMT_GOODS_PRICE_s_app_AMT_CREDIT_min,360.9529404640198,30,0.8226046618751629,0.7620325402787889
8,f104_active_AMT_GOODS_PRICE_s_app_AMT_ANNUITY_d_app_AMT_INCOME_TOTAL_max,243.52996158599854,18,0.8226046618751629,0.7620325402787889
8,f104_approved_AMT_DOWN_PAYMENT_d_AMT_GOODS_PRICE_diff_std,43.2943696975708,4,0.8226046618751629,0.7620325402787889
8,f104_active_DAYS_LAST_DUE_d_app_DAYS_EMPLOYED_mean,126.74147176742554,10,0.8226046618751629,0.7620325402787889
8,f104_active_DAYS_DECISION_d_app_DAYS_BIRTH_min,500.3815714120865,40,0.8226046618751629,0.7620325402787889
8,f104_active_interest_rate_pctchange_max,152.82337999343872,14,0.8226046618751629,0.7620325402787889
8,f104_active_DAYS_LAST_DUE_1ST_VERSION_d_app_DAYS_EMPLOYED_min,91.30260896682739,7,0.8226046618751629,0.7620325402787889
8,f104_active_DAYS_LAST_DUE_d_app_DAYS_EMPLOYED_min,175.28101181983948,16,0.8226046618751629,0.7620325402787889
8,f104_approved_AMT_CREDIT_d_total_debt_diff_std,32.172040939331055,3,0.8226046618751629,0.7620325402787889
8,f104_active_DAYS_LAST_DUE_1ST_VERSION_s_app_DAYS_REGISTRATION_mean,118.00760984420776,11,0.8226046618751629,0.7620325402787889
8,f104_active_DAYS_LAST_DUE_1ST_VERSION_d_app_DAYS_EMPLOYED_mean,39.36500024795532,4,0.8226046618751629,0.7620325402787889
8,f104_active_DAYS_LAST_DUE_s_app_DAYS_LAST_PHONE_CHANGE_min,312.3389286994934,25,0.8226046618751629,0.7620325402787889
8,f104_active_DAYS_DECISION_s_app_DAYS_LAST_PHONE_CHANGE_mean,108.54947090148926,9,0.8226046618751629,0.7620325402787889
8,f104_active_DAYS_LAST_DUE_1ST_VERSION_d_app_DAYS_EMPLOYED_max,54.04682496935129,6,0.8226046618751629,0.7620325402787889
8,f104_active_HOUR_APPR_PROCESS_START_max,61.80874061584473,7,0.8226046618751629,0.7620325402787889
8,f104_approved_AMT_ANNUITY_m_app_AMT_GOODS_PRICE_d_app_AMT_INCOME_TOTAL_diff_std,54.89847993850708,5,0.8226046618751629,0.7620325402787889
8,f104_approved_AMT_ANNUITY_d_app_AMT_ANNUITY_diff_std,104.51700973510742,10,0.8226046618751629,0.7620325402787889
8,f104_active_DAYS_LAST_DUE_1ST_VERSION_d_app_DAYS_BIRTH_min,187.08991956710815,17,0.8226046618751629,0.7620325402787889
8,f104_active_total_debt_diff_max,83.97339057922363,7,0.8226046618751629,0.7620325402787889
8,f104_active_interest_rate_diff_min,263.7948999404907,21,0.8226046618751629,0.7620325402787889
8,f104_active_cnt_paid_ratio_max,109.99184131622314,9,0.8226046618751629,0.7620325402787889
8,f104_active_cnt_paid_sum,79.28249025344849,7,0.8226046618751629,0.7620325402787889
8,f104_active_DAYS_TERMINATION_s_DAYS_LAST_DUE_1ST_VERSION_min,164.09618043899536,11,0.8226046618751629,0.7620325402787889
8,f104_active_DAYS_LAST_DUE_1ST_VERSION_s_app_DAYS_REGISTRATION_max,108.5020899772644,10,0.8226046618751629,0.7620325402787889
8,f104_active_AMT_GOODS_PRICE_s_app_AMT_INCOME_TOTAL_min,170.58574056625366,14,0.8226046618751629,0.7620325402787889
8,f104_active_HOUR_APPR_PROCESS_START_min,15.27830982208252,2,0.8226046618751629,0.7620325402787889
8,f104_active_DAYS_TERMINATION_s_app_DAYS_LAST_PHONE_CHANGE_min,240.20291996002197,16,0.8226046618751629,0.7620325402787889
8,f104_active_DAYS_LAST_DUE_1ST_VERSION_s_app_DAYS_BIRTH_max,365.46534991264343,28,0.8226046618751629,0.7620325402787889
8,f104_active_DAYS_LAST_DUE_1ST_VERSION_s_app_DAYS_EMPLOYED_mean,157.02416896820068,11,0.8226046618751629,0.7620325402787889
8,f104_active_DAYS_DECISION_d_app_DAYS_EMPLOYED_mean,97.33907890319824,8,0.8226046618751629,0.7620325402787889
9,f104_active_DAYS_DECISION_s_app_DAYS_BIRTH_mean,159.29824683070183,19,0.6285963485206778,0.5747319745522184
9,f104_active_DAYS_TERMINATION_s_DAYS_LAST_DUE_1ST_VERSION_max,418.85300302505493,34,0.6285963485206778,0.5747319745522184
9,f104_active_AMT_GOODS_PRICE_s_app_AMT_GOODS_PRICE_max,118.3923397064209,12,0.6285963485206778,0.5747319745522184
9,f104_active_DAYS_TERMINATION_s_DAYS_DECISIONS_min,304.4317305088043,25,0.6285963485206778,0.5747319745522184
9,f104_active_DAYS_LAST_DUE_1ST_VERSION_s_app_DAYS_EMPLOYED_max,186.81529830396175,19,0.6285963485206778,0.5747319745522184
9,f104_active_AMT_GOODS_PRICE_d_app_AMT_INCOME_TOTAL_max,457.6487979888916,42,0.6285963485206778,0.5747319745522184
9,f104_active_DAYS_DECISION_d_app_DAYS_EMPLOYED_max,181.1227707862854,17,0.6285963485206778,0.5747319745522184
9,f104_active_DAYS_FIRST_DUE_d_app_DAYS_BIRTH_min,166.79827213287354,18,0.6285963485206778,0.5747319745522184
9,f104_active_AMT_GOODS_PRICE_d_app_AMT_GOODS_PRICE_min,207.5149519443512,20,0.6285963485206778,0.5747319745522184
9,f104_active_DAYS_FIRST_DUE_d_app_DAYS_BIRTH_max,206.23038125038147,21,0.6285963485206778,0.5747319745522184
9,f104_active_AMT_GOODS_PRICE_s_app_AMT_CREDIT_d_app_AMT_INCOME_TOTAL_min,369.85295152664185,31,0.6285963485206778,0.5747319745522184
9,f104_active_DAYS_LAST_DUE_1ST_VERSION_d_app_DAYS_BIRTH_mean,184.38300228118896,20,0.6285963485206778,0.5747319745522184
9,f104_active_DAYS_TERMINATION_d_app_DAYS_EMPLOYED_max,293.19765996932983,26,0.6285963485206778,0.5747319745522184
9,f104_approved_NAME_YIELD_GROUP_high_mean,19.70393943786621,2,0.6285963485206778,0.5747319745522184
9,f104_approved_NAME_CLIENT_TYPE_New_mean,1793.3359718322754,68,0.6285963485206778,0.5747319745522184
9,f104_approved_DAYS_TERMINATION_s_DAYS_LAST_DUE_1ST_VERSION_max,1892.9138827323914,158,0.6285963485206778,0.5747319745522184
9,f104_approved_HOUR_APPR_PROCESS_START_mean,1226.8293904066086,100,0.6285963485206778,0.5747319745522184
9,f104_completed_AMT_GOODS_PRICE_d_total_debt_mean,881.4981083869934,65,0.6285963485206778,0.5747319745522184
9,f104_completed_AMT_GOODS_PRICE_d_total_debt_max,1601.9009219408035,113,0.6285963485206778,0.5747319745522184
9,f104_completed_AMT_ANNUITY_s_app_AMT_GOODS_PRICE_max,1345.9246714115143,93,0.6285963485206778,0.5747319745522184
9,f104_completed_DAYS_DECISION_d_app_DAYS_EMPLOYED_mean,745.0163812637329,14,0.6285963485206778,0.5747319745522184
9,f104_approved_AMT_GOODS_PRICE_d_total_debt_min,2660.900162935257,158,0.6285963485206778,0.5747319745522184
9,f104_approved_AMT_GOODS_PRICE_d_total_debt_mean,2515.236695408821,143,0.6285963485206778,0.5747319745522184
9,f104_completed_AMT_ANNUITY_s_app_AMT_GOODS_PRICE_min,1861.0331204533577,119,0.6285963485206778,0.5747319745522184
9,f104_approved_DAYS_TERMINATION_s_DAYS_LAST_DUE_1ST_VERSION_min,1371.9770336151123,107,0.6285963485206778,0.5747319745522184
9,f104_approved_DAYS_DECISION_d_app_DAYS_EMPLOYED_min,1518.5234792204574,65,0.6285963485206778,0.5747319745522184
9,f104_completed_AMT_CREDIT_d_total_debt_mean,426.4399276673794,45,0.6285963485206778,0.5747319745522184
9,f104_approved_DAYS_DECISION_d_app_DAYS_EMPLOYED_max,1414.4432399272919,49,0.6285963485206778,0.5747319745522184
9,f104_completed_DAYS_FIRST_DUE_d_app_DAYS_EMPLOYED_mean,608.3416075706482,14,0.6285963485206778,0.5747319745522184
9,f104_completed_DAYS_DECISION_d_app_DAYS_EMPLOYED_max,1130.0162935256958,24,0.6285963485206778,0.5747319745522184
9,f104_completed_AMT_CREDIT_d_total_debt_min,447.36917090415955,44,0.6285963485206778,0.5747319745522184
9,f104_completed_AMT_ANNUITY_s_app_AMT_GOODS_PRICE_mean,1415.8252001404762,95,0.6285963485206778,0.5747319745522184
9,f104_completed_AMT_ANNUITY_s_app_AMT_ANNUITY_d_app_AMT_INCOME_TOTAL_max,693.6945970058441,55,0.6285963485206778,0.5747319745522184
9,f104_approved_HOUR_APPR_PROCESS_START_min,603.3396604061127,50,0.6285963485206778,0.5747319745522184
9,f104_approved_DAYS_TERMINATION_s_DAYS_LAST_DUE_1ST_VERSION_mean,1196.9910880327225,100,0.6285963485206778,0.5747319745522184
9,f104_completed_AMT_ANNUITY_s_app_AMT_ANNUITY_d_app_AMT_INCOME_TOTAL_min,1070.2711060009897,79,0.6285963485206778,0.5747319745522184
9,f104_completed_AMT_GOODS_PRICE_d_total_debt_min,456.27005050331354,39,0.6285963485206778,0.5747319745522184
9,f104_completed_DAYS_DECISION_d_app_DAYS_EMPLOYED_min,1330.9704585075378,27,0.6285963485206778,0.5747319745522184
9,f104_completed_AMT_GOODS_PRICE_s_app_AMT_ANNUITY_diff_mean,833.4909834489226,83,0.6285963485206778,0.5747319745522184
9,f104_completed_AMT_ANNUITY_s_app_AMT_CREDIT_max,1268.8611832857132,87,0.6285963485206778,0.5747319745522184
9,f104_completed_DAYS_FIRST_DUE_d_app_DAYS_EMPLOYED_max,932.7650728225708,20,0.6285963485206778,0.5747319745522184
9,f104_completed_AMT_CREDIT_d_total_debt_max,605.5671300888062,57,0.6285963485206778,0.5747319745522184
9,f104_completed_AMT_ANNUITY_s_app_AMT_ANNUITY_d_app_AMT_INCOME_TOTAL_mean,693.8179312944412,49,0.6285963485206778,0.5747319745522184
9,f104_completed_AMT_ANNUITY_s_app_AMT_CREDIT_min,1043.9228315353394,82,0.6285963485206778,0.5747319745522184
9,f104_completed_AMT_ANNUITY_s_app_AMT_ANNUITY_min,557.1191007494926,55,0.6285963485206778,0.5747319745522184
9,f104_completed_DAYS_FIRST_DUE_d_app_DAYS_EMPLOYED_min,1009.1927933692932,16,0.6285963485206778,0.5747319745522184
9,f104_completed_AMT_GOODS_PRICE_d_AMT_ANNUITY_max,512.4667712450027,61,0.6285963485206778,0.5747319745522184
9,f104_approved_HOUR_APPR_PROCESS_START_max,702.3114330768585,55,0.6285963485206778,0.5747319745522184
9,f104_completed_AMT_ANNUITY_max,621.7780704498291,55,0.6285963485206778,0.5747319745522184
9,f104_completed_AMT_ANNUITY_s_app_AMT_ANNUITY_max,632.9789537191391,51,0.6285963485206778,0.5747319745522184
9,f104_approved_DAYS_LAST_DUE_d_app_DAYS_EMPLOYED_min,400.7978672981262,33,0.6285963485206778,0.5747319745522184
9,f104_approved_DAYS_LAST_DUE_1ST_VERSION_s_app_DAYS_LAST_PHONE_CHANGE_min,314.2959032058716,28,0.6285963485206778,0.5747319745522184
9,f104_approved_DAYS_TERMINATION_s_app_DAYS_LAST_PHONE_CHANGE_max,434.8463672399521,42,0.6285963485206778,0.5747319745522184
9,f104_completed_AMT_ANNUITY_s_app_AMT_CREDIT_mean,1047.31418967247,77,0.6285963485206778,0.5747319745522184
9,f104_completed_DAYS_DECISION_s_app_DAYS_LAST_PHONE_CHANGE_max,322.81856203079224,17,0.6285963485206778,0.5747319745522184
9,f104_completed_AMT_CREDIT_d_AMT_APPLICATION_min,585.0750485658646,46,0.6285963485206778,0.5747319745522184
9,f104_approved_DAYS_LAST_DUE_1ST_VERSION_s_app_DAYS_LAST_PHONE_CHANGE_max,713.4550714492798,64,0.6285963485206778,0.5747319745522184
9,f104_completed_AMT_ANNUITY_min,577.3620341792703,55,0.6285963485206778,0.5747319745522184
9,f104_completed_AMT_ANNUITY_mean,654.6360976099968,57,0.6285963485206778,0.5747319745522184
9,f104_approved_DAYS_TERMINATION_d_app_DAYS_EMPLOYED_min,300.7880207300186,31,0.6285963485206778,0.5747319745522184
9,f104_completed_AMT_ANNUITY_d_app_AMT_ANNUITY_mean,445.88468915224075,39,0.6285963485206778,0.5747319745522184
9,f104_completed_DAYS_FIRST_DUE_s_app_DAYS_BIRTH_max,972.9960515499115,39,0.6285963485206778,0.5747319745522184
9,f104_completed_AMT_ANNUITY_s_app_AMT_ANNUITY_mean,722.3873946145177,46,0.6285963485206778,0.5747319745522184
9,f104_approved_DAYS_DECISION_d_app_DAYS_EMPLOYED_mean,885.1057661771774,36,0.6285963485206778,0.5747319745522184
9,f104_approved_DAYS_LAST_DUE_1ST_VERSION_s_app_DAYS_REGISTRATION_max,454.45305943489075,45,0.6285963485206778,0.5747319745522184
9,f104_approved_NAME_CLIENT_TYPE_New_sum,345.0496873855591,17,0.6285963485206778,0.5747319745522184
9,f104_completed_AMT_ANNUITY_d_app_AMT_GOODS_PRICE_min,372.59055411815643,37,0.6285963485206778,0.5747319745522184
9,f104_completed_AMT_ANNUITY_d_app_AMT_CREDIT_max,600.9252817630768,51,0.6285963485206778,0.5747319745522184
9,f104_completed_AMT_GOODS_PRICE_d_AMT_CREDIT_min,271.7091096639633,20,0.6285963485206778,0.5747319745522184
9,f104_approved_DAYS_FIRST_DUE_s_app_DAYS_LAST_PHONE_CHANGE_min,205.3786689043045,22,0.6285963485206778,0.5747319745522184
9,f104_approved_DAYS_LAST_DUE_1ST_VERSION_s_app_DAYS_LAST_PHONE_CHANGE_mean,420.46067917346954,46,0.6285963485206778,0.5747319745522184
9,f104_completed_DAYS_FIRST_DUE_s_app_DAYS_LAST_PHONE_CHANGE_max,652.6695504188538,43,0.6285963485206778,0.5747319745522184
9,f104_approved_DAYS_FIRST_DUE_s_app_DAYS_LAST_PHONE_CHANGE_mean,342.5265908241272,26,0.6285963485206778,0.5747319745522184
9,f104_completed_AMT_CREDIT_d_AMT_APPLICATION_mean,615.1083891391754,49,0.6285963485206778,0.5747319745522184
9,f104_approved_DAYS_LAST_DUE_1ST_VERSION_s_app_DAYS_ID_PUBLISH_max,679.9824669361115,70,0.6285963485206778,0.5747319745522184
9,f104_approved_DAYS_TERMINATION_s_app_DAYS_LAST_PHONE_CHANGE_min,452.52578043937683,41,0.6285963485206778,0.5747319745522184
9,f104_approved_DAYS_TERMINATION_s_app_DAYS_LAST_PHONE_CHANGE_mean,382.27668476104736,26,0.6285963485206778,0.5747319745522184
9,f104_completed_AMT_ANNUITY_d_app_AMT_INCOME_TOTAL_mean,593.1730090379715,60,0.6285963485206778,0.5747319745522184
9,f104_completed_AMT_ANNUITY_d_app_AMT_CREDIT_mean,558.5280690193176,47,0.6285963485206778,0.5747319745522184
9,f104_completed_AMT_APPLICATION_min,576.0647618770599,51,0.6285963485206778,0.5747319745522184
9,f104_approved_DAYS_DECISION_s_app_DAYS_LAST_PHONE_CHANGE_max,693.4581775069237,51,0.6285963485206778,0.5747319745522184
9,f104_approved_DAYS_LAST_DUE_1ST_VERSION_s_app_DAYS_ID_PUBLISH_min,263.7543296813965,24,0.6285963485206778,0.5747319745522184
9,f104_approved_DAYS_FIRST_DUE_s_app_DAYS_LAST_PHONE_CHANGE_max,458.57408621907234,33,0.6285963485206778,0.5747319745522184
9,f104_approved_NAME_CLIENT_TYPE_Repeater_mean,203.4573516845703,17,0.6285963485206778,0.5747319745522184
9,f104_approved_DAYS_LAST_DUE_1ST_VERSION_s_app_DAYS_EMPLOYED_mean,280.0911367535591,27,0.6285963485206778,0.5747319745522184
9,f104_approved_DAYS_LAST_DUE_d_app_DAYS_BIRTH_max,245.42266988754272,26,0.6285963485206778,0.5747319745522184
9,f104_approved_DAYS_TERMINATION_s_app_DAYS_REGISTRATION_max,326.35591077804565,31,0.6285963485206778,0.5747319745522184
9,f104_approved_DAYS_TERMINATION_s_app_DAYS_REGISTRATION_min,181.25091934204102,16,0.6285963485206778,0.5747319745522184
9,f104_approved_DAYS_LAST_DUE_s_app_DAYS_LAST_PHONE_CHANGE_max,347.7385993003845,29,0.6285963485206778,0.5747319745522184
9,f104_approved_DAYS_LAST_DUE_1ST_VERSION_s_app_DAYS_EMPLOYED_max,395.49709121882915,41,0.6285963485206778,0.5747319745522184
9,f104_completed_AMT_GOODS_PRICE_d_AMT_CREDIT_mean,802.810154914856,55,0.6285963485206778,0.5747319745522184
9,f104_approved_DAYS_TERMINATION_s_app_DAYS_ID_PUBLISH_max,635.2693793773651,51,0.6285963485206778,0.5747319745522184
9,f104_approved_DAYS_LAST_DUE_d_app_DAYS_EMPLOYED_max,243.74113082885742,18,0.6285963485206778,0.5747319745522184
9,f104_approved_DAYS_FIRST_DUE_d_app_DAYS_BIRTH_min,545.406201325357,58,0.6285963485206778,0.5747319745522184
9,f104_approved_DAYS_TERMINATION_d_app_DAYS_EMPLOYED_max,129.34587955474854,13,0.6285963485206778,0.5747319745522184
9,f104_completed_AMT_GOODS_PRICE_s_app_AMT_ANNUITY_diff_max,609.7197782993317,62,0.6285963485206778,0.5747319745522184
9,f104_completed_AMT_ANNUITY_d_app_AMT_INCOME_TOTAL_max,656.2226781845093,66,0.6285963485206778,0.5747319745522184
9,f104_completed_AMT_ANNUITY_d_app_AMT_ANNUITY_max,528.0027179718018,36,0.6285963485206778,0.5747319745522184
9,f104_completed_AMT_GOODS_PRICE_d_AMT_CREDIT_max,540.0179438591003,50,0.6285963485206778,0.5747319745522184
9,f104_approved_DAYS_LAST_DUE_s_app_DAYS_ID_PUBLISH_max,290.12091463804245,28,0.6285963485206778,0.5747319745522184
9,f104_approved_DAYS_TERMINATION_s_app_DAYS_EMPLOYED_max,394.26005125045776,35,0.6285963485206778,0.5747319745522184
9,f104_completed_AMT_CREDIT_d_app_AMT_ANNUITY_min,348.7770321369171,32,0.6285963485206778,0.5747319745522184
9,f104_approved_DAYS_TERMINATION_d_app_DAYS_EMPLOYED_mean,150.13820028305054,16,0.6285963485206778,0.5747319745522184
9,f104_completed_AMT_CREDIT_d_AMT_APPLICATION_max,301.89371261000633,31,0.6285963485206778,0.5747319745522184
9,f104_approved_DAYS_LAST_DUE_1ST_VERSION_s_app_DAYS_BIRTH_min,337.87980914115906,33,0.6285963485206778,0.5747319745522184
9,f104_completed_AMT_APPLICATION_d_app_AMT_CREDIT_min,628.755641579628,56,0.6285963485206778,0.5747319745522184
9,f104_approved_DAYS_TERMINATION_d_app_DAYS_BIRTH_mean,325.9661991596222,33,0.6285963485206778,0.5747319745522184
9,f104_completed_AMT_ANNUITY_d_app_AMT_GOODS_PRICE_max,447.46297842264175,43,0.6285963485206778,0.5747319745522184
9,f104_approved_DAYS_LAST_DUE_d_app_DAYS_BIRTH_min,388.39797163009644,43,0.6285963485206778,0.5747319745522184
9,f104_completed_DAYS_FIRST_DUE_s_app_DAYS_BIRTH_mean,274.7620062828064,18,0.6285963485206778,0.5747319745522184
9,f104_approved_DAYS_DECISION_d_app_DAYS_BIRTH_max,401.22513699531555,43,0.6285963485206778,0.5747319745522184
9,f104_completed_DAYS_DECISION_s_app_DAYS_BIRTH_mean,186.05862975120544,14,0.6285963485206778,0.5747319745522184
9,f104_completed_AMT_CREDIT_d_app_AMT_GOODS_PRICE_mean,277.57725167274475,35,0.6285963485206778,0.5747319745522184
9,f104_completed_AMT_GOODS_PRICE_d_app_AMT_ANNUITY_max,689.0130331516266,60,0.6285963485206778,0.5747319745522184
9,f104_approved_DAYS_DECISION_s_app_DAYS_LAST_PHONE_CHANGE_mean,500.6042592525482,38,0.6285963485206778,0.5747319745522184
9,f104_approved_DAYS_TERMINATION_d_app_DAYS_BIRTH_max,263.90960001945496,27,0.6285963485206778,0.5747319745522184
9,f104_completed_AMT_ANNUITY_d_app_AMT_INCOME_TOTAL_min,717.5349404811859,78,0.6285963485206778,0.5747319745522184
9,f104_approved_DAYS_TERMINATION_s_app_DAYS_BIRTH_min,264.1978534460068,22,0.6285963485206778,0.5747319745522184
9,f104_completed_AMT_ANNUITY_d_app_AMT_ANNUITY_min,518.4248188734055,50,0.6285963485206778,0.5747319745522184
9,f104_approved_DAYS_LAST_DUE_1ST_VERSION_s_app_DAYS_EMPLOYED_min,213.61619901657104,21,0.6285963485206778,0.5747319745522184
9,f104_approved_DAYS_DECISION_s_app_DAYS_REGISTRATION_std_div_mean,627.5762853622437,61,0.6285963485206778,0.5747319745522184
9,f104_approved_DAYS_LAST_DUE_1ST_VERSION_s_app_DAYS_BIRTH_max,378.7780396938324,35,0.6285963485206778,0.5747319745522184
9,f104_approved_DAYS_DECISION_s_app_DAYS_ID_PUBLISH_min,1227.1326048970222,91,0.6285963485206778,0.5747319745522184
9,f104_approved_DAYS_TERMINATION_d_app_DAYS_BIRTH_min,298.0811800956726,32,0.6285963485206778,0.5747319745522184
9,f104_approved_DAYS_LAST_DUE_s_app_DAYS_REGISTRATION_max,262.46799969673157,23,0.6285963485206778,0.5747319745522184
9,f104_completed_AMT_APPLICATION_d_app_AMT_CREDIT_mean,810.876632809639,70,0.6285963485206778,0.5747319745522184
9,f104_approved_DAYS_LAST_DUE_s_app_DAYS_REGISTRATION_mean,106.36906957626343,9,0.6285963485206778,0.5747319745522184
9,f104_approved_DAYS_LAST_DUE_1ST_VERSION_s_app_DAYS_ID_PUBLISH_mean,315.1280958354473,31,0.6285963485206778,0.5747319745522184
9,f104_completed_DAYS_FIRST_DUE_d_app_DAYS_BIRTH_max,429.21342039108276,37,0.6285963485206778,0.5747319745522184
9,f104_approved_DAYS_DECISION_s_app_DAYS_LAST_PHONE_CHANGE_min,376.7088303565979,32,0.6285963485206778,0.5747319745522184
9,f104_approved_DAYS_LAST_DUE_1ST_VERSION_s_app_DAYS_REGISTRATION_min,260.30468797683716,24,0.6285963485206778,0.5747319745522184
9,f104_completed_AMT_CREDIT_s_app_AMT_ANNUITY_max,323.4203867763281,29,0.6285963485206778,0.5747319745522184
9,f104_nyg_high_AMT_GOODS_PRICE_d_total_debt_mean,2732.1276183128357,40,0.6285963485206778,0.5747319745522184
9,f104_completed_HOUR_APPR_PROCESS_START_mean,491.5152235031128,42,0.6285963485206778,0.5747319745522184
9,f104_completed_DAYS_DECISION_s_app_DAYS_REGISTRATION_min,162.8559708595276,16,0.6285963485206778,0.5747319745522184
9,f104_completed_DAYS_LAST_DUE_d_app_DAYS_EMPLOYED_min,913.5438041687012,23,0.6285963485206778,0.5747319745522184
9,f104_completed_DAYS_TERMINATION_d_app_DAYS_EMPLOYED_min,264.7210307121277,22,0.6285963485206778,0.5747319745522184
9,f104_completed_DAYS_FIRST_DUE_s_app_DAYS_LAST_PHONE_CHANGE_min,308.49217665195465,28,0.6285963485206778,0.5747319745522184
9,f104_completed_DAYS_LAST_DUE_1ST_VERSION_s_app_DAYS_BIRTH_max,286.34433817863464,19,0.6285963485206778,0.5747319745522184
9,f104_nyg_high_AMT_GOODS_PRICE_d_total_debt_min,1034.4289700984955,30,0.6285963485206778,0.5747319745522184
9,f104_nyg_high_AMT_ANNUITY_s_app_AMT_GOODS_PRICE_max,1019.6359233856201,30,0.6285963485206778,0.5747319745522184
9,f104_completed_NAME_CLIENT_TYPE_New_mean,654.5591151714325,35,0.6285963485206778,0.5747319745522184
9,f104_completed_HOUR_APPR_PROCESS_START_max,320.01349008083344,29,0.6285963485206778,0.5747319745522184
9,f104_completed_interest_rate_max,263.54216706752777,27,0.6285963485206778,0.5747319745522184
9,f104_nyg_high_AMT_ANNUITY_s_app_AMT_ANNUITY_d_app_AMT_INCOME_TOTAL_min,567.9528541564941,24,0.6285963485206778,0.5747319745522184
9,f104_completed_interest_rate_min,475.0418207645416,40,0.6285963485206778,0.5747319745522184
9,f104_completed_DAYS_LAST_DUE_1ST_VERSION_d_app_DAYS_BIRTH_mean,253.89928913116455,31,0.6285963485206778,0.5747319745522184
9,f104_completed_DAYS_LAST_DUE_1ST_VERSION_d_app_DAYS_BIRTH_max,293.2599790096283,28,0.6285963485206778,0.5747319745522184
9,f104_completed_DAYS_LAST_DUE_d_app_DAYS_EMPLOYED_max,54.83751082420349,6,0.6285963485206778,0.5747319745522184
9,f104_completed_amt_paid_sum,288.40393632650375,31,0.6285963485206778,0.5747319745522184
9,f104_completed_interest_rate_mean,424.26303701102734,39,0.6285963485206778,0.5747319745522184
9,f104_nyg_high_AMT_CREDIT_d_total_debt_min,1028.4621777534485,38,0.6285963485206778,0.5747319745522184
9,f104_completed_DAYS_LAST_DUE_s_app_DAYS_BIRTH_max,340.2251310348511,18,0.6285963485206778,0.5747319745522184
9,f104_nyg_high_AMT_CREDIT_d_total_debt_mean,1126.1441164016724,26,0.6285963485206778,0.5747319745522184
9,f104_nyg_high_AMT_GOODS_PRICE_d_total_debt_max,154.83408093452454,12,0.6285963485206778,0.5747319745522184
9,f104_completed_DAYS_LAST_DUE_1ST_VERSION_s_app_DAYS_LAST_PHONE_CHANGE_mean,161.89606976509094,18,0.6285963485206778,0.5747319745522184
9,f104_completed_DAYS_TERMINATION_s_app_DAYS_BIRTH_max,256.7156686782837,16,0.6285963485206778,0.5747319745522184
9,f104_completed_DAYS_LAST_DUE_1ST_VERSION_s_app_DAYS_BIRTH_min,104.01770973205566,8,0.6285963485206778,0.5747319745522184
9,f104_completed_DAYS_LAST_DUE_d_app_DAYS_BIRTH_max,194.54875993728638,19,0.6285963485206778,0.5747319745522184
9,f104_completed_DAYS_LAST_DUE_1ST_VERSION_d_app_DAYS_BIRTH_min,365.0238004475832,40,0.6285963485206778,0.5747319745522184
9,f104_completed_DAYS_TERMINATION_s_app_DAYS_LAST_PHONE_CHANGE_max,328.5510196685791,27,0.6285963485206778,0.5747319745522184
9,f104_completed_DAYS_LAST_DUE_1ST_VERSION_s_app_DAYS_LAST_PHONE_CHANGE_max,354.03021812438965,31,0.6285963485206778,0.5747319745522184
9,f104_nyg_high_AMT_ANNUITY_s_app_AMT_ANNUITY_d_app_AMT_INCOME_TOTAL_mean,344.76935267448425,23,0.6285963485206778,0.5747319745522184
9,f104_completed_DAYS_TERMINATION_s_app_DAYS_ID_PUBLISH_max,224.79768061637878,19,0.6285963485206778,0.5747319745522184
9,f104_completed_DAYS_TERMINATION_d_app_DAYS_BIRTH_max,203.08083069324493,20,0.6285963485206778,0.5747319745522184
9,f104_completed_DAYS_TERMINATION_d_app_DAYS_EMPLOYED_mean,112.25317859649658,13,0.6285963485206778,0.5747319745522184
9,f104_completed_DAYS_TERMINATION_d_app_DAYS_BIRTH_min,285.31342470645905,26,0.6285963485206778,0.5747319745522184
9,f104_completed_DAYS_LAST_DUE_1ST_VERSION_s_app_DAYS_LAST_PHONE_CHANGE_min,223.9096007347107,20,0.6285963485206778,0.5747319745522184
9,f104_completed_DAYS_LAST_DUE_s_app_DAYS_LAST_PHONE_CHANGE_max,213.17316019535065,19,0.6285963485206778,0.5747319745522184
9,f104_completed_DAYS_TERMINATION_s_app_DAYS_LAST_PHONE_CHANGE_min,242.83612668514252,21,0.6285963485206778,0.5747319745522184
9,f104_completed_DAYS_LAST_DUE_d_app_DAYS_BIRTH_min,203.68384540081024,22,0.6285963485206778,0.5747319745522184
9,f104_completed_DAYS_LAST_DUE_1ST_VERSION_d_app_DAYS_EMPLOYED_min,218.64536130428314,27,0.6285963485206778,0.5747319745522184
9,f104_completed_DAYS_LAST_DUE_1ST_VERSION_d_app_DAYS_EMPLOYED_max,165.82675962150097,21,0.6285963485206778,0.5747319745522184
9,f104_completed_DAYS_LAST_DUE_1ST_VERSION_s_app_DAYS_BIRTH_mean,107.34863996505737,9,0.6285963485206778,0.5747319745522184
9,f104_nyg_high_AMT_CREDIT_s_app_AMT_INCOME_TOTAL_max,325.8468894958496,25,0.6285963485206778,0.5747319745522184
9,f104_completed_amt_paid_mean,261.43012952804565,25,0.6285963485206778,0.5747319745522184
9,f104_completed_DAYS_LAST_DUE_1ST_VERSION_s_app_DAYS_ID_PUBLISH_max,356.2970880270004,32,0.6285963485206778,0.5747319745522184
9,f104_completed_DAYS_LAST_DUE_1ST_VERSION_s_app_DAYS_ID_PUBLISH_mean,111.61955034732819,13,0.6285963485206778,0.5747319745522184
9,f104_completed_DAYS_LAST_DUE_s_app_DAYS_LAST_PHONE_CHANGE_min,241.14289951324463,20,0.6285963485206778,0.5747319745522184
9,f104_completed_DAYS_LAST_DUE_d_app_DAYS_EMPLOYED_mean,64.947340965271,5,0.6285963485206778,0.5747319745522184
9,f104_completed_DAYS_LAST_DUE_s_app_DAYS_ID_PUBLISH_max,100.87635087966919,11,0.6285963485206778,0.5747319745522184
9,f104_completed_DAYS_TERMINATION_d_app_DAYS_BIRTH_mean,218.92803144454956,22,0.6285963485206778,0.5747319745522184
9,f104_completed_DAYS_LAST_DUE_d_app_DAYS_BIRTH_mean,175.3989496231079,17,0.6285963485206778,0.5747319745522184
9,f104_completed_total_debt_mean,260.718638420105,24,0.6285963485206778,0.5747319745522184
9,f104_completed_DAYS_FIRST_DUE_s_app_DAYS_REGISTRATION_max,193.94946956634521,19,0.6285963485206778,0.5747319745522184
9,f104_completed_total_debt_max,258.0290107727051,25,0.6285963485206778,0.5747319745522184
9,f104_nyg_high_AMT_CREDIT_d_AMT_APPLICATION_mean,282.4345226287842,11,0.6285963485206778,0.5747319745522184
9,f104_completed_DAYS_TERMINATION_s_app_DAYS_LAST_PHONE_CHANGE_mean,167.64748692512512,16,0.6285963485206778,0.5747319745522184
9,f104_nyg_high_AMT_ANNUITY_s_app_AMT_GOODS_PRICE_mean,544.1206631660461,24,0.6285963485206778,0.5747319745522184
9,f104_nyg_high_AMT_ANNUITY_d_app_AMT_CREDIT_min,350.1268973350525,24,0.6285963485206778,0.5747319745522184
9,f104_completed_DAYS_FIRST_DUE_s_app_DAYS_REGISTRATION_min,184.0685110092163,15,0.6285963485206778,0.5747319745522184
9,f104_completed_DAYS_LAST_DUE_1ST_VERSION_s_app_DAYS_ID_PUBLISH_min,194.97025836177636,23,0.6285963485206778,0.5747319745522184
9,f104_completed_DAYS_TERMINATION_s_app_DAYS_ID_PUBLISH_min,145.58865521848202,17,0.6285963485206778,0.5747319745522184
9,f104_completed_DAYS_LAST_DUE_s_app_DAYS_BIRTH_mean,44.95532035827637,3,0.6285963485206778,0.5747319745522184
9,f104_completed_DAYS_FIRST_DUE_s_app_DAYS_REGISTRATION_mean,176.73378992080688,16,0.6285963485206778,0.5747319745522184
9,f104_nyg_high_DAYS_DECISION_s_app_DAYS_EMPLOYED_min,154.38472890853882,6,0.6285963485206778,0.5747319745522184
9,f104_completed_amt_paid_max,180.42765045166016,22,0.6285963485206778,0.5747319745522184
9,f104_nyg_high_DAYS_DECISION_s_app_DAYS_REGISTRATION_max,463.41591119766235,25,0.6285963485206778,0.5747319745522184
9,f104_nyg_high_AMT_CREDIT_d_total_debt_max,153.17496013641357,13,0.6285963485206778,0.5747319745522184
9,f104_completed_DAYS_LAST_DUE_s_app_DAYS_LAST_PHONE_CHANGE_mean,136.6503825187683,11,0.6285963485206778,0.5747319745522184
9,f104_nyg_high_AMT_ANNUITY_d_app_AMT_ANNUITY_min,312.8430395126343,22,0.6285963485206778,0.5747319745522184
9,f104_nyg_high_DAYS_DECISION_d_app_DAYS_BIRTH_min,154.04148125648499,16,0.6285963485206778,0.5747319745522184
9,f104_nyg_high_DAYS_DECISION_d_app_DAYS_BIRTH_max,200.84663009643555,16,0.6285963485206778,0.5747319745522184
9,f104_nyg_high_AMT_ANNUITY_s_app_AMT_GOODS_PRICE_min,732.5594806671143,26,0.6285963485206778,0.5747319745522184
9,f104_completed_DAYS_LAST_DUE_1ST_VERSION_s_app_DAYS_REGISTRATION_max,237.8263499736786,21,0.6285963485206778,0.5747319745522184
9,f104_completed_DAYS_LAST_DUE_1ST_VERSION_s_app_DAYS_EMPLOYED_mean,121.51468133926392,12,0.6285963485206778,0.5747319745522184
9,f104_completed_DAYS_TERMINATION_d_app_DAYS_EMPLOYED_max,181.47461986541748,16,0.6285963485206778,0.5747319745522184
9,f104_nyg_high_AMT_CREDIT_d_AMT_APPLICATION_max,215.4113736152649,17,0.6285963485206778,0.5747319745522184
9,f104_completed_DAYS_TERMINATION_s_app_DAYS_EMPLOYED_min,196.42354083061218,19,0.6285963485206778,0.5747319745522184
9,f104_nyg_high_AMT_CREDIT_s_app_AMT_GOODS_PRICE_max,337.74832820892334,24,0.6285963485206778,0.5747319745522184
9,f104_nyg_high_DAYS_DECISION_s_app_DAYS_LAST_PHONE_CHANGE_max,96.36252987384796,8,0.6285963485206778,0.5747319745522184
9,f104_nyg_high_AMT_APPLICATION_s_app_AMT_CREDIT_max,172.27346801757812,14,0.6285963485206778,0.5747319745522184
9,f104_nyg_high_AMT_ANNUITY_d_app_AMT_CREDIT_mean,430.3117985725403,26,0.6285963485206778,0.5747319745522184
9,f104_completed_DAYS_TERMINATION_s_app_DAYS_REGISTRATION_max,230.20883798599243,19,0.6285963485206778,0.5747319745522184
9,f104_completed_DAYS_LAST_DUE_s_app_DAYS_BIRTH_min,229.1521396636963,12,0.6285963485206778,0.5747319745522184
9,f104_completed_DAYS_LAST_DUE_s_app_DAYS_ID_PUBLISH_min,208.4747190475464,20,0.6285963485206778,0.5747319745522184
9,f104_completed_DAYS_TERMINATION_s_app_DAYS_ID_PUBLISH_mean,176.47553968429565,17,0.6285963485206778,0.5747319745522184
9,f104_completed_DAYS_LAST_DUE_1ST_VERSION_s_app_DAYS_EMPLOYED_min,107.83493089675903,14,0.6285963485206778,0.5747319745522184
9,f104_completed_DAYS_LAST_DUE_1ST_VERSION_s_app_DAYS_REGISTRATION_mean,210.67379999160767,17,0.6285963485206778,0.5747319745522184
9,f104_completed_DAYS_LAST_DUE_1ST_VERSION_s_app_DAYS_EMPLOYED_max,181.41340947151184,21,0.6285963485206778,0.5747319745522184
9,f104_completed_DAYS_TERMINATION_s_app_DAYS_REGISTRATION_min,195.16932851076126,19,0.6285963485206778,0.5747319745522184
9,f104_completed_DAYS_LAST_DUE_s_app_DAYS_REGISTRATION_max,79.70281028747559,7,0.6285963485206778,0.5747319745522184
9,f104_completed_DAYS_TERMINATION_s_app_DAYS_EMPLOYED_mean,125.44409954547882,13,0.6285963485206778,0.5747319745522184
9,f104_nyg_high_AMT_GOODS_PRICE_d_AMT_ANNUITY_max,155.11371994018555,14,0.6285963485206778,0.5747319745522184
9,f104_completed_DAYS_LAST_DUE_s_app_DAYS_EMPLOYED_max,127.6815687417984,13,0.6285963485206778,0.5747319745522184
9,f104_nyg_high_AMT_GOODS_PRICE_d_AMT_CREDIT_mean,318.44106578826904,16,0.6285963485206778,0.5747319745522184
9,f104_nyg_high_AMT_CREDIT_d_AMT_APPLICATION_min,63.27812910079956,7,0.6285963485206778,0.5747319745522184
9,f104_completed_DAYS_LAST_DUE_1ST_VERSION_s_app_DAYS_REGISTRATION_min,145.3686683177948,13,0.6285963485206778,0.5747319745522184
9,f104_completed_DAYS_TERMINATION_s_app_DAYS_REGISTRATION_mean,154.97271060943604,14,0.6285963485206778,0.5747319745522184
9,f104_nyg_high_AMT_CREDIT_d_total_debt_diff_max,543.5615000724792,40,0.6285963485206778,0.5747319745522184
9,f104_nyg_high_AMT_ANNUITY_d_app_AMT_ANNUITY_mean,159.33592176437378,12,0.6285963485206778,0.5747319745522184
9,f104_completed_DAYS_TERMINATION_s_app_DAYS_EMPLOYED_max,214.81769800186157,17,0.6285963485206778,0.5747319745522184
9,f104_completed_DAYS_LAST_DUE_1ST_VERSION_d_app_DAYS_EMPLOYED_mean,186.35284197330475,22,0.6285963485206778,0.5747319745522184
9,f104_nyg_high_AMT_APPLICATION_s_app_AMT_GOODS_PRICE_min,224.51144886016846,18,0.6285963485206778,0.5747319745522184
9,f104_nyg_high_DAYS_DECISION_s_app_DAYS_BIRTH_mean,237.60905981063843,13,0.6285963485206778,0.5747319745522184
9,f104_nyg_high_AMT_CREDIT_s_app_AMT_ANNUITY_d_app_AMT_INCOME_TOTAL_max,164.39004969596863,15,0.6285963485206778,0.5747319745522184
9,f104_nyg_high_DAYS_DECISION_s_app_DAYS_REGISTRATION_min,296.15145230293274,17,0.6285963485206778,0.5747319745522184
9,f104_nyg_high_DAYS_DECISION_d_app_DAYS_BIRTH_mean,192.47434949874878,17,0.6285963485206778,0.5747319745522184
9,f104_nyg_high_AMT_GOODS_PRICE_d_AMT_CREDIT_min,287.041184425354,10,0.6285963485206778,0.5747319745522184
9,f104_completed_DAYS_TERMINATION_s_app_DAYS_BIRTH_min,161.52560806274414,15,0.6285963485206778,0.5747319745522184
9,f104_nyg_high_DAYS_DECISION_s_app_DAYS_ID_PUBLISH_max,89.31905192136765,11,0.6285963485206778,0.5747319745522184
9,f104_nyg_high_DAYS_DECISION_s_app_DAYS_EMPLOYED_max,321.15898418426514,16,0.6285963485206778,0.5747319745522184
9,f104_completed_NAME_CLIENT_TYPE_New_sum,53.83039855957031,2,0.6285963485206778,0.5747319745522184
9,f104_nyg_high_DAYS_DECISION_s_app_DAYS_LAST_PHONE_CHANGE_mean,252.87349092960358,13,0.6285963485206778,0.5747319745522184
9,f104_nyg_high_AMT_ANNUITY_d_app_AMT_CREDIT_max,199.85403060913086,19,0.6285963485206778,0.5747319745522184
9,f104_completed_DAYS_LAST_DUE_s_app_DAYS_EMPLOYED_min,205.1748193204403,21,0.6285963485206778,0.5747319745522184
9,f104_nyg_high_AMT_CREDIT_d_app_AMT_INCOME_TOTAL_max,90.41556072235107,9,0.6285963485206778,0.5747319745522184
9,f104_nyg_high_AMT_GOODS_PRICE_d_AMT_ANNUITY_mean,154.19102001190186,16,0.6285963485206778,0.5747319745522184
9,f104_nyg_high_AMT_CREDIT_s_app_AMT_CREDIT_max,109.05035972595215,12,0.6285963485206778,0.5747319745522184
9,f104_completed_DAYS_LAST_DUE_s_app_DAYS_EMPLOYED_mean,83.76381015777588,10,0.6285963485206778,0.5747319745522184
9,f104_completed_DAYS_TERMINATION_s_app_DAYS_BIRTH_mean,185.24579048156738,15,0.6285963485206778,0.5747319745522184
9,f104_nyg_high_DAYS_DECISION_s_app_DAYS_LAST_PHONE_CHANGE_min,191.08551120758057,9,0.6285963485206778,0.5747319745522184
9,f104_completed_DAYS_LAST_DUE_s_app_DAYS_ID_PUBLISH_mean,82.4921703338623,9,0.6285963485206778,0.5747319745522184
9,f104_nyg_high_RATE_DOWN_PAYMENT_mean,126.91779088973999,8,0.6285963485206778,0.5747319745522184
9,f104_nyg_high_RATE_DOWN_PAYMENT_max,145.33110094070435,8,0.6285963485206778,0.5747319745522184
9,f104_nyg_high_RATE_DOWN_PAYMENT_min,71.4040924012661,5,0.6285963485206778,0.5747319745522184
9,f104_nyg_high_total_debt_max,145.09176969528198,14,0.6285963485206778,0.5747319745522184
9,f104_nyg_high_interest_rate_pctchange_min,301.92822265625,20,0.6285963485206778,0.5747319745522184
9,f104_nyg_high_DAYS_TERMINATION_s_DAYS_LAST_DUE_1ST_VERSION_max,411.0774202346802,32,0.6285963485206778,0.5747319745522184
9,f104_nyg_high_HOUR_APPR_PROCESS_START_min,407.02030849456787,25,0.6285963485206778,0.5747319745522184
9,f104_nyg_high_amt_paid_sum,120.38955855369568,12,0.6285963485206778,0.5747319745522184
9,f104_nyg_high_DAYS_FIRST_DUE_s_app_DAYS_EMPLOYED_min,42.456130027770996,4,0.6285963485206778,0.5747319745522184
9,f104_nyg_high_DAYS_FIRST_DUE_s_app_DAYS_LAST_PHONE_CHANGE_max,197.51499223709106,14,0.6285963485206778,0.5747319745522184
9,f104_nyg_high_DAYS_FIRST_DUE_s_app_DAYS_EMPLOYED_max,73.52229976654053,4,0.6285963485206778,0.5747319745522184
9,f104_nyg_high_interest_rate_pctchange_max,253.1172113418579,22,0.6285963485206778,0.5747319745522184
9,f104_nyg_high_DAYS_LAST_DUE_1ST_VERSION_s_app_DAYS_EMPLOYED_min,81.59561920166016,8,0.6285963485206778,0.5747319745522184
9,f104_nyg_high_total_debt_pctchange_min,313.2579083442688,25,0.6285963485206778,0.5747319745522184
9,f104_nyg_high_interest_rate_pctchange_mean,109.55881023406982,11,0.6285963485206778,0.5747319745522184
9,f104_nyg_high_total_debt_pctchange_max,144.889399766922,13,0.6285963485206778,0.5747319745522184
9,f104_nyg_high_DAYS_TERMINATION_s_DAYS_LAST_DUE_1ST_VERSION_mean,261.45021533966064,21,0.6285963485206778,0.5747319745522184
9,f104_nyg_high_total_debt_diff_max,231.883220911026,18,0.6285963485206778,0.5747319745522184
9,f104_nyg_high_DAYS_TERMINATION_s_app_DAYS_LAST_PHONE_CHANGE_min,146.35627841949463,12,0.6285963485206778,0.5747319745522184
9,f104_nyg_high_HOUR_APPR_PROCESS_START_mean,229.07184886932373,19,0.6285963485206778,0.5747319745522184
9,f104_nyg_high_NAME_CLIENT_TYPE_New_mean,66.72303009033203,6,0.6285963485206778,0.5747319745522184
9,f104_nyg_high_DAYS_FIRST_DUE_d_app_DAYS_BIRTH_max,183.9134612083435,15,0.6285963485206778,0.5747319745522184
9,f104_nyg_high_DAYS_FIRST_DUE_s_app_DAYS_LAST_PHONE_CHANGE_mean,59.785799980163574,5,0.6285963485206778,0.5747319745522184
9,f104_nyg_high_DAYS_LAST_DUE_1ST_VERSION_s_DAYS_DECISIONS_mean,45.88652992248535,4,0.6285963485206778,0.5747319745522184
9,f104_nyg_high_DAYS_TERMINATION_s_app_DAYS_EMPLOYED_min,33.3200306892395,4,0.6285963485206778,0.5747319745522184
9,f104_nyg_high_DAYS_LAST_DUE_1ST_VERSION_d_app_DAYS_BIRTH_min,109.11525964736938,12,0.6285963485206778,0.5747319745522184
9,f104_nyg_high_DAYS_FIRST_DUE_d_app_DAYS_BIRTH_mean,40.54505968093872,4,0.6285963485206778,0.5747319745522184
9,f104_nyg_high_DAYS_LAST_DUE_s_app_DAYS_BIRTH_min,88.3616795539856,8,0.6285963485206778,0.5747319745522184
9,f104_nyg_high_DAYS_TERMINATION_s_DAYS_LAST_DUE_1ST_VERSION_min,136.82805061340332,14,0.6285963485206778,0.5747319745522184
9,f104_nyg_high_DAYS_FIRST_DUE_s_app_DAYS_REGISTRATION_mean,93.55884099006653,9,0.6285963485206778,0.5747319745522184
9,f104_nyg_high_DAYS_LAST_DUE_1ST_VERSION_s_app_DAYS_EMPLOYED_mean,40.32612943649292,4,0.6285963485206778,0.5747319745522184
9,f104_nyg_high_DAYS_LAST_DUE_1ST_VERSION_s_app_DAYS_EMPLOYED_max,85.65323114395142,8,0.6285963485206778,0.5747319745522184
9,f104_nyg_high_DAYS_LAST_DUE_1ST_VERSION_s_DAYS_DECISIONS_max,10.601300239562988,1,0.6285963485206778,0.5747319745522184
9,f104_nyg_high_DAYS_TERMINATION_d_app_DAYS_BIRTH_max,108.89638042449951,10,0.6285963485206778,0.5747319745522184
9,f104_nyg_high_DAYS_TERMINATION_s_app_DAYS_LAST_PHONE_CHANGE_max,88.69800996780396,9,0.6285963485206778,0.5747319745522184
9,f104_nyg_high_DAYS_FIRST_DUE_s_app_DAYS_EMPLOYED_mean,21.46560001373291,2,0.6285963485206778,0.5747319745522184
9,f104_nyg_high_DAYS_LAST_DUE_s_app_DAYS_EMPLOYED_max,102.04703068733215,10,0.6285963485206778,0.5747319745522184
9,f104_nyg_high_DAYS_FIRST_DUE_d_app_DAYS_BIRTH_min,104.02412986755371,12,0.6285963485206778,0.5747319745522184
9,f104_nyg_high_DAYS_LAST_DUE_s_app_DAYS_LAST_PHONE_CHANGE_max,110.4582781791687,6,0.6285963485206778,0.5747319745522184
9,f104_nyg_high_HOUR_APPR_PROCESS_START_max,133.58196210861206,11,0.6285963485206778,0.5747319745522184
9,f104_nyg_high_DAYS_FIRST_DUE_s_app_DAYS_LAST_PHONE_CHANGE_min,104.79040241241455,7,0.6285963485206778,0.5747319745522184
9,f104_nyg_high_DAYS_LAST_DUE_1ST_VERSION_s_app_DAYS_REGISTRATION_max,134.5535089969635,10,0.6285963485206778,0.5747319745522184
9,f104_nyg_high_interest_rate_diff_min,258.7169289588928,21,0.6285963485206778,0.5747319745522184
9,f104_nyg_high_DAYS_FIRST_DUE_s_app_DAYS_BIRTH_mean,64.68910026550293,6,0.6285963485206778,0.5747319745522184
9,f104_nyg_low_action_AMT_CREDIT_d_AMT_APPLICATION_max,10.36050033569336,1,0.6285963485206778,0.5747319745522184
9,f104_nyg_high_DAYS_FIRST_DUE_s_app_DAYS_REGISTRATION_max,27.637200355529785,2,0.6285963485206778,0.5747319745522184
9,f104_nyg_high_DAYS_LAST_DUE_1ST_VERSION_s_app_DAYS_BIRTH_max,37.65186023712158,5,0.6285963485206778,0.5747319745522184
9,f104_nyg_high_DAYS_TERMINATION_s_app_DAYS_BIRTH_max,121.89943027496338,9,0.6285963485206778,0.5747319745522184
9,f104_nyg_high_DAYS_TERMINATION_s_DAYS_FIRST_DUE_max,75.71545934677124,8,0.6285963485206778,0.5747319745522184
9,f104_nyg_high_DAYS_LAST_DUE_s_DAYS_DECISIONS_mean,112.39589190483093,10,0.6285963485206778,0.5747319745522184
9,f104_nyg_high_DAYS_LAST_DUE_s_app_DAYS_EMPLOYED_min,38.06227970123291,4,0.6285963485206778,0.5747319745522184
9,f104_nyg_high_DAYS_FIRST_DUE_s_app_DAYS_ID_PUBLISH_min,101.21871900558472,8,0.6285963485206778,0.5747319745522184
9,f104_nyg_high_total_debt_pctchange_mean,130.65721988677979,9,0.6285963485206778,0.5747319745522184
9,f104_nyg_high_DAYS_LAST_DUE_d_app_DAYS_BIRTH_max,87.24546003341675,9,0.6285963485206778,0.5747319745522184
9,f104_nyg_high_DAYS_TERMINATION_s_app_DAYS_LAST_PHONE_CHANGE_mean,70.2821798324585,6,0.6285963485206778,0.5747319745522184
9,f104_nyg_high_DAYS_TERMINATION_s_DAYS_FIRST_DUE_mean,98.59764814376831,9,0.6285963485206778,0.5747319745522184
9,f104_nyg_high_DAYS_TERMINATION_s_DAYS_DECISIONS_max,94.57351970672607,11,0.6285963485206778,0.5747319745522184
9,f104_nyg_high_DAYS_LAST_DUE_s_app_DAYS_BIRTH_max,68.87088966369629,5,0.6285963485206778,0.5747319745522184
9,f104_nyg_high_DAYS_LAST_DUE_s_app_DAYS_LAST_PHONE_CHANGE_min,123.85007047653198,11,0.6285963485206778,0.5747319745522184
9,f104_nyg_high_DAYS_FIRST_DUE_s_app_DAYS_REGISTRATION_min,131.8104214668274,9,0.6285963485206778,0.5747319745522184
9,f104_nyg_high_DAYS_TERMINATION_s_DAYS_DECISIONS_mean,93.75382834672928,10,0.6285963485206778,0.5747319745522184
9,f104_nyg_low_action_AMT_CREDIT_d_AMT_APPLICATION_min,0.0,0,0.6285963485206778,0.5747319745522184
9,f104_nyg_high_DAYS_LAST_DUE_s_app_DAYS_BIRTH_mean,79.17671012878418,5,0.6285963485206778,0.5747319745522184
9,f104_nyg_high_DAYS_LAST_DUE_1ST_VERSION_s_app_DAYS_REGISTRATION_min,74.80740022659302,7,0.6285963485206778,0.5747319745522184
9,f104_nyg_high_DAYS_LAST_DUE_1ST_VERSION_s_app_DAYS_ID_PUBLISH_mean,70.14285945892334,6,0.6285963485206778,0.5747319745522184
9,f104_nyg_high_DAYS_LAST_DUE_1ST_VERSION_s_app_DAYS_ID_PUBLISH_max,73.02062916755676,7,0.6285963485206778,0.5747319745522184
9,f104_nyg_high_NAME_CLIENT_TYPE_New_sum,0.0,0,0.6285963485206778,0.5747319745522184
9,f104_nyg_high_DAYS_FIRST_DUE_s_app_DAYS_BIRTH_max,76.38804960250854,8,0.6285963485206778,0.5747319745522184
9,f104_nyg_low_action_AMT_ANNUITY_mean,61.78697943687439,6,0.6285963485206778,0.5747319745522184
9,f104_nyg_high_DAYS_LAST_DUE_1ST_VERSION_s_app_DAYS_BIRTH_mean,108.92035055160522,7,0.6285963485206778,0.5747319745522184
9,f104_nyg_high_total_debt_std_div_mean,247.59639072418213,16,0.6285963485206778,0.5747319745522184
9,f104_nyg_high_DAYS_LAST_DUE_s_DAYS_LAST_DUE_1ST_VERSION_mean,0.0,0,0.6285963485206778,0.5747319745522184
9,f104_nyg_high_DAYS_LAST_DUE_s_app_DAYS_ID_PUBLISH_max,82.00666856765747,7,0.6285963485206778,0.5747319745522184
9,f104_nyg_high_DAYS_TERMINATION_s_app_DAYS_EMPLOYED_max,37.534400939941406,2,0.6285963485206778,0.5747319745522184
9,f104_nyg_high_DAYS_TERMINATION_s_app_DAYS_REGISTRATION_min,60.809020042419434,5,0.6285963485206778,0.5747319745522184
9,f104_nyg_high_DAYS_LAST_DUE_s_app_DAYS_LAST_PHONE_CHANGE_mean,57.43488025665283,5,0.6285963485206778,0.5747319745522184
9,f104_nyg_high_DAYS_TERMINATION_s_app_DAYS_REGISTRATION_max,110.7987208366394,10,0.6285963485206778,0.5747319745522184
9,f104_nyg_high_DAYS_FIRST_DUE_s_app_DAYS_ID_PUBLISH_mean,32.99169921875,3,0.6285963485206778,0.5747319745522184
9,f104_nyg_low_action_AMT_CREDIT_d_AMT_APPLICATION_mean,0.0,0,0.6285963485206778,0.5747319745522184
9,f104_nyg_high_DAYS_LAST_DUE_s_app_DAYS_REGISTRATION_max,31.484020233154297,3,0.6285963485206778,0.5747319745522184
9,f104_nyg_high_DAYS_FIRST_DUE_s_app_DAYS_BIRTH_min,21.410769939422607,2,0.6285963485206778,0.5747319745522184
9,f104_nyg_high_DAYS_TERMINATION_s_app_DAYS_ID_PUBLISH_min,23.178099393844604,2,0.6285963485206778,0.5747319745522184
9,f104_nyg_high_DAYS_FIRST_DUE_s_app_DAYS_ID_PUBLISH_max,37.5393590927124,3,0.6285963485206778,0.5747319745522184
9,f104_nyg_high_DAYS_LAST_DUE_s_DAYS_DECISIONS_max,26.20682954788208,3,0.6285963485206778,0.5747319745522184
9,f104_nyg_high_NAME_CONTRACT_STATUS_Approved_mean,68.21677017211914,6,0.6285963485206778,0.5747319745522184
9,f104_nyg_high_DAYS_LAST_DUE_1ST_VERSION_s_app_DAYS_REGISTRATION_mean,128.19235038757324,10,0.6285963485206778,0.5747319745522184
9,f104_nyg_high_cnt_paid_sum,60.263099670410156,4,0.6285963485206778,0.5747319745522184
9,f104_nyg_high_DAYS_LAST_DUE_1ST_VERSION_s_DAYS_DECISIONS_min,77.2572193145752,6,0.6285963485206778,0.5747319745522184
9,f104_nyg_high_NAME_PRODUCT_TYPE_walk_in_mean,64.9340295791626,6,0.6285963485206778,0.5747319745522184
9,f104_nyg_high_DAYS_TERMINATION_s_app_DAYS_EMPLOYED_mean,27.611499786376953,2,0.6285963485206778,0.5747319745522184
9,f104_nyg_high_DAYS_TERMINATION_s_app_DAYS_ID_PUBLISH_mean,69.27046847343445,6,0.6285963485206778,0.5747319745522184
9,f104_nyg_low_action_AMT_ANNUITY_s_app_AMT_GOODS_PRICE_mean,17.414719581604004,2,0.6285963485206778,0.5747319745522184
9,f104_nyg_high_DAYS_LAST_DUE_1ST_VERSION_s_app_DAYS_BIRTH_min,27.80088049173355,2,0.6285963485206778,0.5747319745522184
9,f104_nyg_low_action_AMT_APPLICATION_mean,68.18617057800293,5,0.6285963485206778,0.5747319745522184
9,f104_nyg_high_NAME_PRODUCT_TYPE_walk_in_sum,37.19820022583008,1,0.6285963485206778,0.5747319745522184
9,f104_nyg_high_DAYS_LAST_DUE_s_app_DAYS_EMPLOYED_mean,28.73829936981201,2,0.6285963485206778,0.5747319745522184
9,f104_nyg_high_DAYS_LAST_DUE_s_app_DAYS_REGISTRATION_mean,56.23042106628418,5,0.6285963485206778,0.5747319745522184
9,f104_nyg_high_DAYS_LAST_DUE_s_DAYS_LAST_DUE_1ST_VERSION_min,44.46039009094238,3,0.6285963485206778,0.5747319745522184
9,f104_nyg_high_cnt_paid_ratio_min,18.176799774169922,1,0.6285963485206778,0.5747319745522184
9,f104_nyg_low_action_AMT_CREDIT_d_app_AMT_CREDIT_max,68.93375015258789,7,0.6285963485206778,0.5747319745522184
9,f104_nyg_high_DAYS_LAST_DUE_s_app_DAYS_ID_PUBLISH_mean,30.552429676055908,4,0.6285963485206778,0.5747319745522184
9,f104_nyg_high_NAME_TYPE_SUITE_Unaccompanied_sum,18.4468994140625,1,0.6285963485206778,0.5747319745522184
9,f104_nyg_high_total_debt_std,124.09850692749023,10,0.6285963485206778,0.5747319745522184
9,f104_nyg_low_action_AMT_CREDIT_d_app_AMT_GOODS_PRICE_min,49.41166973114014,5,0.6285963485206778,0.5747319745522184
9,f104_nyg_low_action_AMT_APPLICATION_s_app_AMT_ANNUITY_min,61.7648401260376,5,0.6285963485206778,0.5747319745522184
9,f104_nyg_low_action_AMT_CREDIT_d_app_AMT_ANNUITY_mean,65.52268028259277,6,0.6285963485206778,0.5747319745522184
9,f104_nyg_high_DAYS_LAST_DUE_s_app_DAYS_ID_PUBLISH_min,45.97809934616089,4,0.6285963485206778,0.5747319745522184
9,f104_nyg_high_NAME_CONTRACT_STATUS_Refused_mean,25.624199867248535,2,0.6285963485206778,0.5747319745522184
9,f104_nyg_high_completed_mean,0.0,0,0.6285963485206778,0.5747319745522184
9,f104_nyg_high_DAYS_FIRST_DUE_s_app_DAYS_ID_PUBLISH_std_div_mean,377.1582736968994,26,0.6285963485206778,0.5747319745522184
9,f104_nyg_low_action_AMT_ANNUITY_s_app_AMT_GOODS_PRICE_min,22.76421022415161,2,0.6285963485206778,0.5747319745522184
9,f104_nyg_high_DAYS_LAST_DUE_1ST_VERSION_s_app_DAYS_ID_PUBLISH_min,90.55675983428955,9,0.6285963485206778,0.5747319745522184
9,f104_nyg_high_DAYS_LAST_DUE_s_app_DAYS_REGISTRATION_min,42.074259757995605,4,0.6285963485206778,0.5747319745522184
9,f104_nyg_low_action_AMT_ANNUITY_s_app_AMT_GOODS_PRICE_max,43.71388006210327,4,0.6285963485206778,0.5747319745522184
9,f104_nyg_low_action_AMT_APPLICATION_max,20.042339324951172,2,0.6285963485206778,0.5747319745522184
9,f104_nyg_low_action_AMT_ANNUITY_s_app_AMT_ANNUITY_max,74.1437292098999,7,0.6285963485206778,0.5747319745522184
9,f104_nyg_low_action_HOUR_APPR_PROCESS_START_mean,125.91102886199951,11,0.6285963485206778,0.5747319745522184
9,f104_nyg_low_action_AMT_APPLICATION_s_app_AMT_ANNUITY_max,18.56863021850586,2,0.6285963485206778,0.5747319745522184
9,f104_nyg_low_action_DAYS_FIRST_DUE_d_app_DAYS_BIRTH_min,3.7460598945617676,1,0.6285963485206778,0.5747319745522184
9,f104_nyg_high_total_debt_max_div_min,177.68610048294067,10,0.6285963485206778,0.5747319745522184
9,f104_nyg_high_DAYS_LAST_DUE_s_DAYS_FIRST_DUE_mean,0.0,0,0.6285963485206778,0.5747319745522184
9,f104_nyg_low_action_DAYS_FIRST_DUE_s_app_DAYS_EMPLOYED_min,19.882500171661377,2,0.6285963485206778,0.5747319745522184
9,f104_nyg_low_action_AMT_ANNUITY_s_app_AMT_ANNUITY_min,8.427240371704102,1,0.6285963485206778,0.5747319745522184
9,f104_nyg_low_action_DAYS_DECISION_s_app_DAYS_EMPLOYED_mean,22.702799797058105,2,0.6285963485206778,0.5747319745522184
9,f104_nyg_low_action_AMT_GOODS_PRICE_d_app_AMT_GOODS_PRICE_min,32.43100070953369,2,0.6285963485206778,0.5747319745522184
9,f104_nyg_low_action_CHANNEL_TYPE_Regional___Local_mean,199.09890174865723,20,0.6285963485206778,0.5747319745522184
9,f104_nyg_low_action_DAYS_DECISION_s_app_DAYS_EMPLOYED_max,0.0,0,0.6285963485206778,0.5747319745522184
9,f104_nyg_low_action_HOUR_APPR_PROCESS_START_min,23.17520046234131,2,0.6285963485206778,0.5747319745522184
9,f104_nyg_low_action_AMT_GOODS_PRICE_d_AMT_ANNUITY_pctchange_min,4.578429937362671,2,0.6285963485206778,0.5747319745522184
9,f104_nyg_low_action_AMT_GOODS_PRICE_s_app_AMT_CREDIT_d_app_AMT_INCOME_TOTAL_min,17.01222038269043,2,0.6285963485206778,0.5747319745522184
9,f104_nyg_low_action_AMT_CREDIT_d_total_debt_diff_max,37.11794972419739,5,0.6285963485206778,0.5747319745522184
9,f104_nyg_low_action_HOUR_APPR_PROCESS_START_max,31.348400115966797,2,0.6285963485206778,0.5747319745522184
9,f104_nyg_low_action_AMT_GOODS_PRICE_d_app_AMT_GOODS_PRICE_max,8.759979844093323,2,0.6285963485206778,0.5747319745522184
9,f104_nyg_low_action_DAYS_LAST_DUE_s_app_DAYS_ID_PUBLISH_max,2.6849799156188965,1,0.6285963485206778,0.5747319745522184
9,f104_nyg_low_action_AMT_CREDIT_s_app_AMT_ANNUITY_max,37.184560775756836,4,0.6285963485206778,0.5747319745522184
9,f104_nyg_low_action_AMT_CREDIT_m_app_AMT_GOODS_PRICE_d_app_AMT_INCOME_TOTAL_pctchange_min,21.354520082473755,3,0.6285963485206778,0.5747319745522184
9,f104_nyg_low_action_DAYS_FIRST_DUE_d_app_DAYS_BIRTH_max,4.998579978942871,1,0.6285963485206778,0.5747319745522184
9,f104_nyg_low_action_DAYS_DECISION_s_app_DAYS_ID_PUBLISH_mean,17.208699941635132,2,0.6285963485206778,0.5747319745522184
9,f104_nyg_low_action_DAYS_LAST_DUE_1ST_VERSION_d_app_DAYS_ID_PUBLISH_mean,23.441800117492676,2,0.6285963485206778,0.5747319745522184
9,f104_nyg_low_action_AMT_GOODS_PRICE_d_app_AMT_ANNUITY_min,16.897089958190918,2,0.6285963485206778,0.5747319745522184
9,f104_nyg_low_action_DAYS_LAST_DUE_1ST_VERSION_d_app_DAYS_ID_PUBLISH_min,69.88165998458862,7,0.6285963485206778,0.5747319745522184
9,f104_nyg_low_action_AMT_GOODS_PRICE_s_app_AMT_CREDIT_d_app_AMT_INCOME_TOTAL_max,38.04998016357422,4,0.6285963485206778,0.5747319745522184
9,f104_nyg_low_action_DAYS_TERMINATION_s_DAYS_FIRST_DUE_max,2.377880096435547,1,0.6285963485206778,0.5747319745522184
9,f104_nyg_low_action_DAYS_DECISION_d_app_DAYS_BIRTH_min,9.868599891662598,1,0.6285963485206778,0.5747319745522184
9,f104_nyg_low_action_DAYS_LAST_DUE_1ST_VERSION_s_app_DAYS_ID_PUBLISH_max,44.55977964401245,7,0.6285963485206778,0.5747319745522184
9,f104_nyg_low_action_AMT_GOODS_PRICE_s_app_AMT_ANNUITY_min,13.36240005493164,1,0.6285963485206778,0.5747319745522184
9,f104_nyg_low_action_AMT_CREDIT_d_app_AMT_INCOME_TOTAL_mean,15.984760284423828,2,0.6285963485206778,0.5747319745522184
9,f104_nyg_low_action_AMT_GOODS_PRICE_d_app_AMT_ANNUITY_mean,0.0,0,0.6285963485206778,0.5747319745522184
9,f104_nyg_low_action_AMT_GOODS_PRICE_s_app_AMT_ANNUITY_d_app_AMT_INCOME_TOTAL_mean,92.27869129180908,9,0.6285963485206778,0.5747319745522184
9,f104_nyg_low_action_DAYS_LAST_DUE_1ST_VERSION_s_app_DAYS_LAST_PHONE_CHANGE_max,0.0,0,0.6285963485206778,0.5747319745522184
9,f104_nyg_low_action_AMT_GOODS_PRICE_s_app_AMT_ANNUITY_d_app_AMT_INCOME_TOTAL_max,146.4036283493042,13,0.6285963485206778,0.5747319745522184
9,f104_nyg_low_action_AMT_CREDIT_mean,29.770400047302246,2,0.6285963485206778,0.5747319745522184
9,f104_nyg_low_action_DAYS_FIRST_DUE_d_app_DAYS_BIRTH_mean,3.6589200496673584,1,0.6285963485206778,0.5747319745522184
9,f104_nyg_low_action_DAYS_LAST_DUE_1ST_VERSION_s_app_DAYS_BIRTH_max,12.971070289611816,2,0.6285963485206778,0.5747319745522184
9,f104_nyg_low_action_DAYS_LAST_DUE_1ST_VERSION_d_app_DAYS_REGISTRATION_mean,57.82430076599121,4,0.6285963485206778,0.5747319745522184
9,f104_nyg_low_action_AMT_GOODS_PRICE_d_app_AMT_CREDIT_mean,19.00409984588623,3,0.6285963485206778,0.5747319745522184
9,f104_nyg_low_action_AMT_CREDIT_d_total_debt_pctchange_mean,16.124759674072266,2,0.6285963485206778,0.5747319745522184
9,f104_nyg_low_action_DAYS_DECISION_s_app_DAYS_BIRTH_max,48.26272964477539,4,0.6285963485206778,0.5747319745522184
9,f104_nyg_low_action_DAYS_TERMINATION_s_DAYS_FIRST_DUE_min,0.0,0,0.6285963485206778,0.5747319745522184
9,f104_nyg_low_action_DAYS_LAST_DUE_1ST_VERSION_s_app_DAYS_REGISTRATION_mean,99.90388059616089,8,0.6285963485206778,0.5747319745522184
9,f104_nyg_low_action_DAYS_LAST_DUE_1ST_VERSION_d_app_DAYS_REGISTRATION_max,22.584699630737305,2,0.6285963485206778,0.5747319745522184
9,f104_nyg_low_action_DAYS_TERMINATION_s_DAYS_DECISIONS_max,14.240299701690674,2,0.6285963485206778,0.5747319745522184
9,f104_nyg_low_action_DAYS_LAST_DUE_1ST_VERSION_d_app_DAYS_ID_PUBLISH_max,11.033599853515625,1,0.6285963485206778,0.5747319745522184
9,f104_nyg_low_action_DAYS_TERMINATION_s_DAYS_FIRST_DUE_mean,13.838030338287354,2,0.6285963485206778,0.5747319745522184
9,f104_nyg_low_action_AMT_CREDIT_s_app_AMT_ANNUITY_min,10.629899978637695,1,0.6285963485206778,0.5747319745522184
9,f104_nyg_low_action_NAME_GOODS_CATEGORY_Computers_mean,0.0,0,0.6285963485206778,0.5747319745522184
9,f104_nyg_low_action_AMT_CREDIT_s_app_AMT_ANNUITY_d_app_AMT_INCOME_TOTAL_max,19.886500358581543,2,0.6285963485206778,0.5747319745522184
9,f104_nyg_low_action_CHANNEL_TYPE_Regional___Local_sum,32.96145057678223,3,0.6285963485206778,0.5747319745522184
9,f104_nyg_low_action_DAYS_LAST_DUE_s_app_DAYS_ID_PUBLISH_mean,2.1775100231170654,1,0.6285963485206778,0.5747319745522184
9,f104_nyg_low_action_DAYS_DECISION_s_app_DAYS_ID_PUBLISH_min,14.080599784851074,1,0.6285963485206778,0.5747319745522184
9,f104_nyg_low_action_AMT_GOODS_PRICE_max,8.297730445861816,1,0.6285963485206778,0.5747319745522184
9,f104_nyg_low_action_DAYS_LAST_DUE_1ST_VERSION_d_app_DAYS_REGISTRATION_min,25.425600051879883,1,0.6285963485206778,0.5747319745522184
9,f104_nyg_low_action_AMT_GOODS_PRICE_d_AMT_CREDIT_diff_mean,56.06254959106445,7,0.6285963485206778,0.5747319745522184
9,f104_nyg_low_action_DAYS_TERMINATION_s_app_DAYS_ID_PUBLISH_max,0.0,0,0.6285963485206778,0.5747319745522184
9,f104_nyg_low_action_DAYS_DECISION_s_app_DAYS_ID_PUBLISH_max,0.0,0,0.6285963485206778,0.5747319745522184
9,f104_nyg_low_action_AMT_GOODS_PRICE_min,5.7947998046875,1,0.6285963485206778,0.5747319745522184
9,f104_nyg_low_action_interest_rate_pctchange_mean,28.374950408935547,3,0.6285963485206778,0.5747319745522184
9,f104_nyg_low_action_AMT_CREDIT_s_app_AMT_ANNUITY_mean,67.47707939147949,5,0.6285963485206778,0.5747319745522184
9,f104_nyg_low_action_DAYS_LAST_DUE_1ST_VERSION_s_app_DAYS_LAST_PHONE_CHANGE_min,11.920972228050232,2,0.6285963485206778,0.5747319745522184
9,f104_nyg_low_action_DAYS_LAST_DUE_1ST_VERSION_s_app_DAYS_BIRTH_mean,0.0,0,0.6285963485206778,0.5747319745522184
9,f104_nyg_low_action_AMT_GOODS_PRICE_d_AMT_CREDIT_pctchange_min,0.0,0,0.6285963485206778,0.5747319745522184
9,f104_nyg_low_action_AMT_GOODS_PRICE_d_app_AMT_INCOME_TOTAL_min,14.325170397758484,2,0.6285963485206778,0.5747319745522184
9,f104_nyg_low_action_DAYS_DECISION_d_app_DAYS_BIRTH_max,0.0,0,0.6285963485206778,0.5747319745522184
9,f104_nyg_low_action_DAYS_LAST_DUE_1ST_VERSION_s_app_DAYS_EMPLOYED_mean,5.5015798807144165,2,0.6285963485206778,0.5747319745522184
9,f104_nyg_low_action_AMT_GOODS_PRICE_d_AMT_CREDIT_diff_min,26.369829654693604,3,0.6285963485206778,0.5747319745522184
9,f104_nyg_low_action_DAYS_FIRST_DUE_d_app_DAYS_REGISTRATION_mean,61.154699087142944,6,0.6285963485206778,0.5747319745522184
9,f104_nyg_low_action_DAYS_FIRST_DUE_d_app_DAYS_REGISTRATION_max,67.85622048377991,7,0.6285963485206778,0.5747319745522184
9,f104_nyg_low_action_AMT_CREDIT_s_app_AMT_ANNUITY_d_app_AMT_INCOME_TOTAL_mean,38.473140716552734,3,0.6285963485206778,0.5747319745522184
9,f104_nyg_low_action_DAYS_TERMINATION_d_app_DAYS_REGISTRATION_max,29.690882742404938,3,0.6285963485206778,0.5747319745522184
9,f104_nyg_low_action_DAYS_FIRST_DUE_s_app_DAYS_REGISTRATION_mean,28.45699977874756,2,0.6285963485206778,0.5747319745522184
9,f104_nyg_low_action_DAYS_DECISION_s_app_DAYS_EMPLOYED_min,18.433380126953125,2,0.6285963485206778,0.5747319745522184
9,f104_nyg_low_action_DAYS_LAST_DUE_1ST_VERSION_s_app_DAYS_REGISTRATION_max,22.870359897613525,3,0.6285963485206778,0.5747319745522184
9,f104_nyg_low_action_DAYS_FIRST_DUE_s_app_DAYS_EMPLOYED_max,15.428400039672852,1,0.6285963485206778,0.5747319745522184
9,f104_nyg_low_action_total_debt_diff_max,11.653200149536133,1,0.6285963485206778,0.5747319745522184
9,f104_nyg_low_action_AMT_GOODS_PRICE_s_app_AMT_ANNUITY_max,0.0,0,0.6285963485206778,0.5747319745522184
9,f104_nyg_low_action_DAYS_LAST_DUE_1ST_VERSION_s_app_DAYS_ID_PUBLISH_min,3.3337600231170654,1,0.6285963485206778,0.5747319745522184
9,f104_nyg_low_action_AMT_GOODS_PRICE_d_app_AMT_CREDIT_max,19.880720138549805,2,0.6285963485206778,0.5747319745522184
9,f104_nyg_low_action_DAYS_FIRST_DUE_s_app_DAYS_EMPLOYED_mean,0.0,0,0.6285963485206778,0.5747319745522184
9,f104_nyg_low_action_DAYS_FIRST_DUE_s_app_DAYS_ID_PUBLISH_min,42.559189796447754,5,0.6285963485206778,0.5747319745522184
9,f104_nyg_low_action_AMT_GOODS_PRICE_d_app_AMT_INCOME_TOTAL_max,40.24753952026367,4,0.6285963485206778,0.5747319745522184
9,f104_nyg_low_action_AMT_GOODS_PRICE_s_app_AMT_ANNUITY_mean,125.99705982208252,10,0.6285963485206778,0.5747319745522184
9,f104_nyg_low_action_DAYS_DECISION_s_app_DAYS_REGISTRATION_mean,17.102280139923096,2,0.6285963485206778,0.5747319745522184
9,f104_nyg_low_action_DAYS_TERMINATION_s_app_DAYS_ID_PUBLISH_mean,0.0,0,0.6285963485206778,0.5747319745522184
9,f104_nyg_low_action_DAYS_TERMINATION_s_app_DAYS_ID_PUBLISH_min,0.0,0,0.6285963485206778,0.5747319745522184
9,f104_nyg_low_action_AMT_CREDIT_d_total_debt_diff_min,20.699580192565918,2,0.6285963485206778,0.5747319745522184
9,f104_nyg_low_action_DAYS_DECISION_s_app_DAYS_LAST_PHONE_CHANGE_max,7.9659600257873535,1,0.6285963485206778,0.5747319745522184
9,f104_nyg_low_action_DAYS_FIRST_DUE_s_app_DAYS_ID_PUBLISH_max,8.523650169372559,1,0.6285963485206778,0.5747319745522184
9,f104_nyg_low_action_AMT_GOODS_PRICE_d_AMT_CREDIT_pctchange_mean,14.436829805374146,3,0.6285963485206778,0.5747319745522184
9,f104_nyg_low_action_AMT_GOODS_PRICE_d_app_AMT_CREDIT_min,6.9067299365997314,2,0.6285963485206778,0.5747319745522184
9,f104_nyg_low_action_DAYS_FIRST_DUE_s_app_DAYS_BIRTH_max,5.4435601234436035,1,0.6285963485206778,0.5747319745522184
9,f104_nyg_low_action_DAYS_DECISION_d_app_DAYS_REGISTRATION_max,8.325139999389648,1,0.6285963485206778,0.5747319745522184
9,f104_nyg_low_action_AMT_CREDIT_s_app_AMT_CREDIT_d_app_AMT_INCOME_TOTAL_mean,11.804699897766113,1,0.6285963485206778,0.5747319745522184
9,f104_nyg_low_action_DAYS_LAST_DUE_s_app_DAYS_REGISTRATION_min,58.26509392261505,7,0.6285963485206778,0.5747319745522184
9,f104_nyg_low_action_AMT_GOODS_PRICE_d_total_debt_pctchange_mean,9.35908031463623,1,0.6285963485206778,0.5747319745522184
9,f104_nyg_low_action_AMT_GOODS_PRICE_s_app_AMT_ANNUITY_d_app_AMT_INCOME_TOTAL_min,55.67010021209717,5,0.6285963485206778,0.5747319745522184
9,f104_nyg_low_action_AMT_GOODS_PRICE_d_app_AMT_INCOME_TOTAL_diff_mean,46.059099316596985,5,0.6285963485206778,0.5747319745522184
9,f104_nyg_low_action_DAYS_FIRST_DUE_s_app_DAYS_BIRTH_min,19.9847993850708,2,0.6285963485206778,0.5747319745522184
9,f104_nyg_low_action_AMT_CREDIT_max,13.506999969482422,1,0.6285963485206778,0.5747319745522184
9,f104_nyg_low_action_DAYS_LAST_DUE_1ST_VERSION_s_app_DAYS_BIRTH_min,1.791949987411499,1,0.6285963485206778,0.5747319745522184
9,f104_nyg_low_action_DAYS_DECISION_s_app_DAYS_LAST_PHONE_CHANGE_min,0.0,0,0.6285963485206778,0.5747319745522184
9,f104_nyg_low_action_AMT_CREDIT_min,8.469449996948242,1,0.6285963485206778,0.5747319745522184
9,f104_nyg_low_action_AMT_GOODS_PRICE_s_app_AMT_INCOME_TOTAL_min,34.821410179138184,3,0.6285963485206778,0.5747319745522184
9,f104_nyg_low_action_DAYS_LAST_DUE_s_app_DAYS_LAST_PHONE_CHANGE_mean,7.119750022888184,1,0.6285963485206778,0.5747319745522184
9,f104_nyg_low_action_DAYS_DECISION_d_app_DAYS_BIRTH_mean,0.0,0,0.6285963485206778,0.5747319745522184
9,f104_nyg_low_action_AMT_GOODS_PRICE_d_AMT_CREDIT_pctchange_max,12.63454008102417,2,0.6285963485206778,0.5747319745522184
9,f104_nyg_low_action_DAYS_LAST_DUE_s_app_DAYS_BIRTH_max,27.20650005340576,2,0.6285963485206778,0.5747319745522184
9,f104_nyg_low_action_cnt_paid_min,0.0,0,0.6285963485206778,0.5747319745522184
9,f104_nyg_low_action_AMT_CREDIT_d_total_debt_pctchange_max,50.04867935180664,5,0.6285963485206778,0.5747319745522184
9,f104_nyg_low_action_DAYS_LAST_DUE_s_DAYS_DECISIONS_min,18.20057964324951,2,0.6285963485206778,0.5747319745522184
9,f104_nyg_low_action_amt_paid_mean,41.90306997299194,5,0.6285963485206778,0.5747319745522184
9,f104_nyg_low_action_DAYS_LAST_DUE_s_app_DAYS_LAST_PHONE_CHANGE_max,4.999360084533691,1,0.6285963485206778,0.5747319745522184
9,f104_nyg_low_action_DAYS_TERMINATION_d_app_DAYS_REGISTRATION_mean,60.69105887413025,5,0.6285963485206778,0.5747319745522184
9,f104_nyg_low_action_DAYS_FIRST_DUE_s_app_DAYS_BIRTH_mean,0.0,0,0.6285963485206778,0.5747319745522184
9,f104_nyg_low_action_DAYS_LAST_DUE_s_app_DAYS_BIRTH_mean,14.310999870300293,1,0.6285963485206778,0.5747319745522184
9,f104_nyg_low_action_NAME_CONTRACT_STATUS_Approved_mean,21.502860069274902,2,0.6285963485206778,0.5747319745522184
9,f104_nyg_low_action_DAYS_LAST_DUE_s_app_DAYS_LAST_PHONE_CHANGE_min,5.974740028381348,1,0.6285963485206778,0.5747319745522184
9,f104_nyg_low_action_DAYS_TERMINATION_s_app_DAYS_LAST_PHONE_CHANGE_max,17.52630704641342,2,0.6285963485206778,0.5747319745522184
9,f104_nyg_low_action_AMT_GOODS_PRICE_d_total_debt_diff_max,8.874199867248535,1,0.6285963485206778,0.5747319745522184
9,f104_nyg_low_action_DAYS_FIRST_DUE_s_app_DAYS_ID_PUBLISH_mean,0.0,0,0.6285963485206778,0.5747319745522184
9,f104_nyg_low_action_total_debt_mean,38.45357894897461,3,0.6285963485206778,0.5747319745522184
9,f104_nyg_low_action_CODE_REJECT_REASON_XAP_mean,19.2781400680542,2,0.6285963485206778,0.5747319745522184
9,f104_nyg_low_action_total_debt_max,21.44986343383789,3,0.6285963485206778,0.5747319745522184
9,f104_nyg_low_normal_DAYS_FIRST_DUE_s_app_DAYS_BIRTH_max,190.81179773807526,14,0.6285963485206778,0.5747319745522184
9,f104_nyg_low_normal_DAYS_LAST_DUE_d_app_DAYS_EMPLOYED_min,89.33585953712463,10,0.6285963485206778,0.5747319745522184
9,f104_nyg_low_normal_DAYS_FIRST_DUE_d_app_DAYS_EMPLOYED_min,116.46355152130127,10,0.6285963485206778,0.5747319745522184
9,f104_nyg_low_normal_AMT_ANNUITY_d_app_AMT_INCOME_TOTAL_max,214.6767499446869,21,0.6285963485206778,0.5747319745522184
9,f104_nyg_low_normal_DAYS_LAST_DUE_s_app_DAYS_BIRTH_mean,108.21355164051056,9,0.6285963485206778,0.5747319745522184
9,f104_nyg_low_normal_AMT_ANNUITY_max,252.10418939590454,23,0.6285963485206778,0.5747319745522184
9,f104_nyg_low_normal_AMT_ANNUITY_min,279.34383058547974,24,0.6285963485206778,0.5747319745522184
9,f104_nyg_low_normal_DAYS_FIRST_DUE_d_app_DAYS_EMPLOYED_mean,27.25676918029785,3,0.6285963485206778,0.5747319745522184
9,f104_nyg_low_action_total_debt_diff_min,25.4859299659729,3,0.6285963485206778,0.5747319745522184
9,f104_nyg_low_normal_AMT_ANNUITY_d_app_AMT_CREDIT_max,173.85512042045593,16,0.6285963485206778,0.5747319745522184
9,f104_nyg_low_normal_DAYS_LAST_DUE_s_app_DAYS_BIRTH_min,166.0973572731018,11,0.6285963485206778,0.5747319745522184
9,f104_nyg_low_normal_AMT_ANNUITY_mean,180.06083965301514,17,0.6285963485206778,0.5747319745522184
9,f104_nyg_low_normal_HOUR_APPR_PROCESS_START_mean,96.99732065200806,10,0.6285963485206778,0.5747319745522184
9,f104_nyg_low_normal_AMT_CREDIT_d_AMT_ANNUITY_min,79.90470027923584,10,0.6285963485206778,0.5747319745522184
9,f104_nyg_low_normal_DAYS_TERMINATION_s_app_DAYS_BIRTH_max,103.40157222747803,8,0.6285963485206778,0.5747319745522184
9,f104_nyg_low_normal_AMT_GOODS_PRICE_d_total_debt_min,309.41993975639343,26,0.6285963485206778,0.5747319745522184
9,f104_nyg_low_normal_AMT_CREDIT_s_app_AMT_ANNUITY_d_app_AMT_INCOME_TOTAL_pctchange_max,204.03053092956543,24,0.6285963485206778,0.5747319745522184
9,f104_nyg_low_normal_AMT_CREDIT_d_total_debt_mean,201.38491010665894,19,0.6285963485206778,0.5747319745522184
9,f104_nyg_low_normal_AMT_CREDIT_d_total_debt_min,209.87999820709229,19,0.6285963485206778,0.5747319745522184
9,f104_nyg_low_normal_AMT_CREDIT_d_AMT_ANNUITY_max,221.2377405166626,19,0.6285963485206778,0.5747319745522184
9,f104_nyg_low_normal_AMT_CREDIT_s_app_AMT_GOODS_PRICE_max,217.7318902015686,20,0.6285963485206778,0.5747319745522184
9,f104_nyg_low_normal_DAYS_LAST_DUE_s_app_DAYS_BIRTH_max,149.00827169418335,8,0.6285963485206778,0.5747319745522184
9,f104_nyg_low_normal_AMT_CREDIT_d_total_debt_max,58.666409969329834,7,0.6285963485206778,0.5747319745522184
9,f104_nyg_low_normal_DAYS_FIRST_DUE_d_app_DAYS_LAST_PHONE_CHANGE_max,91.52345085144043,8,0.6285963485206778,0.5747319745522184
9,f104_nyg_low_normal_AMT_GOODS_PRICE_d_total_debt_mean,109.24231100082397,10,0.6285963485206778,0.5747319745522184
9,f104_nyg_low_normal_AMT_CREDIT_d_AMT_APPLICATION_min,83.6832486987114,9,0.6285963485206778,0.5747319745522184
9,f104_nyg_low_normal_DAYS_FIRST_DUE_d_app_DAYS_EMPLOYED_max,62.764050006866455,7,0.6285963485206778,0.5747319745522184
9,f104_nyg_low_normal_AMT_GOODS_PRICE_d_total_debt_diff_min,177.67727053165436,20,0.6285963485206778,0.5747319745522184
9,f104_nyg_low_normal_DAYS_LAST_DUE_1ST_VERSION_s_app_DAYS_ID_PUBLISH_max,129.46422910690308,14,0.6285963485206778,0.5747319745522184
9,f104_nyg_low_normal_DAYS_TERMINATION_s_DAYS_LAST_DUE_1ST_VERSION_max,65.89814889431,9,0.6285963485206778,0.5747319745522184
9,f104_nyg_low_normal_DAYS_DECISION_d_app_DAYS_EMPLOYED_mean,126.78339004516602,13,0.6285963485206778,0.5747319745522184
9,f104_nyg_low_normal_AMT_ANNUITY_s_app_AMT_ANNUITY_min,223.342857837677,21,0.6285963485206778,0.5747319745522184
9,f104_nyg_low_normal_DAYS_DECISION_s_app_DAYS_ID_PUBLISH_max,55.264179944992065,7,0.6285963485206778,0.5747319745522184
9,f104_nyg_low_normal_DAYS_FIRST_DUE_s_app_DAYS_BIRTH_min,78.70765054225922,6,0.6285963485206778,0.5747319745522184
9,f104_nyg_low_normal_AMT_GOODS_PRICE_d_total_debt_pctchange_min,95.60152959823608,12,0.6285963485206778,0.5747319745522184
9,f104_nyg_low_normal_DAYS_FIRST_DUE_s_app_DAYS_BIRTH_mean,106.19151830673218,8,0.6285963485206778,0.5747319745522184
9,f104_nyg_low_action_total_debt_pctchange_max,18.500210523605347,3,0.6285963485206778,0.5747319745522184
9,f104_nyg_low_normal_AMT_GOODS_PRICE_d_total_debt_max,102.38771915435791,10,0.6285963485206778,0.5747319745522184
9,f104_nyg_low_normal_AMT_GOODS_PRICE_d_AMT_CREDIT_diff_min,264.57322883605957,24,0.6285963485206778,0.5747319745522184
9,f104_nyg_low_normal_DAYS_LAST_DUE_1ST_VERSION_d_app_DAYS_BIRTH_max,152.55732250213623,14,0.6285963485206778,0.5747319745522184
9,f104_nyg_low_normal_AMT_CREDIT_d_AMT_APPLICATION_max,95.11533069610596,7,0.6285963485206778,0.5747319745522184
9,f104_nyg_low_normal_DAYS_FIRST_DUE_d_app_DAYS_LAST_PHONE_CHANGE_min,107.5170202255249,15,0.6285963485206778,0.5747319745522184
9,f104_nyg_low_normal_DAYS_FIRST_DUE_d_app_DAYS_LAST_PHONE_CHANGE_mean,145.07290935516357,16,0.6285963485206778,0.5747319745522184
9,f104_nyg_low_normal_AMT_GOODS_PRICE_d_total_debt_pctchange_max,133.5527777671814,11,0.6285963485206778,0.5747319745522184
9,f104_nyg_low_action_total_debt_pctchange_mean,39.545799255371094,4,0.6285963485206778,0.5747319745522184
9,f104_nyg_low_normal_DAYS_DECISION_s_app_DAYS_REGISTRATION_max,202.64895009994507,20,0.6285963485206778,0.5747319745522184
9,f104_nyg_low_normal_AMT_ANNUITY_s_app_AMT_ANNUITY_d_app_AMT_INCOME_TOTAL_mean,72.35116052627563,8,0.6285963485206778,0.5747319745522184
9,f104_nyg_low_normal_AMT_ANNUITY_s_app_AMT_ANNUITY_max,141.76037895679474,16,0.6285963485206778,0.5747319745522184
9,f104_nyg_low_normal_DAYS_DECISION_d_app_DAYS_BIRTH_max,64.03228092193604,7,0.6285963485206778,0.5747319745522184
9,f104_nyg_low_normal_AMT_ANNUITY_d_app_AMT_CREDIT_min,100.63303065299988,8,0.6285963485206778,0.5747319745522184
9,f104_nyg_low_normal_DAYS_FIRST_DUE_s_app_DAYS_ID_PUBLISH_max,100.50151920318604,10,0.6285963485206778,0.5747319745522184
9,f104_nyg_low_normal_DAYS_DECISION_s_app_DAYS_ID_PUBLISH_mean,53.1939492225647,6,0.6285963485206778,0.5747319745522184
9,f104_nyg_low_normal_AMT_CREDIT_d_AMT_ANNUITY_mean,83.78099918365479,7,0.6285963485206778,0.5747319745522184
9,f104_nyg_low_normal_DAYS_DECISION_d_app_DAYS_EMPLOYED_min,143.4403796195984,14,0.6285963485206778,0.5747319745522184
9,f104_nyg_low_normal_DAYS_DECISION_d_app_DAYS_LAST_PHONE_CHANGE_max,121.15929985046387,14,0.6285963485206778,0.5747319745522184
9,f104_nyg_low_normal_AMT_GOODS_PRICE_d_total_debt_diff_mean,168.76644945144653,17,0.6285963485206778,0.5747319745522184
9,f104_nyg_low_normal_DAYS_DECISION_s_app_DAYS_BIRTH_max,80.69684958457947,10,0.6285963485206778,0.5747319745522184
9,f104_nyg_low_normal_AMT_ANNUITY_d_app_AMT_CREDIT_mean,167.6120400428772,15,0.6285963485206778,0.5747319745522184
9,f104_nyg_low_normal_DAYS_LAST_DUE_d_app_DAYS_BIRTH_max,68.37792956829071,6,0.6285963485206778,0.5747319745522184
9,f104_nyg_low_normal_DAYS_LAST_DUE_s_app_DAYS_LAST_PHONE_CHANGE_min,58.98754072189331,6,0.6285963485206778,0.5747319745522184
9,f104_nyg_low_normal_AMT_GOODS_PRICE_d_total_debt_diff_max,193.50834941864014,17,0.6285963485206778,0.5747319745522184
9,f104_nyg_low_normal_AMT_CREDIT_s_app_AMT_CREDIT_min,155.36438941955566,12,0.6285963485206778,0.5747319745522184
9,f104_nyg_low_normal_AMT_APPLICATION_s_app_AMT_GOODS_PRICE_min,111.83746993541718,13,0.6285963485206778,0.5747319745522184
9,f104_nyg_low_normal_DAYS_LAST_DUE_1ST_VERSION_s_app_DAYS_REGISTRATION_mean,139.61547088623047,15,0.6285963485206778,0.5747319745522184
9,f104_nyg_low_normal_AMT_GOODS_PRICE_d_AMT_ANNUITY_min,55.635539531707764,7,0.6285963485206778,0.5747319745522184
9,f104_nyg_low_normal_AMT_GOODS_PRICE_d_AMT_ANNUITY_max,79.135856539011,9,0.6285963485206778,0.5747319745522184
9,f104_nyg_low_normal_AMT_CREDIT_s_app_AMT_GOODS_PRICE_mean,79.89969062805176,8,0.6285963485206778,0.5747319745522184
9,f104_nyg_low_normal_AMT_GOODS_PRICE_d_AMT_ANNUITY_mean,53.86746025085449,6,0.6285963485206778,0.5747319745522184
9,f104_nyg_low_normal_DAYS_LAST_DUE_s_app_DAYS_ID_PUBLISH_max,94.404261469841,10,0.6285963485206778,0.5747319745522184
9,f104_nyg_low_normal_AMT_ANNUITY_d_app_AMT_ANNUITY_diff_max,194.7955757379532,24,0.6285963485206778,0.5747319745522184
9,f104_nyg_low_normal_AMT_CREDIT_d_AMT_APPLICATION_mean,124.81931161880493,13,0.6285963485206778,0.5747319745522184
9,f104_nyg_low_normal_AMT_GOODS_PRICE_d_AMT_CREDIT_mean,77.75041103363037,8,0.6285963485206778,0.5747319745522184
9,f104_nyg_low_normal_AMT_CREDIT_s_app_AMT_ANNUITY_pctchange_max,19.164499282836914,1,0.6285963485206778,0.5747319745522184
9,f104_nyg_low_normal_DAYS_DECISION_s_app_DAYS_BIRTH_mean,136.81610941886902,13,0.6285963485206778,0.5747319745522184
9,f104_nyg_low_normal_DAYS_TERMINATION_s_DAYS_LAST_DUE_1ST_VERSION_mean,47.661619901657104,6,0.6285963485206778,0.5747319745522184
9,f104_nyg_low_normal_DAYS_LAST_DUE_1ST_VERSION_s_app_DAYS_REGISTRATION_max,91.97209978103638,9,0.6285963485206778,0.5747319745522184
9,f104_nyg_low_normal_AMT_ANNUITY_s_app_AMT_ANNUITY_d_app_AMT_INCOME_TOTAL_max,51.61285996437073,7,0.6285963485206778,0.5747319745522184
9,f104_nyg_low_normal_DAYS_TERMINATION_d_app_DAYS_BIRTH_mean,35.530720233917236,4,0.6285963485206778,0.5747319745522184
9,f104_nyg_low_normal_AMT_ANNUITY_d_app_AMT_INCOME_TOTAL_diff_mean,85.46268057823181,12,0.6285963485206778,0.5747319745522184
9,f104_nyg_low_normal_AMT_ANNUITY_d_app_AMT_INCOME_TOTAL_diff_max,137.81097042560577,18,0.6285963485206778,0.5747319745522184
9,f104_nyg_low_normal_AMT_GOODS_PRICE_d_total_debt_pctchange_mean,159.5667905807495,15,0.6285963485206778,0.5747319745522184
9,f104_nyg_low_normal_DAYS_DECISION_s_app_DAYS_LAST_PHONE_CHANGE_max,38.881449699401855,4,0.6285963485206778,0.5747319745522184
9,f104_nyg_low_normal_AMT_GOODS_PRICE_d_AMT_CREDIT_min,43.1653995513916,3,0.6285963485206778,0.5747319745522184
9,f104_nyg_low_normal_NAME_TYPE_SUITE_Unaccompanied_mean,89.61441993713379,7,0.6285963485206778,0.5747319745522184
9,f104_nyg_low_normal_DAYS_FIRST_DUE_d_app_DAYS_BIRTH_min,45.480860233306885,5,0.6285963485206778,0.5747319745522184
9,f104_nyg_low_normal_AMT_CREDIT_d_AMT_APPLICATION_pctchange_mean,140.4514943510294,14,0.6285963485206778,0.5747319745522184
9,f104_nyg_low_normal_AMT_ANNUITY_s_app_AMT_ANNUITY_d_app_AMT_INCOME_TOTAL_min,94.94440007209778,12,0.6285963485206778,0.5747319745522184
9,f104_nyg_low_normal_AMT_ANNUITY_d_app_AMT_ANNUITY_pctchange_max,244.35609030723572,26,0.6285963485206778,0.5747319745522184
9,f104_nyg_low_normal_DAYS_DECISION_d_app_DAYS_LAST_PHONE_CHANGE_min,63.072880029678345,8,0.6285963485206778,0.5747319745522184
9,f104_nyg_low_normal_DAYS_LAST_DUE_d_app_DAYS_EMPLOYED_mean,29.780520915985107,4,0.6285963485206778,0.5747319745522184
9,f104_nyg_low_normal_DAYS_LAST_DUE_1ST_VERSION_s_app_DAYS_ID_PUBLISH_mean,25.76929998397827,3,0.6285963485206778,0.5747319745522184
9,f104_nyg_low_normal_DAYS_LAST_DUE_1ST_VERSION_s_app_DAYS_EMPLOYED_max,130.22918236255646,13,0.6285963485206778,0.5747319745522184
9,f104_nyg_low_normal_DAYS_FIRST_DUE_d_app_DAYS_BIRTH_max,68.4935302734375,8,0.6285963485206778,0.5747319745522184
9,f104_nyg_low_normal_DAYS_DECISION_s_app_DAYS_ID_PUBLISH_min,62.78148937225342,5,0.6285963485206778,0.5747319745522184
9,f104_nyg_low_normal_NAME_CLIENT_TYPE_New_mean,17.446060180664062,2,0.6285963485206778,0.5747319745522184
9,f104_nyg_low_normal_DAYS_TERMINATION_d_app_DAYS_BIRTH_max,50.49318075180054,5,0.6285963485206778,0.5747319745522184
9,f104_nyg_low_normal_DAYS_LAST_DUE_d_app_DAYS_BIRTH_min,51.52483034133911,6,0.6285963485206778,0.5747319745522184
9,f104_nyg_low_normal_DAYS_LAST_DUE_s_app_DAYS_REGISTRATION_min,116.59542989730835,12,0.6285963485206778,0.5747319745522184
9,f104_nyg_low_normal_AMT_ANNUITY_d_app_AMT_ANNUITY_pctchange_min,110.6455307006836,12,0.6285963485206778,0.5747319745522184
9,f104_nyg_low_normal_AMT_CREDIT_d_AMT_APPLICATION_pctchange_min,148.8649001121521,16,0.6285963485206778,0.5747319745522184
9,f104_nyg_low_normal_DAYS_LAST_DUE_1ST_VERSION_s_app_DAYS_ID_PUBLISH_min,68.52340936660767,8,0.6285963485206778,0.5747319745522184
9,f104_nyg_low_normal_DAYS_LAST_DUE_d_app_DAYS_BIRTH_mean,30.321939945220947,4,0.6285963485206778,0.5747319745522184
9,f104_nyg_low_normal_AMT_GOODS_PRICE_d_AMT_CREDIT_max,94.11361026763916,10,0.6285963485206778,0.5747319745522184
9,f104_nyg_low_normal_DAYS_TERMINATION_s_app_DAYS_LAST_PHONE_CHANGE_mean,23.745699882507324,2,0.6285963485206778,0.5747319745522184
9,f104_nyg_low_normal_DAYS_TERMINATION_s_app_DAYS_LAST_PHONE_CHANGE_max,31.81024980545044,4,0.6285963485206778,0.5747319745522184
10,f104_nyg_low_normal_DAYS_TERMINATION_s_DAYS_LAST_DUE_1ST_VERSION_min,95.23340034484863,7,0.8371137355751599,0.7674397411010263
10,f104_nyg_low_normal_DAYS_LAST_DUE_s_app_DAYS_EMPLOYED_mean,150.62459135055542,13,0.8371137355751599,0.7674397411010263
10,f104_nyg_low_normal_DAYS_DECISION_s_app_DAYS_LAST_PHONE_CHANGE_mean,38.8435001373291,3,0.8371137355751599,0.7674397411010263
10,f104_nyg_low_normal_DAYS_LAST_DUE_1ST_VERSION_s_DAYS_DECISIONS_max,94.97123098373413,9,0.8371137355751599,0.7674397411010263
10,f104_nyg_low_normal_AMT_GOODS_PRICE_d_AMT_CREDIT_diff_mean,309.7271099090576,26,0.8371137355751599,0.7674397411010263
10,f104_nyg_low_normal_DAYS_TERMINATION_d_app_DAYS_BIRTH_min,75.70779085159302,7,0.8371137355751599,0.7674397411010263
10,f104_nyg_low_normal_DAYS_DECISION_s_app_DAYS_BIRTH_min,143.52600979804993,11,0.8371137355751599,0.7674397411010263
10,f104_nyg_low_normal_DAYS_TERMINATION_s_app_DAYS_EMPLOYED_min,39.2785005569458,3,0.8371137355751599,0.7674397411010263
10,f104_nyg_low_normal_DAYS_TERMINATION_s_app_DAYS_LAST_PHONE_CHANGE_min,105.32759940624237,10,0.8371137355751599,0.7674397411010263
10,f104_nyg_low_normal_DAYS_FIRST_DUE_s_app_DAYS_REGISTRATION_max,303.3601884841919,25,0.8371137355751599,0.7674397411010263
10,f104_nyg_low_normal_DAYS_LAST_DUE_1ST_VERSION_s_app_DAYS_BIRTH_min,127.11397075653076,10,0.8371137355751599,0.7674397411010263
10,f104_nyg_low_normal_DAYS_FIRST_DUE_s_app_DAYS_ID_PUBLISH_min,151.99591040611267,14,0.8371137355751599,0.7674397411010263
10,f104_nyg_middle_AMT_GOODS_PRICE_d_total_debt_max,243.41484832763672,17,0.8371137355751599,0.7674397411010263
10,f104_nyg_low_normal_amt_paid_sum,141.6881799697876,13,0.8371137355751599,0.7674397411010263
10,f104_nyg_middle_AMT_GOODS_PRICE_d_total_debt_mean,404.4250898361206,25,0.8371137355751599,0.7674397411010263
10,f104_nyg_middle_AMT_GOODS_PRICE_d_total_debt_min,445.46339225769043,27,0.8371137355751599,0.7674397411010263
10,f104_nyg_middle_AMT_CREDIT_d_total_debt_min,302.96316146850586,19,0.8371137355751599,0.7674397411010263
10,f104_nyg_middle_DAYS_FIRST_DUE_d_app_DAYS_EMPLOYED_min,50.82610034942627,5,0.8371137355751599,0.7674397411010263
10,f104_nyg_middle_DAYS_DECISION_d_app_DAYS_EMPLOYED_max,29.991270065307617,3,0.8371137355751599,0.7674397411010263
10,f104_nyg_low_normal_AMT_ANNUITY_d_app_AMT_GOODS_PRICE_diff_max,290.2650499343872,22,0.8371137355751599,0.7674397411010263
10,f104_nyg_middle_AMT_CREDIT_d_total_debt_mean,412.8041501045227,24,0.8371137355751599,0.7674397411010263
10,f104_refused_AMT_ANNUITY_s_app_AMT_ANNUITY_d_app_AMT_INCOME_TOTAL_min,81.55739879608154,6,0.8371137355751599,0.7674397411010263
10,f104_nyg_middle_AMT_ANNUITY_d_app_AMT_ANNUITY_max,157.2880415916443,15,0.8371137355751599,0.7674397411010263
10,f104_nyg_middle_DAYS_FIRST_DUE_d_app_DAYS_EMPLOYED_max,52.99363994598389,5,0.8371137355751599,0.7674397411010263
10,f104_nyg_middle_DAYS_DECISION_d_app_DAYS_EMPLOYED_mean,60.545701026916504,4,0.8371137355751599,0.7674397411010263
10,f104_nyg_middle_DAYS_TERMINATION_s_DAYS_LAST_DUE_1ST_VERSION_max,149.6890013217926,13,0.8371137355751599,0.7674397411010263
10,f104_nyg_middle_AMT_ANNUITY_d_app_AMT_ANNUITY_min,125.95185041427612,10,0.8371137355751599,0.7674397411010263
10,f104_nyg_middle_AMT_CREDIT_d_total_debt_diff_min,113.7248306274414,11,0.8371137355751599,0.7674397411010263
10,f104_nyg_low_normal_interest_rate_diff_max,124.69567060470581,11,0.8371137355751599,0.7674397411010263
10,f104_nyg_middle_DAYS_TERMINATION_s_DAYS_LAST_DUE_1ST_VERSION_min,385.9933080673218,29,0.8371137355751599,0.7674397411010263
10,f104_nyg_middle_DAYS_TERMINATION_s_DAYS_LAST_DUE_1ST_VERSION_mean,205.717942237854,15,0.8371137355751599,0.7674397411010263
10,f104_nyg_low_normal_interest_rate_diff_min,65.56704926490784,7,0.8371137355751599,0.7674397411010263
10,f104_nyg_middle_AMT_GOODS_PRICE_d_AMT_ANNUITY_diff_max,149.68264198303223,13,0.8371137355751599,0.7674397411010263
10,f104_nyg_middle_total_debt_diff_max,85.50185966491699,10,0.8371137355751599,0.7674397411010263
10,f104_nyg_middle_AMT_CREDIT_d_AMT_APPLICATION_min,249.61901807785034,19,0.8371137355751599,0.7674397411010263
10,f104_nyg_middle_AMT_ANNUITY_s_app_AMT_ANNUITY_d_app_AMT_INCOME_TOTAL_max,102.77449035644531,9,0.8371137355751599,0.7674397411010263
10,f104_nyg_low_normal_total_debt_max,269.21488189697266,21,0.8371137355751599,0.7674397411010263
10,f104_nyg_low_normal_cnt_paid_min,19.669469833374023,2,0.8371137355751599,0.7674397411010263
10,f104_refused_AMT_ANNUITY_s_app_AMT_ANNUITY_d_app_AMT_INCOME_TOTAL_max,152.53240966796875,10,0.8371137355751599,0.7674397411010263
10,f104_nyg_middle_AMT_CREDIT_d_AMT_ANNUITY_diff_max,169.1684576869011,15,0.8371137355751599,0.7674397411010263
10,f104_nyg_low_normal_total_debt_mean,293.9551692008972,24,0.8371137355751599,0.7674397411010263
10,f104_nyg_middle_AMT_GOODS_PRICE_d_AMT_CREDIT_mean,256.80157828330994,21,0.8371137355751599,0.7674397411010263
10,f104_nyg_middle_AMT_ANNUITY_s_app_AMT_ANNUITY_d_app_AMT_INCOME_TOTAL_mean,170.558500289917,12,0.8371137355751599,0.7674397411010263
10,f104_nyg_middle_AMT_CREDIT_d_AMT_ANNUITY_mean,37.662400245666504,3,0.8371137355751599,0.7674397411010263
10,f104_refused_AMT_ANNUITY_s_app_AMT_ANNUITY_d_app_AMT_INCOME_TOTAL_mean,56.82369899749756,4,0.8371137355751599,0.7674397411010263
10,f104_nyg_middle_DAYS_DECISION_d_app_DAYS_EMPLOYED_min,116.19987964630127,9,0.8371137355751599,0.7674397411010263
10,f104_nyg_middle_AMT_CREDIT_s_app_AMT_ANNUITY_diff_max,126.04662990570068,11,0.8371137355751599,0.7674397411010263
10,f104_nyg_middle_total_debt_mean,182.96940231323242,10,0.8371137355751599,0.7674397411010263
10,f104_nyg_middle_AMT_CREDIT_s_app_AMT_CREDIT_max,114.7217493057251,9,0.8371137355751599,0.7674397411010263
10,f104_refused_AMT_ANNUITY_d_app_AMT_CREDIT_mean,50.69129943847656,4,0.8371137355751599,0.7674397411010263
10,f104_nyg_low_normal_interest_rate_diff_mean,41.142629623413086,4,0.8371137355751599,0.7674397411010263
10,f104_nyg_middle_AMT_ANNUITY_s_app_AMT_ANNUITY_d_app_AMT_INCOME_TOTAL_min,216.6381916999817,18,0.8371137355751599,0.7674397411010263
10,f104_nyg_middle_DAYS_LAST_DUE_s_app_DAYS_LAST_PHONE_CHANGE_max,57.549889087677,6,0.8371137355751599,0.7674397411010263
10,f104_nyg_middle_AMT_CREDIT_d_AMT_APPLICATION_max,351.92543935775757,26,0.8371137355751599,0.7674397411010263
10,f104_nyg_middle_AMT_ANNUITY_d_app_AMT_CREDIT_max,171.18462944030762,16,0.8371137355751599,0.7674397411010263
10,f104_nyg_middle_AMT_CREDIT_s_app_AMT_CREDIT_mean,78.39664030075073,7,0.8371137355751599,0.7674397411010263
10,f104_nyg_middle_DAYS_DECISION_s_app_DAYS_LAST_PHONE_CHANGE_max,112.84072971343994,9,0.8371137355751599,0.7674397411010263
10,f104_nyg_middle_AMT_CREDIT_d_total_debt_pctchange_min,140.74645948410034,11,0.8371137355751599,0.7674397411010263
10,f104_refused_AMT_ANNUITY_d_app_AMT_CREDIT_min,10.499500274658203,1,0.8371137355751599,0.7674397411010263
10,f104_refused_AMT_ANNUITY_d_app_AMT_CREDIT_max,0.0,0,0.8371137355751599,0.7674397411010263
10,f104_nyg_middle_total_debt_min,102.55571985244751,9,0.8371137355751599,0.7674397411010263
10,f104_nyg_middle_DAYS_DECISION_d_app_DAYS_BIRTH_mean,318.56803035736084,27,0.8371137355751599,0.7674397411010263
10,f104_nyg_middle_AMT_CREDIT_d_total_debt_max,164.8774118423462,13,0.8371137355751599,0.7674397411010263
10,f104_nyg_middle_DAYS_TERMINATION_s_app_DAYS_LAST_PHONE_CHANGE_min,96.30187034606934,8,0.8371137355751599,0.7674397411010263
10,f104_refused_AMT_ANNUITY_d_app_AMT_GOODS_PRICE_max,24.189499855041504,2,0.8371137355751599,0.7674397411010263
10,f104_nyg_middle_DAYS_LAST_DUE_s_app_DAYS_LAST_PHONE_CHANGE_min,64.01679992675781,5,0.8371137355751599,0.7674397411010263
10,f104_nyg_middle_AMT_ANNUITY_d_app_AMT_GOODS_PRICE_mean,55.673330307006836,5,0.8371137355751599,0.7674397411010263
10,f104_nyg_middle_DAYS_FIRST_DUE_d_app_DAYS_BIRTH_mean,113.37987065315247,11,0.8371137355751599,0.7674397411010263
10,f104_nyg_middle_DAYS_LAST_DUE_1ST_VERSION_s_app_DAYS_ID_PUBLISH_max,348.50793075561523,30,0.8371137355751599,0.7674397411010263
10,f104_nyg_low_normal_amt_unpaid_min,102.03892993927002,7,0.8371137355751599,0.7674397411010263
10,f104_refused_AMT_ANNUITY_d_app_AMT_INCOME_TOTAL_min,63.198609352111816,6,0.8371137355751599,0.7674397411010263
10,f104_nyg_low_normal_total_debt_min,195.299729347229,15,0.8371137355751599,0.7674397411010263
10,f104_refused_AMT_ANNUITY_d_app_AMT_ANNUITY_mean,35.707200050354004,3,0.8371137355751599,0.7674397411010263
10,f104_nyg_middle_AMT_ANNUITY_d_app_AMT_ANNUITY_mean,31.051510334014893,4,0.8371137355751599,0.7674397411010263
10,f104_nyg_middle_DAYS_DECISION_s_app_DAYS_BIRTH_max,12.655400276184082,1,0.8371137355751599,0.7674397411010263
10,f104_nyg_middle_DAYS_FIRST_DUE_d_app_DAYS_EMPLOYED_mean,75.7178602218628,7,0.8371137355751599,0.7674397411010263
10,f104_nyg_middle_DAYS_LAST_DUE_1ST_VERSION_s_app_DAYS_EMPLOYED_max,133.10988998413086,12,0.8371137355751599,0.7674397411010263
10,f104_nyg_middle_AMT_CREDIT_d_app_AMT_INCOME_TOTAL_diff_max,115.79780960083008,9,0.8371137355751599,0.7674397411010263
10,f104_refused_AMT_ANNUITY_max,58.04842948913574,5,0.8371137355751599,0.7674397411010263
10,f104_nyg_middle_AMT_CREDIT_s_app_AMT_GOODS_PRICE_max,86.3705506324768,7,0.8371137355751599,0.7674397411010263
10,f104_nyg_low_normal_cnt_paid_ratio_max,11.035200119018555,1,0.8371137355751599,0.7674397411010263
10,f104_nyg_middle_DAYS_FIRST_DUE_s_app_DAYS_LAST_PHONE_CHANGE_max,23.426810264587402,2,0.8371137355751599,0.7674397411010263
10,f104_nyg_middle_DAYS_FIRST_DUE_s_app_DAYS_LAST_PHONE_CHANGE_min,58.993401527404785,4,0.8371137355751599,0.7674397411010263
10,f104_refused_AMT_ANNUITY_mean,20.13389015197754,2,0.8371137355751599,0.7674397411010263
10,f104_nyg_middle_AMT_GOODS_PRICE_d_AMT_ANNUITY_max,84.23913860321045,5,0.8371137355751599,0.7674397411010263
10,f104_nyg_middle_AMT_CREDIT_s_app_AMT_GOODS_PRICE_min,114.19227027893066,10,0.8371137355751599,0.7674397411010263
10,f104_nyg_middle_total_debt_max,117.42715072631836,9,0.8371137355751599,0.7674397411010263
10,f104_nyg_middle_DAYS_TERMINATION_s_app_DAYS_LAST_PHONE_CHANGE_max,18.213080406188965,2,0.8371137355751599,0.7674397411010263
10,f104_nyg_middle_AMT_CREDIT_d_AMT_ANNUITY_max,149.02570247650146,10,0.8371137355751599,0.7674397411010263
10,f104_nyg_middle_AMT_APPLICATION_s_app_AMT_GOODS_PRICE_min,115.40022134780884,10,0.8371137355751599,0.7674397411010263
10,f104_nyg_middle_DAYS_FIRST_DUE_d_app_DAYS_BIRTH_max,142.82511031627655,12,0.8371137355751599,0.7674397411010263
10,f104_nyg_middle_NAME_CLIENT_TYPE_New_mean,25.07569980621338,2,0.8371137355751599,0.7674397411010263
10,f104_nyg_middle_DAYS_LAST_DUE_d_app_DAYS_BIRTH_max,79.5879807472229,7,0.8371137355751599,0.7674397411010263
10,f104_nyg_middle_DAYS_TERMINATION_d_app_DAYS_ID_PUBLISH_min,148.52215814590454,14,0.8371137355751599,0.7674397411010263
10,f104_nyg_middle_DAYS_FIRST_DUE_d_app_DAYS_ID_PUBLISH_min,147.74763202667236,12,0.8371137355751599,0.7674397411010263
10,f104_nyg_middle_AMT_ANNUITY_d_app_AMT_CREDIT_mean,129.0904517173767,11,0.8371137355751599,0.7674397411010263
10,f104_nyg_middle_AMT_ANNUITY_d_app_AMT_CREDIT_min,174.13194847106934,15,0.8371137355751599,0.7674397411010263
10,f104_nyg_middle_DAYS_DECISION_s_app_DAYS_LAST_PHONE_CHANGE_mean,31.16396939754486,4,0.8371137355751599,0.7674397411010263
10,f104_nyg_low_normal_amt_unpaid_mean,118.45254898071289,9,0.8371137355751599,0.7674397411010263
10,f104_nyg_middle_DAYS_LAST_DUE_1ST_VERSION_d_app_DAYS_ID_PUBLISH_min,237.72455835342407,19,0.8371137355751599,0.7674397411010263
10,f104_nyg_middle_AMT_GOODS_PRICE_d_AMT_ANNUITY_min,39.691800117492676,3,0.8371137355751599,0.7674397411010263
10,f104_refused_AMT_ANNUITY_m_app_AMT_GOODS_PRICE_d_app_AMT_INCOME_TOTAL_pctchange_min,42.043999671936035,3,0.8371137355751599,0.7674397411010263
10,f104_refused_AMT_ANNUITY_s_app_AMT_ANNUITY_max,23.017300605773926,2,0.8371137355751599,0.7674397411010263
10,f104_nyg_middle_DAYS_DECISION_s_app_DAYS_ID_PUBLISH_max,117.58642959594727,12,0.8371137355751599,0.7674397411010263
10,f104_nyg_middle_DAYS_TERMINATION_d_app_DAYS_EMPLOYED_min,160.8260202407837,13,0.8371137355751599,0.7674397411010263
10,f104_nyg_low_normal_cnt_unpaid_mean,0.0,0,0.8371137355751599,0.7674397411010263
10,f104_nyg_middle_AMT_CREDIT_s_app_AMT_GOODS_PRICE_mean,146.79170036315918,10,0.8371137355751599,0.7674397411010263
10,f104_nyg_middle_DAYS_DECISION_s_app_DAYS_LAST_PHONE_CHANGE_min,21.58940029144287,2,0.8371137355751599,0.7674397411010263
10,f104_nyg_middle_DAYS_DECISION_d_app_DAYS_ID_PUBLISH_min,148.6312198638916,13,0.8371137355751599,0.7674397411010263
10,f104_nyg_middle_DAYS_LAST_DUE_d_app_DAYS_BIRTH_min,124.6014289855957,10,0.8371137355751599,0.7674397411010263
10,f104_nyg_middle_DAYS_DECISION_d_app_DAYS_ID_PUBLISH_max,87.63268089294434,8,0.8371137355751599,0.7674397411010263
10,f104_nyg_middle_AMT_GOODS_PRICE_d_AMT_ANNUITY_mean,108.03869247436523,8,0.8371137355751599,0.7674397411010263
10,f104_nyg_middle_DAYS_LAST_DUE_1ST_VERSION_d_app_DAYS_ID_PUBLISH_max,151.1235795021057,12,0.8371137355751599,0.7674397411010263
10,f104_nyg_middle_DAYS_DECISION_s_app_DAYS_BIRTH_mean,60.4268798828125,4,0.8371137355751599,0.7674397411010263
10,f104_nyg_middle_DAYS_DECISION_d_app_DAYS_BIRTH_min,106.25577068328857,9,0.8371137355751599,0.7674397411010263
10,f104_nyg_middle_DAYS_DECISION_s_app_DAYS_ID_PUBLISH_min,157.8373794555664,12,0.8371137355751599,0.7674397411010263
10,f104_nyg_middle_DAYS_LAST_DUE_1ST_VERSION_s_app_DAYS_REGISTRATION_mean,218.25718212127686,18,0.8371137355751599,0.7674397411010263
10,f104_nyg_middle_AMT_CREDIT_d_AMT_ANNUITY_min,141.50385904312134,12,0.8371137355751599,0.7674397411010263
10,f104_nyg_middle_DAYS_TERMINATION_d_app_DAYS_EMPLOYED_max,163.37230253219604,15,0.8371137355751599,0.7674397411010263
10,f104_refused_AMT_ANNUITY_d_app_AMT_GOODS_PRICE_mean,23.41660976409912,2,0.8371137355751599,0.7674397411010263
10,f104_nyg_middle_AMT_CREDIT_d_AMT_APPLICATION_mean,169.836012840271,14,0.8371137355751599,0.7674397411010263
10,f104_nyg_middle_DAYS_LAST_DUE_1ST_VERSION_s_app_DAYS_BIRTH_max,64.8119010925293,5,0.8371137355751599,0.7674397411010263
10,f104_nyg_middle_DAYS_LAST_DUE_1ST_VERSION_s_app_DAYS_EMPLOYED_min,84.26617956161499,8,0.8371137355751599,0.7674397411010263
10,f104_nyg_middle_AMT_ANNUITY_d_app_AMT_GOODS_PRICE_min,131.90933227539062,11,0.8371137355751599,0.7674397411010263
10,f104_nyg_middle_DAYS_TERMINATION_d_app_DAYS_BIRTH_mean,105.73394012451172,9,0.8371137355751599,0.7674397411010263
10,f104_nyg_middle_DAYS_FIRST_DUE_s_app_DAYS_LAST_PHONE_CHANGE_mean,40.48484992980957,4,0.8371137355751599,0.7674397411010263
10,f104_nyg_middle_AMT_APPLICATION_s_app_AMT_GOODS_PRICE_max,21.723899841308594,2,0.8371137355751599,0.7674397411010263
10,f104_nyg_middle_DAYS_TERMINATION_d_app_DAYS_BIRTH_min,61.67700004577637,5,0.8371137355751599,0.7674397411010263
10,f104_nyg_middle_AMT_GOODS_PRICE_d_AMT_CREDIT_max,70.30190086364746,6,0.8371137355751599,0.7674397411010263
10,f104_nyg_low_normal_cnt_paid_ratio_min,26.97130012512207,1,0.8371137355751599,0.7674397411010263
10,f104_nyg_middle_DAYS_TERMINATION_d_app_DAYS_BIRTH_max,63.22531986236572,6,0.8371137355751599,0.7674397411010263
10,f104_nyg_middle_DAYS_TERMINATION_s_app_DAYS_BIRTH_max,161.04881048202515,13,0.8371137355751599,0.7674397411010263
10,f104_nyg_middle_DAYS_TERMINATION_s_app_DAYS_EMPLOYED_max,93.26403045654297,9,0.8371137355751599,0.7674397411010263
10,f104_refused_AMT_GOODS_PRICE_d_AMT_CREDIT_min,41.051899909973145,3,0.8371137355751599,0.7674397411010263
10,f104_refused_DAYS_DECISION_s_app_DAYS_BIRTH_min,30.995640754699707,3,0.8371137355751599,0.7674397411010263
10,f104_refused_DAYS_DECISION_s_app_DAYS_BIRTH_mean,35.55240058898926,3,0.8371137355751599,0.7674397411010263
10,f104_refused_DAYS_DECISION_s_app_DAYS_BIRTH_max,69.11315870285034,5,0.8371137355751599,0.7674397411010263
10,f104_refused_AMT_CREDIT_d_AMT_APPLICATION_max,110.80820083618164,7,0.8371137355751599,0.7674397411010263
10,f104_refused_DAYS_DECISION_s_app_DAYS_EMPLOYED_max,74.77770042419434,6,0.8371137355751599,0.7674397411010263
10,f104_refused_DAYS_DECISION_s_app_DAYS_ID_PUBLISH_min,67.1879997253418,4,0.8371137355751599,0.7674397411010263
10,f104_refused_AMT_CREDIT_d_total_debt_min,34.96509075164795,3,0.8371137355751599,0.7674397411010263
10,f104_refused_AMT_CREDIT_d_AMT_APPLICATION_mean,132.5040512084961,6,0.8371137355751599,0.7674397411010263
10,f104_refused_AMT_ANNUITY_s_app_AMT_CREDIT_d_app_AMT_INCOME_TOTAL_pctchange_mean,32.12648010253906,3,0.8371137355751599,0.7674397411010263
10,f104_refused_AMT_ANNUITY_s_app_AMT_GOODS_PRICE_min,0.0,0,0.8371137355751599,0.7674397411010263
10,f104_refused_AMT_GOODS_PRICE_d_total_debt_mean,32.703829765319824,2,0.8371137355751599,0.7674397411010263
10,f104_refused_AMT_CREDIT_d_total_debt_max,91.03981113433838,6,0.8371137355751599,0.7674397411010263
10,f104_refused_AMT_GOODS_PRICE_d_AMT_ANNUITY_pctchange_mean,40.956910133361816,4,0.8371137355751599,0.7674397411010263
10,f104_refused_AMT_ANNUITY_s_app_AMT_GOODS_PRICE_max,12.303199768066406,1,0.8371137355751599,0.7674397411010263
10,f104_refused_DAYS_DECISION_s_app_DAYS_EMPLOYED_min,57.48666000366211,5,0.8371137355751599,0.7674397411010263
10,f104_refused_DAYS_DECISION_d_app_DAYS_BIRTH_min,31.21516990661621,3,0.8371137355751599,0.7674397411010263
10,f104_refused_AMT_APPLICATION_s_app_AMT_CREDIT_min,37.907999992370605,3,0.8371137355751599,0.7674397411010263
10,f104_refused_DAYS_DECISION_s_app_DAYS_LAST_PHONE_CHANGE_max,60.31303071975708,4,0.8371137355751599,0.7674397411010263
10,f104_refused_AMT_APPLICATION_s_app_AMT_ANNUITY_min,31.06619930267334,2,0.8371137355751599,0.7674397411010263
10,f104_refused_AMT_ANNUITY_s_app_AMT_GOODS_PRICE_mean,0.0,0,0.8371137355751599,0.7674397411010263
10,f104_refused_AMT_APPLICATION_s_app_AMT_CREDIT_d_app_AMT_INCOME_TOTAL_mean,35.519100189208984,2,0.8371137355751599,0.7674397411010263
10,f104_refused_DAYS_DECISION_s_app_DAYS_ID_PUBLISH_max,53.57540035247803,4,0.8371137355751599,0.7674397411010263
10,f104_refused_AMT_GOODS_PRICE_d_total_debt_min,65.02950859069824,5,0.8371137355751599,0.7674397411010263
10,f104_refused_AMT_CREDIT_s_app_AMT_ANNUITY_min,0.0,0,0.8371137355751599,0.7674397411010263
10,f104_refused_AMT_GOODS_PRICE_d_app_AMT_CREDIT_diff_std,106.78344249725342,8,0.8371137355751599,0.7674397411010263
10,f104_refused_AMT_APPLICATION_d_app_AMT_INCOME_TOTAL_diff_min,68.25069999694824,3,0.8371137355751599,0.7674397411010263
10,f104_refused_AMT_APPLICATION_s_app_AMT_CREDIT_pctchange_std_div_mean,0.0,0,0.8371137355751599,0.7674397411010263
10,f104_refused_AMT_CREDIT_d_AMT_APPLICATION_diff_mean,5.742030143737793,1,0.8371137355751599,0.7674397411010263
10,f104_refused_AMT_GOODS_PRICE_d_AMT_ANNUITY_std,15.79377031326294,2,0.8371137355751599,0.7674397411010263
10,f104_refused_AMT_GOODS_PRICE_s_app_AMT_CREDIT_d_app_AMT_INCOME_TOTAL_mean,16.072599411010742,1,0.8371137355751599,0.7674397411010263
10,f104_refused_DAYS_DECISION_d_app_DAYS_BIRTH_max,19.808670043945312,2,0.8371137355751599,0.7674397411010263
10,f104_refused_AMT_ANNUITY_s_app_AMT_CREDIT_pctchange_max,38.37018013000488,3,0.8371137355751599,0.7674397411010263
10,f104_refused_AMT_CREDIT_d_app_AMT_GOODS_PRICE_min,29.835598945617676,2,0.8371137355751599,0.7674397411010263
10,f104_refused_AMT_CREDIT_d_total_debt_diff_min,190.98921298980713,14,0.8371137355751599,0.7674397411010263
10,f104_refused_CNT_PAYMENT_mean,0.0,0,0.8371137355751599,0.7674397411010263
10,f104_refused_AMT_CREDIT_s_app_AMT_ANNUITY_diff_min,58.66200065612793,4,0.8371137355751599,0.7674397411010263
10,f104_refused_AMT_APPLICATION_s_app_AMT_CREDIT_d_app_AMT_INCOME_TOTAL_min,12.209799766540527,1,0.8371137355751599,0.7674397411010263
10,f104_refused_AMT_APPLICATION_s_app_AMT_ANNUITY_d_app_AMT_INCOME_TOTAL_std_div_mean,21.67770004272461,1,0.8371137355751599,0.7674397411010263
10,f104_refused_AMT_APPLICATION_d_app_AMT_INCOME_TOTAL_diff_mean,18.01414966583252,2,0.8371137355751599,0.7674397411010263
10,f104_refused_AMT_GOODS_PRICE_d_total_debt_pctchange_max,59.738600730895996,4,0.8371137355751599,0.7674397411010263
10,f104_refused_AMT_ANNUITY_s_app_AMT_CREDIT_pctchange_std,9.937959671020508,1,0.8371137355751599,0.7674397411010263
10,f104_refused_DAYS_DECISION_s_app_DAYS_LAST_PHONE_CHANGE_std_div_mean,0.0,0,0.8371137355751599,0.7674397411010263
10,f104_refused_AMT_CREDIT_d_total_debt_pctchange_max,36.05990028381348,3,0.8371137355751599,0.7674397411010263
10,f104_refused_AMT_CREDIT_s_app_AMT_ANNUITY_d_app_AMT_INCOME_TOTAL_pctchange_max,78.36521100997925,6,0.8371137355751599,0.7674397411010263
10,f104_refused_AMT_CREDIT_d_AMT_ANNUITY_diff_min,97.74982070922852,8,0.8371137355751599,0.7674397411010263
10,f104_refused_AMT_GOODS_PRICE_d_AMT_CREDIT_pctchange_min,22.770119667053223,2,0.8371137355751599,0.7674397411010263
10,f104_refused_AMT_GOODS_PRICE_d_app_AMT_GOODS_PRICE_mean,10.513500213623047,1,0.8371137355751599,0.7674397411010263
10,f104_refused_AMT_GOODS_PRICE_s_app_AMT_ANNUITY_mean,0.0,0,0.8371137355751599,0.7674397411010263
10,f104_refused_DAYS_DECISION_d_app_DAYS_BIRTH_max_div_min,0.0,0,0.8371137355751599,0.7674397411010263
10,f104_refused_AMT_GOODS_PRICE_d_app_AMT_INCOME_TOTAL_std,17.2814998626709,1,0.8371137355751599,0.7674397411010263
10,f104_refused_AMT_ANNUITY_s_app_AMT_CREDIT_d_app_AMT_INCOME_TOTAL_pctchange_min,55.92136001586914,5,0.8371137355751599,0.7674397411010263
10,f104_refused_AMT_ANNUITY_s_app_AMT_GOODS_PRICE_pctchange_mean,34.44873905181885,3,0.8371137355751599,0.7674397411010263
10,f104_refused_AMT_CREDIT_s_app_AMT_ANNUITY_d_app_AMT_INCOME_TOTAL_pctchange_std_div_mean,21.307700157165527,2,0.8371137355751599,0.7674397411010263
10,f104_refused_AMT_CREDIT_s_app_AMT_CREDIT_d_app_AMT_INCOME_TOTAL_min,18.543540000915527,2,0.8371137355751599,0.7674397411010263
10,f104_refused_AMT_APPLICATION_m_app_AMT_GOODS_PRICE_d_app_AMT_INCOME_TOTAL_min,19.54330062866211,1,0.8371137355751599,0.7674397411010263
10,f104_refused_AMT_GOODS_PRICE_d_app_AMT_ANNUITY_min,26.704500198364258,2,0.8371137355751599,0.7674397411010263
10,f104_refused_AMT_CREDIT_d_AMT_APPLICATION_diff_std,8.92477035522461,1,0.8371137355751599,0.7674397411010263
10,f104_refused_AMT_CREDIT_s_app_AMT_ANNUITY_mean,20.331300735473633,1,0.8371137355751599,0.7674397411010263
10,f104_refused_AMT_APPLICATION_s_app_AMT_INCOME_TOTAL_pctchange_mean,21.02705955505371,2,0.8371137355751599,0.7674397411010263
10,f104_refused_AMT_CREDIT_d_app_AMT_ANNUITY_mean,14.61989974975586,1,0.8371137355751599,0.7674397411010263
10,f104_refused_AMT_GOODS_PRICE_d_app_AMT_CREDIT_min,33.73869037628174,4,0.8371137355751599,0.7674397411010263
10,f104_refused_AMT_APPLICATION_d_app_AMT_GOODS_PRICE_min,52.7643985748291,2,0.8371137355751599,0.7674397411010263
10,f104_refused_AMT_ANNUITY_s_app_AMT_CREDIT_diff_min,16.385400772094727,1,0.8371137355751599,0.7674397411010263
10,f104_refused_AMT_CREDIT_d_AMT_ANNUITY_diff_std,7.229219913482666,1,0.8371137355751599,0.7674397411010263
10,f104_refused_AMT_CREDIT_d_app_AMT_CREDIT_min,0.0,0,0.8371137355751599,0.7674397411010263
10,f104_refused_AMT_GOODS_PRICE_d_app_AMT_ANNUITY_max,45.83449935913086,4,0.8371137355751599,0.7674397411010263
10,f104_refused_AMT_ANNUITY_s_app_AMT_GOODS_PRICE_pctchange_min,0.0,0,0.8371137355751599,0.7674397411010263
10,f104_refused_AMT_CREDIT_d_AMT_APPLICATION_pctchange_mean,34.47579002380371,3,0.8371137355751599,0.7674397411010263
10,f104_refused_AMT_GOODS_PRICE_d_app_AMT_GOODS_PRICE_min,9.507980346679688,1,0.8371137355751599,0.7674397411010263
10,f104_refused_CODE_REJECT_REASON_LIMIT_sum,46.938880920410156,4,0.8371137355751599,0.7674397411010263
10,f104_refused_AMT_CREDIT_d_app_AMT_INCOME_TOTAL_diff_std,20.144630432128906,2,0.8371137355751599,0.7674397411010263
10,f104_refused_AMT_GOODS_PRICE_m_app_AMT_GOODS_PRICE_d_app_AMT_INCOME_TOTAL_diff_min,38.671000480651855,3,0.8371137355751599,0.7674397411010263
10,f104_refused_AMT_GOODS_PRICE_d_AMT_ANNUITY_diff_min,31.617859840393066,3,0.8371137355751599,0.7674397411010263
10,f104_refused_AMT_CREDIT_s_app_AMT_ANNUITY_d_app_AMT_INCOME_TOTAL_pctchange_mean,38.42781925201416,3,0.8371137355751599,0.7674397411010263
10,f104_refused_DAYS_DECISION_d_app_DAYS_BIRTH_mean,54.74378001689911,7,0.8371137355751599,0.7674397411010263
10,f104_refused_AMT_GOODS_PRICE_d_total_debt_pctchange_min,95.5198802947998,8,0.8371137355751599,0.7674397411010263
10,f104_refused_AMT_ANNUITY_s_app_AMT_CREDIT_d_app_AMT_INCOME_TOTAL_std_div_mean,4.640270233154297,1,0.8371137355751599,0.7674397411010263
10,f104_refused_AMT_CREDIT_d_total_debt_mean,9.661849975585938,1,0.8371137355751599,0.7674397411010263
10,f104_refused_AMT_GOODS_PRICE_d_app_AMT_INCOME_TOTAL_min,14.520669937133789,2,0.8371137355751599,0.7674397411010263
10,f104_refused_AMT_CREDIT_m_app_AMT_GOODS_PRICE_d_app_AMT_INCOME_TOTAL_diff_min,39.3149995803833,3,0.8371137355751599,0.7674397411010263
10,f104_refused_AMT_GOODS_PRICE_s_app_AMT_INCOME_TOTAL_mean,13.757699966430664,1,0.8371137355751599,0.7674397411010263
10,f104_refused_AMT_APPLICATION_d_app_AMT_CREDIT_mean,48.60074043273926,4,0.8371137355751599,0.7674397411010263
10,f104_refused_AMT_APPLICATION_s_app_AMT_CREDIT_d_app_AMT_INCOME_TOTAL_diff_mean,34.52549076080322,3,0.8371137355751599,0.7674397411010263
10,f104_refused_AMT_ANNUITY_s_app_AMT_INCOME_TOTAL_diff_min,0.0,0,0.8371137355751599,0.7674397411010263
10,f104_refused_CNT_PAYMENT_max,0.0,0,0.8371137355751599,0.7674397411010263
10,f104_refused_AMT_CREDIT_s_app_AMT_ANNUITY_pctchange_max,19.786100387573242,2,0.8371137355751599,0.7674397411010263
10,f104_refused_AMT_CREDIT_d_AMT_APPLICATION_pctchange_max,20.639959812164307,2,0.8371137355751599,0.7674397411010263
10,f104_refused_AMT_APPLICATION_max,28.89919948577881,2,0.8371137355751599,0.7674397411010263
10,f104_refused_AMT_APPLICATION_d_app_AMT_ANNUITY_mean,15.83810043334961,1,0.8371137355751599,0.7674397411010263
10,f104_refused_AMT_ANNUITY_s_app_AMT_GOODS_PRICE_diff_mean,36.66057014465332,3,0.8371137355751599,0.7674397411010263
10,f104_refused_AMT_GOODS_PRICE_mean,0.0,0,0.8371137355751599,0.7674397411010263
10,f104_refused_AMT_ANNUITY_s_app_AMT_GOODS_PRICE_diff_min,0.0,0,0.8371137355751599,0.7674397411010263
10,f104_refused_AMT_GOODS_PRICE_d_AMT_ANNUITY_std_div_mean,8.500009536743164,1,0.8371137355751599,0.7674397411010263
10,f104_refused_AMT_CREDIT_m_app_AMT_GOODS_PRICE_d_app_AMT_INCOME_TOTAL_pctchange_max_div_min,23.67978000640869,2,0.8371137355751599,0.7674397411010263
10,f104_refused_AMT_CREDIT_d_total_debt_diff_max,8.36614990234375,1,0.8371137355751599,0.7674397411010263
10,f104_refused_AMT_CREDIT_d_AMT_APPLICATION_pctchange_max_div_min,10.262800216674805,1,0.8371137355751599,0.7674397411010263
10,f104_refused_AMT_APPLICATION_m_app_AMT_GOODS_PRICE_d_app_AMT_INCOME_TOTAL_pctchange_std,30.42813014984131,3,0.8371137355751599,0.7674397411010263
10,f104_refused_DAYS_DECISION_s_app_DAYS_LAST_PHONE_CHANGE_mean,119.30400085449219,7,0.8371137355751599,0.7674397411010263
10,f104_refused_AMT_CREDIT_s_app_AMT_ANNUITY_d_app_AMT_INCOME_TOTAL_diff_min,22.23196029663086,2,0.8371137355751599,0.7674397411010263
10,f104_refused_AMT_APPLICATION_s_app_AMT_CREDIT_d_app_AMT_INCOME_TOTAL_diff_min,9.098560333251953,1,0.8371137355751599,0.7674397411010263
10,f104_refused_AMT_APPLICATION_s_app_AMT_ANNUITY_d_app_AMT_INCOME_TOTAL_min,32.04440927505493,3,0.8371137355751599,0.7674397411010263
10,f104_refused_AMT_APPLICATION_s_app_AMT_INCOME_TOTAL_min,43.032700538635254,3,0.8371137355751599,0.7674397411010263
10,f104_refused_AMT_CREDIT_s_app_AMT_INCOME_TOTAL_min,25.99849033355713,2,0.8371137355751599,0.7674397411010263
10,f104_refused_AMT_GOODS_PRICE_s_app_AMT_INCOME_TOTAL_pctchange_mean,83.83000993728638,7,0.8371137355751599,0.7674397411010263
10,f104_refused_DAYS_DECISION_s_app_DAYS_EMPLOYED_mean,69.91870021820068,5,0.8371137355751599,0.7674397411010263
10,f104_refused_AMT_CREDIT_d_app_AMT_CREDIT_mean,38.10149955749512,3,0.8371137355751599,0.7674397411010263
10,f104_refused_AMT_CREDIT_d_total_debt_pctchange_std,12.337499618530273,1,0.8371137355751599,0.7674397411010263
10,f104_refused_AMT_APPLICATION_s_app_AMT_ANNUITY_max,21.905849933624268,2,0.8371137355751599,0.7674397411010263
10,f104_refused_DAYS_DECISION_s_app_DAYS_LAST_PHONE_CHANGE_min,103.30921077728271,9,0.8371137355751599,0.7674397411010263
10,f104_refused_AMT_APPLICATION_s_app_AMT_ANNUITY_mean,10.114299774169922,1,0.8371137355751599,0.7674397411010263
10,f104_refused_AMT_CREDIT_d_app_AMT_ANNUITY_max_div_min,0.0,0,0.8371137355751599,0.7674397411010263
10,f104_refused_AMT_ANNUITY_s_app_AMT_INCOME_TOTAL_pctchange_max,18.379260063171387,2,0.8371137355751599,0.7674397411010263
10,f104_refused_interest_rate_diff_min,27.491470336914062,3,0.8371137355751599,0.7674397411010263
10,f104_refused_total_debt_min,41.669400215148926,2,0.8371137355751599,0.7674397411010263
10,f104_refused_AMT_APPLICATION_d_app_AMT_INCOME_TOTAL_min,26.924399375915527,2,0.8371137355751599,0.7674397411010263
10,f104_refused_AMT_GOODS_PRICE_d_total_debt_max,76.50247001647949,6,0.8371137355751599,0.7674397411010263
10,f104_refused_HOUR_APPR_PROCESS_START_mean,16.101970434188843,2,0.8371137355751599,0.7674397411010263
10,f104_refused_interest_rate_diff_mean,109.36700868606567,8,0.8371137355751599,0.7674397411010263
10,f104_refused_RATE_DOWN_PAYMENT_max,61.758700370788574,3,0.8371137355751599,0.7674397411010263
10,f104_refused_total_debt_diff_min,52.82447052001953,4,0.8371137355751599,0.7674397411010263
10,f104_refused_RATE_DOWN_PAYMENT_mean,73.65987968444824,6,0.8371137355751599,0.7674397411010263
10,f104_refused_SELLERPLACE_AREA_std_div_mean,0.0,0,0.8371137355751599,0.7674397411010263
10,f104_refused_HOUR_APPR_PROCESS_START_min,25.29199981689453,2,0.8371137355751599,0.7674397411010263
10,f104_refused_NAME_CLIENT_TYPE_New_mean,0.0,0,0.8371137355751599,0.7674397411010263
10,f104_refused_total_debt_std_div_mean,12.725299835205078,1,0.8371137355751599,0.7674397411010263
10,f104_refused_NAME_CLIENT_TYPE_Refreshed_mean,19.18175983428955,2,0.8371137355751599,0.7674397411010263
10,f104_refused_NAME_PRODUCT_TYPE_walk_in_sum,18.344600677490234,1,0.8371137355751599,0.7674397411010263
10,f104_refused_NAME_YIELD_GROUP_high_mean,17.540800094604492,1,0.8371137355751599,0.7674397411010263
10,f104_refused_interest_rate_std_div_mean,0.0,0,0.8371137355751599,0.7674397411010263
10,f104_refused_HOUR_APPR_PROCESS_START_max,9.140640258789062,1,0.8371137355751599,0.7674397411010263
10,f104_refused_interest_rate_pctchange_std,0.0,0,0.8371137355751599,0.7674397411010263
10,f104_refused_NAME_PRODUCT_TYPE_walk_in_mean,37.24893093109131,3,0.8371137355751599,0.7674397411010263
10,f104_refused_total_debt_diff_mean,0.0,0,0.8371137355751599,0.7674397411010263
10,f104_refused_NAME_SELLER_INDUSTRY_XNA_sum,8.866800308227539,1,0.8371137355751599,0.7674397411010263
10,f104_refused_interest_rate_diff_std,0.0,0,0.8371137355751599,0.7674397411010263
10,f104_refused_NAME_TYPE_SUITE_Unaccompanied_sum,43.5369987487793,3,0.8371137355751599,0.7674397411010263
10,f104_refused_WEEKDAY_APPR_PROCESS_START_THURSDAY_mean,169.02978992462158,13,0.8371137355751599,0.7674397411010263
10,f104_refused_NAME_CLIENT_TYPE_Repeater_sum,27.181400299072266,2,0.8371137355751599,0.7674397411010263
10,f104_refused_NAME_GOODS_CATEGORY_XNA_sum,0.0,0,0.8371137355751599,0.7674397411010263
10,f104_refused_NAME_CONTRACT_STATUS_Refused_sum,10.861499786376953,1,0.8371137355751599,0.7674397411010263
10,f104_refused_NAME_SELLER_INDUSTRY_Consumer_electronics_mean,0.0,0,0.8371137355751599,0.7674397411010263
10,f104_refused_NAME_YIELD_GROUP_high_sum,0.0,0,0.8371137355751599,0.7674397411010263
10,f104_refused_interest_rate_pctchange_std_div_mean,5.0406599044799805,1,0.8371137355751599,0.7674397411010263
10,f104_refused_total_debt_std,0.0,0,0.8371137355751599,0.7674397411010263
10,f104_refused_WEEKDAY_APPR_PROCESS_START_TUESDAY_sum,12.354299545288086,1,0.8371137355751599,0.7674397411010263
10,f104_refused_NAME_PORTFOLIO_Cash_mean,0.0,0,0.8371137355751599,0.7674397411010263
10,f104_refused_HOUR_APPR_PROCESS_START_std_div_mean,13.503600120544434,1,0.8371137355751599,0.7674397411010263
10,f104_refused_NAME_PAYMENT_TYPE_Cash_through_the_bank_sum,0.0,0,0.8371137355751599,0.7674397411010263
10,f104_refused_NAME_CASH_LOAN_PURPOSE_XNA_sum,0.0,0,0.8371137355751599,0.7674397411010263
10,f104_refused_PREV_COUNT,0.0,0,0.8371137355751599,0.7674397411010263
10,f104_refused_NAME_PAYMENT_TYPE_XNA_sum,19.92908000946045,2,0.8371137355751599,0.7674397411010263
10,f104_refused_NAME_CONTRACT_TYPE_Consumer_loans_mean,0.0,0,0.8371137355751599,0.7674397411010263
10,f104_refused_HOUR_APPR_PROCESS_START_std,0.0,0,0.8371137355751599,0.7674397411010263
10,f104_refused_WEEKDAY_APPR_PROCESS_START_THURSDAY_sum,0.0,0,0.8371137355751599,0.7674397411010263
10,f104_refused_PRODUCT_COMBINATION_Card_Street_sum,0.0,0,0.8371137355751599,0.7674397411010263
10,f104_refused_NAME_YIELD_GROUP_XNA_sum,13.068300247192383,1,0.8371137355751599,0.7674397411010263
10,f104_refused_NAME_PORTFOLIO_XNA_sum,0.0,0,0.8371137355751599,0.7674397411010263
10,f104_refused_NAME_CLIENT_TYPE_Refreshed_sum,0.0,0,0.8371137355751599,0.7674397411010263
10,f104_refused_PRODUCT_COMBINATION_POS_mobile_with_interest_mean,0.0,0,0.8371137355751599,0.7674397411010263
10,f104_refused_NAME_PORTFOLIO_Cash_sum,0.0,0,0.8371137355751599,0.7674397411010263
10,f104_refused_NAME_PORTFOLIO_Cards_sum,11.16510009765625,1,0.8371137355751599,0.7674397411010263
10,f001_EXT_SOURCES_mean,120948.98125720024,573,0.8371137355751599,0.7674397411010263
10,f001_EXT_SOURCES_sum,44545.4039080143,339,0.8371137355751599,0.7674397411010263
10,f001_AMT_CREDIT-d-AMT_ANNUITY,9304.287010908127,490,0.8371137355751599,0.7674397411010263
10,f002_ORGANIZATION_TYPE,41608.935170173645,2300,0.8371137355751599,0.7674397411010263
10,f001_EXT_SOURCE_2,22246.86733198166,429,0.8371137355751599,0.7674397411010263
10,f001_AMT_GOODS_PRICE-d-AMT_CREDIT,10871.87089459598,317,0.8371137355751599,0.7674397411010263
10,f001_EXT_SOURCE_3,23288.429429113865,492,0.8371137355751599,0.7674397411010263
10,f001_AMT_GOODS_PRICE-d-AMT_ANNUITY,8349.295747220516,312,0.8371137355751599,0.7674397411010263
10,f003_OCCUPATION_TYPE_ta,5223.0555986166,229,0.8371137355751599,0.7674397411010263
10,f001_EXT_SOURCES_2-3,5328.236444592476,261,0.8371137355751599,0.7674397411010263
10,f001_EXT_SOURCES_prod,11086.428181171417,195,0.8371137355751599,0.7674397411010263
10,f001_DAYS_EMPLOYED,7213.7538051605225,188,0.8371137355751599,0.7674397411010263
10,f105_prevapp_future_payment_12m,7032.109583616257,243,0.8371137355751599,0.7674397411010263
10,f107_AMT_GOODS_PRICE-d-total_debt,4749.980789244175,257,0.8371137355751599,0.7674397411010263
10,f105_DAYS_DECISION_ref_max,4864.415099143982,206,0.8371137355751599,0.7674397411010263
10,f001_EXT_SOURCE_1,5477.207224607468,309,0.8371137355751599,0.7674397411010263
10,f001_AMT_ANNUITY-d-AMT_INCOME_TOTAL,2700.605441093445,192,0.8371137355751599,0.7674397411010263
10,f001_AMT_GOODS_PRICE-s-AMT_CREDIT-d-AMT_INCOME_TOTAL,3380.8229335546494,176,0.8371137355751599,0.7674397411010263
10,f001_DAYS_ID_PUBLISH-s-DAYS_BIRTH,3605.8840889930725,216,0.8371137355751599,0.7674397411010263
10,f107_AMT_CREDIT-d-total_debt,3857.7537466287613,206,0.8371137355751599,0.7674397411010263
10,f105_future_vs_past_max,6413.917491912842,184,0.8371137355751599,0.7674397411010263
10,f105_prevapp_future_payment_13m,4509.838454842567,192,0.8371137355751599,0.7674397411010263
10,f105_AMT_ANNUITY_cmp_sum,4357.95019698143,192,0.8371137355751599,0.7674397411010263
10,f001_DAYS_ID_PUBLISH,2645.2881369143724,187,0.8371137355751599,0.7674397411010263
10,f105_approved_ratio,6241.745645463467,196,0.8371137355751599,0.7674397411010263
10,f001_REGION_POPULATION_RELATIVE,2022.5062980651855,166,0.8371137355751599,0.7674397411010263
10,f001_AMT_GOODS_PRICE-s-AMT_CREDIT,3618.161933630705,191,0.8371137355751599,0.7674397411010263
10,f003_NAME_EDUCATION_TYPE_ta,5757.051109790802,205,0.8371137355751599,0.7674397411010263
10,f001_maxwell_feature,4302.225177288055,143,0.8371137355751599,0.7674397411010263
10,f001_CODE_GENDER,6194.936255455017,225,0.8371137355751599,0.7674397411010263
10,f105_DAYS_DECISION_ref_min,2878.3835937976837,142,0.8371137355751599,0.7674397411010263
10,f105_DAYS_DECISION_min,739.7751431465149,47,0.8371137355751599,0.7674397411010263
10,f105_future_vs_past_max-d-income,4517.55358505249,140,0.8371137355751599,0.7674397411010263
10,f001_EXT_SOURCES_std,2395.158213853836,152,0.8371137355751599,0.7674397411010263
10,f001_DAYS_EMPLOYED-s-DAYS_BIRTH-d-DAYS_LAST_PHONE_CHANGE-s-DAYS_BIRTH,1701.0913103222847,107,0.8371137355751599,0.7674397411010263
10,f001_OWN_CAR_AGE-s-DAYS_EMPLOYED,3406.534482240677,152,0.8371137355751599,0.7674397411010263
10,f001_DAYS_EMPLOYED-d-DAYS_BIRTH,2842.590786010027,140,0.8371137355751599,0.7674397411010263
10,f001_EXT_SOURCES_1-2,1891.2778161168098,130,0.8371137355751599,0.7674397411010263
10,f001_AMT_GOODS_PRICE,2824.981930732727,120,0.8371137355751599,0.7674397411010263
10,f107_DAYS_DECISION-s-app_DAYS_EMPLOYED,2161.3924345970154,127,0.8371137355751599,0.7674397411010263
10,f107_DAYS_DECISION-s-app_DAYS_ID_PUBLISH,1765.629893064499,121,0.8371137355751599,0.7674397411010263
10,f105_DAYS_DECISION_min-m-DAYS_BIRTH,839.3334817886353,48,0.8371137355751599,0.7674397411010263
10,f003_NAME_FAMILY_STATUS_ta,2827.044909119606,177,0.8371137355751599,0.7674397411010263
10,f001_DAYS_LAST_PHONE_CHANGE-s-DAYS_EMPLOYED,1936.506390452385,98,0.8371137355751599,0.7674397411010263
10,f001_OWN_CAR_AGE-d-DAYS_BIRTH,2594.9850900173187,137,0.8371137355751599,0.7674397411010263
10,f001_DAYS_EMPLOYED-s-DAYS_BIRTH-d-DAYS_ID_PUBLISH-s-DAYS_BIRTH,1177.258383512497,102,0.8371137355751599,0.7674397411010263
10,f001_AMT_CREDIT-d-CNT_FAM_MEMBERS,1451.8034932017326,121,0.8371137355751599,0.7674397411010263
10,f105_DAYS_DECISION_app_min,965.6696664215997,64,0.8371137355751599,0.7674397411010263
10,f105_past_payment_sum_max-d-credit,2221.5463242530823,123,0.8371137355751599,0.7674397411010263
10,f105_past_payment_sum_max-d-annuity,2269.3830943107605,115,0.8371137355751599,0.7674397411010263
10,f105_AMT_ANNUITY_cmp_mean,1760.8078633248806,110,0.8371137355751599,0.7674397411010263
10,f105_AMT_ANNUITY_cmp_max,1890.6669526100159,117,0.8371137355751599,0.7674397411010263
10,f001_DAYS_LAST_PHONE_CHANGE-s-DAYS_REGISTRATION,823.6344116926193,63,0.8371137355751599,0.7674397411010263
10,f107_AMT_ANNUITY-s-app_AMT_ANNUITY-d-app_AMT_INCOME_TOTAL,1281.0500326156616,91,0.8371137355751599,0.7674397411010263
10,f003_ORGANIZATION_TYPE_ta,1757.683205485344,107,0.8371137355751599,0.7674397411010263
10,f107_DAYS_DECISION-s-app_DAYS_REGISTRATION,1151.423491716385,94,0.8371137355751599,0.7674397411010263
10,f105_AMT_ANNUITY_cmp_min,978.7235527038574,85,0.8371137355751599,0.7674397411010263
10,f107_AMT_ANNUITY-s-app_AMT_ANNUITY,1466.0938129425049,107,0.8371137355751599,0.7674397411010263
10,f107_AMT_ANNUITY-d-app_AMT_INCOME_TOTAL,1246.1124002933502,100,0.8371137355751599,0.7674397411010263
10,f001_DAYS_REGISTRATION-s-DAYS_BIRTH,1214.0394015312195,104,0.8371137355751599,0.7674397411010263
10,f105_total_debt_sum-p-app,1760.3336193561554,120,0.8371137355751599,0.7674397411010263
10,f001_DAYS_LAST_PHONE_CHANGE-s-DAYS_ID_PUBLISH,1023.5710551738739,90,0.8371137355751599,0.7674397411010263
10,f001_OWN_CAR_AGE-d-DAYS_EMPLOYED,2015.266529083252,108,0.8371137355751599,0.7674397411010263
10,f107_DAYS_DECISION-s-app_DAYS_LAST_PHONE_CHANGE,1436.8392622470856,105,0.8371137355751599,0.7674397411010263
10,f001_DAYS_REGISTRATION,1131.480404369533,82,0.8371137355751599,0.7674397411010263
10,f107_AMT_CREDIT-d-AMT_APPLICATION,1515.6169044971466,102,0.8371137355751599,0.7674397411010263
10,f001_DAYS_LAST_PHONE_CHANGE,1289.5002028942108,104,0.8371137355751599,0.7674397411010263
10,f001_DAYS_ID_PUBLISH-s-DAYS_EMPLOYED,791.9235904216766,66,0.8371137355751599,0.7674397411010263
10,f001_AMT_GOODS_PRICE-d-CNT_FAM_MEMBERS,1399.2672547101974,104,0.8371137355751599,0.7674397411010263
10,f001_EXT_SOURCES_1-2-3,900.2035226821899,74,0.8371137355751599,0.7674397411010263
10,f105_past_payment_6m_min,739.3470878005028,60,0.8371137355751599,0.7674397411010263
10,f001_age_finish_payment,1528.895390510559,87,0.8371137355751599,0.7674397411010263
10,f001_DAYS_LAST_PHONE_CHANGE-d-DAYS_BIRTH,1162.0677471160889,92,0.8371137355751599,0.7674397411010263
10,f001_DAYS_LAST_PHONE_CHANGE-s-DAYS_BIRTH,1585.2849056720734,88,0.8371137355751599,0.7674397411010263
10,f001_building_score_mode_mean,1527.9729979038239,89,0.8371137355751599,0.7674397411010263
10,f105_amt_paid_sum,2254.3372070789337,121,0.8371137355751599,0.7674397411010263
10,f105_amt_paid_max,1280.2422142028809,88,0.8371137355751599,0.7674397411010263
10,f107_AMT_GOODS_PRICE-d-AMT_CREDIT,1209.3580102920532,85,0.8371137355751599,0.7674397411010263
10,f001_DEF_30_CNT_SOCIAL_CIRCLE-d-OBS_30_CNT_SOCIAL_CIRCLE,2067.5943903923035,114,0.8371137355751599,0.7674397411010263
10,f107_AMT_ANNUITY-s-app_AMT_GOODS_PRICE,930.4024836055469,71,0.8371137355751599,0.7674397411010263
10,f105_past_payment_11m_min,1038.655883550644,86,0.8371137355751599,0.7674397411010263
10,f001_AMT_GOODS_PRICE-d-cnt_adults,1280.483077764511,89,0.8371137355751599,0.7674397411010263
10,f105_cnt_paid_sum,1730.8489096164703,121,0.8371137355751599,0.7674397411010263
10,f001_AMT_CREDIT,623.7504601478577,42,0.8371137355751599,0.7674397411010263
10,f001_OWN_CAR_AGE-s-DAYS_BIRTH,1289.9862642288208,92,0.8371137355751599,0.7674397411010263
10,f001_EXT_SOURCES_2-1-3,1481.321661233902,68,0.8371137355751599,0.7674397411010263
10,f001_OWN_CAR_AGE,2469.870925307274,119,0.8371137355751599,0.7674397411010263
10,f107_amt_paid,847.9928183555603,62,0.8371137355751599,0.7674397411010263
10,f001_DEF_60_CNT_SOCIAL_CIRCLE-d-OBS_60_CNT_SOCIAL_CIRCLE,1846.490261554718,117,0.8371137355751599,0.7674397411010263
10,f105_past_payment_sum_max-d-income,1193.2779886722565,87,0.8371137355751599,0.7674397411010263
10,f001_TOTALAREA_MODE,1355.7993941307068,82,0.8371137355751599,0.7674397411010263
10,f107_DAYS_DECISION-s-app_DAYS_BIRTH,1356.2091217041016,69,0.8371137355751599,0.7674397411010263
10,f105_cnt_paid_min,696.0107507705688,53,0.8371137355751599,0.7674397411010263
10,f001_AMT_CREDIT-d-CNT_CHILDREN,877.3901624679565,69,0.8371137355751599,0.7674397411010263
10,f001_age,1595.9802687168121,77,0.8371137355751599,0.7674397411010263
10,f107_AMT_ANNUITY-d-app_AMT_ANNUITY,864.2295460700989,65,0.8371137355751599,0.7674397411010263
10,f105_DAYS_DECISION_max-m-DAYS_BIRTH,1416.4939332008362,72,0.8371137355751599,0.7674397411010263
10,f001_building_score_medi_mean,1284.7072373628616,85,0.8371137355751599,0.7674397411010263
10,f107_AMT_ANNUITY-d-app_AMT_GOODS_PRICE,538.7228899002075,49,0.8371137355751599,0.7674397411010263
10,f107_DAYS_LAST_DUE_1ST_VERSION-s-app_DAYS_LAST_PHONE_CHANGE,855.0215398073196,65,0.8371137355751599,0.7674397411010263
10,f107_DAYS_LAST_DUE_1ST_VERSION-s-app_DAYS_ID_PUBLISH,1062.654639005661,83,0.8371137355751599,0.7674397411010263
10,f107_AMT_ANNUITY,571.3436360061169,46,0.8371137355751599,0.7674397411010263
10,f105_past_payment_7m_min,653.5427417755127,56,0.8371137355751599,0.7674397411010263
10,f107_AMT_ANNUITY-s-app_AMT_CREDIT,930.5207316875458,72,0.8371137355751599,0.7674397411010263
10,f107_DAYS_LAST_DUE_1ST_VERSION-s-app_DAYS_BIRTH,897.0865198373795,65,0.8371137355751599,0.7674397411010263
10,f001_DAYS_BIRTH,1606.4746437072754,86,0.8371137355751599,0.7674397411010263
10,f106_CODE_REJECT_REASON-XAP,764.8643135726452,62,0.8371137355751599,0.7674397411010263
10,f107_AMT_ANNUITY-d-app_AMT_CREDIT,486.54511737823486,40,0.8371137355751599,0.7674397411010263
10,f001_alldocs_kurt,3002.060691356659,125,0.8371137355751599,0.7674397411010263
10,f107_HOUR_APPR_PROCESS_START,643.8899204730988,60,0.8371137355751599,0.7674397411010263
10,f105_past_payment_8m_min,744.5873680114746,58,0.8371137355751599,0.7674397411010263
10,f107_DAYS_LAST_DUE_1ST_VERSION-s-app_DAYS_REGISTRATION,667.9777574539185,50,0.8371137355751599,0.7674397411010263
10,f107_DAYS_FIRST_DUE-d-app_DAYS_BIRTH,595.0948810577393,49,0.8371137355751599,0.7674397411010263
10,f105_past_payment_10m_min,775.4490177631378,65,0.8371137355751599,0.7674397411010263
10,f105_amt_paid_sum-d-total_debt_sum,1203.9869129657745,97,0.8371137355751599,0.7674397411010263
10,f105_cnt_unpaid_mean,2602.6879620552063,123,0.8371137355751599,0.7674397411010263
10,f107_DAYS_FIRST_DUE-s-app_DAYS_LAST_PHONE_CHANGE,722.0099741220474,54,0.8371137355751599,0.7674397411010263
10,f105_past_payment_12m_mean,787.3375368118286,66,0.8371137355751599,0.7674397411010263
10,f003_NAME_HOUSING_TYPE_ta,694.085392832756,60,0.8371137355751599,0.7674397411010263
10,f107_DAYS_LAST_DUE_1ST_VERSION-s-app_DAYS_EMPLOYED,902.231861114502,66,0.8371137355751599,0.7674397411010263
10,f003_NAME_INCOME_TYPE_ta,982.5488583147526,66,0.8371137355751599,0.7674397411010263
10,f107_DAYS_FIRST_DUE-d-app_DAYS_EMPLOYED,693.2883639335632,51,0.8371137355751599,0.7674397411010263
10,f001_LIVINGAREA_MODE,822.7080838680267,63,0.8371137355751599,0.7674397411010263
10,f107_DAYS_FIRST_DUE-s-app_DAYS_BIRTH,756.6071963310242,54,0.8371137355751599,0.7674397411010263
10,f107_DAYS_FIRST_DUE-s-app_DAYS_REGISTRATION,675.4003989696503,49,0.8371137355751599,0.7674397411010263
10,f001_LIVINGAREA_AVG,1008.8632845878601,61,0.8371137355751599,0.7674397411010263
10,f107_DAYS_FIRST_DUE-s-app_DAYS_ID_PUBLISH,594.8617581129074,51,0.8371137355751599,0.7674397411010263
10,f001_FLAG_WORK_PHONE,1523.945146560669,98,0.8371137355751599,0.7674397411010263
10,f106_NAME_CONTRACT_STATUS-Approved,730.9375200271606,59,0.8371137355751599,0.7674397411010263
10,f105_past_payment_18m_min,458.29430890083313,39,0.8371137355751599,0.7674397411010263
10,f105_past_payment_9m_min,625.398602604866,52,0.8371137355751599,0.7674397411010263
10,f105_past_payment_6m_mean,568.456919670105,44,0.8371137355751599,0.7674397411010263
10,f105_past_payment_11m_mean,549.5956182479858,46,0.8371137355751599,0.7674397411010263
10,f001_APARTMENTS_MODE,665.8266716003418,56,0.8371137355751599,0.7674397411010263
10,f105_DAYS_LAST_DUE_1ST_VERSION_act_min,1193.1714634895325,85,0.8371137355751599,0.7674397411010263
10,f001_building_score_avg_mean,1058.2303636074066,62,0.8371137355751599,0.7674397411010263
10,f001_APARTMENTS_AVG,748.1380488872528,51,0.8371137355751599,0.7674397411010263
10,f105_DAYS_LAST_DUE_1ST_VERSION_act_sum,1938.6547935009003,128,0.8371137355751599,0.7674397411010263
10,f105_past_payment_8m_max,562.0492658615112,46,0.8371137355751599,0.7674397411010263
10,f107_CHANNEL_TYPE,903.2978887557983,62,0.8371137355751599,0.7674397411010263
10,f001_AMT_GOODS_PRICE-d-CNT_CHILDREN,794.6016683578491,67,0.8371137355751599,0.7674397411010263
10,f106_NAME_CONTRACT_STATUS-Refused,967.2014267444611,58,0.8371137355751599,0.7674397411010263
10,f001_HOUR_APPR_PROCESS_START,519.0991789102554,47,0.8371137355751599,0.7674397411010263
10,f001_APARTMENTS_MEDI,663.9073216915131,51,0.8371137355751599,0.7674397411010263
10,f107_DAYS_FIRST_DUE-s-app_DAYS_EMPLOYED,716.6376099586487,57,0.8371137355751599,0.7674397411010263
10,f105_past_payment_12m_max,730.4651279449463,56,0.8371137355751599,0.7674397411010263
10,f105_past_payment_8m_mean,502.4818811416626,34,0.8371137355751599,0.7674397411010263
10,f107_DAYS_TERMINATION-d-app_DAYS_BIRTH,875.2870669364929,66,0.8371137355751599,0.7674397411010263
10,f107_DAYS_TERMINATION-s-app_DAYS_LAST_PHONE_CHANGE,532.5768625736237,43,0.8371137355751599,0.7674397411010263
10,f105_past_payment_6m_max,741.5947301387787,50,0.8371137355751599,0.7674397411010263
10,f105_past_payment_17m_mean,533.8664021492004,43,0.8371137355751599,0.7674397411010263
10,f105_past_payment_10m_mean,554.6533279418945,48,0.8371137355751599,0.7674397411010263
10,f105_past_payment_7m_mean,371.53580951690674,26,0.8371137355751599,0.7674397411010263
10,f105_past_payment_7m_max,578.2832091450691,48,0.8371137355751599,0.7674397411010263
10,f001_DEF_30_CNT_SOCIAL_CIRCLE,1473.4321150779724,75,0.8371137355751599,0.7674397411010263
10,f107_DAYS_LAST_DUE-d-app_DAYS_BIRTH,678.4197006225586,49,0.8371137355751599,0.7674397411010263
10,f105_past_payment_13m_mean,463.7705078125,39,0.8371137355751599,0.7674397411010263
10,f105_future_vs_past_max_withoutapp,551.4454274177551,43,0.8371137355751599,0.7674397411010263
10,f105_past_payment_11m_max,609.0723646730185,50,0.8371137355751599,0.7674397411010263
10,f001_LIVINGAREA_MEDI,796.3887701034546,53,0.8371137355751599,0.7674397411010263
10,f105_DAYS_LAST_DUE_1ST_VERSION_act_mean,1963.9364647865295,119,0.8371137355751599,0.7674397411010263
10,f105_past_payment_14m_min,716.7133097648621,56,0.8371137355751599,0.7674397411010263
10,f105_past_payment_5m_mean,471.36306142807007,37,0.8371137355751599,0.7674397411010263
10,f105_past_payment_13m_min,696.0844947695732,55,0.8371137355751599,0.7674397411010263
10,f107_DAYS_TERMINATION-d-app_DAYS_EMPLOYED,389.9119005203247,30,0.8371137355751599,0.7674397411010263
10,f105_past_payment_10m_max,497.9933292865753,42,0.8371137355751599,0.7674397411010263
10,f107_DAYS_TERMINATION-s-app_DAYS_REGISTRATION,624.927800655365,52,0.8371137355751599,0.7674397411010263
10,f105_past_payment_9m_mean,466.9762588739395,41,0.8371137355751599,0.7674397411010263
10,f107_DAYS_LAST_DUE-s-app_DAYS_LAST_PHONE_CHANGE,359.31299352645874,31,0.8371137355751599,0.7674397411010263
10,f107_DAYS_LAST_DUE-s-app_DAYS_REGISTRATION,515.7660975456238,40,0.8371137355751599,0.7674397411010263
10,f106_NAME_CONTRACT_STATUS-Refused_ref,569.116518497467,36,0.8371137355751599,0.7674397411010263
10,f001_building_score_mode_sum,1219.8900389671326,81,0.8371137355751599,0.7674397411010263
10,f106_CODE_REJECT_REASON-LIMIT_ref,503.0206298828125,35,0.8371137355751599,0.7674397411010263
10,f105_prevapp_future_payment_22m,568.3415584564209,43,0.8371137355751599,0.7674397411010263
10,f105_prevapp_future_payment_23m,830.1875877380371,57,0.8371137355751599,0.7674397411010263
10,f105_past_payment_17m_min,378.2958698272705,31,0.8371137355751599,0.7674397411010263
10,f105_prevapp_future_payment_1vs6,1241.7491436004639,78,0.8371137355751599,0.7674397411010263
10,f107_DAYS_LAST_DUE-s-app_DAYS_BIRTH,431.3053696155548,32,0.8371137355751599,0.7674397411010263
10,f105_past_payment_12m_sum,481.46028995513916,36,0.8371137355751599,0.7674397411010263
10,f105_resfused_cnt,777.1745862960815,49,0.8371137355751599,0.7674397411010263
10,f105_past_payment_5m_max,716.267630815506,54,0.8371137355751599,0.7674397411010263
10,f105_future_payment_19m_min,3158.2107639312744,158,0.8371137355751599,0.7674397411010263
10,f105_DAYS_LAST_DUE_1ST_VERSION_act_max,2629.8549394607544,130,0.8371137355751599,0.7674397411010263
10,f107_DAYS_TERMINATION-s-app_DAYS_ID_PUBLISH,379.43572330474854,29,0.8371137355751599,0.7674397411010263
10,f105_past_payment_16m_mean,397.32094144821167,31,0.8371137355751599,0.7674397411010263
10,f106_NAME_CONTRACT_STATUS-Refused_appref,725.3955843448639,40,0.8371137355751599,0.7674397411010263
10,f107_NAME_YIELD_GROUP,163.51094913482666,11,0.8371137355751599,0.7674397411010263
10,f107_DAYS_LAST_DUE-d-app_DAYS_EMPLOYED,533.4515423774719,37,0.8371137355751599,0.7674397411010263
10,f105_past_payment_3m_mean,622.3648416996002,44,0.8371137355751599,0.7674397411010263
10,f001_REGION_RATING_CLIENT_W_CITY,888.9072022438049,55,0.8371137355751599,0.7674397411010263
10,f105_amt_unpaid_mean,1136.0007700920105,75,0.8371137355751599,0.7674397411010263
10,f105_past_payment_14m_mean,409.20504665374756,34,0.8371137355751599,0.7674397411010263
10,f107_AMT_DOWN_PAYMENT-d-AMT_GOODS_PRICE,421.4128293991089,33,0.8371137355751599,0.7674397411010263
10,f105_past_payment_16m_min,447.0067093372345,34,0.8371137355751599,0.7674397411010263
10,f105_past_payment_15m_mean,347.13902950286865,30,0.8371137355751599,0.7674397411010263
10,f108_AMT_GOODS_PRICE-d-total_debt,5434.789734363556,266,0.8371137355751599,0.7674397411010263
10,f107_interest_rate,2801.5482598543167,146,0.8371137355751599,0.7674397411010263
10,f108_AMT_ANNUITY-s-app_AMT_GOODS_PRICE,1959.0624361038208,107,0.8371137355751599,0.7674397411010263
10,f108_AMT_ANNUITY-s-app_AMT_ANNUITY-d-app_AMT_INCOME_TOTAL,3196.2226504534483,211,0.8371137355751599,0.7674397411010263
10,f107_DAYS_LAST_DUE-s-app_DAYS_ID_PUBLISH,308.84220361709595,25,0.8371137355751599,0.7674397411010263
10,f108_DAYS_DECISION-s-app_DAYS_BIRTH,954.8591532707214,54,0.8371137355751599,0.7674397411010263
10,f108_DAYS_DECISION,652.2700996398926,48,0.8371137355751599,0.7674397411010263
10,f108_AMT_ANNUITY-s-app_AMT_CREDIT,965.5562262535095,64,0.8371137355751599,0.7674397411010263
10,f108_AMT_CREDIT-d-total_debt,3083.74884557724,203,0.8371137355751599,0.7674397411010263
10,f108_AMT_ANNUITY-d-app_AMT_ANNUITY,2052.3466851711273,146,0.8371137355751599,0.7674397411010263
10,f108_DAYS_TERMINATION-s-DAYS_LAST_DUE_1ST_VERSION,2622.1066234111786,193,0.8371137355751599,0.7674397411010263
10,f108_HOUR_APPR_PROCESS_START,977.332950592041,84,0.8371137355751599,0.7674397411010263
10,f108_DAYS_DECISION-s-app_DAYS_EMPLOYED,559.3501420021057,51,0.8371137355751599,0.7674397411010263
10,f108_NAME_GOODS_CATEGORY,590.7637683153152,51,0.8371137355751599,0.7674397411010263
10,f108_DAYS_LAST_DUE,1129.8353515863419,93,0.8371137355751599,0.7674397411010263
10,f108_DAYS_FIRST_DUE,1113.190630555153,88,0.8371137355751599,0.7674397411010263
10,f108_DAYS_FIRST_DUE-s-app_DAYS_EMPLOYED,944.4294822216034,74,0.8371137355751599,0.7674397411010263
10,f108_DAYS_LAST_DUE-s-app_DAYS_BIRTH,814.6986618041992,61,0.8371137355751599,0.7674397411010263
10,f108_AMT_ANNUITY-d-app_AMT_CREDIT,1153.3149814605713,90,0.8371137355751599,0.7674397411010263
10,f108_AMT_APPLICATION-s-app_AMT_CREDIT,624.9723083972931,47,0.8371137355751599,0.7674397411010263
10,f108_DAYS_LAST_DUE-s-app_DAYS_EMPLOYED,944.145568318665,73,0.8371137355751599,0.7674397411010263
10,f108_AMT_CREDIT-d-AMT_APPLICATION,1984.1292750835419,131,0.8371137355751599,0.7674397411010263
10,f108_DAYS_LAST_DUE_1ST_VERSION-s-app_DAYS_EMPLOYED,883.6993174403906,73,0.8371137355751599,0.7674397411010263
10,f108_DAYS_TERMINATION,880.9651827812195,73,0.8371137355751599,0.7674397411010263
10,f108_DAYS_LAST_DUE_1ST_VERSION-s-app_DAYS_BIRTH,941.7661099433899,70,0.8371137355751599,0.7674397411010263
10,f108_AMT_CREDIT-s-app_AMT_CREDIT,599.638258934021,43,0.8371137355751599,0.7674397411010263
10,f108_DAYS_DECISION-s-app_DAYS_ID_PUBLISH,630.6580678224564,53,0.8371137355751599,0.7674397411010263
10,f108_AMT_GOODS_PRICE-s-app_AMT_CREDIT,849.1064395904541,45,0.8371137355751599,0.7674397411010263
10,f108_AMT_GOODS_PRICE-s-app_AMT_GOODS_PRICE,984.6569323539734,55,0.8371137355751599,0.7674397411010263
10,f108_DAYS_FIRST_DUE-s-app_DAYS_ID_PUBLISH,820.3881115913391,68,0.8371137355751599,0.7674397411010263
10,f108_DAYS_FIRST_DUE-s-app_DAYS_BIRTH,1169.3951930999756,74,0.8371137355751599,0.7674397411010263
10,f108_DAYS_TERMINATION-s-app_DAYS_EMPLOYED,730.7823519706726,59,0.8371137355751599,0.7674397411010263
10,f108_AMT_CREDIT-s-app_AMT_GOODS_PRICE,716.4166436195374,54,0.8371137355751599,0.7674397411010263
10,f108_DAYS_LAST_DUE_1ST_VERSION-d-app_DAYS_BIRTH,1107.2214250564575,88,0.8371137355751599,0.7674397411010263
10,f107_past_payment_1m,337.5771884918213,23,0.8371137355751599,0.7674397411010263
10,f108_DAYS_DECISION-s-app_DAYS_REGISTRATION,802.4629802703857,62,0.8371137355751599,0.7674397411010263
10,f108_DAYS_LAST_DUE_1ST_VERSION-s-app_DAYS_ID_PUBLISH,752.2010402679443,67,0.8371137355751599,0.7674397411010263
10,f108_AMT_GOODS_PRICE-d-AMT_CREDIT,1332.8417030870914,89,0.8371137355751599,0.7674397411010263
10,f108_AMT_DOWN_PAYMENT,1645.035447359085,100,0.8371137355751599,0.7674397411010263
10,f108_DAYS_TERMINATION-s-app_DAYS_BIRTH,986.8699280023575,69,0.8371137355751599,0.7674397411010263
10,f108_DAYS_LAST_DUE_1ST_VERSION,566.1133849620819,50,0.8371137355751599,0.7674397411010263
10,f107_past_payment_3m,337.0173110961914,26,0.8371137355751599,0.7674397411010263
10,f107_past_payment_2m,287.63084983825684,17,0.8371137355751599,0.7674397411010263
10,f108_DAYS_LAST_DUE-s-app_DAYS_ID_PUBLISH,656.1118755340576,57,0.8371137355751599,0.7674397411010263
10,f108_DAYS_LAST_DUE_1ST_VERSION-s-DAYS_DECISIONS,1158.7395634651184,100,0.8371137355751599,0.7674397411010263
10,f108_DAYS_TERMINATION-s-app_DAYS_ID_PUBLISH,583.3738191127777,46,0.8371137355751599,0.7674397411010263
10,f108_DAYS_FIRST_DUE-s-app_DAYS_REGISTRATION,785.017575263977,68,0.8371137355751599,0.7674397411010263
10,f108_DAYS_LAST_DUE_1ST_VERSION-s-app_DAYS_REGISTRATION,765.1167607307434,64,0.8371137355751599,0.7674397411010263
10,f108_AMT_APPLICATION-s-app_AMT_GOODS_PRICE,1230.1717422008514,75,0.8371137355751599,0.7674397411010263
10,f108_DAYS_TERMINATION-s-app_DAYS_REGISTRATION,881.3041384220123,78,0.8371137355751599,0.7674397411010263
10,f108_past_payment_10m,430.0834209918976,39,0.8371137355751599,0.7674397411010263
10,f108_NAME_CLIENT_TYPE,587.8555812835693,40,0.8371137355751599,0.7674397411010263
10,f108_past_payment_8m,547.3461879491806,40,0.8371137355751599,0.7674397411010263
10,f108_past_payment_6m,638.3064024448395,49,0.8371137355751599,0.7674397411010263
10,f107_future_payment_9m,98.52533006668091,8,0.8371137355751599,0.7674397411010263
10,f108_DAYS_LAST_DUE-s-app_DAYS_REGISTRATION,937.7506509125233,81,0.8371137355751599,0.7674397411010263
10,f108_past_payment_9m,573.1150857210159,47,0.8371137355751599,0.7674397411010263
10,f108_past_payment_7m,707.6553910970688,60,0.8371137355751599,0.7674397411010263
10,f108_past_payment_5m,535.4594988822937,43,0.8371137355751599,0.7674397411010263
10,f108_AMT_ANNUITY,685.8707333281636,51,0.8371137355751599,0.7674397411010263
10,f108_AMT_DOWN_PAYMENT-d-AMT_GOODS_PRICE,827.3715732097626,69,0.8371137355751599,0.7674397411010263
10,f107_past_payment_5m,216.99699115753174,15,0.8371137355751599,0.7674397411010263
10,f107_past_payment_4m,245.5552577972412,19,0.8371137355751599,0.7674397411010263
10,f107_future_payment_8m,228.67706871032715,20,0.8371137355751599,0.7674397411010263
10,f108_past_payment_4m,221.7016077041626,22,0.8371137355751599,0.7674397411010263
10,f107_past_payment_6m,243.6752495765686,23,0.8371137355751599,0.7674397411010263
10,f108_RATE_DOWN_PAYMENT,972.3227953910828,60,0.8371137355751599,0.7674397411010263
10,f107_past_payment_11m,281.14953422546387,19,0.8371137355751599,0.7674397411010263
10,f107_past_payment_12m,267.33712816238403,22,0.8371137355751599,0.7674397411010263
10,f107_past_payment_10m,205.41591000556946,19,0.8371137355751599,0.7674397411010263
10,f107_future_payment_3m,249.7112979888916,20,0.8371137355751599,0.7674397411010263
10,f107_past_payment_9m,277.1588921546936,21,0.8371137355751599,0.7674397411010263
10,f108_future_payment_1m,202.92387914657593,19,0.8371137355751599,0.7674397411010263
10,f108_past_payment_3m,356.3145694732666,28,0.8371137355751599,0.7674397411010263
10,f107_past_payment_14m,197.55331897735596,16,0.8371137355751599,0.7674397411010263
10,f108_past_payment_2m,340.0408594608307,30,0.8371137355751599,0.7674397411010263
10,f107_past_payment_7m,275.70696115493774,21,0.8371137355751599,0.7674397411010263
10,f108_NAME_YIELD_GROUP,156.96147966384888,17,0.8371137355751599,0.7674397411010263
10,f107_past_payment_8m,326.4985122680664,23,0.8371137355751599,0.7674397411010263
10,f108_DAYS_LAST_DUE-s-DAYS_LAST_DUE_1ST_VERSION,347.41855478286743,28,0.8371137355751599,0.7674397411010263
10,f107_past_payment_13m,141.52626037597656,11,0.8371137355751599,0.7674397411010263
10,f108_AMT_GOODS_PRICE-m-app_AMT_GOODS_PRICE-d-app_AMT_INCOME_TOTAL_diff,170.48087882995605,13,0.8371137355751599,0.7674397411010263
10,f108_future_payment_2m,285.59399795532227,23,0.8371137355751599,0.7674397411010263
10,f107_future_payment_7m,99.92028045654297,9,0.8371137355751599,0.7674397411010263
10,f108_past_payment_1m,139.70539093017578,12,0.8371137355751599,0.7674397411010263
