chunk,feature,importance_gain,importance_split,auc_train,auc_valid
1,f001_EXT_SOURCES_mean,134590.10580396652,574,0.8410481966645256,0.7698336950321221
1,f001_EXT_SOURCES_sum,35317.62301826477,289,0.8410481966645256,0.7698336950321221
1,f001_AMT_CREDIT-d-AMT_ANNUITY,13433.907232761383,572,0.8410481966645256,0.7698336950321221
1,f001_EXT_SOURCE_2,21269.25684571266,372,0.8410481966645256,0.7698336950321221
1,f002_ORGANIZATION_TYPE,39286.60324335098,2106,0.8410481966645256,0.7698336950321221
1,f001_EXT_SOURCE_3,23558.895252376795,458,0.8410481966645256,0.7698336950321221
1,f001_EXT_SOURCES_prod,7229.546083450317,152,0.8410481966645256,0.7698336950321221
1,f001_AMT_GOODS_PRICE-d-AMT_CREDIT,9748.33076429367,264,0.8410481966645256,0.7698336950321221
1,f003_OCCUPATION_TYPE_ta,4388.229653120041,205,0.8410481966645256,0.7698336950321221
1,f001_AMT_GOODS_PRICE-d-AMT_ANNUITY,8261.457299232483,307,0.8410481966645256,0.7698336950321221
1,f001_EXT_SOURCES_2-3,5004.792805075645,193,0.8410481966645256,0.7698336950321221
1,f001_AMT_GOODS_PRICE-s-AMT_CREDIT,4610.439280509949,213,0.8410481966645256,0.7698336950321221
1,f001_DAYS_ID_PUBLISH,2507.9653203487396,159,0.8410481966645256,0.7698336950321221
1,f001_DAYS_ID_PUBLISH-s-DAYS_BIRTH,2939.1069603562355,170,0.8410481966645256,0.7698336950321221
1,f001_DAYS_EMPLOYED,4305.9439660310745,104,0.8410481966645256,0.7698336950321221
1,f003_NAME_EDUCATION_TYPE_ta,4862.716324806213,157,0.8410481966645256,0.7698336950321221
1,f001_EXT_SOURCE_1,3906.5977277755737,216,0.8410481966645256,0.7698336950321221
1,f001_DAYS_EMPLOYED-d-DAYS_BIRTH,1365.7585009336472,80,0.8410481966645256,0.7698336950321221
1,f001_EXT_SOURCES_std,2191.894155740738,110,0.8410481966645256,0.7698336950321221
1,f001_CODE_GENDER,6043.047759056091,209,0.8410481966645256,0.7698336950321221
1,f001_REGION_POPULATION_RELATIVE,2030.491367340088,148,0.8410481966645256,0.7698336950321221
1,f003_NAME_FAMILY_STATUS_ta,2590.1036273241043,155,0.8410481966645256,0.7698336950321221
1,f001_maxwell_feature,4323.8096606731415,129,0.8410481966645256,0.7698336950321221
1,f001_AMT_GOODS_PRICE-s-AMT_CREDIT-d-AMT_INCOME_TOTAL,2381.9477866888046,115,0.8410481966645256,0.7698336950321221
1,f101_active_AMT_GOODS_PRICE_d_total_debt_mean,2048.3114523887634,73,0.8410481966645256,0.7698336950321221
1,f001_AMT_ANNUITY-d-AMT_INCOME_TOTAL,1834.620680809021,121,0.8410481966645256,0.7698336950321221
1,f001_age_finish_payment,1432.1535034179688,60,0.8410481966645256,0.7698336950321221
1,f101_active_AMT_CREDIT_d_total_debt_mean,1601.24684715271,66,0.8410481966645256,0.7698336950321221
1,f001_OWN_CAR_AGE-s-DAYS_EMPLOYED,2887.0997154712677,130,0.8410481966645256,0.7698336950321221
1,f101_active_AMT_GOODS_PRICE_d_total_debt_max,1006.0685200691223,62,0.8410481966645256,0.7698336950321221
1,f001_DAYS_LAST_PHONE_CHANGE,699.1449589729309,46,0.8410481966645256,0.7698336950321221
1,f001_AMT_GOODS_PRICE,2400.233170032501,114,0.8410481966645256,0.7698336950321221
1,f001_DAYS_REGISTRATION-s-DAYS_BIRTH,970.4991662502289,70,0.8410481966645256,0.7698336950321221
1,f101_approved_AMT_ANNUITY_s_app_AMT_ANNUITY_d_app_AMT_INCOME_TOTAL_min,1422.5347925424576,86,0.8410481966645256,0.7698336950321221
1,f101_approved_AMT_ANNUITY_s_app_AMT_ANNUITY_mean,1695.1793484687805,89,0.8410481966645256,0.7698336950321221
1,f001_OWN_CAR_AGE-d-DAYS_BIRTH,2426.749794960022,125,0.8410481966645256,0.7698336950321221
1,f101_approved_AMT_ANNUITY_min,497.76724767684937,40,0.8410481966645256,0.7698336950321221
1,f101_active_AMT_GOODS_PRICE_d_total_debt_min,1926.1019740104675,67,0.8410481966645256,0.7698336950321221
1,f101_active_AMT_CREDIT_d_total_debt_min,1913.4044871330261,77,0.8410481966645256,0.7698336950321221
1,f001_EXT_SOURCES_1-2,1423.456549167633,87,0.8410481966645256,0.7698336950321221
1,f003_ORGANIZATION_TYPE_ta,1654.0039010047913,69,0.8410481966645256,0.7698336950321221
1,f001_DAYS_REGISTRATION,567.0805677473545,43,0.8410481966645256,0.7698336950321221
1,f001_AMT_GOODS_PRICE-d-cnt_adults,956.864758014679,68,0.8410481966645256,0.7698336950321221
1,f001_DAYS_LAST_PHONE_CHANGE-s-DAYS_REGISTRATION,677.5600297451019,52,0.8410481966645256,0.7698336950321221
1,f001_DAYS_BIRTH,672.8338460922241,38,0.8410481966645256,0.7698336950321221
1,f101_approved_AMT_ANNUITY_d_app_AMT_ANNUITY_min,727.9607086181641,46,0.8410481966645256,0.7698336950321221
1,f101_approved_AMT_ANNUITY_d_app_AMT_ANNUITY_max,909.3167333602905,43,0.8410481966645256,0.7698336950321221
1,f001_DAYS_LAST_PHONE_CHANGE-s-DAYS_BIRTH,723.5767111778259,48,0.8410481966645256,0.7698336950321221
1,f101_approved_AMT_ANNUITY_s_app_AMT_ANNUITY_d_app_AMT_INCOME_TOTAL_max,1309.845115184784,59,0.8410481966645256,0.7698336950321221
1,f001_DAYS_EMPLOYED-s-DAYS_BIRTH-d-DAYS_LAST_PHONE_CHANGE-s-DAYS_BIRTH,1000.2382904291153,65,0.8410481966645256,0.7698336950321221
1,f101_approved_AMT_ANNUITY_d_app_AMT_ANNUITY_mean,1408.1872110366821,61,0.8410481966645256,0.7698336950321221
1,f101_approved_AMT_ANNUITY_d_app_AMT_INCOME_TOTAL_mean,487.97598910331726,40,0.8410481966645256,0.7698336950321221
1,f001_DAYS_LAST_PHONE_CHANGE-s-DAYS_EMPLOYED,1370.100387454033,68,0.8410481966645256,0.7698336950321221
1,f001_AMT_CREDIT-d-CNT_FAM_MEMBERS,1307.308515071869,94,0.8410481966645256,0.7698336950321221
1,f101_approved_AMT_ANNUITY_s_app_AMT_ANNUITY_max,1382.943813085556,59,0.8410481966645256,0.7698336950321221
1,f001_DAYS_LAST_PHONE_CHANGE-d-DAYS_BIRTH,825.961550116539,62,0.8410481966645256,0.7698336950321221
1,f001_DAYS_LAST_PHONE_CHANGE-s-DAYS_ID_PUBLISH,545.711970448494,41,0.8410481966645256,0.7698336950321221
1,f101_approved_AMT_ANNUITY_s_app_AMT_GOODS_PRICE_min,1390.11146402359,63,0.8410481966645256,0.7698336950321221
1,f101_approved_AMT_APPLICATION_d_app_AMT_CREDIT_diff_max,391.4994807243347,29,0.8410481966645256,0.7698336950321221
1,f101_approved_AMT_ANNUITY_mean,544.2142567634583,37,0.8410481966645256,0.7698336950321221
1,f001_age,835.9013600349426,44,0.8410481966645256,0.7698336950321221
1,f101_approved_AMT_ANNUITY_s_app_AMT_ANNUITY_d_app_AMT_INCOME_TOTAL_mean,1307.79039144516,70,0.8410481966645256,0.7698336950321221
1,f101_approved_AMT_APPLICATION_d_app_AMT_ANNUITY_diff_max,449.50520968437195,37,0.8410481966645256,0.7698336950321221
1,f101_approved_AMT_ANNUITY_d_app_AMT_CREDIT_min,529.0288321971893,44,0.8410481966645256,0.7698336950321221
1,f101_approved_AMT_APPLICATION_mean,273.2172293663025,19,0.8410481966645256,0.7698336950321221
1,f001_EXT_SOURCES_1-2-3,915.3041478991508,61,0.8410481966645256,0.7698336950321221
1,f001_alldocs_kurt,2109.0222997665405,87,0.8410481966645256,0.7698336950321221
1,f001_DAYS_ID_PUBLISH-s-DAYS_EMPLOYED,642.3867700099945,49,0.8410481966645256,0.7698336950321221
1,f001_OWN_CAR_AGE-d-DAYS_EMPLOYED,1736.9383220672607,88,0.8410481966645256,0.7698336950321221
1,f001_DAYS_EMPLOYED-s-DAYS_BIRTH-d-DAYS_ID_PUBLISH-s-DAYS_BIRTH,693.7418074607849,52,0.8410481966645256,0.7698336950321221
1,f001_AMT_GOODS_PRICE-d-CNT_FAM_MEMBERS,1119.5515668392181,73,0.8410481966645256,0.7698336950321221
1,f101_approved_AMT_APPLICATION_d_app_AMT_ANNUITY_max,943.1168575286865,31,0.8410481966645256,0.7698336950321221
1,f101_approved_AMT_ANNUITY_d_app_AMT_INCOME_TOTAL_max,406.7981675863266,31,0.8410481966645256,0.7698336950321221
1,f101_active_interest_rate_max,1124.921187877655,63,0.8410481966645256,0.7698336950321221
1,f001_DEF_30_CNT_SOCIAL_CIRCLE-d-OBS_30_CNT_SOCIAL_CIRCLE,1913.7532362937927,109,0.8410481966645256,0.7698336950321221
1,f001_OWN_CAR_AGE,2018.6040201187134,88,0.8410481966645256,0.7698336950321221
1,f001_OWN_CAR_AGE-s-DAYS_BIRTH,1257.2645254135132,74,0.8410481966645256,0.7698336950321221
1,f101_approved_AMT_APPLICATION_s_app_AMT_ANNUITY_max,384.38409996032715,21,0.8410481966645256,0.7698336950321221
1,f101_approved_AMT_APPLICATION_max,276.28835892677307,16,0.8410481966645256,0.7698336950321221
1,f001_EXT_SOURCES_2-1-3,779.850911617279,45,0.8410481966645256,0.7698336950321221
1,f101_approved_AMT_ANNUITY_max,555.1377217769623,36,0.8410481966645256,0.7698336950321221
1,f101_approved_AMT_APPLICATION_d_app_AMT_INCOME_TOTAL_max,119.66425085067749,11,0.8410481966645256,0.7698336950321221
1,f101_approved_AMT_ANNUITY_d_app_AMT_ANNUITY_diff_std,376.5614914894104,30,0.8410481966645256,0.7698336950321221
1,f101_approved_AMT_ANNUITY_d_app_AMT_CREDIT_mean,574.0117502212524,33,0.8410481966645256,0.7698336950321221
1,f101_approved_AMT_APPLICATION_s_app_AMT_ANNUITY_d_app_AMT_INCOME_TOTAL_max,358.7515182495117,21,0.8410481966645256,0.7698336950321221
1,f001_building_score_mode_mean,1337.977186203003,71,0.8410481966645256,0.7698336950321221
1,f101_approved_AMT_ANNUITY_d_app_AMT_ANNUITY_std,373.51303005218506,29,0.8410481966645256,0.7698336950321221
1,f001_building_score_medi_mean,752.6585807800293,50,0.8410481966645256,0.7698336950321221
1,f001_TOTALAREA_MODE,1197.0813422203064,74,0.8410481966645256,0.7698336950321221
1,f101_active_AMT_CREDIT_d_total_debt_max,973.4207401275635,48,0.8410481966645256,0.7698336950321221
1,f101_approved_AMT_APPLICATION_d_app_AMT_ANNUITY_mean,320.8602304458618,23,0.8410481966645256,0.7698336950321221
1,f101_approved_AMT_APPLICATION_d_app_AMT_CREDIT_max,286.16572761535645,17,0.8410481966645256,0.7698336950321221
1,f101_approved_AMT_ANNUITY_d_app_AMT_CREDIT_std,248.845458984375,22,0.8410481966645256,0.7698336950321221
1,f001_AMT_CREDIT-d-CNT_CHILDREN,510.36918210983276,37,0.8410481966645256,0.7698336950321221
1,f101_approved_AMT_ANNUITY_d_app_AMT_CREDIT_max,597.0732593536377,35,0.8410481966645256,0.7698336950321221
1,f101_approved_AMT_ANNUITY_d_app_AMT_CREDIT_diff_std,207.87592935562134,15,0.8410481966645256,0.7698336950321221
1,f101_approved_AMT_APPLICATION_d_app_AMT_CREDIT_mean,510.2082805633545,29,0.8410481966645256,0.7698336950321221
1,f001_DEF_60_CNT_SOCIAL_CIRCLE-d-OBS_60_CNT_SOCIAL_CIRCLE,1836.185910999775,96,0.8410481966645256,0.7698336950321221
1,f101_approved_AMT_ANNUITY_d_app_AMT_GOODS_PRICE_diff_std,296.48136138916016,22,0.8410481966645256,0.7698336950321221
1,f101_active_DAYS_LAST_DUE_1ST_VERSION_d_app_DAYS_BIRTH_mean,756.720696926117,45,0.8410481966645256,0.7698336950321221
1,f001_FLAG_WORK_PHONE,1636.7787561416626,93,0.8410481966645256,0.7698336950321221
1,f101_approved_AMT_ANNUITY_d_app_AMT_GOODS_PRICE_mean,264.08459758758545,15,0.8410481966645256,0.7698336950321221
1,f001_building_score_avg_mean,1300.7298097610474,72,0.8410481966645256,0.7698336950321221
1,f101_approved_AMT_ANNUITY_d_app_AMT_GOODS_PRICE_max,271.5850772857666,19,0.8410481966645256,0.7698336950321221
1,f101_approved_AMT_ANNUITY_s_app_AMT_CREDIT_max,799.4791374206543,32,0.8410481966645256,0.7698336950321221
1,f101_approved_AMT_ANNUITY_s_app_AMT_CREDIT_min,421.25793075561523,21,0.8410481966645256,0.7698336950321221
1,f101_approved_AMT_ANNUITY_s_app_AMT_GOODS_PRICE_max,303.8062858581543,20,0.8410481966645256,0.7698336950321221
1,f101_approved_AMT_APPLICATION_d_app_AMT_GOODS_PRICE_max,250.58184909820557,17,0.8410481966645256,0.7698336950321221
1,f101_active_interest_rate_mean,793.3263487815857,49,0.8410481966645256,0.7698336950321221
1,f003_NAME_INCOME_TYPE_ta,857.4353351593018,48,0.8410481966645256,0.7698336950321221
1,f101_approved_AMT_ANNUITY_s_app_AMT_INCOME_TOTAL_max_div_min,372.5696020126343,29,0.8410481966645256,0.7698336950321221
1,f101_approved_AMT_ANNUITY_s_app_AMT_CREDIT_mean,439.9972896575928,21,0.8410481966645256,0.7698336950321221
1,f001_APARTMENTS_MODE,726.997838973999,46,0.8410481966645256,0.7698336950321221
1,f101_approved_AMT_ANNUITY_s_app_AMT_GOODS_PRICE_mean,467.3662087917328,30,0.8410481966645256,0.7698336950321221
1,f001_AMT_GOODS_PRICE-d-CNT_CHILDREN,490.0804920196533,39,0.8410481966645256,0.7698336950321221
1,f101_active_interest_rate_min,456.9963369369507,37,0.8410481966645256,0.7698336950321221
1,f101_active_AMT_CREDIT_d_AMT_APPLICATION_max,455.52908515930176,22,0.8410481966645256,0.7698336950321221
1,f001_LIVINGAREA_MODE,681.9826216697693,46,0.8410481966645256,0.7698336950321221
1,f101_approved_AMT_ANNUITY_d_app_AMT_ANNUITY_diff_max,503.433128118515,35,0.8410481966645256,0.7698336950321221
1,f101_active_DAYS_LAST_DUE_1ST_VERSION_d_app_DAYS_BIRTH_min,1030.1869597434998,61,0.8410481966645256,0.7698336950321221
1,f101_active_AMT_CREDIT_d_total_debt_diff_min,391.54528880119324,32,0.8410481966645256,0.7698336950321221
1,f001_HOUR_APPR_PROCESS_START,382.47070920467377,31,0.8410481966645256,0.7698336950321221
1,f003_NAME_HOUSING_TYPE_ta,469.3372622728348,39,0.8410481966645256,0.7698336950321221
1,f101_active_DAYS_LAST_DUE_d_app_DAYS_BIRTH_min,655.8011722564697,43,0.8410481966645256,0.7698336950321221
1,f001_AMT_CREDIT,556.173340678215,35,0.8410481966645256,0.7698336950321221
1,f101_active_amt_unpaid_std,876.4394359588623,58,0.8410481966645256,0.7698336950321221
1,f001_LIVINGAREA_MEDI,637.1224541664124,40,0.8410481966645256,0.7698336950321221
1,f101_active_DAYS_LAST_DUE_1ST_VERSION_d_app_DAYS_BIRTH_max,448.29216051101685,34,0.8410481966645256,0.7698336950321221
1,f001_REGION_RATING_CLIENT_W_CITY,899.1673150062561,49,0.8410481966645256,0.7698336950321221
1,f101_active_AMT_CREDIT_d_total_debt_pctchange_min,357.61234188079834,25,0.8410481966645256,0.7698336950321221
1,f001_APARTMENTS_AVG,295.4199094772339,20,0.8410481966645256,0.7698336950321221
1,f101_active_DAYS_LAST_DUE_1ST_VERSION_s_app_DAYS_LAST_PHONE_CHANGE_min,273.28107261657715,20,0.8410481966645256,0.7698336950321221
1,f001_LIVINGAREA_AVG,824.7233176231384,46,0.8410481966645256,0.7698336950321221
1,f101_active_cnt_unpaid_sum,503.9822783470154,32,0.8410481966645256,0.7698336950321221
1,f101_approved_AMT_ANNUITY_m_app_AMT_GOODS_PRICE_d_app_AMT_INCOME_TOTAL_diff_max,373.6983890533447,27,0.8410481966645256,0.7698336950321221
1,f101_active_DAYS_LAST_DUE_1ST_VERSION_s_app_DAYS_ID_PUBLISH_min,447.0286898612976,33,0.8410481966645256,0.7698336950321221
1,f101_active_AMT_CREDIT_d_total_debt_diff_max,533.1000075340271,39,0.8410481966645256,0.7698336950321221
1,f001_APARTMENTS_MEDI,456.25656032562256,26,0.8410481966645256,0.7698336950321221
1,f101_approved_AMT_ANNUITY_s_app_AMT_GOODS_PRICE_std,378.08958292007446,28,0.8410481966645256,0.7698336950321221
1,f101_active_AMT_ANNUITY_s_app_AMT_ANNUITY_d_app_AMT_INCOME_TOTAL_min,856.2370147705078,54,0.8410481966645256,0.7698336950321221
1,f101_active_AMT_GOODS_PRICE_d_AMT_CREDIT_mean,239.48561143875122,17,0.8410481966645256,0.7698336950321221
1,f101_active_cnt_paid_ratio_mean,449.0632276535034,33,0.8410481966645256,0.7698336950321221
1,f001_DEF_30_CNT_SOCIAL_CIRCLE,1367.139066696167,68,0.8410481966645256,0.7698336950321221
1,f101_active_DAYS_LAST_DUE_1ST_VERSION_d_app_DAYS_EMPLOYED_mean,503.60126399993896,31,0.8410481966645256,0.7698336950321221
1,f101_active_cnt_paid_ratio_min,459.52161979675293,31,0.8410481966645256,0.7698336950321221
1,f101_active_DAYS_TERMINATION_s_DAYS_LAST_DUE_1ST_VERSION_max,778.088737487793,54,0.8410481966645256,0.7698336950321221
1,f101_approved_AMT_ANNUITY_s_app_AMT_CREDIT_diff_std,140.62233209609985,12,0.8410481966645256,0.7698336950321221
1,f101_active_cnt_unpaid_mean,366.8319683074951,25,0.8410481966645256,0.7698336950321221
1,f101_active_AMT_CREDIT_d_total_debt_diff_mean,426.4088921546936,33,0.8410481966645256,0.7698336950321221
1,f101_approved_AMT_ANNUITY_s_app_AMT_ANNUITY_diff_std,172.56232610344887,15,0.8410481966645256,0.7698336950321221
1,f101_active_AMT_ANNUITY_max,618.1231083869934,43,0.8410481966645256,0.7698336950321221
1,f101_approved_AMT_ANNUITY_s_app_AMT_GOODS_PRICE_diff_std,156.12813186645508,12,0.8410481966645256,0.7698336950321221
1,f101_active_DAYS_LAST_DUE_1ST_VERSION_s_app_DAYS_LAST_PHONE_CHANGE_max,226.94912195205688,17,0.8410481966645256,0.7698336950321221
1,f101_approved_AMT_ANNUITY_d_app_AMT_INCOME_TOTAL_diff_max,445.499347448349,34,0.8410481966645256,0.7698336950321221
1,f101_active_AMT_ANNUITY_min,544.4076738357544,39,0.8410481966645256,0.7698336950321221
1,f101_active_DAYS_LAST_DUE_1ST_VERSION_d_app_DAYS_EMPLOYED_min,304.2106771469116,21,0.8410481966645256,0.7698336950321221
1,f101_approved_AMT_ANNUITY_d_app_AMT_GOODS_PRICE_diff_max,280.79511976242065,25,0.8410481966645256,0.7698336950321221
1,f101_approved_AMT_ANNUITY_d_app_AMT_CREDIT_diff_max,456.408727645874,32,0.8410481966645256,0.7698336950321221
1,f001_building_score_avg_sum,609.50863699615,33,0.8410481966645256,0.7698336950321221
1,f001_building_score_mode_sum,789.0653252601624,41,0.8410481966645256,0.7698336950321221
1,f101_active_DAYS_TERMINATION_d_app_DAYS_BIRTH_min,514.8137502670288,34,0.8410481966645256,0.7698336950321221
1,f101_active_DAYS_TERMINATION_s_DAYS_LAST_DUE_1ST_VERSION_mean,347.8111424446106,23,0.8410481966645256,0.7698336950321221
1,f101_approved_AMT_ANNUITY_std,251.6243019104004,22,0.8410481966645256,0.7698336950321221
1,f101_active_AMT_CREDIT_d_AMT_APPLICATION_mean,381.32176637649536,28,0.8410481966645256,0.7698336950321221
1,f101_approved_AMT_GOODS_PRICE_d_total_debt_mean,9048.815640091896,233,0.8410481966645256,0.7698336950321221
1,f101_active_AMT_ANNUITY_s_app_AMT_ANNUITY_min,478.50968050956726,36,0.8410481966645256,0.7698336950321221
1,f101_approved_HOUR_APPR_PROCESS_START_mean,954.4766924381256,71,0.8410481966645256,0.7698336950321221
1,f101_active_AMT_GOODS_PRICE_d_AMT_CREDIT_min,432.61176776885986,22,0.8410481966645256,0.7698336950321221
1,f101_approved_DAYS_DECISION_s_app_DAYS_BIRTH_max,952.6211452484131,46,0.8410481966645256,0.7698336950321221
1,f101_approved_AMT_GOODS_PRICE_d_total_debt_min,1515.8849704265594,82,0.8410481966645256,0.7698336950321221
1,f101_approved_AMT_GOODS_PRICE_d_total_debt_max,3060.959843635559,91,0.8410481966645256,0.7698336950321221
1,f101_approved_interest_rate_min,2810.931218624115,120,0.8410481966645256,0.7698336950321221
1,f101_approved_DAYS_FIRST_DUE_s_app_DAYS_BIRTH_max,628.8089852333069,30,0.8410481966645256,0.7698336950321221
1,f101_completed_AMT_ANNUITY_s_app_AMT_GOODS_PRICE_min,371.97552013397217,19,0.8410481966645256,0.7698336950321221
1,f101_approved_DAYS_LAST_DUE_d_app_DAYS_BIRTH_min,1303.3399119377136,89,0.8410481966645256,0.7698336950321221
1,f101_approved_DAYS_FIRST_DRAWING_d_app_DAYS_BIRTH_min,4676.574514865875,150,0.8410481966645256,0.7698336950321221
1,f101_approved_AMT_CREDIT_d_total_debt_min,1475.8427584171295,80,0.8410481966645256,0.7698336950321221
1,f101_approved_DAYS_FIRST_DRAWING_d_app_DAYS_BIRTH_max,2651.958960056305,104,0.8410481966645256,0.7698336950321221
1,f101_approved_DAYS_FIRST_DUE_s_app_DAYS_LAST_PHONE_CHANGE_max,653.9120092391968,44,0.8410481966645256,0.7698336950321221
1,f101_approved_DAYS_TERMINATION_s_DAYS_LAST_DUE_1ST_VERSION_max,2475.293255209923,155,0.8410481966645256,0.7698336950321221
1,f101_approved_DAYS_LAST_DUE_1ST_VERSION_d_app_DAYS_BIRTH_mean,1356.735876083374,92,0.8410481966645256,0.7698336950321221
1,f101_approved_DAYS_LAST_DUE_s_app_DAYS_BIRTH_max,587.447963476181,31,0.8410481966645256,0.7698336950321221
1,f101_approved_AMT_CREDIT_d_total_debt_mean,4413.480053901672,128,0.8410481966645256,0.7698336950321221
1,f101_completed_AMT_ANNUITY_s_app_AMT_GOODS_PRICE_mean,227.93521118164062,15,0.8410481966645256,0.7698336950321221
1,f101_approved_DAYS_LAST_DUE_1ST_VERSION_d_app_DAYS_BIRTH_max,580.9823522567749,36,0.8410481966645256,0.7698336950321221
1,f101_approved_DAYS_FIRST_DUE_s_DAYS_DECISIONS_std_div_mean,1637.3662190437317,116,0.8410481966645256,0.7698336950321221
1,f101_approved_DAYS_FIRST_DRAWING_d_app_DAYS_BIRTH_mean,2270.1414699554443,82,0.8410481966645256,0.7698336950321221
1,f101_approved_HOUR_APPR_PROCESS_START_max,416.668981552124,29,0.8410481966645256,0.7698336950321221
1,f101_approved_amt_paid_sum,1064.2537961006165,53,0.8410481966645256,0.7698336950321221
1,f101_approved_DAYS_FIRST_DUE_s_app_DAYS_EMPLOYED_max,564.9742090702057,37,0.8410481966645256,0.7698336950321221
1,f101_completed_AMT_ANNUITY_s_app_AMT_ANNUITY_mean,1226.7830567359924,67,0.8410481966645256,0.7698336950321221
1,f101_approved_AMT_CREDIT_d_AMT_APPLICATION_mean,1709.7900786399841,84,0.8410481966645256,0.7698336950321221
1,f101_completed_AMT_ANNUITY_s_app_AMT_ANNUITY_d_app_AMT_INCOME_TOTAL_max,1457.7544436454773,68,0.8410481966645256,0.7698336950321221
1,f101_approved_DAYS_DECISION_d_app_DAYS_BIRTH_min,1028.3150854110718,80,0.8410481966645256,0.7698336950321221
1,f101_approved_DAYS_LAST_DUE_s_app_DAYS_LAST_PHONE_CHANGE_max,501.4515995979309,37,0.8410481966645256,0.7698336950321221
1,f101_approved_DAYS_DECISION_s_app_DAYS_LAST_PHONE_CHANGE_max,396.3000874519348,28,0.8410481966645256,0.7698336950321221
1,f101_approved_AMT_CREDIT_d_app_AMT_ANNUITY_mean,348.1499881744385,20,0.8410481966645256,0.7698336950321221
1,f101_approved_AMT_CREDIT_d_total_debt_std_div_mean,2179.468771457672,100,0.8410481966645256,0.7698336950321221
1,f101_approved_AMT_GOODS_PRICE_d_app_AMT_ANNUITY_mean,328.768301486969,18,0.8410481966645256,0.7698336950321221
1,f101_approved_AMT_CREDIT_d_total_debt_std,1013.3751775026321,66,0.8410481966645256,0.7698336950321221
1,f101_approved_DAYS_TERMINATION_s_DAYS_LAST_DUE_1ST_VERSION_mean,1286.1652297973633,90,0.8410481966645256,0.7698336950321221
1,f101_approved_DAYS_FIRST_DUE_s_app_DAYS_ID_PUBLISH_max,615.6412895917892,40,0.8410481966645256,0.7698336950321221
1,f101_approved_DAYS_TERMINATION_s_DAYS_LAST_DUE_1ST_VERSION_min,1459.6997621059418,86,0.8410481966645256,0.7698336950321221
1,f101_approved_interest_rate_std,1144.1203963160515,80,0.8410481966645256,0.7698336950321221
1,f101_approved_DAYS_LAST_DUE_1ST_VERSION_s_app_DAYS_EMPLOYED_max,678.6405276060104,47,0.8410481966645256,0.7698336950321221
1,f101_approved_DAYS_FIRST_DUE_d_app_DAYS_EMPLOYED_min,1024.8122358322144,53,0.8410481966645256,0.7698336950321221
1,f101_approved_DAYS_LAST_DUE_d_app_DAYS_EMPLOYED_min,1037.970665693283,47,0.8410481966645256,0.7698336950321221
1,f101_completed_AMT_APPLICATION_d_app_AMT_ANNUITY_max,918.3549462556839,29,0.8410481966645256,0.7698336950321221
1,f101_completed_AMT_ANNUITY_s_app_AMT_ANNUITY_d_app_AMT_INCOME_TOTAL_mean,1201.8836030960083,69,0.8410481966645256,0.7698336950321221
1,f101_approved_AMT_GOODS_PRICE_d_total_debt_std_div_mean,872.7584843635559,62,0.8410481966645256,0.7698336950321221
1,f101_approved_NAME_CLIENT_TYPE_New_mean,954.7092820107937,55,0.8410481966645256,0.7698336950321221
1,f101_completed_AMT_APPLICATION_d_app_AMT_ANNUITY_min,341.06158924102783,23,0.8410481966645256,0.7698336950321221
1,f101_approved_AMT_CREDIT_d_total_debt_max,1196.016123533249,70,0.8410481966645256,0.7698336950321221
1,f101_approved_AMT_APPLICATION_s_app_AMT_GOODS_PRICE_min,438.5310401916504,25,0.8410481966645256,0.7698336950321221
1,f101_completed_AMT_ANNUITY_s_app_AMT_ANNUITY_max,1230.788372516632,52,0.8410481966645256,0.7698336950321221
1,f101_completed_AMT_ANNUITY_s_app_AMT_CREDIT_min,350.89760971069336,22,0.8410481966645256,0.7698336950321221
1,f101_approved_AMT_GOODS_PRICE_s_app_AMT_GOODS_PRICE_min,347.9490303993225,22,0.8410481966645256,0.7698336950321221
1,f101_completed_AMT_APPLICATION_min,456.44591069221497,34,0.8410481966645256,0.7698336950321221
1,f101_approved_interest_rate_mean,1439.8831324577332,92,0.8410481966645256,0.7698336950321221
1,f101_completed_AMT_ANNUITY_d_app_AMT_ANNUITY_min,703.0454435348511,49,0.8410481966645256,0.7698336950321221
1,f101_completed_AMT_ANNUITY_s_app_AMT_ANNUITY_d_app_AMT_INCOME_TOTAL_min,621.0255289077759,45,0.8410481966645256,0.7698336950321221
1,f101_approved_AMT_CREDIT_d_app_AMT_ANNUITY_max,793.3210346698761,42,0.8410481966645256,0.7698336950321221
1,f101_approved_DAYS_TERMINATION_s_app_DAYS_LAST_PHONE_CHANGE_max,477.7517204284668,39,0.8410481966645256,0.7698336950321221
1,f101_completed_AMT_APPLICATION_d_app_AMT_ANNUITY_mean,385.134729385376,23,0.8410481966645256,0.7698336950321221
1,f101_approved_DAYS_LAST_DUE_1ST_VERSION_s_app_DAYS_BIRTH_max,668.8154363632202,42,0.8410481966645256,0.7698336950321221
1,f101_approved_DAYS_LAST_DUE_s_app_DAYS_EMPLOYED_max,415.25090885162354,29,0.8410481966645256,0.7698336950321221
1,f101_approved_DAYS_DECISION_s_app_DAYS_EMPLOYED_max,656.1739082336426,33,0.8410481966645256,0.7698336950321221
1,f101_approved_DAYS_LAST_DUE_1ST_VERSION_d_app_DAYS_EMPLOYED_std,460.385009765625,36,0.8410481966645256,0.7698336950321221
1,f101_approved_interest_rate_diff_std,678.1698334217072,53,0.8410481966645256,0.7698336950321221
1,f101_approved_DAYS_FIRST_DUE_s_app_DAYS_LAST_PHONE_CHANGE_max_div_min,518.5581214427948,41,0.8410481966645256,0.7698336950321221
1,f101_approved_DAYS_LAST_DUE_1ST_VERSION_s_app_DAYS_LAST_PHONE_CHANGE_max,438.5776102542877,33,0.8410481966645256,0.7698336950321221
1,f101_approved_AMT_GOODS_PRICE_s_app_AMT_GOODS_PRICE_mean,581.0831127166748,40,0.8410481966645256,0.7698336950321221
1,f101_approved_DAYS_LAST_DUE_s_DAYS_LAST_DUE_1ST_VERSION_std_div_mean,557.73459815979,44,0.8410481966645256,0.7698336950321221
1,f101_approved_AMT_DOWN_PAYMENT_d_AMT_GOODS_PRICE_diff_min,354.13802433013916,32,0.8410481966645256,0.7698336950321221
1,f101_approved_AMT_CREDIT_s_app_AMT_GOODS_PRICE_min,417.5023307800293,26,0.8410481966645256,0.7698336950321221
1,f101_completed_AMT_ANNUITY_s_app_AMT_GOODS_PRICE_max,242.23015785217285,18,0.8410481966645256,0.7698336950321221
1,f101_completed_AMT_ANNUITY_s_app_AMT_CREDIT_mean,270.5927703380585,17,0.8410481966645256,0.7698336950321221
1,f101_approved_amt_paid_max,630.3936524391174,46,0.8410481966645256,0.7698336950321221
1,f101_approved_AMT_CREDIT_s_app_AMT_CREDIT_min,427.7657608985901,28,0.8410481966645256,0.7698336950321221
1,f101_approved_AMT_GOODS_PRICE_d_app_AMT_ANNUITY_max,317.5975880622864,16,0.8410481966645256,0.7698336950321221
1,f101_completed_AMT_ANNUITY_d_app_AMT_ANNUITY_max,1274.470003604889,58,0.8410481966645256,0.7698336950321221
1,f101_approved_AMT_CREDIT_d_AMT_ANNUITY_min,619.7834405899048,53,0.8410481966645256,0.7698336950321221
1,f101_approved_DAYS_LAST_DUE_1ST_VERSION_s_app_DAYS_ID_PUBLISH_max,664.3844079971313,51,0.8410481966645256,0.7698336950321221
1,f101_approved_AMT_CREDIT_s_app_AMT_GOODS_PRICE_mean,631.5238018035889,42,0.8410481966645256,0.7698336950321221
1,f101_approved_DAYS_TERMINATION_d_app_DAYS_EMPLOYED_min,710.0452263355255,36,0.8410481966645256,0.7698336950321221
1,f101_completed_AMT_ANNUITY_s_app_AMT_CREDIT_max,420.45957112312317,20,0.8410481966645256,0.7698336950321221
1,f101_approved_cnt_unpaid_std,1994.4924459457397,66,0.8410481966645256,0.7698336950321221
1,f101_completed_AMT_ANNUITY_min,543.9688885211945,45,0.8410481966645256,0.7698336950321221
1,f101_approved_DAYS_DECISION_s_app_DAYS_ID_PUBLISH_max,465.7821617126465,36,0.8410481966645256,0.7698336950321221
1,f101_approved_AMT_APPLICATION_s_app_AMT_CREDIT_min,538.8242564201355,25,0.8410481966645256,0.7698336950321221
1,f101_approved_AMT_CREDIT_d_AMT_APPLICATION_max,526.8921785354614,37,0.8410481966645256,0.7698336950321221
1,f101_completed_AMT_ANNUITY_d_app_AMT_INCOME_TOTAL_max,632.0968990325928,42,0.8410481966645256,0.7698336950321221
1,f101_approved_DAYS_FIRST_DUE_d_app_DAYS_BIRTH_min,781.0299038887024,56,0.8410481966645256,0.7698336950321221
1,f101_completed_AMT_ANNUITY_d_app_AMT_INCOME_TOTAL_mean,587.4836888313293,41,0.8410481966645256,0.7698336950321221
1,f101_approved_DAYS_TERMINATION_d_app_DAYS_LAST_PHONE_CHANGE_max_div_min,688.3988094329834,49,0.8410481966645256,0.7698336950321221
1,f101_approved_DAYS_TERMINATION_s_app_DAYS_EMPLOYED_max,509.798969745636,27,0.8410481966645256,0.7698336950321221
1,f101_approved_DAYS_LAST_DUE_s_app_DAYS_LAST_PHONE_CHANGE_mean,495.955002784729,34,0.8410481966645256,0.7698336950321221
1,f101_completed_AMT_ANNUITY_mean,497.6980309486389,33,0.8410481966645256,0.7698336950321221
1,f101_completed_AMT_APPLICATION_mean,207.21939086914062,13,0.8410481966645256,0.7698336950321221
1,f101_approved_DAYS_LAST_DUE_d_app_DAYS_LAST_PHONE_CHANGE_max_div_min,1453.9307470321655,86,0.8410481966645256,0.7698336950321221
1,f101_approved_AMT_DOWN_PAYMENT_max,1205.5583353042603,54,0.8410481966645256,0.7698336950321221
1,f101_completed_AMT_APPLICATION_d_app_AMT_INCOME_TOTAL_mean,376.0008907318115,25,0.8410481966645256,0.7698336950321221
1,f101_approved_DAYS_LAST_DUE_s_app_DAYS_ID_PUBLISH_max,601.3438048362732,41,0.8410481966645256,0.7698336950321221
1,f101_completed_AMT_APPLICATION_d_app_AMT_CREDIT_min,353.63562059402466,29,0.8410481966645256,0.7698336950321221
1,f101_approved_DAYS_DECISION_d_app_DAYS_EMPLOYED_std_div_mean,507.77061903476715,40,0.8410481966645256,0.7698336950321221
1,f101_approved_DAYS_LAST_DUE_1ST_VERSION_s_app_DAYS_LAST_PHONE_CHANGE_mean,476.11931228637695,34,0.8410481966645256,0.7698336950321221
1,f101_approved_interest_rate_max,812.706871509552,58,0.8410481966645256,0.7698336950321221
1,f101_approved_DAYS_FIRST_DUE_s_app_DAYS_LAST_PHONE_CHANGE_mean,396.94236993789673,25,0.8410481966645256,0.7698336950321221
1,f101_approved_AMT_GOODS_PRICE_d_app_AMT_CREDIT_mean,311.1778202056885,21,0.8410481966645256,0.7698336950321221
1,f101_approved_DAYS_LAST_DUE_s_DAYS_FIRST_DUE_max,551.258695602417,41,0.8410481966645256,0.7698336950321221
1,f101_approved_DAYS_FIRST_DRAWING_s_DAYS_DECISIONS_max,1157.683009147644,60,0.8410481966645256,0.7698336950321221
1,f101_completed_AMT_ANNUITY_d_app_AMT_ANNUITY_mean,1064.62562084198,52,0.8410481966645256,0.7698336950321221
1,f101_approved_DAYS_DECISION_d_app_DAYS_EMPLOYED_min,566.0388188362122,32,0.8410481966645256,0.7698336950321221
1,f101_approved_AMT_CREDIT_d_AMT_ANNUITY_max_div_min,486.6993775367737,35,0.8410481966645256,0.7698336950321221
1,f101_approved_DAYS_TERMINATION_s_app_DAYS_ID_PUBLISH_max,514.4015216827393,38,0.8410481966645256,0.7698336950321221
1,f101_completed_AMT_APPLICATION_d_app_AMT_INCOME_TOTAL_max,229.96570014953613,15,0.8410481966645256,0.7698336950321221
1,f101_approved_AMT_GOODS_PRICE_d_AMT_CREDIT_mean,771.6791973114014,46,0.8410481966645256,0.7698336950321221
1,f101_approved_DAYS_FIRST_DUE_d_app_DAYS_EMPLOYED_std_div_mean,465.8608932495117,37,0.8410481966645256,0.7698336950321221
1,f101_completed_AMT_APPLICATION_d_app_AMT_CREDIT_max,413.0518674850464,15,0.8410481966645256,0.7698336950321221
1,f101_approved_DAYS_TERMINATION_s_DAYS_LAST_DUE_1ST_VERSION_std,460.84396171569824,33,0.8410481966645256,0.7698336950321221
1,f101_completed_AMT_ANNUITY_d_app_AMT_CREDIT_min,600.0255312919617,42,0.8410481966645256,0.7698336950321221
1,f101_approved_AMT_GOODS_PRICE_d_AMT_CREDIT_min,651.2152309417725,47,0.8410481966645256,0.7698336950321221
1,f101_approved_CHANNEL_TYPE_AP___Cash_loan__mean,1369.9366583824158,81,0.8410481966645256,0.7698336950321221
1,f101_approved_AMT_GOODS_PRICE_d_total_debt_pctchange_std,226.04462718963623,20,0.8410481966645256,0.7698336950321221
1,f101_completed_AMT_ANNUITY_max,752.7789821624756,44,0.8410481966645256,0.7698336950321221
1,f101_approved_AMT_CREDIT_d_total_debt_pctchange_std,517.9300888776779,37,0.8410481966645256,0.7698336950321221
1,f101_approved_AMT_DOWN_PAYMENT_std,1394.4512343406677,81,0.8410481966645256,0.7698336950321221
1,f101_approved_AMT_APPLICATION_s_app_AMT_GOODS_PRICE_mean,581.6862473487854,34,0.8410481966645256,0.7698336950321221
1,f101_approved_DAYS_TERMINATION_s_app_DAYS_LAST_PHONE_CHANGE_mean,454.8563542366028,36,0.8410481966645256,0.7698336950321221
1,f101_approved_cnt_paid_ratio_std_div_mean,711.5850982666016,40,0.8410481966645256,0.7698336950321221
1,f101_completed_AMT_APPLICATION_d_app_AMT_CREDIT_mean,176.19819927215576,12,0.8410481966645256,0.7698336950321221
1,f101_approved_DAYS_TERMINATION_d_app_DAYS_EMPLOYED_std_div_mean,518.2352929115295,40,0.8410481966645256,0.7698336950321221
1,f101_approved_AMT_GOODS_PRICE_s_app_AMT_CREDIT_min,291.63496947288513,15,0.8410481966645256,0.7698336950321221
1,f101_approved_DAYS_FIRST_DUE_d_app_DAYS_EMPLOYED_mean,385.47951650619507,30,0.8410481966645256,0.7698336950321221
1,f101_approved_DAYS_TERMINATION_s_app_DAYS_BIRTH_max,314.0256118774414,20,0.8410481966645256,0.7698336950321221
1,f101_approved_DAYS_DECISION_d_app_DAYS_EMPLOYED_mean,360.4579608440399,27,0.8410481966645256,0.7698336950321221
1,f101_approved_DAYS_LAST_DUE_1ST_VERSION_s_app_DAYS_ID_PUBLISH_mean,442.7140488624573,34,0.8410481966645256,0.7698336950321221
1,f101_approved_DAYS_LAST_DUE_d_app_DAYS_EMPLOYED_std_div_mean,432.2481713294983,33,0.8410481966645256,0.7698336950321221
1,f101_approved_AMT_DOWN_PAYMENT_d_AMT_GOODS_PRICE_diff_std,291.9914267063141,24,0.8410481966645256,0.7698336950321221
1,f101_approved_AMT_GOODS_PRICE_d_app_AMT_GOODS_PRICE_diff_max,327.072142124176,26,0.8410481966645256,0.7698336950321221
1,f101_approved_DAYS_LAST_DUE_1ST_VERSION_s_app_DAYS_REGISTRATION_max,517.8014693260193,35,0.8410481966645256,0.7698336950321221
1,f101_approved_DAYS_FIRST_DUE_s_app_DAYS_ID_PUBLISH_min,246.53629010915756,20,0.8410481966645256,0.7698336950321221
1,f101_approved_AMT_GOODS_PRICE_d_app_AMT_ANNUITY_diff_max,283.78895831108093,22,0.8410481966645256,0.7698336950321221
1,f101_approved_AMT_CREDIT_s_app_AMT_INCOME_TOTAL_max,334.829261302948,22,0.8410481966645256,0.7698336950321221
1,f101_approved_DAYS_DECISION_s_app_DAYS_ID_PUBLISH_mean,583.3085770606995,40,0.8410481966645256,0.7698336950321221
1,f101_approved_NAME_PRODUCT_TYPE_x_sell_mean,370.5211124420166,29,0.8410481966645256,0.7698336950321221
1,f101_approved_AMT_DOWN_PAYMENT_mean,762.8301410675049,46,0.8410481966645256,0.7698336950321221
1,f101_approved_DAYS_DECISION_s_app_DAYS_LAST_PHONE_CHANGE_mean,421.73795890808105,29,0.8410481966645256,0.7698336950321221
1,f101_approved_cnt_paid_ratio_mean,304.0448718070984,23,0.8410481966645256,0.7698336950321221
1,f101_approved_AMT_CREDIT_d_total_debt_diff_std,304.9534411430359,23,0.8410481966645256,0.7698336950321221
1,f101_approved_DAYS_LAST_DUE_1ST_VERSION_s_DAYS_DECISIONS_mean,693.5076351165771,50,0.8410481966645256,0.7698336950321221
1,f101_approved_AMT_CREDIT_d_app_AMT_CREDIT_max,495.60727310180664,30,0.8410481966645256,0.7698336950321221
1,f101_approved_AMT_DOWN_PAYMENT_d_AMT_GOODS_PRICE_std,414.9871606826782,32,0.8410481966645256,0.7698336950321221
1,f101_approved_DAYS_LAST_DUE_1ST_VERSION_s_app_DAYS_EMPLOYED_mean,334.454966545105,23,0.8410481966645256,0.7698336950321221
1,f101_approved_DAYS_LAST_DUE_s_DAYS_LAST_DUE_1ST_VERSION_std,352.14286851882935,25,0.8410481966645256,0.7698336950321221
1,f101_approved_NAME_YIELD_GROUP_high_mean,579.8275489807129,29,0.8410481966645256,0.7698336950321221
1,f101_completed_AMT_APPLICATION_d_app_AMT_GOODS_PRICE_max,253.5573010444641,18,0.8410481966645256,0.7698336950321221
1,f101_completed_AMT_APPLICATION_d_app_AMT_ANNUITY_diff_mean,224.83469200134277,17,0.8410481966645256,0.7698336950321221
1,f101_approved_AMT_GOODS_PRICE_d_app_AMT_INCOME_TOTAL_max,151.58135986328125,11,0.8410481966645256,0.7698336950321221
1,f101_completed_AMT_APPLICATION_d_app_AMT_GOODS_PRICE_mean,169.76260089874268,11,0.8410481966645256,0.7698336950321221
1,f101_approved_AMT_GOODS_PRICE_s_app_AMT_ANNUITY_d_app_AMT_INCOME_TOTAL_max,180.45339965820312,12,0.8410481966645256,0.7698336950321221
1,f101_approved_DAYS_LAST_DUE_1ST_VERSION_s_DAYS_DECISIONS_std,334.16135025024414,27,0.8410481966645256,0.7698336950321221
1,f101_approved_DAYS_DECISION_s_app_DAYS_BIRTH_mean,645.9326024055481,35,0.8410481966645256,0.7698336950321221
1,f101_approved_AMT_GOODS_PRICE_d_app_AMT_CREDIT_diff_max,296.52715969085693,21,0.8410481966645256,0.7698336950321221
1,f101_approved_cnt_paid_max_div_min,234.4827938079834,17,0.8410481966645256,0.7698336950321221
1,f101_approved_DAYS_TERMINATION_s_app_DAYS_REGISTRATION_max,315.95880933105946,26,0.8410481966645256,0.7698336950321221
1,f101_approved_cnt_paid_sum,567.3963418006897,36,0.8410481966645256,0.7698336950321221
1,f101_approved_AMT_GOODS_PRICE_d_app_AMT_CREDIT_max,170.8940408229828,12,0.8410481966645256,0.7698336950321221
1,f101_approved_DAYS_TERMINATION_d_app_DAYS_EMPLOYED_mean,274.2114419937134,21,0.8410481966645256,0.7698336950321221
1,f101_completed_AMT_ANNUITY_d_app_AMT_CREDIT_max,580.7083654403687,25,0.8410481966645256,0.7698336950321221
1,f101_approved_DAYS_LAST_DUE_1ST_VERSION_s_app_DAYS_EMPLOYED_min,534.3755388259888,35,0.8410481966645256,0.7698336950321221
1,f101_approved_DAYS_LAST_DUE_1ST_VERSION_s_DAYS_DECISIONS_min,395.3903110027313,33,0.8410481966645256,0.7698336950321221
1,f101_completed_AMT_APPLICATION_d_app_AMT_CREDIT_diff_std,302.6356793642044,22,0.8410481966645256,0.7698336950321221
1,f101_approved_NAME_SELLER_INDUSTRY_Connectivity_mean,826.0639886856079,54,0.8410481966645256,0.7698336950321221
1,f101_approved_DAYS_TERMINATION_s_app_DAYS_ID_PUBLISH_min,203.1159372329712,15,0.8410481966645256,0.7698336950321221
1,f101_approved_DAYS_LAST_DUE_s_app_DAYS_ID_PUBLISH_min,251.31034898757935,20,0.8410481966645256,0.7698336950321221
1,f101_approved_RATE_DOWN_PAYMENT_std,415.41238737106323,33,0.8410481966645256,0.7698336950321221
1,f101_approved_cnt_unpaid_mean,206.55819988250732,13,0.8410481966645256,0.7698336950321221
1,f101_approved_DAYS_FIRST_DUE_s_app_DAYS_ID_PUBLISH_mean,360.2942109107971,26,0.8410481966645256,0.7698336950321221
1,f101_approved_DAYS_LAST_DUE_1ST_VERSION_s_app_DAYS_REGISTRATION_mean,266.20540857315063,18,0.8410481966645256,0.7698336950321221
1,f101_approved_DAYS_LAST_DUE_s_app_DAYS_REGISTRATION_max,413.2594919204712,31,0.8410481966645256,0.7698336950321221
1,f101_approved_DAYS_FIRST_DUE_s_app_DAYS_REGISTRATION_max,352.0441508293152,24,0.8410481966645256,0.7698336950321221
1,f101_completed_AMT_ANNUITY_s_app_AMT_ANNUITY_d_app_AMT_INCOME_TOTAL_pctchange_max,408.931272983551,32,0.8410481966645256,0.7698336950321221
1,f101_completed_AMT_ANNUITY_s_app_AMT_ANNUITY_d_app_AMT_INCOME_TOTAL_pctchange_mean,319.8886739760637,25,0.8410481966645256,0.7698336950321221
1,f101_approved_AMT_DOWN_PAYMENT_d_AMT_GOODS_PRICE_mean,492.4894208908081,40,0.8410481966645256,0.7698336950321221
1,f101_completed_AMT_ANNUITY_d_app_AMT_CREDIT_mean,556.5142664909363,25,0.8410481966645256,0.7698336950321221
1,f101_completed_AMT_ANNUITY_d_app_AMT_ANNUITY_std,359.2913980484009,16,0.8410481966645256,0.7698336950321221
1,f101_approved_DAYS_LAST_DUE_s_app_DAYS_BIRTH_mean,286.2067828178406,20,0.8410481966645256,0.7698336950321221
1,f101_approved_DAYS_LAST_DUE_s_app_DAYS_ID_PUBLISH_mean,225.07683992385864,17,0.8410481966645256,0.7698336950321221
1,f101_approved_DAYS_FIRST_DRAWING_s_app_DAYS_EMPLOYED_min,1187.0946140289307,60,0.8410481966645256,0.7698336950321221
1,f101_approved_DAYS_FIRST_DUE_s_app_DAYS_BIRTH_min,621.1064388751984,34,0.8410481966645256,0.7698336950321221
1,f101_approved_cnt_unpaid_max,426.87743186950684,23,0.8410481966645256,0.7698336950321221
1,f101_approved_DAYS_FIRST_DUE_s_app_DAYS_BIRTH_max_div_min,672.5238704681396,40,0.8410481966645256,0.7698336950321221
1,f101_approved_cnt_paid_ratio_std,325.2985095977783,20,0.8410481966645256,0.7698336950321221
1,f101_approved_DAYS_LAST_DUE_1ST_VERSION_s_app_DAYS_BIRTH_min,451.03746032714844,28,0.8410481966645256,0.7698336950321221
1,f101_approved_DAYS_DECISION_s_app_DAYS_EMPLOYED_mean,317.5733017921448,23,0.8410481966645256,0.7698336950321221
1,f101_approved_DAYS_LAST_DUE_1ST_VERSION_s_app_DAYS_BIRTH_max_div_min,366.04387760162354,26,0.8410481966645256,0.7698336950321221
1,f101_approved_AMT_APPLICATION_s_app_AMT_INCOME_TOTAL_max,183.0031509399414,12,0.8410481966645256,0.7698336950321221
1,f101_approved_AMT_GOODS_PRICE_d_app_AMT_GOODS_PRICE_max,217.0096321105957,16,0.8410481966645256,0.7698336950321221
1,f101_approved_AMT_CREDIT_max,275.0312399864197,20,0.8410481966645256,0.7698336950321221
1,f101_approved_DAYS_TERMINATION_s_app_DAYS_ID_PUBLISH_mean,221.02521896362305,15,0.8410481966645256,0.7698336950321221
1,f101_approved_AMT_GOODS_PRICE_mean,381.33551836013794,27,0.8410481966645256,0.7698336950321221
1,f101_approved_RATE_DOWN_PAYMENT_mean,397.5979905128479,29,0.8410481966645256,0.7698336950321221
1,f101_approved_AMT_CREDIT_d_AMT_APPLICATION_min,714.9222130775452,44,0.8410481966645256,0.7698336950321221
1,f101_completed_AMT_ANNUITY_d_app_AMT_GOODS_PRICE_max,379.3525199890137,25,0.8410481966645256,0.7698336950321221
1,f101_approved_DAYS_FIRST_DRAWING_s_DAYS_DECISIONS_min,1056.5216569900513,54,0.8410481966645256,0.7698336950321221
1,f101_completed_AMT_APPLICATION_d_app_AMT_INCOME_TOTAL_std,290.33489179611206,20,0.8410481966645256,0.7698336950321221
1,f101_approved_cnt_unpaid_sum,264.1465482711792,18,0.8410481966645256,0.7698336950321221
1,f101_approved_DAYS_LAST_DUE_d_app_DAYS_EMPLOYED_mean,348.2905602455139,26,0.8410481966645256,0.7698336950321221
1,f101_approved_DAYS_DECISION_s_app_DAYS_REGISTRATION_max,288.7094702720642,25,0.8410481966645256,0.7698336950321221
1,f101_approved_AMT_APPLICATION_s_app_AMT_ANNUITY_mean,231.14780139923096,14,0.8410481966645256,0.7698336950321221
1,f101_completed_AMT_ANNUITY_s_app_AMT_ANNUITY_pctchange_mean,336.3785800933838,27,0.8410481966645256,0.7698336950321221
1,f101_completed_AMT_ANNUITY_d_app_AMT_GOODS_PRICE_mean,285.8725280761719,20,0.8410481966645256,0.7698336950321221
1,f101_approved_DAYS_TERMINATION_s_app_DAYS_BIRTH_mean,149.36889171600342,11,0.8410481966645256,0.7698336950321221
1,f101_completed_AMT_APPLICATION_d_app_AMT_GOODS_PRICE_diff_max,157.28593921661377,11,0.8410481966645256,0.7698336950321221
1,f101_approved_AMT_DOWN_PAYMENT_d_AMT_GOODS_PRICE_max,462.08413195610046,31,0.8410481966645256,0.7698336950321221
1,f101_completed_AMT_ANNUITY_s_app_AMT_ANNUITY_pctchange_max,228.5339893102646,19,0.8410481966645256,0.7698336950321221
1,f101_approved_DAYS_LAST_DUE_1ST_VERSION_s_app_DAYS_BIRTH_mean,665.1667227745056,38,0.8410481966645256,0.7698336950321221
1,f101_approved_DAYS_FIRST_DUE_s_app_DAYS_REGISTRATION_mean,260.7366054058075,20,0.8410481966645256,0.7698336950321221
1,f101_approved_AMT_CREDIT_s_app_AMT_ANNUITY_mean,368.18883979320526,25,0.8410481966645256,0.7698336950321221
1,f101_approved_DAYS_FIRST_DUE_s_app_DAYS_EMPLOYED_mean,247.149507522583,18,0.8410481966645256,0.7698336950321221
1,f101_approved_AMT_CREDIT_mean,292.4058849811554,23,0.8410481966645256,0.7698336950321221
1,f101_approved_CNT_PAYMENT_std,353.7530279159546,22,0.8410481966645256,0.7698336950321221
1,f101_approved_AMT_GOODS_PRICE_s_app_AMT_ANNUITY_max,340.80689239501953,21,0.8410481966645256,0.7698336950321221
1,f101_approved_DAYS_FIRST_DRAWING_s_app_DAYS_BIRTH_max,1176.6840600967407,74,0.8410481966645256,0.7698336950321221
1,f101_approved_DAYS_LAST_DUE_s_app_DAYS_EMPLOYED_mean,213.3929901123047,14,0.8410481966645256,0.7698336950321221
1,f101_approved_DAYS_TERMINATION_s_app_DAYS_REGISTRATION_mean,222.40275859832764,15,0.8410481966645256,0.7698336950321221
1,f101_completed_AMT_APPLICATION_d_app_AMT_CREDIT_diff_max,100.75998020172119,7,0.8410481966645256,0.7698336950321221
1,f101_approved_AMT_GOODS_PRICE_s_app_AMT_INCOME_TOTAL_max,284.3958806991577,21,0.8410481966645256,0.7698336950321221
1,f101_approved_DAYS_LAST_DUE_1ST_VERSION_s_app_DAYS_REGISTRATION_min,251.40220165252686,21,0.8410481966645256,0.7698336950321221
1,f101_approved_DAYS_LAST_DUE_s_DAYS_FIRST_DRAWING_max,1358.6332240104675,87,0.8410481966645256,0.7698336950321221
1,f101_approved_DAYS_DECISION_s_app_DAYS_ID_PUBLISH_min,374.83196687698364,30,0.8410481966645256,0.7698336950321221
1,f101_approved_DAYS_TERMINATION_s_app_DAYS_BIRTH_min,380.2058296203613,25,0.8410481966645256,0.7698336950321221
1,f101_approved_amt_unpaid_std,625.2376708984375,36,0.8410481966645256,0.7698336950321221
1,f101_approved_DAYS_TERMINATION_s_app_DAYS_EMPLOYED_min,165.0217719078064,15,0.8410481966645256,0.7698336950321221
1,f101_approved_DAYS_LAST_DUE_1ST_VERSION_s_DAYS_FIRST_DUE_std,368.1404881477356,23,0.8410481966645256,0.7698336950321221
1,f101_approved_DAYS_LAST_DUE_s_DAYS_LAST_DUE_1ST_VERSION_mean,763.3926412761211,44,0.8410481966645256,0.7698336950321221
1,f101_approved_DAYS_LAST_DUE_s_app_DAYS_REGISTRATION_min,215.01490020751953,17,0.8410481966645256,0.7698336950321221
1,f101_approved_amt_unpaid_mean,154.24068927764893,14,0.8410481966645256,0.7698336950321221
1,f101_completed_AMT_APPLICATION_m_app_AMT_GOODS_PRICE_d_app_AMT_INCOME_TOTAL_diff_mean,558.5642495155334,37,0.8410481966645256,0.7698336950321221
1,f101_completed_AMT_APPLICATION_d_app_AMT_GOODS_PRICE_std,60.30869960784912,5,0.8410481966645256,0.7698336950321221
1,f101_approved_DAYS_DECISION_s_app_DAYS_REGISTRATION_min,425.8107662200928,27,0.8410481966645256,0.7698336950321221
1,f101_approved_DAYS_DECISION_s_app_DAYS_BIRTH_max_div_min,451.9466943740845,29,0.8410481966645256,0.7698336950321221
1,f101_approved_AMT_GOODS_PRICE_s_app_AMT_ANNUITY_mean,282.56779623031616,20,0.8410481966645256,0.7698336950321221
1,f101_approved_DAYS_LAST_DUE_s_app_DAYS_BIRTH_min,198.0567979812622,13,0.8410481966645256,0.7698336950321221
1,f101_completed_AMT_ANNUITY_d_app_AMT_GOODS_PRICE_std,286.20744037628174,25,0.8410481966645256,0.7698336950321221
1,f101_approved_DAYS_FIRST_DUE_s_app_DAYS_REGISTRATION_min,176.83664989471436,14,0.8410481966645256,0.7698336950321221
1,f101_approved_DAYS_LAST_DUE_s_app_DAYS_REGISTRATION_mean,243.09133875370026,19,0.8410481966645256,0.7698336950321221
1,f101_approved_AMT_GOODS_PRICE_max,116.26665019989014,9,0.8410481966645256,0.7698336950321221
1,f101_completed_AMT_APPLICATION_d_app_AMT_INCOME_TOTAL_diff_mean,142.29287958145142,11,0.8410481966645256,0.7698336950321221
1,f101_approved_DAYS_TERMINATION_s_app_DAYS_EMPLOYED_mean,322.5980291366577,19,0.8410481966645256,0.7698336950321221
1,f101_approved_DAYS_LAST_DUE_s_app_DAYS_EMPLOYED_min,244.93585014343262,18,0.8410481966645256,0.7698336950321221
1,f101_completed_AMT_APPLICATION_d_app_AMT_ANNUITY_std,81.15841007232666,7,0.8410481966645256,0.7698336950321221
1,f101_approved_DAYS_FIRST_DRAWING_s_DAYS_DECISIONS_mean,300.8045811653137,19,0.8410481966645256,0.7698336950321221
1,f101_approved_DAYS_FIRST_DUE_s_app_DAYS_BIRTH_mean,426.3830714225769,28,0.8410481966645256,0.7698336950321221
1,f101_completed_AMT_APPLICATION_d_app_AMT_ANNUITY_diff_max,75.48409938812256,6,0.8410481966645256,0.7698336950321221
1,f101_approved_PRODUCT_COMBINATION_POS_household_with_interest_sum,121.54106903076172,9,0.8410481966645256,0.7698336950321221
1,f101_approved_CHANNEL_TYPE_Stone_sum,133.75355887413025,12,0.8410481966645256,0.7698336950321221
1,f101_approved_AMT_CREDIT_s_app_AMT_ANNUITY_max,441.44417667388916,27,0.8410481966645256,0.7698336950321221
1,f101_approved_DAYS_FIRST_DUE_s_app_DAYS_EMPLOYED_min,193.96411228179932,14,0.8410481966645256,0.7698336950321221
1,f101_completed_AMT_ANNUITY_d_app_AMT_CREDIT_std,345.336462020874,22,0.8410481966645256,0.7698336950321221
1,f101_approved_NAME_TYPE_SUITE_Unaccompanied_sum,301.8861517906189,23,0.8410481966645256,0.7698336950321221
1,f101_completed_AMT_ANNUITY_d_app_AMT_ANNUITY_diff_max,422.3348119854927,30,0.8410481966645256,0.7698336950321221
1,f101_completed_DAYS_DECISION_d_app_DAYS_EMPLOYED_min,3093.8147954940796,56,0.8410481966645256,0.7698336950321221
1,f101_completed_AMT_CREDIT_d_total_debt_pctchange_mean,734.6462688446045,51,0.8410481966645256,0.7698336950321221
1,f101_completed_AMT_GOODS_PRICE_d_total_debt_max,923.8817830085754,57,0.8410481966645256,0.7698336950321221
1,f101_completed_HOUR_APPR_PROCESS_START_max,472.98006868362427,34,0.8410481966645256,0.7698336950321221
1,f101_completed_HOUR_APPR_PROCESS_START_mean,726.770262002945,57,0.8410481966645256,0.7698336950321221
1,f101_completed_AMT_GOODS_PRICE_d_app_AMT_ANNUITY_mean,488.0779037475586,18,0.8410481966645256,0.7698336950321221
1,f101_completed_DAYS_TERMINATION_d_app_DAYS_BIRTH_min,418.5822582244873,31,0.8410481966645256,0.7698336950321221
1,f101_completed_AMT_GOODS_PRICE_d_total_debt_mean,678.5991539210081,51,0.8410481966645256,0.7698336950321221
1,f101_completed_AMT_CREDIT_s_app_AMT_GOODS_PRICE_min,178.8807611465454,14,0.8410481966645256,0.7698336950321221
1,f101_completed_DAYS_FIRST_DUE_d_app_DAYS_EMPLOYED_min,1526.9360308647156,52,0.8410481966645256,0.7698336950321221
1,f101_completed_DAYS_LAST_DUE_1ST_VERSION_d_app_DAYS_BIRTH_min,648.7596788406372,49,0.8410481966645256,0.7698336950321221
1,f101_completed_AMT_CREDIT_d_total_debt_mean,726.6590194702148,49,0.8410481966645256,0.7698336950321221
1,f101_completed_DAYS_DECISION_s_app_DAYS_BIRTH_max,230.11249828338623,12,0.8410481966645256,0.7698336950321221
1,f101_completed_AMT_CREDIT_s_app_AMT_CREDIT_min,119.06156921386719,8,0.8410481966645256,0.7698336950321221
1,f101_completed_AMT_GOODS_PRICE_d_app_AMT_ANNUITY_min,481.77912759780884,32,0.8410481966645256,0.7698336950321221
1,f101_completed_AMT_GOODS_PRICE_s_app_AMT_GOODS_PRICE_min,149.28246879577637,8,0.8410481966645256,0.7698336950321221
1,f101_completed_AMT_CREDIT_d_total_debt_max,777.4179720878601,55,0.8410481966645256,0.7698336950321221
1,f101_completed_AMT_GOODS_PRICE_d_total_debt_min,655.2030377388,49,0.8410481966645256,0.7698336950321221
1,f101_completed_DAYS_LAST_DUE_s_DAYS_DECISIONS_max,407.910719871521,35,0.8410481966645256,0.7698336950321221
1,f101_completed_DAYS_LAST_DUE_s_DAYS_LAST_DUE_1ST_VERSION_std,439.4393148422241,34,0.8410481966645256,0.7698336950321221
1,f101_completed_AMT_APPLICATION_s_app_AMT_GOODS_PRICE_min,283.5290503501892,13,0.8410481966645256,0.7698336950321221
1,f101_completed_DAYS_LAST_DUE_d_app_DAYS_BIRTH_min,445.7659502029419,33,0.8410481966645256,0.7698336950321221
1,f101_completed_AMT_GOODS_PRICE_d_app_AMT_ANNUITY_max,701.310001373291,20,0.8410481966645256,0.7698336950321221
1,f101_completed_AMT_CREDIT_s_app_AMT_GOODS_PRICE_mean,256.3255910873413,16,0.8410481966645256,0.7698336950321221
1,f101_completed_AMT_DOWN_PAYMENT_max,693.2279644012451,40,0.8410481966645256,0.7698336950321221
1,f101_completed_AMT_CREDIT_d_total_debt_min,750.4256329536438,54,0.8410481966645256,0.7698336950321221
1,f101_completed_AMT_CREDIT_d_AMT_APPLICATION_max,707.9657821655273,53,0.8410481966645256,0.7698336950321221
1,f101_completed_DAYS_FIRST_DUE_s_app_DAYS_BIRTH_max,305.6051414012909,19,0.8410481966645256,0.7698336950321221
1,f101_completed_AMT_CREDIT_d_app_AMT_ANNUITY_min,422.6009669303894,31,0.8410481966645256,0.7698336950321221
1,f101_completed_AMT_GOODS_PRICE_d_app_AMT_CREDIT_min,208.17311096191406,15,0.8410481966645256,0.7698336950321221
1,f101_completed_AMT_APPLICATION_s_app_AMT_CREDIT_min,137.5450897216797,10,0.8410481966645256,0.7698336950321221
1,f101_completed_NAME_CLIENT_TYPE_New_mean,196.3176498413086,12,0.8410481966645256,0.7698336950321221
1,f101_completed_AMT_GOODS_PRICE_d_AMT_ANNUITY_max,1265.320629477501,81,0.8410481966645256,0.7698336950321221
1,f101_completed_AMT_GOODS_PRICE_s_app_AMT_CREDIT_min,281.68870878219604,17,0.8410481966645256,0.7698336950321221
1,f101_completed_DAYS_TERMINATION_s_app_DAYS_LAST_PHONE_CHANGE_max,458.2239294052124,32,0.8410481966645256,0.7698336950321221
1,f101_completed_DAYS_FIRST_DUE_s_app_DAYS_LAST_PHONE_CHANGE_max,363.789119720459,25,0.8410481966645256,0.7698336950321221
1,f101_completed_DAYS_LAST_DUE_s_app_DAYS_LAST_PHONE_CHANGE_max,325.64930856227875,25,0.8410481966645256,0.7698336950321221
1,f101_completed_DAYS_DECISION_s_app_DAYS_LAST_PHONE_CHANGE_max,250.74668169021606,18,0.8410481966645256,0.7698336950321221
1,f101_completed_AMT_CREDIT_d_AMT_APPLICATION_mean,614.504497885704,42,0.8410481966645256,0.7698336950321221
1,f101_completed_AMT_GOODS_PRICE_d_AMT_ANNUITY_mean,934.5081796646118,74,0.8410481966645256,0.7698336950321221
1,f101_completed_AMT_GOODS_PRICE_min,434.64105892181396,32,0.8410481966645256,0.7698336950321221
1,f101_completed_AMT_GOODS_PRICE_d_app_AMT_CREDIT_max,491.74560260772705,24,0.8410481966645256,0.7698336950321221
1,f101_completed_AMT_CREDIT_d_AMT_ANNUITY_max,581.5535492897034,41,0.8410481966645256,0.7698336950321221
1,f101_completed_DAYS_LAST_DUE_s_app_DAYS_BIRTH_max,340.11189103126526,21,0.8410481966645256,0.7698336950321221
1,f101_completed_DAYS_DECISION_d_app_DAYS_BIRTH_min,507.2146019935608,39,0.8410481966645256,0.7698336950321221
1,f101_completed_AMT_GOODS_PRICE_d_total_debt_pctchange_std,590.9866247177124,42,0.8410481966645256,0.7698336950321221
1,f101_completed_AMT_CREDIT_d_app_AMT_ANNUITY_mean,408.20150661468506,28,0.8410481966645256,0.7698336950321221
1,f101_completed_AMT_DOWN_PAYMENT_d_AMT_GOODS_PRICE_diff_min,356.020311832428,28,0.8410481966645256,0.7698336950321221
1,f101_completed_AMT_CREDIT_d_total_debt_pctchange_std,394.1930990219116,30,0.8410481966645256,0.7698336950321221
1,f101_completed_AMT_DOWN_PAYMENT_std,1160.3031823635101,53,0.8410481966645256,0.7698336950321221
1,f101_completed_DAYS_FIRST_DUE_d_app_DAYS_BIRTH_min,376.6735076904297,28,0.8410481966645256,0.7698336950321221
1,f101_completed_AMT_GOODS_PRICE_d_app_AMT_CREDIT_mean,267.13874912261963,13,0.8410481966645256,0.7698336950321221
1,f101_completed_DAYS_TERMINATION_s_app_DAYS_LAST_PHONE_CHANGE_mean,349.2312967851758,27,0.8410481966645256,0.7698336950321221
1,f101_completed_DAYS_FIRST_DUE_s_app_DAYS_LAST_PHONE_CHANGE_max_div_min,515.6733479499817,41,0.8410481966645256,0.7698336950321221
1,f101_completed_AMT_GOODS_PRICE_d_AMT_CREDIT_mean,428.59134244918823,34,0.8410481966645256,0.7698336950321221
1,f101_completed_DAYS_FIRST_DUE_s_DAYS_DECISIONS_min,691.4441137313843,47,0.8410481966645256,0.7698336950321221
1,f101_completed_AMT_CREDIT_d_total_debt_std_div_mean,509.7592897415161,33,0.8410481966645256,0.7698336950321221
1,f101_completed_DAYS_TERMINATION_s_app_DAYS_ID_PUBLISH_max,297.07775843143463,21,0.8410481966645256,0.7698336950321221
1,f101_completed_DAYS_LAST_DUE_1ST_VERSION_s_app_DAYS_ID_PUBLISH_max,319.9284691810608,25,0.8410481966645256,0.7698336950321221
1,f101_completed_DAYS_LAST_DUE_1ST_VERSION_d_app_DAYS_EMPLOYED_min,521.6653580665588,41,0.8410481966645256,0.7698336950321221
1,f101_completed_AMT_GOODS_PRICE_d_AMT_ANNUITY_pctchange_max,340.4546093940735,26,0.8410481966645256,0.7698336950321221
1,f101_completed_DAYS_TERMINATION_s_app_DAYS_EMPLOYED_max,250.56963729858398,15,0.8410481966645256,0.7698336950321221
1,f101_completed_DAYS_FIRST_DUE_s_app_DAYS_ID_PUBLISH_max,218.01196002960205,15,0.8410481966645256,0.7698336950321221
1,f101_completed_AMT_CREDIT_d_AMT_APPLICATION_min,404.10908699035645,20,0.8410481966645256,0.7698336950321221
1,f101_completed_DAYS_TERMINATION_s_app_DAYS_BIRTH_max,143.48434829711914,8,0.8410481966645256,0.7698336950321221
1,f101_completed_AMT_DOWN_PAYMENT_mean,536.9383466243744,39,0.8410481966645256,0.7698336950321221
1,f101_completed_DAYS_LAST_DUE_1ST_VERSION_s_DAYS_DECISIONS_min,366.95999002456665,27,0.8410481966645256,0.7698336950321221
1,f101_completed_DAYS_FIRST_DUE_s_app_DAYS_EMPLOYED_max,482.768759727478,30,0.8410481966645256,0.7698336950321221
1,f101_completed_DAYS_DECISION_s_app_DAYS_ID_PUBLISH_max,380.0630912780762,27,0.8410481966645256,0.7698336950321221
1,f101_completed_DAYS_LAST_DUE_s_app_DAYS_ID_PUBLISH_max,242.14721870422363,19,0.8410481966645256,0.7698336950321221
1,f101_completed_AMT_CREDIT_d_app_AMT_CREDIT_max,396.1703643798828,20,0.8410481966645256,0.7698336950321221
1,f101_completed_AMT_GOODS_PRICE_d_app_AMT_GOODS_PRICE_max,169.2522521018982,12,0.8410481966645256,0.7698336950321221
1,f101_completed_AMT_GOODS_PRICE_d_AMT_ANNUITY_diff_max,381.3949179649353,30,0.8410481966645256,0.7698336950321221
1,f101_completed_AMT_CREDIT_s_app_AMT_INCOME_TOTAL_max,378.3131093978882,30,0.8410481966645256,0.7698336950321221
1,f101_completed_DAYS_LAST_DUE_1ST_VERSION_d_app_DAYS_EMPLOYED_std_div_mean,503.8596559166908,36,0.8410481966645256,0.7698336950321221
1,f101_completed_AMT_APPLICATION_s_app_AMT_GOODS_PRICE_mean,237.77642965316772,16,0.8410481966645256,0.7698336950321221
1,f101_completed_NAME_YIELD_GROUP_high_mean,173.3685007095337,11,0.8410481966645256,0.7698336950321221
1,f101_completed_DAYS_LAST_DUE_1ST_VERSION_s_app_DAYS_LAST_PHONE_CHANGE_max,527.3963708877563,38,0.8410481966645256,0.7698336950321221
1,f101_completed_HOUR_APPR_PROCESS_START_max_div_min,278.63173097372055,23,0.8410481966645256,0.7698336950321221
1,f101_completed_DAYS_LAST_DUE_s_DAYS_FIRST_DUE_max_div_min,345.3158280849457,28,0.8410481966645256,0.7698336950321221
1,f101_completed_AMT_CREDIT_d_app_AMT_ANNUITY_max,300.9041042327881,9,0.8410481966645256,0.7698336950321221
1,f101_completed_AMT_GOODS_PRICE_d_app_AMT_INCOME_TOTAL_mean,203.16137027740479,14,0.8410481966645256,0.7698336950321221
1,f101_completed_AMT_CREDIT_d_AMT_ANNUITY_pctchange_max,380.169771194458,30,0.8410481966645256,0.7698336950321221
1,f101_completed_AMT_GOODS_PRICE_d_app_AMT_CREDIT_diff_std,232.28543186187744,18,0.8410481966645256,0.7698336950321221
1,f101_completed_DAYS_LAST_DUE_s_app_DAYS_EMPLOYED_max,224.6825408935547,13,0.8410481966645256,0.7698336950321221
1,f101_completed_DAYS_DECISION_s_app_DAYS_EMPLOYED_max,610.3505392074585,31,0.8410481966645256,0.7698336950321221
1,f101_completed_DAYS_LAST_DUE_1ST_VERSION_d_app_DAYS_EMPLOYED_mean,155.1979899406433,12,0.8410481966645256,0.7698336950321221
1,f101_completed_DAYS_LAST_DUE_1ST_VERSION_s_app_DAYS_BIRTH_max,310.965838432312,21,0.8410481966645256,0.7698336950321221
1,f101_completed_amt_paid_sum,366.25374841690063,28,0.8410481966645256,0.7698336950321221
1,f101_completed_AMT_GOODS_PRICE_s_app_AMT_GOODS_PRICE_mean,173.71495294570923,11,0.8410481966645256,0.7698336950321221
1,f101_completed_AMT_CREDIT_d_app_AMT_INCOME_TOTAL_mean,354.60430097579956,27,0.8410481966645256,0.7698336950321221
1,f101_completed_AMT_CREDIT_d_app_AMT_GOODS_PRICE_max,157.1299877166748,12,0.8410481966645256,0.7698336950321221
1,f101_completed_DAYS_TERMINATION_d_app_DAYS_EMPLOYED_min,324.09272289276123,25,0.8410481966645256,0.7698336950321221
1,f101_completed_AMT_CREDIT_d_app_AMT_GOODS_PRICE_mean,168.5969204902649,11,0.8410481966645256,0.7698336950321221
1,f101_completed_DAYS_LAST_DUE_1ST_VERSION_s_app_DAYS_LAST_PHONE_CHANGE_mean,311.810019493103,23,0.8410481966645256,0.7698336950321221
1,f101_completed_AMT_GOODS_PRICE_d_app_AMT_CREDIT_diff_mean,378.1380319595337,27,0.8410481966645256,0.7698336950321221
1,f101_completed_DAYS_LAST_DUE_d_app_DAYS_LAST_PHONE_CHANGE_max_div_min,382.78993701934814,27,0.8410481966645256,0.7698336950321221
1,f101_completed_AMT_CREDIT_d_AMT_ANNUITY_diff_max,275.6764693260193,24,0.8410481966645256,0.7698336950321221
1,f101_completed_DAYS_TERMINATION_s_app_DAYS_REGISTRATION_max,420.7518320083618,29,0.8410481966645256,0.7698336950321221
1,f101_completed_DAYS_LAST_DUE_1ST_VERSION_s_app_DAYS_EMPLOYED_max,393.1834783554077,23,0.8410481966645256,0.7698336950321221
1,f101_completed_AMT_CREDIT_d_total_debt_diff_std,116.1546082496643,8,0.8410481966645256,0.7698336950321221
1,f101_completed_DAYS_TERMINATION_s_DAYS_DECISIONS_max_div_min,263.24712896347046,21,0.8410481966645256,0.7698336950321221
1,f101_completed_DAYS_TERMINATION_d_app_DAYS_LAST_PHONE_CHANGE_max_div_min,237.07530117034912,16,0.8410481966645256,0.7698336950321221
1,f101_completed_AMT_GOODS_PRICE_d_app_AMT_GOODS_PRICE_mean,158.26342105865479,11,0.8410481966645256,0.7698336950321221
1,f101_completed_AMT_CREDIT_d_total_debt_max_div_min,196.49688816070557,14,0.8410481966645256,0.7698336950321221
1,f101_completed_AMT_GOODS_PRICE_mean,272.9789505004883,19,0.8410481966645256,0.7698336950321221
1,f101_completed_AMT_DOWN_PAYMENT_d_AMT_GOODS_PRICE_mean,267.7856616973877,22,0.8410481966645256,0.7698336950321221
1,f101_completed_amt_paid_max,267.5150734335184,21,0.8410481966645256,0.7698336950321221
1,f101_completed_DAYS_LAST_DUE_s_DAYS_LAST_DUE_1ST_VERSION_max,210.24001121520996,15,0.8410481966645256,0.7698336950321221
1,f101_completed_AMT_CREDIT_d_app_AMT_CREDIT_mean,181.0523018836975,14,0.8410481966645256,0.7698336950321221
1,f101_completed_DAYS_LAST_DUE_s_app_DAYS_REGISTRATION_max,206.9645013809204,12,0.8410481966645256,0.7698336950321221
1,f101_completed_DAYS_LAST_DUE_d_app_DAYS_EMPLOYED_mean,211.77280855178833,16,0.8410481966645256,0.7698336950321221
1,f101_completed_AMT_GOODS_PRICE_d_AMT_CREDIT_max,522.3028838634491,37,0.8410481966645256,0.7698336950321221
1,f101_completed_DAYS_TERMINATION_s_app_DAYS_BIRTH_min,232.9354329109192,15,0.8410481966645256,0.7698336950321221
1,f101_completed_AMT_CREDIT_mean,359.8508620262146,26,0.8410481966645256,0.7698336950321221
1,f101_completed_DAYS_LAST_DUE_s_app_DAYS_LAST_PHONE_CHANGE_mean,228.08820962905884,19,0.8410481966645256,0.7698336950321221
1,f101_completed_DAYS_FIRST_DUE_s_app_DAYS_LAST_PHONE_CHANGE_mean,97.89496946334839,9,0.8410481966645256,0.7698336950321221
1,f101_completed_DAYS_TERMINATION_s_app_DAYS_ID_PUBLISH_mean,226.26294946670532,17,0.8410481966645256,0.7698336950321221
1,f101_completed_DAYS_TERMINATION_d_app_DAYS_EMPLOYED_mean,229.31552982330322,15,0.8410481966645256,0.7698336950321221
1,f101_completed_DAYS_LAST_DUE_1ST_VERSION_s_app_DAYS_REGISTRATION_max,230.37049770355225,17,0.8410481966645256,0.7698336950321221
1,f101_completed_AMT_GOODS_PRICE_d_app_AMT_ANNUITY_diff_mean,313.05398988723755,23,0.8410481966645256,0.7698336950321221
1,f101_completed_DAYS_FIRST_DUE_s_app_DAYS_REGISTRATION_max,263.4584584236145,19,0.8410481966645256,0.7698336950321221
1,f101_completed_AMT_CREDIT_s_app_AMT_ANNUITY_d_app_AMT_INCOME_TOTAL_mean,394.27552700042725,23,0.8410481966645256,0.7698336950321221
1,f101_completed_DAYS_TERMINATION_s_app_DAYS_ID_PUBLISH_min,179.642991065979,14,0.8410481966645256,0.7698336950321221
1,f101_completed_DAYS_DECISION_s_app_DAYS_LAST_PHONE_CHANGE_mean,142.81662797927856,13,0.8410481966645256,0.7698336950321221
1,f101_completed_AMT_APPLICATION_s_app_AMT_ANNUITY_mean,208.9549789428711,12,0.8410481966645256,0.7698336950321221
1,f101_completed_DAYS_TERMINATION_s_app_DAYS_REGISTRATION_min,319.86150884628296,23,0.8410481966645256,0.7698336950321221
1,f101_completed_AMT_APPLICATION_s_app_AMT_INCOME_TOTAL_max,288.55390071868896,19,0.8410481966645256,0.7698336950321221
1,f101_completed_DAYS_LAST_DUE_s_DAYS_LAST_DUE_1ST_VERSION_max_div_min,168.0032501220703,12,0.8410481966645256,0.7698336950321221
1,f101_completed_DAYS_LAST_DUE_1ST_VERSION_s_app_DAYS_ID_PUBLISH_min,222.77212977409363,18,0.8410481966645256,0.7698336950321221
1,f101_completed_DAYS_TERMINATION_s_app_DAYS_EMPLOYED_min,231.66711902618408,19,0.8410481966645256,0.7698336950321221
1,f101_completed_amt_paid_mean,116.89093208312988,8,0.8410481966645256,0.7698336950321221
1,f101_completed_AMT_GOODS_PRICE_s_app_AMT_INCOME_TOTAL_max,464.33907866477966,34,0.8410481966645256,0.7698336950321221
1,f101_completed_DAYS_LAST_DUE_s_app_DAYS_ID_PUBLISH_min,84.31686973571777,6,0.8410481966645256,0.7698336950321221
1,f101_completed_AMT_GOODS_PRICE_d_app_AMT_INCOME_TOTAL_max,224.17457008361816,13,0.8410481966645256,0.7698336950321221
1,f101_completed_AMT_CREDIT_d_app_AMT_INCOME_TOTAL_max,206.25333786010742,16,0.8410481966645256,0.7698336950321221
1,f101_completed_DAYS_LAST_DUE_s_app_DAYS_BIRTH_mean,192.4444603919983,14,0.8410481966645256,0.7698336950321221
1,f101_completed_DAYS_TERMINATION_d_app_DAYS_LAST_PHONE_CHANGE_std_div_mean,306.6501808166504,25,0.8410481966645256,0.7698336950321221
1,f101_completed_AMT_CREDIT_s_app_AMT_ANNUITY_max,187.7663378715515,14,0.8410481966645256,0.7698336950321221
1,f101_completed_AMT_GOODS_PRICE_d_total_debt_max_div_min,448.42947149276733,34,0.8410481966645256,0.7698336950321221
1,f101_completed_DAYS_DECISION_s_app_DAYS_REGISTRATION_max,240.31403923034668,17,0.8410481966645256,0.7698336950321221
1,f101_completed_DAYS_LAST_DUE_d_app_DAYS_LAST_PHONE_CHANGE_std_div_mean,389.3716893196106,30,0.8410481966645256,0.7698336950321221
1,f101_completed_DAYS_TERMINATION_s_app_DAYS_REGISTRATION_mean,270.61749935150146,23,0.8410481966645256,0.7698336950321221
1,f101_completed_DAYS_LAST_DUE_d_app_DAYS_EMPLOYED_min,259.19086933135986,14,0.8410481966645256,0.7698336950321221
1,f101_completed_AMT_CREDIT_s_app_AMT_ANNUITY_mean,269.47940158843994,18,0.8410481966645256,0.7698336950321221
1,f101_completed_AMT_GOODS_PRICE_d_app_AMT_ANNUITY_std,150.21779823303223,10,0.8410481966645256,0.7698336950321221
1,f101_completed_DAYS_FIRST_DUE_s_app_DAYS_ID_PUBLISH_mean,264.79399967193604,18,0.8410481966645256,0.7698336950321221
1,f101_completed_DAYS_DECISION_d_app_DAYS_LAST_PHONE_CHANGE_max_div_min,267.38000202178955,18,0.8410481966645256,0.7698336950321221
1,f101_completed_AMT_APPLICATION_s_app_AMT_CREDIT_d_app_AMT_INCOME_TOTAL_diff_mean,268.18109798431396,18,0.8410481966645256,0.7698336950321221
1,f101_completed_AMT_CREDIT_d_app_AMT_GOODS_PRICE_std,192.45785093307495,14,0.8410481966645256,0.7698336950321221
1,f101_completed_DAYS_TERMINATION_s_app_DAYS_BIRTH_mean,281.81639766693115,19,0.8410481966645256,0.7698336950321221
1,f101_completed_AMT_DOWN_PAYMENT_d_AMT_GOODS_PRICE_max,357.2786602973938,28,0.8410481966645256,0.7698336950321221
1,f101_completed_RATE_DOWN_PAYMENT_mean,212.8381905555725,16,0.8410481966645256,0.7698336950321221
1,f101_completed_AMT_GOODS_PRICE_s_app_AMT_ANNUITY_max,349.6185917854309,19,0.8410481966645256,0.7698336950321221
1,f101_completed_NAME_PRODUCT_TYPE_walk_in_mean,651.7332143783569,38,0.8410481966645256,0.7698336950321221
1,f101_completed_DAYS_LAST_DUE_1ST_VERSION_s_app_DAYS_BIRTH_mean,171.35432028770447,12,0.8410481966645256,0.7698336950321221
1,f101_completed_AMT_GOODS_PRICE_d_AMT_ANNUITY_max_div_min,342.0641910880804,22,0.8410481966645256,0.7698336950321221
1,f101_completed_AMT_GOODS_PRICE_d_app_AMT_ANNUITY_diff_max,191.5980100631714,13,0.8410481966645256,0.7698336950321221
1,f101_completed_AMT_GOODS_PRICE_s_app_AMT_ANNUITY_d_app_AMT_INCOME_TOTAL_mean,382.6230206489563,20,0.8410481966645256,0.7698336950321221
1,f101_completed_DAYS_LAST_DUE_s_app_DAYS_BIRTH_min,175.84328842163086,11,0.8410481966645256,0.7698336950321221
1,f101_completed_DAYS_LAST_DUE_s_app_DAYS_REGISTRATION_mean,140.40817022323608,12,0.8410481966645256,0.7698336950321221
1,f101_completed_AMT_CREDIT_d_app_AMT_ANNUITY_std,179.06877040863037,15,0.8410481966645256,0.7698336950321221
1,f101_completed_DAYS_DECISION_d_app_DAYS_EMPLOYED_max,331.67881059646606,22,0.8410481966645256,0.7698336950321221
1,f101_completed_AMT_GOODS_PRICE_s_app_AMT_ANNUITY_mean,201.25055932998657,10,0.8410481966645256,0.7698336950321221
1,f101_completed_DAYS_DECISION_s_app_DAYS_ID_PUBLISH_min,237.54158115386963,19,0.8410481966645256,0.7698336950321221
1,f101_completed_AMT_GOODS_PRICE_d_app_AMT_GOODS_PRICE_std,99.59635066986084,8,0.8410481966645256,0.7698336950321221
1,f101_completed_DAYS_LAST_DUE_1ST_VERSION_s_app_DAYS_BIRTH_min,125.82399082183838,9,0.8410481966645256,0.7698336950321221
1,f101_completed_DAYS_LAST_DUE_1ST_VERSION_s_app_DAYS_ID_PUBLISH_mean,159.48691034317017,15,0.8410481966645256,0.7698336950321221
1,f101_completed_amt_paid_max_div_min,294.3033981323242,24,0.8410481966645256,0.7698336950321221
1,f101_completed_AMT_CREDIT_d_app_AMT_ANNUITY_diff_max,187.82499027252197,15,0.8410481966645256,0.7698336950321221
1,f101_completed_DAYS_TERMINATION_d_app_DAYS_EMPLOYED_std_div_mean,414.11951065063477,31,0.8410481966645256,0.7698336950321221
1,f101_completed_DAYS_DECISION_d_app_DAYS_LAST_PHONE_CHANGE_std_div_mean,397.166588306427,31,0.8410481966645256,0.7698336950321221
1,f101_completed_NAME_SELLER_INDUSTRY_Connectivity_mean,138.75312900543213,11,0.8410481966645256,0.7698336950321221
1,f101_completed_DAYS_TERMINATION_s_app_DAYS_EMPLOYED_mean,353.171630859375,23,0.8410481966645256,0.7698336950321221
1,f101_completed_AMT_CREDIT_s_app_AMT_ANNUITY_d_app_AMT_INCOME_TOTAL_max,189.61151123046875,14,0.8410481966645256,0.7698336950321221
1,f101_completed_DAYS_FIRST_DUE_d_app_DAYS_LAST_PHONE_CHANGE_max_div_min,285.1371212005615,18,0.8410481966645256,0.7698336950321221
1,f101_completed_AMT_GOODS_PRICE_d_app_AMT_CREDIT_diff_max,177.27998113632202,13,0.8410481966645256,0.7698336950321221
2,f101_completed_DAYS_LAST_DUE_s_app_DAYS_ID_PUBLISH_mean,2047.398509323597,158,0.7784973723460058,0.6742118050586352
2,f101_completed_DAYS_DECISION_s_app_DAYS_ID_PUBLISH_mean,3074.385695517063,185,0.7784973723460058,0.6742118050586352
2,f101_completed_RATE_DOWN_PAYMENT_max,5627.051301062107,247,0.7784973723460058,0.6742118050586352
2,f101_completed_DAYS_FIRST_DUE_s_app_DAYS_EMPLOYED_min,765.3877083063126,41,0.7784973723460058,0.6742118050586352
2,f101_completed_AMT_CREDIT_d_AMT_APPLICATION_max_div_min,558.3082313537598,46,0.7784973723460058,0.6742118050586352
2,f101_completed_AMT_CREDIT_d_AMT_ANNUITY_max_div_min,999.0420906543732,57,0.7784973723460058,0.6742118050586352
2,f101_completed_DAYS_LAST_DUE_1ST_VERSION_s_app_DAYS_REGISTRATION_min,484.52268850803375,43,0.7784973723460058,0.6742118050586352
2,f101_completed_DAYS_FIRST_DUE_d_app_DAYS_EMPLOYED_max,1107.5593973398209,77,0.7784973723460058,0.6742118050586352
2,f101_completed_DAYS_FIRST_DUE_d_app_DAYS_EMPLOYED_mean,2345.1873326301575,78,0.7784973723460058,0.6742118050586352
2,f101_completed_DAYS_DECISION_d_app_DAYS_EMPLOYED_mean,4318.02107077837,120,0.7784973723460058,0.6742118050586352
2,f101_completed_AMT_APPLICATION_s_app_AMT_ANNUITY_d_app_AMT_INCOME_TOTAL_mean,2526.338959649205,155,0.7784973723460058,0.6742118050586352
2,f101_completed_AMT_CREDIT_d_app_AMT_CREDIT_diff_max,1054.2852581739426,77,0.7784973723460058,0.6742118050586352
2,f101_completed_AMT_GOODS_PRICE_d_app_AMT_GOODS_PRICE_diff_max,1272.589487671852,93,0.7784973723460058,0.6742118050586352
2,f101_completed_DAYS_LAST_DUE_s_app_DAYS_EMPLOYED_min,818.9543454349041,60,0.7784973723460058,0.6742118050586352
2,f101_completed_DAYS_LAST_DUE_s_app_DAYS_REGISTRATION_min,708.1831624507904,56,0.7784973723460058,0.6742118050586352
2,f101_completed_AMT_CREDIT_max,690.6179996728897,61,0.7784973723460058,0.6742118050586352
2,f101_completed_AMT_APPLICATION_s_app_AMT_ANNUITY_max,7338.838787555695,211,0.7784973723460058,0.6742118050586352
2,f101_completed_DAYS_FIRST_DUE_s_app_DAYS_EMPLOYED_mean,2308.3474162817,85,0.7784973723460058,0.6742118050586352
2,f101_completed_DAYS_DECISION_s_app_DAYS_EMPLOYED_min,740.5036404132843,57,0.7784973723460058,0.6742118050586352
2,f101_completed_DAYS_LAST_DUE_s_DAYS_FIRST_DUE_max,747.2075978517532,73,0.7784973723460058,0.6742118050586352
2,f101_completed_DAYS_FIRST_DUE_d_app_DAYS_LAST_PHONE_CHANGE_std_div_mean,2971.2396862506866,160,0.7784973723460058,0.6742118050586352
2,f101_completed_AMT_GOODS_PRICE_max,2169.5718437731266,92,0.7784973723460058,0.6742118050586352
2,f101_completed_DAYS_FIRST_DUE_s_app_DAYS_ID_PUBLISH_min,1232.6635558605194,100,0.7784973723460058,0.6742118050586352
2,f101_completed_AMT_GOODS_PRICE_d_app_AMT_CREDIT_std,1191.9805569648743,75,0.7784973723460058,0.6742118050586352
2,f101_completed_DAYS_LAST_DUE_s_app_DAYS_EMPLOYED_mean,1244.9646575450897,73,0.7784973723460058,0.6742118050586352
2,f101_completed_DAYS_LAST_DUE_1ST_VERSION_s_DAYS_DECISIONS_max_div_min,740.7159280776978,60,0.7784973723460058,0.6742118050586352
2,f101_completed_AMT_CREDIT_d_app_AMT_GOODS_PRICE_diff_max,758.5850709080696,59,0.7784973723460058,0.6742118050586352
2,f101_completed_DAYS_LAST_DUE_1ST_VERSION_s_app_DAYS_EMPLOYED_mean,1990.6933422088623,92,0.7784973723460058,0.6742118050586352
2,f101_completed_DAYS_FIRST_DUE_s_app_DAYS_BIRTH_min,1042.2274363040924,66,0.7784973723460058,0.6742118050586352
2,f101_completed_DAYS_DECISION_s_app_DAYS_BIRTH_min,1003.1165084838867,43,0.7784973723460058,0.6742118050586352
2,f101_completed_DAYS_DECISION_s_app_DAYS_BIRTH_mean,8452.533431470394,125,0.7784973723460058,0.6742118050586352
2,f101_completed_AMT_APPLICATION_s_app_AMT_ANNUITY_d_app_AMT_INCOME_TOTAL_max,2227.5260412693024,145,0.7784973723460058,0.6742118050586352
2,f101_completed_AMT_CREDIT_d_app_AMT_CREDIT_std,799.1414697766304,59,0.7784973723460058,0.6742118050586352
2,f101_completed_AMT_APPLICATION_max,2930.8626551628113,93,0.7784973723460058,0.6742118050586352
2,f101_completed_DAYS_DECISION_s_app_DAYS_EMPLOYED_mean,3203.5727729201317,95,0.7784973723460058,0.6742118050586352
2,f101_completed_DAYS_LAST_DUE_1ST_VERSION_s_app_DAYS_EMPLOYED_min,597.404226064682,39,0.7784973723460058,0.6742118050586352
2,f101_completed_DAYS_FIRST_DUE_s_app_DAYS_REGISTRATION_mean,1359.402785539627,106,0.7784973723460058,0.6742118050586352
2,f101_completed_NAME_GOODS_CATEGORY_Mobile_mean,381.04928636550903,39,0.7784973723460058,0.6742118050586352
2,f101_completed_AMT_GOODS_PRICE_d_AMT_CREDIT_max_div_min,734.6516146659851,52,0.7784973723460058,0.6742118050586352
2,f101_completed_DAYS_FIRST_DUE_s_app_DAYS_REGISTRATION_min,477.69566129148006,42,0.7784973723460058,0.6742118050586352
2,f101_completed_DAYS_LAST_DUE_d_app_DAYS_EMPLOYED_std_div_mean,1483.44531083107,120,0.7784973723460058,0.6742118050586352
2,f101_completed_DAYS_DECISION_s_app_DAYS_REGISTRATION_min,370.55449779331684,36,0.7784973723460058,0.6742118050586352
2,f101_completed_DAYS_DECISION_s_app_DAYS_BIRTH_max_div_min,3071.3553406000137,129,0.7784973723460058,0.6742118050586352
2,f101_completed_DAYS_FIRST_DUE_s_app_DAYS_BIRTH_mean,7320.261332988739,138,0.7784973723460058,0.6742118050586352
2,f101_nyg_high_AMT_GOODS_PRICE_d_total_debt_mean,8739.972657203674,130,0.7784973723460058,0.6742118050586352
2,f101_completed_total_debt_max,1087.556381225586,86,0.7784973723460058,0.6742118050586352
2,f101_completed_interest_rate_min,2664.1932052373886,125,0.7784973723460058,0.6742118050586352
2,f101_completed_AMT_GOODS_PRICE_d_app_AMT_GOODS_PRICE_pctchange_max,1148.5126502513885,97,0.7784973723460058,0.6742118050586352
2,f101_nyg_high_DAYS_DECISION_s_app_DAYS_EMPLOYED_max,1057.5688514709473,60,0.7784973723460058,0.6742118050586352
2,f101_nyg_high_AMT_GOODS_PRICE_d_total_debt_min,7926.026734352112,100,0.7784973723460058,0.6742118050586352
2,f101_nyg_high_DAYS_DECISION_d_app_DAYS_BIRTH_mean,3205.0277643203735,134,0.7784973723460058,0.6742118050586352
2,f101_completed_total_debt_diff_mean,2461.0056577026844,167,0.7784973723460058,0.6742118050586352
2,f101_nyg_high_DAYS_DECISION_s_app_DAYS_BIRTH_min,635.7339997291565,36,0.7784973723460058,0.6742118050586352
2,f101_nyg_high_DAYS_DECISION_d_app_DAYS_BIRTH_min,2288.451791524887,101,0.7784973723460058,0.6742118050586352
2,f101_nyg_high_DAYS_DECISION_s_app_DAYS_BIRTH_mean,430.57255029678345,28,0.7784973723460058,0.6742118050586352
2,f101_nyg_high_AMT_CREDIT_d_total_debt_min,3461.4853865504265,87,0.7784973723460058,0.6742118050586352
2,f101_completed_total_debt_mean,747.7155497074127,69,0.7784973723460058,0.6742118050586352
2,f101_completed_interest_rate_std_div_mean,1977.992047071457,122,0.7784973723460058,0.6742118050586352
2,f101_nyg_high_DAYS_DECISION_s_app_DAYS_BIRTH_max,628.7401597499847,47,0.7784973723460058,0.6742118050586352
2,f101_completed_interest_rate_mean,1431.3369890749454,95,0.7784973723460058,0.6742118050586352
2,f101_nyg_high_AMT_ANNUITY_s_app_AMT_GOODS_PRICE_min,2851.409244418144,138,0.7784973723460058,0.6742118050586352
2,f101_nyg_high_DAYS_DECISION_s_app_DAYS_EMPLOYED_min,303.97039699554443,23,0.7784973723460058,0.6742118050586352
2,f101_completed_total_debt_diff_max,781.1054825782776,70,0.7784973723460058,0.6742118050586352
2,f101_completed_interest_rate_max,987.458461523056,103,0.7784973723460058,0.6742118050586352
2,f101_nyg_high_DAYS_DECISION_s_app_DAYS_EMPLOYED_mean,486.4393391609192,27,0.7784973723460058,0.6742118050586352
2,f101_nyg_high_DAYS_DECISION_d_app_DAYS_BIRTH_max,840.9897911548615,52,0.7784973723460058,0.6742118050586352
2,f101_completed_interest_rate_max_div_min,1342.092638924718,64,0.7784973723460058,0.6742118050586352
2,f101_completed_cnt_paid_sum,799.9909632205963,69,0.7784973723460058,0.6742118050586352
2,f101_completed_total_debt_max_div_min,1798.390299797058,80,0.7784973723460058,0.6742118050586352
2,f101_completed_total_debt_pctchange_std_div_mean,930.6346077919006,77,0.7784973723460058,0.6742118050586352
2,f101_nyg_high_DAYS_DECISION_d_app_DAYS_LAST_PHONE_CHANGE_max_div_min,1437.779574394226,107,0.7784973723460058,0.6742118050586352
2,f101_nyg_high_DAYS_DECISION_s_app_DAYS_REGISTRATION_max,447.34820890426636,35,0.7784973723460058,0.6742118050586352
2,f101_nyg_high_AMT_GOODS_PRICE_d_AMT_ANNUITY_diff_min,775.2071434259415,69,0.7784973723460058,0.6742118050586352
2,f101_nyg_high_AMT_CREDIT_s_app_AMT_CREDIT_d_app_AMT_INCOME_TOTAL_max,848.8424916267395,65,0.7784973723460058,0.6742118050586352
2,f101_nyg_high_AMT_ANNUITY_s_app_AMT_GOODS_PRICE_mean,1333.047686100006,71,0.7784973723460058,0.6742118050586352
2,f101_nyg_high_DAYS_DECISION_s_app_DAYS_REGISTRATION_min,391.960729598999,34,0.7784973723460058,0.6742118050586352
2,f101_nyg_high_DAYS_DECISION_s_app_DAYS_REGISTRATION_mean,366.72831201553345,36,0.7784973723460058,0.6742118050586352
2,f101_nyg_high_AMT_GOODS_PRICE_d_total_debt_max,820.2256476283073,44,0.7784973723460058,0.6742118050586352
2,f101_completed_cnt_paid_min,639.1943438649178,53,0.7784973723460058,0.6742118050586352
2,f101_nyg_high_AMT_ANNUITY_s_app_AMT_GOODS_PRICE_max,1223.9494581222534,67,0.7784973723460058,0.6742118050586352
2,f101_nyg_high_AMT_ANNUITY_s_app_AMT_INCOME_TOTAL_max,810.915901184082,67,0.7784973723460058,0.6742118050586352
2,f101_nyg_high_AMT_GOODS_PRICE_d_AMT_CREDIT_mean,755.4942334890366,38,0.7784973723460058,0.6742118050586352
2,f101_nyg_high_AMT_CREDIT_s_app_AMT_ANNUITY_d_app_AMT_INCOME_TOTAL_min,1027.4584493637085,60,0.7784973723460058,0.6742118050586352
2,f101_nyg_high_AMT_ANNUITY_s_app_AMT_CREDIT_max,1182.2445179224014,60,0.7784973723460058,0.6742118050586352
2,f101_nyg_high_AMT_CREDIT_s_app_AMT_ANNUITY_min,1394.9215543866158,79,0.7784973723460058,0.6742118050586352
2,f101_nyg_high_AMT_ANNUITY_max,672.9708902835846,57,0.7784973723460058,0.6742118050586352
2,f101_nyg_high_AMT_CREDIT_d_total_debt_max,588.8653106689453,51,0.7784973723460058,0.6742118050586352
2,f101_nyg_high_AMT_CREDIT_d_total_debt_diff_mean,457.2897517681122,42,0.7784973723460058,0.6742118050586352
2,f101_nyg_high_AMT_CREDIT_d_total_debt_mean,1263.4125225301832,92,0.7784973723460058,0.6742118050586352
2,f101_nyg_high_AMT_ANNUITY_s_app_AMT_INCOME_TOTAL_mean,785.0735325813293,72,0.7784973723460058,0.6742118050586352
2,f101_nyg_high_AMT_ANNUITY_s_app_AMT_CREDIT_mean,1172.9476022720337,60,0.7784973723460058,0.6742118050586352
2,f101_nyg_high_AMT_GOODS_PRICE_d_AMT_ANNUITY_max,552.1013312339783,55,0.7784973723460058,0.6742118050586352
2,f101_nyg_high_AMT_CREDIT_d_AMT_APPLICATION_mean,362.4983596801758,24,0.7784973723460058,0.6742118050586352
2,f101_nyg_high_AMT_GOODS_PRICE_d_AMT_ANNUITY_mean,682.6928397715092,62,0.7784973723460058,0.6742118050586352
2,f101_nyg_high_AMT_ANNUITY_s_app_AMT_CREDIT_min,1021.3142352104187,52,0.7784973723460058,0.6742118050586352
2,f101_nyg_high_AMT_CREDIT_d_AMT_ANNUITY_min,766.6030948162079,60,0.7784973723460058,0.6742118050586352
2,f101_nyg_high_AMT_GOODS_PRICE_d_total_debt_pctchange_mean,424.76589822769165,37,0.7784973723460058,0.6742118050586352
2,f101_nyg_high_AMT_ANNUITY_d_app_AMT_INCOME_TOTAL_mean,412.9373097419739,36,0.7784973723460058,0.6742118050586352
2,f101_nyg_high_AMT_DOWN_PAYMENT_mean,1490.822940826416,56,0.7784973723460058,0.6742118050586352
2,f101_nyg_high_AMT_CREDIT_d_AMT_APPLICATION_max,565.797456741333,39,0.7784973723460058,0.6742118050586352
2,f101_nyg_high_AMT_CREDIT_d_AMT_ANNUITY_pctchange_max,532.335473716259,48,0.7784973723460058,0.6742118050586352
2,f101_nyg_high_AMT_GOODS_PRICE_d_AMT_ANNUITY_pctchange_max,576.3155641555786,48,0.7784973723460058,0.6742118050586352
2,f101_nyg_high_AMT_GOODS_PRICE_d_total_debt_pctchange_min,596.2666730880737,50,0.7784973723460058,0.6742118050586352
2,f101_nyg_high_CODE_REJECT_REASON_XAP_mean,996.4995160102844,54,0.7784973723460058,0.6742118050586352
2,f101_nyg_high_AMT_GOODS_PRICE_d_AMT_CREDIT_min,821.494689822197,54,0.7784973723460058,0.6742118050586352
2,f101_nyg_high_AMT_ANNUITY_d_app_AMT_INCOME_TOTAL_max,514.9715297222137,44,0.7784973723460058,0.6742118050586352
2,f101_nyg_high_AMT_CREDIT_m_app_AMT_GOODS_PRICE_d_app_AMT_INCOME_TOTAL_mean,433.2405891418457,35,0.7784973723460058,0.6742118050586352
2,f101_nyg_high_AMT_CREDIT_s_app_AMT_GOODS_PRICE_max,709.708315372467,40,0.7784973723460058,0.6742118050586352
2,f101_nyg_high_AMT_CREDIT_min,718.6667323112488,48,0.7784973723460058,0.6742118050586352
2,f101_nyg_high_AMT_CREDIT_d_total_debt_pctchange_min,505.06911754608154,43,0.7784973723460058,0.6742118050586352
2,f101_nyg_high_AMT_CREDIT_d_AMT_APPLICATION_diff_max,402.9800398349762,39,0.7784973723460058,0.6742118050586352
2,f101_nyg_high_AMT_GOODS_PRICE_d_total_debt_diff_mean,642.1289300918579,49,0.7784973723460058,0.6742118050586352
2,f101_nyg_high_AMT_APPLICATION_d_app_AMT_ANNUITY_mean,836.6682810783386,58,0.7784973723460058,0.6742118050586352
2,f101_nyg_high_AMT_CREDIT_d_total_debt_diff_min,401.68119168281555,35,0.7784973723460058,0.6742118050586352
2,f101_nyg_high_AMT_GOODS_PRICE_d_AMT_ANNUITY_std,600.8449807167053,48,0.7784973723460058,0.6742118050586352
2,f101_nyg_high_AMT_DOWN_PAYMENT_max,881.1370265483856,48,0.7784973723460058,0.6742118050586352
2,f101_nyg_high_AMT_CREDIT_d_AMT_ANNUITY_mean,369.45493030548096,31,0.7784973723460058,0.6742118050586352
2,f101_nyg_high_AMT_CREDIT_d_AMT_ANNUITY_diff_max,525.3855185508728,45,0.7784973723460058,0.6742118050586352
2,f101_nyg_high_AMT_GOODS_PRICE_d_AMT_CREDIT_diff_mean,547.7332888841629,46,0.7784973723460058,0.6742118050586352
2,f101_nyg_high_AMT_GOODS_PRICE_d_total_debt_diff_min,481.3936502933502,42,0.7784973723460058,0.6742118050586352
2,f101_nyg_high_AMT_GOODS_PRICE_d_AMT_CREDIT_diff_std,527.5322380065918,42,0.7784973723460058,0.6742118050586352
2,f101_nyg_high_AMT_GOODS_PRICE_d_AMT_CREDIT_pctchange_mean,324.6271563768387,33,0.7784973723460058,0.6742118050586352
2,f101_nyg_high_AMT_DOWN_PAYMENT_d_AMT_GOODS_PRICE_diff_max,488.7992482185364,47,0.7784973723460058,0.6742118050586352
2,f101_nyg_high_DAYS_DECISION_d_app_DAYS_LAST_PHONE_CHANGE_std_div_mean,487.68004035949707,42,0.7784973723460058,0.6742118050586352
2,f101_nyg_high_AMT_GOODS_PRICE_d_AMT_CREDIT_max,214.24634909629822,20,0.7784973723460058,0.6742118050586352
2,f101_nyg_high_AMT_CREDIT_d_app_AMT_INCOME_TOTAL_min,293.15256786346436,30,0.7784973723460058,0.6742118050586352
2,f101_nyg_high_AMT_ANNUITY_d_app_AMT_GOODS_PRICE_diff_max,471.88829278945923,43,0.7784973723460058,0.6742118050586352
2,f101_nyg_high_AMT_CREDIT_s_app_AMT_CREDIT_min,596.1766681671143,37,0.7784973723460058,0.6742118050586352
2,f101_nyg_high_AMT_CREDIT_d_AMT_APPLICATION_min,316.6662381887436,31,0.7784973723460058,0.6742118050586352
2,f101_nyg_high_AMT_GOODS_PRICE_d_app_AMT_ANNUITY_mean,991.2454153299332,68,0.7784973723460058,0.6742118050586352
2,f101_nyg_high_AMT_CREDIT_d_AMT_ANNUITY_max,365.7151265144348,34,0.7784973723460058,0.6742118050586352
2,f101_nyg_high_AMT_CREDIT_s_app_AMT_GOODS_PRICE_min,577.9907674789429,43,0.7784973723460058,0.6742118050586352
2,f101_nyg_high_AMT_GOODS_PRICE_d_total_debt_std_div_mean,269.79860973358154,26,0.7784973723460058,0.6742118050586352
2,f101_nyg_high_AMT_CREDIT_d_app_AMT_ANNUITY_mean,405.7690386772156,32,0.7784973723460058,0.6742118050586352
2,f101_nyg_high_AMT_CREDIT_d_AMT_ANNUITY_diff_std,302.7634987831116,25,0.7784973723460058,0.6742118050586352
2,f101_nyg_high_AMT_DOWN_PAYMENT_d_AMT_GOODS_PRICE_diff_std,973.6073499917984,59,0.7784973723460058,0.6742118050586352
2,f101_nyg_high_AMT_GOODS_PRICE_d_AMT_ANNUITY_diff_std,304.79074907302856,28,0.7784973723460058,0.6742118050586352
2,f101_nyg_high_AMT_CREDIT_d_app_AMT_CREDIT_mean,447.791602909565,38,0.7784973723460058,0.6742118050586352
2,f101_nyg_high_AMT_DOWN_PAYMENT_d_AMT_GOODS_PRICE_max,270.1198716163635,21,0.7784973723460058,0.6742118050586352
2,f101_nyg_high_AMT_CREDIT_s_app_AMT_INCOME_TOTAL_min,370.1877631545067,36,0.7784973723460058,0.6742118050586352
2,f101_nyg_high_AMT_CREDIT_d_AMT_APPLICATION_diff_mean,433.32065200805664,32,0.7784973723460058,0.6742118050586352
2,f101_nyg_high_AMT_DOWN_PAYMENT_d_AMT_GOODS_PRICE_std,245.68508100509644,22,0.7784973723460058,0.6742118050586352
2,f101_nyg_high_AMT_ANNUITY_d_app_AMT_ANNUITY_diff_max,437.1941990852356,35,0.7784973723460058,0.6742118050586352
2,f101_nyg_high_AMT_CREDIT_m_app_AMT_GOODS_PRICE_d_app_AMT_INCOME_TOTAL_max,211.4619812965393,20,0.7784973723460058,0.6742118050586352
2,f101_nyg_high_AMT_ANNUITY_s_app_AMT_ANNUITY_d_app_AMT_INCOME_TOTAL_pctchange_std,271.7198498249054,25,0.7784973723460058,0.6742118050586352
2,f101_nyg_high_AMT_DOWN_PAYMENT_d_AMT_GOODS_PRICE_mean,207.19688987731934,16,0.7784973723460058,0.6742118050586352
2,f101_nyg_high_AMT_CREDIT_s_app_AMT_GOODS_PRICE_mean,462.43309926986694,33,0.7784973723460058,0.6742118050586352
2,f101_nyg_high_AMT_GOODS_PRICE_d_total_debt_pctchange_std,239.50486183166504,19,0.7784973723460058,0.6742118050586352
2,f101_nyg_high_AMT_CREDIT_d_app_AMT_GOODS_PRICE_mean,263.3143900632858,23,0.7784973723460058,0.6742118050586352
2,f101_nyg_high_AMT_CREDIT_d_app_AMT_ANNUITY_diff_mean,596.011871099472,59,0.7784973723460058,0.6742118050586352
2,f101_nyg_high_AMT_CREDIT_d_app_AMT_CREDIT_max,246.0195803642273,23,0.7784973723460058,0.6742118050586352
2,f101_nyg_high_AMT_APPLICATION_s_app_AMT_CREDIT_min,833.6856737732887,45,0.7784973723460058,0.6742118050586352
2,f101_nyg_high_AMT_GOODS_PRICE_d_app_AMT_INCOME_TOTAL_min,341.0578808784485,29,0.7784973723460058,0.6742118050586352
2,f101_nyg_high_DAYS_DECISION_d_app_DAYS_EMPLOYED_std_div_mean,446.3131911754608,35,0.7784973723460058,0.6742118050586352
2,f101_nyg_high_AMT_APPLICATION_d_app_AMT_INCOME_TOTAL_min,382.6631259918213,33,0.7784973723460058,0.6742118050586352
2,f101_nyg_high_AMT_CREDIT_d_total_debt_diff_std,156.9771385192871,15,0.7784973723460058,0.6742118050586352
2,f101_nyg_high_AMT_CREDIT_d_app_AMT_INCOME_TOTAL_max,308.8101840019226,26,0.7784973723460058,0.6742118050586352
2,f101_nyg_high_AMT_CREDIT_d_AMT_ANNUITY_std,197.1268482208252,19,0.7784973723460058,0.6742118050586352
2,f101_nyg_high_AMT_CREDIT_s_app_AMT_CREDIT_max,162.22524046897888,15,0.7784973723460058,0.6742118050586352
2,f101_nyg_high_AMT_DOWN_PAYMENT_std_div_mean,256.6800289154053,26,0.7784973723460058,0.6742118050586352
2,f101_nyg_high_AMT_CREDIT_s_app_AMT_ANNUITY_d_app_AMT_INCOME_TOTAL_max,395.3553011417389,32,0.7784973723460058,0.6742118050586352
2,f101_nyg_high_AMT_CREDIT_d_app_AMT_ANNUITY_max,435.7844796180725,30,0.7784973723460058,0.6742118050586352
2,f101_nyg_high_AMT_CREDIT_s_app_AMT_CREDIT_mean,680.2120304107666,43,0.7784973723460058,0.6742118050586352
2,f101_nyg_high_AMT_CREDIT_d_total_debt_std,233.91569137573242,22,0.7784973723460058,0.6742118050586352
2,f101_nyg_high_AMT_ANNUITY_s_app_AMT_INCOME_TOTAL_std_div_mean,890.3461689949036,72,0.7784973723460058,0.6742118050586352
2,f101_nyg_high_AMT_CREDIT_d_total_debt_std_div_mean,433.9355411529541,29,0.7784973723460058,0.6742118050586352
2,f101_nyg_high_AMT_GOODS_PRICE_d_AMT_CREDIT_pctchange_min,343.1810911297798,30,0.7784973723460058,0.6742118050586352
2,f101_nyg_high_AMT_CREDIT_mean,205.02041149139404,18,0.7784973723460058,0.6742118050586352
2,f101_nyg_high_AMT_DOWN_PAYMENT_std,476.3854112625122,33,0.7784973723460058,0.6742118050586352
2,f101_nyg_high_AMT_CREDIT_s_app_AMT_ANNUITY_d_app_AMT_INCOME_TOTAL_mean,234.30151867866516,19,0.7784973723460058,0.6742118050586352
2,f101_nyg_high_AMT_GOODS_PRICE_d_AMT_CREDIT_diff_min,364.6876301765442,34,0.7784973723460058,0.6742118050586352
2,f101_nyg_high_AMT_GOODS_PRICE_s_app_AMT_CREDIT_min,830.4551497101784,43,0.7784973723460058,0.6742118050586352
2,f101_nyg_high_AMT_CREDIT_d_app_AMT_ANNUITY_pctchange_std,359.56594038009644,30,0.7784973723460058,0.6742118050586352
2,f101_nyg_high_AMT_GOODS_PRICE_d_AMT_ANNUITY_pctchange_std,162.33549118041992,13,0.7784973723460058,0.6742118050586352
2,f101_nyg_high_AMT_GOODS_PRICE_d_AMT_ANNUITY_max_div_min,335.1014108657837,27,0.7784973723460058,0.6742118050586352
2,f101_nyg_high_AMT_APPLICATION_d_app_AMT_ANNUITY_max,472.58019638061523,33,0.7784973723460058,0.6742118050586352
2,f101_nyg_high_CNT_PAYMENT_std_div_mean,349.5007634162903,30,0.7784973723460058,0.6742118050586352
2,f101_nyg_high_AMT_CREDIT_d_app_AMT_GOODS_PRICE_max,206.56755018234253,16,0.7784973723460058,0.6742118050586352
2,f101_nyg_high_AMT_CREDIT_d_AMT_ANNUITY_pctchange_std,251.39247858524323,22,0.7784973723460058,0.6742118050586352
2,f101_nyg_high_AMT_APPLICATION_s_app_AMT_INCOME_TOTAL_min,278.0675996541977,27,0.7784973723460058,0.6742118050586352
2,f101_nyg_high_AMT_APPLICATION_s_app_AMT_GOODS_PRICE_max,529.0776538848877,31,0.7784973723460058,0.6742118050586352
2,f101_nyg_high_AMT_CREDIT_d_AMT_APPLICATION_pctchange_max,321.0598819255829,29,0.7784973723460058,0.6742118050586352
2,f101_nyg_high_AMT_GOODS_PRICE_d_app_AMT_ANNUITY_max,414.4660315513611,29,0.7784973723460058,0.6742118050586352
2,f101_nyg_high_AMT_CREDIT_d_total_debt_pctchange_std,204.49796104431152,17,0.7784973723460058,0.6742118050586352
2,f101_nyg_high_AMT_GOODS_PRICE_d_total_debt_max_div_min,255.8070192337036,21,0.7784973723460058,0.6742118050586352
2,f101_nyg_high_AMT_CREDIT_s_app_AMT_INCOME_TOTAL_mean,373.04109930992126,34,0.7784973723460058,0.6742118050586352
2,f101_nyg_high_AMT_APPLICATION_s_app_AMT_CREDIT_max,286.1397125720978,18,0.7784973723460058,0.6742118050586352
2,f101_nyg_high_AMT_CREDIT_s_app_AMT_INCOME_TOTAL_max,368.7576627731323,37,0.7784973723460058,0.6742118050586352
2,f101_nyg_high_AMT_APPLICATION_s_app_AMT_CREDIT_mean,829.104151725769,49,0.7784973723460058,0.6742118050586352
2,f101_nyg_high_AMT_CREDIT_s_app_AMT_ANNUITY_mean,311.34050607681274,26,0.7784973723460058,0.6742118050586352
2,f101_nyg_high_AMT_CREDIT_d_app_AMT_GOODS_PRICE_diff_max,362.4308179616928,32,0.7784973723460058,0.6742118050586352
2,f101_nyg_high_AMT_DOWN_PAYMENT_d_AMT_GOODS_PRICE_std_div_mean,242.73131561279297,22,0.7784973723460058,0.6742118050586352
2,f101_nyg_high_AMT_APPLICATION_s_app_AMT_GOODS_PRICE_min,555.4064674377441,39,0.7784973723460058,0.6742118050586352
2,f101_nyg_high_AMT_GOODS_PRICE_d_app_AMT_GOODS_PRICE_max,242.3571105003357,19,0.7784973723460058,0.6742118050586352
2,f101_nyg_high_AMT_APPLICATION_d_app_AMT_GOODS_PRICE_max,202.854811668396,16,0.7784973723460058,0.6742118050586352
2,f101_nyg_high_AMT_CREDIT_s_app_AMT_CREDIT_std_div_mean,305.6355503797531,27,0.7784973723460058,0.6742118050586352
2,f101_nyg_high_AMT_APPLICATION_d_app_AMT_ANNUITY_pctchange_std,200.37095832824707,17,0.7784973723460058,0.6742118050586352
2,f101_nyg_high_AMT_APPLICATION_mean,316.2406208515167,29,0.7784973723460058,0.6742118050586352
2,f101_nyg_high_AMT_GOODS_PRICE_s_app_AMT_CREDIT_d_app_AMT_INCOME_TOTAL_pctchange_std_div_mean,131.2528305053711,11,0.7784973723460058,0.6742118050586352
2,f101_nyg_high_AMT_DOWN_PAYMENT_d_AMT_GOODS_PRICE_min,157.9249882698059,13,0.7784973723460058,0.6742118050586352
2,f101_nyg_high_AMT_ANNUITY_d_app_AMT_INCOME_TOTAL_diff_std,285.7887239456177,24,0.7784973723460058,0.6742118050586352
2,f101_nyg_high_AMT_GOODS_PRICE_m_app_AMT_GOODS_PRICE_d_app_AMT_INCOME_TOTAL_pctchange_std_div_mean,282.3702874183655,22,0.7784973723460058,0.6742118050586352
2,f101_nyg_high_AMT_GOODS_PRICE_s_app_AMT_CREDIT_max,319.8924677371979,23,0.7784973723460058,0.6742118050586352
2,f101_nyg_high_AMT_GOODS_PRICE_mean,194.21281814575195,14,0.7784973723460058,0.6742118050586352
2,f101_nyg_high_AMT_CREDIT_d_app_AMT_INCOME_TOTAL_mean,321.3316397666931,25,0.7784973723460058,0.6742118050586352
2,f101_nyg_high_AMT_CREDIT_s_app_AMT_CREDIT_d_app_AMT_INCOME_TOTAL_std_div_mean,366.7869782447815,24,0.7784973723460058,0.6742118050586352
2,f101_nyg_high_AMT_GOODS_PRICE_s_app_AMT_INCOME_TOTAL_min,316.2013000398874,29,0.7784973723460058,0.6742118050586352
2,f101_nyg_high_AMT_APPLICATION_s_app_AMT_CREDIT_d_app_AMT_INCOME_TOTAL_pctchange_std_div_mean,244.88075971603394,15,0.7784973723460058,0.6742118050586352
2,f101_nyg_high_AMT_CREDIT_max,143.2918508052826,12,0.7784973723460058,0.6742118050586352
2,f101_nyg_high_AMT_GOODS_PRICE_m_app_AMT_GOODS_PRICE_d_app_AMT_INCOME_TOTAL_max,321.84059047698975,28,0.7784973723460058,0.6742118050586352
2,f101_nyg_high_completed_mean,3621.079400062561,36,0.7784973723460058,0.6742118050586352
2,f101_nyg_high_DAYS_LAST_DUE_1ST_VERSION_d_app_DAYS_BIRTH_mean,2418.681578397751,67,0.7784973723460058,0.6742118050586352
2,f101_nyg_high_AMT_DOWN_PAYMENT_min,184.05274033546448,18,0.7784973723460058,0.6742118050586352
2,f101_nyg_high_AMT_APPLICATION_s_app_AMT_ANNUITY_max,277.4532494544983,25,0.7784973723460058,0.6742118050586352
2,f101_nyg_high_total_debt_min,454.8393173366785,42,0.7784973723460058,0.6742118050586352
2,f101_nyg_high_RATE_DOWN_PAYMENT_max,266.4906096458435,21,0.7784973723460058,0.6742118050586352
2,f101_nyg_high_DAYS_LAST_DUE_1ST_VERSION_d_app_DAYS_BIRTH_min,1554.0387217719108,81,0.7784973723460058,0.6742118050586352
2,f101_nyg_high_amt_paid_mean,733.8321816921234,54,0.7784973723460058,0.6742118050586352
2,f101_nyg_high_HOUR_APPR_PROCESS_START_mean,1582.7939888238907,111,0.7784973723460058,0.6742118050586352
2,f101_nyg_high_RATE_DOWN_PAYMENT_mean,176.5203504562378,14,0.7784973723460058,0.6742118050586352
2,f101_nyg_high_DAYS_TERMINATION_s_DAYS_LAST_DUE_1ST_VERSION_mean,1579.859000340104,117,0.7784973723460058,0.6742118050586352
2,f101_nyg_high_DAYS_TERMINATION_s_DAYS_LAST_DUE_1ST_VERSION_max,2023.244524359703,139,0.7784973723460058,0.6742118050586352
2,f101_nyg_high_amt_paid_max,546.8292598724365,41,0.7784973723460058,0.6742118050586352
2,f101_nyg_high_interest_rate_pctchange_mean,554.2403707504272,47,0.7784973723460058,0.6742118050586352
2,f101_nyg_high_total_debt_max,242.5163209438324,19,0.7784973723460058,0.6742118050586352
2,f101_nyg_high_DAYS_FIRST_DUE_d_app_DAYS_EMPLOYED_max,768.4581665992737,46,0.7784973723460058,0.6742118050586352
2,f101_nyg_high_DAYS_FIRST_DUE_s_app_DAYS_BIRTH_max,510.24723982810974,38,0.7784973723460058,0.6742118050586352
2,f101_nyg_high_HOUR_APPR_PROCESS_START_std_div_mean,868.8984394073486,67,0.7784973723460058,0.6742118050586352
2,f101_nyg_high_DAYS_TERMINATION_s_DAYS_LAST_DUE_1ST_VERSION_min,1931.0583890676498,133,0.7784973723460058,0.6742118050586352
2,f101_nyg_high_total_debt_diff_mean,539.7117476463318,47,0.7784973723460058,0.6742118050586352
2,f101_nyg_high_interest_rate_diff_mean,622.2044123411179,55,0.7784973723460058,0.6742118050586352
2,f101_nyg_high_DAYS_FIRST_DUE_d_app_DAYS_EMPLOYED_mean,820.3892931938171,51,0.7784973723460058,0.6742118050586352
2,f101_nyg_high_total_debt_pctchange_max,353.72898721694946,32,0.7784973723460058,0.6742118050586352
2,f101_nyg_high_total_debt_mean,151.43529844284058,14,0.7784973723460058,0.6742118050586352
2,f101_nyg_high_NAME_CLIENT_TYPE_New_sum,680.2576384544373,47,0.7784973723460058,0.6742118050586352
2,f101_nyg_high_total_debt_pctchange_min,577.4322199821472,48,0.7784973723460058,0.6742118050586352
2,f101_nyg_high_total_debt_pctchange_mean,292.93328189849854,26,0.7784973723460058,0.6742118050586352
2,f101_nyg_high_interest_rate_diff_min,694.9343767762184,63,0.7784973723460058,0.6742118050586352
2,f101_nyg_high_total_debt_diff_max,218.67995071411133,20,0.7784973723460058,0.6742118050586352
2,f101_nyg_high_DAYS_FIRST_DUE_s_app_DAYS_EMPLOYED_max,791.5408155918121,53,0.7784973723460058,0.6742118050586352
2,f101_nyg_high_DAYS_LAST_DUE_1ST_VERSION_s_DAYS_DECISIONS_mean,574.3636096566916,46,0.7784973723460058,0.6742118050586352
2,f101_nyg_high_total_debt_std_div_mean,578.991446018219,46,0.7784973723460058,0.6742118050586352
2,f101_nyg_high_total_debt_diff_std,507.4317994117737,39,0.7784973723460058,0.6742118050586352
2,f101_nyg_high_interest_rate_pctchange_min,618.6614389419556,49,0.7784973723460058,0.6742118050586352
2,f101_nyg_high_DAYS_LAST_DUE_1ST_VERSION_s_DAYS_DECISIONS_min,546.0213313102722,40,0.7784973723460058,0.6742118050586352
2,f101_nyg_high_DAYS_FIRST_DUE_s_app_DAYS_BIRTH_min,355.6849775314331,25,0.7784973723460058,0.6742118050586352
2,f101_nyg_high_DAYS_TERMINATION_d_app_DAYS_BIRTH_max,513.4390205740929,38,0.7784973723460058,0.6742118050586352
2,f101_nyg_high_interest_rate_diff_std,359.98221731185913,27,0.7784973723460058,0.6742118050586352
2,f101_nyg_high_DAYS_TERMINATION_d_app_DAYS_BIRTH_mean,839.1168451309204,54,0.7784973723460058,0.6742118050586352
2,f101_nyg_high_DAYS_TERMINATION_d_app_DAYS_BIRTH_min,982.9948324561119,64,0.7784973723460058,0.6742118050586352
2,f101_nyg_high_DAYS_LAST_DUE_1ST_VERSION_s_app_DAYS_BIRTH_max,456.4066148996353,33,0.7784973723460058,0.6742118050586352
2,f101_nyg_high_DAYS_LAST_DUE_d_app_DAYS_BIRTH_max,820.3442836999893,61,0.7784973723460058,0.6742118050586352
2,f101_nyg_high_total_debt_std,355.4713890552521,32,0.7784973723460058,0.6742118050586352
2,f101_nyg_high_RATE_DOWN_PAYMENT_std,182.04990673065186,17,0.7784973723460058,0.6742118050586352
2,f101_nyg_high_HOUR_APPR_PROCESS_START_min,1919.2834491729736,106,0.7784973723460058,0.6742118050586352
2,f101_nyg_high_DAYS_FIRST_DUE_d_app_DAYS_LAST_PHONE_CHANGE_std_div_mean,243.52756690979004,22,0.7784973723460058,0.6742118050586352
2,f101_nyg_high_DAYS_LAST_DUE_s_app_DAYS_BIRTH_max,274.30664110183716,22,0.7784973723460058,0.6742118050586352
2,f101_nyg_high_DAYS_LAST_DUE_d_app_DAYS_BIRTH_min,910.68106341362,66,0.7784973723460058,0.6742118050586352
2,f101_nyg_high_DAYS_FIRST_DUE_d_app_DAYS_BIRTH_min,536.9171228408813,42,0.7784973723460058,0.6742118050586352
2,f101_nyg_high_DAYS_LAST_DUE_1ST_VERSION_s_app_DAYS_EMPLOYED_max,533.5728974342346,39,0.7784973723460058,0.6742118050586352
2,f101_nyg_high_DAYS_LAST_DUE_1ST_VERSION_d_app_DAYS_BIRTH_max,1107.0724458694458,60,0.7784973723460058,0.6742118050586352
2,f101_nyg_high_DAYS_LAST_DUE_d_app_DAYS_BIRTH_mean,1010.474039554596,70,0.7784973723460058,0.6742118050586352
2,f101_nyg_high_total_debt_pctchange_std,197.47711992263794,15,0.7784973723460058,0.6742118050586352
2,f101_nyg_high_HOUR_APPR_PROCESS_START_max,595.1343673467636,51,0.7784973723460058,0.6742118050586352
2,f101_nyg_high_DAYS_FIRST_DUE_s_app_DAYS_BIRTH_mean,328.1709985733032,24,0.7784973723460058,0.6742118050586352
2,f101_nyg_high_DAYS_LAST_DUE_1ST_VERSION_d_app_DAYS_BIRTH_std,393.10273694992065,34,0.7784973723460058,0.6742118050586352
2,f101_nyg_high_amt_paid_std_div_mean,236.4180407524109,23,0.7784973723460058,0.6742118050586352
2,f101_nyg_high_DAYS_FIRST_DUE_d_app_DAYS_BIRTH_mean,524.6622939109802,43,0.7784973723460058,0.6742118050586352
2,f101_nyg_high_RATE_DOWN_PAYMENT_std_div_mean,131.8483304977417,11,0.7784973723460058,0.6742118050586352
2,f101_nyg_high_DAYS_TERMINATION_s_app_DAYS_EMPLOYED_std_div_mean,655.399209022522,54,0.7784973723460058,0.6742118050586352
2,f101_nyg_low_action_DAYS_FIRST_DUE_d_app_DAYS_BIRTH_mean,190.05292868614197,18,0.7784973723460058,0.6742118050586352
2,f101_nyg_high_DAYS_LAST_DUE_1ST_VERSION_s_app_DAYS_REGISTRATION_max,468.74043893814087,41,0.7784973723460058,0.6742118050586352
2,f101_nyg_high_RATE_DOWN_PAYMENT_min,137.12585163116455,10,0.7784973723460058,0.6742118050586352
2,f101_nyg_high_DAYS_LAST_DUE_1ST_VERSION_s_DAYS_DECISIONS_max,322.3232538960874,29,0.7784973723460058,0.6742118050586352
2,f101_nyg_high_DAYS_TERMINATION_s_DAYS_LAST_DUE_1ST_VERSION_std,704.1056499481201,43,0.7784973723460058,0.6742118050586352
2,f101_nyg_low_action_AMT_ANNUITY_s_app_AMT_GOODS_PRICE_min,421.43779200315475,25,0.7784973723460058,0.6742118050586352
2,f101_nyg_low_action_DAYS_FIRST_DUE_d_app_DAYS_EMPLOYED_min,731.1038632392883,33,0.7784973723460058,0.6742118050586352
2,f101_nyg_high_amt_paid_std,468.8051860332489,37,0.7784973723460058,0.6742118050586352
2,f101_nyg_low_action_DAYS_FIRST_DUE_s_app_DAYS_BIRTH_max,194.99560749530792,11,0.7784973723460058,0.6742118050586352
2,f101_nyg_low_action_DAYS_DECISION_d_app_DAYS_EMPLOYED_min,485.3468623161316,33,0.7784973723460058,0.6742118050586352
2,f101_nyg_high_DAYS_FIRST_DUE_s_app_DAYS_REGISTRATION_max,484.658802986145,32,0.7784973723460058,0.6742118050586352
2,f101_nyg_high_DAYS_TERMINATION_d_app_DAYS_EMPLOYED_max,341.2805907726288,27,0.7784973723460058,0.6742118050586352
2,f101_nyg_high_DAYS_LAST_DUE_1ST_VERSION_s_app_DAYS_BIRTH_min,289.33277893066406,25,0.7784973723460058,0.6742118050586352
2,f101_nyg_high_total_debt_max_div_min,351.0185809135437,21,0.7784973723460058,0.6742118050586352
2,f101_nyg_high_DAYS_FIRST_DUE_d_app_DAYS_BIRTH_max,387.7483801841736,28,0.7784973723460058,0.6742118050586352
2,f101_nyg_low_action_DAYS_DECISION_s_app_DAYS_LAST_PHONE_CHANGE_max,163.8108401298523,15,0.7784973723460058,0.6742118050586352
2,f101_nyg_high_DAYS_LAST_DUE_1ST_VERSION_s_app_DAYS_BIRTH_mean,414.80650758743286,30,0.7784973723460058,0.6742118050586352
2,f101_nyg_low_action_DAYS_DECISION_s_app_DAYS_ID_PUBLISH_max,152.4376516342163,14,0.7784973723460058,0.6742118050586352
2,f101_nyg_high_DAYS_LAST_DUE_s_app_DAYS_BIRTH_min,294.9426198005676,23,0.7784973723460058,0.6742118050586352
2,f101_nyg_high_DAYS_FIRST_DUE_s_app_DAYS_EMPLOYED_min,235.96635055541992,19,0.7784973723460058,0.6742118050586352
2,f101_nyg_low_action_DAYS_DECISION_s_app_DAYS_ID_PUBLISH_min,294.2448887825012,21,0.7784973723460058,0.6742118050586352
2,f101_nyg_low_action_AMT_ANNUITY_s_app_AMT_CREDIT_max,206.6382108926773,18,0.7784973723460058,0.6742118050586352
2,f101_nyg_low_action_DAYS_FIRST_DUE_d_app_DAYS_EMPLOYED_mean,293.9993541240692,19,0.7784973723460058,0.6742118050586352
2,f101_nyg_low_action_DAYS_DECISION_s_app_DAYS_ID_PUBLISH_mean,161.4477095603943,12,0.7784973723460058,0.6742118050586352
2,f101_nyg_low_action_DAYS_DECISION_d_app_DAYS_BIRTH_mean,170.65387105941772,17,0.7784973723460058,0.6742118050586352
2,f101_nyg_high_DAYS_TERMINATION_s_app_DAYS_REGISTRATION_max,251.1746382713318,21,0.7784973723460058,0.6742118050586352
2,f101_nyg_high_DAYS_FIRST_DUE_d_app_DAYS_BIRTH_std_div_mean,279.48000860214233,24,0.7784973723460058,0.6742118050586352
2,f101_nyg_low_action_AMT_CREDIT_d_AMT_ANNUITY_min,362.66513180732727,29,0.7784973723460058,0.6742118050586352
2,f101_nyg_low_action_AMT_ANNUITY_s_app_AMT_ANNUITY_d_app_AMT_INCOME_TOTAL_min,407.3763418793678,34,0.7784973723460058,0.6742118050586352
2,f101_nyg_high_HOUR_APPR_PROCESS_START_max_div_min,559.2181496620178,37,0.7784973723460058,0.6742118050586352
2,f101_nyg_low_action_DAYS_DECISION_s_app_DAYS_REGISTRATION_max,207.29033136367798,19,0.7784973723460058,0.6742118050586352
2,f101_nyg_high_DAYS_TERMINATION_s_app_DAYS_EMPLOYED_max,290.515908241272,25,0.7784973723460058,0.6742118050586352
2,f101_nyg_high_DAYS_TERMINATION_s_app_DAYS_REGISTRATION_min,213.8026306629181,18,0.7784973723460058,0.6742118050586352
2,f101_nyg_high_DAYS_TERMINATION_s_app_DAYS_BIRTH_min,312.1338620185852,23,0.7784973723460058,0.6742118050586352
2,f101_nyg_low_action_DAYS_FIRST_DUE_s_app_DAYS_BIRTH_mean,91.64029049873352,8,0.7784973723460058,0.6742118050586352
2,f101_nyg_low_action_AMT_GOODS_PRICE_d_total_debt_min,450.43429177999496,39,0.7784973723460058,0.6742118050586352
2,f101_nyg_high_DAYS_FIRST_DUE_d_app_DAYS_EMPLOYED_std,266.42156171798706,22,0.7784973723460058,0.6742118050586352
2,f101_nyg_high_DAYS_FIRST_DUE_s_app_DAYS_REGISTRATION_min,208.08487010002136,17,0.7784973723460058,0.6742118050586352
2,f101_nyg_high_DAYS_LAST_DUE_1ST_VERSION_s_app_DAYS_EMPLOYED_min,263.54161310195923,19,0.7784973723460058,0.6742118050586352
2,f101_nyg_high_DAYS_LAST_DUE_1ST_VERSION_s_app_DAYS_REGISTRATION_min,188.69289779663086,18,0.7784973723460058,0.6742118050586352
2,f101_nyg_low_action_DAYS_DECISION_s_app_DAYS_REGISTRATION_min,380.5664395093918,34,0.7784973723460058,0.6742118050586352
2,f101_nyg_low_action_AMT_ANNUITY_s_app_AMT_GOODS_PRICE_mean,308.9769991636276,22,0.7784973723460058,0.6742118050586352
2,f101_nyg_high_DAYS_LAST_DUE_1ST_VERSION_d_app_DAYS_EMPLOYED_std,455.54906702041626,38,0.7784973723460058,0.6742118050586352
2,f101_nyg_low_action_AMT_CREDIT_d_total_debt_diff_min,225.30473971366882,22,0.7784973723460058,0.6742118050586352
2,f101_nyg_high_DAYS_LAST_DUE_d_app_DAYS_EMPLOYED_max,291.40453028678894,28,0.7784973723460058,0.6742118050586352
2,f101_nyg_low_action_DAYS_FIRST_DUE_d_app_DAYS_BIRTH_min,224.0964607000351,22,0.7784973723460058,0.6742118050586352
2,f101_nyg_high_cnt_paid_std,329.1178398132324,28,0.7784973723460058,0.6742118050586352
2,f101_nyg_high_DAYS_TERMINATION_s_app_DAYS_BIRTH_max,343.5702817440033,29,0.7784973723460058,0.6742118050586352
2,f101_nyg_low_action_DAYS_DECISION_s_app_DAYS_REGISTRATION_mean,100.97273015975952,10,0.7784973723460058,0.6742118050586352
2,f101_nyg_low_action_AMT_ANNUITY_s_app_AMT_GOODS_PRICE_max,358.34708428382874,26,0.7784973723460058,0.6742118050586352
2,f101_nyg_low_action_AMT_ANNUITY_d_app_AMT_ANNUITY_min,271.7638692855835,19,0.7784973723460058,0.6742118050586352
2,f101_nyg_high_DAYS_LAST_DUE_s_app_DAYS_REGISTRATION_max,194.98880970478058,15,0.7784973723460058,0.6742118050586352
2,f101_nyg_high_DAYS_LAST_DUE_s_app_DAYS_EMPLOYED_max,264.9743285179138,19,0.7784973723460058,0.6742118050586352
2,f101_nyg_low_action_DAYS_DECISION_s_app_DAYS_LAST_PHONE_CHANGE_mean,218.33517026901245,20,0.7784973723460058,0.6742118050586352
2,f101_nyg_high_cnt_paid_mean,216.92000818252563,19,0.7784973723460058,0.6742118050586352
2,f101_nyg_high_DAYS_LAST_DUE_s_DAYS_LAST_DUE_1ST_VERSION_std,399.0497407913208,31,0.7784973723460058,0.6742118050586352
2,f101_nyg_high_DAYS_FIRST_DUE_s_app_DAYS_REGISTRATION_mean,228.17177137732506,18,0.7784973723460058,0.6742118050586352
2,f101_nyg_low_action_DAYS_DECISION_d_app_DAYS_BIRTH_min,146.99207949638367,13,0.7784973723460058,0.6742118050586352
2,f101_nyg_high_DAYS_LAST_DUE_1ST_VERSION_s_app_DAYS_REGISTRATION_mean,185.04773378372192,14,0.7784973723460058,0.6742118050586352
2,f101_nyg_low_action_DAYS_DECISION_s_app_DAYS_EMPLOYED_max,221.14179873466492,19,0.7784973723460058,0.6742118050586352
2,f101_nyg_high_DAYS_LAST_DUE_1ST_VERSION_s_DAYS_DECISIONS_std_div_mean,316.3004970550537,26,0.7784973723460058,0.6742118050586352
2,f101_nyg_high_DAYS_TERMINATION_s_app_DAYS_REGISTRATION_mean,184.6667399406433,15,0.7784973723460058,0.6742118050586352
2,f101_nyg_low_action_AMT_CREDIT_d_AMT_APPLICATION_max,1182.0093624591827,60,0.7784973723460058,0.6742118050586352
2,f101_nyg_low_action_DAYS_FIRST_DUE_s_app_DAYS_BIRTH_min,108.66811847686768,11,0.7784973723460058,0.6742118050586352
2,f101_nyg_high_NAME_CONTRACT_STATUS_Refused_mean,630.5891075134277,34,0.7784973723460058,0.6742118050586352
2,f101_nyg_low_action_DAYS_DECISION_s_app_DAYS_BIRTH_min,286.77523136138916,20,0.7784973723460058,0.6742118050586352
2,f101_nyg_high_DAYS_LAST_DUE_d_app_DAYS_LAST_PHONE_CHANGE_std_div_mean,239.0785617828369,21,0.7784973723460058,0.6742118050586352
2,f101_nyg_high_completed_min,726.1508979797363,5,0.7784973723460058,0.6742118050586352
2,f101_nyg_high_DAYS_LAST_DUE_1ST_VERSION_s_app_DAYS_EMPLOYED_mean,193.10114908218384,18,0.7784973723460058,0.6742118050586352
2,f101_nyg_high_DAYS_LAST_DUE_s_app_DAYS_REGISTRATION_min,156.08333015441895,15,0.7784973723460058,0.6742118050586352
2,f101_nyg_high_DAYS_LAST_DUE_s_app_DAYS_BIRTH_mean,174.67842960357666,14,0.7784973723460058,0.6742118050586352
2,f101_nyg_low_action_AMT_CREDIT_d_AMT_ANNUITY_max,438.6430621147156,35,0.7784973723460058,0.6742118050586352
2,f101_nyg_low_action_AMT_ANNUITY_d_app_AMT_INCOME_TOTAL_min,195.80197024345398,19,0.7784973723460058,0.6742118050586352
2,f101_nyg_low_action_AMT_ANNUITY_s_app_AMT_ANNUITY_d_app_AMT_INCOME_TOTAL_max,485.37548673152924,36,0.7784973723460058,0.6742118050586352
2,f101_nyg_low_action_AMT_GOODS_PRICE_d_total_debt_max,213.91156005859375,19,0.7784973723460058,0.6742118050586352
2,f101_nyg_high_DAYS_FIRST_DUE_s_app_DAYS_EMPLOYED_mean,333.1871757507324,20,0.7784973723460058,0.6742118050586352
2,f101_nyg_low_action_DAYS_DECISION_s_app_DAYS_LAST_PHONE_CHANGE_min,345.62230014801025,28,0.7784973723460058,0.6742118050586352
2,f101_nyg_high_DAYS_TERMINATION_d_app_DAYS_LAST_PHONE_CHANGE_std_div_mean,278.8022918701172,24,0.7784973723460058,0.6742118050586352
2,f101_nyg_high_NAME_PRODUCT_TYPE_walk_in_mean,294.5503611564636,23,0.7784973723460058,0.6742118050586352
2,f101_nyg_low_action_AMT_GOODS_PRICE_d_total_debt_mean,543.4243211746216,44,0.7784973723460058,0.6742118050586352
2,f101_nyg_high_DAYS_TERMINATION_s_app_DAYS_BIRTH_mean,240.0795292854309,20,0.7784973723460058,0.6742118050586352
2,f101_nyg_low_action_AMT_GOODS_PRICE_d_AMT_ANNUITY_mean,159.638099193573,15,0.7784973723460058,0.6742118050586352
2,f101_nyg_low_action_AMT_ANNUITY_min,348.37918043136597,28,0.7784973723460058,0.6742118050586352
2,f101_nyg_high_DAYS_TERMINATION_s_app_DAYS_EMPLOYED_min,88.9632306098938,8,0.7784973723460058,0.6742118050586352
2,f101_nyg_high_DAYS_LAST_DUE_1ST_VERSION_s_DAYS_DECISIONS_std,226.28662872314453,18,0.7784973723460058,0.6742118050586352
2,f101_nyg_low_action_AMT_ANNUITY_max,210.6955069899559,17,0.7784973723460058,0.6742118050586352
2,f101_nyg_high_DAYS_LAST_DUE_s_app_DAYS_EMPLOYED_min,105.14030885696411,9,0.7784973723460058,0.6742118050586352
2,f101_nyg_low_action_AMT_ANNUITY_s_app_AMT_ANNUITY_min,287.3981280326843,23,0.7784973723460058,0.6742118050586352
2,f101_nyg_low_action_AMT_ANNUITY_s_app_AMT_ANNUITY_d_app_AMT_INCOME_TOTAL_mean,418.9136230945587,29,0.7784973723460058,0.6742118050586352
2,f101_nyg_low_action_DAYS_DECISION_s_app_DAYS_BIRTH_max,186.01621007919312,17,0.7784973723460058,0.6742118050586352
2,f101_nyg_high_NAME_CONTRACT_STATUS_Approved_mean,266.6080722808838,16,0.7784973723460058,0.6742118050586352
2,f101_nyg_high_DAYS_LAST_DUE_s_DAYS_LAST_DUE_1ST_VERSION_mean,428.32932472229004,28,0.7784973723460058,0.6742118050586352
2,f101_nyg_high_DAYS_FIRST_DUE_d_app_DAYS_EMPLOYED_std_div_mean,183.9218213558197,18,0.7784973723460058,0.6742118050586352
2,f101_nyg_high_DAYS_LAST_DUE_d_app_DAYS_EMPLOYED_std,207.41129899024963,19,0.7784973723460058,0.6742118050586352
2,f101_nyg_low_action_AMT_ANNUITY_s_app_AMT_CREDIT_min,196.62750053405762,17,0.7784973723460058,0.6742118050586352
2,f101_nyg_low_action_DAYS_DECISION_s_app_DAYS_EMPLOYED_min,131.2939100265503,11,0.7784973723460058,0.6742118050586352
2,f101_nyg_low_action_DAYS_DECISION_s_app_DAYS_EMPLOYED_mean,175.7709608078003,14,0.7784973723460058,0.6742118050586352
2,f101_nyg_low_action_AMT_GOODS_PRICE_d_AMT_ANNUITY_min,183.19636046886444,17,0.7784973723460058,0.6742118050586352
2,f101_nyg_low_action_DAYS_DECISION_d_app_DAYS_EMPLOYED_mean,270.9682762622833,20,0.7784973723460058,0.6742118050586352
2,f101_nyg_low_action_AMT_ANNUITY_mean,145.56957054138184,11,0.7784973723460058,0.6742118050586352
2,f101_nyg_high_DAYS_TERMINATION_s_app_DAYS_EMPLOYED_mean,114.85233116149902,10,0.7784973723460058,0.6742118050586352
2,f101_nyg_low_action_AMT_ANNUITY_s_app_AMT_ANNUITY_mean,251.51134359836578,22,0.7784973723460058,0.6742118050586352
2,f101_nyg_high_DAYS_LAST_DUE_1ST_VERSION_s_DAYS_DECISIONS_max_div_min,257.0700716972351,20,0.7784973723460058,0.6742118050586352
2,f101_nyg_low_action_DAYS_FIRST_DUE_d_app_DAYS_EMPLOYED_max,295.9482932090759,20,0.7784973723460058,0.6742118050586352
2,f101_nyg_low_action_AMT_ANNUITY_d_app_AMT_INCOME_TOTAL_mean,135.2544596195221,12,0.7784973723460058,0.6742118050586352
2,f101_nyg_low_action_AMT_ANNUITY_s_app_AMT_CREDIT_mean,202.93706965446472,19,0.7784973723460058,0.6742118050586352
2,f101_nyg_high_DAYS_LAST_DUE_s_app_DAYS_REGISTRATION_mean,237.4878101348877,19,0.7784973723460058,0.6742118050586352
2,f101_nyg_low_action_AMT_ANNUITY_d_app_AMT_ANNUITY_max,220.16345953941345,18,0.7784973723460058,0.6742118050586352
2,f101_nyg_low_action_AMT_CREDIT_d_AMT_ANNUITY_mean,224.54040157794952,22,0.7784973723460058,0.6742118050586352
2,f101_nyg_low_action_AMT_GOODS_PRICE_d_AMT_CREDIT_min,1432.918933391571,52,0.7784973723460058,0.6742118050586352
2,f101_nyg_high_DAYS_LAST_DUE_s_app_DAYS_EMPLOYED_mean,67.73078107833862,6,0.7784973723460058,0.6742118050586352
2,f101_nyg_low_action_AMT_APPLICATION_d_app_AMT_ANNUITY_diff_max,113.9890809059143,11,0.7784973723460058,0.6742118050586352
2,f101_nyg_low_action_AMT_ANNUITY_d_app_AMT_CREDIT_max,229.33619213104248,23,0.7784973723460058,0.6742118050586352
2,f101_nyg_low_action_AMT_ANNUITY_d_app_AMT_INCOME_TOTAL_max,143.31593084335327,13,0.7784973723460058,0.6742118050586352
2,f101_nyg_low_action_AMT_ANNUITY_d_app_AMT_CREDIT_min,172.90608444809914,16,0.7784973723460058,0.6742118050586352
2,f101_nyg_low_action_DAYS_DECISION_s_app_DAYS_BIRTH_mean,180.45962762832642,14,0.7784973723460058,0.6742118050586352
2,f101_nyg_low_action_AMT_DOWN_PAYMENT_d_AMT_GOODS_PRICE_diff_min,38.447221755981445,6,0.7784973723460058,0.6742118050586352
2,f101_nyg_middle_AMT_APPLICATION_s_app_AMT_ANNUITY_d_app_AMT_INCOME_TOTAL_mean,1885.060694694519,131,0.7784973723460058,0.6742118050586352
2,f101_nyg_low_normal_DAYS_FIRST_DUE_s_app_DAYS_BIRTH_max,1257.3016414642334,33,0.7784973723460058,0.6742118050586352
2,f101_nyg_low_action_AMT_ANNUITY_s_app_AMT_ANNUITY_max,175.64648008346558,13,0.7784973723460058,0.6742118050586352
2,f101_nyg_middle_AMT_ANNUITY_s_app_AMT_GOODS_PRICE_min,2377.603478908539,119,0.7784973723460058,0.6742118050586352
2,f101_nyg_middle_AMT_ANNUITY_s_app_AMT_CREDIT_max,1487.4335144758224,81,0.7784973723460058,0.6742118050586352
2,f101_nyg_low_normal_HOUR_APPR_PROCESS_START_mean,2133.174229860306,139,0.7784973723460058,0.6742118050586352
2,f101_nyg_middle_AMT_APPLICATION_s_app_AMT_ANNUITY_d_app_AMT_INCOME_TOTAL_max,1443.0541952848434,108,0.7784973723460058,0.6742118050586352
2,f101_nyg_middle_AMT_APPLICATION_s_app_AMT_GOODS_PRICE_max,2312.708869755268,137,0.7784973723460058,0.6742118050586352
2,f101_nyg_low_normal_AMT_GOODS_PRICE_d_total_debt_min,4003.2217747569084,178,0.7784973723460058,0.6742118050586352
2,f101_nyg_low_normal_DAYS_DECISION_s_app_DAYS_EMPLOYED_max,499.3525891304016,35,0.7784973723460058,0.6742118050586352
2,f101_nyg_middle_AMT_APPLICATION_d_app_AMT_INCOME_TOTAL_mean,1695.7892727851868,134,0.7784973723460058,0.6742118050586352
2,f101_nyg_low_normal_DAYS_FIRST_DUE_d_app_DAYS_EMPLOYED_min,1695.44705671072,60,0.7784973723460058,0.6742118050586352
2,f101_nyg_low_normal_AMT_ANNUITY_s_app_AMT_ANNUITY_d_app_AMT_INCOME_TOTAL_min,1900.0468346476555,114,0.7784973723460058,0.6742118050586352
2,f101_nyg_middle_AMT_ANNUITY_s_app_AMT_CREDIT_min,1990.8677861690521,112,0.7784973723460058,0.6742118050586352
2,f101_nyg_low_normal_AMT_ANNUITY_s_app_AMT_GOODS_PRICE_min,2123.7369799613953,112,0.7784973723460058,0.6742118050586352
2,f101_nyg_low_normal_DAYS_FIRST_DUE_s_app_DAYS_BIRTH_mean,279.06304836273193,24,0.7784973723460058,0.6742118050586352
2,f101_nyg_low_normal_AMT_ANNUITY_d_app_AMT_INCOME_TOTAL_max,709.0682883262634,66,0.7784973723460058,0.6742118050586352
2,f101_nyg_low_normal_DAYS_LAST_DUE_s_app_DAYS_BIRTH_max,288.43116068840027,22,0.7784973723460058,0.6742118050586352
2,f101_nyg_middle_AMT_ANNUITY_s_app_AMT_CREDIT_mean,1472.4820153713226,82,0.7784973723460058,0.6742118050586352
2,f101_nyg_low_normal_AMT_ANNUITY_min,858.8595399856567,75,0.7784973723460058,0.6742118050586352
2,f101_nyg_low_normal_DAYS_FIRST_DUE_s_app_DAYS_LAST_PHONE_CHANGE_max,2300.5543868541718,108,0.7784973723460058,0.6742118050586352
2,f101_nyg_low_normal_AMT_GOODS_PRICE_d_total_debt_mean,1858.8357801437378,94,0.7784973723460058,0.6742118050586352
2,f101_nyg_middle_AMT_APPLICATION_d_app_AMT_INCOME_TOTAL_max,1102.4484775066376,81,0.7784973723460058,0.6742118050586352
2,f101_nyg_low_normal_AMT_ANNUITY_d_app_AMT_ANNUITY_mean,926.0049633979797,59,0.7784973723460058,0.6742118050586352
2,f101_nyg_low_normal_DAYS_FIRST_DUE_d_app_DAYS_BIRTH_min,636.7864069342613,60,0.7784973723460058,0.6742118050586352
2,f101_nyg_low_normal_amt_paid_mean,656.9688003063202,48,0.7784973723460058,0.6742118050586352
2,f101_nyg_low_normal_AMT_ANNUITY_s_app_AMT_ANNUITY_mean,1261.2387244179845,84,0.7784973723460058,0.6742118050586352
2,f101_nyg_low_normal_AMT_CREDIT_d_AMT_APPLICATION_mean,2350.0375629663467,109,0.7784973723460058,0.6742118050586352
2,f101_nyg_low_normal_AMT_ANNUITY_s_app_AMT_ANNUITY_d_app_AMT_INCOME_TOTAL_mean,1010.9483230262995,67,0.7784973723460058,0.6742118050586352
2,f101_nyg_low_normal_AMT_GOODS_PRICE_d_total_debt_max,1246.8271038532257,80,0.7784973723460058,0.6742118050586352
2,f101_nyg_middle_AMT_APPLICATION_s_app_AMT_GOODS_PRICE_mean,1544.947108745575,92,0.7784973723460058,0.6742118050586352
2,f101_nyg_low_normal_AMT_CREDIT_d_AMT_APPLICATION_max,1654.570725440979,86,0.7784973723460058,0.6742118050586352
2,f101_nyg_low_normal_AMT_ANNUITY_s_app_AMT_ANNUITY_d_app_AMT_INCOME_TOTAL_max,1507.3269752562046,88,0.7784973723460058,0.6742118050586352
2,f101_nyg_low_normal_AMT_ANNUITY_d_app_AMT_CREDIT_mean,994.320029258728,70,0.7784973723460058,0.6742118050586352
2,f101_nyg_low_action_DAYS_LAST_DUE_1ST_VERSION_s_app_DAYS_BIRTH_max,356.820829808712,22,0.7784973723460058,0.6742118050586352
2,f101_nyg_middle_AMT_APPLICATION_m_app_AMT_GOODS_PRICE_d_app_AMT_INCOME_TOTAL_mean,953.7356004714966,76,0.7784973723460058,0.6742118050586352
2,f101_nyg_low_normal_AMT_GOODS_PRICE_d_AMT_CREDIT_mean,1330.5844098329544,72,0.7784973723460058,0.6742118050586352
2,f101_nyg_low_normal_DAYS_DECISION_d_app_DAYS_EMPLOYED_min,538.4750488996506,41,0.7784973723460058,0.6742118050586352
2,f101_nyg_low_normal_amt_paid_sum,1580.2128693163395,94,0.7784973723460058,0.6742118050586352
2,f101_nyg_middle_AMT_APPLICATION_s_app_AMT_CREDIT_min,1408.5046627521515,85,0.7784973723460058,0.6742118050586352
2,f101_nyg_middle_AMT_ANNUITY_s_app_AMT_GOODS_PRICE_mean,1563.3599617481232,79,0.7784973723460058,0.6742118050586352
2,f101_nyg_low_normal_AMT_GOODS_PRICE_d_total_debt_pctchange_max,543.9219801425934,50,0.7784973723460058,0.6742118050586352
2,f101_nyg_low_normal_amt_paid_max,841.3397550582886,54,0.7784973723460058,0.6742118050586352
2,f101_nyg_low_normal_DAYS_DECISION_s_app_DAYS_LAST_PHONE_CHANGE_max,865.9253414869308,67,0.7784973723460058,0.6742118050586352
2,f101_nyg_middle_AMT_ANNUITY_s_app_AMT_ANNUITY_d_app_AMT_INCOME_TOTAL_pctchange_std,569.3444457054138,48,0.7784973723460058,0.6742118050586352
2,f101_nyg_middle_AMT_APPLICATION_m_app_AMT_GOODS_PRICE_d_app_AMT_INCOME_TOTAL_min,813.1044389493763,71,0.7784973723460058,0.6742118050586352
2,f101_nyg_low_normal_AMT_ANNUITY_s_app_AMT_ANNUITY_max,1076.5462913513184,70,0.7784973723460058,0.6742118050586352
2,f101_nyg_low_normal_DAYS_DECISION_s_app_DAYS_ID_PUBLISH_max,796.1826293468475,66,0.7784973723460058,0.6742118050586352
2,f101_nyg_low_normal_AMT_ANNUITY_mean,631.8966612815857,49,0.7784973723460058,0.6742118050586352
2,f101_nyg_low_normal_AMT_CREDIT_d_total_debt_pctchange_max,616.6274735927582,54,0.7784973723460058,0.6742118050586352
2,f101_nyg_middle_AMT_APPLICATION_m_app_AMT_GOODS_PRICE_d_app_AMT_INCOME_TOTAL_max,1100.3107740879059,90,0.7784973723460058,0.6742118050586352
2,f101_nyg_low_normal_DAYS_DECISION_s_app_DAYS_LAST_PHONE_CHANGE_mean,854.4590003490448,65,0.7784973723460058,0.6742118050586352
2,f101_nyg_low_normal_AMT_GOODS_PRICE_d_total_debt_diff_min,561.1531962156296,47,0.7784973723460058,0.6742118050586352
2,f101_nyg_middle_AMT_APPLICATION_s_app_AMT_CREDIT_max,858.6682538986206,68,0.7784973723460058,0.6742118050586352
2,f101_nyg_low_normal_AMT_CREDIT_d_total_debt_min,1131.3077719211578,77,0.7784973723460058,0.6742118050586352
2,f101_nyg_low_normal_AMT_CREDIT_d_total_debt_pctchange_mean,544.957356929779,45,0.7784973723460058,0.6742118050586352
2,f101_nyg_low_normal_AMT_DOWN_PAYMENT_d_AMT_GOODS_PRICE_diff_mean,732.1481729745865,60,0.7784973723460058,0.6742118050586352
2,f101_nyg_low_normal_AMT_GOODS_PRICE_d_total_debt_pctchange_mean,594.2072911262512,46,0.7784973723460058,0.6742118050586352
2,f101_nyg_low_normal_AMT_CREDIT_d_total_debt_max,836.8541386127472,68,0.7784973723460058,0.6742118050586352
2,f101_nyg_low_normal_HOUR_APPR_PROCESS_START_max,971.1407465934753,78,0.7784973723460058,0.6742118050586352
2,f101_nyg_low_normal_DAYS_FIRST_DUE_s_app_DAYS_ID_PUBLISH_max,953.0926216840744,58,0.7784973723460058,0.6742118050586352
2,f101_nyg_low_normal_DAYS_TERMINATION_s_DAYS_LAST_DUE_1ST_VERSION_max,835.3436269760132,65,0.7784973723460058,0.6742118050586352
2,f101_nyg_middle_AMT_APPLICATION_s_app_AMT_GOODS_PRICE_min,982.2499086856842,73,0.7784973723460058,0.6742118050586352
2,f101_nyg_low_normal_AMT_CREDIT_d_total_debt_mean,1722.7495584487915,102,0.7784973723460058,0.6742118050586352
2,f101_nyg_low_normal_AMT_GOODS_PRICE_d_AMT_CREDIT_min,1471.0236208438873,79,0.7784973723460058,0.6742118050586352
2,f101_nyg_low_normal_AMT_ANNUITY_s_app_AMT_GOODS_PRICE_mean,1515.0197167396545,75,0.7784973723460058,0.6742118050586352
2,f101_nyg_low_normal_total_debt_std,781.6034231185913,64,0.7784973723460058,0.6742118050586352
2,f101_nyg_low_normal_AMT_ANNUITY_s_app_AMT_GOODS_PRICE_max,1392.4201934337616,76,0.7784973723460058,0.6742118050586352
2,f101_nyg_low_normal_DAYS_DECISION_s_app_DAYS_BIRTH_max,568.789194226265,42,0.7784973723460058,0.6742118050586352
2,f101_nyg_low_normal_DAYS_DECISION_s_app_DAYS_ID_PUBLISH_mean,487.74953162670135,42,0.7784973723460058,0.6742118050586352
2,f101_nyg_low_normal_DAYS_DECISION_s_app_DAYS_REGISTRATION_max,652.1219217553735,56,0.7784973723460058,0.6742118050586352
2,f101_nyg_low_normal_DAYS_LAST_DUE_d_app_DAYS_BIRTH_min,576.1245822906494,52,0.7784973723460058,0.6742118050586352
2,f101_nyg_low_normal_AMT_ANNUITY_s_app_AMT_CREDIT_mean,794.6196546554565,41,0.7784973723460058,0.6742118050586352
2,f101_nyg_middle_AMT_ANNUITY_s_app_AMT_GOODS_PRICE_max,1501.4669682979584,72,0.7784973723460058,0.6742118050586352
2,f101_nyg_low_normal_HOUR_APPR_PROCESS_START_min,1108.3150310516357,71,0.7784973723460058,0.6742118050586352
2,f101_nyg_low_normal_DAYS_TERMINATION_s_DAYS_LAST_DUE_1ST_VERSION_mean,829.3123421669006,68,0.7784973723460058,0.6742118050586352
2,f101_nyg_low_normal_AMT_ANNUITY_d_app_AMT_CREDIT_max,696.9168770313263,44,0.7784973723460058,0.6742118050586352
2,f101_nyg_low_normal_interest_rate_pctchange_mean,626.4090591669083,57,0.7784973723460058,0.6742118050586352
2,f101_nyg_low_normal_DAYS_LAST_DUE_1ST_VERSION_s_DAYS_DECISIONS_mean,444.1500883102417,30,0.7784973723460058,0.6742118050586352
2,f101_nyg_low_normal_AMT_ANNUITY_max,517.0804493427277,46,0.7784973723460058,0.6742118050586352
2,f101_nyg_low_normal_DAYS_LAST_DUE_1ST_VERSION_s_app_DAYS_ID_PUBLISH_max,381.24638986587524,36,0.7784973723460058,0.6742118050586352
2,f101_nyg_low_normal_DAYS_DECISION_s_app_DAYS_BIRTH_min,293.74598321318626,22,0.7784973723460058,0.6742118050586352
2,f101_nyg_low_normal_AMT_GOODS_PRICE_d_AMT_ANNUITY_max,742.5064995884895,59,0.7784973723460058,0.6742118050586352
2,f101_nyg_middle_AMT_APPLICATION_s_app_AMT_CREDIT_mean,719.6802752017975,59,0.7784973723460058,0.6742118050586352
2,f101_nyg_low_normal_DAYS_FIRST_DUE_s_app_DAYS_LAST_PHONE_CHANGE_mean,844.9244891405106,47,0.7784973723460058,0.6742118050586352
2,f101_nyg_low_normal_DAYS_LAST_DUE_d_app_DAYS_EMPLOYED_min,682.0040719509125,40,0.7784973723460058,0.6742118050586352
2,f101_nyg_low_normal_DAYS_FIRST_DUE_s_DAYS_DECISIONS_min,1554.0868740081787,106,0.7784973723460058,0.6742118050586352
2,f101_nyg_low_normal_interest_rate_pctchange_min,614.6048130989075,52,0.7784973723460058,0.6742118050586352
2,f101_nyg_low_normal_AMT_ANNUITY_s_app_AMT_CREDIT_max,779.5376700162888,48,0.7784973723460058,0.6742118050586352
2,f101_nyg_low_normal_DAYS_FIRST_DUE_s_app_DAYS_LAST_PHONE_CHANGE_min,490.09886951744556,39,0.7784973723460058,0.6742118050586352
2,f101_nyg_low_normal_DAYS_DECISION_s_app_DAYS_ID_PUBLISH_min,412.2425904273987,34,0.7784973723460058,0.6742118050586352
2,f101_nyg_low_normal_AMT_CREDIT_d_AMT_ANNUITY_max,1016.3785732984543,69,0.7784973723460058,0.6742118050586352
2,f101_nyg_low_normal_DAYS_FIRST_DUE_s_DAYS_DECISIONS_mean,852.1394078731537,72,0.7784973723460058,0.6742118050586352
2,f101_nyg_low_normal_DAYS_LAST_DUE_1ST_VERSION_s_app_DAYS_LAST_PHONE_CHANGE_max,455.3321261405945,37,0.7784973723460058,0.6742118050586352
2,f101_nyg_low_normal_DAYS_LAST_DUE_d_app_DAYS_BIRTH_mean,513.2268218994141,47,0.7784973723460058,0.6742118050586352
2,f101_nyg_low_normal_interest_rate_diff_min,442.7286604642868,38,0.7784973723460058,0.6742118050586352
2,f101_nyg_low_normal_AMT_ANNUITY_s_app_AMT_CREDIT_min,700.6612412929535,41,0.7784973723460058,0.6742118050586352
2,f101_nyg_low_normal_DAYS_FIRST_DUE_s_app_DAYS_EMPLOYED_max,911.2279984951019,45,0.7784973723460058,0.6742118050586352
2,f101_nyg_low_normal_DAYS_FIRST_DUE_s_app_DAYS_ID_PUBLISH_min,352.81087136268616,26,0.7784973723460058,0.6742118050586352
2,f101_nyg_low_normal_AMT_GOODS_PRICE_d_total_debt_pctchange_min,340.8307886123657,29,0.7784973723460058,0.6742118050586352
2,f101_nyg_low_normal_AMT_ANNUITY_d_app_AMT_ANNUITY_max,890.9747022986412,60,0.7784973723460058,0.6742118050586352
2,f101_nyg_low_action_DAYS_LAST_DUE_1ST_VERSION_s_app_DAYS_BIRTH_mean,184.7898292541504,15,0.7784973723460058,0.6742118050586352
2,f101_nyg_low_normal_AMT_ANNUITY_d_app_AMT_GOODS_PRICE_max,393.7886916399002,38,0.7784973723460058,0.6742118050586352
2,f101_nyg_low_action_HOUR_APPR_PROCESS_START_mean,948.9607659849571,73,0.7784973723460058,0.6742118050586352
2,f101_nyg_low_normal_AMT_GOODS_PRICE_d_AMT_ANNUITY_mean,463.44211196899414,36,0.7784973723460058,0.6742118050586352
2,f101_nyg_low_normal_AMT_GOODS_PRICE_d_AMT_ANNUITY_min,410.90694630146027,41,0.7784973723460058,0.6742118050586352
2,f101_nyg_low_normal_interest_rate_diff_mean,404.86508870124817,40,0.7784973723460058,0.6742118050586352
2,f101_nyg_low_normal_AMT_CREDIT_s_app_AMT_GOODS_PRICE_max,942.5075733661652,72,0.7784973723460058,0.6742118050586352
2,f101_nyg_low_normal_AMT_CREDIT_d_AMT_ANNUITY_mean,1031.0782237052917,55,0.7784973723460058,0.6742118050586352
2,f101_nyg_low_normal_AMT_CREDIT_d_total_debt_std_div_mean,322.0769202709198,30,0.7784973723460058,0.6742118050586352
2,f101_nyg_low_normal_DAYS_DECISION_s_app_DAYS_EMPLOYED_mean,314.2711007595062,28,0.7784973723460058,0.6742118050586352
2,f101_nyg_low_normal_cnt_paid_ratio_mean,849.5746881961823,62,0.7784973723460058,0.6742118050586352
2,f101_nyg_low_normal_AMT_CREDIT_d_AMT_ANNUITY_min,421.45388889312744,37,0.7784973723460058,0.6742118050586352
2,f101_nyg_low_normal_DAYS_DECISION_s_app_DAYS_BIRTH_mean,312.69717955589294,22,0.7784973723460058,0.6742118050586352
2,f101_nyg_middle_AMT_APPLICATION_s_app_AMT_INCOME_TOTAL_pctchange_std,709.6763391494751,57,0.7784973723460058,0.6742118050586352
2,f101_nyg_low_action_DAYS_FIRST_DUE_s_app_DAYS_EMPLOYED_max,348.82995653152466,32,0.7784973723460058,0.6742118050586352
2,f101_nyg_low_normal_DAYS_LAST_DUE_s_app_DAYS_EMPLOYED_max,507.4393387436867,31,0.7784973723460058,0.6742118050586352
2,f101_nyg_low_normal_interest_rate_pctchange_max,499.7283525466919,45,0.7784973723460058,0.6742118050586352
2,f101_nyg_low_normal_DAYS_FIRST_DUE_d_app_DAYS_EMPLOYED_mean,474.2438234090805,38,0.7784973723460058,0.6742118050586352
2,f101_nyg_low_normal_DAYS_DECISION_s_app_DAYS_REGISTRATION_min,345.5988836288452,32,0.7784973723460058,0.6742118050586352
2,f101_nyg_low_normal_AMT_DOWN_PAYMENT_d_AMT_GOODS_PRICE_diff_min,329.5596022605896,28,0.7784973723460058,0.6742118050586352
2,f101_nyg_middle_AMT_APPLICATION_d_app_AMT_INCOME_TOTAL_diff_std_div_mean,531.6233174800873,45,0.7784973723460058,0.6742118050586352
2,f101_nyg_low_action_total_debt_diff_max,390.5900592803955,34,0.7784973723460058,0.6742118050586352
2,f101_nyg_low_normal_DAYS_LAST_DUE_1ST_VERSION_s_app_DAYS_REGISTRATION_max,423.3358923792839,36,0.7784973723460058,0.6742118050586352
2,f101_nyg_low_normal_DAYS_DECISION_s_app_DAYS_REGISTRATION_mean,369.2238688468933,30,0.7784973723460058,0.6742118050586352
2,f101_nyg_low_normal_interest_rate_pctchange_std_div_mean,575.094455242157,51,0.7784973723460058,0.6742118050586352
2,f101_nyg_low_normal_DAYS_LAST_DUE_1ST_VERSION_s_app_DAYS_LAST_PHONE_CHANGE_mean,471.34505879879,42,0.7784973723460058,0.6742118050586352
2,f101_nyg_low_action_DAYS_LAST_DUE_1ST_VERSION_s_app_DAYS_BIRTH_min,163.40816140174866,12,0.7784973723460058,0.6742118050586352
2,f101_nyg_low_normal_AMT_ANNUITY_s_app_AMT_INCOME_TOTAL_std_div_mean,348.92725944519043,32,0.7784973723460058,0.6742118050586352
2,f101_nyg_low_normal_interest_rate_diff_max,360.4267683029175,37,0.7784973723460058,0.6742118050586352
2,f101_nyg_low_normal_DAYS_FIRST_DUE_s_app_DAYS_ID_PUBLISH_mean,385.32466650009155,30,0.7784973723460058,0.6742118050586352
2,f101_nyg_low_normal_DAYS_TERMINATION_d_app_DAYS_BIRTH_min,414.43173241615295,37,0.7784973723460058,0.6742118050586352
2,f101_nyg_low_normal_AMT_CREDIT_s_app_AMT_ANNUITY_d_app_AMT_INCOME_TOTAL_pctchange_std,385.40692234039307,34,0.7784973723460058,0.6742118050586352
2,f101_nyg_low_normal_DAYS_LAST_DUE_1ST_VERSION_s_DAYS_DECISIONS_min,407.3349702358246,29,0.7784973723460058,0.6742118050586352
2,f101_nyg_low_normal_AMT_CREDIT_s_app_AMT_GOODS_PRICE_min,547.7822585105896,41,0.7784973723460058,0.6742118050586352
2,f101_nyg_low_normal_AMT_CREDIT_d_AMT_APPLICATION_min,385.7277002334595,23,0.7784973723460058,0.6742118050586352
2,f101_nyg_low_normal_interest_rate_diff_std_div_mean,414.99014806747437,36,0.7784973723460058,0.6742118050586352
2,f101_nyg_low_normal_AMT_GOODS_PRICE_d_AMT_CREDIT_max,473.8240691572428,38,0.7784973723460058,0.6742118050586352
2,f101_nyg_low_normal_DAYS_LAST_DUE_1ST_VERSION_s_app_DAYS_BIRTH_max,433.1547999382019,36,0.7784973723460058,0.6742118050586352
2,f101_nyg_low_normal_AMT_ANNUITY_d_app_AMT_GOODS_PRICE_diff_mean,413.4838798046112,36,0.7784973723460058,0.6742118050586352
2,f101_nyg_low_normal_DAYS_LAST_DUE_1ST_VERSION_s_app_DAYS_ID_PUBLISH_mean,382.17764163017273,32,0.7784973723460058,0.6742118050586352
2,f101_nyg_low_normal_DAYS_DECISION_s_app_DAYS_EMPLOYED_std,399.7221803665161,36,0.7784973723460058,0.6742118050586352
2,f101_nyg_low_normal_DAYS_LAST_DUE_s_app_DAYS_BIRTH_mean,263.17211151123047,20,0.7784973723460058,0.6742118050586352
2,f101_nyg_low_normal_DAYS_FIRST_DUE_s_app_DAYS_REGISTRATION_max,466.8118173480034,36,0.7784973723460058,0.6742118050586352
2,f101_nyg_middle_AMT_APPLICATION_d_app_AMT_INCOME_TOTAL_diff_std,609.9601283073425,45,0.7784973723460058,0.6742118050586352
2,f101_nyg_low_normal_DAYS_LAST_DUE_s_app_DAYS_LAST_PHONE_CHANGE_max,443.9047613143921,33,0.7784973723460058,0.6742118050586352
2,f101_nyg_low_normal_AMT_ANNUITY_d_app_AMT_ANNUITY_diff_mean,358.5952069759369,33,0.7784973723460058,0.6742118050586352
2,f101_nyg_low_normal_AMT_CREDIT_s_app_AMT_GOODS_PRICE_mean,634.5509020090103,51,0.7784973723460058,0.6742118050586352
2,f101_nyg_low_normal_DAYS_TERMINATION_s_app_DAYS_REGISTRATION_max,401.7108471393585,37,0.7784973723460058,0.6742118050586352
2,f101_nyg_low_normal_DAYS_LAST_DUE_1ST_VERSION_s_app_DAYS_EMPLOYED_max,332.69719791412354,31,0.7784973723460058,0.6742118050586352
2,f101_nyg_low_normal_DAYS_TERMINATION_s_app_DAYS_LAST_PHONE_CHANGE_max,425.0383710861206,30,0.7784973723460058,0.6742118050586352
2,f101_nyg_low_action_DAYS_FIRST_DUE_s_app_DAYS_ID_PUBLISH_max,260.0477843284607,25,0.7784973723460058,0.6742118050586352
2,f101_nyg_low_action_DAYS_FIRST_DUE_s_app_DAYS_ID_PUBLISH_min,179.2591798901558,12,0.7784973723460058,0.6742118050586352
2,f101_nyg_low_normal_AMT_ANNUITY_d_app_AMT_GOODS_PRICE_diff_max,314.03888154029846,31,0.7784973723460058,0.6742118050586352
2,f101_nyg_low_normal_DAYS_TERMINATION_d_app_DAYS_BIRTH_mean,273.50256383419037,26,0.7784973723460058,0.6742118050586352
2,f101_nyg_middle_AMT_APPLICATION_m_app_AMT_GOODS_PRICE_d_app_AMT_INCOME_TOTAL_std,1287.1426529884338,83,0.7784973723460058,0.6742118050586352
2,f101_nyg_low_normal_cnt_unpaid_max,893.9937604665756,66,0.7784973723460058,0.6742118050586352
2,f101_nyg_low_normal_AMT_CREDIT_s_app_AMT_CREDIT_max,692.645299911499,43,0.7784973723460058,0.6742118050586352
2,f101_nyg_low_normal_DAYS_LAST_DUE_1ST_VERSION_s_app_DAYS_REGISTRATION_min,381.59302139282227,30,0.7784973723460058,0.6742118050586352
2,f101_nyg_middle_AMT_APPLICATION_s_app_AMT_CREDIT_d_app_AMT_INCOME_TOTAL_pctchange_std,495.53027725219727,47,0.7784973723460058,0.6742118050586352
2,f101_nyg_low_normal_NAME_PRODUCT_TYPE_x_sell_mean,499.21703004837036,34,0.7784973723460058,0.6742118050586352
2,f101_nyg_low_normal_AMT_CREDIT_d_AMT_ANNUITY_std,324.90138816833496,26,0.7784973723460058,0.6742118050586352
2,f101_nyg_low_normal_DAYS_TERMINATION_s_app_DAYS_LAST_PHONE_CHANGE_min,323.46631026268005,31,0.7784973723460058,0.6742118050586352
2,f101_nyg_low_normal_DAYS_TERMINATION_s_app_DAYS_ID_PUBLISH_mean,193.86123895645142,18,0.7784973723460058,0.6742118050586352
2,f101_nyg_low_normal_DAYS_LAST_DUE_s_app_DAYS_ID_PUBLISH_max,170.4262080192566,15,0.7784973723460058,0.6742118050586352
2,f101_nyg_low_normal_DAYS_LAST_DUE_1ST_VERSION_s_app_DAYS_BIRTH_mean,214.24041950702667,19,0.7784973723460058,0.6742118050586352
2,f101_nyg_low_normal_DAYS_TERMINATION_s_app_DAYS_ID_PUBLISH_max,268.4283695220947,23,0.7784973723460058,0.6742118050586352
2,f101_nyg_low_normal_DAYS_TERMINATION_d_app_DAYS_EMPLOYED_min,265.3258800506592,19,0.7784973723460058,0.6742118050586352
2,f101_nyg_low_normal_total_debt_diff_max_div_min,546.1068097352982,43,0.7784973723460058,0.6742118050586352
2,f101_nyg_low_normal_DAYS_DECISION_s_app_DAYS_EMPLOYED_min,318.43298947811127,30,0.7784973723460058,0.6742118050586352
2,f101_nyg_low_action_DAYS_FIRST_DUE_s_app_DAYS_LAST_PHONE_CHANGE_max,851.6100552082062,48,0.7784973723460058,0.6742118050586352
2,f101_nyg_low_normal_DAYS_DECISION_d_app_DAYS_LAST_PHONE_CHANGE_std_div_mean,225.452716588974,22,0.7784973723460058,0.6742118050586352
2,f101_nyg_low_normal_AMT_ANNUITY_d_app_AMT_CREDIT_diff_max,346.15963792800903,30,0.7784973723460058,0.6742118050586352
2,f101_nyg_low_normal_cnt_unpaid_mean,750.9150469303131,48,0.7784973723460058,0.6742118050586352
2,f101_nyg_low_normal_AMT_GOODS_PRICE_d_AMT_CREDIT_diff_std,426.14747285842896,36,0.7784973723460058,0.6742118050586352
2,f101_nyg_low_normal_AMT_CREDIT_s_app_AMT_CREDIT_min,562.5760200023651,38,0.7784973723460058,0.6742118050586352
2,f101_nyg_middle_AMT_APPLICATION_m_app_AMT_GOODS_PRICE_d_app_AMT_INCOME_TOTAL_pctchange_std,392.5913712978363,30,0.7784973723460058,0.6742118050586352
2,f101_nyg_low_normal_DAYS_LAST_DUE_s_app_DAYS_REGISTRATION_max,354.26756834983826,31,0.7784973723460058,0.6742118050586352
2,f101_nyg_low_normal_DAYS_DECISION_d_app_DAYS_EMPLOYED_std_div_mean,230.7374917268753,24,0.7784973723460058,0.6742118050586352
2,f101_nyg_low_normal_DAYS_LAST_DUE_s_app_DAYS_REGISTRATION_min,195.52629679441452,17,0.7784973723460058,0.6742118050586352
2,f101_nyg_middle_AMT_APPLICATION_s_app_AMT_ANNUITY_d_app_AMT_INCOME_TOTAL_std,877.5246485471725,65,0.7784973723460058,0.6742118050586352
2,f101_nyg_low_normal_DAYS_LAST_DUE_1ST_VERSION_s_app_DAYS_EMPLOYED_min,223.27182030677795,21,0.7784973723460058,0.6742118050586352
2,f101_nyg_low_normal_AMT_ANNUITY_s_app_AMT_GOODS_PRICE_diff_min,714.3908791542053,62,0.7784973723460058,0.6742118050586352
2,f101_nyg_low_normal_DAYS_LAST_DUE_1ST_VERSION_s_app_DAYS_BIRTH_min,340.6064486503601,26,0.7784973723460058,0.6742118050586352
2,f101_nyg_low_normal_AMT_GOODS_PRICE_s_app_AMT_GOODS_PRICE_max,265.76056957244873,21,0.7784973723460058,0.6742118050586352
2,f101_nyg_low_normal_DAYS_LAST_DUE_s_DAYS_LAST_DUE_1ST_VERSION_mean,180.71852779388428,14,0.7784973723460058,0.6742118050586352
2,f101_nyg_low_normal_DAYS_TERMINATION_s_app_DAYS_LAST_PHONE_CHANGE_mean,308.69098377227783,27,0.7784973723460058,0.6742118050586352
2,f101_nyg_low_normal_DAYS_FIRST_DUE_s_app_DAYS_LAST_PHONE_CHANGE_max_div_min,789.5167660713196,57,0.7784973723460058,0.6742118050586352
2,f101_nyg_low_action_HOUR_APPR_PROCESS_START_max,664.677001953125,52,0.7784973723460058,0.6742118050586352
2,f101_nyg_low_action_amt_paid_sum,409.2367416471243,34,0.7784973723460058,0.6742118050586352
2,f101_nyg_low_normal_DAYS_LAST_DUE_s_app_DAYS_LAST_PHONE_CHANGE_min,288.0227401256561,27,0.7784973723460058,0.6742118050586352
2,f101_nyg_low_normal_DAYS_TERMINATION_d_app_DAYS_EMPLOYED_mean,310.62030839920044,27,0.7784973723460058,0.6742118050586352
2,f101_nyg_low_action_DAYS_LAST_DUE_1ST_VERSION_s_app_DAYS_LAST_PHONE_CHANGE_max,480.9514662027359,34,0.7784973723460058,0.6742118050586352
2,f101_nyg_low_normal_DAYS_FIRST_DUE_s_app_DAYS_BIRTH_min,360.11745738983154,21,0.7784973723460058,0.6742118050586352
2,f101_nyg_middle_AMT_APPLICATION_d_app_AMT_CREDIT_pctchange_std,543.6049296855927,49,0.7784973723460058,0.6742118050586352
2,f101_nyg_low_normal_AMT_ANNUITY_d_app_AMT_ANNUITY_std,249.38810062408447,20,0.7784973723460058,0.6742118050586352
2,f101_nyg_low_normal_DAYS_FIRST_DUE_s_app_DAYS_REGISTRATION_min,315.2916588783264,24,0.7784973723460058,0.6742118050586352
2,f101_nyg_low_normal_DAYS_TERMINATION_s_app_DAYS_EMPLOYED_max,267.3227095603943,22,0.7784973723460058,0.6742118050586352
2,f101_nyg_low_normal_AMT_ANNUITY_d_app_AMT_ANNUITY_diff_max,355.03180956840515,32,0.7784973723460058,0.6742118050586352
2,f101_nyg_low_normal_amt_unpaid_min,194.59551441669464,18,0.7784973723460058,0.6742118050586352
2,f101_nyg_low_normal_AMT_APPLICATION_s_app_AMT_GOODS_PRICE_max,450.19930505752563,30,0.7784973723460058,0.6742118050586352
2,f101_nyg_low_normal_DAYS_TERMINATION_s_app_DAYS_LAST_PHONE_CHANGE_std_div_mean,376.23552942276,32,0.7784973723460058,0.6742118050586352
2,f101_nyg_low_normal_total_debt_pctchange_max_div_min,462.8735628128052,40,0.7784973723460058,0.6742118050586352
2,f101_nyg_low_normal_DAYS_LAST_DUE_1ST_VERSION_s_app_DAYS_EMPLOYED_mean,219.51010012626648,23,0.7784973723460058,0.6742118050586352
2,f101_nyg_low_normal_AMT_CREDIT_s_app_AMT_CREDIT_mean,281.48173928260803,24,0.7784973723460058,0.6742118050586352
2,f101_nyg_low_action_amt_paid_min,368.1423738002777,30,0.7784973723460058,0.6742118050586352
2,f101_nyg_low_normal_DAYS_FIRST_DUE_s_app_DAYS_EMPLOYED_mean,463.1232295036316,34,0.7784973723460058,0.6742118050586352
2,f101_nyg_low_normal_DAYS_LAST_DUE_d_app_DAYS_EMPLOYED_mean,217.23933005332947,17,0.7784973723460058,0.6742118050586352
2,f101_nyg_middle_AMT_APPLICATION_s_app_AMT_ANNUITY_std,1435.8759460449219,99,0.7784973723460058,0.6742118050586352
2,f101_nyg_low_normal_AMT_APPLICATION_s_app_AMT_GOODS_PRICE_min,509.4127311706543,40,0.7784973723460058,0.6742118050586352
2,f101_nyg_low_normal_DAYS_LAST_DUE_s_app_DAYS_LAST_PHONE_CHANGE_mean,186.93797063827515,17,0.7784973723460058,0.6742118050586352
2,f101_nyg_low_normal_DAYS_LAST_DUE_s_app_DAYS_BIRTH_min,240.23561936616898,23,0.7784973723460058,0.6742118050586352
2,f101_nyg_low_normal_SELLERPLACE_AREA_std_div_mean,197.12808895111084,18,0.7784973723460058,0.6742118050586352
3,f101_nyg_low_action_NAME_CONTRACT_STATUS_Refused_mean,2160.3865303993225,105,0.8340555216647674,0.7680516332588803
3,f101_nyg_low_normal_DAYS_TERMINATION_s_app_DAYS_ID_PUBLISH_min,730.1322576999664,49,0.8340555216647674,0.7680516332588803
3,f101_nyg_middle_HOUR_APPR_PROCESS_START_mean,608.0502634644508,50,0.8340555216647674,0.7680516332588803
3,f101_nyg_middle_DAYS_LAST_DUE_1ST_VERSION_d_app_DAYS_BIRTH_max,870.6456289291382,63,0.8340555216647674,0.7680516332588803
3,f101_nyg_middle_DAYS_FIRST_DUE_d_app_DAYS_EMPLOYED_min,675.4354451596737,49,0.8340555216647674,0.7680516332588803
3,f101_nyg_low_normal_DAYS_LAST_DUE_s_app_DAYS_ID_PUBLISH_mean,1694.133218050003,98,0.8340555216647674,0.7680516332588803
3,f101_nyg_low_normal_CNT_PAYMENT_mean,4743.699429988861,225,0.8340555216647674,0.7680516332588803
3,f101_nyg_middle_AMT_APPLICATION_s_app_AMT_GOODS_PRICE_std,347.4757308959961,28,0.8340555216647674,0.7680516332588803
3,f101_refused_AMT_ANNUITY_s_app_AMT_GOODS_PRICE_max,265.68439865112305,17,0.8340555216647674,0.7680516332588803
3,f101_nyg_middle_DAYS_LAST_DUE_1ST_VERSION_d_app_DAYS_BIRTH_mean,991.8767521381378,69,0.8340555216647674,0.7680516332588803
3,f101_nyg_middle_DAYS_FIRST_DUE_s_app_DAYS_LAST_PHONE_CHANGE_max,693.2733371257782,48,0.8340555216647674,0.7680516332588803
3,f101_nyg_middle_AMT_CREDIT_d_total_debt_min,1595.3750276565552,89,0.8340555216647674,0.7680516332588803
3,f101_refused_AMT_ANNUITY_s_app_AMT_GOODS_PRICE_mean,219.74371147155762,10,0.8340555216647674,0.7680516332588803
3,f101_refused_AMT_ANNUITY_s_app_AMT_GOODS_PRICE_min,213.95555973052979,16,0.8340555216647674,0.7680516332588803
3,f101_nyg_middle_DAYS_LAST_DUE_1ST_VERSION_d_app_DAYS_BIRTH_min,1507.9905187487602,79,0.8340555216647674,0.7680516332588803
3,f101_nyg_middle_AMT_CREDIT_d_AMT_APPLICATION_mean,837.1951405704021,50,0.8340555216647674,0.7680516332588803
3,f101_nyg_middle_interest_rate_diff_max,845.4866805076599,65,0.8340555216647674,0.7680516332588803
3,f101_nyg_middle_DAYS_DECISION_s_app_DAYS_LAST_PHONE_CHANGE_max,476.1166694164276,42,0.8340555216647674,0.7680516332588803
3,f101_nyg_middle_AMT_GOODS_PRICE_d_total_debt_mean,2064.3254762887955,90,0.8340555216647674,0.7680516332588803
3,f101_nyg_middle_DAYS_TERMINATION_s_DAYS_LAST_DUE_1ST_VERSION_max,1599.5381997823715,108,0.8340555216647674,0.7680516332588803
3,f101_nyg_middle_AMT_GOODS_PRICE_d_AMT_CREDIT_mean,844.5978429317474,61,0.8340555216647674,0.7680516332588803
3,f101_refused_AMT_ANNUITY_s_app_AMT_ANNUITY_d_app_AMT_INCOME_TOTAL_min,615.5483531951904,40,0.8340555216647674,0.7680516332588803
3,f101_nyg_middle_DAYS_LAST_DUE_s_app_DAYS_BIRTH_max,202.5776810646057,14,0.8340555216647674,0.7680516332588803
3,f101_nyg_middle_DAYS_DECISION_s_app_DAYS_BIRTH_max,364.6991295814514,30,0.8340555216647674,0.7680516332588803
3,f101_nyg_middle_interest_rate_diff_mean,499.1268422603607,42,0.8340555216647674,0.7680516332588803
3,f101_refused_AMT_ANNUITY_s_app_AMT_ANNUITY_min,640.8636746406555,40,0.8340555216647674,0.7680516332588803
3,f101_nyg_middle_AMT_CREDIT_s_app_AMT_ANNUITY_min,492.8148286342621,34,0.8340555216647674,0.7680516332588803
3,f101_nyg_middle_AMT_CREDIT_d_total_debt_mean,1318.0260875225067,71,0.8340555216647674,0.7680516332588803
3,f101_nyg_middle_AMT_GOODS_PRICE_d_total_debt_min,1057.9755061864853,61,0.8340555216647674,0.7680516332588803
3,f101_nyg_middle_DAYS_FIRST_DUE_d_app_DAYS_EMPLOYED_mean,286.779616355896,26,0.8340555216647674,0.7680516332588803
3,f101_nyg_middle_DAYS_FIRST_DUE_s_app_DAYS_LAST_PHONE_CHANGE_mean,432.85116147994995,35,0.8340555216647674,0.7680516332588803
3,f101_nyg_middle_DAYS_DECISION_s_app_DAYS_ID_PUBLISH_max,515.9126688241959,43,0.8340555216647674,0.7680516332588803
3,f101_nyg_middle_total_debt_pctchange_max,810.8728983402252,66,0.8340555216647674,0.7680516332588803
3,f101_nyg_middle_DAYS_DECISION_s_app_DAYS_EMPLOYED_max,585.0271682739258,41,0.8340555216647674,0.7680516332588803
3,f101_nyg_middle_AMT_CREDIT_s_app_AMT_CREDIT_d_app_AMT_INCOME_TOTAL_mean,327.6162691116333,23,0.8340555216647674,0.7680516332588803
3,f101_nyg_middle_NAME_CLIENT_TYPE_New_mean,690.9069843292236,44,0.8340555216647674,0.7680516332588803
3,f101_refused_AMT_ANNUITY_s_app_AMT_ANNUITY_d_app_AMT_INCOME_TOTAL_mean,935.8306436538696,53,0.8340555216647674,0.7680516332588803
3,f101_refused_AMT_APPLICATION_d_app_AMT_ANNUITY_min,159.71352195739746,14,0.8340555216647674,0.7680516332588803
3,f101_refused_AMT_APPLICATION_min,114.89175796508789,8,0.8340555216647674,0.7680516332588803
3,f101_nyg_middle_total_debt_diff_max,576.2064402103424,45,0.8340555216647674,0.7680516332588803
3,f101_refused_AMT_ANNUITY_s_app_AMT_CREDIT_mean,223.8792314529419,13,0.8340555216647674,0.7680516332588803
3,f101_nyg_middle_AMT_CREDIT_s_app_AMT_ANNUITY_d_app_AMT_INCOME_TOTAL_min,527.8126637935638,41,0.8340555216647674,0.7680516332588803
3,f101_nyg_middle_DAYS_DECISION_s_app_DAYS_LAST_PHONE_CHANGE_mean,484.6294994354248,42,0.8340555216647674,0.7680516332588803
3,f101_nyg_middle_AMT_CREDIT_d_app_AMT_INCOME_TOTAL_min,945.236130297184,72,0.8340555216647674,0.7680516332588803
3,f101_refused_AMT_ANNUITY_s_app_AMT_CREDIT_min,321.8278503417969,15,0.8340555216647674,0.7680516332588803
3,f101_refused_AMT_APPLICATION_d_app_AMT_GOODS_PRICE_min,244.51670217514038,21,0.8340555216647674,0.7680516332588803
3,f101_nyg_middle_AMT_CREDIT_s_app_AMT_CREDIT_d_app_AMT_INCOME_TOTAL_max,252.3400912284851,22,0.8340555216647674,0.7680516332588803
3,f101_nyg_middle_interest_rate_diff_min,614.2905597686768,47,0.8340555216647674,0.7680516332588803
3,f101_nyg_middle_DAYS_FIRST_DUE_s_app_DAYS_EMPLOYED_max,617.0669887065887,42,0.8340555216647674,0.7680516332588803
3,f101_nyg_middle_AMT_GOODS_PRICE_d_total_debt_max,970.8085992336273,62,0.8340555216647674,0.7680516332588803
3,f101_nyg_middle_DAYS_TERMINATION_s_DAYS_LAST_DUE_1ST_VERSION_min,1251.1150918006897,89,0.8340555216647674,0.7680516332588803
3,f101_nyg_middle_AMT_CREDIT_s_app_AMT_GOODS_PRICE_min,181.9477095603943,16,0.8340555216647674,0.7680516332588803
3,f101_nyg_middle_DAYS_DECISION_s_app_DAYS_EMPLOYED_mean,340.02673864364624,29,0.8340555216647674,0.7680516332588803
3,f101_nyg_middle_AMT_GOODS_PRICE_s_app_AMT_ANNUITY_d_app_AMT_INCOME_TOTAL_mean,885.1839084625244,62,0.8340555216647674,0.7680516332588803
3,f101_nyg_middle_AMT_GOODS_PRICE_s_app_AMT_CREDIT_min,205.65593314170837,18,0.8340555216647674,0.7680516332588803
3,f101_nyg_middle_AMT_CREDIT_d_AMT_APPLICATION_max,743.2857981324196,54,0.8340555216647674,0.7680516332588803
3,f101_nyg_middle_HOUR_APPR_PROCESS_START_max,289.6852169036865,28,0.8340555216647674,0.7680516332588803
3,f101_nyg_middle_interest_rate_pctchange_min,507.19880294799805,44,0.8340555216647674,0.7680516332588803
3,f101_nyg_middle_DAYS_DECISION_s_app_DAYS_BIRTH_mean,135.85254001617432,12,0.8340555216647674,0.7680516332588803
3,f101_nyg_middle_DAYS_TERMINATION_s_DAYS_LAST_DUE_1ST_VERSION_mean,775.6586046218872,54,0.8340555216647674,0.7680516332588803
3,f101_refused_AMT_APPLICATION_d_app_AMT_INCOME_TOTAL_std,213.81233882904053,17,0.8340555216647674,0.7680516332588803
3,f101_nyg_middle_AMT_CREDIT_d_total_debt_max,682.1292972564697,48,0.8340555216647674,0.7680516332588803
3,f101_refused_AMT_APPLICATION_d_app_AMT_ANNUITY_std_div_mean,1135.5094466209412,59,0.8340555216647674,0.7680516332588803
3,f101_nyg_middle_AMT_CREDIT_s_app_AMT_CREDIT_min,165.2313575744629,14,0.8340555216647674,0.7680516332588803
3,f101_nyg_middle_AMT_CREDIT_d_AMT_ANNUITY_min,678.9425702095032,51,0.8340555216647674,0.7680516332588803
3,f101_refused_AMT_ANNUITY_s_app_AMT_CREDIT_max,282.9878673553467,20,0.8340555216647674,0.7680516332588803
3,f101_nyg_middle_AMT_GOODS_PRICE_d_AMT_ANNUITY_max,625.5275408029556,51,0.8340555216647674,0.7680516332588803
3,f101_nyg_middle_DAYS_LAST_DUE_1ST_VERSION_s_app_DAYS_BIRTH_max,249.31933069229126,21,0.8340555216647674,0.7680516332588803
3,f101_nyg_middle_AMT_GOODS_PRICE_d_AMT_CREDIT_min,545.1259598731995,40,0.8340555216647674,0.7680516332588803
3,f101_nyg_middle_DAYS_DECISION_s_app_DAYS_EMPLOYED_min,346.6500382423401,31,0.8340555216647674,0.7680516332588803
3,f101_refused_AMT_APPLICATION_m_app_AMT_GOODS_PRICE_d_app_AMT_INCOME_TOTAL_pctchange_std,287.948739528656,22,0.8340555216647674,0.7680516332588803
3,f101_nyg_middle_DAYS_FIRST_DUE_s_app_DAYS_BIRTH_max,251.63601922988892,18,0.8340555216647674,0.7680516332588803
3,f101_nyg_middle_AMT_GOODS_PRICE_s_app_AMT_CREDIT_mean,172.6826205253601,15,0.8340555216647674,0.7680516332588803
3,f101_nyg_middle_AMT_CREDIT_d_AMT_ANNUITY_pctchange_std_div_mean,258.2391219139099,22,0.8340555216647674,0.7680516332588803
3,f101_nyg_middle_AMT_GOODS_PRICE_s_app_AMT_GOODS_PRICE_min,260.54364800453186,20,0.8340555216647674,0.7680516332588803
3,f101_refused_AMT_ANNUITY_min,340.17066979408264,28,0.8340555216647674,0.7680516332588803
3,f101_nyg_middle_DAYS_LAST_DUE_1ST_VERSION_s_app_DAYS_EMPLOYED_max,354.2910599708557,28,0.8340555216647674,0.7680516332588803
3,f101_nyg_middle_AMT_GOODS_PRICE_d_AMT_ANNUITY_min,475.8127222061157,42,0.8340555216647674,0.7680516332588803
3,f101_refused_AMT_APPLICATION_d_app_AMT_CREDIT_min,130.51780951023102,11,0.8340555216647674,0.7680516332588803
3,f101_nyg_middle_DAYS_DECISION_s_app_DAYS_ID_PUBLISH_min,369.13781929016113,29,0.8340555216647674,0.7680516332588803
3,f101_nyg_middle_DAYS_LAST_DUE_s_app_DAYS_LAST_PHONE_CHANGE_max,387.6905620098114,31,0.8340555216647674,0.7680516332588803
3,f101_nyg_middle_DAYS_LAST_DUE_1ST_VERSION_s_app_DAYS_ID_PUBLISH_max,466.4701702594757,33,0.8340555216647674,0.7680516332588803
3,f101_nyg_middle_DAYS_DECISION_s_app_DAYS_BIRTH_min,350.58077496290207,29,0.8340555216647674,0.7680516332588803
3,f101_nyg_middle_AMT_GOODS_PRICE_s_app_AMT_GOODS_PRICE_max,453.81419944763184,32,0.8340555216647674,0.7680516332588803
3,f101_refused_AMT_ANNUITY_d_app_AMT_CREDIT_min,263.0811800956726,23,0.8340555216647674,0.7680516332588803
3,f101_nyg_middle_DAYS_LAST_DUE_s_app_DAYS_LAST_PHONE_CHANGE_mean,459.8994789123535,35,0.8340555216647674,0.7680516332588803
3,f101_nyg_middle_DAYS_DECISION_s_app_DAYS_ID_PUBLISH_mean,443.2253338098526,35,0.8340555216647674,0.7680516332588803
3,f101_nyg_middle_DAYS_LAST_DUE_1ST_VERSION_s_app_DAYS_REGISTRATION_max,236.8463797569275,21,0.8340555216647674,0.7680516332588803
3,f101_nyg_middle_AMT_CREDIT_s_app_AMT_GOODS_PRICE_max,416.1927051246166,31,0.8340555216647674,0.7680516332588803
3,f101_nyg_middle_total_debt_min,628.7021169662476,47,0.8340555216647674,0.7680516332588803
3,f101_nyg_middle_AMT_GOODS_PRICE_m_app_AMT_GOODS_PRICE_d_app_AMT_INCOME_TOTAL_min,363.7627601623535,25,0.8340555216647674,0.7680516332588803
3,f101_nyg_middle_AMT_CREDIT_d_AMT_ANNUITY_max,693.8941988348961,50,0.8340555216647674,0.7680516332588803
3,f101_nyg_middle_AMT_GOODS_PRICE_d_total_debt_pctchange_std,210.72096920013428,18,0.8340555216647674,0.7680516332588803
3,f101_refused_AMT_ANNUITY_d_app_AMT_GOODS_PRICE_pctchange_max,307.5369830131531,22,0.8340555216647674,0.7680516332588803
3,f101_nyg_middle_AMT_GOODS_PRICE_s_app_AMT_ANNUITY_d_app_AMT_INCOME_TOTAL_max,862.4598881602287,63,0.8340555216647674,0.7680516332588803
3,f101_nyg_middle_DAYS_FIRST_DUE_s_app_DAYS_ID_PUBLISH_max,461.84149956703186,32,0.8340555216647674,0.7680516332588803
3,f101_nyg_middle_DAYS_TERMINATION_s_app_DAYS_LAST_PHONE_CHANGE_max,350.5320119857788,27,0.8340555216647674,0.7680516332588803
3,f101_refused_AMT_APPLICATION_m_app_AMT_GOODS_PRICE_d_app_AMT_INCOME_TOTAL_pctchange_std_div_mean,137.88377046585083,10,0.8340555216647674,0.7680516332588803
3,f101_refused_AMT_ANNUITY_d_app_AMT_GOODS_PRICE_min,291.14947175979614,26,0.8340555216647674,0.7680516332588803
3,f101_nyg_middle_DAYS_DECISION_s_app_DAYS_REGISTRATION_max,434.8236594200134,32,0.8340555216647674,0.7680516332588803
3,f101_nyg_middle_DAYS_TERMINATION_s_app_DAYS_LAST_PHONE_CHANGE_mean,353.2983900308609,31,0.8340555216647674,0.7680516332588803
3,f101_nyg_middle_DAYS_FIRST_DUE_s_DAYS_DECISIONS_min,428.2127676010132,33,0.8340555216647674,0.7680516332588803
3,f101_nyg_middle_interest_rate_diff_std,221.64863920211792,20,0.8340555216647674,0.7680516332588803
3,f101_nyg_middle_AMT_GOODS_PRICE_s_app_AMT_INCOME_TOTAL_pctchange_std,419.6577363014221,34,0.8340555216647674,0.7680516332588803
3,f101_nyg_middle_AMT_GOODS_PRICE_d_AMT_ANNUITY_mean,499.70264053344727,38,0.8340555216647674,0.7680516332588803
3,f101_refused_AMT_ANNUITY_d_app_AMT_ANNUITY_mean,661.9652981758118,45,0.8340555216647674,0.7680516332588803
3,f101_nyg_middle_DAYS_TERMINATION_s_app_DAYS_BIRTH_max,251.36393731832504,24,0.8340555216647674,0.7680516332588803
3,f101_nyg_middle_AMT_GOODS_PRICE_d_app_AMT_INCOME_TOTAL_mean,775.5376808643341,57,0.8340555216647674,0.7680516332588803
3,f101_nyg_middle_AMT_CREDIT_s_app_AMT_ANNUITY_mean,362.3471281528473,29,0.8340555216647674,0.7680516332588803
3,f101_nyg_middle_AMT_CREDIT_s_app_AMT_CREDIT_max,209.7151584625244,14,0.8340555216647674,0.7680516332588803
3,f101_nyg_middle_AMT_CREDIT_min,425.1140513420105,36,0.8340555216647674,0.7680516332588803
3,f101_nyg_middle_DAYS_LAST_DUE_s_app_DAYS_BIRTH_mean,166.8298797607422,15,0.8340555216647674,0.7680516332588803
3,f101_nyg_middle_AMT_CREDIT_d_AMT_APPLICATION_min,1008.5361372232437,65,0.8340555216647674,0.7680516332588803
3,f101_nyg_middle_AMT_GOODS_PRICE_s_app_AMT_GOODS_PRICE_mean,131.99240040779114,10,0.8340555216647674,0.7680516332588803
3,f101_nyg_middle_DAYS_DECISION_d_app_DAYS_EMPLOYED_std_div_mean,376.5382127761841,36,0.8340555216647674,0.7680516332588803
3,f101_refused_AMT_ANNUITY_d_app_AMT_ANNUITY_min,323.1360855102539,23,0.8340555216647674,0.7680516332588803
3,f101_nyg_middle_DAYS_LAST_DUE_1ST_VERSION_s_app_DAYS_EMPLOYED_mean,314.5762424468994,23,0.8340555216647674,0.7680516332588803
3,f101_nyg_middle_AMT_CREDIT_s_app_AMT_GOODS_PRICE_mean,270.714635848999,20,0.8340555216647674,0.7680516332588803
3,f101_refused_AMT_ANNUITY_d_app_AMT_ANNUITY_pctchange_max,113.69896030426025,8,0.8340555216647674,0.7680516332588803
3,f101_nyg_middle_AMT_CREDIT_d_AMT_ANNUITY_mean,702.8061475753784,44,0.8340555216647674,0.7680516332588803
3,f101_refused_AMT_ANNUITY_d_app_AMT_ANNUITY_std_div_mean,365.9810495376587,26,0.8340555216647674,0.7680516332588803
3,f101_nyg_middle_DAYS_LAST_DUE_1ST_VERSION_s_app_DAYS_ID_PUBLISH_min,248.58479928970337,22,0.8340555216647674,0.7680516332588803
3,f101_nyg_middle_DAYS_FIRST_DUE_s_app_DAYS_EMPLOYED_std,580.354088306427,41,0.8340555216647674,0.7680516332588803
3,f101_nyg_middle_AMT_GOODS_PRICE_d_total_debt_std_div_mean,215.06160736083984,19,0.8340555216647674,0.7680516332588803
3,f101_nyg_middle_AMT_CREDIT_s_app_AMT_CREDIT_mean,177.70296907424927,14,0.8340555216647674,0.7680516332588803
3,f101_nyg_middle_AMT_GOODS_PRICE_s_app_AMT_CREDIT_max,412.18980884552,33,0.8340555216647674,0.7680516332588803
3,f101_nyg_middle_DAYS_TERMINATION_s_DAYS_DECISIONS_std_div_mean,228.41143941879272,17,0.8340555216647674,0.7680516332588803
3,f101_nyg_middle_DAYS_LAST_DUE_1ST_VERSION_s_app_DAYS_EMPLOYED_min,225.47079849243164,19,0.8340555216647674,0.7680516332588803
3,f101_nyg_middle_AMT_GOODS_PRICE_d_AMT_CREDIT_max,988.6526522636414,62,0.8340555216647674,0.7680516332588803
3,f101_nyg_middle_AMT_DOWN_PAYMENT_max,809.6432189941406,59,0.8340555216647674,0.7680516332588803
3,f101_nyg_middle_AMT_GOODS_PRICE_m_app_AMT_GOODS_PRICE_d_app_AMT_INCOME_TOTAL_mean,311.4931583404541,23,0.8340555216647674,0.7680516332588803
3,f101_nyg_middle_DAYS_LAST_DUE_1ST_VERSION_s_app_DAYS_REGISTRATION_min,257.556259393692,23,0.8340555216647674,0.7680516332588803
3,f101_nyg_middle_AMT_CREDIT_d_AMT_ANNUITY_std,322.55772066116333,25,0.8340555216647674,0.7680516332588803
3,f101_nyg_middle_AMT_CREDIT_d_app_AMT_INCOME_TOTAL_mean,406.5784103870392,32,0.8340555216647674,0.7680516332588803
3,f101_nyg_middle_AMT_CREDIT_s_app_AMT_ANNUITY_max,348.67201018333435,27,0.8340555216647674,0.7680516332588803
3,f101_nyg_middle_DAYS_LAST_DUE_s_DAYS_LAST_DUE_1ST_VERSION_std_div_mean,337.232141494751,24,0.8340555216647674,0.7680516332588803
3,f101_nyg_middle_DAYS_LAST_DUE_s_app_DAYS_ID_PUBLISH_std_div_mean,470.55722999572754,31,0.8340555216647674,0.7680516332588803
3,f101_nyg_middle_DAYS_FIRST_DUE_s_app_DAYS_ID_PUBLISH_min,269.42311960086226,24,0.8340555216647674,0.7680516332588803
3,f101_nyg_middle_DAYS_TERMINATION_s_app_DAYS_ID_PUBLISH_max,321.3164505958557,25,0.8340555216647674,0.7680516332588803
3,f101_nyg_middle_AMT_GOODS_PRICE_m_app_AMT_GOODS_PRICE_d_app_AMT_INCOME_TOTAL_max,300.5914306640625,25,0.8340555216647674,0.7680516332588803
3,f101_nyg_middle_DAYS_DECISION_s_app_DAYS_REGISTRATION_min,340.51349806785583,28,0.8340555216647674,0.7680516332588803
3,f101_nyg_middle_DAYS_TERMINATION_s_app_DAYS_EMPLOYED_max,298.42503118515015,25,0.8340555216647674,0.7680516332588803
3,f101_nyg_middle_AMT_CREDIT_mean,259.9473304748535,19,0.8340555216647674,0.7680516332588803
3,f101_nyg_middle_DAYS_FIRST_DUE_s_app_DAYS_ID_PUBLISH_mean,289.8916006088257,17,0.8340555216647674,0.7680516332588803
3,f101_nyg_middle_AMT_GOODS_PRICE_d_app_AMT_INCOME_TOTAL_max,670.5540914535522,46,0.8340555216647674,0.7680516332588803
3,f101_nyg_middle_AMT_GOODS_PRICE_d_AMT_ANNUITY_diff_std_div_mean,199.5610408782959,17,0.8340555216647674,0.7680516332588803
3,f101_nyg_middle_AMT_CREDIT_d_total_debt_std_div_mean,349.00908875465393,29,0.8340555216647674,0.7680516332588803
3,f101_nyg_middle_AMT_CREDIT_m_app_AMT_GOODS_PRICE_d_app_AMT_INCOME_TOTAL_min,295.5452620983124,25,0.8340555216647674,0.7680516332588803
3,f101_nyg_middle_DAYS_FIRST_DUE_s_app_DAYS_REGISTRATION_max,171.5567102432251,15,0.8340555216647674,0.7680516332588803
3,f101_nyg_middle_AMT_CREDIT_max,268.1180195212364,23,0.8340555216647674,0.7680516332588803
3,f101_nyg_middle_AMT_DOWN_PAYMENT_d_AMT_GOODS_PRICE_diff_std,261.05381774902344,20,0.8340555216647674,0.7680516332588803
3,f101_nyg_middle_AMT_GOODS_PRICE_d_AMT_ANNUITY_pctchange_std_div_mean,125.71505999565125,10,0.8340555216647674,0.7680516332588803
3,f101_nyg_middle_DAYS_LAST_DUE_1ST_VERSION_s_app_DAYS_ID_PUBLISH_mean,245.21915006637573,21,0.8340555216647674,0.7680516332588803
3,f101_nyg_middle_DAYS_LAST_DUE_s_app_DAYS_EMPLOYED_max,246.64426922798157,20,0.8340555216647674,0.7680516332588803
3,f101_nyg_middle_AMT_CREDIT_m_app_AMT_GOODS_PRICE_d_app_AMT_INCOME_TOTAL_mean,188.86993885040283,15,0.8340555216647674,0.7680516332588803
3,f101_nyg_middle_AMT_GOODS_PRICE_d_app_AMT_INCOME_TOTAL_diff_std_div_mean,106.23890018463135,8,0.8340555216647674,0.7680516332588803
3,f101_nyg_middle_total_debt_mean,482.64086961746216,33,0.8340555216647674,0.7680516332588803
3,f101_nyg_middle_DAYS_LAST_DUE_1ST_VERSION_s_DAYS_DECISIONS_std_div_mean,416.2184294462204,32,0.8340555216647674,0.7680516332588803
3,f101_refused_AMT_APPLICATION_d_app_AMT_ANNUITY_diff_std_div_mean,350.5449604988098,27,0.8340555216647674,0.7680516332588803
3,f101_refused_AMT_ANNUITY_s_app_AMT_CREDIT_d_app_AMT_INCOME_TOTAL_pctchange_min,361.9513292312622,28,0.8340555216647674,0.7680516332588803
3,f101_nyg_middle_AMT_CREDIT_d_total_debt_pctchange_std,190.82774019241333,16,0.8340555216647674,0.7680516332588803
3,f101_nyg_middle_total_debt_pctchange_std,189.06066942214966,17,0.8340555216647674,0.7680516332588803
3,f101_nyg_middle_DAYS_LAST_DUE_s_app_DAYS_ID_PUBLISH_max,485.3995623588562,37,0.8340555216647674,0.7680516332588803
3,f101_refused_AMT_ANNUITY_s_app_AMT_CREDIT_pctchange_min,201.5168061852455,16,0.8340555216647674,0.7680516332588803
3,f101_nyg_middle_total_debt_pctchange_std_div_mean,144.13840055465698,13,0.8340555216647674,0.7680516332588803
3,f101_nyg_middle_total_debt_std,402.4509596824646,34,0.8340555216647674,0.7680516332588803
3,f101_nyg_middle_AMT_DOWN_PAYMENT_mean,570.1146062463522,44,0.8340555216647674,0.7680516332588803
3,f101_nyg_middle_DAYS_LAST_DUE_1ST_VERSION_s_app_DAYS_BIRTH_min,157.0912116765976,15,0.8340555216647674,0.7680516332588803
3,f101_refused_AMT_ANNUITY_d_app_AMT_ANNUITY_pctchange_std,340.771222114563,25,0.8340555216647674,0.7680516332588803
3,f101_nyg_middle_DAYS_TERMINATION_s_DAYS_LAST_DUE_1ST_VERSION_std,702.3667125701904,36,0.8340555216647674,0.7680516332588803
3,f101_nyg_middle_DAYS_DECISION_s_app_DAYS_REGISTRATION_mean,392.94831895828247,32,0.8340555216647674,0.7680516332588803
3,f101_nyg_middle_AMT_CREDIT_m_app_AMT_GOODS_PRICE_d_app_AMT_INCOME_TOTAL_pctchange_std,247.67589211463928,19,0.8340555216647674,0.7680516332588803
3,f101_nyg_middle_AMT_CREDIT_m_app_AMT_GOODS_PRICE_d_app_AMT_INCOME_TOTAL_max,282.2053122520447,22,0.8340555216647674,0.7680516332588803
3,f101_nyg_middle_DAYS_FIRST_DUE_s_app_DAYS_EMPLOYED_mean,204.82826900482178,15,0.8340555216647674,0.7680516332588803
3,f101_nyg_middle_DAYS_TERMINATION_s_app_DAYS_EMPLOYED_min,237.5026412010193,19,0.8340555216647674,0.7680516332588803
3,f101_nyg_middle_AMT_CREDIT_d_app_AMT_INCOME_TOTAL_max,349.31472063064575,27,0.8340555216647674,0.7680516332588803
3,f101_nyg_middle_AMT_CREDIT_s_app_AMT_GOODS_PRICE_diff_mean,314.01190078258514,26,0.8340555216647674,0.7680516332588803
3,f101_refused_AMT_ANNUITY_d_app_AMT_CREDIT_pctchange_max,264.2971086502075,19,0.8340555216647674,0.7680516332588803
3,f101_nyg_middle_DAYS_FIRST_DUE_s_app_DAYS_BIRTH_min,270.93543899059296,22,0.8340555216647674,0.7680516332588803
3,f101_nyg_middle_DAYS_LAST_DUE_1ST_VERSION_d_app_DAYS_EMPLOYED_std,268.425351023674,23,0.8340555216647674,0.7680516332588803
3,f101_nyg_middle_DAYS_FIRST_DUE_s_app_DAYS_REGISTRATION_min,334.53363132476807,26,0.8340555216647674,0.7680516332588803
3,f101_nyg_middle_AMT_GOODS_PRICE_m_app_AMT_GOODS_PRICE_d_app_AMT_INCOME_TOTAL_pctchange_std,132.7688798904419,11,0.8340555216647674,0.7680516332588803
3,f101_nyg_middle_DAYS_LAST_DUE_1ST_VERSION_s_app_DAYS_BIRTH_mean,245.83969020843506,19,0.8340555216647674,0.7680516332588803
3,f101_nyg_middle_AMT_CREDIT_s_app_AMT_ANNUITY_d_app_AMT_INCOME_TOTAL_mean,315.3914394378662,26,0.8340555216647674,0.7680516332588803
3,f101_nyg_middle_DAYS_LAST_DUE_1ST_VERSION_s_DAYS_DECISIONS_min,479.42357301712036,34,0.8340555216647674,0.7680516332588803
3,f101_nyg_middle_DAYS_FIRST_DUE_s_app_DAYS_BIRTH_mean,112.73976993560791,9,0.8340555216647674,0.7680516332588803
3,f101_nyg_middle_DAYS_FIRST_DUE_d_app_DAYS_EMPLOYED_std_div_mean,367.4730796813965,27,0.8340555216647674,0.7680516332588803
3,f101_nyg_middle_total_debt_diff_std,156.13852977752686,12,0.8340555216647674,0.7680516332588803
3,f101_nyg_middle_DAYS_FIRST_DUE_s_app_DAYS_EMPLOYED_min,175.83117961883545,14,0.8340555216647674,0.7680516332588803
3,f101_nyg_middle_AMT_CREDIT_s_app_AMT_ANNUITY_d_app_AMT_INCOME_TOTAL_max,319.04208064079285,27,0.8340555216647674,0.7680516332588803
3,f101_nyg_middle_DAYS_TERMINATION_s_app_DAYS_ID_PUBLISH_min,331.38143968582153,25,0.8340555216647674,0.7680516332588803
3,f101_nyg_middle_AMT_CREDIT_s_app_AMT_CREDIT_d_app_AMT_INCOME_TOTAL_pctchange_std,259.52099227905273,19,0.8340555216647674,0.7680516332588803
3,f101_nyg_middle_cnt_paid_min,254.6088798046112,21,0.8340555216647674,0.7680516332588803
3,f101_nyg_middle_total_debt_max,735.9957091808319,48,0.8340555216647674,0.7680516332588803
3,f101_refused_AMT_APPLICATION_m_app_AMT_GOODS_PRICE_d_app_AMT_INCOME_TOTAL_std,83.18739795684814,5,0.8340555216647674,0.7680516332588803
3,f101_nyg_middle_cnt_unpaid_std,1423.4699926376343,54,0.8340555216647674,0.7680516332588803
3,f101_nyg_middle_AMT_CREDIT_d_total_debt_diff_std,100.08649969100952,9,0.8340555216647674,0.7680516332588803
3,f101_nyg_middle_DAYS_LAST_DUE_1ST_VERSION_s_app_DAYS_REGISTRATION_mean,306.1541996002197,25,0.8340555216647674,0.7680516332588803
3,f101_nyg_middle_DAYS_LAST_DUE_1ST_VERSION_s_DAYS_DECISIONS_std,646.4118156433105,40,0.8340555216647674,0.7680516332588803
3,f101_nyg_middle_DAYS_LAST_DUE_1ST_VERSION_s_DAYS_DECISIONS_mean,576.3328866958618,40,0.8340555216647674,0.7680516332588803
3,f101_nyg_middle_DAYS_TERMINATION_s_app_DAYS_REGISTRATION_max,281.5257110595703,23,0.8340555216647674,0.7680516332588803
3,f101_nyg_middle_cnt_unpaid_sum,1343.3414697647095,72,0.8340555216647674,0.7680516332588803
3,f101_nyg_middle_DAYS_LAST_DUE_s_app_DAYS_BIRTH_min,259.32404804229736,20,0.8340555216647674,0.7680516332588803
3,f101_nyg_middle_DAYS_LAST_DUE_s_app_DAYS_ID_PUBLISH_min,254.5904188156128,20,0.8340555216647674,0.7680516332588803
3,f101_nyg_middle_DAYS_LAST_DUE_1ST_VERSION_s_app_DAYS_BIRTH_std_div_mean,224.88463020324707,20,0.8340555216647674,0.7680516332588803
3,f101_nyg_middle_amt_unpaid_std,600.3985333442688,30,0.8340555216647674,0.7680516332588803
3,f101_nyg_middle_AMT_CREDIT_s_app_AMT_INCOME_TOTAL_diff_mean,263.2231719493866,20,0.8340555216647674,0.7680516332588803
3,f101_nyg_middle_cnt_paid_ratio_min,172.4189100265503,14,0.8340555216647674,0.7680516332588803
3,f101_nyg_middle_cnt_paid_ratio_mean,333.8996205329895,23,0.8340555216647674,0.7680516332588803
3,f101_nyg_middle_AMT_CREDIT_s_app_AMT_ANNUITY_diff_mean,246.09246063232422,19,0.8340555216647674,0.7680516332588803
3,f101_refused_AMT_ANNUITY_m_app_AMT_GOODS_PRICE_d_app_AMT_INCOME_TOTAL_pctchange_std_div_mean,298.94587898254395,25,0.8340555216647674,0.7680516332588803
3,f101_nyg_middle_cnt_paid_std,229.60361099243164,19,0.8340555216647674,0.7680516332588803
3,f101_nyg_middle_DAYS_LAST_DUE_s_app_DAYS_REGISTRATION_min,225.32451152801514,19,0.8340555216647674,0.7680516332588803
3,f101_refused_AMT_ANNUITY_d_app_AMT_INCOME_TOTAL_pctchange_max,151.0750389099121,13,0.8340555216647674,0.7680516332588803
3,f101_nyg_middle_AMT_CREDIT_s_app_AMT_CREDIT_diff_mean,427.5458514690399,28,0.8340555216647674,0.7680516332588803
3,f101_nyg_middle_AMT_CREDIT_s_app_AMT_GOODS_PRICE_diff_max,570.3948221206665,41,0.8340555216647674,0.7680516332588803
3,f101_nyg_middle_DAYS_LAST_DUE_s_app_DAYS_ID_PUBLISH_mean,180.89112854003906,16,0.8340555216647674,0.7680516332588803
3,f101_nyg_middle_DAYS_LAST_DUE_1ST_VERSION_s_DAYS_DECISIONS_max,400.02309560775757,27,0.8340555216647674,0.7680516332588803
3,f101_nyg_middle_AMT_CREDIT_d_total_debt_max_div_min,193.35687041282654,18,0.8340555216647674,0.7680516332588803
3,f101_nyg_middle_DAYS_TERMINATION_s_app_DAYS_REGISTRATION_min,293.70796298980713,24,0.8340555216647674,0.7680516332588803
3,f101_nyg_middle_DAYS_LAST_DUE_s_DAYS_LAST_DUE_1ST_VERSION_mean,572.3314983844757,37,0.8340555216647674,0.7680516332588803
3,f101_nyg_middle_DAYS_TERMINATION_s_app_DAYS_REGISTRATION_mean,158.1718602180481,12,0.8340555216647674,0.7680516332588803
3,f101_refused_AMT_APPLICATION_s_app_AMT_ANNUITY_d_app_AMT_INCOME_TOTAL_diff_std_div_mean,368.5656704902649,31,0.8340555216647674,0.7680516332588803
3,f101_nyg_middle_DAYS_LAST_DUE_s_app_DAYS_EMPLOYED_min,250.62967228889465,18,0.8340555216647674,0.7680516332588803
3,f101_nyg_middle_DAYS_FIRST_DUE_s_app_DAYS_REGISTRATION_mean,222.50989961624146,19,0.8340555216647674,0.7680516332588803
3,f101_nyg_middle_AMT_CREDIT_m_app_AMT_GOODS_PRICE_d_app_AMT_INCOME_TOTAL_diff_max,499.37585735321045,39,0.8340555216647674,0.7680516332588803
3,f101_nyg_middle_AMT_CREDIT_s_app_AMT_ANNUITY_d_app_AMT_INCOME_TOTAL_diff_max,498.73436999320984,33,0.8340555216647674,0.7680516332588803
3,f101_nyg_middle_AMT_CREDIT_d_total_debt_std,148.08823108673096,11,0.8340555216647674,0.7680516332588803
3,f101_refused_AMT_ANNUITY_m_app_AMT_GOODS_PRICE_d_app_AMT_INCOME_TOTAL_diff_max,344.0062918663025,28,0.8340555216647674,0.7680516332588803
3,f101_refused_AMT_ANNUITY_s_app_AMT_INCOME_TOTAL_max_div_min,304.4175977706909,22,0.8340555216647674,0.7680516332588803
3,f101_nyg_middle_AMT_DOWN_PAYMENT_std_div_mean,171.65133953094482,14,0.8340555216647674,0.7680516332588803
3,f101_nyg_middle_AMT_CREDIT_d_app_AMT_INCOME_TOTAL_diff_std,364.1980984089896,29,0.8340555216647674,0.7680516332588803
3,f101_refused_AMT_CREDIT_d_total_debt_min,2376.8318314552307,84,0.8340555216647674,0.7680516332588803
3,f101_refused_AMT_GOODS_PRICE_d_total_debt_min,1996.5017566680908,73,0.8340555216647674,0.7680516332588803
3,f101_refused_DAYS_DECISION_s_app_DAYS_BIRTH_max,441.55956077575684,27,0.8340555216647674,0.7680516332588803
3,f101_refused_DAYS_DECISION_s_app_DAYS_EMPLOYED_max,567.8503317832947,42,0.8340555216647674,0.7680516332588803
3,f101_refused_AMT_GOODS_PRICE_d_total_debt_mean,2318.705724954605,74,0.8340555216647674,0.7680516332588803
3,f101_refused_DAYS_DECISION_s_app_DAYS_BIRTH_mean,354.66629791259766,21,0.8340555216647674,0.7680516332588803
3,f101_refused_DAYS_DECISION_d_app_DAYS_BIRTH_mean,1075.6170735359192,70,0.8340555216647674,0.7680516332588803
3,f101_refused_DAYS_DECISION_s_app_DAYS_BIRTH_min,555.8141093254089,36,0.8340555216647674,0.7680516332588803
3,f101_refused_interest_rate_diff_max,939.2843949794769,70,0.8340555216647674,0.7680516332588803
3,f101_refused_DAYS_DECISION_d_app_DAYS_BIRTH_min,2491.742235183716,114,0.8340555216647674,0.7680516332588803
3,f101_refused_DAYS_DECISION_d_app_DAYS_BIRTH_max,821.7549343109131,51,0.8340555216647674,0.7680516332588803
3,f101_refused_AMT_GOODS_PRICE_d_total_debt_max,1128.1287828087807,58,0.8340555216647674,0.7680516332588803
3,f101_refused_AMT_GOODS_PRICE_d_AMT_ANNUITY_diff_min,366.3013000488281,33,0.8340555216647674,0.7680516332588803
3,f101_refused_HOUR_APPR_PROCESS_START_mean,476.35160088539124,41,0.8340555216647674,0.7680516332588803
3,f101_refused_DAYS_DECISION_s_app_DAYS_ID_PUBLISH_max,342.5518245100975,26,0.8340555216647674,0.7680516332588803
3,f101_refused_AMT_CREDIT_d_total_debt_max,804.3098680973053,47,0.8340555216647674,0.7680516332588803
3,f101_refused_AMT_GOODS_PRICE_s_app_AMT_GOODS_PRICE_max,165.30360794067383,13,0.8340555216647674,0.7680516332588803
3,f101_refused_AMT_CREDIT_d_AMT_ANNUITY_pctchange_min,366.8594584465027,31,0.8340555216647674,0.7680516332588803
3,f101_refused_DAYS_DECISION_s_app_DAYS_EMPLOYED_min,396.33331179618835,34,0.8340555216647674,0.7680516332588803
3,f101_refused_DAYS_DECISION_s_app_DAYS_EMPLOYED_mean,485.297438621521,37,0.8340555216647674,0.7680516332588803
3,f101_refused_AMT_GOODS_PRICE_d_app_AMT_ANNUITY_min,282.69470262527466,23,0.8340555216647674,0.7680516332588803
3,f101_refused_AMT_CREDIT_s_app_AMT_CREDIT_max,159.44638061523438,12,0.8340555216647674,0.7680516332588803
3,f101_refused_DAYS_DECISION_s_app_DAYS_ID_PUBLISH_min,590.093373298645,45,0.8340555216647674,0.7680516332588803
3,f101_refused_interest_rate_diff_std,565.0302896499634,40,0.8340555216647674,0.7680516332588803
3,f101_refused_DAYS_DECISION_s_app_DAYS_ID_PUBLISH_mean,374.81849908828735,31,0.8340555216647674,0.7680516332588803
3,f101_refused_AMT_CREDIT_d_AMT_ANNUITY_diff_min,396.29248332977295,33,0.8340555216647674,0.7680516332588803
3,f101_refused_AMT_CREDIT_s_app_AMT_GOODS_PRICE_max,171.42574834823608,13,0.8340555216647674,0.7680516332588803
3,f101_refused_interest_rate_diff_min,612.0592441558838,47,0.8340555216647674,0.7680516332588803
3,f101_refused_DAYS_DECISION_s_app_DAYS_REGISTRATION_max,475.42393016815186,33,0.8340555216647674,0.7680516332588803
3,f101_refused_AMT_CREDIT_d_app_AMT_ANNUITY_min,200.6918478012085,16,0.8340555216647674,0.7680516332588803
3,f101_refused_AMT_GOODS_PRICE_d_app_AMT_CREDIT_min,175.39119911193848,16,0.8340555216647674,0.7680516332588803
3,f101_refused_AMT_CREDIT_d_total_debt_mean,1460.7321047782898,54,0.8340555216647674,0.7680516332588803
3,f101_refused_AMT_CREDIT_m_app_AMT_GOODS_PRICE_d_app_AMT_INCOME_TOTAL_max,350.6570312976837,26,0.8340555216647674,0.7680516332588803
3,f101_refused_AMT_CREDIT_d_total_debt_diff_mean,357.23241901397705,31,0.8340555216647674,0.7680516332588803
3,f101_refused_AMT_CREDIT_d_AMT_APPLICATION_pctchange_max,309.8934097290039,24,0.8340555216647674,0.7680516332588803
3,f101_refused_DAYS_DECISION_d_app_DAYS_LAST_PHONE_CHANGE_std_div_mean,596.215446472168,36,0.8340555216647674,0.7680516332588803
3,f101_refused_DAYS_DECISION_s_app_DAYS_REGISTRATION_min,440.75888872146606,34,0.8340555216647674,0.7680516332588803
3,f101_refused_AMT_GOODS_PRICE_d_total_debt_diff_min,238.9141583442688,20,0.8340555216647674,0.7680516332588803
3,f101_refused_AMT_CREDIT_d_AMT_APPLICATION_diff_max,403.1151089668274,32,0.8340555216647674,0.7680516332588803
3,f101_refused_HOUR_APPR_PROCESS_START_min,345.00596475601196,26,0.8340555216647674,0.7680516332588803
3,f101_refused_HOUR_APPR_PROCESS_START_std_div_mean,637.9942147135735,43,0.8340555216647674,0.7680516332588803
3,f101_refused_AMT_CREDIT_d_app_AMT_INCOME_TOTAL_max,362.53664004802704,27,0.8340555216647674,0.7680516332588803
3,f101_refused_DAYS_DECISION_s_app_DAYS_REGISTRATION_mean,341.01853942871094,26,0.8340555216647674,0.7680516332588803
3,f101_refused_AMT_APPLICATION_s_app_AMT_ANNUITY_min,232.8145661354065,17,0.8340555216647674,0.7680516332588803
3,f101_refused_interest_rate_max,556.50341796875,33,0.8340555216647674,0.7680516332588803
3,f101_refused_AMT_CREDIT_d_total_debt_diff_min,227.9787893295288,17,0.8340555216647674,0.7680516332588803
3,f101_refused_AMT_APPLICATION_s_app_AMT_INCOME_TOTAL_min,284.8236994743347,22,0.8340555216647674,0.7680516332588803
3,f101_refused_AMT_GOODS_PRICE_s_app_AMT_INCOME_TOTAL_min,280.4584712982178,24,0.8340555216647674,0.7680516332588803
3,f101_refused_AMT_CREDIT_s_app_AMT_ANNUITY_d_app_AMT_INCOME_TOTAL_max,296.75928115844727,26,0.8340555216647674,0.7680516332588803
3,f101_refused_AMT_GOODS_PRICE_d_AMT_ANNUITY_max_div_min,417.0544812679291,32,0.8340555216647674,0.7680516332588803
3,f101_refused_AMT_CREDIT_d_AMT_APPLICATION_max,422.4586639404297,20,0.8340555216647674,0.7680516332588803
3,f101_refused_AMT_CREDIT_d_total_debt_pctchange_min,271.7056088447571,22,0.8340555216647674,0.7680516332588803
3,f101_refused_AMT_CREDIT_d_AMT_APPLICATION_diff_std,383.1366891860962,22,0.8340555216647674,0.7680516332588803
3,f101_refused_AMT_CREDIT_d_AMT_APPLICATION_mean,313.1643772125244,20,0.8340555216647674,0.7680516332588803
3,f101_refused_DAYS_DECISION_s_app_DAYS_EMPLOYED_std_div_mean,471.4546802043915,31,0.8340555216647674,0.7680516332588803
3,f101_refused_AMT_GOODS_PRICE_d_total_debt_pctchange_min,193.77297973632812,17,0.8340555216647674,0.7680516332588803
3,f101_refused_AMT_CREDIT_m_app_AMT_GOODS_PRICE_d_app_AMT_INCOME_TOTAL_diff_max,186.9578595161438,17,0.8340555216647674,0.7680516332588803
3,f101_refused_CODE_REJECT_REASON_SCOFR_mean,313.1859703063965,19,0.8340555216647674,0.7680516332588803
3,f101_refused_DAYS_DECISION_d_app_DAYS_EMPLOYED_std_div_mean,261.4244575500488,17,0.8340555216647674,0.7680516332588803
3,f101_refused_AMT_CREDIT_min,189.1177110671997,15,0.8340555216647674,0.7680516332588803
3,f101_refused_HOUR_APPR_PROCESS_START_std,396.1956491470337,28,0.8340555216647674,0.7680516332588803
3,f101_refused_AMT_GOODS_PRICE_d_total_debt_pctchange_std,98.14126968383789,8,0.8340555216647674,0.7680516332588803
3,f101_refused_AMT_GOODS_PRICE_d_app_AMT_ANNUITY_diff_std,328.38477486371994,24,0.8340555216647674,0.7680516332588803
3,f101_refused_total_debt_std,323.6830620765686,22,0.8340555216647674,0.7680516332588803
3,f101_refused_SELLERPLACE_AREA_std_div_mean,190.30187034606934,12,0.8340555216647674,0.7680516332588803
3,f101_refused_AMT_CREDIT_s_app_AMT_CREDIT_d_app_AMT_INCOME_TOTAL_diff_max,205.12621116638184,16,0.8340555216647674,0.7680516332588803
3,f101_refused_interest_rate_std_div_mean,275.90388011932373,21,0.8340555216647674,0.7680516332588803
3,f101_refused_AMT_GOODS_PRICE_min,165.2717695236206,12,0.8340555216647674,0.7680516332588803
3,f101_refused_AMT_CREDIT_s_app_AMT_ANNUITY_min,147.25158023834229,12,0.8340555216647674,0.7680516332588803
3,f101_refused_AMT_CREDIT_d_app_AMT_ANNUITY_pctchange_std_div_mean,255.46189069747925,20,0.8340555216647674,0.7680516332588803
3,f101_refused_AMT_GOODS_PRICE_d_total_debt_std_div_mean,242.18197965621948,20,0.8340555216647674,0.7680516332588803
3,f101_refused_total_debt_std_div_mean,474.2129454612732,36,0.8340555216647674,0.7680516332588803
3,f101_refused_AMT_GOODS_PRICE_d_AMT_CREDIT_mean,242.35803651809692,17,0.8340555216647674,0.7680516332588803
3,f101_refused_AMT_CREDIT_s_app_AMT_ANNUITY_d_app_AMT_INCOME_TOTAL_diff_max,215.3911576271057,18,0.8340555216647674,0.7680516332588803
3,f101_refused_interest_rate_std,419.0362000465393,30,0.8340555216647674,0.7680516332588803
3,f101_refused_AMT_CREDIT_d_app_AMT_INCOME_TOTAL_diff_max,332.7316675186157,17,0.8340555216647674,0.7680516332588803
3,f101_refused_AMT_GOODS_PRICE_d_AMT_CREDIT_min,281.3654990196228,17,0.8340555216647674,0.7680516332588803
3,f101_refused_AMT_CREDIT_m_app_AMT_GOODS_PRICE_d_app_AMT_INCOME_TOTAL_pctchange_std,217.4861809015274,20,0.8340555216647674,0.7680516332588803
3,f101_refused_AMT_CREDIT_d_total_debt_pctchange_std,95.73857372999191,8,0.8340555216647674,0.7680516332588803
3,f101_refused_AMT_CREDIT_d_AMT_APPLICATION_std_div_mean,229.56494235992432,19,0.8340555216647674,0.7680516332588803
3,f101_refused_AMT_CREDIT_d_total_debt_std,175.1126594543457,15,0.8340555216647674,0.7680516332588803
3,f101_refused_AMT_GOODS_PRICE_m_app_AMT_GOODS_PRICE_d_app_AMT_INCOME_TOTAL_pctchange_std_div_mean,189.38556957244873,16,0.8340555216647674,0.7680516332588803
3,f101_refused_DAYS_DECISION_d_app_DAYS_BIRTH_std_div_mean,428.8576617240906,25,0.8340555216647674,0.7680516332588803
3,f101_refused_AMT_APPLICATION_s_app_AMT_GOODS_PRICE_pctchange_std_div_mean,110.06707096099854,9,0.8340555216647674,0.7680516332588803
3,f101_refused_AMT_CREDIT_d_AMT_APPLICATION_min,221.36551904678345,16,0.8340555216647674,0.7680516332588803
3,f101_refused_CNT_PAYMENT_mean,204.94346952438354,16,0.8340555216647674,0.7680516332588803
3,f101_refused_AMT_GOODS_PRICE_s_app_AMT_ANNUITY_min,316.77161407470703,22,0.8340555216647674,0.7680516332588803
3,f101_refused_AMT_CREDIT_s_app_AMT_CREDIT_d_app_AMT_INCOME_TOTAL_pctchange_std,201.56488847732544,16,0.8340555216647674,0.7680516332588803
3,f101_refused_AMT_CREDIT_d_total_debt_std_div_mean,283.0747604370117,18,0.8340555216647674,0.7680516332588803
3,f101_refused_AMT_CREDIT_d_total_debt_diff_std,105.54401931166649,11,0.8340555216647674,0.7680516332588803
3,f101_refused_AMT_GOODS_PRICE_d_total_debt_max_div_min,205.2406406402588,16,0.8340555216647674,0.7680516332588803
3,f101_refused_HOUR_APPR_PROCESS_START_max_div_min,513.5403437614441,29,0.8340555216647674,0.7680516332588803
3,f101_refused_AMT_CREDIT_d_app_AMT_INCOME_TOTAL_std,190.29390048980713,15,0.8340555216647674,0.7680516332588803
3,f101_refused_AMT_APPLICATION_s_app_AMT_GOODS_PRICE_pctchange_std,83.43783855438232,6,0.8340555216647674,0.7680516332588803
3,f101_refused_AMT_CREDIT_d_AMT_APPLICATION_std,209.77182817459106,18,0.8340555216647674,0.7680516332588803
3,f101_refused_total_debt_max_div_min,325.9734408855438,24,0.8340555216647674,0.7680516332588803
3,f101_refused_AMT_CREDIT_d_total_debt_max_div_min,210.19490814208984,15,0.8340555216647674,0.7680516332588803
3,f101_refused_AMT_GOODS_PRICE_d_AMT_CREDIT_max,197.0918312072754,15,0.8340555216647674,0.7680516332588803
3,f101_refused_CODE_REJECT_REASON_LIMIT_sum,234.40426063537598,19,0.8340555216647674,0.7680516332588803
3,f101_refused_AMT_APPLICATION_s_app_AMT_CREDIT_pctchange_std,63.616530418395996,5,0.8340555216647674,0.7680516332588803
3,f101_refused_PRODUCT_COMBINATION_Cash_mean,467.87575817108154,27,0.8340555216647674,0.7680516332588803
3,f101_refused_AMT_DOWN_PAYMENT_d_AMT_GOODS_PRICE_diff_std,221.78667974472046,18,0.8340555216647674,0.7680516332588803
3,f101_refused_AMT_GOODS_PRICE_m_app_AMT_GOODS_PRICE_d_app_AMT_INCOME_TOTAL_pctchange_std,224.3143892288208,18,0.8340555216647674,0.7680516332588803
3,f101_refused_AMT_APPLICATION_s_app_AMT_ANNUITY_d_app_AMT_INCOME_TOTAL_std,88.76988124847412,5,0.8340555216647674,0.7680516332588803
3,f101_refused_NAME_PAYMENT_TYPE_Cash_through_the_bank_mean,554.012357711792,29,0.8340555216647674,0.7680516332588803
3,f101_refused_AMT_GOODS_PRICE_d_AMT_CREDIT_max_div_min,79.06058979034424,8,0.8340555216647674,0.7680516332588803
3,f101_refused_AMT_APPLICATION_std_div_mean,304.36945724487305,17,0.8340555216647674,0.7680516332588803
3,f101_refused_AMT_GOODS_PRICE_s_app_AMT_CREDIT_d_app_AMT_INCOME_TOTAL_pctchange_std,171.8850293159485,11,0.8340555216647674,0.7680516332588803
3,f101_refused_AMT_CREDIT_d_app_AMT_ANNUITY_std_div_mean,366.44005155563354,27,0.8340555216647674,0.7680516332588803
3,f101_refused_CHANNEL_TYPE_AP___Cash_loan__mean,294.22636795043945,17,0.8340555216647674,0.7680516332588803
3,f101_refused_NAME_TYPE_SUITE_Family_mean,142.3994493484497,12,0.8340555216647674,0.7680516332588803
3,f101_refused_AMT_GOODS_PRICE_d_app_AMT_ANNUITY_std_div_mean,245.3497245311737,20,0.8340555216647674,0.7680516332588803
3,f101_refused_AMT_CREDIT_d_app_AMT_GOODS_PRICE_pctchange_std_div_mean,146.12150955200195,12,0.8340555216647674,0.7680516332588803
3,f101_refused_NAME_PRODUCT_TYPE_x_sell_mean,159.52869987487793,10,0.8340555216647674,0.7680516332588803
3,f101_refused_NAME_TYPE_SUITE_Unaccompanied_sum,198.1033992767334,16,0.8340555216647674,0.7680516332588803
3,f101_refused_NAME_SELLER_INDUSTRY_XNA_mean,136.01567029953003,11,0.8340555216647674,0.7680516332588803
3,f101_refused_NAME_PAYMENT_TYPE_XNA_mean,390.1029281616211,23,0.8340555216647674,0.7680516332588803
3,f101_refused_NAME_PRODUCT_TYPE_XNA_sum,448.41200828552246,33,0.8340555216647674,0.7680516332588803
3,f101_refused_NAME_PRODUCT_TYPE_walk_in_mean,265.2889316082001,21,0.8340555216647674,0.7680516332588803
3,f101_refused_CODE_REJECT_REASON_SCOFR_sum,221.82459688186646,9,0.8340555216647674,0.7680516332588803
3,f101_refused_NAME_SELLER_INDUSTRY_Connectivity_sum,9.225310325622559,1,0.8340555216647674,0.7680516332588803
3,f101_refused_CHANNEL_TYPE_AP___Cash_loan__sum,284.57148361206055,19,0.8340555216647674,0.7680516332588803
3,f001_EXT_SOURCES_mean,150210.54756855965,618,0.8340555216647674,0.7680516332588803
3,f002_ORGANIZATION_TYPE,36093.16574192047,2002,0.8340555216647674,0.7680516332588803
3,f001_EXT_SOURCES_sum,32285.888642311096,329,0.8340555216647674,0.7680516332588803
3,f001_EXT_SOURCE_2,12772.403639853,382,0.8340555216647674,0.7680516332588803
3,f001_AMT_CREDIT-d-AMT_ANNUITY,15078.357735216618,657,0.8340555216647674,0.7680516332588803
3,f001_EXT_SOURCE_3,20801.06202495098,486,0.8340555216647674,0.7680516332588803
3,f001_AMT_GOODS_PRICE-d-AMT_ANNUITY,8116.228533267975,312,0.8340555216647674,0.7680516332588803
3,f001_AMT_GOODS_PRICE-d-AMT_CREDIT,10081.255515575409,297,0.8340555216647674,0.7680516332588803
3,f003_OCCUPATION_TYPE_ta,4918.860569015145,252,0.8340555216647674,0.7680516332588803
3,f001_AMT_ANNUITY-d-AMT_INCOME_TOTAL,4543.783563017845,298,0.8340555216647674,0.7680516332588803
3,f001_AMT_GOODS_PRICE-s-AMT_CREDIT,5077.212484836578,227,0.8340555216647674,0.7680516332588803
3,f001_EXT_SOURCES_prod,7992.442259311676,170,0.8340555216647674,0.7680516332588803
3,f001_EXT_SOURCES_2-3,4467.154048323631,216,0.8340555216647674,0.7680516332588803
3,f001_DAYS_ID_PUBLISH,2828.4621647000313,206,0.8340555216647674,0.7680516332588803
3,f001_DAYS_EMPLOYED,6452.743737220764,206,0.8340555216647674,0.7680516332588803
3,f001_DAYS_ID_PUBLISH-s-DAYS_BIRTH,4092.9102977514267,247,0.8340555216647674,0.7680516332588803
3,f001_AMT_GOODS_PRICE,3868.428883433342,195,0.8340555216647674,0.7680516332588803
3,f001_EXT_SOURCE_1,4329.803643465042,252,0.8340555216647674,0.7680516332588803
3,f001_EXT_SOURCES_std,1791.172592163086,133,0.8340555216647674,0.7680516332588803
3,f001_DAYS_EMPLOYED-d-DAYS_BIRTH,3107.062890291214,149,0.8340555216647674,0.7680516332588803
3,f001_REGION_POPULATION_RELATIVE,2299.7237560749054,184,0.8340555216647674,0.7680516332588803
3,f003_NAME_EDUCATION_TYPE_ta,4835.982859611511,157,0.8340555216647674,0.7680516332588803
3,f001_AMT_GOODS_PRICE-s-AMT_CREDIT-d-AMT_INCOME_TOTAL,3424.145627260208,162,0.8340555216647674,0.7680516332588803
3,f001_AMT_CREDIT,3181.114834547043,145,0.8340555216647674,0.7680516332588803
3,f001_DAYS_LAST_PHONE_CHANGE,1535.2710614204407,115,0.8340555216647674,0.7680516332588803
3,f001_CODE_GENDER,5802.958378791809,206,0.8340555216647674,0.7680516332588803
3,f001_age_finish_payment,2406.128646314144,118,0.8340555216647674,0.7680516332588803
3,f001_DAYS_REGISTRATION,1107.2776906490326,93,0.8340555216647674,0.7680516332588803
3,f001_AMT_GOODS_PRICE-d-cnt_adults,1938.393029808998,126,0.8340555216647674,0.7680516332588803
3,f001_maxwell_feature,3461.5083317756653,124,0.8340555216647674,0.7680516332588803
3,f001_DAYS_REGISTRATION-s-DAYS_BIRTH,1356.319349527359,107,0.8340555216647674,0.7680516332588803
3,f003_NAME_FAMILY_STATUS_ta,2062.1615177989006,136,0.8340555216647674,0.7680516332588803
3,f001_DAYS_LAST_PHONE_CHANGE-s-DAYS_REGISTRATION,1062.1966006755829,84,0.8340555216647674,0.7680516332588803
3,f003_ORGANIZATION_TYPE_ta,1997.6752412319183,93,0.8340555216647674,0.7680516332588803
3,f001_DAYS_LAST_PHONE_CHANGE-s-DAYS_EMPLOYED,1919.2544693946838,100,0.8340555216647674,0.7680516332588803
3,f001_OWN_CAR_AGE-d-DAYS_BIRTH,1846.3257686197758,104,0.8340555216647674,0.7680516332588803
3,f001_DAYS_LAST_PHONE_CHANGE-d-DAYS_BIRTH,1251.5527196228504,96,0.8340555216647674,0.7680516332588803
3,f001_EXT_SOURCES_1-2,1963.3761320114136,141,0.8340555216647674,0.7680516332588803
3,f001_DAYS_LAST_PHONE_CHANGE-s-DAYS_BIRTH,1882.4240856170654,112,0.8340555216647674,0.7680516332588803
3,f001_DAYS_EMPLOYED-s-DAYS_BIRTH-d-DAYS_LAST_PHONE_CHANGE-s-DAYS_BIRTH,1986.407613992691,114,0.8340555216647674,0.7680516332588803
3,f001_DAYS_LAST_PHONE_CHANGE-s-DAYS_ID_PUBLISH,1007.6425672769547,91,0.8340555216647674,0.7680516332588803
3,f001_AMT_CREDIT-d-CNT_FAM_MEMBERS,1923.234229505062,138,0.8340555216647674,0.7680516332588803
3,f001_DAYS_EMPLOYED-s-DAYS_BIRTH-d-DAYS_ID_PUBLISH-s-DAYS_BIRTH,1371.4319168031216,101,0.8340555216647674,0.7680516332588803
3,f001_OWN_CAR_AGE-s-DAYS_EMPLOYED,3845.7621178627014,173,0.8340555216647674,0.7680516332588803
3,f001_DAYS_BIRTH,2296.230121612549,116,0.8340555216647674,0.7680516332588803
3,f001_alldocs_kurt,3308.7946882247925,131,0.8340555216647674,0.7680516332588803
3,f001_AMT_GOODS_PRICE-d-CNT_FAM_MEMBERS,1666.245863199234,124,0.8340555216647674,0.7680516332588803
3,f001_OWN_CAR_AGE-d-DAYS_EMPLOYED,2414.290288925171,131,0.8340555216647674,0.7680516332588803
3,f001_age,2131.977880001068,104,0.8340555216647674,0.7680516332588803
3,f001_OWN_CAR_AGE-s-DAYS_BIRTH,1209.9190011024475,85,0.8340555216647674,0.7680516332588803
3,f001_EXT_SOURCES_2-1-3,929.2526299953461,64,0.8340555216647674,0.7680516332588803
3,f001_EXT_SOURCES_1-2-3,521.2109310626984,44,0.8340555216647674,0.7680516332588803
3,f001_DAYS_ID_PUBLISH-s-DAYS_EMPLOYED,987.368066072464,85,0.8340555216647674,0.7680516332588803
3,f001_TOTALAREA_MODE,1158.3186194896698,74,0.8340555216647674,0.7680516332588803
3,f001_building_score_mode_mean,1626.326626777649,101,0.8340555216647674,0.7680516332588803
3,f102_active_AMT_GOODS_PRICE_d_total_debt_mean,585.7460489273071,29,0.8340555216647674,0.7680516332588803
3,f102_active_AMT_GOODS_PRICE_d_total_debt_max,618.8119602203369,37,0.8340555216647674,0.7680516332588803
3,f001_DEF_60_CNT_SOCIAL_CIRCLE-d-OBS_60_CNT_SOCIAL_CIRCLE,1697.749994456768,99,0.8340555216647674,0.7680516332588803
3,f001_building_score_avg_mean,1218.7329424619675,84,0.8340555216647674,0.7680516332588803
3,f001_OWN_CAR_AGE,2258.9844608306885,107,0.8340555216647674,0.7680516332588803
3,f102_active_AMT_GOODS_PRICE_d_total_debt_min,847.8819317817688,46,0.8340555216647674,0.7680516332588803
3,f001_AMT_CREDIT-d-CNT_CHILDREN,886.0647621154785,74,0.8340555216647674,0.7680516332588803
3,f001_DEF_30_CNT_SOCIAL_CIRCLE-d-OBS_30_CNT_SOCIAL_CIRCLE,2019.5094408988953,120,0.8340555216647674,0.7680516332588803
3,f001_AMT_GOODS_PRICE-d-CNT_CHILDREN,688.3436133861542,57,0.8340555216647674,0.7680516332588803
3,f001_building_score_medi_mean,880.8558278083801,54,0.8340555216647674,0.7680516332588803
3,f001_FLAG_WORK_PHONE,1586.2088561058044,99,0.8340555216647674,0.7680516332588803
3,f001_LIVINGAREA_MODE,731.6687620580196,55,0.8340555216647674,0.7680516332588803
3,f003_NAME_INCOME_TYPE_ta,931.1619167327881,59,0.8340555216647674,0.7680516332588803
3,f102_active_AMT_CREDIT_d_total_debt_max,483.17209911346436,30,0.8340555216647674,0.7680516332588803
3,f001_HOUR_APPR_PROCESS_START,366.01928985118866,38,0.8340555216647674,0.7680516332588803
3,f003_NAME_HOUSING_TYPE_ta,559.6901915073395,50,0.8340555216647674,0.7680516332588803
3,f102_active_AMT_CREDIT_d_total_debt_mean,331.47008895874023,23,0.8340555216647674,0.7680516332588803
3,f001_LIVINGAREA_MEDI,777.0039653778076,53,0.8340555216647674,0.7680516332588803
3,f001_APARTMENTS_MODE,743.6686634346843,54,0.8340555216647674,0.7680516332588803
3,f102_active_AMT_CREDIT_d_total_debt_min,357.65396785736084,21,0.8340555216647674,0.7680516332588803
3,f001_LIVINGAREA_AVG,883.6020531654358,50,0.8340555216647674,0.7680516332588803
3,f001_APARTMENTS_AVG,521.1053761839867,39,0.8340555216647674,0.7680516332588803
3,f102_active_AMT_CREDIT_d_total_debt_diff_mean,231.72918796539307,18,0.8340555216647674,0.7680516332588803
3,f001_REGION_RATING_CLIENT_W_CITY,825.2802782058716,47,0.8340555216647674,0.7680516332588803
3,f001_building_score_mode_sum,803.5848660469055,44,0.8340555216647674,0.7680516332588803
3,f102_active_AMT_CREDIT_d_total_debt_diff_min,222.66284036636353,20,0.8340555216647674,0.7680516332588803
3,f001_APARTMENTS_MEDI,413.4686107635498,29,0.8340555216647674,0.7680516332588803
3,f102_active_AMT_ANNUITY_s_app_AMT_INCOME_TOTAL_min,288.7070803642273,26,0.8340555216647674,0.7680516332588803
3,f102_active_AMT_ANNUITY_s_app_AMT_INCOME_TOTAL_mean,298.83982038497925,22,0.8340555216647674,0.7680516332588803
3,f001_building_score_medi_sum,482.59297823905945,31,0.8340555216647674,0.7680516332588803
3,f102_active_DAYS_LAST_DUE_1ST_VERSION_d_app_DAYS_BIRTH_max,351.5647716522217,25,0.8340555216647674,0.7680516332588803
3,f102_active_DAYS_LAST_DUE_1ST_VERSION_d_app_DAYS_BIRTH_min,168.47728967666626,11,0.8340555216647674,0.7680516332588803
3,f102_active_AMT_ANNUITY_s_app_AMT_INCOME_TOTAL_max,286.87676882743835,24,0.8340555216647674,0.7680516332588803
3,f102_active_AMT_ANNUITY_d_app_AMT_INCOME_TOTAL_min,237.56966257095337,20,0.8340555216647674,0.7680516332588803
3,f002_NAME_EDUCATION_TYPE,1065.8140726089478,36,0.8340555216647674,0.7680516332588803
3,f102_active_DAYS_LAST_DUE_1ST_VERSION_d_app_DAYS_BIRTH_mean,146.50863194465637,14,0.8340555216647674,0.7680516332588803
3,f001_DEF_30_CNT_SOCIAL_CIRCLE,1382.5015420913696,82,0.8340555216647674,0.7680516332588803
3,f001_building_score_avg_sum,659.7665231227875,38,0.8340555216647674,0.7680516332588803
3,f102_active_AMT_ANNUITY_max,272.91660022735596,22,0.8340555216647674,0.7680516332588803
3,f102_active_DAYS_LAST_DUE_1ST_VERSION_d_app_DAYS_EMPLOYED_max,168.39432001113892,17,0.8340555216647674,0.7680516332588803
3,f102_active_DAYS_LAST_DUE_1ST_VERSION_d_app_DAYS_EMPLOYED_min,120.71683883666992,9,0.8340555216647674,0.7680516332588803
3,f102_active_DAYS_LAST_DUE_1ST_VERSION_d_app_DAYS_EMPLOYED_mean,181.5226125717163,14,0.8340555216647674,0.7680516332588803
3,f102_active_AMT_GOODS_PRICE_d_AMT_CREDIT_max,788.4485840797424,36,0.8340555216647674,0.7680516332588803
3,f102_active_AMT_ANNUITY_s_app_AMT_ANNUITY_d_app_AMT_INCOME_TOTAL_max,359.8627586364746,29,0.8340555216647674,0.7680516332588803
3,f102_active_AMT_ANNUITY_d_app_AMT_INCOME_TOTAL_mean,219.64292860031128,20,0.8340555216647674,0.7680516332588803
3,f102_active_AMT_APPLICATION_s_app_AMT_INCOME_TOTAL_pctchange_min,144.14156913757324,12,0.8340555216647674,0.7680516332588803
3,f102_active_DAYS_LAST_DUE_1ST_VERSION_s_app_DAYS_ID_PUBLISH_min,397.0406296849251,33,0.8340555216647674,0.7680516332588803
3,f102_active_AMT_ANNUITY_min,195.05524063110352,17,0.8340555216647674,0.7680516332588803
3,f001_REGION_RATING_CLIENT,405.00718784332275,27,0.8340555216647674,0.7680516332588803
3,f102_active_AMT_GOODS_PRICE_d_AMT_CREDIT_mean,985.5210227966309,50,0.8340555216647674,0.7680516332588803
3,f102_active_AMT_ANNUITY_s_app_AMT_GOODS_PRICE_min,328.87870836257935,26,0.8340555216647674,0.7680516332588803
3,f102_approved_AMT_ANNUITY_s_app_AMT_GOODS_PRICE_min,451.56384682655334,35,0.8340555216647674,0.7680516332588803
3,f102_approved_AMT_GOODS_PRICE_d_total_debt_mean,1730.1332235336304,76,0.8340555216647674,0.7680516332588803
3,f102_approved_AMT_GOODS_PRICE_d_total_debt_min,632.2646342515945,39,0.8340555216647674,0.7680516332588803
3,f102_approved_DAYS_LAST_DUE_1ST_VERSION_d_app_DAYS_EMPLOYED_mean,570.1592664718628,38,0.8340555216647674,0.7680516332588803
3,f102_approved_AMT_CREDIT_d_total_debt_mean,1484.1147640943527,79,0.8340555216647674,0.7680516332588803
3,f102_approved_AMT_GOODS_PRICE_d_total_debt_max,1852.2976686954498,90,0.8340555216647674,0.7680516332588803
3,f102_active_interest_rate_max,369.21388053894043,25,0.8340555216647674,0.7680516332588803
3,f102_approved_AMT_ANNUITY_s_app_AMT_GOODS_PRICE_max,299.3191816806793,19,0.8340555216647674,0.7680516332588803
3,f102_approved_DAYS_DECISION_s_app_DAYS_LAST_PHONE_CHANGE_max,412.41573905944824,33,0.8340555216647674,0.7680516332588803
3,f102_approved_AMT_ANNUITY_s_app_AMT_GOODS_PRICE_mean,232.07761001586914,19,0.8340555216647674,0.7680516332588803
3,f102_approved_AMT_ANNUITY_s_app_AMT_ANNUITY_d_app_AMT_INCOME_TOTAL_max,1097.1882483959198,60,0.8340555216647674,0.7680516332588803
3,f102_approved_AMT_CREDIT_d_total_debt_max,1768.1454029679298,102,0.8340555216647674,0.7680516332588803
3,f102_approved_DAYS_LAST_DUE_1ST_VERSION_d_app_DAYS_EMPLOYED_max,774.367039680481,53,0.8340555216647674,0.7680516332588803
3,f102_approved_DAYS_LAST_DUE_1ST_VERSION_d_app_DAYS_EMPLOYED_min,481.19391202926636,31,0.8340555216647674,0.7680516332588803
3,f102_approved_DAYS_FIRST_DUE_s_app_DAYS_LAST_PHONE_CHANGE_min,471.36085987091064,36,0.8340555216647674,0.7680516332588803
3,f102_approved_DAYS_DECISION_s_app_DAYS_LAST_PHONE_CHANGE_min,380.18237686157227,30,0.8340555216647674,0.7680516332588803
3,f102_approved_AMT_CREDIT_d_total_debt_min,721.3501858711243,38,0.8340555216647674,0.7680516332588803
3,f102_approved_DAYS_DECISION_s_app_DAYS_ID_PUBLISH_max,515.450098991394,37,0.8340555216647674,0.7680516332588803
3,f102_approved_DAYS_DECISION_s_app_DAYS_BIRTH_max,208.5127992630005,15,0.8340555216647674,0.7680516332588803
3,f102_approved_AMT_ANNUITY_s_app_AMT_CREDIT_min,122.33105945587158,10,0.8340555216647674,0.7680516332588803
3,f102_approved_DAYS_FIRST_DUE_d_app_DAYS_EMPLOYED_min,363.87138199806213,28,0.8340555216647674,0.7680516332588803
3,f102_approved_DAYS_FIRST_DUE_s_app_DAYS_LAST_PHONE_CHANGE_max,548.6824939250946,34,0.8340555216647674,0.7680516332588803
3,f102_approved_DAYS_LAST_DUE_1ST_VERSION_d_app_DAYS_BIRTH_min,757.5107831954956,57,0.8340555216647674,0.7680516332588803
3,f102_approved_AMT_ANNUITY_s_app_AMT_ANNUITY_min,492.2894501686096,39,0.8340555216647674,0.7680516332588803
3,f102_approved_AMT_ANNUITY_s_app_AMT_CREDIT_max,200.76661348342896,14,0.8340555216647674,0.7680516332588803
3,f102_active_interest_rate_diff_max,263.08248949050903,20,0.8340555216647674,0.7680516332588803
3,f102_active_interest_rate_diff_min,301.6246898174286,24,0.8340555216647674,0.7680516332588803
3,f102_approved_DAYS_DECISION_s_app_DAYS_ID_PUBLISH_mean,331.60201120376587,24,0.8340555216647674,0.7680516332588803
3,f102_approved_DAYS_FIRST_DRAWING_s_app_DAYS_ID_PUBLISH_min,1385.8009414672852,63,0.8340555216647674,0.7680516332588803
3,f102_approved_DAYS_DECISION_s_app_DAYS_BIRTH_mean,203.67668104171753,16,0.8340555216647674,0.7680516332588803
3,f102_approved_AMT_ANNUITY_s_app_AMT_ANNUITY_max,513.156533241272,32,0.8340555216647674,0.7680516332588803
3,f102_approved_AMT_ANNUITY_s_app_AMT_ANNUITY_mean,475.9358205795288,34,0.8340555216647674,0.7680516332588803
3,f102_approved_DAYS_LAST_DUE_1ST_VERSION_d_app_DAYS_BIRTH_max,476.12295576930046,38,0.8340555216647674,0.7680516332588803
3,f102_approved_DAYS_FIRST_DRAWING_s_app_DAYS_BIRTH_max,1933.6009845733643,79,0.8340555216647674,0.7680516332588803
3,f102_approved_AMT_ANNUITY_max,559.4181134700775,41,0.8340555216647674,0.7680516332588803
3,f102_approved_DAYS_DECISION_s_app_DAYS_ID_PUBLISH_min,468.9661474227905,33,0.8340555216647674,0.7680516332588803
3,f102_approved_DAYS_DECISION_s_app_DAYS_BIRTH_min,186.9497594833374,14,0.8340555216647674,0.7680516332588803
3,f102_approved_DAYS_DECISION_s_app_DAYS_LAST_PHONE_CHANGE_mean,358.6390573978424,29,0.8340555216647674,0.7680516332588803
3,f102_approved_DAYS_LAST_DUE_1ST_VERSION_d_app_DAYS_BIRTH_mean,832.5216374397278,55,0.8340555216647674,0.7680516332588803
3,f102_approved_AMT_ANNUITY_s_app_AMT_CREDIT_mean,146.71485137939453,11,0.8340555216647674,0.7680516332588803
3,f102_active_interest_rate_mean,166.89414834976196,15,0.8340555216647674,0.7680516332588803
3,f102_approved_DAYS_FIRST_DUE_d_app_DAYS_EMPLOYED_max,242.93129920959473,20,0.8340555216647674,0.7680516332588803
3,f102_approved_AMT_ANNUITY_s_app_AMT_ANNUITY_d_app_AMT_INCOME_TOTAL_min,540.8512115478516,36,0.8340555216647674,0.7680516332588803
3,f102_approved_DAYS_FIRST_DUE_s_app_DAYS_ID_PUBLISH_max,305.3883095383644,24,0.8340555216647674,0.7680516332588803
3,f102_approved_AMT_ANNUITY_s_app_AMT_ANNUITY_d_app_AMT_INCOME_TOTAL_mean,706.3829300403595,45,0.8340555216647674,0.7680516332588803
3,f102_approved_DAYS_DECISION_s_app_DAYS_EMPLOYED_max,129.93166983127594,13,0.8340555216647674,0.7680516332588803
3,f102_approved_AMT_CREDIT_d_AMT_APPLICATION_mean,725.1093263626099,47,0.8340555216647674,0.7680516332588803
3,f102_active_interest_rate_min,301.75666999816895,23,0.8340555216647674,0.7680516332588803
3,f102_approved_AMT_ANNUITY_d_app_AMT_GOODS_PRICE_diff_max,296.99535846710205,24,0.8340555216647674,0.7680516332588803
3,f102_approved_DAYS_FIRST_DUE_s_app_DAYS_REGISTRATION_max,368.65326619148254,30,0.8340555216647674,0.7680516332588803
3,f102_approved_DAYS_FIRST_DUE_s_DAYS_DECISIONS_mean,571.7939300537109,41,0.8340555216647674,0.7680516332588803
3,f102_active_interest_rate_diff_mean,368.86020700633526,31,0.8340555216647674,0.7680516332588803
3,f102_approved_AMT_GOODS_PRICE_d_AMT_CREDIT_mean,642.6595602035522,41,0.8340555216647674,0.7680516332588803
3,f102_approved_DAYS_FIRST_DUE_s_app_DAYS_LAST_PHONE_CHANGE_mean,538.4005906581879,37,0.8340555216647674,0.7680516332588803
3,f102_approved_DAYS_FIRST_DRAWING_d_app_DAYS_EMPLOYED_min,907.4836120605469,39,0.8340555216647674,0.7680516332588803
3,f102_approved_AMT_ANNUITY_d_app_AMT_INCOME_TOTAL_max,651.5325496196747,47,0.8340555216647674,0.7680516332588803
3,f102_approved_DAYS_DECISION_d_app_DAYS_EMPLOYED_min,433.20175862312317,35,0.8340555216647674,0.7680516332588803
3,f102_approved_DAYS_FIRST_DRAWING_s_app_DAYS_LAST_PHONE_CHANGE_max,1023.298445224762,54,0.8340555216647674,0.7680516332588803
3,f102_approved_DAYS_DECISION_s_app_DAYS_REGISTRATION_max,363.3910918235779,26,0.8340555216647674,0.7680516332588803
3,f102_active_amt_paid_min,272.67438888549805,21,0.8340555216647674,0.7680516332588803
3,f102_approved_DAYS_FIRST_DUE_s_app_DAYS_EMPLOYED_max,162.81548929214478,13,0.8340555216647674,0.7680516332588803
3,f102_approved_AMT_ANNUITY_d_app_AMT_GOODS_PRICE_min,207.1430606842041,14,0.8340555216647674,0.7680516332588803
3,f102_approved_DAYS_FIRST_DRAWING_s_app_DAYS_EMPLOYED_mean,728.4320249557495,35,0.8340555216647674,0.7680516332588803
3,f102_approved_AMT_ANNUITY_d_app_AMT_INCOME_TOTAL_min,287.0780363082886,22,0.8340555216647674,0.7680516332588803
3,f102_approved_DAYS_FIRST_DUE_d_app_DAYS_EMPLOYED_mean,242.47652912139893,21,0.8340555216647674,0.7680516332588803
3,f102_approved_AMT_CREDIT_d_AMT_ANNUITY_mean,458.1550545692444,39,0.8340555216647674,0.7680516332588803
3,f102_approved_DAYS_FIRST_DUE_s_app_DAYS_EMPLOYED_min,195.3698124885559,17,0.8340555216647674,0.7680516332588803
3,f102_approved_AMT_ANNUITY_mean,541.2342681884766,36,0.8340555216647674,0.7680516332588803
3,f102_approved_AMT_CREDIT_d_AMT_ANNUITY_min,333.8538999557495,23,0.8340555216647674,0.7680516332588803
3,f102_approved_AMT_ANNUITY_d_app_AMT_INCOME_TOTAL_mean,605.8751468658447,39,0.8340555216647674,0.7680516332588803
3,f102_approved_DAYS_DECISION_d_app_DAYS_EMPLOYED_mean,391.3218216896057,35,0.8340555216647674,0.7680516332588803
3,f102_approved_DAYS_FIRST_DUE_s_app_DAYS_ID_PUBLISH_mean,234.90524816513062,17,0.8340555216647674,0.7680516332588803
3,f102_approved_AMT_ANNUITY_d_app_AMT_CREDIT_diff_max,226.42239141464233,22,0.8340555216647674,0.7680516332588803
3,f102_approved_AMT_ANNUITY_d_app_AMT_CREDIT_max,242.62763833999634,18,0.8340555216647674,0.7680516332588803
3,f102_approved_AMT_ANNUITY_d_app_AMT_GOODS_PRICE_max,276.2199532687664,21,0.8340555216647674,0.7680516332588803
3,f102_active_amt_paid_sum,231.5392780303955,16,0.8340555216647674,0.7680516332588803
3,f102_approved_DAYS_FIRST_DUE_s_app_DAYS_REGISTRATION_min,309.9264898300171,23,0.8340555216647674,0.7680516332588803
3,f102_approved_DAYS_FIRST_DUE_s_app_DAYS_BIRTH_max,157.49348974227905,14,0.8340555216647674,0.7680516332588803
3,f102_approved_DAYS_FIRST_DRAWING_s_DAYS_DECISIONS_max,2509.1060857772827,100,0.8340555216647674,0.7680516332588803
3,f102_approved_DAYS_FIRST_DUE_s_app_DAYS_BIRTH_min,134.9863476753235,11,0.8340555216647674,0.7680516332588803
3,f102_approved_DAYS_FIRST_DUE_s_app_DAYS_ID_PUBLISH_min,218.74028158187866,19,0.8340555216647674,0.7680516332588803
3,f102_active_HOUR_APPR_PROCESS_START_mean,64.17765998840332,4,0.8340555216647674,0.7680516332588803
3,f102_approved_AMT_ANNUITY_d_app_AMT_ANNUITY_max,531.6868801116943,32,0.8340555216647674,0.7680516332588803
3,f102_approved_DAYS_DECISION_s_app_DAYS_EMPLOYED_mean,158.49573850631714,13,0.8340555216647674,0.7680516332588803
3,f102_approved_DAYS_DECISION_s_app_DAYS_REGISTRATION_min,295.9036021232605,25,0.8340555216647674,0.7680516332588803
3,f102_approved_DAYS_FIRST_DUE_s_DAYS_DECISIONS_min,488.5914409160614,40,0.8340555216647674,0.7680516332588803
3,f102_approved_AMT_ANNUITY_d_app_AMT_CREDIT_mean,164.08697938919067,12,0.8340555216647674,0.7680516332588803
3,f102_approved_AMT_ANNUITY_d_app_AMT_GOODS_PRICE_mean,236.95207917690277,18,0.8340555216647674,0.7680516332588803
3,f102_approved_AMT_APPLICATION_d_app_AMT_GOODS_PRICE_max,260.6070580482483,20,0.8340555216647674,0.7680516332588803
3,f102_approved_DAYS_DECISION_d_app_DAYS_EMPLOYED_std,318.44303798675537,27,0.8340555216647674,0.7680516332588803
3,f102_approved_DAYS_FIRST_DUE_s_app_DAYS_BIRTH_mean,190.99212002754211,14,0.8340555216647674,0.7680516332588803
3,f102_approved_DAYS_DECISION_s_app_DAYS_REGISTRATION_mean,359.3424587249756,27,0.8340555216647674,0.7680516332588803
3,f102_active_amt_paid_max,176.43728160858154,14,0.8340555216647674,0.7680516332588803
3,f102_active_amt_paid_mean,277.8176016807556,22,0.8340555216647674,0.7680516332588803
3,f102_approved_AMT_APPLICATION_s_app_AMT_ANNUITY_d_app_AMT_INCOME_TOTAL_min,220.09489315748215,16,0.8340555216647674,0.7680516332588803
3,f102_approved_AMT_APPLICATION_d_app_AMT_ANNUITY_max,532.8956785202026,34,0.8340555216647674,0.7680516332588803
3,f102_approved_DAYS_FIRST_DUE_s_app_DAYS_REGISTRATION_mean,236.25646877288818,22,0.8340555216647674,0.7680516332588803
3,f102_approved_DAYS_DECISION_d_app_DAYS_EMPLOYED_max,369.0292286872864,30,0.8340555216647674,0.7680516332588803
3,f102_approved_AMT_ANNUITY_d_app_AMT_ANNUITY_mean,390.57721424102783,20,0.8340555216647674,0.7680516332588803
3,f102_active_HOUR_APPR_PROCESS_START_max,79.54231977462769,6,0.8340555216647674,0.7680516332588803
3,f102_approved_AMT_GOODS_PRICE_s_app_AMT_CREDIT_pctchange_mean,60.8440899848938,7,0.8340555216647674,0.7680516332588803
3,f102_approved_AMT_GOODS_PRICE_s_app_AMT_CREDIT_d_app_AMT_INCOME_TOTAL_pctchange_mean,152.51789093017578,14,0.8340555216647674,0.7680516332588803
3,f102_approved_DAYS_FIRST_DUE_s_app_DAYS_EMPLOYED_mean,125.694908618927,9,0.8340555216647674,0.7680516332588803
3,f102_approved_AMT_ANNUITY_d_app_AMT_CREDIT_min,291.77378034591675,21,0.8340555216647674,0.7680516332588803
3,f102_approved_AMT_GOODS_PRICE_d_app_AMT_INCOME_TOTAL_min,276.40246391296387,22,0.8340555216647674,0.7680516332588803
3,f102_approved_AMT_ANNUITY_min,282.348889708519,26,0.8340555216647674,0.7680516332588803
3,f102_approved_AMT_CREDIT_d_AMT_APPLICATION_std,260.4558925628662,19,0.8340555216647674,0.7680516332588803
3,f102_approved_AMT_APPLICATION_s_app_AMT_CREDIT_d_app_AMT_INCOME_TOTAL_pctchange_mean,160.97449016571045,13,0.8340555216647674,0.7680516332588803
3,f102_approved_AMT_GOODS_PRICE_s_app_AMT_ANNUITY_d_app_AMT_INCOME_TOTAL_min,298.37472772598267,20,0.8340555216647674,0.7680516332588803
3,f102_active_HOUR_APPR_PROCESS_START_min,96.66284799575806,8,0.8340555216647674,0.7680516332588803
3,f102_approved_AMT_CREDIT_d_AMT_APPLICATION_max,334.60038661956787,22,0.8340555216647674,0.7680516332588803
3,f102_approved_DAYS_DECISION_s_app_DAYS_EMPLOYED_min,178.78607892990112,13,0.8340555216647674,0.7680516332588803
3,f102_approved_DAYS_FIRST_DUE_s_DAYS_DECISIONS_max,347.92237758636475,26,0.8340555216647674,0.7680516332588803
3,f102_approved_AMT_GOODS_PRICE_d_app_AMT_ANNUITY_max,286.69454860687256,17,0.8340555216647674,0.7680516332588803
3,f102_approved_AMT_APPLICATION_s_app_AMT_CREDIT_pctchange_mean,164.55736017227173,15,0.8340555216647674,0.7680516332588803
3,f102_approved_AMT_GOODS_PRICE_d_AMT_CREDIT_min,451.88083028793335,33,0.8340555216647674,0.7680516332588803
3,f102_approved_AMT_ANNUITY_d_app_AMT_ANNUITY_min,258.5810384750366,19,0.8340555216647674,0.7680516332588803
3,f102_approved_AMT_GOODS_PRICE_s_app_AMT_CREDIT_d_app_AMT_INCOME_TOTAL_pctchange_min,254.47760343551636,20,0.8340555216647674,0.7680516332588803
3,f102_approved_AMT_GOODS_PRICE_d_app_AMT_CREDIT_max,206.38965892791748,15,0.8340555216647674,0.7680516332588803
3,f102_approved_AMT_APPLICATION_s_app_AMT_CREDIT_pctchange_min,218.79758048057556,20,0.8340555216647674,0.7680516332588803
3,f102_approved_AMT_GOODS_PRICE_s_app_AMT_CREDIT_pctchange_min,163.77148008346558,14,0.8340555216647674,0.7680516332588803
3,f102_approved_AMT_ANNUITY_m_app_AMT_GOODS_PRICE_d_app_AMT_INCOME_TOTAL_diff_max,357.9258813858032,33,0.8340555216647674,0.7680516332588803
3,f102_approved_AMT_GOODS_PRICE_min,483.45295333862305,37,0.8340555216647674,0.7680516332588803
3,f102_approved_AMT_GOODS_PRICE_d_app_AMT_ANNUITY_mean,312.96465253829956,22,0.8340555216647674,0.7680516332588803
3,f102_approved_AMT_CREDIT_s_app_AMT_INCOME_TOTAL_min,118.04292011260986,11,0.8340555216647674,0.7680516332588803
3,f102_approved_AMT_ANNUITY_s_app_AMT_GOODS_PRICE_diff_max,454.3314833678305,36,0.8340555216647674,0.7680516332588803
3,f102_approved_AMT_CREDIT_d_app_AMT_CREDIT_max,314.8930196762085,22,0.8340555216647674,0.7680516332588803
3,f102_approved_AMT_APPLICATION_d_app_AMT_ANNUITY_mean,437.72149097919464,30,0.8340555216647674,0.7680516332588803
3,f102_approved_AMT_GOODS_PRICE_d_total_debt_std_div_mean,140.97511911392212,12,0.8340555216647674,0.7680516332588803
3,f102_active_cnt_paid_ratio_mean,248.57522010803223,21,0.8340555216647674,0.7680516332588803
3,f102_approved_AMT_GOODS_PRICE_s_app_AMT_INCOME_TOTAL_min,180.81829929351807,17,0.8340555216647674,0.7680516332588803
3,f102_approved_AMT_CREDIT_d_app_AMT_ANNUITY_max,316.98122119903564,24,0.8340555216647674,0.7680516332588803
3,f102_approved_DAYS_LAST_DUE_1ST_VERSION_d_app_DAYS_EMPLOYED_std,422.66669940948486,33,0.8340555216647674,0.7680516332588803
3,f102_approved_AMT_APPLICATION_d_app_AMT_CREDIT_max,212.251939535141,17,0.8340555216647674,0.7680516332588803
3,f102_approved_DAYS_LAST_DUE_1ST_VERSION_d_app_DAYS_LAST_PHONE_CHANGE_std,33.9769401550293,3,0.8340555216647674,0.7680516332588803
3,f102_active_cnt_paid_ratio_min,308.8851385116577,21,0.8340555216647674,0.7680516332588803
3,f102_approved_AMT_GOODS_PRICE_d_app_AMT_GOODS_PRICE_max,154.55602931976318,13,0.8340555216647674,0.7680516332588803
3,f102_approved_AMT_GOODS_PRICE_s_app_AMT_ANNUITY_min,575.7742719650269,38,0.8340555216647674,0.7680516332588803
3,f102_approved_AMT_CREDIT_d_AMT_APPLICATION_min,420.23296815156937,35,0.8340555216647674,0.7680516332588803
3,f102_approved_AMT_CREDIT_s_app_AMT_INCOME_TOTAL_mean,175.82787084579468,16,0.8340555216647674,0.7680516332588803
4,f102_approved_AMT_CREDIT_d_AMT_ANNUITY_pctchange_std,212.07894039154053,14,0.6334382542348713,0.6069556840273144
4,f102_approved_DAYS_FIRST_DUE_d_app_DAYS_EMPLOYED_std,174.61398792266846,15,0.6334382542348713,0.6069556840273144
4,f102_approved_AMT_CREDIT_min,215.61909008026123,13,0.6334382542348713,0.6069556840273144
4,f102_active_DAYS_TERMINATION_d_app_DAYS_REGISTRATION_min,52.605570793151855,4,0.6334382542348713,0.6069556840273144
4,f102_approved_AMT_APPLICATION_d_app_AMT_CREDIT_mean,593.9359557628632,43,0.6334382542348713,0.6069556840273144
4,f102_approved_AMT_APPLICATION_s_app_AMT_CREDIT_d_app_AMT_INCOME_TOTAL_pctchange_min,433.88967353105545,34,0.6334382542348713,0.6069556840273144
4,f102_approved_AMT_ANNUITY_s_app_AMT_CREDIT_diff_max,174.27834939956665,16,0.6334382542348713,0.6069556840273144
4,f102_approved_AMT_CREDIT_s_app_AMT_ANNUITY_min,226.54663276672363,18,0.6334382542348713,0.6069556840273144
4,f102_approved_AMT_GOODS_PRICE_d_app_AMT_CREDIT_mean,581.7059400081635,40,0.6334382542348713,0.6069556840273144
4,f102_approved_AMT_APPLICATION_s_app_AMT_ANNUITY_mean,919.8330607414246,49,0.6334382542348713,0.6069556840273144
4,f102_approved_AMT_APPLICATION_min,567.5779006481171,27,0.6334382542348713,0.6069556840273144
4,f102_approved_AMT_GOODS_PRICE_d_AMT_CREDIT_max,3876.600722551346,124,0.6334382542348713,0.6069556840273144
4,f102_approved_AMT_APPLICATION_s_app_AMT_ANNUITY_min,772.3013615608215,43,0.6334382542348713,0.6069556840273144
4,f102_approved_DAYS_DECISION_d_app_DAYS_EMPLOYED_std_div_mean,87.13848114013672,9,0.6334382542348713,0.6069556840273144
4,f102_active_cnt_paid_ratio_max,307.44278144836426,19,0.6334382542348713,0.6069556840273144
4,f102_approved_AMT_ANNUITY_s_app_AMT_INCOME_TOTAL_diff_max,213.3802962899208,19,0.6334382542348713,0.6069556840273144
4,f102_approved_AMT_ANNUITY_s_app_AMT_CREDIT_d_app_AMT_INCOME_TOTAL_diff_max,144.0382204055786,14,0.6334382542348713,0.6069556840273144
4,f102_approved_DAYS_FIRST_DUE_s_app_DAYS_BIRTH_std,139.3279914855957,10,0.6334382542348713,0.6069556840273144
4,f102_approved_AMT_CREDIT_s_app_AMT_INCOME_TOTAL_max,206.7377805709839,18,0.6334382542348713,0.6069556840273144
4,f102_approved_AMT_CREDIT_d_app_AMT_ANNUITY_mean,1059.4217846393585,55,0.6334382542348713,0.6069556840273144
4,f102_approved_AMT_APPLICATION_s_app_AMT_ANNUITY_d_app_AMT_INCOME_TOTAL_mean,510.57443284988403,32,0.6334382542348713,0.6069556840273144
4,f102_approved_AMT_CREDIT_d_app_AMT_INCOME_TOTAL_max,200.0228796005249,19,0.6334382542348713,0.6069556840273144
4,f102_approved_AMT_APPLICATION_s_app_AMT_ANNUITY_max,1074.6439018249512,56,0.6334382542348713,0.6069556840273144
4,f102_approved_AMT_CREDIT_s_app_AMT_ANNUITY_max,399.23520278930664,26,0.6334382542348713,0.6069556840273144
4,f102_approved_DAYS_FIRST_DRAWING_s_app_DAYS_BIRTH_mean,4951.310881853104,69,0.6334382542348713,0.6069556840273144
4,f102_approved_AMT_CREDIT_d_app_AMT_INCOME_TOTAL_mean,214.529709815979,22,0.6334382542348713,0.6069556840273144
4,f102_approved_DAYS_FIRST_DRAWING_d_app_DAYS_EMPLOYED_max,7356.387026309967,83,0.6334382542348713,0.6069556840273144
4,f102_approved_AMT_GOODS_PRICE_d_AMT_ANNUITY_diff_std_div_mean,115.24833011627197,7,0.6334382542348713,0.6069556840273144
4,f102_approved_DAYS_LAST_DUE_1ST_VERSION_d_app_DAYS_BIRTH_std,82.80765104293823,7,0.6334382542348713,0.6069556840273144
4,f102_approved_AMT_ANNUITY_s_app_AMT_ANNUITY_diff_max,253.90665984153748,23,0.6334382542348713,0.6069556840273144
4,f102_approved_AMT_CREDIT_s_app_AMT_ANNUITY_d_app_AMT_INCOME_TOTAL_mean,121.84788084030151,12,0.6334382542348713,0.6069556840273144
4,f102_approved_AMT_ANNUITY_d_app_AMT_INCOME_TOTAL_diff_max,212.91135215759277,19,0.6334382542348713,0.6069556840273144
4,f102_approved_AMT_CREDIT_d_AMT_ANNUITY_pctchange_std_div_mean,121.36150002479553,8,0.6334382542348713,0.6069556840273144
4,f102_approved_AMT_GOODS_PRICE_s_app_AMT_ANNUITY_d_app_AMT_INCOME_TOTAL_max,341.4792604446411,21,0.6334382542348713,0.6069556840273144
4,f102_approved_AMT_APPLICATION_s_app_AMT_INCOME_TOTAL_min,498.30541133880615,40,0.6334382542348713,0.6069556840273144
4,f102_approved_DAYS_FIRST_DRAWING_s_app_DAYS_REGISTRATION_max,1619.333731174469,46,0.6334382542348713,0.6069556840273144
4,f102_approved_DAYS_LAST_DUE_1ST_VERSION_s_app_DAYS_LAST_PHONE_CHANGE_min,1721.943054676056,75,0.6334382542348713,0.6069556840273144
4,f102_approved_DAYS_LAST_DUE_1ST_VERSION_s_app_DAYS_EMPLOYED_max,1711.808421611786,66,0.6334382542348713,0.6069556840273144
4,f102_approved_amt_paid_min,219.5306797027588,15,0.6334382542348713,0.6069556840273144
4,f102_approved_interest_rate_min,4984.1649169921875,126,0.6334382542348713,0.6069556840273144
4,f102_approved_DAYS_LAST_DUE_1ST_VERSION_s_app_DAYS_BIRTH_max,1787.1013822555542,52,0.6334382542348713,0.6069556840273144
4,f102_approved_DAYS_LAST_DUE_1ST_VERSION_s_app_DAYS_LAST_PHONE_CHANGE_mean,740.5977830886841,41,0.6334382542348713,0.6069556840273144
4,f102_approved_DAYS_LAST_DUE_1ST_VERSION_s_app_DAYS_BIRTH_min,2088.4755697250366,54,0.6334382542348713,0.6069556840273144
4,f102_approved_amt_paid_max,549.0120625495911,37,0.6334382542348713,0.6069556840273144
4,f102_approved_amt_paid_mean,636.1135773658752,40,0.6334382542348713,0.6069556840273144
4,f102_approved_DAYS_LAST_DUE_1ST_VERSION_s_app_DAYS_LAST_PHONE_CHANGE_max,807.6434252262115,44,0.6334382542348713,0.6069556840273144
4,f102_approved_DAYS_LAST_DUE_1ST_VERSION_s_app_DAYS_EMPLOYED_min,1400.4623341560364,52,0.6334382542348713,0.6069556840273144
4,f102_approved_DAYS_LAST_DUE_1ST_VERSION_s_app_DAYS_EMPLOYED_mean,865.7597637176514,36,0.6334382542348713,0.6069556840273144
4,f102_approved_DAYS_LAST_DUE_1ST_VERSION_s_app_DAYS_BIRTH_mean,1709.655876159668,44,0.6334382542348713,0.6069556840273144
4,f102_approved_HOUR_APPR_PROCESS_START_mean,616.4882287979126,43,0.6334382542348713,0.6069556840273144
4,f102_approved_DAYS_LAST_DUE_1ST_VERSION_s_app_DAYS_ID_PUBLISH_max,738.448254108429,40,0.6334382542348713,0.6069556840273144
4,f102_approved_DAYS_LAST_DUE_1ST_VERSION_s_app_DAYS_ID_PUBLISH_min,998.7625813484192,44,0.6334382542348713,0.6069556840273144
4,f102_approved_interest_rate_max,516.5087857246399,23,0.6334382542348713,0.6069556840273144
4,f102_approved_interest_rate_mean,453.7913098335266,27,0.6334382542348713,0.6069556840273144
4,f102_approved_DAYS_LAST_DUE_1ST_VERSION_s_app_DAYS_REGISTRATION_max,256.74301385879517,21,0.6334382542348713,0.6069556840273144
4,f102_approved_amt_paid_sum,541.3445510864258,31,0.6334382542348713,0.6069556840273144
4,f102_approved_DAYS_LAST_DUE_1ST_VERSION_s_DAYS_DECISIONS_mean,792.7256970405579,37,0.6334382542348713,0.6069556840273144
4,f102_approved_DAYS_LAST_DUE_1ST_VERSION_s_app_DAYS_ID_PUBLISH_mean,639.368488073349,34,0.6334382542348713,0.6069556840273144
4,f102_approved_DAYS_LAST_DUE_1ST_VERSION_s_app_DAYS_REGISTRATION_min,345.35020685195923,21,0.6334382542348713,0.6069556840273144
4,f102_approved_DAYS_LAST_DUE_1ST_VERSION_s_DAYS_DECISIONS_max,615.3820400238037,35,0.6334382542348713,0.6069556840273144
4,f102_approved_interest_rate_pctchange_std_div_mean,91.73892974853516,6,0.6334382542348713,0.6069556840273144
4,f102_approved_DAYS_LAST_DUE_1ST_VERSION_s_app_DAYS_REGISTRATION_mean,368.44753766059875,19,0.6334382542348713,0.6069556840273144
4,f102_approved_interest_rate_diff_std_div_mean,113.69684028625488,8,0.6334382542348713,0.6069556840273144
4,f102_approved_cnt_unpaid_mean,1456.6577982902527,56,0.6334382542348713,0.6069556840273144
4,f102_approved_DAYS_LAST_DUE_1ST_VERSION_s_DAYS_DECISIONS_min,763.5893836021423,39,0.6334382542348713,0.6069556840273144
4,f102_approved_cnt_unpaid_max,1051.8279166221619,51,0.6334382542348713,0.6069556840273144
4,f102_approved_HOUR_APPR_PROCESS_START_min,264.39991760253906,17,0.6334382542348713,0.6069556840273144
4,f102_approved_interest_rate_std_div_mean,97.20953178405762,10,0.6334382542348713,0.6069556840273144
4,f102_approved_interest_rate_std,87.05096101760864,7,0.6334382542348713,0.6069556840273144
4,f102_approved_interest_rate_diff_std,134.43931031227112,15,0.6334382542348713,0.6069556840273144
4,f102_approved_NAME_CLIENT_TYPE_New_mean,1472.669111251831,55,0.6334382542348713,0.6069556840273144
4,f102_approved_HOUR_APPR_PROCESS_START_max,238.60375881195068,16,0.6334382542348713,0.6069556840273144
4,f102_approved_DAYS_TERMINATION_s_DAYS_LAST_DUE_1ST_VERSION_max,41.667500495910645,3,0.6334382542348713,0.6069556840273144
4,f102_approved_cnt_paid_ratio_mean,319.68363094329834,20,0.6334382542348713,0.6069556840273144
4,f102_approved_DAYS_LAST_DUE_1ST_VERSION_s_app_DAYS_EMPLOYED_std_div_mean,49.310200691223145,3,0.6334382542348713,0.6069556840273144
4,f102_approved_cnt_paid_ratio_min,295.58460235595703,20,0.6334382542348713,0.6069556840273144
4,f102_approved_RATE_DOWN_PAYMENT_max,136.5310091972351,8,0.6334382542348713,0.6069556840273144
4,f102_approved_cnt_paid_sum,87.20186996459961,8,0.6334382542348713,0.6069556840273144
4,f102_approved_cnt_unpaid_min,428.7133092880249,27,0.6334382542348713,0.6069556840273144
4,f102_approved_amt_paid_std,12.375,1,0.6334382542348713,0.6069556840273144
4,f102_approved_cnt_paid_ratio_max,316.8465132713318,19,0.6334382542348713,0.6069556840273144
4,f102_approved_DAYS_LAST_DUE_s_app_DAYS_REGISTRATION_max,114.97353076934814,9,0.6334382542348713,0.6069556840273144
4,f102_approved_DAYS_TERMINATION_s_DAYS_LAST_DUE_1ST_VERSION_min,71.6117205619812,4,0.6334382542348713,0.6069556840273144
4,f102_approved_DAYS_TERMINATION_s_app_DAYS_EMPLOYED_min,62.53956985473633,4,0.6334382542348713,0.6069556840273144
4,f102_approved_DAYS_TERMINATION_s_app_DAYS_REGISTRATION_max,57.874979972839355,5,0.6334382542348713,0.6069556840273144
4,f102_approved_DAYS_LAST_DUE_1ST_VERSION_s_app_DAYS_BIRTH_std_div_mean,15.99172067642212,2,0.6334382542348713,0.6069556840273144
4,f102_approved_DAYS_LAST_DUE_s_app_DAYS_ID_PUBLISH_mean,111.25858974456787,7,0.6334382542348713,0.6069556840273144
4,f102_approved_DAYS_LAST_DUE_s_app_DAYS_EMPLOYED_mean,281.24366903305054,16,0.6334382542348713,0.6069556840273144
4,f102_approved_DAYS_LAST_DUE_s_app_DAYS_REGISTRATION_min,145.7505978345871,11,0.6334382542348713,0.6069556840273144
4,f102_approved_DAYS_LAST_DUE_s_app_DAYS_LAST_PHONE_CHANGE_min,111.90029907226562,7,0.6334382542348713,0.6069556840273144
4,f102_completed_AMT_CREDIT_d_total_debt_max,33.84478950500488,4,0.6334382542348713,0.6069556840273144
4,f102_approved_DAYS_LAST_DUE_s_app_DAYS_LAST_PHONE_CHANGE_max,135.43091821670532,9,0.6334382542348713,0.6069556840273144
4,f102_approved_RATE_DOWN_PAYMENT_mean,46.917163610458374,4,0.6334382542348713,0.6069556840273144
4,f102_approved_DAYS_TERMINATION_s_app_DAYS_BIRTH_mean,17.714590549468994,2,0.6334382542348713,0.6069556840273144
4,f102_approved_cnt_paid_ratio_std_div_mean,7.510580062866211,1,0.6334382542348713,0.6069556840273144
4,f102_approved_DAYS_LAST_DUE_s_app_DAYS_BIRTH_max,12.267720222473145,2,0.6334382542348713,0.6069556840273144
4,f102_approved_DAYS_TERMINATION_s_app_DAYS_ID_PUBLISH_mean,158.57290124893188,10,0.6334382542348713,0.6069556840273144
4,f102_approved_DAYS_TERMINATION_s_app_DAYS_LAST_PHONE_CHANGE_min,73.63353061676025,4,0.6334382542348713,0.6069556840273144
4,f102_approved_DAYS_TERMINATION_s_app_DAYS_REGISTRATION_mean,56.83543932437897,4,0.6334382542348713,0.6069556840273144
4,f102_approved_DAYS_LAST_DUE_s_app_DAYS_LAST_PHONE_CHANGE_mean,75.25629997253418,4,0.6334382542348713,0.6069556840273144
4,f102_approved_DAYS_TERMINATION_s_app_DAYS_ID_PUBLISH_min,75.32165050506592,5,0.6334382542348713,0.6069556840273144
4,f102_completed_AMT_CREDIT_d_AMT_APPLICATION_min,59.6093807220459,3,0.6334382542348713,0.6069556840273144
4,f102_approved_DAYS_LAST_DUE_s_app_DAYS_ID_PUBLISH_max,183.29151105880737,11,0.6334382542348713,0.6069556840273144
4,f102_completed_AMT_ANNUITY_s_app_AMT_CREDIT_max,69.87110137939453,3,0.6334382542348713,0.6069556840273144
4,f102_approved_DAYS_TERMINATION_s_app_DAYS_EMPLOYED_max,28.22319984436035,3,0.6334382542348713,0.6069556840273144
4,f102_completed_AMT_ANNUITY_s_app_AMT_GOODS_PRICE_mean,65.75231885910034,5,0.6334382542348713,0.6069556840273144
4,f102_approved_DAYS_LAST_DUE_1ST_VERSION_s_DAYS_FIRST_DUE_mean,253.44209098815918,9,0.6334382542348713,0.6069556840273144
4,f102_approved_DAYS_TERMINATION_s_app_DAYS_ID_PUBLISH_max,63.12719917297363,3,0.6334382542348713,0.6069556840273144
4,f102_approved_DAYS_TERMINATION_s_app_DAYS_LAST_PHONE_CHANGE_max,63.223039627075195,6,0.6334382542348713,0.6069556840273144
4,f102_approved_DAYS_LAST_DUE_s_app_DAYS_EMPLOYED_max,69.13666820526123,5,0.6334382542348713,0.6069556840273144
4,f102_approved_DAYS_TERMINATION_s_app_DAYS_LAST_PHONE_CHANGE_mean,95.4269700050354,6,0.6334382542348713,0.6069556840273144
4,f102_completed_AMT_CREDIT_d_AMT_APPLICATION_mean,0.0,0,0.6334382542348713,0.6069556840273144
4,f102_approved_DAYS_TERMINATION_s_app_DAYS_EMPLOYED_mean,18.925269603729248,2,0.6334382542348713,0.6069556840273144
4,f102_approved_DAYS_TERMINATION_s_app_DAYS_BIRTH_max,67.14584922790527,5,0.6334382542348713,0.6069556840273144
4,f102_approved_RATE_DOWN_PAYMENT_min,0.0,0,0.6334382542348713,0.6069556840273144
4,f102_completed_AMT_ANNUITY_s_app_AMT_ANNUITY_d_app_AMT_INCOME_TOTAL_min,93.29009914398193,4,0.6334382542348713,0.6069556840273144
4,f102_approved_DAYS_LAST_DUE_s_app_DAYS_EMPLOYED_min,119.40429878234863,6,0.6334382542348713,0.6069556840273144
4,f102_approved_DAYS_TERMINATION_s_app_DAYS_REGISTRATION_min,0.0,0,0.6334382542348713,0.6069556840273144
4,f102_approved_DAYS_LAST_DUE_s_app_DAYS_ID_PUBLISH_min,113.15988206863403,7,0.6334382542348713,0.6069556840273144
4,f102_completed_AMT_CREDIT_d_AMT_ANNUITY_max,28.729300498962402,4,0.6334382542348713,0.6069556840273144
4,f102_completed_AMT_CREDIT_d_AMT_APPLICATION_max,19.04360008239746,1,0.6334382542348713,0.6069556840273144
4,f102_completed_AMT_ANNUITY_s_app_AMT_ANNUITY_max,172.43396997451782,13,0.6334382542348713,0.6069556840273144
4,f102_approved_DAYS_TERMINATION_s_DAYS_LAST_DUE_1ST_VERSION_mean,91.32414102554321,6,0.6334382542348713,0.6069556840273144
4,f102_approved_cnt_unpaid_std_div_mean,20.21619987487793,1,0.6334382542348713,0.6069556840273144
4,f102_completed_AMT_CREDIT_d_total_debt_min,22.153820037841797,2,0.6334382542348713,0.6069556840273144
4,f102_completed_AMT_ANNUITY_s_app_AMT_INCOME_TOTAL_mean,14.451600074768066,1,0.6334382542348713,0.6069556840273144
4,f102_completed_AMT_ANNUITY_s_app_AMT_INCOME_TOTAL_min,16.725539684295654,2,0.6334382542348713,0.6069556840273144
4,f102_approved_RATE_DOWN_PAYMENT_std,6.108150005340576,1,0.6334382542348713,0.6069556840273144
4,f102_completed_AMT_CREDIT_d_AMT_ANNUITY_min,12.594650268554688,2,0.6334382542348713,0.6069556840273144
4,f102_completed_AMT_ANNUITY_s_app_AMT_ANNUITY_d_app_AMT_INCOME_TOTAL_max,182.39639949798584,10,0.6334382542348713,0.6069556840273144
4,f102_approved_DAYS_LAST_DUE_s_app_DAYS_BIRTH_min,15.276769638061523,2,0.6334382542348713,0.6069556840273144
4,f102_completed_AMT_CREDIT_d_total_debt_mean,0.0,0,0.6334382542348713,0.6069556840273144
4,f102_completed_AMT_APPLICATION_d_app_AMT_ANNUITY_max,185.71387147903442,13,0.6334382542348713,0.6069556840273144
4,f102_completed_AMT_ANNUITY_s_app_AMT_GOODS_PRICE_min,97.0231990814209,4,0.6334382542348713,0.6069556840273144
4,f102_completed_AMT_ANNUITY_s_app_AMT_INCOME_TOTAL_max,14.415649890899658,2,0.6334382542348713,0.6069556840273144
4,f102_approved_DAYS_TERMINATION_s_app_DAYS_BIRTH_min,0.0,0,0.6334382542348713,0.6069556840273144
4,f102_approved_DAYS_LAST_DUE_s_app_DAYS_REGISTRATION_mean,79.18686962127686,5,0.6334382542348713,0.6069556840273144
4,f102_completed_AMT_APPLICATION_s_app_AMT_GOODS_PRICE_max,1.9994399547576904,1,0.6334382542348713,0.6069556840273144
4,f102_approved_NAME_SELLER_INDUSTRY_Connectivity_mean,70.73125076293945,5,0.6334382542348713,0.6069556840273144
4,f102_completed_AMT_GOODS_PRICE_d_total_debt_max,86.04790019989014,5,0.6334382542348713,0.6069556840273144
4,f102_completed_interest_rate_min,50.82735085487366,5,0.6334382542348713,0.6069556840273144
4,f102_completed_interest_rate_max,0.0,0,0.6334382542348713,0.6069556840273144
4,f102_completed_AMT_GOODS_PRICE_d_AMT_ANNUITY_max,14.818709969520569,3,0.6334382542348713,0.6069556840273144
4,f102_completed_interest_rate_mean,0.0,0,0.6334382542348713,0.6069556840273144
4,f102_completed_AMT_GOODS_PRICE_d_app_AMT_ANNUITY_max,49.42023944854736,4,0.6334382542348713,0.6069556840273144
4,f102_completed_AMT_GOODS_PRICE_d_AMT_ANNUITY_min,8.006770133972168,1,0.6334382542348713,0.6069556840273144
4,f102_completed_AMT_GOODS_PRICE_d_app_AMT_ANNUITY_min,76.0457010269165,4,0.6334382542348713,0.6069556840273144
4,f102_completed_total_debt_pctchange_max,36.566200256347656,3,0.6334382542348713,0.6069556840273144
4,f102_completed_AMT_GOODS_PRICE_d_AMT_ANNUITY_mean,0.0,0,0.6334382542348713,0.6069556840273144
4,f102_completed_AMT_GOODS_PRICE_d_app_AMT_ANNUITY_mean,47.59474039077759,3,0.6334382542348713,0.6069556840273144
4,f102_completed_AMT_GOODS_PRICE_d_AMT_CREDIT_max,15.387999534606934,1,0.6334382542348713,0.6069556840273144
4,f102_completed_DAYS_FIRST_DUE_d_app_DAYS_EMPLOYED_min,646.4321258068085,22,0.6334382542348713,0.6069556840273144
4,f102_completed_AMT_GOODS_PRICE_d_total_debt_min,9.494620323181152,1,0.6334382542348713,0.6069556840273144
4,f102_completed_AMT_GOODS_PRICE_d_total_debt_mean,13.357799530029297,1,0.6334382542348713,0.6069556840273144
4,f102_completed_DAYS_DECISION_d_app_DAYS_EMPLOYED_min,270.25451946258545,11,0.6334382542348713,0.6069556840273144
4,f102_completed_DAYS_TERMINATION_s_app_DAYS_REGISTRATION_mean,12.071100234985352,1,0.6334382542348713,0.6069556840273144
4,f102_completed_DAYS_LAST_DUE_1ST_VERSION_s_app_DAYS_LAST_PHONE_CHANGE_max,47.55159950256348,4,0.6334382542348713,0.6069556840273144
4,f102_completed_AMT_GOODS_PRICE_d_AMT_CREDIT_mean,0.0,0,0.6334382542348713,0.6069556840273144
4,f102_completed_AMT_GOODS_PRICE_d_app_AMT_CREDIT_max,38.164299964904785,3,0.6334382542348713,0.6069556840273144
4,f102_completed_DAYS_LAST_DUE_s_app_DAYS_REGISTRATION_max,17.485029697418213,2,0.6334382542348713,0.6069556840273144
4,f102_completed_DAYS_LAST_DUE_1ST_VERSION_s_app_DAYS_ID_PUBLISH_max,122.93805980682373,8,0.6334382542348713,0.6069556840273144
4,f102_completed_AMT_GOODS_PRICE_d_app_AMT_CREDIT_min,0.0,0,0.6334382542348713,0.6069556840273144
4,f102_completed_AMT_GOODS_PRICE_d_total_debt_pctchange_min,83.77163934707642,6,0.6334382542348713,0.6069556840273144
4,f102_completed_DAYS_LAST_DUE_s_app_DAYS_BIRTH_mean,0.0,0,0.6334382542348713,0.6069556840273144
4,f102_completed_AMT_CREDIT_s_app_AMT_GOODS_PRICE_max,27.029699325561523,1,0.6334382542348713,0.6069556840273144
4,f102_completed_AMT_GOODS_PRICE_d_AMT_CREDIT_min,0.0,0,0.6334382542348713,0.6069556840273144
4,f102_completed_AMT_GOODS_PRICE_d_app_AMT_GOODS_PRICE_min,28.23200035095215,2,0.6334382542348713,0.6069556840273144
4,f102_completed_AMT_GOODS_PRICE_d_app_AMT_CREDIT_mean,22.56555938720703,2,0.6334382542348713,0.6069556840273144
4,f102_completed_AMT_GOODS_PRICE_s_app_AMT_ANNUITY_d_app_AMT_INCOME_TOTAL_max,132.94549751281738,6,0.6334382542348713,0.6069556840273144
4,f102_completed_AMT_GOODS_PRICE_s_app_AMT_GOODS_PRICE_max,0.0,0,0.6334382542348713,0.6069556840273144
4,f102_completed_AMT_GOODS_PRICE_min,129.98819828033447,4,0.6334382542348713,0.6069556840273144
4,f102_completed_AMT_CREDIT_s_app_AMT_GOODS_PRICE_min,49.255149364471436,3,0.6334382542348713,0.6069556840273144
4,f102_completed_DAYS_TERMINATION_s_app_DAYS_LAST_PHONE_CHANGE_max,16.37188959121704,2,0.6334382542348713,0.6069556840273144
4,f102_completed_AMT_GOODS_PRICE_d_total_debt_pctchange_mean,19.271240234375,2,0.6334382542348713,0.6069556840273144
4,f102_completed_AMT_GOODS_PRICE_max,96.69789266586304,5,0.6334382542348713,0.6069556840273144
4,f102_completed_DAYS_LAST_DUE_s_app_DAYS_ID_PUBLISH_max,32.99440002441406,3,0.6334382542348713,0.6069556840273144
4,f102_completed_DAYS_FIRST_DUE_d_app_DAYS_EMPLOYED_mean,198.9529004096985,11,0.6334382542348713,0.6069556840273144
4,f102_completed_DAYS_TERMINATION_s_app_DAYS_BIRTH_max,0.0,0,0.6334382542348713,0.6069556840273144
4,f102_completed_AMT_GOODS_PRICE_d_AMT_ANNUITY_pctchange_min,30.679861068725586,3,0.6334382542348713,0.6069556840273144
4,f102_completed_DAYS_FIRST_DUE_d_app_DAYS_EMPLOYED_max,120.98659038543701,5,0.6334382542348713,0.6069556840273144
4,f102_completed_AMT_GOODS_PRICE_s_app_AMT_GOODS_PRICE_min,34.75048065185547,3,0.6334382542348713,0.6069556840273144
4,f102_completed_AMT_GOODS_PRICE_d_total_debt_pctchange_max,17.844200134277344,1,0.6334382542348713,0.6069556840273144
4,f102_completed_AMT_GOODS_PRICE_d_app_AMT_GOODS_PRICE_max,0.0,0,0.6334382542348713,0.6069556840273144
4,f102_completed_DAYS_LAST_DUE_1ST_VERSION_s_app_DAYS_LAST_PHONE_CHANGE_min,9.56902003288269,2,0.6334382542348713,0.6069556840273144
4,f102_completed_DAYS_LAST_DUE_1ST_VERSION_s_app_DAYS_REGISTRATION_mean,99.74143052101135,6,0.6334382542348713,0.6069556840273144
4,f102_completed_AMT_GOODS_PRICE_d_app_AMT_INCOME_TOTAL_min,11.402899742126465,1,0.6334382542348713,0.6069556840273144
4,f102_completed_AMT_GOODS_PRICE_s_app_AMT_GOODS_PRICE_mean,0.0,0,0.6334382542348713,0.6069556840273144
4,f102_completed_DAYS_DECISION_s_app_DAYS_BIRTH_max,8.316880226135254,1,0.6334382542348713,0.6069556840273144
4,f102_completed_AMT_GOODS_PRICE_s_app_AMT_ANNUITY_max,105.11430144309998,5,0.6334382542348713,0.6069556840273144
4,f102_completed_AMT_GOODS_PRICE_s_app_AMT_INCOME_TOTAL_min,0.0,0,0.6334382542348713,0.6069556840273144
4,f102_completed_DAYS_LAST_DUE_s_app_DAYS_EMPLOYED_max,0.0,0,0.6334382542348713,0.6069556840273144
4,f102_completed_DAYS_LAST_DUE_s_app_DAYS_LAST_PHONE_CHANGE_mean,0.0,0,0.6334382542348713,0.6069556840273144
4,f102_completed_HOUR_APPR_PROCESS_START_min,10.482099533081055,1,0.6334382542348713,0.6069556840273144
4,f102_completed_DAYS_DECISION_d_app_DAYS_EMPLOYED_mean,276.0787396430969,9,0.6334382542348713,0.6069556840273144
4,f102_completed_DAYS_LAST_DUE_1ST_VERSION_s_app_DAYS_LAST_PHONE_CHANGE_mean,105.62860202789307,4,0.6334382542348713,0.6069556840273144
4,f102_completed_AMT_GOODS_PRICE_s_app_AMT_INCOME_TOTAL_max,0.0,0,0.6334382542348713,0.6069556840273144
4,f102_completed_HOUR_APPR_PROCESS_START_max,0.0,0,0.6334382542348713,0.6069556840273144
4,f102_completed_DAYS_LAST_DUE_1ST_VERSION_s_app_DAYS_EMPLOYED_max,135.6269006729126,5,0.6334382542348713,0.6069556840273144
4,f102_completed_AMT_GOODS_PRICE_s_app_AMT_ANNUITY_d_app_AMT_INCOME_TOTAL_min,22.29520034790039,2,0.6334382542348713,0.6069556840273144
4,f102_completed_AMT_CREDIT_s_app_AMT_GOODS_PRICE_mean,7.693940162658691,1,0.6334382542348713,0.6069556840273144
4,f102_completed_amt_paid_min,0.0,0,0.6334382542348713,0.6069556840273144
4,f102_completed_DAYS_DECISION_s_app_DAYS_ID_PUBLISH_max,66.75834941864014,4,0.6334382542348713,0.6069556840273144
4,f102_completed_AMT_GOODS_PRICE_d_AMT_ANNUITY_pctchange_max,27.42437982559204,3,0.6334382542348713,0.6069556840273144
4,f102_completed_AMT_GOODS_PRICE_d_app_AMT_GOODS_PRICE_mean,9.650979995727539,1,0.6334382542348713,0.6069556840273144
4,f102_completed_AMT_GOODS_PRICE_d_app_AMT_INCOME_TOTAL_mean,39.95390033721924,2,0.6334382542348713,0.6069556840273144
4,f102_completed_amt_paid_sum,51.06344985961914,4,0.6334382542348713,0.6069556840273144
4,f102_completed_AMT_GOODS_PRICE_d_app_AMT_INCOME_TOTAL_max,36.964409589767456,4,0.6334382542348713,0.6069556840273144
4,f102_completed_DAYS_LAST_DUE_s_app_DAYS_BIRTH_max,0.0,0,0.6334382542348713,0.6069556840273144
4,f102_completed_AMT_CREDIT_s_app_AMT_INCOME_TOTAL_max,8.500160217285156,1,0.6334382542348713,0.6069556840273144
4,f102_completed_DAYS_TERMINATION_s_app_DAYS_ID_PUBLISH_max,43.268009662628174,3,0.6334382542348713,0.6069556840273144
4,f102_completed_HOUR_APPR_PROCESS_START_mean,0.0,0,0.6334382542348713,0.6069556840273144
4,f102_completed_DAYS_DECISION_s_app_DAYS_REGISTRATION_mean,43.26449966430664,5,0.6334382542348713,0.6069556840273144
4,f102_completed_DAYS_TERMINATION_s_app_DAYS_EMPLOYED_mean,18.34033966064453,2,0.6334382542348713,0.6069556840273144
4,f102_completed_DAYS_DECISION_d_app_DAYS_EMPLOYED_max,44.20429992675781,2,0.6334382542348713,0.6069556840273144
4,f102_completed_AMT_CREDIT_s_app_AMT_INCOME_TOTAL_min,0.0,0,0.6334382542348713,0.6069556840273144
4,f102_completed_AMT_GOODS_PRICE_s_app_AMT_ANNUITY_min,58.33879852294922,2,0.6334382542348713,0.6069556840273144
4,f102_completed_AMT_GOODS_PRICE_d_app_AMT_INCOME_TOTAL_diff_mean,60.17352867126465,4,0.6334382542348713,0.6069556840273144
4,f102_completed_amt_paid_max,13.103500366210938,1,0.6334382542348713,0.6069556840273144
4,f102_completed_AMT_GOODS_PRICE_d_AMT_ANNUITY_diff_max,42.925601959228516,2,0.6334382542348713,0.6069556840273144
4,f102_completed_DAYS_LAST_DUE_s_app_DAYS_LAST_PHONE_CHANGE_min,0.0,0,0.6334382542348713,0.6069556840273144
4,f102_completed_AMT_CREDIT_s_app_AMT_INCOME_TOTAL_mean,0.0,0,0.6334382542348713,0.6069556840273144
4,f102_completed_DAYS_LAST_DUE_1ST_VERSION_s_app_DAYS_ID_PUBLISH_mean,73.43680000305176,3,0.6334382542348713,0.6069556840273144
4,f102_completed_DAYS_LAST_DUE_s_app_DAYS_REGISTRATION_mean,0.0,0,0.6334382542348713,0.6069556840273144
4,f102_completed_AMT_GOODS_PRICE_d_AMT_ANNUITY_diff_min,10.13640022277832,1,0.6334382542348713,0.6069556840273144
4,f102_completed_DAYS_LAST_DUE_1ST_VERSION_s_app_DAYS_BIRTH_min,48.82990074157715,3,0.6334382542348713,0.6069556840273144
4,f102_completed_AMT_GOODS_PRICE_s_app_AMT_ANNUITY_mean,36.3420991897583,2,0.6334382542348713,0.6069556840273144
4,f102_completed_DAYS_TERMINATION_s_app_DAYS_ID_PUBLISH_min,26.004240036010742,2,0.6334382542348713,0.6069556840273144
4,f102_completed_DAYS_LAST_DUE_1ST_VERSION_s_app_DAYS_EMPLOYED_min,93.34219741821289,3,0.6334382542348713,0.6069556840273144
4,f102_completed_AMT_GOODS_PRICE_s_app_AMT_INCOME_TOTAL_mean,0.0,0,0.6334382542348713,0.6069556840273144
4,f102_completed_DAYS_TERMINATION_s_app_DAYS_REGISTRATION_min,0.0,0,0.6334382542348713,0.6069556840273144
4,f102_completed_AMT_GOODS_PRICE_s_app_AMT_ANNUITY_d_app_AMT_INCOME_TOTAL_mean,26.273620128631592,2,0.6334382542348713,0.6069556840273144
4,f102_completed_DAYS_LAST_DUE_s_app_DAYS_LAST_PHONE_CHANGE_max,33.86040019989014,2,0.6334382542348713,0.6069556840273144
4,f102_completed_DAYS_FIRST_DUE_s_app_DAYS_LAST_PHONE_CHANGE_max,0.0,0,0.6334382542348713,0.6069556840273144
4,f102_completed_DAYS_LAST_DUE_1ST_VERSION_s_app_DAYS_EMPLOYED_mean,46.86273002624512,3,0.6334382542348713,0.6069556840273144
4,f102_completed_DAYS_TERMINATION_s_app_DAYS_LAST_PHONE_CHANGE_min,13.686599731445312,1,0.6334382542348713,0.6069556840273144
4,f102_completed_DAYS_LAST_DUE_1ST_VERSION_s_app_DAYS_ID_PUBLISH_min,59.245500564575195,3,0.6334382542348713,0.6069556840273144
4,f102_completed_DAYS_TERMINATION_s_DAYS_LAST_DUE_max,14.541629791259766,2,0.6334382542348713,0.6069556840273144
4,f102_completed_DAYS_TERMINATION_s_app_DAYS_LAST_PHONE_CHANGE_mean,0.0,0,0.6334382542348713,0.6069556840273144
4,f102_completed_AMT_GOODS_PRICE_d_app_AMT_INCOME_TOTAL_diff_max,57.50764846801758,4,0.6334382542348713,0.6069556840273144
4,f102_completed_DAYS_LAST_DUE_1ST_VERSION_s_app_DAYS_REGISTRATION_max,20.623699188232422,1,0.6334382542348713,0.6069556840273144
4,f102_completed_AMT_GOODS_PRICE_d_AMT_ANNUITY_pctchange_mean,34.93069934844971,2,0.6334382542348713,0.6069556840273144
4,f102_completed_DAYS_TERMINATION_s_DAYS_LAST_DUE_min,0.0,0,0.6334382542348713,0.6069556840273144
4,f102_completed_AMT_DOWN_PAYMENT_max,21.52400016784668,1,0.6334382542348713,0.6069556840273144
4,f102_completed_DAYS_LAST_DUE_s_app_DAYS_ID_PUBLISH_mean,26.596099853515625,2,0.6334382542348713,0.6069556840273144
4,f102_completed_DAYS_DECISION_s_app_DAYS_REGISTRATION_max,13.914299964904785,1,0.6334382542348713,0.6069556840273144
4,f102_completed_AMT_GOODS_PRICE_mean,0.0,0,0.6334382542348713,0.6069556840273144
4,f102_completed_DAYS_FIRST_DUE_s_app_DAYS_LAST_PHONE_CHANGE_min,38.08189916610718,3,0.6334382542348713,0.6069556840273144
4,f102_completed_DAYS_LAST_DUE_1ST_VERSION_s_app_DAYS_BIRTH_mean,0.0,0,0.6334382542348713,0.6069556840273144
4,f102_completed_DAYS_TERMINATION_s_app_DAYS_ID_PUBLISH_mean,37.903600215911865,3,0.6334382542348713,0.6069556840273144
4,f102_completed_AMT_GOODS_PRICE_d_app_AMT_ANNUITY_pctchange_mean,54.54028940200806,3,0.6334382542348713,0.6069556840273144
4,f102_completed_amt_paid_mean,33.59680938720703,4,0.6334382542348713,0.6069556840273144
4,f102_completed_DAYS_TERMINATION_s_app_DAYS_EMPLOYED_min,12.775490283966064,2,0.6334382542348713,0.6069556840273144
4,f102_completed_AMT_GOODS_PRICE_d_app_AMT_ANNUITY_pctchange_min,45.477829933166504,3,0.6334382542348713,0.6069556840273144
4,f102_completed_DAYS_FIRST_DUE_s_app_DAYS_LAST_PHONE_CHANGE_mean,0.0,0,0.6334382542348713,0.6069556840273144
4,f102_completed_DAYS_FIRST_DUE_s_DAYS_DECISIONS_min,56.4127893447876,6,0.6334382542348713,0.6069556840273144
4,f102_completed_AMT_GOODS_PRICE_d_AMT_ANNUITY_diff_mean,13.86620044708252,1,0.6334382542348713,0.6069556840273144
4,f102_completed_DAYS_FIRST_DUE_s_app_DAYS_ID_PUBLISH_max,28.05399990081787,2,0.6334382542348713,0.6069556840273144
4,f102_completed_DAYS_FIRST_DUE_s_DAYS_DECISIONS_mean,38.67975044250488,4,0.6334382542348713,0.6069556840273144
4,f102_completed_DAYS_TERMINATION_s_app_DAYS_EMPLOYED_max,0.0,0,0.6334382542348713,0.6069556840273144
4,f102_completed_total_debt_mean,0.0,0,0.6334382542348713,0.6069556840273144
4,f102_completed_total_debt_max,0.0,0,0.6334382542348713,0.6069556840273144
4,f102_completed_DAYS_LAST_DUE_s_app_DAYS_BIRTH_min,0.0,0,0.6334382542348713,0.6069556840273144
4,f102_completed_DAYS_DECISION_s_app_DAYS_LAST_PHONE_CHANGE_min,25.927200317382812,1,0.6334382542348713,0.6069556840273144
4,f102_nyg_high_AMT_GOODS_PRICE_d_total_debt_mean,1269.7420616149902,22,0.6334382542348713,0.6069556840273144
4,f102_nyg_high_AMT_GOODS_PRICE_d_total_debt_max,330.5505771636963,7,0.6334382542348713,0.6069556840273144
4,f102_completed_total_debt_pctchange_min,99.0944995880127,4,0.6334382542348713,0.6069556840273144
4,f102_nyg_high_AMT_GOODS_PRICE_d_total_debt_min,1157.663317680359,16,0.6334382542348713,0.6069556840273144
4,f102_completed_total_debt_pctchange_mean,0.0,0,0.6334382542348713,0.6069556840273144
4,f102_nyg_high_AMT_APPLICATION_m_app_AMT_GOODS_PRICE_d_app_AMT_INCOME_TOTAL_max,13.452500343322754,1,0.6334382542348713,0.6069556840273144
4,f102_nyg_high_AMT_CREDIT_d_total_debt_min,279.45690298080444,12,0.6334382542348713,0.6069556840273144
4,f102_nyg_high_AMT_CREDIT_d_total_debt_mean,363.27303409576416,8,0.6334382542348713,0.6069556840273144
4,f102_nyg_high_AMT_CREDIT_max,33.83926963806152,3,0.6334382542348713,0.6069556840273144
4,f102_nyg_high_AMT_ANNUITY_s_app_AMT_GOODS_PRICE_max,310.72334146499634,14,0.6334382542348713,0.6069556840273144
4,f102_nyg_high_AMT_ANNUITY_min,64.59169960021973,3,0.6334382542348713,0.6069556840273144
4,f102_nyg_high_AMT_ANNUITY_mean,115.15079975128174,7,0.6334382542348713,0.6069556840273144
4,f102_nyg_high_AMT_ANNUITY_s_app_AMT_GOODS_PRICE_min,189.2466983795166,10,0.6334382542348713,0.6069556840273144
4,f102_nyg_high_AMT_CREDIT_d_total_debt_max,625.249605178833,11,0.6334382542348713,0.6069556840273144
4,f102_nyg_high_AMT_ANNUITY_s_app_AMT_CREDIT_max,104.7783203125,7,0.6334382542348713,0.6069556840273144
4,f102_nyg_high_AMT_GOODS_PRICE_d_AMT_ANNUITY_pctchange_max,35.80290985107422,3,0.6334382542348713,0.6069556840273144
4,f102_nyg_high_AMT_CREDIT_m_app_AMT_GOODS_PRICE_d_app_AMT_INCOME_TOTAL_max,34.64850044250488,2,0.6334382542348713,0.6069556840273144
4,f102_nyg_high_AMT_ANNUITY_d_app_AMT_GOODS_PRICE_min,63.80000114440918,3,0.6334382542348713,0.6069556840273144
4,f102_nyg_high_AMT_ANNUITY_s_app_AMT_GOODS_PRICE_mean,196.0847978591919,8,0.6334382542348713,0.6069556840273144
4,f102_nyg_high_AMT_ANNUITY_d_app_AMT_CREDIT_min,80.57877159118652,6,0.6334382542348713,0.6069556840273144
4,f102_nyg_high_AMT_CREDIT_m_app_AMT_GOODS_PRICE_d_app_AMT_INCOME_TOTAL_mean,9.615559577941895,1,0.6334382542348713,0.6069556840273144
4,f102_nyg_high_AMT_ANNUITY_s_app_AMT_ANNUITY_d_app_AMT_INCOME_TOTAL_min,202.36022901535034,12,0.6334382542348713,0.6069556840273144
4,f102_nyg_high_AMT_ANNUITY_s_app_AMT_ANNUITY_mean,95.61699962615967,5,0.6334382542348713,0.6069556840273144
4,f102_nyg_high_AMT_GOODS_PRICE_d_AMT_ANNUITY_diff_max,26.795400619506836,2,0.6334382542348713,0.6069556840273144
4,f102_nyg_high_AMT_GOODS_PRICE_d_AMT_ANNUITY_min,99.57513904571533,5,0.6334382542348713,0.6069556840273144
4,f102_nyg_high_AMT_GOODS_PRICE_d_AMT_ANNUITY_max,96.31317901611328,5,0.6334382542348713,0.6069556840273144
4,f102_nyg_high_AMT_ANNUITY_s_app_AMT_ANNUITY_d_app_AMT_INCOME_TOTAL_mean,273.93779945373535,12,0.6334382542348713,0.6069556840273144
4,f102_nyg_high_AMT_ANNUITY_s_app_AMT_ANNUITY_min,187.11628007888794,10,0.6334382542348713,0.6069556840273144
4,f102_nyg_high_AMT_ANNUITY_s_app_AMT_ANNUITY_d_app_AMT_INCOME_TOTAL_max,131.62273979187012,7,0.6334382542348713,0.6069556840273144
4,f102_nyg_high_AMT_CREDIT_d_AMT_ANNUITY_min,154.8185329437256,3,0.6334382542348713,0.6069556840273144
4,f102_nyg_high_AMT_ANNUITY_s_app_AMT_ANNUITY_d_app_AMT_INCOME_TOTAL_pctchange_mean,12.27970027923584,1,0.6334382542348713,0.6069556840273144
4,f102_nyg_high_AMT_ANNUITY_s_app_AMT_CREDIT_mean,112.61626100540161,5,0.6334382542348713,0.6069556840273144
4,f102_nyg_high_AMT_ANNUITY_d_app_AMT_ANNUITY_min,199.13109874725342,11,0.6334382542348713,0.6069556840273144
4,f102_nyg_high_AMT_CREDIT_s_app_AMT_ANNUITY_max,10.70419979095459,1,0.6334382542348713,0.6069556840273144
4,f102_nyg_high_AMT_APPLICATION_s_app_AMT_INCOME_TOTAL_pctchange_max,16.472299575805664,1,0.6334382542348713,0.6069556840273144
4,f102_nyg_high_AMT_CREDIT_d_AMT_ANNUITY_mean,14.482600212097168,1,0.6334382542348713,0.6069556840273144
4,f102_nyg_high_AMT_ANNUITY_d_app_AMT_ANNUITY_max,30.803099632263184,2,0.6334382542348713,0.6069556840273144
4,f102_nyg_high_AMT_ANNUITY_d_app_AMT_GOODS_PRICE_mean,57.06513023376465,4,0.6334382542348713,0.6069556840273144
4,f102_nyg_high_AMT_CREDIT_d_AMT_ANNUITY_max,9.796640396118164,1,0.6334382542348713,0.6069556840273144
4,f102_nyg_high_AMT_CREDIT_s_app_AMT_GOODS_PRICE_min,39.56100082397461,2,0.6334382542348713,0.6069556840273144
4,f102_nyg_high_AMT_CREDIT_d_total_debt_diff_min,0.0,0,0.6334382542348713,0.6069556840273144
4,f102_nyg_high_AMT_CREDIT_s_app_AMT_INCOME_TOTAL_pctchange_min,45.530470848083496,4,0.6334382542348713,0.6069556840273144
4,f102_nyg_high_AMT_APPLICATION_s_app_AMT_INCOME_TOTAL_mean,0.0,0,0.6334382542348713,0.6069556840273144
4,f102_nyg_high_AMT_ANNUITY_s_app_AMT_ANNUITY_d_app_AMT_INCOME_TOTAL_pctchange_min,89.18929862976074,4,0.6334382542348713,0.6069556840273144
4,f102_nyg_high_AMT_APPLICATION_d_app_AMT_INCOME_TOTAL_max,0.0,0,0.6334382542348713,0.6069556840273144
4,f102_nyg_high_AMT_CREDIT_m_app_AMT_GOODS_PRICE_d_app_AMT_INCOME_TOTAL_pctchange_max,45.205220222473145,3,0.6334382542348713,0.6069556840273144
4,f102_nyg_high_AMT_APPLICATION_s_app_AMT_INCOME_TOTAL_pctchange_min,16.590960025787354,2,0.6334382542348713,0.6069556840273144
4,f102_nyg_high_AMT_CREDIT_d_AMT_APPLICATION_min,35.55160069465637,4,0.6334382542348713,0.6069556840273144
4,f102_nyg_high_AMT_CREDIT_s_app_AMT_INCOME_TOTAL_max,20.409279346466064,2,0.6334382542348713,0.6069556840273144
4,f102_nyg_high_AMT_GOODS_PRICE_d_AMT_ANNUITY_mean,66.41854953765869,4,0.6334382542348713,0.6069556840273144
4,f102_nyg_high_AMT_CREDIT_d_total_debt_diff_mean,48.71939945220947,3,0.6334382542348713,0.6069556840273144
4,f102_nyg_high_AMT_APPLICATION_s_app_AMT_INCOME_TOTAL_max,0.0,0,0.6334382542348713,0.6069556840273144
4,f102_nyg_high_AMT_APPLICATION_s_app_AMT_INCOME_TOTAL_pctchange_mean,18.696529388427734,2,0.6334382542348713,0.6069556840273144
4,f102_nyg_high_AMT_CREDIT_s_app_AMT_INCOME_TOTAL_pctchange_max,30.981860160827637,2,0.6334382542348713,0.6069556840273144
4,f102_nyg_high_AMT_APPLICATION_s_app_AMT_ANNUITY_d_app_AMT_INCOME_TOTAL_max,0.0,0,0.6334382542348713,0.6069556840273144
4,f102_nyg_high_AMT_ANNUITY_d_app_AMT_ANNUITY_mean,79.69052982330322,5,0.6334382542348713,0.6069556840273144
4,f102_nyg_high_AMT_ANNUITY_s_app_AMT_CREDIT_min,49.94710159301758,3,0.6334382542348713,0.6069556840273144
4,f102_nyg_high_AMT_CREDIT_d_AMT_APPLICATION_max,57.03741931915283,4,0.6334382542348713,0.6069556840273144
4,f102_nyg_high_AMT_ANNUITY_d_app_AMT_CREDIT_max,68.61440908908844,4,0.6334382542348713,0.6069556840273144
4,f102_nyg_high_AMT_ANNUITY_d_app_AMT_CREDIT_mean,16.468539714813232,2,0.6334382542348713,0.6069556840273144
4,f102_nyg_high_AMT_CREDIT_s_app_AMT_INCOME_TOTAL_mean,10.953200340270996,1,0.6334382542348713,0.6069556840273144
4,f102_nyg_high_AMT_APPLICATION_s_app_AMT_GOODS_PRICE_max,22.72130012512207,1,0.6334382542348713,0.6069556840273144
4,f102_nyg_high_AMT_APPLICATION_s_app_AMT_GOODS_PRICE_min,35.534499168395996,2,0.6334382542348713,0.6069556840273144
4,f102_nyg_high_AMT_CREDIT_s_app_AMT_ANNUITY_d_app_AMT_INCOME_TOTAL_min,17.695399284362793,2,0.6334382542348713,0.6069556840273144
4,f102_nyg_high_AMT_ANNUITY_d_app_AMT_ANNUITY_pctchange_max,32.797200202941895,2,0.6334382542348713,0.6069556840273144
4,f102_nyg_high_AMT_CREDIT_s_app_AMT_INCOME_TOTAL_pctchange_mean,0.0,0,0.6334382542348713,0.6069556840273144
4,f102_nyg_high_AMT_CREDIT_s_app_AMT_GOODS_PRICE_mean,35.16749954223633,2,0.6334382542348713,0.6069556840273144
4,f102_nyg_high_AMT_CREDIT_d_AMT_APPLICATION_mean,99.6742000579834,4,0.6334382542348713,0.6069556840273144
4,f102_nyg_high_AMT_APPLICATION_s_app_AMT_ANNUITY_d_app_AMT_INCOME_TOTAL_mean,26.941360473632812,3,0.6334382542348713,0.6069556840273144
4,f102_nyg_high_AMT_APPLICATION_d_app_AMT_INCOME_TOTAL_mean,0.0,0,0.6334382542348713,0.6069556840273144
4,f102_nyg_high_AMT_APPLICATION_s_app_AMT_ANNUITY_d_app_AMT_INCOME_TOTAL_pctchange_max,0.0,0,0.6334382542348713,0.6069556840273144
4,f102_nyg_high_AMT_CREDIT_m_app_AMT_GOODS_PRICE_d_app_AMT_INCOME_TOTAL_pctchange_min,91.87129974365234,5,0.6334382542348713,0.6069556840273144
4,f102_nyg_high_AMT_CREDIT_d_AMT_ANNUITY_pctchange_mean,24.523700714111328,1,0.6334382542348713,0.6069556840273144
4,f102_nyg_high_AMT_GOODS_PRICE_d_total_debt_pctchange_max,42.776610374450684,4,0.6334382542348713,0.6069556840273144
4,f102_nyg_high_AMT_ANNUITY_d_app_AMT_INCOME_TOTAL_diff_max,72.09340000152588,4,0.6334382542348713,0.6069556840273144
4,f102_nyg_high_AMT_CREDIT_s_app_AMT_ANNUITY_d_app_AMT_INCOME_TOTAL_pctchange_mean,0.0,0,0.6334382542348713,0.6069556840273144
4,f102_nyg_high_AMT_CREDIT_d_total_debt_pctchange_mean,14.819499969482422,1,0.6334382542348713,0.6069556840273144
4,f102_nyg_high_AMT_CREDIT_d_AMT_ANNUITY_diff_mean,51.16926980018616,4,0.6334382542348713,0.6069556840273144
4,f102_nyg_high_AMT_CREDIT_s_app_AMT_CREDIT_min,32.088500022888184,2,0.6334382542348713,0.6069556840273144
4,f102_nyg_high_AMT_APPLICATION_s_app_AMT_CREDIT_max,54.188899993896484,3,0.6334382542348713,0.6069556840273144
4,f102_nyg_high_AMT_CREDIT_m_app_AMT_GOODS_PRICE_d_app_AMT_INCOME_TOTAL_pctchange_mean,0.0,0,0.6334382542348713,0.6069556840273144
4,f102_nyg_high_AMT_CREDIT_d_app_AMT_INCOME_TOTAL_min,12.190699577331543,1,0.6334382542348713,0.6069556840273144
4,f102_nyg_high_AMT_CREDIT_s_app_AMT_GOODS_PRICE_max,0.0,0,0.6334382542348713,0.6069556840273144
4,f102_nyg_high_AMT_CREDIT_s_app_AMT_ANNUITY_d_app_AMT_INCOME_TOTAL_max,35.86709976196289,2,0.6334382542348713,0.6069556840273144
4,f102_nyg_high_AMT_CREDIT_d_AMT_ANNUITY_diff_max,0.0,0,0.6334382542348713,0.6069556840273144
4,f102_nyg_high_AMT_GOODS_PRICE_d_total_debt_pctchange_min,0.0,0,0.6334382542348713,0.6069556840273144
4,f102_nyg_high_AMT_ANNUITY_d_app_AMT_ANNUITY_diff_max,68.453200340271,3,0.6334382542348713,0.6069556840273144
4,f102_nyg_high_AMT_APPLICATION_s_app_AMT_CREDIT_min,49.877899169921875,2,0.6334382542348713,0.6069556840273144
4,f102_nyg_high_AMT_CREDIT_d_total_debt_pctchange_min,29.888601303100586,2,0.6334382542348713,0.6069556840273144
4,f102_nyg_high_AMT_CREDIT_s_app_AMT_CREDIT_mean,0.0,0,0.6334382542348713,0.6069556840273144
4,f102_nyg_high_AMT_CREDIT_s_app_AMT_ANNUITY_d_app_AMT_INCOME_TOTAL_pctchange_max,28.425000190734863,2,0.6334382542348713,0.6069556840273144
4,f102_nyg_high_AMT_GOODS_PRICE_d_AMT_CREDIT_min,76.96939086914062,5,0.6334382542348713,0.6069556840273144
4,f102_nyg_high_AMT_CREDIT_d_AMT_APPLICATION_diff_max,17.443899154663086,1,0.6334382542348713,0.6069556840273144
4,f102_nyg_high_AMT_CREDIT_d_AMT_ANNUITY_pctchange_max,37.876569747924805,3,0.6334382542348713,0.6069556840273144
4,f102_nyg_high_AMT_GOODS_PRICE_s_app_AMT_ANNUITY_d_app_AMT_INCOME_TOTAL_mean,21.211599349975586,1,0.6334382542348713,0.6069556840273144
4,f102_nyg_high_DAYS_DECISION_s_app_DAYS_LAST_PHONE_CHANGE_min,1426.6096000671387,24,0.6334382542348713,0.6069556840273144
4,f102_nyg_high_AMT_GOODS_PRICE_m_app_AMT_GOODS_PRICE_d_app_AMT_INCOME_TOTAL_max,5.830319881439209,1,0.6334382542348713,0.6069556840273144
4,f102_nyg_high_AMT_GOODS_PRICE_d_total_debt_pctchange_mean,10.262399673461914,1,0.6334382542348713,0.6069556840273144
4,f102_nyg_high_AMT_GOODS_PRICE_s_app_AMT_INCOME_TOTAL_pctchange_max,33.8745002746582,2,0.6334382542348713,0.6069556840273144
4,f102_nyg_high_AMT_GOODS_PRICE_s_app_AMT_ANNUITY_d_app_AMT_INCOME_TOTAL_pctchange_max,0.0,0,0.6334382542348713,0.6069556840273144
4,f102_nyg_high_AMT_GOODS_PRICE_s_app_AMT_ANNUITY_d_app_AMT_INCOME_TOTAL_max,3.581890106201172,1,0.6334382542348713,0.6069556840273144
4,f102_nyg_high_AMT_GOODS_PRICE_s_app_AMT_GOODS_PRICE_min,0.0,0,0.6334382542348713,0.6069556840273144
4,f102_nyg_high_AMT_GOODS_PRICE_s_app_AMT_INCOME_TOTAL_mean,16.540599822998047,1,0.6334382542348713,0.6069556840273144
4,f102_nyg_high_DAYS_DECISION_s_app_DAYS_EMPLOYED_max,151.26100254058838,6,0.6334382542348713,0.6069556840273144
4,f102_nyg_high_AMT_GOODS_PRICE_s_app_AMT_INCOME_TOTAL_pctchange_min,9.744110107421875,1,0.6334382542348713,0.6069556840273144
4,f102_nyg_high_AMT_GOODS_PRICE_s_app_AMT_CREDIT_min,11.81149959564209,1,0.6334382542348713,0.6069556840273144
4,f102_nyg_high_AMT_GOODS_PRICE_s_app_AMT_GOODS_PRICE_mean,0.0,0,0.6334382542348713,0.6069556840273144
4,f102_nyg_high_AMT_GOODS_PRICE_s_app_AMT_CREDIT_max,0.0,0,0.6334382542348713,0.6069556840273144
4,f102_nyg_high_HOUR_APPR_PROCESS_START_mean,57.39478063583374,3,0.6334382542348713,0.6069556840273144
4,f102_nyg_high_AMT_GOODS_PRICE_s_app_AMT_INCOME_TOTAL_pctchange_mean,23.828800201416016,2,0.6334382542348713,0.6069556840273144
4,f102_nyg_high_AMT_GOODS_PRICE_s_app_AMT_GOODS_PRICE_max,20.268400192260742,1,0.6334382542348713,0.6069556840273144
4,f102_nyg_high_DAYS_DECISION_d_app_DAYS_REGISTRATION_max,14.386099815368652,1,0.6334382542348713,0.6069556840273144
4,f102_nyg_high_AMT_GOODS_PRICE_s_app_AMT_INCOME_TOTAL_max,0.0,0,0.6334382542348713,0.6069556840273144
4,f102_nyg_high_DAYS_DECISION_s_app_DAYS_LAST_PHONE_CHANGE_mean,872.5571041107178,11,0.6334382542348713,0.6069556840273144
4,f102_nyg_high_DAYS_DECISION_s_app_DAYS_LAST_PHONE_CHANGE_max,485.72629833221436,12,0.6334382542348713,0.6069556840273144
4,f102_nyg_high_DAYS_DECISION_d_app_DAYS_REGISTRATION_min,45.97507095336914,4,0.6334382542348713,0.6069556840273144
4,f102_nyg_high_DAYS_DECISION_s_app_DAYS_BIRTH_max,141.07485914230347,10,0.6334382542348713,0.6069556840273144
4,f102_nyg_high_AMT_GOODS_PRICE_m_app_AMT_GOODS_PRICE_d_app_AMT_INCOME_TOTAL_diff_max,50.043700218200684,3,0.6334382542348713,0.6069556840273144
4,f102_nyg_high_DAYS_LAST_DUE_1ST_VERSION_d_app_DAYS_EMPLOYED_max,213.6182518005371,6,0.6334382542348713,0.6069556840273144
4,f102_nyg_high_DAYS_DECISION_s_app_DAYS_ID_PUBLISH_max,320.4251947402954,12,0.6334382542348713,0.6069556840273144
4,f102_nyg_high_AMT_GOODS_PRICE_s_app_AMT_ANNUITY_diff_max,70.21664047241211,4,0.6334382542348713,0.6069556840273144
4,f102_nyg_high_HOUR_APPR_PROCESS_START_min,88.82231998443604,4,0.6334382542348713,0.6069556840273144
4,f102_nyg_high_DAYS_DECISION_d_app_DAYS_REGISTRATION_mean,29.773300170898438,2,0.6334382542348713,0.6069556840273144
4,f102_nyg_high_AMT_GOODS_PRICE_s_app_AMT_CREDIT_mean,61.6480016708374,3,0.6334382542348713,0.6069556840273144
4,f102_nyg_high_DAYS_LAST_DUE_1ST_VERSION_s_app_DAYS_LAST_PHONE_CHANGE_min,9.455109596252441,1,0.6334382542348713,0.6069556840273144
4,f102_nyg_high_DAYS_LAST_DUE_1ST_VERSION_d_app_DAYS_BIRTH_min,182.49339962005615,10,0.6334382542348713,0.6069556840273144
4,f102_nyg_high_DAYS_DECISION_s_app_DAYS_EMPLOYED_min,42.625450134277344,2,0.6334382542348713,0.6069556840273144
4,f102_nyg_high_DAYS_DECISION_s_app_DAYS_BIRTH_mean,82.98640060424805,5,0.6334382542348713,0.6069556840273144
4,f102_nyg_high_DAYS_LAST_DUE_1ST_VERSION_d_app_DAYS_EMPLOYED_min,455.8465995788574,13,0.6334382542348713,0.6069556840273144
4,f102_nyg_high_CNT_PAYMENT_mean,0.0,0,0.6334382542348713,0.6069556840273144
4,f102_nyg_high_DAYS_DECISION_s_app_DAYS_REGISTRATION_mean,54.03129959106445,2,0.6334382542348713,0.6069556840273144
4,f102_nyg_high_DAYS_FIRST_DUE_s_app_DAYS_LAST_PHONE_CHANGE_max,69.64548015594482,4,0.6334382542348713,0.6069556840273144
4,f102_nyg_high_DAYS_LAST_DUE_1ST_VERSION_d_app_DAYS_BIRTH_max,99.81065082550049,8,0.6334382542348713,0.6069556840273144
4,f102_nyg_high_DAYS_LAST_DUE_1ST_VERSION_d_app_DAYS_EMPLOYED_mean,464.79599952697754,18,0.6334382542348713,0.6069556840273144
4,f102_nyg_high_DAYS_LAST_DUE_1ST_VERSION_s_app_DAYS_ID_PUBLISH_max,0.0,0,0.6334382542348713,0.6069556840273144
4,f102_nyg_high_DAYS_DECISION_s_app_DAYS_ID_PUBLISH_min,131.3326997756958,7,0.6334382542348713,0.6069556840273144
4,f102_nyg_high_DAYS_LAST_DUE_1ST_VERSION_d_app_DAYS_REGISTRATION_mean,18.86777973175049,2,0.6334382542348713,0.6069556840273144
4,f102_nyg_high_DAYS_LAST_DUE_1ST_VERSION_s_app_DAYS_BIRTH_mean,4.1162800788879395,1,0.6334382542348713,0.6069556840273144
4,f102_nyg_high_DAYS_LAST_DUE_1ST_VERSION_d_app_DAYS_BIRTH_mean,107.84109020233154,8,0.6334382542348713,0.6069556840273144
4,f102_nyg_high_DAYS_DECISION_s_app_DAYS_ID_PUBLISH_mean,111.67985916137695,6,0.6334382542348713,0.6069556840273144
4,f102_nyg_high_DAYS_FIRST_DUE_d_app_DAYS_REGISTRATION_max,0.0,0,0.6334382542348713,0.6069556840273144
4,f102_nyg_high_DAYS_LAST_DUE_1ST_VERSION_s_app_DAYS_LAST_PHONE_CHANGE_max,99.049081325531,6,0.6334382542348713,0.6069556840273144
4,f102_nyg_high_DAYS_DECISION_s_app_DAYS_REGISTRATION_max,9.232159614562988,1,0.6334382542348713,0.6069556840273144
4,f102_nyg_high_DAYS_DECISION_s_app_DAYS_BIRTH_min,32.03994941711426,2,0.6334382542348713,0.6069556840273144
4,f102_nyg_high_DAYS_FIRST_DUE_d_app_DAYS_REGISTRATION_min,12.778400421142578,1,0.6334382542348713,0.6069556840273144
4,f102_nyg_high_DAYS_DECISION_s_app_DAYS_EMPLOYED_mean,33.47689914703369,2,0.6334382542348713,0.6069556840273144
4,f102_nyg_high_DAYS_LAST_DUE_1ST_VERSION_s_app_DAYS_EMPLOYED_mean,14.959699630737305,1,0.6334382542348713,0.6069556840273144
4,f102_nyg_high_DAYS_LAST_DUE_1ST_VERSION_d_app_DAYS_REGISTRATION_min,12.583399772644043,1,0.6334382542348713,0.6069556840273144
4,f102_nyg_high_DAYS_FIRST_DUE_s_app_DAYS_LAST_PHONE_CHANGE_min,61.542301177978516,3,0.6334382542348713,0.6069556840273144
4,f102_nyg_high_DAYS_FIRST_DUE_s_app_DAYS_BIRTH_mean,13.549810409545898,2,0.6334382542348713,0.6069556840273144
4,f102_nyg_high_DAYS_FIRST_DUE_s_app_DAYS_ID_PUBLISH_max,67.26173973083496,4,0.6334382542348713,0.6069556840273144
4,f102_nyg_high_RATE_DOWN_PAYMENT_min,58.33440017700195,1,0.6334382542348713,0.6069556840273144
4,f102_nyg_high_DAYS_DECISION_s_app_DAYS_REGISTRATION_min,13.086700439453125,1,0.6334382542348713,0.6069556840273144
4,f102_nyg_high_DAYS_LAST_DUE_1ST_VERSION_s_app_DAYS_EMPLOYED_max,0.0,0,0.6334382542348713,0.6069556840273144
4,f102_nyg_high_DAYS_LAST_DUE_1ST_VERSION_d_app_DAYS_REGISTRATION_max,25.027599334716797,1,0.6334382542348713,0.6069556840273144
4,f102_nyg_high_DAYS_LAST_DUE_1ST_VERSION_s_app_DAYS_REGISTRATION_min,8.226860046386719,1,0.6334382542348713,0.6069556840273144
4,f102_nyg_high_DAYS_LAST_DUE_1ST_VERSION_s_app_DAYS_ID_PUBLISH_min,67.43169975280762,2,0.6334382542348713,0.6069556840273144
4,f102_nyg_high_DAYS_FIRST_DUE_s_app_DAYS_EMPLOYED_mean,10.206299781799316,1,0.6334382542348713,0.6069556840273144
4,f102_nyg_high_DAYS_FIRST_DUE_s_app_DAYS_ID_PUBLISH_min,35.08366060256958,3,0.6334382542348713,0.6069556840273144
4,f102_nyg_high_DAYS_FIRST_DUE_s_app_DAYS_REGISTRATION_mean,13.059000015258789,1,0.6334382542348713,0.6069556840273144
4,f102_nyg_high_DAYS_LAST_DUE_1ST_VERSION_s_app_DAYS_LAST_PHONE_CHANGE_mean,80.73530101776123,4,0.6334382542348713,0.6069556840273144
4,f102_nyg_high_RATE_DOWN_PAYMENT_mean,20.1210994720459,1,0.6334382542348713,0.6069556840273144
4,f102_nyg_high_DAYS_LAST_DUE_1ST_VERSION_s_app_DAYS_EMPLOYED_min,0.0,0,0.6334382542348713,0.6069556840273144
4,f102_nyg_high_DAYS_LAST_DUE_1ST_VERSION_s_DAYS_DECISIONS_max,19.42527961730957,2,0.6334382542348713,0.6069556840273144
4,f102_nyg_high_AMT_GOODS_PRICE_s_app_AMT_ANNUITY_d_app_AMT_INCOME_TOTAL_diff_max,16.471200942993164,1,0.6334382542348713,0.6069556840273144
4,f102_nyg_high_DAYS_FIRST_DUE_d_app_DAYS_REGISTRATION_mean,0.0,0,0.6334382542348713,0.6069556840273144
4,f102_nyg_high_AMT_GOODS_PRICE_s_app_AMT_ANNUITY_pctchange_max,0.0,0,0.6334382542348713,0.6069556840273144
4,f102_nyg_high_DAYS_FIRST_DUE_s_app_DAYS_EMPLOYED_max,10.671600341796875,1,0.6334382542348713,0.6069556840273144
4,f102_nyg_high_DAYS_LAST_DUE_1ST_VERSION_s_DAYS_DECISIONS_min,22.104010581970215,2,0.6334382542348713,0.6069556840273144
4,f102_nyg_high_DAYS_FIRST_DUE_s_app_DAYS_EMPLOYED_min,36.307600021362305,2,0.6334382542348713,0.6069556840273144
4,f102_nyg_high_DAYS_LAST_DUE_1ST_VERSION_s_app_DAYS_BIRTH_min,0.0,0,0.6334382542348713,0.6069556840273144
4,f102_nyg_high_DAYS_TERMINATION_s_DAYS_LAST_DUE_1ST_VERSION_mean,7.543039798736572,1,0.6334382542348713,0.6069556840273144
4,f102_nyg_high_DAYS_FIRST_DUE_s_app_DAYS_BIRTH_max,0.0,0,0.6334382542348713,0.6069556840273144
4,f102_nyg_high_DAYS_LAST_DUE_1ST_VERSION_s_app_DAYS_ID_PUBLISH_mean,27.480300903320312,2,0.6334382542348713,0.6069556840273144
4,f102_nyg_high_DAYS_FIRST_DUE_s_app_DAYS_ID_PUBLISH_mean,31.44159984588623,2,0.6334382542348713,0.6069556840273144
4,f102_nyg_high_CNT_PAYMENT_min,0.0,0,0.6334382542348713,0.6069556840273144
4,f102_nyg_high_DAYS_LAST_DUE_1ST_VERSION_s_app_DAYS_REGISTRATION_max,14.077899932861328,1,0.6334382542348713,0.6069556840273144
4,f102_nyg_high_DAYS_FIRST_DUE_s_app_DAYS_REGISTRATION_max,0.0,0,0.6334382542348713,0.6069556840273144
4,f102_nyg_high_DAYS_FIRST_DUE_s_app_DAYS_LAST_PHONE_CHANGE_mean,17.51140022277832,1,0.6334382542348713,0.6069556840273144
4,f102_nyg_high_DAYS_LAST_DUE_s_app_DAYS_ID_PUBLISH_min,51.6742000579834,3,0.6334382542348713,0.6069556840273144
4,f102_nyg_high_DAYS_LAST_DUE_1ST_VERSION_s_DAYS_DECISIONS_mean,14.486499786376953,1,0.6334382542348713,0.6069556840273144
4,f102_nyg_high_DAYS_LAST_DUE_1ST_VERSION_s_app_DAYS_BIRTH_max,23.319069385528564,2,0.6334382542348713,0.6069556840273144
4,f102_nyg_high_RATE_DOWN_PAYMENT_max,0.0,0,0.6334382542348713,0.6069556840273144
4,f102_nyg_high_DAYS_TERMINATION_d_app_DAYS_ID_PUBLISH_min,0.0,0,0.6334382542348713,0.6069556840273144
4,f102_nyg_high_DAYS_LAST_DUE_s_app_DAYS_BIRTH_max,57.64853048324585,4,0.6334382542348713,0.6069556840273144
4,f102_nyg_high_DAYS_LAST_DUE_1ST_VERSION_s_app_DAYS_REGISTRATION_mean,11.88759994506836,1,0.6334382542348713,0.6069556840273144
4,f102_nyg_high_DAYS_TERMINATION_s_DAYS_LAST_DUE_1ST_VERSION_max,48.45450019836426,4,0.6334382542348713,0.6069556840273144
4,f102_nyg_high_AMT_GOODS_PRICE_s_app_AMT_GOODS_PRICE_diff_max,0.0,0,0.6334382542348713,0.6069556840273144
4,f102_nyg_high_AMT_GOODS_PRICE_s_app_AMT_CREDIT_diff_max,17.152999877929688,1,0.6334382542348713,0.6069556840273144
4,f102_nyg_high_DAYS_LAST_DUE_s_app_DAYS_EMPLOYED_min,76.4933500289917,6,0.6334382542348713,0.6069556840273144
4,f102_nyg_high_total_debt_max,21.584799766540527,2,0.6334382542348713,0.6069556840273144
4,f102_nyg_high_total_debt_mean,15.193870306015015,2,0.6334382542348713,0.6069556840273144
4,f102_nyg_high_interest_rate_diff_min,156.5512900352478,10,0.6334382542348713,0.6069556840273144
4,f102_nyg_high_interest_rate_diff_max,115.74199867248535,6,0.6334382542348713,0.6069556840273144
4,f102_nyg_high_amt_paid_sum,170.34550094604492,7,0.6334382542348713,0.6069556840273144
4,f102_nyg_high_total_debt_min,53.208590507507324,4,0.6334382542348713,0.6069556840273144
4,f102_nyg_high_total_debt_diff_mean,21.54800033569336,2,0.6334382542348713,0.6069556840273144
4,f102_nyg_low_action_AMT_ANNUITY_s_app_AMT_ANNUITY_d_app_AMT_INCOME_TOTAL_min,15.869460105895996,2,0.6334382542348713,0.6069556840273144
4,f102_nyg_high_interest_rate_diff_mean,132.09460258483887,5,0.6334382542348713,0.6069556840273144
4,f102_nyg_high_total_debt_pctchange_max,0.0,0,0.6334382542348713,0.6069556840273144
4,f102_nyg_high_total_debt_pctchange_mean,0.0,0,0.6334382542348713,0.6069556840273144
4,f102_nyg_high_amt_paid_max,34.06820011138916,2,0.6334382542348713,0.6069556840273144
4,f102_nyg_high_interest_rate_pctchange_max,77.09269905090332,4,0.6334382542348713,0.6069556840273144
4,f102_nyg_high_amt_paid_min,67.26657009124756,5,0.6334382542348713,0.6069556840273144
4,f102_nyg_low_action_DAYS_DECISION_d_app_DAYS_EMPLOYED_max,150.7334966659546,7,0.6334382542348713,0.6069556840273144
4,f102_nyg_high_completed_mean,0.0,0,0.6334382542348713,0.6069556840273144
4,f102_nyg_high_interest_rate_pctchange_mean,13.333000183105469,1,0.6334382542348713,0.6069556840273144
4,f102_nyg_low_action_AMT_ANNUITY_d_app_AMT_INCOME_TOTAL_min,0.0,0,0.6334382542348713,0.6069556840273144
4,f102_nyg_high_total_debt_diff_max,0.0,0,0.6334382542348713,0.6069556840273144
4,f102_nyg_high_amt_paid_mean,19.57859992980957,1,0.6334382542348713,0.6069556840273144
4,f102_nyg_low_action_DAYS_DECISION_d_app_DAYS_EMPLOYED_mean,130.650559425354,7,0.6334382542348713,0.6069556840273144
4,f102_nyg_low_action_DAYS_DECISION_s_app_DAYS_LAST_PHONE_CHANGE_max,25.712029933929443,3,0.6334382542348713,0.6069556840273144
4,f102_nyg_low_action_DAYS_DECISION_s_app_DAYS_BIRTH_min,13.486609935760498,2,0.6334382542348713,0.6069556840273144
4,f102_nyg_low_action_DAYS_DECISION_s_app_DAYS_LAST_PHONE_CHANGE_min,9.451809883117676,1,0.6334382542348713,0.6069556840273144
4,f102_nyg_low_action_DAYS_DECISION_s_app_DAYS_ID_PUBLISH_mean,9.51747989654541,1,0.6334382542348713,0.6069556840273144
4,f102_nyg_high_interest_rate_pctchange_min,54.30690002441406,4,0.6334382542348713,0.6069556840273144
4,f102_nyg_low_action_DAYS_DECISION_s_app_DAYS_REGISTRATION_max,34.26966905593872,3,0.6334382542348713,0.6069556840273144
4,f102_nyg_low_action_DAYS_DECISION_d_app_DAYS_EMPLOYED_min,245.45828771591187,16,0.6334382542348713,0.6069556840273144
4,f102_nyg_low_action_DAYS_DECISION_s_app_DAYS_EMPLOYED_min,18.17020034790039,2,0.6334382542348713,0.6069556840273144
4,f102_nyg_high_cnt_paid_sum,43.62739944458008,1,0.6334382542348713,0.6069556840273144
4,f102_nyg_low_action_DAYS_DECISION_s_app_DAYS_BIRTH_mean,0.0,0,0.6334382542348713,0.6069556840273144
4,f102_nyg_high_interest_rate_std_div_mean,41.71930122375488,2,0.6334382542348713,0.6069556840273144
4,f102_nyg_low_action_DAYS_DECISION_s_app_DAYS_ID_PUBLISH_max,0.0,0,0.6334382542348713,0.6069556840273144
4,f102_nyg_low_action_DAYS_DECISION_s_app_DAYS_REGISTRATION_mean,0.0,0,0.6334382542348713,0.6069556840273144
4,f102_nyg_high_amt_unpaid_mean,0.0,0,0.6334382542348713,0.6069556840273144
4,f102_nyg_low_action_DAYS_DECISION_s_app_DAYS_EMPLOYED_max,19.469900131225586,1,0.6334382542348713,0.6069556840273144
4,f102_nyg_low_action_AMT_GOODS_PRICE_d_total_debt_diff_min,19.67506980895996,2,0.6334382542348713,0.6069556840273144
4,f102_nyg_low_action_DAYS_DECISION_s_app_DAYS_ID_PUBLISH_min,0.0,0,0.6334382542348713,0.6069556840273144
4,f102_nyg_low_action_AMT_GOODS_PRICE_d_total_debt_max,70.36210012435913,6,0.6334382542348713,0.6069556840273144
4,f102_nyg_high_amt_unpaid_min,0.0,0,0.6334382542348713,0.6069556840273144
4,f102_nyg_high_amt_unpaid_sum,34.963080406188965,3,0.6334382542348713,0.6069556840273144
4,f102_nyg_low_action_DAYS_DECISION_s_app_DAYS_EMPLOYED_mean,0.0,0,0.6334382542348713,0.6069556840273144
4,f102_nyg_low_action_AMT_CREDIT_d_total_debt_max,28.225741386413574,2,0.6334382542348713,0.6069556840273144
4,f102_nyg_high_total_debt_std_div_mean,44.22410011291504,2,0.6334382542348713,0.6069556840273144
4,f102_nyg_low_action_AMT_CREDIT_d_AMT_ANNUITY_diff_min,2.5343799591064453,1,0.6334382542348713,0.6069556840273144
4,f102_nyg_low_action_AMT_ANNUITY_min,7.8815598487854,1,0.6334382542348713,0.6069556840273144
4,f102_nyg_low_action_AMT_CREDIT_d_AMT_ANNUITY_min,61.74562120437622,4,0.6334382542348713,0.6069556840273144
4,f102_nyg_low_action_AMT_CREDIT_d_total_debt_diff_max,0.0,0,0.6334382542348713,0.6069556840273144
4,f102_nyg_low_action_AMT_APPLICATION_m_app_AMT_GOODS_PRICE_d_app_AMT_INCOME_TOTAL_max,27.963690280914307,3,0.6334382542348713,0.6069556840273144
4,f102_nyg_low_action_AMT_ANNUITY_max,0.0,0,0.6334382542348713,0.6069556840273144
4,f102_nyg_high_interest_rate_diff_std,38.12189960479736,2,0.6334382542348713,0.6069556840273144
4,f102_nyg_low_action_DAYS_DECISION_s_app_DAYS_BIRTH_max,15.996870040893555,2,0.6334382542348713,0.6069556840273144
4,f102_nyg_low_action_DAYS_DECISION_s_app_DAYS_LAST_PHONE_CHANGE_mean,12.298999786376953,1,0.6334382542348713,0.6069556840273144
4,f102_nyg_low_action_AMT_GOODS_PRICE_d_total_debt_min,45.504098892211914,2,0.6334382542348713,0.6069556840273144
4,f102_nyg_high_total_debt_std,23.451400756835938,2,0.6334382542348713,0.6069556840273144
4,f102_nyg_low_action_AMT_ANNUITY_s_app_AMT_GOODS_PRICE_min,13.318699836730957,1,0.6334382542348713,0.6069556840273144
4,f102_nyg_low_action_AMT_GOODS_PRICE_d_AMT_ANNUITY_diff_min,0.0,0,0.6334382542348713,0.6069556840273144
4,f102_nyg_low_action_AMT_ANNUITY_s_app_AMT_GOODS_PRICE_max,0.0,0,0.6334382542348713,0.6069556840273144
4,f102_nyg_low_action_AMT_CREDIT_d_app_AMT_INCOME_TOTAL_max,0.0,0,0.6334382542348713,0.6069556840273144
4,f102_nyg_low_action_AMT_ANNUITY_mean,0.0,0,0.6334382542348713,0.6069556840273144
4,f102_nyg_low_action_AMT_GOODS_PRICE_d_AMT_ANNUITY_diff_max,0.0,0,0.6334382542348713,0.6069556840273144
4,f102_nyg_low_action_AMT_CREDIT_d_total_debt_mean,49.26344966888428,4,0.6334382542348713,0.6069556840273144
4,f102_nyg_low_action_AMT_GOODS_PRICE_d_AMT_ANNUITY_min,0.0,0,0.6334382542348713,0.6069556840273144
4,f102_nyg_low_action_AMT_ANNUITY_s_app_AMT_CREDIT_max,9.019920349121094,1,0.6334382542348713,0.6069556840273144
4,f102_nyg_low_action_DAYS_DECISION_s_app_DAYS_REGISTRATION_min,5.938509941101074,1,0.6334382542348713,0.6069556840273144
4,f102_nyg_low_action_AMT_APPLICATION_s_app_AMT_ANNUITY_d_app_AMT_INCOME_TOTAL_max,24.590378999710083,2,0.6334382542348713,0.6069556840273144
4,f102_nyg_low_action_AMT_ANNUITY_s_app_AMT_GOODS_PRICE_mean,0.0,0,0.6334382542348713,0.6069556840273144
4,f102_nyg_low_action_AMT_ANNUITY_s_app_AMT_CREDIT_mean,7.503469944000244,1,0.6334382542348713,0.6069556840273144
4,f102_nyg_low_action_AMT_CREDIT_d_total_debt_pctchange_max,0.0,0,0.6334382542348713,0.6069556840273144
4,f102_nyg_low_action_AMT_CREDIT_s_app_AMT_ANNUITY_d_app_AMT_INCOME_TOTAL_max,0.0,0,0.6334382542348713,0.6069556840273144
4,f102_nyg_high_interest_rate_pctchange_std_div_mean,22.096599578857422,1,0.6334382542348713,0.6069556840273144
4,f102_nyg_low_action_AMT_GOODS_PRICE_d_total_debt_mean,26.781699180603027,2,0.6334382542348713,0.6069556840273144
4,f102_nyg_low_action_AMT_GOODS_PRICE_d_AMT_ANNUITY_diff_mean,11.477499961853027,1,0.6334382542348713,0.6069556840273144
4,f102_nyg_low_action_AMT_CREDIT_d_total_debt_min,0.0,0,0.6334382542348713,0.6069556840273144
4,f102_nyg_low_action_AMT_CREDIT_d_AMT_ANNUITY_max,0.0,0,0.6334382542348713,0.6069556840273144
4,f102_nyg_low_action_AMT_CREDIT_d_AMT_APPLICATION_max,37.970749855041504,3,0.6334382542348713,0.6069556840273144
4,f102_nyg_low_action_AMT_CREDIT_m_app_AMT_GOODS_PRICE_d_app_AMT_INCOME_TOTAL_max,0.0,0,0.6334382542348713,0.6069556840273144
4,f102_nyg_low_action_AMT_CREDIT_d_AMT_APPLICATION_min,47.47448921203613,3,0.6334382542348713,0.6069556840273144
4,f102_nyg_high_amt_unpaid_max,0.0,0,0.6334382542348713,0.6069556840273144
4,f102_nyg_low_action_AMT_APPLICATION_d_app_AMT_INCOME_TOTAL_max,26.36020040512085,2,0.6334382542348713,0.6069556840273144
4,f102_nyg_low_action_AMT_GOODS_PRICE_d_AMT_ANNUITY_mean,0.0,0,0.6334382542348713,0.6069556840273144
4,f102_nyg_low_action_AMT_CREDIT_d_app_AMT_GOODS_PRICE_min,34.39239001274109,3,0.6334382542348713,0.6069556840273144
4,f102_nyg_high_cnt_paid_ratio_max,49.98612976074219,3,0.6334382542348713,0.6069556840273144
4,f102_nyg_high_cnt_paid_ratio_min,0.0,0,0.6334382542348713,0.6069556840273144
4,f102_nyg_low_action_AMT_GOODS_PRICE_d_AMT_ANNUITY_max,9.957380294799805,1,0.6334382542348713,0.6069556840273144
4,f102_nyg_low_action_AMT_CREDIT_d_AMT_ANNUITY_mean,0.0,0,0.6334382542348713,0.6069556840273144
4,f102_nyg_low_action_AMT_APPLICATION_s_app_AMT_CREDIT_d_app_AMT_INCOME_TOTAL_max,4.5366997718811035,1,0.6334382542348713,0.6069556840273144
4,f102_nyg_low_action_AMT_CREDIT_d_app_AMT_ANNUITY_pctchange_min,9.741609573364258,1,0.6334382542348713,0.6069556840273144
4,f102_nyg_low_action_AMT_ANNUITY_s_app_AMT_CREDIT_min,0.0,0,0.6334382542348713,0.6069556840273144
4,f102_nyg_low_action_AMT_CREDIT_d_app_AMT_ANNUITY_pctchange_mean,14.813539981842041,2,0.6334382542348713,0.6069556840273144
4,f102_nyg_high_cnt_unpaid_mean,0.0,0,0.6334382542348713,0.6069556840273144
4,f102_nyg_high_cnt_unpaid_max,0.0,0,0.6334382542348713,0.6069556840273144
4,f102_nyg_low_action_AMT_CREDIT_d_total_debt_diff_mean,0.0,0,0.6334382542348713,0.6069556840273144
4,f102_nyg_high_cnt_unpaid_min,0.0,0,0.6334382542348713,0.6069556840273144
4,f102_nyg_low_action_AMT_CREDIT_s_app_AMT_CREDIT_d_app_AMT_INCOME_TOTAL_max,0.0,0,0.6334382542348713,0.6069556840273144
4,f102_nyg_high_WEEKDAY_APPR_PROCESS_START_FRIDAY_mean,85.26199913024902,4,0.6334382542348713,0.6069556840273144
4,f102_nyg_low_normal_DAYS_DECISION_s_app_DAYS_ID_PUBLISH_max,772.8117260932922,43,0.6334382542348713,0.6069556840273144
4,f102_nyg_low_normal_DAYS_DECISION_s_app_DAYS_ID_PUBLISH_min,489.6165316104889,28,0.6334382542348713,0.6069556840273144
4,f102_nyg_low_normal_AMT_CREDIT_d_total_debt_pctchange_max,222.0046181678772,20,0.6334382542348713,0.6069556840273144
4,f102_nyg_low_normal_DAYS_DECISION_s_app_DAYS_LAST_PHONE_CHANGE_min,780.7322597503662,43,0.6334382542348713,0.6069556840273144
4,f102_nyg_low_normal_AMT_CREDIT_d_total_debt_pctchange_mean,220.42353105545044,16,0.6334382542348713,0.6069556840273144
4,f102_nyg_low_normal_DAYS_DECISION_s_app_DAYS_LAST_PHONE_CHANGE_mean,825.6966094970703,43,0.6334382542348713,0.6069556840273144
4,f102_nyg_low_normal_DAYS_DECISION_s_app_DAYS_BIRTH_min,263.9368505477905,19,0.6334382542348713,0.6069556840273144
4,f102_nyg_low_normal_DAYS_DECISION_s_app_DAYS_BIRTH_mean,204.4464292526245,13,0.6334382542348713,0.6069556840273144
4,f102_nyg_low_normal_DAYS_DECISION_s_app_DAYS_EMPLOYED_max,272.9022972583771,21,0.6334382542348713,0.6069556840273144
4,f102_nyg_low_normal_DAYS_DECISION_s_app_DAYS_EMPLOYED_min,308.87005615234375,24,0.6334382542348713,0.6069556840273144
4,f102_nyg_low_normal_DAYS_DECISION_s_app_DAYS_BIRTH_max,310.6921011209488,17,0.6334382542348713,0.6069556840273144
4,f102_nyg_low_normal_AMT_ANNUITY_d_app_AMT_INCOME_TOTAL_min,71.63748025894165,7,0.6334382542348713,0.6069556840273144
4,f102_nyg_low_normal_AMT_ANNUITY_min,87.37331867218018,7,0.6334382542348713,0.6069556840273144
4,f102_nyg_low_normal_DAYS_DECISION_s_app_DAYS_EMPLOYED_mean,79.21890068054199,7,0.6334382542348713,0.6069556840273144
4,f102_nyg_low_normal_AMT_ANNUITY_d_app_AMT_INCOME_TOTAL_mean,68.76812064647675,8,0.6334382542348713,0.6069556840273144
4,f102_nyg_low_normal_AMT_GOODS_PRICE_d_total_debt_mean,859.7593789100647,28,0.6334382542348713,0.6069556840273144
4,f102_nyg_low_normal_AMT_ANNUITY_s_app_AMT_GOODS_PRICE_min,757.8711581230164,33,0.6334382542348713,0.6069556840273144
4,f102_nyg_low_normal_AMT_ANNUITY_s_app_AMT_ANNUITY_d_app_AMT_INCOME_TOTAL_min,361.618266582489,18,0.6334382542348713,0.6069556840273144
4,f102_nyg_low_normal_AMT_GOODS_PRICE_d_total_debt_max,469.2648768424988,21,0.6334382542348713,0.6069556840273144
4,f102_nyg_low_normal_AMT_CREDIT_d_total_debt_max,88.87135028839111,6,0.6334382542348713,0.6069556840273144
4,f102_nyg_low_normal_AMT_ANNUITY_max,112.2392988204956,7,0.6334382542348713,0.6069556840273144
4,f102_nyg_low_normal_AMT_ANNUITY_s_app_AMT_GOODS_PRICE_max,236.9857530593872,15,0.6334382542348713,0.6069556840273144
4,f102_nyg_low_normal_AMT_ANNUITY_s_app_AMT_GOODS_PRICE_mean,482.5693635940552,22,0.6334382542348713,0.6069556840273144
4,f102_nyg_low_action_interest_rate_diff_min,0.0,0,0.6334382542348713,0.6069556840273144
4,f102_nyg_low_normal_AMT_GOODS_PRICE_d_total_debt_min,1300.4583387374878,53,0.6334382542348713,0.6069556840273144
4,f102_nyg_low_normal_AMT_CREDIT_d_total_debt_mean,325.1634998321533,16,0.6334382542348713,0.6069556840273144
4,f102_nyg_low_normal_AMT_ANNUITY_mean,56.23133897781372,4,0.6334382542348713,0.6069556840273144
4,f102_nyg_low_normal_AMT_ANNUITY_s_app_AMT_ANNUITY_mean,146.11312007904053,7,0.6334382542348713,0.6069556840273144
4,f102_nyg_low_normal_AMT_ANNUITY_s_app_AMT_ANNUITY_min,94.65829801559448,4,0.6334382542348713,0.6069556840273144
4,f102_nyg_low_normal_AMT_ANNUITY_s_app_AMT_ANNUITY_max,60.661409854888916,6,0.6334382542348713,0.6069556840273144
4,f102_nyg_low_normal_AMT_CREDIT_d_total_debt_min,217.73744010925293,14,0.6334382542348713,0.6069556840273144
4,f102_nyg_low_normal_AMT_ANNUITY_d_app_AMT_ANNUITY_min,227.19339847564697,9,0.6334382542348713,0.6069556840273144
4,f102_nyg_low_normal_AMT_ANNUITY_s_app_AMT_CREDIT_min,94.0294781923294,5,0.6334382542348713,0.6069556840273144
4,f102_nyg_low_normal_AMT_ANNUITY_d_app_AMT_CREDIT_min,53.80203914642334,3,0.6334382542348713,0.6069556840273144
4,f102_nyg_low_normal_AMT_ANNUITY_s_app_AMT_ANNUITY_d_app_AMT_INCOME_TOTAL_mean,139.00227165222168,6,0.6334382542348713,0.6069556840273144
4,f102_nyg_low_normal_AMT_CREDIT_d_AMT_ANNUITY_min,120.3068299293518,10,0.6334382542348713,0.6069556840273144
4,f102_nyg_low_normal_AMT_ANNUITY_s_app_AMT_CREDIT_max,104.14478921890259,7,0.6334382542348713,0.6069556840273144
4,f102_nyg_low_normal_AMT_ANNUITY_d_app_AMT_CREDIT_mean,51.87929022312164,6,0.6334382542348713,0.6069556840273144
4,f102_nyg_low_normal_AMT_CREDIT_d_AMT_ANNUITY_max,179.97353792190552,16,0.6334382542348713,0.6069556840273144
4,f102_nyg_low_normal_AMT_ANNUITY_d_app_AMT_CREDIT_max,34.74375939369202,6,0.6334382542348713,0.6069556840273144
4,f102_nyg_low_normal_AMT_ANNUITY_s_app_AMT_ANNUITY_d_app_AMT_INCOME_TOTAL_max,285.6101999282837,12,0.6334382542348713,0.6069556840273144
4,f102_nyg_low_normal_AMT_GOODS_PRICE_d_AMT_CREDIT_mean,674.7692694664001,33,0.6334382542348713,0.6069556840273144
4,f102_nyg_low_normal_AMT_ANNUITY_d_app_AMT_ANNUITY_max,21.835399627685547,1,0.6334382542348713,0.6069556840273144
4,f102_nyg_low_normal_AMT_CREDIT_s_app_AMT_CREDIT_d_app_AMT_INCOME_TOTAL_mean,76.52359867095947,5,0.6334382542348713,0.6069556840273144
4,f102_nyg_low_normal_AMT_GOODS_PRICE_d_AMT_ANNUITY_max,122.38573122024536,10,0.6334382542348713,0.6069556840273144
4,f102_nyg_low_normal_AMT_ANNUITY_s_app_AMT_CREDIT_mean,161.42056369781494,6,0.6334382542348713,0.6069556840273144
4,f102_nyg_low_normal_AMT_CREDIT_s_app_AMT_CREDIT_d_app_AMT_INCOME_TOTAL_max,121.60245025157928,11,0.6334382542348713,0.6069556840273144
4,f102_nyg_low_normal_AMT_GOODS_PRICE_d_AMT_ANNUITY_min,65.64327955245972,7,0.6334382542348713,0.6069556840273144
4,f102_nyg_low_normal_AMT_ANNUITY_d_app_AMT_ANNUITY_mean,134.36207008361816,8,0.6334382542348713,0.6069556840273144
4,f102_nyg_low_normal_AMT_CREDIT_m_app_AMT_GOODS_PRICE_d_app_AMT_INCOME_TOTAL_min,97.1353006362915,9,0.6334382542348713,0.6069556840273144
4,f102_nyg_low_normal_AMT_CREDIT_d_AMT_APPLICATION_max,550.6037197113037,35,0.6334382542348713,0.6069556840273144
5,f102_nyg_low_normal_AMT_CREDIT_m_app_AMT_GOODS_PRICE_d_app_AMT_INCOME_TOTAL_mean,196.15588188171387,18,0.6438075452553923,0.6003314007269089
5,f102_nyg_low_normal_AMT_CREDIT_s_app_AMT_GOODS_PRICE_min,353.39802568778396,31,0.6438075452553923,0.6003314007269089
5,f102_nyg_low_normal_AMT_CREDIT_d_AMT_ANNUITY_mean,491.71607756614685,45,0.6438075452553923,0.6003314007269089
5,f102_nyg_low_normal_AMT_CREDIT_d_app_AMT_INCOME_TOTAL_max,132.10959646105766,18,0.6438075452553923,0.6003314007269089
5,f102_nyg_low_normal_AMT_CREDIT_s_app_AMT_CREDIT_min,336.44656109809875,27,0.6438075452553923,0.6003314007269089
5,f102_nyg_low_normal_AMT_CREDIT_d_AMT_APPLICATION_mean,1746.8436806201935,71,0.6438075452553923,0.6003314007269089
5,f102_nyg_low_normal_AMT_CREDIT_d_app_AMT_INCOME_TOTAL_mean,165.54335141181946,16,0.6438075452553923,0.6003314007269089
5,f102_nyg_low_normal_AMT_CREDIT_s_app_AMT_ANNUITY_d_app_AMT_INCOME_TOTAL_max,456.30827593803406,36,0.6438075452553923,0.6003314007269089
5,f102_nyg_low_normal_AMT_CREDIT_s_app_AMT_GOODS_PRICE_mean,171.2487405538559,16,0.6438075452553923,0.6003314007269089
5,f102_nyg_low_normal_AMT_CREDIT_m_app_AMT_GOODS_PRICE_d_app_AMT_INCOME_TOTAL_max,142.17118072509766,13,0.6438075452553923,0.6003314007269089
5,f102_nyg_low_normal_AMT_CREDIT_s_app_AMT_ANNUITY_d_app_AMT_INCOME_TOTAL_mean,390.15276050567627,33,0.6438075452553923,0.6003314007269089
5,f102_nyg_low_normal_AMT_GOODS_PRICE_d_AMT_ANNUITY_mean,386.0739998817444,36,0.6438075452553923,0.6003314007269089
5,f102_nyg_low_action_DAYS_LAST_DUE_1ST_VERSION_d_app_DAYS_EMPLOYED_max,1068.1414414644241,57,0.6438075452553923,0.6003314007269089
5,f102_nyg_low_normal_AMT_APPLICATION_s_app_AMT_CREDIT_min,163.7571702003479,15,0.6438075452553923,0.6003314007269089
5,f102_nyg_low_normal_AMT_APPLICATION_s_app_AMT_GOODS_PRICE_min,155.6570601463318,13,0.6438075452553923,0.6003314007269089
5,f102_nyg_low_normal_AMT_APPLICATION_m_app_AMT_GOODS_PRICE_d_app_AMT_INCOME_TOTAL_max,160.48870992660522,18,0.6438075452553923,0.6003314007269089
5,f102_nyg_low_normal_DAYS_DECISION_d_app_DAYS_LAST_PHONE_CHANGE_std,19.840270519256592,2,0.6438075452553923,0.6003314007269089
5,f102_nyg_low_normal_AMT_CREDIT_d_AMT_APPLICATION_min,1482.685632944107,69,0.6438075452553923,0.6003314007269089
5,f102_nyg_low_action_total_debt_min,686.9070101976395,36,0.6438075452553923,0.6003314007269089
5,f102_nyg_low_normal_AMT_APPLICATION_m_app_AMT_GOODS_PRICE_d_app_AMT_INCOME_TOTAL_mean,69.46381998062134,7,0.6438075452553923,0.6003314007269089
5,f102_nyg_low_normal_AMT_GOODS_PRICE_d_AMT_CREDIT_min,1050.1191765069962,75,0.6438075452553923,0.6003314007269089
5,f102_nyg_low_normal_CODE_REJECT_REASON_XAP_mean,22.228509426116943,2,0.6438075452553923,0.6003314007269089
5,f102_nyg_low_normal_AMT_CREDIT_s_app_AMT_GOODS_PRICE_max,132.1066074371338,13,0.6438075452553923,0.6003314007269089
5,f102_nyg_low_normal_AMT_CREDIT_s_app_AMT_CREDIT_max,244.33530950546265,21,0.6438075452553923,0.6003314007269089
5,f102_nyg_low_action_DAYS_LAST_DUE_1ST_VERSION_d_app_DAYS_EMPLOYED_mean,487.30572322010994,40,0.6438075452553923,0.6003314007269089
5,f102_nyg_low_normal_AMT_APPLICATION_m_app_AMT_GOODS_PRICE_d_app_AMT_INCOME_TOTAL_min,166.04967164993286,20,0.6438075452553923,0.6003314007269089
5,f102_nyg_low_normal_AMT_APPLICATION_s_app_AMT_CREDIT_max,154.06409886479378,14,0.6438075452553923,0.6003314007269089
5,f102_nyg_low_normal_AMT_ANNUITY_s_app_AMT_ANNUITY_d_app_AMT_INCOME_TOTAL_pctchange_max_div_min,110.22262048721313,11,0.6438075452553923,0.6003314007269089
5,f102_nyg_low_action_DAYS_LAST_DUE_1ST_VERSION_d_app_DAYS_EMPLOYED_min,390.2094760835171,32,0.6438075452553923,0.6003314007269089
5,f102_nyg_low_action_total_debt_pctchange_mean,309.2800507545471,23,0.6438075452553923,0.6003314007269089
5,f102_nyg_low_normal_AMT_APPLICATION_s_app_AMT_GOODS_PRICE_max,101.85712051391602,10,0.6438075452553923,0.6003314007269089
5,f102_nyg_low_normal_DAYS_DECISION_d_app_DAYS_EMPLOYED_std,102.89395999908447,9,0.6438075452553923,0.6003314007269089
5,f102_nyg_low_normal_AMT_APPLICATION_s_app_AMT_GOODS_PRICE_mean,245.07111740112305,17,0.6438075452553923,0.6003314007269089
5,f102_nyg_low_action_DAYS_FIRST_DUE_d_app_DAYS_EMPLOYED_mean,711.4444813132286,42,0.6438075452553923,0.6003314007269089
5,f102_nyg_low_normal_AMT_GOODS_PRICE_d_AMT_CREDIT_max,997.5039193630219,44,0.6438075452553923,0.6003314007269089
5,f102_nyg_low_action_total_debt_max,249.08349218964577,25,0.6438075452553923,0.6003314007269089
5,f102_nyg_low_action_total_debt_pctchange_min,104.68828058242798,13,0.6438075452553923,0.6003314007269089
5,f102_nyg_low_action_total_debt_mean,306.44302129745483,29,0.6438075452553923,0.6003314007269089
5,f102_nyg_low_normal_AMT_GOODS_PRICE_d_total_debt_std,112.82433938980103,10,0.6438075452553923,0.6003314007269089
5,f102_nyg_low_normal_AMT_ANNUITY_s_app_AMT_ANNUITY_std,74.82456922531128,6,0.6438075452553923,0.6003314007269089
5,f102_nyg_low_action_total_debt_pctchange_max,267.8455371260643,28,0.6438075452553923,0.6003314007269089
5,f102_nyg_low_normal_AMT_CREDIT_s_app_AMT_CREDIT_mean,140.27104091644287,13,0.6438075452553923,0.6003314007269089
5,f102_nyg_low_action_DAYS_LAST_DUE_1ST_VERSION_s_app_DAYS_LAST_PHONE_CHANGE_max,235.38990258425474,29,0.6438075452553923,0.6003314007269089
5,f102_nyg_low_action_DAYS_FIRST_DUE_d_app_DAYS_EMPLOYED_min,588.2301262021065,32,0.6438075452553923,0.6003314007269089
5,f102_nyg_low_normal_AMT_GOODS_PRICE_d_AMT_ANNUITY_std_div_mean,72.09993076324463,5,0.6438075452553923,0.6003314007269089
5,f102_nyg_low_normal_DAYS_DECISION_d_app_DAYS_BIRTH_std_div_mean,11.883699893951416,2,0.6438075452553923,0.6003314007269089
5,f102_nyg_low_normal_AMT_CREDIT_d_AMT_ANNUITY_std_div_mean,131.58382940292358,12,0.6438075452553923,0.6003314007269089
5,f102_nyg_low_normal_AMT_APPLICATION_s_app_AMT_CREDIT_mean,264.15237951278687,21,0.6438075452553923,0.6003314007269089
5,f102_nyg_low_action_DAYS_FIRST_DUE_d_app_DAYS_EMPLOYED_max,1213.7880997657776,50,0.6438075452553923,0.6003314007269089
5,f102_nyg_low_normal_AMT_CREDIT_s_app_AMT_INCOME_TOTAL_pctchange_std,55.95774984359741,5,0.6438075452553923,0.6003314007269089
5,f102_nyg_low_action_DAYS_FIRST_DUE_s_app_DAYS_ID_PUBLISH_mean,57.61736857891083,15,0.6438075452553923,0.6003314007269089
5,f102_nyg_low_normal_DAYS_DECISION_s_app_DAYS_ID_PUBLISH_mean,1324.8417553901672,79,0.6438075452553923,0.6003314007269089
5,f102_nyg_low_normal_CODE_REJECT_REASON_HC_mean,44.14158916473389,3,0.6438075452553923,0.6003314007269089
5,f102_nyg_low_normal_DAYS_DECISION_s_app_DAYS_LAST_PHONE_CHANGE_max,1536.0637304782867,79,0.6438075452553923,0.6003314007269089
5,f102_nyg_low_normal_interest_rate_diff_min,562.276890873909,54,0.6438075452553923,0.6003314007269089
5,f102_nyg_low_normal_interest_rate_diff_mean,794.0502102524042,73,0.6438075452553923,0.6003314007269089
5,f102_nyg_middle_AMT_ANNUITY_s_app_AMT_ANNUITY_d_app_AMT_INCOME_TOTAL_min,1434.534524910152,82,0.6438075452553923,0.6003314007269089
5,f102_nyg_middle_AMT_ANNUITY_d_app_AMT_ANNUITY_min,605.4939694404602,43,0.6438075452553923,0.6003314007269089
5,f102_nyg_middle_AMT_ANNUITY_s_app_AMT_ANNUITY_d_app_AMT_INCOME_TOTAL_mean,1011.1677100658417,66,0.6438075452553923,0.6003314007269089
5,f102_nyg_low_normal_total_debt_min,429.0057703256607,41,0.6438075452553923,0.6003314007269089
5,f102_nyg_middle_AMT_ANNUITY_d_app_AMT_ANNUITY_pctchange_max,177.89074993133545,17,0.6438075452553923,0.6003314007269089
5,f102_nyg_middle_AMT_ANNUITY_s_app_AMT_GOODS_PRICE_min,496.7872359752655,30,0.6438075452553923,0.6003314007269089
5,f102_nyg_low_normal_interest_rate_pctchange_mean,451.10973966121674,45,0.6438075452553923,0.6003314007269089
5,f102_nyg_middle_AMT_ANNUITY_s_app_AMT_GOODS_PRICE_max,533.7528989315033,37,0.6438075452553923,0.6003314007269089
5,f102_nyg_middle_AMT_APPLICATION_d_app_AMT_INCOME_TOTAL_min,243.77540016174316,21,0.6438075452553923,0.6003314007269089
5,f102_nyg_low_normal_total_debt_max,227.91855120658875,19,0.6438075452553923,0.6003314007269089
5,f102_nyg_low_normal_HOUR_APPR_PROCESS_START_mean,419.565238237381,42,0.6438075452553923,0.6003314007269089
5,f102_nyg_middle_AMT_ANNUITY_s_app_AMT_CREDIT_mean,221.32886111736298,17,0.6438075452553923,0.6003314007269089
5,f102_nyg_low_normal_DAYS_DECISION_s_app_DAYS_REGISTRATION_mean,678.0102634429932,47,0.6438075452553923,0.6003314007269089
5,f102_nyg_middle_AMT_ANNUITY_s_app_AMT_CREDIT_max,275.8595504760742,17,0.6438075452553923,0.6003314007269089
5,f102_nyg_middle_AMT_ANNUITY_s_app_AMT_GOODS_PRICE_mean,396.36425161361694,21,0.6438075452553923,0.6003314007269089
5,f102_nyg_low_normal_total_debt_mean,314.69161462783813,26,0.6438075452553923,0.6003314007269089
5,f102_nyg_middle_AMT_ANNUITY_s_app_AMT_INCOME_TOTAL_max,225.61881840229034,27,0.6438075452553923,0.6003314007269089
5,f102_nyg_low_normal_DAYS_DECISION_s_app_DAYS_REGISTRATION_min,547.0622193813324,35,0.6438075452553923,0.6003314007269089
5,f102_nyg_middle_AMT_ANNUITY_s_app_AMT_INCOME_TOTAL_min,103.88419079780579,12,0.6438075452553923,0.6003314007269089
5,f102_nyg_low_normal_DAYS_LAST_DUE_1ST_VERSION_d_app_DAYS_EMPLOYED_mean,2047.5943255722523,77,0.6438075452553923,0.6003314007269089
5,f102_nyg_low_normal_DAYS_LAST_DUE_1ST_VERSION_d_app_DAYS_EMPLOYED_min,1342.6262078285217,45,0.6438075452553923,0.6003314007269089
5,f102_nyg_low_normal_DAYS_LAST_DUE_1ST_VERSION_d_app_DAYS_BIRTH_max,555.9474850296974,45,0.6438075452553923,0.6003314007269089
5,f102_nyg_low_normal_DAYS_FIRST_DUE_s_app_DAYS_LAST_PHONE_CHANGE_min,474.0773935317993,27,0.6438075452553923,0.6003314007269089
5,f102_nyg_low_normal_DAYS_LAST_DUE_1ST_VERSION_d_app_DAYS_BIRTH_min,959.4203238487244,54,0.6438075452553923,0.6003314007269089
5,f102_nyg_low_normal_amt_paid_max,548.9803218841553,44,0.6438075452553923,0.6003314007269089
5,f102_nyg_low_normal_amt_paid_min,355.0033006668091,27,0.6438075452553923,0.6003314007269089
5,f102_nyg_low_normal_interest_rate_std_div_mean,127.71220111846924,10,0.6438075452553923,0.6003314007269089
5,f102_nyg_low_normal_DAYS_LAST_DUE_1ST_VERSION_d_app_DAYS_EMPLOYED_max,315.6442342698574,21,0.6438075452553923,0.6003314007269089
5,f102_nyg_middle_AMT_APPLICATION_max,229.00292873382568,13,0.6438075452553923,0.6003314007269089
5,f102_nyg_middle_AMT_APPLICATION_m_app_AMT_GOODS_PRICE_d_app_AMT_INCOME_TOTAL_min,84.55139356851578,8,0.6438075452553923,0.6003314007269089
5,f102_nyg_middle_AMT_ANNUITY_s_app_AMT_INCOME_TOTAL_mean,77.41548013687134,8,0.6438075452553923,0.6003314007269089
5,f102_nyg_low_normal_DAYS_DECISION_s_app_DAYS_REGISTRATION_max,375.6805100440979,27,0.6438075452553923,0.6003314007269089
5,f102_nyg_middle_AMT_APPLICATION_d_app_AMT_GOODS_PRICE_min,93.91303157806396,8,0.6438075452553923,0.6003314007269089
5,f102_nyg_low_normal_interest_rate_pctchange_min,159.1550295650959,18,0.6438075452553923,0.6003314007269089
5,f102_nyg_middle_AMT_ANNUITY_m_app_AMT_GOODS_PRICE_d_app_AMT_INCOME_TOTAL_min,164.369291305542,11,0.6438075452553923,0.6003314007269089
5,f102_nyg_middle_AMT_APPLICATION_s_app_AMT_ANNUITY_max,291.6250195503235,17,0.6438075452553923,0.6003314007269089
5,f102_nyg_middle_AMT_APPLICATION_s_app_AMT_ANNUITY_mean,224.26672744750977,15,0.6438075452553923,0.6003314007269089
5,f102_nyg_low_normal_DAYS_FIRST_DUE_s_app_DAYS_LAST_PHONE_CHANGE_mean,519.7089369297028,31,0.6438075452553923,0.6003314007269089
5,f102_nyg_low_normal_amt_paid_sum,457.4843876361847,45,0.6438075452553923,0.6003314007269089
5,f102_nyg_low_normal_DAYS_FIRST_DUE_s_app_DAYS_EMPLOYED_min,442.9715881347656,31,0.6438075452553923,0.6003314007269089
5,f102_nyg_middle_AMT_APPLICATION_d_app_AMT_INCOME_TOTAL_max,133.35796928405762,13,0.6438075452553923,0.6003314007269089
5,f102_nyg_low_normal_amt_paid_mean,395.66556191444397,35,0.6438075452553923,0.6003314007269089
5,f102_nyg_middle_AMT_APPLICATION_m_app_AMT_GOODS_PRICE_d_app_AMT_INCOME_TOTAL_mean,94.22477006912231,6,0.6438075452553923,0.6003314007269089
5,f102_nyg_low_normal_DAYS_FIRST_DUE_s_app_DAYS_EMPLOYED_max,569.3615682125092,36,0.6438075452553923,0.6003314007269089
5,f102_nyg_middle_AMT_APPLICATION_m_app_AMT_GOODS_PRICE_d_app_AMT_INCOME_TOTAL_pctchange_mean,53.80333137512207,6,0.6438075452553923,0.6003314007269089
5,f102_nyg_middle_AMT_APPLICATION_d_app_AMT_INCOME_TOTAL_mean,77.6775803565979,6,0.6438075452553923,0.6003314007269089
5,f102_nyg_middle_AMT_APPLICATION_mean,107.87541007995605,6,0.6438075452553923,0.6003314007269089
5,f102_nyg_middle_AMT_ANNUITY_s_app_AMT_CREDIT_min,240.09270095825195,14,0.6438075452553923,0.6003314007269089
5,f102_nyg_middle_AMT_APPLICATION_d_app_AMT_CREDIT_max,170.32012158632278,11,0.6438075452553923,0.6003314007269089
5,f102_nyg_low_normal_HOUR_APPR_PROCESS_START_max,255.85654830932617,25,0.6438075452553923,0.6003314007269089
5,f102_nyg_middle_AMT_APPLICATION_s_app_AMT_CREDIT_min,119.48229789733887,10,0.6438075452553923,0.6003314007269089
5,f102_nyg_middle_AMT_APPLICATION_s_app_AMT_ANNUITY_d_app_AMT_INCOME_TOTAL_max,143.90481996536255,12,0.6438075452553923,0.6003314007269089
5,f102_nyg_low_normal_DAYS_FIRST_DUE_s_app_DAYS_BIRTH_min,451.7560703754425,30,0.6438075452553923,0.6003314007269089
5,f102_nyg_middle_AMT_APPLICATION_d_app_AMT_GOODS_PRICE_max,82.56721878051758,7,0.6438075452553923,0.6003314007269089
5,f102_nyg_middle_AMT_APPLICATION_m_app_AMT_GOODS_PRICE_d_app_AMT_INCOME_TOTAL_pctchange_min,18.635339736938477,2,0.6438075452553923,0.6003314007269089
5,f102_nyg_middle_AMT_APPLICATION_d_app_AMT_ANNUITY_pctchange_min,71.66784954071045,7,0.6438075452553923,0.6003314007269089
5,f102_nyg_middle_AMT_APPLICATION_s_app_AMT_CREDIT_d_app_AMT_INCOME_TOTAL_mean,99.00089073181152,7,0.6438075452553923,0.6003314007269089
5,f102_nyg_low_normal_DAYS_LAST_DUE_1ST_VERSION_d_app_DAYS_BIRTH_mean,898.797320485115,62,0.6438075452553923,0.6003314007269089
5,f102_nyg_middle_AMT_APPLICATION_m_app_AMT_GOODS_PRICE_d_app_AMT_INCOME_TOTAL_max,26.077799797058105,2,0.6438075452553923,0.6003314007269089
5,f102_nyg_middle_AMT_APPLICATION_s_app_AMT_ANNUITY_d_app_AMT_INCOME_TOTAL_mean,100.91740131378174,6,0.6438075452553923,0.6003314007269089
5,f102_nyg_middle_AMT_APPLICATION_s_app_AMT_CREDIT_d_app_AMT_INCOME_TOTAL_pctchange_mean,92.4308590888977,9,0.6438075452553923,0.6003314007269089
5,f102_nyg_low_normal_DAYS_FIRST_DUE_s_app_DAYS_BIRTH_max,686.4188954234123,30,0.6438075452553923,0.6003314007269089
5,f102_nyg_middle_AMT_ANNUITY_m_app_AMT_GOODS_PRICE_d_app_AMT_INCOME_TOTAL_max,234.09553909301758,15,0.6438075452553923,0.6003314007269089
5,f102_nyg_low_normal_DAYS_FIRST_DUE_s_app_DAYS_LAST_PHONE_CHANGE_max,1056.3212476968765,49,0.6438075452553923,0.6003314007269089
5,f102_nyg_low_normal_DAYS_LAST_DUE_1ST_VERSION_s_app_DAYS_EMPLOYED_max,248.5643811225891,20,0.6438075452553923,0.6003314007269089
5,f102_nyg_low_normal_DAYS_LAST_DUE_1ST_VERSION_s_app_DAYS_BIRTH_min,313.0320620536804,25,0.6438075452553923,0.6003314007269089
5,f102_nyg_middle_AMT_APPLICATION_d_app_AMT_GOODS_PRICE_mean,30.90843963623047,3,0.6438075452553923,0.6003314007269089
5,f102_nyg_low_normal_DAYS_FIRST_DUE_s_app_DAYS_ID_PUBLISH_max,330.1822006702423,23,0.6438075452553923,0.6003314007269089
5,f102_nyg_middle_AMT_APPLICATION_s_app_AMT_CREDIT_d_app_AMT_INCOME_TOTAL_max,79.87993955612183,8,0.6438075452553923,0.6003314007269089
5,f102_nyg_low_normal_DAYS_LAST_DUE_1ST_VERSION_s_app_DAYS_LAST_PHONE_CHANGE_mean,137.1387312412262,12,0.6438075452553923,0.6003314007269089
5,f102_nyg_middle_AMT_APPLICATION_s_app_AMT_CREDIT_max,97.76659107208252,8,0.6438075452553923,0.6003314007269089
5,f102_nyg_low_normal_DAYS_LAST_DUE_1ST_VERSION_s_app_DAYS_BIRTH_max,390.0358922481537,30,0.6438075452553923,0.6003314007269089
5,f102_nyg_middle_AMT_APPLICATION_s_app_AMT_CREDIT_d_app_AMT_INCOME_TOTAL_pctchange_min,54.290770530700684,4,0.6438075452553923,0.6003314007269089
5,f102_nyg_low_normal_DAYS_LAST_DUE_1ST_VERSION_s_app_DAYS_ID_PUBLISH_max,194.67053055763245,21,0.6438075452553923,0.6003314007269089
5,f102_nyg_low_normal_DAYS_LAST_DUE_1ST_VERSION_s_app_DAYS_ID_PUBLISH_min,237.27275729179382,19,0.6438075452553923,0.6003314007269089
5,f102_nyg_low_normal_HOUR_APPR_PROCESS_START_min,161.06821846961975,19,0.6438075452553923,0.6003314007269089
5,f102_nyg_low_normal_DAYS_FIRST_DUE_s_app_DAYS_BIRTH_mean,190.63170099258423,14,0.6438075452553923,0.6003314007269089
5,f102_nyg_middle_AMT_ANNUITY_m_app_AMT_GOODS_PRICE_d_app_AMT_INCOME_TOTAL_mean,143.47430992126465,11,0.6438075452553923,0.6003314007269089
5,f102_nyg_low_normal_DAYS_LAST_DUE_1ST_VERSION_s_app_DAYS_LAST_PHONE_CHANGE_min,84.48934078216553,8,0.6438075452553923,0.6003314007269089
5,f102_nyg_low_normal_DAYS_LAST_DUE_1ST_VERSION_s_app_DAYS_LAST_PHONE_CHANGE_max,163.31707072257996,15,0.6438075452553923,0.6003314007269089
5,f102_nyg_low_normal_DAYS_LAST_DUE_1ST_VERSION_s_app_DAYS_EMPLOYED_min,84.89739990234375,8,0.6438075452553923,0.6003314007269089
5,f102_nyg_low_normal_DAYS_FIRST_DUE_s_app_DAYS_ID_PUBLISH_min,196.47380654513836,17,0.6438075452553923,0.6003314007269089
5,f102_nyg_middle_AMT_APPLICATION_d_app_AMT_ANNUITY_diff_mean,47.672149658203125,4,0.6438075452553923,0.6003314007269089
5,f102_nyg_low_normal_DAYS_LAST_DUE_1ST_VERSION_s_app_DAYS_REGISTRATION_min,87.14635959267616,14,0.6438075452553923,0.6003314007269089
5,f102_nyg_low_normal_DAYS_LAST_DUE_1ST_VERSION_s_app_DAYS_EMPLOYED_mean,190.35374927520752,18,0.6438075452553923,0.6003314007269089
5,f102_nyg_middle_AMT_APPLICATION_d_app_AMT_INCOME_TOTAL_diff_mean,31.3639497756958,3,0.6438075452553923,0.6003314007269089
5,f102_nyg_low_normal_DAYS_FIRST_DUE_s_app_DAYS_EMPLOYED_mean,556.1832902431488,34,0.6438075452553923,0.6003314007269089
5,f102_nyg_low_normal_DAYS_LAST_DUE_1ST_VERSION_s_app_DAYS_REGISTRATION_max,126.8707504272461,15,0.6438075452553923,0.6003314007269089
5,f102_nyg_low_normal_DAYS_FIRST_DUE_s_app_DAYS_REGISTRATION_max,222.9057801067829,21,0.6438075452553923,0.6003314007269089
5,f102_nyg_middle_AMT_APPLICATION_s_app_AMT_ANNUITY_diff_mean,58.64975053071976,7,0.6438075452553923,0.6003314007269089
5,f102_nyg_low_normal_DAYS_LAST_DUE_1ST_VERSION_s_app_DAYS_ID_PUBLISH_mean,282.309627532959,23,0.6438075452553923,0.6003314007269089
5,f102_nyg_middle_AMT_ANNUITY_d_app_AMT_ANNUITY_std,30.35700035095215,3,0.6438075452553923,0.6003314007269089
5,f102_nyg_middle_AMT_APPLICATION_d_app_AMT_ANNUITY_pctchange_mean,149.85035848617554,13,0.6438075452553923,0.6003314007269089
5,f102_nyg_low_normal_DAYS_LAST_DUE_1ST_VERSION_s_app_DAYS_BIRTH_mean,200.9345088005066,16,0.6438075452553923,0.6003314007269089
5,f102_nyg_low_normal_HOUR_APPR_PROCESS_START_std,8.713669776916504,1,0.6438075452553923,0.6003314007269089
5,f102_nyg_low_normal_DAYS_LAST_DUE_1ST_VERSION_s_DAYS_DECISIONS_min,184.7216202020645,20,0.6438075452553923,0.6003314007269089
5,f102_nyg_low_normal_NAME_CONTRACT_STATUS_Refused_mean,0.0,0,0.6438075452553923,0.6003314007269089
5,f102_nyg_low_normal_DAYS_FIRST_DUE_s_app_DAYS_ID_PUBLISH_mean,244.5472710132599,18,0.6438075452553923,0.6003314007269089
5,f102_nyg_middle_AMT_APPLICATION_s_app_AMT_ANNUITY_diff_max,98.92545938491821,8,0.6438075452553923,0.6003314007269089
5,f102_nyg_middle_AMT_APPLICATION_d_app_AMT_ANNUITY_diff_max,45.39519579708576,5,0.6438075452553923,0.6003314007269089
5,f102_nyg_middle_AMT_ANNUITY_d_app_AMT_CREDIT_pctchange_max,31.35212993621826,4,0.6438075452553923,0.6003314007269089
5,f102_nyg_middle_AMT_ANNUITY_d_app_AMT_GOODS_PRICE_pctchange_max,5.968570232391357,1,0.6438075452553923,0.6003314007269089
5,f102_nyg_low_normal_DAYS_FIRST_DUE_s_app_DAYS_REGISTRATION_min,151.29922199249268,12,0.6438075452553923,0.6003314007269089
5,f102_nyg_middle_AMT_ANNUITY_s_app_AMT_ANNUITY_std,24.97641944885254,2,0.6438075452553923,0.6003314007269089
5,f102_nyg_low_normal_DAYS_LAST_DUE_1ST_VERSION_s_app_DAYS_REGISTRATION_mean,97.55648040771484,7,0.6438075452553923,0.6003314007269089
5,f102_nyg_middle_AMT_APPLICATION_d_app_AMT_GOODS_PRICE_diff_max,44.98591995239258,5,0.6438075452553923,0.6003314007269089
5,f102_nyg_middle_AMT_APPLICATION_d_app_AMT_INCOME_TOTAL_diff_max,45.115309715270996,5,0.6438075452553923,0.6003314007269089
5,f102_nyg_low_normal_cnt_paid_sum,68.49726963043213,10,0.6438075452553923,0.6003314007269089
5,f102_nyg_low_normal_SELLERPLACE_AREA_std_div_mean,3.3836300373077393,1,0.6438075452553923,0.6003314007269089
5,f102_nyg_middle_AMT_APPLICATION_d_app_AMT_CREDIT_diff_max,9.520730018615723,2,0.6438075452553923,0.6003314007269089
5,f102_nyg_low_normal_DAYS_LAST_DUE_1ST_VERSION_s_DAYS_DECISIONS_mean,297.6903085708618,22,0.6438075452553923,0.6003314007269089
5,f102_nyg_middle_AMT_ANNUITY_d_app_AMT_CREDIT_std,30.012069702148438,2,0.6438075452553923,0.6003314007269089
5,f102_nyg_low_normal_total_debt_pctchange_std_div_mean,0.0,0,0.6438075452553923,0.6003314007269089
5,f102_nyg_low_normal_DAYS_FIRST_DUE_s_DAYS_DECISIONS_min,410.2464859485626,31,0.6438075452553923,0.6003314007269089
5,f102_nyg_low_normal_DAYS_FIRST_DUE_s_DAYS_DECISIONS_mean,282.044939994812,22,0.6438075452553923,0.6003314007269089
5,f102_nyg_low_normal_cnt_paid_ratio_min,163.4664807319641,16,0.6438075452553923,0.6003314007269089
5,f102_nyg_middle_AMT_APPLICATION_d_app_AMT_ANNUITY_pctchange_max,39.065349102020264,4,0.6438075452553923,0.6003314007269089
5,f102_nyg_low_normal_total_debt_pctchange_max_div_min,39.59931039810181,4,0.6438075452553923,0.6003314007269089
5,f102_nyg_middle_AMT_APPLICATION_d_app_AMT_ANNUITY_max_div_min,33.7781982421875,2,0.6438075452553923,0.6003314007269089
5,f102_nyg_middle_AMT_GOODS_PRICE_d_total_debt_min,849.2977774143219,45,0.6438075452553923,0.6003314007269089
5,f102_nyg_middle_AMT_GOODS_PRICE_d_total_debt_diff_min,250.8251600265503,23,0.6438075452553923,0.6003314007269089
5,f102_nyg_low_normal_NAME_CASH_LOAN_PURPOSE_XNA_mean,178.8062710762024,12,0.6438075452553923,0.6003314007269089
5,f102_nyg_middle_AMT_GOODS_PRICE_d_total_debt_mean,815.8076000213623,47,0.6438075452553923,0.6003314007269089
5,f102_nyg_middle_AMT_CREDIT_d_total_debt_min,1020.7593688964844,55,0.6438075452553923,0.6003314007269089
5,f102_nyg_middle_DAYS_DECISION_s_app_DAYS_ID_PUBLISH_max,668.6598052978516,39,0.6438075452553923,0.6003314007269089
5,f102_nyg_middle_DAYS_DECISION_s_app_DAYS_BIRTH_max,461.1227502822876,28,0.6438075452553923,0.6003314007269089
5,f102_nyg_middle_DAYS_LAST_DUE_1ST_VERSION_d_app_DAYS_LAST_PHONE_CHANGE_max,638.8715624809265,44,0.6438075452553923,0.6003314007269089
5,f102_nyg_middle_AMT_CREDIT_d_app_AMT_ANNUITY_mean,290.25908160209656,19,0.6438075452553923,0.6003314007269089
5,f102_nyg_middle_AMT_CREDIT_d_AMT_APPLICATION_max,1159.0834441184998,46,0.6438075452553923,0.6003314007269089
5,f102_nyg_middle_DAYS_DECISION_d_app_DAYS_EMPLOYED_max,449.3548390865326,28,0.6438075452553923,0.6003314007269089
5,f102_nyg_middle_AMT_GOODS_PRICE_d_AMT_ANNUITY_diff_max,144.0985221862793,13,0.6438075452553923,0.6003314007269089
5,f102_nyg_middle_DAYS_LAST_DUE_1ST_VERSION_d_app_DAYS_LAST_PHONE_CHANGE_min,811.5125974416733,48,0.6438075452553923,0.6003314007269089
5,f102_nyg_middle_AMT_CREDIT_d_app_AMT_ANNUITY_max,310.522438287735,20,0.6438075452553923,0.6003314007269089
5,f102_nyg_middle_DAYS_DECISION_d_app_DAYS_EMPLOYED_mean,424.81073236465454,26,0.6438075452553923,0.6003314007269089
5,f102_nyg_middle_DAYS_LAST_DUE_1ST_VERSION_d_app_DAYS_LAST_PHONE_CHANGE_mean,699.141309261322,38,0.6438075452553923,0.6003314007269089
5,f102_nyg_middle_DAYS_DECISION_s_app_DAYS_ID_PUBLISH_min,892.58651304245,46,0.6438075452553923,0.6003314007269089
5,f102_nyg_middle_DAYS_DECISION_s_app_DAYS_EMPLOYED_max,393.65023851394653,27,0.6438075452553923,0.6003314007269089
5,f102_nyg_middle_DAYS_DECISION_s_app_DAYS_LAST_PHONE_CHANGE_max,217.83034092187881,12,0.6438075452553923,0.6003314007269089
5,f102_nyg_middle_AMT_GOODS_PRICE_d_total_debt_max,938.5015206634998,53,0.6438075452553923,0.6003314007269089
5,f102_nyg_middle_DAYS_DECISION_s_app_DAYS_LAST_PHONE_CHANGE_min,559.3779633045197,32,0.6438075452553923,0.6003314007269089
5,f102_nyg_middle_AMT_CREDIT_d_AMT_ANNUITY_diff_min,61.226200342178345,7,0.6438075452553923,0.6003314007269089
5,f102_nyg_middle_DAYS_DECISION_s_app_DAYS_REGISTRATION_min,370.91142177581787,26,0.6438075452553923,0.6003314007269089
5,f102_nyg_middle_DAYS_DECISION_d_app_DAYS_EMPLOYED_min,204.01462030410767,17,0.6438075452553923,0.6003314007269089
5,f102_nyg_middle_DAYS_DECISION_s_app_DAYS_ID_PUBLISH_mean,635.0790224075317,33,0.6438075452553923,0.6003314007269089
5,f102_nyg_middle_AMT_GOODS_PRICE_d_app_AMT_INCOME_TOTAL_min,110.5595703125,7,0.6438075452553923,0.6003314007269089
5,f102_nyg_middle_AMT_CREDIT_d_total_debt_max,253.19972848892212,20,0.6438075452553923,0.6003314007269089
5,f102_nyg_middle_DAYS_LAST_DUE_1ST_VERSION_d_app_DAYS_EMPLOYED_min,789.1689143180847,36,0.6438075452553923,0.6003314007269089
5,f102_nyg_middle_DAYS_DECISION_s_app_DAYS_BIRTH_min,411.49647545814514,19,0.6438075452553923,0.6003314007269089
5,f102_nyg_middle_AMT_CREDIT_d_total_debt_mean,413.20530742406845,32,0.6438075452553923,0.6003314007269089
5,f102_nyg_middle_DAYS_DECISION_s_app_DAYS_LAST_PHONE_CHANGE_mean,421.86273193359375,21,0.6438075452553923,0.6003314007269089
5,f102_nyg_middle_AMT_CREDIT_d_AMT_ANNUITY_diff_max,128.208899974823,10,0.6438075452553923,0.6003314007269089
5,f102_nyg_middle_DAYS_LAST_DUE_d_app_DAYS_EMPLOYED_min,168.348566532135,9,0.6438075452553923,0.6003314007269089
5,f102_nyg_middle_AMT_CREDIT_d_AMT_APPLICATION_mean,867.356997013092,35,0.6438075452553923,0.6003314007269089
5,f102_nyg_middle_DAYS_FIRST_DUE_s_app_DAYS_LAST_PHONE_CHANGE_min,399.2210614681244,22,0.6438075452553923,0.6003314007269089
5,f102_nyg_middle_DAYS_FIRST_DUE_d_app_DAYS_EMPLOYED_min,521.8462858200073,26,0.6438075452553923,0.6003314007269089
5,f102_nyg_middle_DAYS_FIRST_DUE_s_app_DAYS_LAST_PHONE_CHANGE_max,729.9041118621826,26,0.6438075452553923,0.6003314007269089
5,f102_nyg_middle_DAYS_DECISION_s_app_DAYS_BIRTH_mean,250.23582887649536,16,0.6438075452553923,0.6003314007269089
5,f102_nyg_middle_DAYS_LAST_DUE_1ST_VERSION_d_app_DAYS_EMPLOYED_mean,457.88344073295593,30,0.6438075452553923,0.6003314007269089
5,f102_nyg_middle_DAYS_FIRST_DUE_d_app_DAYS_EMPLOYED_max,587.7203469276428,27,0.6438075452553923,0.6003314007269089
5,f102_nyg_middle_DAYS_LAST_DUE_1ST_VERSION_s_app_DAYS_REGISTRATION_max,64.82330989837646,5,0.6438075452553923,0.6003314007269089
5,f102_nyg_middle_DAYS_LAST_DUE_1ST_VERSION_d_app_DAYS_EMPLOYED_max,703.31636095047,41,0.6438075452553923,0.6003314007269089
5,f102_nyg_middle_DAYS_DECISION_s_app_DAYS_EMPLOYED_mean,361.1635880470276,21,0.6438075452553923,0.6003314007269089
5,f102_nyg_middle_DAYS_DECISION_s_app_DAYS_REGISTRATION_max,279.8847393989563,22,0.6438075452553923,0.6003314007269089
5,f102_nyg_middle_AMT_CREDIT_d_AMT_ANNUITY_diff_mean,152.40653896331787,11,0.6438075452553923,0.6003314007269089
5,f102_nyg_middle_DAYS_LAST_DUE_1ST_VERSION_d_app_DAYS_BIRTH_min,428.3177785873413,32,0.6438075452553923,0.6003314007269089
5,f102_nyg_middle_DAYS_LAST_DUE_1ST_VERSION_s_app_DAYS_LAST_PHONE_CHANGE_max,263.0344281196594,15,0.6438075452553923,0.6003314007269089
5,f102_nyg_middle_DAYS_FIRST_DUE_s_app_DAYS_LAST_PHONE_CHANGE_mean,334.69768619537354,12,0.6438075452553923,0.6003314007269089
5,f102_nyg_middle_DAYS_FIRST_DUE_d_app_DAYS_EMPLOYED_mean,796.6252164840698,27,0.6438075452553923,0.6003314007269089
5,f102_nyg_middle_AMT_CREDIT_s_app_AMT_ANNUITY_d_app_AMT_INCOME_TOTAL_min,147.40419793128967,12,0.6438075452553923,0.6003314007269089
5,f102_nyg_middle_DAYS_FIRST_DUE_s_app_DAYS_REGISTRATION_mean,301.66661167144775,21,0.6438075452553923,0.6003314007269089
5,f102_nyg_middle_DAYS_DECISION_s_app_DAYS_REGISTRATION_mean,125.45016145706177,11,0.6438075452553923,0.6003314007269089
5,f102_nyg_middle_AMT_GOODS_PRICE_d_AMT_CREDIT_mean,786.4436726570129,36,0.6438075452553923,0.6003314007269089
5,f102_nyg_middle_AMT_GOODS_PRICE_d_AMT_CREDIT_min,1098.6283831596375,34,0.6438075452553923,0.6003314007269089
5,f102_nyg_middle_DAYS_LAST_DUE_d_app_DAYS_EMPLOYED_max,266.65873098373413,13,0.6438075452553923,0.6003314007269089
5,f102_nyg_middle_DAYS_DECISION_s_app_DAYS_EMPLOYED_min,367.0111347436905,20,0.6438075452553923,0.6003314007269089
5,f102_nyg_middle_AMT_GOODS_PRICE_d_AMT_ANNUITY_min,192.3284592628479,14,0.6438075452553923,0.6003314007269089
5,f102_nyg_middle_AMT_GOODS_PRICE_d_AMT_ANNUITY_max,211.08678138256073,16,0.6438075452553923,0.6003314007269089
5,f102_nyg_middle_AMT_CREDIT_d_app_AMT_INCOME_TOTAL_min,60.82328009605408,8,0.6438075452553923,0.6003314007269089
5,f102_nyg_middle_AMT_CREDIT_d_AMT_ANNUITY_min,148.15379214286804,10,0.6438075452553923,0.6003314007269089
5,f102_nyg_middle_DAYS_FIRST_DUE_s_app_DAYS_ID_PUBLISH_mean,110.9020004272461,10,0.6438075452553923,0.6003314007269089
5,f102_nyg_middle_AMT_GOODS_PRICE_s_app_AMT_ANNUITY_max,89.78494834899902,6,0.6438075452553923,0.6003314007269089
5,f102_nyg_middle_AMT_GOODS_PRICE_s_app_AMT_CREDIT_min,28.675599098205566,2,0.6438075452553923,0.6003314007269089
5,f102_nyg_middle_CODE_REJECT_REASON_XAP_mean,20.196969985961914,2,0.6438075452553923,0.6003314007269089
5,f102_nyg_middle_DAYS_LAST_DUE_1ST_VERSION_s_app_DAYS_BIRTH_max,79.65930938720703,6,0.6438075452553923,0.6003314007269089
5,f102_nyg_middle_DAYS_FIRST_DUE_s_app_DAYS_ID_PUBLISH_max,441.8357787132263,25,0.6438075452553923,0.6003314007269089
5,f102_nyg_middle_AMT_CREDIT_min,133.76465153694153,12,0.6438075452553923,0.6003314007269089
5,f102_nyg_middle_DAYS_LAST_DUE_1ST_VERSION_s_app_DAYS_REGISTRATION_mean,140.29910278320312,9,0.6438075452553923,0.6003314007269089
5,f102_nyg_middle_AMT_CREDIT_s_app_AMT_CREDIT_d_app_AMT_INCOME_TOTAL_min,113.64503192901611,8,0.6438075452553923,0.6003314007269089
5,f102_nyg_middle_AMT_GOODS_PRICE_m_app_AMT_GOODS_PRICE_d_app_AMT_INCOME_TOTAL_min,12.280900001525879,1,0.6438075452553923,0.6003314007269089
5,f102_nyg_middle_AMT_GOODS_PRICE_s_app_AMT_ANNUITY_d_app_AMT_INCOME_TOTAL_max,51.72200965881348,4,0.6438075452553923,0.6003314007269089
5,f102_nyg_middle_DAYS_LAST_DUE_1ST_VERSION_s_app_DAYS_LAST_PHONE_CHANGE_min,222.13750471174717,13,0.6438075452553923,0.6003314007269089
5,f102_nyg_middle_DAYS_LAST_DUE_1ST_VERSION_d_app_DAYS_BIRTH_max,254.32879066467285,16,0.6438075452553923,0.6003314007269089
5,f102_nyg_middle_AMT_GOODS_PRICE_d_app_AMT_CREDIT_max,0.0,0,0.6438075452553923,0.6003314007269089
5,f102_nyg_middle_DAYS_LAST_DUE_1ST_VERSION_s_app_DAYS_ID_PUBLISH_max,192.78115105628967,17,0.6438075452553923,0.6003314007269089
5,f102_nyg_middle_AMT_CREDIT_m_app_AMT_GOODS_PRICE_d_app_AMT_INCOME_TOTAL_pctchange_mean,84.46197986602783,6,0.6438075452553923,0.6003314007269089
5,f102_nyg_middle_DAYS_LAST_DUE_1ST_VERSION_s_app_DAYS_ID_PUBLISH_min,188.30910921096802,15,0.6438075452553923,0.6003314007269089
5,f102_nyg_middle_DAYS_LAST_DUE_1ST_VERSION_s_app_DAYS_LAST_PHONE_CHANGE_mean,166.07208275794983,12,0.6438075452553923,0.6003314007269089
5,f102_nyg_middle_AMT_CREDIT_s_app_AMT_ANNUITY_min,171.15743857622147,15,0.6438075452553923,0.6003314007269089
5,f102_nyg_middle_AMT_CREDIT_d_AMT_ANNUITY_mean,63.19768047332764,6,0.6438075452553923,0.6003314007269089
5,f102_nyg_middle_AMT_CREDIT_d_AMT_ANNUITY_max,112.22841215133667,9,0.6438075452553923,0.6003314007269089
5,f102_nyg_middle_DAYS_LAST_DUE_1ST_VERSION_s_app_DAYS_EMPLOYED_max,181.74271941184998,11,0.6438075452553923,0.6003314007269089
5,f102_nyg_middle_AMT_GOODS_PRICE_d_AMT_ANNUITY_mean,64.6116785556078,9,0.6438075452553923,0.6003314007269089
5,f102_nyg_middle_AMT_GOODS_PRICE_s_app_AMT_CREDIT_d_app_AMT_INCOME_TOTAL_mean,63.440250396728516,5,0.6438075452553923,0.6003314007269089
5,f102_nyg_middle_AMT_CREDIT_d_AMT_APPLICATION_min,189.2034091949463,14,0.6438075452553923,0.6003314007269089
5,f102_nyg_middle_AMT_GOODS_PRICE_s_app_AMT_CREDIT_d_app_AMT_INCOME_TOTAL_max,16.539499759674072,2,0.6438075452553923,0.6003314007269089
5,f102_nyg_middle_DAYS_LAST_DUE_d_app_DAYS_EMPLOYED_mean,122.35859870910645,6,0.6438075452553923,0.6003314007269089
5,f102_nyg_middle_DAYS_LAST_DUE_1ST_VERSION_s_app_DAYS_REGISTRATION_min,152.49040126800537,9,0.6438075452553923,0.6003314007269089
5,f102_nyg_middle_DAYS_LAST_DUE_1ST_VERSION_s_app_DAYS_BIRTH_min,145.85409021377563,7,0.6438075452553923,0.6003314007269089
5,f102_nyg_middle_DAYS_FIRST_DUE_s_app_DAYS_BIRTH_mean,139.84049940109253,10,0.6438075452553923,0.6003314007269089
5,f102_nyg_middle_AMT_GOODS_PRICE_max,25.60890007019043,2,0.6438075452553923,0.6003314007269089
5,f102_nyg_middle_AMT_GOODS_PRICE_d_app_AMT_INCOME_TOTAL_max,17.222299575805664,1,0.6438075452553923,0.6003314007269089
5,f102_nyg_middle_AMT_GOODS_PRICE_d_app_AMT_INCOME_TOTAL_mean,14.02784013748169,2,0.6438075452553923,0.6003314007269089
5,f102_nyg_middle_AMT_GOODS_PRICE_s_app_AMT_CREDIT_d_app_AMT_INCOME_TOTAL_pctchange_mean,42.32432362437248,7,0.6438075452553923,0.6003314007269089
5,f102_nyg_middle_AMT_CREDIT_s_app_AMT_GOODS_PRICE_max,127.24392986297607,9,0.6438075452553923,0.6003314007269089
5,f102_nyg_middle_AMT_CREDIT_d_AMT_APPLICATION_diff_min,24.76771068572998,4,0.6438075452553923,0.6003314007269089
5,f102_nyg_middle_DAYS_LAST_DUE_1ST_VERSION_d_app_DAYS_BIRTH_mean,612.7967429161072,33,0.6438075452553923,0.6003314007269089
5,f102_nyg_middle_AMT_CREDIT_s_app_AMT_GOODS_PRICE_min,167.281418800354,10,0.6438075452553923,0.6003314007269089
5,f102_nyg_middle_AMT_GOODS_PRICE_s_app_AMT_ANNUITY_d_app_AMT_INCOME_TOTAL_mean,83.11659908294678,4,0.6438075452553923,0.6003314007269089
5,f102_nyg_middle_AMT_CREDIT_s_app_AMT_CREDIT_max,95.00945091247559,6,0.6438075452553923,0.6003314007269089
5,f102_nyg_middle_DAYS_LAST_DUE_1ST_VERSION_s_app_DAYS_EMPLOYED_min,175.53897142410278,13,0.6438075452553923,0.6003314007269089
5,f102_nyg_middle_DAYS_LAST_DUE_1ST_VERSION_s_app_DAYS_EMPLOYED_mean,146.84008979797363,9,0.6438075452553923,0.6003314007269089
5,f102_nyg_middle_AMT_GOODS_PRICE_s_app_AMT_ANNUITY_mean,82.55350017547607,4,0.6438075452553923,0.6003314007269089
5,f102_nyg_middle_AMT_GOODS_PRICE_mean,76.30820035934448,6,0.6438075452553923,0.6003314007269089
5,f102_nyg_middle_AMT_GOODS_PRICE_d_app_AMT_ANNUITY_diff_mean,47.502190589904785,4,0.6438075452553923,0.6003314007269089
5,f102_nyg_middle_AMT_APPLICATION_s_app_AMT_CREDIT_mean,38.148000717163086,3,0.6438075452553923,0.6003314007269089
5,f102_nyg_middle_AMT_CREDIT_s_app_AMT_CREDIT_min,93.54996991157532,11,0.6438075452553923,0.6003314007269089
5,f102_nyg_middle_AMT_CREDIT_m_app_AMT_GOODS_PRICE_d_app_AMT_INCOME_TOTAL_min,69.06260919570923,7,0.6438075452553923,0.6003314007269089
5,f102_nyg_middle_DAYS_LAST_DUE_1ST_VERSION_s_app_DAYS_BIRTH_mean,126.77430921792984,11,0.6438075452553923,0.6003314007269089
5,f102_nyg_middle_AMT_CREDIT_d_app_AMT_CREDIT_min,88.99876880645752,7,0.6438075452553923,0.6003314007269089
5,f102_nyg_middle_DAYS_FIRST_DUE_s_app_DAYS_EMPLOYED_max,33.430729150772095,4,0.6438075452553923,0.6003314007269089
5,f102_nyg_middle_AMT_CREDIT_s_app_AMT_CREDIT_d_app_AMT_INCOME_TOTAL_pctchange_mean,79.97066974639893,7,0.6438075452553923,0.6003314007269089
5,f102_nyg_middle_DAYS_FIRST_DUE_s_app_DAYS_REGISTRATION_max,130.96179056167603,12,0.6438075452553923,0.6003314007269089
5,f102_nyg_middle_DAYS_DECISION_s_app_DAYS_ID_PUBLISH_std_div_mean,110.0140290260315,9,0.6438075452553923,0.6003314007269089
5,f102_nyg_middle_AMT_GOODS_PRICE_s_app_AMT_CREDIT_max,12.958399772644043,1,0.6438075452553923,0.6003314007269089
5,f102_nyg_middle_AMT_CREDIT_s_app_AMT_GOODS_PRICE_mean,118.76485109329224,9,0.6438075452553923,0.6003314007269089
5,f102_nyg_middle_AMT_APPLICATION_s_app_AMT_GOODS_PRICE_max,92.09637904167175,7,0.6438075452553923,0.6003314007269089
5,f102_nyg_middle_AMT_GOODS_PRICE_s_app_AMT_CREDIT_d_app_AMT_INCOME_TOTAL_pctchange_min,30.8789701461792,3,0.6438075452553923,0.6003314007269089
5,f102_nyg_middle_DAYS_FIRST_DUE_s_app_DAYS_ID_PUBLISH_min,153.85005903244019,9,0.6438075452553923,0.6003314007269089
5,f102_nyg_middle_AMT_CREDIT_d_app_AMT_INCOME_TOTAL_max,65.04936027526855,5,0.6438075452553923,0.6003314007269089
5,f102_nyg_middle_DAYS_FIRST_DUE_s_app_DAYS_EMPLOYED_mean,83.90491819381714,7,0.6438075452553923,0.6003314007269089
5,f102_nyg_middle_DAYS_FIRST_DUE_s_app_DAYS_EMPLOYED_min,66.57864999771118,6,0.6438075452553923,0.6003314007269089
5,f102_nyg_middle_AMT_GOODS_PRICE_m_app_AMT_GOODS_PRICE_d_app_AMT_INCOME_TOTAL_max,0.0,0,0.6438075452553923,0.6003314007269089
5,f102_nyg_middle_AMT_CREDIT_s_app_AMT_ANNUITY_mean,20.744720458984375,2,0.6438075452553923,0.6003314007269089
5,f102_nyg_middle_AMT_APPLICATION_s_app_AMT_GOODS_PRICE_min,45.09481930732727,5,0.6438075452553923,0.6003314007269089
5,f102_nyg_middle_AMT_CREDIT_d_app_AMT_GOODS_PRICE_max,72.70448064804077,8,0.6438075452553923,0.6003314007269089
5,f102_nyg_middle_AMT_CREDIT_m_app_AMT_GOODS_PRICE_d_app_AMT_INCOME_TOTAL_max,34.4835991859436,4,0.6438075452553923,0.6003314007269089
5,f102_nyg_middle_DAYS_LAST_DUE_1ST_VERSION_s_app_DAYS_ID_PUBLISH_mean,81.08111906051636,7,0.6438075452553923,0.6003314007269089
5,f102_nyg_middle_AMT_APPLICATION_s_app_AMT_GOODS_PRICE_mean,116.7541880607605,8,0.6438075452553923,0.6003314007269089
5,f102_nyg_middle_AMT_CREDIT_m_app_AMT_GOODS_PRICE_d_app_AMT_INCOME_TOTAL_mean,117.3604097366333,8,0.6438075452553923,0.6003314007269089
5,f102_nyg_middle_AMT_CREDIT_s_app_AMT_ANNUITY_max,26.054370403289795,3,0.6438075452553923,0.6003314007269089
5,f102_nyg_middle_AMT_GOODS_PRICE_d_AMT_CREDIT_diff_min,118.48001909255981,10,0.6438075452553923,0.6003314007269089
5,f102_nyg_middle_AMT_GOODS_PRICE_d_app_AMT_GOODS_PRICE_min,0.0,0,0.6438075452553923,0.6003314007269089
5,f102_nyg_middle_AMT_CREDIT_m_app_AMT_GOODS_PRICE_d_app_AMT_INCOME_TOTAL_pctchange_min,33.76235103607178,3,0.6438075452553923,0.6003314007269089
5,f102_nyg_middle_AMT_GOODS_PRICE_d_AMT_CREDIT_diff_max,97.54605007171631,14,0.6438075452553923,0.6003314007269089
5,f102_nyg_middle_AMT_CREDIT_d_app_AMT_INCOME_TOTAL_mean,64.99331969022751,8,0.6438075452553923,0.6003314007269089
5,f102_nyg_middle_AMT_CREDIT_d_app_AMT_GOODS_PRICE_min,68.8597708940506,7,0.6438075452553923,0.6003314007269089
5,f102_nyg_middle_AMT_CREDIT_s_app_AMT_CREDIT_d_app_AMT_INCOME_TOTAL_mean,157.52449798583984,9,0.6438075452553923,0.6003314007269089
5,f102_nyg_middle_AMT_CREDIT_d_AMT_APPLICATION_diff_max,47.611369132995605,4,0.6438075452553923,0.6003314007269089
5,f102_nyg_middle_AMT_CREDIT_s_app_AMT_ANNUITY_d_app_AMT_INCOME_TOTAL_mean,71.62247037887573,7,0.6438075452553923,0.6003314007269089
5,f102_nyg_middle_AMT_GOODS_PRICE_d_AMT_CREDIT_max,115.20784997940063,8,0.6438075452553923,0.6003314007269089
5,f102_nyg_middle_AMT_GOODS_PRICE_m_app_AMT_GOODS_PRICE_d_app_AMT_INCOME_TOTAL_mean,58.3540096282959,5,0.6438075452553923,0.6003314007269089
5,f102_nyg_middle_AMT_CREDIT_d_app_AMT_ANNUITY_diff_mean,90.550701379776,10,0.6438075452553923,0.6003314007269089
5,f102_nyg_middle_AMT_GOODS_PRICE_d_AMT_CREDIT_diff_mean,18.592620372772217,2,0.6438075452553923,0.6003314007269089
5,f102_nyg_middle_AMT_CREDIT_s_app_AMT_CREDIT_d_app_AMT_INCOME_TOTAL_max,51.779579639434814,6,0.6438075452553923,0.6003314007269089
5,f102_nyg_middle_AMT_CREDIT_s_app_AMT_ANNUITY_d_app_AMT_INCOME_TOTAL_max,131.5471110343933,13,0.6438075452553923,0.6003314007269089
5,f102_nyg_middle_AMT_CREDIT_d_app_AMT_GOODS_PRICE_mean,46.56757068634033,5,0.6438075452553923,0.6003314007269089
5,f102_nyg_middle_DAYS_FIRST_DUE_s_app_DAYS_REGISTRATION_min,114.46609142422676,10,0.6438075452553923,0.6003314007269089
5,f102_nyg_middle_AMT_CREDIT_s_app_AMT_CREDIT_mean,80.05967950820923,6,0.6438075452553923,0.6003314007269089
5,f102_nyg_middle_AMT_CREDIT_s_app_AMT_CREDIT_d_app_AMT_INCOME_TOTAL_pctchange_min,76.49957084655762,7,0.6438075452553923,0.6003314007269089
5,f102_nyg_middle_AMT_CREDIT_d_AMT_APPLICATION_diff_mean,70.84789943695068,6,0.6438075452553923,0.6003314007269089
5,f102_nyg_middle_AMT_GOODS_PRICE_d_app_AMT_GOODS_PRICE_mean,20.573159217834473,2,0.6438075452553923,0.6003314007269089
5,f102_nyg_middle_DAYS_LAST_DUE_1ST_VERSION_s_DAYS_DECISIONS_mean,84.55712032318115,7,0.6438075452553923,0.6003314007269089
5,f102_nyg_middle_DAYS_FIRST_DUE_s_app_DAYS_BIRTH_max,145.42489218711853,7,0.6438075452553923,0.6003314007269089
5,f102_nyg_middle_AMT_CREDIT_s_app_AMT_INCOME_TOTAL_std_div_mean,46.438528060913086,4,0.6438075452553923,0.6003314007269089
5,f102_nyg_middle_AMT_CREDIT_d_app_AMT_CREDIT_mean,66.17913007736206,5,0.6438075452553923,0.6003314007269089
5,f102_nyg_middle_AMT_GOODS_PRICE_d_app_AMT_ANNUITY_pctchange_min,0.0,0,0.6438075452553923,0.6003314007269089
5,f102_nyg_middle_AMT_CREDIT_max,56.9451789855957,4,0.6438075452553923,0.6003314007269089
5,f102_nyg_middle_AMT_CREDIT_mean,61.71873068809509,5,0.6438075452553923,0.6003314007269089
5,f102_nyg_middle_DAYS_FIRST_DUE_s_app_DAYS_BIRTH_min,46.14437007904053,4,0.6438075452553923,0.6003314007269089
5,f102_nyg_middle_DAYS_LAST_DUE_1ST_VERSION_s_DAYS_DECISIONS_min,150.43362092971802,13,0.6438075452553923,0.6003314007269089
5,f102_refused_AMT_ANNUITY_s_app_AMT_GOODS_PRICE_min,505.33738899230957,32,0.6438075452553923,0.6003314007269089
5,f102_nyg_middle_AMT_CREDIT_d_AMT_APPLICATION_pctchange_max,33.69322919845581,3,0.6438075452553923,0.6003314007269089
5,f102_nyg_middle_AMT_CREDIT_d_AMT_APPLICATION_pctchange_mean,65.29382991790771,6,0.6438075452553923,0.6003314007269089
5,f102_refused_AMT_GOODS_PRICE_d_total_debt_min,786.9724712371826,33,0.6438075452553923,0.6003314007269089
5,f102_nyg_middle_amt_paid_min,313.83330219984055,24,0.6438075452553923,0.6003314007269089
5,f102_nyg_middle_AMT_GOODS_PRICE_d_app_AMT_GOODS_PRICE_max,26.13610076904297,2,0.6438075452553923,0.6003314007269089
5,f102_refused_AMT_CREDIT_d_total_debt_mean,457.20894956588745,28,0.6438075452553923,0.6003314007269089
5,f102_nyg_middle_total_debt_min,66.54441022872925,4,0.6438075452553923,0.6003314007269089
5,f102_refused_AMT_GOODS_PRICE_d_total_debt_mean,1383.5603104531765,64,0.6438075452553923,0.6003314007269089
5,f102_nyg_middle_interest_rate_diff_max,426.7995194196701,32,0.6438075452553923,0.6003314007269089
5,f102_nyg_middle_total_debt_max,69.68171119689941,6,0.6438075452553923,0.6003314007269089
5,f102_nyg_middle_total_debt_mean,56.690200328826904,5,0.6438075452553923,0.6003314007269089
5,f102_refused_AMT_CREDIT_d_total_debt_max,531.2435094118118,37,0.6438075452553923,0.6003314007269089
5,f102_refused_AMT_CREDIT_d_total_debt_min,428.6353712081909,27,0.6438075452553923,0.6003314007269089
5,f102_nyg_middle_amt_paid_max,378.7738384306431,33,0.6438075452553923,0.6003314007269089
5,f102_refused_AMT_GOODS_PRICE_d_total_debt_max,1352.5388371944427,65,0.6438075452553923,0.6003314007269089
5,f102_nyg_middle_interest_rate_diff_min,209.14802885055542,21,0.6438075452553923,0.6003314007269089
5,f102_refused_AMT_ANNUITY_s_app_AMT_ANNUITY_d_app_AMT_INCOME_TOTAL_min,493.9468102455139,32,0.6438075452553923,0.6003314007269089
5,f102_refused_AMT_ANNUITY_d_app_AMT_INCOME_TOTAL_min,317.37950706481934,25,0.6438075452553923,0.6003314007269089
5,f102_refused_AMT_ANNUITY_s_app_AMT_GOODS_PRICE_mean,196.99039030075073,15,0.6438075452553923,0.6003314007269089
5,f102_nyg_middle_interest_rate_pctchange_max,355.0151917934418,30,0.6438075452553923,0.6003314007269089
5,f102_nyg_middle_interest_rate_diff_mean,385.3895764350891,28,0.6438075452553923,0.6003314007269089
5,f102_nyg_middle_HOUR_APPR_PROCESS_START_mean,308.14005149900913,27,0.6438075452553923,0.6003314007269089
5,f102_nyg_middle_total_debt_pctchange_mean,51.0652596950531,7,0.6438075452553923,0.6003314007269089
5,f102_nyg_middle_DAYS_TERMINATION_d_app_DAYS_EMPLOYED_min,15.14564037322998,2,0.6438075452553923,0.6003314007269089
5,f102_nyg_middle_total_debt_diff_mean,26.518959045410156,3,0.6438075452553923,0.6003314007269089
5,f102_refused_AMT_CREDIT_d_total_debt_pctchange_min,146.70175993442535,17,0.6438075452553923,0.6003314007269089
5,f102_nyg_middle_total_debt_diff_max,65.95758104324341,6,0.6438075452553923,0.6003314007269089
5,f102_nyg_middle_total_debt_pctchange_max,127.62740898132324,11,0.6438075452553923,0.6003314007269089
5,f102_nyg_middle_HOUR_APPR_PROCESS_START_min,145.32358932495117,15,0.6438075452553923,0.6003314007269089
5,f102_nyg_middle_amt_paid_mean,311.3088026046753,22,0.6438075452553923,0.6003314007269089
5,f102_nyg_middle_amt_paid_sum,221.19101190567017,18,0.6438075452553923,0.6003314007269089
5,f102_nyg_middle_RATE_DOWN_PAYMENT_max,96.93569946289062,6,0.6438075452553923,0.6003314007269089
5,f102_refused_AMT_ANNUITY_s_app_AMT_ANNUITY_min,354.13227939605713,21,0.6438075452553923,0.6003314007269089
5,f102_refused_AMT_CREDIT_d_AMT_APPLICATION_diff_max,98.36867904663086,7,0.6438075452553923,0.6003314007269089
5,f102_refused_AMT_ANNUITY_s_app_AMT_ANNUITY_d_app_AMT_INCOME_TOTAL_max,387.12547993659973,26,0.6438075452553923,0.6003314007269089
5,f102_refused_AMT_GOODS_PRICE_d_AMT_CREDIT_pctchange_min,90.72347861528397,9,0.6438075452553923,0.6003314007269089
5,f102_refused_AMT_ANNUITY_s_app_AMT_ANNUITY_d_app_AMT_INCOME_TOTAL_mean,574.4107913970947,32,0.6438075452553923,0.6003314007269089
5,f102_refused_AMT_APPLICATION_m_app_AMT_GOODS_PRICE_d_app_AMT_INCOME_TOTAL_min,64.77849912643433,8,0.6438075452553923,0.6003314007269089
5,f102_refused_AMT_ANNUITY_s_app_AMT_GOODS_PRICE_max,431.85551166534424,34,0.6438075452553923,0.6003314007269089
5,f102_refused_AMT_ANNUITY_s_app_AMT_ANNUITY_mean,387.0694637298584,22,0.6438075452553923,0.6003314007269089
5,f102_refused_AMT_GOODS_PRICE_d_AMT_ANNUITY_min,127.79252028465271,14,0.6438075452553923,0.6003314007269089
5,f102_nyg_middle_interest_rate_pctchange_min,115.36067116260529,10,0.6438075452553923,0.6003314007269089
5,f102_refused_AMT_ANNUITY_s_app_AMT_CREDIT_min,277.0603919029236,22,0.6438075452553923,0.6003314007269089
5,f102_refused_AMT_ANNUITY_d_app_AMT_GOODS_PRICE_min,102.1557502746582,8,0.6438075452553923,0.6003314007269089
5,f102_refused_AMT_ANNUITY_d_app_AMT_INCOME_TOTAL_diff_max,169.27250027656555,17,0.6438075452553923,0.6003314007269089
5,f102_refused_AMT_GOODS_PRICE_d_AMT_ANNUITY_max,164.42391109466553,14,0.6438075452553923,0.6003314007269089
5,f102_refused_AMT_ANNUITY_s_app_AMT_ANNUITY_max,181.9086594581604,13,0.6438075452553923,0.6003314007269089
5,f102_refused_AMT_APPLICATION_m_app_AMT_GOODS_PRICE_d_app_AMT_INCOME_TOTAL_pctchange_mean,38.01018977165222,5,0.6438075452553923,0.6003314007269089
5,f102_refused_AMT_CREDIT_d_total_debt_diff_min,75.1751811504364,7,0.6438075452553923,0.6003314007269089
5,f102_nyg_middle_interest_rate_pctchange_mean,168.83293890953064,15,0.6438075452553923,0.6003314007269089
5,f102_refused_AMT_ANNUITY_s_app_AMT_CREDIT_mean,358.0045394897461,25,0.6438075452553923,0.6003314007269089
5,f102_refused_AMT_ANNUITY_max,74.46168947219849,6,0.6438075452553923,0.6003314007269089
5,f102_refused_AMT_CREDIT_d_AMT_ANNUITY_min,150.53082942962646,15,0.6438075452553923,0.6003314007269089
5,f102_refused_AMT_ANNUITY_s_app_AMT_CREDIT_max,422.94199085235596,26,0.6438075452553923,0.6003314007269089
5,f102_refused_AMT_ANNUITY_d_app_AMT_ANNUITY_pctchange_mean,375.28023862838745,29,0.6438075452553923,0.6003314007269089
5,f102_refused_AMT_GOODS_PRICE_d_total_debt_pctchange_min,79.7974603176117,7,0.6438075452553923,0.6003314007269089
5,f102_refused_AMT_ANNUITY_d_app_AMT_CREDIT_max,169.34513089805841,14,0.6438075452553923,0.6003314007269089
5,f102_refused_AMT_APPLICATION_s_app_AMT_CREDIT_d_app_AMT_INCOME_TOTAL_mean,170.63441061973572,15,0.6438075452553923,0.6003314007269089
5,f102_nyg_middle_cnt_unpaid_max,29.56535005569458,3,0.6438075452553923,0.6003314007269089
5,f102_refused_AMT_APPLICATION_s_app_AMT_CREDIT_d_app_AMT_INCOME_TOTAL_min,65.54155921936035,6,0.6438075452553923,0.6003314007269089
5,f102_refused_AMT_APPLICATION_s_app_AMT_INCOME_TOTAL_std_div_mean,89.87601947784424,10,0.6438075452553923,0.6003314007269089
5,f102_refused_AMT_ANNUITY_d_app_AMT_GOODS_PRICE_mean,149.94872045516968,13,0.6438075452553923,0.6003314007269089
5,f102_refused_AMT_GOODS_PRICE_d_AMT_ANNUITY_pctchange_min,0.0,0,0.6438075452553923,0.6003314007269089
5,f102_refused_AMT_APPLICATION_d_app_AMT_ANNUITY_min,159.7189965248108,10,0.6438075452553923,0.6003314007269089
5,f102_refused_AMT_CREDIT_d_AMT_ANNUITY_diff_min,47.90236949920654,5,0.6438075452553923,0.6003314007269089
5,f102_refused_AMT_ANNUITY_d_app_AMT_ANNUITY_max,258.84731101989746,17,0.6438075452553923,0.6003314007269089
5,f102_refused_AMT_CREDIT_m_app_AMT_GOODS_PRICE_d_app_AMT_INCOME_TOTAL_pctchange_min,144.26885986328125,11,0.6438075452553923,0.6003314007269089
5,f102_refused_AMT_ANNUITY_d_app_AMT_CREDIT_min,134.32652974128723,12,0.6438075452553923,0.6003314007269089
5,f102_refused_AMT_CREDIT_d_AMT_APPLICATION_max,264.46348905563354,9,0.6438075452553923,0.6003314007269089
5,f102_nyg_middle_cnt_unpaid_sum,141.24839878082275,10,0.6438075452553923,0.6003314007269089
5,f102_refused_AMT_ANNUITY_d_app_AMT_ANNUITY_mean,215.60895204544067,14,0.6438075452553923,0.6003314007269089
5,f102_refused_AMT_APPLICATION_s_app_AMT_INCOME_TOTAL_max,51.3766713142395,6,0.6438075452553923,0.6003314007269089
5,f102_refused_AMT_GOODS_PRICE_d_AMT_ANNUITY_mean,213.95223903656006,18,0.6438075452553923,0.6003314007269089
5,f102_nyg_middle_amt_unpaid_max,57.884146637283266,8,0.6438075452553923,0.6003314007269089
5,f102_refused_AMT_GOODS_PRICE_d_AMT_ANNUITY_diff_min,68.46540880203247,6,0.6438075452553923,0.6003314007269089
5,f102_refused_AMT_APPLICATION_m_app_AMT_GOODS_PRICE_d_app_AMT_INCOME_TOTAL_pctchange_min,141.77610969543457,9,0.6438075452553923,0.6003314007269089
5,f102_nyg_middle_amt_unpaid_min,96.62711119651794,9,0.6438075452553923,0.6003314007269089
5,f102_refused_AMT_APPLICATION_s_app_AMT_CREDIT_d_app_AMT_INCOME_TOTAL_pctchange_min,37.14046001434326,6,0.6438075452553923,0.6003314007269089
5,f102_refused_AMT_APPLICATION_s_app_AMT_CREDIT_d_app_AMT_INCOME_TOTAL_pctchange_mean,109.85351991653442,11,0.6438075452553923,0.6003314007269089
5,f102_nyg_middle_DAYS_LAST_DUE_s_app_DAYS_REGISTRATION_min,333.2763818502426,22,0.6438075452553923,0.6003314007269089
5,f102_nyg_middle_RATE_DOWN_PAYMENT_mean,46.54112958908081,4,0.6438075452553923,0.6003314007269089
5,f102_nyg_middle_DAYS_TERMINATION_d_app_DAYS_EMPLOYED_mean,50.49294996261597,6,0.6438075452553923,0.6003314007269089
5,f102_refused_AMT_ANNUITY_min,238.57281231880188,18,0.6438075452553923,0.6003314007269089
5,f102_refused_AMT_GOODS_PRICE_d_AMT_ANNUITY_diff_mean,98.36761093139648,12,0.6438075452553923,0.6003314007269089
5,f102_refused_AMT_CREDIT_d_AMT_APPLICATION_min,276.25773906707764,19,0.6438075452553923,0.6003314007269089
5,f102_refused_AMT_CREDIT_d_app_AMT_ANNUITY_min,136.36781787872314,10,0.6438075452553923,0.6003314007269089
5,f102_nyg_middle_DAYS_TERMINATION_d_app_DAYS_EMPLOYED_max,0.0,0,0.6438075452553923,0.6003314007269089
5,f102_refused_AMT_CREDIT_s_app_AMT_CREDIT_d_app_AMT_INCOME_TOTAL_min,53.30742120742798,5,0.6438075452553923,0.6003314007269089
5,f102_refused_AMT_APPLICATION_s_app_AMT_CREDIT_min,105.16690039634705,10,0.6438075452553923,0.6003314007269089
5,f102_nyg_middle_cnt_unpaid_mean,100.51938152313232,8,0.6438075452553923,0.6003314007269089
5,f102_nyg_middle_DAYS_LAST_DUE_s_app_DAYS_BIRTH_mean,46.98776960372925,5,0.6438075452553923,0.6003314007269089
5,f102_nyg_middle_total_debt_std,24.708878993988037,2,0.6438075452553923,0.6003314007269089
5,f102_refused_AMT_CREDIT_d_AMT_ANNUITY_pctchange_mean,75.27908039093018,9,0.6438075452553923,0.6003314007269089
5,f102_refused_AMT_APPLICATION_s_app_AMT_ANNUITY_d_app_AMT_INCOME_TOTAL_min,99.10021114349365,9,0.6438075452553923,0.6003314007269089
5,f102_refused_AMT_ANNUITY_d_app_AMT_ANNUITY_pctchange_max,216.4332799911499,19,0.6438075452553923,0.6003314007269089
5,f102_refused_AMT_CREDIT_d_total_debt_std_div_mean,72.51630926132202,8,0.6438075452553923,0.6003314007269089
5,f102_nyg_middle_DAYS_LAST_DUE_s_app_DAYS_ID_PUBLISH_max,45.617919921875,5,0.6438075452553923,0.6003314007269089
5,f102_refused_AMT_CREDIT_d_AMT_ANNUITY_diff_max,150.47633969783783,15,0.6438075452553923,0.6003314007269089
5,f102_refused_AMT_ANNUITY_mean,113.92663955688477,11,0.6438075452553923,0.6003314007269089
5,f102_refused_AMT_CREDIT_s_app_AMT_CREDIT_d_app_AMT_INCOME_TOTAL_pctchange_min,98.19582659006119,12,0.6438075452553923,0.6003314007269089
5,f102_nyg_middle_NAME_CLIENT_TYPE_New_mean,629.7144706249237,32,0.6438075452553923,0.6003314007269089
5,f102_refused_AMT_GOODS_PRICE_d_total_debt_std_div_mean,145.41669750213623,10,0.6438075452553923,0.6003314007269089
5,f102_nyg_middle_cnt_paid_sum,31.903829336166382,4,0.6438075452553923,0.6003314007269089
5,f102_refused_AMT_CREDIT_d_AMT_ANNUITY_pctchange_max,247.17104196548462,21,0.6438075452553923,0.6003314007269089
5,f102_refused_AMT_GOODS_PRICE_d_AMT_ANNUITY_pctchange_mean,97.97956943511963,10,0.6438075452553923,0.6003314007269089
5,f102_refused_AMT_GOODS_PRICE_d_AMT_CREDIT_min,125.88960075378418,7,0.6438075452553923,0.6003314007269089
5,f102_nyg_middle_DAYS_LAST_DUE_s_app_DAYS_LAST_PHONE_CHANGE_max,112.55922937393188,7,0.6438075452553923,0.6003314007269089
5,f102_refused_AMT_GOODS_PRICE_d_AMT_CREDIT_mean,520.5094132423401,35,0.6438075452553923,0.6003314007269089
5,f102_refused_AMT_CREDIT_s_app_AMT_INCOME_TOTAL_mean,84.75070095062256,6,0.6438075452553923,0.6003314007269089
5,f102_refused_AMT_ANNUITY_m_app_AMT_GOODS_PRICE_d_app_AMT_INCOME_TOTAL_diff_max,60.69833993911743,5,0.6438075452553923,0.6003314007269089
5,f102_nyg_middle_amt_unpaid_mean,100.91249072551727,11,0.6438075452553923,0.6003314007269089
5,f102_refused_AMT_GOODS_PRICE_d_AMT_ANNUITY_diff_max,86.47981929779053,8,0.6438075452553923,0.6003314007269089
5,f102_nyg_middle_DAYS_LAST_DUE_s_app_DAYS_LAST_PHONE_CHANGE_min,26.075000762939453,2,0.6438075452553923,0.6003314007269089
5,f102_nyg_middle_RATE_DOWN_PAYMENT_min,23.0024995803833,2,0.6438075452553923,0.6003314007269089
5,f102_refused_AMT_APPLICATION_s_app_AMT_INCOME_TOTAL_min,40.156230449676514,6,0.6438075452553923,0.6003314007269089
5,f102_nyg_middle_interest_rate_std_div_mean,92.53414916992188,9,0.6438075452553923,0.6003314007269089
5,f102_refused_AMT_GOODS_PRICE_d_AMT_ANNUITY_max_div_min,101.27926921844482,9,0.6438075452553923,0.6003314007269089
5,f102_refused_AMT_APPLICATION_d_app_AMT_INCOME_TOTAL_min,82.6301999092102,9,0.6438075452553923,0.6003314007269089
5,f102_refused_AMT_CREDIT_d_app_AMT_GOODS_PRICE_min,52.50177049636841,5,0.6438075452553923,0.6003314007269089
5,f102_nyg_middle_cnt_paid_ratio_min,182.49290132522583,14,0.6438075452553923,0.6003314007269089
5,f102_nyg_middle_interest_rate_pctchange_std,0.0,0,0.6438075452553923,0.6003314007269089
5,f102_nyg_middle_DAYS_TERMINATION_s_app_DAYS_ID_PUBLISH_max,74.02039909362793,8,0.6438075452553923,0.6003314007269089
5,f102_refused_AMT_GOODS_PRICE_d_AMT_ANNUITY_pctchange_max,175.40292024612427,18,0.6438075452553923,0.6003314007269089
5,f102_refused_AMT_CREDIT_d_AMT_ANNUITY_diff_mean,87.89609038829803,8,0.6438075452553923,0.6003314007269089
5,f102_nyg_middle_DAYS_TERMINATION_s_app_DAYS_LAST_PHONE_CHANGE_max,15.10200023651123,1,0.6438075452553923,0.6003314007269089
5,f102_refused_AMT_ANNUITY_s_app_AMT_ANNUITY_d_app_AMT_INCOME_TOTAL_pctchange_std,43.34456014633179,5,0.6438075452553923,0.6003314007269089
5,f102_nyg_middle_DAYS_LAST_DUE_s_app_DAYS_REGISTRATION_max,202.072660446167,13,0.6438075452553923,0.6003314007269089
5,f102_refused_AMT_GOODS_PRICE_d_app_AMT_ANNUITY_min,35.01394033432007,4,0.6438075452553923,0.6003314007269089
5,f102_refused_AMT_APPLICATION_d_app_AMT_GOODS_PRICE_mean,105.33828020095825,8,0.6438075452553923,0.6003314007269089
5,f102_refused_AMT_ANNUITY_d_app_AMT_CREDIT_mean,159.69696760177612,10,0.6438075452553923,0.6003314007269089
5,f102_refused_AMT_CREDIT_d_AMT_APPLICATION_mean,222.8695502281189,14,0.6438075452553923,0.6003314007269089
5,f102_refused_AMT_APPLICATION_d_app_AMT_ANNUITY_mean,206.64586114883423,14,0.6438075452553923,0.6003314007269089
5,f102_refused_AMT_CREDIT_d_AMT_ANNUITY_pctchange_min,113.74065136909485,9,0.6438075452553923,0.6003314007269089
5,f102_nyg_middle_DAYS_TERMINATION_s_DAYS_LAST_DUE_1ST_VERSION_min,156.305730342865,14,0.6438075452553923,0.6003314007269089
5,f102_refused_AMT_CREDIT_s_app_AMT_INCOME_TOTAL_min,42.76358985900879,4,0.6438075452553923,0.6003314007269089
5,f102_refused_AMT_ANNUITY_d_app_AMT_ANNUITY_min,174.89153933525085,17,0.6438075452553923,0.6003314007269089
5,f102_refused_AMT_APPLICATION_s_app_AMT_INCOME_TOTAL_mean,104.60811972618103,13,0.6438075452553923,0.6003314007269089
5,f102_refused_AMT_CREDIT_d_total_debt_pctchange_std,25.809200286865234,2,0.6438075452553923,0.6003314007269089
5,f102_nyg_middle_DAYS_TERMINATION_s_DAYS_LAST_DUE_1ST_VERSION_mean,180.9749698638916,17,0.6438075452553923,0.6003314007269089
5,f102_refused_AMT_ANNUITY_d_app_AMT_ANNUITY_std_div_mean,108.72868776321411,9,0.6438075452553923,0.6003314007269089
5,f102_refused_AMT_CREDIT_d_AMT_APPLICATION_diff_std,199.123197555542,14,0.6438075452553923,0.6003314007269089
5,f102_refused_AMT_APPLICATION_s_app_AMT_ANNUITY_min,30.687370777130127,4,0.6438075452553923,0.6003314007269089
5,f102_nyg_middle_DAYS_TERMINATION_s_DAYS_LAST_DUE_1ST_VERSION_max,42.04830026626587,4,0.6438075452553923,0.6003314007269089
5,f102_nyg_middle_DAYS_TERMINATION_s_app_DAYS_REGISTRATION_max,74.51843070983887,5,0.6438075452553923,0.6003314007269089
5,f102_refused_DAYS_DECISION_s_app_DAYS_BIRTH_mean,3765.985055208206,43,0.6438075452553923,0.6003314007269089
5,f102_nyg_middle_DAYS_LAST_DUE_s_app_DAYS_ID_PUBLISH_mean,61.56507873535156,6,0.6438075452553923,0.6003314007269089
5,f102_refused_AMT_CREDIT_d_app_AMT_ANNUITY_max,170.5335898399353,11,0.6438075452553923,0.6003314007269089
5,f102_refused_DAYS_DECISION_d_app_DAYS_EMPLOYED_max,4327.703272342682,33,0.6438075452553923,0.6003314007269089
5,f102_refused_DAYS_DECISION_s_app_DAYS_BIRTH_min,2952.11079454422,40,0.6438075452553923,0.6003314007269089
5,f102_refused_DAYS_DECISION_s_app_DAYS_LAST_PHONE_CHANGE_min,3715.4548745155334,62,0.6438075452553923,0.6003314007269089
5,f102_refused_AMT_GOODS_PRICE_s_app_AMT_CREDIT_min,61.363640785217285,4,0.6438075452553923,0.6003314007269089
5,f102_refused_AMT_GOODS_PRICE_m_app_AMT_GOODS_PRICE_d_app_AMT_INCOME_TOTAL_min,6.643040180206299,1,0.6438075452553923,0.6003314007269089
5,f102_refused_DAYS_DECISION_s_app_DAYS_BIRTH_max,3222.628897666931,45,0.6438075452553923,0.6003314007269089
5,f102_refused_DAYS_DECISION_s_app_DAYS_LAST_PHONE_CHANGE_max,553.2950574159622,30,0.6438075452553923,0.6003314007269089
5,f102_refused_AMT_GOODS_PRICE_s_app_AMT_ANNUITY_d_app_AMT_INCOME_TOTAL_min,34.53112030029297,3,0.6438075452553923,0.6003314007269089
5,f102_refused_AMT_GOODS_PRICE_s_app_AMT_CREDIT_d_app_AMT_INCOME_TOTAL_min,114.31948184967041,8,0.6438075452553923,0.6003314007269089
5,f102_refused_HOUR_APPR_PROCESS_START_mean,823.1277626752853,51,0.6438075452553923,0.6003314007269089
5,f102_refused_AMT_GOODS_PRICE_s_app_AMT_CREDIT_d_app_AMT_INCOME_TOTAL_mean,156.55397033691406,12,0.6438075452553923,0.6003314007269089
5,f102_refused_DAYS_DECISION_d_app_DAYS_EMPLOYED_mean,823.8643035590649,17,0.6438075452553923,0.6003314007269089
5,f102_refused_DAYS_DECISION_s_app_DAYS_ID_PUBLISH_min,987.5509746074677,57,0.6438075452553923,0.6003314007269089
5,f102_refused_DAYS_DECISION_s_app_DAYS_ID_PUBLISH_max,532.6054295301437,38,0.6438075452553923,0.6003314007269089
5,f102_refused_DAYS_DECISION_d_app_DAYS_EMPLOYED_min,269.2734577655792,25,0.6438075452553923,0.6003314007269089
5,f102_refused_DAYS_DECISION_s_app_DAYS_LAST_PHONE_CHANGE_mean,2088.6360692977905,35,0.6438075452553923,0.6003314007269089
5,f102_refused_DAYS_DECISION_s_app_DAYS_REGISTRATION_mean,279.6552596092224,30,0.6438075452553923,0.6003314007269089
5,f102_refused_DAYS_DECISION_s_app_DAYS_EMPLOYED_mean,579.1418349742889,38,0.6438075452553923,0.6003314007269089
5,f102_refused_DAYS_DECISION_s_app_DAYS_LAST_PHONE_CHANGE_std_div_mean,466.34959506988525,27,0.6438075452553923,0.6003314007269089
5,f102_refused_DAYS_DECISION_s_app_DAYS_REGISTRATION_min,244.27544808387756,18,0.6438075452553923,0.6003314007269089
5,f102_refused_DAYS_DECISION_s_app_DAYS_ID_PUBLISH_mean,494.62862038612366,26,0.6438075452553923,0.6003314007269089
5,f102_refused_AMT_GOODS_PRICE_m_app_AMT_GOODS_PRICE_d_app_AMT_INCOME_TOTAL_pctchange_mean,16.189540147781372,3,0.6438075452553923,0.6003314007269089
5,f102_refused_DAYS_DECISION_s_app_DAYS_REGISTRATION_max,220.0165524482727,12,0.6438075452553923,0.6003314007269089
5,f102_refused_AMT_GOODS_PRICE_s_app_AMT_CREDIT_d_app_AMT_INCOME_TOTAL_pctchange_min,24.324999809265137,2,0.6438075452553923,0.6003314007269089
5,f102_refused_DAYS_DECISION_s_app_DAYS_EMPLOYED_max,915.2447693943977,34,0.6438075452553923,0.6003314007269089
5,f102_refused_AMT_GOODS_PRICE_s_app_AMT_CREDIT_d_app_AMT_INCOME_TOTAL_pctchange_mean,43.079570055007935,5,0.6438075452553923,0.6003314007269089
5,f102_refused_AMT_GOODS_PRICE_s_app_AMT_INCOME_TOTAL_min,23.386879920959473,3,0.6438075452553923,0.6003314007269089
5,f102_refused_AMT_GOODS_PRICE_m_app_AMT_GOODS_PRICE_d_app_AMT_INCOME_TOTAL_pctchange_min,56.17780876159668,6,0.6438075452553923,0.6003314007269089
5,f102_refused_AMT_GOODS_PRICE_s_app_AMT_INCOME_TOTAL_max,0.0,0,0.6438075452553923,0.6003314007269089
5,f102_refused_AMT_GOODS_PRICE_s_app_AMT_ANNUITY_max,61.11812973022461,6,0.6438075452553923,0.6003314007269089
5,f102_refused_AMT_GOODS_PRICE_s_app_AMT_ANNUITY_min,49.0890007019043,3,0.6438075452553923,0.6003314007269089
5,f102_refused_DAYS_DECISION_s_app_DAYS_EMPLOYED_min,1262.135443687439,45,0.6438075452553923,0.6003314007269089
5,f102_refused_AMT_GOODS_PRICE_s_app_AMT_INCOME_TOTAL_mean,11.492199897766113,1,0.6438075452553923,0.6003314007269089
5,f102_refused_HOUR_APPR_PROCESS_START_std_div_mean,250.60099005699158,23,0.6438075452553923,0.6003314007269089
5,f102_refused_DAYS_DECISION_s_app_DAYS_EMPLOYED_std_div_mean,1856.480767250061,48,0.6438075452553923,0.6003314007269089
5,f102_refused_HOUR_APPR_PROCESS_START_min,671.4776923656464,32,0.6438075452553923,0.6003314007269089
5,f102_refused_AMT_GOODS_PRICE_s_app_AMT_ANNUITY_mean,38.0635199546814,4,0.6438075452553923,0.6003314007269089
5,f102_refused_AMT_GOODS_PRICE_s_app_AMT_INCOME_TOTAL_std_div_mean,0.0,0,0.6438075452553923,0.6003314007269089
5,f102_refused_DAYS_DECISION_d_app_DAYS_EMPLOYED_std,222.0091302394867,18,0.6438075452553923,0.6003314007269089
5,f102_refused_AMT_GOODS_PRICE_min,43.42884063720703,4,0.6438075452553923,0.6003314007269089
5,f102_refused_AMT_GOODS_PRICE_mean,60.762579917907715,4,0.6438075452553923,0.6003314007269089
5,f102_refused_HOUR_APPR_PROCESS_START_std,215.94998979568481,15,0.6438075452553923,0.6003314007269089
5,f102_refused_DAYS_DECISION_d_app_DAYS_LAST_PHONE_CHANGE_std_div_mean,228.78884840011597,18,0.6438075452553923,0.6003314007269089
5,f102_refused_AMT_GOODS_PRICE_s_app_AMT_ANNUITY_d_app_AMT_INCOME_TOTAL_std_div_mean,114.37630033493042,9,0.6438075452553923,0.6003314007269089
5,f102_refused_AMT_GOODS_PRICE_max_div_min,62.96322965621948,7,0.6438075452553923,0.6003314007269089
5,f102_refused_AMT_GOODS_PRICE_max,28.99176025390625,3,0.6438075452553923,0.6003314007269089
5,f102_refused_AMT_GOODS_PRICE_s_app_AMT_CREDIT_d_app_AMT_INCOME_TOTAL_pctchange_std,27.149130821228027,3,0.6438075452553923,0.6003314007269089
5,f102_refused_NAME_CONTRACT_TYPE_Cash_loans_sum,22.28700065612793,2,0.6438075452553923,0.6003314007269089
5,f102_refused_DAYS_DECISION_d_app_DAYS_EMPLOYED_std_div_mean,602.5137758255005,25,0.6438075452553923,0.6003314007269089
5,f102_refused_AMT_GOODS_PRICE_std_div_mean,119.4067108631134,8,0.6438075452553923,0.6003314007269089
5,f102_refused_DAYS_DECISION_s_app_DAYS_BIRTH_std,277.1798505783081,20,0.6438075452553923,0.6003314007269089
5,f102_refused_AMT_GOODS_PRICE_s_app_AMT_ANNUITY_diff_std,9.436590194702148,1,0.6438075452553923,0.6003314007269089
5,f102_refused_DAYS_DECISION_d_app_DAYS_BIRTH_std_div_mean,345.32244300842285,16,0.6438075452553923,0.6003314007269089
5,f102_refused_AMT_GOODS_PRICE_m_app_AMT_GOODS_PRICE_d_app_AMT_INCOME_TOTAL_pctchange_std_div_mean,80.40289998054504,7,0.6438075452553923,0.6003314007269089
5,f102_refused_AMT_GOODS_PRICE_s_app_AMT_GOODS_PRICE_pctchange_min,34.39142942428589,3,0.6438075452553923,0.6003314007269089
5,f102_refused_HOUR_APPR_PROCESS_START_max_div_min,219.84567260742188,14,0.6438075452553923,0.6003314007269089
5,f102_refused_AMT_GOODS_PRICE_s_app_AMT_GOODS_PRICE_pctchange_std,8.274510383605957,1,0.6438075452553923,0.6003314007269089
5,f102_refused_AMT_GOODS_PRICE_s_app_AMT_CREDIT_d_app_AMT_INCOME_TOTAL_pctchange_std_div_mean,29.303680419921875,3,0.6438075452553923,0.6003314007269089
5,f102_refused_AMT_GOODS_PRICE_s_app_AMT_CREDIT_pctchange_mean,27.132699966430664,2,0.6438075452553923,0.6003314007269089
5,f102_refused_AMT_GOODS_PRICE_s_app_AMT_CREDIT_pctchange_min,50.76369857788086,3,0.6438075452553923,0.6003314007269089
5,f102_refused_AMT_GOODS_PRICE_s_app_AMT_ANNUITY_d_app_AMT_INCOME_TOTAL_diff_std_div_mean,83.65947914123535,7,0.6438075452553923,0.6003314007269089
5,f102_refused_CODE_REJECT_REASON_SCOFR_mean,700.298098564148,24,0.6438075452553923,0.6003314007269089
5,f102_refused_AMT_GOODS_PRICE_s_app_AMT_GOODS_PRICE_pctchange_mean,11.61702036857605,2,0.6438075452553923,0.6003314007269089
5,f102_refused_CODE_REJECT_REASON_HC_mean,68.63889932632446,6,0.6438075452553923,0.6003314007269089
5,f102_refused_AMT_GOODS_PRICE_s_app_AMT_CREDIT_d_app_AMT_INCOME_TOTAL_diff_std_div_mean,53.29896926879883,6,0.6438075452553923,0.6003314007269089
5,f102_refused_CHANNEL_TYPE_Credit_and_cash_offices_sum,209.5971908569336,16,0.6438075452553923,0.6003314007269089
5,f102_refused_CHANNEL_TYPE_AP___Cash_loan__mean,611.8821020126343,30,0.6438075452553923,0.6003314007269089
5,f102_refused_NAME_CLIENT_TYPE_Repeater_sum,0.0,0,0.6438075452553923,0.6003314007269089
5,f102_refused_DAYS_DECISION_s_app_DAYS_EMPLOYED_std,121.341224193573,6,0.6438075452553923,0.6003314007269089
5,f102_refused_AMT_GOODS_PRICE_s_app_AMT_ANNUITY_std_div_mean,6.1712799072265625,1,0.6438075452553923,0.6003314007269089
5,f102_refused_CODE_REJECT_REASON_SCOFR_sum,171.3022084236145,10,0.6438075452553923,0.6003314007269089
5,f102_refused_CHANNEL_TYPE_Country_wide_sum,0.0,0,0.6438075452553923,0.6003314007269089
5,f102_refused_CHANNEL_TYPE_AP___Cash_loan__sum,163.14050102233887,9,0.6438075452553923,0.6003314007269089
5,f102_refused_AMT_GOODS_PRICE_s_app_AMT_CREDIT_diff_std,10.088000297546387,1,0.6438075452553923,0.6003314007269089
5,f102_refused_DAYS_DECISION_d_app_DAYS_ID_PUBLISH_std_div_mean,261.0841007232666,14,0.6438075452553923,0.6003314007269089
5,f102_refused_AMT_GOODS_PRICE_s_app_AMT_CREDIT_pctchange_std,10.163299560546875,1,0.6438075452553923,0.6003314007269089
5,f102_refused_AMT_GOODS_PRICE_s_app_AMT_GOODS_PRICE_diff_std,5.7304301261901855,1,0.6438075452553923,0.6003314007269089
5,f102_refused_DAYS_DECISION_s_app_DAYS_ID_PUBLISH_std,93.96670150756836,4,0.6438075452553923,0.6003314007269089
5,f102_refused_NAME_CASH_LOAN_PURPOSE_Other_mean,0.0,0,0.6438075452553923,0.6003314007269089
5,f102_refused_DAYS_DECISION_d_app_DAYS_REGISTRATION_std_div_mean,66.21646022796631,4,0.6438075452553923,0.6003314007269089
5,f102_refused_DAYS_DECISION_s_app_DAYS_REGISTRATION_std,26.933900833129883,1,0.6438075452553923,0.6003314007269089
5,f102_refused_DAYS_DECISION_s_app_DAYS_LAST_PHONE_CHANGE_std,101.46150302886963,3,0.6438075452553923,0.6003314007269089
5,f102_refused_FLAG_LAST_APPL_PER_CONTRACT_mean,0.0,0,0.6438075452553923,0.6003314007269089
5,f102_refused_NAME_CASH_LOAN_PURPOSE_Urgent_needs_sum,0.0,0,0.6438075452553923,0.6003314007269089
5,f102_refused_CODE_REJECT_REASON_LIMIT_sum,0.0,0,0.6438075452553923,0.6003314007269089
5,f102_refused_NAME_CLIENT_TYPE_New_sum,0.0,0,0.6438075452553923,0.6003314007269089
5,f102_refused_interest_rate_diff_max,315.0983998775482,28,0.6438075452553923,0.6003314007269089
5,f102_refused_AMT_GOODS_PRICE_s_app_AMT_INCOME_TOTAL_diff_std,0.0,0,0.6438075452553923,0.6003314007269089
5,f102_refused_NAME_CASH_LOAN_PURPOSE_Other_sum,0.0,0,0.6438075452553923,0.6003314007269089
5,f102_refused_total_debt_min,124.24056029319763,14,0.6438075452553923,0.6003314007269089
5,f102_refused_interest_rate_max,617.7541437149048,14,0.6438075452553923,0.6003314007269089
5,f102_refused_interest_rate_mean,1144.299585700035,23,0.6438075452553923,0.6003314007269089
5,f102_refused_interest_rate_diff_std,212.99397897720337,20,0.6438075452553923,0.6003314007269089
5,f102_refused_interest_rate_diff_std_div_mean,280.2781397998333,21,0.6438075452553923,0.6003314007269089
5,f102_refused_total_debt_max_div_min,94.62857961654663,8,0.6438075452553923,0.6003314007269089
5,f102_refused_interest_rate_std_div_mean,79.08446025848389,7,0.6438075452553923,0.6003314007269089
5,f102_refused_total_debt_std_div_mean,136.5785493850708,10,0.6438075452553923,0.6003314007269089
5,f102_refused_interest_rate_std,92.68075942993164,8,0.6438075452553923,0.6003314007269089
5,f102_refused_SELLERPLACE_AREA_std_div_mean,821.5967535972595,44,0.6438075452553923,0.6003314007269089
5,f102_refused_interest_rate_max_div_min,27.99690055847168,2,0.6438075452553923,0.6003314007269089
5,f102_refused_NAME_SELLER_INDUSTRY_XNA_sum,39.815799713134766,2,0.6438075452553923,0.6003314007269089
5,f102_refused_NAME_PRODUCT_TYPE_walk_in_mean,74.14844083786011,9,0.6438075452553923,0.6003314007269089
5,f102_refused_NAME_TYPE_SUITE_Unaccompanied_mean,94.3166816830635,8,0.6438075452553923,0.6003314007269089
5,f102_refused_WEEKDAY_APPR_PROCESS_START_MONDAY_sum,282.6829090118408,20,0.6438075452553923,0.6003314007269089
5,f102_refused_NAME_PRODUCT_TYPE_x_sell_mean,184.8866605758667,12,0.6438075452553923,0.6003314007269089
5,f102_refused_NAME_CASH_LOAN_PURPOSE_XNA_sum,17.131279945373535,2,0.6438075452553923,0.6003314007269089
5,f102_refused_WEEKDAY_APPR_PROCESS_START_THURSDAY_sum,0.0,0,0.6438075452553923,0.6003314007269089
5,f102_refused_NAME_PAYMENT_TYPE_Cash_through_the_bank_mean,0.0,0,0.6438075452553923,0.6003314007269089
5,f102_refused_WEEKDAY_APPR_PROCESS_START_SUNDAY_mean,22.496999740600586,2,0.6438075452553923,0.6003314007269089
5,f102_refused_NAME_YIELD_GROUP_low_normal_mean,23.867300033569336,2,0.6438075452553923,0.6003314007269089
5,f102_refused_NAME_TYPE_SUITE_Family_mean,0.0,0,0.6438075452553923,0.6003314007269089
5,f102_refused_NAME_PRODUCT_TYPE_walk_in_sum,32.468231320381165,5,0.6438075452553923,0.6003314007269089
5,f102_refused_NAME_SELLER_INDUSTRY_Connectivity_mean,101.51740169525146,6,0.6438075452553923,0.6003314007269089
5,f102_refused_NAME_YIELD_GROUP_middle_mean,11.564630031585693,2,0.6438075452553923,0.6003314007269089
5,f102_refused_PRODUCT_COMBINATION_Card_X_Sell_mean,40.67280030250549,3,0.6438075452553923,0.6003314007269089
5,f102_refused_NAME_PAYMENT_TYPE_XNA_mean,60.603331089019775,6,0.6438075452553923,0.6003314007269089
6,f102_refused_NAME_YIELD_GROUP_low_action_mean,989.3579015731812,31,0.8273972403387528,0.7634376442481874
6,f102_refused_PRODUCT_COMBINATION_Cash_mean,347.6431760787964,16,0.8273972403387528,0.7634376442481874
6,f102_refused_NAME_YIELD_GROUP_high_mean,206.60033226013184,9,0.8273972403387528,0.7634376442481874
6,f102_refused_NAME_YIELD_GROUP_low_normal_sum,1317.3345265388489,55,0.8273972403387528,0.7634376442481874
6,f102_refused_NAME_PRODUCT_TYPE_XNA_mean,476.1188471317291,34,0.8273972403387528,0.7634376442481874
6,f102_refused_NAME_PORTFOLIO_Cash_mean,1003.0660614967346,63,0.8273972403387528,0.7634376442481874
6,f102_refused_NAME_CONTRACT_STATUS_Refused_sum,413.4170219898224,32,0.8273972403387528,0.7634376442481874
6,f102_refused_NAME_GOODS_CATEGORY_XNA_sum,1615.3226561546326,74,0.8273972403387528,0.7634376442481874
6,f102_refused_RATE_DOWN_PAYMENT_mean,1057.6579265594482,34,0.8273972403387528,0.7634376442481874
6,f102_refused_NAME_PORTFOLIO_XNA_mean,709.956919670105,36,0.8273972403387528,0.7634376442481874
6,f102_refused_PRODUCT_COMBINATION_Card_Street_mean,260.49428939819336,19,0.8273972403387528,0.7634376442481874
6,f001_EXT_SOURCES_mean,159313.33100175858,656,0.8273972403387528,0.7634376442481874
6,f002_ORGANIZATION_TYPE,37859.043108940125,2135,0.8273972403387528,0.7634376442481874
6,f001_AMT_GOODS_PRICE-d-AMT_CREDIT,11312.389320373535,365,0.8273972403387528,0.7634376442481874
6,f001_EXT_SOURCES_sum,30352.674660503864,390,0.8273972403387528,0.7634376442481874
6,f001_EXT_SOURCES_prod,6776.381169676781,181,0.8273972403387528,0.7634376442481874
6,f001_AMT_CREDIT-d-AMT_ANNUITY,17176.016709923744,771,0.8273972403387528,0.7634376442481874
6,f001_AMT_ANNUITY-d-AMT_INCOME_TOTAL,5349.279128193855,380,0.8273972403387528,0.7634376442481874
6,f001_EXT_SOURCE_3,19117.935403585434,600,0.8273972403387528,0.7634376442481874
6,f001_AMT_GOODS_PRICE-d-AMT_ANNUITY,8737.653578698635,388,0.8273972403387528,0.7634376442481874
6,f001_DAYS_EMPLOYED,5669.624085366726,232,0.8273972403387528,0.7634376442481874
6,f003_OCCUPATION_TYPE_ta,5880.044167995453,337,0.8273972403387528,0.7634376442481874
6,f001_EXT_SOURCES_2-3,4916.483942389488,296,0.8273972403387528,0.7634376442481874
6,f001_EXT_SOURCE_2,13173.824702978134,450,0.8273972403387528,0.7634376442481874
6,f001_AMT_GOODS_PRICE-s-AMT_CREDIT,5890.205636024475,314,0.8273972403387528,0.7634376442481874
6,f001_DAYS_ID_PUBLISH,4054.220900297165,285,0.8273972403387528,0.7634376442481874
6,f001_DAYS_ID_PUBLISH-s-DAYS_BIRTH,4700.357993483543,292,0.8273972403387528,0.7634376442481874
6,f003_NAME_EDUCATION_TYPE_ta,5946.773441493511,227,0.8273972403387528,0.7634376442481874
6,f001_REGION_POPULATION_RELATIVE,2609.4098957777023,230,0.8273972403387528,0.7634376442481874
6,f001_AMT_GOODS_PRICE,4849.215634584427,272,0.8273972403387528,0.7634376442481874
6,f001_AMT_GOODS_PRICE-s-AMT_CREDIT-d-AMT_INCOME_TOTAL,4115.568778991699,226,0.8273972403387528,0.7634376442481874
6,f001_EXT_SOURCE_1,4819.46751844883,291,0.8273972403387528,0.7634376442481874
6,f001_EXT_SOURCES_std,2163.09896171093,176,0.8273972403387528,0.7634376442481874
6,f001_AMT_CREDIT,3575.5622795820236,182,0.8273972403387528,0.7634376442481874
6,f001_DAYS_LAST_PHONE_CHANGE,2140.802024716162,166,0.8273972403387528,0.7634376442481874
6,f001_DAYS_EMPLOYED-d-DAYS_BIRTH,3759.406130671501,204,0.8273972403387528,0.7634376442481874
6,f001_CODE_GENDER,6231.010481119156,250,0.8273972403387528,0.7634376442481874
6,f001_DAYS_REGISTRATION,1391.4445824623108,111,0.8273972403387528,0.7634376442481874
6,f001_DAYS_LAST_PHONE_CHANGE-s-DAYS_REGISTRATION,1368.2294617891312,124,0.8273972403387528,0.7634376442481874
6,f001_DAYS_REGISTRATION-s-DAYS_BIRTH,1581.2064269781113,150,0.8273972403387528,0.7634376442481874
6,f001_AMT_GOODS_PRICE-d-cnt_adults,2122.8246574401855,152,0.8273972403387528,0.7634376442481874
6,f003_NAME_FAMILY_STATUS_ta,2892.0375399347395,203,0.8273972403387528,0.7634376442481874
6,f001_OWN_CAR_AGE-s-DAYS_EMPLOYED,3578.653643131256,187,0.8273972403387528,0.7634376442481874
6,f001_DAYS_LAST_PHONE_CHANGE-s-DAYS_ID_PUBLISH,1449.3188132792711,142,0.8273972403387528,0.7634376442481874
6,f001_DAYS_LAST_PHONE_CHANGE-d-DAYS_BIRTH,1571.8865345716476,135,0.8273972403387528,0.7634376442481874
6,f001_EXT_SOURCES_1-2,2494.040096759796,193,0.8273972403387528,0.7634376442481874
6,f001_DAYS_LAST_PHONE_CHANGE-s-DAYS_EMPLOYED,2128.6830682754517,112,0.8273972403387528,0.7634376442481874
6,f001_age_finish_payment,2568.0617352724075,125,0.8273972403387528,0.7634376442481874
6,f001_OWN_CAR_AGE-d-DAYS_BIRTH,2597.2626471621916,153,0.8273972403387528,0.7634376442481874
6,f001_AMT_CREDIT-d-CNT_FAM_MEMBERS,2348.604600608349,180,0.8273972403387528,0.7634376442481874
6,f001_DAYS_BIRTH,2054.1504192352295,124,0.8273972403387528,0.7634376442481874
6,f003_ORGANIZATION_TYPE_ta,2381.047389268875,133,0.8273972403387528,0.7634376442481874
6,f001_age,1901.4412704706192,109,0.8273972403387528,0.7634376442481874
6,f001_DAYS_EMPLOYED-s-DAYS_BIRTH-d-DAYS_LAST_PHONE_CHANGE-s-DAYS_BIRTH,2268.055591404438,133,0.8273972403387528,0.7634376442481874
6,f001_DAYS_LAST_PHONE_CHANGE-s-DAYS_BIRTH,2434.213770389557,167,0.8273972403387528,0.7634376442481874
6,f001_EXT_SOURCES_2-1-3,1218.0460833609104,91,0.8273972403387528,0.7634376442481874
6,f001_maxwell_feature,2487.695017039776,129,0.8273972403387528,0.7634376442481874
6,f001_DAYS_EMPLOYED-s-DAYS_BIRTH-d-DAYS_ID_PUBLISH-s-DAYS_BIRTH,1676.3432146906853,149,0.8273972403387528,0.7634376442481874
6,f001_DAYS_ID_PUBLISH-s-DAYS_EMPLOYED,1328.1739780325443,111,0.8273972403387528,0.7634376442481874
6,f001_OWN_CAR_AGE-d-DAYS_EMPLOYED,2673.764714241028,149,0.8273972403387528,0.7634376442481874
6,f001_AMT_GOODS_PRICE-d-CNT_FAM_MEMBERS,1872.0062780771405,150,0.8273972403387528,0.7634376442481874
6,f001_alldocs_kurt,3199.642596244812,133,0.8273972403387528,0.7634376442481874
6,f001_TOTALAREA_MODE,1623.057449042797,103,0.8273972403387528,0.7634376442481874
6,f001_OWN_CAR_AGE-s-DAYS_BIRTH,1321.2216081619263,97,0.8273972403387528,0.7634376442481874
6,f001_EXT_SOURCES_1-2-3,1186.8007692098618,88,0.8273972403387528,0.7634376442481874
6,f001_DEF_30_CNT_SOCIAL_CIRCLE-d-OBS_30_CNT_SOCIAL_CIRCLE,2109.6517462730408,136,0.8273972403387528,0.7634376442481874
6,f001_AMT_CREDIT-d-CNT_CHILDREN,972.7218422293663,87,0.8273972403387528,0.7634376442481874
6,f001_DEF_60_CNT_SOCIAL_CIRCLE-d-OBS_60_CNT_SOCIAL_CIRCLE,2068.208559513092,141,0.8273972403387528,0.7634376442481874
6,f001_LIVINGAREA_MODE,802.3221848607063,71,0.8273972403387528,0.7634376442481874
6,f001_OWN_CAR_AGE,2389.644714951515,119,0.8273972403387528,0.7634376442481874
6,f001_building_score_avg_mean,1173.8743801116943,74,0.8273972403387528,0.7634376442481874
6,f001_building_score_mode_mean,1560.911256313324,97,0.8273972403387528,0.7634376442481874
6,f001_AMT_GOODS_PRICE-d-CNT_CHILDREN,784.0589303970337,73,0.8273972403387528,0.7634376442481874
6,f001_building_score_medi_mean,978.9117093086243,72,0.8273972403387528,0.7634376442481874
6,f103_active_AMT_CREDIT_d_total_debt_min,1031.917950630188,45,0.8273972403387528,0.7634376442481874
6,f103_active_AMT_CREDIT_d_total_debt_mean,777.7340593338013,34,0.8273972403387528,0.7634376442481874
6,f001_LIVINGAREA_AVG,973.3172921538353,66,0.8273972403387528,0.7634376442481874
6,f001_FLAG_WORK_PHONE,1850.8387703895569,111,0.8273972403387528,0.7634376442481874
6,f103_active_AMT_GOODS_PRICE_d_total_debt_min,658.3913803100586,38,0.8273972403387528,0.7634376442481874
6,f001_APARTMENTS_MODE,803.4025783538818,65,0.8273972403387528,0.7634376442481874
6,f003_NAME_HOUSING_TYPE_ta,682.4272246211767,67,0.8273972403387528,0.7634376442481874
6,f003_NAME_INCOME_TYPE_ta,1074.7237222194672,75,0.8273972403387528,0.7634376442481874
6,f001_HOUR_APPR_PROCESS_START,633.8912688493729,69,0.8273972403387528,0.7634376442481874
6,f103_active_AMT_CREDIT_d_total_debt_max,638.8881802558899,36,0.8273972403387528,0.7634376442481874
6,f103_active_AMT_GOODS_PRICE_d_total_debt_max,407.672399520874,25,0.8273972403387528,0.7634376442481874
6,f001_LIVINGAREA_MEDI,825.6851665973663,59,0.8273972403387528,0.7634376442481874
6,f103_active_AMT_GOODS_PRICE_d_total_debt_mean,781.9668382406235,40,0.8273972403387528,0.7634376442481874
6,f001_REGION_RATING_CLIENT_W_CITY,1007.4523324966431,59,0.8273972403387528,0.7634376442481874
6,f001_APARTMENTS_AVG,559.9670166969299,44,0.8273972403387528,0.7634376442481874
6,f001_building_score_mode_sum,854.1225905418396,54,0.8273972403387528,0.7634376442481874
6,f001_APARTMENTS_MEDI,658.2007699012756,55,0.8273972403387528,0.7634376442481874
6,f001_building_score_medi_sum,409.75895714759827,33,0.8273972403387528,0.7634376442481874
6,f001_DEF_30_CNT_SOCIAL_CIRCLE,1468.3504395484924,82,0.8273972403387528,0.7634376442481874
6,f001_building_score_avg_sum,560.2535576820374,36,0.8273972403387528,0.7634376442481874
6,f103_active_DAYS_DECISION_d_app_DAYS_BIRTH_max,83.21798002719879,7,0.8273972403387528,0.7634376442481874
6,f103_active_AMT_CREDIT_d_AMT_ANNUITY_max,326.4900915622711,26,0.8273972403387528,0.7634376442481874
6,f103_active_DAYS_DECISION_s_app_DAYS_REGISTRATION_max,157.91817092895508,14,0.8273972403387528,0.7634376442481874
6,f103_active_AMT_CREDIT_d_AMT_ANNUITY_min,175.24555206298828,15,0.8273972403387528,0.7634376442481874
6,f103_active_AMT_CREDIT_d_total_debt_diff_mean,976.0737981796265,73,0.8273972403387528,0.7634376442481874
6,f001_FLOORSMAX_AVG,466.6436462402344,40,0.8273972403387528,0.7634376442481874
6,f103_active_DAYS_DECISION_d_app_DAYS_BIRTH_mean,140.45910835266113,11,0.8273972403387528,0.7634376442481874
6,f001_FLAG_DOCUMENT_3,1039.5039602518082,29,0.8273972403387528,0.7634376442481874
6,f103_active_AMT_GOODS_PRICE_d_AMT_ANNUITY_mean,281.2017295360565,24,0.8273972403387528,0.7634376442481874
6,f103_active_AMT_CREDIT_d_total_debt_diff_min,544.8125290870667,41,0.8273972403387528,0.7634376442481874
6,f001_REGION_RATING_CLIENT,260.21367931365967,21,0.8273972403387528,0.7634376442481874
6,f103_active_AMT_ANNUITY_s_app_AMT_GOODS_PRICE_max,351.29026222229004,27,0.8273972403387528,0.7634376442481874
6,f103_active_DAYS_DECISION_d_app_DAYS_BIRTH_min,110.0342607498169,9,0.8273972403387528,0.7634376442481874
6,f103_approved_AMT_CREDIT_d_total_debt_diff_min,1602.5470098257065,105,0.8273972403387528,0.7634376442481874
6,f103_approved_AMT_GOODS_PRICE_d_total_debt_mean,1893.4770102500916,97,0.8273972403387528,0.7634376442481874
6,f103_approved_AMT_GOODS_PRICE_d_total_debt_min,1924.144926071167,93,0.8273972403387528,0.7634376442481874
6,f103_approved_AMT_CREDIT_d_total_debt_min,1831.9877598881721,90,0.8273972403387528,0.7634376442481874
6,f103_approved_DAYS_DECISION_d_app_DAYS_EMPLOYED_min,161.9842700958252,15,0.8273972403387528,0.7634376442481874
6,f103_approved_DAYS_DECISION_s_app_DAYS_LAST_PHONE_CHANGE_max,209.4124026298523,20,0.8273972403387528,0.7634376442481874
6,f103_approved_AMT_ANNUITY_s_app_AMT_GOODS_PRICE_mean,255.51171970367432,23,0.8273972403387528,0.7634376442481874
6,f103_approved_AMT_CREDIT_d_total_debt_max,1024.678512096405,60,0.8273972403387528,0.7634376442481874
6,f103_approved_AMT_ANNUITY_s_app_AMT_GOODS_PRICE_min,365.9862632751465,29,0.8273972403387528,0.7634376442481874
6,f103_approved_AMT_ANNUITY_s_app_AMT_GOODS_PRICE_max,301.99156188964844,28,0.8273972403387528,0.7634376442481874
6,f103_approved_AMT_CREDIT_d_total_debt_mean,1282.6963062286377,66,0.8273972403387528,0.7634376442481874
6,f103_approved_AMT_GOODS_PRICE_d_total_debt_max,1345.8476166725159,80,0.8273972403387528,0.7634376442481874
6,f103_approved_AMT_ANNUITY_s_app_AMT_CREDIT_max,225.59298253059387,21,0.8273972403387528,0.7634376442481874
6,f103_approved_AMT_ANNUITY_s_app_AMT_ANNUITY_d_app_AMT_INCOME_TOTAL_max,474.28490970283747,39,0.8273972403387528,0.7634376442481874
6,f103_approved_DAYS_DECISION_s_app_DAYS_ID_PUBLISH_max,362.72864866256714,27,0.8273972403387528,0.7634376442481874
6,f103_approved_DAYS_DECISION_s_app_DAYS_ID_PUBLISH_min,216.77661085128784,17,0.8273972403387528,0.7634376442481874
6,f103_approved_DAYS_DECISION_s_app_DAYS_LAST_PHONE_CHANGE_mean,206.04373931884766,19,0.8273972403387528,0.7634376442481874
6,f103_approved_AMT_ANNUITY_d_app_AMT_INCOME_TOTAL_max,870.0986499786377,65,0.8273972403387528,0.7634376442481874
6,f103_approved_AMT_ANNUITY_d_app_AMT_INCOME_TOTAL_min,723.0845410823822,61,0.8273972403387528,0.7634376442481874
6,f103_approved_DAYS_FIRST_DUE_s_app_DAYS_BIRTH_max,172.8770899772644,15,0.8273972403387528,0.7634376442481874
6,f103_approved_DAYS_DECISION_s_app_DAYS_REGISTRATION_max,405.82261896133423,28,0.8273972403387528,0.7634376442481874
6,f103_approved_DAYS_DECISION_d_app_DAYS_EMPLOYED_mean,139.62687873840332,13,0.8273972403387528,0.7634376442481874
6,f103_approved_AMT_ANNUITY_s_app_AMT_CREDIT_min,251.9047498703003,21,0.8273972403387528,0.7634376442481874
6,f103_approved_AMT_ANNUITY_s_app_AMT_ANNUITY_d_app_AMT_INCOME_TOTAL_mean,545.1584711074829,47,0.8273972403387528,0.7634376442481874
6,f103_approved_DAYS_DECISION_s_app_DAYS_REGISTRATION_min,237.12566900253296,18,0.8273972403387528,0.7634376442481874
6,f103_approved_DAYS_DECISION_s_app_DAYS_BIRTH_max,267.989559173584,16,0.8273972403387528,0.7634376442481874
6,f103_approved_AMT_ANNUITY_s_app_AMT_ANNUITY_min,612.1961088180542,46,0.8273972403387528,0.7634376442481874
6,f103_approved_AMT_ANNUITY_d_app_AMT_INCOME_TOTAL_mean,660.7529881000519,50,0.8273972403387528,0.7634376442481874
6,f103_approved_DAYS_DECISION_s_app_DAYS_LAST_PHONE_CHANGE_min,287.3583903312683,23,0.8273972403387528,0.7634376442481874
6,f103_approved_DAYS_FIRST_DUE_d_app_DAYS_BIRTH_min,517.7028698921204,44,0.8273972403387528,0.7634376442481874
6,f103_approved_AMT_ANNUITY_s_app_AMT_ANNUITY_d_app_AMT_INCOME_TOTAL_min,659.6017423868179,51,0.8273972403387528,0.7634376442481874
6,f103_approved_AMT_ANNUITY_s_app_AMT_CREDIT_mean,282.5844166278839,26,0.8273972403387528,0.7634376442481874
6,f103_approved_DAYS_FIRST_DUE_d_app_DAYS_EMPLOYED_min,349.0700807571411,29,0.8273972403387528,0.7634376442481874
6,f103_approved_AMT_ANNUITY_s_app_AMT_ANNUITY_max,338.0823814868927,29,0.8273972403387528,0.7634376442481874
6,f103_approved_DAYS_DECISION_s_app_DAYS_ID_PUBLISH_mean,219.39980030059814,19,0.8273972403387528,0.7634376442481874
6,f103_approved_AMT_ANNUITY_mean,385.2601523399353,34,0.8273972403387528,0.7634376442481874
6,f103_approved_AMT_ANNUITY_d_app_AMT_GOODS_PRICE_min,318.17634105682373,27,0.8273972403387528,0.7634376442481874
6,f103_approved_DAYS_DECISION_s_app_DAYS_BIRTH_min,178.6801414489746,14,0.8273972403387528,0.7634376442481874
6,f103_approved_DAYS_FIRST_DUE_s_app_DAYS_EMPLOYED_mean,130.105149269104,13,0.8273972403387528,0.7634376442481874
6,f103_approved_DAYS_FIRST_DUE_d_app_DAYS_EMPLOYED_max,251.88426113128662,21,0.8273972403387528,0.7634376442481874
6,f103_approved_DAYS_DECISION_s_app_DAYS_BIRTH_mean,146.16321802139282,9,0.8273972403387528,0.7634376442481874
6,f103_approved_DAYS_DECISION_s_app_DAYS_REGISTRATION_mean,178.8413381576538,14,0.8273972403387528,0.7634376442481874
6,f103_approved_DAYS_FIRST_DUE_d_app_DAYS_BIRTH_max,588.7898106575012,48,0.8273972403387528,0.7634376442481874
6,f103_approved_DAYS_DECISION_d_app_DAYS_BIRTH_min,434.8669202327728,37,0.8273972403387528,0.7634376442481874
6,f103_approved_AMT_ANNUITY_s_app_AMT_ANNUITY_mean,471.4152498245239,38,0.8273972403387528,0.7634376442481874
6,f103_approved_DAYS_FIRST_DUE_d_app_DAYS_EMPLOYED_mean,183.08860969543457,15,0.8273972403387528,0.7634376442481874
6,f103_approved_AMT_ANNUITY_min,473.698037147522,44,0.8273972403387528,0.7634376442481874
6,f103_approved_DAYS_FIRST_DUE_d_app_DAYS_BIRTH_mean,487.51935625076294,44,0.8273972403387528,0.7634376442481874
6,f103_approved_AMT_ANNUITY_d_app_AMT_ANNUITY_max,614.0308463573456,43,0.8273972403387528,0.7634376442481874
6,f103_approved_AMT_APPLICATION_d_app_AMT_CREDIT_min,342.8464620113373,27,0.8273972403387528,0.7634376442481874
6,f103_approved_AMT_GOODS_PRICE_d_AMT_CREDIT_mean,723.798229932785,59,0.8273972403387528,0.7634376442481874
6,f103_approved_AMT_ANNUITY_d_app_AMT_CREDIT_min,380.05333185195923,33,0.8273972403387528,0.7634376442481874
6,f103_approved_AMT_ANNUITY_max,440.6000702381134,41,0.8273972403387528,0.7634376442481874
6,f103_active_interest_rate_diff_max,264.8340585231781,26,0.8273972403387528,0.7634376442481874
6,f103_approved_AMT_APPLICATION_d_app_AMT_ANNUITY_mean,306.7510504722595,25,0.8273972403387528,0.7634376442481874
6,f103_approved_AMT_ANNUITY_d_app_AMT_GOODS_PRICE_max,548.1868891716003,41,0.8273972403387528,0.7634376442481874
6,f103_approved_AMT_GOODS_PRICE_d_app_AMT_CREDIT_min,341.5361518859863,27,0.8273972403387528,0.7634376442481874
6,f103_approved_AMT_ANNUITY_d_app_AMT_CREDIT_max,390.0283980369568,29,0.8273972403387528,0.7634376442481874
6,f103_approved_AMT_ANNUITY_d_app_AMT_ANNUITY_min,332.4745330810547,29,0.8273972403387528,0.7634376442481874
6,f103_active_interest_rate_max,97.37384796142578,9,0.8273972403387528,0.7634376442481874
6,f103_approved_AMT_CREDIT_d_AMT_APPLICATION_mean,538.4051868915558,49,0.8273972403387528,0.7634376442481874
6,f103_approved_AMT_GOODS_PRICE_d_app_AMT_ANNUITY_min,283.03871273994446,23,0.8273972403387528,0.7634376442481874
6,f103_approved_AMT_ANNUITY_d_app_AMT_GOODS_PRICE_mean,397.1098972558975,32,0.8273972403387528,0.7634376442481874
6,f103_approved_AMT_CREDIT_d_AMT_APPLICATION_max,330.88789463043213,30,0.8273972403387528,0.7634376442481874
6,f103_approved_DAYS_DECISION_s_app_DAYS_EMPLOYED_max,177.8375105857849,13,0.8273972403387528,0.7634376442481874
6,f103_approved_AMT_GOODS_PRICE_d_AMT_CREDIT_min,325.3173318505287,30,0.8273972403387528,0.7634376442481874
6,f103_approved_AMT_CREDIT_s_app_AMT_ANNUITY_d_app_AMT_INCOME_TOTAL_pctchange_std,271.6219789981842,25,0.8273972403387528,0.7634376442481874
6,f103_approved_DAYS_DECISION_d_app_DAYS_EMPLOYED_max,231.056756824255,18,0.8273972403387528,0.7634376442481874
6,f103_approved_AMT_APPLICATION_min,181.41698920726776,17,0.8273972403387528,0.7634376442481874
6,f103_approved_AMT_ANNUITY_d_app_AMT_ANNUITY_mean,340.70253801345825,28,0.8273972403387528,0.7634376442481874
6,f103_approved_AMT_GOODS_PRICE_d_app_AMT_ANNUITY_mean,501.3552532196045,39,0.8273972403387528,0.7634376442481874
6,f103_approved_DAYS_FIRST_DUE_d_app_DAYS_REGISTRATION_std,211.35379964113235,17,0.8273972403387528,0.7634376442481874
6,f103_approved_AMT_CREDIT_d_AMT_APPLICATION_min,462.4310303926468,40,0.8273972403387528,0.7634376442481874
6,f103_approved_AMT_APPLICATION_d_app_AMT_ANNUITY_min,304.48722755908966,25,0.8273972403387528,0.7634376442481874
6,f103_approved_DAYS_DECISION_d_app_DAYS_BIRTH_max,491.5567374229431,40,0.8273972403387528,0.7634376442481874
6,f103_approved_AMT_GOODS_PRICE_d_app_AMT_CREDIT_mean,263.7247109413147,23,0.8273972403387528,0.7634376442481874
6,f103_approved_AMT_APPLICATION_d_app_AMT_CREDIT_mean,232.41414070129395,21,0.8273972403387528,0.7634376442481874
6,f103_approved_AMT_GOODS_PRICE_d_AMT_CREDIT_max,313.0627963542938,29,0.8273972403387528,0.7634376442481874
6,f103_approved_DAYS_DECISION_d_app_DAYS_BIRTH_mean,418.590980052948,34,0.8273972403387528,0.7634376442481874
6,f103_approved_AMT_CREDIT_s_app_AMT_ANNUITY_d_app_AMT_INCOME_TOTAL_std_div_mean,342.4119396209717,31,0.8273972403387528,0.7634376442481874
6,f103_approved_DAYS_FIRST_DUE_s_DAYS_DECISIONS_mean,658.606279373169,53,0.8273972403387528,0.7634376442481874
6,f103_approved_AMT_GOODS_PRICE_d_AMT_ANNUITY_std_div_mean,191.79872941970825,20,0.8273972403387528,0.7634376442481874
6,f103_approved_AMT_GOODS_PRICE_s_app_AMT_ANNUITY_mean,234.4520661830902,19,0.8273972403387528,0.7634376442481874
6,f103_approved_AMT_CREDIT_d_app_AMT_ANNUITY_diff_std_div_mean,325.5806419849396,32,0.8273972403387528,0.7634376442481874
6,f103_approved_AMT_APPLICATION_mean,173.01528191566467,16,0.8273972403387528,0.7634376442481874
6,f103_approved_AMT_ANNUITY_d_app_AMT_CREDIT_std,243.84184169769287,18,0.8273972403387528,0.7634376442481874
6,f103_active_interest_rate_min,213.18988943099976,14,0.8273972403387528,0.7634376442481874
6,f103_approved_DAYS_FIRST_DUE_d_app_DAYS_EMPLOYED_std_div_mean,217.12843227386475,19,0.8273972403387528,0.7634376442481874
6,f103_approved_AMT_CREDIT_d_AMT_APPLICATION_std,331.3057222366333,29,0.8273972403387528,0.7634376442481874
6,f103_approved_AMT_CREDIT_d_AMT_ANNUITY_std,299.35434198379517,25,0.8273972403387528,0.7634376442481874
6,f103_active_interest_rate_diff_min,162.3462592959404,17,0.8273972403387528,0.7634376442481874
6,f103_approved_AMT_ANNUITY_d_app_AMT_CREDIT_mean,449.86910820007324,38,0.8273972403387528,0.7634376442481874
6,f103_approved_DAYS_FIRST_DUE_d_app_DAYS_EMPLOYED_std,120.86999988555908,12,0.8273972403387528,0.7634376442481874
6,f103_active_interest_rate_mean,145.6232786178589,10,0.8273972403387528,0.7634376442481874
6,f103_approved_AMT_APPLICATION_s_app_AMT_ANNUITY_min,325.1404592990875,28,0.8273972403387528,0.7634376442481874
6,f103_approved_DAYS_FIRST_DRAWING_d_app_DAYS_ID_PUBLISH_max,978.8045864105225,64,0.8273972403387528,0.7634376442481874
6,f103_approved_DAYS_FIRST_DUE_s_DAYS_DECISIONS_max,439.30129861831665,31,0.8273972403387528,0.7634376442481874
6,f103_approved_DAYS_DECISION_d_app_DAYS_EMPLOYED_std_div_mean,293.239351272583,25,0.8273972403387528,0.7634376442481874
6,f103_approved_AMT_GOODS_PRICE_s_app_AMT_ANNUITY_min,266.9130482673645,25,0.8273972403387528,0.7634376442481874
6,f103_approved_AMT_ANNUITY_s_app_AMT_ANNUITY_d_app_AMT_INCOME_TOTAL_pctchange_std,193.3603105545044,16,0.8273972403387528,0.7634376442481874
6,f103_approved_DAYS_DECISION_s_app_DAYS_ID_PUBLISH_max_div_min,117.0150499343872,10,0.8273972403387528,0.7634376442481874
6,f103_approved_AMT_GOODS_PRICE_d_AMT_ANNUITY_std,373.91456031799316,34,0.8273972403387528,0.7634376442481874
6,f103_approved_DAYS_DECISION_s_app_DAYS_EMPLOYED_min,57.04798984527588,6,0.8273972403387528,0.7634376442481874
6,f103_active_interest_rate_diff_mean,199.87860870361328,20,0.8273972403387528,0.7634376442481874
6,f103_approved_AMT_GOODS_PRICE_d_total_debt_pctchange_std,98.14088821411133,8,0.8273972403387528,0.7634376442481874
6,f103_approved_AMT_CREDIT_d_total_debt_pctchange_std,292.0490303039551,23,0.8273972403387528,0.7634376442481874
6,f103_approved_AMT_GOODS_PRICE_min,208.57049942016602,20,0.8273972403387528,0.7634376442481874
6,f103_active_amt_paid_min,559.7443428039551,43,0.8273972403387528,0.7634376442481874
6,f103_approved_DAYS_FIRST_DUE_s_DAYS_DECISIONS_min,529.9299635887146,40,0.8273972403387528,0.7634376442481874
6,f103_approved_DAYS_DECISION_d_app_DAYS_EMPLOYED_std,241.29686212539673,23,0.8273972403387528,0.7634376442481874
6,f103_approved_AMT_CREDIT_d_AMT_APPLICATION_diff_std,169.25546050071716,16,0.8273972403387528,0.7634376442481874
6,f103_active_DAYS_LAST_DUE_1ST_VERSION_d_app_DAYS_BIRTH_max,356.3372411727905,27,0.8273972403387528,0.7634376442481874
6,f103_approved_DAYS_FIRST_DRAWING_s_app_DAYS_LAST_PHONE_CHANGE_mean,665.318886756897,42,0.8273972403387528,0.7634376442481874
6,f103_active_amt_paid_mean,674.5908522605896,50,0.8273972403387528,0.7634376442481874
6,f103_approved_AMT_APPLICATION_s_app_AMT_ANNUITY_mean,305.11137783527374,25,0.8273972403387528,0.7634376442481874
6,f103_approved_AMT_GOODS_PRICE_d_total_debt_std,138.17868947982788,13,0.8273972403387528,0.7634376442481874
6,f103_approved_AMT_CREDIT_d_total_debt_std_div_mean,318.4564599990845,24,0.8273972403387528,0.7634376442481874
6,f103_approved_DAYS_DECISION_s_app_DAYS_EMPLOYED_mean,266.743079662323,24,0.8273972403387528,0.7634376442481874
6,f103_approved_AMT_CREDIT_d_total_debt_std,226.29405117034912,18,0.8273972403387528,0.7634376442481874
6,f103_approved_AMT_APPLICATION_s_app_AMT_GOODS_PRICE_std_div_mean,181.27974891662598,16,0.8273972403387528,0.7634376442481874
6,f103_approved_AMT_GOODS_PRICE_d_total_debt_std_div_mean,115.31877899169922,11,0.8273972403387528,0.7634376442481874
6,f103_active_HOUR_APPR_PROCESS_START_mean,149.95858001708984,15,0.8273972403387528,0.7634376442481874
6,f103_active_DAYS_LAST_DUE_1ST_VERSION_d_app_DAYS_BIRTH_mean,931.6107983589172,59,0.8273972403387528,0.7634376442481874
6,f103_active_DAYS_LAST_DUE_1ST_VERSION_s_app_DAYS_LAST_PHONE_CHANGE_mean,83.1833906173706,7,0.8273972403387528,0.7634376442481874
6,f103_active_DAYS_LAST_DUE_1ST_VERSION_d_app_DAYS_EMPLOYED_max,382.02346897125244,24,0.8273972403387528,0.7634376442481874
6,f103_approved_AMT_CREDIT_d_total_debt_diff_std,314.61537861824036,25,0.8273972403387528,0.7634376442481874
6,f103_approved_DAYS_FIRST_DRAWING_s_app_DAYS_REGISTRATION_max,645.581109046936,42,0.8273972403387528,0.7634376442481874
6,f103_active_HOUR_APPR_PROCESS_START_max,100.32371068000793,9,0.8273972403387528,0.7634376442481874
6,f103_approved_AMT_GOODS_PRICE_mean,238.43519759178162,22,0.8273972403387528,0.7634376442481874
6,f103_active_DAYS_FIRST_DUE_d_app_DAYS_BIRTH_mean,52.24899911880493,5,0.8273972403387528,0.7634376442481874
6,f103_active_DAYS_LAST_DUE_1ST_VERSION_s_app_DAYS_ID_PUBLISH_max,180.75414180755615,15,0.8273972403387528,0.7634376442481874
6,f103_approved_AMT_APPLICATION_s_app_AMT_ANNUITY_d_app_AMT_INCOME_TOTAL_pctchange_std_div_mean,114.5461893081665,12,0.8273972403387528,0.7634376442481874
6,f103_approved_AMT_GOODS_PRICE_d_total_debt_diff_std,110.40192937850952,10,0.8273972403387528,0.7634376442481874
6,f103_active_DAYS_LAST_DUE_1ST_VERSION_d_app_DAYS_BIRTH_min,647.3796598911285,44,0.8273972403387528,0.7634376442481874
6,f103_active_DAYS_LAST_DUE_1ST_VERSION_s_app_DAYS_ID_PUBLISH_min,232.26929903030396,18,0.8273972403387528,0.7634376442481874
6,f103_approved_DAYS_FIRST_DRAWING_s_app_DAYS_ID_PUBLISH_min,690.2981200218201,34,0.8273972403387528,0.7634376442481874
6,f103_approved_AMT_ANNUITY_d_app_AMT_ANNUITY_diff_std,198.8175802230835,16,0.8273972403387528,0.7634376442481874
6,f103_approved_AMT_ANNUITY_s_app_AMT_ANNUITY_diff_std,147.28257942199707,12,0.8273972403387528,0.7634376442481874
6,f103_active_DAYS_LAST_DUE_1ST_VERSION_d_app_DAYS_EMPLOYED_mean,279.05307388305664,20,0.8273972403387528,0.7634376442481874
6,f103_approved_DAYS_FIRST_DUE_s_DAYS_DECISIONS_std_div_mean,160.11614990234375,13,0.8273972403387528,0.7634376442481874
6,f103_active_DAYS_TERMINATION_s_DAYS_LAST_DUE_1ST_VERSION_max,436.4472303390503,36,0.8273972403387528,0.7634376442481874
6,f103_approved_DAYS_FIRST_DRAWING_s_app_DAYS_EMPLOYED_min,674.9597778320312,47,0.8273972403387528,0.7634376442481874
6,f103_active_DAYS_FIRST_DUE_d_app_DAYS_BIRTH_max,156.57217979431152,12,0.8273972403387528,0.7634376442481874
6,f103_active_DAYS_LAST_DUE_1ST_VERSION_d_app_DAYS_EMPLOYED_min,370.6199073791504,26,0.8273972403387528,0.7634376442481874
6,f103_active_DAYS_LAST_DUE_1ST_VERSION_s_app_DAYS_LAST_PHONE_CHANGE_max,104.50289106369019,9,0.8273972403387528,0.7634376442481874
6,f103_active_DAYS_FIRST_DUE_d_app_DAYS_BIRTH_min,141.14870977401733,13,0.8273972403387528,0.7634376442481874
6,f103_active_amt_unpaid_max,170.83264923095703,15,0.8273972403387528,0.7634376442481874
6,f103_approved_CNT_PAYMENT_std_div_mean,172.59470176696777,14,0.8273972403387528,0.7634376442481874
6,f103_approved_CNT_PAYMENT_mean,184.50000190734863,16,0.8273972403387528,0.7634376442481874
6,f103_active_DAYS_LAST_DUE_1ST_VERSION_s_app_DAYS_EMPLOYED_max,254.96231937408447,19,0.8273972403387528,0.7634376442481874
6,f103_approved_AMT_APPLICATION_s_app_AMT_CREDIT_d_app_AMT_INCOME_TOTAL_pctchange_std_div_mean,66.02170085906982,6,0.8273972403387528,0.7634376442481874
6,f103_active_DAYS_FIRST_DUE_s_app_DAYS_LAST_PHONE_CHANGE_max,165.48706817626953,14,0.8273972403387528,0.7634376442481874
6,f103_active_DAYS_FIRST_DUE_s_app_DAYS_LAST_PHONE_CHANGE_mean,137.31943941116333,12,0.8273972403387528,0.7634376442481874
6,f103_approved_AMT_ANNUITY_d_app_AMT_GOODS_PRICE_diff_std,150.72747993469238,13,0.8273972403387528,0.7634376442481874
6,f103_active_amt_unpaid_sum,254.9655990600586,17,0.8273972403387528,0.7634376442481874
6,f103_active_DAYS_LAST_DUE_1ST_VERSION_s_app_DAYS_REGISTRATION_max,229.52628898620605,17,0.8273972403387528,0.7634376442481874
6,f103_active_DAYS_LAST_DUE_d_app_DAYS_BIRTH_min,482.12130784988403,37,0.8273972403387528,0.7634376442481874
6,f103_approved_AMT_DOWN_PAYMENT_d_AMT_GOODS_PRICE_diff_std,179.92858839035034,16,0.8273972403387528,0.7634376442481874
6,f103_active_HOUR_APPR_PROCESS_START_min,139.9548897743225,10,0.8273972403387528,0.7634376442481874
6,f103_approved_AMT_CREDIT_d_total_debt_max_div_min,107.23518991470337,8,0.8273972403387528,0.7634376442481874
6,f103_active_cnt_paid_sum,272.2378783226013,23,0.8273972403387528,0.7634376442481874
6,f103_approved_AMT_ANNUITY_d_app_AMT_CREDIT_diff_std,120.97241973876953,12,0.8273972403387528,0.7634376442481874
6,f103_approved_AMT_GOODS_PRICE_s_app_AMT_ANNUITY_d_app_AMT_INCOME_TOTAL_pctchange_std_div_mean,186.96565198898315,18,0.8273972403387528,0.7634376442481874
6,f103_active_DAYS_LAST_DUE_1ST_VERSION_s_app_DAYS_LAST_PHONE_CHANGE_min,83.6740608215332,8,0.8273972403387528,0.7634376442481874
6,f103_approved_interest_rate_min,1062.5195417404175,72,0.8273972403387528,0.7634376442481874
6,f103_approved_interest_rate_max,563.4690651893616,47,0.8273972403387528,0.7634376442481874
6,f103_approved_DAYS_FIRST_DUE_s_app_DAYS_BIRTH_min,132.03588104248047,12,0.8273972403387528,0.7634376442481874
6,f103_approved_DAYS_TERMINATION_s_DAYS_LAST_DUE_1ST_VERSION_max,2498.2706825733185,153,0.8273972403387528,0.7634376442481874
6,f103_approved_DAYS_FIRST_DUE_s_app_DAYS_BIRTH_mean,99.14840126037598,7,0.8273972403387528,0.7634376442481874
6,f103_approved_interest_rate_mean,805.1516532897949,64,0.8273972403387528,0.7634376442481874
6,f103_approved_DAYS_FIRST_DUE_s_app_DAYS_EMPLOYED_min,169.67658948898315,14,0.8273972403387528,0.7634376442481874
6,f103_approved_DAYS_FIRST_DUE_s_app_DAYS_LAST_PHONE_CHANGE_min,301.4340195655823,23,0.8273972403387528,0.7634376442481874
6,f103_completed_AMT_ANNUITY_s_app_AMT_GOODS_PRICE_max,244.02545630931854,19,0.8273972403387528,0.7634376442481874
6,f103_approved_HOUR_APPR_PROCESS_START_mean,531.0966690778732,54,0.8273972403387528,0.7634376442481874
6,f103_approved_DAYS_FIRST_DUE_s_app_DAYS_EMPLOYED_max,175.18536829948425,14,0.8273972403387528,0.7634376442481874
6,f103_approved_DAYS_LAST_DUE_1ST_VERSION_d_app_DAYS_BIRTH_min,840.6400573253632,59,0.8273972403387528,0.7634376442481874
6,f103_approved_DAYS_LAST_DUE_d_app_DAYS_EMPLOYED_max,199.49511170387268,18,0.8273972403387528,0.7634376442481874
6,f103_approved_DAYS_FIRST_DUE_s_app_DAYS_LAST_PHONE_CHANGE_max,255.41903972625732,23,0.8273972403387528,0.7634376442481874
6,f103_completed_AMT_CREDIT_d_total_debt_min,433.86746978759766,31,0.8273972403387528,0.7634376442481874
6,f103_completed_AMT_ANNUITY_s_app_AMT_GOODS_PRICE_min,217.73468160629272,17,0.8273972403387528,0.7634376442481874
6,f103_approved_DAYS_TERMINATION_s_DAYS_LAST_DUE_1ST_VERSION_min,1062.2804045081139,77,0.8273972403387528,0.7634376442481874
6,f103_approved_DAYS_LAST_DUE_d_app_DAYS_EMPLOYED_mean,151.85012447834015,16,0.8273972403387528,0.7634376442481874
6,f103_approved_DAYS_TERMINATION_s_DAYS_LAST_DUE_1ST_VERSION_mean,1448.4381206035614,110,0.8273972403387528,0.7634376442481874
6,f103_approved_DAYS_TERMINATION_d_app_DAYS_BIRTH_min,524.5508406162262,44,0.8273972403387528,0.7634376442481874
6,f103_approved_DAYS_FIRST_DUE_s_app_DAYS_LAST_PHONE_CHANGE_mean,287.34308767318726,24,0.8273972403387528,0.7634376442481874
6,f103_completed_AMT_ANNUITY_s_app_AMT_GOODS_PRICE_mean,162.1916298866272,12,0.8273972403387528,0.7634376442481874
6,f103_approved_DAYS_LAST_DUE_1ST_VERSION_d_app_DAYS_BIRTH_mean,637.058034658432,46,0.8273972403387528,0.7634376442481874
6,f103_approved_HOUR_APPR_PROCESS_START_max,432.3734757900238,39,0.8273972403387528,0.7634376442481874
6,f103_completed_AMT_ANNUITY_s_app_AMT_CREDIT_max,176.63971996307373,12,0.8273972403387528,0.7634376442481874
6,f103_completed_AMT_CREDIT_d_total_debt_mean,412.34241104125977,30,0.8273972403387528,0.7634376442481874
6,f103_approved_DAYS_LAST_DUE_1ST_VERSION_s_app_DAYS_BIRTH_min,292.86955094337463,29,0.8273972403387528,0.7634376442481874
6,f103_completed_AMT_CREDIT_d_total_debt_pctchange_max,643.8275384902954,38,0.8273972403387528,0.7634376442481874
6,f103_approved_DAYS_TERMINATION_d_app_DAYS_EMPLOYED_mean,203.8788285255432,16,0.8273972403387528,0.7634376442481874
6,f103_approved_DAYS_TERMINATION_d_app_DAYS_BIRTH_mean,417.4669907093048,34,0.8273972403387528,0.7634376442481874
6,f103_completed_AMT_CREDIT_d_total_debt_max,318.95496010780334,29,0.8273972403387528,0.7634376442481874
6,f103_approved_DAYS_FIRST_DUE_s_app_DAYS_ID_PUBLISH_max,317.77655696868896,26,0.8273972403387528,0.7634376442481874
6,f103_approved_DAYS_FIRST_DUE_s_app_DAYS_ID_PUBLISH_min,271.99790954589844,16,0.8273972403387528,0.7634376442481874
6,f103_completed_AMT_ANNUITY_s_app_AMT_CREDIT_min,133.85484075546265,12,0.8273972403387528,0.7634376442481874
6,f103_approved_DAYS_LAST_DUE_d_app_DAYS_BIRTH_max,667.4127476215363,61,0.8273972403387528,0.7634376442481874
6,f103_approved_DAYS_LAST_DUE_d_app_DAYS_BIRTH_min,561.8548858165741,49,0.8273972403387528,0.7634376442481874
6,f103_approved_HOUR_APPR_PROCESS_START_min,448.71541261672974,36,0.8273972403387528,0.7634376442481874
6,f103_completed_AMT_CREDIT_d_AMT_APPLICATION_min,296.2557203769684,20,0.8273972403387528,0.7634376442481874
6,f103_completed_AMT_ANNUITY_s_app_AMT_ANNUITY_d_app_AMT_INCOME_TOTAL_min,273.64324963092804,23,0.8273972403387528,0.7634376442481874
6,f103_approved_DAYS_LAST_DUE_1ST_VERSION_s_app_DAYS_LAST_PHONE_CHANGE_min,370.0783565044403,30,0.8273972403387528,0.7634376442481874
6,f103_approved_DAYS_LAST_DUE_1ST_VERSION_s_app_DAYS_ID_PUBLISH_min,276.9350018501282,23,0.8273972403387528,0.7634376442481874
6,f103_approved_DAYS_TERMINATION_d_app_DAYS_BIRTH_max,466.24656093120575,45,0.8273972403387528,0.7634376442481874
6,f103_completed_AMT_ANNUITY_s_app_AMT_ANNUITY_max,413.75888299942017,29,0.8273972403387528,0.7634376442481874
6,f103_approved_DAYS_LAST_DUE_d_app_DAYS_BIRTH_mean,465.32859897613525,39,0.8273972403387528,0.7634376442481874
6,f103_approved_DAYS_LAST_DUE_1ST_VERSION_s_app_DAYS_LAST_PHONE_CHANGE_max,339.8868629336357,36,0.8273972403387528,0.7634376442481874
6,f103_approved_DAYS_LAST_DUE_1ST_VERSION_s_app_DAYS_REGISTRATION_max,301.8088889122009,29,0.8273972403387528,0.7634376442481874
6,f103_completed_AMT_GOODS_PRICE_d_AMT_CREDIT_mean,202.28093767166138,15,0.8273972403387528,0.7634376442481874
6,f103_approved_DAYS_LAST_DUE_1ST_VERSION_s_app_DAYS_ID_PUBLISH_max,351.29029989242554,30,0.8273972403387528,0.7634376442481874
6,f103_approved_DAYS_FIRST_DUE_s_app_DAYS_ID_PUBLISH_mean,146.672429561615,15,0.8273972403387528,0.7634376442481874
6,f103_approved_DAYS_LAST_DUE_1ST_VERSION_s_app_DAYS_EMPLOYED_max,358.4806694984436,34,0.8273972403387528,0.7634376442481874
6,f103_completed_AMT_CREDIT_d_AMT_APPLICATION_mean,230.84377241134644,18,0.8273972403387528,0.7634376442481874
6,f103_completed_AMT_ANNUITY_min,318.0589818954468,23,0.8273972403387528,0.7634376442481874
6,f103_completed_AMT_GOODS_PRICE_d_AMT_ANNUITY_max,573.8376740217209,39,0.8273972403387528,0.7634376442481874
6,f103_approved_DAYS_LAST_DUE_1ST_VERSION_s_app_DAYS_EMPLOYED_min,325.9630179256201,28,0.8273972403387528,0.7634376442481874
6,f103_approved_interest_rate_std_div_mean,272.36424136161804,21,0.8273972403387528,0.7634376442481874
6,f103_approved_DAYS_TERMINATION_s_app_DAYS_LAST_PHONE_CHANGE_max,315.45174074172974,28,0.8273972403387528,0.7634376442481874
6,f103_completed_AMT_ANNUITY_s_app_AMT_CREDIT_mean,181.43255949020386,12,0.8273972403387528,0.7634376442481874
6,f103_completed_AMT_ANNUITY_d_app_AMT_INCOME_TOTAL_max,744.5930604934692,47,0.8273972403387528,0.7634376442481874
6,f103_completed_AMT_ANNUITY_s_app_AMT_ANNUITY_d_app_AMT_INCOME_TOTAL_max,375.8204996585846,26,0.8273972403387528,0.7634376442481874
6,f103_completed_AMT_ANNUITY_s_app_AMT_ANNUITY_d_app_AMT_INCOME_TOTAL_mean,150.43510019779205,13,0.8273972403387528,0.7634376442481874
6,f103_completed_AMT_ANNUITY_s_app_AMT_ANNUITY_min,219.5054178237915,15,0.8273972403387528,0.7634376442481874
6,f103_completed_AMT_GOODS_PRICE_d_AMT_CREDIT_max,299.71330070495605,21,0.8273972403387528,0.7634376442481874
6,f103_completed_AMT_ANNUITY_max,430.1436905860901,30,0.8273972403387528,0.7634376442481874
6,f103_approved_DAYS_TERMINATION_s_app_DAYS_LAST_PHONE_CHANGE_min,173.082663834095,16,0.8273972403387528,0.7634376442481874
6,f103_approved_DAYS_LAST_DUE_1ST_VERSION_s_app_DAYS_BIRTH_max,421.9999830722809,28,0.8273972403387528,0.7634376442481874
6,f103_completed_AMT_GOODS_PRICE_d_AMT_ANNUITY_mean,282.17196130752563,26,0.8273972403387528,0.7634376442481874
6,f103_completed_AMT_CREDIT_d_AMT_APPLICATION_max,226.6657009124756,21,0.8273972403387528,0.7634376442481874
6,f103_completed_AMT_CREDIT_d_total_debt_pctchange_mean,328.9477367401123,22,0.8273972403387528,0.7634376442481874
6,f103_approved_DAYS_FIRST_DUE_s_app_DAYS_REGISTRATION_min,152.24439775943756,15,0.8273972403387528,0.7634376442481874
6,f103_completed_AMT_ANNUITY_mean,518.1879901885986,32,0.8273972403387528,0.7634376442481874
6,f103_approved_DAYS_FIRST_DUE_s_app_DAYS_REGISTRATION_max,230.20387935638428,19,0.8273972403387528,0.7634376442481874
6,f103_approved_DAYS_LAST_DUE_1ST_VERSION_s_app_DAYS_BIRTH_mean,131.83808875083923,14,0.8273972403387528,0.7634376442481874
6,f103_approved_DAYS_TERMINATION_d_app_DAYS_EMPLOYED_max,172.56734800338745,13,0.8273972403387528,0.7634376442481874
6,f103_approved_DAYS_LAST_DUE_1ST_VERSION_s_app_DAYS_REGISTRATION_min,226.6084303855896,18,0.8273972403387528,0.7634376442481874
6,f103_completed_AMT_ANNUITY_s_app_AMT_ANNUITY_d_app_AMT_INCOME_TOTAL_pctchange_min,471.29764211177826,32,0.8273972403387528,0.7634376442481874
6,f103_approved_DAYS_LAST_DUE_1ST_VERSION_s_app_DAYS_ID_PUBLISH_mean,184.57928133010864,17,0.8273972403387528,0.7634376442481874
6,f103_approved_DAYS_LAST_DUE_s_app_DAYS_LAST_PHONE_CHANGE_max,377.50120973587036,32,0.8273972403387528,0.7634376442481874
6,f103_approved_NAME_CLIENT_TYPE_New_mean,1052.6580772399902,63,0.8273972403387528,0.7634376442481874
6,f103_completed_AMT_ANNUITY_s_app_AMT_ANNUITY_mean,247.58917951583862,18,0.8273972403387528,0.7634376442481874
6,f103_approved_total_debt_std_div_mean,196.37443923950195,17,0.8273972403387528,0.7634376442481874
6,f103_completed_AMT_GOODS_PRICE_d_AMT_CREDIT_min,252.82332944869995,22,0.8273972403387528,0.7634376442481874
6,f103_approved_DAYS_LAST_DUE_1ST_VERSION_s_app_DAYS_EMPLOYED_mean,198.75121974945068,18,0.8273972403387528,0.7634376442481874
6,f103_completed_AMT_ANNUITY_d_app_AMT_INCOME_TOTAL_mean,511.5256690979004,35,0.8273972403387528,0.7634376442481874
6,f103_approved_DAYS_LAST_DUE_1ST_VERSION_s_app_DAYS_LAST_PHONE_CHANGE_mean,337.87184858322144,32,0.8273972403387528,0.7634376442481874
6,f103_completed_AMT_ANNUITY_d_app_AMT_ANNUITY_max,647.9612424075603,40,0.8273972403387528,0.7634376442481874
6,f103_approved_DAYS_LAST_DUE_1ST_VERSION_s_app_DAYS_REGISTRATION_mean,245.7220287322998,22,0.8273972403387528,0.7634376442481874
6,f103_completed_AMT_ANNUITY_d_app_AMT_INCOME_TOTAL_min,426.2065691947937,25,0.8273972403387528,0.7634376442481874
6,f103_approved_total_debt_diff_std,131.74196004867554,9,0.8273972403387528,0.7634376442481874
6,f103_approved_DAYS_LAST_DUE_s_app_DAYS_LAST_PHONE_CHANGE_min,337.937872171402,28,0.8273972403387528,0.7634376442481874
6,f103_approved_DAYS_FIRST_DUE_s_app_DAYS_REGISTRATION_mean,180.8617787361145,18,0.8273972403387528,0.7634376442481874
6,f103_approved_DAYS_TERMINATION_s_app_DAYS_REGISTRATION_min,145.20231080055237,14,0.8273972403387528,0.7634376442481874
6,f103_approved_DAYS_LAST_DUE_1ST_VERSION_s_DAYS_DECISIONS_max,399.0303168296814,28,0.8273972403387528,0.7634376442481874
6,f103_approved_DAYS_TERMINATION_s_app_DAYS_LAST_PHONE_CHANGE_mean,196.37856101989746,18,0.8273972403387528,0.7634376442481874
6,f103_approved_DAYS_TERMINATION_s_app_DAYS_REGISTRATION_max,268.08438777923584,23,0.8273972403387528,0.7634376442481874
6,f103_approved_DAYS_TERMINATION_s_app_DAYS_ID_PUBLISH_max,167.7306399345398,13,0.8273972403387528,0.7634376442481874
6,f103_approved_DAYS_LAST_DUE_1ST_VERSION_s_DAYS_DECISIONS_mean,455.2394678592682,34,0.8273972403387528,0.7634376442481874
6,f103_completed_AMT_GOODS_PRICE_d_AMT_ANNUITY_diff_mean,198.63438034057617,17,0.8273972403387528,0.7634376442481874
6,f103_completed_AMT_ANNUITY_d_app_AMT_CREDIT_min,129.93014907836914,12,0.8273972403387528,0.7634376442481874
6,f103_completed_AMT_CREDIT_d_total_debt_diff_max,290.2463700771332,21,0.8273972403387528,0.7634376442481874
6,f103_completed_AMT_GOODS_PRICE_d_AMT_ANNUITY_min,499.56739950180054,35,0.8273972403387528,0.7634376442481874
6,f103_approved_interest_rate_std,303.97572922706604,29,0.8273972403387528,0.7634376442481874
6,f103_approved_DAYS_LAST_DUE_s_app_DAYS_ID_PUBLISH_max,266.1269690990448,22,0.8273972403387528,0.7634376442481874
6,f103_approved_DAYS_LAST_DUE_1ST_VERSION_s_DAYS_DECISIONS_min,302.56845450401306,25,0.8273972403387528,0.7634376442481874
6,f103_completed_AMT_ANNUITY_d_app_AMT_ANNUITY_min,407.08284640312195,30,0.8273972403387528,0.7634376442481874
6,f103_approved_total_debt_std,171.7664999961853,16,0.8273972403387528,0.7634376442481874
6,f103_completed_AMT_ANNUITY_d_app_AMT_ANNUITY_mean,377.2856845855713,21,0.8273972403387528,0.7634376442481874
6,f103_approved_DAYS_TERMINATION_s_app_DAYS_EMPLOYED_max,193.61126852035522,17,0.8273972403387528,0.7634376442481874
6,f103_completed_AMT_CREDIT_d_total_debt_pctchange_min,482.33103466033936,31,0.8273972403387528,0.7634376442481874
6,f103_completed_AMT_CREDIT_d_total_debt_diff_min,428.79036474227905,25,0.8273972403387528,0.7634376442481874
6,f103_approved_NAME_YIELD_GROUP_high_mean,38.313199043273926,3,0.8273972403387528,0.7634376442481874
6,f103_approved_DAYS_LAST_DUE_s_app_DAYS_BIRTH_max,189.94272089004517,18,0.8273972403387528,0.7634376442481874
6,f103_approved_DAYS_TERMINATION_s_app_DAYS_BIRTH_max,242.21045875549316,19,0.8273972403387528,0.7634376442481874
6,f103_completed_AMT_ANNUITY_s_app_AMT_ANNUITY_d_app_AMT_INCOME_TOTAL_pctchange_max,368.1757788658142,26,0.8273972403387528,0.7634376442481874
6,f103_completed_AMT_APPLICATION_min,50.043489933013916,5,0.8273972403387528,0.7634376442481874
6,f103_approved_DAYS_LAST_DUE_s_app_DAYS_REGISTRATION_max,172.26906943321228,17,0.8273972403387528,0.7634376442481874
6,f103_completed_AMT_CREDIT_d_total_debt_diff_mean,283.9781713485718,17,0.8273972403387528,0.7634376442481874
6,f103_approved_DAYS_TERMINATION_s_app_DAYS_ID_PUBLISH_min,230.70624089241028,20,0.8273972403387528,0.7634376442481874
6,f103_completed_AMT_GOODS_PRICE_d_AMT_ANNUITY_diff_min,338.96256160736084,22,0.8273972403387528,0.7634376442481874
6,f103_completed_AMT_APPLICATION_s_app_AMT_INCOME_TOTAL_mean,130.84697198867798,12,0.8273972403387528,0.7634376442481874
6,f103_approved_DAYS_LAST_DUE_s_app_DAYS_EMPLOYED_max,133.58165979385376,13,0.8273972403387528,0.7634376442481874
6,f103_approved_DAYS_LAST_DUE_s_app_DAYS_EMPLOYED_min,249.3547077178955,22,0.8273972403387528,0.7634376442481874
6,f103_approved_DAYS_TERMINATION_s_app_DAYS_REGISTRATION_mean,286.143310546875,22,0.8273972403387528,0.7634376442481874
6,f103_completed_AMT_GOODS_PRICE_d_AMT_ANNUITY_pctchange_mean,243.08620882034302,19,0.8273972403387528,0.7634376442481874
6,f103_completed_AMT_APPLICATION_s_app_AMT_INCOME_TOTAL_min,139.96712064743042,13,0.8273972403387528,0.7634376442481874
6,f103_completed_AMT_GOODS_PRICE_d_AMT_ANNUITY_diff_max,132.11973094940186,11,0.8273972403387528,0.7634376442481874
6,f103_completed_AMT_CREDIT_d_AMT_ANNUITY_diff_mean,469.2406816482544,33,0.8273972403387528,0.7634376442481874
6,f103_completed_AMT_ANNUITY_d_app_AMT_CREDIT_mean,325.5090522766113,17,0.8273972403387528,0.7634376442481874
6,f103_approved_total_debt_pctchange_std_div_mean,99.65928173065186,8,0.8273972403387528,0.7634376442481874
6,f103_completed_AMT_ANNUITY_d_app_AMT_GOODS_PRICE_min,58.17050075531006,5,0.8273972403387528,0.7634376442481874
6,f103_completed_AMT_ANNUITY_d_app_AMT_CREDIT_max,302.1251583099365,22,0.8273972403387528,0.7634376442481874
6,f103_completed_AMT_GOODS_PRICE_d_AMT_ANNUITY_pctchange_max,343.3622317314148,22,0.8273972403387528,0.7634376442481874
6,f103_completed_AMT_CREDIT_d_app_AMT_INCOME_TOTAL_min,128.65399074554443,9,0.8273972403387528,0.7634376442481874
6,f103_completed_AMT_CREDIT_d_AMT_ANNUITY_diff_max,313.1199645996094,18,0.8273972403387528,0.7634376442481874
6,f103_completed_AMT_CREDIT_d_app_AMT_GOODS_PRICE_min,117.4872887134552,10,0.8273972403387528,0.7634376442481874
6,f103_approved_DAYS_LAST_DUE_1ST_VERSION_d_app_DAYS_EMPLOYED_std,151.95027828216553,14,0.8273972403387528,0.7634376442481874
6,f103_completed_AMT_APPLICATION_s_app_AMT_INCOME_TOTAL_max,205.54318046569824,16,0.8273972403387528,0.7634376442481874
6,f103_completed_AMT_CREDIT_d_app_AMT_INCOME_TOTAL_max,159.65232181549072,12,0.8273972403387528,0.7634376442481874
6,f103_approved_DAYS_LAST_DUE_s_app_DAYS_LAST_PHONE_CHANGE_mean,170.1352891921997,15,0.8273972403387528,0.7634376442481874
6,f103_completed_AMT_ANNUITY_s_app_AMT_ANNUITY_d_app_AMT_INCOME_TOTAL_pctchange_mean,263.3339124917984,22,0.8273972403387528,0.7634376442481874
6,f103_approved_DAYS_LAST_DUE_s_app_DAYS_ID_PUBLISH_min,85.84056866168976,9,0.8273972403387528,0.7634376442481874
6,f103_completed_AMT_CREDIT_d_AMT_ANNUITY_pctchange_max,338.656441450119,24,0.8273972403387528,0.7634376442481874
6,f103_approved_DAYS_TERMINATION_s_app_DAYS_ID_PUBLISH_mean,148.69405889511108,13,0.8273972403387528,0.7634376442481874
6,f103_approved_DAYS_TERMINATION_s_app_DAYS_EMPLOYED_min,325.73291862010956,27,0.8273972403387528,0.7634376442481874
6,f103_approved_DAYS_LAST_DUE_s_app_DAYS_ID_PUBLISH_mean,181.63425970077515,15,0.8273972403387528,0.7634376442481874
6,f103_completed_AMT_ANNUITY_d_app_AMT_GOODS_PRICE_max,191.46142101287842,14,0.8273972403387528,0.7634376442481874
6,f103_approved_cnt_unpaid_sum,422.6133704185486,28,0.8273972403387528,0.7634376442481874
6,f103_completed_AMT_APPLICATION_d_app_AMT_INCOME_TOTAL_max,169.6616816520691,14,0.8273972403387528,0.7634376442481874
6,f103_approved_DAYS_TERMINATION_s_app_DAYS_BIRTH_min,103.30407631397247,10,0.8273972403387528,0.7634376442481874
6,f103_approved_DAYS_LAST_DUE_s_app_DAYS_REGISTRATION_min,208.1566514968872,16,0.8273972403387528,0.7634376442481874
6,f103_approved_DAYS_LAST_DUE_1ST_VERSION_d_app_DAYS_REGISTRATION_std,173.184100151062,14,0.8273972403387528,0.7634376442481874
6,f103_approved_DAYS_LAST_DUE_s_DAYS_FIRST_DUE_std_div_mean,188.58221101760864,18,0.8273972403387528,0.7634376442481874
6,f103_approved_DAYS_LAST_DUE_1ST_VERSION_d_app_DAYS_LAST_PHONE_CHANGE_std,166.6284098625183,14,0.8273972403387528,0.7634376442481874
6,f103_completed_AMT_CREDIT_d_app_AMT_ANNUITY_min,158.72567892074585,16,0.8273972403387528,0.7634376442481874
6,f103_completed_AMT_APPLICATION_d_app_AMT_INCOME_TOTAL_min,80.29649043083191,7,0.8273972403387528,0.7634376442481874
6,f103_completed_AMT_ANNUITY_d_app_AMT_GOODS_PRICE_mean,174.73394751548767,14,0.8273972403387528,0.7634376442481874
6,f103_approved_DAYS_LAST_DUE_s_app_DAYS_BIRTH_min,152.9909496307373,15,0.8273972403387528,0.7634376442481874
6,f103_approved_DAYS_TERMINATION_s_app_DAYS_BIRTH_mean,233.6411895751953,19,0.8273972403387528,0.7634376442481874
6,f103_approved_DAYS_LAST_DUE_s_app_DAYS_BIRTH_mean,82.57017993927002,8,0.8273972403387528,0.7634376442481874
6,f103_completed_AMT_APPLICATION_d_app_AMT_GOODS_PRICE_max,160.34541249275208,10,0.8273972403387528,0.7634376442481874
6,f103_completed_AMT_APPLICATION_s_app_AMT_ANNUITY_min,36.11030054092407,4,0.8273972403387528,0.7634376442481874
6,f103_completed_AMT_APPLICATION_s_app_AMT_ANNUITY_mean,144.5877389907837,10,0.8273972403387528,0.7634376442481874
6,f103_approved_amt_unpaid_sum,314.6861000061035,23,0.8273972403387528,0.7634376442481874
6,f103_completed_AMT_CREDIT_d_app_AMT_GOODS_PRICE_mean,62.57697057723999,6,0.8273972403387528,0.7634376442481874
6,f103_completed_AMT_ANNUITY_s_app_AMT_ANNUITY_diff_mean,324.51593828201294,24,0.8273972403387528,0.7634376442481874
6,f103_approved_DAYS_TERMINATION_s_app_DAYS_LAST_PHONE_CHANGE_std_div_mean,82.40365028381348,8,0.8273972403387528,0.7634376442481874
6,f103_completed_AMT_APPLICATION_d_app_AMT_GOODS_PRICE_min,114.80184888839722,9,0.8273972403387528,0.7634376442481874
6,f103_approved_amt_unpaid_mean,107.25846004486084,7,0.8273972403387528,0.7634376442481874
6,f103_completed_AMT_CREDIT_d_app_AMT_INCOME_TOTAL_mean,172.5683994293213,10,0.8273972403387528,0.7634376442481874
6,f103_completed_AMT_CREDIT_s_app_AMT_INCOME_TOTAL_min,93.63537931442261,9,0.8273972403387528,0.7634376442481874
6,f103_completed_AMT_CREDIT_d_app_AMT_GOODS_PRICE_max,214.6324110031128,13,0.8273972403387528,0.7634376442481874
6,f103_completed_AMT_APPLICATION_max,208.4206280708313,17,0.8273972403387528,0.7634376442481874
6,f103_approved_DAYS_LAST_DUE_s_app_DAYS_EMPLOYED_mean,199.0916805267334,12,0.8273972403387528,0.7634376442481874
6,f103_approved_DAYS_TERMINATION_s_app_DAYS_EMPLOYED_mean,198.0482783317566,12,0.8273972403387528,0.7634376442481874
6,f103_completed_AMT_CREDIT_s_app_AMT_INCOME_TOTAL_mean,84.927401304245,8,0.8273972403387528,0.7634376442481874
6,f103_completed_AMT_CREDIT_s_app_AMT_INCOME_TOTAL_max,115.38738822937012,10,0.8273972403387528,0.7634376442481874
6,f103_completed_AMT_APPLICATION_s_app_AMT_ANNUITY_d_app_AMT_INCOME_TOTAL_min,138.14079600572586,12,0.8273972403387528,0.7634376442481874
6,f103_approved_DAYS_LAST_DUE_s_app_DAYS_REGISTRATION_mean,141.04744017124176,13,0.8273972403387528,0.7634376442481874
6,f103_completed_AMT_CREDIT_s_app_AMT_ANNUITY_d_app_AMT_INCOME_TOTAL_min,141.0557403564453,13,0.8273972403387528,0.7634376442481874
6,f103_completed_AMT_CREDIT_min,119.26060914993286,11,0.8273972403387528,0.7634376442481874
6,f103_completed_AMT_ANNUITY_d_app_AMT_ANNUITY_diff_max,300.9006714820862,23,0.8273972403387528,0.7634376442481874
6,f103_completed_AMT_APPLICATION_d_app_AMT_GOODS_PRICE_diff_max,224.6250286102295,16,0.8273972403387528,0.7634376442481874
6,f103_completed_AMT_APPLICATION_mean,58.016610622406006,6,0.8273972403387528,0.7634376442481874
6,f103_completed_AMT_GOODS_PRICE_d_app_AMT_CREDIT_max,204.75353109836578,14,0.8273972403387528,0.7634376442481874
6,f103_approved_DAYS_TERMINATION_s_app_DAYS_REGISTRATION_std_div_mean,139.71087074279785,13,0.8273972403387528,0.7634376442481874
6,f103_approved_DAYS_TERMINATION_d_app_DAYS_EMPLOYED_std_div_mean,167.63151836395264,14,0.8273972403387528,0.7634376442481874
6,f103_completed_AMT_APPLICATION_d_app_AMT_INCOME_TOTAL_mean,193.3667345046997,12,0.8273972403387528,0.7634376442481874
6,f103_completed_AMT_CREDIT_d_app_AMT_CREDIT_max,266.25833225250244,16,0.8273972403387528,0.7634376442481874
6,f103_approved_amt_unpaid_max,168.42171025276184,13,0.8273972403387528,0.7634376442481874
6,f103_completed_AMT_APPLICATION_d_app_AMT_CREDIT_max,352.54424953460693,19,0.8273972403387528,0.7634376442481874
6,f103_completed_DAYS_DECISION_d_app_DAYS_EMPLOYED_min,303.74096965789795,17,0.8273972403387528,0.7634376442481874
6,f103_nyg_high_AMT_ANNUITY_s_app_AMT_GOODS_PRICE_mean,516.6077060699463,25,0.8273972403387528,0.7634376442481874
6,f103_nyg_high_AMT_ANNUITY_s_app_AMT_CREDIT_min,335.52720069885254,19,0.8273972403387528,0.7634376442481874
6,f103_completed_AMT_GOODS_PRICE_d_total_debt_max,730.9070800542831,51,0.8273972403387528,0.7634376442481874
6,f103_completed_AMT_GOODS_PRICE_d_total_debt_min,384.9005787372589,30,0.8273972403387528,0.7634376442481874
6,f103_completed_AMT_GOODS_PRICE_d_total_debt_mean,775.160817027092,52,0.8273972403387528,0.7634376442481874
6,f103_completed_DAYS_FIRST_DUE_d_app_DAYS_EMPLOYED_min,355.50146102905273,17,0.8273972403387528,0.7634376442481874
6,f103_completed_AMT_GOODS_PRICE_d_total_debt_pctchange_max,369.8043212890625,28,0.8273972403387528,0.7634376442481874
6,f103_nyg_high_AMT_ANNUITY_s_app_AMT_GOODS_PRICE_min,265.10661029815674,12,0.8273972403387528,0.7634376442481874
6,f103_completed_AMT_GOODS_PRICE_d_app_AMT_GOODS_PRICE_max,112.85894846916199,9,0.8273972403387528,0.7634376442481874
6,f103_completed_interest_rate_max,396.0501801967621,34,0.8273972403387528,0.7634376442481874
6,f103_completed_AMT_GOODS_PRICE_d_app_AMT_GOODS_PRICE_mean,92.67053031921387,7,0.8273972403387528,0.7634376442481874
6,f103_completed_HOUR_APPR_PROCESS_START_mean,191.5010004043579,17,0.8273972403387528,0.7634376442481874
6,f103_nyg_high_AMT_ANNUITY_d_app_AMT_INCOME_TOTAL_max,767.5709943771362,47,0.8273972403387528,0.7634376442481874
6,f103_completed_interest_rate_min,387.8424005508423,33,0.8273972403387528,0.7634376442481874
6,f103_nyg_high_AMT_ANNUITY_s_app_AMT_GOODS_PRICE_max,341.06889820098877,14,0.8273972403387528,0.7634376442481874
6,f103_completed_AMT_GOODS_PRICE_d_total_debt_pctchange_mean,231.66203999519348,18,0.8273972403387528,0.7634376442481874
6,f103_completed_AMT_GOODS_PRICE_d_total_debt_pctchange_min,236.28939867019653,15,0.8273972403387528,0.7634376442481874
6,f103_completed_DAYS_LAST_DUE_1ST_VERSION_d_app_DAYS_BIRTH_min,321.41085052490234,32,0.8273972403387528,0.7634376442481874
6,f103_nyg_high_AMT_ANNUITY_s_app_AMT_ANNUITY_d_app_AMT_INCOME_TOTAL_min,603.1699817180634,39,0.8273972403387528,0.7634376442481874
6,f103_completed_DAYS_TERMINATION_d_app_DAYS_BIRTH_max,180.2633204460144,15,0.8273972403387528,0.7634376442481874
6,f103_completed_HOUR_APPR_PROCESS_START_max,171.54560136795044,18,0.8273972403387528,0.7634376442481874
6,f103_completed_AMT_GOODS_PRICE_s_app_AMT_INCOME_TOTAL_min,111.96926021575928,10,0.8273972403387528,0.7634376442481874
6,f103_nyg_high_AMT_ANNUITY_s_app_AMT_CREDIT_max,606.3535041809082,29,0.8273972403387528,0.7634376442481874
6,f103_completed_AMT_GOODS_PRICE_d_app_AMT_GOODS_PRICE_min,85.11522960662842,6,0.8273972403387528,0.7634376442481874
6,f103_completed_AMT_GOODS_PRICE_min,52.8038911819458,4,0.8273972403387528,0.7634376442481874
6,f103_completed_AMT_GOODS_PRICE_s_app_AMT_ANNUITY_min,70.3257098197937,6,0.8273972403387528,0.7634376442481874
6,f103_nyg_high_AMT_ANNUITY_s_app_AMT_INCOME_TOTAL_max,423.09374153614044,37,0.8273972403387528,0.7634376442481874
6,f103_completed_AMT_GOODS_PRICE_s_app_AMT_INCOME_TOTAL_mean,93.48068952560425,8,0.8273972403387528,0.7634376442481874
6,f103_completed_interest_rate_mean,407.3376998901367,35,0.8273972403387528,0.7634376442481874
6,f103_completed_DAYS_LAST_DUE_1ST_VERSION_d_app_DAYS_BIRTH_mean,166.07091903686523,18,0.8273972403387528,0.7634376442481874
6,f103_nyg_high_AMT_APPLICATION_d_app_AMT_ANNUITY_max,1055.8660073280334,63,0.8273972403387528,0.7634376442481874
6,f103_completed_AMT_GOODS_PRICE_s_app_AMT_ANNUITY_mean,152.50686264038086,11,0.8273972403387528,0.7634376442481874
6,f103_completed_AMT_GOODS_PRICE_s_app_AMT_INCOME_TOTAL_max,134.95801043510437,9,0.8273972403387528,0.7634376442481874
6,f103_completed_DAYS_TERMINATION_s_app_DAYS_LAST_PHONE_CHANGE_max,246.6628094315529,22,0.8273972403387528,0.7634376442481874
6,f103_nyg_high_AMT_ANNUITY_d_app_AMT_ANNUITY_min,474.4544486999512,23,0.8273972403387528,0.7634376442481874
6,f103_completed_DAYS_TERMINATION_d_app_DAYS_BIRTH_mean,188.5333435535431,16,0.8273972403387528,0.7634376442481874
6,f103_completed_DAYS_LAST_DUE_1ST_VERSION_d_app_DAYS_BIRTH_max,194.1772804260254,18,0.8273972403387528,0.7634376442481874
6,f103_completed_AMT_GOODS_PRICE_d_app_AMT_GOODS_PRICE_diff_max,185.0107822418213,16,0.8273972403387528,0.7634376442481874
6,f103_completed_AMT_GOODS_PRICE_d_app_AMT_INCOME_TOTAL_min,103.60935974121094,9,0.8273972403387528,0.7634376442481874
6,f103_completed_DAYS_FIRST_DUE_d_app_DAYS_BIRTH_min,315.2256507873535,27,0.8273972403387528,0.7634376442481874
6,f103_completed_DAYS_TERMINATION_d_app_DAYS_BIRTH_min,80.04822897911072,9,0.8273972403387528,0.7634376442481874
6,f103_completed_DAYS_LAST_DUE_d_app_DAYS_BIRTH_max,154.31895971298218,14,0.8273972403387528,0.7634376442481874
6,f103_completed_DAYS_LAST_DUE_d_app_DAYS_BIRTH_min,248.5095112323761,21,0.8273972403387528,0.7634376442481874
6,f103_completed_AMT_GOODS_PRICE_s_app_AMT_ANNUITY_max,265.7580165863037,15,0.8273972403387528,0.7634376442481874
6,f103_completed_AMT_GOODS_PRICE_s_app_AMT_ANNUITY_d_app_AMT_INCOME_TOTAL_min,72.82680034637451,6,0.8273972403387528,0.7634376442481874
6,f103_completed_AMT_GOODS_PRICE_d_app_AMT_INCOME_TOTAL_max,152.78345108032227,11,0.8273972403387528,0.7634376442481874
6,f103_completed_DAYS_TERMINATION_s_app_DAYS_LAST_PHONE_CHANGE_min,227.08797073364258,15,0.8273972403387528,0.7634376442481874
6,f103_nyg_high_AMT_ANNUITY_s_app_AMT_INCOME_TOTAL_mean,330.51773977279663,24,0.8273972403387528,0.7634376442481874
6,f103_completed_total_debt_diff_min,292.546550989151,27,0.8273972403387528,0.7634376442481874
6,f103_completed_DAYS_DECISION_d_app_DAYS_BIRTH_min,317.98977065086365,28,0.8273972403387528,0.7634376442481874
6,f103_nyg_high_AMT_ANNUITY_s_app_AMT_CREDIT_mean,545.2452387809753,25,0.8273972403387528,0.7634376442481874
6,f103_completed_total_debt_diff_mean,210.27006489038467,21,0.8273972403387528,0.7634376442481874
6,f103_nyg_high_AMT_ANNUITY_d_app_AMT_GOODS_PRICE_min,525.8416495323181,30,0.8273972403387528,0.7634376442481874
6,f103_completed_AMT_GOODS_PRICE_s_app_AMT_ANNUITY_d_app_AMT_INCOME_TOTAL_max,259.2677888870239,15,0.8273972403387528,0.7634376442481874
6,f103_completed_DAYS_LAST_DUE_1ST_VERSION_d_app_DAYS_EMPLOYED_min,463.2624020576477,38,0.8273972403387528,0.7634376442481874
6,f103_completed_DAYS_LAST_DUE_d_app_DAYS_BIRTH_mean,115.23649024963379,10,0.8273972403387528,0.7634376442481874
6,f103_completed_total_debt_diff_max,219.05612993240356,19,0.8273972403387528,0.7634376442481874
6,f103_nyg_high_AMT_ANNUITY_d_app_AMT_CREDIT_min,524.5510556697845,28,0.8273972403387528,0.7634376442481874
6,f103_completed_DAYS_LAST_DUE_1ST_VERSION_s_app_DAYS_LAST_PHONE_CHANGE_min,177.54115056991577,16,0.8273972403387528,0.7634376442481874
6,f103_completed_AMT_GOODS_PRICE_s_app_AMT_ANNUITY_d_app_AMT_INCOME_TOTAL_mean,169.9267716407776,11,0.8273972403387528,0.7634376442481874
6,f103_completed_DAYS_LAST_DUE_1ST_VERSION_s_app_DAYS_LAST_PHONE_CHANGE_max,158.66473960876465,13,0.8273972403387528,0.7634376442481874
6,f103_completed_DAYS_FIRST_DUE_d_app_DAYS_BIRTH_max,162.01519203186035,11,0.8273972403387528,0.7634376442481874
6,f103_completed_AMT_GOODS_PRICE_d_app_AMT_INCOME_TOTAL_mean,38.886759757995605,4,0.8273972403387528,0.7634376442481874
6,f103_nyg_high_AMT_ANNUITY_d_app_AMT_CREDIT_mean,221.49274063110352,17,0.8273972403387528,0.7634376442481874
6,f103_completed_amt_paid_sum,150.71224927902222,14,0.8273972403387528,0.7634376442481874
6,f103_completed_AMT_GOODS_PRICE_mean,136.97839784622192,8,0.8273972403387528,0.7634376442481874
6,f103_completed_AMT_GOODS_PRICE_max,246.83120155334473,20,0.8273972403387528,0.7634376442481874
6,f103_completed_DAYS_FIRST_DUE_s_app_DAYS_LAST_PHONE_CHANGE_max,130.57338094711304,10,0.8273972403387528,0.7634376442481874
6,f103_completed_DAYS_TERMINATION_s_app_DAYS_LAST_PHONE_CHANGE_mean,209.2411913871765,19,0.8273972403387528,0.7634376442481874
6,f103_completed_DAYS_DECISION_d_app_DAYS_BIRTH_max,170.14976119995117,14,0.8273972403387528,0.7634376442481874
6,f103_completed_DAYS_TERMINATION_s_app_DAYS_ID_PUBLISH_min,110.60154914855957,10,0.8273972403387528,0.7634376442481874
6,f103_completed_DAYS_TERMINATION_s_app_DAYS_REGISTRATION_max,65.70704984664917,6,0.8273972403387528,0.7634376442481874
6,f103_completed_DAYS_DECISION_d_app_DAYS_BIRTH_mean,300.32808697223663,22,0.8273972403387528,0.7634376442481874
6,f103_completed_DAYS_DECISION_s_app_DAYS_LAST_PHONE_CHANGE_max,179.03156089782715,10,0.8273972403387528,0.7634376442481874
6,f103_completed_DAYS_LAST_DUE_s_app_DAYS_LAST_PHONE_CHANGE_min,147.5577516555786,12,0.8273972403387528,0.7634376442481874
6,f103_completed_DAYS_LAST_DUE_1ST_VERSION_s_app_DAYS_LAST_PHONE_CHANGE_mean,124.51388132572174,13,0.8273972403387528,0.7634376442481874
6,f103_completed_DAYS_LAST_DUE_1ST_VERSION_d_app_DAYS_EMPLOYED_max,257.3335099220276,20,0.8273972403387528,0.7634376442481874
6,f103_completed_DAYS_TERMINATION_d_app_DAYS_EMPLOYED_min,281.3246521949768,23,0.8273972403387528,0.7634376442481874
6,f103_completed_NAME_CLIENT_TYPE_New_mean,244.17305707931519,15,0.8273972403387528,0.7634376442481874
6,f103_completed_DAYS_FIRST_DUE_d_app_DAYS_BIRTH_mean,264.5844922065735,17,0.8273972403387528,0.7634376442481874
6,f103_completed_DAYS_TERMINATION_s_app_DAYS_BIRTH_max,61.36190986633301,4,0.8273972403387528,0.7634376442481874
6,f103_completed_DAYS_TERMINATION_s_app_DAYS_ID_PUBLISH_max,123.69532775878906,12,0.8273972403387528,0.7634376442481874
6,f103_completed_DAYS_TERMINATION_s_app_DAYS_REGISTRATION_min,60.882529735565186,6,0.8273972403387528,0.7634376442481874
6,f103_completed_DAYS_TERMINATION_d_app_DAYS_EMPLOYED_mean,174.0233805179596,16,0.8273972403387528,0.7634376442481874
6,f103_nyg_high_AMT_APPLICATION_d_app_AMT_ANNUITY_pctchange_mean,345.5322618484497,25,0.8273972403387528,0.7634376442481874
6,f103_completed_DAYS_LAST_DUE_1ST_VERSION_s_app_DAYS_ID_PUBLISH_max,103.71994090080261,8,0.8273972403387528,0.7634376442481874
6,f103_completed_DAYS_LAST_DUE_s_app_DAYS_ID_PUBLISH_max,114.9429578781128,9,0.8273972403387528,0.7634376442481874
6,f103_completed_DAYS_LAST_DUE_1ST_VERSION_d_app_DAYS_EMPLOYED_mean,235.49575090408325,15,0.8273972403387528,0.7634376442481874
6,f103_completed_DAYS_LAST_DUE_1ST_VERSION_s_app_DAYS_REGISTRATION_min,161.2003583908081,11,0.8273972403387528,0.7634376442481874
6,f103_completed_DAYS_LAST_DUE_1ST_VERSION_s_app_DAYS_ID_PUBLISH_mean,64.04172992706299,7,0.8273972403387528,0.7634376442481874
6,f103_completed_DAYS_LAST_DUE_s_app_DAYS_LAST_PHONE_CHANGE_max,101.54241991043091,9,0.8273972403387528,0.7634376442481874
6,f103_completed_amt_paid_min,108.50797986984253,11,0.8273972403387528,0.7634376442481874
6,f103_completed_DAYS_FIRST_DUE_d_app_DAYS_EMPLOYED_mean,366.68461894989014,22,0.8273972403387528,0.7634376442481874
6,f103_completed_DAYS_LAST_DUE_s_app_DAYS_ID_PUBLISH_min,37.14104986190796,4,0.8273972403387528,0.7634376442481874
6,f103_nyg_high_AMT_APPLICATION_d_app_AMT_CREDIT_diff_mean,131.8192117214203,12,0.8273972403387528,0.7634376442481874
6,f103_completed_DAYS_LAST_DUE_d_app_DAYS_EMPLOYED_min,154.52758884429932,13,0.8273972403387528,0.7634376442481874
6,f103_completed_DAYS_LAST_DUE_1ST_VERSION_s_app_DAYS_BIRTH_max,100.89038038253784,6,0.8273972403387528,0.7634376442481874
6,f103_nyg_high_AMT_APPLICATION_d_app_AMT_ANNUITY_pctchange_min,157.92261171340942,11,0.8273972403387528,0.7634376442481874
6,f103_completed_DAYS_LAST_DUE_1ST_VERSION_s_app_DAYS_REGISTRATION_max,140.09185028076172,11,0.8273972403387528,0.7634376442481874
6,f103_completed_total_debt_min,104.58400011062622,9,0.8273972403387528,0.7634376442481874
6,f103_completed_DAYS_LAST_DUE_s_app_DAYS_REGISTRATION_max,109.52583026885986,12,0.8273972403387528,0.7634376442481874
6,f103_completed_DAYS_FIRST_DUE_s_DAYS_DECISIONS_mean,289.67103815078735,27,0.8273972403387528,0.7634376442481874
6,f103_completed_DAYS_FIRST_DUE_s_app_DAYS_ID_PUBLISH_max,154.52755880355835,13,0.8273972403387528,0.7634376442481874
6,f103_completed_AMT_GOODS_PRICE_d_app_AMT_INCOME_TOTAL_diff_mean,252.52583122253418,21,0.8273972403387528,0.7634376442481874
6,f103_completed_DAYS_TERMINATION_s_app_DAYS_REGISTRATION_mean,125.75248956680298,9,0.8273972403387528,0.7634376442481874
6,f103_completed_DAYS_TERMINATION_s_app_DAYS_ID_PUBLISH_mean,106.73850774765015,9,0.8273972403387528,0.7634376442481874
6,f103_completed_DAYS_LAST_DUE_1ST_VERSION_s_app_DAYS_ID_PUBLISH_min,77.85163021087646,7,0.8273972403387528,0.7634376442481874
6,f103_completed_DAYS_DECISION_d_app_DAYS_EMPLOYED_mean,371.37018871307373,18,0.8273972403387528,0.7634376442481874
6,f103_completed_AMT_GOODS_PRICE_d_app_AMT_INCOME_TOTAL_diff_max,242.61886978149414,19,0.8273972403387528,0.7634376442481874
6,f103_nyg_high_AMT_APPLICATION_d_app_AMT_ANNUITY_diff_max,334.03775930404663,23,0.8273972403387528,0.7634376442481874
6,f103_completed_DAYS_DECISION_s_app_DAYS_ID_PUBLISH_mean,144.2631287574768,11,0.8273972403387528,0.7634376442481874
6,f103_nyg_high_AMT_APPLICATION_d_app_AMT_ANNUITY_pctchange_max,762.0209031105042,49,0.8273972403387528,0.7634376442481874
6,f103_completed_DAYS_LAST_DUE_1ST_VERSION_s_app_DAYS_EMPLOYED_max,102.96365737915039,10,0.8273972403387528,0.7634376442481874
6,f103_completed_DAYS_DECISION_s_app_DAYS_ID_PUBLISH_max,106.55802965164185,9,0.8273972403387528,0.7634376442481874
6,f103_completed_DAYS_FIRST_DUE_s_app_DAYS_LAST_PHONE_CHANGE_mean,101.04601860046387,8,0.8273972403387528,0.7634376442481874
6,f103_nyg_high_AMT_ANNUITY_d_app_AMT_ANNUITY_pctchange_max,532.9059281349182,38,0.8273972403387528,0.7634376442481874
6,f103_completed_DAYS_LAST_DUE_s_app_DAYS_BIRTH_max,144.28533744812012,9,0.8273972403387528,0.7634376442481874
6,f103_completed_DAYS_TERMINATION_d_app_DAYS_EMPLOYED_max,209.37226128578186,17,0.8273972403387528,0.7634376442481874
6,f103_nyg_high_AMT_APPLICATION_d_app_AMT_ANNUITY_diff_mean,184.4435214996338,13,0.8273972403387528,0.7634376442481874
6,f103_completed_DAYS_TERMINATION_s_app_DAYS_BIRTH_mean,86.15402889251709,7,0.8273972403387528,0.7634376442481874
6,f103_completed_DAYS_TERMINATION_s_app_DAYS_BIRTH_min,156.9123411178589,11,0.8273972403387528,0.7634376442481874
6,f103_completed_DAYS_TERMINATION_s_app_DAYS_EMPLOYED_min,169.51705050468445,16,0.8273972403387528,0.7634376442481874
6,f103_completed_AMT_GOODS_PRICE_s_app_AMT_ANNUITY_diff_min,366.931120634079,27,0.8273972403387528,0.7634376442481874
6,f103_completed_DAYS_FIRST_DUE_s_app_DAYS_LAST_PHONE_CHANGE_min,149.90952014923096,11,0.8273972403387528,0.7634376442481874
6,f103_completed_DAYS_LAST_DUE_d_app_DAYS_EMPLOYED_mean,156.81192111968994,13,0.8273972403387528,0.7634376442481874
6,f103_completed_DAYS_LAST_DUE_1ST_VERSION_s_app_DAYS_EMPLOYED_mean,94.34482955932617,7,0.8273972403387528,0.7634376442481874
6,f103_completed_DAYS_TERMINATION_s_app_DAYS_EMPLOYED_max,156.74043369293213,13,0.8273972403387528,0.7634376442481874
6,f103_completed_DAYS_DECISION_d_app_DAYS_EMPLOYED_max,312.7039089202881,15,0.8273972403387528,0.7634376442481874
6,f103_completed_DAYS_LAST_DUE_s_app_DAYS_ID_PUBLISH_mean,123.02974104881287,10,0.8273972403387528,0.7634376442481874
6,f103_nyg_high_AMT_ANNUITY_d_app_AMT_GOODS_PRICE_diff_max,186.44688081741333,15,0.8273972403387528,0.7634376442481874
6,f103_nyg_high_AMT_ANNUITY_d_app_AMT_ANNUITY_diff_max,208.48740196228027,14,0.8273972403387528,0.7634376442481874
6,f103_completed_DAYS_LAST_DUE_1ST_VERSION_s_app_DAYS_BIRTH_mean,198.93663930892944,14,0.8273972403387528,0.7634376442481874
6,f103_completed_DAYS_FIRST_DUE_s_DAYS_DECISIONS_max,88.83190059661865,8,0.8273972403387528,0.7634376442481874
6,f103_nyg_high_AMT_ANNUITY_d_app_AMT_CREDIT_diff_max,241.76903009414673,18,0.8273972403387528,0.7634376442481874
6,f103_nyg_high_AMT_APPLICATION_d_app_AMT_CREDIT_diff_max,228.39533805847168,16,0.8273972403387528,0.7634376442481874
6,f103_completed_DAYS_LAST_DUE_s_app_DAYS_LAST_PHONE_CHANGE_mean,125.02926063537598,10,0.8273972403387528,0.7634376442481874
6,f103_completed_AMT_GOODS_PRICE_s_app_AMT_ANNUITY_diff_mean,352.34567070007324,25,0.8273972403387528,0.7634376442481874
6,f103_nyg_high_AMT_ANNUITY_d_app_AMT_ANNUITY_diff_mean,244.0046510696411,21,0.8273972403387528,0.7634376442481874
6,f103_completed_DAYS_DECISION_s_app_DAYS_ID_PUBLISH_min,104.74089455604553,9,0.8273972403387528,0.7634376442481874
7,f103_completed_AMT_GOODS_PRICE_s_app_AMT_ANNUITY_diff_max,2071.436241388321,150,0.6497946983508653,0.6049635833763223
7,f103_completed_interest_rate_diff_std,489.6551077365875,41,0.6497946983508653,0.6049635833763223
7,f103_completed_DAYS_LAST_DUE_1ST_VERSION_s_app_DAYS_EMPLOYED_min,643.4501269459724,48,0.6497946983508653,0.6049635833763223
7,f103_completed_DAYS_LAST_DUE_1ST_VERSION_s_app_DAYS_REGISTRATION_mean,386.1491621285677,39,0.6497946983508653,0.6049635833763223
7,f103_completed_DAYS_LAST_DUE_s_app_DAYS_EMPLOYED_min,326.87937331199646,32,0.6497946983508653,0.6049635833763223
7,f103_completed_DAYS_DECISION_s_app_DAYS_LAST_PHONE_CHANGE_mean,2740.567730486393,141,0.6497946983508653,0.6049635833763223
7,f103_completed_DAYS_DECISION_s_app_DAYS_LAST_PHONE_CHANGE_min,1791.4537459611893,90,0.6497946983508653,0.6049635833763223
7,f103_completed_DAYS_DECISION_s_app_DAYS_REGISTRATION_max,378.26971557736397,34,0.6497946983508653,0.6049635833763223
7,f103_completed_DAYS_LAST_DUE_s_app_DAYS_BIRTH_min,1320.9978717565536,80,0.6497946983508653,0.6049635833763223
7,f103_completed_DAYS_LAST_DUE_d_app_DAYS_EMPLOYED_max,961.5689367949963,80,0.6497946983508653,0.6049635833763223
7,f103_completed_DAYS_LAST_DUE_s_app_DAYS_BIRTH_mean,1470.0718178749084,90,0.6497946983508653,0.6049635833763223
7,f103_completed_DAYS_FIRST_DUE_d_app_DAYS_EMPLOYED_max,8984.15338140726,168,0.6497946983508653,0.6049635833763223
7,f103_completed_AMT_GOODS_PRICE_d_app_AMT_INCOME_TOTAL_diff_min,1397.307541884482,120,0.6497946983508653,0.6049635833763223
7,f103_completed_amt_paid_mean,1317.2223259210587,106,0.6497946983508653,0.6049635833763223
7,f103_completed_DAYS_FIRST_DUE_s_app_DAYS_EMPLOYED_max,1379.5676546692848,92,0.6497946983508653,0.6049635833763223
7,f103_completed_DAYS_FIRST_DUE_s_DAYS_DECISIONS_min,939.5181012153625,74,0.6497946983508653,0.6049635833763223
7,f103_completed_DAYS_DECISION_s_app_DAYS_BIRTH_max,1830.8140085935593,90,0.6497946983508653,0.6049635833763223
7,f103_nyg_high_AMT_ANNUITY_s_app_AMT_ANNUITY_diff_max,684.7010872364044,58,0.6497946983508653,0.6049635833763223
7,f103_completed_DAYS_LAST_DUE_1ST_VERSION_s_app_DAYS_BIRTH_min,1484.8636980056763,61,0.6497946983508653,0.6049635833763223
7,f103_completed_DAYS_DECISION_s_app_DAYS_REGISTRATION_min,390.1038001924753,37,0.6497946983508653,0.6049635833763223
7,f103_completed_DAYS_LAST_DUE_s_app_DAYS_EMPLOYED_max,608.5471330285072,36,0.6497946983508653,0.6049635833763223
7,f103_completed_DAYS_TERMINATION_s_app_DAYS_EMPLOYED_mean,529.6367968320847,43,0.6497946983508653,0.6049635833763223
7,f103_completed_total_debt_max,2220.540770173073,149,0.6497946983508653,0.6049635833763223
7,f103_completed_DAYS_FIRST_DUE_s_app_DAYS_REGISTRATION_max,513.4973961040378,46,0.6497946983508653,0.6049635833763223
7,f103_nyg_high_AMT_GOODS_PRICE_d_total_debt_mean,1271.3585228919983,45,0.6497946983508653,0.6049635833763223
7,f103_completed_DAYS_LAST_DUE_1ST_VERSION_d_app_DAYS_EMPLOYED_std_div_mean,476.1620707511902,38,0.6497946983508653,0.6049635833763223
7,f103_nyg_high_DAYS_DECISION_s_app_DAYS_EMPLOYED_mean,641.2943449020386,29,0.6497946983508653,0.6049635833763223
7,f103_nyg_high_DAYS_DECISION_s_app_DAYS_EMPLOYED_min,760.8451113700867,33,0.6497946983508653,0.6049635833763223
7,f103_nyg_high_AMT_GOODS_PRICE_d_total_debt_min,7424.737686634064,88,0.6497946983508653,0.6049635833763223
7,f103_nyg_high_AMT_CREDIT_d_total_debt_min,4860.855280995369,73,0.6497946983508653,0.6049635833763223
7,f103_nyg_high_DAYS_DECISION_s_app_DAYS_EMPLOYED_max,377.50861978530884,24,0.6497946983508653,0.6049635833763223
7,f103_nyg_high_DAYS_DECISION_s_app_DAYS_BIRTH_min,135.5308394432068,14,0.6497946983508653,0.6049635833763223
7,f103_nyg_high_DAYS_DECISION_s_app_DAYS_LAST_PHONE_CHANGE_min,985.0008282661438,23,0.6497946983508653,0.6049635833763223
7,f103_nyg_high_DAYS_DECISION_s_app_DAYS_ID_PUBLISH_max,143.9893217086792,14,0.6497946983508653,0.6049635833763223
7,f103_nyg_high_DAYS_DECISION_s_app_DAYS_LAST_PHONE_CHANGE_max,1121.3686392903328,30,0.6497946983508653,0.6049635833763223
7,f103_nyg_high_DAYS_DECISION_s_app_DAYS_LAST_PHONE_CHANGE_mean,1224.9009702205658,35,0.6497946983508653,0.6049635833763223
7,f103_nyg_high_DAYS_DECISION_d_app_DAYS_REGISTRATION_mean,288.03537702560425,22,0.6497946983508653,0.6049635833763223
7,f103_nyg_high_AMT_GOODS_PRICE_d_total_debt_max,981.9792566299438,38,0.6497946983508653,0.6049635833763223
7,f103_nyg_high_DAYS_DECISION_d_app_DAYS_BIRTH_mean,213.39731693267822,18,0.6497946983508653,0.6049635833763223
7,f103_nyg_high_DAYS_DECISION_d_app_DAYS_REGISTRATION_max,465.0792074203491,33,0.6497946983508653,0.6049635833763223
7,f103_nyg_high_AMT_CREDIT_d_AMT_ANNUITY_max,493.1105628013611,21,0.6497946983508653,0.6049635833763223
7,f103_nyg_high_DAYS_DECISION_d_app_DAYS_BIRTH_max,244.58667182922363,19,0.6497946983508653,0.6049635833763223
7,f103_nyg_high_DAYS_DECISION_d_app_DAYS_BIRTH_min,311.0055091381073,28,0.6497946983508653,0.6049635833763223
7,f103_nyg_high_AMT_CREDIT_d_total_debt_mean,2833.9611604213715,52,0.6497946983508653,0.6049635833763223
7,f103_nyg_high_DAYS_DECISION_s_app_DAYS_ID_PUBLISH_min,206.44801902770996,14,0.6497946983508653,0.6049635833763223
7,f103_nyg_high_DAYS_DECISION_s_app_DAYS_ID_PUBLISH_mean,133.02454948425293,11,0.6497946983508653,0.6049635833763223
7,f103_nyg_high_AMT_CREDIT_d_AMT_ANNUITY_diff_mean,204.56527256965637,17,0.6497946983508653,0.6049635833763223
7,f103_nyg_high_DAYS_DECISION_s_app_DAYS_BIRTH_max,103.31268072128296,10,0.6497946983508653,0.6049635833763223
7,f103_nyg_high_AMT_CREDIT_d_total_debt_pctchange_mean,356.6394991874695,30,0.6497946983508653,0.6049635833763223
7,f103_nyg_high_DAYS_DECISION_s_app_DAYS_BIRTH_mean,59.47146940231323,6,0.6497946983508653,0.6049635833763223
7,f103_nyg_high_AMT_CREDIT_d_total_debt_max,344.1554775238037,23,0.6497946983508653,0.6049635833763223
7,f103_nyg_high_AMT_GOODS_PRICE_d_app_AMT_ANNUITY_max,452.11903619766235,30,0.6497946983508653,0.6049635833763223
7,f103_nyg_high_AMT_CREDIT_d_app_AMT_ANNUITY_mean,350.7335715293884,22,0.6497946983508653,0.6049635833763223
7,f103_nyg_high_AMT_APPLICATION_m_app_AMT_GOODS_PRICE_d_app_AMT_INCOME_TOTAL_pctchange_max,180.41221022605896,20,0.6497946983508653,0.6049635833763223
7,f103_nyg_high_AMT_GOODS_PRICE_d_AMT_ANNUITY_diff_max,215.16874027252197,22,0.6497946983508653,0.6049635833763223
7,f103_nyg_high_AMT_APPLICATION_s_app_AMT_CREDIT_d_app_AMT_INCOME_TOTAL_max,341.3276410102844,27,0.6497946983508653,0.6049635833763223
7,f103_nyg_high_DAYS_DECISION_s_app_DAYS_REGISTRATION_max,139.25178396701813,11,0.6497946983508653,0.6049635833763223
7,f103_nyg_high_DAYS_DECISION_s_app_DAYS_REGISTRATION_min,167.13812017440796,13,0.6497946983508653,0.6049635833763223
7,f103_nyg_high_AMT_GOODS_PRICE_d_AMT_ANNUITY_pctchange_mean,163.1355619430542,17,0.6497946983508653,0.6049635833763223
7,f103_nyg_high_AMT_GOODS_PRICE_d_total_debt_diff_min,333.45704984664917,24,0.6497946983508653,0.6049635833763223
7,f103_nyg_high_AMT_CREDIT_d_AMT_ANNUITY_pctchange_mean,131.6776418685913,15,0.6497946983508653,0.6049635833763223
7,f103_nyg_high_AMT_CREDIT_d_AMT_ANNUITY_min,243.5782868862152,20,0.6497946983508653,0.6049635833763223
7,f103_nyg_high_AMT_GOODS_PRICE_d_AMT_ANNUITY_min,99.20275068283081,11,0.6497946983508653,0.6049635833763223
7,f103_nyg_high_AMT_CREDIT_d_app_AMT_GOODS_PRICE_max,234.496901512146,19,0.6497946983508653,0.6049635833763223
7,f103_nyg_high_AMT_APPLICATION_s_app_AMT_GOODS_PRICE_min,324.69375944137573,18,0.6497946983508653,0.6049635833763223
7,f103_nyg_high_AMT_CREDIT_d_AMT_APPLICATION_diff_mean,167.45494937896729,16,0.6497946983508653,0.6049635833763223
7,f103_nyg_high_AMT_CREDIT_d_AMT_ANNUITY_mean,1208.1480536460876,28,0.6497946983508653,0.6049635833763223
7,f103_nyg_high_AMT_CREDIT_s_app_AMT_GOODS_PRICE_min,227.49466037750244,17,0.6497946983508653,0.6049635833763223
7,f103_nyg_high_AMT_GOODS_PRICE_d_total_debt_pctchange_mean,207.89976978302002,18,0.6497946983508653,0.6049635833763223
7,f103_nyg_high_AMT_GOODS_PRICE_d_total_debt_diff_mean,174.401291847229,16,0.6497946983508653,0.6049635833763223
7,f103_nyg_high_AMT_GOODS_PRICE_d_AMT_ANNUITY_mean,90.15309202671051,10,0.6497946983508653,0.6049635833763223
7,f103_nyg_high_AMT_CREDIT_d_total_debt_diff_min,89.81256103515625,8,0.6497946983508653,0.6049635833763223
7,f103_nyg_high_AMT_CREDIT_s_app_AMT_CREDIT_d_app_AMT_INCOME_TOTAL_max,316.5844683647156,28,0.6497946983508653,0.6049635833763223
7,f103_nyg_high_AMT_GOODS_PRICE_d_AMT_ANNUITY_pctchange_max,157.67423105239868,16,0.6497946983508653,0.6049635833763223
7,f103_nyg_high_AMT_GOODS_PRICE_d_AMT_ANNUITY_max,142.3235092163086,12,0.6497946983508653,0.6049635833763223
7,f103_nyg_high_AMT_APPLICATION_s_app_AMT_INCOME_TOTAL_min,88.3572803735733,9,0.6497946983508653,0.6049635833763223
7,f103_nyg_high_AMT_CREDIT_d_total_debt_pctchange_min,148.73575115203857,12,0.6497946983508653,0.6049635833763223
7,f103_nyg_high_AMT_APPLICATION_s_app_AMT_CREDIT_min,851.9146757125854,53,0.6497946983508653,0.6049635833763223
7,f103_nyg_high_DAYS_DECISION_s_app_DAYS_REGISTRATION_mean,116.79104042053223,9,0.6497946983508653,0.6049635833763223
7,f103_nyg_high_AMT_CREDIT_d_AMT_APPLICATION_diff_max,273.0052704811096,24,0.6497946983508653,0.6049635833763223
7,f103_nyg_high_AMT_CREDIT_d_total_debt_diff_mean,174.76081895828247,13,0.6497946983508653,0.6049635833763223
7,f103_nyg_high_AMT_GOODS_PRICE_d_total_debt_pctchange_min,279.1731381416321,18,0.6497946983508653,0.6049635833763223
7,f103_nyg_high_AMT_CREDIT_d_AMT_APPLICATION_max,283.06687450408936,18,0.6497946983508653,0.6049635833763223
7,f103_nyg_high_AMT_CREDIT_d_AMT_APPLICATION_mean,240.972447514534,19,0.6497946983508653,0.6049635833763223
7,f103_nyg_high_AMT_GOODS_PRICE_d_AMT_CREDIT_diff_min,116.86423110961914,13,0.6497946983508653,0.6049635833763223
7,f103_nyg_high_AMT_CREDIT_d_AMT_ANNUITY_diff_max,136.12779140472412,15,0.6497946983508653,0.6049635833763223
7,f103_nyg_high_AMT_CREDIT_s_app_AMT_CREDIT_min,380.5635914802551,24,0.6497946983508653,0.6049635833763223
7,f103_nyg_high_AMT_GOODS_PRICE_d_AMT_CREDIT_pctchange_mean,204.04888939857483,20,0.6497946983508653,0.6049635833763223
7,f103_nyg_high_AMT_CREDIT_d_AMT_ANNUITY_pctchange_max,170.33654880523682,16,0.6497946983508653,0.6049635833763223
7,f103_nyg_high_AMT_CREDIT_min,170.5584897994995,13,0.6497946983508653,0.6049635833763223
7,f103_nyg_high_AMT_CREDIT_d_app_AMT_ANNUITY_max,273.7567276954651,19,0.6497946983508653,0.6049635833763223
7,f103_nyg_high_AMT_CREDIT_s_app_AMT_ANNUITY_min,304.5127773284912,22,0.6497946983508653,0.6049635833763223
7,f103_nyg_high_AMT_APPLICATION_s_app_AMT_GOODS_PRICE_max,366.26089096069336,21,0.6497946983508653,0.6049635833763223
7,f103_nyg_high_AMT_CREDIT_s_app_AMT_GOODS_PRICE_max,705.5698766708374,33,0.6497946983508653,0.6049635833763223
7,f103_nyg_high_AMT_APPLICATION_s_app_AMT_ANNUITY_d_app_AMT_INCOME_TOTAL_min,554.9399328231812,35,0.6497946983508653,0.6049635833763223
7,f103_nyg_high_AMT_CREDIT_m_app_AMT_GOODS_PRICE_d_app_AMT_INCOME_TOTAL_min,137.2602288722992,13,0.6497946983508653,0.6049635833763223
7,f103_nyg_high_AMT_APPLICATION_m_app_AMT_GOODS_PRICE_d_app_AMT_INCOME_TOTAL_mean,162.31824111938477,10,0.6497946983508653,0.6049635833763223
7,f103_nyg_high_AMT_CREDIT_s_app_AMT_GOODS_PRICE_mean,354.63240575790405,21,0.6497946983508653,0.6049635833763223
7,f103_nyg_high_AMT_GOODS_PRICE_d_AMT_CREDIT_diff_mean,172.08572149276733,17,0.6497946983508653,0.6049635833763223
7,f103_nyg_high_AMT_CREDIT_s_app_AMT_INCOME_TOTAL_min,134.9842619895935,12,0.6497946983508653,0.6049635833763223
7,f103_nyg_high_AMT_APPLICATION_s_app_AMT_GOODS_PRICE_mean,327.01656544208527,20,0.6497946983508653,0.6049635833763223
7,f103_nyg_high_AMT_APPLICATION_m_app_AMT_GOODS_PRICE_d_app_AMT_INCOME_TOTAL_max,43.99944019317627,5,0.6497946983508653,0.6049635833763223
7,f103_nyg_high_AMT_CREDIT_d_app_AMT_INCOME_TOTAL_min,158.98850059509277,13,0.6497946983508653,0.6049635833763223
7,f103_nyg_high_AMT_CREDIT_d_AMT_APPLICATION_min,121.06062984466553,14,0.6497946983508653,0.6049635833763223
7,f103_nyg_high_AMT_APPLICATION_s_app_AMT_ANNUITY_mean,249.38219833374023,11,0.6497946983508653,0.6049635833763223
7,f103_nyg_high_AMT_APPLICATION_s_app_AMT_ANNUITY_max,271.32046699523926,16,0.6497946983508653,0.6049635833763223
7,f103_nyg_high_AMT_CREDIT_s_app_AMT_ANNUITY_mean,54.09555947780609,7,0.6497946983508653,0.6049635833763223
7,f103_nyg_high_AMT_CREDIT_d_AMT_APPLICATION_pctchange_max,164.43052768707275,16,0.6497946983508653,0.6049635833763223
7,f103_nyg_high_AMT_CREDIT_s_app_AMT_CREDIT_max,420.0393137931824,23,0.6497946983508653,0.6049635833763223
7,f103_nyg_high_AMT_CREDIT_d_app_AMT_ANNUITY_diff_mean,125.29959154129028,12,0.6497946983508653,0.6049635833763223
7,f103_nyg_high_AMT_APPLICATION_s_app_AMT_INCOME_TOTAL_mean,86.19695854187012,9,0.6497946983508653,0.6049635833763223
7,f103_nyg_high_AMT_APPLICATION_s_app_AMT_CREDIT_mean,380.88578271865845,20,0.6497946983508653,0.6049635833763223
7,f103_nyg_high_AMT_CREDIT_m_app_AMT_GOODS_PRICE_d_app_AMT_INCOME_TOTAL_mean,125.63295984268188,9,0.6497946983508653,0.6049635833763223
7,f103_nyg_high_AMT_CREDIT_d_app_AMT_INCOME_TOTAL_max,85.71746921539307,6,0.6497946983508653,0.6049635833763223
7,f103_nyg_high_AMT_CREDIT_s_app_AMT_INCOME_TOTAL_mean,87.99673843383789,9,0.6497946983508653,0.6049635833763223
7,f103_nyg_high_AMT_APPLICATION_s_app_AMT_CREDIT_max,533.8366680145264,28,0.6497946983508653,0.6049635833763223
7,f103_nyg_high_AMT_CREDIT_d_app_AMT_ANNUITY_diff_max,236.7408003807068,17,0.6497946983508653,0.6049635833763223
7,f103_nyg_high_AMT_CREDIT_d_app_AMT_ANNUITY_pctchange_min,146.04462051391602,16,0.6497946983508653,0.6049635833763223
7,f103_nyg_high_AMT_CREDIT_mean,95.06864166259766,7,0.6497946983508653,0.6049635833763223
7,f103_nyg_high_AMT_GOODS_PRICE_d_AMT_CREDIT_mean,275.60047245025635,19,0.6497946983508653,0.6049635833763223
7,f103_nyg_high_AMT_CREDIT_s_app_AMT_ANNUITY_d_app_AMT_INCOME_TOTAL_min,271.1874990463257,18,0.6497946983508653,0.6049635833763223
7,f103_nyg_high_AMT_APPLICATION_s_app_AMT_INCOME_TOTAL_max,90.61780333518982,9,0.6497946983508653,0.6049635833763223
7,f103_nyg_high_AMT_CREDIT_m_app_AMT_GOODS_PRICE_d_app_AMT_INCOME_TOTAL_max,55.99141639471054,7,0.6497946983508653,0.6049635833763223
7,f103_nyg_high_AMT_CREDIT_d_app_AMT_ANNUITY_pctchange_mean,278.6670582294464,23,0.6497946983508653,0.6049635833763223
7,f103_nyg_high_AMT_APPLICATION_d_app_AMT_INCOME_TOTAL_min,108.61029958724976,11,0.6497946983508653,0.6049635833763223
7,f103_nyg_high_AMT_CREDIT_d_app_AMT_INCOME_TOTAL_diff_mean,121.13118028640747,12,0.6497946983508653,0.6049635833763223
7,f103_nyg_high_AMT_CREDIT_s_app_AMT_ANNUITY_max,88.73463249206543,6,0.6497946983508653,0.6049635833763223
7,f103_nyg_high_CODE_REJECT_REASON_XAP_mean,742.1624090671539,40,0.6497946983508653,0.6049635833763223
7,f103_nyg_high_AMT_GOODS_PRICE_d_AMT_CREDIT_min,154.83740043640137,13,0.6497946983508653,0.6049635833763223
7,f103_nyg_high_AMT_GOODS_PRICE_d_AMT_CREDIT_max,107.42576485872269,12,0.6497946983508653,0.6049635833763223
7,f103_nyg_high_AMT_CREDIT_s_app_AMT_CREDIT_mean,110.53824043273926,8,0.6497946983508653,0.6049635833763223
7,f103_nyg_high_AMT_CREDIT_d_app_AMT_INCOME_TOTAL_mean,121.54264116287231,10,0.6497946983508653,0.6049635833763223
7,f103_nyg_high_AMT_GOODS_PRICE_m_app_AMT_GOODS_PRICE_d_app_AMT_INCOME_TOTAL_pctchange_max,245.31907081604004,19,0.6497946983508653,0.6049635833763223
7,f103_nyg_high_AMT_CREDIT_max,59.53175163269043,6,0.6497946983508653,0.6049635833763223
7,f103_nyg_high_AMT_APPLICATION_d_app_AMT_GOODS_PRICE_pctchange_max,375.74462127685547,26,0.6497946983508653,0.6049635833763223
7,f103_nyg_high_AMT_APPLICATION_d_app_AMT_GOODS_PRICE_pctchange_min,104.58230924606323,9,0.6497946983508653,0.6049635833763223
7,f103_nyg_high_AMT_GOODS_PRICE_d_app_AMT_ANNUITY_diff_max,251.19940423965454,20,0.6497946983508653,0.6049635833763223
7,f103_nyg_high_AMT_APPLICATION_max,50.74159908294678,6,0.6497946983508653,0.6049635833763223
7,f103_nyg_high_AMT_CREDIT_s_app_AMT_INCOME_TOTAL_max,30.210059642791748,4,0.6497946983508653,0.6049635833763223
7,f103_nyg_high_AMT_APPLICATION_d_app_AMT_INCOME_TOTAL_max,145.8337802886963,10,0.6497946983508653,0.6049635833763223
7,f103_nyg_high_AMT_APPLICATION_s_app_AMT_ANNUITY_d_app_AMT_INCOME_TOTAL_max,146.5194697380066,13,0.6497946983508653,0.6049635833763223
7,f103_nyg_high_AMT_APPLICATION_d_app_AMT_GOODS_PRICE_pctchange_mean,184.15144050121307,17,0.6497946983508653,0.6049635833763223
7,f103_nyg_high_AMT_CREDIT_d_app_AMT_GOODS_PRICE_diff_mean,75.75528144836426,8,0.6497946983508653,0.6049635833763223
7,f103_nyg_high_AMT_APPLICATION_d_app_AMT_INCOME_TOTAL_mean,78.56510019302368,7,0.6497946983508653,0.6049635833763223
7,f103_nyg_high_DAYS_TERMINATION_d_app_DAYS_REGISTRATION_max,446.92271757125854,35,0.6497946983508653,0.6049635833763223
7,f103_nyg_high_RATE_DOWN_PAYMENT_min,66.82496154308319,6,0.6497946983508653,0.6049635833763223
7,f103_nyg_high_interest_rate_pctchange_max,385.6711823940277,33,0.6497946983508653,0.6049635833763223
7,f103_nyg_high_interest_rate_diff_min,415.11217880249023,32,0.6497946983508653,0.6049635833763223
7,f103_nyg_high_interest_rate_pctchange_mean,425.42209562659264,36,0.6497946983508653,0.6049635833763223
7,f103_nyg_high_completed_mean,384.46600341796875,2,0.6497946983508653,0.6049635833763223
7,f103_nyg_high_total_debt_diff_max,159.5829005241394,16,0.6497946983508653,0.6049635833763223
7,f103_nyg_high_DAYS_LAST_DUE_d_app_DAYS_REGISTRATION_max,507.1062605381012,38,0.6497946983508653,0.6049635833763223
7,f103_nyg_high_total_debt_min,113.01091545820236,13,0.6497946983508653,0.6049635833763223
7,f103_nyg_high_total_debt_max,100.33753871917725,9,0.6497946983508653,0.6049635833763223
7,f103_nyg_high_total_debt_pctchange_min,119.1901307106018,11,0.6497946983508653,0.6049635833763223
7,f103_nyg_high_amt_paid_max,110.18997073173523,12,0.6497946983508653,0.6049635833763223
7,f103_nyg_high_total_debt_diff_mean,181.8878779411316,14,0.6497946983508653,0.6049635833763223
7,f103_nyg_high_HOUR_APPR_PROCESS_START_mean,686.8936579227448,52,0.6497946983508653,0.6049635833763223
7,f103_nyg_high_amt_paid_mean,85.7271614074707,9,0.6497946983508653,0.6049635833763223
7,f103_nyg_high_DAYS_FIRST_DUE_d_app_DAYS_LAST_PHONE_CHANGE_mean,202.36299180984497,21,0.6497946983508653,0.6049635833763223
7,f103_nyg_high_DAYS_FIRST_DUE_d_app_DAYS_BIRTH_min,231.5245795249939,20,0.6497946983508653,0.6049635833763223
7,f103_nyg_high_DAYS_FIRST_DUE_d_app_DAYS_LAST_PHONE_CHANGE_min,487.2543087005615,30,0.6497946983508653,0.6049635833763223
7,f103_nyg_high_DAYS_FIRST_DUE_d_app_DAYS_LAST_PHONE_CHANGE_max,318.37986040115356,25,0.6497946983508653,0.6049635833763223
7,f103_nyg_high_DAYS_FIRST_DUE_d_app_DAYS_BIRTH_max,227.50196146965027,19,0.6497946983508653,0.6049635833763223
7,f103_nyg_high_total_debt_pctchange_max,299.3769721984863,21,0.6497946983508653,0.6049635833763223
7,f103_nyg_high_total_debt_pctchange_mean,144.5481777191162,10,0.6497946983508653,0.6049635833763223
7,f103_nyg_high_interest_rate_pctchange_min,412.8932218551636,31,0.6497946983508653,0.6049635833763223
7,f103_nyg_high_DAYS_FIRST_DUE_d_app_DAYS_BIRTH_mean,195.2888822555542,18,0.6497946983508653,0.6049635833763223
7,f103_nyg_high_RATE_DOWN_PAYMENT_mean,112.01141166687012,9,0.6497946983508653,0.6049635833763223
7,f103_nyg_high_total_debt_mean,53.770700454711914,5,0.6497946983508653,0.6049635833763223
7,f103_nyg_high_DAYS_LAST_DUE_1ST_VERSION_d_app_DAYS_BIRTH_max,175.99854135513306,17,0.6497946983508653,0.6049635833763223
7,f103_nyg_high_DAYS_LAST_DUE_1ST_VERSION_d_app_DAYS_BIRTH_mean,294.0369191169739,26,0.6497946983508653,0.6049635833763223
7,f103_nyg_low_action_AMT_APPLICATION_d_app_AMT_CREDIT_min,53.23539924621582,4,0.6497946983508653,0.6049635833763223
7,f103_nyg_high_DAYS_TERMINATION_s_DAYS_LAST_DUE_1ST_VERSION_max,916.385988291353,66,0.6497946983508653,0.6049635833763223
7,f103_nyg_high_DAYS_LAST_DUE_1ST_VERSION_d_app_DAYS_BIRTH_min,232.7205102443695,19,0.6497946983508653,0.6049635833763223
7,f103_nyg_high_DAYS_TERMINATION_s_DAYS_LAST_DUE_1ST_VERSION_mean,827.8598687648773,59,0.6497946983508653,0.6049635833763223
7,f103_nyg_high_DAYS_TERMINATION_s_DAYS_LAST_DUE_1ST_VERSION_min,442.1479880809784,32,0.6497946983508653,0.6049635833763223
7,f103_nyg_high_DAYS_LAST_DUE_1ST_VERSION_s_app_DAYS_EMPLOYED_min,89.17370128631592,7,0.6497946983508653,0.6049635833763223
7,f103_nyg_high_DAYS_TERMINATION_s_DAYS_DECISIONS_max,174.12244939804077,15,0.6497946983508653,0.6049635833763223
7,f103_nyg_high_DAYS_LAST_DUE_1ST_VERSION_s_app_DAYS_ID_PUBLISH_max,197.36904859542847,18,0.6497946983508653,0.6049635833763223
7,f103_nyg_high_DAYS_FIRST_DUE_s_app_DAYS_EMPLOYED_mean,149.63003906607628,13,0.6497946983508653,0.6049635833763223
7,f103_nyg_high_DAYS_LAST_DUE_1ST_VERSION_s_app_DAYS_LAST_PHONE_CHANGE_min,116.9426097869873,10,0.6497946983508653,0.6049635833763223
7,f103_nyg_high_HOUR_APPR_PROCESS_START_max,202.96670866012573,16,0.6497946983508653,0.6049635833763223
7,f103_nyg_high_DAYS_FIRST_DUE_s_app_DAYS_LAST_PHONE_CHANGE_min,134.5220754146576,7,0.6497946983508653,0.6049635833763223
7,f103_nyg_high_DAYS_FIRST_DUE_s_app_DAYS_EMPLOYED_min,99.21993017196655,8,0.6497946983508653,0.6049635833763223
7,f103_nyg_high_HOUR_APPR_PROCESS_START_min,343.2050824165344,27,0.6497946983508653,0.6049635833763223
7,f103_nyg_high_DAYS_LAST_DUE_1ST_VERSION_s_app_DAYS_EMPLOYED_max,54.93016004562378,6,0.6497946983508653,0.6049635833763223
7,f103_nyg_high_DAYS_LAST_DUE_1ST_VERSION_s_app_DAYS_LAST_PHONE_CHANGE_max,200.9929609298706,17,0.6497946983508653,0.6049635833763223
7,f103_nyg_high_RATE_DOWN_PAYMENT_max,45.08008098602295,5,0.6497946983508653,0.6049635833763223
7,f103_nyg_high_DAYS_FIRST_DUE_s_app_DAYS_EMPLOYED_max,59.23056077957153,7,0.6497946983508653,0.6049635833763223
7,f103_nyg_high_DAYS_FIRST_DUE_s_app_DAYS_LAST_PHONE_CHANGE_max,193.10163974761963,15,0.6497946983508653,0.6049635833763223
7,f103_nyg_high_DAYS_LAST_DUE_1ST_VERSION_s_app_DAYS_ID_PUBLISH_min,195.12857913970947,16,0.6497946983508653,0.6049635833763223
7,f103_nyg_high_DAYS_FIRST_DUE_s_app_DAYS_REGISTRATION_max,31.49565076828003,4,0.6497946983508653,0.6049635833763223
7,f103_nyg_low_action_AMT_ANNUITY_s_app_AMT_GOODS_PRICE_max,142.77860939502716,13,0.6497946983508653,0.6049635833763223
7,f103_nyg_high_interest_rate_diff_std,338.93352222442627,26,0.6497946983508653,0.6049635833763223
7,f103_nyg_high_DAYS_LAST_DUE_1ST_VERSION_s_app_DAYS_LAST_PHONE_CHANGE_mean,101.75716018676758,10,0.6497946983508653,0.6049635833763223
7,f103_nyg_high_DAYS_LAST_DUE_s_app_DAYS_EMPLOYED_max,157.48930978775024,10,0.6497946983508653,0.6049635833763223
7,f103_nyg_high_DAYS_FIRST_DUE_s_app_DAYS_ID_PUBLISH_mean,167.60589027404785,12,0.6497946983508653,0.6049635833763223
7,f103_nyg_high_DAYS_TERMINATION_s_DAYS_DECISIONS_mean,200.211820602417,15,0.6497946983508653,0.6049635833763223
7,f103_nyg_high_completed_min,398.77391052246094,2,0.6497946983508653,0.6049635833763223
7,f103_nyg_high_interest_rate_std_div_mean,181.1076192855835,12,0.6497946983508653,0.6049635833763223
7,f103_nyg_high_DAYS_FIRST_DUE_s_app_DAYS_ID_PUBLISH_min,45.109299659729004,3,0.6497946983508653,0.6049635833763223
7,f103_nyg_high_DAYS_TERMINATION_s_DAYS_FIRST_DUE_max,82.92181921005249,9,0.6497946983508653,0.6049635833763223
7,f103_nyg_low_action_AMT_ANNUITY_s_app_AMT_GOODS_PRICE_min,115.41176080703735,10,0.6497946983508653,0.6049635833763223
7,f103_nyg_high_DAYS_TERMINATION_s_DAYS_FIRST_DUE_min,208.89872026443481,17,0.6497946983508653,0.6049635833763223
7,f103_nyg_high_DAYS_LAST_DUE_1ST_VERSION_s_app_DAYS_REGISTRATION_min,122.29343152046204,10,0.6497946983508653,0.6049635833763223
7,f103_nyg_high_DAYS_FIRST_DUE_s_app_DAYS_BIRTH_max,79.70798015594482,6,0.6497946983508653,0.6049635833763223
7,f103_nyg_low_action_AMT_ANNUITY_s_app_AMT_ANNUITY_d_app_AMT_INCOME_TOTAL_min,408.47991371154785,26,0.6497946983508653,0.6049635833763223
7,f103_nyg_high_DAYS_TERMINATION_s_DAYS_FIRST_DUE_mean,105.2892599105835,8,0.6497946983508653,0.6049635833763223
7,f103_nyg_high_total_debt_diff_std,107.43502998352051,9,0.6497946983508653,0.6049635833763223
7,f103_nyg_high_DAYS_TERMINATION_s_DAYS_DECISIONS_min,166.06501019001007,15,0.6497946983508653,0.6049635833763223
7,f103_nyg_high_DAYS_TERMINATION_s_app_DAYS_LAST_PHONE_CHANGE_max,131.1956491470337,10,0.6497946983508653,0.6049635833763223
7,f103_nyg_high_DAYS_FIRST_DUE_s_app_DAYS_ID_PUBLISH_max,239.04986000061035,13,0.6497946983508653,0.6049635833763223
7,f103_nyg_high_DAYS_LAST_DUE_1ST_VERSION_s_DAYS_DECISIONS_mean,177.87350797653198,14,0.6497946983508653,0.6049635833763223
7,f103_nyg_low_action_AMT_ANNUITY_s_app_AMT_INCOME_TOTAL_mean,52.6589195728302,7,0.6497946983508653,0.6049635833763223
7,f103_nyg_low_action_AMT_APPLICATION_d_app_AMT_ANNUITY_mean,29.66818642616272,3,0.6497946983508653,0.6049635833763223
7,f103_nyg_high_DAYS_LAST_DUE_s_app_DAYS_LAST_PHONE_CHANGE_max,115.84402847290039,9,0.6497946983508653,0.6049635833763223
7,f103_nyg_high_DAYS_LAST_DUE_s_app_DAYS_ID_PUBLISH_max,136.57927131652832,12,0.6497946983508653,0.6049635833763223
7,f103_nyg_high_total_debt_std_div_mean,233.0760269165039,17,0.6497946983508653,0.6049635833763223
7,f103_nyg_high_HOUR_APPR_PROCESS_START_std_div_mean,94.39101982116699,9,0.6497946983508653,0.6049635833763223
7,f103_nyg_high_DAYS_LAST_DUE_s_app_DAYS_BIRTH_min,256.25603103637695,22,0.6497946983508653,0.6049635833763223
7,f103_nyg_high_DAYS_LAST_DUE_1ST_VERSION_s_app_DAYS_EMPLOYED_mean,117.17559003829956,9,0.6497946983508653,0.6049635833763223
7,f103_nyg_low_action_AMT_ANNUITY_s_app_AMT_CREDIT_max,112.76102149486542,12,0.6497946983508653,0.6049635833763223
7,f103_nyg_high_DAYS_LAST_DUE_1ST_VERSION_s_app_DAYS_ID_PUBLISH_mean,94.25965023040771,8,0.6497946983508653,0.6049635833763223
7,f103_nyg_high_DAYS_TERMINATION_s_app_DAYS_LAST_PHONE_CHANGE_min,212.92168998718262,16,0.6497946983508653,0.6049635833763223
7,f103_nyg_high_total_debt_std,182.59396934509277,13,0.6497946983508653,0.6049635833763223
7,f103_nyg_high_DAYS_LAST_DUE_s_app_DAYS_EMPLOYED_min,55.58367967605591,7,0.6497946983508653,0.6049635833763223
7,f103_nyg_high_DAYS_LAST_DUE_1ST_VERSION_s_app_DAYS_REGISTRATION_max,110.57221221923828,9,0.6497946983508653,0.6049635833763223
7,f103_nyg_high_DAYS_FIRST_DUE_s_app_DAYS_BIRTH_min,107.96849822998047,4,0.6497946983508653,0.6049635833763223
7,f103_nyg_high_DAYS_LAST_DUE_1ST_VERSION_s_app_DAYS_BIRTH_min,119.7807207107544,12,0.6497946983508653,0.6049635833763223
7,f103_nyg_high_DAYS_LAST_DUE_1ST_VERSION_s_app_DAYS_BIRTH_max,69.44807004928589,7,0.6497946983508653,0.6049635833763223
7,f103_nyg_high_DAYS_TERMINATION_s_app_DAYS_BIRTH_max,220.34649991989136,20,0.6497946983508653,0.6049635833763223
7,f103_nyg_high_DAYS_LAST_DUE_s_app_DAYS_EMPLOYED_mean,78.60901975631714,6,0.6497946983508653,0.6049635833763223
7,f103_nyg_low_action_AMT_ANNUITY_min,212.73838877677917,17,0.6497946983508653,0.6049635833763223
7,f103_nyg_high_DAYS_LAST_DUE_1ST_VERSION_s_DAYS_DECISIONS_min,276.3430075645447,19,0.6497946983508653,0.6049635833763223
7,f103_nyg_high_DAYS_TERMINATION_s_app_DAYS_ID_PUBLISH_max,111.25230932235718,11,0.6497946983508653,0.6049635833763223
7,f103_nyg_high_DAYS_LAST_DUE_s_app_DAYS_REGISTRATION_min,57.974280834198,5,0.6497946983508653,0.6049635833763223
7,f103_nyg_high_DAYS_FIRST_DUE_s_app_DAYS_REGISTRATION_min,36.90969944000244,3,0.6497946983508653,0.6049635833763223
7,f103_nyg_high_DAYS_LAST_DUE_1ST_VERSION_s_app_DAYS_REGISTRATION_mean,86.98357915878296,7,0.6497946983508653,0.6049635833763223
7,f103_nyg_low_action_AMT_ANNUITY_s_app_AMT_INCOME_TOTAL_min,77.2680102288723,7,0.6497946983508653,0.6049635833763223
7,f103_nyg_high_DAYS_LAST_DUE_s_app_DAYS_ID_PUBLISH_min,160.02795028686523,9,0.6497946983508653,0.6049635833763223
7,f103_nyg_low_action_AMT_ANNUITY_d_app_AMT_INCOME_TOTAL_max,111.69775009155273,13,0.6497946983508653,0.6049635833763223
7,f103_nyg_high_DAYS_TERMINATION_s_app_DAYS_EMPLOYED_min,117.43107986450195,10,0.6497946983508653,0.6049635833763223
7,f103_nyg_high_DAYS_FIRST_DUE_s_app_DAYS_BIRTH_mean,62.065850257873535,4,0.6497946983508653,0.6049635833763223
7,f103_nyg_low_action_AMT_ANNUITY_d_app_AMT_INCOME_TOTAL_mean,25.389190673828125,3,0.6497946983508653,0.6049635833763223
7,f103_nyg_low_action_AMT_APPLICATION_d_app_AMT_ANNUITY_max,56.44801902770996,4,0.6497946983508653,0.6049635833763223
7,f103_nyg_low_action_AMT_ANNUITY_d_app_AMT_CREDIT_min,67.97525882720947,6,0.6497946983508653,0.6049635833763223
7,f103_nyg_low_action_AMT_APPLICATION_d_app_AMT_CREDIT_diff_max,8.103119850158691,1,0.6497946983508653,0.6049635833763223
7,f103_nyg_high_DAYS_LAST_DUE_s_app_DAYS_LAST_PHONE_CHANGE_min,106.39288997650146,6,0.6497946983508653,0.6049635833763223
7,f103_nyg_high_DAYS_LAST_DUE_1ST_VERSION_s_app_DAYS_BIRTH_mean,71.67478108406067,8,0.6497946983508653,0.6049635833763223
7,f103_nyg_high_DAYS_TERMINATION_s_app_DAYS_REGISTRATION_mean,146.3957176208496,13,0.6497946983508653,0.6049635833763223
7,f103_nyg_high_DAYS_LAST_DUE_s_DAYS_DECISIONS_max,120.01376008987427,12,0.6497946983508653,0.6049635833763223
7,f103_nyg_high_DAYS_TERMINATION_s_app_DAYS_REGISTRATION_min,65.37227964401245,6,0.6497946983508653,0.6049635833763223
7,f103_nyg_high_DAYS_TERMINATION_s_app_DAYS_LAST_PHONE_CHANGE_mean,97.90703248977661,6,0.6497946983508653,0.6049635833763223
7,f103_nyg_high_DAYS_TERMINATION_s_app_DAYS_EMPLOYED_mean,74.21810054779053,4,0.6497946983508653,0.6049635833763223
7,f103_nyg_low_action_AMT_ANNUITY_d_app_AMT_ANNUITY_min,116.27272176742554,8,0.6497946983508653,0.6049635833763223
7,f103_nyg_high_DAYS_TERMINATION_s_app_DAYS_EMPLOYED_max,99.22600173950195,9,0.6497946983508653,0.6049635833763223
7,f103_nyg_low_action_AMT_ANNUITY_d_app_AMT_CREDIT_max,29.28646993637085,4,0.6497946983508653,0.6049635833763223
7,f103_nyg_low_action_AMT_ANNUITY_max,149.36263132095337,14,0.6497946983508653,0.6049635833763223
7,f103_nyg_high_total_debt_pctchange_std_div_mean,93.12198114395142,7,0.6497946983508653,0.6049635833763223
7,f103_nyg_high_DAYS_TERMINATION_s_app_DAYS_ID_PUBLISH_mean,101.09640979766846,8,0.6497946983508653,0.6049635833763223
7,f103_nyg_high_DAYS_TERMINATION_s_app_DAYS_ID_PUBLISH_min,131.2834997177124,10,0.6497946983508653,0.6049635833763223
7,f103_nyg_high_DAYS_FIRST_DUE_s_app_DAYS_LAST_PHONE_CHANGE_mean,70.95099973678589,5,0.6497946983508653,0.6049635833763223
7,f103_nyg_high_DAYS_LAST_DUE_s_DAYS_DECISIONS_mean,195.72766017913818,15,0.6497946983508653,0.6049635833763223
7,f103_nyg_low_action_AMT_ANNUITY_s_app_AMT_ANNUITY_mean,51.908960819244385,6,0.6497946983508653,0.6049635833763223
7,f103_nyg_low_action_AMT_ANNUITY_d_app_AMT_INCOME_TOTAL_min,80.23134994506836,7,0.6497946983508653,0.6049635833763223
7,f103_nyg_high_DAYS_TERMINATION_s_app_DAYS_REGISTRATION_max,216.25489950180054,16,0.6497946983508653,0.6049635833763223
7,f103_nyg_high_DAYS_LAST_DUE_s_app_DAYS_LAST_PHONE_CHANGE_mean,118.15440130233765,6,0.6497946983508653,0.6049635833763223
7,f103_nyg_low_action_AMT_ANNUITY_s_app_AMT_ANNUITY_min,44.76859974861145,5,0.6497946983508653,0.6049635833763223
7,f103_nyg_high_DAYS_FIRST_DUE_s_app_DAYS_REGISTRATION_mean,62.36881875991821,5,0.6497946983508653,0.6049635833763223
7,f103_nyg_low_action_AMT_ANNUITY_s_app_AMT_ANNUITY_d_app_AMT_INCOME_TOTAL_max,107.37800085544586,9,0.6497946983508653,0.6049635833763223
7,f103_nyg_low_action_DAYS_DECISION_s_app_DAYS_BIRTH_max,277.8908290863037,18,0.6497946983508653,0.6049635833763223
7,f103_nyg_high_total_debt_pctchange_std,66.06972932815552,7,0.6497946983508653,0.6049635833763223
7,f103_nyg_high_NAME_CLIENT_TYPE_New_mean,293.0889024734497,9,0.6497946983508653,0.6049635833763223
7,f103_nyg_low_action_DAYS_DECISION_s_app_DAYS_ID_PUBLISH_max,102.72609996795654,11,0.6497946983508653,0.6049635833763223
7,f103_nyg_low_action_AMT_GOODS_PRICE_d_total_debt_min,92.36706972122192,9,0.6497946983508653,0.6049635833763223
7,f103_nyg_low_action_DAYS_DECISION_s_app_DAYS_REGISTRATION_mean,223.80960035324097,18,0.6497946983508653,0.6049635833763223
7,f103_nyg_low_action_AMT_ANNUITY_s_app_AMT_CREDIT_mean,94.72265827655792,9,0.6497946983508653,0.6049635833763223
7,f103_nyg_low_action_AMT_GOODS_PRICE_d_total_debt_max,63.14151048660278,6,0.6497946983508653,0.6049635833763223
7,f103_nyg_low_action_DAYS_DECISION_d_app_DAYS_BIRTH_mean,5.788789987564087,2,0.6497946983508653,0.6049635833763223
7,f103_nyg_low_action_DAYS_DECISION_d_app_DAYS_LAST_PHONE_CHANGE_max,12.484349966049194,3,0.6497946983508653,0.6049635833763223
7,f103_nyg_low_action_DAYS_DECISION_d_app_DAYS_EMPLOYED_max,316.98456728458405,20,0.6497946983508653,0.6049635833763223
7,f103_nyg_low_action_DAYS_DECISION_s_app_DAYS_ID_PUBLISH_mean,18.644104719161987,3,0.6497946983508653,0.6049635833763223
7,f103_nyg_low_action_DAYS_DECISION_d_app_DAYS_EMPLOYED_min,296.5494120121002,20,0.6497946983508653,0.6049635833763223
7,f103_nyg_low_action_DAYS_DECISION_d_app_DAYS_BIRTH_min,62.87750005722046,5,0.6497946983508653,0.6049635833763223
7,f103_nyg_low_action_DAYS_DECISION_s_app_DAYS_BIRTH_min,165.47497177124023,11,0.6497946983508653,0.6049635833763223
7,f103_nyg_low_action_DAYS_DECISION_s_app_DAYS_REGISTRATION_max,58.59246063232422,5,0.6497946983508653,0.6049635833763223
7,f103_nyg_low_action_DAYS_DECISION_s_app_DAYS_BIRTH_mean,234.47030705213547,16,0.6497946983508653,0.6049635833763223
7,f103_nyg_low_action_DAYS_DECISION_d_app_DAYS_EMPLOYED_mean,217.46669054031372,15,0.6497946983508653,0.6049635833763223
7,f103_nyg_low_action_DAYS_DECISION_d_app_DAYS_BIRTH_max,18.029765903949738,4,0.6497946983508653,0.6049635833763223
7,f103_nyg_low_action_DAYS_DECISION_s_app_DAYS_EMPLOYED_mean,69.68775486201048,7,0.6497946983508653,0.6049635833763223
7,f103_nyg_low_action_DAYS_DECISION_s_app_DAYS_EMPLOYED_min,46.13701057434082,3,0.6497946983508653,0.6049635833763223
7,f103_nyg_low_action_DAYS_DECISION_d_app_DAYS_LAST_PHONE_CHANGE_min,53.83756923675537,5,0.6497946983508653,0.6049635833763223
7,f103_nyg_low_action_AMT_CREDIT_d_AMT_APPLICATION_max,368.00047159194946,28,0.6497946983508653,0.6049635833763223
7,f103_nyg_low_action_DAYS_DECISION_s_app_DAYS_EMPLOYED_max,8.501050114631653,3,0.6497946983508653,0.6049635833763223
7,f103_nyg_low_action_AMT_GOODS_PRICE_d_total_debt_mean,101.531898021698,9,0.6497946983508653,0.6049635833763223
7,f103_nyg_low_action_DAYS_DECISION_s_app_DAYS_ID_PUBLISH_min,17.770750045776367,2,0.6497946983508653,0.6049635833763223
7,f103_nyg_low_action_DAYS_DECISION_s_app_DAYS_LAST_PHONE_CHANGE_max,39.52981996536255,5,0.6497946983508653,0.6049635833763223
7,f103_nyg_low_action_DAYS_DECISION_s_app_DAYS_REGISTRATION_min,77.92701864242554,7,0.6497946983508653,0.6049635833763223
7,f103_nyg_low_action_AMT_CREDIT_d_AMT_APPLICATION_pctchange_mean,18.901130199432373,3,0.6497946983508653,0.6049635833763223
7,f103_nyg_low_action_AMT_CREDIT_d_AMT_APPLICATION_min,113.08081102371216,14,0.6497946983508653,0.6049635833763223
7,f103_nyg_low_action_DAYS_DECISION_d_app_DAYS_LAST_PHONE_CHANGE_mean,30.27297008037567,7,0.6497946983508653,0.6049635833763223
7,f103_nyg_low_action_AMT_APPLICATION_d_app_AMT_GOODS_PRICE_min,21.472000122070312,2,0.6497946983508653,0.6049635833763223
7,f103_nyg_low_action_AMT_APPLICATION_s_app_AMT_CREDIT_d_app_AMT_INCOME_TOTAL_max,16.3473801612854,2,0.6497946983508653,0.6049635833763223
7,f103_nyg_low_action_AMT_APPLICATION_d_app_AMT_ANNUITY_min,12.319700241088867,1,0.6497946983508653,0.6049635833763223
7,f103_nyg_low_action_AMT_GOODS_PRICE_d_app_AMT_ANNUITY_mean,0.0,0,0.6497946983508653,0.6049635833763223
7,f103_nyg_low_action_AMT_CREDIT_d_app_AMT_ANNUITY_min,14.969669580459595,2,0.6497946983508653,0.6049635833763223
7,f103_nyg_low_action_AMT_CREDIT_s_app_AMT_INCOME_TOTAL_min,0.0,0,0.6497946983508653,0.6049635833763223
7,f103_nyg_low_action_AMT_CREDIT_d_app_AMT_ANNUITY_max,29.24015974998474,3,0.6497946983508653,0.6049635833763223
7,f103_nyg_low_action_AMT_APPLICATION_s_app_AMT_CREDIT_d_app_AMT_INCOME_TOTAL_min,9.151249885559082,1,0.6497946983508653,0.6049635833763223
7,f103_nyg_low_action_AMT_GOODS_PRICE_d_app_AMT_ANNUITY_max,0.0,0,0.6497946983508653,0.6049635833763223
7,f103_nyg_low_action_AMT_CREDIT_d_AMT_APPLICATION_pctchange_max,14.603149890899658,2,0.6497946983508653,0.6049635833763223
7,f103_nyg_low_action_AMT_APPLICATION_s_app_AMT_INCOME_TOTAL_min,17.99547004699707,2,0.6497946983508653,0.6049635833763223
7,f103_nyg_low_action_AMT_CREDIT_d_app_AMT_GOODS_PRICE_max,16.45123052597046,2,0.6497946983508653,0.6049635833763223
7,f103_nyg_low_action_DAYS_DECISION_s_app_DAYS_LAST_PHONE_CHANGE_mean,16.97499990463257,2,0.6497946983508653,0.6049635833763223
7,f103_nyg_low_action_AMT_CREDIT_max,16.646390676498413,3,0.6497946983508653,0.6049635833763223
7,f103_nyg_low_action_DAYS_DECISION_s_app_DAYS_LAST_PHONE_CHANGE_min,9.63169002532959,2,0.6497946983508653,0.6049635833763223
7,f103_nyg_low_action_AMT_GOODS_PRICE_d_AMT_ANNUITY_diff_max,63.03335905075073,6,0.6497946983508653,0.6049635833763223
7,f103_nyg_low_action_AMT_APPLICATION_s_app_AMT_ANNUITY_max,0.0,0,0.6497946983508653,0.6049635833763223
7,f103_nyg_low_action_AMT_CREDIT_s_app_AMT_INCOME_TOTAL_max,9.047160148620605,1,0.6497946983508653,0.6049635833763223
7,f103_nyg_low_action_AMT_CREDIT_d_app_AMT_GOODS_PRICE_min,11.287300109863281,1,0.6497946983508653,0.6049635833763223
7,f103_nyg_low_action_AMT_CREDIT_d_AMT_ANNUITY_pctchange_min,34.67738231504336,6,0.6497946983508653,0.6049635833763223
7,f103_nyg_low_action_AMT_CREDIT_min,0.0,0,0.6497946983508653,0.6049635833763223
7,f103_nyg_low_action_AMT_CREDIT_s_app_AMT_CREDIT_d_app_AMT_INCOME_TOTAL_max,10.190699577331543,1,0.6497946983508653,0.6049635833763223
7,f103_nyg_low_action_AMT_CREDIT_d_app_AMT_INCOME_TOTAL_max,12.553799629211426,1,0.6497946983508653,0.6049635833763223
7,f103_nyg_low_action_AMT_CREDIT_d_AMT_APPLICATION_mean,153.0185778439045,16,0.6497946983508653,0.6049635833763223
7,f103_nyg_low_action_AMT_CREDIT_d_app_AMT_CREDIT_min,6.138850212097168,1,0.6497946983508653,0.6049635833763223
7,f103_nyg_low_action_AMT_CREDIT_d_AMT_ANNUITY_diff_max,74.37117099761963,7,0.6497946983508653,0.6049635833763223
7,f103_nyg_low_action_AMT_GOODS_PRICE_d_AMT_CREDIT_diff_min,3.5223801136016846,1,0.6497946983508653,0.6049635833763223
7,f103_nyg_low_action_AMT_CREDIT_d_app_AMT_ANNUITY_mean,0.0,0,0.6497946983508653,0.6049635833763223
7,f103_nyg_low_action_AMT_CREDIT_s_app_AMT_CREDIT_d_app_AMT_INCOME_TOTAL_min,7.06889009475708,1,0.6497946983508653,0.6049635833763223
7,f103_nyg_low_action_AMT_CREDIT_d_AMT_ANNUITY_diff_mean,117.0375691652298,12,0.6497946983508653,0.6049635833763223
7,f103_nyg_low_action_AMT_CREDIT_d_app_AMT_CREDIT_max,23.682710766792297,3,0.6497946983508653,0.6049635833763223
7,f103_nyg_low_action_AMT_GOODS_PRICE_d_app_AMT_CREDIT_min,12.95930004119873,1,0.6497946983508653,0.6049635833763223
7,f103_nyg_low_action_AMT_CREDIT_s_app_AMT_ANNUITY_min,14.092719793319702,3,0.6497946983508653,0.6049635833763223
7,f103_nyg_low_action_AMT_APPLICATION_d_app_AMT_GOODS_PRICE_mean,11.41450023651123,1,0.6497946983508653,0.6049635833763223
7,f103_nyg_low_action_AMT_APPLICATION_s_app_AMT_ANNUITY_d_app_AMT_INCOME_TOTAL_mean,19.110989570617676,2,0.6497946983508653,0.6049635833763223
7,f103_nyg_low_action_AMT_APPLICATION_min,14.179610252380371,2,0.6497946983508653,0.6049635833763223
7,f103_nyg_low_action_AMT_CREDIT_d_app_AMT_INCOME_TOTAL_min,8.99980479478836,2,0.6497946983508653,0.6049635833763223
7,f103_nyg_low_action_AMT_APPLICATION_s_app_AMT_ANNUITY_mean,10.890000343322754,1,0.6497946983508653,0.6049635833763223
7,f103_nyg_low_action_AMT_CREDIT_s_app_AMT_INCOME_TOTAL_mean,39.068220138549805,4,0.6497946983508653,0.6049635833763223
7,f103_nyg_low_action_AMT_APPLICATION_s_app_AMT_CREDIT_d_app_AMT_INCOME_TOTAL_mean,10.111200332641602,1,0.6497946983508653,0.6049635833763223
7,f103_nyg_low_action_AMT_APPLICATION_s_app_AMT_ANNUITY_min,21.949199676513672,2,0.6497946983508653,0.6049635833763223
7,f103_nyg_low_action_AMT_APPLICATION_d_app_AMT_CREDIT_max,26.93733674287796,5,0.6497946983508653,0.6049635833763223
7,f103_nyg_low_action_AMT_APPLICATION_s_app_AMT_INCOME_TOTAL_mean,11.427399635314941,1,0.6497946983508653,0.6049635833763223
7,f103_nyg_low_action_AMT_CREDIT_d_AMT_ANNUITY_diff_min,53.840920209884644,7,0.6497946983508653,0.6049635833763223
7,f103_nyg_low_action_AMT_CREDIT_d_AMT_ANNUITY_pctchange_max,17.43322992324829,2,0.6497946983508653,0.6049635833763223
7,f103_nyg_low_action_AMT_APPLICATION_s_app_AMT_ANNUITY_d_app_AMT_INCOME_TOTAL_min,8.823579907417297,3,0.6497946983508653,0.6049635833763223
7,f103_nyg_low_action_AMT_CREDIT_d_total_debt_diff_max,37.673149824142456,7,0.6497946983508653,0.6049635833763223
7,f103_nyg_low_action_AMT_GOODS_PRICE_d_total_debt_pctchange_max,9.64762020111084,2,0.6497946983508653,0.6049635833763223
7,f103_nyg_low_action_AMT_APPLICATION_max,16.882600784301758,1,0.6497946983508653,0.6049635833763223
7,f103_nyg_low_action_AMT_CREDIT_s_app_AMT_ANNUITY_max,6.370319843292236,1,0.6497946983508653,0.6049635833763223
7,f103_nyg_low_action_AMT_CREDIT_d_app_AMT_INCOME_TOTAL_mean,16.985570430755615,2,0.6497946983508653,0.6049635833763223
7,f103_nyg_low_action_AMT_GOODS_PRICE_d_total_debt_diff_max,27.669899940490723,3,0.6497946983508653,0.6049635833763223
7,f103_nyg_low_action_AMT_APPLICATION_d_app_AMT_CREDIT_mean,15.343700408935547,1,0.6497946983508653,0.6049635833763223
7,f103_nyg_low_action_AMT_APPLICATION_mean,0.0,0,0.6497946983508653,0.6049635833763223
7,f103_nyg_low_action_AMT_GOODS_PRICE_d_AMT_ANNUITY_diff_mean,33.32438027858734,5,0.6497946983508653,0.6049635833763223
7,f103_nyg_low_action_AMT_CREDIT_mean,0.0,0,0.6497946983508653,0.6049635833763223
7,f103_nyg_low_action_AMT_GOODS_PRICE_d_AMT_CREDIT_min,261.88880252838135,16,0.6497946983508653,0.6049635833763223
7,f103_nyg_low_action_AMT_CREDIT_s_app_AMT_ANNUITY_mean,0.0,0,0.6497946983508653,0.6049635833763223
7,f103_nyg_low_action_AMT_APPLICATION_s_app_AMT_INCOME_TOTAL_max,15.395999908447266,1,0.6497946983508653,0.6049635833763223
7,f103_nyg_low_action_AMT_CREDIT_d_app_AMT_GOODS_PRICE_mean,5.206639766693115,1,0.6497946983508653,0.6049635833763223
7,f103_nyg_low_action_AMT_CREDIT_d_total_debt_diff_mean,7.03380012512207,1,0.6497946983508653,0.6049635833763223
7,f103_nyg_low_action_AMT_CREDIT_s_app_AMT_ANNUITY_d_app_AMT_INCOME_TOTAL_min,20.932780265808105,2,0.6497946983508653,0.6049635833763223
7,f103_nyg_low_action_AMT_CREDIT_d_total_debt_diff_min,42.11174964904785,7,0.6497946983508653,0.6049635833763223
7,f103_nyg_low_action_AMT_CREDIT_s_app_AMT_CREDIT_d_app_AMT_INCOME_TOTAL_mean,13.548500061035156,2,0.6497946983508653,0.6049635833763223
7,f103_nyg_low_action_AMT_APPLICATION_d_app_AMT_GOODS_PRICE_max,14.426559925079346,2,0.6497946983508653,0.6049635833763223
7,f103_nyg_low_action_AMT_CREDIT_s_app_AMT_ANNUITY_d_app_AMT_INCOME_TOTAL_max,33.945940017700195,3,0.6497946983508653,0.6049635833763223
7,f103_nyg_low_action_AMT_GOODS_PRICE_d_AMT_CREDIT_mean,109.96719980239868,12,0.6497946983508653,0.6049635833763223
7,f103_nyg_low_normal_AMT_CREDIT_d_AMT_ANNUITY_min,249.182448387146,19,0.6497946983508653,0.6049635833763223
7,f103_nyg_low_normal_AMT_CREDIT_d_AMT_ANNUITY_max,392.254602432251,34,0.6497946983508653,0.6049635833763223
7,f103_nyg_low_action_AMT_CREDIT_d_app_AMT_ANNUITY_diff_max,24.766459465026855,2,0.6497946983508653,0.6049635833763223
7,f103_nyg_low_normal_AMT_CREDIT_d_AMT_APPLICATION_mean,526.6060886383057,37,0.6497946983508653,0.6049635833763223
7,f103_nyg_low_normal_AMT_CREDIT_d_AMT_APPLICATION_max,497.425852060318,40,0.6497946983508653,0.6049635833763223
7,f103_nyg_low_normal_AMT_CREDIT_d_AMT_ANNUITY_mean,569.1603014469147,46,0.6497946983508653,0.6049635833763223
7,f103_nyg_low_normal_AMT_ANNUITY_s_app_AMT_GOODS_PRICE_mean,742.1954325437546,58,0.6497946983508653,0.6049635833763223
7,f103_nyg_low_normal_AMT_ANNUITY_s_app_AMT_GOODS_PRICE_min,470.78176867961884,40,0.6497946983508653,0.6049635833763223
7,f103_nyg_low_normal_AMT_ANNUITY_d_app_AMT_INCOME_TOTAL_min,439.55276226997375,42,0.6497946983508653,0.6049635833763223
7,f103_nyg_low_normal_AMT_ANNUITY_d_app_AMT_INCOME_TOTAL_max,477.78592705726624,40,0.6497946983508653,0.6049635833763223
7,f103_nyg_low_normal_AMT_ANNUITY_s_app_AMT_CREDIT_min,235.92569780349731,22,0.6497946983508653,0.6049635833763223
7,f103_nyg_low_normal_AMT_ANNUITY_min,357.31217765808105,30,0.6497946983508653,0.6049635833763223
7,f103_nyg_low_normal_AMT_CREDIT_d_AMT_APPLICATION_min,412.82158970832825,31,0.6497946983508653,0.6049635833763223
7,f103_nyg_low_normal_AMT_ANNUITY_s_app_AMT_GOODS_PRICE_max,601.7226731777191,42,0.6497946983508653,0.6049635833763223
7,f103_nyg_low_normal_AMT_ANNUITY_d_app_AMT_ANNUITY_min,601.6043176651001,41,0.6497946983508653,0.6049635833763223
7,f103_nyg_low_normal_AMT_ANNUITY_s_app_AMT_ANNUITY_min,548.7449247837067,40,0.6497946983508653,0.6049635833763223
7,f103_nyg_low_action_interest_rate_diff_min,84.08308446407318,10,0.6497946983508653,0.6049635833763223
7,f103_nyg_low_normal_AMT_ANNUITY_d_app_AMT_INCOME_TOTAL_mean,299.7121727466583,29,0.6497946983508653,0.6049635833763223
7,f103_nyg_low_normal_AMT_ANNUITY_s_app_AMT_ANNUITY_d_app_AMT_INCOME_TOTAL_max,261.8504180908203,21,0.6497946983508653,0.6049635833763223
7,f103_nyg_low_normal_AMT_ANNUITY_s_app_AMT_ANNUITY_d_app_AMT_INCOME_TOTAL_min,534.1458379030228,38,0.6497946983508653,0.6049635833763223
7,f103_nyg_low_normal_AMT_ANNUITY_max,214.09329092502594,21,0.6497946983508653,0.6049635833763223
7,f103_nyg_low_normal_AMT_ANNUITY_s_app_AMT_CREDIT_max,243.99797010421753,19,0.6497946983508653,0.6049635833763223
7,f103_nyg_low_normal_AMT_ANNUITY_mean,347.4303686618805,28,0.6497946983508653,0.6049635833763223
7,f103_nyg_low_normal_AMT_ANNUITY_s_app_AMT_ANNUITY_max,199.2310287952423,16,0.6497946983508653,0.6049635833763223
7,f103_nyg_low_normal_AMT_ANNUITY_s_app_AMT_ANNUITY_mean,224.8075304031372,24,0.6497946983508653,0.6049635833763223
7,f103_nyg_low_normal_AMT_ANNUITY_s_app_AMT_CREDIT_mean,186.98092889785767,16,0.6497946983508653,0.6049635833763223
7,f103_nyg_low_normal_AMT_ANNUITY_d_app_AMT_GOODS_PRICE_min,91.49357837438583,11,0.6497946983508653,0.6049635833763223
7,f103_nyg_low_normal_AMT_ANNUITY_d_app_AMT_CREDIT_mean,119.69028043746948,12,0.6497946983508653,0.6049635833763223
7,f103_nyg_low_normal_AMT_ANNUITY_d_app_AMT_CREDIT_min,370.4798592329025,33,0.6497946983508653,0.6049635833763223
7,f103_nyg_low_normal_AMT_ANNUITY_d_app_AMT_ANNUITY_mean,286.986536026001,23,0.6497946983508653,0.6049635833763223
7,f103_nyg_low_normal_AMT_ANNUITY_d_app_AMT_GOODS_PRICE_max,87.53818964958191,11,0.6497946983508653,0.6049635833763223
7,f103_nyg_low_normal_AMT_ANNUITY_d_app_AMT_CREDIT_max,182.64484071731567,20,0.6497946983508653,0.6049635833763223
7,f103_nyg_low_normal_AMT_ANNUITY_d_app_AMT_ANNUITY_max,249.24325108528137,20,0.6497946983508653,0.6049635833763223
7,f103_nyg_low_normal_AMT_ANNUITY_s_app_AMT_ANNUITY_d_app_AMT_INCOME_TOTAL_mean,396.27683424949646,30,0.6497946983508653,0.6049635833763223
7,f103_nyg_low_normal_AMT_ANNUITY_d_app_AMT_ANNUITY_pctchange_mean,175.5725080370903,16,0.6497946983508653,0.6049635833763223
7,f103_nyg_low_normal_AMT_ANNUITY_d_app_AMT_GOODS_PRICE_mean,115.00939011573792,10,0.6497946983508653,0.6049635833763223
7,f103_nyg_low_action_DAYS_LAST_DUE_1ST_VERSION_d_app_DAYS_BIRTH_max,216.09933757781982,17,0.6497946983508653,0.6049635833763223
7,f103_nyg_low_normal_AMT_ANNUITY_d_app_AMT_ANNUITY_diff_max,129.6890091896057,12,0.6497946983508653,0.6049635833763223
7,f103_nyg_low_normal_AMT_ANNUITY_d_app_AMT_GOODS_PRICE_diff_min,103.64187109470367,11,0.6497946983508653,0.6049635833763223
7,f103_nyg_low_normal_AMT_ANNUITY_d_app_AMT_ANNUITY_pctchange_min,265.137788772583,26,0.6497946983508653,0.6049635833763223
7,f103_nyg_low_normal_AMT_ANNUITY_d_app_AMT_ANNUITY_diff_min,89.417200922966,10,0.6497946983508653,0.6049635833763223
7,f103_nyg_low_normal_AMT_ANNUITY_d_app_AMT_ANNUITY_diff_mean,84.66194975376129,9,0.6497946983508653,0.6049635833763223
7,f103_nyg_low_action_DAYS_LAST_DUE_1ST_VERSION_d_app_DAYS_BIRTH_mean,98.8544590473175,10,0.6497946983508653,0.6049635833763223
7,f103_nyg_low_action_DAYS_FIRST_DUE_d_app_DAYS_LAST_PHONE_CHANGE_min,161.93419229146093,17,0.6497946983508653,0.6049635833763223
7,f103_nyg_low_normal_AMT_ANNUITY_d_app_AMT_INCOME_TOTAL_diff_max,149.0570340231061,18,0.6497946983508653,0.6049635833763223
7,f103_nyg_low_normal_AMT_ANNUITY_s_app_AMT_ANNUITY_diff_max,210.2194013595581,23,0.6497946983508653,0.6049635833763223
7,f103_nyg_low_normal_AMT_ANNUITY_d_app_AMT_GOODS_PRICE_diff_mean,47.236249923706055,5,0.6497946983508653,0.6049635833763223
7,f103_nyg_low_normal_AMT_ANNUITY_s_app_AMT_ANNUITY_diff_mean,61.33226013183594,8,0.6497946983508653,0.6049635833763223
7,f103_nyg_low_action_DAYS_FIRST_DUE_d_app_DAYS_EMPLOYED_min,131.5011796951294,13,0.6497946983508653,0.6049635833763223
7,f103_nyg_low_normal_AMT_ANNUITY_d_app_AMT_GOODS_PRICE_diff_max,59.7168505191803,8,0.6497946983508653,0.6049635833763223
7,f103_nyg_low_normal_AMT_ANNUITY_d_app_AMT_CREDIT_diff_min,79.68582105636597,8,0.6497946983508653,0.6049635833763223
7,f103_nyg_low_normal_AMT_ANNUITY_d_app_AMT_INCOME_TOTAL_diff_mean,107.15080046653748,12,0.6497946983508653,0.6049635833763223
7,f103_nyg_low_action_total_debt_min,2.33870005607605,1,0.6497946983508653,0.6049635833763223
7,f103_nyg_low_normal_AMT_ANNUITY_d_app_AMT_INCOME_TOTAL_diff_min,153.97965955734253,14,0.6497946983508653,0.6049635833763223
7,f103_nyg_low_normal_AMT_ANNUITY_s_app_AMT_ANNUITY_diff_min,105.98528051376343,11,0.6497946983508653,0.6049635833763223
7,f103_nyg_low_normal_AMT_ANNUITY_s_app_AMT_INCOME_TOTAL_std_div_mean,42.31912088394165,4,0.6497946983508653,0.6049635833763223
7,f103_nyg_low_normal_AMT_ANNUITY_s_app_AMT_CREDIT_d_app_AMT_INCOME_TOTAL_pctchange_mean,66.21358966827393,7,0.6497946983508653,0.6049635833763223
7,f103_nyg_low_action_DAYS_LAST_DUE_1ST_VERSION_s_app_DAYS_BIRTH_mean,106.37963151931763,11,0.6497946983508653,0.6049635833763223
7,f103_nyg_low_action_total_debt_pctchange_min,27.617369830608368,5,0.6497946983508653,0.6049635833763223
7,f103_nyg_low_normal_AMT_CREDIT_d_AMT_ANNUITY_diff_std,53.652314841747284,9,0.6497946983508653,0.6049635833763223
7,f103_nyg_low_action_DAYS_FIRST_DUE_d_app_DAYS_BIRTH_min,49.03190928697586,8,0.6497946983508653,0.6049635833763223
7,f103_nyg_low_action_amt_paid_sum,20.416269898414612,3,0.6497946983508653,0.6049635833763223
7,f103_nyg_low_action_total_debt_max,0.0,0,0.6497946983508653,0.6049635833763223
7,f103_nyg_low_normal_AMT_ANNUITY_d_app_AMT_CREDIT_diff_max,36.38417911529541,5,0.6497946983508653,0.6049635833763223
7,f103_nyg_low_action_DAYS_FIRST_DUE_s_app_DAYS_REGISTRATION_min,72.89213967323303,8,0.6497946983508653,0.6049635833763223
7,f103_nyg_low_action_DAYS_FIRST_DUE_d_app_DAYS_LAST_PHONE_CHANGE_max,43.919603168964386,7,0.6497946983508653,0.6049635833763223
7,f103_nyg_low_action_total_debt_diff_max,20.990039348602295,2,0.6497946983508653,0.6049635833763223
7,f103_nyg_low_action_DAYS_FIRST_DUE_d_app_DAYS_EMPLOYED_max,102.72268909215927,10,0.6497946983508653,0.6049635833763223
7,f103_nyg_low_action_DAYS_FIRST_DUE_d_app_DAYS_BIRTH_mean,44.62071073055267,7,0.6497946983508653,0.6049635833763223
7,f103_nyg_low_action_total_debt_pctchange_mean,39.68789005279541,4,0.6497946983508653,0.6049635833763223
7,f103_nyg_low_action_DAYS_LAST_DUE_1ST_VERSION_s_app_DAYS_REGISTRATION_min,67.95738756656647,8,0.6497946983508653,0.6049635833763223
7,f103_nyg_low_normal_AMT_ANNUITY_s_app_AMT_CREDIT_d_app_AMT_INCOME_TOTAL_pctchange_min,57.105220079422,8,0.6497946983508653,0.6049635833763223
7,f103_nyg_low_action_total_debt_mean,7.985620021820068,1,0.6497946983508653,0.6049635833763223
7,f103_nyg_low_action_DAYS_FIRST_DUE_d_app_DAYS_EMPLOYED_mean,52.40064001083374,4,0.6497946983508653,0.6049635833763223
7,f103_nyg_low_action_amt_paid_min,21.6053409576416,2,0.6497946983508653,0.6049635833763223
7,f103_nyg_low_action_DAYS_FIRST_DUE_d_app_DAYS_BIRTH_max,6.745940208435059,1,0.6497946983508653,0.6049635833763223
7,f103_nyg_low_action_total_debt_pctchange_max,23.138099670410156,2,0.6497946983508653,0.6049635833763223
7,f103_nyg_low_action_total_debt_diff_min,65.28259038925171,6,0.6497946983508653,0.6049635833763223
7,f103_nyg_low_action_DAYS_FIRST_DUE_s_app_DAYS_LAST_PHONE_CHANGE_max,166.74178743362427,14,0.6497946983508653,0.6049635833763223
7,f103_nyg_low_normal_AMT_ANNUITY_d_app_AMT_CREDIT_diff_mean,43.90463924407959,5,0.6497946983508653,0.6049635833763223
7,f103_nyg_low_action_total_debt_diff_mean,9.182990074157715,1,0.6497946983508653,0.6049635833763223
7,f103_nyg_low_normal_AMT_ANNUITY_d_app_AMT_CREDIT_pctchange_mean,81.96398913860321,10,0.6497946983508653,0.6049635833763223
7,f103_nyg_low_action_amt_paid_max,21.07273006439209,3,0.6497946983508653,0.6049635833763223
7,f103_nyg_low_normal_AMT_APPLICATION_d_app_AMT_ANNUITY_std_div_mean,281.75059938430786,25,0.6497946983508653,0.6049635833763223
7,f103_nyg_low_action_DAYS_LAST_DUE_1ST_VERSION_s_app_DAYS_REGISTRATION_max,58.530821323394775,7,0.6497946983508653,0.6049635833763223
7,f103_nyg_low_action_DAYS_LAST_DUE_1ST_VERSION_s_app_DAYS_EMPLOYED_mean,28.536579847335815,6,0.6497946983508653,0.6049635833763223
7,f103_nyg_low_normal_AMT_ANNUITY_d_app_AMT_CREDIT_pctchange_min,24.923870086669922,2,0.6497946983508653,0.6049635833763223
7,f103_nyg_low_action_DAYS_FIRST_DUE_d_app_DAYS_LAST_PHONE_CHANGE_mean,68.93921728432178,7,0.6497946983508653,0.6049635833763223
7,f103_nyg_low_action_DAYS_LAST_DUE_1ST_VERSION_s_app_DAYS_BIRTH_max,222.39380073547363,13,0.6497946983508653,0.6049635833763223
7,f103_nyg_low_normal_AMT_ANNUITY_m_app_AMT_GOODS_PRICE_d_app_AMT_INCOME_TOTAL_diff_max,153.9791612625122,13,0.6497946983508653,0.6049635833763223
7,f103_nyg_low_action_DAYS_FIRST_DUE_s_app_DAYS_BIRTH_min,105.07898986339569,10,0.6497946983508653,0.6049635833763223
7,f103_nyg_low_action_amt_paid_mean,24.827460289001465,2,0.6497946983508653,0.6049635833763223
7,f103_nyg_low_action_DAYS_FIRST_DUE_s_app_DAYS_REGISTRATION_max,83.51228070259094,8,0.6497946983508653,0.6049635833763223
7,f103_nyg_low_action_DAYS_LAST_DUE_1ST_VERSION_s_app_DAYS_ID_PUBLISH_max,134.88236117362976,13,0.6497946983508653,0.6049635833763223
7,f103_nyg_low_action_DAYS_FIRST_DUE_s_app_DAYS_ID_PUBLISH_max,56.620131492614746,6,0.6497946983508653,0.6049635833763223
7,f103_nyg_low_normal_AMT_CREDIT_d_AMT_APPLICATION_std_div_mean,52.134469985961914,6,0.6497946983508653,0.6049635833763223
7,f103_nyg_low_action_DAYS_FIRST_DUE_s_app_DAYS_ID_PUBLISH_mean,61.96444845199585,5,0.6497946983508653,0.6049635833763223
7,f103_nyg_low_normal_AMT_CREDIT_s_app_AMT_ANNUITY_d_app_AMT_INCOME_TOTAL_pctchange_min,290.354229927063,28,0.6497946983508653,0.6049635833763223
7,f103_nyg_low_normal_AMT_CREDIT_s_app_AMT_ANNUITY_d_app_AMT_INCOME_TOTAL_pctchange_max,279.2538410425186,32,0.6497946983508653,0.6049635833763223
7,f103_nyg_middle_AMT_ANNUITY_d_app_AMT_ANNUITY_diff_max,395.25803960859776,45,0.6497946983508653,0.6049635833763223
7,f103_nyg_low_normal_AMT_CREDIT_d_total_debt_pctchange_min,425.1330096721649,37,0.6497946983508653,0.6049635833763223
7,f103_nyg_middle_AMT_ANNUITY_s_app_AMT_ANNUITY_d_app_AMT_INCOME_TOTAL_pctchange_min,357.9784699678421,42,0.6497946983508653,0.6049635833763223
7,f103_nyg_low_normal_AMT_GOODS_PRICE_d_AMT_CREDIT_mean,580.6477848291397,39,0.6497946983508653,0.6049635833763223
7,f103_nyg_middle_AMT_ANNUITY_s_app_AMT_ANNUITY_d_app_AMT_INCOME_TOTAL_pctchange_max,417.3313000202179,39,0.6497946983508653,0.6049635833763223
7,f103_nyg_low_normal_amt_paid_min,302.72205877304077,22,0.6497946983508653,0.6049635833763223
7,f103_nyg_low_normal_AMT_GOODS_PRICE_d_AMT_CREDIT_min,376.86187982559204,26,0.6497946983508653,0.6049635833763223
7,f103_nyg_middle_AMT_ANNUITY_s_app_AMT_ANNUITY_d_app_AMT_INCOME_TOTAL_pctchange_mean,752.0996291637421,74,0.6497946983508653,0.6049635833763223
7,f103_nyg_low_normal_AMT_CREDIT_d_total_debt_pctchange_max,731.7825508117676,60,0.6497946983508653,0.6049635833763223
7,f103_nyg_low_normal_AMT_GOODS_PRICE_d_total_debt_min,906.2975879907608,63,0.6497946983508653,0.6049635833763223
7,f103_nyg_low_normal_interest_rate_diff_min,157.8496794104576,16,0.6497946983508653,0.6049635833763223
7,f103_nyg_low_normal_AMT_CREDIT_s_app_AMT_ANNUITY_pctchange_mean,318.6574194431305,32,0.6497946983508653,0.6049635833763223
7,f103_nyg_low_normal_AMT_CREDIT_d_total_debt_pctchange_mean,299.8841411918402,28,0.6497946983508653,0.6049635833763223
7,f103_nyg_low_normal_AMT_GOODS_PRICE_d_total_debt_pctchange_min,291.103688120842,30,0.6497946983508653,0.6049635833763223
7,f103_nyg_low_normal_amt_paid_max,163.02202081680298,17,0.6497946983508653,0.6049635833763223
7,f103_nyg_middle_AMT_ANNUITY_d_app_AMT_ANNUITY_pctchange_max,669.3743589520454,71,0.6497946983508653,0.6049635833763223
7,f103_nyg_low_normal_AMT_GOODS_PRICE_d_total_debt_max,584.3560755252838,51,0.6497946983508653,0.6049635833763223
7,f103_nyg_low_normal_AMT_GOODS_PRICE_d_total_debt_pctchange_max,289.65501645207405,28,0.6497946983508653,0.6049635833763223
7,f103_nyg_low_normal_HOUR_APPR_PROCESS_START_mean,610.3561902046204,51,0.6497946983508653,0.6049635833763223
7,f103_nyg_low_normal_AMT_GOODS_PRICE_d_AMT_ANNUITY_max,286.1031094789505,27,0.6497946983508653,0.6049635833763223
7,f103_nyg_low_normal_AMT_GOODS_PRICE_d_AMT_CREDIT_max,167.6967692375183,12,0.6497946983508653,0.6049635833763223
7,f103_nyg_low_normal_amt_paid_mean,123.1157500743866,12,0.6497946983508653,0.6049635833763223
7,f103_nyg_low_normal_DAYS_DECISION_d_app_DAYS_BIRTH_min,265.4948344230652,28,0.6497946983508653,0.6049635833763223
7,f103_nyg_low_normal_AMT_GOODS_PRICE_d_total_debt_pctchange_mean,309.88175892829895,24,0.6497946983508653,0.6049635833763223
7,f103_nyg_low_normal_amt_paid_sum,549.3907160758972,40,0.6497946983508653,0.6049635833763223
7,f103_nyg_low_normal_AMT_GOODS_PRICE_d_total_debt_mean,537.2726118564606,41,0.6497946983508653,0.6049635833763223
7,f103_nyg_low_normal_DAYS_DECISION_d_app_DAYS_EMPLOYED_min,434.64460241794586,32,0.6497946983508653,0.6049635833763223
7,f103_nyg_low_normal_AMT_CREDIT_d_total_debt_min,232.10537099838257,21,0.6497946983508653,0.6049635833763223
7,f103_nyg_low_normal_AMT_GOODS_PRICE_d_AMT_ANNUITY_min,167.26430082321167,18,0.6497946983508653,0.6049635833763223
7,f103_nyg_low_normal_interest_rate_pctchange_mean,104.12340950965881,12,0.6497946983508653,0.6049635833763223
7,f103_nyg_low_normal_DAYS_FIRST_DUE_d_app_DAYS_EMPLOYED_min,208.31841778755188,11,0.6497946983508653,0.6049635833763223
7,f103_nyg_low_normal_DAYS_DECISION_d_app_DAYS_BIRTH_max,153.6472806930542,18,0.6497946983508653,0.6049635833763223
7,f103_nyg_low_normal_DAYS_TERMINATION_d_app_DAYS_LAST_PHONE_CHANGE_max,88.8824200630188,13,0.6497946983508653,0.6049635833763223
7,f103_nyg_low_normal_DAYS_LAST_DUE_d_app_DAYS_LAST_PHONE_CHANGE_mean,206.78906029462814,26,0.6497946983508653,0.6049635833763223
7,f103_nyg_low_normal_DAYS_FIRST_DUE_d_app_DAYS_EMPLOYED_mean,266.94632935523987,15,0.6497946983508653,0.6049635833763223
7,f103_nyg_low_normal_DAYS_LAST_DUE_d_app_DAYS_LAST_PHONE_CHANGE_max,152.1847301721573,16,0.6497946983508653,0.6049635833763223
7,f103_nyg_low_normal_interest_rate_diff_max,113.0124293975532,17,0.6497946983508653,0.6049635833763223
7,f103_nyg_low_normal_DAYS_DECISION_s_app_DAYS_ID_PUBLISH_max,339.78884077072144,35,0.6497946983508653,0.6049635833763223
7,f103_nyg_low_normal_DAYS_FIRST_DUE_d_app_DAYS_BIRTH_max,112.01401042938232,13,0.6497946983508653,0.6049635833763223
7,f103_nyg_middle_AMT_ANNUITY_s_app_AMT_ANNUITY_d_app_AMT_INCOME_TOTAL_pctchange_std,760.1219563484192,58,0.6497946983508653,0.6049635833763223
7,f103_nyg_middle_AMT_ANNUITY_d_app_AMT_GOODS_PRICE_pctchange_max,315.6627707481384,34,0.6497946983508653,0.6049635833763223
7,f103_nyg_low_normal_AMT_CREDIT_d_total_debt_max,262.42507886886597,26,0.6497946983508653,0.6049635833763223
7,f103_nyg_low_normal_DAYS_LAST_DUE_1ST_VERSION_d_app_DAYS_BIRTH_min,345.4878613948822,32,0.6497946983508653,0.6049635833763223
7,f103_nyg_low_normal_DAYS_DECISION_s_app_DAYS_ID_PUBLISH_min,213.30213975906372,19,0.6497946983508653,0.6049635833763223
7,f103_nyg_low_normal_HOUR_APPR_PROCESS_START_max,340.26406955718994,29,0.6497946983508653,0.6049635833763223
7,f103_nyg_low_normal_DAYS_DECISION_d_app_DAYS_BIRTH_mean,138.34348917007446,11,0.6497946983508653,0.6049635833763223
7,f103_nyg_low_normal_AMT_CREDIT_d_total_debt_mean,331.306188583374,28,0.6497946983508653,0.6049635833763223
7,f103_nyg_low_normal_DAYS_DECISION_s_app_DAYS_REGISTRATION_max,229.3438618183136,24,0.6497946983508653,0.6049635833763223
7,f103_nyg_low_normal_DAYS_FIRST_DUE_d_app_DAYS_BIRTH_min,92.4041802585125,12,0.6497946983508653,0.6049635833763223
7,f103_nyg_low_normal_AMT_GOODS_PRICE_d_AMT_ANNUITY_mean,151.48889255523682,16,0.6497946983508653,0.6049635833763223
7,f103_nyg_low_normal_DAYS_DECISION_s_app_DAYS_BIRTH_mean,666.0074870586395,39,0.6497946983508653,0.6049635833763223
7,f103_nyg_low_normal_DAYS_LAST_DUE_1ST_VERSION_d_app_DAYS_BIRTH_max,173.14673042297363,16,0.6497946983508653,0.6049635833763223
7,f103_nyg_low_normal_DAYS_DECISION_s_app_DAYS_LAST_PHONE_CHANGE_max,264.965891122818,27,0.6497946983508653,0.6049635833763223
7,f103_nyg_low_normal_DAYS_FIRST_DUE_d_app_DAYS_EMPLOYED_max,170.5050956606865,13,0.6497946983508653,0.6049635833763223
7,f103_nyg_low_normal_interest_rate_pctchange_min,103.19875907897949,11,0.6497946983508653,0.6049635833763223
7,f103_nyg_low_normal_DAYS_FIRST_DUE_s_app_DAYS_LAST_PHONE_CHANGE_min,128.74402165412903,14,0.6497946983508653,0.6049635833763223
7,f103_nyg_low_normal_DAYS_DECISION_s_app_DAYS_BIRTH_min,234.21698236465454,18,0.6497946983508653,0.6049635833763223
7,f103_nyg_low_normal_DAYS_TERMINATION_s_DAYS_LAST_DUE_1ST_VERSION_min,356.97335970401764,32,0.6497946983508653,0.6049635833763223
7,f103_nyg_low_normal_interest_rate_pctchange_max,163.96422123908997,16,0.6497946983508653,0.6049635833763223
7,f103_nyg_low_normal_DAYS_TERMINATION_s_DAYS_LAST_DUE_1ST_VERSION_max,218.90786957740784,21,0.6497946983508653,0.6049635833763223
7,f103_nyg_low_normal_DAYS_DECISION_d_app_DAYS_EMPLOYED_mean,325.5504994392395,18,0.6497946983508653,0.6049635833763223
7,f103_nyg_low_normal_DAYS_DECISION_s_app_DAYS_LAST_PHONE_CHANGE_min,109.17574882507324,10,0.6497946983508653,0.6049635833763223
7,f103_nyg_low_normal_DAYS_DECISION_s_app_DAYS_BIRTH_max,384.65012788772583,25,0.6497946983508653,0.6049635833763223
7,f103_nyg_low_normal_DAYS_LAST_DUE_1ST_VERSION_s_app_DAYS_ID_PUBLISH_max,88.01969993114471,11,0.6497946983508653,0.6049635833763223
7,f103_nyg_middle_AMT_ANNUITY_d_app_AMT_ANNUITY_pctchange_std_div_mean,385.0961093902588,33,0.6497946983508653,0.6049635833763223
7,f103_nyg_low_normal_DAYS_FIRST_DUE_d_app_DAYS_BIRTH_mean,132.46021962165833,12,0.6497946983508653,0.6049635833763223
7,f103_nyg_low_normal_DAYS_FIRST_DUE_s_app_DAYS_LAST_PHONE_CHANGE_max,148.31043565273285,18,0.6497946983508653,0.6049635833763223
7,f103_nyg_low_normal_interest_rate_diff_mean,110.76123142242432,10,0.6497946983508653,0.6049635833763223
7,f103_nyg_low_normal_DAYS_LAST_DUE_1ST_VERSION_s_app_DAYS_EMPLOYED_max,103.4329001903534,11,0.6497946983508653,0.6049635833763223
7,f103_nyg_low_normal_HOUR_APPR_PROCESS_START_min,236.41964769363403,22,0.6497946983508653,0.6049635833763223
7,f103_nyg_low_normal_DAYS_DECISION_s_app_DAYS_ID_PUBLISH_mean,144.20136976242065,14,0.6497946983508653,0.6049635833763223
7,f103_nyg_low_normal_DAYS_DECISION_s_app_DAYS_REGISTRATION_mean,109.9322704076767,13,0.6497946983508653,0.6049635833763223
7,f103_nyg_low_normal_DAYS_LAST_DUE_1ST_VERSION_s_app_DAYS_REGISTRATION_min,130.90389108657837,14,0.6497946983508653,0.6049635833763223
7,f103_nyg_low_normal_DAYS_LAST_DUE_1ST_VERSION_s_app_DAYS_REGISTRATION_max,139.4379096031189,13,0.6497946983508653,0.6049635833763223
7,f103_nyg_low_normal_DAYS_DECISION_s_app_DAYS_EMPLOYED_min,205.24209785461426,16,0.6497946983508653,0.6049635833763223
7,f103_nyg_low_normal_DAYS_LAST_DUE_1ST_VERSION_s_app_DAYS_ID_PUBLISH_min,102.85518836975098,11,0.6497946983508653,0.6049635833763223
7,f103_nyg_low_normal_DAYS_DECISION_d_app_DAYS_EMPLOYED_max,441.5168192386627,27,0.6497946983508653,0.6049635833763223
7,f103_nyg_low_normal_DAYS_DECISION_s_app_DAYS_LAST_PHONE_CHANGE_mean,147.83950239419937,16,0.6497946983508653,0.6049635833763223
7,f103_nyg_low_normal_DAYS_FIRST_DUE_s_app_DAYS_BIRTH_max,137.0966396331787,10,0.6497946983508653,0.6049635833763223
7,f103_nyg_low_normal_DAYS_LAST_DUE_1ST_VERSION_s_app_DAYS_REGISTRATION_mean,111.84205627441406,12,0.6497946983508653,0.6049635833763223
7,f103_nyg_low_normal_DAYS_LAST_DUE_1ST_VERSION_d_app_DAYS_BIRTH_mean,475.9908940792084,34,0.6497946983508653,0.6049635833763223
7,f103_nyg_low_normal_DAYS_LAST_DUE_d_app_DAYS_BIRTH_min,336.3440583348274,31,0.6497946983508653,0.6049635833763223
7,f103_nyg_low_normal_DAYS_LAST_DUE_1ST_VERSION_s_app_DAYS_EMPLOYED_min,120.57355976104736,12,0.6497946983508653,0.6049635833763223
7,f103_nyg_low_normal_DAYS_TERMINATION_d_app_DAYS_BIRTH_max,136.24388122558594,13,0.6497946983508653,0.6049635833763223
7,f103_nyg_low_normal_DAYS_TERMINATION_s_DAYS_LAST_DUE_min,160.07874654233456,17,0.6497946983508653,0.6049635833763223
7,f103_nyg_middle_AMT_ANNUITY_d_app_AMT_CREDIT_pctchange_max,204.03608226776123,18,0.6497946983508653,0.6049635833763223
7,f103_nyg_middle_AMT_ANNUITY_d_app_AMT_ANNUITY_pctchange_std,662.8257908821106,49,0.6497946983508653,0.6049635833763223
7,f103_nyg_low_normal_DAYS_DECISION_s_app_DAYS_EMPLOYED_max,206.04259943962097,17,0.6497946983508653,0.6049635833763223
7,f103_nyg_low_normal_DAYS_LAST_DUE_1ST_VERSION_s_app_DAYS_ID_PUBLISH_mean,71.28751945495605,7,0.6497946983508653,0.6049635833763223
7,f103_nyg_low_normal_DAYS_DECISION_s_app_DAYS_REGISTRATION_min,174.58514022827148,18,0.6497946983508653,0.6049635833763223
7,f103_nyg_low_normal_DAYS_FIRST_DUE_s_app_DAYS_LAST_PHONE_CHANGE_mean,105.65947961807251,11,0.6497946983508653,0.6049635833763223
7,f103_nyg_low_normal_DAYS_TERMINATION_s_DAYS_LAST_DUE_1ST_VERSION_mean,330.47628951072693,32,0.6497946983508653,0.6049635833763223
7,f103_nyg_low_normal_DAYS_TERMINATION_d_app_DAYS_BIRTH_min,144.23331999778748,15,0.6497946983508653,0.6049635833763223
7,f103_nyg_low_normal_DAYS_FIRST_DUE_s_app_DAYS_ID_PUBLISH_min,104.83741998672485,9,0.6497946983508653,0.6049635833763223
7,f103_nyg_low_normal_DAYS_LAST_DUE_1ST_VERSION_s_app_DAYS_EMPLOYED_mean,99.47068709135056,12,0.6497946983508653,0.6049635833763223
7,f103_nyg_low_normal_DAYS_LAST_DUE_1ST_VERSION_s_DAYS_DECISIONS_mean,220.93030309677124,18,0.6497946983508653,0.6049635833763223
7,f103_nyg_low_normal_DAYS_LAST_DUE_1ST_VERSION_s_app_DAYS_BIRTH_max,148.1387186050415,13,0.6497946983508653,0.6049635833763223
7,f103_nyg_low_normal_DAYS_LAST_DUE_d_app_DAYS_BIRTH_max,124.82555913925171,13,0.6497946983508653,0.6049635833763223
7,f103_nyg_low_normal_DAYS_LAST_DUE_s_app_DAYS_ID_PUBLISH_max,132.8960324525833,17,0.6497946983508653,0.6049635833763223
7,f103_nyg_low_normal_DAYS_FIRST_DUE_s_app_DAYS_ID_PUBLISH_max,81.46165823936462,9,0.6497946983508653,0.6049635833763223
7,f103_nyg_low_normal_AMT_CREDIT_s_app_AMT_ANNUITY_pctchange_min,159.78032875061035,14,0.6497946983508653,0.6049635833763223
7,f103_nyg_middle_AMT_ANNUITY_s_app_AMT_ANNUITY_d_app_AMT_INCOME_TOTAL_pctchange_max_div_min,361.3842339515686,25,0.6497946983508653,0.6049635833763223
7,f103_nyg_low_normal_DAYS_FIRST_DUE_s_app_DAYS_REGISTRATION_max,120.37512618303299,15,0.6497946983508653,0.6049635833763223
7,f103_nyg_low_normal_DAYS_TERMINATION_s_DAYS_FIRST_DUE_min,97.0090401172638,12,0.6497946983508653,0.6049635833763223
7,f103_nyg_low_normal_DAYS_LAST_DUE_d_app_DAYS_EMPLOYED_min,105.22852206230164,13,0.6497946983508653,0.6049635833763223
7,f103_nyg_low_normal_DAYS_LAST_DUE_1ST_VERSION_s_app_DAYS_BIRTH_min,82.51501977443695,9,0.6497946983508653,0.6049635833763223
7,f103_nyg_low_normal_DAYS_FIRST_DUE_s_app_DAYS_ID_PUBLISH_mean,39.59418869018555,4,0.6497946983508653,0.6049635833763223
7,f103_nyg_low_normal_DAYS_TERMINATION_s_app_DAYS_REGISTRATION_max,188.21101999282837,23,0.6497946983508653,0.6049635833763223
7,f103_nyg_low_normal_DAYS_FIRST_DUE_s_app_DAYS_REGISTRATION_min,129.26217007637024,14,0.6497946983508653,0.6049635833763223
7,f103_nyg_low_normal_DAYS_TERMINATION_s_DAYS_FIRST_DUE_max,91.48072004318237,10,0.6497946983508653,0.6049635833763223
7,f103_nyg_low_normal_DAYS_LAST_DUE_s_DAYS_DECISIONS_min,45.546390533447266,5,0.6497946983508653,0.6049635833763223
7,f103_nyg_low_normal_AMT_CREDIT_s_app_AMT_ANNUITY_pctchange_max,74.7335512638092,8,0.6497946983508653,0.6049635833763223
7,f103_nyg_low_normal_DAYS_TERMINATION_s_app_DAYS_LAST_PHONE_CHANGE_min,155.8241994380951,15,0.6497946983508653,0.6049635833763223
7,f103_nyg_low_normal_DAYS_LAST_DUE_1ST_VERSION_s_app_DAYS_BIRTH_mean,90.80615067481995,7,0.6497946983508653,0.6049635833763223
7,f103_nyg_low_normal_DAYS_DECISION_s_app_DAYS_EMPLOYED_mean,240.4862027168274,17,0.6497946983508653,0.6049635833763223
7,f103_nyg_low_normal_DAYS_FIRST_DUE_s_DAYS_DECISIONS_mean,119.65467095375061,13,0.6497946983508653,0.6049635833763223
7,f103_nyg_low_normal_DAYS_TERMINATION_s_DAYS_DECISIONS_max,22.431729555130005,3,0.6497946983508653,0.6049635833763223
7,f103_nyg_low_normal_DAYS_TERMINATION_s_DAYS_LAST_DUE_max,28.617700576782227,3,0.6497946983508653,0.6049635833763223
7,f103_nyg_low_normal_DAYS_FIRST_DUE_s_DAYS_DECISIONS_min,277.1723823547363,23,0.6497946983508653,0.6049635833763223
7,f103_nyg_low_normal_DAYS_LAST_DUE_s_app_DAYS_REGISTRATION_min,75.14220076799393,11,0.6497946983508653,0.6049635833763223
7,f103_nyg_low_normal_DAYS_TERMINATION_s_DAYS_LAST_DUE_mean,105.34584820270538,11,0.6497946983508653,0.6049635833763223
7,f103_nyg_low_normal_DAYS_FIRST_DUE_s_app_DAYS_BIRTH_mean,294.3469899892807,15,0.6497946983508653,0.6049635833763223
7,f103_nyg_low_normal_DAYS_TERMINATION_d_app_DAYS_EMPLOYED_min,89.6192797422409,9,0.6497946983508653,0.6049635833763223
7,f103_nyg_low_normal_DAYS_TERMINATION_s_app_DAYS_LAST_PHONE_CHANGE_max,57.6035795211792,7,0.6497946983508653,0.6049635833763223
7,f103_nyg_low_normal_DAYS_TERMINATION_s_DAYS_DECISIONS_mean,15.152510166168213,2,0.6497946983508653,0.6049635833763223
7,f103_nyg_middle_AMT_CREDIT_d_AMT_ANNUITY_diff_max,1292.4949557632208,124,0.6497946983508653,0.6049635833763223
7,f103_nyg_middle_AMT_ANNUITY_s_app_AMT_GOODS_PRICE_max,3331.317220568657,207,0.6497946983508653,0.6049635833763223
7,f103_nyg_middle_DAYS_LAST_DUE_1ST_VERSION_s_app_DAYS_LAST_PHONE_CHANGE_min,1420.0098507404327,125,0.6497946983508653,0.6049635833763223
7,f103_nyg_middle_AMT_ANNUITY_s_app_AMT_GOODS_PRICE_min,3280.641037404537,185,0.6497946983508653,0.6049635833763223
7,f103_nyg_middle_AMT_ANNUITY_s_app_AMT_ANNUITY_pctchange_min,99.61518096923828,11,0.6497946983508653,0.6049635833763223
7,f103_nyg_middle_AMT_ANNUITY_s_app_AMT_ANNUITY_pctchange_mean,95.40520024299622,12,0.6497946983508653,0.6049635833763223
7,f103_nyg_middle_DAYS_LAST_DUE_d_app_DAYS_BIRTH_max,829.5483503937721,84,0.6497946983508653,0.6049635833763223
8,f103_nyg_middle_AMT_CREDIT_d_total_debt_min,562.0668787956238,40,0.8222528526520267,0.7624679027465929
8,f103_nyg_middle_DAYS_DECISION_s_app_DAYS_BIRTH_min,93.80448055267334,9,0.8222528526520267,0.7624679027465929
8,f103_nyg_middle_DAYS_FIRST_DUE_s_app_DAYS_LAST_PHONE_CHANGE_max,218.33085012435913,20,0.8222528526520267,0.7624679027465929
8,f103_nyg_middle_DAYS_LAST_DUE_d_app_DAYS_EMPLOYED_max,16.661009788513184,3,0.8222528526520267,0.7624679027465929
8,f103_nyg_middle_AMT_GOODS_PRICE_d_total_debt_mean,404.1691086292267,36,0.8222528526520267,0.7624679027465929
8,f103_nyg_middle_AMT_CREDIT_d_AMT_ANNUITY_min,607.2793370485306,47,0.8222528526520267,0.7624679027465929
8,f103_nyg_middle_DAYS_LAST_DUE_1ST_VERSION_d_app_DAYS_BIRTH_min,716.4685015678406,50,0.8222528526520267,0.7624679027465929
8,f103_nyg_middle_DAYS_LAST_DUE_d_app_DAYS_BIRTH_min,152.796799659729,13,0.8222528526520267,0.7624679027465929
8,f103_nyg_middle_DAYS_FIRST_DUE_d_app_DAYS_BIRTH_min,187.91279077529907,18,0.8222528526520267,0.7624679027465929
8,f103_nyg_middle_DAYS_LAST_DUE_d_app_DAYS_BIRTH_mean,210.0789394378662,20,0.8222528526520267,0.7624679027465929
8,f103_nyg_middle_AMT_CREDIT_d_AMT_ANNUITY_max,573.5804538726807,36,0.8222528526520267,0.7624679027465929
8,f103_nyg_middle_AMT_ANNUITY_s_app_AMT_GOODS_PRICE_mean,465.7046203613281,39,0.8222528526520267,0.7624679027465929
8,f103_nyg_middle_DAYS_DECISION_d_app_DAYS_BIRTH_min,364.65977013111115,32,0.8222528526520267,0.7624679027465929
8,f103_nyg_middle_AMT_CREDIT_d_total_debt_mean,377.0081901550293,23,0.8222528526520267,0.7624679027465929
8,f103_nyg_middle_DAYS_LAST_DUE_d_app_DAYS_EMPLOYED_mean,62.24359893798828,5,0.8222528526520267,0.7624679027465929
8,f103_nyg_middle_AMT_GOODS_PRICE_d_AMT_CREDIT_mean,319.6364800930023,28,0.8222528526520267,0.7624679027465929
8,f103_nyg_middle_AMT_GOODS_PRICE_d_total_debt_min,366.4114603996277,27,0.8222528526520267,0.7624679027465929
8,f103_nyg_middle_DAYS_LAST_DUE_d_app_DAYS_EMPLOYED_min,114.9157190322876,10,0.8222528526520267,0.7624679027465929
8,f103_nyg_middle_DAYS_DECISION_s_app_DAYS_LAST_PHONE_CHANGE_max,138.56933999061584,13,0.8222528526520267,0.7624679027465929
8,f103_nyg_middle_AMT_CREDIT_d_AMT_APPLICATION_max,343.1212890148163,24,0.8222528526520267,0.7624679027465929
8,f103_nyg_middle_DAYS_LAST_DUE_1ST_VERSION_d_app_DAYS_BIRTH_max,329.5510380268097,26,0.8222528526520267,0.7624679027465929
8,f103_nyg_middle_DAYS_DECISION_s_app_DAYS_ID_PUBLISH_max,268.824818611145,24,0.8222528526520267,0.7624679027465929
8,f103_nyg_middle_AMT_CREDIT_d_app_AMT_ANNUITY_pctchange_max,440.74164056777954,35,0.8222528526520267,0.7624679027465929
8,f103_nyg_middle_DAYS_LAST_DUE_1ST_VERSION_s_app_DAYS_REGISTRATION_max,158.56726968288422,15,0.8222528526520267,0.7624679027465929
8,f103_nyg_middle_DAYS_DECISION_s_app_DAYS_BIRTH_mean,80.16634035110474,8,0.8222528526520267,0.7624679027465929
8,f103_nyg_middle_DAYS_LAST_DUE_1ST_VERSION_s_app_DAYS_ID_PUBLISH_min,145.8911681175232,15,0.8222528526520267,0.7624679027465929
8,f103_nyg_middle_DAYS_DECISION_d_app_DAYS_EMPLOYED_min,161.58919024467468,15,0.8222528526520267,0.7624679027465929
8,f103_nyg_middle_AMT_CREDIT_s_app_AMT_CREDIT_min,83.04009819030762,7,0.8222528526520267,0.7624679027465929
8,f103_nyg_middle_AMT_GOODS_PRICE_d_total_debt_max,537.7458229064941,40,0.8222528526520267,0.7624679027465929
8,f103_nyg_middle_DAYS_LAST_DUE_1ST_VERSION_s_app_DAYS_ID_PUBLISH_max,226.25050163269043,20,0.8222528526520267,0.7624679027465929
8,f103_nyg_middle_AMT_GOODS_PRICE_d_AMT_ANNUITY_max,644.359631061554,43,0.8222528526520267,0.7624679027465929
8,f103_nyg_middle_AMT_CREDIT_d_AMT_ANNUITY_mean,501.58535850048065,32,0.8222528526520267,0.7624679027465929
8,f103_nyg_middle_AMT_CREDIT_d_total_debt_max,442.53853845596313,32,0.8222528526520267,0.7624679027465929
8,f103_nyg_middle_DAYS_DECISION_s_app_DAYS_LAST_PHONE_CHANGE_min,151.03961944580078,14,0.8222528526520267,0.7624679027465929
8,f103_nyg_middle_DAYS_DECISION_s_app_DAYS_BIRTH_max,83.57761001586914,8,0.8222528526520267,0.7624679027465929
8,f103_nyg_middle_DAYS_DECISION_d_app_DAYS_EMPLOYED_max,105.22325897216797,8,0.8222528526520267,0.7624679027465929
8,f103_nyg_middle_DAYS_DECISION_s_app_DAYS_REGISTRATION_min,121.37911987304688,13,0.8222528526520267,0.7624679027465929
8,f103_nyg_middle_DAYS_FIRST_DUE_s_app_DAYS_LAST_PHONE_CHANGE_mean,117.96300935745239,11,0.8222528526520267,0.7624679027465929
8,f103_nyg_middle_DAYS_DECISION_s_app_DAYS_REGISTRATION_max,186.63441944122314,15,0.8222528526520267,0.7624679027465929
8,f103_nyg_middle_DAYS_FIRST_DUE_d_app_DAYS_BIRTH_max,146.12392950057983,16,0.8222528526520267,0.7624679027465929
8,f103_nyg_middle_DAYS_FIRST_DUE_s_app_DAYS_ID_PUBLISH_mean,132.9514183998108,12,0.8222528526520267,0.7624679027465929
8,f103_nyg_middle_DAYS_DECISION_s_app_DAYS_LAST_PHONE_CHANGE_mean,191.88306760787964,16,0.8222528526520267,0.7624679027465929
8,f103_nyg_middle_AMT_APPLICATION_d_app_AMT_ANNUITY_pctchange_max,179.90847086906433,16,0.8222528526520267,0.7624679027465929
8,f103_nyg_middle_DAYS_LAST_DUE_1ST_VERSION_d_app_DAYS_BIRTH_mean,456.44103050231934,31,0.8222528526520267,0.7624679027465929
8,f103_nyg_middle_DAYS_DECISION_d_app_DAYS_BIRTH_max,182.45479154586792,16,0.8222528526520267,0.7624679027465929
8,f103_nyg_middle_AMT_GOODS_PRICE_d_AMT_ANNUITY_min,389.7738997936249,34,0.8222528526520267,0.7624679027465929
8,f103_nyg_middle_DAYS_FIRST_DUE_d_app_DAYS_EMPLOYED_min,132.26162910461426,13,0.8222528526520267,0.7624679027465929
8,f103_nyg_middle_DAYS_DECISION_d_app_DAYS_BIRTH_mean,211.96378087997437,20,0.8222528526520267,0.7624679027465929
8,f103_nyg_middle_DAYS_FIRST_DUE_d_app_DAYS_BIRTH_mean,363.7271075248718,32,0.8222528526520267,0.7624679027465929
8,f103_nyg_middle_DAYS_LAST_DUE_1ST_VERSION_s_app_DAYS_ID_PUBLISH_mean,126.89183950424194,13,0.8222528526520267,0.7624679027465929
8,f103_nyg_middle_AMT_CREDIT_d_app_AMT_GOODS_PRICE_max,250.2661418914795,21,0.8222528526520267,0.7624679027465929
8,f103_nyg_middle_DAYS_DECISION_s_app_DAYS_REGISTRATION_mean,117.3982801437378,11,0.8222528526520267,0.7624679027465929
8,f103_nyg_middle_AMT_GOODS_PRICE_d_AMT_CREDIT_min,247.00738954544067,23,0.8222528526520267,0.7624679027465929
8,f103_nyg_middle_DAYS_DECISION_s_app_DAYS_ID_PUBLISH_min,161.1651906967163,17,0.8222528526520267,0.7624679027465929
8,f103_nyg_middle_DAYS_FIRST_DUE_s_app_DAYS_ID_PUBLISH_min,133.8715295791626,10,0.8222528526520267,0.7624679027465929
8,f103_nyg_middle_AMT_CREDIT_d_app_AMT_ANNUITY_diff_mean,318.6434211730957,23,0.8222528526520267,0.7624679027465929
8,f103_nyg_middle_DAYS_FIRST_DUE_s_app_DAYS_ID_PUBLISH_max,126.80694007873535,12,0.8222528526520267,0.7624679027465929
8,f103_nyg_middle_AMT_CREDIT_d_app_AMT_GOODS_PRICE_mean,180.4849407672882,17,0.8222528526520267,0.7624679027465929
8,f103_nyg_middle_AMT_CREDIT_m_app_AMT_GOODS_PRICE_d_app_AMT_INCOME_TOTAL_mean,121.49452757835388,10,0.8222528526520267,0.7624679027465929
8,f103_nyg_middle_AMT_GOODS_PRICE_m_app_AMT_GOODS_PRICE_d_app_AMT_INCOME_TOTAL_max,154.7704713344574,16,0.8222528526520267,0.7624679027465929
8,f103_nyg_middle_AMT_GOODS_PRICE_d_AMT_ANNUITY_mean,692.2502853870392,45,0.8222528526520267,0.7624679027465929
8,f103_nyg_middle_DAYS_LAST_DUE_1ST_VERSION_s_app_DAYS_BIRTH_min,78.35228967666626,8,0.8222528526520267,0.7624679027465929
8,f103_nyg_middle_DAYS_LAST_DUE_1ST_VERSION_s_app_DAYS_REGISTRATION_min,57.31199932098389,5,0.8222528526520267,0.7624679027465929
8,f103_nyg_middle_DAYS_LAST_DUE_1ST_VERSION_s_app_DAYS_EMPLOYED_max,141.94791746139526,14,0.8222528526520267,0.7624679027465929
8,f103_nyg_middle_DAYS_DECISION_d_app_DAYS_EMPLOYED_mean,155.40610933303833,13,0.8222528526520267,0.7624679027465929
8,f103_nyg_middle_DAYS_FIRST_DUE_s_app_DAYS_LAST_PHONE_CHANGE_min,205.17423105239868,18,0.8222528526520267,0.7624679027465929
8,f103_nyg_middle_DAYS_LAST_DUE_1ST_VERSION_s_app_DAYS_EMPLOYED_min,126.7861123085022,12,0.8222528526520267,0.7624679027465929
8,f103_nyg_middle_DAYS_LAST_DUE_1ST_VERSION_s_app_DAYS_BIRTH_max,112.62907028198242,10,0.8222528526520267,0.7624679027465929
8,f103_nyg_middle_AMT_CREDIT_d_AMT_APPLICATION_min,240.77167177200317,21,0.8222528526520267,0.7624679027465929
8,f103_nyg_middle_AMT_GOODS_PRICE_d_AMT_CREDIT_max,300.0195908546448,27,0.8222528526520267,0.7624679027465929
8,f103_nyg_middle_AMT_CREDIT_min,236.21129095554352,22,0.8222528526520267,0.7624679027465929
8,f103_nyg_middle_DAYS_LAST_DUE_1ST_VERSION_s_app_DAYS_EMPLOYED_mean,62.659799337387085,6,0.8222528526520267,0.7624679027465929
8,f103_nyg_middle_DAYS_LAST_DUE_1ST_VERSION_s_app_DAYS_BIRTH_mean,158.482430934906,13,0.8222528526520267,0.7624679027465929
8,f103_nyg_middle_AMT_CREDIT_m_app_AMT_GOODS_PRICE_d_app_AMT_INCOME_TOTAL_max,90.04462909698486,8,0.8222528526520267,0.7624679027465929
8,f103_nyg_middle_AMT_CREDIT_d_AMT_APPLICATION_mean,192.27432775497437,18,0.8222528526520267,0.7624679027465929
8,f103_nyg_middle_DAYS_FIRST_DUE_d_app_DAYS_EMPLOYED_mean,168.78799962997437,15,0.8222528526520267,0.7624679027465929
8,f103_nyg_middle_AMT_APPLICATION_m_app_AMT_GOODS_PRICE_d_app_AMT_INCOME_TOTAL_max,167.64385890960693,17,0.8222528526520267,0.7624679027465929
8,f103_nyg_middle_AMT_CREDIT_s_app_AMT_ANNUITY_min,143.9779224395752,13,0.8222528526520267,0.7624679027465929
8,f103_nyg_middle_AMT_CREDIT_s_app_AMT_CREDIT_max,48.778900146484375,4,0.8222528526520267,0.7624679027465929
8,f103_nyg_middle_AMT_APPLICATION_s_app_AMT_CREDIT_min,82.96522045135498,6,0.8222528526520267,0.7624679027465929
8,f103_nyg_middle_DAYS_FIRST_DUE_d_app_DAYS_EMPLOYED_max,117.73680067062378,10,0.8222528526520267,0.7624679027465929
8,f103_nyg_middle_AMT_CREDIT_d_app_AMT_ANNUITY_diff_max,213.41482067108154,16,0.8222528526520267,0.7624679027465929
8,f103_nyg_middle_DAYS_DECISION_s_app_DAYS_ID_PUBLISH_mean,165.27082109451294,15,0.8222528526520267,0.7624679027465929
8,f103_nyg_middle_DAYS_LAST_DUE_1ST_VERSION_s_app_DAYS_REGISTRATION_mean,114.38761854171753,10,0.8222528526520267,0.7624679027465929
8,f103_nyg_middle_AMT_CREDIT_d_app_AMT_INCOME_TOTAL_diff_mean,193.53258299827576,17,0.8222528526520267,0.7624679027465929
8,f103_nyg_middle_AMT_CREDIT_s_app_AMT_CREDIT_mean,61.799020767211914,5,0.8222528526520267,0.7624679027465929
8,f103_nyg_middle_AMT_CREDIT_s_app_AMT_ANNUITY_diff_mean,175.57680940628052,15,0.8222528526520267,0.7624679027465929
8,f103_nyg_middle_DAYS_FIRST_DUE_s_app_DAYS_REGISTRATION_mean,88.4935017824173,7,0.8222528526520267,0.7624679027465929
8,f103_nyg_middle_AMT_CREDIT_d_app_AMT_INCOME_TOTAL_min,158.22952103614807,15,0.8222528526520267,0.7624679027465929
8,f103_nyg_middle_DAYS_FIRST_DUE_s_app_DAYS_REGISTRATION_min,18.079319953918457,2,0.8222528526520267,0.7624679027465929
8,f103_nyg_middle_DAYS_FIRST_DUE_s_app_DAYS_REGISTRATION_max,80.24039030075073,10,0.8222528526520267,0.7624679027465929
8,f103_nyg_middle_AMT_APPLICATION_d_app_AMT_GOODS_PRICE_diff_mean,97.20618057250977,8,0.8222528526520267,0.7624679027465929
8,f103_nyg_middle_DAYS_DECISION_s_app_DAYS_EMPLOYED_max,88.84952068328857,8,0.8222528526520267,0.7624679027465929
8,f103_nyg_middle_DAYS_FIRST_DUE_s_app_DAYS_EMPLOYED_max,119.440438747406,11,0.8222528526520267,0.7624679027465929
8,f103_nyg_middle_AMT_CREDIT_s_app_AMT_INCOME_TOTAL_max,299.2134418487549,27,0.8222528526520267,0.7624679027465929
8,f103_nyg_middle_DAYS_FIRST_DUE_s_app_DAYS_EMPLOYED_min,98.94255018234253,9,0.8222528526520267,0.7624679027465929
8,f103_nyg_middle_AMT_CREDIT_s_app_AMT_GOODS_PRICE_min,223.38446760177612,18,0.8222528526520267,0.7624679027465929
8,f103_nyg_middle_DAYS_LAST_DUE_1ST_VERSION_s_DAYS_DECISIONS_max,284.159321308136,21,0.8222528526520267,0.7624679027465929
8,f103_nyg_middle_AMT_CREDIT_s_app_AMT_INCOME_TOTAL_min,117.79176640510559,13,0.8222528526520267,0.7624679027465929
8,f103_nyg_middle_AMT_CREDIT_m_app_AMT_GOODS_PRICE_d_app_AMT_INCOME_TOTAL_pctchange_std_div_mean,58.426819801330566,5,0.8222528526520267,0.7624679027465929
8,f103_nyg_middle_AMT_GOODS_PRICE_s_app_AMT_CREDIT_min,133.72243976593018,10,0.8222528526520267,0.7624679027465929
8,f103_nyg_middle_DAYS_FIRST_DUE_s_app_DAYS_BIRTH_min,93.0719985961914,7,0.8222528526520267,0.7624679027465929
8,f103_nyg_middle_AMT_APPLICATION_d_app_AMT_ANNUITY_diff_max,204.41193962097168,16,0.8222528526520267,0.7624679027465929
8,f103_nyg_middle_AMT_CREDIT_d_app_AMT_GOODS_PRICE_diff_max,105.3240704536438,10,0.8222528526520267,0.7624679027465929
8,f103_nyg_middle_AMT_CREDIT_s_app_AMT_INCOME_TOTAL_mean,175.79547834396362,15,0.8222528526520267,0.7624679027465929
8,f103_nyg_middle_AMT_CREDIT_d_app_AMT_CREDIT_diff_mean,121.89555168151855,9,0.8222528526520267,0.7624679027465929
8,f103_nyg_middle_DAYS_DECISION_s_app_DAYS_EMPLOYED_mean,104.8113489151001,9,0.8222528526520267,0.7624679027465929
8,f103_nyg_middle_AMT_CREDIT_d_total_debt_diff_std_div_mean,251.80139923095703,21,0.8222528526520267,0.7624679027465929
8,f103_nyg_middle_AMT_GOODS_PRICE_s_app_AMT_CREDIT_max,58.1053991317749,4,0.8222528526520267,0.7624679027465929
8,f103_nyg_middle_DAYS_DECISION_s_app_DAYS_EMPLOYED_min,125.90595197677612,9,0.8222528526520267,0.7624679027465929
8,f103_nyg_middle_DAYS_FIRST_DUE_s_app_DAYS_BIRTH_mean,69.1241397857666,5,0.8222528526520267,0.7624679027465929
8,f103_nyg_middle_AMT_APPLICATION_d_app_AMT_CREDIT_diff_mean,154.7713704109192,13,0.8222528526520267,0.7624679027465929
8,f103_nyg_middle_AMT_CREDIT_s_app_AMT_ANNUITY_d_app_AMT_INCOME_TOTAL_min,127.94562101364136,12,0.8222528526520267,0.7624679027465929
8,f103_nyg_middle_DAYS_FIRST_DUE_s_app_DAYS_BIRTH_max,85.41160202026367,8,0.8222528526520267,0.7624679027465929
8,f103_nyg_middle_AMT_GOODS_PRICE_s_app_AMT_CREDIT_mean,106.68630027770996,8,0.8222528526520267,0.7624679027465929
8,f103_nyg_middle_AMT_APPLICATION_s_app_AMT_CREDIT_mean,158.90088987350464,11,0.8222528526520267,0.7624679027465929
8,f103_nyg_middle_AMT_CREDIT_d_app_AMT_INCOME_TOTAL_max,251.90405130386353,21,0.8222528526520267,0.7624679027465929
8,f103_nyg_middle_AMT_CREDIT_s_app_AMT_ANNUITY_d_app_AMT_INCOME_TOTAL_max,186.28637218475342,14,0.8222528526520267,0.7624679027465929
8,f103_nyg_middle_AMT_CREDIT_d_app_AMT_GOODS_PRICE_diff_mean,109.0137586593628,9,0.8222528526520267,0.7624679027465929
8,f103_nyg_middle_DAYS_FIRST_DUE_s_app_DAYS_EMPLOYED_mean,86.5551609992981,6,0.8222528526520267,0.7624679027465929
8,f103_nyg_middle_DAYS_LAST_DUE_1ST_VERSION_s_DAYS_DECISIONS_min,182.59063005447388,13,0.8222528526520267,0.7624679027465929
8,f103_nyg_middle_AMT_APPLICATION_s_app_AMT_CREDIT_max,83.13135766983032,8,0.8222528526520267,0.7624679027465929
8,f103_nyg_middle_AMT_CREDIT_max,174.25229262607172,16,0.8222528526520267,0.7624679027465929
8,f103_nyg_middle_AMT_CREDIT_s_app_AMT_GOODS_PRICE_max,134.1563606262207,12,0.8222528526520267,0.7624679027465929
8,f103_nyg_middle_AMT_CREDIT_d_app_AMT_CREDIT_diff_max,165.61361026763916,12,0.8222528526520267,0.7624679027465929
8,f103_nyg_middle_AMT_APPLICATION_s_app_AMT_GOODS_PRICE_min,70.89854097366333,8,0.8222528526520267,0.7624679027465929
8,f103_nyg_middle_AMT_CREDIT_d_app_AMT_INCOME_TOTAL_diff_max,315.3669120669365,23,0.8222528526520267,0.7624679027465929
8,f103_nyg_middle_AMT_APPLICATION_s_app_AMT_ANNUITY_d_app_AMT_INCOME_TOTAL_min,185.9690436720848,16,0.8222528526520267,0.7624679027465929
8,f103_nyg_middle_AMT_GOODS_PRICE_s_app_AMT_GOODS_PRICE_max,69.40994930267334,6,0.8222528526520267,0.7624679027465929
8,f103_nyg_middle_AMT_CREDIT_d_app_AMT_INCOME_TOTAL_mean,331.18381929397583,27,0.8222528526520267,0.7624679027465929
8,f103_nyg_middle_AMT_CREDIT_s_app_AMT_ANNUITY_max,143.25588989257812,13,0.8222528526520267,0.7624679027465929
8,f103_nyg_middle_AMT_GOODS_PRICE_s_app_AMT_ANNUITY_d_app_AMT_INCOME_TOTAL_min,297.5938138961792,21,0.8222528526520267,0.7624679027465929
8,f103_nyg_middle_AMT_GOODS_PRICE_d_app_AMT_ANNUITY_diff_max,152.25250816345215,13,0.8222528526520267,0.7624679027465929
8,f103_nyg_middle_AMT_GOODS_PRICE_d_app_AMT_GOODS_PRICE_diff_mean,64.70657014846802,7,0.8222528526520267,0.7624679027465929
8,f103_nyg_middle_DAYS_DECISION_s_app_DAYS_REGISTRATION_std_div_mean,72.61214065551758,6,0.8222528526520267,0.7624679027465929
8,f103_nyg_middle_AMT_GOODS_PRICE_d_total_debt_diff_std_div_mean,58.799230098724365,6,0.8222528526520267,0.7624679027465929
8,f103_nyg_middle_AMT_CREDIT_s_app_AMT_GOODS_PRICE_mean,96.93178081512451,8,0.8222528526520267,0.7624679027465929
8,f103_nyg_middle_AMT_CREDIT_s_app_AMT_ANNUITY_mean,204.79067850112915,18,0.8222528526520267,0.7624679027465929
8,f103_nyg_middle_AMT_GOODS_PRICE_s_app_AMT_INCOME_TOTAL_min,146.65498065948486,12,0.8222528526520267,0.7624679027465929
8,f103_nyg_middle_AMT_APPLICATION_d_app_AMT_INCOME_TOTAL_diff_max,307.31908321380615,23,0.8222528526520267,0.7624679027465929
8,f103_nyg_middle_AMT_GOODS_PRICE_d_AMT_ANNUITY_diff_std,58.68572950363159,6,0.8222528526520267,0.7624679027465929
8,f103_nyg_middle_AMT_CREDIT_mean,262.55766201019287,22,0.8222528526520267,0.7624679027465929
8,f103_nyg_middle_AMT_GOODS_PRICE_s_app_AMT_GOODS_PRICE_min,94.62338018417358,8,0.8222528526520267,0.7624679027465929
8,f103_nyg_middle_AMT_APPLICATION_d_app_AMT_GOODS_PRICE_diff_max,232.22303104400635,20,0.8222528526520267,0.7624679027465929
8,f103_nyg_middle_AMT_APPLICATION_s_app_AMT_INCOME_TOTAL_min,213.33250856399536,20,0.8222528526520267,0.7624679027465929
8,f103_nyg_middle_AMT_CREDIT_d_AMT_ANNUITY_diff_std,108.0739107131958,11,0.8222528526520267,0.7624679027465929
8,f103_refused_DAYS_DECISION_d_app_DAYS_BIRTH_mean,89.52620911598206,7,0.8222528526520267,0.7624679027465929
8,f103_nyg_middle_AMT_APPLICATION_d_app_AMT_GOODS_PRICE_pctchange_max,88.37871026992798,8,0.8222528526520267,0.7624679027465929
8,f103_nyg_middle_AMT_CREDIT_s_app_AMT_ANNUITY_diff_max,269.3162205219269,23,0.8222528526520267,0.7624679027465929
8,f103_nyg_middle_AMT_CREDIT_s_app_AMT_ANNUITY_d_app_AMT_INCOME_TOTAL_mean,163.51594877243042,14,0.8222528526520267,0.7624679027465929
8,f103_nyg_middle_total_debt_pctchange_max,255.64490175247192,23,0.8222528526520267,0.7624679027465929
8,f103_nyg_middle_AMT_GOODS_PRICE_d_app_AMT_INCOME_TOTAL_min,248.36388993263245,23,0.8222528526520267,0.7624679027465929
8,f103_refused_DAYS_DECISION_d_app_DAYS_BIRTH_min,340.4422769546509,26,0.8222528526520267,0.7624679027465929
8,f103_nyg_middle_total_debt_diff_mean,207.97758960723877,16,0.8222528526520267,0.7624679027465929
8,f103_nyg_middle_HOUR_APPR_PROCESS_START_mean,220.75158858299255,23,0.8222528526520267,0.7624679027465929
8,f103_nyg_middle_total_debt_min,212.57538866996765,19,0.8222528526520267,0.7624679027465929
8,f103_nyg_middle_interest_rate_diff_mean,342.78942346572876,27,0.8222528526520267,0.7624679027465929
8,f103_nyg_middle_total_debt_diff_max,231.9562382698059,15,0.8222528526520267,0.7624679027465929
8,f103_nyg_middle_DAYS_TERMINATION_s_DAYS_LAST_DUE_1ST_VERSION_max,999.8042960166931,70,0.8222528526520267,0.7624679027465929
8,f103_nyg_middle_interest_rate_pctchange_min,292.6955990791321,26,0.8222528526520267,0.7624679027465929
8,f103_nyg_middle_interest_rate_diff_min,310.47176027297974,27,0.8222528526520267,0.7624679027465929
8,f103_refused_AMT_CREDIT_d_total_debt_min,1767.5235674381256,61,0.8222528526520267,0.7624679027465929
8,f103_nyg_middle_DAYS_TERMINATION_d_app_DAYS_BIRTH_max,200.4152204990387,20,0.8222528526520267,0.7624679027465929
8,f103_nyg_middle_total_debt_max,268.80773639678955,20,0.8222528526520267,0.7624679027465929
8,f103_nyg_middle_DAYS_TERMINATION_s_DAYS_LAST_DUE_1ST_VERSION_mean,394.5419170856476,28,0.8222528526520267,0.7624679027465929
8,f103_nyg_middle_total_debt_mean,127.11020040512085,12,0.8222528526520267,0.7624679027465929
8,f103_refused_AMT_ANNUITY_s_app_AMT_GOODS_PRICE_min,140.6190218925476,12,0.8222528526520267,0.7624679027465929
8,f103_nyg_middle_DAYS_TERMINATION_d_app_DAYS_BIRTH_mean,135.61652994155884,13,0.8222528526520267,0.7624679027465929
8,f103_nyg_middle_DAYS_TERMINATION_s_DAYS_LAST_DUE_1ST_VERSION_min,479.21373081207275,33,0.8222528526520267,0.7624679027465929
8,f103_nyg_middle_DAYS_TERMINATION_d_app_DAYS_BIRTH_min,135.2880892753601,13,0.8222528526520267,0.7624679027465929
8,f103_nyg_middle_DAYS_TERMINATION_d_app_DAYS_EMPLOYED_max,87.35729932785034,8,0.8222528526520267,0.7624679027465929
8,f103_nyg_middle_DAYS_TERMINATION_s_app_DAYS_LAST_PHONE_CHANGE_min,354.5975593328476,29,0.8222528526520267,0.7624679027465929
8,f103_refused_AMT_GOODS_PRICE_d_total_debt_mean,610.4655101299286,32,0.8222528526520267,0.7624679027465929
8,f103_nyg_middle_HOUR_APPR_PROCESS_START_min,201.37631952762604,20,0.8222528526520267,0.7624679027465929
8,f103_nyg_middle_DAYS_LAST_DUE_s_app_DAYS_BIRTH_max,74.50897216796875,6,0.8222528526520267,0.7624679027465929
8,f103_nyg_middle_DAYS_LAST_DUE_s_app_DAYS_BIRTH_min,84.54730033874512,6,0.8222528526520267,0.7624679027465929
8,f103_nyg_middle_DAYS_TERMINATION_s_app_DAYS_LAST_PHONE_CHANGE_max,188.18577194213867,15,0.8222528526520267,0.7624679027465929
8,f103_nyg_middle_DAYS_TERMINATION_s_app_DAYS_BIRTH_max,26.307499885559082,3,0.8222528526520267,0.7624679027465929
8,f103_refused_AMT_CREDIT_d_total_debt_mean,971.2568213939667,47,0.8222528526520267,0.7624679027465929
8,f103_nyg_middle_DAYS_TERMINATION_d_app_DAYS_EMPLOYED_min,60.31033968925476,8,0.8222528526520267,0.7624679027465929
8,f103_nyg_middle_DAYS_TERMINATION_d_app_DAYS_EMPLOYED_mean,41.681478440761566,5,0.8222528526520267,0.7624679027465929
8,f103_refused_AMT_GOODS_PRICE_d_total_debt_max,572.5557427406311,25,0.8222528526520267,0.7624679027465929
8,f103_refused_AMT_CREDIT_d_AMT_APPLICATION_diff_max,271.669650554657,18,0.8222528526520267,0.7624679027465929
8,f103_nyg_middle_DAYS_LAST_DUE_s_app_DAYS_LAST_PHONE_CHANGE_min,245.07168936356902,20,0.8222528526520267,0.7624679027465929
8,f103_refused_AMT_CREDIT_d_AMT_ANNUITY_diff_mean,159.77006840705872,18,0.8222528526520267,0.7624679027465929
8,f103_refused_AMT_GOODS_PRICE_d_total_debt_min,907.0733771324158,42,0.8222528526520267,0.7624679027465929
8,f103_nyg_middle_DAYS_LAST_DUE_s_app_DAYS_EMPLOYED_max,32.954750061035156,4,0.8222528526520267,0.7624679027465929
8,f103_refused_DAYS_DECISION_d_app_DAYS_BIRTH_max_div_min,71.13319969177246,4,0.8222528526520267,0.7624679027465929
8,f103_nyg_middle_DAYS_LAST_DUE_s_app_DAYS_BIRTH_mean,31.15839958190918,2,0.8222528526520267,0.7624679027465929
8,f103_nyg_middle_DAYS_LAST_DUE_s_app_DAYS_ID_PUBLISH_max,162.03275966644287,14,0.8222528526520267,0.7624679027465929
8,f103_refused_AMT_ANNUITY_s_app_AMT_GOODS_PRICE_max,141.76725506782532,13,0.8222528526520267,0.7624679027465929
8,f103_refused_AMT_CREDIT_d_AMT_ANNUITY_pctchange_min,184.89054894447327,17,0.8222528526520267,0.7624679027465929
8,f103_nyg_middle_DAYS_LAST_DUE_s_app_DAYS_ID_PUBLISH_mean,18.783470153808594,2,0.8222528526520267,0.7624679027465929
8,f103_refused_AMT_CREDIT_d_AMT_APPLICATION_pctchange_max,134.946959733963,13,0.8222528526520267,0.7624679027465929
8,f103_refused_AMT_CREDIT_d_total_debt_max,718.2892279624939,33,0.8222528526520267,0.7624679027465929
8,f103_nyg_middle_DAYS_TERMINATION_s_app_DAYS_BIRTH_mean,46.158390045166016,5,0.8222528526520267,0.7624679027465929
8,f103_refused_AMT_ANNUITY_s_app_AMT_GOODS_PRICE_mean,73.09584951400757,7,0.8222528526520267,0.7624679027465929
8,f103_nyg_middle_DAYS_LAST_DUE_s_app_DAYS_REGISTRATION_min,145.3847405910492,11,0.8222528526520267,0.7624679027465929
8,f103_nyg_middle_DAYS_LAST_DUE_s_app_DAYS_LAST_PHONE_CHANGE_max,68.38321018218994,6,0.8222528526520267,0.7624679027465929
8,f103_nyg_middle_total_debt_pctchange_std,55.77807855606079,6,0.8222528526520267,0.7624679027465929
8,f103_refused_AMT_ANNUITY_d_app_AMT_ANNUITY_pctchange_max,833.2003300189972,56,0.8222528526520267,0.7624679027465929
8,f103_refused_AMT_CREDIT_d_AMT_ANNUITY_diff_min,268.14071893692017,22,0.8222528526520267,0.7624679027465929
8,f103_refused_AMT_ANNUITY_s_app_AMT_INCOME_TOTAL_max,680.8285093307495,45,0.8222528526520267,0.7624679027465929
8,f103_refused_AMT_GOODS_PRICE_d_AMT_ANNUITY_diff_min,196.46712970733643,17,0.8222528526520267,0.7624679027465929
8,f103_nyg_middle_DAYS_TERMINATION_s_app_DAYS_EMPLOYED_max,83.95580959320068,7,0.8222528526520267,0.7624679027465929
8,f103_refused_AMT_GOODS_PRICE_d_AMT_ANNUITY_diff_mean,100.8161392211914,9,0.8222528526520267,0.7624679027465929
8,f103_nyg_middle_DAYS_TERMINATION_s_app_DAYS_BIRTH_min,68.01156091690063,7,0.8222528526520267,0.7624679027465929
8,f103_nyg_middle_DAYS_TERMINATION_s_app_DAYS_REGISTRATION_mean,77.57351112365723,7,0.8222528526520267,0.7624679027465929
8,f103_nyg_middle_DAYS_LAST_DUE_s_app_DAYS_REGISTRATION_max,63.248499393463135,6,0.8222528526520267,0.7624679027465929
8,f103_nyg_middle_DAYS_LAST_DUE_s_app_DAYS_ID_PUBLISH_min,39.27369976043701,3,0.8222528526520267,0.7624679027465929
8,f103_refused_AMT_ANNUITY_s_app_AMT_CREDIT_d_app_AMT_INCOME_TOTAL_pctchange_mean,446.3659358024597,33,0.8222528526520267,0.7624679027465929
8,f103_nyg_middle_DAYS_TERMINATION_s_app_DAYS_LAST_PHONE_CHANGE_mean,201.9404192790389,17,0.8222528526520267,0.7624679027465929
8,f103_nyg_middle_interest_rate_diff_std,116.73311996459961,10,0.8222528526520267,0.7624679027465929
8,f103_nyg_middle_DAYS_TERMINATION_s_app_DAYS_ID_PUBLISH_max,77.65555995702744,8,0.8222528526520267,0.7624679027465929
8,f103_nyg_middle_DAYS_LAST_DUE_s_app_DAYS_REGISTRATION_mean,28.06968069076538,4,0.8222528526520267,0.7624679027465929
8,f103_nyg_middle_DAYS_LAST_DUE_s_app_DAYS_EMPLOYED_min,115.61004972457886,10,0.8222528526520267,0.7624679027465929
8,f103_refused_AMT_ANNUITY_s_app_AMT_ANNUITY_min,219.45752429962158,15,0.8222528526520267,0.7624679027465929
8,f103_refused_AMT_ANNUITY_m_app_AMT_GOODS_PRICE_d_app_AMT_INCOME_TOTAL_pctchange_mean,517.1592588424683,41,0.8222528526520267,0.7624679027465929
8,f103_nyg_middle_DAYS_TERMINATION_s_app_DAYS_ID_PUBLISH_mean,45.56439971923828,4,0.8222528526520267,0.7624679027465929
8,f103_nyg_middle_DAYS_TERMINATION_s_app_DAYS_REGISTRATION_min,49.26568031311035,5,0.8222528526520267,0.7624679027465929
8,f103_nyg_middle_DAYS_LAST_DUE_s_app_DAYS_LAST_PHONE_CHANGE_mean,55.01969909667969,4,0.8222528526520267,0.7624679027465929
8,f103_nyg_middle_RATE_DOWN_PAYMENT_max,124.21080017089844,10,0.8222528526520267,0.7624679027465929
8,f103_nyg_middle_DAYS_TERMINATION_s_app_DAYS_ID_PUBLISH_min,106.46715998649597,10,0.8222528526520267,0.7624679027465929
8,f103_refused_AMT_ANNUITY_s_app_AMT_INCOME_TOTAL_mean,292.46490037441254,25,0.8222528526520267,0.7624679027465929
8,f103_refused_AMT_ANNUITY_s_app_AMT_ANNUITY_mean,201.13000059127808,13,0.8222528526520267,0.7624679027465929
8,f103_refused_AMT_ANNUITY_s_app_AMT_INCOME_TOTAL_min,430.77955532073975,35,0.8222528526520267,0.7624679027465929
8,f103_refused_AMT_ANNUITY_d_app_AMT_INCOME_TOTAL_min,284.4951115846634,27,0.8222528526520267,0.7624679027465929
8,f103_nyg_middle_RATE_DOWN_PAYMENT_min,199.82587909698486,18,0.8222528526520267,0.7624679027465929
8,f103_refused_AMT_GOODS_PRICE_d_total_debt_diff_max,86.57196950912476,9,0.8222528526520267,0.7624679027465929
8,f103_nyg_middle_cnt_paid_mean,178.85197973251343,16,0.8222528526520267,0.7624679027465929
8,f103_refused_AMT_GOODS_PRICE_d_total_debt_diff_min,134.30000972747803,13,0.8222528526520267,0.7624679027465929
8,f103_refused_AMT_ANNUITY_s_app_AMT_ANNUITY_d_app_AMT_INCOME_TOTAL_max,132.09661102294922,12,0.8222528526520267,0.7624679027465929
8,f103_refused_AMT_CREDIT_d_total_debt_pctchange_mean,113.94825077056885,10,0.8222528526520267,0.7624679027465929
8,f103_nyg_middle_total_debt_std,128.15978956222534,10,0.8222528526520267,0.7624679027465929
8,f103_nyg_middle_DAYS_LAST_DUE_s_app_DAYS_EMPLOYED_mean,42.61826944351196,4,0.8222528526520267,0.7624679027465929
8,f103_refused_AMT_ANNUITY_s_app_AMT_CREDIT_max,61.937620639801025,6,0.8222528526520267,0.7624679027465929
8,f103_nyg_middle_DAYS_TERMINATION_s_app_DAYS_REGISTRATION_max,52.21312999725342,5,0.8222528526520267,0.7624679027465929
8,f103_refused_AMT_GOODS_PRICE_d_AMT_ANNUITY_mean,249.22699737548828,22,0.8222528526520267,0.7624679027465929
8,f103_refused_CODE_REJECT_REASON_HC_mean,219.14828062057495,12,0.8222528526520267,0.7624679027465929
8,f103_refused_AMT_CREDIT_d_total_debt_diff_max,227.93041467666626,19,0.8222528526520267,0.7624679027465929
8,f103_refused_AMT_ANNUITY_d_app_AMT_GOODS_PRICE_max,131.9594602584839,12,0.8222528526520267,0.7624679027465929
8,f103_refused_AMT_ANNUITY_d_app_AMT_ANNUITY_min,223.80659818649292,13,0.8222528526520267,0.7624679027465929
8,f103_nyg_middle_total_debt_diff_std,17.24135971069336,2,0.8222528526520267,0.7624679027465929
8,f103_refused_AMT_ANNUITY_min,315.3217120170593,26,0.8222528526520267,0.7624679027465929
8,f103_refused_AMT_ANNUITY_s_app_AMT_CREDIT_mean,26.7189998626709,2,0.8222528526520267,0.7624679027465929
8,f103_refused_AMT_GOODS_PRICE_d_AMT_ANNUITY_pctchange_std_div_mean,172.70828008651733,14,0.8222528526520267,0.7624679027465929
8,f103_refused_AMT_ANNUITY_max,152.28720116615295,14,0.8222528526520267,0.7624679027465929
8,f103_refused_AMT_ANNUITY_d_app_AMT_CREDIT_max,86.65549087524414,7,0.8222528526520267,0.7624679027465929
8,f103_refused_AMT_ANNUITY_s_app_AMT_ANNUITY_d_app_AMT_INCOME_TOTAL_min,270.5566120147705,19,0.8222528526520267,0.7624679027465929
8,f103_nyg_middle_RATE_DOWN_PAYMENT_mean,54.559070110321045,5,0.8222528526520267,0.7624679027465929
8,f103_refused_AMT_GOODS_PRICE_d_AMT_CREDIT_mean,175.71306037902832,13,0.8222528526520267,0.7624679027465929
8,f103_nyg_middle_HOUR_APPR_PROCESS_START_std_div_mean,94.48523998260498,10,0.8222528526520267,0.7624679027465929
8,f103_nyg_middle_cnt_paid_ratio_min,372.53995990753174,20,0.8222528526520267,0.7624679027465929
8,f103_refused_AMT_ANNUITY_d_app_AMT_GOODS_PRICE_min,123.37161910533905,10,0.8222528526520267,0.7624679027465929
8,f103_nyg_middle_total_debt_pctchange_std_div_mean,136.1737208366394,13,0.8222528526520267,0.7624679027465929
8,f103_refused_AMT_ANNUITY_s_app_AMT_CREDIT_d_app_AMT_INCOME_TOTAL_diff_max,368.4294810295105,30,0.8222528526520267,0.7624679027465929
8,f103_nyg_middle_DAYS_TERMINATION_s_app_DAYS_EMPLOYED_min,137.11984157562256,9,0.8222528526520267,0.7624679027465929
8,f103_nyg_middle_DAYS_TERMINATION_s_app_DAYS_EMPLOYED_mean,47.13439989089966,4,0.8222528526520267,0.7624679027465929
8,f103_refused_AMT_ANNUITY_d_app_AMT_ANNUITY_max,258.24403858184814,19,0.8222528526520267,0.7624679027465929
8,f103_nyg_middle_cnt_unpaid_sum,445.6844062805176,25,0.8222528526520267,0.7624679027465929
8,f103_nyg_middle_cnt_paid_max,83.51962089538574,7,0.8222528526520267,0.7624679027465929
8,f103_refused_AMT_ANNUITY_s_app_AMT_ANNUITY_d_app_AMT_INCOME_TOTAL_mean,138.25200080871582,10,0.8222528526520267,0.7624679027465929
8,f103_refused_AMT_GOODS_PRICE_d_AMT_ANNUITY_min,155.59924983978271,13,0.8222528526520267,0.7624679027465929
8,f103_nyg_middle_amt_unpaid_sum,349.10057735443115,25,0.8222528526520267,0.7624679027465929
8,f103_refused_AMT_ANNUITY_d_app_AMT_GOODS_PRICE_mean,71.74157953262329,6,0.8222528526520267,0.7624679027465929
8,f103_nyg_middle_cnt_paid_min,91.42275953292847,8,0.8222528526520267,0.7624679027465929
8,f103_nyg_middle_cnt_paid_ratio_mean,397.51357650756836,23,0.8222528526520267,0.7624679027465929
8,f103_refused_AMT_ANNUITY_s_app_AMT_CREDIT_min,118.74890804290771,10,0.8222528526520267,0.7624679027465929
8,f103_refused_AMT_ANNUITY_d_app_AMT_CREDIT_min,137.61708116531372,11,0.8222528526520267,0.7624679027465929
8,f103_refused_AMT_CREDIT_d_AMT_ANNUITY_min,113.08466863632202,10,0.8222528526520267,0.7624679027465929
8,f103_refused_AMT_ANNUITY_mean,153.70915973186493,16,0.8222528526520267,0.7624679027465929
8,f103_refused_AMT_GOODS_PRICE_d_total_debt_diff_mean,64.30503964424133,7,0.8222528526520267,0.7624679027465929
8,f103_refused_AMT_GOODS_PRICE_d_total_debt_pctchange_mean,62.72691869735718,7,0.8222528526520267,0.7624679027465929
8,f103_nyg_middle_amt_paid_std,32.552940368652344,3,0.8222528526520267,0.7624679027465929
8,f103_refused_AMT_ANNUITY_d_app_AMT_CREDIT_mean,168.49760913848877,15,0.8222528526520267,0.7624679027465929
8,f103_refused_DAYS_DECISION_d_app_DAYS_EMPLOYED_max,662.5080437660217,35,0.8222528526520267,0.7624679027465929
8,f103_refused_AMT_GOODS_PRICE_d_total_debt_pctchange_min,155.43888902664185,14,0.8222528526520267,0.7624679027465929
8,f103_refused_DAYS_DECISION_d_app_DAYS_BIRTH_max,281.22529125213623,21,0.8222528526520267,0.7624679027465929
8,f103_refused_DAYS_DECISION_s_app_DAYS_LAST_PHONE_CHANGE_min,247.3691530227661,19,0.8222528526520267,0.7624679027465929
8,f103_refused_DAYS_DECISION_s_app_DAYS_LAST_PHONE_CHANGE_max,394.0774416923523,30,0.8222528526520267,0.7624679027465929
8,f103_refused_DAYS_DECISION_s_app_DAYS_BIRTH_min,181.09423875808716,14,0.8222528526520267,0.7624679027465929
8,f103_refused_DAYS_DECISION_s_app_DAYS_REGISTRATION_max,338.6071586608887,28,0.8222528526520267,0.7624679027465929
8,f103_refused_DAYS_DECISION_s_app_DAYS_LAST_PHONE_CHANGE_mean,316.089227437973,24,0.8222528526520267,0.7624679027465929
8,f103_refused_DAYS_DECISION_s_app_DAYS_ID_PUBLISH_max,366.3509673476219,28,0.8222528526520267,0.7624679027465929
8,f103_refused_HOUR_APPR_PROCESS_START_mean,383.5105197429657,35,0.8222528526520267,0.7624679027465929
8,f103_refused_DAYS_DECISION_s_app_DAYS_BIRTH_max,212.60127115249634,13,0.8222528526520267,0.7624679027465929
8,f103_refused_DAYS_DECISION_d_app_DAYS_EMPLOYED_mean,287.9757375717163,20,0.8222528526520267,0.7624679027465929
8,f103_refused_DAYS_DECISION_s_app_DAYS_REGISTRATION_min,172.31255102157593,16,0.8222528526520267,0.7624679027465929
8,f103_refused_DAYS_DECISION_s_app_DAYS_ID_PUBLISH_min,338.313099861145,21,0.8222528526520267,0.7624679027465929
8,f103_refused_DAYS_DECISION_s_app_DAYS_ID_PUBLISH_mean,196.11361718177795,17,0.8222528526520267,0.7624679027465929
8,f103_refused_DAYS_DECISION_d_app_DAYS_EMPLOYED_min,470.98496198654175,28,0.8222528526520267,0.7624679027465929
8,f103_refused_DAYS_DECISION_s_app_DAYS_EMPLOYED_min,378.6792092323303,20,0.8222528526520267,0.7624679027465929
8,f103_refused_DAYS_DECISION_s_app_DAYS_REGISTRATION_mean,153.81795024871826,12,0.8222528526520267,0.7624679027465929
8,f103_refused_DAYS_DECISION_s_app_DAYS_BIRTH_mean,70.08211994171143,4,0.8222528526520267,0.7624679027465929
8,f103_refused_DAYS_DECISION_s_app_DAYS_EMPLOYED_max,329.9985294342041,24,0.8222528526520267,0.7624679027465929
8,f103_refused_DAYS_DECISION_s_app_DAYS_EMPLOYED_mean,173.59462928771973,13,0.8222528526520267,0.7624679027465929
8,f103_refused_HOUR_APPR_PROCESS_START_std_div_mean,84.26974964141846,6,0.8222528526520267,0.7624679027465929
8,f103_refused_HOUR_APPR_PROCESS_START_min,191.6006588935852,16,0.8222528526520267,0.7624679027465929
8,f103_refused_DAYS_DECISION_d_app_DAYS_REGISTRATION_std,192.22505855560303,12,0.8222528526520267,0.7624679027465929
8,f103_refused_DAYS_DECISION_s_app_DAYS_LAST_PHONE_CHANGE_std_div_mean,640.7197685241699,44,0.8222528526520267,0.7624679027465929
8,f103_refused_NAME_YIELD_GROUP_high_mean,302.8091011047363,17,0.8222528526520267,0.7624679027465929
8,f103_refused_DAYS_DECISION_s_app_DAYS_REGISTRATION_std_div_mean,149.3773491382599,11,0.8222528526520267,0.7624679027465929
8,f103_refused_HOUR_APPR_PROCESS_START_std,105.73936796188354,8,0.8222528526520267,0.7624679027465929
8,f103_refused_DAYS_DECISION_d_app_DAYS_EMPLOYED_std,219.8988709449768,11,0.8222528526520267,0.7624679027465929
8,f103_refused_DAYS_DECISION_d_app_DAYS_LAST_PHONE_CHANGE_max_div_min,117.57724905014038,9,0.8222528526520267,0.7624679027465929
8,f103_refused_DAYS_DECISION_d_app_DAYS_LAST_PHONE_CHANGE_std_div_mean,117.79610061645508,7,0.8222528526520267,0.7624679027465929
8,f103_refused_NAME_PAYMENT_TYPE_Cash_through_the_bank_mean,220.31407737731934,14,0.8222528526520267,0.7624679027465929
8,f103_refused_DAYS_DECISION_s_app_DAYS_REGISTRATION_max_div_min,89.44792985916138,8,0.8222528526520267,0.7624679027465929
8,f103_refused_NAME_PRODUCT_TYPE_walk_in_mean,85.57336044311523,7,0.8222528526520267,0.7624679027465929
8,f103_refused_HOUR_APPR_PROCESS_START_max_div_min,22.527199745178223,2,0.8222528526520267,0.7624679027465929
8,f103_refused_NAME_PAYMENT_TYPE_XNA_mean,103.33498001098633,7,0.8222528526520267,0.7624679027465929
8,f103_refused_DAYS_DECISION_d_app_DAYS_EMPLOYED_std_div_mean,102.27622985839844,8,0.8222528526520267,0.7624679027465929
8,f103_refused_NAME_CASH_LOAN_PURPOSE_XNA_mean,31.22430944442749,3,0.8222528526520267,0.7624679027465929
8,f103_refused_DAYS_DECISION_s_app_DAYS_BIRTH_std,70.9423599243164,5,0.8222528526520267,0.7624679027465929
8,f103_refused_NAME_YIELD_GROUP_middle_mean,27.350199699401855,2,0.8222528526520267,0.7624679027465929
8,f103_refused_NAME_PRODUCT_TYPE_x_sell_mean,35.00142955780029,3,0.8222528526520267,0.7624679027465929
8,f103_refused_DAYS_DECISION_d_app_DAYS_ID_PUBLISH_std_div_mean,56.56448936462402,4,0.8222528526520267,0.7624679027465929
8,f103_refused_NAME_YIELD_GROUP_high_sum,73.59049987792969,4,0.8222528526520267,0.7624679027465929
8,f103_refused_NAME_CLIENT_TYPE_Repeater_sum,21.393099784851074,2,0.8222528526520267,0.7624679027465929
8,f103_refused_NAME_SELLER_INDUSTRY_XNA_sum,65.57989978790283,3,0.8222528526520267,0.7624679027465929
8,f103_refused_NAME_CONTRACT_TYPE_Cash_loans_sum,0.0,0,0.8222528526520267,0.7624679027465929
8,f103_refused_DAYS_DECISION_d_app_DAYS_EMPLOYED_max_div_min,51.213890075683594,3,0.8222528526520267,0.7624679027465929
8,f103_refused_NAME_SELLER_INDUSTRY_Connectivity_mean,24.8148193359375,2,0.8222528526520267,0.7624679027465929
8,f103_refused_NAME_YIELD_GROUP_low_normal_mean,0.0,0,0.8222528526520267,0.7624679027465929
8,f103_refused_NAME_PRODUCT_TYPE_walk_in_sum,0.0,0,0.8222528526520267,0.7624679027465929
8,f103_refused_NAME_YIELD_GROUP_XNA_sum,48.74020004272461,4,0.8222528526520267,0.7624679027465929
8,f103_refused_NAME_CASH_LOAN_PURPOSE_Repairs_mean,0.0,0,0.8222528526520267,0.7624679027465929
8,f103_refused_DAYS_DECISION_d_app_DAYS_ID_PUBLISH_max_div_min,10.19219970703125,1,0.8222528526520267,0.7624679027465929
8,f103_refused_NAME_CASH_LOAN_PURPOSE_XAP_sum,36.68970012664795,3,0.8222528526520267,0.7624679027465929
8,f103_refused_NAME_PORTFOLIO_Cash_sum,11.22089958190918,1,0.8222528526520267,0.7624679027465929
8,f103_refused_NAME_GOODS_CATEGORY_XNA_sum,29.28849983215332,3,0.8222528526520267,0.7624679027465929
8,f103_refused_NAME_PRODUCT_TYPE_x_sell_sum,0.0,0,0.8222528526520267,0.7624679027465929
8,f103_refused_NAME_PAYMENT_TYPE_XNA_sum,119.76210021972656,6,0.8222528526520267,0.7624679027465929
8,f103_refused_NAME_YIELD_GROUP_low_normal_sum,30.023710250854492,3,0.8222528526520267,0.7624679027465929
8,f103_refused_DAYS_DECISION_s_app_DAYS_EMPLOYED_std,0.0,0,0.8222528526520267,0.7624679027465929
8,f103_refused_NAME_YIELD_GROUP_low_action_mean,6.75806999206543,1,0.8222528526520267,0.7624679027465929
8,f103_refused_PRODUCT_COMBINATION_Card_Street_mean,10.467599868774414,1,0.8222528526520267,0.7624679027465929
8,f103_refused_NAME_CONTRACT_STATUS_Refused_sum,10.304900169372559,1,0.8222528526520267,0.7624679027465929
8,f103_refused_NAME_PORTFOLIO_Cards_sum,0.0,0,0.8222528526520267,0.7624679027465929
8,f103_refused_NAME_CONTRACT_TYPE_Revolving_loans_sum,0.0,0,0.8222528526520267,0.7624679027465929
8,f103_refused_NAME_SELLER_INDUSTRY_Connectivity_sum,100.01101970672607,9,0.8222528526520267,0.7624679027465929
8,f103_refused_NAME_TYPE_SUITE_Family_mean,0.0,0,0.8222528526520267,0.7624679027465929
8,f103_refused_NAME_CASH_LOAN_PURPOSE_Urgent_needs_mean,0.0,0,0.8222528526520267,0.7624679027465929
8,f103_refused_DAYS_DECISION_d_app_DAYS_BIRTH_std_div_mean,13.925000190734863,1,0.8222528526520267,0.7624679027465929
8,f103_refused_DAYS_DECISION_s_app_DAYS_ID_PUBLISH_std,4.117499828338623,1,0.8222528526520267,0.7624679027465929
8,f103_refused_DAYS_DECISION_s_app_DAYS_LAST_PHONE_CHANGE_std,0.0,0,0.8222528526520267,0.7624679027465929
8,f103_refused_DAYS_DECISION_d_app_DAYS_REGISTRATION_max_div_min,0.0,0,0.8222528526520267,0.7624679027465929
8,f103_refused_RATE_DOWN_PAYMENT_max_div_min,0.0,0,0.8222528526520267,0.7624679027465929
8,f103_refused_NAME_GOODS_CATEGORY_Computers_sum,0.0,0,0.8222528526520267,0.7624679027465929
8,f103_refused_NAME_CASH_LOAN_PURPOSE_Repairs_sum,0.0,0,0.8222528526520267,0.7624679027465929
8,f103_refused_PRODUCT_COMBINATION_POS_mobile_with_interest_sum,0.0,0,0.8222528526520267,0.7624679027465929
8,f103_refused_NAME_SELLER_INDUSTRY_Furniture_mean,0.0,0,0.8222528526520267,0.7624679027465929
8,f103_refused_PRODUCT_COMBINATION_Card_Street_sum,0.0,0,0.8222528526520267,0.7624679027465929
8,f103_refused_PREV_COUNT,0.0,0,0.8222528526520267,0.7624679027465929
8,f103_refused_DAYS_DECISION_d_app_DAYS_REGISTRATION_std_div_mean,0.0,0,0.8222528526520267,0.7624679027465929
8,f103_refused_DAYS_DECISION_s_app_DAYS_REGISTRATION_std,26.8656005859375,1,0.8222528526520267,0.7624679027465929
8,f103_refused_NAME_CASH_LOAN_PURPOSE_Urgent_needs_sum,0.0,0,0.8222528526520267,0.7624679027465929
8,f103_refused_total_debt_min,188.72644996643066,18,0.8222528526520267,0.7624679027465929
8,f103_refused_interest_rate_diff_min,115.60140037536621,10,0.8222528526520267,0.7624679027465929
8,f103_refused_interest_rate_diff_max,239.97250819206238,20,0.8222528526520267,0.7624679027465929
8,f103_refused_interest_rate_diff_std,164.60592937469482,10,0.8222528526520267,0.7624679027465929
8,f103_refused_interest_rate_max,313.6250810623169,21,0.8222528526520267,0.7624679027465929
8,f103_refused_interest_rate_pctchange_min,120.32866072654724,12,0.8222528526520267,0.7624679027465929
8,f103_refused_interest_rate_pctchange_std_div_mean,185.906090259552,15,0.8222528526520267,0.7624679027465929
8,f103_refused_interest_rate_std_div_mean,158.72629070281982,13,0.8222528526520267,0.7624679027465929
8,f103_refused_total_debt_std_div_mean,73.18226146697998,6,0.8222528526520267,0.7624679027465929
8,f103_refused_total_debt_diff_std,26.003220081329346,3,0.8222528526520267,0.7624679027465929
8,f103_refused_total_debt_pctchange_std,122.56049013137817,10,0.8222528526520267,0.7624679027465929
8,f103_refused_total_debt_max_div_min,95.80044221878052,9,0.8222528526520267,0.7624679027465929
8,f103_refused_interest_rate_std,114.65548038482666,8,0.8222528526520267,0.7624679027465929
8,f103_refused_SELLERPLACE_AREA_std_div_mean,18.13759994506836,1,0.8222528526520267,0.7624679027465929
8,f001_EXT_SOURCES_mean,131978.8062108755,692,0.8222528526520267,0.7624679027465929
8,f103_refused_WEEKDAY_APPR_PROCESS_START_TUESDAY_sum,104.97668838500977,8,0.8222528526520267,0.7624679027465929
8,f103_refused_interest_rate_max_div_min,88.77235841751099,5,0.8222528526520267,0.7624679027465929
8,f002_ORGANIZATION_TYPE,38004.24222254753,2212,0.8222528526520267,0.7624679027465929
8,f001_EXT_SOURCES_sum,43927.051573097706,405,0.8222528526520267,0.7624679027465929
8,f001_EXT_SOURCE_3,25812.605701595545,678,0.8222528526520267,0.7624679027465929
8,f001_AMT_CREDIT-d-AMT_ANNUITY,18594.243781223893,912,0.8222528526520267,0.7624679027465929
8,f001_AMT_GOODS_PRICE-d-AMT_CREDIT,11198.122121691704,402,0.8222528526520267,0.7624679027465929
8,f001_AMT_GOODS_PRICE-d-AMT_ANNUITY,9317.353882074356,423,0.8222528526520267,0.7624679027465929
8,f001_EXT_SOURCE_2,16548.704116344452,507,0.8222528526520267,0.7624679027465929
8,f001_DAYS_ID_PUBLISH,4927.829343676567,393,0.8222528526520267,0.7624679027465929
8,f001_DAYS_EMPLOYED,7274.934216827154,276,0.8222528526520267,0.7624679027465929
8,f001_EXT_SOURCES_2-3,5894.00166285038,334,0.8222528526520267,0.7624679027465929
8,f001_AMT_ANNUITY-d-AMT_INCOME_TOTAL,4916.424420118332,388,0.8222528526520267,0.7624679027465929
8,f003_OCCUPATION_TYPE_ta,5846.237640604377,355,0.8222528526520267,0.7624679027465929
8,f001_DAYS_ID_PUBLISH-s-DAYS_BIRTH,5469.3639215528965,358,0.8222528526520267,0.7624679027465929
8,f001_EXT_SOURCES_prod,9711.301065206528,197,0.8222528526520267,0.7624679027465929
8,f001_AMT_GOODS_PRICE-s-AMT_CREDIT,6613.336410224438,337,0.8222528526520267,0.7624679027465929
8,f001_AMT_GOODS_PRICE,5412.988461852074,300,0.8222528526520267,0.7624679027465929
8,f001_REGION_POPULATION_RELATIVE,2922.6625362038612,268,0.8222528526520267,0.7624679027465929
8,f001_EXT_SOURCES_std,2888.185835838318,228,0.8222528526520267,0.7624679027465929
8,f001_EXT_SOURCE_1,5104.29473541677,314,0.8222528526520267,0.7624679027465929
8,f001_DAYS_REGISTRATION-s-DAYS_BIRTH,1885.6318281888962,187,0.8222528526520267,0.7624679027465929
8,f001_AMT_GOODS_PRICE-s-AMT_CREDIT-d-AMT_INCOME_TOTAL,4155.645128577948,260,0.8222528526520267,0.7624679027465929
8,f001_AMT_CREDIT,3853.846508681774,225,0.8222528526520267,0.7624679027465929
8,f001_DAYS_EMPLOYED-d-DAYS_BIRTH,4024.4552982142195,245,0.8222528526520267,0.7624679027465929
8,f001_DAYS_REGISTRATION,2091.6011625528336,192,0.8222528526520267,0.7624679027465929
8,f001_DAYS_LAST_PHONE_CHANGE-s-DAYS_REGISTRATION,1753.9719251990318,172,0.8222528526520267,0.7624679027465929
8,f003_NAME_EDUCATION_TYPE_ta,5776.4831120967865,247,0.8222528526520267,0.7624679027465929
8,f001_DAYS_LAST_PHONE_CHANGE,2885.3384104967117,229,0.8222528526520267,0.7624679027465929
8,f001_DAYS_LAST_PHONE_CHANGE-d-DAYS_BIRTH,1999.8754698038101,178,0.8222528526520267,0.7624679027465929
8,f001_AMT_CREDIT-d-CNT_FAM_MEMBERS,2882.615206003189,231,0.8222528526520267,0.7624679027465929
8,f001_maxwell_feature,3370.7588530778885,166,0.8222528526520267,0.7624679027465929
8,f001_DAYS_EMPLOYED-s-DAYS_BIRTH-d-DAYS_LAST_PHONE_CHANGE-s-DAYS_BIRTH,2530.4733095169067,181,0.8222528526520267,0.7624679027465929
8,f001_DAYS_LAST_PHONE_CHANGE-s-DAYS_BIRTH,2519.9106833338737,194,0.8222528526520267,0.7624679027465929
8,f001_DAYS_LAST_PHONE_CHANGE-s-DAYS_EMPLOYED,2441.7200125455856,178,0.8222528526520267,0.7624679027465929
8,f001_EXT_SOURCES_1-2,2214.307915687561,181,0.8222528526520267,0.7624679027465929
8,f001_DAYS_LAST_PHONE_CHANGE-s-DAYS_ID_PUBLISH,1701.5147641897202,173,0.8222528526520267,0.7624679027465929
8,f001_DAYS_EMPLOYED-s-DAYS_BIRTH-d-DAYS_ID_PUBLISH-s-DAYS_BIRTH,2145.8906909376383,186,0.8222528526520267,0.7624679027465929
8,f001_OWN_CAR_AGE-s-DAYS_EMPLOYED,4095.4576264321804,208,0.8222528526520267,0.7624679027465929
8,f001_AMT_GOODS_PRICE-d-CNT_FAM_MEMBERS,2268.7699459623545,190,0.8222528526520267,0.7624679027465929
8,f003_ORGANIZATION_TYPE_ta,2439.940217733383,154,0.8222528526520267,0.7624679027465929
8,f001_AMT_GOODS_PRICE-d-cnt_adults,2255.280389904976,159,0.8222528526520267,0.7624679027465929
8,f001_age_finish_payment,3172.2316863536835,176,0.8222528526520267,0.7624679027465929
8,f001_OWN_CAR_AGE-d-DAYS_BIRTH,2703.023080587387,176,0.8222528526520267,0.7624679027465929
8,f001_DAYS_ID_PUBLISH-s-DAYS_EMPLOYED,1325.1680113971233,135,0.8222528526520267,0.7624679027465929
8,f001_CODE_GENDER,6036.227420091629,238,0.8222528526520267,0.7624679027465929
8,f001_DAYS_BIRTH,2909.2247648239136,148,0.8222528526520267,0.7624679027465929
8,f001_OWN_CAR_AGE-d-DAYS_EMPLOYED,2956.4593493938446,172,0.8222528526520267,0.7624679027465929
8,f003_NAME_FAMILY_STATUS_ta,2697.509870991111,204,0.8222528526520267,0.7624679027465929
8,f001_age,2172.7493481636047,139,0.8222528526520267,0.7624679027465929
8,f001_EXT_SOURCES_1-2-3,1346.8364322185516,121,0.8222528526520267,0.7624679027465929
8,f001_AMT_CREDIT-d-CNT_CHILDREN,977.0625803470612,91,0.8222528526520267,0.7624679027465929
8,f001_DEF_30_CNT_SOCIAL_CIRCLE-d-OBS_30_CNT_SOCIAL_CIRCLE,2103.1302857398987,143,0.8222528526520267,0.7624679027465929
8,f001_HOUR_APPR_PROCESS_START,689.9932497739792,76,0.8222528526520267,0.7624679027465929
8,f001_building_score_mode_mean,1545.3809628486633,107,0.8222528526520267,0.7624679027465929
8,f001_OWN_CAR_AGE,2354.2873898744583,139,0.8222528526520267,0.7624679027465929
8,f001_DEF_60_CNT_SOCIAL_CIRCLE-d-OBS_60_CNT_SOCIAL_CIRCLE,1987.2962729930878,132,0.8222528526520267,0.7624679027465929
8,f001_TOTALAREA_MODE,1733.4428163170815,118,0.8222528526520267,0.7624679027465929
8,f001_LIVINGAREA_MODE,825.4162659049034,78,0.8222528526520267,0.7624679027465929
8,f001_EXT_SOURCES_2-1-3,1268.1478941440582,98,0.8222528526520267,0.7624679027465929
8,f001_OWN_CAR_AGE-s-DAYS_BIRTH,1534.6845121383667,122,0.8222528526520267,0.7624679027465929
8,f001_APARTMENTS_MODE,860.3858613371849,70,0.8222528526520267,0.7624679027465929
8,f001_FLAG_WORK_PHONE,1778.414871931076,115,0.8222528526520267,0.7624679027465929
8,f003_NAME_INCOME_TYPE_ta,886.8817811012268,74,0.8222528526520267,0.7624679027465929
8,f001_AMT_GOODS_PRICE-d-CNT_CHILDREN,862.959508895874,78,0.8222528526520267,0.7624679027465929
8,f001_LIVINGAREA_MEDI,710.420622587204,62,0.8222528526520267,0.7624679027465929
8,f003_NAME_HOUSING_TYPE_ta,801.0130341947079,81,0.8222528526520267,0.7624679027465929
8,f001_alldocs_kurt,3140.6271421909332,137,0.8222528526520267,0.7624679027465929
8,f001_LIVINGAREA_AVG,905.0496861338615,66,0.8222528526520267,0.7624679027465929
8,f001_APARTMENTS_AVG,937.0288885608315,71,0.8222528526520267,0.7624679027465929
8,f001_building_score_avg_mean,1001.3137807846069,84,0.8222528526520267,0.7624679027465929
8,f001_building_score_mode_sum,705.6715812683105,41,0.8222528526520267,0.7624679027465929
8,f001_APARTMENTS_MEDI,714.2412686347961,62,0.8222528526520267,0.7624679027465929
8,f001_building_score_medi_mean,1129.4878931045532,84,0.8222528526520267,0.7624679027465929
8,f104_active_AMT_CREDIT_d_total_debt_min,823.4699206352234,43,0.8222528526520267,0.7624679027465929
8,f001_REGION_RATING_CLIENT_W_CITY,935.4089918136597,60,0.8222528526520267,0.7624679027465929
8,f001_DEF_30_CNT_SOCIAL_CIRCLE,1244.4989976882935,73,0.8222528526520267,0.7624679027465929
8,f104_active_AMT_CREDIT_d_total_debt_mean,448.1106290817261,28,0.8222528526520267,0.7624679027465929
8,f002_NAME_EDUCATION_TYPE,787.5091505050659,28,0.8222528526520267,0.7624679027465929
8,f001_building_score_avg_sum,708.423055768013,50,0.8222528526520267,0.7624679027465929
8,f001_FLOORSMIN_AVG,227.06944006681442,18,0.8222528526520267,0.7624679027465929
8,f001_FLAG_DOCUMENT_3,1054.7115120887756,34,0.8222528526520267,0.7624679027465929
8,f001_building_score_medi_sum,566.4041912555695,39,0.8222528526520267,0.7624679027465929
8,f001_alldocs_skew,445.8059186935425,22,0.8222528526520267,0.7624679027465929
8,f001_FLOORSMAX_AVG,182.93095064163208,16,0.8222528526520267,0.7624679027465929
8,f104_active_AMT_CREDIT_d_total_debt_max,237.575590133667,13,0.8222528526520267,0.7624679027465929
8,f001_REG_CITY_NOT_LIVE_CITY,516.2040867805481,35,0.8222528526520267,0.7624679027465929
8,f001_FLAG_PHONE,415.7158808708191,36,0.8222528526520267,0.7624679027465929
8,f001_REGION_RATING_CLIENT,371.1049687862396,30,0.8222528526520267,0.7624679027465929
8,f001_FLOORSMIN_MODE,169.58389806747437,17,0.8222528526520267,0.7624679027465929
8,f001_DEF_60_CNT_SOCIAL_CIRCLE,571.7755115032196,39,0.8222528526520267,0.7624679027465929
8,f002_WALLSMATERIAL_MODE,452.27963733673096,31,0.8222528526520267,0.7624679027465929
8,f001_ELEVATORS_AVG,123.92781066894531,13,0.8222528526520267,0.7624679027465929
8,f104_active_AMT_ANNUITY_m_app_AMT_GOODS_PRICE_d_app_AMT_INCOME_TOTAL_min,346.0061821937561,23,0.8222528526520267,0.7624679027465929
8,f001_FLOORSMIN_MEDI,276.9594964981079,21,0.8222528526520267,0.7624679027465929
8,f001_AMT_INCOME_TOTAL_by_ORGANIZATION_TYPE,111.10696029663086,10,0.8222528526520267,0.7624679027465929
8,f104_active_AMT_GOODS_PRICE_d_AMT_CREDIT_diff_min,379.00340032577515,34,0.8222528526520267,0.7624679027465929
8,f001_ELEVATORS_MODE,86.69174098968506,9,0.8222528526520267,0.7624679027465929
8,f104_active_AMT_ANNUITY_s_app_AMT_CREDIT_d_app_AMT_INCOME_TOTAL_mean,155.1003097295761,13,0.8222528526520267,0.7624679027465929
8,f104_active_AMT_GOODS_PRICE_d_AMT_CREDIT_diff_max,205.10217237472534,18,0.8222528526520267,0.7624679027465929
8,f104_active_AMT_ANNUITY_d_app_AMT_GOODS_PRICE_min,501.4857482910156,42,0.8222528526520267,0.7624679027465929
8,f002_NAME_INCOME_TYPE,483.6791338920593,32,0.8222528526520267,0.7624679027465929
8,f001_REG_CITY_NOT_WORK_CITY,179.36710214614868,11,0.8222528526520267,0.7624679027465929
8,f001_FLOORSMAX_MEDI,179.02901935577393,15,0.8222528526520267,0.7624679027465929
8,f104_active_AMT_GOODS_PRICE_d_AMT_ANNUITY_min,227.34259796142578,14,0.8222528526520267,0.7624679027465929
8,f104_active_AMT_CREDIT_d_AMT_ANNUITY_min,184.68861865997314,10,0.8222528526520267,0.7624679027465929
8,f001_ELEVATORS_MEDI,87.25713968276978,10,0.8222528526520267,0.7624679027465929
8,f104_active_AMT_ANNUITY_max,179.7733392715454,15,0.8222528526520267,0.7624679027465929
8,f002_NAME_HOUSING_TYPE,97.26318025588989,9,0.8222528526520267,0.7624679027465929
8,f001_FLOORSMAX_MODE,232.0577790737152,14,0.8222528526520267,0.7624679027465929
8,f002_HOUSETYPE_MODE,118.5634183883667,9,0.8222528526520267,0.7624679027465929
8,f104_active_AMT_GOODS_PRICE_d_AMT_CREDIT_diff_mean,418.3878209590912,37,0.8222528526520267,0.7624679027465929
8,f104_active_AMT_CREDIT_d_AMT_APPLICATION_max,72.1989598274231,7,0.8222528526520267,0.7624679027465929
8,f104_active_AMT_CREDIT_d_AMT_APPLICATION_mean,205.49059009552002,14,0.8222528526520267,0.7624679027465929
8,f001_CNT_CHILDREN-d-CNT_FAM_MEMBERS,25.005290031433105,3,0.8222528526520267,0.7624679027465929
8,f104_active_AMT_ANNUITY_m_app_AMT_GOODS_PRICE_d_app_AMT_INCOME_TOTAL_max,347.5636887550354,25,0.8222528526520267,0.7624679027465929
8,f104_active_AMT_GOODS_PRICE_d_AMT_ANNUITY_max,157.80532932281494,12,0.8222528526520267,0.7624679027465929
8,f104_active_AMT_CREDIT_s_app_AMT_ANNUITY_diff_max,271.78070163726807,21,0.8222528526520267,0.7624679027465929
8,f104_active_AMT_ANNUITY_s_app_AMT_ANNUITY_diff_mean,118.74941968917847,12,0.8222528526520267,0.7624679027465929
8,f104_approved_AMT_GOODS_PRICE_d_total_debt_max,3529.313661456108,200,0.8222528526520267,0.7624679027465929
8,f104_active_AMT_GOODS_PRICE_d_AMT_ANNUITY_mean,106.96937990188599,7,0.8222528526520267,0.7624679027465929
8,f104_active_AMT_CREDIT_d_AMT_ANNUITY_mean,39.04300928115845,4,0.8222528526520267,0.7624679027465929
8,f104_approved_AMT_CREDIT_d_total_debt_mean,2721.4775948524475,155,0.8222528526520267,0.7624679027465929
8,f104_approved_AMT_APPLICATION_d_app_AMT_ANNUITY_mean,470.160906791687,38,0.8222528526520267,0.7624679027465929
8,f104_approved_AMT_ANNUITY_s_app_AMT_GOODS_PRICE_mean,445.56872296333313,35,0.8222528526520267,0.7624679027465929
8,f104_approved_AMT_CREDIT_d_total_debt_min,2078.3320655822754,126,0.8222528526520267,0.7624679027465929
8,f104_approved_AMT_ANNUITY_s_app_AMT_GOODS_PRICE_max,232.18662071228027,26,0.8222528526520267,0.7624679027465929
8,f104_approved_AMT_ANNUITY_s_app_AMT_GOODS_PRICE_min,208.09722995758057,20,0.8222528526520267,0.7624679027465929
8,f104_approved_AMT_CREDIT_d_total_debt_pctchange_min,887.9962718486786,64,0.8222528526520267,0.7624679027465929
8,f104_approved_AMT_CREDIT_d_total_debt_diff_mean,976.7270631790161,77,0.8222528526520267,0.7624679027465929
8,f104_approved_AMT_ANNUITY_s_app_AMT_ANNUITY_min,355.73124980926514,32,0.8222528526520267,0.7624679027465929
8,f104_approved_AMT_GOODS_PRICE_d_app_AMT_ANNUITY_mean,331.35908794403076,23,0.8222528526520267,0.7624679027465929
8,f104_approved_AMT_ANNUITY_s_app_AMT_ANNUITY_d_app_AMT_INCOME_TOTAL_min,714.8449043035507,59,0.8222528526520267,0.7624679027465929
8,f104_approved_AMT_ANNUITY_mean,551.0978989601135,51,0.8222528526520267,0.7624679027465929
8,f104_approved_AMT_CREDIT_d_total_debt_max,1605.2026331424713,125,0.8222528526520267,0.7624679027465929
8,f104_approved_AMT_ANNUITY_min,541.3835564851761,55,0.8222528526520267,0.7624679027465929
8,f104_approved_AMT_CREDIT_s_app_AMT_CREDIT_d_app_AMT_INCOME_TOTAL_pctchange_mean,504.38270115852356,46,0.8222528526520267,0.7624679027465929
8,f104_approved_AMT_CREDIT_d_AMT_APPLICATION_max,723.0877201557159,64,0.8222528526520267,0.7624679027465929
8,f104_approved_AMT_ANNUITY_s_app_AMT_ANNUITY_mean,325.9582624435425,27,0.8222528526520267,0.7624679027465929
8,f104_approved_AMT_ANNUITY_d_app_AMT_INCOME_TOTAL_min,758.0879773199558,69,0.8222528526520267,0.7624679027465929
8,f104_approved_AMT_ANNUITY_max,506.0661721229553,47,0.8222528526520267,0.7624679027465929
8,f104_approved_AMT_ANNUITY_d_app_AMT_INCOME_TOTAL_mean,776.6436250209808,68,0.8222528526520267,0.7624679027465929
8,f104_approved_AMT_GOODS_PRICE_d_AMT_CREDIT_min,663.2856985926628,55,0.8222528526520267,0.7624679027465929
8,f104_approved_AMT_CREDIT_s_app_AMT_CREDIT_pctchange_min,628.5013899803162,53,0.8222528526520267,0.7624679027465929
8,f104_approved_AMT_APPLICATION_d_app_AMT_CREDIT_mean,321.79779982566833,27,0.8222528526520267,0.7624679027465929
8,f104_approved_AMT_ANNUITY_d_app_AMT_GOODS_PRICE_min,322.88613200187683,29,0.8222528526520267,0.7624679027465929
8,f104_approved_AMT_CREDIT_d_total_debt_diff_min,726.7092964053154,56,0.8222528526520267,0.7624679027465929
8,f104_approved_AMT_CREDIT_d_AMT_APPLICATION_mean,713.6325204372406,60,0.8222528526520267,0.7624679027465929
8,f104_approved_AMT_ANNUITY_d_app_AMT_CREDIT_max,610.1629390716553,40,0.8222528526520267,0.7624679027465929
8,f104_approved_AMT_ANNUITY_s_app_AMT_ANNUITY_d_app_AMT_INCOME_TOTAL_mean,559.0330104827881,45,0.8222528526520267,0.7624679027465929
8,f104_approved_AMT_ANNUITY_d_app_AMT_INCOME_TOTAL_max,967.2005314826965,74,0.8222528526520267,0.7624679027465929
8,f104_approved_AMT_ANNUITY_d_app_AMT_ANNUITY_min,552.7756867408752,45,0.8222528526520267,0.7624679027465929
8,f104_approved_AMT_ANNUITY_d_app_AMT_CREDIT_mean,504.79623889923096,36,0.8222528526520267,0.7624679027465929
8,f104_approved_AMT_ANNUITY_s_app_AMT_ANNUITY_max,435.3759080171585,35,0.8222528526520267,0.7624679027465929
8,f104_approved_AMT_ANNUITY_d_app_AMT_GOODS_PRICE_mean,393.49125123023987,34,0.8222528526520267,0.7624679027465929
8,f104_approved_AMT_CREDIT_s_app_AMT_CREDIT_d_app_AMT_INCOME_TOTAL_pctchange_min,529.7484586834908,48,0.8222528526520267,0.7624679027465929
8,f104_approved_AMT_GOODS_PRICE_d_app_AMT_CREDIT_mean,324.6320786476135,28,0.8222528526520267,0.7624679027465929
8,f104_approved_AMT_ANNUITY_d_app_AMT_CREDIT_min,490.2308052778244,43,0.8222528526520267,0.7624679027465929
8,f104_approved_AMT_ANNUITY_d_app_AMT_GOODS_PRICE_max,333.74687242507935,28,0.8222528526520267,0.7624679027465929
8,f104_approved_AMT_ANNUITY_d_app_AMT_ANNUITY_mean,292.8967995643616,21,0.8222528526520267,0.7624679027465929
8,f104_approved_AMT_CREDIT_s_app_AMT_CREDIT_pctchange_mean,438.0455894470215,40,0.8222528526520267,0.7624679027465929
8,f104_approved_AMT_ANNUITY_d_app_AMT_ANNUITY_max,406.2440655827522,35,0.8222528526520267,0.7624679027465929
8,f104_approved_AMT_ANNUITY_s_app_AMT_ANNUITY_d_app_AMT_INCOME_TOTAL_max,600.518482208252,49,0.8222528526520267,0.7624679027465929
8,f104_approved_AMT_GOODS_PRICE_d_AMT_CREDIT_mean,710.4940690994263,55,0.8222528526520267,0.7624679027465929
8,f104_approved_AMT_APPLICATION_s_app_AMT_INCOME_TOTAL_std_div_mean,388.6349096298218,35,0.8222528526520267,0.7624679027465929
8,f104_approved_AMT_APPLICATION_d_app_AMT_CREDIT_max,294.61756801605225,24,0.8222528526520267,0.7624679027465929
8,f104_approved_AMT_CREDIT_d_AMT_APPLICATION_min,713.6492009162903,64,0.8222528526520267,0.7624679027465929
8,f104_approved_AMT_GOODS_PRICE_d_app_AMT_CREDIT_max,218.851300239563,16,0.8222528526520267,0.7624679027465929
8,f104_active_interest_rate_max,306.09329891204834,15,0.8222528526520267,0.7624679027465929
8,f104_approved_AMT_GOODS_PRICE_d_AMT_CREDIT_max,372.2719626426697,35,0.8222528526520267,0.7624679027465929
8,f104_active_AMT_GOODS_PRICE_d_total_debt_mean,309.3147292137146,17,0.8222528526520267,0.7624679027465929
8,f104_active_AMT_GOODS_PRICE_d_total_debt_min,304.75954151153564,20,0.8222528526520267,0.7624679027465929
8,f104_approved_AMT_GOODS_PRICE_d_AMT_CREDIT_std_div_mean,314.53173780441284,27,0.8222528526520267,0.7624679027465929
8,f104_approved_AMT_CREDIT_d_AMT_APPLICATION_std,147.06302976608276,15,0.8222528526520267,0.7624679027465929
8,f104_approved_AMT_GOODS_PRICE_d_total_debt_std_div_mean,150.4978404045105,14,0.8222528526520267,0.7624679027465929
8,f104_active_interest_rate_mean,302.1791582107544,16,0.8222528526520267,0.7624679027465929
8,f104_approved_AMT_CREDIT_d_total_debt_std_div_mean,130.73711824417114,13,0.8222528526520267,0.7624679027465929
8,f104_approved_AMT_CREDIT_d_total_debt_std,99.80789947509766,9,0.8222528526520267,0.7624679027465929
8,f104_active_amt_unpaid_sum,343.0324709415436,30,0.8222528526520267,0.7624679027465929
8,f104_approved_AMT_GOODS_PRICE_d_total_debt_pctchange_std,71.73658990859985,8,0.8222528526520267,0.7624679027465929
8,f104_active_interest_rate_diff_max,184.95437002182007,16,0.8222528526520267,0.7624679027465929
8,f104_approved_AMT_CREDIT_s_app_AMT_CREDIT_d_app_AMT_INCOME_TOTAL_pctchange_std,274.5454298481345,26,0.8222528526520267,0.7624679027465929
8,f104_active_interest_rate_min,149.12298822402954,9,0.8222528526520267,0.7624679027465929
8,f104_active_HOUR_APPR_PROCESS_START_mean,18.80430030822754,1,0.8222528526520267,0.7624679027465929
8,f104_approved_AMT_APPLICATION_s_app_AMT_CREDIT_d_app_AMT_INCOME_TOTAL_pctchange_std_div_mean,190.18697881698608,20,0.8222528526520267,0.7624679027465929
8,f104_approved_AMT_GOODS_PRICE_d_total_debt_diff_max_div_min,140.4228699207306,13,0.8222528526520267,0.7624679027465929
8,f104_active_interest_rate_diff_mean,241.8989429473877,20,0.8222528526520267,0.7624679027465929
8,f104_active_DAYS_LAST_DUE_1ST_VERSION_s_app_DAYS_LAST_PHONE_CHANGE_mean,124.1821494102478,11,0.8222528526520267,0.7624679027465929
8,f104_approved_AMT_GOODS_PRICE_d_total_debt_pctchange_max_div_min,137.26292991638184,12,0.8222528526520267,0.7624679027465929
8,f104_approved_AMT_ANNUITY_d_app_AMT_INCOME_TOTAL_diff_std,116.33901119232178,12,0.8222528526520267,0.7624679027465929
8,f104_active_DAYS_LAST_DUE_d_app_DAYS_EMPLOYED_max,141.6477494239807,12,0.8222528526520267,0.7624679027465929
8,f104_active_AMT_GOODS_PRICE_d_total_debt_max,252.73755931854248,17,0.8222528526520267,0.7624679027465929
8,f104_approved_AMT_CREDIT_d_total_debt_pctchange_std,239.3751277923584,18,0.8222528526520267,0.7624679027465929
8,f104_active_AMT_GOODS_PRICE_s_app_AMT_CREDIT_min,188.89611053466797,16,0.8222528526520267,0.7624679027465929
8,f104_approved_AMT_ANNUITY_d_app_AMT_GOODS_PRICE_diff_std,79.47706985473633,7,0.8222528526520267,0.7624679027465929
8,f104_approved_AMT_CREDIT_s_app_AMT_CREDIT_pctchange_std,45.240989685058594,4,0.8222528526520267,0.7624679027465929
8,f104_active_DAYS_TERMINATION_s_DAYS_LAST_DUE_1ST_VERSION_mean,161.43941020965576,11,0.8222528526520267,0.7624679027465929
8,f104_approved_AMT_ANNUITY_s_app_AMT_CREDIT_d_app_AMT_INCOME_TOTAL_pctchange_std,162.52275943756104,14,0.8222528526520267,0.7624679027465929
8,f104_approved_AMT_DOWN_PAYMENT_d_AMT_GOODS_PRICE_diff_std,25.07677498459816,4,0.8222528526520267,0.7624679027465929
8,f104_active_DAYS_LAST_DUE_d_app_DAYS_EMPLOYED_mean,85.73569011688232,7,0.8222528526520267,0.7624679027465929
8,f104_active_total_debt_diff_mean,150.5867600440979,13,0.8222528526520267,0.7624679027465929
8,f104_active_DAYS_DECISION_d_app_DAYS_BIRTH_min,391.40630626678467,31,0.8222528526520267,0.7624679027465929
8,f104_active_AMT_GOODS_PRICE_s_app_AMT_ANNUITY_d_app_AMT_INCOME_TOTAL_max,359.75646114349365,28,0.8222528526520267,0.7624679027465929
8,f104_active_interest_rate_pctchange_max,180.03612065315247,16,0.8222528526520267,0.7624679027465929
8,f104_active_DAYS_LAST_DUE_1ST_VERSION_d_app_DAYS_EMPLOYED_min,85.0955017209053,7,0.8222528526520267,0.7624679027465929
8,f104_active_DAYS_LAST_DUE_1ST_VERSION_d_app_DAYS_EMPLOYED_mean,43.35995006561279,4,0.8222528526520267,0.7624679027465929
8,f104_active_DAYS_LAST_DUE_1ST_VERSION_s_app_DAYS_REGISTRATION_mean,135.53820180892944,13,0.8222528526520267,0.7624679027465929
8,f104_approved_AMT_CREDIT_d_total_debt_diff_std,75.25196981430054,6,0.8222528526520267,0.7624679027465929
8,f104_active_DAYS_LAST_DUE_s_app_DAYS_LAST_PHONE_CHANGE_min,500.3640787601471,34,0.8222528526520267,0.7624679027465929
8,f104_active_DAYS_LAST_DUE_d_app_DAYS_EMPLOYED_min,141.75790917873383,14,0.8222528526520267,0.7624679027465929
8,f104_active_DAYS_DECISION_s_app_DAYS_LAST_PHONE_CHANGE_mean,226.0278091430664,19,0.8222528526520267,0.7624679027465929
8,f104_approved_AMT_ANNUITY_d_app_AMT_ANNUITY_diff_std,131.50211906433105,13,0.8222528526520267,0.7624679027465929
8,f104_active_DAYS_LAST_DUE_1ST_VERSION_d_app_DAYS_BIRTH_min,179.49680995941162,11,0.8222528526520267,0.7624679027465929
8,f104_active_total_debt_diff_max,83.515549659729,8,0.8222528526520267,0.7624679027465929
8,f104_active_DAYS_LAST_DUE_1ST_VERSION_d_app_DAYS_EMPLOYED_max,32.8844108581543,4,0.8222528526520267,0.7624679027465929
8,f104_active_HOUR_APPR_PROCESS_START_max,38.00740957260132,4,0.8222528526520267,0.7624679027465929
8,f104_approved_AMT_ANNUITY_m_app_AMT_GOODS_PRICE_d_app_AMT_INCOME_TOTAL_diff_std,46.530219078063965,4,0.8222528526520267,0.7624679027465929
8,f104_active_interest_rate_diff_min,263.3887519836426,20,0.8222528526520267,0.7624679027465929
8,f104_active_cnt_paid_ratio_max,167.6447401046753,15,0.8222528526520267,0.7624679027465929
8,f104_active_DAYS_TERMINATION_s_DAYS_LAST_DUE_1ST_VERSION_min,262.33844327926636,18,0.8222528526520267,0.7624679027465929
8,f104_active_AMT_GOODS_PRICE_s_app_AMT_INCOME_TOTAL_min,226.95755100250244,18,0.8222528526520267,0.7624679027465929
8,f104_active_DAYS_LAST_DUE_1ST_VERSION_s_app_DAYS_EMPLOYED_mean,269.76316022872925,17,0.8222528526520267,0.7624679027465929
8,f104_active_DAYS_LAST_DUE_1ST_VERSION_s_app_DAYS_BIRTH_max,455.96465015411377,36,0.8222528526520267,0.7624679027465929
8,f104_active_DAYS_DECISION_d_app_DAYS_EMPLOYED_mean,130.31333017349243,11,0.8222528526520267,0.7624679027465929
8,f104_active_DAYS_TERMINATION_s_app_DAYS_LAST_PHONE_CHANGE_min,169.86175060272217,14,0.8222528526520267,0.7624679027465929
8,f104_active_HOUR_APPR_PROCESS_START_min,67.82497024536133,6,0.8222528526520267,0.7624679027465929
8,f104_active_DAYS_LAST_DUE_1ST_VERSION_s_app_DAYS_REGISTRATION_max,52.03459930419922,5,0.8222528526520267,0.7624679027465929
8,f104_active_cnt_paid_sum,97.40594100952148,9,0.8222528526520267,0.7624679027465929
9,f104_active_DAYS_TERMINATION_s_DAYS_LAST_DUE_1ST_VERSION_max,152.56417083740234,13,0.606394862593012,0.5695201446289434
9,f104_active_AMT_GOODS_PRICE_d_app_AMT_INCOME_TOTAL_max,125.6285605430603,11,0.606394862593012,0.5695201446289434
9,f104_active_AMT_GOODS_PRICE_d_app_AMT_GOODS_PRICE_min,89.70168876647949,7,0.606394862593012,0.5695201446289434
9,f104_active_AMT_GOODS_PRICE_s_app_AMT_GOODS_PRICE_max,77.87507963180542,7,0.606394862593012,0.5695201446289434
9,f104_active_DAYS_LAST_DUE_1ST_VERSION_s_app_DAYS_EMPLOYED_max,113.70092058181763,9,0.606394862593012,0.5695201446289434
9,f104_active_DAYS_TERMINATION_s_DAYS_DECISIONS_min,171.50829887390137,11,0.606394862593012,0.5695201446289434
9,f104_active_DAYS_FIRST_DUE_d_app_DAYS_BIRTH_min,74.35859870910645,5,0.606394862593012,0.5695201446289434
9,f104_active_DAYS_LAST_DUE_1ST_VERSION_d_app_DAYS_BIRTH_mean,93.14872932434082,6,0.606394862593012,0.5695201446289434
9,f104_active_DAYS_DECISION_s_app_DAYS_BIRTH_mean,40.997801780700684,3,0.606394862593012,0.5695201446289434
9,f104_active_DAYS_DECISION_d_app_DAYS_EMPLOYED_max,126.62070941925049,9,0.606394862593012,0.5695201446289434
9,f104_active_AMT_GOODS_PRICE_s_app_AMT_CREDIT_d_app_AMT_INCOME_TOTAL_min,126.54603958129883,11,0.606394862593012,0.5695201446289434
9,f104_active_DAYS_FIRST_DUE_d_app_DAYS_BIRTH_max,49.137189865112305,4,0.606394862593012,0.5695201446289434
9,f104_active_DAYS_TERMINATION_d_app_DAYS_EMPLOYED_max,205.31756734848022,14,0.606394862593012,0.5695201446289434
9,f104_approved_NAME_YIELD_GROUP_high_mean,15.781999588012695,1,0.606394862593012,0.5695201446289434
9,f104_approved_AMT_GOODS_PRICE_d_total_debt_mean,1895.0050461292267,94,0.606394862593012,0.5695201446289434
9,f104_completed_AMT_GOODS_PRICE_d_total_debt_mean,619.8933658599854,30,0.606394862593012,0.5695201446289434
9,f104_approved_NAME_CLIENT_TYPE_New_mean,1296.182198524475,44,0.606394862593012,0.5695201446289434
9,f104_approved_DAYS_TERMINATION_s_DAYS_LAST_DUE_1ST_VERSION_max,703.5179491043091,54,0.606394862593012,0.5695201446289434
9,f104_approved_HOUR_APPR_PROCESS_START_mean,595.8371272087097,40,0.606394862593012,0.5695201446289434
9,f104_completed_AMT_ANNUITY_s_app_AMT_GOODS_PRICE_max,654.2158389091492,32,0.606394862593012,0.5695201446289434
9,f104_completed_AMT_GOODS_PRICE_d_total_debt_max,742.8042850494385,36,0.606394862593012,0.5695201446289434
9,f104_approved_AMT_GOODS_PRICE_d_total_debt_min,1880.9927124977112,94,0.606394862593012,0.5695201446289434
9,f104_completed_DAYS_DECISION_d_app_DAYS_EMPLOYED_mean,822.7782955169678,10,0.606394862593012,0.5695201446289434
9,f104_completed_AMT_ANNUITY_s_app_AMT_GOODS_PRICE_min,739.8791184425354,40,0.606394862593012,0.5695201446289434
9,f104_approved_DAYS_TERMINATION_s_DAYS_LAST_DUE_1ST_VERSION_min,790.792809009552,46,0.606394862593012,0.5695201446289434
9,f104_completed_AMT_ANNUITY_s_app_AMT_ANNUITY_d_app_AMT_INCOME_TOTAL_max,334.7079577445984,20,0.606394862593012,0.5695201446289434
9,f104_completed_DAYS_DECISION_d_app_DAYS_EMPLOYED_max,1376.5911574363708,24,0.606394862593012,0.5695201446289434
9,f104_completed_DAYS_FIRST_DUE_d_app_DAYS_EMPLOYED_mean,577.9889993667603,7,0.606394862593012,0.5695201446289434
9,f104_completed_AMT_ANNUITY_s_app_AMT_GOODS_PRICE_mean,647.0835995674133,37,0.606394862593012,0.5695201446289434
9,f104_approved_DAYS_DECISION_d_app_DAYS_EMPLOYED_min,1397.459119796753,32,0.606394862593012,0.5695201446289434
9,f104_approved_DAYS_TERMINATION_s_DAYS_LAST_DUE_1ST_VERSION_mean,511.24952459335327,31,0.606394862593012,0.5695201446289434
9,f104_completed_AMT_CREDIT_d_total_debt_mean,126.81116199493408,10,0.606394862593012,0.5695201446289434
9,f104_completed_AMT_CREDIT_d_total_debt_min,156.14084148406982,12,0.606394862593012,0.5695201446289434
9,f104_approved_HOUR_APPR_PROCESS_START_min,433.0338797569275,27,0.606394862593012,0.5695201446289434
9,f104_approved_DAYS_DECISION_d_app_DAYS_EMPLOYED_max,1292.7870960235596,25,0.606394862593012,0.5695201446289434
9,f104_completed_AMT_ANNUITY_s_app_AMT_ANNUITY_d_app_AMT_INCOME_TOTAL_min,455.06839752197266,24,0.606394862593012,0.5695201446289434
9,f104_completed_AMT_CREDIT_d_total_debt_max,356.7249903678894,24,0.606394862593012,0.5695201446289434
9,f104_completed_AMT_GOODS_PRICE_d_total_debt_min,215.07029151916504,15,0.606394862593012,0.5695201446289434
9,f104_completed_DAYS_DECISION_d_app_DAYS_EMPLOYED_min,990.232702255249,14,0.606394862593012,0.5695201446289434
9,f104_completed_AMT_ANNUITY_s_app_AMT_ANNUITY_d_app_AMT_INCOME_TOTAL_mean,435.732585310936,27,0.606394862593012,0.5695201446289434
9,f104_completed_AMT_ANNUITY_s_app_AMT_ANNUITY_min,177.6457018852234,13,0.606394862593012,0.5695201446289434
9,f104_completed_AMT_ANNUITY_s_app_AMT_CREDIT_min,285.7729506492615,18,0.606394862593012,0.5695201446289434
9,f104_completed_AMT_GOODS_PRICE_d_AMT_ANNUITY_max,275.89825773239136,23,0.606394862593012,0.5695201446289434
9,f104_completed_DAYS_FIRST_DUE_d_app_DAYS_EMPLOYED_max,392.6703324317932,10,0.606394862593012,0.5695201446289434
9,f104_approved_HOUR_APPR_PROCESS_START_max,294.21069288253784,19,0.606394862593012,0.5695201446289434
9,f104_completed_AMT_GOODS_PRICE_s_app_AMT_ANNUITY_diff_mean,283.2768497467041,21,0.606394862593012,0.5695201446289434
9,f104_completed_AMT_ANNUITY_s_app_AMT_CREDIT_max,541.0600123405457,34,0.606394862593012,0.5695201446289434
9,f104_completed_DAYS_FIRST_DUE_d_app_DAYS_EMPLOYED_min,1134.8468227386475,17,0.606394862593012,0.5695201446289434
9,f104_completed_AMT_ANNUITY_max,444.7060217857361,33,0.606394862593012,0.5695201446289434
9,f104_approved_DAYS_TERMINATION_s_app_DAYS_LAST_PHONE_CHANGE_max,212.29486060142517,17,0.606394862593012,0.5695201446289434
9,f104_completed_DAYS_DECISION_s_app_DAYS_LAST_PHONE_CHANGE_max,398.2610502243042,20,0.606394862593012,0.5695201446289434
9,f104_completed_AMT_ANNUITY_s_app_AMT_CREDIT_mean,444.0136318206787,22,0.606394862593012,0.5695201446289434
9,f104_completed_AMT_CREDIT_d_AMT_APPLICATION_min,343.58873176574707,18,0.606394862593012,0.5695201446289434
9,f104_approved_DAYS_LAST_DUE_1ST_VERSION_s_app_DAYS_LAST_PHONE_CHANGE_max,241.13012981414795,19,0.606394862593012,0.5695201446289434
9,f104_completed_AMT_ANNUITY_min,181.22054958343506,15,0.606394862593012,0.5695201446289434
9,f104_approved_DAYS_LAST_DUE_1ST_VERSION_s_app_DAYS_LAST_PHONE_CHANGE_min,72.10444021224976,7,0.606394862593012,0.5695201446289434
9,f104_completed_AMT_ANNUITY_s_app_AMT_ANNUITY_max,395.9294505119324,22,0.606394862593012,0.5695201446289434
9,f104_completed_AMT_ANNUITY_mean,444.84327030181885,30,0.606394862593012,0.5695201446289434
9,f104_approved_DAYS_LAST_DUE_d_app_DAYS_EMPLOYED_min,88.58522033691406,7,0.606394862593012,0.5695201446289434
9,f104_approved_DAYS_TERMINATION_d_app_DAYS_EMPLOYED_min,277.01513147354126,20,0.606394862593012,0.5695201446289434
9,f104_completed_DAYS_FIRST_DUE_s_app_DAYS_BIRTH_max,696.1176652908325,20,0.606394862593012,0.5695201446289434
9,f104_approved_DAYS_LAST_DUE_1ST_VERSION_s_app_DAYS_REGISTRATION_max,209.58452987670898,16,0.606394862593012,0.5695201446289434
9,f104_completed_AMT_ANNUITY_d_app_AMT_ANNUITY_mean,335.46514081954956,21,0.606394862593012,0.5695201446289434
9,f104_completed_AMT_ANNUITY_d_app_AMT_CREDIT_max,356.42418909072876,24,0.606394862593012,0.5695201446289434
9,f104_completed_AMT_ANNUITY_s_app_AMT_ANNUITY_mean,261.2432475090027,14,0.606394862593012,0.5695201446289434
9,f104_approved_DAYS_DECISION_d_app_DAYS_EMPLOYED_mean,524.5319843292236,18,0.606394862593012,0.5695201446289434
9,f104_completed_AMT_ANNUITY_d_app_AMT_GOODS_PRICE_min,169.34796905517578,13,0.606394862593012,0.5695201446289434
9,f104_approved_DAYS_LAST_DUE_1ST_VERSION_s_app_DAYS_LAST_PHONE_CHANGE_mean,111.60526132583618,10,0.606394862593012,0.5695201446289434
9,f104_approved_DAYS_FIRST_DUE_s_app_DAYS_LAST_PHONE_CHANGE_min,149.0802993774414,7,0.606394862593012,0.5695201446289434
9,f104_approved_NAME_CLIENT_TYPE_New_sum,293.9970979690552,11,0.606394862593012,0.5695201446289434
9,f104_completed_AMT_GOODS_PRICE_d_AMT_CREDIT_min,157.02522802352905,9,0.606394862593012,0.5695201446289434
9,f104_completed_DAYS_FIRST_DUE_s_app_DAYS_LAST_PHONE_CHANGE_max,246.2606062889099,12,0.606394862593012,0.5695201446289434
9,f104_completed_AMT_CREDIT_d_AMT_APPLICATION_mean,349.5197710990906,21,0.606394862593012,0.5695201446289434
9,f104_completed_AMT_ANNUITY_d_app_AMT_INCOME_TOTAL_mean,284.99905014038086,22,0.606394862593012,0.5695201446289434
9,f104_completed_AMT_ANNUITY_d_app_AMT_CREDIT_mean,248.55598258972168,16,0.606394862593012,0.5695201446289434
9,f104_approved_DAYS_LAST_DUE_1ST_VERSION_s_app_DAYS_ID_PUBLISH_max,286.24925088882446,23,0.606394862593012,0.5695201446289434
9,f104_approved_DAYS_FIRST_DUE_s_app_DAYS_LAST_PHONE_CHANGE_mean,133.4408679008484,11,0.606394862593012,0.5695201446289434
9,f104_approved_DAYS_TERMINATION_s_app_DAYS_LAST_PHONE_CHANGE_mean,146.2551794052124,10,0.606394862593012,0.5695201446289434
9,f104_approved_DAYS_TERMINATION_s_app_DAYS_LAST_PHONE_CHANGE_min,185.42387008666992,13,0.606394862593012,0.5695201446289434
9,f104_approved_DAYS_LAST_DUE_1ST_VERSION_s_app_DAYS_ID_PUBLISH_min,45.09396934509277,4,0.606394862593012,0.5695201446289434
9,f104_approved_DAYS_FIRST_DUE_s_app_DAYS_LAST_PHONE_CHANGE_max,266.09833335876465,14,0.606394862593012,0.5695201446289434
9,f104_approved_DAYS_LAST_DUE_s_app_DAYS_LAST_PHONE_CHANGE_max,221.65390968322754,16,0.606394862593012,0.5695201446289434
9,f104_approved_DAYS_DECISION_s_app_DAYS_LAST_PHONE_CHANGE_max,318.68998670578003,19,0.606394862593012,0.5695201446289434
9,f104_completed_AMT_APPLICATION_min,279.9722399711609,20,0.606394862593012,0.5695201446289434
9,f104_approved_DAYS_TERMINATION_s_app_DAYS_REGISTRATION_min,124.38205099105835,12,0.606394862593012,0.5695201446289434
9,f104_approved_NAME_CLIENT_TYPE_Repeater_mean,124.98215007781982,8,0.606394862593012,0.5695201446289434
9,f104_approved_DAYS_TERMINATION_s_app_DAYS_REGISTRATION_max,126.6416597366333,12,0.606394862593012,0.5695201446289434
9,f104_approved_DAYS_LAST_DUE_1ST_VERSION_s_app_DAYS_EMPLOYED_mean,51.896390438079834,4,0.606394862593012,0.5695201446289434
9,f104_approved_DAYS_LAST_DUE_d_app_DAYS_BIRTH_max,138.21297931671143,11,0.606394862593012,0.5695201446289434
9,f104_completed_AMT_GOODS_PRICE_d_AMT_CREDIT_mean,423.01339054107666,24,0.606394862593012,0.5695201446289434
9,f104_completed_AMT_ANNUITY_d_app_AMT_INCOME_TOTAL_max,273.21051263809204,22,0.606394862593012,0.5695201446289434
9,f104_approved_DAYS_TERMINATION_s_app_DAYS_ID_PUBLISH_max,385.99973726272583,23,0.606394862593012,0.5695201446289434
9,f104_approved_DAYS_TERMINATION_d_app_DAYS_EMPLOYED_max,46.85989952087402,3,0.606394862593012,0.5695201446289434
9,f104_approved_DAYS_LAST_DUE_d_app_DAYS_EMPLOYED_max,83.51322841644287,5,0.606394862593012,0.5695201446289434
9,f104_approved_DAYS_LAST_DUE_1ST_VERSION_s_app_DAYS_EMPLOYED_max,91.140221118927,6,0.606394862593012,0.5695201446289434
9,f104_approved_DAYS_FIRST_DUE_d_app_DAYS_BIRTH_min,217.91087818145752,18,0.606394862593012,0.5695201446289434
9,f104_completed_AMT_GOODS_PRICE_s_app_AMT_ANNUITY_diff_max,231.31372117996216,20,0.606394862593012,0.5695201446289434
9,f104_completed_AMT_ANNUITY_d_app_AMT_ANNUITY_max,275.78835010528564,15,0.606394862593012,0.5695201446289434
9,f104_completed_AMT_GOODS_PRICE_d_AMT_CREDIT_max,281.2108783721924,16,0.606394862593012,0.5695201446289434
9,f104_approved_DAYS_TERMINATION_s_app_DAYS_EMPLOYED_max,233.64713048934937,14,0.606394862593012,0.5695201446289434
9,f104_approved_DAYS_TERMINATION_d_app_DAYS_EMPLOYED_mean,78.55613899230957,6,0.606394862593012,0.5695201446289434
9,f104_approved_DAYS_LAST_DUE_s_app_DAYS_ID_PUBLISH_max,200.16391944885254,17,0.606394862593012,0.5695201446289434
9,f104_completed_AMT_CREDIT_d_app_AMT_ANNUITY_min,130.88111636042595,10,0.606394862593012,0.5695201446289434
9,f104_completed_AMT_APPLICATION_d_app_AMT_CREDIT_min,311.90277004241943,25,0.606394862593012,0.5695201446289434
9,f104_approved_DAYS_TERMINATION_d_app_DAYS_BIRTH_mean,68.90454912185669,6,0.606394862593012,0.5695201446289434
9,f104_approved_DAYS_LAST_DUE_1ST_VERSION_s_app_DAYS_BIRTH_min,34.32075023651123,2,0.606394862593012,0.5695201446289434
9,f104_completed_AMT_CREDIT_d_AMT_APPLICATION_max,221.37628030776978,16,0.606394862593012,0.5695201446289434
9,f104_completed_DAYS_FIRST_DUE_s_app_DAYS_BIRTH_mean,232.90486240386963,9,0.606394862593012,0.5695201446289434
9,f104_completed_AMT_CREDIT_d_app_AMT_GOODS_PRICE_mean,69.87602996826172,6,0.606394862593012,0.5695201446289434
9,f104_completed_AMT_ANNUITY_d_app_AMT_GOODS_PRICE_max,146.20735120773315,10,0.606394862593012,0.5695201446289434
9,f104_approved_DAYS_LAST_DUE_d_app_DAYS_BIRTH_min,135.79686069488525,10,0.606394862593012,0.5695201446289434
9,f104_completed_DAYS_DECISION_s_app_DAYS_BIRTH_mean,96.43560981750488,5,0.606394862593012,0.5695201446289434
9,f104_approved_DAYS_DECISION_s_app_DAYS_LAST_PHONE_CHANGE_mean,178.4531021118164,11,0.606394862593012,0.5695201446289434
9,f104_approved_DAYS_DECISION_d_app_DAYS_BIRTH_max,197.08130979537964,15,0.606394862593012,0.5695201446289434
9,f104_completed_AMT_ANNUITY_d_app_AMT_INCOME_TOTAL_min,176.16623830795288,17,0.606394862593012,0.5695201446289434
9,f104_completed_AMT_GOODS_PRICE_d_app_AMT_ANNUITY_max,143.3550000190735,11,0.606394862593012,0.5695201446289434
9,f104_approved_DAYS_TERMINATION_d_app_DAYS_BIRTH_max,40.31930065155029,3,0.606394862593012,0.5695201446289434
9,f104_approved_DAYS_LAST_DUE_1ST_VERSION_s_app_DAYS_EMPLOYED_min,41.616180419921875,4,0.606394862593012,0.5695201446289434
9,f104_completed_AMT_ANNUITY_d_app_AMT_ANNUITY_min,287.8762564510107,17,0.606394862593012,0.5695201446289434
9,f104_completed_AMT_APPLICATION_d_app_AMT_CREDIT_mean,406.16433572769165,27,0.606394862593012,0.5695201446289434
9,f104_approved_DAYS_TERMINATION_d_app_DAYS_BIRTH_min,94.60040807723999,10,0.606394862593012,0.5695201446289434
9,f104_approved_DAYS_TERMINATION_s_app_DAYS_BIRTH_min,126.26269912719727,7,0.606394862593012,0.5695201446289434
9,f104_approved_DAYS_LAST_DUE_1ST_VERSION_s_app_DAYS_BIRTH_max,211.18426036834717,17,0.606394862593012,0.5695201446289434
9,f104_approved_DAYS_LAST_DUE_s_app_DAYS_REGISTRATION_max,97.36264085769653,7,0.606394862593012,0.5695201446289434
9,f104_approved_DAYS_LAST_DUE_s_app_DAYS_REGISTRATION_mean,89.52310085296631,7,0.606394862593012,0.5695201446289434
9,f104_approved_DAYS_DECISION_s_app_DAYS_REGISTRATION_std_div_mean,168.80091094970703,16,0.606394862593012,0.5695201446289434
9,f104_approved_DAYS_DECISION_s_app_DAYS_ID_PUBLISH_min,416.24640130996704,25,0.606394862593012,0.5695201446289434
9,f104_approved_DAYS_LAST_DUE_1ST_VERSION_s_app_DAYS_ID_PUBLISH_mean,111.6298303604126,11,0.606394862593012,0.5695201446289434
9,f104_approved_DAYS_LAST_DUE_1ST_VERSION_s_app_DAYS_REGISTRATION_min,100.12420082092285,9,0.606394862593012,0.5695201446289434
9,f104_completed_DAYS_FIRST_DUE_d_app_DAYS_BIRTH_max,200.32254219055176,14,0.606394862593012,0.5695201446289434
9,f104_approved_DAYS_DECISION_s_app_DAYS_LAST_PHONE_CHANGE_min,238.12102842330933,17,0.606394862593012,0.5695201446289434
9,f104_completed_AMT_CREDIT_s_app_AMT_ANNUITY_max,56.18778991699219,4,0.606394862593012,0.5695201446289434
9,f104_completed_DAYS_LAST_DUE_d_app_DAYS_EMPLOYED_min,772.9849715232849,18,0.606394862593012,0.5695201446289434
9,f104_completed_DAYS_DECISION_s_app_DAYS_REGISTRATION_min,30.17494010925293,3,0.606394862593012,0.5695201446289434
9,f104_completed_DAYS_TERMINATION_d_app_DAYS_EMPLOYED_min,225.30169677734375,4,0.606394862593012,0.5695201446289434
9,f104_nyg_high_AMT_GOODS_PRICE_d_total_debt_mean,2374.8888959884644,30,0.606394862593012,0.5695201446289434
9,f104_completed_HOUR_APPR_PROCESS_START_mean,257.1134309768677,19,0.606394862593012,0.5695201446289434
9,f104_completed_DAYS_FIRST_DUE_s_app_DAYS_LAST_PHONE_CHANGE_min,162.45050144195557,9,0.606394862593012,0.5695201446289434
9,f104_completed_DAYS_LAST_DUE_1ST_VERSION_s_app_DAYS_BIRTH_max,167.6927375793457,8,0.606394862593012,0.5695201446289434
9,f104_nyg_high_AMT_ANNUITY_s_app_AMT_GOODS_PRICE_max,1271.3956670761108,27,0.606394862593012,0.5695201446289434
9,f104_nyg_high_AMT_GOODS_PRICE_d_total_debt_min,1432.7306861877441,24,0.606394862593012,0.5695201446289434
9,f104_completed_NAME_CLIENT_TYPE_New_mean,475.15159606933594,18,0.606394862593012,0.5695201446289434
9,f104_completed_HOUR_APPR_PROCESS_START_max,202.10590934753418,15,0.606394862593012,0.5695201446289434
9,f104_completed_amt_paid_sum,71.95261979103088,8,0.606394862593012,0.5695201446289434
9,f104_completed_interest_rate_min,288.2677683830261,16,0.606394862593012,0.5695201446289434
9,f104_completed_interest_rate_max,153.3137583732605,11,0.606394862593012,0.5695201446289434
9,f104_completed_DAYS_LAST_DUE_1ST_VERSION_d_app_DAYS_BIRTH_mean,50.922640800476074,5,0.606394862593012,0.5695201446289434
9,f104_completed_DAYS_LAST_DUE_1ST_VERSION_d_app_DAYS_BIRTH_max,104.82703161239624,9,0.606394862593012,0.5695201446289434
9,f104_nyg_high_AMT_ANNUITY_s_app_AMT_ANNUITY_d_app_AMT_INCOME_TOTAL_min,537.4473624229431,20,0.606394862593012,0.5695201446289434
9,f104_completed_interest_rate_mean,345.2515106201172,22,0.606394862593012,0.5695201446289434
9,f104_completed_DAYS_LAST_DUE_d_app_DAYS_EMPLOYED_max,84.41553211212158,4,0.606394862593012,0.5695201446289434
9,f104_completed_DAYS_LAST_DUE_s_app_DAYS_BIRTH_max,132.44760036468506,7,0.606394862593012,0.5695201446289434
9,f104_nyg_high_AMT_CREDIT_d_total_debt_mean,1121.4734706878662,17,0.606394862593012,0.5695201446289434
9,f104_completed_DAYS_TERMINATION_s_app_DAYS_BIRTH_max,164.7767972946167,7,0.606394862593012,0.5695201446289434
9,f104_nyg_high_AMT_CREDIT_d_total_debt_min,505.12619256973267,22,0.606394862593012,0.5695201446289434
9,f104_nyg_high_AMT_GOODS_PRICE_d_total_debt_max,135.38729858398438,8,0.606394862593012,0.5695201446289434
9,f104_completed_DAYS_LAST_DUE_1ST_VERSION_s_app_DAYS_LAST_PHONE_CHANGE_mean,57.268319606781006,5,0.606394862593012,0.5695201446289434
9,f104_completed_DAYS_LAST_DUE_1ST_VERSION_s_app_DAYS_BIRTH_min,50.84871006011963,5,0.606394862593012,0.5695201446289434
9,f104_completed_DAYS_LAST_DUE_1ST_VERSION_d_app_DAYS_BIRTH_min,147.00908946990967,11,0.606394862593012,0.5695201446289434
9,f104_completed_DAYS_TERMINATION_s_app_DAYS_LAST_PHONE_CHANGE_max,137.38812112808228,9,0.606394862593012,0.5695201446289434
9,f104_completed_DAYS_LAST_DUE_1ST_VERSION_s_app_DAYS_LAST_PHONE_CHANGE_max,156.79619216918945,12,0.606394862593012,0.5695201446289434
9,f104_completed_DAYS_LAST_DUE_d_app_DAYS_BIRTH_max,6.398169994354248,1,0.606394862593012,0.5695201446289434
9,f104_nyg_high_AMT_ANNUITY_s_app_AMT_ANNUITY_d_app_AMT_INCOME_TOTAL_mean,366.73384952545166,16,0.606394862593012,0.5695201446289434
9,f104_completed_DAYS_TERMINATION_d_app_DAYS_BIRTH_min,19.62159013748169,2,0.606394862593012,0.5695201446289434
9,f104_completed_DAYS_LAST_DUE_d_app_DAYS_BIRTH_min,77.58921957015991,7,0.606394862593012,0.5695201446289434
9,f104_completed_DAYS_TERMINATION_d_app_DAYS_BIRTH_max,80.69275093078613,6,0.606394862593012,0.5695201446289434
9,f104_completed_DAYS_TERMINATION_s_app_DAYS_ID_PUBLISH_max,65.1720700263977,5,0.606394862593012,0.5695201446289434
9,f104_completed_DAYS_LAST_DUE_1ST_VERSION_s_app_DAYS_LAST_PHONE_CHANGE_min,68.55780029296875,5,0.606394862593012,0.5695201446289434
9,f104_completed_DAYS_LAST_DUE_s_app_DAYS_LAST_PHONE_CHANGE_max,146.9766297340393,9,0.606394862593012,0.5695201446289434
9,f104_completed_DAYS_TERMINATION_d_app_DAYS_EMPLOYED_mean,30.57610034942627,2,0.606394862593012,0.5695201446289434
9,f104_completed_DAYS_TERMINATION_s_app_DAYS_LAST_PHONE_CHANGE_min,138.63052940368652,11,0.606394862593012,0.5695201446289434
9,f104_completed_DAYS_LAST_DUE_1ST_VERSION_d_app_DAYS_EMPLOYED_min,79.55625057220459,6,0.606394862593012,0.5695201446289434
9,f104_completed_DAYS_LAST_DUE_1ST_VERSION_s_app_DAYS_BIRTH_mean,70.5063009262085,5,0.606394862593012,0.5695201446289434
9,f104_completed_DAYS_LAST_DUE_1ST_VERSION_d_app_DAYS_EMPLOYED_max,29.106549739837646,3,0.606394862593012,0.5695201446289434
9,f104_completed_DAYS_LAST_DUE_1ST_VERSION_s_app_DAYS_ID_PUBLISH_max,96.73676013946533,6,0.606394862593012,0.5695201446289434
9,f104_completed_DAYS_LAST_DUE_1ST_VERSION_s_app_DAYS_ID_PUBLISH_mean,81.85451984405518,5,0.606394862593012,0.5695201446289434
9,f104_completed_amt_paid_mean,160.10481929779053,13,0.606394862593012,0.5695201446289434
9,f104_completed_total_debt_mean,45.91854000091553,4,0.606394862593012,0.5695201446289434
9,f104_completed_DAYS_LAST_DUE_d_app_DAYS_EMPLOYED_mean,13.813300132751465,1,0.606394862593012,0.5695201446289434
9,f104_completed_DAYS_LAST_DUE_s_app_DAYS_ID_PUBLISH_max,113.74810934066772,10,0.606394862593012,0.5695201446289434
9,f104_completed_DAYS_LAST_DUE_d_app_DAYS_BIRTH_mean,55.39074993133545,5,0.606394862593012,0.5695201446289434
9,f104_nyg_high_AMT_CREDIT_s_app_AMT_INCOME_TOTAL_max,117.71560382843018,4,0.606394862593012,0.5695201446289434
9,f104_completed_DAYS_LAST_DUE_s_app_DAYS_LAST_PHONE_CHANGE_min,83.42023944854736,7,0.606394862593012,0.5695201446289434
9,f104_completed_DAYS_FIRST_DUE_s_app_DAYS_REGISTRATION_max,135.91928720474243,9,0.606394862593012,0.5695201446289434
9,f104_nyg_high_AMT_CREDIT_d_AMT_APPLICATION_mean,264.4146022796631,7,0.606394862593012,0.5695201446289434
9,f104_completed_DAYS_TERMINATION_d_app_DAYS_BIRTH_mean,120.69283819198608,10,0.606394862593012,0.5695201446289434
9,f104_completed_total_debt_max,86.0824704170227,6,0.606394862593012,0.5695201446289434
9,f104_completed_DAYS_TERMINATION_s_app_DAYS_LAST_PHONE_CHANGE_mean,139.04576873779297,9,0.606394862593012,0.5695201446289434
9,f104_completed_DAYS_TERMINATION_s_app_DAYS_ID_PUBLISH_min,114.19803810119629,8,0.606394862593012,0.5695201446289434
9,f104_completed_DAYS_LAST_DUE_1ST_VERSION_s_app_DAYS_ID_PUBLISH_min,14.599200248718262,1,0.606394862593012,0.5695201446289434
9,f104_nyg_high_DAYS_DECISION_s_app_DAYS_EMPLOYED_min,163.7296028137207,5,0.606394862593012,0.5695201446289434
9,f104_completed_DAYS_FIRST_DUE_s_app_DAYS_REGISTRATION_mean,33.87619972229004,2,0.606394862593012,0.5695201446289434
9,f104_nyg_high_AMT_ANNUITY_d_app_AMT_CREDIT_min,234.27091884613037,11,0.606394862593012,0.5695201446289434
9,f104_completed_DAYS_FIRST_DUE_s_app_DAYS_REGISTRATION_min,111.0551290512085,9,0.606394862593012,0.5695201446289434
9,f104_completed_DAYS_LAST_DUE_s_app_DAYS_BIRTH_mean,96.0946044921875,2,0.606394862593012,0.5695201446289434
9,f104_nyg_high_AMT_ANNUITY_s_app_AMT_GOODS_PRICE_mean,560.2070789337158,15,0.606394862593012,0.5695201446289434
9,f104_nyg_high_DAYS_DECISION_s_app_DAYS_REGISTRATION_max,285.780561208725,13,0.606394862593012,0.5695201446289434
9,f104_completed_amt_paid_max,92.0372200012207,8,0.606394862593012,0.5695201446289434
9,f104_completed_DAYS_LAST_DUE_s_app_DAYS_LAST_PHONE_CHANGE_mean,53.19159984588623,4,0.606394862593012,0.5695201446289434
9,f104_nyg_high_AMT_CREDIT_d_total_debt_max,101.3871603012085,9,0.606394862593012,0.5695201446289434
9,f104_completed_DAYS_TERMINATION_d_app_DAYS_EMPLOYED_max,65.70924997329712,6,0.606394862593012,0.5695201446289434
9,f104_completed_DAYS_LAST_DUE_1ST_VERSION_s_app_DAYS_REGISTRATION_max,31.660799980163574,2,0.606394862593012,0.5695201446289434
9,f104_nyg_high_AMT_ANNUITY_d_app_AMT_ANNUITY_min,107.71183109283447,8,0.606394862593012,0.5695201446289434
9,f104_nyg_high_DAYS_DECISION_d_app_DAYS_BIRTH_min,26.56760025024414,2,0.606394862593012,0.5695201446289434
9,f104_nyg_high_AMT_ANNUITY_s_app_AMT_GOODS_PRICE_min,187.96491050720215,9,0.606394862593012,0.5695201446289434
9,f104_nyg_high_AMT_CREDIT_d_AMT_APPLICATION_max,235.2046399116516,8,0.606394862593012,0.5695201446289434
9,f104_nyg_high_DAYS_DECISION_d_app_DAYS_BIRTH_max,92.2948989868164,6,0.606394862593012,0.5695201446289434
9,f104_completed_DAYS_LAST_DUE_1ST_VERSION_s_app_DAYS_EMPLOYED_mean,65.34337949752808,6,0.606394862593012,0.5695201446289434
9,f104_completed_DAYS_LAST_DUE_s_app_DAYS_BIRTH_min,68.63610076904297,2,0.606394862593012,0.5695201446289434
9,f104_nyg_high_AMT_CREDIT_s_app_AMT_GOODS_PRICE_max,176.04657220840454,9,0.606394862593012,0.5695201446289434
9,f104_completed_DAYS_TERMINATION_s_app_DAYS_EMPLOYED_min,73.71102952957153,5,0.606394862593012,0.5695201446289434
9,f104_nyg_high_DAYS_DECISION_s_app_DAYS_LAST_PHONE_CHANGE_max,78.49077892303467,4,0.606394862593012,0.5695201446289434
9,f104_nyg_high_AMT_APPLICATION_s_app_AMT_CREDIT_max,112.18794059753418,8,0.606394862593012,0.5695201446289434
9,f104_completed_DAYS_TERMINATION_s_app_DAYS_REGISTRATION_max,209.35937118530273,16,0.606394862593012,0.5695201446289434
9,f104_nyg_high_AMT_ANNUITY_d_app_AMT_CREDIT_mean,246.67682695388794,13,0.606394862593012,0.5695201446289434
9,f104_completed_DAYS_LAST_DUE_1ST_VERSION_s_app_DAYS_EMPLOYED_max,41.67430019378662,3,0.606394862593012,0.5695201446289434
9,f104_completed_DAYS_LAST_DUE_1ST_VERSION_s_app_DAYS_EMPLOYED_min,34.84610080718994,2,0.606394862593012,0.5695201446289434
9,f104_completed_DAYS_TERMINATION_s_app_DAYS_REGISTRATION_min,103.82031059265137,10,0.606394862593012,0.5695201446289434
9,f104_completed_DAYS_LAST_DUE_1ST_VERSION_s_app_DAYS_REGISTRATION_mean,19.871570587158203,2,0.606394862593012,0.5695201446289434
9,f104_completed_DAYS_TERMINATION_s_app_DAYS_ID_PUBLISH_mean,79.34653854370117,6,0.606394862593012,0.5695201446289434
9,f104_completed_DAYS_LAST_DUE_s_app_DAYS_ID_PUBLISH_min,88.7370810508728,10,0.606394862593012,0.5695201446289434
9,f104_completed_DAYS_LAST_DUE_s_app_DAYS_REGISTRATION_max,11.110199928283691,1,0.606394862593012,0.5695201446289434
9,f104_nyg_high_AMT_GOODS_PRICE_d_AMT_ANNUITY_max,48.0114803314209,4,0.606394862593012,0.5695201446289434
9,f104_completed_DAYS_TERMINATION_s_app_DAYS_EMPLOYED_mean,37.95139980316162,3,0.606394862593012,0.5695201446289434
9,f104_nyg_high_AMT_ANNUITY_d_app_AMT_ANNUITY_mean,155.32260036468506,8,0.606394862593012,0.5695201446289434
9,f104_nyg_high_AMT_GOODS_PRICE_d_AMT_CREDIT_mean,129.7921905517578,6,0.606394862593012,0.5695201446289434
9,f104_completed_DAYS_LAST_DUE_s_app_DAYS_EMPLOYED_max,48.79189968109131,3,0.606394862593012,0.5695201446289434
9,f104_nyg_high_AMT_CREDIT_d_AMT_APPLICATION_min,0.0,0,0.606394862593012,0.5695201446289434
9,f104_completed_DAYS_LAST_DUE_1ST_VERSION_d_app_DAYS_EMPLOYED_mean,42.301730155944824,4,0.606394862593012,0.5695201446289434
9,f104_completed_DAYS_TERMINATION_s_app_DAYS_EMPLOYED_max,54.880868911743164,4,0.606394862593012,0.5695201446289434
9,f104_completed_DAYS_TERMINATION_s_app_DAYS_REGISTRATION_mean,59.50570106506348,4,0.606394862593012,0.5695201446289434
9,f104_completed_DAYS_LAST_DUE_1ST_VERSION_s_app_DAYS_REGISTRATION_min,71.73121070861816,5,0.606394862593012,0.5695201446289434
9,f104_nyg_high_DAYS_DECISION_s_app_DAYS_BIRTH_mean,72.10306119918823,5,0.606394862593012,0.5695201446289434
9,f104_nyg_high_AMT_CREDIT_d_total_debt_diff_max,261.3906283378601,20,0.606394862593012,0.5695201446289434
9,f104_nyg_high_AMT_APPLICATION_s_app_AMT_GOODS_PRICE_min,75.95391082763672,6,0.606394862593012,0.5695201446289434
9,f104_nyg_high_AMT_GOODS_PRICE_d_AMT_CREDIT_min,352.7643928527832,9,0.606394862593012,0.5695201446289434
9,f104_nyg_high_AMT_CREDIT_s_app_AMT_ANNUITY_d_app_AMT_INCOME_TOTAL_max,49.26901054382324,4,0.606394862593012,0.5695201446289434
9,f104_nyg_high_DAYS_DECISION_s_app_DAYS_REGISTRATION_min,331.77409315109253,15,0.606394862593012,0.5695201446289434
9,f104_nyg_high_DAYS_DECISION_s_app_DAYS_ID_PUBLISH_max,29.228300094604492,2,0.606394862593012,0.5695201446289434
9,f104_nyg_high_DAYS_DECISION_d_app_DAYS_BIRTH_mean,90.9828290939331,5,0.606394862593012,0.5695201446289434
9,f104_completed_NAME_CLIENT_TYPE_New_sum,117.83035945892334,4,0.606394862593012,0.5695201446289434
9,f104_nyg_high_DAYS_DECISION_s_app_DAYS_EMPLOYED_max,255.91753387451172,11,0.606394862593012,0.5695201446289434
9,f104_completed_DAYS_TERMINATION_s_app_DAYS_BIRTH_min,62.02389907836914,4,0.606394862593012,0.5695201446289434
9,f104_nyg_high_AMT_ANNUITY_d_app_AMT_CREDIT_max,85.11830949783325,6,0.606394862593012,0.5695201446289434
9,f104_nyg_high_DAYS_DECISION_s_app_DAYS_LAST_PHONE_CHANGE_mean,122.32510375976562,3,0.606394862593012,0.5695201446289434
9,f104_nyg_high_DAYS_DECISION_s_app_DAYS_LAST_PHONE_CHANGE_min,80.14667892456055,5,0.606394862593012,0.5695201446289434
9,f104_nyg_high_AMT_CREDIT_d_app_AMT_INCOME_TOTAL_max,84.38173961639404,7,0.606394862593012,0.5695201446289434
9,f104_completed_DAYS_LAST_DUE_s_app_DAYS_EMPLOYED_min,11.04740047454834,1,0.606394862593012,0.5695201446289434
9,f104_nyg_high_AMT_GOODS_PRICE_d_AMT_ANNUITY_mean,65.7624306678772,6,0.606394862593012,0.5695201446289434
9,f104_nyg_high_AMT_CREDIT_s_app_AMT_CREDIT_max,16.582850456237793,2,0.606394862593012,0.5695201446289434
9,f104_completed_DAYS_TERMINATION_s_app_DAYS_BIRTH_mean,43.054049491882324,3,0.606394862593012,0.5695201446289434
9,f104_completed_DAYS_LAST_DUE_s_app_DAYS_EMPLOYED_mean,65.42560005187988,4,0.606394862593012,0.5695201446289434
9,f104_completed_DAYS_LAST_DUE_s_app_DAYS_ID_PUBLISH_mean,61.2021803855896,5,0.606394862593012,0.5695201446289434
9,f104_nyg_high_RATE_DOWN_PAYMENT_min,64.40243005752563,5,0.606394862593012,0.5695201446289434
9,f104_nyg_high_RATE_DOWN_PAYMENT_max,164.33306789398193,9,0.606394862593012,0.5695201446289434
9,f104_nyg_high_interest_rate_pctchange_min,261.49347019195557,15,0.606394862593012,0.5695201446289434
9,f104_nyg_high_HOUR_APPR_PROCESS_START_min,158.80022811889648,10,0.606394862593012,0.5695201446289434
9,f104_nyg_high_DAYS_TERMINATION_s_DAYS_LAST_DUE_1ST_VERSION_max,152.44567775726318,10,0.606394862593012,0.5695201446289434
9,f104_nyg_high_RATE_DOWN_PAYMENT_mean,60.79599952697754,3,0.606394862593012,0.5695201446289434
9,f104_nyg_high_total_debt_max,61.866098403930664,5,0.606394862593012,0.5695201446289434
9,f104_nyg_high_amt_paid_sum,44.01802062988281,4,0.606394862593012,0.5695201446289434
9,f104_nyg_high_DAYS_FIRST_DUE_s_app_DAYS_LAST_PHONE_CHANGE_max,36.01850128173828,3,0.606394862593012,0.5695201446289434
9,f104_nyg_high_DAYS_FIRST_DUE_s_app_DAYS_EMPLOYED_max,10.146200180053711,1,0.606394862593012,0.5695201446289434
9,f104_nyg_high_interest_rate_pctchange_max,66.03006935119629,5,0.606394862593012,0.5695201446289434
9,f104_nyg_high_total_debt_pctchange_min,193.54208183288574,14,0.606394862593012,0.5695201446289434
9,f104_nyg_high_DAYS_FIRST_DUE_s_app_DAYS_EMPLOYED_min,37.24090003967285,3,0.606394862593012,0.5695201446289434
9,f104_nyg_high_DAYS_LAST_DUE_1ST_VERSION_s_app_DAYS_EMPLOYED_min,81.40057897567749,4,0.606394862593012,0.5695201446289434
9,f104_nyg_high_total_debt_diff_max,45.14435958862305,3,0.606394862593012,0.5695201446289434
9,f104_nyg_high_interest_rate_pctchange_mean,73.43912982940674,6,0.606394862593012,0.5695201446289434
9,f104_nyg_high_DAYS_TERMINATION_s_DAYS_LAST_DUE_1ST_VERSION_mean,144.96105098724365,9,0.606394862593012,0.5695201446289434
9,f104_nyg_high_total_debt_pctchange_max,123.03880023956299,6,0.606394862593012,0.5695201446289434
9,f104_nyg_high_DAYS_TERMINATION_s_app_DAYS_LAST_PHONE_CHANGE_min,66.21245098114014,4,0.606394862593012,0.5695201446289434
9,f104_nyg_high_HOUR_APPR_PROCESS_START_mean,241.15902137756348,16,0.606394862593012,0.5695201446289434
9,f104_nyg_high_NAME_CLIENT_TYPE_New_mean,78.5723991394043,3,0.606394862593012,0.5695201446289434
9,f104_nyg_high_DAYS_TERMINATION_s_app_DAYS_EMPLOYED_min,0.0,0,0.606394862593012,0.5695201446289434
9,f104_nyg_high_DAYS_LAST_DUE_1ST_VERSION_s_DAYS_DECISIONS_mean,12.901000022888184,1,0.606394862593012,0.5695201446289434
9,f104_nyg_high_DAYS_LAST_DUE_s_app_DAYS_BIRTH_min,68.07420063018799,4,0.606394862593012,0.5695201446289434
9,f104_nyg_high_DAYS_FIRST_DUE_s_app_DAYS_LAST_PHONE_CHANGE_mean,44.21899890899658,3,0.606394862593012,0.5695201446289434
9,f104_nyg_high_DAYS_FIRST_DUE_d_app_DAYS_BIRTH_max,36.86975049972534,4,0.606394862593012,0.5695201446289434
9,f104_nyg_high_DAYS_FIRST_DUE_d_app_DAYS_BIRTH_mean,21.263970375061035,2,0.606394862593012,0.5695201446289434
9,f104_nyg_high_DAYS_TERMINATION_s_DAYS_LAST_DUE_1ST_VERSION_min,57.73979949951172,4,0.606394862593012,0.5695201446289434
9,f104_nyg_high_DAYS_FIRST_DUE_s_app_DAYS_REGISTRATION_mean,15.199160099029541,2,0.606394862593012,0.5695201446289434
9,f104_nyg_high_DAYS_LAST_DUE_1ST_VERSION_d_app_DAYS_BIRTH_min,86.63090133666992,7,0.606394862593012,0.5695201446289434
9,f104_nyg_high_DAYS_LAST_DUE_1ST_VERSION_s_app_DAYS_EMPLOYED_max,33.44260025024414,3,0.606394862593012,0.5695201446289434
9,f104_nyg_high_DAYS_TERMINATION_s_app_DAYS_LAST_PHONE_CHANGE_max,25.230199813842773,2,0.606394862593012,0.5695201446289434
9,f104_nyg_high_DAYS_TERMINATION_d_app_DAYS_BIRTH_max,71.52589988708496,5,0.606394862593012,0.5695201446289434
9,f104_nyg_high_DAYS_LAST_DUE_1ST_VERSION_s_app_DAYS_EMPLOYED_mean,21.81060028076172,1,0.606394862593012,0.5695201446289434
9,f104_nyg_high_DAYS_LAST_DUE_1ST_VERSION_s_DAYS_DECISIONS_max,72.22414112091064,4,0.606394862593012,0.5695201446289434
9,f104_nyg_high_DAYS_FIRST_DUE_s_app_DAYS_BIRTH_mean,0.0,0,0.606394862593012,0.5695201446289434
9,f104_nyg_high_DAYS_LAST_DUE_s_app_DAYS_EMPLOYED_max,41.68714952468872,3,0.606394862593012,0.5695201446289434
9,f104_nyg_high_DAYS_LAST_DUE_s_app_DAYS_LAST_PHONE_CHANGE_max,38.380001068115234,1,0.606394862593012,0.5695201446289434
9,f104_nyg_high_DAYS_FIRST_DUE_d_app_DAYS_BIRTH_min,17.612840175628662,2,0.606394862593012,0.5695201446289434
9,f104_nyg_high_DAYS_LAST_DUE_1ST_VERSION_s_app_DAYS_BIRTH_max,46.438968658447266,2,0.606394862593012,0.5695201446289434
9,f104_nyg_high_DAYS_FIRST_DUE_s_app_DAYS_EMPLOYED_mean,15.568099975585938,1,0.606394862593012,0.5695201446289434
9,f104_nyg_high_HOUR_APPR_PROCESS_START_max,112.96992206573486,8,0.606394862593012,0.5695201446289434
9,f104_nyg_high_DAYS_TERMINATION_s_DAYS_FIRST_DUE_mean,61.76852035522461,5,0.606394862593012,0.5695201446289434
9,f104_nyg_high_total_debt_pctchange_mean,64.17248916625977,5,0.606394862593012,0.5695201446289434
9,f104_nyg_high_DAYS_LAST_DUE_1ST_VERSION_s_app_DAYS_REGISTRATION_max,54.71090030670166,3,0.606394862593012,0.5695201446289434
9,f104_nyg_high_interest_rate_diff_min,126.6443977355957,4,0.606394862593012,0.5695201446289434
9,f104_nyg_high_DAYS_FIRST_DUE_s_app_DAYS_LAST_PHONE_CHANGE_min,108.84535121917725,6,0.606394862593012,0.5695201446289434
9,f104_nyg_high_DAYS_LAST_DUE_s_DAYS_DECISIONS_mean,20.30780029296875,1,0.606394862593012,0.5695201446289434
9,f104_nyg_high_DAYS_LAST_DUE_d_app_DAYS_BIRTH_max,27.35565948486328,3,0.606394862593012,0.5695201446289434
9,f104_nyg_low_action_AMT_CREDIT_d_AMT_APPLICATION_max,10.720000267028809,1,0.606394862593012,0.5695201446289434
9,f104_nyg_high_DAYS_TERMINATION_s_app_DAYS_BIRTH_max,33.796401023864746,2,0.606394862593012,0.5695201446289434
9,f104_nyg_high_DAYS_FIRST_DUE_s_app_DAYS_ID_PUBLISH_min,56.15590000152588,4,0.606394862593012,0.5695201446289434
9,f104_nyg_high_DAYS_TERMINATION_s_DAYS_FIRST_DUE_max,34.617690086364746,3,0.606394862593012,0.5695201446289434
9,f104_nyg_high_DAYS_LAST_DUE_s_app_DAYS_LAST_PHONE_CHANGE_min,72.16400146484375,4,0.606394862593012,0.5695201446289434
9,f104_nyg_high_DAYS_FIRST_DUE_s_app_DAYS_REGISTRATION_max,77.69020175933838,4,0.606394862593012,0.5695201446289434
9,f104_nyg_high_DAYS_TERMINATION_s_DAYS_DECISIONS_max,120.80473947525024,9,0.606394862593012,0.5695201446289434
9,f104_nyg_high_DAYS_TERMINATION_s_DAYS_DECISIONS_mean,57.899760723114014,5,0.606394862593012,0.5695201446289434
9,f104_nyg_high_DAYS_FIRST_DUE_s_app_DAYS_REGISTRATION_min,7.51915979385376,1,0.606394862593012,0.5695201446289434
9,f104_nyg_high_DAYS_LAST_DUE_s_app_DAYS_EMPLOYED_min,16.21310043334961,1,0.606394862593012,0.5695201446289434
9,f104_nyg_high_DAYS_LAST_DUE_s_app_DAYS_BIRTH_max,53.92840003967285,2,0.606394862593012,0.5695201446289434
9,f104_nyg_high_DAYS_TERMINATION_s_app_DAYS_LAST_PHONE_CHANGE_mean,112.33970165252686,7,0.606394862593012,0.5695201446289434
9,f104_nyg_high_NAME_CONTRACT_STATUS_Approved_mean,0.0,0,0.606394862593012,0.5695201446289434
9,f104_nyg_high_NAME_CLIENT_TYPE_New_sum,0.0,0,0.606394862593012,0.5695201446289434
9,f104_nyg_high_DAYS_LAST_DUE_s_app_DAYS_ID_PUBLISH_max,44.39354133605957,3,0.606394862593012,0.5695201446289434
9,f104_nyg_low_action_AMT_CREDIT_d_AMT_APPLICATION_min,0.0,0,0.606394862593012,0.5695201446289434
9,f104_nyg_high_DAYS_LAST_DUE_s_app_DAYS_BIRTH_mean,0.0,0,0.606394862593012,0.5695201446289434
9,f104_nyg_high_DAYS_LAST_DUE_1ST_VERSION_s_app_DAYS_ID_PUBLISH_max,49.210450172424316,5,0.606394862593012,0.5695201446289434
9,f104_nyg_high_DAYS_LAST_DUE_1ST_VERSION_s_app_DAYS_REGISTRATION_min,37.18684005737305,3,0.606394862593012,0.5695201446289434
9,f104_nyg_high_DAYS_TERMINATION_s_app_DAYS_EMPLOYED_max,16.617300033569336,1,0.606394862593012,0.5695201446289434
9,f104_nyg_high_DAYS_TERMINATION_s_app_DAYS_REGISTRATION_max,70.73100090026855,5,0.606394862593012,0.5695201446289434
9,f104_nyg_high_DAYS_LAST_DUE_1ST_VERSION_s_app_DAYS_BIRTH_mean,59.88990020751953,1,0.606394862593012,0.5695201446289434
9,f104_nyg_high_DAYS_LAST_DUE_1ST_VERSION_s_app_DAYS_ID_PUBLISH_mean,9.077910423278809,1,0.606394862593012,0.5695201446289434
9,f104_nyg_high_DAYS_FIRST_DUE_s_app_DAYS_BIRTH_max,0.0,0,0.606394862593012,0.5695201446289434
9,f104_nyg_high_total_debt_std_div_mean,225.33549880981445,11,0.606394862593012,0.5695201446289434
9,f104_nyg_low_action_AMT_ANNUITY_mean,8.149439811706543,1,0.606394862593012,0.5695201446289434
9,f104_nyg_high_DAYS_TERMINATION_s_app_DAYS_REGISTRATION_min,30.229000091552734,2,0.606394862593012,0.5695201446289434
9,f104_nyg_high_DAYS_LAST_DUE_s_DAYS_LAST_DUE_1ST_VERSION_mean,16.001100540161133,1,0.606394862593012,0.5695201446289434
9,f104_nyg_high_DAYS_FIRST_DUE_s_app_DAYS_ID_PUBLISH_mean,39.0477991104126,2,0.606394862593012,0.5695201446289434
9,f104_nyg_high_DAYS_TERMINATION_s_app_DAYS_ID_PUBLISH_min,10.396699905395508,1,0.606394862593012,0.5695201446289434
9,f104_nyg_high_DAYS_LAST_DUE_1ST_VERSION_s_app_DAYS_REGISTRATION_mean,44.37950038909912,3,0.606394862593012,0.5695201446289434
9,f104_nyg_high_DAYS_LAST_DUE_s_app_DAYS_REGISTRATION_max,48.63613033294678,4,0.606394862593012,0.5695201446289434
9,f104_nyg_low_action_AMT_CREDIT_d_AMT_APPLICATION_mean,0.0,0,0.606394862593012,0.5695201446289434
9,f104_nyg_high_DAYS_FIRST_DUE_s_app_DAYS_ID_PUBLISH_max,35.13810062408447,2,0.606394862593012,0.5695201446289434
9,f104_nyg_high_DAYS_LAST_DUE_s_app_DAYS_LAST_PHONE_CHANGE_mean,32.436400413513184,3,0.606394862593012,0.5695201446289434
9,f104_nyg_high_NAME_PRODUCT_TYPE_walk_in_mean,9.668299674987793,1,0.606394862593012,0.5695201446289434
9,f104_nyg_high_DAYS_FIRST_DUE_s_app_DAYS_BIRTH_min,0.0,0,0.606394862593012,0.5695201446289434
9,f104_nyg_high_DAYS_TERMINATION_s_app_DAYS_ID_PUBLISH_mean,35.69490051269531,3,0.606394862593012,0.5695201446289434
9,f104_nyg_low_action_AMT_ANNUITY_s_app_AMT_GOODS_PRICE_mean,25.602700233459473,2,0.606394862593012,0.5695201446289434
9,f104_nyg_high_DAYS_LAST_DUE_1ST_VERSION_s_DAYS_DECISIONS_min,19.475200176239014,2,0.606394862593012,0.5695201446289434
9,f104_nyg_high_DAYS_TERMINATION_s_app_DAYS_EMPLOYED_mean,0.0,0,0.606394862593012,0.5695201446289434
9,f104_nyg_high_DAYS_LAST_DUE_s_DAYS_DECISIONS_max,0.0,0,0.606394862593012,0.5695201446289434
9,f104_nyg_high_DAYS_LAST_DUE_s_app_DAYS_REGISTRATION_mean,9.771240234375,1,0.606394862593012,0.5695201446289434
9,f104_nyg_high_DAYS_LAST_DUE_1ST_VERSION_s_app_DAYS_BIRTH_min,11.5693998336792,1,0.606394862593012,0.5695201446289434
9,f104_nyg_high_cnt_paid_sum,12.757200241088867,1,0.606394862593012,0.5695201446289434
9,f104_nyg_high_cnt_paid_ratio_min,21.246200561523438,1,0.606394862593012,0.5695201446289434
9,f104_nyg_high_NAME_PRODUCT_TYPE_walk_in_sum,47.54759979248047,2,0.606394862593012,0.5695201446289434
9,f104_nyg_high_DAYS_LAST_DUE_s_DAYS_LAST_DUE_1ST_VERSION_min,52.789798736572266,3,0.606394862593012,0.5695201446289434
9,f104_nyg_high_DAYS_LAST_DUE_s_app_DAYS_ID_PUBLISH_mean,32.46167993545532,3,0.606394862593012,0.5695201446289434
9,f104_nyg_low_action_AMT_APPLICATION_mean,49.06719970703125,3,0.606394862593012,0.5695201446289434
9,f104_nyg_high_DAYS_LAST_DUE_s_app_DAYS_EMPLOYED_mean,12.458700180053711,1,0.606394862593012,0.5695201446289434
9,f104_nyg_low_action_AMT_CREDIT_d_app_AMT_GOODS_PRICE_min,0.0,0,0.606394862593012,0.5695201446289434
9,f104_nyg_high_total_debt_std,37.62782001495361,3,0.606394862593012,0.5695201446289434
9,f104_nyg_low_action_AMT_CREDIT_d_app_AMT_CREDIT_max,0.0,0,0.606394862593012,0.5695201446289434
9,f104_nyg_high_NAME_CONTRACT_STATUS_Refused_mean,0.0,0,0.606394862593012,0.5695201446289434
9,f104_nyg_high_DAYS_LAST_DUE_1ST_VERSION_s_app_DAYS_ID_PUBLISH_min,40.41230010986328,3,0.606394862593012,0.5695201446289434
9,f104_nyg_high_NAME_TYPE_SUITE_Unaccompanied_sum,0.0,0,0.606394862593012,0.5695201446289434
9,f104_nyg_low_action_AMT_APPLICATION_s_app_AMT_ANNUITY_min,0.0,0,0.606394862593012,0.5695201446289434
9,f104_nyg_high_DAYS_FIRST_DUE_s_app_DAYS_ID_PUBLISH_std_div_mean,82.65950012207031,3,0.606394862593012,0.5695201446289434
9,f104_nyg_high_DAYS_LAST_DUE_s_app_DAYS_ID_PUBLISH_min,26.011940002441406,2,0.606394862593012,0.5695201446289434
9,f104_nyg_low_action_AMT_CREDIT_d_app_AMT_ANNUITY_mean,0.0,0,0.606394862593012,0.5695201446289434
9,f104_nyg_low_action_AMT_ANNUITY_s_app_AMT_GOODS_PRICE_max,0.0,0,0.606394862593012,0.5695201446289434
9,f104_nyg_high_DAYS_LAST_DUE_s_app_DAYS_REGISTRATION_min,27.15220069885254,2,0.606394862593012,0.5695201446289434
9,f104_nyg_high_completed_mean,0.0,0,0.606394862593012,0.5695201446289434
9,f104_nyg_high_total_debt_max_div_min,75.80810070037842,5,0.606394862593012,0.5695201446289434
9,f104_nyg_low_action_AMT_APPLICATION_max,6.214700222015381,1,0.606394862593012,0.5695201446289434
9,f104_nyg_low_action_AMT_ANNUITY_s_app_AMT_GOODS_PRICE_min,0.0,0,0.606394862593012,0.5695201446289434
9,f104_nyg_low_action_AMT_ANNUITY_s_app_AMT_ANNUITY_max,0.0,0,0.606394862593012,0.5695201446289434
9,f104_nyg_high_DAYS_LAST_DUE_s_DAYS_FIRST_DUE_mean,14.20479965209961,1,0.606394862593012,0.5695201446289434
9,f104_nyg_low_action_AMT_APPLICATION_s_app_AMT_ANNUITY_max,0.0,0,0.606394862593012,0.5695201446289434
9,f104_nyg_low_action_HOUR_APPR_PROCESS_START_mean,56.377800941467285,4,0.606394862593012,0.5695201446289434
9,f104_nyg_low_action_AMT_ANNUITY_s_app_AMT_ANNUITY_min,0.0,0,0.606394862593012,0.5695201446289434
9,f104_nyg_low_action_DAYS_DECISION_s_app_DAYS_EMPLOYED_mean,0.0,0,0.606394862593012,0.5695201446289434
9,f104_nyg_low_action_DAYS_DECISION_s_app_DAYS_EMPLOYED_max,0.0,0,0.606394862593012,0.5695201446289434
9,f104_nyg_low_action_DAYS_FIRST_DUE_d_app_DAYS_BIRTH_min,0.0,0,0.606394862593012,0.5695201446289434
9,f104_nyg_low_action_CHANNEL_TYPE_Regional___Local_mean,9.05321979522705,1,0.606394862593012,0.5695201446289434
9,f104_nyg_low_action_AMT_GOODS_PRICE_d_app_AMT_GOODS_PRICE_min,0.0,0,0.606394862593012,0.5695201446289434
9,f104_nyg_low_action_HOUR_APPR_PROCESS_START_min,14.021490097045898,2,0.606394862593012,0.5695201446289434
9,f104_nyg_low_action_DAYS_FIRST_DUE_s_app_DAYS_EMPLOYED_min,0.0,0,0.606394862593012,0.5695201446289434
9,f104_nyg_low_action_AMT_GOODS_PRICE_d_AMT_ANNUITY_pctchange_min,0.0,0,0.606394862593012,0.5695201446289434
9,f104_nyg_low_action_AMT_GOODS_PRICE_s_app_AMT_CREDIT_d_app_AMT_INCOME_TOTAL_min,0.0,0,0.606394862593012,0.5695201446289434
9,f104_nyg_low_action_AMT_CREDIT_m_app_AMT_GOODS_PRICE_d_app_AMT_INCOME_TOTAL_pctchange_min,0.0,0,0.606394862593012,0.5695201446289434
9,f104_nyg_low_action_HOUR_APPR_PROCESS_START_max,0.0,0,0.606394862593012,0.5695201446289434
9,f104_nyg_low_action_AMT_GOODS_PRICE_d_app_AMT_GOODS_PRICE_max,16.213300704956055,1,0.606394862593012,0.5695201446289434
9,f104_nyg_low_action_AMT_CREDIT_d_total_debt_diff_max,0.0,0,0.606394862593012,0.5695201446289434
9,f104_nyg_low_action_DAYS_LAST_DUE_s_app_DAYS_ID_PUBLISH_max,0.0,0,0.606394862593012,0.5695201446289434
9,f104_nyg_low_action_DAYS_FIRST_DUE_d_app_DAYS_BIRTH_max,0.0,0,0.606394862593012,0.5695201446289434
9,f104_nyg_low_action_AMT_CREDIT_s_app_AMT_ANNUITY_max,17.534799575805664,1,0.606394862593012,0.5695201446289434
9,f104_nyg_low_action_DAYS_LAST_DUE_1ST_VERSION_d_app_DAYS_ID_PUBLISH_min,0.0,0,0.606394862593012,0.5695201446289434
9,f104_nyg_low_action_DAYS_LAST_DUE_1ST_VERSION_d_app_DAYS_ID_PUBLISH_mean,0.0,0,0.606394862593012,0.5695201446289434
9,f104_nyg_low_action_DAYS_DECISION_s_app_DAYS_ID_PUBLISH_mean,0.0,0,0.606394862593012,0.5695201446289434
9,f104_nyg_low_action_AMT_GOODS_PRICE_d_app_AMT_ANNUITY_min,0.0,0,0.606394862593012,0.5695201446289434
9,f104_nyg_low_action_DAYS_LAST_DUE_1ST_VERSION_s_app_DAYS_LAST_PHONE_CHANGE_max,0.0,0,0.606394862593012,0.5695201446289434
9,f104_nyg_low_action_AMT_GOODS_PRICE_s_app_AMT_CREDIT_d_app_AMT_INCOME_TOTAL_max,10.945899963378906,1,0.606394862593012,0.5695201446289434
9,f104_nyg_low_action_DAYS_DECISION_d_app_DAYS_BIRTH_min,0.0,0,0.606394862593012,0.5695201446289434
9,f104_nyg_low_action_DAYS_LAST_DUE_1ST_VERSION_s_app_DAYS_ID_PUBLISH_max,0.0,0,0.606394862593012,0.5695201446289434
9,f104_nyg_low_action_AMT_GOODS_PRICE_s_app_AMT_ANNUITY_min,15.278599739074707,1,0.606394862593012,0.5695201446289434
9,f104_nyg_low_action_DAYS_TERMINATION_s_DAYS_FIRST_DUE_max,0.0,0,0.606394862593012,0.5695201446289434
9,f104_nyg_low_action_AMT_CREDIT_d_app_AMT_INCOME_TOTAL_mean,0.0,0,0.606394862593012,0.5695201446289434
9,f104_nyg_low_action_AMT_GOODS_PRICE_d_app_AMT_ANNUITY_mean,30.195100784301758,1,0.606394862593012,0.5695201446289434
9,f104_nyg_low_action_AMT_GOODS_PRICE_s_app_AMT_ANNUITY_d_app_AMT_INCOME_TOTAL_mean,0.0,0,0.606394862593012,0.5695201446289434
9,f104_nyg_low_action_AMT_GOODS_PRICE_s_app_AMT_ANNUITY_d_app_AMT_INCOME_TOTAL_max,18.85409927368164,1,0.606394862593012,0.5695201446289434
9,f104_nyg_low_action_DAYS_FIRST_DUE_d_app_DAYS_BIRTH_mean,0.0,0,0.606394862593012,0.5695201446289434
9,f104_nyg_low_action_DAYS_LAST_DUE_1ST_VERSION_s_app_DAYS_BIRTH_max,0.0,0,0.606394862593012,0.5695201446289434
9,f104_nyg_low_action_DAYS_DECISION_s_app_DAYS_BIRTH_max,0.0,0,0.606394862593012,0.5695201446289434
9,f104_nyg_low_action_DAYS_LAST_DUE_1ST_VERSION_d_app_DAYS_REGISTRATION_mean,12.361800193786621,1,0.606394862593012,0.5695201446289434
9,f104_nyg_low_action_DAYS_TERMINATION_s_DAYS_FIRST_DUE_min,5.02849006652832,1,0.606394862593012,0.5695201446289434
9,f104_nyg_low_action_AMT_CREDIT_mean,10.33080005645752,1,0.606394862593012,0.5695201446289434
9,f104_nyg_low_action_AMT_CREDIT_d_total_debt_pctchange_mean,0.0,0,0.606394862593012,0.5695201446289434
9,f104_nyg_low_action_DAYS_LAST_DUE_1ST_VERSION_s_app_DAYS_REGISTRATION_mean,21.522199630737305,2,0.606394862593012,0.5695201446289434
9,f104_nyg_low_action_DAYS_TERMINATION_s_DAYS_DECISIONS_max,0.0,0,0.606394862593012,0.5695201446289434
9,f104_nyg_low_action_AMT_GOODS_PRICE_d_app_AMT_CREDIT_mean,0.0,0,0.606394862593012,0.5695201446289434
9,f104_nyg_low_action_DAYS_LAST_DUE_1ST_VERSION_d_app_DAYS_REGISTRATION_max,11.465299606323242,1,0.606394862593012,0.5695201446289434
9,f104_nyg_low_action_AMT_CREDIT_s_app_AMT_ANNUITY_min,0.0,0,0.606394862593012,0.5695201446289434
9,f104_nyg_low_action_CHANNEL_TYPE_Regional___Local_sum,0.0,0,0.606394862593012,0.5695201446289434
9,f104_nyg_low_action_DAYS_TERMINATION_s_DAYS_FIRST_DUE_mean,0.0,0,0.606394862593012,0.5695201446289434
9,f104_nyg_low_action_DAYS_LAST_DUE_s_app_DAYS_ID_PUBLISH_mean,0.0,0,0.606394862593012,0.5695201446289434
9,f104_nyg_low_action_AMT_GOODS_PRICE_max,0.0,0,0.606394862593012,0.5695201446289434
9,f104_nyg_low_action_DAYS_LAST_DUE_1ST_VERSION_d_app_DAYS_REGISTRATION_min,26.27400016784668,1,0.606394862593012,0.5695201446289434
9,f104_nyg_low_action_AMT_CREDIT_s_app_AMT_ANNUITY_d_app_AMT_INCOME_TOTAL_max,0.0,0,0.606394862593012,0.5695201446289434
9,f104_nyg_low_action_NAME_GOODS_CATEGORY_Computers_mean,0.0,0,0.606394862593012,0.5695201446289434
9,f104_nyg_low_action_DAYS_LAST_DUE_1ST_VERSION_d_app_DAYS_ID_PUBLISH_max,0.0,0,0.606394862593012,0.5695201446289434
9,f104_nyg_low_action_AMT_GOODS_PRICE_d_AMT_CREDIT_diff_mean,0.0,0,0.606394862593012,0.5695201446289434
9,f104_nyg_low_action_DAYS_TERMINATION_s_app_DAYS_ID_PUBLISH_max,0.0,0,0.606394862593012,0.5695201446289434
9,f104_nyg_low_action_DAYS_DECISION_s_app_DAYS_ID_PUBLISH_max,0.0,0,0.606394862593012,0.5695201446289434
9,f104_nyg_low_action_DAYS_DECISION_s_app_DAYS_ID_PUBLISH_min,0.0,0,0.606394862593012,0.5695201446289434
9,f104_nyg_low_action_interest_rate_pctchange_mean,0.0,0,0.606394862593012,0.5695201446289434
9,f104_nyg_low_action_AMT_GOODS_PRICE_min,0.0,0,0.606394862593012,0.5695201446289434
9,f104_nyg_low_action_DAYS_LAST_DUE_1ST_VERSION_s_app_DAYS_BIRTH_mean,0.0,0,0.606394862593012,0.5695201446289434
9,f104_nyg_low_action_AMT_CREDIT_s_app_AMT_ANNUITY_mean,0.0,0,0.606394862593012,0.5695201446289434
9,f104_nyg_low_action_DAYS_LAST_DUE_1ST_VERSION_s_app_DAYS_LAST_PHONE_CHANGE_min,0.0,0,0.606394862593012,0.5695201446289434
9,f104_nyg_low_action_AMT_GOODS_PRICE_d_AMT_CREDIT_pctchange_min,0.0,0,0.606394862593012,0.5695201446289434
9,f104_nyg_low_action_AMT_GOODS_PRICE_d_app_AMT_INCOME_TOTAL_min,0.0,0,0.606394862593012,0.5695201446289434
9,f104_nyg_low_action_DAYS_LAST_DUE_1ST_VERSION_s_app_DAYS_EMPLOYED_mean,20.395999908447266,1,0.606394862593012,0.5695201446289434
9,f104_nyg_low_action_DAYS_DECISION_d_app_DAYS_BIRTH_max,0.0,0,0.606394862593012,0.5695201446289434
9,f104_nyg_low_action_AMT_GOODS_PRICE_d_AMT_CREDIT_diff_min,0.0,0,0.606394862593012,0.5695201446289434
9,f104_nyg_low_action_DAYS_TERMINATION_d_app_DAYS_REGISTRATION_max,8.337050437927246,1,0.606394862593012,0.5695201446289434
9,f104_nyg_low_action_DAYS_FIRST_DUE_d_app_DAYS_REGISTRATION_max,0.0,0,0.606394862593012,0.5695201446289434
9,f104_nyg_low_action_DAYS_FIRST_DUE_d_app_DAYS_REGISTRATION_mean,6.047760009765625,1,0.606394862593012,0.5695201446289434
9,f104_nyg_low_action_DAYS_FIRST_DUE_s_app_DAYS_REGISTRATION_mean,43.412750244140625,3,0.606394862593012,0.5695201446289434
9,f104_nyg_low_action_AMT_CREDIT_s_app_AMT_ANNUITY_d_app_AMT_INCOME_TOTAL_mean,0.0,0,0.606394862593012,0.5695201446289434
9,f104_nyg_low_action_DAYS_FIRST_DUE_s_app_DAYS_EMPLOYED_max,0.0,0,0.606394862593012,0.5695201446289434
9,f104_nyg_low_action_DAYS_LAST_DUE_1ST_VERSION_s_app_DAYS_REGISTRATION_max,30.132699966430664,2,0.606394862593012,0.5695201446289434
9,f104_nyg_low_action_DAYS_DECISION_s_app_DAYS_EMPLOYED_min,0.0,0,0.606394862593012,0.5695201446289434
9,f104_nyg_low_action_total_debt_diff_max,0.0,0,0.606394862593012,0.5695201446289434
9,f104_nyg_low_action_DAYS_FIRST_DUE_s_app_DAYS_EMPLOYED_mean,15.902999877929688,1,0.606394862593012,0.5695201446289434
9,f104_nyg_low_action_DAYS_LAST_DUE_1ST_VERSION_s_app_DAYS_ID_PUBLISH_min,0.0,0,0.606394862593012,0.5695201446289434
9,f104_nyg_low_action_AMT_GOODS_PRICE_d_app_AMT_CREDIT_max,20.65250015258789,1,0.606394862593012,0.5695201446289434
9,f104_nyg_low_action_AMT_GOODS_PRICE_s_app_AMT_ANNUITY_max,0.0,0,0.606394862593012,0.5695201446289434
9,f104_nyg_low_action_AMT_GOODS_PRICE_d_app_AMT_INCOME_TOTAL_max,0.0,0,0.606394862593012,0.5695201446289434
9,f104_nyg_low_action_DAYS_DECISION_s_app_DAYS_REGISTRATION_mean,0.0,0,0.606394862593012,0.5695201446289434
9,f104_nyg_low_action_DAYS_FIRST_DUE_s_app_DAYS_ID_PUBLISH_min,0.0,0,0.606394862593012,0.5695201446289434
9,f104_nyg_low_action_AMT_CREDIT_d_total_debt_diff_min,0.0,0,0.606394862593012,0.5695201446289434
9,f104_nyg_low_action_AMT_GOODS_PRICE_s_app_AMT_ANNUITY_mean,17.985700607299805,1,0.606394862593012,0.5695201446289434
9,f104_nyg_low_action_DAYS_TERMINATION_s_app_DAYS_ID_PUBLISH_mean,0.0,0,0.606394862593012,0.5695201446289434
9,f104_nyg_low_action_DAYS_FIRST_DUE_s_app_DAYS_ID_PUBLISH_max,0.0,0,0.606394862593012,0.5695201446289434
9,f104_nyg_low_action_DAYS_TERMINATION_s_app_DAYS_ID_PUBLISH_min,0.0,0,0.606394862593012,0.5695201446289434
9,f104_nyg_low_action_DAYS_FIRST_DUE_s_app_DAYS_BIRTH_max,0.0,0,0.606394862593012,0.5695201446289434
9,f104_nyg_low_action_DAYS_DECISION_s_app_DAYS_LAST_PHONE_CHANGE_max,8.434229850769043,1,0.606394862593012,0.5695201446289434
9,f104_nyg_low_action_DAYS_DECISION_d_app_DAYS_REGISTRATION_max,0.0,0,0.606394862593012,0.5695201446289434
9,f104_nyg_low_action_AMT_GOODS_PRICE_d_total_debt_pctchange_mean,0.0,0,0.606394862593012,0.5695201446289434
9,f104_nyg_low_action_AMT_GOODS_PRICE_d_app_AMT_CREDIT_min,0.0,0,0.606394862593012,0.5695201446289434
9,f104_nyg_low_action_AMT_GOODS_PRICE_d_AMT_CREDIT_pctchange_mean,7.730959892272949,1,0.606394862593012,0.5695201446289434
9,f104_nyg_low_action_DAYS_FIRST_DUE_s_app_DAYS_BIRTH_min,0.0,0,0.606394862593012,0.5695201446289434
9,f104_nyg_low_action_DAYS_LAST_DUE_s_app_DAYS_REGISTRATION_min,0.0,0,0.606394862593012,0.5695201446289434
9,f104_nyg_low_action_AMT_CREDIT_s_app_AMT_CREDIT_d_app_AMT_INCOME_TOTAL_mean,17.224300384521484,1,0.606394862593012,0.5695201446289434
9,f104_nyg_low_action_AMT_GOODS_PRICE_d_app_AMT_INCOME_TOTAL_diff_mean,8.202810287475586,1,0.606394862593012,0.5695201446289434
9,f104_nyg_low_action_AMT_GOODS_PRICE_s_app_AMT_ANNUITY_d_app_AMT_INCOME_TOTAL_min,0.0,0,0.606394862593012,0.5695201446289434
9,f104_nyg_low_action_AMT_CREDIT_max,0.0,0,0.606394862593012,0.5695201446289434
9,f104_nyg_low_action_AMT_CREDIT_min,0.0,0,0.606394862593012,0.5695201446289434
9,f104_nyg_low_action_AMT_GOODS_PRICE_d_AMT_CREDIT_pctchange_max,0.0,0,0.606394862593012,0.5695201446289434
9,f104_nyg_low_action_DAYS_LAST_DUE_1ST_VERSION_s_app_DAYS_BIRTH_min,0.0,0,0.606394862593012,0.5695201446289434
9,f104_nyg_low_action_DAYS_DECISION_s_app_DAYS_LAST_PHONE_CHANGE_min,0.0,0,0.606394862593012,0.5695201446289434
9,f104_nyg_low_action_AMT_GOODS_PRICE_s_app_AMT_INCOME_TOTAL_min,0.0,0,0.606394862593012,0.5695201446289434
9,f104_nyg_low_action_DAYS_LAST_DUE_s_app_DAYS_LAST_PHONE_CHANGE_mean,0.0,0,0.606394862593012,0.5695201446289434
9,f104_nyg_low_action_DAYS_LAST_DUE_s_app_DAYS_BIRTH_max,7.579529762268066,1,0.606394862593012,0.5695201446289434
9,f104_nyg_low_action_DAYS_DECISION_d_app_DAYS_BIRTH_mean,0.0,0,0.606394862593012,0.5695201446289434
9,f104_nyg_low_action_cnt_paid_min,0.0,0,0.606394862593012,0.5695201446289434
9,f104_nyg_low_action_AMT_CREDIT_d_total_debt_pctchange_max,0.0,0,0.606394862593012,0.5695201446289434
9,f104_nyg_low_action_amt_paid_mean,0.0,0,0.606394862593012,0.5695201446289434
9,f104_nyg_low_action_DAYS_LAST_DUE_s_DAYS_DECISIONS_min,0.0,0,0.606394862593012,0.5695201446289434
9,f104_nyg_low_action_DAYS_TERMINATION_d_app_DAYS_REGISTRATION_mean,4.276509761810303,1,0.606394862593012,0.5695201446289434
9,f104_nyg_low_action_DAYS_LAST_DUE_s_app_DAYS_LAST_PHONE_CHANGE_max,0.0,0,0.606394862593012,0.5695201446289434
9,f104_nyg_low_action_DAYS_FIRST_DUE_s_app_DAYS_BIRTH_mean,0.0,0,0.606394862593012,0.5695201446289434
9,f104_nyg_low_action_DAYS_LAST_DUE_s_app_DAYS_BIRTH_mean,0.0,0,0.606394862593012,0.5695201446289434
9,f104_nyg_low_action_DAYS_TERMINATION_s_app_DAYS_LAST_PHONE_CHANGE_max,0.0,0,0.606394862593012,0.5695201446289434
9,f104_nyg_low_action_DAYS_LAST_DUE_s_app_DAYS_LAST_PHONE_CHANGE_min,0.0,0,0.606394862593012,0.5695201446289434
9,f104_nyg_low_action_NAME_CONTRACT_STATUS_Approved_mean,0.0,0,0.606394862593012,0.5695201446289434
9,f104_nyg_low_action_CODE_REJECT_REASON_XAP_mean,0.0,0,0.606394862593012,0.5695201446289434
9,f104_nyg_low_action_DAYS_FIRST_DUE_s_app_DAYS_ID_PUBLISH_mean,0.0,0,0.606394862593012,0.5695201446289434
9,f104_nyg_low_action_AMT_GOODS_PRICE_d_total_debt_diff_max,0.0,0,0.606394862593012,0.5695201446289434
9,f104_nyg_low_action_total_debt_mean,7.883999824523926,1,0.606394862593012,0.5695201446289434
9,f104_nyg_low_action_total_debt_max,14.386899948120117,1,0.606394862593012,0.5695201446289434
9,f104_nyg_low_normal_DAYS_FIRST_DUE_d_app_DAYS_EMPLOYED_min,44.73920917510986,4,0.606394862593012,0.5695201446289434
9,f104_nyg_low_normal_AMT_ANNUITY_max,111.04809093475342,8,0.606394862593012,0.5695201446289434
9,f104_nyg_low_normal_DAYS_FIRST_DUE_s_app_DAYS_BIRTH_max,130.99390029907227,5,0.606394862593012,0.5695201446289434
9,f104_nyg_low_normal_DAYS_LAST_DUE_d_app_DAYS_EMPLOYED_min,55.57969951629639,4,0.606394862593012,0.5695201446289434
9,f104_nyg_low_normal_DAYS_FIRST_DUE_d_app_DAYS_EMPLOYED_mean,0.0,0,0.606394862593012,0.5695201446289434
9,f104_nyg_low_normal_AMT_ANNUITY_d_app_AMT_INCOME_TOTAL_max,55.86855936050415,5,0.606394862593012,0.5695201446289434
9,f104_nyg_low_normal_DAYS_LAST_DUE_s_app_DAYS_BIRTH_min,138.23839950561523,5,0.606394862593012,0.5695201446289434
9,f104_nyg_low_action_total_debt_diff_min,0.0,0,0.606394862593012,0.5695201446289434
9,f104_nyg_low_normal_DAYS_LAST_DUE_s_app_DAYS_BIRTH_mean,8.838910102844238,1,0.606394862593012,0.5695201446289434
9,f104_nyg_low_normal_AMT_ANNUITY_min,39.343910217285156,4,0.606394862593012,0.5695201446289434
9,f104_nyg_low_normal_AMT_ANNUITY_d_app_AMT_CREDIT_max,16.900779724121094,2,0.606394862593012,0.5695201446289434
9,f104_nyg_low_normal_DAYS_TERMINATION_s_app_DAYS_BIRTH_max,20.92289924621582,1,0.606394862593012,0.5695201446289434
9,f104_nyg_low_normal_AMT_ANNUITY_mean,134.1252784729004,8,0.606394862593012,0.5695201446289434
9,f104_nyg_low_normal_AMT_CREDIT_s_app_AMT_ANNUITY_d_app_AMT_INCOME_TOTAL_pctchange_max,14.263899803161621,1,0.606394862593012,0.5695201446289434
9,f104_nyg_low_normal_AMT_CREDIT_d_AMT_ANNUITY_min,7.903719902038574,1,0.606394862593012,0.5695201446289434
9,f104_nyg_low_normal_AMT_CREDIT_d_total_debt_mean,0.0,0,0.606394862593012,0.5695201446289434
9,f104_nyg_low_normal_HOUR_APPR_PROCESS_START_mean,15.036499977111816,1,0.606394862593012,0.5695201446289434
9,f104_nyg_low_normal_AMT_CREDIT_d_total_debt_min,50.873040199279785,4,0.606394862593012,0.5695201446289434
9,f104_nyg_low_normal_AMT_CREDIT_d_AMT_ANNUITY_max,68.64690113067627,4,0.606394862593012,0.5695201446289434
9,f104_nyg_low_normal_AMT_GOODS_PRICE_d_total_debt_min,19.243999481201172,1,0.606394862593012,0.5695201446289434
9,f104_nyg_low_normal_DAYS_LAST_DUE_s_app_DAYS_BIRTH_max,92.58670043945312,3,0.606394862593012,0.5695201446289434
9,f104_nyg_low_normal_DAYS_FIRST_DUE_d_app_DAYS_LAST_PHONE_CHANGE_max,24.205780029296875,2,0.606394862593012,0.5695201446289434
9,f104_nyg_low_normal_AMT_CREDIT_s_app_AMT_GOODS_PRICE_max,33.55543899536133,3,0.606394862593012,0.5695201446289434
9,f104_nyg_low_normal_AMT_CREDIT_d_AMT_APPLICATION_min,14.279399871826172,1,0.606394862593012,0.5695201446289434
9,f104_nyg_low_normal_AMT_GOODS_PRICE_d_total_debt_mean,34.33430099487305,2,0.606394862593012,0.5695201446289434
9,f104_nyg_low_normal_AMT_CREDIT_d_total_debt_max,23.129480838775635,2,0.606394862593012,0.5695201446289434
9,f104_nyg_low_normal_DAYS_TERMINATION_s_DAYS_LAST_DUE_1ST_VERSION_max,10.902409553527832,2,0.606394862593012,0.5695201446289434
9,f104_nyg_low_normal_DAYS_FIRST_DUE_d_app_DAYS_EMPLOYED_max,0.0,0,0.606394862593012,0.5695201446289434
9,f104_nyg_low_normal_DAYS_LAST_DUE_1ST_VERSION_s_app_DAYS_ID_PUBLISH_max,28.231399536132812,3,0.606394862593012,0.5695201446289434
9,f104_nyg_low_normal_AMT_GOODS_PRICE_d_total_debt_diff_min,14.679200172424316,1,0.606394862593012,0.5695201446289434
9,f104_nyg_low_normal_DAYS_FIRST_DUE_s_app_DAYS_BIRTH_mean,0.0,0,0.606394862593012,0.5695201446289434
9,f104_nyg_low_normal_AMT_ANNUITY_s_app_AMT_ANNUITY_min,30.61201000213623,3,0.606394862593012,0.5695201446289434
9,f104_nyg_low_normal_DAYS_DECISION_d_app_DAYS_EMPLOYED_mean,23.49209976196289,3,0.606394862593012,0.5695201446289434
9,f104_nyg_low_normal_DAYS_LAST_DUE_1ST_VERSION_d_app_DAYS_BIRTH_max,78.50270891189575,6,0.606394862593012,0.5695201446289434
9,f104_nyg_low_normal_DAYS_DECISION_s_app_DAYS_ID_PUBLISH_max,43.91013956069946,4,0.606394862593012,0.5695201446289434
9,f104_nyg_low_action_total_debt_pctchange_max,0.0,0,0.606394862593012,0.5695201446289434
9,f104_nyg_low_normal_DAYS_FIRST_DUE_s_app_DAYS_BIRTH_min,60.23210144042969,3,0.606394862593012,0.5695201446289434
9,f104_nyg_low_normal_AMT_GOODS_PRICE_d_AMT_CREDIT_diff_min,16.855379819869995,2,0.606394862593012,0.5695201446289434
9,f104_nyg_low_normal_AMT_GOODS_PRICE_d_total_debt_pctchange_min,7.523759841918945,1,0.606394862593012,0.5695201446289434
9,f104_nyg_low_normal_DAYS_FIRST_DUE_d_app_DAYS_LAST_PHONE_CHANGE_min,58.55969047546387,5,0.606394862593012,0.5695201446289434
9,f104_nyg_low_normal_DAYS_DECISION_s_app_DAYS_REGISTRATION_max,57.993460178375244,6,0.606394862593012,0.5695201446289434
9,f104_nyg_low_normal_AMT_ANNUITY_d_app_AMT_CREDIT_min,25.117600440979004,2,0.606394862593012,0.5695201446289434
9,f104_nyg_low_normal_AMT_ANNUITY_s_app_AMT_ANNUITY_max,57.12571144104004,4,0.606394862593012,0.5695201446289434
9,f104_nyg_low_normal_AMT_CREDIT_d_AMT_APPLICATION_max,39.21310043334961,3,0.606394862593012,0.5695201446289434
9,f104_nyg_low_action_total_debt_pctchange_mean,0.0,0,0.606394862593012,0.5695201446289434
9,f104_nyg_low_normal_AMT_GOODS_PRICE_d_total_debt_max,26.67859935760498,2,0.606394862593012,0.5695201446289434
9,f104_nyg_low_normal_AMT_ANNUITY_s_app_AMT_ANNUITY_d_app_AMT_INCOME_TOTAL_mean,0.0,0,0.606394862593012,0.5695201446289434
9,f104_nyg_low_normal_DAYS_FIRST_DUE_d_app_DAYS_LAST_PHONE_CHANGE_mean,14.910620212554932,2,0.606394862593012,0.5695201446289434
9,f104_nyg_low_normal_DAYS_FIRST_DUE_s_app_DAYS_ID_PUBLISH_max,0.0,0,0.606394862593012,0.5695201446289434
9,f104_nyg_low_normal_AMT_GOODS_PRICE_d_total_debt_pctchange_max,20.39798069000244,2,0.606394862593012,0.5695201446289434
9,f104_nyg_low_normal_DAYS_DECISION_s_app_DAYS_ID_PUBLISH_mean,5.23459005355835,1,0.606394862593012,0.5695201446289434
9,f104_nyg_low_normal_DAYS_DECISION_d_app_DAYS_EMPLOYED_min,42.75589084625244,3,0.606394862593012,0.5695201446289434
9,f104_nyg_low_normal_DAYS_DECISION_d_app_DAYS_BIRTH_max,29.018590450286865,4,0.606394862593012,0.5695201446289434
9,f104_nyg_low_normal_AMT_ANNUITY_d_app_AMT_CREDIT_mean,19.819499969482422,1,0.606394862593012,0.5695201446289434
9,f104_nyg_low_normal_DAYS_DECISION_d_app_DAYS_LAST_PHONE_CHANGE_max,15.192180156707764,2,0.606394862593012,0.5695201446289434
9,f104_nyg_low_normal_DAYS_DECISION_s_app_DAYS_BIRTH_max,20.15730094909668,1,0.606394862593012,0.5695201446289434
9,f104_nyg_low_normal_AMT_CREDIT_s_app_AMT_CREDIT_min,33.58650016784668,2,0.606394862593012,0.5695201446289434
9,f104_nyg_low_normal_AMT_CREDIT_d_AMT_ANNUITY_mean,23.505900382995605,2,0.606394862593012,0.5695201446289434
9,f104_nyg_low_normal_DAYS_LAST_DUE_s_app_DAYS_LAST_PHONE_CHANGE_min,6.640210151672363,1,0.606394862593012,0.5695201446289434
9,f104_nyg_low_normal_AMT_GOODS_PRICE_d_total_debt_diff_mean,0.0,0,0.606394862593012,0.5695201446289434
9,f104_nyg_low_normal_AMT_GOODS_PRICE_d_total_debt_diff_max,35.150320053100586,3,0.606394862593012,0.5695201446289434
9,f104_nyg_low_normal_AMT_APPLICATION_s_app_AMT_GOODS_PRICE_min,15.445799827575684,1,0.606394862593012,0.5695201446289434
9,f104_nyg_low_normal_DAYS_LAST_DUE_d_app_DAYS_BIRTH_max,21.30733013153076,2,0.606394862593012,0.5695201446289434
9,f104_nyg_low_normal_AMT_GOODS_PRICE_d_AMT_ANNUITY_max,37.75990009307861,3,0.606394862593012,0.5695201446289434
9,f104_nyg_low_normal_AMT_CREDIT_d_AMT_APPLICATION_mean,47.292189598083496,4,0.606394862593012,0.5695201446289434
9,f104_nyg_low_normal_DAYS_LAST_DUE_s_app_DAYS_ID_PUBLISH_max,5.864439964294434,1,0.606394862593012,0.5695201446289434
9,f104_nyg_low_normal_DAYS_LAST_DUE_1ST_VERSION_s_app_DAYS_REGISTRATION_mean,31.723600387573242,2,0.606394862593012,0.5695201446289434
9,f104_nyg_low_normal_AMT_GOODS_PRICE_d_AMT_ANNUITY_mean,6.89730978012085,1,0.606394862593012,0.5695201446289434
9,f104_nyg_low_normal_DAYS_DECISION_s_app_DAYS_BIRTH_mean,13.982999801635742,1,0.606394862593012,0.5695201446289434
9,f104_nyg_low_normal_AMT_CREDIT_s_app_AMT_GOODS_PRICE_mean,0.0,0,0.606394862593012,0.5695201446289434
9,f104_nyg_low_normal_AMT_GOODS_PRICE_d_AMT_ANNUITY_min,42.287150382995605,5,0.606394862593012,0.5695201446289434
9,f104_nyg_low_normal_DAYS_TERMINATION_s_DAYS_LAST_DUE_1ST_VERSION_mean,48.66426992416382,5,0.606394862593012,0.5695201446289434
9,f104_nyg_low_normal_AMT_CREDIT_s_app_AMT_ANNUITY_pctchange_max,29.078500747680664,2,0.606394862593012,0.5695201446289434
9,f104_nyg_low_normal_AMT_ANNUITY_s_app_AMT_ANNUITY_d_app_AMT_INCOME_TOTAL_max,10.273300170898438,1,0.606394862593012,0.5695201446289434
9,f104_nyg_low_normal_AMT_GOODS_PRICE_d_AMT_CREDIT_mean,0.0,0,0.606394862593012,0.5695201446289434
9,f104_nyg_low_normal_AMT_ANNUITY_d_app_AMT_INCOME_TOTAL_diff_max,46.848339557647705,5,0.606394862593012,0.5695201446289434
9,f104_nyg_low_normal_AMT_ANNUITY_d_app_AMT_ANNUITY_diff_max,40.85919952392578,3,0.606394862593012,0.5695201446289434
9,f104_nyg_low_normal_DAYS_LAST_DUE_1ST_VERSION_s_app_DAYS_REGISTRATION_max,44.45580005645752,3,0.606394862593012,0.5695201446289434
9,f104_nyg_low_normal_DAYS_TERMINATION_d_app_DAYS_BIRTH_mean,0.0,0,0.606394862593012,0.5695201446289434
9,f104_nyg_low_normal_DAYS_DECISION_s_app_DAYS_LAST_PHONE_CHANGE_max,14.08489990234375,1,0.606394862593012,0.5695201446289434
9,f104_nyg_low_normal_AMT_GOODS_PRICE_d_AMT_CREDIT_min,34.56004047393799,3,0.606394862593012,0.5695201446289434
9,f104_nyg_low_normal_NAME_TYPE_SUITE_Unaccompanied_mean,8.414990425109863,1,0.606394862593012,0.5695201446289434
9,f104_nyg_low_normal_AMT_CREDIT_d_AMT_APPLICATION_pctchange_mean,17.97610092163086,1,0.606394862593012,0.5695201446289434
9,f104_nyg_low_normal_AMT_ANNUITY_d_app_AMT_INCOME_TOTAL_diff_mean,0.0,0,0.606394862593012,0.5695201446289434
9,f104_nyg_low_normal_DAYS_FIRST_DUE_d_app_DAYS_BIRTH_min,11.938599586486816,1,0.606394862593012,0.5695201446289434
9,f104_nyg_low_normal_DAYS_LAST_DUE_d_app_DAYS_BIRTH_min,9.773209571838379,1,0.606394862593012,0.5695201446289434
9,f104_nyg_low_normal_DAYS_LAST_DUE_1ST_VERSION_s_app_DAYS_ID_PUBLISH_mean,8.431909561157227,1,0.606394862593012,0.5695201446289434
9,f104_nyg_low_normal_AMT_GOODS_PRICE_d_total_debt_pctchange_mean,26.390398859977722,3,0.606394862593012,0.5695201446289434
9,f104_nyg_low_normal_DAYS_DECISION_s_app_DAYS_ID_PUBLISH_min,78.740309715271,6,0.606394862593012,0.5695201446289434
9,f104_nyg_low_normal_DAYS_LAST_DUE_d_app_DAYS_EMPLOYED_mean,0.0,0,0.606394862593012,0.5695201446289434
9,f104_nyg_low_normal_AMT_ANNUITY_s_app_AMT_ANNUITY_d_app_AMT_INCOME_TOTAL_min,42.3578200340271,4,0.606394862593012,0.5695201446289434
9,f104_nyg_low_normal_DAYS_DECISION_d_app_DAYS_LAST_PHONE_CHANGE_min,21.22120952606201,3,0.606394862593012,0.5695201446289434
9,f104_nyg_low_normal_AMT_ANNUITY_d_app_AMT_ANNUITY_pctchange_max,52.25202941894531,5,0.606394862593012,0.5695201446289434
9,f104_nyg_low_normal_DAYS_LAST_DUE_1ST_VERSION_s_app_DAYS_EMPLOYED_max,0.0,0,0.606394862593012,0.5695201446289434
9,f104_nyg_low_normal_DAYS_LAST_DUE_s_app_DAYS_REGISTRATION_min,27.24091911315918,2,0.606394862593012,0.5695201446289434
9,f104_nyg_low_normal_DAYS_TERMINATION_d_app_DAYS_BIRTH_max,7.150129795074463,1,0.606394862593012,0.5695201446289434
9,f104_nyg_low_normal_DAYS_FIRST_DUE_d_app_DAYS_BIRTH_max,0.0,0,0.606394862593012,0.5695201446289434
9,f104_nyg_low_normal_AMT_ANNUITY_d_app_AMT_ANNUITY_pctchange_min,21.77280044555664,2,0.606394862593012,0.5695201446289434
9,f104_nyg_low_normal_AMT_CREDIT_d_AMT_APPLICATION_pctchange_min,11.485799789428711,1,0.606394862593012,0.5695201446289434
9,f104_nyg_low_normal_DAYS_LAST_DUE_1ST_VERSION_s_app_DAYS_ID_PUBLISH_min,7.199359893798828,1,0.606394862593012,0.5695201446289434
9,f104_nyg_low_normal_AMT_GOODS_PRICE_d_AMT_CREDIT_max,0.0,0,0.606394862593012,0.5695201446289434
9,f104_nyg_low_normal_DAYS_LAST_DUE_d_app_DAYS_BIRTH_mean,0.0,0,0.606394862593012,0.5695201446289434
9,f104_nyg_low_normal_DAYS_TERMINATION_s_app_DAYS_LAST_PHONE_CHANGE_max,1.3405100107192993,1,0.606394862593012,0.5695201446289434
9,f104_nyg_low_normal_DAYS_TERMINATION_s_app_DAYS_LAST_PHONE_CHANGE_mean,24.782299995422363,2,0.606394862593012,0.5695201446289434
9,f104_nyg_low_normal_NAME_CLIENT_TYPE_New_mean,8.015569686889648,1,0.606394862593012,0.5695201446289434
10,f104_nyg_low_normal_DAYS_DECISION_s_app_DAYS_BIRTH_min,69.57266902923584,6,0.8369245955855951,0.7679939378384628
10,f104_nyg_low_normal_DAYS_LAST_DUE_1ST_VERSION_s_app_DAYS_BIRTH_min,116.70469856262207,7,0.8369245955855951,0.7679939378384628
10,f104_nyg_low_normal_DAYS_LAST_DUE_s_app_DAYS_EMPLOYED_mean,104.64118099212646,9,0.8369245955855951,0.7679939378384628
10,f104_nyg_low_normal_DAYS_LAST_DUE_1ST_VERSION_s_DAYS_DECISIONS_max,132.94764018058777,12,0.8369245955855951,0.7679939378384628
10,f104_nyg_low_normal_DAYS_TERMINATION_d_app_DAYS_BIRTH_min,50.473100423812866,5,0.8369245955855951,0.7679939378384628
10,f104_nyg_low_normal_AMT_GOODS_PRICE_d_AMT_CREDIT_diff_mean,316.53095054626465,28,0.8369245955855951,0.7679939378384628
10,f104_nyg_low_normal_DAYS_DECISION_s_app_DAYS_LAST_PHONE_CHANGE_mean,57.372130393981934,5,0.8369245955855951,0.7679939378384628
10,f104_nyg_low_normal_DAYS_TERMINATION_s_app_DAYS_EMPLOYED_min,113.24139976501465,11,0.8369245955855951,0.7679939378384628
10,f104_nyg_low_normal_DAYS_FIRST_DUE_s_app_DAYS_ID_PUBLISH_min,115.34594893455505,9,0.8369245955855951,0.7679939378384628
10,f104_nyg_low_normal_DAYS_TERMINATION_s_app_DAYS_LAST_PHONE_CHANGE_min,199.77959060668945,17,0.8369245955855951,0.7679939378384628
10,f104_nyg_low_normal_DAYS_FIRST_DUE_s_app_DAYS_REGISTRATION_max,240.8752613067627,19,0.8369245955855951,0.7679939378384628
10,f104_nyg_low_normal_DAYS_TERMINATION_s_DAYS_LAST_DUE_1ST_VERSION_min,61.75241947174072,5,0.8369245955855951,0.7679939378384628
10,f104_nyg_middle_AMT_CREDIT_d_total_debt_min,516.8035664558411,28,0.8369245955855951,0.7679939378384628
10,f104_nyg_low_normal_AMT_ANNUITY_d_app_AMT_GOODS_PRICE_diff_max,317.271107673645,25,0.8369245955855951,0.7679939378384628
10,f104_nyg_middle_DAYS_FIRST_DUE_d_app_DAYS_EMPLOYED_min,111.98974132537842,8,0.8369245955855951,0.7679939378384628
10,f104_nyg_middle_AMT_GOODS_PRICE_d_total_debt_mean,230.584792137146,15,0.8369245955855951,0.7679939378384628
10,f104_nyg_middle_AMT_GOODS_PRICE_d_total_debt_min,401.1607403755188,28,0.8369245955855951,0.7679939378384628
10,f104_refused_AMT_ANNUITY_s_app_AMT_ANNUITY_d_app_AMT_INCOME_TOTAL_min,102.19399929046631,7,0.8369245955855951,0.7679939378384628
10,f104_nyg_middle_AMT_GOODS_PRICE_d_total_debt_max,324.77458906173706,24,0.8369245955855951,0.7679939378384628
10,f104_nyg_low_normal_amt_paid_sum,229.3175687789917,18,0.8369245955855951,0.7679939378384628
10,f104_nyg_middle_DAYS_DECISION_d_app_DAYS_EMPLOYED_max,93.13623070716858,9,0.8369245955855951,0.7679939378384628
10,f104_nyg_middle_AMT_CREDIT_d_total_debt_mean,479.14969778060913,30,0.8369245955855951,0.7679939378384628
10,f104_nyg_middle_DAYS_FIRST_DUE_d_app_DAYS_EMPLOYED_max,73.31849002838135,6,0.8369245955855951,0.7679939378384628
10,f104_nyg_middle_AMT_ANNUITY_d_app_AMT_ANNUITY_max,151.81296014785767,12,0.8369245955855951,0.7679939378384628
10,f104_nyg_middle_DAYS_TERMINATION_s_DAYS_LAST_DUE_1ST_VERSION_min,397.1793086528778,29,0.8369245955855951,0.7679939378384628
10,f104_nyg_low_normal_interest_rate_diff_min,36.7967004776001,3,0.8369245955855951,0.7679939378384628
10,f104_nyg_middle_DAYS_TERMINATION_s_DAYS_LAST_DUE_1ST_VERSION_max,192.55996131896973,15,0.8369245955855951,0.7679939378384628
10,f104_nyg_middle_AMT_CREDIT_d_total_debt_diff_min,142.677339553833,11,0.8369245955855951,0.7679939378384628
10,f104_nyg_middle_DAYS_TERMINATION_s_DAYS_LAST_DUE_1ST_VERSION_mean,235.60191822052002,19,0.8369245955855951,0.7679939378384628
10,f104_nyg_middle_total_debt_diff_max,114.19342994689941,9,0.8369245955855951,0.7679939378384628
10,f104_nyg_low_normal_interest_rate_diff_max,35.70791053771973,4,0.8369245955855951,0.7679939378384628
10,f104_nyg_middle_AMT_GOODS_PRICE_d_AMT_ANNUITY_diff_max,117.7468695640564,11,0.8369245955855951,0.7679939378384628
10,f104_nyg_middle_DAYS_DECISION_d_app_DAYS_EMPLOYED_mean,96.3861894607544,7,0.8369245955855951,0.7679939378384628
10,f104_nyg_middle_AMT_ANNUITY_d_app_AMT_ANNUITY_min,104.08512020111084,9,0.8369245955855951,0.7679939378384628
10,f104_nyg_low_normal_cnt_paid_min,40.61256980895996,4,0.8369245955855951,0.7679939378384628
10,f104_nyg_middle_AMT_CREDIT_d_AMT_APPLICATION_min,199.174720287323,16,0.8369245955855951,0.7679939378384628
10,f104_nyg_middle_AMT_ANNUITY_s_app_AMT_ANNUITY_d_app_AMT_INCOME_TOTAL_max,167.28309059143066,12,0.8369245955855951,0.7679939378384628
10,f104_nyg_low_normal_total_debt_max,366.220027923584,27,0.8369245955855951,0.7679939378384628
10,f104_nyg_middle_AMT_CREDIT_d_AMT_ANNUITY_diff_max,86.46446269750595,9,0.8369245955855951,0.7679939378384628
10,f104_refused_AMT_ANNUITY_s_app_AMT_ANNUITY_d_app_AMT_INCOME_TOTAL_max,121.89107894897461,8,0.8369245955855951,0.7679939378384628
10,f104_nyg_low_normal_total_debt_mean,228.30869221687317,20,0.8369245955855951,0.7679939378384628
10,f104_nyg_middle_AMT_ANNUITY_s_app_AMT_ANNUITY_d_app_AMT_INCOME_TOTAL_mean,82.4655990600586,7,0.8369245955855951,0.7679939378384628
10,f104_nyg_middle_AMT_GOODS_PRICE_d_AMT_CREDIT_mean,198.4104700088501,15,0.8369245955855951,0.7679939378384628
10,f104_nyg_middle_AMT_CREDIT_d_AMT_ANNUITY_mean,85.30035877227783,5,0.8369245955855951,0.7679939378384628
10,f104_refused_AMT_ANNUITY_s_app_AMT_ANNUITY_d_app_AMT_INCOME_TOTAL_mean,90.419189453125,8,0.8369245955855951,0.7679939378384628
10,f104_nyg_middle_DAYS_DECISION_d_app_DAYS_EMPLOYED_min,22.570399284362793,2,0.8369245955855951,0.7679939378384628
10,f104_nyg_middle_DAYS_LAST_DUE_s_app_DAYS_LAST_PHONE_CHANGE_max,96.87597846984863,8,0.8369245955855951,0.7679939378384628
10,f104_nyg_middle_AMT_ANNUITY_s_app_AMT_ANNUITY_d_app_AMT_INCOME_TOTAL_min,114.15009927749634,9,0.8369245955855951,0.7679939378384628
10,f104_nyg_low_normal_interest_rate_diff_mean,18.25599956512451,2,0.8369245955855951,0.7679939378384628
10,f104_nyg_middle_total_debt_mean,107.67042970657349,8,0.8369245955855951,0.7679939378384628
10,f104_refused_AMT_ANNUITY_d_app_AMT_CREDIT_mean,47.12100028991699,4,0.8369245955855951,0.7679939378384628
10,f104_nyg_middle_AMT_CREDIT_s_app_AMT_CREDIT_max,60.300411224365234,4,0.8369245955855951,0.7679939378384628
10,f104_nyg_middle_AMT_CREDIT_s_app_AMT_CREDIT_mean,77.48412132263184,6,0.8369245955855951,0.7679939378384628
10,f104_nyg_middle_AMT_CREDIT_d_AMT_APPLICATION_max,264.0564193725586,20,0.8369245955855951,0.7679939378384628
10,f104_nyg_middle_AMT_CREDIT_s_app_AMT_ANNUITY_diff_max,176.5488395690918,15,0.8369245955855951,0.7679939378384628
10,f104_nyg_middle_AMT_ANNUITY_d_app_AMT_CREDIT_max,175.77599096298218,15,0.8369245955855951,0.7679939378384628
10,f104_refused_AMT_ANNUITY_d_app_AMT_CREDIT_min,52.8106210231781,4,0.8369245955855951,0.7679939378384628
10,f104_nyg_middle_DAYS_DECISION_s_app_DAYS_LAST_PHONE_CHANGE_max,41.951409339904785,4,0.8369245955855951,0.7679939378384628
10,f104_nyg_middle_AMT_CREDIT_d_total_debt_pctchange_min,132.9190707206726,12,0.8369245955855951,0.7679939378384628
10,f104_refused_AMT_ANNUITY_d_app_AMT_CREDIT_max,0.0,0,0.8369245955855951,0.7679939378384628
10,f104_nyg_middle_AMT_ANNUITY_d_app_AMT_GOODS_PRICE_mean,181.09747982025146,15,0.8369245955855951,0.7679939378384628
10,f104_nyg_middle_DAYS_TERMINATION_s_app_DAYS_LAST_PHONE_CHANGE_min,67.10338973999023,6,0.8369245955855951,0.7679939378384628
10,f104_nyg_middle_DAYS_DECISION_d_app_DAYS_BIRTH_mean,232.13470935821533,20,0.8369245955855951,0.7679939378384628
10,f104_nyg_middle_AMT_CREDIT_d_total_debt_max,156.5531711578369,12,0.8369245955855951,0.7679939378384628
10,f104_nyg_middle_DAYS_FIRST_DUE_d_app_DAYS_BIRTH_mean,140.97122955322266,12,0.8369245955855951,0.7679939378384628
10,f104_nyg_middle_total_debt_min,123.79332160949707,10,0.8369245955855951,0.7679939378384628
10,f104_refused_AMT_ANNUITY_d_app_AMT_GOODS_PRICE_max,56.64232921600342,5,0.8369245955855951,0.7679939378384628
10,f104_nyg_middle_DAYS_LAST_DUE_1ST_VERSION_s_app_DAYS_ID_PUBLISH_max,480.70122051239014,38,0.8369245955855951,0.7679939378384628
10,f104_nyg_middle_DAYS_LAST_DUE_s_app_DAYS_LAST_PHONE_CHANGE_min,33.67630100250244,3,0.8369245955855951,0.7679939378384628
10,f104_refused_AMT_ANNUITY_d_app_AMT_ANNUITY_mean,9.594579696655273,1,0.8369245955855951,0.7679939378384628
10,f104_nyg_low_normal_amt_unpaid_min,66.63511085510254,5,0.8369245955855951,0.7679939378384628
10,f104_nyg_low_normal_total_debt_min,181.6099419593811,16,0.8369245955855951,0.7679939378384628
10,f104_nyg_middle_AMT_ANNUITY_d_app_AMT_ANNUITY_mean,51.24514055252075,5,0.8369245955855951,0.7679939378384628
10,f104_nyg_middle_DAYS_LAST_DUE_1ST_VERSION_s_app_DAYS_EMPLOYED_max,89.99477994441986,9,0.8369245955855951,0.7679939378384628
10,f104_refused_AMT_ANNUITY_d_app_AMT_INCOME_TOTAL_min,63.676170349121094,6,0.8369245955855951,0.7679939378384628
10,f104_nyg_middle_AMT_CREDIT_d_app_AMT_INCOME_TOTAL_diff_max,136.99100017547607,10,0.8369245955855951,0.7679939378384628
10,f104_nyg_middle_DAYS_FIRST_DUE_d_app_DAYS_EMPLOYED_mean,39.25856971740723,4,0.8369245955855951,0.7679939378384628
10,f104_nyg_middle_DAYS_DECISION_s_app_DAYS_BIRTH_max,85.2154107093811,7,0.8369245955855951,0.7679939378384628
10,f104_nyg_middle_AMT_CREDIT_s_app_AMT_GOODS_PRICE_max,6.223390102386475,1,0.8369245955855951,0.7679939378384628
10,f104_nyg_middle_DAYS_FIRST_DUE_s_app_DAYS_LAST_PHONE_CHANGE_max,108.72821855545044,9,0.8369245955855951,0.7679939378384628
10,f104_refused_AMT_ANNUITY_max,49.55768060684204,4,0.8369245955855951,0.7679939378384628
10,f104_refused_AMT_ANNUITY_mean,28.99870014190674,2,0.8369245955855951,0.7679939378384628
10,f104_nyg_middle_DAYS_FIRST_DUE_s_app_DAYS_LAST_PHONE_CHANGE_min,83.5350284576416,5,0.8369245955855951,0.7679939378384628
10,f104_nyg_low_normal_cnt_paid_ratio_max,18.394450187683105,2,0.8369245955855951,0.7679939378384628
10,f104_nyg_middle_AMT_GOODS_PRICE_d_AMT_ANNUITY_max,98.28901100158691,10,0.8369245955855951,0.7679939378384628
10,f104_nyg_middle_AMT_APPLICATION_s_app_AMT_GOODS_PRICE_min,128.00048971176147,11,0.8369245955855951,0.7679939378384628
10,f104_nyg_middle_total_debt_max,110.7859001159668,9,0.8369245955855951,0.7679939378384628
10,f104_nyg_middle_AMT_CREDIT_s_app_AMT_GOODS_PRICE_min,40.44525909423828,4,0.8369245955855951,0.7679939378384628
10,f104_nyg_middle_DAYS_FIRST_DUE_d_app_DAYS_BIRTH_max,55.27065992355347,6,0.8369245955855951,0.7679939378384628
10,f104_nyg_middle_DAYS_TERMINATION_s_app_DAYS_LAST_PHONE_CHANGE_max,35.047890186309814,4,0.8369245955855951,0.7679939378384628
10,f104_nyg_middle_AMT_CREDIT_d_AMT_ANNUITY_max,92.07357883453369,8,0.8369245955855951,0.7679939378384628
10,f104_nyg_middle_DAYS_LAST_DUE_d_app_DAYS_BIRTH_max,108.04095888137817,10,0.8369245955855951,0.7679939378384628
10,f104_nyg_middle_NAME_CLIENT_TYPE_New_mean,0.0,0,0.8369245955855951,0.7679939378384628
10,f104_nyg_middle_DAYS_TERMINATION_d_app_DAYS_ID_PUBLISH_min,107.8601598739624,8,0.8369245955855951,0.7679939378384628
10,f104_nyg_middle_AMT_ANNUITY_d_app_AMT_CREDIT_mean,102.67029094696045,9,0.8369245955855951,0.7679939378384628
10,f104_nyg_middle_DAYS_FIRST_DUE_d_app_DAYS_ID_PUBLISH_min,198.11673021316528,17,0.8369245955855951,0.7679939378384628
10,f104_nyg_middle_AMT_GOODS_PRICE_d_AMT_ANNUITY_min,150.97904872894287,13,0.8369245955855951,0.7679939378384628
10,f104_nyg_middle_DAYS_LAST_DUE_1ST_VERSION_d_app_DAYS_ID_PUBLISH_min,230.8879976272583,16,0.8369245955855951,0.7679939378384628
10,f104_nyg_low_normal_amt_unpaid_mean,162.7590389251709,11,0.8369245955855951,0.7679939378384628
10,f104_nyg_middle_DAYS_DECISION_s_app_DAYS_LAST_PHONE_CHANGE_mean,34.41972064971924,3,0.8369245955855951,0.7679939378384628
10,f104_refused_AMT_ANNUITY_m_app_AMT_GOODS_PRICE_d_app_AMT_INCOME_TOTAL_pctchange_min,33.08739948272705,3,0.8369245955855951,0.7679939378384628
10,f104_nyg_middle_AMT_ANNUITY_d_app_AMT_CREDIT_min,183.4596700668335,14,0.8369245955855951,0.7679939378384628
10,f104_refused_AMT_ANNUITY_s_app_AMT_ANNUITY_max,36.03302001953125,3,0.8369245955855951,0.7679939378384628
10,f104_nyg_middle_DAYS_DECISION_s_app_DAYS_ID_PUBLISH_max,143.0806703567505,13,0.8369245955855951,0.7679939378384628
10,f104_nyg_middle_DAYS_TERMINATION_d_app_DAYS_EMPLOYED_min,103.41932964324951,10,0.8369245955855951,0.7679939378384628
10,f104_nyg_middle_DAYS_DECISION_d_app_DAYS_ID_PUBLISH_min,157.8477382659912,13,0.8369245955855951,0.7679939378384628
10,f104_nyg_middle_DAYS_DECISION_s_app_DAYS_LAST_PHONE_CHANGE_min,51.253830432891846,5,0.8369245955855951,0.7679939378384628
10,f104_nyg_middle_AMT_CREDIT_s_app_AMT_GOODS_PRICE_mean,165.59475135803223,12,0.8369245955855951,0.7679939378384628
10,f104_nyg_low_normal_cnt_unpaid_mean,11.10219955444336,1,0.8369245955855951,0.7679939378384628
10,f104_nyg_middle_DAYS_DECISION_d_app_DAYS_ID_PUBLISH_max,121.98422050476074,10,0.8369245955855951,0.7679939378384628
10,f104_nyg_middle_DAYS_LAST_DUE_d_app_DAYS_BIRTH_min,76.07883214950562,6,0.8369245955855951,0.7679939378384628
10,f104_nyg_middle_DAYS_DECISION_s_app_DAYS_BIRTH_mean,86.3959789276123,7,0.8369245955855951,0.7679939378384628
10,f104_nyg_middle_AMT_GOODS_PRICE_d_AMT_ANNUITY_mean,115.20818996429443,9,0.8369245955855951,0.7679939378384628
10,f104_nyg_middle_DAYS_DECISION_s_app_DAYS_ID_PUBLISH_min,128.3490228652954,11,0.8369245955855951,0.7679939378384628
10,f104_nyg_middle_DAYS_LAST_DUE_1ST_VERSION_d_app_DAYS_ID_PUBLISH_max,104.18696904182434,10,0.8369245955855951,0.7679939378384628
10,f104_nyg_middle_DAYS_LAST_DUE_1ST_VERSION_s_app_DAYS_REGISTRATION_mean,173.19125986099243,15,0.8369245955855951,0.7679939378384628
10,f104_nyg_middle_DAYS_LAST_DUE_1ST_VERSION_s_app_DAYS_BIRTH_max,81.70343971252441,8,0.8369245955855951,0.7679939378384628
10,f104_nyg_middle_AMT_CREDIT_d_AMT_ANNUITY_min,220.7659215927124,18,0.8369245955855951,0.7679939378384628
10,f104_nyg_middle_DAYS_DECISION_d_app_DAYS_BIRTH_min,110.7195086479187,9,0.8369245955855951,0.7679939378384628
10,f104_nyg_middle_DAYS_TERMINATION_d_app_DAYS_EMPLOYED_max,124.32881832122803,11,0.8369245955855951,0.7679939378384628
10,f104_nyg_middle_AMT_CREDIT_d_AMT_APPLICATION_mean,298.27037239074707,21,0.8369245955855951,0.7679939378384628
10,f104_nyg_middle_AMT_ANNUITY_d_app_AMT_GOODS_PRICE_min,150.29954051971436,12,0.8369245955855951,0.7679939378384628
10,f104_refused_AMT_ANNUITY_d_app_AMT_GOODS_PRICE_mean,7.741409778594971,1,0.8369245955855951,0.7679939378384628
10,f104_nyg_middle_DAYS_LAST_DUE_1ST_VERSION_s_app_DAYS_EMPLOYED_min,140.21490859985352,12,0.8369245955855951,0.7679939378384628
10,f104_nyg_middle_AMT_GOODS_PRICE_d_AMT_CREDIT_max,71.39400005340576,5,0.8369245955855951,0.7679939378384628
10,f104_nyg_middle_DAYS_TERMINATION_d_app_DAYS_BIRTH_mean,124.6955099105835,10,0.8369245955855951,0.7679939378384628
10,f104_nyg_middle_DAYS_TERMINATION_d_app_DAYS_BIRTH_min,126.0944709777832,11,0.8369245955855951,0.7679939378384628
10,f104_nyg_middle_DAYS_FIRST_DUE_s_app_DAYS_LAST_PHONE_CHANGE_mean,85.5708909034729,6,0.8369245955855951,0.7679939378384628
10,f104_nyg_middle_DAYS_TERMINATION_s_app_DAYS_BIRTH_max,45.1628999710083,4,0.8369245955855951,0.7679939378384628
10,f104_nyg_middle_AMT_APPLICATION_s_app_AMT_GOODS_PRICE_max,65.7347993850708,5,0.8369245955855951,0.7679939378384628
10,f104_nyg_middle_DAYS_TERMINATION_s_app_DAYS_EMPLOYED_max,71.47259855270386,7,0.8369245955855951,0.7679939378384628
10,f104_nyg_middle_DAYS_TERMINATION_d_app_DAYS_BIRTH_max,39.05780029296875,3,0.8369245955855951,0.7679939378384628
10,f104_refused_DAYS_DECISION_s_app_DAYS_BIRTH_min,33.06778049468994,3,0.8369245955855951,0.7679939378384628
10,f104_nyg_low_normal_cnt_paid_ratio_min,0.0,0,0.8369245955855951,0.7679939378384628
10,f104_refused_AMT_CREDIT_d_AMT_APPLICATION_max,70.2388105392456,5,0.8369245955855951,0.7679939378384628
10,f104_refused_DAYS_DECISION_s_app_DAYS_BIRTH_mean,20.500760078430176,2,0.8369245955855951,0.7679939378384628
10,f104_refused_AMT_GOODS_PRICE_d_AMT_CREDIT_min,47.40199947357178,3,0.8369245955855951,0.7679939378384628
10,f104_refused_AMT_ANNUITY_s_app_AMT_GOODS_PRICE_min,10.173399925231934,1,0.8369245955855951,0.7679939378384628
10,f104_refused_DAYS_DECISION_s_app_DAYS_EMPLOYED_max,29.662399291992188,2,0.8369245955855951,0.7679939378384628
10,f104_refused_AMT_GOODS_PRICE_d_total_debt_mean,115.35828018188477,9,0.8369245955855951,0.7679939378384628
10,f104_refused_DAYS_DECISION_s_app_DAYS_BIRTH_max,13.604840278625488,2,0.8369245955855951,0.7679939378384628
10,f104_refused_DAYS_DECISION_s_app_DAYS_ID_PUBLISH_min,68.9345006942749,5,0.8369245955855951,0.7679939378384628
10,f104_refused_AMT_CREDIT_d_total_debt_min,84.50032997131348,7,0.8369245955855951,0.7679939378384628
10,f104_refused_AMT_ANNUITY_s_app_AMT_CREDIT_d_app_AMT_INCOME_TOTAL_pctchange_mean,43.04616928100586,4,0.8369245955855951,0.7679939378384628
10,f104_refused_AMT_CREDIT_d_total_debt_max,136.54350185394287,8,0.8369245955855951,0.7679939378384628
10,f104_refused_AMT_GOODS_PRICE_d_AMT_ANNUITY_pctchange_mean,20.57615089416504,2,0.8369245955855951,0.7679939378384628
10,f104_refused_AMT_CREDIT_d_AMT_APPLICATION_mean,76.84460926055908,6,0.8369245955855951,0.7679939378384628
10,f104_refused_AMT_ANNUITY_s_app_AMT_GOODS_PRICE_max,0.0,0,0.8369245955855951,0.7679939378384628
10,f104_refused_AMT_APPLICATION_s_app_AMT_ANNUITY_min,0.0,0,0.8369245955855951,0.7679939378384628
10,f104_refused_DAYS_DECISION_d_app_DAYS_BIRTH_min,94.41517925262451,8,0.8369245955855951,0.7679939378384628
10,f104_refused_AMT_APPLICATION_s_app_AMT_CREDIT_min,16.089099884033203,1,0.8369245955855951,0.7679939378384628
10,f104_refused_DAYS_DECISION_s_app_DAYS_EMPLOYED_min,72.65180015563965,5,0.8369245955855951,0.7679939378384628
10,f104_refused_AMT_APPLICATION_s_app_AMT_CREDIT_d_app_AMT_INCOME_TOTAL_mean,29.176400184631348,2,0.8369245955855951,0.7679939378384628
10,f104_refused_AMT_GOODS_PRICE_d_total_debt_min,28.13319969177246,3,0.8369245955855951,0.7679939378384628
10,f104_refused_DAYS_DECISION_s_app_DAYS_ID_PUBLISH_max,72.0320987701416,5,0.8369245955855951,0.7679939378384628
10,f104_refused_AMT_ANNUITY_s_app_AMT_GOODS_PRICE_mean,18.521499633789062,1,0.8369245955855951,0.7679939378384628
10,f104_refused_AMT_GOODS_PRICE_d_app_AMT_CREDIT_diff_std,65.00641822814941,5,0.8369245955855951,0.7679939378384628
10,f104_refused_DAYS_DECISION_s_app_DAYS_LAST_PHONE_CHANGE_max,145.11737060546875,10,0.8369245955855951,0.7679939378384628
10,f104_refused_AMT_CREDIT_s_app_AMT_ANNUITY_min,11.239100456237793,1,0.8369245955855951,0.7679939378384628
10,f104_refused_AMT_APPLICATION_d_app_AMT_INCOME_TOTAL_diff_min,45.26750040054321,3,0.8369245955855951,0.7679939378384628
10,f104_refused_AMT_CREDIT_d_AMT_APPLICATION_diff_mean,27.40627098083496,2,0.8369245955855951,0.7679939378384628
10,f104_refused_AMT_APPLICATION_s_app_AMT_CREDIT_pctchange_std_div_mean,0.0,0,0.8369245955855951,0.7679939378384628
10,f104_refused_AMT_GOODS_PRICE_s_app_AMT_CREDIT_d_app_AMT_INCOME_TOTAL_mean,49.125919342041016,4,0.8369245955855951,0.7679939378384628
10,f104_refused_DAYS_DECISION_d_app_DAYS_BIRTH_max,85.00687980651855,6,0.8369245955855951,0.7679939378384628
10,f104_refused_AMT_ANNUITY_s_app_AMT_CREDIT_pctchange_max,62.022369384765625,5,0.8369245955855951,0.7679939378384628
10,f104_refused_AMT_CREDIT_d_app_AMT_GOODS_PRICE_min,25.55970001220703,2,0.8369245955855951,0.7679939378384628
10,f104_refused_AMT_GOODS_PRICE_d_AMT_ANNUITY_std,17.864620208740234,2,0.8369245955855951,0.7679939378384628
10,f104_refused_AMT_APPLICATION_s_app_AMT_CREDIT_d_app_AMT_INCOME_TOTAL_min,0.0,0,0.8369245955855951,0.7679939378384628
10,f104_refused_AMT_CREDIT_s_app_AMT_ANNUITY_diff_min,51.0068998336792,3,0.8369245955855951,0.7679939378384628
10,f104_refused_AMT_CREDIT_d_total_debt_diff_min,151.2225694656372,13,0.8369245955855951,0.7679939378384628
10,f104_refused_AMT_APPLICATION_s_app_AMT_ANNUITY_d_app_AMT_INCOME_TOTAL_std_div_mean,0.0,0,0.8369245955855951,0.7679939378384628
10,f104_refused_CNT_PAYMENT_mean,12.262700080871582,1,0.8369245955855951,0.7679939378384628
10,f104_refused_AMT_APPLICATION_d_app_AMT_INCOME_TOTAL_diff_mean,33.999810218811035,3,0.8369245955855951,0.7679939378384628
10,f104_refused_AMT_GOODS_PRICE_d_total_debt_pctchange_max,68.99870014190674,5,0.8369245955855951,0.7679939378384628
10,f104_refused_AMT_CREDIT_d_total_debt_pctchange_max,118.09204769134521,9,0.8369245955855951,0.7679939378384628
10,f104_refused_AMT_ANNUITY_s_app_AMT_CREDIT_pctchange_std,0.0,0,0.8369245955855951,0.7679939378384628
10,f104_refused_AMT_CREDIT_s_app_AMT_ANNUITY_d_app_AMT_INCOME_TOTAL_pctchange_max,34.04063034057617,3,0.8369245955855951,0.7679939378384628
10,f104_refused_AMT_CREDIT_d_AMT_ANNUITY_diff_min,26.53292942047119,2,0.8369245955855951,0.7679939378384628
10,f104_refused_DAYS_DECISION_s_app_DAYS_LAST_PHONE_CHANGE_std_div_mean,17.56220054626465,1,0.8369245955855951,0.7679939378384628
10,f104_refused_DAYS_DECISION_d_app_DAYS_BIRTH_max_div_min,0.0,0,0.8369245955855951,0.7679939378384628
10,f104_refused_AMT_GOODS_PRICE_s_app_AMT_ANNUITY_mean,9.901700019836426,1,0.8369245955855951,0.7679939378384628
10,f104_refused_AMT_GOODS_PRICE_d_app_AMT_GOODS_PRICE_mean,10.154899597167969,1,0.8369245955855951,0.7679939378384628
10,f104_refused_AMT_ANNUITY_s_app_AMT_CREDIT_d_app_AMT_INCOME_TOTAL_pctchange_min,32.709930419921875,3,0.8369245955855951,0.7679939378384628
10,f104_refused_AMT_GOODS_PRICE_d_AMT_CREDIT_pctchange_min,0.0,0,0.8369245955855951,0.7679939378384628
10,f104_refused_AMT_GOODS_PRICE_d_app_AMT_INCOME_TOTAL_std,9.16530990600586,1,0.8369245955855951,0.7679939378384628
10,f104_refused_AMT_APPLICATION_m_app_AMT_GOODS_PRICE_d_app_AMT_INCOME_TOTAL_min,7.6543498039245605,1,0.8369245955855951,0.7679939378384628
10,f104_refused_AMT_CREDIT_s_app_AMT_ANNUITY_d_app_AMT_INCOME_TOTAL_pctchange_std_div_mean,0.0,0,0.8369245955855951,0.7679939378384628
10,f104_refused_AMT_CREDIT_s_app_AMT_CREDIT_d_app_AMT_INCOME_TOTAL_min,54.47200012207031,5,0.8369245955855951,0.7679939378384628
10,f104_refused_AMT_GOODS_PRICE_d_app_AMT_ANNUITY_min,73.60350131988525,5,0.8369245955855951,0.7679939378384628
10,f104_refused_AMT_ANNUITY_s_app_AMT_GOODS_PRICE_pctchange_mean,42.40717124938965,4,0.8369245955855951,0.7679939378384628
10,f104_refused_AMT_GOODS_PRICE_d_app_AMT_CREDIT_min,9.024809837341309,1,0.8369245955855951,0.7679939378384628
10,f104_refused_AMT_CREDIT_d_AMT_APPLICATION_diff_std,50.121620178222656,4,0.8369245955855951,0.7679939378384628
10,f104_refused_AMT_CREDIT_s_app_AMT_ANNUITY_mean,35.07300090789795,2,0.8369245955855951,0.7679939378384628
10,f104_refused_AMT_CREDIT_d_app_AMT_ANNUITY_mean,16.303600311279297,1,0.8369245955855951,0.7679939378384628
10,f104_refused_AMT_APPLICATION_s_app_AMT_INCOME_TOTAL_pctchange_mean,54.18729114532471,4,0.8369245955855951,0.7679939378384628
10,f104_refused_AMT_ANNUITY_s_app_AMT_CREDIT_diff_min,81.11940002441406,5,0.8369245955855951,0.7679939378384628
10,f104_refused_AMT_CREDIT_d_AMT_ANNUITY_diff_std,0.0,0,0.8369245955855951,0.7679939378384628
10,f104_refused_AMT_APPLICATION_d_app_AMT_GOODS_PRICE_min,14.074619770050049,2,0.8369245955855951,0.7679939378384628
10,f104_refused_AMT_GOODS_PRICE_d_app_AMT_ANNUITY_max,26.98853063583374,3,0.8369245955855951,0.7679939378384628
10,f104_refused_AMT_ANNUITY_s_app_AMT_GOODS_PRICE_pctchange_min,26.08060073852539,2,0.8369245955855951,0.7679939378384628
10,f104_refused_AMT_CREDIT_d_app_AMT_CREDIT_min,16.75469970703125,1,0.8369245955855951,0.7679939378384628
10,f104_refused_AMT_CREDIT_s_app_AMT_ANNUITY_d_app_AMT_INCOME_TOTAL_pctchange_mean,10.438699722290039,1,0.8369245955855951,0.7679939378384628
10,f104_refused_AMT_CREDIT_d_AMT_APPLICATION_pctchange_mean,54.82460927963257,5,0.8369245955855951,0.7679939378384628
10,f104_refused_AMT_GOODS_PRICE_d_AMT_ANNUITY_diff_min,50.53585910797119,5,0.8369245955855951,0.7679939378384628
10,f104_refused_CODE_REJECT_REASON_LIMIT_sum,0.0,0,0.8369245955855951,0.7679939378384628
10,f104_refused_AMT_GOODS_PRICE_d_app_AMT_GOODS_PRICE_min,31.051700592041016,2,0.8369245955855951,0.7679939378384628
10,f104_refused_AMT_CREDIT_d_app_AMT_INCOME_TOTAL_diff_std,10.895600318908691,1,0.8369245955855951,0.7679939378384628
10,f104_refused_AMT_GOODS_PRICE_m_app_AMT_GOODS_PRICE_d_app_AMT_INCOME_TOTAL_diff_min,65.0864315032959,5,0.8369245955855951,0.7679939378384628
10,f104_refused_AMT_GOODS_PRICE_d_total_debt_pctchange_min,0.0,0,0.8369245955855951,0.7679939378384628
10,f104_refused_AMT_ANNUITY_s_app_AMT_CREDIT_d_app_AMT_INCOME_TOTAL_std_div_mean,13.552599906921387,1,0.8369245955855951,0.7679939378384628
10,f104_refused_AMT_CREDIT_d_total_debt_mean,98.55737113952637,7,0.8369245955855951,0.7679939378384628
10,f104_refused_DAYS_DECISION_d_app_DAYS_BIRTH_mean,41.19938087463379,4,0.8369245955855951,0.7679939378384628
10,f104_refused_AMT_GOODS_PRICE_d_app_AMT_INCOME_TOTAL_min,13.572699546813965,1,0.8369245955855951,0.7679939378384628
10,f104_refused_AMT_CREDIT_m_app_AMT_GOODS_PRICE_d_app_AMT_INCOME_TOTAL_diff_min,52.690810203552246,4,0.8369245955855951,0.7679939378384628
10,f104_refused_CNT_PAYMENT_max,0.0,0,0.8369245955855951,0.7679939378384628
10,f104_refused_AMT_APPLICATION_max,27.22879981994629,2,0.8369245955855951,0.7679939378384628
10,f104_refused_AMT_APPLICATION_d_app_AMT_CREDIT_mean,55.291630268096924,4,0.8369245955855951,0.7679939378384628
10,f104_refused_AMT_APPLICATION_s_app_AMT_CREDIT_d_app_AMT_INCOME_TOTAL_diff_mean,48.10446071624756,3,0.8369245955855951,0.7679939378384628
10,f104_refused_AMT_GOODS_PRICE_s_app_AMT_INCOME_TOTAL_mean,17.28459930419922,1,0.8369245955855951,0.7679939378384628
10,f104_refused_AMT_ANNUITY_s_app_AMT_INCOME_TOTAL_diff_min,47.129600524902344,2,0.8369245955855951,0.7679939378384628
10,f104_refused_AMT_CREDIT_d_AMT_APPLICATION_pctchange_max,0.0,0,0.8369245955855951,0.7679939378384628
10,f104_refused_AMT_CREDIT_s_app_AMT_ANNUITY_pctchange_max,20.13884925842285,2,0.8369245955855951,0.7679939378384628
10,f104_refused_AMT_ANNUITY_s_app_AMT_GOODS_PRICE_diff_mean,17.185290336608887,2,0.8369245955855951,0.7679939378384628
10,f104_refused_AMT_APPLICATION_d_app_AMT_ANNUITY_mean,0.0,0,0.8369245955855951,0.7679939378384628
10,f104_refused_AMT_ANNUITY_s_app_AMT_GOODS_PRICE_diff_min,0.0,0,0.8369245955855951,0.7679939378384628
10,f104_refused_AMT_CREDIT_d_AMT_APPLICATION_pctchange_max_div_min,30.863879680633545,2,0.8369245955855951,0.7679939378384628
10,f104_refused_AMT_GOODS_PRICE_mean,8.483519554138184,1,0.8369245955855951,0.7679939378384628
10,f104_refused_AMT_GOODS_PRICE_d_AMT_ANNUITY_std_div_mean,0.0,0,0.8369245955855951,0.7679939378384628
10,f104_refused_AMT_CREDIT_d_total_debt_diff_max,0.0,0,0.8369245955855951,0.7679939378384628
10,f104_refused_DAYS_DECISION_s_app_DAYS_LAST_PHONE_CHANGE_mean,95.17939949035645,6,0.8369245955855951,0.7679939378384628
10,f104_refused_AMT_APPLICATION_m_app_AMT_GOODS_PRICE_d_app_AMT_INCOME_TOTAL_pctchange_std,116.06756114959717,10,0.8369245955855951,0.7679939378384628
10,f104_refused_AMT_CREDIT_s_app_AMT_ANNUITY_d_app_AMT_INCOME_TOTAL_diff_min,23.49839973449707,2,0.8369245955855951,0.7679939378384628
10,f104_refused_AMT_CREDIT_m_app_AMT_GOODS_PRICE_d_app_AMT_INCOME_TOTAL_pctchange_max_div_min,33.39303970336914,3,0.8369245955855951,0.7679939378384628
10,f104_refused_AMT_APPLICATION_s_app_AMT_ANNUITY_d_app_AMT_INCOME_TOTAL_min,0.0,0,0.8369245955855951,0.7679939378384628
10,f104_refused_AMT_APPLICATION_s_app_AMT_INCOME_TOTAL_min,31.158230781555176,3,0.8369245955855951,0.7679939378384628
10,f104_refused_AMT_APPLICATION_s_app_AMT_CREDIT_d_app_AMT_INCOME_TOTAL_diff_min,25.785600662231445,2,0.8369245955855951,0.7679939378384628
10,f104_refused_AMT_GOODS_PRICE_s_app_AMT_INCOME_TOTAL_pctchange_mean,60.36639976501465,4,0.8369245955855951,0.7679939378384628
10,f104_refused_AMT_CREDIT_s_app_AMT_INCOME_TOTAL_min,16.416099548339844,1,0.8369245955855951,0.7679939378384628
10,f104_refused_AMT_CREDIT_d_total_debt_pctchange_std,1.5436999797821045,1,0.8369245955855951,0.7679939378384628
10,f104_refused_AMT_CREDIT_d_app_AMT_CREDIT_mean,24.03505039215088,2,0.8369245955855951,0.7679939378384628
10,f104_refused_DAYS_DECISION_s_app_DAYS_LAST_PHONE_CHANGE_min,108.13144016265869,8,0.8369245955855951,0.7679939378384628
10,f104_refused_DAYS_DECISION_s_app_DAYS_EMPLOYED_mean,37.7347993850708,3,0.8369245955855951,0.7679939378384628
10,f104_refused_AMT_APPLICATION_s_app_AMT_ANNUITY_max,35.646599769592285,3,0.8369245955855951,0.7679939378384628
10,f104_refused_AMT_ANNUITY_s_app_AMT_INCOME_TOTAL_pctchange_max,60.93192958831787,5,0.8369245955855951,0.7679939378384628
10,f104_refused_AMT_CREDIT_d_app_AMT_ANNUITY_max_div_min,0.0,0,0.8369245955855951,0.7679939378384628
10,f104_refused_AMT_APPLICATION_s_app_AMT_ANNUITY_mean,0.0,0,0.8369245955855951,0.7679939378384628
10,f104_refused_AMT_GOODS_PRICE_d_total_debt_max,41.23305034637451,4,0.8369245955855951,0.7679939378384628
10,f104_refused_AMT_APPLICATION_d_app_AMT_INCOME_TOTAL_min,12.653400421142578,1,0.8369245955855951,0.7679939378384628
10,f104_refused_total_debt_min,10.301300048828125,1,0.8369245955855951,0.7679939378384628
10,f104_refused_RATE_DOWN_PAYMENT_max,23.28236961364746,2,0.8369245955855951,0.7679939378384628
10,f104_refused_RATE_DOWN_PAYMENT_mean,84.45034885406494,7,0.8369245955855951,0.7679939378384628
10,f104_refused_interest_rate_diff_min,113.14078998565674,7,0.8369245955855951,0.7679939378384628
10,f104_refused_HOUR_APPR_PROCESS_START_min,0.0,0,0.8369245955855951,0.7679939378384628
10,f104_refused_interest_rate_diff_mean,95.63550186157227,7,0.8369245955855951,0.7679939378384628
10,f104_refused_HOUR_APPR_PROCESS_START_mean,22.84326982498169,2,0.8369245955855951,0.7679939378384628
10,f104_refused_SELLERPLACE_AREA_std_div_mean,17.753880500793457,2,0.8369245955855951,0.7679939378384628
10,f104_refused_total_debt_diff_min,0.0,0,0.8369245955855951,0.7679939378384628
10,f104_refused_total_debt_std_div_mean,1.7743899822235107,1,0.8369245955855951,0.7679939378384628
10,f104_refused_NAME_CLIENT_TYPE_New_mean,0.0,0,0.8369245955855951,0.7679939378384628
10,f104_refused_NAME_YIELD_GROUP_high_mean,0.0,0,0.8369245955855951,0.7679939378384628
10,f104_refused_interest_rate_std_div_mean,2.4700698852539062,1,0.8369245955855951,0.7679939378384628
10,f104_refused_NAME_CLIENT_TYPE_Refreshed_mean,9.980549812316895,1,0.8369245955855951,0.7679939378384628
10,f104_refused_NAME_PRODUCT_TYPE_walk_in_sum,35.298200607299805,2,0.8369245955855951,0.7679939378384628
10,f104_refused_HOUR_APPR_PROCESS_START_max,29.363699913024902,2,0.8369245955855951,0.7679939378384628
10,f104_refused_total_debt_diff_mean,0.0,0,0.8369245955855951,0.7679939378384628
10,f104_refused_interest_rate_pctchange_std,10.041299819946289,1,0.8369245955855951,0.7679939378384628
10,f104_refused_NAME_PRODUCT_TYPE_walk_in_mean,20.590120315551758,2,0.8369245955855951,0.7679939378384628
10,f104_refused_NAME_TYPE_SUITE_Unaccompanied_sum,0.0,0,0.8369245955855951,0.7679939378384628
10,f104_refused_NAME_SELLER_INDUSTRY_XNA_sum,0.0,0,0.8369245955855951,0.7679939378384628
10,f104_refused_interest_rate_diff_std,11.032600402832031,1,0.8369245955855951,0.7679939378384628
10,f104_refused_WEEKDAY_APPR_PROCESS_START_THURSDAY_mean,246.8667106628418,20,0.8369245955855951,0.7679939378384628
10,f104_refused_NAME_GOODS_CATEGORY_XNA_sum,0.0,0,0.8369245955855951,0.7679939378384628
10,f104_refused_NAME_CONTRACT_STATUS_Refused_sum,0.0,0,0.8369245955855951,0.7679939378384628
10,f104_refused_NAME_SELLER_INDUSTRY_Consumer_electronics_mean,10.535499572753906,1,0.8369245955855951,0.7679939378384628
10,f104_refused_NAME_CLIENT_TYPE_Repeater_sum,21.141900062561035,2,0.8369245955855951,0.7679939378384628
10,f104_refused_NAME_YIELD_GROUP_high_sum,0.0,0,0.8369245955855951,0.7679939378384628
10,f104_refused_total_debt_std,13.802200317382812,1,0.8369245955855951,0.7679939378384628
10,f104_refused_interest_rate_pctchange_std_div_mean,0.0,0,0.8369245955855951,0.7679939378384628
10,f104_refused_NAME_PAYMENT_TYPE_Cash_through_the_bank_sum,13.017399787902832,1,0.8369245955855951,0.7679939378384628
10,f104_refused_WEEKDAY_APPR_PROCESS_START_TUESDAY_sum,0.0,0,0.8369245955855951,0.7679939378384628
10,f104_refused_HOUR_APPR_PROCESS_START_std_div_mean,0.0,0,0.8369245955855951,0.7679939378384628
10,f104_refused_NAME_PORTFOLIO_Cash_mean,0.0,0,0.8369245955855951,0.7679939378384628
10,f104_refused_NAME_CASH_LOAN_PURPOSE_XNA_sum,0.0,0,0.8369245955855951,0.7679939378384628
10,f104_refused_PREV_COUNT,0.0,0,0.8369245955855951,0.7679939378384628
10,f104_refused_HOUR_APPR_PROCESS_START_std,0.0,0,0.8369245955855951,0.7679939378384628
10,f104_refused_NAME_YIELD_GROUP_XNA_sum,0.0,0,0.8369245955855951,0.7679939378384628
10,f104_refused_NAME_PAYMENT_TYPE_XNA_sum,9.653039932250977,1,0.8369245955855951,0.7679939378384628
10,f104_refused_PRODUCT_COMBINATION_Card_Street_sum,0.0,0,0.8369245955855951,0.7679939378384628
10,f104_refused_WEEKDAY_APPR_PROCESS_START_THURSDAY_sum,0.0,0,0.8369245955855951,0.7679939378384628
10,f104_refused_NAME_CONTRACT_TYPE_Consumer_loans_mean,0.0,0,0.8369245955855951,0.7679939378384628
10,f104_refused_NAME_CLIENT_TYPE_Refreshed_sum,0.0,0,0.8369245955855951,0.7679939378384628
10,f104_refused_PRODUCT_COMBINATION_POS_mobile_with_interest_mean,0.0,0,0.8369245955855951,0.7679939378384628
10,f104_refused_NAME_PORTFOLIO_XNA_sum,0.0,0,0.8369245955855951,0.7679939378384628
10,f104_refused_NAME_PORTFOLIO_Cash_sum,0.0,0,0.8369245955855951,0.7679939378384628
10,f001_EXT_SOURCES_mean,124654.21446919441,576,0.8369245955855951,0.7679939378384628
10,f001_EXT_SOURCES_sum,32064.130435705185,307,0.8369245955855951,0.7679939378384628
10,f001_EXT_SOURCE_3,27692.729055821896,549,0.8369245955855951,0.7679939378384628
10,f002_ORGANIZATION_TYPE,39380.29705619812,2198,0.8369245955855951,0.7679939378384628
10,f104_refused_NAME_PORTFOLIO_Cards_sum,0.0,0,0.8369245955855951,0.7679939378384628
10,f001_EXT_SOURCE_2,25561.699524581432,451,0.8369245955855951,0.7679939378384628
10,f001_AMT_GOODS_PRICE-d-AMT_ANNUITY,7691.902822494507,291,0.8369245955855951,0.7679939378384628
10,f001_AMT_CREDIT-d-AMT_ANNUITY,9676.582673430443,507,0.8369245955855951,0.7679939378384628
10,f001_AMT_GOODS_PRICE-d-AMT_CREDIT,11459.446696043015,340,0.8369245955855951,0.7679939378384628
10,f001_EXT_SOURCES_2-3,6606.083533167839,260,0.8369245955855951,0.7679939378384628
10,f003_OCCUPATION_TYPE_ta,5194.614753007889,235,0.8369245955855951,0.7679939378384628
10,f001_EXT_SOURCES_prod,11086.179234981537,204,0.8369245955855951,0.7679939378384628
10,f001_AMT_ANNUITY-d-AMT_INCOME_TOTAL,2537.5681566148996,181,0.8369245955855951,0.7679939378384628
10,f105_prevapp_future_payment_12m,7494.432708978653,277,0.8369245955855951,0.7679939378384628
10,f001_EXT_SOURCE_1,4739.592982411385,255,0.8369245955855951,0.7679939378384628
10,f001_DAYS_EMPLOYED,6154.207072257996,189,0.8369245955855951,0.7679939378384628
10,f105_DAYS_DECISION_ref_max,5389.9393129348755,235,0.8369245955855951,0.7679939378384628
10,f001_DAYS_ID_PUBLISH-s-DAYS_BIRTH,3816.0619575977325,228,0.8369245955855951,0.7679939378384628
10,f001_AMT_GOODS_PRICE-s-AMT_CREDIT-d-AMT_INCOME_TOTAL,3320.38422870636,176,0.8369245955855951,0.7679939378384628
10,f107_AMT_CREDIT-d-total_debt,3938.631767511368,212,0.8369245955855951,0.7679939378384628
10,f107_AMT_GOODS_PRICE-d-total_debt,4562.478439807892,239,0.8369245955855951,0.7679939378384628
10,f105_AMT_ANNUITY_cmp_sum,4535.657339692116,202,0.8369245955855951,0.7679939378384628
10,f105_future_vs_past_max,5603.719995975494,182,0.8369245955855951,0.7679939378384628
10,f001_CODE_GENDER,6246.263504981995,241,0.8369245955855951,0.7679939378384628
10,f001_AMT_GOODS_PRICE-s-AMT_CREDIT,3131.976774096489,164,0.8369245955855951,0.7679939378384628
10,f105_prevapp_future_payment_13m,4821.590361595154,201,0.8369245955855951,0.7679939378384628
10,f003_NAME_EDUCATION_TYPE_ta,5739.77100777626,194,0.8369245955855951,0.7679939378384628
10,f105_approved_ratio,6051.123129367828,174,0.8369245955855951,0.7679939378384628
10,f001_DAYS_ID_PUBLISH,3233.824464082718,229,0.8369245955855951,0.7679939378384628
10,f001_maxwell_feature,4402.967643260956,138,0.8369245955855951,0.7679939378384628
10,f001_REGION_POPULATION_RELATIVE,2133.0972496271133,176,0.8369245955855951,0.7679939378384628
10,f105_DAYS_DECISION_ref_min,2802.1033375263214,145,0.8369245955855951,0.7679939378384628
10,f105_future_vs_past_max-d-income,5852.128328800201,188,0.8369245955855951,0.7679939378384628
10,f001_EXT_SOURCES_std,2684.30981528759,145,0.8369245955855951,0.7679939378384628
10,f105_DAYS_DECISION_min,657.3751425743103,48,0.8369245955855951,0.7679939378384628
10,f001_EXT_SOURCES_1-2,2299.7775551080704,153,0.8369245955855951,0.7679939378384628
10,f107_DAYS_DECISION-s-app_DAYS_ID_PUBLISH,1415.1386494636536,102,0.8369245955855951,0.7679939378384628
10,f001_OWN_CAR_AGE-s-DAYS_EMPLOYED,3374.6760182380676,159,0.8369245955855951,0.7679939378384628
10,f001_OWN_CAR_AGE-d-DAYS_BIRTH,2349.8310997486115,136,0.8369245955855951,0.7679939378384628
10,f001_AMT_GOODS_PRICE,3117.145195245743,119,0.8369245955855951,0.7679939378384628
10,f001_DAYS_EMPLOYED-s-DAYS_BIRTH-d-DAYS_LAST_PHONE_CHANGE-s-DAYS_BIRTH,1974.6204479932785,105,0.8369245955855951,0.7679939378384628
10,f001_DAYS_EMPLOYED-d-DAYS_BIRTH,2947.8719797730446,156,0.8369245955855951,0.7679939378384628
10,f001_DAYS_EMPLOYED-s-DAYS_BIRTH-d-DAYS_ID_PUBLISH-s-DAYS_BIRTH,1391.5987594127655,107,0.8369245955855951,0.7679939378384628
10,f105_DAYS_DECISION_min-m-DAYS_BIRTH,1026.4772906303406,61,0.8369245955855951,0.7679939378384628
10,f107_DAYS_DECISION-s-app_DAYS_EMPLOYED,1980.6326040625572,126,0.8369245955855951,0.7679939378384628
10,f001_DAYS_LAST_PHONE_CHANGE-s-DAYS_EMPLOYED,2342.929312199354,97,0.8369245955855951,0.7679939378384628
10,f003_NAME_FAMILY_STATUS_ta,2822.955435872078,182,0.8369245955855951,0.7679939378384628
10,f105_DAYS_DECISION_app_min,824.8199349939823,57,0.8369245955855951,0.7679939378384628
10,f001_AMT_CREDIT-d-CNT_FAM_MEMBERS,1745.6928300634027,130,0.8369245955855951,0.7679939378384628
10,f001_DAYS_LAST_PHONE_CHANGE-s-DAYS_REGISTRATION,1105.995916157961,92,0.8369245955855951,0.7679939378384628
10,f105_AMT_ANNUITY_cmp_max,2071.9988010176457,124,0.8369245955855951,0.7679939378384628
10,f105_past_payment_sum_max-d-annuity,2293.810733795166,117,0.8369245955855951,0.7679939378384628
10,f107_DAYS_DECISION-s-app_DAYS_REGISTRATION,1344.408122062683,91,0.8369245955855951,0.7679939378384628
10,f105_AMT_ANNUITY_cmp_mean,1579.8217475414276,109,0.8369245955855951,0.7679939378384628
10,f105_past_payment_sum_max-d-credit,2434.8233604431152,130,0.8369245955855951,0.7679939378384628
10,f105_AMT_ANNUITY_cmp_min,893.047999382019,76,0.8369245955855951,0.7679939378384628
10,f107_AMT_ANNUITY-s-app_AMT_ANNUITY-d-app_AMT_INCOME_TOTAL,1321.5735630989075,93,0.8369245955855951,0.7679939378384628
10,f003_ORGANIZATION_TYPE_ta,1839.5628852844238,96,0.8369245955855951,0.7679939378384628
10,f001_DAYS_REGISTRATION,944.8450320959091,78,0.8369245955855951,0.7679939378384628
10,f001_DAYS_REGISTRATION-s-DAYS_BIRTH,963.6194731593132,85,0.8369245955855951,0.7679939378384628
10,f001_DAYS_LAST_PHONE_CHANGE-s-DAYS_ID_PUBLISH,994.6872198581696,87,0.8369245955855951,0.7679939378384628
10,f107_AMT_ANNUITY-d-app_AMT_INCOME_TOTAL,971.2440650463104,82,0.8369245955855951,0.7679939378384628
10,f001_OWN_CAR_AGE-d-DAYS_EMPLOYED,2041.0581045150757,111,0.8369245955855951,0.7679939378384628
10,f107_AMT_ANNUITY-s-app_AMT_ANNUITY,1144.2837609052658,92,0.8369245955855951,0.7679939378384628
10,f001_DAYS_ID_PUBLISH-s-DAYS_EMPLOYED,710.4999882876873,65,0.8369245955855951,0.7679939378384628
10,f001_AMT_GOODS_PRICE-d-CNT_FAM_MEMBERS,1084.7064125537872,84,0.8369245955855951,0.7679939378384628
10,f107_DAYS_DECISION-s-app_DAYS_LAST_PHONE_CHANGE,1365.700203180313,101,0.8369245955855951,0.7679939378384628
10,f105_total_debt_sum-p-app,1659.7743935585022,113,0.8369245955855951,0.7679939378384628
10,f107_AMT_CREDIT-d-AMT_APPLICATION,1707.9927456378937,118,0.8369245955855951,0.7679939378384628
10,f001_age_finish_payment,2092.210307598114,108,0.8369245955855951,0.7679939378384628
10,f105_past_payment_6m_min,809.5628102123737,72,0.8369245955855951,0.7679939378384628
10,f001_DAYS_LAST_PHONE_CHANGE-d-DAYS_BIRTH,1107.8027875423431,97,0.8369245955855951,0.7679939378384628
10,f001_EXT_SOURCES_1-2-3,1147.2870602607727,82,0.8369245955855951,0.7679939378384628
10,f001_DAYS_LAST_PHONE_CHANGE-s-DAYS_BIRTH,1499.9156007766724,88,0.8369245955855951,0.7679939378384628
10,f001_DAYS_LAST_PHONE_CHANGE,1196.7282490730286,93,0.8369245955855951,0.7679939378384628
10,f105_amt_paid_sum,2017.206120967865,113,0.8369245955855951,0.7679939378384628
10,f001_building_score_mode_mean,1649.6378915309906,94,0.8369245955855951,0.7679939378384628
10,f107_AMT_ANNUITY-s-app_AMT_GOODS_PRICE,1113.2738137245178,82,0.8369245955855951,0.7679939378384628
10,f105_past_payment_11m_min,1188.9207005500793,96,0.8369245955855951,0.7679939378384628
10,f105_amt_paid_max,1277.2441675662994,91,0.8369245955855951,0.7679939378384628
10,f107_AMT_GOODS_PRICE-d-AMT_CREDIT,1269.0156586170197,102,0.8369245955855951,0.7679939378384628
10,f001_OWN_CAR_AGE,2592.0061604976654,118,0.8369245955855951,0.7679939378384628
10,f105_cnt_paid_sum,1729.111367225647,126,0.8369245955855951,0.7679939378384628
10,f001_OWN_CAR_AGE-s-DAYS_BIRTH,1400.5494413375854,89,0.8369245955855951,0.7679939378384628
10,f001_AMT_GOODS_PRICE-d-cnt_adults,1226.429961681366,94,0.8369245955855951,0.7679939378384628
10,f001_DEF_30_CNT_SOCIAL_CIRCLE-d-OBS_30_CNT_SOCIAL_CIRCLE,2212.2992191314697,121,0.8369245955855951,0.7679939378384628
10,f001_EXT_SOURCES_2-1-3,1200.439712524414,61,0.8369245955855951,0.7679939378384628
10,f107_amt_paid,696.1307678222656,56,0.8369245955855951,0.7679939378384628
10,f107_DAYS_DECISION-s-app_DAYS_BIRTH,1603.1014080047607,78,0.8369245955855951,0.7679939378384628
10,f001_AMT_CREDIT,780.849527657032,53,0.8369245955855951,0.7679939378384628
10,f105_past_payment_sum_max-d-income,1379.1458432674408,92,0.8369245955855951,0.7679939378384628
10,f105_cnt_paid_min,587.8443071842194,48,0.8369245955855951,0.7679939378384628
10,f001_DEF_60_CNT_SOCIAL_CIRCLE-d-OBS_60_CNT_SOCIAL_CIRCLE,1643.5095221996307,100,0.8369245955855951,0.7679939378384628
10,f001_age,1403.3824591636658,76,0.8369245955855951,0.7679939378384628
10,f001_AMT_CREDIT-d-CNT_CHILDREN,709.7162716388702,62,0.8369245955855951,0.7679939378384628
10,f001_TOTALAREA_MODE,1302.3748831748962,81,0.8369245955855951,0.7679939378384628
10,f107_AMT_ANNUITY-d-app_AMT_ANNUITY,1080.837143421173,85,0.8369245955855951,0.7679939378384628
10,f107_AMT_ANNUITY-s-app_AMT_CREDIT,1035.3005678653717,82,0.8369245955855951,0.7679939378384628
10,f107_AMT_ANNUITY-d-app_AMT_GOODS_PRICE,764.723310470581,57,0.8369245955855951,0.7679939378384628
10,f107_DAYS_LAST_DUE_1ST_VERSION-s-app_DAYS_LAST_PHONE_CHANGE,910.5860514640808,67,0.8369245955855951,0.7679939378384628
10,f107_AMT_ANNUITY,816.4921417236328,68,0.8369245955855951,0.7679939378384628
10,f107_DAYS_LAST_DUE_1ST_VERSION-s-app_DAYS_ID_PUBLISH,916.753279209137,70,0.8369245955855951,0.7679939378384628
10,f105_DAYS_DECISION_max-m-DAYS_BIRTH,1357.9444394111633,73,0.8369245955855951,0.7679939378384628
10,f105_past_payment_7m_min,620.8224725723267,52,0.8369245955855951,0.7679939378384628
10,f001_building_score_medi_mean,1058.5600633621216,71,0.8369245955855951,0.7679939378384628
10,f106_CODE_REJECT_REASON-XAP,852.3468732833862,65,0.8369245955855951,0.7679939378384628
10,f107_AMT_ANNUITY-d-app_AMT_CREDIT,562.9508006572723,50,0.8369245955855951,0.7679939378384628
10,f107_DAYS_LAST_DUE_1ST_VERSION-s-app_DAYS_BIRTH,987.8160617351532,77,0.8369245955855951,0.7679939378384628
10,f001_DAYS_BIRTH,1623.2506144046783,92,0.8369245955855951,0.7679939378384628
10,f105_past_payment_10m_min,648.4122177362442,56,0.8369245955855951,0.7679939378384628
10,f107_HOUR_APPR_PROCESS_START,510.7346846461296,47,0.8369245955855951,0.7679939378384628
10,f107_DAYS_FIRST_DUE-d-app_DAYS_BIRTH,639.7287104129791,56,0.8369245955855951,0.7679939378384628
10,f105_past_payment_8m_min,710.8237955570221,57,0.8369245955855951,0.7679939378384628
10,f107_DAYS_LAST_DUE_1ST_VERSION-s-app_DAYS_REGISTRATION,571.431688785553,49,0.8369245955855951,0.7679939378384628
10,f105_cnt_unpaid_mean,2700.8116879463196,133,0.8369245955855951,0.7679939378384628
10,f105_amt_paid_sum-d-total_debt_sum,1178.6193101406097,86,0.8369245955855951,0.7679939378384628
10,f001_alldocs_kurt,2892.6315445899963,124,0.8369245955855951,0.7679939378384628
10,f107_DAYS_FIRST_DUE-s-app_DAYS_LAST_PHONE_CHANGE,709.2134613990784,51,0.8369245955855951,0.7679939378384628
10,f105_past_payment_12m_mean,661.460648059845,60,0.8369245955855951,0.7679939378384628
10,f107_DAYS_FIRST_DUE-d-app_DAYS_EMPLOYED,795.5627427101135,56,0.8369245955855951,0.7679939378384628
10,f003_NAME_INCOME_TYPE_ta,1055.2950756549835,62,0.8369245955855951,0.7679939378384628
10,f107_DAYS_LAST_DUE_1ST_VERSION-s-app_DAYS_EMPLOYED,617.0285730361938,47,0.8369245955855951,0.7679939378384628
10,f106_NAME_CONTRACT_STATUS-Approved,722.658122420311,59,0.8369245955855951,0.7679939378384628
10,f107_DAYS_FIRST_DUE-s-app_DAYS_BIRTH,697.9101414680481,50,0.8369245955855951,0.7679939378384628
10,f107_DAYS_FIRST_DUE-s-app_DAYS_REGISTRATION,927.3537428379059,71,0.8369245955855951,0.7679939378384628
10,f001_LIVINGAREA_MODE,918.7987623214722,62,0.8369245955855951,0.7679939378384628
10,f001_LIVINGAREA_AVG,912.7448129653931,61,0.8369245955855951,0.7679939378384628
10,f107_DAYS_FIRST_DUE-s-app_DAYS_ID_PUBLISH,593.6274614334106,48,0.8369245955855951,0.7679939378384628
10,f003_NAME_HOUSING_TYPE_ta,554.6622231006622,48,0.8369245955855951,0.7679939378384628
10,f001_FLAG_WORK_PHONE,1454.2476253509521,87,0.8369245955855951,0.7679939378384628
10,f105_past_payment_11m_mean,521.4201588630676,41,0.8369245955855951,0.7679939378384628
10,f001_building_score_avg_mean,1004.8958964943886,67,0.8369245955855951,0.7679939378384628
10,f105_past_payment_9m_min,700.805226534605,59,0.8369245955855951,0.7679939378384628
10,f105_past_payment_18m_min,616.188871383667,49,0.8369245955855951,0.7679939378384628
10,f105_DAYS_LAST_DUE_1ST_VERSION_act_min,940.963169336319,74,0.8369245955855951,0.7679939378384628
10,f001_APARTMENTS_AVG,661.0285909175873,43,0.8369245955855951,0.7679939378384628
10,f105_DAYS_LAST_DUE_1ST_VERSION_act_sum,1994.0935997962952,121,0.8369245955855951,0.7679939378384628
10,f001_APARTMENTS_MODE,942.781735420227,69,0.8369245955855951,0.7679939378384628
10,f105_past_payment_6m_mean,564.7425317764282,43,0.8369245955855951,0.7679939378384628
10,f105_past_payment_8m_max,590.7869729995728,50,0.8369245955855951,0.7679939378384628
10,f107_CHANNEL_TYPE,793.4571807384491,54,0.8369245955855951,0.7679939378384628
10,f106_NAME_CONTRACT_STATUS-Refused,1198.9746108055115,75,0.8369245955855951,0.7679939378384628
10,f001_AMT_GOODS_PRICE-d-CNT_CHILDREN,717.9538187980652,59,0.8369245955855951,0.7679939378384628
10,f107_DAYS_FIRST_DUE-s-app_DAYS_EMPLOYED,599.6632487773895,45,0.8369245955855951,0.7679939378384628
10,f001_APARTMENTS_MEDI,682.9683458805084,52,0.8369245955855951,0.7679939378384628
10,f107_DAYS_TERMINATION-d-app_DAYS_BIRTH,789.8005390167236,61,0.8369245955855951,0.7679939378384628
10,f105_past_payment_12m_max,806.7294797897339,67,0.8369245955855951,0.7679939378384628
10,f001_HOUR_APPR_PROCESS_START,512.5486779212952,47,0.8369245955855951,0.7679939378384628
10,f105_past_payment_8m_mean,475.33384370803833,37,0.8369245955855951,0.7679939378384628
10,f105_past_payment_6m_max,656.6187325716019,46,0.8369245955855951,0.7679939378384628
10,f105_past_payment_17m_mean,592.4152798652649,49,0.8369245955855951,0.7679939378384628
10,f105_past_payment_10m_mean,370.16061520576477,30,0.8369245955855951,0.7679939378384628
10,f107_DAYS_TERMINATION-s-app_DAYS_LAST_PHONE_CHANGE,486.9767196178436,44,0.8369245955855951,0.7679939378384628
10,f105_past_payment_7m_max,608.7222322225571,53,0.8369245955855951,0.7679939378384628
10,f001_DEF_30_CNT_SOCIAL_CIRCLE,1561.2441720962524,86,0.8369245955855951,0.7679939378384628
10,f105_past_payment_7m_mean,445.7138069868088,34,0.8369245955855951,0.7679939378384628
10,f105_past_payment_13m_mean,571.9966821670532,41,0.8369245955855951,0.7679939378384628
10,f107_DAYS_LAST_DUE-d-app_DAYS_BIRTH,665.6545866727829,52,0.8369245955855951,0.7679939378384628
10,f001_LIVINGAREA_MEDI,869.1547130346298,59,0.8369245955855951,0.7679939378384628
10,f105_future_vs_past_max_withoutapp,640.342751994729,46,0.8369245955855951,0.7679939378384628
10,f105_past_payment_11m_max,669.9840636253357,62,0.8369245955855951,0.7679939378384628
10,f105_past_payment_5m_mean,517.4129195213318,38,0.8369245955855951,0.7679939378384628
10,f105_past_payment_14m_min,577.1612939834595,47,0.8369245955855951,0.7679939378384628
10,f107_DAYS_TERMINATION-d-app_DAYS_EMPLOYED,482.922682762146,35,0.8369245955855951,0.7679939378384628
10,f105_past_payment_10m_max,550.9658801555634,44,0.8369245955855951,0.7679939378384628
10,f105_past_payment_13m_min,668.7309327125549,50,0.8369245955855951,0.7679939378384628
10,f107_DAYS_TERMINATION-s-app_DAYS_REGISTRATION,485.37929821014404,38,0.8369245955855951,0.7679939378384628
10,f105_DAYS_LAST_DUE_1ST_VERSION_act_mean,1676.7826328277588,99,0.8369245955855951,0.7679939378384628
10,f107_DAYS_LAST_DUE-s-app_DAYS_LAST_PHONE_CHANGE,347.9568190574646,29,0.8369245955855951,0.7679939378384628
10,f107_DAYS_LAST_DUE-s-app_DAYS_REGISTRATION,467.6116290092468,39,0.8369245955855951,0.7679939378384628
10,f106_CODE_REJECT_REASON-LIMIT_ref,523.663037776947,38,0.8369245955855951,0.7679939378384628
10,f105_prevapp_future_payment_22m,506.06044006347656,41,0.8369245955855951,0.7679939378384628
10,f105_past_payment_9m_mean,420.0539879798889,35,0.8369245955855951,0.7679939378384628
10,f001_building_score_mode_sum,1221.6541732549667,68,0.8369245955855951,0.7679939378384628
10,f105_prevapp_future_payment_1vs6,1253.754991054535,81,0.8369245955855951,0.7679939378384628
10,f106_NAME_CONTRACT_STATUS-Refused_ref,558.4630703926086,34,0.8369245955855951,0.7679939378384628
10,f105_prevapp_future_payment_23m,680.4531376361847,45,0.8369245955855951,0.7679939378384628
10,f105_past_payment_17m_min,502.5019407272339,41,0.8369245955855951,0.7679939378384628
10,f107_DAYS_LAST_DUE-s-app_DAYS_BIRTH,327.01329827308655,27,0.8369245955855951,0.7679939378384628
10,f105_past_payment_12m_sum,672.8030418157578,52,0.8369245955855951,0.7679939378384628
10,f105_past_payment_5m_max,775.7713665962219,57,0.8369245955855951,0.7679939378384628
10,f105_past_payment_16m_mean,394.7398227453232,32,0.8369245955855951,0.7679939378384628
10,f106_NAME_CONTRACT_STATUS-Refused_appref,556.4361643791199,30,0.8369245955855951,0.7679939378384628
10,f107_NAME_YIELD_GROUP,141.61590051651,13,0.8369245955855951,0.7679939378384628
10,f105_resfused_cnt,577.2028003334999,38,0.8369245955855951,0.7679939378384628
10,f107_DAYS_TERMINATION-s-app_DAYS_ID_PUBLISH,361.16500902175903,28,0.8369245955855951,0.7679939378384628
10,f105_DAYS_LAST_DUE_1ST_VERSION_act_max,2335.930993080139,130,0.8369245955855951,0.7679939378384628
10,f001_REGION_RATING_CLIENT_W_CITY,837.9698791503906,53,0.8369245955855951,0.7679939378384628
10,f107_DAYS_LAST_DUE-d-app_DAYS_EMPLOYED,450.0336980819702,36,0.8369245955855951,0.7679939378384628
10,f105_past_payment_3m_mean,688.4008592367172,49,0.8369245955855951,0.7679939378384628
10,f105_future_payment_19m_min,3565.38382768631,180,0.8369245955855951,0.7679939378384628
10,f105_past_payment_16m_min,389.0724196434021,33,0.8369245955855951,0.7679939378384628
10,f105_past_payment_15m_mean,328.96571254730225,26,0.8369245955855951,0.7679939378384628
10,f105_past_payment_14m_mean,316.22881174087524,29,0.8369245955855951,0.7679939378384628
10,f107_AMT_DOWN_PAYMENT-d-AMT_GOODS_PRICE,449.57694911956787,39,0.8369245955855951,0.7679939378384628
10,f105_amt_unpaid_mean,994.8695197105408,60,0.8369245955855951,0.7679939378384628
10,f107_DAYS_LAST_DUE-s-app_DAYS_ID_PUBLISH,335.88062953948975,26,0.8369245955855951,0.7679939378384628
10,f108_AMT_ANNUITY-s-app_AMT_GOODS_PRICE,1884.3510117530823,98,0.8369245955855951,0.7679939378384628
10,f107_interest_rate,3148.8723118305206,167,0.8369245955855951,0.7679939378384628
10,f108_AMT_ANNUITY-s-app_AMT_ANNUITY-d-app_AMT_INCOME_TOTAL,3369.7193349963054,221,0.8369245955855951,0.7679939378384628
10,f108_AMT_GOODS_PRICE-d-total_debt,5787.616496920586,282,0.8369245955855951,0.7679939378384628
10,f108_DAYS_DECISION-s-app_DAYS_BIRTH,824.9849812984467,53,0.8369245955855951,0.7679939378384628
10,f108_HOUR_APPR_PROCESS_START,1013.8729910850525,86,0.8369245955855951,0.7679939378384628
10,f108_DAYS_DECISION,670.2381612062454,47,0.8369245955855951,0.7679939378384628
10,f108_DAYS_FIRST_DUE,1397.6202173233032,102,0.8369245955855951,0.7679939378384628
10,f108_AMT_CREDIT-d-total_debt,2782.771059155464,193,0.8369245955855951,0.7679939378384628
10,f108_AMT_ANNUITY-d-app_AMT_ANNUITY,1832.341661453247,131,0.8369245955855951,0.7679939378384628
10,f108_DAYS_TERMINATION-s-DAYS_LAST_DUE_1ST_VERSION,2762.735673189163,209,0.8369245955855951,0.7679939378384628
10,f108_AMT_ANNUITY-s-app_AMT_CREDIT,1057.1302824020386,66,0.8369245955855951,0.7679939378384628
10,f108_DAYS_DECISION-s-app_DAYS_EMPLOYED,725.2999229431152,59,0.8369245955855951,0.7679939378384628
10,f108_DAYS_FIRST_DUE-s-app_DAYS_EMPLOYED,960.7121810913086,76,0.8369245955855951,0.7679939378384628
10,f108_NAME_GOODS_CATEGORY,485.85039925575256,43,0.8369245955855951,0.7679939378384628
10,f108_DAYS_LAST_DUE-s-app_DAYS_BIRTH,847.746016740799,65,0.8369245955855951,0.7679939378384628
10,f108_DAYS_LAST_DUE,930.59796667099,75,0.8369245955855951,0.7679939378384628
10,f108_DAYS_LAST_DUE_1ST_VERSION-s-app_DAYS_EMPLOYED,718.7250181436539,59,0.8369245955855951,0.7679939378384628
10,f108_DAYS_LAST_DUE_1ST_VERSION-s-app_DAYS_BIRTH,1003.8913832902908,72,0.8369245955855951,0.7679939378384628
10,f108_AMT_APPLICATION-s-app_AMT_CREDIT,586.976476430893,45,0.8369245955855951,0.7679939378384628
10,f108_DAYS_TERMINATION,680.8612911701202,55,0.8369245955855951,0.7679939378384628
10,f108_DAYS_DECISION-s-app_DAYS_ID_PUBLISH,697.1035387516022,59,0.8369245955855951,0.7679939378384628
10,f108_AMT_CREDIT-d-AMT_APPLICATION,1882.775949254632,116,0.8369245955855951,0.7679939378384628
10,f108_AMT_ANNUITY-d-app_AMT_CREDIT,987.1569421291351,79,0.8369245955855951,0.7679939378384628
10,f108_DAYS_LAST_DUE-s-app_DAYS_EMPLOYED,786.448849439621,60,0.8369245955855951,0.7679939378384628
10,f108_DAYS_FIRST_DUE-s-app_DAYS_ID_PUBLISH,858.8624160289764,73,0.8369245955855951,0.7679939378384628
10,f108_AMT_GOODS_PRICE-s-app_AMT_CREDIT,893.4803612232208,53,0.8369245955855951,0.7679939378384628
10,f108_AMT_CREDIT-s-app_AMT_CREDIT,648.8143360614777,48,0.8369245955855951,0.7679939378384628
10,f108_DAYS_FIRST_DUE-s-app_DAYS_BIRTH,836.049164891243,63,0.8369245955855951,0.7679939378384628
10,f108_AMT_GOODS_PRICE-s-app_AMT_GOODS_PRICE,1015.7222256660461,65,0.8369245955855951,0.7679939378384628
10,f108_AMT_CREDIT-s-app_AMT_GOODS_PRICE,658.4823813438416,49,0.8369245955855951,0.7679939378384628
10,f108_DAYS_LAST_DUE_1ST_VERSION-s-app_DAYS_ID_PUBLISH,841.2505633831024,73,0.8369245955855951,0.7679939378384628
10,f107_past_payment_1m,311.67722606658936,21,0.8369245955855951,0.7679939378384628
10,f108_DAYS_LAST_DUE_1ST_VERSION-d-app_DAYS_BIRTH,1037.5673812627792,83,0.8369245955855951,0.7679939378384628
10,f108_DAYS_TERMINATION-s-app_DAYS_EMPLOYED,744.1861577033997,60,0.8369245955855951,0.7679939378384628
10,f108_DAYS_DECISION-s-app_DAYS_REGISTRATION,557.3222993612289,47,0.8369245955855951,0.7679939378384628
10,f108_AMT_DOWN_PAYMENT,2167.161005973816,129,0.8369245955855951,0.7679939378384628
10,f108_AMT_GOODS_PRICE-d-AMT_CREDIT,1941.1307604312897,121,0.8369245955855951,0.7679939378384628
10,f108_DAYS_LAST_DUE_1ST_VERSION,831.9710510969162,70,0.8369245955855951,0.7679939378384628
10,f108_DAYS_LAST_DUE_1ST_VERSION-s-DAYS_DECISIONS,718.3622292280197,64,0.8369245955855951,0.7679939378384628
10,f108_DAYS_TERMINATION-s-app_DAYS_ID_PUBLISH,606.391179561615,55,0.8369245955855951,0.7679939378384628
10,f108_DAYS_TERMINATION-s-app_DAYS_BIRTH,649.805830001831,49,0.8369245955855951,0.7679939378384628
10,f108_DAYS_LAST_DUE_1ST_VERSION-s-app_DAYS_REGISTRATION,793.2179653644562,69,0.8369245955855951,0.7679939378384628
10,f108_DAYS_LAST_DUE-s-app_DAYS_ID_PUBLISH,840.364378452301,69,0.8369245955855951,0.7679939378384628
10,f107_past_payment_2m,355.95858907699585,23,0.8369245955855951,0.7679939378384628
10,f108_DAYS_FIRST_DUE-s-app_DAYS_REGISTRATION,645.1977689266205,57,0.8369245955855951,0.7679939378384628
10,f108_AMT_APPLICATION-s-app_AMT_GOODS_PRICE,925.639675617218,59,0.8369245955855951,0.7679939378384628
10,f108_NAME_CLIENT_TYPE,688.777325630188,42,0.8369245955855951,0.7679939378384628
10,f108_DAYS_TERMINATION-s-app_DAYS_REGISTRATION,879.7096428871155,70,0.8369245955855951,0.7679939378384628
10,f107_future_payment_9m,114.22231101989746,10,0.8369245955855951,0.7679939378384628
10,f108_DAYS_LAST_DUE-s-app_DAYS_REGISTRATION,872.5431776046753,72,0.8369245955855951,0.7679939378384628
10,f107_past_payment_3m,230.10115957260132,16,0.8369245955855951,0.7679939378384628
10,f108_past_payment_10m,492.8939096927643,39,0.8369245955855951,0.7679939378384628
10,f108_past_payment_9m,602.6070313453674,52,0.8369245955855951,0.7679939378384628
10,f108_past_payment_6m,909.5301840305328,75,0.8369245955855951,0.7679939378384628
10,f108_past_payment_8m,664.4328331947327,53,0.8369245955855951,0.7679939378384628
10,f108_AMT_ANNUITY,724.0182857513428,58,0.8369245955855951,0.7679939378384628
10,f108_past_payment_5m,610.5906383991241,54,0.8369245955855951,0.7679939378384628
10,f108_past_payment_7m,438.7743294239044,35,0.8369245955855951,0.7679939378384628
10,f108_AMT_DOWN_PAYMENT-d-AMT_GOODS_PRICE,679.9049696922302,58,0.8369245955855951,0.7679939378384628
10,f108_RATE_DOWN_PAYMENT,550.3956546783447,40,0.8369245955855951,0.7679939378384628
10,f107_past_payment_11m,314.83873975276947,27,0.8369245955855951,0.7679939378384628
10,f107_past_payment_5m,204.92478948831558,18,0.8369245955855951,0.7679939378384628
10,f107_future_payment_8m,193.01911067962646,17,0.8369245955855951,0.7679939378384628
10,f107_past_payment_4m,294.7942509651184,22,0.8369245955855951,0.7679939378384628
10,f107_past_payment_6m,232.3640103340149,19,0.8369245955855951,0.7679939378384628
10,f107_past_payment_10m,130.3283610343933,13,0.8369245955855951,0.7679939378384628
10,f108_past_payment_4m,439.41330766677856,34,0.8369245955855951,0.7679939378384628
10,f107_future_payment_3m,353.55289363861084,29,0.8369245955855951,0.7679939378384628
10,f107_past_payment_12m,161.729829788208,14,0.8369245955855951,0.7679939378384628
10,f107_past_payment_9m,270.5320794582367,24,0.8369245955855951,0.7679939378384628
10,f107_past_payment_14m,180.8726396560669,13,0.8369245955855951,0.7679939378384628
10,f108_NAME_YIELD_GROUP,222.91280937194824,18,0.8369245955855951,0.7679939378384628
10,f108_AMT_GOODS_PRICE-m-app_AMT_GOODS_PRICE-d-app_AMT_INCOME_TOTAL_diff,174.15335130691528,15,0.8369245955855951,0.7679939378384628
10,f108_future_payment_1m,291.2191481590271,21,0.8369245955855951,0.7679939378384628
10,f108_past_payment_3m,204.00214862823486,17,0.8369245955855951,0.7679939378384628
10,f107_past_payment_8m,199.61290955543518,17,0.8369245955855951,0.7679939378384628
10,f108_past_payment_2m,184.61639761924744,18,0.8369245955855951,0.7679939378384628
10,f108_DAYS_LAST_DUE-s-DAYS_LAST_DUE_1ST_VERSION,349.99937915802,28,0.8369245955855951,0.7679939378384628
10,f107_past_payment_7m,218.57902908325195,18,0.8369245955855951,0.7679939378384628
10,f107_past_payment_13m,133.25648021697998,11,0.8369245955855951,0.7679939378384628
10,f108_future_payment_2m,235.2087278366089,19,0.8369245955855951,0.7679939378384628
10,f108_past_payment_1m,158.43542861938477,12,0.8369245955855951,0.7679939378384628
10,f107_future_payment_7m,33.78060054779053,3,0.8369245955855951,0.7679939378384628
