chunk,feature,importance_gain,importance_split,auc_train,auc_valid
1,f001_EXT_SOURCES_mean,141905.77873,503,0.85131,0.77201
1,f002_ORGANIZATION_TYPE,36410.58327,1901,0.85131,0.77201
1,f001_EXT_SOURCES_sum,34389.8379,268,0.85131,0.77201
1,f001_EXT_SOURCE_3,20425.08887,380,0.85131,0.77201
1,f001_EXT_SOURCE_2,15027.80633,292,0.85131,0.77201
1,f001_AMT_GOODS_PRICE-d-AMT_CREDIT,9912.75656,238,0.85131,0.77201
1,f001_EXT_SOURCES_prod,7942.8677,127,0.85131,0.77201
1,f101_approved_DAYS_FIRST_DRAWING_d_app_DAYS_BIRTH_mean,7061.25549,212,0.85131,0.77201
1,f001_AMT_GOODS_PRICE-d-AMT_ANNUITY,6825.37244,212,0.85131,0.77201
1,f001_AMT_CREDIT-d-AMT_ANNUITY,5943.96808,253,0.85131,0.77201
1,f001_AMT_ANNUITY-d-AMT_CREDIT,5680.64453,226,0.85131,0.77201
1,f001_CODE_GENDER,5380.91899,178,0.85131,0.77201
1,f002_OCCUPATION_TYPE,4825.69999,260,0.85131,0.77201
1,f001_DAYS_EMPLOYED,4410.48886,78,0.85131,0.77201
1,f003_NAME_EDUCATION_TYPE_ta,4072.7858,117,0.85131,0.77201
1,f001_EXT_SOURCE_1,3489.45393,176,0.85131,0.77201
1,f001_EXT_SOURCES_2-3,3275.98106,118,0.85131,0.77201
1,f001_maxwell_feature,3080.56625,95,0.85131,0.77201
1,f001_AMT_GOODS_PRICE-s-AMT_CREDIT,2984.43596,129,0.85131,0.77201
1,f001_OWN_CAR_AGE-s-DAYS_EMPLOYED,2974.83969,119,0.85131,0.77201
1,f003_OCCUPATION_TYPE_ta,2932.1717,102,0.85131,0.77201
1,f101_nyg_high_AMT_DOWN_PAYMENT_mean,2810.02321,94,0.85131,0.77201
1,f101_nyg_high_AMT_CREDIT_d_AMT_ANNUITY_max,2440.16226,88,0.85131,0.77201
1,f001_AMT_GOODS_PRICE-s-AMT_CREDIT-d-AMT_INCOME_TOTAL,2390.39435,102,0.85131,0.77201
1,f001_OWN_CAR_AGE,2295.98994,90,0.85131,0.77201
1,f105_prevapp_future_payment_10m,2292.37181,83,0.85131,0.77201
1,f001_DAYS_ID_PUBLISH-s-DAYS_BIRTH,2121.6248,118,0.85131,0.77201
1,f101_completed_AMT_CREDIT_d_AMT_APPLICATION_min,2117.81848,103,0.85131,0.77201
1,f001_AMT_ANNUITY-d-cnt_adults,2063.78149,105,0.85131,0.77201
1,f101_approved_DAYS_LAST_DUE_1ST_VERSION_s_DAYS_FIRST_DUE_mean,2040.52642,79,0.85131,0.77201
1,f101_approved_DAYS_FIRST_DRAWING_s_DAYS_DECISIONS_min,2030.31597,88,0.85131,0.77201
1,f101_approved_DAYS_LAST_DUE_1ST_VERSION_s_DAYS_FIRST_DUE_std,2005.18854,65,0.85131,0.77201
1,f102_refused_DAYS_DECISION_s_app_DAYS_BIRTH_max,1997.60506,61,0.85131,0.77201
1,f001_OWN_CAR_AGE-d-DAYS_BIRTH,1975.57218,95,0.85131,0.77201
1,f101_completed_DAYS_FIRST_DUE_s_app_DAYS_EMPLOYED_max,1939.40817,87,0.85131,0.77201
1,f101_completed_AMT_APPLICATION_d_app_AMT_CREDIT_max,1874.58875,67,0.85131,0.77201
1,f001_DEF_30_CNT_SOCIAL_CIRCLE-d-OBS_30_CNT_SOCIAL_CIRCLE,1841.48157,89,0.85131,0.77201
1,f101_approved_DAYS_FIRST_DRAWING_d_app_DAYS_REGISTRATION_max,1840.99944,94,0.85131,0.77201
1,f001_OWN_CAR_AGE-d-DAYS_EMPLOYED,1809.1378,76,0.85131,0.77201
1,f101_approved_DAYS_FIRST_DUE_d_app_DAYS_EMPLOYED_min,1764.66437,62,0.85131,0.77201
1,f001_alldocs_kurt,1723.96889,70,0.85131,0.77201
1,f001_DAYS_EMPLOYED-s-DAYS_BIRTH,1718.01805,91,0.85131,0.77201
1,f101_refused_AMT_APPLICATION_d_app_AMT_ANNUITY_std_div_mean,1678.57582,82,0.85131,0.77201
1,f101_approved_AMT_GOODS_PRICE_d_app_AMT_ANNUITY_max,1637.88926,61,0.85131,0.77201
1,f001_AMT_GOODS_PRICE,1623.8211,69,0.85131,0.77201
1,f101_approved_AMT_CREDIT_d_total_debt_max_div_min,1518.67644,81,0.85131,0.77201
1,f001_DAYS_ID_PUBLISH,1497.62617,94,0.85131,0.77201
1,f101_refused_HOUR_APPR_PROCESS_START_std_div_mean,1490.42213,69,0.85131,0.77201
1,f101_completed_DAYS_LAST_DUE_d_app_DAYS_EMPLOYED_min,1470.4394,52,0.85131,0.77201
1,f001_REGION_POPULATION_RELATIVE,1417.19796,101,0.85131,0.77201
1,f102_nyg_middle_AMT_GOODS_PRICE_d_AMT_CREDIT_min,1411.06514,80,0.85131,0.77201
1,f101_approved_DAYS_LAST_DUE_1ST_VERSION_d_app_DAYS_REGISTRATION_max_div_min,1408.41233,48,0.85131,0.77201
1,f001_DAYS_EMPLOYED-d-DAYS_BIRTH,1394.47543,69,0.85131,0.77201
1,f001_EXT_SOURCES_std,1368.73263,72,0.85131,0.77201
1,f101_nyg_high_AMT_CREDIT_d_AMT_APPLICATION_min,1368.17712,65,0.85131,0.77201
1,f001_FLAG_WORK_PHONE,1350.44417,75,0.85131,0.77201
1,f105_past_payment_3m_sum,1334.93625,51,0.85131,0.77201
1,f101_completed_AMT_DOWN_PAYMENT_mean,1315.2868,80,0.85131,0.77201
1,f001_EXT_SOURCES_1-2,1315.22128,79,0.85131,0.77201
1,f003_NAME_FAMILY_STATUS_ta,1287.61784,77,0.85131,0.77201
1,f101_approved_DAYS_LAST_DUE_d_app_DAYS_LAST_PHONE_CHANGE_max_div_min,1245.98332,72,0.85131,0.77201
1,f101_nyg_high_DAYS_DECISION_d_app_DAYS_BIRTH_min,1244.52871,70,0.85131,0.77201
1,f001_AMT_ANNUITY-d-AMT_INCOME_TOTAL,1243.14156,76,0.85131,0.77201
1,f102_active_AMT_GOODS_PRICE_d_AMT_CREDIT_mean,1235.78429,60,0.85131,0.77201
1,f101_approved_DAYS_TERMINATION_s_DAYS_LAST_DUE_1ST_VERSION_std,1202.59415,42,0.85131,0.77201
1,f101_completed_AMT_ANNUITY_d_app_AMT_INCOME_TOTAL_max,1198.33154,50,0.85131,0.77201
1,f001_DEF_30_CNT_SOCIAL_CIRCLE,1197.3811,59,0.85131,0.77201
1,f101_refused_interest_rate_max,1192.05213,53,0.85131,0.77201
1,f101_completed_AMT_GOODS_PRICE_s_app_AMT_ANNUITY_d_app_AMT_INCOME_TOTAL_std_div_mean,1183.15445,55,0.85131,0.77201
1,f101_refused_DAYS_DECISION_d_app_DAYS_LAST_PHONE_CHANGE_min,1174.69372,63,0.85131,0.77201
1,f101_completed_AMT_ANNUITY_s_app_AMT_ANNUITY_d_app_AMT_INCOME_TOTAL_min,1156.92772,71,0.85131,0.77201
1,f101_approved_SELLERPLACE_AREA_std,1155.26949,76,0.85131,0.77201
1,f002_NAME_EDUCATION_TYPE,1133.3217,31,0.85131,0.77201
1,f101_approved_AMT_ANNUITY_d_app_AMT_GOODS_PRICE_mean,1109.00372,49,0.85131,0.77201
1,f101_nyg_high_DAYS_LAST_DUE_1ST_VERSION_d_app_DAYS_REGISTRATION_min,1101.53901,50,0.85131,0.77201
1,f101_refused_DAYS_DECISION_d_app_DAYS_BIRTH_max,1094.24048,53,0.85131,0.77201
1,f001_DEF_60_CNT_SOCIAL_CIRCLE-d-OBS_60_CNT_SOCIAL_CIRCLE,1090.83191,53,0.85131,0.77201
1,f101_approved_DAYS_TERMINATION_d_app_DAYS_REGISTRATION_min,1084.12129,65,0.85131,0.77201
1,f101_approved_DAYS_LAST_DUE_s_app_DAYS_BIRTH_max,1068.27298,51,0.85131,0.77201
1,f101_nyg_low_normal_DAYS_FIRST_DUE_s_DAYS_DECISIONS_mean,1054.2598,70,0.85131,0.77201
1,f001_AMT_ANNUITY,1052.00835,59,0.85131,0.77201
1,f001_DAYS_LAST_PHONE_CHANGE-s-DAYS_EMPLOYED,1050.83503,32,0.85131,0.77201
1,f101_completed_AMT_APPLICATION_d_app_AMT_CREDIT_mean,1044.68738,40,0.85131,0.77201
1,f101_nyg_high_DAYS_LAST_DUE_1ST_VERSION_d_app_DAYS_LAST_PHONE_CHANGE_min,1042.40213,46,0.85131,0.77201
1,f101_approved_interest_rate_max_div_min,1035.8272,53,0.85131,0.77201
1,f102_active_AMT_CREDIT_d_AMT_APPLICATION_max,1032.33521,50,0.85131,0.77201
1,f101_approved_DAYS_LAST_DUE_1ST_VERSION_d_app_DAYS_BIRTH_max_div_min,1027.27553,38,0.85131,0.77201
1,f101_completed_AMT_CREDIT_s_app_AMT_CREDIT_max,1026.05717,41,0.85131,0.77201
1,f001_building_score_mode_mean,1016.04238,46,0.85131,0.77201
1,f101_active_DAYS_LAST_DUE_1ST_VERSION_d_app_DAYS_BIRTH_min,1015.64462,38,0.85131,0.77201
1,f101_completed_AMT_GOODS_PRICE_d_AMT_ANNUITY_max,1014.84281,63,0.85131,0.77201
1,f001_age_finish_payment,1006.3717,44,0.85131,0.77201
1,f101_completed_DAYS_FIRST_DUE_d_app_DAYS_ID_PUBLISH_min,1006.08917,52,0.85131,0.77201
1,f101_approved_NAME_CLIENT_TYPE_New_mean,1004.83561,49,0.85131,0.77201
1,f101_approved_AMT_DOWN_PAYMENT_d_AMT_GOODS_PRICE_max,992.81762,45,0.85131,0.77201
1,f101_completed_AMT_APPLICATION_s_app_AMT_ANNUITY_mean,985.19237,42,0.85131,0.77201
1,f101_completed_AMT_ANNUITY_mean,984.1447,56,0.85131,0.77201
1,f107_AMT_ANNUITY-s-app_AMT_ANNUITY,982.4831,63,0.85131,0.77201
1,f101_refused_AMT_ANNUITY_s_app_AMT_ANNUITY_d_app_AMT_INCOME_TOTAL_mean,975.51644,51,0.85131,0.77201
1,f001_age,974.5589,36,0.85131,0.77201
1,f105_future_payment_19m_sum,967.21472,46,0.85131,0.77201
1,f002_NAME_FAMILY_STATUS,957.83592,55,0.85131,0.77201
1,f101_nyg_high_DAYS_TERMINATION_s_DAYS_LAST_DUE_1ST_VERSION_max,955.8708,61,0.85131,0.77201
1,f101_completed_RATE_DOWN_PAYMENT_std_div_mean,955.82044,39,0.85131,0.77201
1,f101_completed_AMT_CREDIT_s_app_AMT_CREDIT_d_app_AMT_INCOME_TOTAL_max,950.92482,44,0.85131,0.77201
1,f101_refused_total_debt_max,950.2686,45,0.85131,0.77201
1,f101_approved_AMT_APPLICATION_d_app_AMT_ANNUITY_mean,945.955,44,0.85131,0.77201
1,f101_nyg_high_DAYS_LAST_DUE_1ST_VERSION_d_app_DAYS_EMPLOYED_min,940.27195,48,0.85131,0.77201
1,f101_approved_DAYS_FIRST_DUE_d_app_DAYS_ID_PUBLISH_min,938.66664,59,0.85131,0.77201
1,f101_approved_DAYS_DECISION_s_app_DAYS_BIRTH_max,938.1386,40,0.85131,0.77201
1,f101_nyg_middle_AMT_GOODS_PRICE_d_AMT_ANNUITY_max,932.44521,48,0.85131,0.77201
1,f101_approved_DAYS_LAST_DUE_s_app_DAYS_LAST_PHONE_CHANGE_max,916.23397,63,0.85131,0.77201
1,f105_prevapp_future_payment_3m,915.45699,41,0.85131,0.77201
1,f101_completed_DAYS_TERMINATION_s_DAYS_DECISIONS_min,911.7173,58,0.85131,0.77201
1,f103_nyg_high_total_debt_mean,907.756,35,0.85131,0.77201
1,f101_completed_AMT_GOODS_PRICE_s_app_AMT_ANNUITY_d_app_AMT_INCOME_TOTAL_pctchange_mean,898.82628,43,0.85131,0.77201
1,f103_active_AMT_GOODS_PRICE_d_total_debt_mean,897.26696,37,0.85131,0.77201
1,f101_completed_AMT_CREDIT_d_AMT_APPLICATION_max,882.67062,56,0.85131,0.77201
1,f101_approved_AMT_GOODS_PRICE_s_app_AMT_GOODS_PRICE_max,880.89167,53,0.85131,0.77201
1,f101_nyg_high_DAYS_LAST_DUE_s_DAYS_LAST_DUE_1ST_VERSION_mean,879.48448,41,0.85131,0.77201
1,f001_DAYS_ID_PUBLISH-d-DAYS_BIRTH,862.52183,55,0.85131,0.77201
1,f003_ORGANIZATION_TYPE_ta,856.456,30,0.85131,0.77201
1,f101_nyg_low_action_DAYS_LAST_DUE_1ST_VERSION_s_DAYS_DECISIONS_mean,854.9659,36,0.85131,0.77201
1,f101_nyg_low_action_AMT_GOODS_PRICE_d_AMT_CREDIT_min,853.5007,43,0.85131,0.77201
1,f101_completed_DAYS_DECISION_d_app_DAYS_ID_PUBLISH_min,843.84835,44,0.85131,0.77201
1,f101_refused_DAYS_DECISION_s_app_DAYS_LAST_PHONE_CHANGE_min,834.92309,37,0.85131,0.77201
1,f101_approved_DAYS_LAST_DUE_1ST_VERSION_d_app_DAYS_BIRTH_mean,833.75903,44,0.85131,0.77201
1,f001_DAYS_BIRTH,825.40464,39,0.85131,0.77201
1,f101_completed_AMT_CREDIT_d_app_AMT_ANNUITY_mean,823.46792,39,0.85131,0.77201
1,f101_completed_DAYS_TERMINATION_s_DAYS_LAST_DUE_mean,820.72489,52,0.85131,0.77201
1,f001_AMT_REQ_CREDIT_BUREAU_YEAR,820.4439,51,0.85131,0.77201
1,f102_active_AMT_CREDIT_d_AMT_APPLICATION_mean,804.16006,32,0.85131,0.77201
1,f101_nyg_middle_DAYS_TERMINATION_s_DAYS_LAST_DUE_1ST_VERSION_min,795.369,52,0.85131,0.77201
1,f107_AMT_GOODS_PRICE-d-AMT_ANNUITY,794.83573,61,0.85131,0.77201
1,f001_REGION_RATING_CLIENT_W_CITY,792.62787,44,0.85131,0.77201
1,f101_active_DAYS_LAST_DUE_1ST_VERSION_d_app_DAYS_BIRTH_mean,780.08385,40,0.85131,0.77201
1,f001_OWN_CAR_AGE-s-DAYS_BIRTH,777.474,44,0.85131,0.77201
1,f101_approved_DAYS_TERMINATION_d_app_DAYS_EMPLOYED_min,773.85661,41,0.85131,0.77201
1,f101_approved_DAYS_FIRST_DUE_s_app_DAYS_EMPLOYED_max,768.28899,38,0.85131,0.77201
1,f107_DAYS_FIRST_DUE-s-app_DAYS_BIRTH,766.50583,44,0.85131,0.77201
1,f101_approved_DAYS_LAST_DUE_1ST_VERSION_s_app_DAYS_BIRTH_mean,764.26163,42,0.85131,0.77201
1,f102_approved_amt_paid_sum,761.77231,45,0.85131,0.77201
1,f101_approved_DAYS_LAST_DUE_d_app_DAYS_BIRTH_min,756.11387,48,0.85131,0.77201
1,f101_approved_AMT_GOODS_PRICE_s_app_AMT_CREDIT_max,744.27683,31,0.85131,0.77201
1,f102_approved_AMT_ANNUITY_s_app_AMT_ANNUITY_d_app_AMT_INCOME_TOTAL_mean,742.87875,43,0.85131,0.77201
1,f101_completed_interest_rate_max_div_min,742.11414,33,0.85131,0.77201
1,f101_approved_DAYS_DECISION_s_app_DAYS_BIRTH_mean,740.76201,42,0.85131,0.77201
1,f001_DAYS_LAST_PHONE_CHANGE-s-DAYS_BIRTH,739.50972,33,0.85131,0.77201
1,f101_refused_interest_rate_min,737.30988,32,0.85131,0.77201
1,f001_building_score_medi_mean,736.02349,42,0.85131,0.77201
1,f101_nyg_middle_DAYS_TERMINATION_s_DAYS_LAST_DUE_1ST_VERSION_max,734.58926,48,0.85131,0.77201
1,f001_DAYS_REGISTRATION-s-DAYS_BIRTH-d-DAYS_LAST_PHONE_CHANGE-s-DAYS_EMPLOYED,725.19294,49,0.85131,0.77201
1,f104_approved_DAYS_TERMINATION_s_DAYS_LAST_DUE_1ST_VERSION_min,725.01877,45,0.85131,0.77201
1,f001_TOTALAREA_MODE,724.488,40,0.85131,0.77201
1,f001_AMT_ANNUITY-d-CNT_FAM_MEMBERS,723.93222,49,0.85131,0.77201
1,f101_nyg_high_AMT_CREDIT_d_AMT_ANNUITY_min,723.04588,42,0.85131,0.77201
1,f001_DAYS_ID_PUBLISH-s-DAYS_EMPLOYED-d-DAYS_LAST_PHONE_CHANGE-s-DAYS_REGISTRATION,708.49453,52,0.85131,0.77201
1,f105_prevapp_future_payment_21m,702.56832,43,0.85131,0.77201
1,f101_approved_DAYS_LAST_DUE_1ST_VERSION_d_app_DAYS_EMPLOYED_mean,702.33727,41,0.85131,0.77201
1,f101_completed_DAYS_LAST_DUE_d_app_DAYS_LAST_PHONE_CHANGE_max,695.95141,47,0.85131,0.77201
1,f101_active_DAYS_LAST_DUE_1ST_VERSION_d_app_DAYS_ID_PUBLISH_max,695.88433,41,0.85131,0.77201
1,f101_nyg_middle_AMT_CREDIT_d_AMT_APPLICATION_min,690.47838,39,0.85131,0.77201
1,f101_approved_AMT_DOWN_PAYMENT_d_AMT_GOODS_PRICE_mean,689.11882,39,0.85131,0.77201
1,f001_EXT_SOURCES_1-3,684.24952,35,0.85131,0.77201
1,f101_nyg_middle_AMT_GOODS_PRICE_d_AMT_ANNUITY_mean,679.691,42,0.85131,0.77201
1,f101_approved_DAYS_LAST_DUE_1ST_VERSION_d_app_DAYS_EMPLOYED_min,679.39782,42,0.85131,0.77201
1,f001_building_score_avg_mean,665.46986,33,0.85131,0.77201
1,f101_approved_AMT_GOODS_PRICE_d_total_debt_std,661.36771,39,0.85131,0.77201
1,f101_approved_DAYS_FIRST_DUE_d_app_DAYS_BIRTH_min,659.91647,43,0.85131,0.77201
1,f101_active_DAYS_TERMINATION_s_DAYS_LAST_DUE_1ST_VERSION_max,659.31326,38,0.85131,0.77201
1,f108_past_payment_5m,657.99845,46,0.85131,0.77201
1,f101_approved_DAYS_FIRST_DUE_s_app_DAYS_REGISTRATION_max,655.35706,38,0.85131,0.77201
1,f105_past_payment_sum_max,652.43051,30,0.85131,0.77201
1,f101_approved_AMT_CREDIT_d_AMT_ANNUITY_diff_min,652.39478,53,0.85131,0.77201
1,f001_FLAG_DOCUMENT_3,651.6913,19,0.85131,0.77201
1,f107_NAME_CONTRACT_STATUS,651.28059,23,0.85131,0.77201
1,f101_refused_DAYS_DECISION_s_app_DAYS_LAST_PHONE_CHANGE_mean,650.10518,29,0.85131,0.77201
1,f001_DAYS_REGISTRATION-d-DAYS_EMPLOYED,649.71947,45,0.85131,0.77201
1,f107_DAYS_DECISION-d-app_DAYS_ID_PUBLISH,648.69015,44,0.85131,0.77201
1,f101_nyg_middle_DAYS_LAST_DUE_1ST_VERSION_s_DAYS_FIRST_DUE_mean,641.80628,28,0.85131,0.77201
1,f103_nyg_high_DAYS_TERMINATION_s_DAYS_LAST_DUE_1ST_VERSION_mean,640.76372,41,0.85131,0.77201
1,f103_refused_AMT_GOODS_PRICE_d_total_debt_min,639.40611,18,0.85131,0.77201
1,f101_nyg_low_normal_AMT_GOODS_PRICE_d_AMT_ANNUITY_min,636.43842,40,0.85131,0.77201
1,f103_refused_AMT_CREDIT_d_total_debt_mean,636.4278,20,0.85131,0.77201
1,f101_completed_DAYS_LAST_DUE_1ST_VERSION_d_app_DAYS_REGISTRATION_min,634.42165,41,0.85131,0.77201
1,f101_completed_DAYS_LAST_DUE_d_app_DAYS_ID_PUBLISH_min,630.94082,38,0.85131,0.77201
1,f101_approved_DAYS_FIRST_DUE_d_app_DAYS_LAST_PHONE_CHANGE_mean,625.93976,46,0.85131,0.77201
1,f001_DAYS_EMPLOYED-s-DAYS_BIRTH-d-DAYS_LAST_PHONE_CHANGE-s-DAYS_BIRTH,625.7064,29,0.85131,0.77201
1,f103_refused_DAYS_DECISION_s_app_DAYS_EMPLOYED_min,624.52746,33,0.85131,0.77201
1,f101_refused_DAYS_DECISION_d_app_DAYS_LAST_PHONE_CHANGE_mean,623.4191,27,0.85131,0.77201
1,f001_DAYS_REGISTRATION-s-DAYS_EMPLOYED-d-DAYS_ID_PUBLISH-s-DAYS_EMPLOYED,622.60044,50,0.85131,0.77201
1,f101_approved_AMT_APPLICATION_max,621.0992,31,0.85131,0.77201
1,f101_nyg_middle_AMT_CREDIT_s_app_AMT_INCOME_TOTAL_min,620.18767,42,0.85131,0.77201
1,f101_nyg_low_normal_AMT_GOODS_PRICE_d_AMT_CREDIT_max,618.43346,29,0.85131,0.77201
1,f101_approved_AMT_ANNUITY_s_app_AMT_GOODS_PRICE_mean,618.0018,30,0.85131,0.77201
1,f101_nyg_low_normal_DAYS_LAST_DUE_1ST_VERSION_d_app_DAYS_ID_PUBLISH_mean,617.78459,33,0.85131,0.77201
1,f001_DAYS_REGISTRATION-s-DAYS_BIRTH,617.74874,43,0.85131,0.77201
1,f101_approved_AMT_CREDIT_s_app_AMT_ANNUITY_max,616.5988,41,0.85131,0.77201
1,f101_nyg_middle_DAYS_LAST_DUE_1ST_VERSION_d_app_DAYS_ID_PUBLISH_min,613.50669,34,0.85131,0.77201
1,f001_DAYS_ID_PUBLISH-d-DAYS_REGISTRATION,608.87264,43,0.85131,0.77201
1,f101_nyg_high_DAYS_DECISION_s_app_DAYS_BIRTH_min,604.22687,39,0.85131,0.77201
1,f105_past_payment_5m_mean,603.92875,38,0.85131,0.77201
1,f102_approved_DAYS_FIRST_DRAWING_s_app_DAYS_EMPLOYED_mean,603.6514,26,0.85131,0.77201
1,f101_approved_AMT_CREDIT_d_total_debt_pctchange_mean,602.37676,36,0.85131,0.77201
1,f001_EXT_SOURCES_1-2-3,597.48655,29,0.85131,0.77201
1,f101_approved_AMT_GOODS_PRICE_d_app_AMT_ANNUITY_mean,593.18159,35,0.85131,0.77201
1,f107_AMT_ANNUITY-d-app_AMT_ANNUITY,592.3264,41,0.85131,0.77201
1,f102_refused_DAYS_DECISION_d_app_DAYS_EMPLOYED_max,591.05093,31,0.85131,0.77201
1,f107_DAYS_FIRST_DUE-d-app_DAYS_REGISTRATION,589.66301,42,0.85131,0.77201
1,f101_refused_AMT_APPLICATION_d_app_AMT_INCOME_TOTAL_std,587.86607,27,0.85131,0.77201
1,f101_approved_DAYS_LAST_DUE_1ST_VERSION_s_app_DAYS_BIRTH_max,587.46076,38,0.85131,0.77201
1,f001_DAYS_ID_PUBLISH-s-DAYS_EMPLOYED-d-DAYS_LAST_PHONE_CHANGE-s-DAYS_EMPLOYED,582.87056,41,0.85131,0.77201
1,f107_AMT_ANNUITY-s-app_AMT_INCOME_TOTAL,581.28253,43,0.85131,0.77201
1,f101_completed_DAYS_FIRST_DUE_d_app_DAYS_LAST_PHONE_CHANGE_min,579.27142,39,0.85131,0.77201
1,f001_AMT_CREDIT-d-CNT_FAM_MEMBERS,577.7094,39,0.85131,0.77201
1,f101_completed_interest_rate_diff_min,577.32387,37,0.85131,0.77201
1,f101_approved_total_debt_pctchange_mean,575.36305,43,0.85131,0.77201
1,f101_nyg_low_normal_DAYS_LAST_DUE_1ST_VERSION_s_DAYS_DECISIONS_mean,575.1485,34,0.85131,0.77201
1,f101_approved_DAYS_LAST_DUE_1ST_VERSION_d_app_DAYS_LAST_PHONE_CHANGE_max_div_min,574.83538,37,0.85131,0.77201
1,f101_approved_DAYS_DECISION_s_app_DAYS_EMPLOYED_max,574.0666,25,0.85131,0.77201
1,f105_past_payment_4m_mean,573.761,34,0.85131,0.77201
1,f101_approved_DAYS_TERMINATION_s_DAYS_FIRST_DUE_mean,571.88661,42,0.85131,0.77201
1,f105_past_payment_7m_max,570.3136,41,0.85131,0.77201
1,f101_approved_AMT_GOODS_PRICE_s_app_AMT_INCOME_TOTAL_pctchange_max,570.16498,42,0.85131,0.77201
1,f101_approved_AMT_GOODS_PRICE_d_AMT_ANNUITY_std_div_mean,569.86589,44,0.85131,0.77201
1,f101_completed_DAYS_DECISION_d_app_DAYS_BIRTH_min,564.48225,34,0.85131,0.77201
1,f101_refused_total_debt_min,564.46829,34,0.85131,0.77201
1,f101_approved_DAYS_LAST_DUE_d_app_DAYS_BIRTH_mean,564.34759,39,0.85131,0.77201
1,f101_nyg_low_normal_AMT_ANNUITY_s_app_AMT_ANNUITY_d_app_AMT_INCOME_TOTAL_mean,563.535,32,0.85131,0.77201
1,f101_completed_AMT_CREDIT_s_app_AMT_ANNUITY_d_app_AMT_INCOME_TOTAL_mean,562.78644,31,0.85131,0.77201
1,f101_nyg_middle_total_debt_diff_mean,561.32105,38,0.85131,0.77201
1,f101_approved_AMT_CREDIT_d_AMT_APPLICATION_pctchange_mean,561.28704,40,0.85131,0.77201
1,f101_completed_AMT_GOODS_PRICE_d_AMT_CREDIT_min,558.66805,40,0.85131,0.77201
1,f001_LIVINGAREA_AVG,557.79289,26,0.85131,0.77201
1,f101_approved_DAYS_LAST_DUE_d_app_DAYS_LAST_PHONE_CHANGE_min,557.73692,38,0.85131,0.77201
1,f108_AMT_APPLICATION-s-app_AMT_CREDIT-d-app_AMT_INCOME_TOTAL,554.67238,34,0.85131,0.77201
1,f101_approved_DAYS_LAST_DUE_s_app_DAYS_ID_PUBLISH_max,554.16113,37,0.85131,0.77201
1,f101_nyg_low_normal_DAYS_LAST_DUE_d_app_DAYS_EMPLOYED_min,553.19998,28,0.85131,0.77201
1,f101_approved_interest_rate_max,552.90694,35,0.85131,0.77201
1,f101_approved_AMT_CREDIT_d_AMT_ANNUITY_max_div_min,551.79305,38,0.85131,0.77201
1,f101_refused_AMT_ANNUITY_s_app_AMT_INCOME_TOTAL_max,551.65562,36,0.85131,0.77201
1,f108_past_payment_2m,551.51114,32,0.85131,0.77201
1,f104_completed_interest_rate_mean,549.44977,37,0.85131,0.77201
1,f108_DAYS_LAST_DUE-s-app_DAYS_BIRTH,548.0255,37,0.85131,0.77201
1,f105_past_payment_3m_max,542.44952,25,0.85131,0.77201
1,f101_active_AMT_ANNUITY_s_app_AMT_INCOME_TOTAL_mean,542.43252,40,0.85131,0.77201
1,f102_refused_DAYS_DECISION_s_app_DAYS_LAST_PHONE_CHANGE_min,542.26097,26,0.85131,0.77201
1,f105_prevapp_future_payment_14m,541.72041,31,0.85131,0.77201
1,f102_refused_interest_rate_diff_min,541.0965,22,0.85131,0.77201
1,f001_DAYS_REGISTRATION-s-DAYS_EMPLOYED-d-DAYS_LAST_PHONE_CHANGE-s-DAYS_EMPLOYED,539.93191,40,0.85131,0.77201
1,f101_approved_DAYS_DECISION_d_app_DAYS_ID_PUBLISH_min,539.90166,37,0.85131,0.77201
1,f101_nyg_middle_AMT_ANNUITY_s_app_AMT_ANNUITY_d_app_AMT_INCOME_TOTAL_max,538.51947,39,0.85131,0.77201
1,f101_nyg_middle_AMT_GOODS_PRICE_d_AMT_CREDIT_max,537.77647,31,0.85131,0.77201
1,f101_completed_AMT_CREDIT_s_app_AMT_GOODS_PRICE_max,532.44915,32,0.85131,0.77201
1,f101_completed_DAYS_LAST_DUE_d_app_DAYS_LAST_PHONE_CHANGE_min,531.67703,38,0.85131,0.77201
1,f101_approved_DAYS_LAST_DUE_1ST_VERSION_d_app_DAYS_ID_PUBLISH_max_div_min,525.8606,22,0.85131,0.77201
1,f101_active_DAYS_LAST_DUE_1ST_VERSION_d_app_DAYS_LAST_PHONE_CHANGE_max,525.57495,34,0.85131,0.77201
1,f101_completed_DAYS_LAST_DUE_d_app_DAYS_BIRTH_max,523.31158,36,0.85131,0.77201
1,f108_DAYS_TERMINATION-s-DAYS_DECISIONS,521.51034,41,0.85131,0.77201
1,f001_AMT_ANNUITY-d-CNT_CHILDREN,521.48712,36,0.85131,0.77201
1,f101_approved_DAYS_FIRST_DUE_d_app_DAYS_LAST_PHONE_CHANGE_min,520.86659,39,0.85131,0.77201
1,f102_approved_DAYS_LAST_DUE_1ST_VERSION_d_app_DAYS_LAST_PHONE_CHANGE_max,520.21714,33,0.85131,0.77201
1,f101_approved_DAYS_TERMINATION_s_app_DAYS_LAST_PHONE_CHANGE_min,520.11791,35,0.85131,0.77201
1,f101_approved_DAYS_TERMINATION_d_app_DAYS_BIRTH_min,519.91951,38,0.85131,0.77201
1,f101_nyg_middle_DAYS_LAST_DUE_d_app_DAYS_REGISTRATION_min,518.22036,38,0.85131,0.77201
1,f108_AMT_APPLICATION-s-app_AMT_CREDIT,518.06158,20,0.85131,0.77201
1,f101_refused_AMT_APPLICATION_d_app_AMT_INCOME_TOTAL_max,516.60232,33,0.85131,0.77201
1,f108_AMT_APPLICATION-s-app_AMT_GOODS_PRICE,515.57741,30,0.85131,0.77201
1,f101_nyg_high_AMT_GOODS_PRICE_d_AMT_ANNUITY_diff_min,513.14275,30,0.85131,0.77201
1,f101_nyg_high_AMT_ANNUITY_s_app_AMT_GOODS_PRICE_max,512.83856,25,0.85131,0.77201
1,f001_DAYS_REGISTRATION-s-DAYS_EMPLOYED-d-DAYS_LAST_PHONE_CHANGE-s-DAYS_ID_PUBLISH,511.24129,43,0.85131,0.77201
1,f102_refused_interest_rate_diff_max,510.39757,32,0.85131,0.77201
1,f105_future_payment_11m_min,510.19162,24,0.85131,0.77201
1,f101_approved_DAYS_LAST_DUE_s_DAYS_DECISIONS_max,508.8617,36,0.85131,0.77201
1,f101_approved_interest_rate_diff_max_div_min,508.72666,37,0.85131,0.77201
1,f105_past_payment_8m_mean,507.49229,35,0.85131,0.77201
1,f104_nyg_high_AMT_ANNUITY_s_app_AMT_CREDIT_min,506.35803,26,0.85131,0.77201
1,f101_approved_AMT_ANNUITY_s_app_AMT_ANNUITY_pctchange_max,504.76014,38,0.85131,0.77201
1,f101_active_amt_unpaid_std,504.6786,29,0.85131,0.77201
1,f103_approved_AMT_GOODS_PRICE_d_AMT_ANNUITY_mean,503.52787,30,0.85131,0.77201
1,f101_completed_AMT_GOODS_PRICE_d_app_AMT_ANNUITY_min,503.29477,30,0.85131,0.77201
1,f101_approved_AMT_ANNUITY_s_app_AMT_CREDIT_min,503.22189,20,0.85131,0.77201
1,f001_AMT_GOODS_PRICE-d-CNT_FAM_MEMBERS,500.23754,38,0.85131,0.77201
1,f102_approved_interest_rate_mean,498.41161,31,0.85131,0.77201
1,f101_approved_amt_paid_std,498.21312,30,0.85131,0.77201
1,f101_completed_DAYS_TERMINATION_d_app_DAYS_LAST_PHONE_CHANGE_min,496.65177,38,0.85131,0.77201
1,f101_nyg_high_DAYS_LAST_DUE_1ST_VERSION_s_DAYS_DECISIONS_max,494.29387,28,0.85131,0.77201
1,f108_AMT_ANNUITY-d-app_AMT_INCOME_TOTAL,492.34778,36,0.85131,0.77201
1,f101_approved_total_debt_std_div_mean,489.65273,31,0.85131,0.77201
1,f101_nyg_high_interest_rate_pctchange_max,488.46134,34,0.85131,0.77201
1,f001_APARTMENTS_MODE,488.07217,32,0.85131,0.77201
1,f103_approved_DAYS_DECISION_d_app_DAYS_EMPLOYED_min,486.38655,31,0.85131,0.77201
1,f101_nyg_high_AMT_ANNUITY_s_app_AMT_ANNUITY_d_app_AMT_INCOME_TOTAL_mean,485.97579,32,0.85131,0.77201
1,f101_completed_AMT_CREDIT_s_app_AMT_INCOME_TOTAL_pctchange_max,485.79419,29,0.85131,0.77201
1,f101_approved_AMT_CREDIT_s_app_AMT_INCOME_TOTAL_pctchange_max,485.11379,35,0.85131,0.77201
1,f101_nyg_low_normal_DAYS_TERMINATION_d_app_DAYS_REGISTRATION_min,484.86823,32,0.85131,0.77201
1,f101_nyg_high_DAYS_TERMINATION_s_DAYS_LAST_DUE_1ST_VERSION_std,484.45857,30,0.85131,0.77201
1,f101_approved_DAYS_LAST_DUE_1ST_VERSION_s_app_DAYS_LAST_PHONE_CHANGE_max,484.25937,35,0.85131,0.77201
1,f102_approved_interest_rate_pctchange_min,483.7281,36,0.85131,0.77201
1,f001_DAYS_LAST_PHONE_CHANGE-s-DAYS_EMPLOYED-d-DAYS_ID_PUBLISH-s-DAYS_REGISTRATION,482.85136,38,0.85131,0.77201
1,f101_nyg_low_normal_AMT_GOODS_PRICE_d_app_AMT_ANNUITY_min,480.40591,35,0.85131,0.77201
1,f104_approved_AMT_GOODS_PRICE_d_AMT_CREDIT_mean,480.17829,30,0.85131,0.77201
1,f108_DAYS_LAST_DUE_1ST_VERSION,479.79018,31,0.85131,0.77201
1,f108_DAYS_FIRST_DUE-s-app_DAYS_REGISTRATION,479.65601,35,0.85131,0.77201
1,f003_NAME_INCOME_TYPE_ta,479.0708,26,0.85131,0.77201
1,f101_approved_AMT_CREDIT_s_app_AMT_INCOME_TOTAL_std_div_mean,477.90703,37,0.85131,0.77201
1,f101_approved_AMT_APPLICATION_s_app_AMT_CREDIT_mean,476.96537,30,0.85131,0.77201
1,f001_AMT_REQ_CREDIT_BUREAU_sum,475.08088,32,0.85131,0.77201
1,f101_approved_DAYS_LAST_DUE_1ST_VERSION_d_app_DAYS_REGISTRATION_mean,474.95794,28,0.85131,0.77201
1,f101_completed_NAME_CLIENT_TYPE_New_mean,474.7594,22,0.85131,0.77201
1,f101_nyg_high_AMT_ANNUITY_s_app_AMT_CREDIT_max,474.73833,20,0.85131,0.77201
1,f101_approved_AMT_GOODS_PRICE_s_app_AMT_ANNUITY_d_app_AMT_INCOME_TOTAL_std_div_mean,474.69211,35,0.85131,0.77201
1,f001_DAYS_EMPLOYED-s-DAYS_BIRTH-d-DAYS_LAST_PHONE_CHANGE-s-DAYS_REGISTRATION,472.74246,37,0.85131,0.77201
1,f101_refused_AMT_ANNUITY_s_app_AMT_INCOME_TOTAL_min,472.2425,30,0.85131,0.77201
1,f101_nyg_low_normal_AMT_ANNUITY_max,471.01356,31,0.85131,0.77201
1,f101_completed_AMT_CREDIT_d_total_debt_pctchange_max,470.74164,29,0.85131,0.77201
1,f108_AMT_APPLICATION,470.11622,30,0.85131,0.77201
1,f001_DAYS_REGISTRATION-s-DAYS_BIRTH-d-DAYS_LAST_PHONE_CHANGE-s-DAYS_ID_PUBLISH,469.05472,34,0.85131,0.77201
1,f101_nyg_low_normal_total_debt_std,468.25389,34,0.85131,0.77201
1,f105_prevapp_future_payment_1vs5,464.39125,29,0.85131,0.77201
1,f101_approved_DAYS_FIRST_DUE_d_app_DAYS_LAST_PHONE_CHANGE_max,463.74066,33,0.85131,0.77201
1,f101_completed_SELLERPLACE_AREA_max_div_min,463.64493,34,0.85131,0.77201
1,f101_completed_DAYS_LAST_DUE_s_DAYS_DECISIONS_min,463.33054,32,0.85131,0.77201
1,f101_approved_DAYS_TERMINATION_s_app_DAYS_LAST_PHONE_CHANGE_max_div_min,463.05791,30,0.85131,0.77201
1,f101_nyg_middle_AMT_ANNUITY_s_app_AMT_ANNUITY_mean,462.20215,30,0.85131,0.77201
1,f101_active_DAYS_LAST_DUE_1ST_VERSION_d_app_DAYS_EMPLOYED_max,461.03588,29,0.85131,0.77201
1,f101_nyg_middle_AMT_ANNUITY_mean,459.9924,33,0.85131,0.77201
1,f101_nyg_low_normal_AMT_ANNUITY_s_app_AMT_ANNUITY_max,458.68291,29,0.85131,0.77201
1,f001_DAYS_LAST_PHONE_CHANGE,458.43024,33,0.85131,0.77201
1,f101_nyg_middle_DAYS_LAST_DUE_1ST_VERSION_d_app_DAYS_LAST_PHONE_CHANGE_min,457.78645,29,0.85131,0.77201
1,f102_approved_AMT_ANNUITY_max,455.15626,30,0.85131,0.77201
1,f101_nyg_middle_AMT_GOODS_PRICE_d_AMT_ANNUITY_min,454.63547,30,0.85131,0.77201
1,f101_completed_AMT_ANNUITY_s_app_AMT_GOODS_PRICE_min,454.51145,21,0.85131,0.77201
1,f101_completed_AMT_CREDIT_d_total_debt_pctchange_mean,452.43863,26,0.85131,0.77201
1,f103_approved_total_debt_diff_min,452.22063,29,0.85131,0.77201
1,f101_refused_DAYS_DECISION_d_app_DAYS_LAST_PHONE_CHANGE_max,450.9605,24,0.85131,0.77201
1,f105_prevapp_future_payment_15m,449.58919,26,0.85131,0.77201
1,f101_nyg_low_normal_DAYS_LAST_DUE_d_app_DAYS_ID_PUBLISH_min,448.44887,28,0.85131,0.77201
1,f101_nyg_middle_AMT_GOODS_PRICE_min,448.28978,31,0.85131,0.77201
1,f105_past_payment_7m_min,446.94155,33,0.85131,0.77201
1,f104_completed_interest_rate_max,446.82733,30,0.85131,0.77201
1,f101_completed_AMT_CREDIT_d_AMT_ANNUITY_max,445.87103,28,0.85131,0.77201
1,f101_nyg_low_normal_AMT_CREDIT_d_AMT_APPLICATION_min,445.58364,25,0.85131,0.77201
1,f101_approved_AMT_APPLICATION_s_app_AMT_INCOME_TOTAL_std_div_mean,445.57068,31,0.85131,0.77201
1,f102_approved_DAYS_LAST_DUE_1ST_VERSION_d_app_DAYS_EMPLOYED_mean,445.08446,26,0.85131,0.77201
1,f107_AMT_ANNUITY-d-app_AMT_INCOME_TOTAL,442.89644,33,0.85131,0.77201
1,f101_approved_AMT_GOODS_PRICE_s_app_AMT_ANNUITY_d_app_AMT_INCOME_TOTAL_max,442.14675,25,0.85131,0.77201
1,f101_approved_DAYS_TERMINATION_s_app_DAYS_REGISTRATION_std_div_mean,441.90896,33,0.85131,0.77201
1,f101_nyg_low_normal_AMT_ANNUITY_s_app_AMT_INCOME_TOTAL_max,439.24203,33,0.85131,0.77201
1,f101_approved_DAYS_TERMINATION_s_app_DAYS_LAST_PHONE_CHANGE_std_div_mean,439.02983,31,0.85131,0.77201
1,f107_HOUR_APPR_PROCESS_START,437.77679,34,0.85131,0.77201
1,f105_amt_paid-d-unpaid_sum,437.03754,26,0.85131,0.77201
1,f101_nyg_high_AMT_APPLICATION_d_app_AMT_INCOME_TOTAL_max,436.38298,26,0.85131,0.77201
1,f101_nyg_high_SELLERPLACE_AREA_mean,435.64882,32,0.85131,0.77201
1,f001_building_score_mode_sum,435.60352,22,0.85131,0.77201
1,f101_approved_cnt_paid_ratio_mean,434.67046,23,0.85131,0.77201
1,f101_nyg_middle_AMT_ANNUITY_d_app_AMT_INCOME_TOTAL_max,433.70662,31,0.85131,0.77201
1,f101_nyg_high_AMT_ANNUITY_s_app_AMT_ANNUITY_min,433.50942,24,0.85131,0.77201
1,f001_DAYS_LAST_PHONE_CHANGE-d-DAYS_REGISTRATION,432.28594,33,0.85131,0.77201
1,f108_DAYS_LAST_DUE_1ST_VERSION-d-app_DAYS_EMPLOYED,430.87423,33,0.85131,0.77201
1,f101_nyg_low_normal_AMT_ANNUITY_d_app_AMT_INCOME_TOTAL_mean,430.42089,27,0.85131,0.77201
1,f103_refused_AMT_GOODS_PRICE_d_total_debt_mean,429.801,16,0.85131,0.77201
1,f101_completed_AMT_APPLICATION_mean,429.29559,24,0.85131,0.77201
1,f001_DAYS_EMPLOYED-s-DAYS_BIRTH-d-DAYS_ID_PUBLISH-s-DAYS_BIRTH,428.6632,27,0.85131,0.77201
1,f101_approved_DAYS_TERMINATION_d_app_DAYS_LAST_PHONE_CHANGE_min,428.39471,30,0.85131,0.77201
1,f101_approved_DAYS_TERMINATION_s_app_DAYS_ID_PUBLISH_std_div_mean,427.46017,30,0.85131,0.77201
1,f101_approved_DAYS_FIRST_DUE_d_app_DAYS_REGISTRATION_min,426.81641,28,0.85131,0.77201
1,f001_YEARS_BEGINEXPLUATATION_AVG,425.04321,31,0.85131,0.77201
1,f101_active_AMT_ANNUITY_s_app_AMT_ANNUITY_d_app_AMT_INCOME_TOTAL_min,424.60024,29,0.85131,0.77201
1,f108_past_payment_12m,424.51867,27,0.85131,0.77201
1,f101_nyg_middle_DAYS_LAST_DUE_d_app_DAYS_ID_PUBLISH_min,424.38549,31,0.85131,0.77201
1,f101_approved_AMT_GOODS_PRICE_d_total_debt_pctchange_mean,424.23053,30,0.85131,0.77201
1,f101_nyg_middle_HOUR_APPR_PROCESS_START_mean,423.4378,33,0.85131,0.77201
1,f001_DAYS_LAST_PHONE_CHANGE-d-DAYS_EMPLOYED,423.2911,28,0.85131,0.77201
1,f103_approved_DAYS_LAST_DUE_1ST_VERSION_d_app_DAYS_BIRTH_mean,423.2393,24,0.85131,0.77201
1,f101_nyg_low_normal_AMT_ANNUITY_s_app_AMT_INCOME_TOTAL_min,421.59733,32,0.85131,0.77201
1,f107_DAYS_LAST_DUE_1ST_VERSION-s-app_DAYS_BIRTH,420.9553,30,0.85131,0.77201
1,f101_approved_amt_paid_std_div_mean,420.92514,30,0.85131,0.77201
1,f101_completed_AMT_APPLICATION_s_app_AMT_INCOME_TOTAL_max,419.88584,27,0.85131,0.77201
1,f103_refused_AMT_CREDIT_d_total_debt_max,419.5437,18,0.85131,0.77201
1,f001_DAYS_ID_PUBLISH-s-DAYS_BIRTH-d-DAYS_LAST_PHONE_CHANGE-s-DAYS_REGISTRATION,419.39845,29,0.85131,0.77201
1,f101_approved_AMT_CREDIT_s_app_AMT_INCOME_TOTAL_min,417.50169,31,0.85131,0.77201
1,f101_approved_AMT_GOODS_PRICE_d_AMT_ANNUITY_std,416.94408,28,0.85131,0.77201
1,f105_prevapp_future_payment_17m,416.93666,26,0.85131,0.77201
1,f101_approved_NAME_TYPE_SUITE_Unaccompanied_mean,415.2283,33,0.85131,0.77201
1,f101_nyg_middle_AMT_ANNUITY_min,414.88002,31,0.85131,0.77201
1,f104_approved_AMT_GOODS_PRICE_d_AMT_CREDIT_min,414.12056,29,0.85131,0.77201
1,f001_YEARS_BEGINEXPLUATATION_MODE,413.85972,26,0.85131,0.77201
1,f101_nyg_middle_AMT_ANNUITY_s_app_AMT_ANNUITY_min,413.85396,28,0.85131,0.77201
1,f105_past_payment_13m_min,413.66278,31,0.85131,0.77201
1,f101_nyg_high_interest_rate_pctchange_mean,413.18395,33,0.85131,0.77201
1,f101_approved_DAYS_TERMINATION_s_DAYS_LAST_DUE_std,411.95945,31,0.85131,0.77201
1,f001_DAYS_REGISTRATION-s-DAYS_BIRTH-d-DAYS_ID_PUBLISH-s-DAYS_EMPLOYED,411.89264,32,0.85131,0.77201
1,f101_completed_interest_rate_diff_max,411.4975,23,0.85131,0.77201
1,f101_approved_AMT_ANNUITY_std_div_mean,411.18817,32,0.85131,0.77201
1,f101_approved_DAYS_TERMINATION_s_app_DAYS_LAST_PHONE_CHANGE_mean,410.60908,31,0.85131,0.77201
1,f101_nyg_high_AMT_ANNUITY_d_app_AMT_ANNUITY_min,410.55963,29,0.85131,0.77201
1,f101_completed_DAYS_TERMINATION_s_DAYS_LAST_DUE_1ST_VERSION_std,410.14911,28,0.85131,0.77201
1,f108_DAYS_DECISION-d-app_DAYS_ID_PUBLISH,410.00847,31,0.85131,0.77201
1,f101_nyg_middle_DAYS_FIRST_DUE_d_app_DAYS_LAST_PHONE_CHANGE_min,408.5113,28,0.85131,0.77201
1,f105_prevapp_future_payment_1m,408.3568,18,0.85131,0.77201
1,f103_refused_DAYS_DECISION_s_app_DAYS_LAST_PHONE_CHANGE_std_div_mean,408.0817,20,0.85131,0.77201
1,f101_nyg_high_total_debt_diff_max,406.61972,30,0.85131,0.77201
1,f108_DAYS_LAST_DUE-d-app_DAYS_EMPLOYED,405.40599,25,0.85131,0.77201
1,f101_approved_DAYS_TERMINATION_s_DAYS_DECISIONS_max,404.10378,29,0.85131,0.77201
1,f001_AMT_CREDIT-d-cnt_adults,403.95526,23,0.85131,0.77201
1,f101_nyg_high_cnt_unpaid_mean,403.5901,14,0.85131,0.77201
1,f108_AMT_ANNUITY-m-app_AMT_GOODS_PRICE-d-app_AMT_INCOME_TOTAL,402.55398,28,0.85131,0.77201
1,f101_approved_AMT_GOODS_PRICE_s_app_AMT_GOODS_PRICE_min,398.41275,24,0.85131,0.77201
1,f001_AMT_REQ_CREDIT_BUREAU_QRT,396.94683,25,0.85131,0.77201
1,f101_approved_DAYS_LAST_DUE_1ST_VERSION_d_app_DAYS_REGISTRATION_min,396.90627,27,0.85131,0.77201
1,f001_DAYS_ID_PUBLISH-s-DAYS_EMPLOYED,396.50286,32,0.85131,0.77201
1,f101_approved_DAYS_LAST_DUE_s_app_DAYS_BIRTH_mean,396.10628,23,0.85131,0.77201
1,f101_approved_AMT_GOODS_PRICE_d_AMT_ANNUITY_min,395.98309,30,0.85131,0.77201
1,f101_approved_HOUR_APPR_PROCESS_START_std,393.1802,32,0.85131,0.77201
1,f108_AMT_GOODS_PRICE-d-app_AMT_INCOME_TOTAL,390.97254,26,0.85131,0.77201
1,f103_approved_AMT_ANNUITY_d_app_AMT_INCOME_TOTAL_max,390.37952,28,0.85131,0.77201
1,f001_DAYS_REGISTRATION-s-DAYS_BIRTH-d-DAYS_REGISTRATION-s-DAYS_EMPLOYED,389.54406,28,0.85131,0.77201
1,f108_DAYS_TERMINATION,389.45371,29,0.85131,0.77201
1,f107_DAYS_LAST_DUE_1ST_VERSION-d-app_DAYS_ID_PUBLISH,388.77962,29,0.85131,0.77201
1,f101_completed_AMT_GOODS_PRICE_s_app_AMT_INCOME_TOTAL_pctchange_max,387.4252,26,0.85131,0.77201
1,f101_completed_AMT_ANNUITY_d_app_AMT_GOODS_PRICE_min,387.22308,30,0.85131,0.77201
1,f001_building_score_mode_std,387.12748,25,0.85131,0.77201
1,f101_nyg_middle_DAYS_LAST_DUE_1ST_VERSION_d_app_DAYS_REGISTRATION_min,386.68524,29,0.85131,0.77201
1,f001_DAYS_LAST_PHONE_CHANGE-s-DAYS_EMPLOYED-d-DAYS_LAST_PHONE_CHANGE-s-DAYS_ID_PUBLISH,385.46191,28,0.85131,0.77201
1,f001_DAYS_LAST_PHONE_CHANGE-d-DAYS_BIRTH,385.25988,26,0.85131,0.77201
1,f101_completed_DAYS_FIRST_DUE_d_app_DAYS_BIRTH_min,384.72525,20,0.85131,0.77201
1,f101_approved_DAYS_TERMINATION_s_app_DAYS_EMPLOYED_mean,384.4825,25,0.85131,0.77201
1,f101_completed_NAME_YIELD_GROUP_high_mean,384.46161,15,0.85131,0.77201
1,f101_approved_SELLERPLACE_AREA_min,383.72959,25,0.85131,0.77201
1,f101_approved_AMT_DOWN_PAYMENT_d_AMT_GOODS_PRICE_std,383.06232,24,0.85131,0.77201
1,f108_past_payment_9m,382.37169,30,0.85131,0.77201
1,f101_nyg_high_AMT_GOODS_PRICE_d_AMT_ANNUITY_min,381.91732,30,0.85131,0.77201
1,f101_approved_DAYS_TERMINATION_s_app_DAYS_BIRTH_std_div_mean,380.80108,30,0.85131,0.77201
1,f101_active_DAYS_LAST_DUE_d_app_DAYS_BIRTH_min,380.6313,18,0.85131,0.77201
1,f001_DAYS_ID_PUBLISH-d-DAYS_EMPLOYED,380.51132,26,0.85131,0.77201
1,f101_nyg_high_RATE_DOWN_PAYMENT_std,380.31062,24,0.85131,0.77201
1,f108_DAYS_FIRST_DUE-d-app_DAYS_ID_PUBLISH,380.19684,29,0.85131,0.77201
1,f101_completed_AMT_CREDIT_d_AMT_ANNUITY_mean,380.02246,29,0.85131,0.77201
1,f101_nyg_high_AMT_ANNUITY_s_app_AMT_ANNUITY_d_app_AMT_INCOME_TOTAL_max,379.97683,24,0.85131,0.77201
1,f101_nyg_middle_DAYS_LAST_DUE_1ST_VERSION_d_app_DAYS_BIRTH_max,379.96542,27,0.85131,0.77201
1,f101_approved_AMT_ANNUITY_s_app_AMT_INCOME_TOTAL_min,379.69981,27,0.85131,0.77201
1,f107_SELLERPLACE_AREA,379.24357,27,0.85131,0.77201
1,f001_APARTMENTS_AVG,377.5012,22,0.85131,0.77201
1,f001_building_score_avg_sum,377.0727,20,0.85131,0.77201
1,f001_DAYS_REGISTRATION-s-DAYS_BIRTH-d-DAYS_LAST_PHONE_CHANGE-s-DAYS_BIRTH,376.63889,28,0.85131,0.77201
1,f108_amt_paid,375.98677,24,0.85131,0.77201
1,f107_amt_paid,374.98485,26,0.85131,0.77201
1,f108_AMT_APPLICATION-m-app_AMT_GOODS_PRICE-d-app_AMT_INCOME_TOTAL,374.67438,23,0.85131,0.77201
1,f101_approved_AMT_CREDIT_d_total_debt_diff_max,374.51083,24,0.85131,0.77201
1,f101_approved_DAYS_TERMINATION_s_DAYS_FIRST_DUE_std_div_mean,374.37057,30,0.85131,0.77201
1,f103_approved_AMT_CREDIT_d_total_debt_pctchange_max,372.33312,27,0.85131,0.77201
1,f101_completed_AMT_DOWN_PAYMENT_d_AMT_GOODS_PRICE_max,372.06486,25,0.85131,0.77201
1,f101_completed_NAME_PRODUCT_TYPE_walk_in_mean,372.04169,22,0.85131,0.77201
1,f101_nyg_middle_amt_paid_max,371.15565,25,0.85131,0.77201
1,f001_DAYS_ID_PUBLISH-s-DAYS_REGISTRATION-d-DAYS_LAST_PHONE_CHANGE-s-DAYS_ID_PUBLISH,369.34519,28,0.85131,0.77201
1,f101_completed_AMT_GOODS_PRICE_s_app_AMT_INCOME_TOTAL_std_div_mean,368.87817,27,0.85131,0.77201
1,f108_AMT_ANNUITY-s-app_AMT_CREDIT-d-app_AMT_INCOME_TOTAL,367.84196,28,0.85131,0.77201
1,f101_active_AMT_ANNUITY_s_app_AMT_INCOME_TOTAL_max,366.83897,26,0.85131,0.77201
1,f101_approved_AMT_GOODS_PRICE_d_app_AMT_INCOME_TOTAL_max,366.04023,25,0.85131,0.77201
1,f101_completed_AMT_ANNUITY_s_app_AMT_INCOME_TOTAL_mean,365.03917,25,0.85131,0.77201
1,f103_nyg_high_AMT_APPLICATION_s_app_AMT_INCOME_TOTAL_pctchange_mean,365.0226,24,0.85131,0.77201
1,f101_nyg_high_AMT_CREDIT_s_app_AMT_INCOME_TOTAL_pctchange_max,364.75492,25,0.85131,0.77201
1,f101_approved_AMT_CREDIT_d_AMT_ANNUITY_max,364.57487,25,0.85131,0.77201
1,f101_approved_total_debt_std,364.44673,20,0.85131,0.77201
1,f101_nyg_low_normal_AMT_ANNUITY_s_app_AMT_ANNUITY_min,364.3354,22,0.85131,0.77201
1,f105_past_payment_2m_max,363.8128,16,0.85131,0.77201
1,f101_completed_DAYS_TERMINATION_s_DAYS_DECISIONS_max,362.72069,26,0.85131,0.77201
1,f101_approved_AMT_GOODS_PRICE_s_app_AMT_ANNUITY_max_div_min,361.61569,21,0.85131,0.77201
1,f108_DAYS_LAST_DUE-d-app_DAYS_LAST_PHONE_CHANGE,360.06656,24,0.85131,0.77201
1,f101_nyg_low_normal_AMT_ANNUITY_d_app_AMT_ANNUITY_diff_mean,359.36024,28,0.85131,0.77201
1,f001_DEF_60_CNT_SOCIAL_CIRCLE,359.0289,18,0.85131,0.77201
1,f107_DAYS_LAST_DUE_1ST_VERSION-d-app_DAYS_EMPLOYED,356.62994,26,0.85131,0.77201
1,f101_approved_AMT_GOODS_PRICE_d_app_AMT_INCOME_TOTAL_min,356.58354,25,0.85131,0.77201
1,f101_nyg_high_AMT_ANNUITY_s_app_AMT_INCOME_TOTAL_max,356.3782,25,0.85131,0.77201
1,f001_DAYS_EMPLOYED-s-DAYS_BIRTH-d-DAYS_ID_PUBLISH-s-DAYS_REGISTRATION,356.33928,27,0.85131,0.77201
1,f101_active_DAYS_LAST_DUE_1ST_VERSION_d_app_DAYS_BIRTH_max,355.39358,23,0.85131,0.77201
1,f101_approved_interest_rate_diff_std_div_mean,355.1531,30,0.85131,0.77201
1,f101_active_DAYS_TERMINATION_d_app_DAYS_BIRTH_mean,354.62921,18,0.85131,0.77201
1,f103_completed_interest_rate_min,354.55012,22,0.85131,0.77201
1,f108_DAYS_LAST_DUE_1ST_VERSION-s-app_DAYS_LAST_PHONE_CHANGE,354.42312,26,0.85131,0.77201
1,f001_DAYS_ID_PUBLISH-s-DAYS_BIRTH-d-DAYS_REGISTRATION-s-DAYS_EMPLOYED,354.03436,26,0.85131,0.77201
1,f107_AMT_CREDIT-d-AMT_ANNUITY_pctchange,354.00434,27,0.85131,0.77201
1,f102_nyg_low_normal_AMT_CREDIT_d_AMT_APPLICATION_mean,353.86432,22,0.85131,0.77201
1,f001_DAYS_ID_PUBLISH-s-DAYS_REGISTRATION-d-DAYS_LAST_PHONE_CHANGE-s-DAYS_REGISTRATION,352.56725,28,0.85131,0.77201
1,f101_approved_AMT_APPLICATION_s_app_AMT_INCOME_TOTAL_min,352.33402,24,0.85131,0.77201
1,f001_LIVINGAREA_MODE,352.1956,26,0.85131,0.77201
1,f101_nyg_middle_AMT_ANNUITY_s_app_AMT_INCOME_TOTAL_min,352.19231,26,0.85131,0.77201
1,f101_completed_AMT_GOODS_PRICE_d_AMT_ANNUITY_min,351.45157,28,0.85131,0.77201
1,f103_approved_AMT_ANNUITY_s_app_AMT_ANNUITY_min,351.00636,24,0.85131,0.77201
1,f107_AMT_CREDIT-d-total_debt_pctchange,350.43914,26,0.85131,0.77201
1,f105_past_payment_12m_min,350.39933,23,0.85131,0.77201
1,f101_nyg_middle_AMT_ANNUITY_s_app_AMT_ANNUITY_d_app_AMT_INCOME_TOTAL_min,349.65524,24,0.85131,0.77201
1,f101_approved_cnt_paid_sum,348.87334,20,0.85131,0.77201
1,f103_approved_AMT_GOODS_PRICE_d_AMT_CREDIT_mean,348.59891,25,0.85131,0.77201
1,f101_nyg_low_normal_AMT_ANNUITY_d_app_AMT_CREDIT_mean,348.04068,22,0.85131,0.77201
1,f101_approved_AMT_ANNUITY_s_app_AMT_CREDIT_mean,347.9112,17,0.85131,0.77201
1,f101_nyg_low_normal_DAYS_TERMINATION_d_app_DAYS_BIRTH_min,347.91069,25,0.85131,0.77201
1,f001_ENTRANCES_AVG,346.92866,19,0.85131,0.77201
1,f102_refused_total_debt_mean,346.05996,21,0.85131,0.77201
1,f101_approved_DAYS_TERMINATION_s_app_DAYS_EMPLOYED_min,345.87776,25,0.85131,0.77201
1,f103_nyg_high_AMT_ANNUITY_d_app_AMT_CREDIT_min,345.72901,15,0.85131,0.77201
1,f101_nyg_middle_AMT_CREDIT_d_total_debt_pctchange_max,344.59283,24,0.85131,0.77201
1,f101_completed_AMT_CREDIT_s_app_AMT_INCOME_TOTAL_mean,343.71472,25,0.85131,0.77201
1,f001_DAYS_LAST_PHONE_CHANGE-s-DAYS_EMPLOYED-d-DAYS_LAST_PHONE_CHANGE-s-DAYS_REGISTRATION,342.36226,20,0.85131,0.77201
1,f101_completed_total_debt_pctchange_min,342.29774,24,0.85131,0.77201
1,f108_DAYS_LAST_DUE_1ST_VERSION-d-app_DAYS_BIRTH,342.26696,25,0.85131,0.77201
1,f101_completed_AMT_GOODS_PRICE_d_total_debt_pctchange_max,341.98843,22,0.85131,0.77201
1,f102_approved_AMT_ANNUITY_mean,341.95311,23,0.85131,0.77201
1,f101_nyg_high_DAYS_DECISION_d_app_DAYS_LAST_PHONE_CHANGE_min,340.63576,22,0.85131,0.77201
1,f108_AMT_APPLICATION-d-app_AMT_GOODS_PRICE,339.37177,27,0.85131,0.77201
1,f105_past_payment_8m_min,337.82303,26,0.85131,0.77201
1,f101_active_DAYS_TERMINATION_d_app_DAYS_BIRTH_min,336.67822,21,0.85131,0.77201
1,f001_AMT_CREDIT-d-CNT_CHILDREN,336.48361,25,0.85131,0.77201
1,f002_NAME_INCOME_TYPE,335.42454,20,0.85131,0.77201
1,f101_nyg_middle_SELLERPLACE_AREA_max,335.23767,26,0.85131,0.77201
1,f101_completed_interest_rate_diff_std_div_mean,334.72597,18,0.85131,0.77201
1,f101_completed_AMT_ANNUITY_s_app_AMT_CREDIT_max,334.56968,17,0.85131,0.77201
1,f101_approved_amt_paid_mean,334.15928,18,0.85131,0.77201
1,f104_active_AMT_CREDIT_d_total_debt_min,333.2239,14,0.85131,0.77201
1,f101_approved_DAYS_TERMINATION_s_app_DAYS_REGISTRATION_mean,333.05648,23,0.85131,0.77201
1,f102_approved_AMT_ANNUITY_d_app_AMT_INCOME_TOTAL_mean,331.52286,24,0.85131,0.77201
1,f101_completed_total_debt_std,331.01619,19,0.85131,0.77201
1,f101_nyg_high_SELLERPLACE_AREA_min,329.46716,19,0.85131,0.77201
1,f102_nyg_middle_AMT_CREDIT_d_total_debt_mean,329.35724,20,0.85131,0.77201
1,f101_nyg_middle_AMT_DOWN_PAYMENT_max,328.99228,22,0.85131,0.77201
1,f001_DAYS_ID_PUBLISH-s-DAYS_BIRTH-d-DAYS_LAST_PHONE_CHANGE-s-DAYS_EMPLOYED,328.6756,22,0.85131,0.77201
1,f101_completed_AMT_CREDIT_s_app_AMT_INCOME_TOTAL_std_div_mean,324.8331,19,0.85131,0.77201
1,f001_cnt_adults,324.57631,16,0.85131,0.77201
1,f002_WEEKDAY_APPR_PROCESS_START,324.44026,26,0.85131,0.77201
1,f101_approved_AMT_APPLICATION_mean,323.55004,23,0.85131,0.77201
1,f108_PRODUCT_COMBINATION,322.95279,26,0.85131,0.77201
1,f001_DAYS_EMPLOYED-s-DAYS_BIRTH-d-DAYS_REGISTRATION-s-DAYS_BIRTH,322.94989,24,0.85131,0.77201
1,f101_approved_AMT_ANNUITY_s_app_AMT_ANNUITY_d_app_AMT_INCOME_TOTAL_pctchange_max_div_min,322.28877,27,0.85131,0.77201
1,f101_nyg_middle_AMT_ANNUITY_s_app_AMT_INCOME_TOTAL_mean,321.74776,25,0.85131,0.77201
1,f101_nyg_high_interest_rate_pctchange_min,321.73606,24,0.85131,0.77201
1,f105_future_payment_8m_min,321.1432,19,0.85131,0.77201
1,f103_completed_AMT_ANNUITY_d_app_AMT_INCOME_TOTAL_mean,320.55478,19,0.85131,0.77201
1,f001_DAYS_EMPLOYED-s-DAYS_BIRTH-d-DAYS_LAST_PHONE_CHANGE-s-DAYS_EMPLOYED,318.97351,20,0.85131,0.77201
1,f108_DAYS_LAST_DUE_1ST_VERSION-d-app_DAYS_ID_PUBLISH,318.40791,22,0.85131,0.77201
1,f102_active_DAYS_LAST_DUE_1ST_VERSION_d_app_DAYS_LAST_PHONE_CHANGE_mean,318.3815,17,0.85131,0.77201
1,f101_approved_AMT_GOODS_PRICE_d_app_AMT_ANNUITY_min,317.66064,20,0.85131,0.77201
1,f108_DAYS_DECISION-d-app_DAYS_EMPLOYED,317.53621,22,0.85131,0.77201
1,f102_approved_AMT_APPLICATION_d_app_AMT_INCOME_TOTAL_min,315.5875,23,0.85131,0.77201
1,f101_nyg_middle_interest_rate_diff_max,315.45773,24,0.85131,0.77201
1,f108_AMT_CREDIT-d-app_AMT_INCOME_TOTAL,315.14481,23,0.85131,0.77201
1,f104_completed_AMT_CREDIT_d_AMT_APPLICATION_max,315.1076,17,0.85131,0.77201
1,f103_active_DAYS_LAST_DUE_1ST_VERSION_d_app_DAYS_BIRTH_max,314.77773,19,0.85131,0.77201
1,f001_DAYS_REGISTRATION-s-DAYS_EMPLOYED,314.18472,24,0.85131,0.77201
1,f108_past_payment_4m,313.63443,23,0.85131,0.77201
1,f103_nyg_middle_AMT_GOODS_PRICE_d_AMT_ANNUITY_mean,313.07508,17,0.85131,0.77201
1,f001_DAYS_LAST_PHONE_CHANGE-s-DAYS_REGISTRATION,312.79229,23,0.85131,0.77201
1,f101_completed_DAYS_LAST_DUE_1ST_VERSION_d_app_DAYS_BIRTH_mean,312.76124,23,0.85131,0.77201
1,f108_AMT_CREDIT-s-app_AMT_ANNUITY,312.52231,22,0.85131,0.77201
1,f108_DAYS_TERMINATION-s-DAYS_LAST_DUE,312.17971,19,0.85131,0.77201
1,f105_past_payment_11m_min,311.918,25,0.85131,0.77201
1,f108_total_debt,311.76894,23,0.85131,0.77201
1,f104_completed_AMT_CREDIT_d_AMT_APPLICATION_min,311.58568,21,0.85131,0.77201
1,f001_AMT_GOODS_PRICE-d-cnt_adults,310.16132,22,0.85131,0.77201
1,f001_DAYS_LAST_PHONE_CHANGE-s-DAYS_BIRTH-d-DAYS_ID_PUBLISH-s-DAYS_EMPLOYED,310.14696,25,0.85131,0.77201
1,f101_completed_AMT_ANNUITY_s_app_AMT_GOODS_PRICE_mean,309.9838,19,0.85131,0.77201
1,f103_approved_AMT_ANNUITY_s_app_AMT_INCOME_TOTAL_min,309.62853,21,0.85131,0.77201
1,f001_DAYS_LAST_PHONE_CHANGE-s-DAYS_BIRTH-d-DAYS_LAST_PHONE_CHANGE-s-DAYS_EMPLOYED,308.97097,22,0.85131,0.77201
1,f101_nyg_high_amt_paid_max,308.69872,23,0.85131,0.77201
1,f101_completed_AMT_DOWN_PAYMENT_d_AMT_GOODS_PRICE_mean,308.68659,25,0.85131,0.77201
1,f001_ENTRANCES_MODE,308.20068,20,0.85131,0.77201
1,f001_EXT_SOURCES_2-1-3,307.76305,21,0.85131,0.77201
1,f102_active_DAYS_LAST_DUE_1ST_VERSION_d_app_DAYS_LAST_PHONE_CHANGE_max,307.6628,19,0.85131,0.77201
1,f101_approved_AMT_GOODS_PRICE_s_app_AMT_INCOME_TOTAL_mean,307.09163,21,0.85131,0.77201
1,f105_past_payment_11m_max,305.71311,24,0.85131,0.77201
1,f101_approved_DAYS_TERMINATION_s_app_DAYS_ID_PUBLISH_mean,304.85733,22,0.85131,0.77201
1,f101_nyg_middle_AMT_CREDIT_d_total_debt_pctchange_mean,304.79445,21,0.85131,0.77201
1,f105_prevapp_future_payment_max,304.72893,17,0.85131,0.77201
1,f001_DAYS_LAST_PHONE_CHANGE-s-DAYS_BIRTH-d-DAYS_REGISTRATION-s-DAYS_EMPLOYED,304.39321,24,0.85131,0.77201
1,f101_approved_AMT_GOODS_PRICE_d_app_AMT_INCOME_TOTAL_mean,303.99436,20,0.85131,0.77201
1,f101_nyg_middle_AMT_APPLICATION_s_app_AMT_ANNUITY_d_app_AMT_INCOME_TOTAL_mean,303.53014,20,0.85131,0.77201
1,f105_future_payment_9m_mean,303.3397,16,0.85131,0.77201
1,f001_DAYS_EMPLOYED-s-DAYS_BIRTH-d-DAYS_ID_PUBLISH-s-DAYS_EMPLOYED,303.06325,26,0.85131,0.77201
1,f101_completed_AMT_ANNUITY_s_app_AMT_CREDIT_min,301.7778,15,0.85131,0.77201
1,f001_DAYS_REGISTRATION,301.30126,19,0.85131,0.77201
1,f101_nyg_middle_DAYS_LAST_DUE_1ST_VERSION_s_DAYS_DECISIONS_min,300.57517,20,0.85131,0.77201
1,f101_approved_DAYS_TERMINATION_s_app_DAYS_REGISTRATION_min,300.08583,22,0.85131,0.77201
1,f103_completed_AMT_CREDIT_d_total_debt_mean,299.01936,20,0.85131,0.77201
1,f101_approved_DAYS_LAST_DUE_s_DAYS_LAST_DUE_1ST_VERSION_std_div_mean,298.72796,23,0.85131,0.77201
1,f103_nyg_middle_AMT_GOODS_PRICE_d_AMT_ANNUITY_max,298.4827,17,0.85131,0.77201
1,f101_completed_DAYS_LAST_DUE_d_app_DAYS_BIRTH_min,298.44715,22,0.85131,0.77201
1,f101_approved_AMT_ANNUITY_s_app_AMT_ANNUITY_d_app_AMT_INCOME_TOTAL_std_div_mean,297.72182,22,0.85131,0.77201
1,f101_nyg_high_RATE_DOWN_PAYMENT_min,297.25901,14,0.85131,0.77201
1,f101_approved_AMT_GOODS_PRICE_m_app_AMT_GOODS_PRICE_d_app_AMT_INCOME_TOTAL_min,297.1723,21,0.85131,0.77201
1,f108_DAYS_LAST_DUE-s-app_DAYS_EMPLOYED,297.02581,22,0.85131,0.77201
1,f102_nyg_low_normal_AMT_GOODS_PRICE_d_AMT_CREDIT_max,296.65284,18,0.85131,0.77201
1,f101_nyg_middle_interest_rate_pctchange_max,296.09228,22,0.85131,0.77201
1,f001_DAYS_REGISTRATION-s-DAYS_EMPLOYED-d-DAYS_LAST_PHONE_CHANGE-s-DAYS_REGISTRATION,296.08866,19,0.85131,0.77201
1,f001_NONLIVINGAREA_MODE,295.69465,20,0.85131,0.77201
1,f101_nyg_high_AMT_ANNUITY_s_app_AMT_INCOME_TOTAL_min,294.3879,22,0.85131,0.77201
1,f101_completed_AMT_GOODS_PRICE_s_app_AMT_ANNUITY_d_app_AMT_INCOME_TOTAL_max_div_min,294.3764,14,0.85131,0.77201
1,f103_approved_HOUR_APPR_PROCESS_START_mean,292.19405,19,0.85131,0.77201
1,f001_AMT_INCOME_TOTAL-d-cnt_adults,292.00392,21,0.85131,0.77201
1,f108_DAYS_TERMINATION-s-app_DAYS_ID_PUBLISH,290.87177,21,0.85131,0.77201
1,f101_nyg_high_DAYS_LAST_DUE_1ST_VERSION_s_DAYS_DECISIONS_min,290.63622,18,0.85131,0.77201
1,f103_approved_interest_rate_diff_mean,290.28644,19,0.85131,0.77201
1,f108_DAYS_TERMINATION-d-app_DAYS_ID_PUBLISH,290.27088,21,0.85131,0.77201
1,f101_approved_AMT_APPLICATION_min,289.94506,20,0.85131,0.77201
1,f101_approved_AMT_GOODS_PRICE_d_total_debt_max_div_min,289.17539,18,0.85131,0.77201
1,f101_nyg_middle_amt_unpaid_mean,288.3826,15,0.85131,0.77201
1,f101_nyg_middle_AMT_GOODS_PRICE_d_total_debt_pctchange_max,287.95222,20,0.85131,0.77201
1,f001_AMT_INCOME_TOTAL-d-CNT_FAM_MEMBERS,286.9892,20,0.85131,0.77201
1,f101_nyg_low_action_DAYS_LAST_DUE_1ST_VERSION_s_DAYS_DECISIONS_min,286.94009,14,0.85131,0.77201
1,f104_approved_DAYS_LAST_DUE_1ST_VERSION_d_app_DAYS_LAST_PHONE_CHANGE_mean,284.09643,22,0.85131,0.77201
1,f102_nyg_low_action_AMT_CREDIT_d_AMT_ANNUITY_min,283.33887,20,0.85131,0.77201
1,f101_completed_total_debt_diff_min,282.77669,19,0.85131,0.77201
1,f103_approved_AMT_CREDIT_d_AMT_ANNUITY_min,281.53597,19,0.85131,0.77201
1,f105_past_payment_11m_mean,281.38398,22,0.85131,0.77201
1,f001_DAYS_REGISTRATION-s-DAYS_BIRTH-d-DAYS_ID_PUBLISH-s-DAYS_REGISTRATION,280.8563,19,0.85131,0.77201
1,f001_DAYS_REGISTRATION-s-DAYS_EMPLOYED-d-DAYS_ID_PUBLISH-s-DAYS_REGISTRATION,280.70931,22,0.85131,0.77201
1,f101_nyg_low_normal_DAYS_TERMINATION_s_DAYS_LAST_DUE_1ST_VERSION_min,280.47099,20,0.85131,0.77201
1,f101_completed_CNT_PAYMENT_mean,280.433,22,0.85131,0.77201
1,f101_nyg_high_total_debt_max_div_min,279.88211,16,0.85131,0.77201
1,f108_DAYS_LAST_DUE-s-DAYS_DECISIONS,279.04926,21,0.85131,0.77201
1,f103_refused_DAYS_DECISION_s_app_DAYS_LAST_PHONE_CHANGE_min,278.2319,12,0.85131,0.77201
1,f106_CODE_REJECT_REASON-LIMIT,277.97814,16,0.85131,0.77201
1,f103_approved_DAYS_LAST_DUE_1ST_VERSION_d_app_DAYS_LAST_PHONE_CHANGE_min,277.92824,19,0.85131,0.77201
1,f101_nyg_middle_AMT_GOODS_PRICE_s_app_AMT_INCOME_TOTAL_pctchange_max,277.7579,22,0.85131,0.77201
1,f101_nyg_low_normal_DAYS_LAST_DUE_1ST_VERSION_s_DAYS_DECISIONS_max,275.05092,15,0.85131,0.77201
1,f108_DAYS_LAST_DUE-d-app_DAYS_REGISTRATION,274.68369,19,0.85131,0.77201
1,f102_nyg_low_normal_total_debt_mean,274.6242,17,0.85131,0.77201
1,f101_nyg_middle_total_debt_diff_min,274.52687,21,0.85131,0.77201
1,f101_approved_AMT_APPLICATION_d_app_AMT_ANNUITY_min,274.22432,17,0.85131,0.77201
1,f101_nyg_middle_SELLERPLACE_AREA_mean,274.05284,20,0.85131,0.77201
1,f108_AMT_GOODS_PRICE,273.95946,20,0.85131,0.77201
1,f003_NAME_HOUSING_TYPE_ta,273.89171,19,0.85131,0.77201
1,f001_DAYS_ID_PUBLISH-s-DAYS_EMPLOYED-d-DAYS_ID_PUBLISH-s-DAYS_REGISTRATION,273.77687,21,0.85131,0.77201
1,f101_completed_AMT_GOODS_PRICE_s_app_AMT_ANNUITY_max_div_min,272.8793,10,0.85131,0.77201
1,f101_nyg_middle_AMT_APPLICATION_s_app_AMT_INCOME_TOTAL_min,272.77306,18,0.85131,0.77201
1,f103_completed_AMT_ANNUITY_d_app_AMT_INCOME_TOTAL_min,272.53643,20,0.85131,0.77201
1,f101_approved_AMT_CREDIT_d_total_debt_diff_mean,271.96689,18,0.85131,0.77201
1,f101_approved_DAYS_TERMINATION_s_app_DAYS_ID_PUBLISH_min,271.69856,20,0.85131,0.77201
1,f101_active_amt_unpaid_max,270.39754,19,0.85131,0.77201
1,f101_completed_AMT_GOODS_PRICE_s_app_AMT_CREDIT_d_app_AMT_INCOME_TOTAL_mean,270.25279,12,0.85131,0.77201
1,f001_DAYS_REGISTRATION-d-DAYS_BIRTH,270.1729,20,0.85131,0.77201
1,f101_nyg_low_normal_AMT_GOODS_PRICE_d_total_debt_pctchange_min,269.81497,20,0.85131,0.77201
1,f001_DAYS_LAST_PHONE_CHANGE-d-DAYS_ID_PUBLISH,269.74098,19,0.85131,0.77201
1,f001_DAYS_EMPLOYED-s-DAYS_BIRTH-d-DAYS_LAST_PHONE_CHANGE-s-DAYS_ID_PUBLISH,269.31607,25,0.85131,0.77201
1,f103_completed_interest_rate_max,268.9303,14,0.85131,0.77201
1,f001_YEARS_BEGINEXPLUATATION_MEDI,268.60429,14,0.85131,0.77201
1,f101_nyg_middle_AMT_GOODS_PRICE_s_app_AMT_ANNUITY_d_app_AMT_INCOME_TOTAL_mean,267.88068,19,0.85131,0.77201
1,f105_past_payment_1m_max,267.36038,14,0.85131,0.77201
1,f001_DAYS_REGISTRATION-s-DAYS_BIRTH-d-DAYS_LAST_PHONE_CHANGE-s-DAYS_REGISTRATION,266.353,21,0.85131,0.77201
1,f108_DAYS_FIRST_DUE-s-app_DAYS_ID_PUBLISH,265.59564,21,0.85131,0.77201
1,f101_approved_AMT_CREDIT_s_app_AMT_ANNUITY_d_app_AMT_INCOME_TOTAL_min,263.19544,20,0.85131,0.77201
1,f103_nyg_middle_AMT_CREDIT_d_AMT_ANNUITY_mean,263.17436,16,0.85131,0.77201
1,f101_active_DAYS_LAST_DUE_1ST_VERSION_s_DAYS_DECISIONS_min,263.0913,17,0.85131,0.77201
1,f108_DAYS_LAST_DUE-d-app_DAYS_ID_PUBLISH,262.78878,21,0.85131,0.77201
1,f101_nyg_high_AMT_ANNUITY_mean,261.115,16,0.85131,0.77201
1,f001_DAYS_ID_PUBLISH-s-DAYS_EMPLOYED-d-DAYS_LAST_PHONE_CHANGE-s-DAYS_ID_PUBLISH,260.92613,21,0.85131,0.77201
1,f101_completed_AMT_APPLICATION_s_app_AMT_ANNUITY_min,260.5824,16,0.85131,0.77201
1,f103_completed_AMT_CREDIT_d_AMT_APPLICATION_max,260.23224,17,0.85131,0.77201
1,f101_nyg_middle_AMT_ANNUITY_max,260.12375,19,0.85131,0.77201
1,f103_approved_AMT_ANNUITY_d_app_AMT_INCOME_TOTAL_min,259.92436,18,0.85131,0.77201
1,f101_active_AMT_ANNUITY_d_app_AMT_GOODS_PRICE_min,259.80834,21,0.85131,0.77201
1,f108_past_payment_10m,259.7281,20,0.85131,0.77201
1,f001_DAYS_ID_PUBLISH-s-DAYS_BIRTH-d-DAYS_ID_PUBLISH-s-DAYS_REGISTRATION,259.52867,21,0.85131,0.77201
1,f101_nyg_high_total_debt_pctchange_min,258.65598,19,0.85131,0.77201
1,f106_NAME_CONTRACT_STATUS-Refused_ref,258.4105,15,0.85131,0.77201
1,f101_completed_total_debt_diff_max,257.34251,18,0.85131,0.77201
1,f101_nyg_high_AMT_ANNUITY_s_app_AMT_ANNUITY_mean,256.66723,17,0.85131,0.77201
1,f104_completed_AMT_ANNUITY_d_app_AMT_INCOME_TOTAL_max,256.02829,19,0.85131,0.77201
1,f103_active_DAYS_LAST_DUE_1ST_VERSION_s_DAYS_DECISIONS_mean,254.9901,11,0.85131,0.77201
1,f105_past_payment_4m_min,254.66927,17,0.85131,0.77201
1,f108_DAYS_DECISION-s-app_DAYS_ID_PUBLISH,253.909,16,0.85131,0.77201
1,f101_nyg_middle_CODE_REJECT_REASON_XAP_mean,253.3675,11,0.85131,0.77201
1,f101_nyg_middle_AMT_ANNUITY_s_app_AMT_CREDIT_max,253.20199,16,0.85131,0.77201
1,f101_approved_DAYS_TERMINATION_s_app_DAYS_BIRTH_min,252.995,15,0.85131,0.77201
1,f103_approved_AMT_APPLICATION_s_app_AMT_INCOME_TOTAL_min,251.98641,19,0.85131,0.77201
1,f101_completed_AMT_ANNUITY_s_app_AMT_GOODS_PRICE_max,251.92,13,0.85131,0.77201
1,f101_approved_AMT_ANNUITY_s_app_AMT_CREDIT_d_app_AMT_INCOME_TOTAL_max,251.7459,17,0.85131,0.77201
1,f001_alldocs_skew,251.4138,10,0.85131,0.77201
1,f101_active_amt_paid_sum,250.02447,21,0.85131,0.77201
1,f101_completed_AMT_CREDIT_d_AMT_ANNUITY_min,249.95581,20,0.85131,0.77201
1,f108_DAYS_FIRST_DUE-s-app_DAYS_EMPLOYED,249.90072,19,0.85131,0.77201
1,f103_approved_DAYS_LAST_DUE_1ST_VERSION_d_app_DAYS_ID_PUBLISH_min,249.37908,17,0.85131,0.77201
1,f108_DAYS_TERMINATION-s-app_DAYS_LAST_PHONE_CHANGE,249.15739,17,0.85131,0.77201
1,f101_completed_total_debt_std_div_mean,248.88787,18,0.85131,0.77201
1,f001_AMT_CREDIT,247.90123,14,0.85131,0.77201
1,f105_amt_unpaid_mean,247.5444,15,0.85131,0.77201
1,f102_active_DAYS_LAST_DUE_1ST_VERSION_d_app_DAYS_ID_PUBLISH_max,247.34145,18,0.85131,0.77201
1,f101_approved_AMT_GOODS_PRICE_s_app_AMT_ANNUITY_min,246.35341,16,0.85131,0.77201
1,f103_completed_AMT_ANNUITY_s_app_AMT_ANNUITY_mean,245.89796,16,0.85131,0.77201
1,f101_nyg_low_normal_AMT_ANNUITY_d_app_AMT_CREDIT_min,245.34943,19,0.85131,0.77201
1,f101_completed_AMT_ANNUITY_s_app_AMT_INCOME_TOTAL_min,245.02949,19,0.85131,0.77201
1,f104_completed_AMT_CREDIT_d_AMT_APPLICATION_mean,243.33189,15,0.85131,0.77201
1,f001_REGION_RATING_CLIENT,243.1197,17,0.85131,0.77201
1,f001_FLOORSMAX_AVG,242.78926,11,0.85131,0.77201
1,f101_approved_RATE_DOWN_PAYMENT_std_div_mean,242.62517,19,0.85131,0.77201
1,f102_approved_AMT_CREDIT_d_AMT_ANNUITY_mean,242.45604,17,0.85131,0.77201
1,f103_approved_DAYS_LAST_DUE_1ST_VERSION_d_app_DAYS_REGISTRATION_mean,241.8727,16,0.85131,0.77201
1,f001_LANDAREA_MEDI,241.65612,17,0.85131,0.77201
1,f001_BASEMENTAREA_MODE,241.58181,17,0.85131,0.77201
1,f001_DAYS_ID_PUBLISH-s-DAYS_REGISTRATION,241.34597,17,0.85131,0.77201
1,f101_active_total_debt_max,239.8026,15,0.85131,0.77201
1,f104_approved_AMT_CREDIT_d_AMT_ANNUITY_max,239.68894,20,0.85131,0.77201
1,f101_nyg_low_normal_DAYS_TERMINATION_s_DAYS_LAST_DUE_1ST_VERSION_mean,238.96684,18,0.85131,0.77201
1,f101_approved_AMT_GOODS_PRICE_s_app_AMT_ANNUITY_d_app_AMT_INCOME_TOTAL_max_div_min,237.85726,17,0.85131,0.77201
1,f101_approved_AMT_ANNUITY_m_app_AMT_GOODS_PRICE_d_app_AMT_INCOME_TOTAL_max,235.60787,14,0.85131,0.77201
1,f108_AMT_CREDIT-d-app_AMT_GOODS_PRICE,235.09492,16,0.85131,0.77201
1,f102_completed_DAYS_FIRST_DUE_d_app_DAYS_EMPLOYED_mean,234.09905,16,0.85131,0.77201
1,f001_LIVINGAREA_MEDI,233.0413,17,0.85131,0.77201
1,f103_nyg_low_normal_AMT_GOODS_PRICE_d_total_debt_min,232.5582,16,0.85131,0.77201
1,f001_DAYS_LAST_PHONE_CHANGE-s-DAYS_BIRTH-d-DAYS_LAST_PHONE_CHANGE-s-DAYS_ID_PUBLISH,232.19825,18,0.85131,0.77201
1,f104_nyg_middle_AMT_GOODS_PRICE_d_total_debt_max,232.09202,17,0.85131,0.77201
1,f101_nyg_low_normal_AMT_ANNUITY_d_app_AMT_INCOME_TOTAL_min,232.06062,18,0.85131,0.77201
1,f101_active_AMT_ANNUITY_d_app_AMT_INCOME_TOTAL_mean,231.8303,15,0.85131,0.77201
1,f107_AMT_GOODS_PRICE-d-total_debt_pctchange,231.65873,18,0.85131,0.77201
1,f001_DAYS_LAST_PHONE_CHANGE-s-DAYS_ID_PUBLISH,231.47484,18,0.85131,0.77201
1,f001_DAYS_ID_PUBLISH-s-DAYS_BIRTH-d-DAYS_ID_PUBLISH-s-DAYS_EMPLOYED,231.2131,21,0.85131,0.77201
1,f103_nyg_middle_AMT_APPLICATION_s_app_AMT_ANNUITY_d_app_AMT_INCOME_TOTAL_max,229.77401,15,0.85131,0.77201
1,f101_nyg_high_AMT_GOODS_PRICE_d_app_AMT_ANNUITY_min,229.73308,16,0.85131,0.77201
1,f108_DAYS_FIRST_DUE-s-app_DAYS_LAST_PHONE_CHANGE,229.60642,19,0.85131,0.77201
1,f107_WEEKDAY_APPR_PROCESS_START,229.10669,17,0.85131,0.77201
1,f103_approved_DAYS_LAST_DUE_1ST_VERSION_d_app_DAYS_REGISTRATION_min,228.24204,18,0.85131,0.77201
1,f103_approved_AMT_GOODS_PRICE_d_AMT_CREDIT_max,228.01337,18,0.85131,0.77201
1,f101_nyg_low_action_DAYS_TERMINATION_s_DAYS_LAST_DUE_1ST_VERSION_max,227.56159,18,0.85131,0.77201
1,f108_DAYS_DECISION-s-app_DAYS_REGISTRATION,226.71516,15,0.85131,0.77201
1,f002_WALLSMATERIAL_MODE,226.5441,12,0.85131,0.77201
1,f103_approved_DAYS_FIRST_DRAWING_s_app_DAYS_ID_PUBLISH_mean,226.5186,15,0.85131,0.77201
1,f105_past_payment_12m_max,224.79259,16,0.85131,0.77201
1,f101_completed_total_debt_min,224.24088,17,0.85131,0.77201
1,f101_nyg_high_AMT_ANNUITY_s_app_AMT_GOODS_PRICE_min,224.1557,13,0.85131,0.77201
1,f101_nyg_middle_total_debt_pctchange_std,223.80584,19,0.85131,0.77201
1,f101_active_AMT_GOODS_PRICE_d_app_AMT_CREDIT_min,223.3779,14,0.85131,0.77201
1,f108_DAYS_TERMINATION-s-app_DAYS_EMPLOYED,223.05985,18,0.85131,0.77201
1,f104_completed_AMT_DOWN_PAYMENT_max,222.74098,16,0.85131,0.77201
1,f103_refused_DAYS_DECISION_s_app_DAYS_LAST_PHONE_CHANGE_max,222.6353,10,0.85131,0.77201
1,f101_nyg_high_interest_rate_std_div_mean,222.1793,14,0.85131,0.77201
1,f104_approved_DAYS_LAST_DUE_1ST_VERSION_d_app_DAYS_BIRTH_min,221.86448,18,0.85131,0.77201
1,f101_approved_cnt_paid_std_div_mean,220.82247,18,0.85131,0.77201
1,f001_DAYS_LAST_PHONE_CHANGE-s-DAYS_REGISTRATION-d-DAYS_LAST_PHONE_CHANGE-s-DAYS_ID_PUBLISH,219.24856,18,0.85131,0.77201
1,f001_BASEMENTAREA_AVG,218.01604,14,0.85131,0.77201
1,f001_LANDAREA_AVG,217.96349,16,0.85131,0.77201
1,f101_approved_AMT_CREDIT_s_app_AMT_CREDIT_min,216.97391,12,0.85131,0.77201
1,f101_nyg_low_normal_AMT_ANNUITY_d_app_AMT_CREDIT_max,214.90152,14,0.85131,0.77201
1,f101_nyg_high_AMT_APPLICATION_d_app_AMT_ANNUITY_min,214.47821,11,0.85131,0.77201
1,f103_nyg_low_normal_amt_paid_sum,213.07536,15,0.85131,0.77201
1,f104_completed_AMT_ANNUITY_s_app_AMT_ANNUITY_max,212.83224,14,0.85131,0.77201
1,f001_LANDAREA_MODE,212.22637,14,0.85131,0.77201
1,f101_nyg_high_amt_unpaid_max,211.97007,10,0.85131,0.77201
1,f001_DAYS_LAST_PHONE_CHANGE-s-DAYS_BIRTH-d-DAYS_LAST_PHONE_CHANGE-s-DAYS_REGISTRATION,211.7457,16,0.85131,0.77201
1,f104_completed_AMT_ANNUITY_d_app_AMT_ANNUITY_min,211.1697,13,0.85131,0.77201
1,f104_active_interest_rate_mean,211.0951,11,0.85131,0.77201
1,f108_DAYS_TERMINATION-d-app_DAYS_BIRTH,210.56369,16,0.85131,0.77201
1,f001_NONLIVINGAREA_AVG,210.39271,15,0.85131,0.77201
1,f101_nyg_low_normal_AMT_CREDIT_d_total_debt_pctchange_mean,210.17093,14,0.85131,0.77201
1,f104_approved_DAYS_LAST_DUE_1ST_VERSION_d_app_DAYS_REGISTRATION_min,209.62219,14,0.85131,0.77201
1,f101_nyg_high_AMT_APPLICATION_d_app_AMT_INCOME_TOTAL_min,209.08872,17,0.85131,0.77201
1,f103_approved_AMT_ANNUITY_s_app_AMT_INCOME_TOTAL_max,208.0998,19,0.85131,0.77201
1,f101_nyg_middle_cnt_unpaid_min,208.0351,8,0.85131,0.77201
1,f101_approved_AMT_CREDIT_s_app_AMT_GOODS_PRICE_min,207.83535,16,0.85131,0.77201
1,f104_approved_AMT_ANNUITY_d_app_AMT_ANNUITY_min,206.57866,14,0.85131,0.77201
1,f001_DAYS_REGISTRATION-s-DAYS_BIRTH-d-DAYS_ID_PUBLISH-s-DAYS_BIRTH,205.36,15,0.85131,0.77201
1,f101_completed_AMT_ANNUITY_s_app_AMT_INCOME_TOTAL_max,203.43114,13,0.85131,0.77201
1,f001_DAYS_EMPLOYED-s-DAYS_BIRTH-d-DAYS_REGISTRATION-s-DAYS_EMPLOYED,203.38869,15,0.85131,0.77201
1,f101_nyg_high_AMT_ANNUITY_s_app_AMT_CREDIT_min,202.88028,13,0.85131,0.77201
1,f101_nyg_low_normal_AMT_ANNUITY_d_app_AMT_GOODS_PRICE_max,202.83698,14,0.85131,0.77201
1,f101_nyg_low_normal_interest_rate_max,201.46398,16,0.85131,0.77201
1,f103_nyg_high_amt_paid_sum,199.5129,11,0.85131,0.77201
1,f103_nyg_middle_AMT_CREDIT_d_total_debt_mean,197.21642,13,0.85131,0.77201
1,f001_DAYS_LAST_PHONE_CHANGE-s-DAYS_BIRTH-d-DAYS_ID_PUBLISH-s-DAYS_REGISTRATION,195.72386,18,0.85131,0.77201
1,f101_completed_AMT_ANNUITY_d_app_AMT_INCOME_TOTAL_min,195.48336,17,0.85131,0.77201
1,f001_AMT_GOODS_PRICE-d-AMT_INCOME_TOTAL,195.33887,12,0.85131,0.77201
1,f102_approved_AMT_ANNUITY_s_app_AMT_INCOME_TOTAL_max,195.33377,15,0.85131,0.77201
1,f101_approved_AMT_GOODS_PRICE_s_app_AMT_CREDIT_d_app_AMT_INCOME_TOTAL_min,194.3719,11,0.85131,0.77201
1,f001_AMT_GOODS_PRICE-d-CNT_CHILDREN,192.11444,14,0.85131,0.77201
1,f101_nyg_low_normal_total_debt_min,191.3976,14,0.85131,0.77201
1,f101_completed_AMT_APPLICATION_min,190.85951,13,0.85131,0.77201
1,f101_approved_AMT_APPLICATION_s_app_AMT_ANNUITY_min,190.03834,12,0.85131,0.77201
1,f108_DAYS_TERMINATION-d-app_DAYS_LAST_PHONE_CHANGE,189.62453,14,0.85131,0.77201
1,f103_approved_total_debt_mean,187.7353,12,0.85131,0.77201
1,f102_active_DAYS_LAST_DUE_1ST_VERSION_d_app_DAYS_LAST_PHONE_CHANGE_min,187.53732,13,0.85131,0.77201
1,f101_approved_AMT_ANNUITY_s_app_AMT_CREDIT_std,187.39371,15,0.85131,0.77201
1,f101_active_DAYS_LAST_DUE_s_DAYS_LAST_DUE_1ST_VERSION_max,186.9096,12,0.85131,0.77201
1,f103_approved_DAYS_FIRST_DRAWING_d_app_DAYS_BIRTH_max,186.73739,13,0.85131,0.77201
1,f103_approved_amt_paid_max,186.22659,14,0.85131,0.77201
1,f102_approved_DAYS_LAST_DUE_1ST_VERSION_d_app_DAYS_REGISTRATION_min,185.39225,15,0.85131,0.77201
1,f105_prevapp_future_payment_18m,184.99383,14,0.85131,0.77201
1,f001_AMT_CREDIT-d-AMT_INCOME_TOTAL,184.94153,14,0.85131,0.77201
1,f001_ENTRANCES_MEDI,184.8455,14,0.85131,0.77201
1,f103_nyg_middle_DAYS_LAST_DUE_1ST_VERSION_d_app_DAYS_BIRTH_min,184.57845,12,0.85131,0.77201
1,f108_DAYS_LAST_DUE-s-app_DAYS_LAST_PHONE_CHANGE,184.2873,15,0.85131,0.77201
1,f001_AMT_INCOME_TOTAL-d-CNT_CHILDREN,183.6589,14,0.85131,0.77201
1,f105_past_payment_3m_min,183.48138,13,0.85131,0.77201
1,f101_approved_AMT_ANNUITY_s_app_AMT_ANNUITY_std_div_mean,181.17558,16,0.85131,0.77201
1,f103_approved_DAYS_LAST_DUE_1ST_VERSION_d_app_DAYS_ID_PUBLISH_mean,179.39455,12,0.85131,0.77201
1,f101_nyg_high_AMT_APPLICATION_d_app_AMT_INCOME_TOTAL_mean,178.25375,13,0.85131,0.77201
1,f103_approved_amt_paid_mean,178.1202,12,0.85131,0.77201
1,f105_app-p-ref_cnt,177.61577,10,0.85131,0.77201
1,f103_active_cnt_paid_ratio_min,177.0849,8,0.85131,0.77201
1,f108_WEEKDAY_APPR_PROCESS_START,176.7371,13,0.85131,0.77201
1,f103_active_cnt_unpaid_mean,176.2928,10,0.85131,0.77201
1,f101_nyg_middle_completed_mean,176.04961,12,0.85131,0.77201
1,f108_DAYS_DECISION-d-app_DAYS_LAST_PHONE_CHANGE,175.47259,10,0.85131,0.77201
1,f101_completed_AMT_APPLICATION_s_app_AMT_ANNUITY_d_app_AMT_INCOME_TOTAL_min,175.2934,11,0.85131,0.77201
1,f101_completed_AMT_GOODS_PRICE_s_app_AMT_INCOME_TOTAL_min,173.49569,14,0.85131,0.77201
1,f001_building_score_avg_std,172.48312,11,0.85131,0.77201
1,f101_approved_AMT_ANNUITY_s_app_AMT_ANNUITY_std,172.26223,14,0.85131,0.77201
1,f101_nyg_high_AMT_GOODS_PRICE_s_app_AMT_ANNUITY_d_app_AMT_INCOME_TOTAL_min,170.76583,12,0.85131,0.77201
1,f102_approved_AMT_ANNUITY_s_app_AMT_ANNUITY_d_app_AMT_INCOME_TOTAL_min,170.76429,11,0.85131,0.77201
1,f103_active_AMT_ANNUITY_s_app_AMT_INCOME_TOTAL_max,170.1214,11,0.85131,0.77201
1,f102_nyg_middle_AMT_GOODS_PRICE_s_app_AMT_ANNUITY_d_app_AMT_INCOME_TOTAL_min,168.83606,15,0.85131,0.77201
1,f104_completed_AMT_ANNUITY_d_app_AMT_INCOME_TOTAL_mean,167.9604,13,0.85131,0.77201
1,f105_future_payment_1m_min,167.3982,12,0.85131,0.77201
1,f001_AMT_INCOME_TOTAL,165.32113,12,0.85131,0.77201
1,f001_NONLIVINGAREA_MEDI,164.60474,10,0.85131,0.77201
1,f101_active_cnt_paid_mean,163.7575,11,0.85131,0.77201
1,f001_REG_CITY_NOT_LIVE_CITY,162.35386,11,0.85131,0.77201
1,f101_approved_AMT_GOODS_PRICE_s_app_AMT_CREDIT_min,161.6499,7,0.85131,0.77201
1,f001_AMT_REQ_CREDIT_BUREAU_DAY,161.4096,7,0.85131,0.77201
1,f101_completed_AMT_APPLICATION_s_app_AMT_ANNUITY_d_app_AMT_INCOME_TOTAL_max_div_min,160.3431,10,0.85131,0.77201
1,f103_nyg_middle_AMT_GOODS_PRICE_d_total_debt_min,160.2187,11,0.85131,0.77201
1,f101_nyg_high_amt_unpaid_mean,159.2885,7,0.85131,0.77201
1,f101_nyg_low_normal_AMT_ANNUITY_d_app_AMT_ANNUITY_std_div_mean,159.12421,13,0.85131,0.77201
1,f001_AMT_REQ_CREDIT_BUREAU_MON,158.52722,10,0.85131,0.77201
1,f101_nyg_high_AMT_GOODS_PRICE_s_app_AMT_ANNUITY_min,158.41887,12,0.85131,0.77201
1,f101_approved_total_debt_min,157.91416,11,0.85131,0.77201
1,f103_nyg_middle_AMT_CREDIT_d_AMT_APPLICATION_max,157.91293,12,0.85131,0.77201
1,f101_completed_AMT_GOODS_PRICE_s_app_AMT_CREDIT_d_app_AMT_INCOME_TOTAL_min,155.92867,13,0.85131,0.77201
1,f001_building_score_medi_std,152.9821,13,0.85131,0.77201
1,f101_active_AMT_ANNUITY_s_app_AMT_ANNUITY_d_app_AMT_INCOME_TOTAL_mean,152.96195,11,0.85131,0.77201
1,f001_DAYS_ID_PUBLISH-s-DAYS_BIRTH-d-DAYS_LAST_PHONE_CHANGE-s-DAYS_BIRTH,152.3242,12,0.85131,0.77201
1,f102_active_AMT_GOODS_PRICE_s_app_AMT_ANNUITY_d_app_AMT_INCOME_TOTAL_max,151.8104,11,0.85131,0.77201
1,f102_approved_AMT_ANNUITY_min,150.596,10,0.85131,0.77201
1,f001_LIVINGAPARTMENTS_AVG,150.1533,9,0.85131,0.77201
1,f001_BASEMENTAREA_MEDI,149.40174,9,0.85131,0.77201
1,f101_approved_amt_paid_min,147.41528,12,0.85131,0.77201
1,f001_DAYS_ID_PUBLISH-s-DAYS_BIRTH-d-DAYS_LAST_PHONE_CHANGE-s-DAYS_ID_PUBLISH,147.01233,13,0.85131,0.77201
1,f101_nyg_high_AMT_GOODS_PRICE_min,145.6335,10,0.85131,0.77201
1,f101_nyg_high_AMT_ANNUITY_d_app_AMT_INCOME_TOTAL_min,145.60622,11,0.85131,0.77201
1,f103_completed_AMT_GOODS_PRICE_d_app_AMT_ANNUITY_max,145.38083,7,0.85131,0.77201
1,f001_LIVINGAPARTMENTS_MODE,145.12174,11,0.85131,0.77201
1,f001_OBS_30_CNT_SOCIAL_CIRCLE,144.0059,11,0.85131,0.77201
1,f001_building_score_medi_sum,143.1513,7,0.85131,0.77201
1,f103_completed_total_debt_diff_mean,142.2094,6,0.85131,0.77201
1,f101_completed_AMT_GOODS_PRICE_s_app_AMT_CREDIT_min,139.6757,8,0.85131,0.77201
1,f101_approved_AMT_GOODS_PRICE_mean,139.42631,10,0.85131,0.77201
1,f001_NONLIVINGAPARTMENTS_AVG,137.80344,12,0.85131,0.77201
1,f101_approved_NAME_SELLER_INDUSTRY_XNA_mean,137.5843,10,0.85131,0.77201
1,f102_nyg_low_normal_cnt_unpaid_mean,136.7334,10,0.85131,0.77201
1,f101_approved_AMT_CREDIT_d_app_AMT_ANNUITY_min,135.84775,9,0.85131,0.77201
1,f102_approved_AMT_GOODS_PRICE_s_app_AMT_INCOME_TOTAL_mean,135.61954,10,0.85131,0.77201
1,f101_nyg_high_AMT_APPLICATION_mean,135.11622,11,0.85131,0.77201
1,f105_AMT_ANNUITY_act_min,134.7492,9,0.85131,0.77201
1,f101_nyg_high_AMT_APPLICATION_s_app_AMT_ANNUITY_d_app_AMT_INCOME_TOTAL_min,134.65705,10,0.85131,0.77201
1,f101_nyg_high_cnt_unpaid_sum,132.151,5,0.85131,0.77201
1,f001_APARTMENTS_MEDI,130.005,7,0.85131,0.77201
1,f104_nyg_middle_CNT_PAYMENT_mean,129.54627,9,0.85131,0.77201
1,f103_nyg_middle_AMT_GOODS_PRICE_d_total_debt_max,129.5365,7,0.85131,0.77201
1,f101_active_AMT_CREDIT_d_AMT_ANNUITY_min,129.1106,8,0.85131,0.77201
1,f103_approved_amt_paid_min,127.1751,9,0.85131,0.77201
1,f001_HOUR_APPR_PROCESS_START,125.34912,12,0.85131,0.77201
1,f001_YEARS_BUILD_MODE,122.98476,7,0.85131,0.77201
1,f102_nyg_middle_AMT_APPLICATION_d_app_AMT_ANNUITY_diff_max,120.6984,9,0.85131,0.77201
1,f001_FLAG_PHONE,119.8376,9,0.85131,0.77201
1,f102_nyg_low_normal_cnt_paid_ratio_mean,119.6674,8,0.85131,0.77201
1,f101_nyg_middle_cnt_paid_min,118.73294,7,0.85131,0.77201
1,f101_nyg_low_normal_amt_paid_min,118.69774,10,0.85131,0.77201
1,f101_nyg_low_normal_DAYS_DECISION_s_app_DAYS_LAST_PHONE_CHANGE_max_div_min,118.68368,9,0.85131,0.77201
1,f103_nyg_low_normal_AMT_GOODS_PRICE_d_AMT_ANNUITY_max,117.50085,9,0.85131,0.77201
1,f103_approved_total_debt_max,116.3957,8,0.85131,0.77201
1,f103_refused_total_debt_max,116.1719,6,0.85131,0.77201
1,f103_approved_cnt_unpaid_max,114.5766,6,0.85131,0.77201
1,f001_COMMONAREA_MEDI,112.26663,8,0.85131,0.77201
1,f101_nyg_high_NAME_CLIENT_TYPE_Repeater_mean,110.6279,7,0.85131,0.77201
1,f101_nyg_high_cnt_unpaid_max,106.8904,4,0.85131,0.77201
1,f001_COMMONAREA_MODE,106.40711,8,0.85131,0.77201
1,f101_approved_PRODUCT_COMBINATION_POS_household_with_interest_mean,106.16409,8,0.85131,0.77201
1,f103_completed_total_debt_pctchange_max,103.13669,8,0.85131,0.77201
1,f104_nyg_low_normal_amt_paid_sum,101.65405,8,0.85131,0.77201
1,f001_LIVINGAPARTMENTS_MEDI,99.0144,5,0.85131,0.77201
1,f101_active_AMT_CREDIT_d_AMT_ANNUITY_mean,95.52653,7,0.85131,0.77201
1,f103_nyg_low_normal_AMT_CREDIT_d_AMT_ANNUITY_max,94.09535,6,0.85131,0.77201
1,f103_completed_total_debt_pctchange_min,93.2805,7,0.85131,0.77201
1,f101_nyg_low_normal_cnt_paid_min,92.7329,6,0.85131,0.77201
1,f104_nyg_middle_AMT_CREDIT_d_AMT_APPLICATION_min,92.302,5,0.85131,0.77201
1,f103_nyg_high_AMT_ANNUITY_d_app_AMT_INCOME_TOTAL_mean,91.219,5,0.85131,0.77201
1,f101_approved_NAME_YIELD_GROUP_low_normal_mean,90.8481,4,0.85131,0.77201
1,f101_active_AMT_CREDIT_d_AMT_ANNUITY_max,89.65225,9,0.85131,0.77201
1,f103_approved_cnt_unpaid_min,88.04352,5,0.85131,0.77201
1,f001_FLOORSMAX_MEDI,87.7088,6,0.85131,0.77201
1,f001_NONLIVINGAPARTMENTS_MEDI,86.6892,7,0.85131,0.77201
1,f102_nyg_middle_cnt_unpaid_max,85.7713,6,0.85131,0.77201
1,f001_alldocs_mean,85.2429,6,0.85131,0.77201
1,f001_AMT_REQ_CREDIT_BUREAU_WEEK,84.03539,7,0.85131,0.77201
1,f102_nyg_high_AMT_GOODS_PRICE_d_total_debt_min,83.1279,7,0.85131,0.77201
1,f001_COMMONAREA_AVG,82.71123,6,0.85131,0.77201
1,f101_completed_DAYS_LAST_DUE_s_DAYS_LAST_DUE_1ST_VERSION_std,80.82442,7,0.85131,0.77201
1,f103_approved_DAYS_FIRST_DRAWING_s_DAYS_DECISIONS_max,78.8352,5,0.85131,0.77201
1,f103_nyg_middle_AMT_GOODS_PRICE_s_app_AMT_INCOME_TOTAL_max,78.712,6,0.85131,0.77201
1,f103_refused_total_debt_mean,77.66441,5,0.85131,0.77201
1,f104_approved_RATE_DOWN_PAYMENT_max,75.3152,5,0.85131,0.77201
1,f104_completed_AMT_DOWN_PAYMENT_mean,73.97446,5,0.85131,0.77201
1,f001_REG_CITY_NOT_WORK_CITY,70.2489,3,0.85131,0.77201
1,f103_active_cnt_unpaid_max,70.1241,4,0.85131,0.77201
1,f104_completed_DAYS_LAST_DUE_s_DAYS_LAST_DUE_1ST_VERSION_max,67.2974,4,0.85131,0.77201
1,f101_nyg_middle_NAME_PRODUCT_TYPE_walk_in_mean,66.80635,5,0.85131,0.77201
1,f103_nyg_middle_AMT_GOODS_PRICE_d_total_debt_mean,63.4379,4,0.85131,0.77201
1,f001_YEARS_BUILD_AVG,61.7196,5,0.85131,0.77201
1,f001_FLOORSMIN_MODE,59.958,4,0.85131,0.77201
1,f001_OBS_60_CNT_SOCIAL_CIRCLE,59.07167,5,0.85131,0.77201
1,f102_nyg_high_AMT_GOODS_PRICE_d_total_debt_max,55.47711,4,0.85131,0.77201
1,f001_YEARS_BUILD_MEDI,54.42982,3,0.85131,0.77201
1,f101_completed_NAME_YIELD_GROUP_middle_mean,51.92463,5,0.85131,0.77201
1,f101_nyg_low_normal_NAME_CONTRACT_STATUS_Refused_mean,51.1369,3,0.85131,0.77201
1,f101_active_cnt_paid_min,49.96009,4,0.85131,0.77201
1,f103_nyg_low_normal_AMT_APPLICATION_d_app_AMT_ANNUITY_mean,48.3166,3,0.85131,0.77201
1,f103_nyg_low_normal_DAYS_LAST_DUE_1ST_VERSION_s_DAYS_DECISIONS_max,47.43552,4,0.85131,0.77201
1,f101_nyg_high_cnt_paid_min,45.012,2,0.85131,0.77201
1,f103_approved_NAME_PRODUCT_TYPE_walk_in_mean,43.90144,3,0.85131,0.77201
1,f001_FLOORSMAX_MODE,42.0196,2,0.85131,0.77201
1,f002_NAME_HOUSING_TYPE,40.9433,3,0.85131,0.77201
1,f103_nyg_low_normal_AMT_APPLICATION_d_app_AMT_ANNUITY_max,39.2235,3,0.85131,0.77201
1,f001_alldocs_sum,38.4987,3,0.85131,0.77201
1,f001_alllives_sum,34.44761,3,0.85131,0.77201
1,f102_nyg_low_normal_cnt_paid_ratio_max,32.4347,2,0.85131,0.77201
1,f103_nyg_low_normal_AMT_CREDIT_d_AMT_ANNUITY_mean,24.3258,2,0.85131,0.77201
1,f002_HOUSETYPE_MODE,11.3847,1,0.85131,0.77201
2,f001_EXT_SOURCES_mean,142376.17104,522,0.8512,0.77173
2,f002_ORGANIZATION_TYPE,37976.12506,2000,0.8512,0.77173
2,f001_EXT_SOURCES_sum,34137.2903,256,0.8512,0.77173
2,f001_EXT_SOURCE_3,20437.65711,391,0.8512,0.77173
2,f001_EXT_SOURCE_2,15133.90755,299,0.8512,0.77173
2,f001_AMT_GOODS_PRICE-d-AMT_CREDIT,9543.64951,245,0.8512,0.77173
2,f001_EXT_SOURCES_prod,8068.37058,135,0.8512,0.77173
2,f101_approved_AMT_GOODS_PRICE_d_total_debt_mean,6135.15631,134,0.8512,0.77173
2,f001_AMT_GOODS_PRICE-d-AMT_ANNUITY,6103.41456,191,0.8512,0.77173
2,f001_CODE_GENDER,5539.36166,187,0.8512,0.77173
2,f002_OCCUPATION_TYPE,4967.65,277,0.8512,0.77173
2,f001_DAYS_EMPLOYED,4781.63083,119,0.8512,0.77173
2,f101_approved_DAYS_FIRST_DRAWING_d_app_DAYS_BIRTH_min,4616.30112,130,0.8512,0.77173
2,f001_AMT_CREDIT-d-AMT_ANNUITY,4553.34196,208,0.8512,0.77173
2,f001_AMT_ANNUITY-d-AMT_CREDIT,4224.3404,191,0.8512,0.77173
2,f003_NAME_EDUCATION_TYPE_ta,3960.6624,118,0.8512,0.77173
2,f105_prevapp_future_payment_12m,3398.17441,92,0.8512,0.77173
2,f001_EXT_SOURCE_1,3357.62071,182,0.8512,0.77173
2,f101_approved_AMT_GOODS_PRICE_d_total_debt_max,3324.09233,91,0.8512,0.77173
2,f001_EXT_SOURCES_2-3,3168.87552,126,0.8512,0.77173
2,f101_approved_AMT_CREDIT_d_total_debt_mean,2888.73611,67,0.8512,0.77173
2,f001_AMT_GOODS_PRICE-s-AMT_CREDIT,2830.35912,129,0.8512,0.77173
2,f001_maxwell_feature,2703.3318,91,0.8512,0.77173
2,f105_prevapp_future_payment_13m,2683.64713,95,0.8512,0.77173
2,f001_OWN_CAR_AGE-s-DAYS_EMPLOYED,2543.97738,111,0.8512,0.77173
2,f101_approved_DAYS_FIRST_DRAWING_d_app_DAYS_BIRTH_max,2481.56507,85,0.8512,0.77173
2,f003_OCCUPATION_TYPE_ta,2462.50254,92,0.8512,0.77173
2,f101_completed_DAYS_FIRST_DUE_d_app_DAYS_EMPLOYED_min,2309.72479,60,0.8512,0.77173
2,f101_approved_interest_rate_min,2227.02554,67,0.8512,0.77173
2,f001_AMT_GOODS_PRICE,2224.12777,89,0.8512,0.77173
2,f105_approved_ratio,2160.47024,64,0.8512,0.77173
2,f101_refused_DAYS_DECISION_s_app_DAYS_LAST_PHONE_CHANGE_max_div_min,2145.2853,93,0.8512,0.77173
2,f105_future_vs_past_max,2133.42655,54,0.8512,0.77173
2,f101_completed_DAYS_DECISION_d_app_DAYS_EMPLOYED_min,2123.21554,62,0.8512,0.77173
2,f001_DAYS_ID_PUBLISH-s-DAYS_BIRTH,2123.08104,125,0.8512,0.77173
2,f001_OWN_CAR_AGE-d-DAYS_EMPLOYED,2067.75714,91,0.8512,0.77173
2,f001_OWN_CAR_AGE,1957.45709,82,0.8512,0.77173
2,f105_future_vs_past_max-d-income,1891.12652,51,0.8512,0.77173
2,f001_DAYS_ID_PUBLISH,1865.13122,123,0.8512,0.77173
2,f001_AMT_GOODS_PRICE-s-AMT_CREDIT-d-AMT_INCOME_TOTAL,1857.13935,84,0.8512,0.77173
2,f101_refused_AMT_GOODS_PRICE_d_total_debt_min,1813.94069,58,0.8512,0.77173
2,f001_OWN_CAR_AGE-d-DAYS_BIRTH,1799.82074,85,0.8512,0.77173
2,f001_DEF_30_CNT_SOCIAL_CIRCLE-d-OBS_30_CNT_SOCIAL_CIRCLE,1789.14067,86,0.8512,0.77173
2,f101_approved_DAYS_LAST_DUE_d_app_DAYS_ID_PUBLISH_max_div_min,1779.60573,98,0.8512,0.77173
2,f001_EXT_SOURCES_std,1708.97418,93,0.8512,0.77173
2,f101_approved_DAYS_FIRST_DUE_s_DAYS_DECISIONS_mean,1654.9174,97,0.8512,0.77173
2,f001_DAYS_EMPLOYED-s-DAYS_BIRTH,1643.53758,95,0.8512,0.77173
2,f101_active_AMT_GOODS_PRICE_d_total_debt_mean,1616.20919,48,0.8512,0.77173
2,f101_approved_cnt_unpaid_std,1544.50464,45,0.8512,0.77173
2,f101_refused_DAYS_DECISION_d_app_DAYS_BIRTH_min,1528.87716,63,0.8512,0.77173
2,f001_EXT_SOURCES_1-2,1488.20949,83,0.8512,0.77173
2,f101_nyg_high_AMT_GOODS_PRICE_d_total_debt_mean,1467.53265,46,0.8512,0.77173
2,f001_REGION_POPULATION_RELATIVE,1443.38184,101,0.8512,0.77173
2,f001_FLAG_WORK_PHONE,1437.11801,82,0.8512,0.77173
2,f001_age_finish_payment,1428.17727,61,0.8512,0.77173
2,f105_DAYS_DECISION_ref_max,1426.77965,65,0.8512,0.77173
2,f001_alldocs_kurt,1352.2142,63,0.8512,0.77173
2,f003_NAME_FAMILY_STATUS_ta,1329.91725,78,0.8512,0.77173
2,f101_approved_DAYS_LAST_DUE_d_app_DAYS_REGISTRATION_min,1320.62134,75,0.8512,0.77173
2,f101_approved_AMT_CREDIT_d_AMT_APPLICATION_mean,1302.36434,59,0.8512,0.77173
2,f101_approved_DAYS_DECISION_d_app_DAYS_EMPLOYED_min,1301.80377,61,0.8512,0.77173
2,f101_refused_AMT_GOODS_PRICE_std_div_mean,1293.41433,73,0.8512,0.77173
2,f101_nyg_high_AMT_CREDIT_d_total_debt_min,1293.2249,50,0.8512,0.77173
2,f101_approved_AMT_CREDIT_d_total_debt_std_div_mean,1287.82935,56,0.8512,0.77173
2,f101_nyg_high_AMT_GOODS_PRICE_d_total_debt_min,1278.32548,53,0.8512,0.77173
2,f001_DAYS_EMPLOYED-d-DAYS_BIRTH,1272.82592,58,0.8512,0.77173
2,f001_AMT_ANNUITY-d-cnt_adults,1271.79439,73,0.8512,0.77173
2,f101_approved_DAYS_FIRST_DRAWING_d_app_DAYS_REGISTRATION_mean,1220.61158,67,0.8512,0.77173
2,f101_approved_SELLERPLACE_AREA_max_div_min,1201.96526,87,0.8512,0.77173
2,f105_AMT_ANNUITY_cmp_sum,1201.29511,52,0.8512,0.77173
2,f102_approved_DAYS_FIRST_DRAWING_s_DAYS_DECISIONS_max,1190.38116,53,0.8512,0.77173
2,f105_past_payment_sum_max-d-annuity,1179.54139,49,0.8512,0.77173
2,f101_approved_DAYS_TERMINATION_s_app_DAYS_EMPLOYED_max,1178.05532,70,0.8512,0.77173
2,f001_DEF_60_CNT_SOCIAL_CIRCLE-d-OBS_60_CNT_SOCIAL_CIRCLE,1173.46829,59,0.8512,0.77173
2,f001_age,1163.92671,47,0.8512,0.77173
2,f002_NAME_FAMILY_STATUS,1157.62762,62,0.8512,0.77173
2,f001_DEF_30_CNT_SOCIAL_CIRCLE,1150.62149,57,0.8512,0.77173
2,f108_AMT_ANNUITY-s-app_AMT_GOODS_PRICE,1143.26139,48,0.8512,0.77173
2,f001_DAYS_BIRTH,1142.63398,50,0.8512,0.77173
2,f101_active_AMT_CREDIT_d_total_debt_mean,1120.80168,41,0.8512,0.77173
2,f101_approved_DAYS_LAST_DUE_1ST_VERSION_d_app_DAYS_LAST_PHONE_CHANGE_min,1097.33667,71,0.8512,0.77173
2,f003_ORGANIZATION_TYPE_ta,1087.70018,48,0.8512,0.77173
2,f101_approved_AMT_CREDIT_d_AMT_ANNUITY_pctchange_max,1085.50809,74,0.8512,0.77173
2,f101_approved_DAYS_TERMINATION_s_DAYS_LAST_DUE_1ST_VERSION_mean,1073.11181,67,0.8512,0.77173
2,f101_approved_DAYS_LAST_DUE_1ST_VERSION_d_app_DAYS_ID_PUBLISH_min,1069.99159,56,0.8512,0.77173
2,f101_approved_AMT_ANNUITY_s_app_AMT_ANNUITY_max,1056.08993,43,0.8512,0.77173
2,f101_approved_DAYS_TERMINATION_s_DAYS_LAST_DUE_1ST_VERSION_max,1047.61138,66,0.8512,0.77173
2,f101_approved_DAYS_TERMINATION_s_DAYS_LAST_DUE_1ST_VERSION_min,1046.07677,65,0.8512,0.77173
2,f101_completed_DAYS_TERMINATION_s_DAYS_LAST_DUE_1ST_VERSION_max,1044.30005,67,0.8512,0.77173
2,f105_past_payment_sum_max-d-credit,1028.52397,38,0.8512,0.77173
2,f105_DAYS_DECISION_max-m-DAYS_BIRTH,1028.30895,51,0.8512,0.77173
2,f101_approved_DAYS_LAST_DUE_d_app_DAYS_EMPLOYED_min,1023.66728,51,0.8512,0.77173
2,f105_prevapp_future_payment_max-d-credit,1019.71606,54,0.8512,0.77173
2,f001_DAYS_LAST_PHONE_CHANGE-s-DAYS_EMPLOYED,1017.13801,37,0.8512,0.77173
2,f101_refused_AMT_CREDIT_d_total_debt_min,1009.4447,38,0.8512,0.77173
2,f103_completed_DAYS_TERMINATION_s_DAYS_LAST_DUE_1ST_VERSION_max,998.18966,55,0.8512,0.77173
2,f107_AMT_GOODS_PRICE-d-total_debt,994.94572,62,0.8512,0.77173
2,f101_refused_AMT_GOODS_PRICE_d_total_debt_max,994.33705,37,0.8512,0.77173
2,f101_approved_DAYS_FIRST_DUE_s_DAYS_DECISIONS_std_div_mean,982.86838,61,0.8512,0.77173
2,f101_approved_AMT_ANNUITY_s_app_AMT_ANNUITY_d_app_AMT_INCOME_TOTAL_max,972.08987,43,0.8512,0.77173
2,f101_approved_DAYS_TERMINATION_s_app_DAYS_ID_PUBLISH_max,954.33651,67,0.8512,0.77173
2,f101_refused_AMT_GOODS_PRICE_d_total_debt_mean,953.51201,31,0.8512,0.77173
2,f105_DAYS_DECISION_ref_min,953.10923,49,0.8512,0.77173
2,f101_approved_DAYS_LAST_DUE_d_app_DAYS_ID_PUBLISH_min,950.10546,55,0.8512,0.77173
2,f001_DAYS_ID_PUBLISH-d-DAYS_BIRTH,946.28508,61,0.8512,0.77173
2,f101_refused_DAYS_DECISION_s_app_DAYS_LAST_PHONE_CHANGE_std_div_mean,933.37925,50,0.8512,0.77173
2,f101_approved_AMT_ANNUITY_s_app_AMT_ANNUITY_mean,930.24877,46,0.8512,0.77173
2,f101_completed_AMT_ANNUITY_s_app_AMT_ANNUITY_d_app_AMT_INCOME_TOTAL_max,922.24275,48,0.8512,0.77173
2,f101_approved_DAYS_TERMINATION_s_app_DAYS_LAST_PHONE_CHANGE_max,906.44964,65,0.8512,0.77173
2,f001_REGION_RATING_CLIENT_W_CITY,906.04021,48,0.8512,0.77173
2,f101_approved_AMT_ANNUITY_d_app_AMT_ANNUITY_max,898.98057,38,0.8512,0.77173
2,f101_nyg_low_normal_DAYS_FIRST_DUE_s_DAYS_DECISIONS_min,897.83632,56,0.8512,0.77173
2,f107_AMT_ANNUITY-s-app_AMT_ANNUITY-d-app_AMT_INCOME_TOTAL,896.36595,62,0.8512,0.77173
2,f001_DAYS_LAST_PHONE_CHANGE-s-DAYS_BIRTH,891.52984,48,0.8512,0.77173
2,f108_DAYS_FIRST_DUE-s-app_DAYS_BIRTH,882.03542,51,0.8512,0.77173
2,f105_prevapp_future_payment_max-d-income,880.18467,57,0.8512,0.77173
2,f101_approved_AMT_DOWN_PAYMENT_max,871.34902,39,0.8512,0.77173
2,f102_refused_interest_rate_min,869.68726,40,0.8512,0.77173
2,f101_approved_SELLERPLACE_AREA_std_div_mean,861.23402,62,0.8512,0.77173
2,f101_completed_AMT_ANNUITY_d_app_AMT_ANNUITY_max,857.87772,28,0.8512,0.77173
2,f103_approved_DAYS_TERMINATION_s_DAYS_LAST_DUE_1ST_VERSION_max,851.89436,45,0.8512,0.77173
2,f101_approved_AMT_CREDIT_d_app_AMT_ANNUITY_max,840.755,43,0.8512,0.77173
2,f101_approved_cnt_paid_ratio_std_div_mean,834.77461,41,0.8512,0.77173
2,f101_approved_interest_rate_mean,825.47567,54,0.8512,0.77173
2,f101_nyg_high_AMT_ANNUITY_s_app_AMT_ANNUITY_d_app_AMT_INCOME_TOTAL_min,820.19409,54,0.8512,0.77173
2,f101_nyg_high_DAYS_DECISION_d_app_DAYS_BIRTH_mean,819.16542,41,0.8512,0.77173
2,f002_NAME_EDUCATION_TYPE,818.49618,26,0.8512,0.77173
2,f101_approved_AMT_CREDIT_d_total_debt_std,810.39474,49,0.8512,0.77173
2,f107_DAYS_DECISION-d-app_DAYS_BIRTH,806.20563,52,0.8512,0.77173
2,f101_active_AMT_GOODS_PRICE_d_total_debt_min,801.55374,25,0.8512,0.77173
2,f101_approved_AMT_ANNUITY_s_app_AMT_GOODS_PRICE_min,792.07344,38,0.8512,0.77173
2,f101_completed_AMT_ANNUITY_s_app_AMT_ANNUITY_d_app_AMT_INCOME_TOTAL_mean,791.29424,41,0.8512,0.77173
2,f101_completed_AMT_GOODS_PRICE_s_app_AMT_CREDIT_d_app_AMT_INCOME_TOTAL_max,781.87422,40,0.8512,0.77173
2,f001_OWN_CAR_AGE-s-DAYS_BIRTH,780.8227,47,0.8512,0.77173
2,f001_building_score_mode_mean,778.04665,39,0.8512,0.77173
2,f107_DAYS_DECISION-s-app_DAYS_EMPLOYED,777.25399,45,0.8512,0.77173
2,f001_AMT_ANNUITY-d-AMT_INCOME_TOTAL,776.47862,50,0.8512,0.77173
2,f001_AMT_REQ_CREDIT_BUREAU_YEAR,772.20726,53,0.8512,0.77173
2,f107_DAYS_DECISION-d-app_DAYS_LAST_PHONE_CHANGE,770.09149,53,0.8512,0.77173
2,f101_active_AMT_CREDIT_d_total_debt_min,768.97255,26,0.8512,0.77173
2,f101_active_DAYS_LAST_DUE_1ST_VERSION_d_app_DAYS_LAST_PHONE_CHANGE_mean,766.36322,47,0.8512,0.77173
2,f101_approved_total_debt_diff_min,765.32426,59,0.8512,0.77173
2,f101_completed_interest_rate_min,763.82861,41,0.8512,0.77173
2,f101_approved_AMT_APPLICATION_d_app_AMT_ANNUITY_max,760.86305,32,0.8512,0.77173
2,f102_refused_DAYS_DECISION_s_app_DAYS_BIRTH_mean,757.2963,22,0.8512,0.77173
2,f102_approved_AMT_ANNUITY_s_app_AMT_ANNUITY_d_app_AMT_INCOME_TOTAL_max,755.93491,45,0.8512,0.77173
2,f101_refused_DAYS_DECISION_d_app_DAYS_BIRTH_mean,739.88341,48,0.8512,0.77173
2,f101_completed_AMT_GOODS_PRICE_d_app_AMT_ANNUITY_max,737.58615,26,0.8512,0.77173
2,f101_approved_DAYS_TERMINATION_d_app_DAYS_ID_PUBLISH_min,736.13373,52,0.8512,0.77173
2,f108_DAYS_LAST_DUE_1ST_VERSION-s-app_DAYS_BIRTH,734.68968,48,0.8512,0.77173
2,f101_nyg_high_DAYS_TERMINATION_s_DAYS_LAST_DUE_1ST_VERSION_min,733.14731,42,0.8512,0.77173
2,f101_completed_AMT_ANNUITY_s_app_AMT_ANNUITY_max,732.85955,34,0.8512,0.77173
2,f101_nyg_high_AMT_DOWN_PAYMENT_max,730.50461,34,0.8512,0.77173
2,f101_completed_DAYS_TERMINATION_s_DAYS_LAST_DUE_1ST_VERSION_min,730.36518,46,0.8512,0.77173
2,f101_completed_AMT_ANNUITY_d_app_AMT_ANNUITY_mean,730.07134,31,0.8512,0.77173
2,f101_approved_interest_rate_std_div_mean,727.57362,52,0.8512,0.77173
2,f101_approved_AMT_GOODS_PRICE_d_total_debt_std_div_mean,724.82856,47,0.8512,0.77173
2,f101_completed_AMT_GOODS_PRICE_d_AMT_ANNUITY_mean,723.88057,52,0.8512,0.77173
2,f108_DAYS_LAST_DUE_1ST_VERSION-s-app_DAYS_ID_PUBLISH,720.5097,53,0.8512,0.77173
2,f001_AMT_CREDIT-d-CNT_FAM_MEMBERS,714.98498,50,0.8512,0.77173
2,f001_DAYS_LAST_PHONE_CHANGE,712.28807,43,0.8512,0.77173
2,f107_AMT_ANNUITY-s-app_AMT_GOODS_PRICE,711.32538,50,0.8512,0.77173
2,f001_building_score_avg_mean,711.13597,35,0.8512,0.77173
2,f001_DAYS_REGISTRATION-s-DAYS_BIRTH-d-DAYS_LAST_PHONE_CHANGE-s-DAYS_ID_PUBLISH,709.16143,52,0.8512,0.77173
2,f108_AMT_ANNUITY-s-app_AMT_ANNUITY-d-app_AMT_INCOME_TOTAL,703.60886,43,0.8512,0.77173
2,f101_approved_DAYS_FIRST_DUE_s_DAYS_DECISIONS_std,702.33267,39,0.8512,0.77173
2,f101_completed_DAYS_TERMINATION_s_DAYS_LAST_DUE_1ST_VERSION_mean,701.50334,46,0.8512,0.77173
2,f108_past_payment_6m,700.66296,48,0.8512,0.77173
2,f105_prevapp_future_payment_19m,692.73388,43,0.8512,0.77173
2,f001_DAYS_REGISTRATION-s-DAYS_BIRTH-d-DAYS_LAST_PHONE_CHANGE-s-DAYS_EMPLOYED,692.68275,48,0.8512,0.77173
2,f101_completed_DAYS_LAST_DUE_d_app_DAYS_REGISTRATION_min,692.30463,45,0.8512,0.77173
2,f108_DAYS_FIRST_DUE,691.09667,47,0.8512,0.77173
2,f107_AMT_CREDIT-d-total_debt,689.49969,44,0.8512,0.77173
2,f101_approved_AMT_CREDIT_d_total_debt_max,689.10352,44,0.8512,0.77173
2,f101_approved_HOUR_APPR_PROCESS_START_mean,688.21765,52,0.8512,0.77173
2,f108_DAYS_TERMINATION-d-app_DAYS_EMPLOYED,687.32684,52,0.8512,0.77173
2,f101_active_DAYS_LAST_DUE_1ST_VERSION_d_app_DAYS_LAST_PHONE_CHANGE_min,683.30892,40,0.8512,0.77173
2,f001_EXT_SOURCES_1-3,676.88801,36,0.8512,0.77173
2,f001_AMT_ANNUITY-d-CNT_FAM_MEMBERS,676.29953,46,0.8512,0.77173
2,f101_completed_AMT_APPLICATION_d_app_AMT_ANNUITY_mean,673.83763,32,0.8512,0.77173
2,f101_completed_DAYS_FIRST_DUE_d_app_DAYS_REGISTRATION_min,672.58853,43,0.8512,0.77173
2,f107_DAYS_LAST_DUE_1ST_VERSION-d-app_DAYS_LAST_PHONE_CHANGE,672.50984,47,0.8512,0.77173
2,f101_completed_AMT_GOODS_PRICE_d_app_AMT_CREDIT_max,670.87969,33,0.8512,0.77173
2,f101_completed_DAYS_FIRST_DUE_s_DAYS_DECISIONS_mean,666.40604,46,0.8512,0.77173
2,f101_approved_AMT_DOWN_PAYMENT_std,665.60441,38,0.8512,0.77173
2,f001_DAYS_ID_PUBLISH-s-DAYS_EMPLOYED-d-DAYS_LAST_PHONE_CHANGE-s-DAYS_REGISTRATION,665.06457,54,0.8512,0.77173
2,f101_refused_AMT_CREDIT_d_total_debt_mean,663.83407,27,0.8512,0.77173
2,f108_CHANNEL_TYPE,659.8889,42,0.8512,0.77173
2,f105_total_debt_sum-p-app,659.36925,37,0.8512,0.77173
2,f108_AMT_ANNUITY,657.19548,44,0.8512,0.77173
2,f108_DAYS_FIRST_DUE-d-app_DAYS_LAST_PHONE_CHANGE,652.78079,48,0.8512,0.77173
2,f105_DAYS_DECISION_app_max,651.98386,46,0.8512,0.77173
2,f101_nyg_middle_AMT_ANNUITY_s_app_AMT_ANNUITY_d_app_AMT_INCOME_TOTAL_mean,648.86641,45,0.8512,0.77173
2,f101_approved_AMT_ANNUITY_d_app_AMT_ANNUITY_mean,645.10481,33,0.8512,0.77173
2,f108_AMT_GOODS_PRICE-d-total_debt,642.58133,47,0.8512,0.77173
2,f101_nyg_middle_total_debt_max,642.57682,42,0.8512,0.77173
2,f101_nyg_middle_AMT_ANNUITY_d_app_AMT_INCOME_TOTAL_mean,642.42963,46,0.8512,0.77173
2,f101_approved_interest_rate_diff_max,641.23331,45,0.8512,0.77173
2,f101_completed_AMT_APPLICATION_d_app_AMT_ANNUITY_max,635.4335,27,0.8512,0.77173
2,f101_nyg_middle_AMT_ANNUITY_s_app_AMT_INCOME_TOTAL_max,635.37711,48,0.8512,0.77173
2,f103_refused_AMT_CREDIT_d_total_debt_min,635.16887,27,0.8512,0.77173
2,f101_nyg_high_DAYS_LAST_DUE_1ST_VERSION_d_app_DAYS_BIRTH_mean,631.70752,37,0.8512,0.77173
2,f101_approved_DAYS_TERMINATION_s_app_DAYS_BIRTH_max,631.13314,38,0.8512,0.77173
2,f001_AMT_GOODS_PRICE-d-CNT_FAM_MEMBERS,629.39576,45,0.8512,0.77173
2,f101_approved_AMT_ANNUITY_s_app_AMT_ANNUITY_d_app_AMT_INCOME_TOTAL_mean,627.79507,34,0.8512,0.77173
2,f101_approved_DAYS_TERMINATION_s_app_DAYS_REGISTRATION_max,626.63065,38,0.8512,0.77173
2,f107_DAYS_DECISION-s-app_DAYS_ID_PUBLISH,625.02436,45,0.8512,0.77173
2,f101_active_DAYS_LAST_DUE_1ST_VERSION_d_app_DAYS_ID_PUBLISH_mean,623.7907,34,0.8512,0.77173
2,f102_active_AMT_GOODS_PRICE_d_AMT_CREDIT_min,621.15561,32,0.8512,0.77173
2,f102_approved_interest_rate_min,621.15036,36,0.8512,0.77173
2,f101_approved_AMT_GOODS_PRICE_d_AMT_CREDIT_mean,620.62321,39,0.8512,0.77173
2,f107_DAYS_DECISION-d-app_DAYS_REGISTRATION,617.61352,46,0.8512,0.77173
2,f108_past_payment_8m,614.39032,43,0.8512,0.77173
2,f101_approved_interest_rate_pctchange_mean,613.97524,45,0.8512,0.77173
2,f001_DAYS_EMPLOYED-s-DAYS_BIRTH-d-DAYS_LAST_PHONE_CHANGE-s-DAYS_BIRTH,611.19951,28,0.8512,0.77173
2,f108_DAYS_DECISION-d-app_DAYS_BIRTH,609.86725,39,0.8512,0.77173
2,f101_approved_DAYS_LAST_DUE_1ST_VERSION_d_app_DAYS_BIRTH_min,605.33645,37,0.8512,0.77173
2,f101_refused_AMT_CREDIT_d_total_debt_max,605.28418,29,0.8512,0.77173
2,f001_DAYS_ID_PUBLISH-s-DAYS_EMPLOYED-d-DAYS_LAST_PHONE_CHANGE-s-DAYS_EMPLOYED,600.7438,47,0.8512,0.77173
2,f101_approved_AMT_GOODS_PRICE_s_app_AMT_CREDIT_mean,600.2564,24,0.8512,0.77173
2,f001_AMT_REQ_CREDIT_BUREAU_sum,599.5101,44,0.8512,0.77173
2,f001_EXT_SOURCES_1-2-3,598.61668,42,0.8512,0.77173
2,f001_DAYS_REGISTRATION-s-DAYS_EMPLOYED-d-DAYS_LAST_PHONE_CHANGE-s-DAYS_EMPLOYED,597.637,41,0.8512,0.77173
2,f103_approved_AMT_GOODS_PRICE_d_AMT_ANNUITY_max,593.99413,40,0.8512,0.77173
2,f108_AMT_ANNUITY-s-app_AMT_INCOME_TOTAL,592.0327,41,0.8512,0.77173
2,f101_approved_AMT_ANNUITY_s_app_AMT_INCOME_TOTAL_max,591.30928,41,0.8512,0.77173
2,f101_approved_DAYS_LAST_DUE_1ST_VERSION_d_app_DAYS_LAST_PHONE_CHANGE_mean,591.15339,41,0.8512,0.77173
2,f101_completed_AMT_DOWN_PAYMENT_std,589.59977,28,0.8512,0.77173
2,f001_DAYS_EMPLOYED-s-DAYS_BIRTH-d-DAYS_LAST_PHONE_CHANGE-s-DAYS_REGISTRATION,589.31499,41,0.8512,0.77173
2,f001_TOTALAREA_MODE,586.26532,29,0.8512,0.77173
2,f102_refused_DAYS_DECISION_s_app_DAYS_BIRTH_min,579.6385,20,0.8512,0.77173
2,f101_approved_AMT_ANNUITY_s_app_AMT_ANNUITY_d_app_AMT_INCOME_TOTAL_min,579.57474,35,0.8512,0.77173
2,f108_AMT_ANNUITY-d-app_AMT_ANNUITY,578.55251,40,0.8512,0.77173
2,f101_completed_SELLERPLACE_AREA_max,577.55529,43,0.8512,0.77173
2,f105_total_debt_sum-p-app-d-income,576.57453,36,0.8512,0.77173
2,f108_DAYS_LAST_DUE-s-app_DAYS_REGISTRATION,575.80338,43,0.8512,0.77173
2,f101_nyg_middle_AMT_CREDIT_d_total_debt_min,575.46472,27,0.8512,0.77173
2,f101_approved_AMT_ANNUITY_d_app_AMT_CREDIT_max,574.76532,27,0.8512,0.77173
2,f108_AMT_GOODS_PRICE-s-app_AMT_GOODS_PRICE,571.23655,31,0.8512,0.77173
2,f101_completed_RATE_DOWN_PAYMENT_std,570.34573,35,0.8512,0.77173
2,f001_DAYS_REGISTRATION-s-DAYS_BIRTH,569.94982,44,0.8512,0.77173
2,f001_DAYS_LAST_PHONE_CHANGE-s-DAYS_EMPLOYED-d-DAYS_ID_PUBLISH-s-DAYS_REGISTRATION,569.62875,47,0.8512,0.77173
2,f107_DAYS_DECISION-s-app_DAYS_REGISTRATION,567.1399,35,0.8512,0.77173
2,f001_DAYS_REGISTRATION-s-DAYS_EMPLOYED-d-DAYS_LAST_PHONE_CHANGE-s-DAYS_ID_PUBLISH,566.40869,44,0.8512,0.77173
2,f107_AMT_CREDIT-d-AMT_APPLICATION,566.35031,43,0.8512,0.77173
2,f105_prevapp_future_payment_11m,563.30745,24,0.8512,0.77173
2,f108_DAYS_FIRST_DUE-d-app_DAYS_BIRTH,563.25993,37,0.8512,0.77173
2,f107_DAYS_DECISION-d-app_DAYS_EMPLOYED,562.16449,33,0.8512,0.77173
2,f101_completed_SELLERPLACE_AREA_std_div_mean,561.85695,38,0.8512,0.77173
2,f103_nyg_high_AMT_CREDIT_d_total_debt_min,561.533,18,0.8512,0.77173
2,f101_nyg_middle_AMT_GOODS_PRICE_d_total_debt_min,561.41167,30,0.8512,0.77173
2,f001_DAYS_LAST_PHONE_CHANGE-d-DAYS_REGISTRATION,561.13656,40,0.8512,0.77173
2,f101_approved_DAYS_TERMINATION_s_DAYS_LAST_DUE_mean,560.94494,44,0.8512,0.77173
2,f101_approved_SELLERPLACE_AREA_max,560.3807,35,0.8512,0.77173
2,f104_completed_DAYS_TERMINATION_s_DAYS_LAST_DUE_1ST_VERSION_max,560.26253,31,0.8512,0.77173
2,f101_approved_AMT_ANNUITY_s_app_AMT_INCOME_TOTAL_mean,558.94633,38,0.8512,0.77173
2,f102_approved_AMT_CREDIT_d_total_debt_max,557.67463,31,0.8512,0.77173
2,f105_total_debt_sum,555.69297,25,0.8512,0.77173
2,f101_approved_HOUR_APPR_PROCESS_START_std_div_mean,553.51196,44,0.8512,0.77173
2,f108_AMT_CREDIT-d-total_debt,552.64603,39,0.8512,0.77173
2,f101_completed_total_debt_diff_mean,552.57597,41,0.8512,0.77173
2,f101_refused_interest_rate_mean,547.32974,35,0.8512,0.77173
2,f001_AMT_CREDIT-d-cnt_adults,546.95034,37,0.8512,0.77173
2,f105_past_payment_9m_min,546.51674,40,0.8512,0.77173
2,f101_approved_AMT_GOODS_PRICE_d_AMT_ANNUITY_max,540.83667,40,0.8512,0.77173
2,f101_approved_AMT_GOODS_PRICE_d_total_debt_min,540.83019,25,0.8512,0.77173
2,f101_completed_AMT_DOWN_PAYMENT_max,540.53468,34,0.8512,0.77173
2,f101_nyg_middle_AMT_GOODS_PRICE_s_app_AMT_ANNUITY_d_app_AMT_INCOME_TOTAL_max,539.54061,39,0.8512,0.77173
2,f101_completed_interest_rate_pctchange_min,537.61117,35,0.8512,0.77173
2,f101_active_interest_rate_max,537.38434,31,0.8512,0.77173
2,f101_nyg_low_normal_AMT_ANNUITY_d_app_AMT_ANNUITY_min,537.0851,43,0.8512,0.77173
2,f101_completed_AMT_ANNUITY_s_app_AMT_ANNUITY_mean,535.5349,28,0.8512,0.77173
2,f101_completed_SELLERPLACE_AREA_std,535.43072,29,0.8512,0.77173
2,f101_approved_AMT_ANNUITY_s_app_AMT_ANNUITY_min,534.66512,30,0.8512,0.77173
2,f001_EXT_SOURCES_2-1-3,533.94278,25,0.8512,0.77173
2,f003_NAME_INCOME_TYPE_ta,533.23557,29,0.8512,0.77173
2,f101_nyg_middle_DAYS_TERMINATION_s_app_DAYS_LAST_PHONE_CHANGE_min,529.12299,43,0.8512,0.77173
2,f105_past_payment_10m_min,528.48298,36,0.8512,0.77173
2,f001_FLAG_DOCUMENT_3,527.174,17,0.8512,0.77173
2,f101_approved_DAYS_TERMINATION_s_app_DAYS_BIRTH_mean,524.65398,38,0.8512,0.77173
2,f101_nyg_low_normal_DAYS_LAST_DUE_d_app_DAYS_REGISTRATION_min,524.37909,35,0.8512,0.77173
2,f106_NAME_CONTRACT_STATUS-Refused,524.00329,27,0.8512,0.77173
2,f101_nyg_high_DAYS_TERMINATION_s_DAYS_LAST_DUE_1ST_VERSION_mean,522.36639,31,0.8512,0.77173
2,f108_DAYS_TERMINATION-s-DAYS_LAST_DUE_1ST_VERSION,521.50137,41,0.8512,0.77173
2,f108_DAYS_DECISION-s-app_DAYS_BIRTH,521.038,27,0.8512,0.77173
2,f001_DAYS_REGISTRATION-d-DAYS_EMPLOYED,520.90841,35,0.8512,0.77173
2,f101_completed_AMT_GOODS_PRICE_d_app_AMT_ANNUITY_mean,520.4817,20,0.8512,0.77173
2,f102_approved_DAYS_FIRST_DRAWING_s_app_DAYS_BIRTH_mean,518.35037,23,0.8512,0.77173
2,f001_DAYS_ID_PUBLISH-d-DAYS_REGISTRATION,517.80219,41,0.8512,0.77173
2,f108_DAYS_LAST_DUE_1ST_VERSION-d-app_DAYS_LAST_PHONE_CHANGE,515.47484,41,0.8512,0.77173
2,f001_DAYS_REGISTRATION-s-DAYS_EMPLOYED-d-DAYS_ID_PUBLISH-s-DAYS_EMPLOYED,515.06036,41,0.8512,0.77173
2,f108_DAYS_LAST_DUE_1ST_VERSION-s-DAYS_DECISIONS,512.62349,38,0.8512,0.77173
2,f001_DAYS_REGISTRATION-s-DAYS_BIRTH-d-DAYS_ID_PUBLISH-s-DAYS_EMPLOYED,506.57689,37,0.8512,0.77173
2,f108_AMT_ANNUITY-s-app_AMT_ANNUITY,505.55716,31,0.8512,0.77173
2,f101_completed_interest_rate_std_div_mean,503.97615,28,0.8512,0.77173
2,f101_approved_interest_rate_diff_mean,503.77512,41,0.8512,0.77173
2,f101_completed_AMT_GOODS_PRICE_s_app_AMT_CREDIT_max,503.0868,21,0.8512,0.77173
2,f105_DAYS_DECISION_max,502.6262,33,0.8512,0.77173
2,f105_amt_unpaid_sum-p-app-d-income,501.3552,36,0.8512,0.77173
2,f101_active_DAYS_LAST_DUE_1ST_VERSION_d_app_DAYS_ID_PUBLISH_min,500.97239,29,0.8512,0.77173
2,f101_completed_interest_rate_pctchange_mean,500.74412,32,0.8512,0.77173
2,f101_nyg_high_interest_rate_diff_min,499.46397,36,0.8512,0.77173
2,f101_nyg_middle_AMT_GOODS_PRICE_s_app_AMT_INCOME_TOTAL_min,498.48704,37,0.8512,0.77173
2,f101_nyg_low_normal_AMT_CREDIT_d_total_debt_mean,497.79958,32,0.8512,0.77173
2,f001_DAYS_LAST_PHONE_CHANGE-s-DAYS_EMPLOYED-d-DAYS_LAST_PHONE_CHANGE-s-DAYS_ID_PUBLISH,495.57939,34,0.8512,0.77173
2,f103_approved_AMT_CREDIT_d_AMT_ANNUITY_max,494.37035,37,0.8512,0.77173
2,f101_nyg_low_normal_AMT_ANNUITY_s_app_AMT_INCOME_TOTAL_mean,493.7784,36,0.8512,0.77173
2,f101_approved_AMT_GOODS_PRICE_d_AMT_ANNUITY_mean,491.54112,35,0.8512,0.77173
2,f101_approved_AMT_ANNUITY_d_app_AMT_ANNUITY_min,488.7913,32,0.8512,0.77173
2,f101_nyg_high_AMT_GOODS_PRICE_d_AMT_CREDIT_min,488.25825,24,0.8512,0.77173
2,f001_building_score_medi_mean,485.44807,28,0.8512,0.77173
2,f105_future_payment_20m_min,484.95237,28,0.8512,0.77173
2,f101_approved_AMT_GOODS_PRICE_s_app_AMT_CREDIT_d_app_AMT_INCOME_TOTAL_max,484.78573,27,0.8512,0.77173
2,f102_nyg_middle_AMT_CREDIT_d_AMT_APPLICATION_max,484.71588,30,0.8512,0.77173
2,f108_interest_rate,484.59222,37,0.8512,0.77173
2,f001_AMT_ANNUITY,484.28543,34,0.8512,0.77173
2,f101_approved_SELLERPLACE_AREA_mean,479.99165,39,0.8512,0.77173
2,f101_approved_total_debt_max_div_min,477.86722,34,0.8512,0.77173
2,f108_AMT_GOODS_PRICE-d-AMT_ANNUITY,477.57966,37,0.8512,0.77173
2,f101_nyg_high_total_debt_diff_mean,473.73289,33,0.8512,0.77173
2,f101_approved_AMT_DOWN_PAYMENT_mean,473.2941,30,0.8512,0.77173
2,f101_nyg_high_AMT_GOODS_PRICE_d_AMT_CREDIT_mean,472.17775,21,0.8512,0.77173
2,f101_completed_AMT_GOODS_PRICE_d_total_debt_min,471.32821,32,0.8512,0.77173
2,f101_nyg_low_normal_DAYS_LAST_DUE_1ST_VERSION_d_app_DAYS_ID_PUBLISH_min,470.74932,33,0.8512,0.77173
2,f105_past_payment_6m_max,470.39761,31,0.8512,0.77173
2,f101_approved_amt_paid_sum,469.93901,18,0.8512,0.77173
2,f101_approved_AMT_GOODS_PRICE_s_app_AMT_GOODS_PRICE_mean,468.895,28,0.8512,0.77173
2,f105_DAYS_DECISION_min-m-DAYS_BIRTH,464.85626,28,0.8512,0.77173
2,f107_DAYS_DECISION-s-app_DAYS_LAST_PHONE_CHANGE,464.59883,29,0.8512,0.77173
2,f107_DAYS_DECISION-s-app_DAYS_BIRTH,464.37301,26,0.8512,0.77173
2,f103_approved_amt_paid_sum,464.02911,34,0.8512,0.77173
2,f101_nyg_middle_amt_paid_sum,463.27086,31,0.8512,0.77173
2,f101_nyg_high_DAYS_LAST_DUE_1ST_VERSION_d_app_DAYS_ID_PUBLISH_min,462.93499,29,0.8512,0.77173
2,f001_DAYS_EMPLOYED-s-DAYS_BIRTH-d-DAYS_ID_PUBLISH-s-DAYS_BIRTH,462.74812,34,0.8512,0.77173
2,f108_DAYS_TERMINATION-s-app_DAYS_BIRTH,462.72241,33,0.8512,0.77173
2,f101_completed_AMT_CREDIT_d_total_debt_max,461.90859,33,0.8512,0.77173
2,f001_APARTMENTS_AVG,461.62375,29,0.8512,0.77173
2,f101_nyg_high_AMT_CREDIT_d_AMT_APPLICATION_mean,459.99054,31,0.8512,0.77173
2,f101_approved_interest_rate_pctchange_min,459.41405,30,0.8512,0.77173
2,f001_DAYS_ID_PUBLISH-s-DAYS_EMPLOYED,457.60937,32,0.8512,0.77173
2,f101_completed_AMT_CREDIT_d_total_debt_min,456.86054,33,0.8512,0.77173
2,f101_nyg_low_normal_amt_paid_max,456.77757,28,0.8512,0.77173
2,f105_amt_paid_sum-d-total_debt_sum,456.47433,30,0.8512,0.77173
2,f001_AMT_ANNUITY-d-CNT_CHILDREN,454.88835,33,0.8512,0.77173
2,f108_DAYS_LAST_DUE-d-app_DAYS_BIRTH,454.72686,33,0.8512,0.77173
2,f001_AMT_REQ_CREDIT_BUREAU_QRT,453.1834,33,0.8512,0.77173
2,f101_nyg_high_DAYS_LAST_DUE_1ST_VERSION_d_app_DAYS_BIRTH_min,452.58864,32,0.8512,0.77173
2,f101_approved_AMT_GOODS_PRICE_m_app_AMT_GOODS_PRICE_d_app_AMT_INCOME_TOTAL_max,451.33838,33,0.8512,0.77173
2,f107_interest_rate_diff,450.5254,33,0.8512,0.77173
2,f108_AMT_GOODS_PRICE-d-AMT_CREDIT,450.4249,34,0.8512,0.77173
2,f001_DEF_60_CNT_SOCIAL_CIRCLE,450.4008,24,0.8512,0.77173
2,f101_nyg_middle_AMT_CREDIT_d_total_debt_mean,450.24486,26,0.8512,0.77173
2,f101_approved_HOUR_APPR_PROCESS_START_max,449.77076,30,0.8512,0.77173
2,f001_DAYS_ID_PUBLISH-s-DAYS_BIRTH-d-DAYS_LAST_PHONE_CHANGE-s-DAYS_REGISTRATION,449.08091,33,0.8512,0.77173
2,f001_DAYS_REGISTRATION,448.7573,27,0.8512,0.77173
2,f101_approved_AMT_ANNUITY_d_app_AMT_CREDIT_mean,447.41631,26,0.8512,0.77173
2,f101_nyg_low_action_AMT_GOODS_PRICE_d_AMT_ANNUITY_min,446.56375,30,0.8512,0.77173
2,f105_prevapp_future_payment_1vs6,446.12319,24,0.8512,0.77173
2,f001_YEARS_BEGINEXPLUATATION_MODE,445.8547,28,0.8512,0.77173
2,f101_nyg_low_normal_AMT_ANNUITY_s_app_AMT_ANNUITY_d_app_AMT_INCOME_TOTAL_max,445.589,26,0.8512,0.77173
2,f101_nyg_high_interest_rate_diff_max,444.66525,28,0.8512,0.77173
2,f101_approved_AMT_CREDIT_d_total_debt_min,444.1008,26,0.8512,0.77173
2,f105_amt_unpaid_sum-p-app,444.08072,30,0.8512,0.77173
2,f101_completed_interest_rate_mean,443.8594,27,0.8512,0.77173
2,f101_approved_amt_unpaid_std,443.82711,26,0.8512,0.77173
2,f108_AMT_CREDIT-d-AMT_APPLICATION,443.37895,33,0.8512,0.77173
2,f102_approved_DAYS_LAST_DUE_1ST_VERSION_d_app_DAYS_ID_PUBLISH_min,443.3446,27,0.8512,0.77173
2,f101_nyg_low_action_AMT_CREDIT_d_AMT_ANNUITY_min,441.65962,28,0.8512,0.77173
2,f001_building_score_mode_sum,441.40223,24,0.8512,0.77173
2,f001_AMT_GOODS_PRICE-d-AMT_INCOME_TOTAL,440.72411,30,0.8512,0.77173
2,f102_approved_AMT_GOODS_PRICE_d_total_debt_max,437.72094,27,0.8512,0.77173
2,f101_nyg_high_total_debt_diff_min,437.71239,29,0.8512,0.77173
2,f101_completed_SELLERPLACE_AREA_mean,437.61379,33,0.8512,0.77173
2,f108_AMT_ANNUITY-s-app_AMT_CREDIT,435.53196,27,0.8512,0.77173
2,f101_completed_RATE_DOWN_PAYMENT_max,434.28352,27,0.8512,0.77173
2,f101_nyg_high_DAYS_LAST_DUE_1ST_VERSION_d_app_DAYS_LAST_PHONE_CHANGE_mean,433.59822,28,0.8512,0.77173
2,f001_DAYS_ID_PUBLISH-d-DAYS_EMPLOYED,432.34922,32,0.8512,0.77173
2,f101_approved_AMT_APPLICATION_s_app_AMT_ANNUITY_max,426.30509,18,0.8512,0.77173
2,f107_DAYS_FIRST_DUE-s-DAYS_DECISIONS,425.78615,27,0.8512,0.77173
2,f001_LIVINGAREA_AVG,424.56877,21,0.8512,0.77173
2,f105_AMT_ANNUITY_cmp_mean,421.02152,26,0.8512,0.77173
2,f001_DAYS_EMPLOYED-s-DAYS_BIRTH-d-DAYS_LAST_PHONE_CHANGE-s-DAYS_ID_PUBLISH,419.99075,32,0.8512,0.77173
2,f101_nyg_middle_total_debt_diff_max,419.69246,32,0.8512,0.77173
2,f105_past_payment_sum_max-d-income,417.62909,17,0.8512,0.77173
2,f101_nyg_middle_AMT_ANNUITY_d_app_AMT_INCOME_TOTAL_min,417.153,30,0.8512,0.77173
2,f101_nyg_middle_AMT_CREDIT_d_AMT_ANNUITY_min,415.80807,29,0.8512,0.77173
2,f101_approved_AMT_GOODS_PRICE_d_AMT_CREDIT_min,414.06881,25,0.8512,0.77173
2,f101_approved_DAYS_FIRST_DUE_s_DAYS_DECISIONS_min,413.42854,23,0.8512,0.77173
2,f104_approved_interest_rate_mean,413.2699,28,0.8512,0.77173
2,f103_approved_DAYS_TERMINATION_s_DAYS_LAST_DUE_1ST_VERSION_mean,413.01459,30,0.8512,0.77173
2,f101_completed_AMT_ANNUITY_s_app_AMT_ANNUITY_min,412.15554,26,0.8512,0.77173
2,f101_nyg_middle_DAYS_LAST_DUE_1ST_VERSION_d_app_DAYS_BIRTH_min,411.65983,30,0.8512,0.77173
2,f108_SELLERPLACE_AREA,411.55608,31,0.8512,0.77173
2,f101_approved_AMT_ANNUITY_s_app_AMT_CREDIT_max,410.29963,22,0.8512,0.77173
2,f108_AMT_CREDIT-s-app_AMT_GOODS_PRICE,410.01257,23,0.8512,0.77173
2,f101_approved_AMT_GOODS_PRICE_s_app_AMT_ANNUITY_d_app_AMT_INCOME_TOTAL_min,409.57738,29,0.8512,0.77173
2,f101_nyg_low_normal_AMT_ANNUITY_d_app_AMT_GOODS_PRICE_mean,409.09055,29,0.8512,0.77173
2,f105_past_payment_5m_max,406.97942,24,0.8512,0.77173
2,f101_nyg_high_AMT_CREDIT_d_total_debt_mean,406.92819,26,0.8512,0.77173
2,f101_completed_AMT_GOODS_PRICE_d_total_debt_max,406.43268,26,0.8512,0.77173
2,f101_approved_interest_rate_diff_min,406.02267,30,0.8512,0.77173
2,f108_DAYS_FIRST_DUE-d-app_DAYS_REGISTRATION,405.83641,33,0.8512,0.77173
2,f105_AMT_ANNUITY_cmp_max,405.3335,22,0.8512,0.77173
2,f101_approved_AMT_ANNUITY_mean,405.25764,25,0.8512,0.77173
2,f101_refused_AMT_CREDIT_d_AMT_APPLICATION_mean,404.17449,22,0.8512,0.77173
2,f001_DAYS_EMPLOYED-s-DAYS_BIRTH-d-DAYS_LAST_PHONE_CHANGE-s-DAYS_EMPLOYED,403.99846,28,0.8512,0.77173
2,f108_AMT_CREDIT-s-app_AMT_INCOME_TOTAL,403.03223,29,0.8512,0.77173
2,f101_approved_DAYS_DECISION_d_app_DAYS_REGISTRATION_std,401.36552,32,0.8512,0.77173
2,f101_nyg_high_RATE_DOWN_PAYMENT_max,400.89268,17,0.8512,0.77173
2,f101_completed_AMT_ANNUITY_d_app_AMT_CREDIT_max,399.89896,23,0.8512,0.77173
2,f001_DAYS_ID_PUBLISH-s-DAYS_EMPLOYED-d-DAYS_LAST_PHONE_CHANGE-s-DAYS_ID_PUBLISH,398.21614,30,0.8512,0.77173
2,f104_approved_DAYS_TERMINATION_s_DAYS_LAST_DUE_1ST_VERSION_max,398.13575,25,0.8512,0.77173
2,f001_AMT_INCOME_TOTAL-d-CNT_CHILDREN,398.00476,28,0.8512,0.77173
2,f101_approved_DAYS_LAST_DUE_s_DAYS_LAST_DUE_1ST_VERSION_std,395.78631,26,0.8512,0.77173
2,f107_CODE_REJECT_REASON,394.45145,20,0.8512,0.77173
2,f101_approved_cnt_paid_std,394.26906,30,0.8512,0.77173
2,f101_active_AMT_CREDIT_d_total_debt_max,393.8349,19,0.8512,0.77173
2,f001_DAYS_LAST_PHONE_CHANGE-d-DAYS_EMPLOYED,392.75434,34,0.8512,0.77173
2,f101_nyg_middle_total_debt_min,391.75987,29,0.8512,0.77173
2,f001_DAYS_LAST_PHONE_CHANGE-s-DAYS_BIRTH-d-DAYS_LAST_PHONE_CHANGE-s-DAYS_EMPLOYED,391.22263,24,0.8512,0.77173
2,f101_approved_AMT_GOODS_PRICE_s_app_AMT_CREDIT_d_app_AMT_INCOME_TOTAL_mean,389.98617,19,0.8512,0.77173
2,f101_nyg_low_normal_AMT_ANNUITY_s_app_AMT_ANNUITY_mean,389.04982,24,0.8512,0.77173
2,f107_DAYS_DECISION,388.43055,26,0.8512,0.77173
2,f105_DAYS_DECISION_min,388.27526,23,0.8512,0.77173
2,f108_AMT_APPLICATION-d-app_AMT_INCOME_TOTAL,388.10992,28,0.8512,0.77173
2,f001_cnt_adults,387.54579,20,0.8512,0.77173
2,f001_DAYS_REGISTRATION-d-DAYS_BIRTH,387.49825,27,0.8512,0.77173
2,f107_AMT_GOODS_PRICE-d-AMT_CREDIT,386.71442,27,0.8512,0.77173
2,f101_completed_AMT_GOODS_PRICE_s_app_AMT_INCOME_TOTAL_max,385.34643,29,0.8512,0.77173
2,f101_completed_AMT_ANNUITY_d_app_AMT_INCOME_TOTAL_mean,384.04362,29,0.8512,0.77173
2,f101_approved_AMT_CREDIT_d_AMT_ANNUITY_min,379.67975,29,0.8512,0.77173
2,f101_nyg_high_DAYS_DECISION_d_app_DAYS_BIRTH_max,379.4758,25,0.8512,0.77173
2,f001_DAYS_REGISTRATION-s-DAYS_BIRTH-d-DAYS_LAST_PHONE_CHANGE-s-DAYS_BIRTH,378.3883,26,0.8512,0.77173
2,f001_DAYS_LAST_PHONE_CHANGE-s-DAYS_REGISTRATION,378.35765,25,0.8512,0.77173
2,f103_approved_interest_rate_mean,378.19602,30,0.8512,0.77173
2,f001_DAYS_ID_PUBLISH-s-DAYS_BIRTH-d-DAYS_LAST_PHONE_CHANGE-s-DAYS_EMPLOYED,378.06255,30,0.8512,0.77173
2,f107_DAYS_TERMINATION-s-DAYS_LAST_DUE_1ST_VERSION,377.79378,26,0.8512,0.77173
2,f101_nyg_middle_AMT_GOODS_PRICE_d_total_debt_mean,377.17645,22,0.8512,0.77173
2,f102_approved_AMT_ANNUITY_d_app_AMT_INCOME_TOTAL_max,376.86683,27,0.8512,0.77173
2,f101_approved_AMT_CREDIT_d_AMT_APPLICATION_min,375.61804,20,0.8512,0.77173
2,f001_AMT_CREDIT-d-AMT_INCOME_TOTAL,375.524,24,0.8512,0.77173
2,f108_HOUR_APPR_PROCESS_START,374.0178,25,0.8512,0.77173
2,f101_refused_interest_rate_diff_std,373.36715,24,0.8512,0.77173
2,f101_nyg_low_normal_DAYS_TERMINATION_s_DAYS_LAST_DUE_1ST_VERSION_max,372.68743,27,0.8512,0.77173
2,f101_nyg_low_normal_AMT_ANNUITY_d_app_AMT_ANNUITY_max,372.643,26,0.8512,0.77173
2,f001_YEARS_BEGINEXPLUATATION_MEDI,371.95312,22,0.8512,0.77173
2,f101_completed_interest_rate_max,371.46031,28,0.8512,0.77173
2,f101_approved_AMT_ANNUITY_d_app_AMT_INCOME_TOTAL_mean,371.08605,28,0.8512,0.77173
2,f101_nyg_high_AMT_GOODS_PRICE_d_total_debt_max,370.56288,24,0.8512,0.77173
2,f103_nyg_high_AMT_CREDIT_d_AMT_ANNUITY_mean,370.4501,21,0.8512,0.77173
2,f108_AMT_GOODS_PRICE-s-app_AMT_INCOME_TOTAL,369.98075,25,0.8512,0.77173
2,f002_WEEKDAY_APPR_PROCESS_START,369.47271,28,0.8512,0.77173
2,f101_active_AMT_GOODS_PRICE_d_total_debt_max,369.21815,23,0.8512,0.77173
2,f001_DAYS_REGISTRATION-s-DAYS_BIRTH-d-DAYS_LAST_PHONE_CHANGE-s-DAYS_REGISTRATION,368.40728,25,0.8512,0.77173
2,f106_NAME_CONTRACT_STATUS-Refused_appref,367.90388,14,0.8512,0.77173
2,f101_approved_AMT_GOODS_PRICE_s_app_AMT_INCOME_TOTAL_min,367.79084,29,0.8512,0.77173
2,f103_refused_interest_rate_max,365.79112,17,0.8512,0.77173
2,f101_nyg_low_normal_DAYS_LAST_DUE_1ST_VERSION_d_app_DAYS_BIRTH_min,365.09888,26,0.8512,0.77173
2,f001_DAYS_ID_PUBLISH-s-DAYS_BIRTH-d-DAYS_ID_PUBLISH-s-DAYS_REGISTRATION,364.84183,29,0.8512,0.77173
2,f101_completed_AMT_GOODS_PRICE_s_app_AMT_CREDIT_mean,364.0683,19,0.8512,0.77173
2,f101_completed_AMT_GOODS_PRICE_s_app_AMT_GOODS_PRICE_max,361.76003,23,0.8512,0.77173
2,f001_DAYS_ID_PUBLISH-s-DAYS_BIRTH-d-DAYS_LAST_PHONE_CHANGE-s-DAYS_ID_PUBLISH,361.69339,27,0.8512,0.77173
2,f101_approved_AMT_ANNUITY_d_app_AMT_INCOME_TOTAL_max,361.5479,20,0.8512,0.77173
2,f105_amt_paid_mean,359.02075,22,0.8512,0.77173
2,f101_nyg_high_interest_rate_diff_mean,358.97647,25,0.8512,0.77173
2,f101_nyg_high_SELLERPLACE_AREA_max,358.78871,24,0.8512,0.77173
2,f001_DAYS_EMPLOYED-s-DAYS_BIRTH-d-DAYS_ID_PUBLISH-s-DAYS_REGISTRATION,358.77476,30,0.8512,0.77173
2,f106_CODE_REJECT_REASON-XAP,358.40415,25,0.8512,0.77173
2,f101_approved_AMT_GOODS_PRICE_s_app_AMT_ANNUITY_mean,358.26092,22,0.8512,0.77173
2,f001_DAYS_REGISTRATION-s-DAYS_EMPLOYED-d-DAYS_ID_PUBLISH-s-DAYS_REGISTRATION,357.69293,29,0.8512,0.77173
2,f101_completed_AMT_GOODS_PRICE_d_AMT_CREDIT_mean,357.44799,20,0.8512,0.77173
2,f106_CODE_REJECT_REASON-HC,357.42939,23,0.8512,0.77173
2,f105_prevapp_future_payment_2m,355.75293,26,0.8512,0.77173
2,f101_completed_AMT_ANNUITY_d_app_AMT_ANNUITY_min,354.59204,23,0.8512,0.77173
2,f001_AMT_CREDIT-d-CNT_CHILDREN,354.22677,24,0.8512,0.77173
2,f101_completed_AMT_GOODS_PRICE_mean,353.22295,21,0.8512,0.77173
2,f001_YEARS_BEGINEXPLUATATION_AVG,352.96977,23,0.8512,0.77173
2,f107_interest_rate_pctchange,352.26801,27,0.8512,0.77173
2,f001_DAYS_LAST_PHONE_CHANGE-d-DAYS_BIRTH,351.5967,23,0.8512,0.77173
2,f001_AMT_INCOME_TOTAL,351.5601,22,0.8512,0.77173
2,f105_amt_paid_sum,350.0247,14,0.8512,0.77173
2,f101_refused_CNT_PAYMENT_mean,346.58277,21,0.8512,0.77173
2,f102_approved_interest_rate_max,346.28184,23,0.8512,0.77173
2,f101_nyg_middle_DAYS_TERMINATION_s_DAYS_LAST_DUE_1ST_VERSION_mean,343.80892,24,0.8512,0.77173
2,f001_DAYS_LAST_PHONE_CHANGE-s-DAYS_BIRTH-d-DAYS_ID_PUBLISH-s-DAYS_REGISTRATION,343.56376,26,0.8512,0.77173
2,f101_approved_AMT_GOODS_PRICE_d_AMT_CREDIT_max,343.49395,21,0.8512,0.77173
2,f101_nyg_low_normal_AMT_ANNUITY_d_app_AMT_GOODS_PRICE_min,343.24421,27,0.8512,0.77173
2,f001_DAYS_EMPLOYED-s-DAYS_BIRTH-d-DAYS_ID_PUBLISH-s-DAYS_EMPLOYED,342.9315,25,0.8512,0.77173
2,f101_nyg_middle_total_debt_mean,342.81802,23,0.8512,0.77173
2,f101_nyg_low_normal_amt_paid_sum,342.70118,21,0.8512,0.77173
2,f101_completed_AMT_GOODS_PRICE_d_app_AMT_CREDIT_mean,342.39846,18,0.8512,0.77173
2,f101_nyg_high_AMT_CREDIT_d_AMT_ANNUITY_mean,341.75128,24,0.8512,0.77173
2,f103_approved_AMT_GOODS_PRICE_d_total_debt_mean,341.40969,25,0.8512,0.77173
2,f101_completed_AMT_GOODS_PRICE_d_AMT_CREDIT_max,341.30633,22,0.8512,0.77173
2,f103_nyg_high_AMT_GOODS_PRICE_d_total_debt_min,341.17612,12,0.8512,0.77173
2,f103_refused_DAYS_DECISION_s_app_DAYS_LAST_PHONE_CHANGE_max_div_min,340.3742,17,0.8512,0.77173
2,f001_DAYS_REGISTRATION-s-DAYS_EMPLOYED,340.34683,25,0.8512,0.77173
2,f001_ENTRANCES_AVG,340.1552,21,0.8512,0.77173
2,f001_building_score_mode_std,339.33847,24,0.8512,0.77173
2,f101_approved_AMT_CREDIT_d_AMT_ANNUITY_mean,337.90265,26,0.8512,0.77173
2,f101_approved_RATE_DOWN_PAYMENT_max,337.0082,18,0.8512,0.77173
2,f108_RATE_DOWN_PAYMENT,335.44395,22,0.8512,0.77173
2,f101_nyg_high_AMT_ANNUITY_min,334.91754,24,0.8512,0.77173
2,f103_active_DAYS_LAST_DUE_1ST_VERSION_d_app_DAYS_BIRTH_min,333.53831,18,0.8512,0.77173
2,f103_nyg_high_AMT_CREDIT_d_AMT_ANNUITY_max,331.88718,18,0.8512,0.77173
2,f105_past_payment_6m_mean,331.39937,23,0.8512,0.77173
2,f101_approved_RATE_DOWN_PAYMENT_std,330.8806,21,0.8512,0.77173
2,f101_approved_AMT_ANNUITY_d_app_AMT_INCOME_TOTAL_min,329.13284,24,0.8512,0.77173
2,f001_LIVINGAREA_MEDI,327.7169,18,0.8512,0.77173
2,f001_AMT_INCOME_TOTAL-d-cnt_adults,327.69077,26,0.8512,0.77173
2,f105_past_payment_5m_min,327.58239,25,0.8512,0.77173
2,f108_AMT_CREDIT-m-app_AMT_GOODS_PRICE-d-app_AMT_INCOME_TOTAL,327.57569,22,0.8512,0.77173
2,f105_amt_paid_max,326.92458,24,0.8512,0.77173
2,f108_AMT_GOODS_PRICE-s-app_AMT_CREDIT,326.09326,19,0.8512,0.77173
2,f101_nyg_middle_amt_paid_min,325.8754,24,0.8512,0.77173
2,f101_nyg_low_normal_AMT_GOODS_PRICE_d_total_debt_min,324.61934,22,0.8512,0.77173
2,f101_nyg_middle_AMT_GOODS_PRICE_s_app_AMT_ANNUITY_d_app_AMT_INCOME_TOTAL_min,323.79785,23,0.8512,0.77173
2,f104_approved_interest_rate_min,320.19308,17,0.8512,0.77173
2,f101_nyg_low_normal_amt_paid_mean,320.0383,22,0.8512,0.77173
2,f001_DAYS_ID_PUBLISH-s-DAYS_BIRTH-d-DAYS_REGISTRATION-s-DAYS_EMPLOYED,318.45036,24,0.8512,0.77173
2,f101_nyg_high_RATE_DOWN_PAYMENT_mean,318.41444,18,0.8512,0.77173
2,f101_completed_AMT_CREDIT_d_total_debt_mean,318.37353,24,0.8512,0.77173
2,f001_DAYS_LAST_PHONE_CHANGE-s-DAYS_BIRTH-d-DAYS_ID_PUBLISH-s-DAYS_EMPLOYED,318.31912,27,0.8512,0.77173
2,f001_DAYS_LAST_PHONE_CHANGE-s-DAYS_BIRTH-d-DAYS_LAST_PHONE_CHANGE-s-DAYS_ID_PUBLISH,317.70443,24,0.8512,0.77173
2,f101_approved_AMT_CREDIT_d_app_AMT_ANNUITY_mean,316.82151,20,0.8512,0.77173
2,f105_cnt_paid_sum,316.32779,19,0.8512,0.77173
2,f107_interest_rate,316.25699,24,0.8512,0.77173
2,f101_approved_AMT_ANNUITY_d_app_AMT_CREDIT_min,315.74428,22,0.8512,0.77173
2,f105_cnt_paid_mean,315.37024,21,0.8512,0.77173
2,f108_AMT_CREDIT-d-AMT_ANNUITY,315.33201,23,0.8512,0.77173
2,f001_ENTRANCES_MODE,315.00508,20,0.8512,0.77173
2,f001_building_score_medi_std,314.7555,21,0.8512,0.77173
2,f101_approved_AMT_ANNUITY_d_app_AMT_GOODS_PRICE_min,314.13096,27,0.8512,0.77173
2,f002_NAME_INCOME_TYPE,313.99784,19,0.8512,0.77173
2,f001_DAYS_LAST_PHONE_CHANGE-s-DAYS_ID_PUBLISH,313.35377,22,0.8512,0.77173
2,f102_approved_AMT_GOODS_PRICE_d_total_debt_mean,312.78791,16,0.8512,0.77173
2,f101_completed_AMT_APPLICATION_s_app_AMT_ANNUITY_max,312.76134,14,0.8512,0.77173
2,f101_nyg_low_normal_total_debt_max,312.60948,22,0.8512,0.77173
2,f001_DAYS_LAST_PHONE_CHANGE-d-DAYS_ID_PUBLISH,312.16126,22,0.8512,0.77173
2,f108_AMT_CREDIT-s-app_AMT_CREDIT-d-app_AMT_INCOME_TOTAL,310.4183,18,0.8512,0.77173
2,f101_completed_AMT_GOODS_PRICE_s_app_AMT_INCOME_TOTAL_mean,309.97922,20,0.8512,0.77173
2,f105_future_payment_19m_mean,308.21175,20,0.8512,0.77173
2,f001_AMT_INCOME_TOTAL-d-CNT_FAM_MEMBERS,307.6597,23,0.8512,0.77173
2,f103_approved_AMT_GOODS_PRICE_d_total_debt_max,305.29496,19,0.8512,0.77173
2,f101_nyg_high_completed_mean,304.6649,10,0.8512,0.77173
2,f105_prevapp_future_payment_9m,304.6048,15,0.8512,0.77173
2,f108_AMT_GOODS_PRICE-s-app_AMT_CREDIT-d-app_AMT_INCOME_TOTAL,303.30806,22,0.8512,0.77173
2,f101_completed_amt_paid_sum,302.89254,19,0.8512,0.77173
2,f105_amt_paid_min,302.6513,20,0.8512,0.77173
2,f103_completed_total_debt_diff_min,301.62313,21,0.8512,0.77173
2,f102_approved_DAYS_LAST_DUE_1ST_VERSION_d_app_DAYS_LAST_PHONE_CHANGE_mean,300.36854,20,0.8512,0.77173
2,f108_AMT_CREDIT-s-app_AMT_CREDIT,300.13784,15,0.8512,0.77173
2,f103_approved_AMT_CREDIT_d_total_debt_max,300.05436,21,0.8512,0.77173
2,f102_nyg_middle_AMT_APPLICATION_d_app_AMT_ANNUITY_mean,299.9862,22,0.8512,0.77173
2,f001_LIVINGAREA_MODE,299.2039,20,0.8512,0.77173
2,f103_nyg_middle_AMT_CREDIT_d_AMT_ANNUITY_max,298.08123,21,0.8512,0.77173
2,f108_DAYS_LAST_DUE,296.78898,21,0.8512,0.77173
2,f101_nyg_middle_AMT_GOODS_PRICE_s_app_AMT_INCOME_TOTAL_mean,296.70575,23,0.8512,0.77173
2,f001_AMT_GOODS_PRICE-d-CNT_CHILDREN,296.45901,22,0.8512,0.77173
2,f104_approved_AMT_CREDIT_d_AMT_APPLICATION_min,295.74691,20,0.8512,0.77173
2,f101_completed_AMT_GOODS_PRICE_s_app_AMT_ANNUITY_d_app_AMT_INCOME_TOTAL_min,294.0059,20,0.8512,0.77173
2,f001_DAYS_REGISTRATION-s-DAYS_EMPLOYED-d-DAYS_LAST_PHONE_CHANGE-s-DAYS_REGISTRATION,293.97231,25,0.8512,0.77173
2,f001_DAYS_ID_PUBLISH-s-DAYS_REGISTRATION-d-DAYS_LAST_PHONE_CHANGE-s-DAYS_REGISTRATION,293.33669,23,0.8512,0.77173
2,f101_active_interest_rate_min,293.16506,16,0.8512,0.77173
2,f001_DAYS_EMPLOYED-s-DAYS_BIRTH-d-DAYS_REGISTRATION-s-DAYS_BIRTH,292.06439,21,0.8512,0.77173
2,f108_DAYS_DECISION,292.05986,19,0.8512,0.77173
2,f101_completed_AMT_APPLICATION_s_app_AMT_CREDIT_max,290.48752,16,0.8512,0.77173
2,f101_completed_SELLERPLACE_AREA_min,290.39673,21,0.8512,0.77173
2,f101_nyg_high_amt_paid_sum,289.96551,18,0.8512,0.77173
2,f101_completed_AMT_ANNUITY_max,289.52246,20,0.8512,0.77173
2,f101_approved_AMT_GOODS_PRICE_max,289.26963,18,0.8512,0.77173
2,f108_DAYS_DECISION-d-app_DAYS_REGISTRATION,288.45664,20,0.8512,0.77173
2,f001_BASEMENTAREA_MODE,287.77872,22,0.8512,0.77173
2,f101_completed_DAYS_LAST_DUE_1ST_VERSION_s_DAYS_DECISIONS_min,287.2907,19,0.8512,0.77173
2,f101_completed_HOUR_APPR_PROCESS_START_mean,287.20146,24,0.8512,0.77173
2,f001_DAYS_ID_PUBLISH-s-DAYS_EMPLOYED-d-DAYS_ID_PUBLISH-s-DAYS_REGISTRATION,287.15447,23,0.8512,0.77173
2,f104_completed_AMT_ANNUITY_mean,287.13051,22,0.8512,0.77173
2,f101_completed_AMT_CREDIT_d_AMT_APPLICATION_mean,287.10097,22,0.8512,0.77173
2,f101_nyg_low_normal_AMT_CREDIT_d_total_debt_max,285.57379,20,0.8512,0.77173
2,f101_nyg_middle_cnt_unpaid_sum,284.8326,14,0.8512,0.77173
2,f102_active_AMT_GOODS_PRICE_d_AMT_CREDIT_max,284.5598,16,0.8512,0.77173
2,f108_AMT_DOWN_PAYMENT,284.3056,20,0.8512,0.77173
2,f101_approved_AMT_CREDIT_d_total_debt_diff_std,283.63829,20,0.8512,0.77173
2,f103_approved_AMT_CREDIT_d_AMT_ANNUITY_mean,282.95045,22,0.8512,0.77173
2,f104_approved_interest_rate_max,282.85151,22,0.8512,0.77173
2,f101_completed_AMT_GOODS_PRICE_s_app_AMT_ANNUITY_d_app_AMT_INCOME_TOTAL_max,282.7881,15,0.8512,0.77173
2,f101_nyg_middle_AMT_CREDIT_d_AMT_ANNUITY_max,282.70508,19,0.8512,0.77173
2,f108_AMT_CREDIT-s-app_AMT_ANNUITY-d-app_AMT_INCOME_TOTAL,282.35626,19,0.8512,0.77173
2,f101_nyg_high_AMT_APPLICATION_s_app_AMT_ANNUITY_max,280.16787,21,0.8512,0.77173
2,f105_DAYS_LAST_DUE_1ST_VERSION_act_mean,279.64047,20,0.8512,0.77173
2,f105_DAYS_LAST_DUE_1ST_VERSION_act_max,279.556,16,0.8512,0.77173
2,f102_approved_AMT_GOODS_PRICE_d_total_debt_min,277.94289,20,0.8512,0.77173
2,f108_AMT_CREDIT-d-app_AMT_ANNUITY,277.90443,18,0.8512,0.77173
2,f103_approved_AMT_CREDIT_d_AMT_APPLICATION_min,276.76608,20,0.8512,0.77173
2,f108_AMT_APPLICATION-s-app_AMT_ANNUITY,276.20529,20,0.8512,0.77173
2,f001_DAYS_ID_PUBLISH-s-DAYS_REGISTRATION-d-DAYS_LAST_PHONE_CHANGE-s-DAYS_ID_PUBLISH,275.69424,20,0.8512,0.77173
2,f101_approved_DAYS_TERMINATION_s_DAYS_LAST_DUE_max,274.78797,19,0.8512,0.77173
2,f101_nyg_high_AMT_CREDIT_d_total_debt_max,273.30384,22,0.8512,0.77173
2,f001_APARTMENTS_MODE,272.30151,18,0.8512,0.77173
2,f001_DAYS_LAST_PHONE_CHANGE-s-DAYS_EMPLOYED-d-DAYS_LAST_PHONE_CHANGE-s-DAYS_REGISTRATION,272.12299,18,0.8512,0.77173
2,f001_DAYS_ID_PUBLISH-s-DAYS_REGISTRATION,270.93472,20,0.8512,0.77173
2,f101_approved_AMT_GOODS_PRICE_s_app_AMT_ANNUITY_d_app_AMT_INCOME_TOTAL_mean,270.81724,21,0.8512,0.77173
2,f108_AMT_GOODS_PRICE-m-app_AMT_GOODS_PRICE-d-app_AMT_INCOME_TOTAL,270.68665,19,0.8512,0.77173
2,f101_nyg_middle_AMT_CREDIT_d_total_debt_max,270.32748,21,0.8512,0.77173
2,f101_nyg_low_normal_AMT_CREDIT_d_total_debt_min,270.26036,21,0.8512,0.77173
2,f101_completed_DAYS_LAST_DUE_1ST_VERSION_s_DAYS_DECISIONS_mean,270.09128,22,0.8512,0.77173
2,f101_completed_AMT_GOODS_PRICE_s_app_AMT_ANNUITY_mean,269.773,16,0.8512,0.77173
2,f101_active_interest_rate_mean,269.65303,18,0.8512,0.77173
2,f101_approved_AMT_ANNUITY_s_app_AMT_GOODS_PRICE_max,268.3704,18,0.8512,0.77173
2,f103_approved_AMT_CREDIT_d_total_debt_min,268.26583,15,0.8512,0.77173
2,f001_AMT_GOODS_PRICE-d-cnt_adults,267.79325,21,0.8512,0.77173
2,f001_DAYS_REGISTRATION-s-DAYS_BIRTH-d-DAYS_REGISTRATION-s-DAYS_EMPLOYED,267.61026,21,0.8512,0.77173
2,f105_prevapp_future_payment_8m,267.0453,14,0.8512,0.77173
2,f001_DAYS_REGISTRATION-s-DAYS_BIRTH-d-DAYS_ID_PUBLISH-s-DAYS_REGISTRATION,266.23963,20,0.8512,0.77173
2,f104_approved_AMT_CREDIT_d_AMT_APPLICATION_mean,265.39724,18,0.8512,0.77173
2,f104_approved_AMT_CREDIT_d_total_debt_mean,265.17201,16,0.8512,0.77173
2,f101_approved_AMT_ANNUITY_max,265.06144,18,0.8512,0.77173
2,f105_prevapp_future_payment_4m,265.04554,16,0.8512,0.77173
2,f001_BASEMENTAREA_AVG,264.96318,19,0.8512,0.77173
2,f105_DAYS_LAST_DUE_1ST_VERSION_act_sum,264.02,19,0.8512,0.77173
2,f102_approved_DAYS_LAST_DUE_1ST_VERSION_d_app_DAYS_ID_PUBLISH_mean,263.44761,19,0.8512,0.77173
2,f102_approved_AMT_CREDIT_d_AMT_APPLICATION_max,263.10372,19,0.8512,0.77173
2,f103_approved_interest_rate_min,262.03766,18,0.8512,0.77173
2,f103_approved_interest_rate_max,261.9616,17,0.8512,0.77173
2,f101_nyg_middle_AMT_GOODS_PRICE_d_total_debt_max,261.44976,18,0.8512,0.77173
2,f103_approved_DAYS_LAST_DUE_1ST_VERSION_d_app_DAYS_BIRTH_min,261.40936,21,0.8512,0.77173
2,f101_active_AMT_CREDIT_d_AMT_APPLICATION_max,260.7775,15,0.8512,0.77173
2,f108_AMT_GOODS_PRICE-d-app_AMT_CREDIT,259.48694,20,0.8512,0.77173
2,f105_past_payment_6m_min,259.28297,20,0.8512,0.77173
2,f101_approved_DAYS_LAST_DUE_1ST_VERSION_s_DAYS_DECISIONS_mean,259.1071,15,0.8512,0.77173
2,f101_approved_AMT_ANNUITY_d_app_AMT_GOODS_PRICE_max,258.74656,18,0.8512,0.77173
2,f108_AMT_ANNUITY-d-app_AMT_CREDIT,258.62004,18,0.8512,0.77173
2,f001_DAYS_ID_PUBLISH-s-DAYS_BIRTH-d-DAYS_LAST_PHONE_CHANGE-s-DAYS_BIRTH,258.37647,22,0.8512,0.77173
2,f103_active_DAYS_LAST_DUE_1ST_VERSION_d_app_DAYS_BIRTH_mean,258.2639,14,0.8512,0.77173
2,f101_approved_NAME_PRODUCT_TYPE_walk_in_mean,254.2307,15,0.8512,0.77173
2,f104_approved_AMT_GOODS_PRICE_d_total_debt_max,253.60949,16,0.8512,0.77173
2,f001_DAYS_LAST_PHONE_CHANGE-s-DAYS_BIRTH-d-DAYS_REGISTRATION-s-DAYS_EMPLOYED,252.09822,19,0.8512,0.77173
2,f101_completed_cnt_paid_std,251.79543,16,0.8512,0.77173
2,f105_prevapp_future_payment_6m,251.54708,15,0.8512,0.77173
2,f101_completed_AMT_GOODS_PRICE_s_app_AMT_GOODS_PRICE_min,250.254,15,0.8512,0.77173
2,f001_building_score_avg_sum,249.75943,11,0.8512,0.77173
2,f101_approved_AMT_GOODS_PRICE_min,249.74517,18,0.8512,0.77173
2,f104_approved_AMT_CREDIT_d_AMT_APPLICATION_max,249.30865,18,0.8512,0.77173
2,f101_nyg_middle_AMT_CREDIT_d_AMT_ANNUITY_mean,248.74069,17,0.8512,0.77173
2,f101_completed_AMT_GOODS_PRICE_min,248.48151,19,0.8512,0.77173
2,f101_nyg_low_normal_AMT_GOODS_PRICE_d_total_debt_max,248.42566,17,0.8512,0.77173
2,f101_completed_AMT_GOODS_PRICE_d_total_debt_mean,247.41919,18,0.8512,0.77173
2,f103_approved_AMT_CREDIT_d_AMT_APPLICATION_mean,244.88374,20,0.8512,0.77173
2,f101_nyg_middle_AMT_GOODS_PRICE_d_AMT_CREDIT_min,242.32598,17,0.8512,0.77173
2,f103_approved_DAYS_TERMINATION_s_DAYS_LAST_DUE_1ST_VERSION_min,241.82672,16,0.8512,0.77173
2,f101_nyg_low_normal_AMT_CREDIT_d_AMT_APPLICATION_mean,240.4159,14,0.8512,0.77173
2,f001_FLOORSMAX_AVG,238.0951,8,0.8512,0.77173
2,f002_WALLSMATERIAL_MODE,237.88097,16,0.8512,0.77173
2,f101_active_AMT_GOODS_PRICE_d_AMT_CREDIT_min,237.7246,13,0.8512,0.77173
2,f108_AMT_APPLICATION-d-app_AMT_ANNUITY,237.07762,14,0.8512,0.77173
2,f103_nyg_high_total_debt_max,235.9032,13,0.8512,0.77173
2,f101_approved_RATE_DOWN_PAYMENT_mean,235.6875,17,0.8512,0.77173
2,f102_nyg_middle_AMT_GOODS_PRICE_d_total_debt_min,234.8415,14,0.8512,0.77173
2,f108_AMT_APPLICATION-s-app_AMT_ANNUITY-d-app_AMT_INCOME_TOTAL,233.79379,19,0.8512,0.77173
2,f001_DAYS_EMPLOYED-s-DAYS_BIRTH-d-DAYS_REGISTRATION-s-DAYS_EMPLOYED,233.76787,18,0.8512,0.77173
2,f101_completed_DAYS_LAST_DUE_s_DAYS_LAST_DUE_1ST_VERSION_mean,233.60032,18,0.8512,0.77173
2,f108_AMT_GOODS_PRICE-s-app_AMT_ANNUITY-d-app_AMT_INCOME_TOTAL,233.23706,16,0.8512,0.77173
2,f001_DAYS_REGISTRATION-s-DAYS_BIRTH-d-DAYS_ID_PUBLISH-s-DAYS_BIRTH,232.52752,19,0.8512,0.77173
2,f101_nyg_middle_AMT_CREDIT_d_AMT_APPLICATION_mean,232.01202,16,0.8512,0.77173
2,f101_nyg_high_DAYS_LAST_DUE_1ST_VERSION_s_DAYS_DECISIONS_mean,232.00212,16,0.8512,0.77173
2,f101_completed_AMT_APPLICATION_s_app_AMT_INCOME_TOTAL_mean,231.19696,17,0.8512,0.77173
2,f101_approved_DAYS_TERMINATION_s_DAYS_LAST_DUE_min,228.93913,17,0.8512,0.77173
2,f104_approved_AMT_CREDIT_d_total_debt_max,228.04337,17,0.8512,0.77173
2,f102_active_AMT_CREDIT_d_AMT_APPLICATION_min,226.14555,12,0.8512,0.77173
2,f102_active_AMT_CREDIT_d_total_debt_max,226.10596,16,0.8512,0.77173
2,f101_approved_CNT_PAYMENT_mean,225.82487,18,0.8512,0.77173
2,f105_future_payment_9m_min,224.7734,14,0.8512,0.77173
2,f101_completed_RATE_DOWN_PAYMENT_mean,224.42867,17,0.8512,0.77173
2,f101_nyg_low_normal_AMT_GOODS_PRICE_d_AMT_CREDIT_mean,223.9662,14,0.8512,0.77173
2,f003_NAME_HOUSING_TYPE_ta,223.53757,17,0.8512,0.77173
2,f101_nyg_middle_AMT_CREDIT_d_AMT_APPLICATION_max,223.464,14,0.8512,0.77173
2,f101_approved_cnt_paid_mean,220.91564,16,0.8512,0.77173
2,f001_BASEMENTAREA_MEDI,220.73851,13,0.8512,0.77173
2,f001_LANDAREA_MODE,220.13382,17,0.8512,0.77173
2,f101_active_amt_unpaid_sum,219.9572,12,0.8512,0.77173
2,f001_building_score_medi_sum,218.4007,12,0.8512,0.77173
2,f101_approved_AMT_ANNUITY_min,218.16151,17,0.8512,0.77173
2,f102_approved_AMT_CREDIT_d_total_debt_min,218.1527,13,0.8512,0.77173
2,f101_completed_AMT_GOODS_PRICE_s_app_AMT_ANNUITY_max,217.6988,12,0.8512,0.77173
2,f101_completed_total_debt_mean,216.25744,14,0.8512,0.77173
2,f102_approved_AMT_GOODS_PRICE_s_app_AMT_INCOME_TOTAL_max,215.48925,16,0.8512,0.77173
2,f101_nyg_low_normal_AMT_GOODS_PRICE_d_total_debt_mean,215.48808,14,0.8512,0.77173
2,f102_approved_AMT_CREDIT_d_total_debt_mean,215.438,14,0.8512,0.77173
2,f102_nyg_low_normal_total_debt_min,215.03182,16,0.8512,0.77173
2,f103_refused_interest_rate_mean,214.6858,9,0.8512,0.77173
2,f105_total_debt_mean,214.64095,15,0.8512,0.77173
2,f001_ENTRANCES_MEDI,214.04749,14,0.8512,0.77173
2,f108_AMT_APPLICATION-s-app_AMT_INCOME_TOTAL,213.73362,16,0.8512,0.77173
2,f106_NAME_CONTRACT_STATUS-Approved,213.43774,16,0.8512,0.77173
2,f103_nyg_high_AMT_ANNUITY_d_app_AMT_ANNUITY_min,213.1031,13,0.8512,0.77173
2,f001_DAYS_ID_PUBLISH-s-DAYS_BIRTH-d-DAYS_ID_PUBLISH-s-DAYS_EMPLOYED,212.07305,17,0.8512,0.77173
2,f105_DAYS_DECISION_app_min,211.96415,16,0.8512,0.77173
2,f103_approved_AMT_GOODS_PRICE_d_total_debt_min,210.96322,13,0.8512,0.77173
2,f103_completed_amt_paid_sum,209.58024,13,0.8512,0.77173
2,f103_approved_AMT_CREDIT_d_total_debt_mean,209.5374,12,0.8512,0.77173
2,f102_approved_DAYS_LAST_DUE_1ST_VERSION_d_app_DAYS_ID_PUBLISH_max,208.01565,15,0.8512,0.77173
2,f001_NONLIVINGAREA_AVG,206.8699,15,0.8512,0.77173
2,f101_nyg_low_normal_cnt_paid_mean,205.6048,14,0.8512,0.77173
2,f101_nyg_low_normal_total_debt_mean,204.67474,16,0.8512,0.77173
2,f001_REG_CITY_NOT_LIVE_CITY,204.6516,13,0.8512,0.77173
2,f001_building_score_avg_std,204.61508,13,0.8512,0.77173
2,f104_completed_interest_rate_min,204.04249,14,0.8512,0.77173
2,f108_AMT_GOODS_PRICE-s-app_AMT_ANNUITY,201.76128,15,0.8512,0.77173
2,f101_approved_total_debt_max,201.41,14,0.8512,0.77173
2,f101_nyg_high_total_debt_mean,201.08807,15,0.8512,0.77173
2,f101_nyg_low_normal_AMT_CREDIT_d_AMT_APPLICATION_max,200.81316,15,0.8512,0.77173
2,f101_nyg_middle_DAYS_LAST_DUE_1ST_VERSION_s_DAYS_DECISIONS_mean,198.6691,12,0.8512,0.77173
2,f101_approved_NAME_YIELD_GROUP_high_mean,198.5845,8,0.8512,0.77173
2,f101_completed_HOUR_APPR_PROCESS_START_max,198.3726,13,0.8512,0.77173
2,f001_DAYS_LAST_PHONE_CHANGE-s-DAYS_REGISTRATION-d-DAYS_LAST_PHONE_CHANGE-s-DAYS_ID_PUBLISH,197.64849,15,0.8512,0.77173
2,f001_NONLIVINGAREA_MEDI,196.88991,13,0.8512,0.77173
2,f101_nyg_high_amt_paid_min,196.63167,17,0.8512,0.77173
2,f102_nyg_low_normal_AMT_CREDIT_d_AMT_ANNUITY_mean,195.3655,14,0.8512,0.77173
2,f001_DAYS_LAST_PHONE_CHANGE-s-DAYS_BIRTH-d-DAYS_LAST_PHONE_CHANGE-s-DAYS_REGISTRATION,195.24147,15,0.8512,0.77173
2,f001_LANDAREA_AVG,194.69545,13,0.8512,0.77173
2,f103_approved_DAYS_LAST_DUE_1ST_VERSION_s_DAYS_DECISIONS_mean,194.2176,11,0.8512,0.77173
2,f001_HOUR_APPR_PROCESS_START,194.19512,18,0.8512,0.77173
2,f101_approved_AMT_CREDIT_d_AMT_APPLICATION_max,193.60792,12,0.8512,0.77173
2,f101_nyg_high_AMT_APPLICATION_max,193.33639,15,0.8512,0.77173
2,f101_active_amt_unpaid_mean,192.22504,16,0.8512,0.77173
2,f103_completed_AMT_GOODS_PRICE_d_total_debt_mean,192.03217,14,0.8512,0.77173
2,f104_approved_AMT_GOODS_PRICE_d_total_debt_mean,191.6419,12,0.8512,0.77173
2,f104_completed_AMT_GOODS_PRICE_d_total_debt_max,191.56652,14,0.8512,0.77173
2,f102_active_AMT_GOODS_PRICE_d_total_debt_min,190.252,12,0.8512,0.77173
2,f102_active_AMT_CREDIT_d_total_debt_min,189.86175,13,0.8512,0.77173
2,f102_nyg_low_normal_AMT_GOODS_PRICE_d_total_debt_max,188.09968,14,0.8512,0.77173
2,f103_active_AMT_CREDIT_d_total_debt_min,187.0213,8,0.8512,0.77173
2,f105_AMT_ANNUITY_cmp_min,186.8424,13,0.8512,0.77173
2,f103_nyg_middle_AMT_CREDIT_d_total_debt_min,185.99671,14,0.8512,0.77173
2,f101_nyg_low_normal_AMT_GOODS_PRICE_d_AMT_ANNUITY_mean,185.40985,13,0.8512,0.77173
2,f102_refused_AMT_GOODS_PRICE_d_total_debt_mean,185.252,11,0.8512,0.77173
2,f102_completed_amt_paid_sum,184.91063,14,0.8512,0.77173
2,f108_AMT_APPLICATION-d-app_AMT_CREDIT,184.46866,14,0.8512,0.77173
2,f001_FLAG_PHONE,184.21081,14,0.8512,0.77173
2,f105_total_debt_max,183.99305,11,0.8512,0.77173
2,f103_nyg_high_AMT_ANNUITY_d_app_AMT_INCOME_TOTAL_max,183.66767,13,0.8512,0.77173
2,f101_active_cnt_paid_sum,182.58523,14,0.8512,0.77173
2,f101_completed_AMT_ANNUITY_d_app_AMT_CREDIT_mean,182.07508,14,0.8512,0.77173
2,f101_nyg_low_normal_AMT_CREDIT_d_AMT_ANNUITY_max,179.75991,13,0.8512,0.77173
2,f101_nyg_low_normal_AMT_CREDIT_d_AMT_ANNUITY_min,179.13311,15,0.8512,0.77173
2,f101_active_AMT_CREDIT_d_AMT_APPLICATION_min,176.8317,12,0.8512,0.77173
2,f102_refused_AMT_GOODS_PRICE_d_total_debt_max,176.69964,11,0.8512,0.77173
2,f108_DAYS_FIRST_DUE-s-DAYS_DECISIONS,176.68103,15,0.8512,0.77173
2,f101_nyg_high_total_debt_min,175.97414,14,0.8512,0.77173
2,f101_nyg_high_NAME_PRODUCT_TYPE_walk_in_mean,174.41594,9,0.8512,0.77173
2,f101_active_AMT_GOODS_PRICE_d_AMT_CREDIT_mean,173.8769,10,0.8512,0.77173
2,f101_nyg_low_normal_AMT_ANNUITY_d_app_AMT_ANNUITY_mean,173.55693,11,0.8512,0.77173
2,f102_nyg_high_AMT_GOODS_PRICE_d_total_debt_mean,172.47515,13,0.8512,0.77173
2,f102_nyg_low_normal_total_debt_max,171.2955,12,0.8512,0.77173
2,f104_approved_AMT_CREDIT_d_total_debt_min,170.8429,11,0.8512,0.77173
2,f101_completed_AMT_GOODS_PRICE_s_app_AMT_ANNUITY_min,170.732,10,0.8512,0.77173
2,f101_nyg_middle_cnt_unpaid_std,169.41736,13,0.8512,0.77173
2,f101_nyg_low_normal_cnt_unpaid_std,169.1119,11,0.8512,0.77173
2,f001_LIVINGAPARTMENTS_MODE,168.46143,13,0.8512,0.77173
2,f105_prevapp_future_payment_7m,166.98821,10,0.8512,0.77173
2,f001_LANDAREA_MEDI,166.32458,13,0.8512,0.77173
2,f102_active_AMT_GOODS_PRICE_d_total_debt_mean,165.83688,9,0.8512,0.77173
2,f102_active_interest_rate_max,164.7461,10,0.8512,0.77173
2,f105_total_debt_min,164.35463,12,0.8512,0.77173
2,f101_completed_AMT_GOODS_PRICE_s_app_AMT_ANNUITY_d_app_AMT_INCOME_TOTAL_mean,164.13966,12,0.8512,0.77173
2,f101_completed_total_debt_max,160.73727,12,0.8512,0.77173
2,f102_active_AMT_GOODS_PRICE_d_total_debt_max,160.63877,12,0.8512,0.77173
2,f001_alldocs_skew,160.3708,8,0.8512,0.77173
2,f104_nyg_high_AMT_CREDIT_d_total_debt_min,159.75563,9,0.8512,0.77173
2,f104_completed_AMT_GOODS_PRICE_d_total_debt_mean,159.12075,9,0.8512,0.77173
2,f101_completed_amt_paid_mean,158.6005,9,0.8512,0.77173
2,f104_completed_AMT_CREDIT_d_total_debt_min,157.4217,12,0.8512,0.77173
2,f102_nyg_low_normal_AMT_GOODS_PRICE_d_total_debt_mean,156.18732,11,0.8512,0.77173
2,f103_nyg_high_AMT_GOODS_PRICE_d_total_debt_mean,155.29955,6,0.8512,0.77173
2,f101_completed_AMT_APPLICATION_d_app_AMT_ANNUITY_min,154.94256,11,0.8512,0.77173
2,f103_nyg_high_AMT_ANNUITY_d_app_AMT_INCOME_TOTAL_min,154.90626,11,0.8512,0.77173
2,f101_completed_AMT_APPLICATION_s_app_AMT_ANNUITY_d_app_AMT_INCOME_TOTAL_max,154.64635,10,0.8512,0.77173
2,f001_alllives_sum,152.68166,12,0.8512,0.77173
2,f101_nyg_high_total_debt_max,152.10925,13,0.8512,0.77173
2,f101_approved_cnt_unpaid_mean,150.9929,10,0.8512,0.77173
2,f101_nyg_low_normal_AMT_GOODS_PRICE_d_AMT_CREDIT_min,150.81,11,0.8512,0.77173
2,f001_NONLIVINGAPARTMENTS_AVG,150.0542,12,0.8512,0.77173
2,f001_LIVINGAPARTMENTS_MEDI,149.09069,11,0.8512,0.77173
2,f103_completed_AMT_CREDIT_d_AMT_APPLICATION_mean,147.32481,12,0.8512,0.77173
2,f103_approved_cnt_unpaid_mean,147.32473,9,0.8512,0.77173
2,f102_approved_DAYS_LAST_DUE_1ST_VERSION_d_app_DAYS_BIRTH_mean,147.03077,12,0.8512,0.77173
2,f102_approved_DAYS_FIRST_DUE_s_DAYS_DECISIONS_mean,146.87145,11,0.8512,0.77173
2,f103_completed_AMT_GOODS_PRICE_d_total_debt_max,146.6579,10,0.8512,0.77173
2,f101_nyg_middle_CNT_PAYMENT_mean,146.36475,7,0.8512,0.77173
2,f105_resfused_cnt,145.26361,11,0.8512,0.77173
2,f104_completed_AMT_CREDIT_d_total_debt_mean,144.9348,10,0.8512,0.77173
2,f104_approved_DAYS_TERMINATION_s_DAYS_LAST_DUE_1ST_VERSION_mean,144.4422,11,0.8512,0.77173
2,f104_completed_AMT_GOODS_PRICE_d_total_debt_min,144.11644,9,0.8512,0.77173
2,f106_CODE_REJECT_REASON-XAP_appref,144.111,8,0.8512,0.77173
2,f101_nyg_high_amt_paid_mean,143.67368,10,0.8512,0.77173
2,f001_APARTMENTS_MEDI,142.31505,9,0.8512,0.77173
2,f001_AMT_CREDIT,141.66499,9,0.8512,0.77173
2,f001_COMMONAREA_AVG,141.392,9,0.8512,0.77173
2,f103_active_AMT_GOODS_PRICE_d_total_debt_min,141.29877,8,0.8512,0.77173
2,f001_FLOORSMAX_MEDI,141.00381,8,0.8512,0.77173
2,f104_approved_AMT_GOODS_PRICE_d_total_debt_min,140.88685,9,0.8512,0.77173
2,f101_nyg_middle_cnt_paid_mean,140.84098,10,0.8512,0.77173
2,f104_nyg_middle_AMT_CREDIT_d_AMT_APPLICATION_mean,139.60122,10,0.8512,0.77173
2,f101_nyg_middle_AMT_GOODS_PRICE_d_AMT_CREDIT_mean,139.49402,9,0.8512,0.77173
2,f108_AMT_GOODS_PRICE-d-app_AMT_ANNUITY,139.10758,12,0.8512,0.77173
2,f001_COMMONAREA_MEDI,137.2115,10,0.8512,0.77173
2,f101_active_AMT_CREDIT_d_AMT_APPLICATION_mean,136.60219,9,0.8512,0.77173
2,f103_nyg_high_AMT_CREDIT_d_total_debt_max,135.2103,7,0.8512,0.77173
2,f101_completed_AMT_APPLICATION_s_app_AMT_ANNUITY_d_app_AMT_INCOME_TOTAL_mean,133.5657,7,0.8512,0.77173
2,f102_active_AMT_CREDIT_d_total_debt_mean,132.7807,9,0.8512,0.77173
2,f101_completed_AMT_ANNUITY_min,132.67563,10,0.8512,0.77173
2,f103_approved_AMT_CREDIT_d_AMT_APPLICATION_max,132.16159,9,0.8512,0.77173
2,f103_nyg_high_AMT_GOODS_PRICE_d_total_debt_max,131.35176,6,0.8512,0.77173
2,f103_nyg_high_AMT_CREDIT_d_AMT_APPLICATION_max,131.1607,9,0.8512,0.77173
2,f102_approved_DAYS_LAST_DUE_1ST_VERSION_d_app_DAYS_BIRTH_max,130.941,10,0.8512,0.77173
2,f001_COMMONAREA_MODE,130.79248,10,0.8512,0.77173
2,f102_nyg_middle_AMT_GOODS_PRICE_d_total_debt_mean,130.2627,7,0.8512,0.77173
2,f001_REG_CITY_NOT_WORK_CITY,129.80836,6,0.8512,0.77173
2,f101_completed_amt_paid_max,129.73847,11,0.8512,0.77173
2,f101_nyg_low_normal_AMT_GOODS_PRICE_d_AMT_ANNUITY_max,128.9832,9,0.8512,0.77173
2,f101_completed_cnt_paid_mean,127.95895,11,0.8512,0.77173
2,f103_approved_AMT_GOODS_PRICE_d_AMT_CREDIT_min,127.35387,11,0.8512,0.77173
2,f102_nyg_middle_total_debt_max,126.22114,10,0.8512,0.77173
2,f001_AMT_REQ_CREDIT_BUREAU_DAY,126.1606,4,0.8512,0.77173
2,f001_YEARS_BUILD_MODE,123.65071,8,0.8512,0.77173
2,f103_completed_AMT_CREDIT_d_total_debt_min,122.56492,10,0.8512,0.77173
2,f001_OBS_30_CNT_SOCIAL_CIRCLE,121.5372,9,0.8512,0.77173
2,f103_nyg_high_AMT_ANNUITY_d_app_AMT_GOODS_PRICE_min,120.9613,9,0.8512,0.77173
2,f103_approved_cnt_unpaid_sum,120.6625,6,0.8512,0.77173
2,f101_nyg_middle_amt_paid_mean,120.61499,9,0.8512,0.77173
2,f106_CODE_REJECT_REASON-HC_appref,120.60144,9,0.8512,0.77173
2,f103_refused_interest_rate_min,120.40785,7,0.8512,0.77173
2,f103_completed_AMT_GOODS_PRICE_d_total_debt_min,120.07546,8,0.8512,0.77173
2,f104_nyg_middle_AMT_CREDIT_d_total_debt_min,119.5483,8,0.8512,0.77173
2,f105_cnt_paid_min,119.08203,10,0.8512,0.77173
2,f101_approved_AMT_GOODS_PRICE_s_app_AMT_ANNUITY_max,119.04365,8,0.8512,0.77173
2,f102_approved_DAYS_LAST_DUE_1ST_VERSION_d_app_DAYS_BIRTH_min,117.36513,7,0.8512,0.77173
2,f102_active_interest_rate_min,117.11208,9,0.8512,0.77173
2,f108_AMT_ANNUITY-d-app_AMT_GOODS_PRICE,116.67786,9,0.8512,0.77173
2,f001_REGION_RATING_CLIENT,115.6755,8,0.8512,0.77173
2,f105_DAYS_LAST_DUE_1ST_VERSION_act_min,115.131,8,0.8512,0.77173
2,f001_OBS_60_CNT_SOCIAL_CIRCLE,114.4592,9,0.8512,0.77173
2,f102_nyg_low_normal_AMT_GOODS_PRICE_d_AMT_CREDIT_mean,113.72148,8,0.8512,0.77173
2,f001_AMT_REQ_CREDIT_BUREAU_WEEK,112.3836,6,0.8512,0.77173
2,f102_refused_AMT_CREDIT_d_total_debt_mean,112.27258,5,0.8512,0.77173
2,f101_nyg_low_normal_AMT_CREDIT_d_AMT_ANNUITY_mean,112.2407,7,0.8512,0.77173
2,f001_YEARS_BUILD_AVG,111.46449,8,0.8512,0.77173
2,f101_nyg_low_normal_cnt_unpaid_mean,110.6242,7,0.8512,0.77173
2,f101_approved_amt_unpaid_max,110.53557,9,0.8512,0.77173
2,f102_approved_AMT_CREDIT_d_AMT_ANNUITY_min,110.46283,9,0.8512,0.77173
2,f105_cnt_unpaid_mean,109.85852,6,0.8512,0.77173
2,f105_future_vs_past_max_withoutapp,107.1648,4,0.8512,0.77173
2,f001_LIVINGAPARTMENTS_AVG,105.7193,8,0.8512,0.77173
2,f103_approved_DAYS_LAST_DUE_1ST_VERSION_s_DAYS_DECISIONS_max,105.10644,8,0.8512,0.77173
2,f103_nyg_middle_AMT_CREDIT_d_AMT_ANNUITY_min,103.0113,8,0.8512,0.77173
2,f105_prevapp_future_payment_5m,102.23908,7,0.8512,0.77173
2,f101_approved_total_debt_mean,101.50599,8,0.8512,0.77173
2,f101_nyg_high_CNT_PAYMENT_mean,98.14114,5,0.8512,0.77173
2,f103_active_AMT_CREDIT_d_total_debt_max,97.4448,5,0.8512,0.77173
2,f104_nyg_middle_AMT_GOODS_PRICE_d_total_debt_mean,96.3558,7,0.8512,0.77173
2,f001_alldocs_mean,95.71411,8,0.8512,0.77173
2,f102_active_interest_rate_mean,95.58931,7,0.8512,0.77173
2,f101_active_cnt_unpaid_min,95.25114,6,0.8512,0.77173
2,f101_nyg_low_normal_cnt_unpaid_sum,94.98049,7,0.8512,0.77173
2,f101_completed_amt_paid_min,92.219,6,0.8512,0.77173
2,f001_AMT_REQ_CREDIT_BUREAU_MON,91.38066,6,0.8512,0.77173
2,f101_approved_cnt_unpaid_max,91.34281,6,0.8512,0.77173
2,f103_active_interest_rate_max,90.38203,7,0.8512,0.77173
2,f101_refused_CNT_PAYMENT_min,86.58735,7,0.8512,0.77173
2,f101_nyg_high_NAME_CLIENT_TYPE_New_mean,85.81498,8,0.8512,0.77173
2,f103_completed_AMT_CREDIT_d_AMT_APPLICATION_min,85.68444,7,0.8512,0.77173
2,f102_refused_AMT_GOODS_PRICE_s_app_AMT_INCOME_TOTAL_pctchange_min,85.44204,6,0.8512,0.77173
2,f101_nyg_low_normal_cnt_unpaid_max,84.72831,7,0.8512,0.77173
2,f105_future_payment_10m_min,84.4848,6,0.8512,0.77173
2,f101_nyg_middle_cnt_unpaid_max,84.4714,4,0.8512,0.77173
2,f102_approved_cnt_unpaid_sum,83.835,6,0.8512,0.77173
2,f102_nyg_low_normal_AMT_GOODS_PRICE_d_total_debt_min,83.23137,5,0.8512,0.77173
2,f102_nyg_middle_AMT_CREDIT_d_total_debt_min,83.06425,7,0.8512,0.77173
2,f101_nyg_high_CODE_REJECT_REASON_XAP_mean,83.01131,5,0.8512,0.77173
2,f001_NONLIVINGAPARTMENTS_MEDI,81.2646,6,0.8512,0.77173
2,f102_refused_CNT_PAYMENT_mean,80.3277,5,0.8512,0.77173
2,f103_active_cnt_unpaid_sum,78.9888,5,0.8512,0.77173
2,f102_active_AMT_GOODS_PRICE_d_total_debt_pctchange_min,78.977,6,0.8512,0.77173
2,f102_nyg_low_normal_AMT_CREDIT_d_total_debt_max,76.3133,5,0.8512,0.77173
2,f101_nyg_middle_RATE_DOWN_PAYMENT_max,76.04785,6,0.8512,0.77173
2,f101_completed_RATE_DOWN_PAYMENT_min,75.07441,7,0.8512,0.77173
2,f102_refused_AMT_CREDIT_d_total_debt_max,73.7102,4,0.8512,0.77173
2,f102_approved_cnt_paid_ratio_mean,72.71469,6,0.8512,0.77173
2,f101_nyg_middle_RATE_DOWN_PAYMENT_mean,71.37559,6,0.8512,0.77173
2,f104_completed_AMT_CREDIT_d_total_debt_max,70.91517,5,0.8512,0.77173
2,f001_NONLIVINGAREA_MODE,70.77267,6,0.8512,0.77173
2,f103_nyg_low_normal_CNT_PAYMENT_max,69.7952,5,0.8512,0.77173
2,f002_NAME_HOUSING_TYPE,69.1631,5,0.8512,0.77173
2,f101_approved_amt_unpaid_mean,67.7516,4,0.8512,0.77173
2,f101_nyg_middle_CNT_PAYMENT_max,63.5371,3,0.8512,0.77173
2,f102_approved_DAYS_LAST_DUE_1ST_VERSION_s_DAYS_DECISIONS_max,63.48506,5,0.8512,0.77173
2,f103_nyg_high_AMT_CREDIT_d_total_debt_mean,62.9204,3,0.8512,0.77173
2,f104_active_AMT_CREDIT_d_total_debt_mean,60.8592,4,0.8512,0.77173
2,f101_approved_cnt_paid_min,58.8288,4,0.8512,0.77173
2,f102_nyg_low_normal_AMT_CREDIT_d_total_debt_mean,58.3006,4,0.8512,0.77173
2,f105_cnt_paid_max,58.15051,4,0.8512,0.77173
2,f101_nyg_high_cnt_paid_mean,56.7816,5,0.8512,0.77173
2,f101_completed_NAME_CASH_LOAN_PURPOSE_XAP_mean,54.362,4,0.8512,0.77173
2,f001_FLOORSMIN_MODE,53.68068,4,0.8512,0.77173
2,f104_nyg_middle_AMT_GOODS_PRICE_d_total_debt_min,53.336,4,0.8512,0.77173
2,f101_completed_NAME_CONTRACT_TYPE_Cash_loans_mean,52.9022,4,0.8512,0.77173
2,f102_approved_cnt_unpaid_max,52.3804,4,0.8512,0.77173
2,f101_active_cnt_unpaid_sum,50.9905,3,0.8512,0.77173
2,f001_FLOORSMAX_MODE,47.12556,4,0.8512,0.77173
2,f104_nyg_middle_AMT_CREDIT_d_total_debt_mean,46.5083,4,0.8512,0.77173
2,f101_approved_NAME_YIELD_GROUP_low_action_mean,46.44024,4,0.8512,0.77173
2,f102_nyg_middle_AMT_GOODS_PRICE_d_total_debt_max,44.603,3,0.8512,0.77173
2,f101_nyg_middle_cnt_unpaid_mean,43.6368,3,0.8512,0.77173
2,f104_active_interest_rate_max,41.9425,3,0.8512,0.77173
2,f104_nyg_middle_DAYS_TERMINATION_s_DAYS_LAST_DUE_1ST_VERSION_max,39.7674,3,0.8512,0.77173
2,f002_HOUSETYPE_MODE,35.2989,3,0.8512,0.77173
2,f103_active_AMT_GOODS_PRICE_d_total_debt_max,34.66093,3,0.8512,0.77173
2,f102_nyg_high_AMT_CREDIT_d_AMT_APPLICATION_max,28.3582,2,0.8512,0.77173
2,f103_active_AMT_CREDIT_d_total_debt_mean,24.0835,1,0.8512,0.77173
2,f102_approved_RATE_DOWN_PAYMENT_max,22.0597,2,0.8512,0.77173
2,f101_completed_cnt_paid_max,19.6028,1,0.8512,0.77173
2,f104_nyg_low_normal_AMT_CREDIT_d_AMT_ANNUITY_mean,18.78432,2,0.8512,0.77173
2,f001_YEARS_BUILD_MEDI,12.7041,1,0.8512,0.77173
2,f001_alldocs_sum,0.0,0,0.8512,0.77173
